race_id,date,track,race_no,official_url,cache_html_path
20210823_kawasaki_1,2021-08-23,kawasaki,1,https://www.keiba.go.jp/KeibaWeb/TodayRaceInfo/RaceMarkTable?k_raceDate=2021%2F08%2F23&k_raceNo=1&k_babaCode=21,data/cache/html/20210823_kawasaki_1.html
20210823_kawasaki_2,2021-08-23,kawasaki,2,https://www.keiba.go.jp/KeibaWeb/TodayRaceInfo/RaceMarkTable?k_raceDate=2021%2F08%2F23&k_raceNo=2&k_babaCode=21,data/cache/html/20210823_kawasaki_2.html
20210823_kawasaki_3,2021-08-23,kawasaki,3,https://www.keiba.go.jp/KeibaWeb/TodayRaceInfo/RaceMarkTable?k_raceDate=2021%2F08%2F23&k_raceNo=3&k_babaCode=21,data/cache/html/20210823_kawasaki_3.html
20210823_kawasaki_4,2021-08-23,kawasaki,4,https://www.keiba.go.jp/KeibaWeb/TodayRaceInfo/RaceMarkTable?k_raceDate=2021%2F08%2F23&k_raceNo=4&k_babaCode=21,data/cache/html/20210823_kawasaki_4.html
20210823_kawasaki_5,2021-08-23,kawasaki,5,https://www.keiba.go.jp/KeibaWeb/TodayRaceInfo/RaceMarkTable?k_raceDate=2021%2F08%2F23&k_raceNo=5&k_babaCode=21,data/cache/html/20210823_kawasaki_5.html
20210823_kawasaki_6,2021-08-23,kawasaki,6,https://www.keiba.go.jp/KeibaWeb/TodayRaceInfo/RaceMarkTable?k_raceDate=2021%2F08%2F23&k_raceNo=6&k_babaCode=21,data/cache/html/20210823_kawasaki_6.html
20210823_kawasaki_7,2021-08-23,kawasaki,7,https://www.keiba.go.jp/KeibaWeb/TodayRaceInfo/RaceMarkTable?k_raceDate=2021%2F08%2F23&k_raceNo=7&k_babaCode=21,data/cache/html/20210823_kawasaki_7.html
20210823_kawasaki_8,2021-08-23,kawasaki,8,https://www.keiba.go.jp/KeibaWeb/TodayRaceInfo/RaceMarkTable?k_raceDate=2021%2F08%2F23&k_raceNo=8&k_babaCode=21,data/cache/html/20210823_kawasaki_8.html
20210823_kawasaki_9,2021-08-23,kawasaki,9,https://www.keiba.go.jp/KeibaWeb/TodayRaceInfo/RaceMarkTable?k_raceDate=2021%2F08%2F23&k_raceNo=9&k_babaCode=21,data/cache/html/20210823_kawasaki_9.html
20210823_kawasaki_10,2021-08-23,kawasaki,10,https://www.keiba.go.jp/KeibaWeb/TodayRaceInfo/RaceMarkTable?k_raceDate=2021%2F08%2F23&k_raceNo=10&k_babaCode=21,data/cache/html/20210823_kawasaki_10.html
20210823_kawasaki_11,2021-08-23,kawasaki,11,https://www.keiba.go.jp/KeibaWeb/TodayRaceInfo/RaceMarkTable?k_raceDate=2021%2F08%2F23&k_raceNo=11&k_babaCode=21,data/cache/html/20210823_kawasaki_11.html
20210823_kawasaki_12,2021-08-23,kawasaki,12,https://www.keiba.go.jp/KeibaWeb/TodayRaceInfo/RaceMarkTable?k_raceDate=2021%2F08%2F23&k_raceNo=12&k_babaCode=21,data/cache/html/20210823_kawasaki_12.html
20210822_kawasaki_1,2021-08-22,kawasaki,1,https://www.keiba.go.jp/KeibaWeb/TodayRaceInfo/RaceMarkTable?k_raceDate=2021%2F08%2F22&k_raceNo=1&k_babaCode=21,data/cache/html/20210822_kawasaki_1.html
20210822_kawasaki_2,2021-08-22,kawasaki,2,https://www.keiba.go.jp/KeibaWeb/TodayRaceInfo/RaceMarkTable?k_raceDate=2021%2F08%2F22&k_raceNo=2&k_babaCode=21,data/cache/html/20210822_kawasaki_2.html
20210822_kawasaki_3,2021-08-22,kawasaki,3,https://www.keiba.go.jp/KeibaWeb/TodayRaceInfo/RaceMarkTable?k_raceDate=2021%2F08%2F22&k_raceNo=3&k_babaCode=21,data/cache/html/20210822_kawasaki_3.html
20210822_kawasaki_4,2021-08-22,kawasaki,4,https://www.keiba.go.jp/KeibaWeb/TodayRaceInfo/RaceMarkTable?k_raceDate=2021%2F08%2F22&k_raceNo=4&k_babaCode=21,data/cache/html/20210822_kawasaki_4.html
20210822_kawasaki_5,2021-08-22,kawasaki,5,https://www.keiba.go.jp/KeibaWeb/TodayRaceInfo/RaceMarkTable?k_raceDate=2021%2F08%2F22&k_raceNo=5&k_babaCode=21,data/cache/html/20210822_kawasaki_5.html
20210822_kawasaki_6,2021-08-22,kawasaki,6,https://www.keiba.go.jp/KeibaWeb/TodayRaceInfo/RaceMarkTable?k_raceDate=2021%2F08%2F22&k_raceNo=6&k_babaCode=21,data/cache/html/20210822_kawasaki_6.html
20210822_kawasaki_7,2021-08-22,kawasaki,7,https://www.keiba.go.jp/KeibaWeb/TodayRaceInfo/RaceMarkTable?k_raceDate=2021%2F08%2F22&k_raceNo=7&k_babaCode=21,data/cache/html/20210822_kawasaki_7.html
20210822_kawasaki_8,2021-08-22,kawasaki,8,https://www.keiba.go.jp/KeibaWeb/TodayRaceInfo/RaceMarkTable?k_raceDate=2021%2F08%2F22&k_raceNo=8&k_babaCode=21,data/cache/html/20210822_kawasaki_8.html
20210822_kawasaki_9,2021-08-22,kawasaki,9,https://www.keiba.go.jp/KeibaWeb/TodayRaceInfo/RaceMarkTable?k_raceDate=2021%2F08%2F22&k_raceNo=9&k_babaCode=21,data/cache/html/20210822_kawasaki_9.html
20210822_kawasaki_10,2021-08-22,kawasaki,10,https://www.keiba.go.jp/KeibaWeb/TodayRaceInfo/RaceMarkTable?k_raceDate=2021%2F08%2F22&k_raceNo=10&k_babaCode=21,data/cache/html/20210822_kawasaki_10.html
20210822_kawasaki_11,2021-08-22,kawasaki,11,https://www.keiba.go.jp/KeibaWeb/TodayRaceInfo/RaceMarkTable?k_raceDate=2021%2F08%2F22&k_raceNo=11&k_babaCode=21,data/cache/html/20210822_kawasaki_11.html
20210822_kawasaki_12,2021-08-22,kawasaki,12,https://www.keiba.go.jp/KeibaWeb/TodayRaceInfo/RaceMarkTable?k_raceDate=2021%2F08%2F22&k_raceNo=12&k_babaCode=21,data/cache/html/20210822_kawasaki_12.html
20210821_kawasaki_1,2021-08-21,kawasaki,1,https://www.keiba.go.jp/KeibaWeb/TodayRaceInfo/RaceMarkTable?k_raceDate=2021%2F08%2F21&k_raceNo=1&k_babaCode=21,data/cache/html/20210821_kawasaki_1.html
20210821_kawasaki_2,2021-08-21,kawasaki,2,https://www.keiba.go.jp/KeibaWeb/TodayRaceInfo/RaceMarkTable?k_raceDate=2021%2F08%2F21&k_raceNo=2&k_babaCode=21,data/cache/html/20210821_kawasaki_2.html
20210821_kawasaki_3,2021-08-21,kawasaki,3,https://www.keiba.go.jp/KeibaWeb/TodayRaceInfo/RaceMarkTable?k_raceDate=2021%2F08%2F21&k_raceNo=3&k_babaCode=21,data/cache/html/20210821_kawasaki_3.html
20210821_kawasaki_4,2021-08-21,kawasaki,4,https://www.keiba.go.jp/KeibaWeb/TodayRaceInfo/RaceMarkTable?k_raceDate=2021%2F08%2F21&k_raceNo=4&k_babaCode=21,data/cache/html/20210821_kawasaki_4.html
20210821_kawasaki_5,2021-08-21,kawasaki,5,https://www.keiba.go.jp/KeibaWeb/TodayRaceInfo/RaceMarkTable?k_raceDate=2021%2F08%2F21&k_raceNo=5&k_babaCode=21,data/cache/html/20210821_kawasaki_5.html
20210821_kawasaki_6,2021-08-21,kawasaki,6,https://www.keiba.go.jp/KeibaWeb/TodayRaceInfo/RaceMarkTable?k_raceDate=2021%2F08%2F21&k_raceNo=6&k_babaCode=21,data/cache/html/20210821_kawasaki_6.html
20210821_kawasaki_7,2021-08-21,kawasaki,7,https://www.keiba.go.jp/KeibaWeb/TodayRaceInfo/RaceMarkTable?k_raceDate=2021%2F08%2F21&k_raceNo=7&k_babaCode=21,data/cache/html/20210821_kawasaki_7.html
20210821_kawasaki_8,2021-08-21,kawasaki,8,https://www.keiba.go.jp/KeibaWeb/TodayRaceInfo/RaceMarkTable?k_raceDate=2021%2F08%2F21&k_raceNo=8&k_babaCode=21,data/cache/html/20210821_kawasaki_8.html
20210821_kawasaki_9,2021-08-21,kawasaki,9,https://www.keiba.go.jp/KeibaWeb/TodayRaceInfo/RaceMarkTable?k_raceDate=2021%2F08%2F21&k_raceNo=9&k_babaCode=21,data/cache/html/20210821_kawasaki_9.html
20210821_kawasaki_10,2021-08-21,kawasaki,10,https://www.keiba.go.jp/KeibaWeb/TodayRaceInfo/RaceMarkTable?k_raceDate=2021%2F08%2F21&k_raceNo=10&k_babaCode=21,data/cache/html/20210821_kawasaki_10.html
20210821_kawasaki_11,2021-08-21,kawasaki,11,https://www.keiba.go.jp/KeibaWeb/TodayRaceInfo/RaceMarkTable?k_raceDate=2021%2F08%2F21&k_raceNo=11&k_babaCode=21,data/cache/html/20210821_kawasaki_11.html
20210821_kawasaki_12,2021-08-21,kawasaki,12,https://www.keiba.go.jp/KeibaWeb/TodayRaceInfo/RaceMarkTable?k_raceDate=2021%2F08%2F21&k_raceNo=12&k_babaCode=21,data/cache/html/20210821_kawasaki_12.html
20210820_kawasaki_1,2021-08-20,kawasaki,1,https://www.keiba.go.jp/KeibaWeb/TodayRaceInfo/RaceMarkTable?k_raceDate=2021%2F08%2F20&k_raceNo=1&k_babaCode=21,data/cache/html/20210820_kawasaki_1.html
20210820_kawasaki_2,2021-08-20,kawasaki,2,https://www.keiba.go.jp/KeibaWeb/TodayRaceInfo/RaceMarkTable?k_raceDate=2021%2F08%2F20&k_raceNo=2&k_babaCode=21,data/cache/html/20210820_kawasaki_2.html
20210820_kawasaki_3,2021-08-20,kawasaki,3,https://www.keiba.go.jp/KeibaWeb/TodayRaceInfo/RaceMarkTable?k_raceDate=2021%2F08%2F20&k_raceNo=3&k_babaCode=21,data/cache/html/20210820_kawasaki_3.html
20210820_kawasaki_4,2021-08-20,kawasaki,4,https://www.keiba.go.jp/KeibaWeb/TodayRaceInfo/RaceMarkTable?k_raceDate=2021%2F08%2F20&k_raceNo=4&k_babaCode=21,data/cache/html/20210820_kawasaki_4.html
20210820_kawasaki_5,2021-08-20,kawasaki,5,https://www.keiba.go.jp/KeibaWeb/TodayRaceInfo/RaceMarkTable?k_raceDate=2021%2F08%2F20&k_raceNo=5&k_babaCode=21,data/cache/html/20210820_kawasaki_5.html
20210820_kawasaki_6,2021-08-20,kawasaki,6,https://www.keiba.go.jp/KeibaWeb/TodayRaceInfo/RaceMarkTable?k_raceDate=2021%2F08%2F20&k_raceNo=6&k_babaCode=21,data/cache/html/20210820_kawasaki_6.html
20210820_kawasaki_7,2021-08-20,kawasaki,7,https://www.keiba.go.jp/KeibaWeb/TodayRaceInfo/RaceMarkTable?k_raceDate=2021%2F08%2F20&k_raceNo=7&k_babaCode=21,data/cache/html/20210820_kawasaki_7.html
20210820_kawasaki_8,2021-08-20,kawasaki,8,https://www.keiba.go.jp/KeibaWeb/TodayRaceInfo/RaceMarkTable?k_raceDate=2021%2F08%2F20&k_raceNo=8&k_babaCode=21,data/cache/html/20210820_kawasaki_8.html
20210820_kawasaki_9,2021-08-20,kawasaki,9,https://www.keiba.go.jp/KeibaWeb/TodayRaceInfo/RaceMarkTable?k_raceDate=2021%2F08%2F20&k_raceNo=9&k_babaCode=21,data/cache/html/20210820_kawasaki_9.html
20210820_kawasaki_10,2021-08-20,kawasaki,10,https://www.keiba.go.jp/KeibaWeb/TodayRaceInfo/RaceMarkTable?k_raceDate=2021%2F08%2F20&k_raceNo=10&k_babaCode=21,data/cache/html/20210820_kawasaki_10.html
20210820_kawasaki_11,2021-08-20,kawasaki,11,https://www.keiba.go.jp/KeibaWeb/TodayRaceInfo/RaceMarkTable?k_raceDate=2021%2F08%2F20&k_raceNo=11&k_babaCode=21,data/cache/html/20210820_kawasaki_11.html
20210820_kawasaki_12,2021-08-20,kawasaki,12,https://www.keiba.go.jp/KeibaWeb/TodayRaceInfo/RaceMarkTable?k_raceDate=2021%2F08%2F20&k_raceNo=12&k_babaCode=21,data/cache/html/20210820_kawasaki_12.html
20210819_kawasaki_1,2021-08-19,kawasaki,1,https://www.keiba.go.jp/KeibaWeb/TodayRaceInfo/RaceMarkTable?k_raceDate=2021%2F08%2F19&k_raceNo=1&k_babaCode=21,data/cache/html/20210819_kawasaki_1.html
20210819_kawasaki_2,2021-08-19,kawasaki,2,https://www.keiba.go.jp/KeibaWeb/TodayRaceInfo/RaceMarkTable?k_raceDate=2021%2F08%2F19&k_raceNo=2&k_babaCode=21,data/cache/html/20210819_kawasaki_2.html
20210819_kawasaki_3,2021-08-19,kawasaki,3,https://www.keiba.go.jp/KeibaWeb/TodayRaceInfo/RaceMarkTable?k_raceDate=2021%2F08%2F19&k_raceNo=3&k_babaCode=21,data/cache/html/20210819_kawasaki_3.html
20210819_kawasaki_4,2021-08-19,kawasaki,4,https://www.keiba.go.jp/KeibaWeb/TodayRaceInfo/RaceMarkTable?k_raceDate=2021%2F08%2F19&k_raceNo=4&k_babaCode=21,data/cache/html/20210819_kawasaki_4.html
20210819_kawasaki_5,2021-08-19,kawasaki,5,https://www.keiba.go.jp/KeibaWeb/TodayRaceInfo/RaceMarkTable?k_raceDate=2021%2F08%2F19&k_raceNo=5&k_babaCode=21,data/cache/html/20210819_kawasaki_5.html
20210819_kawasaki_6,2021-08-19,kawasaki,6,https://www.keiba.go.jp/KeibaWeb/TodayRaceInfo/RaceMarkTable?k_raceDate=2021%2F08%2F19&k_raceNo=6&k_babaCode=21,data/cache/html/20210819_kawasaki_6.html
20210819_kawasaki_7,2021-08-19,kawasaki,7,https://www.keiba.go.jp/KeibaWeb/TodayRaceInfo/RaceMarkTable?k_raceDate=2021%2F08%2F19&k_raceNo=7&k_babaCode=21,data/cache/html/20210819_kawasaki_7.html
20210819_kawasaki_8,2021-08-19,kawasaki,8,https://www.keiba.go.jp/KeibaWeb/TodayRaceInfo/RaceMarkTable?k_raceDate=2021%2F08%2F19&k_raceNo=8&k_babaCode=21,data/cache/html/20210819_kawasaki_8.html
20210819_kawasaki_9,2021-08-19,kawasaki,9,https://www.keiba.go.jp/KeibaWeb/TodayRaceInfo/RaceMarkTable?k_raceDate=2021%2F08%2F19&k_raceNo=9&k_babaCode=21,data/cache/html/20210819_kawasaki_9.html
20210819_kawasaki_10,2021-08-19,kawasaki,10,https://www.keiba.go.jp/KeibaWeb/TodayRaceInfo/RaceMarkTable?k_raceDate=2021%2F08%2F19&k_raceNo=10&k_babaCode=21,data/cache/html/20210819_kawasaki_10.html
20210819_kawasaki_11,2021-08-19,kawasaki,11,https://www.keiba.go.jp/KeibaWeb/TodayRaceInfo/RaceMarkTable?k_raceDate=2021%2F08%2F19&k_raceNo=11&k_babaCode=21,data/cache/html/20210819_kawasaki_11.html
20210819_kawasaki_12,2021-08-19,kawasaki,12,https://www.keiba.go.jp/KeibaWeb/TodayRaceInfo/RaceMarkTable?k_raceDate=2021%2F08%2F19&k_raceNo=12&k_babaCode=21,data/cache/html/20210819_kawasaki_12.html
20210818_kawasaki_1,2021-08-18,kawasaki,1,https://www.keiba.go.jp/KeibaWeb/TodayRaceInfo/RaceMarkTable?k_raceDate=2021%2F08%2F18&k_raceNo=1&k_babaCode=21,data/cache/html/20210818_kawasaki_1.html
20210818_kawasaki_2,2021-08-18,kawasaki,2,https://www.keiba.go.jp/KeibaWeb/TodayRaceInfo/RaceMarkTable?k_raceDate=2021%2F08%2F18&k_raceNo=2&k_babaCode=21,data/cache/html/20210818_kawasaki_2.html
20210818_kawasaki_3,2021-08-18,kawasaki,3,https://www.keiba.go.jp/KeibaWeb/TodayRaceInfo/RaceMarkTable?k_raceDate=2021%2F08%2F18&k_raceNo=3&k_babaCode=21,data/cache/html/20210818_kawasaki_3.html
20210818_kawasaki_4,2021-08-18,kawasaki,4,https://www.keiba.go.jp/KeibaWeb/TodayRaceInfo/RaceMarkTable?k_raceDate=2021%2F08%2F18&k_raceNo=4&k_babaCode=21,data/cache/html/20210818_kawasaki_4.html
20210818_kawasaki_5,2021-08-18,kawasaki,5,https://www.keiba.go.jp/KeibaWeb/TodayRaceInfo/RaceMarkTable?k_raceDate=2021%2F08%2F18&k_raceNo=5&k_babaCode=21,data/cache/html/20210818_kawasaki_5.html
20210818_kawasaki_6,2021-08-18,kawasaki,6,https://www.keiba.go.jp/KeibaWeb/TodayRaceInfo/RaceMarkTable?k_raceDate=2021%2F08%2F18&k_raceNo=6&k_babaCode=21,data/cache/html/20210818_kawasaki_6.html
20210818_kawasaki_7,2021-08-18,kawasaki,7,https://www.keiba.go.jp/KeibaWeb/TodayRaceInfo/RaceMarkTable?k_raceDate=2021%2F08%2F18&k_raceNo=7&k_babaCode=21,data/cache/html/20210818_kawasaki_7.html
20210818_kawasaki_8,2021-08-18,kawasaki,8,https://www.keiba.go.jp/KeibaWeb/TodayRaceInfo/RaceMarkTable?k_raceDate=2021%2F08%2F18&k_raceNo=8&k_babaCode=21,data/cache/html/20210818_kawasaki_8.html
20210818_kawasaki_9,2021-08-18,kawasaki,9,https://www.keiba.go.jp/KeibaWeb/TodayRaceInfo/RaceMarkTable?k_raceDate=2021%2F08%2F18&k_raceNo=9&k_babaCode=21,data/cache/html/20210818_kawasaki_9.html
20210818_kawasaki_10,2021-08-18,kawasaki,10,https://www.keiba.go.jp/KeibaWeb/TodayRaceInfo/RaceMarkTable?k_raceDate=2021%2F08%2F18&k_raceNo=10&k_babaCode=21,data/cache/html/20210818_kawasaki_10.html
20210818_kawasaki_11,2021-08-18,kawasaki,11,https://www.keiba.go.jp/KeibaWeb/TodayRaceInfo/RaceMarkTable?k_raceDate=2021%2F08%2F18&k_raceNo=11&k_babaCode=21,data/cache/html/20210818_kawasaki_11.html
20210818_kawasaki_12,2021-08-18,kawasaki,12,https://www.keiba.go.jp/KeibaWeb/TodayRaceInfo/RaceMarkTable?k_raceDate=2021%2F08%2F18&k_raceNo=12&k_babaCode=21,data/cache/html/20210818_kawasaki_12.html
20210817_kawasaki_1,2021-08-17,kawasaki,1,https://www.keiba.go.jp/KeibaWeb/TodayRaceInfo/RaceMarkTable?k_raceDate=2021%2F08%2F17&k_raceNo=1&k_babaCode=21,data/cache/html/20210817_kawasaki_1.html
20210817_kawasaki_2,2021-08-17,kawasaki,2,https://www.keiba.go.jp/KeibaWeb/TodayRaceInfo/RaceMarkTable?k_raceDate=2021%2F08%2F17&k_raceNo=2&k_babaCode=21,data/cache/html/20210817_kawasaki_2.html
20210817_kawasaki_3,2021-08-17,kawasaki,3,https://www.keiba.go.jp/KeibaWeb/TodayRaceInfo/RaceMarkTable?k_raceDate=2021%2F08%2F17&k_raceNo=3&k_babaCode=21,data/cache/html/20210817_kawasaki_3.html
20210817_kawasaki_4,2021-08-17,kawasaki,4,https://www.keiba.go.jp/KeibaWeb/TodayRaceInfo/RaceMarkTable?k_raceDate=2021%2F08%2F17&k_raceNo=4&k_babaCode=21,data/cache/html/20210817_kawasaki_4.html
20210817_kawasaki_5,2021-08-17,kawasaki,5,https://www.keiba.go.jp/KeibaWeb/TodayRaceInfo/RaceMarkTable?k_raceDate=2021%2F08%2F17&k_raceNo=5&k_babaCode=21,data/cache/html/20210817_kawasaki_5.html
20210817_kawasaki_6,2021-08-17,kawasaki,6,https://www.keiba.go.jp/KeibaWeb/TodayRaceInfo/RaceMarkTable?k_raceDate=2021%2F08%2F17&k_raceNo=6&k_babaCode=21,data/cache/html/20210817_kawasaki_6.html
20210817_kawasaki_7,2021-08-17,kawasaki,7,https://www.keiba.go.jp/KeibaWeb/TodayRaceInfo/RaceMarkTable?k_raceDate=2021%2F08%2F17&k_raceNo=7&k_babaCode=21,data/cache/html/20210817_kawasaki_7.html
20210817_kawasaki_8,2021-08-17,kawasaki,8,https://www.keiba.go.jp/KeibaWeb/TodayRaceInfo/RaceMarkTable?k_raceDate=2021%2F08%2F17&k_raceNo=8&k_babaCode=21,data/cache/html/20210817_kawasaki_8.html
20210817_kawasaki_9,2021-08-17,kawasaki,9,https://www.keiba.go.jp/KeibaWeb/TodayRaceInfo/RaceMarkTable?k_raceDate=2021%2F08%2F17&k_raceNo=9&k_babaCode=21,data/cache/html/20210817_kawasaki_9.html
20210817_kawasaki_10,2021-08-17,kawasaki,10,https://www.keiba.go.jp/KeibaWeb/TodayRaceInfo/RaceMarkTable?k_raceDate=2021%2F08%2F17&k_raceNo=10&k_babaCode=21,data/cache/html/20210817_kawasaki_10.html
20210817_kawasaki_11,2021-08-17,kawasaki,11,https://www.keiba.go.jp/KeibaWeb/TodayRaceInfo/RaceMarkTable?k_raceDate=2021%2F08%2F17&k_raceNo=11&k_babaCode=21,data/cache/html/20210817_kawasaki_11.html
20210817_kawasaki_12,2021-08-17,kawasaki,12,https://www.keiba.go.jp/KeibaWeb/TodayRaceInfo/RaceMarkTable?k_raceDate=2021%2F08%2F17&k_raceNo=12&k_babaCode=21,data/cache/html/20210817_kawasaki_12.html
20210816_kawasaki_1,2021-08-16,kawasaki,1,https://www.keiba.go.jp/KeibaWeb/TodayRaceInfo/RaceMarkTable?k_raceDate=2021%2F08%2F16&k_raceNo=1&k_babaCode=21,data/cache/html/20210816_kawasaki_1.html
20210816_kawasaki_2,2021-08-16,kawasaki,2,https://www.keiba.go.jp/KeibaWeb/TodayRaceInfo/RaceMarkTable?k_raceDate=2021%2F08%2F16&k_raceNo=2&k_babaCode=21,data/cache/html/20210816_kawasaki_2.html
20210816_kawasaki_3,2021-08-16,kawasaki,3,https://www.keiba.go.jp/KeibaWeb/TodayRaceInfo/RaceMarkTable?k_raceDate=2021%2F08%2F16&k_raceNo=3&k_babaCode=21,data/cache/html/20210816_kawasaki_3.html
20210816_kawasaki_4,2021-08-16,kawasaki,4,https://www.keiba.go.jp/KeibaWeb/TodayRaceInfo/RaceMarkTable?k_raceDate=2021%2F08%2F16&k_raceNo=4&k_babaCode=21,data/cache/html/20210816_kawasaki_4.html
20210816_kawasaki_5,2021-08-16,kawasaki,5,https://www.keiba.go.jp/KeibaWeb/TodayRaceInfo/RaceMarkTable?k_raceDate=2021%2F08%2F16&k_raceNo=5&k_babaCode=21,data/cache/html/20210816_kawasaki_5.html
20210816_kawasaki_6,2021-08-16,kawasaki,6,https://www.keiba.go.jp/KeibaWeb/TodayRaceInfo/RaceMarkTable?k_raceDate=2021%2F08%2F16&k_raceNo=6&k_babaCode=21,data/cache/html/20210816_kawasaki_6.html
20210816_kawasaki_7,2021-08-16,kawasaki,7,https://www.keiba.go.jp/KeibaWeb/TodayRaceInfo/RaceMarkTable?k_raceDate=2021%2F08%2F16&k_raceNo=7&k_babaCode=21,data/cache/html/20210816_kawasaki_7.html
20210816_kawasaki_8,2021-08-16,kawasaki,8,https://www.keiba.go.jp/KeibaWeb/TodayRaceInfo/RaceMarkTable?k_raceDate=2021%2F08%2F16&k_raceNo=8&k_babaCode=21,data/cache/html/20210816_kawasaki_8.html
20210816_kawasaki_9,2021-08-16,kawasaki,9,https://www.keiba.go.jp/KeibaWeb/TodayRaceInfo/RaceMarkTable?k_raceDate=2021%2F08%2F16&k_raceNo=9&k_babaCode=21,data/cache/html/20210816_kawasaki_9.html
20210816_kawasaki_10,2021-08-16,kawasaki,10,https://www.keiba.go.jp/KeibaWeb/TodayRaceInfo/RaceMarkTable?k_raceDate=2021%2F08%2F16&k_raceNo=10&k_babaCode=21,data/cache/html/20210816_kawasaki_10.html
20210816_kawasaki_11,2021-08-16,kawasaki,11,https://www.keiba.go.jp/KeibaWeb/TodayRaceInfo/RaceMarkTable?k_raceDate=2021%2F08%2F16&k_raceNo=11&k_babaCode=21,data/cache/html/20210816_kawasaki_11.html
20210816_kawasaki_12,2021-08-16,kawasaki,12,https://www.keiba.go.jp/KeibaWeb/TodayRaceInfo/RaceMarkTable?k_raceDate=2021%2F08%2F16&k_raceNo=12&k_babaCode=21,data/cache/html/20210816_kawasaki_12.html
20210815_kawasaki_1,2021-08-15,kawasaki,1,https://www.keiba.go.jp/KeibaWeb/TodayRaceInfo/RaceMarkTable?k_raceDate=2021%2F08%2F15&k_raceNo=1&k_babaCode=21,data/cache/html/20210815_kawasaki_1.html
20210815_kawasaki_2,2021-08-15,kawasaki,2,https://www.keiba.go.jp/KeibaWeb/TodayRaceInfo/RaceMarkTable?k_raceDate=2021%2F08%2F15&k_raceNo=2&k_babaCode=21,data/cache/html/20210815_kawasaki_2.html
20210815_kawasaki_3,2021-08-15,kawasaki,3,https://www.keiba.go.jp/KeibaWeb/TodayRaceInfo/RaceMarkTable?k_raceDate=2021%2F08%2F15&k_raceNo=3&k_babaCode=21,data/cache/html/20210815_kawasaki_3.html
20210815_kawasaki_4,2021-08-15,kawasaki,4,https://www.keiba.go.jp/KeibaWeb/TodayRaceInfo/RaceMarkTable?k_raceDate=2021%2F08%2F15&k_raceNo=4&k_babaCode=21,data/cache/html/20210815_kawasaki_4.html
20210815_kawasaki_5,2021-08-15,kawasaki,5,https://www.keiba.go.jp/KeibaWeb/TodayRaceInfo/RaceMarkTable?k_raceDate=2021%2F08%2F15&k_raceNo=5&k_babaCode=21,data/cache/html/20210815_kawasaki_5.html
20210815_kawasaki_6,2021-08-15,kawasaki,6,https://www.keiba.go.jp/KeibaWeb/TodayRaceInfo/RaceMarkTable?k_raceDate=2021%2F08%2F15&k_raceNo=6&k_babaCode=21,data/cache/html/20210815_kawasaki_6.html
20210815_kawasaki_7,2021-08-15,kawasaki,7,https://www.keiba.go.jp/KeibaWeb/TodayRaceInfo/RaceMarkTable?k_raceDate=2021%2F08%2F15&k_raceNo=7&k_babaCode=21,data/cache/html/20210815_kawasaki_7.html
20210815_kawasaki_8,2021-08-15,kawasaki,8,https://www.keiba.go.jp/KeibaWeb/TodayRaceInfo/RaceMarkTable?k_raceDate=2021%2F08%2F15&k_raceNo=8&k_babaCode=21,data/cache/html/20210815_kawasaki_8.html
20210815_kawasaki_9,2021-08-15,kawasaki,9,https://www.keiba.go.jp/KeibaWeb/TodayRaceInfo/RaceMarkTable?k_raceDate=2021%2F08%2F15&k_raceNo=9&k_babaCode=21,data/cache/html/20210815_kawasaki_9.html
20210815_kawasaki_10,2021-08-15,kawasaki,10,https://www.keiba.go.jp/KeibaWeb/TodayRaceInfo/RaceMarkTable?k_raceDate=2021%2F08%2F15&k_raceNo=10&k_babaCode=21,data/cache/html/20210815_kawasaki_10.html
20210815_kawasaki_11,2021-08-15,kawasaki,11,https://www.keiba.go.jp/KeibaWeb/TodayRaceInfo/RaceMarkTable?k_raceDate=2021%2F08%2F15&k_raceNo=11&k_babaCode=21,data/cache/html/20210815_kawasaki_11.html
20210815_kawasaki_12,2021-08-15,kawasaki,12,https://www.keiba.go.jp/KeibaWeb/TodayRaceInfo/RaceMarkTable?k_raceDate=2021%2F08%2F15&k_raceNo=12&k_babaCode=21,data/cache/html/20210815_kawasaki_12.html
20210814_kawasaki_1,2021-08-14,kawasaki,1,https://www.keiba.go.jp/KeibaWeb/TodayRaceInfo/RaceMarkTable?k_raceDate=2021%2F08%2F14&k_raceNo=1&k_babaCode=21,data/cache/html/20210814_kawasaki_1.html
20210814_kawasaki_2,2021-08-14,kawasaki,2,https://www.keiba.go.jp/KeibaWeb/TodayRaceInfo/RaceMarkTable?k_raceDate=2021%2F08%2F14&k_raceNo=2&k_babaCode=21,data/cache/html/20210814_kawasaki_2.html
20210814_kawasaki_3,2021-08-14,kawasaki,3,https://www.keiba.go.jp/KeibaWeb/TodayRaceInfo/RaceMarkTable?k_raceDate=2021%2F08%2F14&k_raceNo=3&k_babaCode=21,data/cache/html/20210814_kawasaki_3.html
20210814_kawasaki_4,2021-08-14,kawasaki,4,https://www.keiba.go.jp/KeibaWeb/TodayRaceInfo/RaceMarkTable?k_raceDate=2021%2F08%2F14&k_raceNo=4&k_babaCode=21,data/cache/html/20210814_kawasaki_4.html
20210814_kawasaki_5,2021-08-14,kawasaki,5,https://www.keiba.go.jp/KeibaWeb/TodayRaceInfo/RaceMarkTable?k_raceDate=2021%2F08%2F14&k_raceNo=5&k_babaCode=21,data/cache/html/20210814_kawasaki_5.html
20210814_kawasaki_6,2021-08-14,kawasaki,6,https://www.keiba.go.jp/KeibaWeb/TodayRaceInfo/RaceMarkTable?k_raceDate=2021%2F08%2F14&k_raceNo=6&k_babaCode=21,data/cache/html/20210814_kawasaki_6.html
20210814_kawasaki_7,2021-08-14,kawasaki,7,https://www.keiba.go.jp/KeibaWeb/TodayRaceInfo/RaceMarkTable?k_raceDate=2021%2F08%2F14&k_raceNo=7&k_babaCode=21,data/cache/html/20210814_kawasaki_7.html
20210814_kawasaki_8,2021-08-14,kawasaki,8,https://www.keiba.go.jp/KeibaWeb/TodayRaceInfo/RaceMarkTable?k_raceDate=2021%2F08%2F14&k_raceNo=8&k_babaCode=21,data/cache/html/20210814_kawasaki_8.html
20210814_kawasaki_9,2021-08-14,kawasaki,9,https://www.keiba.go.jp/KeibaWeb/TodayRaceInfo/RaceMarkTable?k_raceDate=2021%2F08%2F14&k_raceNo=9&k_babaCode=21,data/cache/html/20210814_kawasaki_9.html
20210814_kawasaki_10,2021-08-14,kawasaki,10,https://www.keiba.go.jp/KeibaWeb/TodayRaceInfo/RaceMarkTable?k_raceDate=2021%2F08%2F14&k_raceNo=10&k_babaCode=21,data/cache/html/20210814_kawasaki_10.html
20210814_kawasaki_11,2021-08-14,kawasaki,11,https://www.keiba.go.jp/KeibaWeb/TodayRaceInfo/RaceMarkTable?k_raceDate=2021%2F08%2F14&k_raceNo=11&k_babaCode=21,data/cache/html/20210814_kawasaki_11.html
20210814_kawasaki_12,2021-08-14,kawasaki,12,https://www.keiba.go.jp/KeibaWeb/TodayRaceInfo/RaceMarkTable?k_raceDate=2021%2F08%2F14&k_raceNo=12&k_babaCode=21,data/cache/html/20210814_kawasaki_12.html
20210813_kawasaki_1,2021-08-13,kawasaki,1,https://www.keiba.go.jp/KeibaWeb/TodayRaceInfo/RaceMarkTable?k_raceDate=2021%2F08%2F13&k_raceNo=1&k_babaCode=21,data/cache/html/20210813_kawasaki_1.html
20210813_kawasaki_2,2021-08-13,kawasaki,2,https://www.keiba.go.jp/KeibaWeb/TodayRaceInfo/RaceMarkTable?k_raceDate=2021%2F08%2F13&k_raceNo=2&k_babaCode=21,data/cache/html/20210813_kawasaki_2.html
20210813_kawasaki_3,2021-08-13,kawasaki,3,https://www.keiba.go.jp/KeibaWeb/TodayRaceInfo/RaceMarkTable?k_raceDate=2021%2F08%2F13&k_raceNo=3&k_babaCode=21,data/cache/html/20210813_kawasaki_3.html
20210813_kawasaki_4,2021-08-13,kawasaki,4,https://www.keiba.go.jp/KeibaWeb/TodayRaceInfo/RaceMarkTable?k_raceDate=2021%2F08%2F13&k_raceNo=4&k_babaCode=21,data/cache/html/20210813_kawasaki_4.html
20210813_kawasaki_5,2021-08-13,kawasaki,5,https://www.keiba.go.jp/KeibaWeb/TodayRaceInfo/RaceMarkTable?k_raceDate=2021%2F08%2F13&k_raceNo=5&k_babaCode=21,data/cache/html/20210813_kawasaki_5.html
20210813_kawasaki_6,2021-08-13,kawasaki,6,https://www.keiba.go.jp/KeibaWeb/TodayRaceInfo/RaceMarkTable?k_raceDate=2021%2F08%2F13&k_raceNo=6&k_babaCode=21,data/cache/html/20210813_kawasaki_6.html
20210813_kawasaki_7,2021-08-13,kawasaki,7,https://www.keiba.go.jp/KeibaWeb/TodayRaceInfo/RaceMarkTable?k_raceDate=2021%2F08%2F13&k_raceNo=7&k_babaCode=21,data/cache/html/20210813_kawasaki_7.html
20210813_kawasaki_8,2021-08-13,kawasaki,8,https://www.keiba.go.jp/KeibaWeb/TodayRaceInfo/RaceMarkTable?k_raceDate=2021%2F08%2F13&k_raceNo=8&k_babaCode=21,data/cache/html/20210813_kawasaki_8.html
20210813_kawasaki_9,2021-08-13,kawasaki,9,https://www.keiba.go.jp/KeibaWeb/TodayRaceInfo/RaceMarkTable?k_raceDate=2021%2F08%2F13&k_raceNo=9&k_babaCode=21,data/cache/html/20210813_kawasaki_9.html
20210813_kawasaki_10,2021-08-13,kawasaki,10,https://www.keiba.go.jp/KeibaWeb/TodayRaceInfo/RaceMarkTable?k_raceDate=2021%2F08%2F13&k_raceNo=10&k_babaCode=21,data/cache/html/20210813_kawasaki_10.html
20210813_kawasaki_11,2021-08-13,kawasaki,11,https://www.keiba.go.jp/KeibaWeb/TodayRaceInfo/RaceMarkTable?k_raceDate=2021%2F08%2F13&k_raceNo=11&k_babaCode=21,data/cache/html/20210813_kawasaki_11.html
20210813_kawasaki_12,2021-08-13,kawasaki,12,https://www.keiba.go.jp/KeibaWeb/TodayRaceInfo/RaceMarkTable?k_raceDate=2021%2F08%2F13&k_raceNo=12&k_babaCode=21,data/cache/html/20210813_kawasaki_12.html
20210812_kawasaki_1,2021-08-12,kawasaki,1,https://www.keiba.go.jp/KeibaWeb/TodayRaceInfo/RaceMarkTable?k_raceDate=2021%2F08%2F12&k_raceNo=1&k_babaCode=21,data/cache/html/20210812_kawasaki_1.html
20210812_kawasaki_2,2021-08-12,kawasaki,2,https://www.keiba.go.jp/KeibaWeb/TodayRaceInfo/RaceMarkTable?k_raceDate=2021%2F08%2F12&k_raceNo=2&k_babaCode=21,data/cache/html/20210812_kawasaki_2.html
20210812_kawasaki_3,2021-08-12,kawasaki,3,https://www.keiba.go.jp/KeibaWeb/TodayRaceInfo/RaceMarkTable?k_raceDate=2021%2F08%2F12&k_raceNo=3&k_babaCode=21,data/cache/html/20210812_kawasaki_3.html
20210812_kawasaki_4,2021-08-12,kawasaki,4,https://www.keiba.go.jp/KeibaWeb/TodayRaceInfo/RaceMarkTable?k_raceDate=2021%2F08%2F12&k_raceNo=4&k_babaCode=21,data/cache/html/20210812_kawasaki_4.html
20210812_kawasaki_5,2021-08-12,kawasaki,5,https://www.keiba.go.jp/KeibaWeb/TodayRaceInfo/RaceMarkTable?k_raceDate=2021%2F08%2F12&k_raceNo=5&k_babaCode=21,data/cache/html/20210812_kawasaki_5.html
20210812_kawasaki_6,2021-08-12,kawasaki,6,https://www.keiba.go.jp/KeibaWeb/TodayRaceInfo/RaceMarkTable?k_raceDate=2021%2F08%2F12&k_raceNo=6&k_babaCode=21,data/cache/html/20210812_kawasaki_6.html
20210812_kawasaki_7,2021-08-12,kawasaki,7,https://www.keiba.go.jp/KeibaWeb/TodayRaceInfo/RaceMarkTable?k_raceDate=2021%2F08%2F12&k_raceNo=7&k_babaCode=21,data/cache/html/20210812_kawasaki_7.html
20210812_kawasaki_8,2021-08-12,kawasaki,8,https://www.keiba.go.jp/KeibaWeb/TodayRaceInfo/RaceMarkTable?k_raceDate=2021%2F08%2F12&k_raceNo=8&k_babaCode=21,data/cache/html/20210812_kawasaki_8.html
20210812_kawasaki_9,2021-08-12,kawasaki,9,https://www.keiba.go.jp/KeibaWeb/TodayRaceInfo/RaceMarkTable?k_raceDate=2021%2F08%2F12&k_raceNo=9&k_babaCode=21,data/cache/html/20210812_kawasaki_9.html
20210812_kawasaki_10,2021-08-12,kawasaki,10,https://www.keiba.go.jp/KeibaWeb/TodayRaceInfo/RaceMarkTable?k_raceDate=2021%2F08%2F12&k_raceNo=10&k_babaCode=21,data/cache/html/20210812_kawasaki_10.html
20210812_kawasaki_11,2021-08-12,kawasaki,11,https://www.keiba.go.jp/KeibaWeb/TodayRaceInfo/RaceMarkTable?k_raceDate=2021%2F08%2F12&k_raceNo=11&k_babaCode=21,data/cache/html/20210812_kawasaki_11.html
20210812_kawasaki_12,2021-08-12,kawasaki,12,https://www.keiba.go.jp/KeibaWeb/TodayRaceInfo/RaceMarkTable?k_raceDate=2021%2F08%2F12&k_raceNo=12&k_babaCode=21,data/cache/html/20210812_kawasaki_12.html
20210811_kawasaki_1,2021-08-11,kawasaki,1,https://www.keiba.go.jp/KeibaWeb/TodayRaceInfo/RaceMarkTable?k_raceDate=2021%2F08%2F11&k_raceNo=1&k_babaCode=21,data/cache/html/20210811_kawasaki_1.html
20210811_kawasaki_2,2021-08-11,kawasaki,2,https://www.keiba.go.jp/KeibaWeb/TodayRaceInfo/RaceMarkTable?k_raceDate=2021%2F08%2F11&k_raceNo=2&k_babaCode=21,data/cache/html/20210811_kawasaki_2.html
20210811_kawasaki_3,2021-08-11,kawasaki,3,https://www.keiba.go.jp/KeibaWeb/TodayRaceInfo/RaceMarkTable?k_raceDate=2021%2F08%2F11&k_raceNo=3&k_babaCode=21,data/cache/html/20210811_kawasaki_3.html
20210811_kawasaki_4,2021-08-11,kawasaki,4,https://www.keiba.go.jp/KeibaWeb/TodayRaceInfo/RaceMarkTable?k_raceDate=2021%2F08%2F11&k_raceNo=4&k_babaCode=21,data/cache/html/20210811_kawasaki_4.html
20210811_kawasaki_5,2021-08-11,kawasaki,5,https://www.keiba.go.jp/KeibaWeb/TodayRaceInfo/RaceMarkTable?k_raceDate=2021%2F08%2F11&k_raceNo=5&k_babaCode=21,data/cache/html/20210811_kawasaki_5.html
20210811_kawasaki_6,2021-08-11,kawasaki,6,https://www.keiba.go.jp/KeibaWeb/TodayRaceInfo/RaceMarkTable?k_raceDate=2021%2F08%2F11&k_raceNo=6&k_babaCode=21,data/cache/html/20210811_kawasaki_6.html
20210811_kawasaki_7,2021-08-11,kawasaki,7,https://www.keiba.go.jp/KeibaWeb/TodayRaceInfo/RaceMarkTable?k_raceDate=2021%2F08%2F11&k_raceNo=7&k_babaCode=21,data/cache/html/20210811_kawasaki_7.html
20210811_kawasaki_8,2021-08-11,kawasaki,8,https://www.keiba.go.jp/KeibaWeb/TodayRaceInfo/RaceMarkTable?k_raceDate=2021%2F08%2F11&k_raceNo=8&k_babaCode=21,data/cache/html/20210811_kawasaki_8.html
20210811_kawasaki_9,2021-08-11,kawasaki,9,https://www.keiba.go.jp/KeibaWeb/TodayRaceInfo/RaceMarkTable?k_raceDate=2021%2F08%2F11&k_raceNo=9&k_babaCode=21,data/cache/html/20210811_kawasaki_9.html
20210811_kawasaki_10,2021-08-11,kawasaki,10,https://www.keiba.go.jp/KeibaWeb/TodayRaceInfo/RaceMarkTable?k_raceDate=2021%2F08%2F11&k_raceNo=10&k_babaCode=21,data/cache/html/20210811_kawasaki_10.html
20210811_kawasaki_11,2021-08-11,kawasaki,11,https://www.keiba.go.jp/KeibaWeb/TodayRaceInfo/RaceMarkTable?k_raceDate=2021%2F08%2F11&k_raceNo=11&k_babaCode=21,data/cache/html/20210811_kawasaki_11.html
20210811_kawasaki_12,2021-08-11,kawasaki,12,https://www.keiba.go.jp/KeibaWeb/TodayRaceInfo/RaceMarkTable?k_raceDate=2021%2F08%2F11&k_raceNo=12&k_babaCode=21,data/cache/html/20210811_kawasaki_12.html
20210810_kawasaki_1,2021-08-10,kawasaki,1,https://www.keiba.go.jp/KeibaWeb/TodayRaceInfo/RaceMarkTable?k_raceDate=2021%2F08%2F10&k_raceNo=1&k_babaCode=21,data/cache/html/20210810_kawasaki_1.html
20210810_kawasaki_2,2021-08-10,kawasaki,2,https://www.keiba.go.jp/KeibaWeb/TodayRaceInfo/RaceMarkTable?k_raceDate=2021%2F08%2F10&k_raceNo=2&k_babaCode=21,data/cache/html/20210810_kawasaki_2.html
20210810_kawasaki_3,2021-08-10,kawasaki,3,https://www.keiba.go.jp/KeibaWeb/TodayRaceInfo/RaceMarkTable?k_raceDate=2021%2F08%2F10&k_raceNo=3&k_babaCode=21,data/cache/html/20210810_kawasaki_3.html
20210810_kawasaki_4,2021-08-10,kawasaki,4,https://www.keiba.go.jp/KeibaWeb/TodayRaceInfo/RaceMarkTable?k_raceDate=2021%2F08%2F10&k_raceNo=4&k_babaCode=21,data/cache/html/20210810_kawasaki_4.html
20210810_kawasaki_5,2021-08-10,kawasaki,5,https://www.keiba.go.jp/KeibaWeb/TodayRaceInfo/RaceMarkTable?k_raceDate=2021%2F08%2F10&k_raceNo=5&k_babaCode=21,data/cache/html/20210810_kawasaki_5.html
20210810_kawasaki_6,2021-08-10,kawasaki,6,https://www.keiba.go.jp/KeibaWeb/TodayRaceInfo/RaceMarkTable?k_raceDate=2021%2F08%2F10&k_raceNo=6&k_babaCode=21,data/cache/html/20210810_kawasaki_6.html
20210810_kawasaki_7,2021-08-10,kawasaki,7,https://www.keiba.go.jp/KeibaWeb/TodayRaceInfo/RaceMarkTable?k_raceDate=2021%2F08%2F10&k_raceNo=7&k_babaCode=21,data/cache/html/20210810_kawasaki_7.html
20210810_kawasaki_8,2021-08-10,kawasaki,8,https://www.keiba.go.jp/KeibaWeb/TodayRaceInfo/RaceMarkTable?k_raceDate=2021%2F08%2F10&k_raceNo=8&k_babaCode=21,data/cache/html/20210810_kawasaki_8.html
20210810_kawasaki_9,2021-08-10,kawasaki,9,https://www.keiba.go.jp/KeibaWeb/TodayRaceInfo/RaceMarkTable?k_raceDate=2021%2F08%2F10&k_raceNo=9&k_babaCode=21,data/cache/html/20210810_kawasaki_9.html
20210810_kawasaki_10,2021-08-10,kawasaki,10,https://www.keiba.go.jp/KeibaWeb/TodayRaceInfo/RaceMarkTable?k_raceDate=2021%2F08%2F10&k_raceNo=10&k_babaCode=21,data/cache/html/20210810_kawasaki_10.html
20210810_kawasaki_11,2021-08-10,kawasaki,11,https://www.keiba.go.jp/KeibaWeb/TodayRaceInfo/RaceMarkTable?k_raceDate=2021%2F08%2F10&k_raceNo=11&k_babaCode=21,data/cache/html/20210810_kawasaki_11.html
20210810_kawasaki_12,2021-08-10,kawasaki,12,https://www.keiba.go.jp/KeibaWeb/TodayRaceInfo/RaceMarkTable?k_raceDate=2021%2F08%2F10&k_raceNo=12&k_babaCode=21,data/cache/html/20210810_kawasaki_12.html
20210809_kawasaki_1,2021-08-09,kawasaki,1,https://www.keiba.go.jp/KeibaWeb/TodayRaceInfo/RaceMarkTable?k_raceDate=2021%2F08%2F09&k_raceNo=1&k_babaCode=21,data/cache/html/20210809_kawasaki_1.html
20210809_kawasaki_2,2021-08-09,kawasaki,2,https://www.keiba.go.jp/KeibaWeb/TodayRaceInfo/RaceMarkTable?k_raceDate=2021%2F08%2F09&k_raceNo=2&k_babaCode=21,data/cache/html/20210809_kawasaki_2.html
20210809_kawasaki_3,2021-08-09,kawasaki,3,https://www.keiba.go.jp/KeibaWeb/TodayRaceInfo/RaceMarkTable?k_raceDate=2021%2F08%2F09&k_raceNo=3&k_babaCode=21,data/cache/html/20210809_kawasaki_3.html
20210809_kawasaki_4,2021-08-09,kawasaki,4,https://www.keiba.go.jp/KeibaWeb/TodayRaceInfo/RaceMarkTable?k_raceDate=2021%2F08%2F09&k_raceNo=4&k_babaCode=21,data/cache/html/20210809_kawasaki_4.html
20210809_kawasaki_5,2021-08-09,kawasaki,5,https://www.keiba.go.jp/KeibaWeb/TodayRaceInfo/RaceMarkTable?k_raceDate=2021%2F08%2F09&k_raceNo=5&k_babaCode=21,data/cache/html/20210809_kawasaki_5.html
20210809_kawasaki_6,2021-08-09,kawasaki,6,https://www.keiba.go.jp/KeibaWeb/TodayRaceInfo/RaceMarkTable?k_raceDate=2021%2F08%2F09&k_raceNo=6&k_babaCode=21,data/cache/html/20210809_kawasaki_6.html
20210809_kawasaki_7,2021-08-09,kawasaki,7,https://www.keiba.go.jp/KeibaWeb/TodayRaceInfo/RaceMarkTable?k_raceDate=2021%2F08%2F09&k_raceNo=7&k_babaCode=21,data/cache/html/20210809_kawasaki_7.html
20210809_kawasaki_8,2021-08-09,kawasaki,8,https://www.keiba.go.jp/KeibaWeb/TodayRaceInfo/RaceMarkTable?k_raceDate=2021%2F08%2F09&k_raceNo=8&k_babaCode=21,data/cache/html/20210809_kawasaki_8.html
20210809_kawasaki_9,2021-08-09,kawasaki,9,https://www.keiba.go.jp/KeibaWeb/TodayRaceInfo/RaceMarkTable?k_raceDate=2021%2F08%2F09&k_raceNo=9&k_babaCode=21,data/cache/html/20210809_kawasaki_9.html
20210809_kawasaki_10,2021-08-09,kawasaki,10,https://www.keiba.go.jp/KeibaWeb/TodayRaceInfo/RaceMarkTable?k_raceDate=2021%2F08%2F09&k_raceNo=10&k_babaCode=21,data/cache/html/20210809_kawasaki_10.html
20210809_kawasaki_11,2021-08-09,kawasaki,11,https://www.keiba.go.jp/KeibaWeb/TodayRaceInfo/RaceMarkTable?k_raceDate=2021%2F08%2F09&k_raceNo=11&k_babaCode=21,data/cache/html/20210809_kawasaki_11.html
20210809_kawasaki_12,2021-08-09,kawasaki,12,https://www.keiba.go.jp/KeibaWeb/TodayRaceInfo/RaceMarkTable?k_raceDate=2021%2F08%2F09&k_raceNo=12&k_babaCode=21,data/cache/html/20210809_kawasaki_12.html
20210808_kawasaki_1,2021-08-08,kawasaki,1,https://www.keiba.go.jp/KeibaWeb/TodayRaceInfo/RaceMarkTable?k_raceDate=2021%2F08%2F08&k_raceNo=1&k_babaCode=21,data/cache/html/20210808_kawasaki_1.html
20210808_kawasaki_2,2021-08-08,kawasaki,2,https://www.keiba.go.jp/KeibaWeb/TodayRaceInfo/RaceMarkTable?k_raceDate=2021%2F08%2F08&k_raceNo=2&k_babaCode=21,data/cache/html/20210808_kawasaki_2.html
20210808_kawasaki_3,2021-08-08,kawasaki,3,https://www.keiba.go.jp/KeibaWeb/TodayRaceInfo/RaceMarkTable?k_raceDate=2021%2F08%2F08&k_raceNo=3&k_babaCode=21,data/cache/html/20210808_kawasaki_3.html
20210808_kawasaki_4,2021-08-08,kawasaki,4,https://www.keiba.go.jp/KeibaWeb/TodayRaceInfo/RaceMarkTable?k_raceDate=2021%2F08%2F08&k_raceNo=4&k_babaCode=21,data/cache/html/20210808_kawasaki_4.html
20210808_kawasaki_5,2021-08-08,kawasaki,5,https://www.keiba.go.jp/KeibaWeb/TodayRaceInfo/RaceMarkTable?k_raceDate=2021%2F08%2F08&k_raceNo=5&k_babaCode=21,data/cache/html/20210808_kawasaki_5.html
20210808_kawasaki_6,2021-08-08,kawasaki,6,https://www.keiba.go.jp/KeibaWeb/TodayRaceInfo/RaceMarkTable?k_raceDate=2021%2F08%2F08&k_raceNo=6&k_babaCode=21,data/cache/html/20210808_kawasaki_6.html
20210808_kawasaki_7,2021-08-08,kawasaki,7,https://www.keiba.go.jp/KeibaWeb/TodayRaceInfo/RaceMarkTable?k_raceDate=2021%2F08%2F08&k_raceNo=7&k_babaCode=21,data/cache/html/20210808_kawasaki_7.html
20210808_kawasaki_8,2021-08-08,kawasaki,8,https://www.keiba.go.jp/KeibaWeb/TodayRaceInfo/RaceMarkTable?k_raceDate=2021%2F08%2F08&k_raceNo=8&k_babaCode=21,data/cache/html/20210808_kawasaki_8.html
20210808_kawasaki_9,2021-08-08,kawasaki,9,https://www.keiba.go.jp/KeibaWeb/TodayRaceInfo/RaceMarkTable?k_raceDate=2021%2F08%2F08&k_raceNo=9&k_babaCode=21,data/cache/html/20210808_kawasaki_9.html
20210808_kawasaki_10,2021-08-08,kawasaki,10,https://www.keiba.go.jp/KeibaWeb/TodayRaceInfo/RaceMarkTable?k_raceDate=2021%2F08%2F08&k_raceNo=10&k_babaCode=21,data/cache/html/20210808_kawasaki_10.html
20210808_kawasaki_11,2021-08-08,kawasaki,11,https://www.keiba.go.jp/KeibaWeb/TodayRaceInfo/RaceMarkTable?k_raceDate=2021%2F08%2F08&k_raceNo=11&k_babaCode=21,data/cache/html/20210808_kawasaki_11.html
20210808_kawasaki_12,2021-08-08,kawasaki,12,https://www.keiba.go.jp/KeibaWeb/TodayRaceInfo/RaceMarkTable?k_raceDate=2021%2F08%2F08&k_raceNo=12&k_babaCode=21,data/cache/html/20210808_kawasaki_12.html
20210807_kawasaki_1,2021-08-07,kawasaki,1,https://www.keiba.go.jp/KeibaWeb/TodayRaceInfo/RaceMarkTable?k_raceDate=2021%2F08%2F07&k_raceNo=1&k_babaCode=21,data/cache/html/20210807_kawasaki_1.html
20210807_kawasaki_2,2021-08-07,kawasaki,2,https://www.keiba.go.jp/KeibaWeb/TodayRaceInfo/RaceMarkTable?k_raceDate=2021%2F08%2F07&k_raceNo=2&k_babaCode=21,data/cache/html/20210807_kawasaki_2.html
20210807_kawasaki_3,2021-08-07,kawasaki,3,https://www.keiba.go.jp/KeibaWeb/TodayRaceInfo/RaceMarkTable?k_raceDate=2021%2F08%2F07&k_raceNo=3&k_babaCode=21,data/cache/html/20210807_kawasaki_3.html
20210807_kawasaki_4,2021-08-07,kawasaki,4,https://www.keiba.go.jp/KeibaWeb/TodayRaceInfo/RaceMarkTable?k_raceDate=2021%2F08%2F07&k_raceNo=4&k_babaCode=21,data/cache/html/20210807_kawasaki_4.html
20210807_kawasaki_5,2021-08-07,kawasaki,5,https://www.keiba.go.jp/KeibaWeb/TodayRaceInfo/RaceMarkTable?k_raceDate=2021%2F08%2F07&k_raceNo=5&k_babaCode=21,data/cache/html/20210807_kawasaki_5.html
20210807_kawasaki_6,2021-08-07,kawasaki,6,https://www.keiba.go.jp/KeibaWeb/TodayRaceInfo/RaceMarkTable?k_raceDate=2021%2F08%2F07&k_raceNo=6&k_babaCode=21,data/cache/html/20210807_kawasaki_6.html
20210807_kawasaki_7,2021-08-07,kawasaki,7,https://www.keiba.go.jp/KeibaWeb/TodayRaceInfo/RaceMarkTable?k_raceDate=2021%2F08%2F07&k_raceNo=7&k_babaCode=21,data/cache/html/20210807_kawasaki_7.html
20210807_kawasaki_8,2021-08-07,kawasaki,8,https://www.keiba.go.jp/KeibaWeb/TodayRaceInfo/RaceMarkTable?k_raceDate=2021%2F08%2F07&k_raceNo=8&k_babaCode=21,data/cache/html/20210807_kawasaki_8.html
20210807_kawasaki_9,2021-08-07,kawasaki,9,https://www.keiba.go.jp/KeibaWeb/TodayRaceInfo/RaceMarkTable?k_raceDate=2021%2F08%2F07&k_raceNo=9&k_babaCode=21,data/cache/html/20210807_kawasaki_9.html
20210807_kawasaki_10,2021-08-07,kawasaki,10,https://www.keiba.go.jp/KeibaWeb/TodayRaceInfo/RaceMarkTable?k_raceDate=2021%2F08%2F07&k_raceNo=10&k_babaCode=21,data/cache/html/20210807_kawasaki_10.html
20210807_kawasaki_11,2021-08-07,kawasaki,11,https://www.keiba.go.jp/KeibaWeb/TodayRaceInfo/RaceMarkTable?k_raceDate=2021%2F08%2F07&k_raceNo=11&k_babaCode=21,data/cache/html/20210807_kawasaki_11.html
20210807_kawasaki_12,2021-08-07,kawasaki,12,https://www.keiba.go.jp/KeibaWeb/TodayRaceInfo/RaceMarkTable?k_raceDate=2021%2F08%2F07&k_raceNo=12&k_babaCode=21,data/cache/html/20210807_kawasaki_12.html
20210806_kawasaki_1,2021-08-06,kawasaki,1,https://www.keiba.go.jp/KeibaWeb/TodayRaceInfo/RaceMarkTable?k_raceDate=2021%2F08%2F06&k_raceNo=1&k_babaCode=21,data/cache/html/20210806_kawasaki_1.html
20210806_kawasaki_2,2021-08-06,kawasaki,2,https://www.keiba.go.jp/KeibaWeb/TodayRaceInfo/RaceMarkTable?k_raceDate=2021%2F08%2F06&k_raceNo=2&k_babaCode=21,data/cache/html/20210806_kawasaki_2.html
20210806_kawasaki_3,2021-08-06,kawasaki,3,https://www.keiba.go.jp/KeibaWeb/TodayRaceInfo/RaceMarkTable?k_raceDate=2021%2F08%2F06&k_raceNo=3&k_babaCode=21,data/cache/html/20210806_kawasaki_3.html
20210806_kawasaki_4,2021-08-06,kawasaki,4,https://www.keiba.go.jp/KeibaWeb/TodayRaceInfo/RaceMarkTable?k_raceDate=2021%2F08%2F06&k_raceNo=4&k_babaCode=21,data/cache/html/20210806_kawasaki_4.html
20210806_kawasaki_5,2021-08-06,kawasaki,5,https://www.keiba.go.jp/KeibaWeb/TodayRaceInfo/RaceMarkTable?k_raceDate=2021%2F08%2F06&k_raceNo=5&k_babaCode=21,data/cache/html/20210806_kawasaki_5.html
20210806_kawasaki_6,2021-08-06,kawasaki,6,https://www.keiba.go.jp/KeibaWeb/TodayRaceInfo/RaceMarkTable?k_raceDate=2021%2F08%2F06&k_raceNo=6&k_babaCode=21,data/cache/html/20210806_kawasaki_6.html
20210806_kawasaki_7,2021-08-06,kawasaki,7,https://www.keiba.go.jp/KeibaWeb/TodayRaceInfo/RaceMarkTable?k_raceDate=2021%2F08%2F06&k_raceNo=7&k_babaCode=21,data/cache/html/20210806_kawasaki_7.html
20210806_kawasaki_8,2021-08-06,kawasaki,8,https://www.keiba.go.jp/KeibaWeb/TodayRaceInfo/RaceMarkTable?k_raceDate=2021%2F08%2F06&k_raceNo=8&k_babaCode=21,data/cache/html/20210806_kawasaki_8.html
20210806_kawasaki_9,2021-08-06,kawasaki,9,https://www.keiba.go.jp/KeibaWeb/TodayRaceInfo/RaceMarkTable?k_raceDate=2021%2F08%2F06&k_raceNo=9&k_babaCode=21,data/cache/html/20210806_kawasaki_9.html
20210806_kawasaki_10,2021-08-06,kawasaki,10,https://www.keiba.go.jp/KeibaWeb/TodayRaceInfo/RaceMarkTable?k_raceDate=2021%2F08%2F06&k_raceNo=10&k_babaCode=21,data/cache/html/20210806_kawasaki_10.html
20210806_kawasaki_11,2021-08-06,kawasaki,11,https://www.keiba.go.jp/KeibaWeb/TodayRaceInfo/RaceMarkTable?k_raceDate=2021%2F08%2F06&k_raceNo=11&k_babaCode=21,data/cache/html/20210806_kawasaki_11.html
20210806_kawasaki_12,2021-08-06,kawasaki,12,https://www.keiba.go.jp/KeibaWeb/TodayRaceInfo/RaceMarkTable?k_raceDate=2021%2F08%2F06&k_raceNo=12&k_babaCode=21,data/cache/html/20210806_kawasaki_12.html
20210805_kawasaki_1,2021-08-05,kawasaki,1,https://www.keiba.go.jp/KeibaWeb/TodayRaceInfo/RaceMarkTable?k_raceDate=2021%2F08%2F05&k_raceNo=1&k_babaCode=21,data/cache/html/20210805_kawasaki_1.html
20210805_kawasaki_2,2021-08-05,kawasaki,2,https://www.keiba.go.jp/KeibaWeb/TodayRaceInfo/RaceMarkTable?k_raceDate=2021%2F08%2F05&k_raceNo=2&k_babaCode=21,data/cache/html/20210805_kawasaki_2.html
20210805_kawasaki_3,2021-08-05,kawasaki,3,https://www.keiba.go.jp/KeibaWeb/TodayRaceInfo/RaceMarkTable?k_raceDate=2021%2F08%2F05&k_raceNo=3&k_babaCode=21,data/cache/html/20210805_kawasaki_3.html
20210805_kawasaki_4,2021-08-05,kawasaki,4,https://www.keiba.go.jp/KeibaWeb/TodayRaceInfo/RaceMarkTable?k_raceDate=2021%2F08%2F05&k_raceNo=4&k_babaCode=21,data/cache/html/20210805_kawasaki_4.html
20210805_kawasaki_5,2021-08-05,kawasaki,5,https://www.keiba.go.jp/KeibaWeb/TodayRaceInfo/RaceMarkTable?k_raceDate=2021%2F08%2F05&k_raceNo=5&k_babaCode=21,data/cache/html/20210805_kawasaki_5.html
20210805_kawasaki_6,2021-08-05,kawasaki,6,https://www.keiba.go.jp/KeibaWeb/TodayRaceInfo/RaceMarkTable?k_raceDate=2021%2F08%2F05&k_raceNo=6&k_babaCode=21,data/cache/html/20210805_kawasaki_6.html
20210805_kawasaki_7,2021-08-05,kawasaki,7,https://www.keiba.go.jp/KeibaWeb/TodayRaceInfo/RaceMarkTable?k_raceDate=2021%2F08%2F05&k_raceNo=7&k_babaCode=21,data/cache/html/20210805_kawasaki_7.html
20210805_kawasaki_8,2021-08-05,kawasaki,8,https://www.keiba.go.jp/KeibaWeb/TodayRaceInfo/RaceMarkTable?k_raceDate=2021%2F08%2F05&k_raceNo=8&k_babaCode=21,data/cache/html/20210805_kawasaki_8.html
20210805_kawasaki_9,2021-08-05,kawasaki,9,https://www.keiba.go.jp/KeibaWeb/TodayRaceInfo/RaceMarkTable?k_raceDate=2021%2F08%2F05&k_raceNo=9&k_babaCode=21,data/cache/html/20210805_kawasaki_9.html
20210805_kawasaki_10,2021-08-05,kawasaki,10,https://www.keiba.go.jp/KeibaWeb/TodayRaceInfo/RaceMarkTable?k_raceDate=2021%2F08%2F05&k_raceNo=10&k_babaCode=21,data/cache/html/20210805_kawasaki_10.html
20210805_kawasaki_11,2021-08-05,kawasaki,11,https://www.keiba.go.jp/KeibaWeb/TodayRaceInfo/RaceMarkTable?k_raceDate=2021%2F08%2F05&k_raceNo=11&k_babaCode=21,data/cache/html/20210805_kawasaki_11.html
20210805_kawasaki_12,2021-08-05,kawasaki,12,https://www.keiba.go.jp/KeibaWeb/TodayRaceInfo/RaceMarkTable?k_raceDate=2021%2F08%2F05&k_raceNo=12&k_babaCode=21,data/cache/html/20210805_kawasaki_12.html
20210804_kawasaki_1,2021-08-04,kawasaki,1,https://www.keiba.go.jp/KeibaWeb/TodayRaceInfo/RaceMarkTable?k_raceDate=2021%2F08%2F04&k_raceNo=1&k_babaCode=21,data/cache/html/20210804_kawasaki_1.html
20210804_kawasaki_2,2021-08-04,kawasaki,2,https://www.keiba.go.jp/KeibaWeb/TodayRaceInfo/RaceMarkTable?k_raceDate=2021%2F08%2F04&k_raceNo=2&k_babaCode=21,data/cache/html/20210804_kawasaki_2.html
20210804_kawasaki_3,2021-08-04,kawasaki,3,https://www.keiba.go.jp/KeibaWeb/TodayRaceInfo/RaceMarkTable?k_raceDate=2021%2F08%2F04&k_raceNo=3&k_babaCode=21,data/cache/html/20210804_kawasaki_3.html
20210804_kawasaki_4,2021-08-04,kawasaki,4,https://www.keiba.go.jp/KeibaWeb/TodayRaceInfo/RaceMarkTable?k_raceDate=2021%2F08%2F04&k_raceNo=4&k_babaCode=21,data/cache/html/20210804_kawasaki_4.html
20210804_kawasaki_5,2021-08-04,kawasaki,5,https://www.keiba.go.jp/KeibaWeb/TodayRaceInfo/RaceMarkTable?k_raceDate=2021%2F08%2F04&k_raceNo=5&k_babaCode=21,data/cache/html/20210804_kawasaki_5.html
20210804_kawasaki_6,2021-08-04,kawasaki,6,https://www.keiba.go.jp/KeibaWeb/TodayRaceInfo/RaceMarkTable?k_raceDate=2021%2F08%2F04&k_raceNo=6&k_babaCode=21,data/cache/html/20210804_kawasaki_6.html
20210804_kawasaki_7,2021-08-04,kawasaki,7,https://www.keiba.go.jp/KeibaWeb/TodayRaceInfo/RaceMarkTable?k_raceDate=2021%2F08%2F04&k_raceNo=7&k_babaCode=21,data/cache/html/20210804_kawasaki_7.html
20210804_kawasaki_8,2021-08-04,kawasaki,8,https://www.keiba.go.jp/KeibaWeb/TodayRaceInfo/RaceMarkTable?k_raceDate=2021%2F08%2F04&k_raceNo=8&k_babaCode=21,data/cache/html/20210804_kawasaki_8.html
20210804_kawasaki_9,2021-08-04,kawasaki,9,https://www.keiba.go.jp/KeibaWeb/TodayRaceInfo/RaceMarkTable?k_raceDate=2021%2F08%2F04&k_raceNo=9&k_babaCode=21,data/cache/html/20210804_kawasaki_9.html
20210804_kawasaki_10,2021-08-04,kawasaki,10,https://www.keiba.go.jp/KeibaWeb/TodayRaceInfo/RaceMarkTable?k_raceDate=2021%2F08%2F04&k_raceNo=10&k_babaCode=21,data/cache/html/20210804_kawasaki_10.html
20210804_kawasaki_11,2021-08-04,kawasaki,11,https://www.keiba.go.jp/KeibaWeb/TodayRaceInfo/RaceMarkTable?k_raceDate=2021%2F08%2F04&k_raceNo=11&k_babaCode=21,data/cache/html/20210804_kawasaki_11.html
20210804_kawasaki_12,2021-08-04,kawasaki,12,https://www.keiba.go.jp/KeibaWeb/TodayRaceInfo/RaceMarkTable?k_raceDate=2021%2F08%2F04&k_raceNo=12&k_babaCode=21,data/cache/html/20210804_kawasaki_12.html
20210803_kawasaki_1,2021-08-03,kawasaki,1,https://www.keiba.go.jp/KeibaWeb/TodayRaceInfo/RaceMarkTable?k_raceDate=2021%2F08%2F03&k_raceNo=1&k_babaCode=21,data/cache/html/20210803_kawasaki_1.html
20210803_kawasaki_2,2021-08-03,kawasaki,2,https://www.keiba.go.jp/KeibaWeb/TodayRaceInfo/RaceMarkTable?k_raceDate=2021%2F08%2F03&k_raceNo=2&k_babaCode=21,data/cache/html/20210803_kawasaki_2.html
20210803_kawasaki_3,2021-08-03,kawasaki,3,https://www.keiba.go.jp/KeibaWeb/TodayRaceInfo/RaceMarkTable?k_raceDate=2021%2F08%2F03&k_raceNo=3&k_babaCode=21,data/cache/html/20210803_kawasaki_3.html
20210803_kawasaki_4,2021-08-03,kawasaki,4,https://www.keiba.go.jp/KeibaWeb/TodayRaceInfo/RaceMarkTable?k_raceDate=2021%2F08%2F03&k_raceNo=4&k_babaCode=21,data/cache/html/20210803_kawasaki_4.html
20210803_kawasaki_5,2021-08-03,kawasaki,5,https://www.keiba.go.jp/KeibaWeb/TodayRaceInfo/RaceMarkTable?k_raceDate=2021%2F08%2F03&k_raceNo=5&k_babaCode=21,data/cache/html/20210803_kawasaki_5.html
20210803_kawasaki_6,2021-08-03,kawasaki,6,https://www.keiba.go.jp/KeibaWeb/TodayRaceInfo/RaceMarkTable?k_raceDate=2021%2F08%2F03&k_raceNo=6&k_babaCode=21,data/cache/html/20210803_kawasaki_6.html
20210803_kawasaki_7,2021-08-03,kawasaki,7,https://www.keiba.go.jp/KeibaWeb/TodayRaceInfo/RaceMarkTable?k_raceDate=2021%2F08%2F03&k_raceNo=7&k_babaCode=21,data/cache/html/20210803_kawasaki_7.html
20210803_kawasaki_8,2021-08-03,kawasaki,8,https://www.keiba.go.jp/KeibaWeb/TodayRaceInfo/RaceMarkTable?k_raceDate=2021%2F08%2F03&k_raceNo=8&k_babaCode=21,data/cache/html/20210803_kawasaki_8.html
20210803_kawasaki_9,2021-08-03,kawasaki,9,https://www.keiba.go.jp/KeibaWeb/TodayRaceInfo/RaceMarkTable?k_raceDate=2021%2F08%2F03&k_raceNo=9&k_babaCode=21,data/cache/html/20210803_kawasaki_9.html
20210803_kawasaki_10,2021-08-03,kawasaki,10,https://www.keiba.go.jp/KeibaWeb/TodayRaceInfo/RaceMarkTable?k_raceDate=2021%2F08%2F03&k_raceNo=10&k_babaCode=21,data/cache/html/20210803_kawasaki_10.html
20210803_kawasaki_11,2021-08-03,kawasaki,11,https://www.keiba.go.jp/KeibaWeb/TodayRaceInfo/RaceMarkTable?k_raceDate=2021%2F08%2F03&k_raceNo=11&k_babaCode=21,data/cache/html/20210803_kawasaki_11.html
20210803_kawasaki_12,2021-08-03,kawasaki,12,https://www.keiba.go.jp/KeibaWeb/TodayRaceInfo/RaceMarkTable?k_raceDate=2021%2F08%2F03&k_raceNo=12&k_babaCode=21,data/cache/html/20210803_kawasaki_12.html
20210802_kawasaki_1,2021-08-02,kawasaki,1,https://www.keiba.go.jp/KeibaWeb/TodayRaceInfo/RaceMarkTable?k_raceDate=2021%2F08%2F02&k_raceNo=1&k_babaCode=21,data/cache/html/20210802_kawasaki_1.html
20210802_kawasaki_2,2021-08-02,kawasaki,2,https://www.keiba.go.jp/KeibaWeb/TodayRaceInfo/RaceMarkTable?k_raceDate=2021%2F08%2F02&k_raceNo=2&k_babaCode=21,data/cache/html/20210802_kawasaki_2.html
20210802_kawasaki_3,2021-08-02,kawasaki,3,https://www.keiba.go.jp/KeibaWeb/TodayRaceInfo/RaceMarkTable?k_raceDate=2021%2F08%2F02&k_raceNo=3&k_babaCode=21,data/cache/html/20210802_kawasaki_3.html
20210802_kawasaki_4,2021-08-02,kawasaki,4,https://www.keiba.go.jp/KeibaWeb/TodayRaceInfo/RaceMarkTable?k_raceDate=2021%2F08%2F02&k_raceNo=4&k_babaCode=21,data/cache/html/20210802_kawasaki_4.html
20210802_kawasaki_5,2021-08-02,kawasaki,5,https://www.keiba.go.jp/KeibaWeb/TodayRaceInfo/RaceMarkTable?k_raceDate=2021%2F08%2F02&k_raceNo=5&k_babaCode=21,data/cache/html/20210802_kawasaki_5.html
20210802_kawasaki_6,2021-08-02,kawasaki,6,https://www.keiba.go.jp/KeibaWeb/TodayRaceInfo/RaceMarkTable?k_raceDate=2021%2F08%2F02&k_raceNo=6&k_babaCode=21,data/cache/html/20210802_kawasaki_6.html
20210802_kawasaki_7,2021-08-02,kawasaki,7,https://www.keiba.go.jp/KeibaWeb/TodayRaceInfo/RaceMarkTable?k_raceDate=2021%2F08%2F02&k_raceNo=7&k_babaCode=21,data/cache/html/20210802_kawasaki_7.html
20210802_kawasaki_8,2021-08-02,kawasaki,8,https://www.keiba.go.jp/KeibaWeb/TodayRaceInfo/RaceMarkTable?k_raceDate=2021%2F08%2F02&k_raceNo=8&k_babaCode=21,data/cache/html/20210802_kawasaki_8.html
20210802_kawasaki_9,2021-08-02,kawasaki,9,https://www.keiba.go.jp/KeibaWeb/TodayRaceInfo/RaceMarkTable?k_raceDate=2021%2F08%2F02&k_raceNo=9&k_babaCode=21,data/cache/html/20210802_kawasaki_9.html
20210802_kawasaki_10,2021-08-02,kawasaki,10,https://www.keiba.go.jp/KeibaWeb/TodayRaceInfo/RaceMarkTable?k_raceDate=2021%2F08%2F02&k_raceNo=10&k_babaCode=21,data/cache/html/20210802_kawasaki_10.html
20210802_kawasaki_11,2021-08-02,kawasaki,11,https://www.keiba.go.jp/KeibaWeb/TodayRaceInfo/RaceMarkTable?k_raceDate=2021%2F08%2F02&k_raceNo=11&k_babaCode=21,data/cache/html/20210802_kawasaki_11.html
20210802_kawasaki_12,2021-08-02,kawasaki,12,https://www.keiba.go.jp/KeibaWeb/TodayRaceInfo/RaceMarkTable?k_raceDate=2021%2F08%2F02&k_raceNo=12&k_babaCode=21,data/cache/html/20210802_kawasaki_12.html
20210801_kawasaki_1,2021-08-01,kawasaki,1,https://www.keiba.go.jp/KeibaWeb/TodayRaceInfo/RaceMarkTable?k_raceDate=2021%2F08%2F01&k_raceNo=1&k_babaCode=21,data/cache/html/20210801_kawasaki_1.html
20210801_kawasaki_2,2021-08-01,kawasaki,2,https://www.keiba.go.jp/KeibaWeb/TodayRaceInfo/RaceMarkTable?k_raceDate=2021%2F08%2F01&k_raceNo=2&k_babaCode=21,data/cache/html/20210801_kawasaki_2.html
20210801_kawasaki_3,2021-08-01,kawasaki,3,https://www.keiba.go.jp/KeibaWeb/TodayRaceInfo/RaceMarkTable?k_raceDate=2021%2F08%2F01&k_raceNo=3&k_babaCode=21,data/cache/html/20210801_kawasaki_3.html
20210801_kawasaki_4,2021-08-01,kawasaki,4,https://www.keiba.go.jp/KeibaWeb/TodayRaceInfo/RaceMarkTable?k_raceDate=2021%2F08%2F01&k_raceNo=4&k_babaCode=21,data/cache/html/20210801_kawasaki_4.html
20210801_kawasaki_5,2021-08-01,kawasaki,5,https://www.keiba.go.jp/KeibaWeb/TodayRaceInfo/RaceMarkTable?k_raceDate=2021%2F08%2F01&k_raceNo=5&k_babaCode=21,data/cache/html/20210801_kawasaki_5.html
20210801_kawasaki_6,2021-08-01,kawasaki,6,https://www.keiba.go.jp/KeibaWeb/TodayRaceInfo/RaceMarkTable?k_raceDate=2021%2F08%2F01&k_raceNo=6&k_babaCode=21,data/cache/html/20210801_kawasaki_6.html
20210801_kawasaki_7,2021-08-01,kawasaki,7,https://www.keiba.go.jp/KeibaWeb/TodayRaceInfo/RaceMarkTable?k_raceDate=2021%2F08%2F01&k_raceNo=7&k_babaCode=21,data/cache/html/20210801_kawasaki_7.html
20210801_kawasaki_8,2021-08-01,kawasaki,8,https://www.keiba.go.jp/KeibaWeb/TodayRaceInfo/RaceMarkTable?k_raceDate=2021%2F08%2F01&k_raceNo=8&k_babaCode=21,data/cache/html/20210801_kawasaki_8.html
20210801_kawasaki_9,2021-08-01,kawasaki,9,https://www.keiba.go.jp/KeibaWeb/TodayRaceInfo/RaceMarkTable?k_raceDate=2021%2F08%2F01&k_raceNo=9&k_babaCode=21,data/cache/html/20210801_kawasaki_9.html
20210801_kawasaki_10,2021-08-01,kawasaki,10,https://www.keiba.go.jp/KeibaWeb/TodayRaceInfo/RaceMarkTable?k_raceDate=2021%2F08%2F01&k_raceNo=10&k_babaCode=21,data/cache/html/20210801_kawasaki_10.html
20210801_kawasaki_11,2021-08-01,kawasaki,11,https://www.keiba.go.jp/KeibaWeb/TodayRaceInfo/RaceMarkTable?k_raceDate=2021%2F08%2F01&k_raceNo=11&k_babaCode=21,data/cache/html/20210801_kawasaki_11.html
20210801_kawasaki_12,2021-08-01,kawasaki,12,https://www.keiba.go.jp/KeibaWeb/TodayRaceInfo/RaceMarkTable?k_raceDate=2021%2F08%2F01&k_raceNo=12&k_babaCode=21,data/cache/html/20210801_kawasaki_12.html
20210727_kawasaki_1,2021-07-27,kawasaki,1,https://www.keiba.go.jp/KeibaWeb/TodayRaceInfo/RaceMarkTable?k_raceDate=2021%2F07%2F27&k_raceNo=1&k_babaCode=21,data/cache/html/20210727_kawasaki_1.html
20210727_kawasaki_2,2021-07-27,kawasaki,2,https://www.keiba.go.jp/KeibaWeb/TodayRaceInfo/RaceMarkTable?k_raceDate=2021%2F07%2F27&k_raceNo=2&k_babaCode=21,data/cache/html/20210727_kawasaki_2.html
20210727_kawasaki_3,2021-07-27,kawasaki,3,https://www.keiba.go.jp/KeibaWeb/TodayRaceInfo/RaceMarkTable?k_raceDate=2021%2F07%2F27&k_raceNo=3&k_babaCode=21,data/cache/html/20210727_kawasaki_3.html
20210727_kawasaki_4,2021-07-27,kawasaki,4,https://www.keiba.go.jp/KeibaWeb/TodayRaceInfo/RaceMarkTable?k_raceDate=2021%2F07%2F27&k_raceNo=4&k_babaCode=21,data/cache/html/20210727_kawasaki_4.html
20210727_kawasaki_5,2021-07-27,kawasaki,5,https://www.keiba.go.jp/KeibaWeb/TodayRaceInfo/RaceMarkTable?k_raceDate=2021%2F07%2F27&k_raceNo=5&k_babaCode=21,data/cache/html/20210727_kawasaki_5.html
20210727_kawasaki_6,2021-07-27,kawasaki,6,https://www.keiba.go.jp/KeibaWeb/TodayRaceInfo/RaceMarkTable?k_raceDate=2021%2F07%2F27&k_raceNo=6&k_babaCode=21,data/cache/html/20210727_kawasaki_6.html
20210727_kawasaki_7,2021-07-27,kawasaki,7,https://www.keiba.go.jp/KeibaWeb/TodayRaceInfo/RaceMarkTable?k_raceDate=2021%2F07%2F27&k_raceNo=7&k_babaCode=21,data/cache/html/20210727_kawasaki_7.html
20210727_kawasaki_8,2021-07-27,kawasaki,8,https://www.keiba.go.jp/KeibaWeb/TodayRaceInfo/RaceMarkTable?k_raceDate=2021%2F07%2F27&k_raceNo=8&k_babaCode=21,data/cache/html/20210727_kawasaki_8.html
20210727_kawasaki_9,2021-07-27,kawasaki,9,https://www.keiba.go.jp/KeibaWeb/TodayRaceInfo/RaceMarkTable?k_raceDate=2021%2F07%2F27&k_raceNo=9&k_babaCode=21,data/cache/html/20210727_kawasaki_9.html
20210727_kawasaki_10,2021-07-27,kawasaki,10,https://www.keiba.go.jp/KeibaWeb/TodayRaceInfo/RaceMarkTable?k_raceDate=2021%2F07%2F27&k_raceNo=10&k_babaCode=21,data/cache/html/20210727_kawasaki_10.html
20210727_kawasaki_11,2021-07-27,kawasaki,11,https://www.keiba.go.jp/KeibaWeb/TodayRaceInfo/RaceMarkTable?k_raceDate=2021%2F07%2F27&k_raceNo=11&k_babaCode=21,data/cache/html/20210727_kawasaki_11.html
20210727_kawasaki_12,2021-07-27,kawasaki,12,https://www.keiba.go.jp/KeibaWeb/TodayRaceInfo/RaceMarkTable?k_raceDate=2021%2F07%2F27&k_raceNo=12&k_babaCode=21,data/cache/html/20210727_kawasaki_12.html
20210726_kawasaki_1,2021-07-26,kawasaki,1,https://www.keiba.go.jp/KeibaWeb/TodayRaceInfo/RaceMarkTable?k_raceDate=2021%2F07%2F26&k_raceNo=1&k_babaCode=21,data/cache/html/20210726_kawasaki_1.html
20210726_kawasaki_2,2021-07-26,kawasaki,2,https://www.keiba.go.jp/KeibaWeb/TodayRaceInfo/RaceMarkTable?k_raceDate=2021%2F07%2F26&k_raceNo=2&k_babaCode=21,data/cache/html/20210726_kawasaki_2.html
20210726_kawasaki_3,2021-07-26,kawasaki,3,https://www.keiba.go.jp/KeibaWeb/TodayRaceInfo/RaceMarkTable?k_raceDate=2021%2F07%2F26&k_raceNo=3&k_babaCode=21,data/cache/html/20210726_kawasaki_3.html
20210726_kawasaki_4,2021-07-26,kawasaki,4,https://www.keiba.go.jp/KeibaWeb/TodayRaceInfo/RaceMarkTable?k_raceDate=2021%2F07%2F26&k_raceNo=4&k_babaCode=21,data/cache/html/20210726_kawasaki_4.html
20210726_kawasaki_5,2021-07-26,kawasaki,5,https://www.keiba.go.jp/KeibaWeb/TodayRaceInfo/RaceMarkTable?k_raceDate=2021%2F07%2F26&k_raceNo=5&k_babaCode=21,data/cache/html/20210726_kawasaki_5.html
20210726_kawasaki_6,2021-07-26,kawasaki,6,https://www.keiba.go.jp/KeibaWeb/TodayRaceInfo/RaceMarkTable?k_raceDate=2021%2F07%2F26&k_raceNo=6&k_babaCode=21,data/cache/html/20210726_kawasaki_6.html
20210726_kawasaki_7,2021-07-26,kawasaki,7,https://www.keiba.go.jp/KeibaWeb/TodayRaceInfo/RaceMarkTable?k_raceDate=2021%2F07%2F26&k_raceNo=7&k_babaCode=21,data/cache/html/20210726_kawasaki_7.html
20210726_kawasaki_8,2021-07-26,kawasaki,8,https://www.keiba.go.jp/KeibaWeb/TodayRaceInfo/RaceMarkTable?k_raceDate=2021%2F07%2F26&k_raceNo=8&k_babaCode=21,data/cache/html/20210726_kawasaki_8.html
20210726_kawasaki_9,2021-07-26,kawasaki,9,https://www.keiba.go.jp/KeibaWeb/TodayRaceInfo/RaceMarkTable?k_raceDate=2021%2F07%2F26&k_raceNo=9&k_babaCode=21,data/cache/html/20210726_kawasaki_9.html
20210726_kawasaki_10,2021-07-26,kawasaki,10,https://www.keiba.go.jp/KeibaWeb/TodayRaceInfo/RaceMarkTable?k_raceDate=2021%2F07%2F26&k_raceNo=10&k_babaCode=21,data/cache/html/20210726_kawasaki_10.html
20210726_kawasaki_11,2021-07-26,kawasaki,11,https://www.keiba.go.jp/KeibaWeb/TodayRaceInfo/RaceMarkTable?k_raceDate=2021%2F07%2F26&k_raceNo=11&k_babaCode=21,data/cache/html/20210726_kawasaki_11.html
20210726_kawasaki_12,2021-07-26,kawasaki,12,https://www.keiba.go.jp/KeibaWeb/TodayRaceInfo/RaceMarkTable?k_raceDate=2021%2F07%2F26&k_raceNo=12&k_babaCode=21,data/cache/html/20210726_kawasaki_12.html
20210725_kawasaki_1,2021-07-25,kawasaki,1,https://www.keiba.go.jp/KeibaWeb/TodayRaceInfo/RaceMarkTable?k_raceDate=2021%2F07%2F25&k_raceNo=1&k_babaCode=21,data/cache/html/20210725_kawasaki_1.html
20210725_kawasaki_2,2021-07-25,kawasaki,2,https://www.keiba.go.jp/KeibaWeb/TodayRaceInfo/RaceMarkTable?k_raceDate=2021%2F07%2F25&k_raceNo=2&k_babaCode=21,data/cache/html/20210725_kawasaki_2.html
20210725_kawasaki_3,2021-07-25,kawasaki,3,https://www.keiba.go.jp/KeibaWeb/TodayRaceInfo/RaceMarkTable?k_raceDate=2021%2F07%2F25&k_raceNo=3&k_babaCode=21,data/cache/html/20210725_kawasaki_3.html
20210725_kawasaki_4,2021-07-25,kawasaki,4,https://www.keiba.go.jp/KeibaWeb/TodayRaceInfo/RaceMarkTable?k_raceDate=2021%2F07%2F25&k_raceNo=4&k_babaCode=21,data/cache/html/20210725_kawasaki_4.html
20210725_kawasaki_5,2021-07-25,kawasaki,5,https://www.keiba.go.jp/KeibaWeb/TodayRaceInfo/RaceMarkTable?k_raceDate=2021%2F07%2F25&k_raceNo=5&k_babaCode=21,data/cache/html/20210725_kawasaki_5.html
20210725_kawasaki_6,2021-07-25,kawasaki,6,https://www.keiba.go.jp/KeibaWeb/TodayRaceInfo/RaceMarkTable?k_raceDate=2021%2F07%2F25&k_raceNo=6&k_babaCode=21,data/cache/html/20210725_kawasaki_6.html
20210725_kawasaki_7,2021-07-25,kawasaki,7,https://www.keiba.go.jp/KeibaWeb/TodayRaceInfo/RaceMarkTable?k_raceDate=2021%2F07%2F25&k_raceNo=7&k_babaCode=21,data/cache/html/20210725_kawasaki_7.html
20210725_kawasaki_8,2021-07-25,kawasaki,8,https://www.keiba.go.jp/KeibaWeb/TodayRaceInfo/RaceMarkTable?k_raceDate=2021%2F07%2F25&k_raceNo=8&k_babaCode=21,data/cache/html/20210725_kawasaki_8.html
20210725_kawasaki_9,2021-07-25,kawasaki,9,https://www.keiba.go.jp/KeibaWeb/TodayRaceInfo/RaceMarkTable?k_raceDate=2021%2F07%2F25&k_raceNo=9&k_babaCode=21,data/cache/html/20210725_kawasaki_9.html
20210725_kawasaki_10,2021-07-25,kawasaki,10,https://www.keiba.go.jp/KeibaWeb/TodayRaceInfo/RaceMarkTable?k_raceDate=2021%2F07%2F25&k_raceNo=10&k_babaCode=21,data/cache/html/20210725_kawasaki_10.html
20210725_kawasaki_11,2021-07-25,kawasaki,11,https://www.keiba.go.jp/KeibaWeb/TodayRaceInfo/RaceMarkTable?k_raceDate=2021%2F07%2F25&k_raceNo=11&k_babaCode=21,data/cache/html/20210725_kawasaki_11.html
20210725_kawasaki_12,2021-07-25,kawasaki,12,https://www.keiba.go.jp/KeibaWeb/TodayRaceInfo/RaceMarkTable?k_raceDate=2021%2F07%2F25&k_raceNo=12&k_babaCode=21,data/cache/html/20210725_kawasaki_12.html
20210724_kawasaki_1,2021-07-24,kawasaki,1,https://www.keiba.go.jp/KeibaWeb/TodayRaceInfo/RaceMarkTable?k_raceDate=2021%2F07%2F24&k_raceNo=1&k_babaCode=21,data/cache/html/20210724_kawasaki_1.html
20210724_kawasaki_2,2021-07-24,kawasaki,2,https://www.keiba.go.jp/KeibaWeb/TodayRaceInfo/RaceMarkTable?k_raceDate=2021%2F07%2F24&k_raceNo=2&k_babaCode=21,data/cache/html/20210724_kawasaki_2.html
20210724_kawasaki_3,2021-07-24,kawasaki,3,https://www.keiba.go.jp/KeibaWeb/TodayRaceInfo/RaceMarkTable?k_raceDate=2021%2F07%2F24&k_raceNo=3&k_babaCode=21,data/cache/html/20210724_kawasaki_3.html
20210724_kawasaki_4,2021-07-24,kawasaki,4,https://www.keiba.go.jp/KeibaWeb/TodayRaceInfo/RaceMarkTable?k_raceDate=2021%2F07%2F24&k_raceNo=4&k_babaCode=21,data/cache/html/20210724_kawasaki_4.html
20210724_kawasaki_5,2021-07-24,kawasaki,5,https://www.keiba.go.jp/KeibaWeb/TodayRaceInfo/RaceMarkTable?k_raceDate=2021%2F07%2F24&k_raceNo=5&k_babaCode=21,data/cache/html/20210724_kawasaki_5.html
20210724_kawasaki_6,2021-07-24,kawasaki,6,https://www.keiba.go.jp/KeibaWeb/TodayRaceInfo/RaceMarkTable?k_raceDate=2021%2F07%2F24&k_raceNo=6&k_babaCode=21,data/cache/html/20210724_kawasaki_6.html
20210724_kawasaki_7,2021-07-24,kawasaki,7,https://www.keiba.go.jp/KeibaWeb/TodayRaceInfo/RaceMarkTable?k_raceDate=2021%2F07%2F24&k_raceNo=7&k_babaCode=21,data/cache/html/20210724_kawasaki_7.html
20210724_kawasaki_8,2021-07-24,kawasaki,8,https://www.keiba.go.jp/KeibaWeb/TodayRaceInfo/RaceMarkTable?k_raceDate=2021%2F07%2F24&k_raceNo=8&k_babaCode=21,data/cache/html/20210724_kawasaki_8.html
20210724_kawasaki_9,2021-07-24,kawasaki,9,https://www.keiba.go.jp/KeibaWeb/TodayRaceInfo/RaceMarkTable?k_raceDate=2021%2F07%2F24&k_raceNo=9&k_babaCode=21,data/cache/html/20210724_kawasaki_9.html
20210724_kawasaki_10,2021-07-24,kawasaki,10,https://www.keiba.go.jp/KeibaWeb/TodayRaceInfo/RaceMarkTable?k_raceDate=2021%2F07%2F24&k_raceNo=10&k_babaCode=21,data/cache/html/20210724_kawasaki_10.html
20210724_kawasaki_11,2021-07-24,kawasaki,11,https://www.keiba.go.jp/KeibaWeb/TodayRaceInfo/RaceMarkTable?k_raceDate=2021%2F07%2F24&k_raceNo=11&k_babaCode=21,data/cache/html/20210724_kawasaki_11.html
20210724_kawasaki_12,2021-07-24,kawasaki,12,https://www.keiba.go.jp/KeibaWeb/TodayRaceInfo/RaceMarkTable?k_raceDate=2021%2F07%2F24&k_raceNo=12&k_babaCode=21,data/cache/html/20210724_kawasaki_12.html
20210723_kawasaki_1,2021-07-23,kawasaki,1,https://www.keiba.go.jp/KeibaWeb/TodayRaceInfo/RaceMarkTable?k_raceDate=2021%2F07%2F23&k_raceNo=1&k_babaCode=21,data/cache/html/20210723_kawasaki_1.html
20210723_kawasaki_2,2021-07-23,kawasaki,2,https://www.keiba.go.jp/KeibaWeb/TodayRaceInfo/RaceMarkTable?k_raceDate=2021%2F07%2F23&k_raceNo=2&k_babaCode=21,data/cache/html/20210723_kawasaki_2.html
20210723_kawasaki_3,2021-07-23,kawasaki,3,https://www.keiba.go.jp/KeibaWeb/TodayRaceInfo/RaceMarkTable?k_raceDate=2021%2F07%2F23&k_raceNo=3&k_babaCode=21,data/cache/html/20210723_kawasaki_3.html
20210723_kawasaki_4,2021-07-23,kawasaki,4,https://www.keiba.go.jp/KeibaWeb/TodayRaceInfo/RaceMarkTable?k_raceDate=2021%2F07%2F23&k_raceNo=4&k_babaCode=21,data/cache/html/20210723_kawasaki_4.html
20210723_kawasaki_5,2021-07-23,kawasaki,5,https://www.keiba.go.jp/KeibaWeb/TodayRaceInfo/RaceMarkTable?k_raceDate=2021%2F07%2F23&k_raceNo=5&k_babaCode=21,data/cache/html/20210723_kawasaki_5.html
20210723_kawasaki_6,2021-07-23,kawasaki,6,https://www.keiba.go.jp/KeibaWeb/TodayRaceInfo/RaceMarkTable?k_raceDate=2021%2F07%2F23&k_raceNo=6&k_babaCode=21,data/cache/html/20210723_kawasaki_6.html
20210723_kawasaki_7,2021-07-23,kawasaki,7,https://www.keiba.go.jp/KeibaWeb/TodayRaceInfo/RaceMarkTable?k_raceDate=2021%2F07%2F23&k_raceNo=7&k_babaCode=21,data/cache/html/20210723_kawasaki_7.html
20210723_kawasaki_8,2021-07-23,kawasaki,8,https://www.keiba.go.jp/KeibaWeb/TodayRaceInfo/RaceMarkTable?k_raceDate=2021%2F07%2F23&k_raceNo=8&k_babaCode=21,data/cache/html/20210723_kawasaki_8.html
20210723_kawasaki_9,2021-07-23,kawasaki,9,https://www.keiba.go.jp/KeibaWeb/TodayRaceInfo/RaceMarkTable?k_raceDate=2021%2F07%2F23&k_raceNo=9&k_babaCode=21,data/cache/html/20210723_kawasaki_9.html
20210723_kawasaki_10,2021-07-23,kawasaki,10,https://www.keiba.go.jp/KeibaWeb/TodayRaceInfo/RaceMarkTable?k_raceDate=2021%2F07%2F23&k_raceNo=10&k_babaCode=21,data/cache/html/20210723_kawasaki_10.html
20210723_kawasaki_11,2021-07-23,kawasaki,11,https://www.keiba.go.jp/KeibaWeb/TodayRaceInfo/RaceMarkTable?k_raceDate=2021%2F07%2F23&k_raceNo=11&k_babaCode=21,data/cache/html/20210723_kawasaki_11.html
20210723_kawasaki_12,2021-07-23,kawasaki,12,https://www.keiba.go.jp/KeibaWeb/TodayRaceInfo/RaceMarkTable?k_raceDate=2021%2F07%2F23&k_raceNo=12&k_babaCode=21,data/cache/html/20210723_kawasaki_12.html
20210722_kawasaki_1,2021-07-22,kawasaki,1,https://www.keiba.go.jp/KeibaWeb/TodayRaceInfo/RaceMarkTable?k_raceDate=2021%2F07%2F22&k_raceNo=1&k_babaCode=21,data/cache/html/20210722_kawasaki_1.html
20210722_kawasaki_2,2021-07-22,kawasaki,2,https://www.keiba.go.jp/KeibaWeb/TodayRaceInfo/RaceMarkTable?k_raceDate=2021%2F07%2F22&k_raceNo=2&k_babaCode=21,data/cache/html/20210722_kawasaki_2.html
20210722_kawasaki_3,2021-07-22,kawasaki,3,https://www.keiba.go.jp/KeibaWeb/TodayRaceInfo/RaceMarkTable?k_raceDate=2021%2F07%2F22&k_raceNo=3&k_babaCode=21,data/cache/html/20210722_kawasaki_3.html
20210722_kawasaki_4,2021-07-22,kawasaki,4,https://www.keiba.go.jp/KeibaWeb/TodayRaceInfo/RaceMarkTable?k_raceDate=2021%2F07%2F22&k_raceNo=4&k_babaCode=21,data/cache/html/20210722_kawasaki_4.html
20210722_kawasaki_5,2021-07-22,kawasaki,5,https://www.keiba.go.jp/KeibaWeb/TodayRaceInfo/RaceMarkTable?k_raceDate=2021%2F07%2F22&k_raceNo=5&k_babaCode=21,data/cache/html/20210722_kawasaki_5.html
20210722_kawasaki_6,2021-07-22,kawasaki,6,https://www.keiba.go.jp/KeibaWeb/TodayRaceInfo/RaceMarkTable?k_raceDate=2021%2F07%2F22&k_raceNo=6&k_babaCode=21,data/cache/html/20210722_kawasaki_6.html
20210722_kawasaki_7,2021-07-22,kawasaki,7,https://www.keiba.go.jp/KeibaWeb/TodayRaceInfo/RaceMarkTable?k_raceDate=2021%2F07%2F22&k_raceNo=7&k_babaCode=21,data/cache/html/20210722_kawasaki_7.html
20210722_kawasaki_8,2021-07-22,kawasaki,8,https://www.keiba.go.jp/KeibaWeb/TodayRaceInfo/RaceMarkTable?k_raceDate=2021%2F07%2F22&k_raceNo=8&k_babaCode=21,data/cache/html/20210722_kawasaki_8.html
20210722_kawasaki_9,2021-07-22,kawasaki,9,https://www.keiba.go.jp/KeibaWeb/TodayRaceInfo/RaceMarkTable?k_raceDate=2021%2F07%2F22&k_raceNo=9&k_babaCode=21,data/cache/html/20210722_kawasaki_9.html
20210722_kawasaki_10,2021-07-22,kawasaki,10,https://www.keiba.go.jp/KeibaWeb/TodayRaceInfo/RaceMarkTable?k_raceDate=2021%2F07%2F22&k_raceNo=10&k_babaCode=21,data/cache/html/20210722_kawasaki_10.html
20210722_kawasaki_11,2021-07-22,kawasaki,11,https://www.keiba.go.jp/KeibaWeb/TodayRaceInfo/RaceMarkTable?k_raceDate=2021%2F07%2F22&k_raceNo=11&k_babaCode=21,data/cache/html/20210722_kawasaki_11.html
20210722_kawasaki_12,2021-07-22,kawasaki,12,https://www.keiba.go.jp/KeibaWeb/TodayRaceInfo/RaceMarkTable?k_raceDate=2021%2F07%2F22&k_raceNo=12&k_babaCode=21,data/cache/html/20210722_kawasaki_12.html
20210721_kawasaki_1,2021-07-21,kawasaki,1,https://www.keiba.go.jp/KeibaWeb/TodayRaceInfo/RaceMarkTable?k_raceDate=2021%2F07%2F21&k_raceNo=1&k_babaCode=21,data/cache/html/20210721_kawasaki_1.html
20210721_kawasaki_2,2021-07-21,kawasaki,2,https://www.keiba.go.jp/KeibaWeb/TodayRaceInfo/RaceMarkTable?k_raceDate=2021%2F07%2F21&k_raceNo=2&k_babaCode=21,data/cache/html/20210721_kawasaki_2.html
20210721_kawasaki_3,2021-07-21,kawasaki,3,https://www.keiba.go.jp/KeibaWeb/TodayRaceInfo/RaceMarkTable?k_raceDate=2021%2F07%2F21&k_raceNo=3&k_babaCode=21,data/cache/html/20210721_kawasaki_3.html
20210721_kawasaki_4,2021-07-21,kawasaki,4,https://www.keiba.go.jp/KeibaWeb/TodayRaceInfo/RaceMarkTable?k_raceDate=2021%2F07%2F21&k_raceNo=4&k_babaCode=21,data/cache/html/20210721_kawasaki_4.html
20210721_kawasaki_5,2021-07-21,kawasaki,5,https://www.keiba.go.jp/KeibaWeb/TodayRaceInfo/RaceMarkTable?k_raceDate=2021%2F07%2F21&k_raceNo=5&k_babaCode=21,data/cache/html/20210721_kawasaki_5.html
20210721_kawasaki_6,2021-07-21,kawasaki,6,https://www.keiba.go.jp/KeibaWeb/TodayRaceInfo/RaceMarkTable?k_raceDate=2021%2F07%2F21&k_raceNo=6&k_babaCode=21,data/cache/html/20210721_kawasaki_6.html
20210721_kawasaki_7,2021-07-21,kawasaki,7,https://www.keiba.go.jp/KeibaWeb/TodayRaceInfo/RaceMarkTable?k_raceDate=2021%2F07%2F21&k_raceNo=7&k_babaCode=21,data/cache/html/20210721_kawasaki_7.html
20210721_kawasaki_8,2021-07-21,kawasaki,8,https://www.keiba.go.jp/KeibaWeb/TodayRaceInfo/RaceMarkTable?k_raceDate=2021%2F07%2F21&k_raceNo=8&k_babaCode=21,data/cache/html/20210721_kawasaki_8.html
20210721_kawasaki_9,2021-07-21,kawasaki,9,https://www.keiba.go.jp/KeibaWeb/TodayRaceInfo/RaceMarkTable?k_raceDate=2021%2F07%2F21&k_raceNo=9&k_babaCode=21,data/cache/html/20210721_kawasaki_9.html
20210721_kawasaki_10,2021-07-21,kawasaki,10,https://www.keiba.go.jp/KeibaWeb/TodayRaceInfo/RaceMarkTable?k_raceDate=2021%2F07%2F21&k_raceNo=10&k_babaCode=21,data/cache/html/20210721_kawasaki_10.html
20210721_kawasaki_11,2021-07-21,kawasaki,11,https://www.keiba.go.jp/KeibaWeb/TodayRaceInfo/RaceMarkTable?k_raceDate=2021%2F07%2F21&k_raceNo=11&k_babaCode=21,data/cache/html/20210721_kawasaki_11.html
20210721_kawasaki_12,2021-07-21,kawasaki,12,https://www.keiba.go.jp/KeibaWeb/TodayRaceInfo/RaceMarkTable?k_raceDate=2021%2F07%2F21&k_raceNo=12&k_babaCode=21,data/cache/html/20210721_kawasaki_12.html
20210720_kawasaki_1,2021-07-20,kawasaki,1,https://www.keiba.go.jp/KeibaWeb/TodayRaceInfo/RaceMarkTable?k_raceDate=2021%2F07%2F20&k_raceNo=1&k_babaCode=21,data/cache/html/20210720_kawasaki_1.html
20210720_kawasaki_2,2021-07-20,kawasaki,2,https://www.keiba.go.jp/KeibaWeb/TodayRaceInfo/RaceMarkTable?k_raceDate=2021%2F07%2F20&k_raceNo=2&k_babaCode=21,data/cache/html/20210720_kawasaki_2.html
20210720_kawasaki_3,2021-07-20,kawasaki,3,https://www.keiba.go.jp/KeibaWeb/TodayRaceInfo/RaceMarkTable?k_raceDate=2021%2F07%2F20&k_raceNo=3&k_babaCode=21,data/cache/html/20210720_kawasaki_3.html
20210720_kawasaki_4,2021-07-20,kawasaki,4,https://www.keiba.go.jp/KeibaWeb/TodayRaceInfo/RaceMarkTable?k_raceDate=2021%2F07%2F20&k_raceNo=4&k_babaCode=21,data/cache/html/20210720_kawasaki_4.html
20210720_kawasaki_5,2021-07-20,kawasaki,5,https://www.keiba.go.jp/KeibaWeb/TodayRaceInfo/RaceMarkTable?k_raceDate=2021%2F07%2F20&k_raceNo=5&k_babaCode=21,data/cache/html/20210720_kawasaki_5.html
20210720_kawasaki_6,2021-07-20,kawasaki,6,https://www.keiba.go.jp/KeibaWeb/TodayRaceInfo/RaceMarkTable?k_raceDate=2021%2F07%2F20&k_raceNo=6&k_babaCode=21,data/cache/html/20210720_kawasaki_6.html
20210720_kawasaki_7,2021-07-20,kawasaki,7,https://www.keiba.go.jp/KeibaWeb/TodayRaceInfo/RaceMarkTable?k_raceDate=2021%2F07%2F20&k_raceNo=7&k_babaCode=21,data/cache/html/20210720_kawasaki_7.html
20210720_kawasaki_8,2021-07-20,kawasaki,8,https://www.keiba.go.jp/KeibaWeb/TodayRaceInfo/RaceMarkTable?k_raceDate=2021%2F07%2F20&k_raceNo=8&k_babaCode=21,data/cache/html/20210720_kawasaki_8.html
20210720_kawasaki_9,2021-07-20,kawasaki,9,https://www.keiba.go.jp/KeibaWeb/TodayRaceInfo/RaceMarkTable?k_raceDate=2021%2F07%2F20&k_raceNo=9&k_babaCode=21,data/cache/html/20210720_kawasaki_9.html
20210720_kawasaki_10,2021-07-20,kawasaki,10,https://www.keiba.go.jp/KeibaWeb/TodayRaceInfo/RaceMarkTable?k_raceDate=2021%2F07%2F20&k_raceNo=10&k_babaCode=21,data/cache/html/20210720_kawasaki_10.html
20210720_kawasaki_11,2021-07-20,kawasaki,11,https://www.keiba.go.jp/KeibaWeb/TodayRaceInfo/RaceMarkTable?k_raceDate=2021%2F07%2F20&k_raceNo=11&k_babaCode=21,data/cache/html/20210720_kawasaki_11.html
20210720_kawasaki_12,2021-07-20,kawasaki,12,https://www.keiba.go.jp/KeibaWeb/TodayRaceInfo/RaceMarkTable?k_raceDate=2021%2F07%2F20&k_raceNo=12&k_babaCode=21,data/cache/html/20210720_kawasaki_12.html
20210719_kawasaki_1,2021-07-19,kawasaki,1,https://www.keiba.go.jp/KeibaWeb/TodayRaceInfo/RaceMarkTable?k_raceDate=2021%2F07%2F19&k_raceNo=1&k_babaCode=21,data/cache/html/20210719_kawasaki_1.html
20210719_kawasaki_2,2021-07-19,kawasaki,2,https://www.keiba.go.jp/KeibaWeb/TodayRaceInfo/RaceMarkTable?k_raceDate=2021%2F07%2F19&k_raceNo=2&k_babaCode=21,data/cache/html/20210719_kawasaki_2.html
20210719_kawasaki_3,2021-07-19,kawasaki,3,https://www.keiba.go.jp/KeibaWeb/TodayRaceInfo/RaceMarkTable?k_raceDate=2021%2F07%2F19&k_raceNo=3&k_babaCode=21,data/cache/html/20210719_kawasaki_3.html
20210719_kawasaki_4,2021-07-19,kawasaki,4,https://www.keiba.go.jp/KeibaWeb/TodayRaceInfo/RaceMarkTable?k_raceDate=2021%2F07%2F19&k_raceNo=4&k_babaCode=21,data/cache/html/20210719_kawasaki_4.html
20210719_kawasaki_5,2021-07-19,kawasaki,5,https://www.keiba.go.jp/KeibaWeb/TodayRaceInfo/RaceMarkTable?k_raceDate=2021%2F07%2F19&k_raceNo=5&k_babaCode=21,data/cache/html/20210719_kawasaki_5.html
20210719_kawasaki_6,2021-07-19,kawasaki,6,https://www.keiba.go.jp/KeibaWeb/TodayRaceInfo/RaceMarkTable?k_raceDate=2021%2F07%2F19&k_raceNo=6&k_babaCode=21,data/cache/html/20210719_kawasaki_6.html
20210719_kawasaki_7,2021-07-19,kawasaki,7,https://www.keiba.go.jp/KeibaWeb/TodayRaceInfo/RaceMarkTable?k_raceDate=2021%2F07%2F19&k_raceNo=7&k_babaCode=21,data/cache/html/20210719_kawasaki_7.html
20210719_kawasaki_8,2021-07-19,kawasaki,8,https://www.keiba.go.jp/KeibaWeb/TodayRaceInfo/RaceMarkTable?k_raceDate=2021%2F07%2F19&k_raceNo=8&k_babaCode=21,data/cache/html/20210719_kawasaki_8.html
20210719_kawasaki_9,2021-07-19,kawasaki,9,https://www.keiba.go.jp/KeibaWeb/TodayRaceInfo/RaceMarkTable?k_raceDate=2021%2F07%2F19&k_raceNo=9&k_babaCode=21,data/cache/html/20210719_kawasaki_9.html
20210719_kawasaki_10,2021-07-19,kawasaki,10,https://www.keiba.go.jp/KeibaWeb/TodayRaceInfo/RaceMarkTable?k_raceDate=2021%2F07%2F19&k_raceNo=10&k_babaCode=21,data/cache/html/20210719_kawasaki_10.html
20210719_kawasaki_11,2021-07-19,kawasaki,11,https://www.keiba.go.jp/KeibaWeb/TodayRaceInfo/RaceMarkTable?k_raceDate=2021%2F07%2F19&k_raceNo=11&k_babaCode=21,data/cache/html/20210719_kawasaki_11.html
20210719_kawasaki_12,2021-07-19,kawasaki,12,https://www.keiba.go.jp/KeibaWeb/TodayRaceInfo/RaceMarkTable?k_raceDate=2021%2F07%2F19&k_raceNo=12&k_babaCode=21,data/cache/html/20210719_kawasaki_12.html
20210718_kawasaki_1,2021-07-18,kawasaki,1,https://www.keiba.go.jp/KeibaWeb/TodayRaceInfo/RaceMarkTable?k_raceDate=2021%2F07%2F18&k_raceNo=1&k_babaCode=21,data/cache/html/20210718_kawasaki_1.html
20210718_kawasaki_2,2021-07-18,kawasaki,2,https://www.keiba.go.jp/KeibaWeb/TodayRaceInfo/RaceMarkTable?k_raceDate=2021%2F07%2F18&k_raceNo=2&k_babaCode=21,data/cache/html/20210718_kawasaki_2.html
20210718_kawasaki_3,2021-07-18,kawasaki,3,https://www.keiba.go.jp/KeibaWeb/TodayRaceInfo/RaceMarkTable?k_raceDate=2021%2F07%2F18&k_raceNo=3&k_babaCode=21,data/cache/html/20210718_kawasaki_3.html
20210718_kawasaki_4,2021-07-18,kawasaki,4,https://www.keiba.go.jp/KeibaWeb/TodayRaceInfo/RaceMarkTable?k_raceDate=2021%2F07%2F18&k_raceNo=4&k_babaCode=21,data/cache/html/20210718_kawasaki_4.html
20210718_kawasaki_5,2021-07-18,kawasaki,5,https://www.keiba.go.jp/KeibaWeb/TodayRaceInfo/RaceMarkTable?k_raceDate=2021%2F07%2F18&k_raceNo=5&k_babaCode=21,data/cache/html/20210718_kawasaki_5.html
20210718_kawasaki_6,2021-07-18,kawasaki,6,https://www.keiba.go.jp/KeibaWeb/TodayRaceInfo/RaceMarkTable?k_raceDate=2021%2F07%2F18&k_raceNo=6&k_babaCode=21,data/cache/html/20210718_kawasaki_6.html
20210718_kawasaki_7,2021-07-18,kawasaki,7,https://www.keiba.go.jp/KeibaWeb/TodayRaceInfo/RaceMarkTable?k_raceDate=2021%2F07%2F18&k_raceNo=7&k_babaCode=21,data/cache/html/20210718_kawasaki_7.html
20210718_kawasaki_8,2021-07-18,kawasaki,8,https://www.keiba.go.jp/KeibaWeb/TodayRaceInfo/RaceMarkTable?k_raceDate=2021%2F07%2F18&k_raceNo=8&k_babaCode=21,data/cache/html/20210718_kawasaki_8.html
20210718_kawasaki_9,2021-07-18,kawasaki,9,https://www.keiba.go.jp/KeibaWeb/TodayRaceInfo/RaceMarkTable?k_raceDate=2021%2F07%2F18&k_raceNo=9&k_babaCode=21,data/cache/html/20210718_kawasaki_9.html
20210718_kawasaki_10,2021-07-18,kawasaki,10,https://www.keiba.go.jp/KeibaWeb/TodayRaceInfo/RaceMarkTable?k_raceDate=2021%2F07%2F18&k_raceNo=10&k_babaCode=21,data/cache/html/20210718_kawasaki_10.html
20210718_kawasaki_11,2021-07-18,kawasaki,11,https://www.keiba.go.jp/KeibaWeb/TodayRaceInfo/RaceMarkTable?k_raceDate=2021%2F07%2F18&k_raceNo=11&k_babaCode=21,data/cache/html/20210718_kawasaki_11.html
20210718_kawasaki_12,2021-07-18,kawasaki,12,https://www.keiba.go.jp/KeibaWeb/TodayRaceInfo/RaceMarkTable?k_raceDate=2021%2F07%2F18&k_raceNo=12&k_babaCode=21,data/cache/html/20210718_kawasaki_12.html
20210717_kawasaki_1,2021-07-17,kawasaki,1,https://www.keiba.go.jp/KeibaWeb/TodayRaceInfo/RaceMarkTable?k_raceDate=2021%2F07%2F17&k_raceNo=1&k_babaCode=21,data/cache/html/20210717_kawasaki_1.html
20210717_kawasaki_2,2021-07-17,kawasaki,2,https://www.keiba.go.jp/KeibaWeb/TodayRaceInfo/RaceMarkTable?k_raceDate=2021%2F07%2F17&k_raceNo=2&k_babaCode=21,data/cache/html/20210717_kawasaki_2.html
20210717_kawasaki_3,2021-07-17,kawasaki,3,https://www.keiba.go.jp/KeibaWeb/TodayRaceInfo/RaceMarkTable?k_raceDate=2021%2F07%2F17&k_raceNo=3&k_babaCode=21,data/cache/html/20210717_kawasaki_3.html
20210717_kawasaki_4,2021-07-17,kawasaki,4,https://www.keiba.go.jp/KeibaWeb/TodayRaceInfo/RaceMarkTable?k_raceDate=2021%2F07%2F17&k_raceNo=4&k_babaCode=21,data/cache/html/20210717_kawasaki_4.html
20210717_kawasaki_5,2021-07-17,kawasaki,5,https://www.keiba.go.jp/KeibaWeb/TodayRaceInfo/RaceMarkTable?k_raceDate=2021%2F07%2F17&k_raceNo=5&k_babaCode=21,data/cache/html/20210717_kawasaki_5.html
20210717_kawasaki_6,2021-07-17,kawasaki,6,https://www.keiba.go.jp/KeibaWeb/TodayRaceInfo/RaceMarkTable?k_raceDate=2021%2F07%2F17&k_raceNo=6&k_babaCode=21,data/cache/html/20210717_kawasaki_6.html
20210717_kawasaki_7,2021-07-17,kawasaki,7,https://www.keiba.go.jp/KeibaWeb/TodayRaceInfo/RaceMarkTable?k_raceDate=2021%2F07%2F17&k_raceNo=7&k_babaCode=21,data/cache/html/20210717_kawasaki_7.html
20210717_kawasaki_8,2021-07-17,kawasaki,8,https://www.keiba.go.jp/KeibaWeb/TodayRaceInfo/RaceMarkTable?k_raceDate=2021%2F07%2F17&k_raceNo=8&k_babaCode=21,data/cache/html/20210717_kawasaki_8.html
20210717_kawasaki_9,2021-07-17,kawasaki,9,https://www.keiba.go.jp/KeibaWeb/TodayRaceInfo/RaceMarkTable?k_raceDate=2021%2F07%2F17&k_raceNo=9&k_babaCode=21,data/cache/html/20210717_kawasaki_9.html
20210717_kawasaki_10,2021-07-17,kawasaki,10,https://www.keiba.go.jp/KeibaWeb/TodayRaceInfo/RaceMarkTable?k_raceDate=2021%2F07%2F17&k_raceNo=10&k_babaCode=21,data/cache/html/20210717_kawasaki_10.html
20210717_kawasaki_11,2021-07-17,kawasaki,11,https://www.keiba.go.jp/KeibaWeb/TodayRaceInfo/RaceMarkTable?k_raceDate=2021%2F07%2F17&k_raceNo=11&k_babaCode=21,data/cache/html/20210717_kawasaki_11.html
20210717_kawasaki_12,2021-07-17,kawasaki,12,https://www.keiba.go.jp/KeibaWeb/TodayRaceInfo/RaceMarkTable?k_raceDate=2021%2F07%2F17&k_raceNo=12&k_babaCode=21,data/cache/html/20210717_kawasaki_12.html
20210716_kawasaki_1,2021-07-16,kawasaki,1,https://www.keiba.go.jp/KeibaWeb/TodayRaceInfo/RaceMarkTable?k_raceDate=2021%2F07%2F16&k_raceNo=1&k_babaCode=21,data/cache/html/20210716_kawasaki_1.html
20210716_kawasaki_2,2021-07-16,kawasaki,2,https://www.keiba.go.jp/KeibaWeb/TodayRaceInfo/RaceMarkTable?k_raceDate=2021%2F07%2F16&k_raceNo=2&k_babaCode=21,data/cache/html/20210716_kawasaki_2.html
20210716_kawasaki_3,2021-07-16,kawasaki,3,https://www.keiba.go.jp/KeibaWeb/TodayRaceInfo/RaceMarkTable?k_raceDate=2021%2F07%2F16&k_raceNo=3&k_babaCode=21,data/cache/html/20210716_kawasaki_3.html
20210716_kawasaki_4,2021-07-16,kawasaki,4,https://www.keiba.go.jp/KeibaWeb/TodayRaceInfo/RaceMarkTable?k_raceDate=2021%2F07%2F16&k_raceNo=4&k_babaCode=21,data/cache/html/20210716_kawasaki_4.html
20210716_kawasaki_5,2021-07-16,kawasaki,5,https://www.keiba.go.jp/KeibaWeb/TodayRaceInfo/RaceMarkTable?k_raceDate=2021%2F07%2F16&k_raceNo=5&k_babaCode=21,data/cache/html/20210716_kawasaki_5.html
20210716_kawasaki_6,2021-07-16,kawasaki,6,https://www.keiba.go.jp/KeibaWeb/TodayRaceInfo/RaceMarkTable?k_raceDate=2021%2F07%2F16&k_raceNo=6&k_babaCode=21,data/cache/html/20210716_kawasaki_6.html
20210716_kawasaki_7,2021-07-16,kawasaki,7,https://www.keiba.go.jp/KeibaWeb/TodayRaceInfo/RaceMarkTable?k_raceDate=2021%2F07%2F16&k_raceNo=7&k_babaCode=21,data/cache/html/20210716_kawasaki_7.html
20210716_kawasaki_8,2021-07-16,kawasaki,8,https://www.keiba.go.jp/KeibaWeb/TodayRaceInfo/RaceMarkTable?k_raceDate=2021%2F07%2F16&k_raceNo=8&k_babaCode=21,data/cache/html/20210716_kawasaki_8.html
20210716_kawasaki_9,2021-07-16,kawasaki,9,https://www.keiba.go.jp/KeibaWeb/TodayRaceInfo/RaceMarkTable?k_raceDate=2021%2F07%2F16&k_raceNo=9&k_babaCode=21,data/cache/html/20210716_kawasaki_9.html
20210716_kawasaki_10,2021-07-16,kawasaki,10,https://www.keiba.go.jp/KeibaWeb/TodayRaceInfo/RaceMarkTable?k_raceDate=2021%2F07%2F16&k_raceNo=10&k_babaCode=21,data/cache/html/20210716_kawasaki_10.html
20210716_kawasaki_11,2021-07-16,kawasaki,11,https://www.keiba.go.jp/KeibaWeb/TodayRaceInfo/RaceMarkTable?k_raceDate=2021%2F07%2F16&k_raceNo=11&k_babaCode=21,data/cache/html/20210716_kawasaki_11.html
20210716_kawasaki_12,2021-07-16,kawasaki,12,https://www.keiba.go.jp/KeibaWeb/TodayRaceInfo/RaceMarkTable?k_raceDate=2021%2F07%2F16&k_raceNo=12&k_babaCode=21,data/cache/html/20210716_kawasaki_12.html
20210715_kawasaki_1,2021-07-15,kawasaki,1,https://www.keiba.go.jp/KeibaWeb/TodayRaceInfo/RaceMarkTable?k_raceDate=2021%2F07%2F15&k_raceNo=1&k_babaCode=21,data/cache/html/20210715_kawasaki_1.html
20210715_kawasaki_2,2021-07-15,kawasaki,2,https://www.keiba.go.jp/KeibaWeb/TodayRaceInfo/RaceMarkTable?k_raceDate=2021%2F07%2F15&k_raceNo=2&k_babaCode=21,data/cache/html/20210715_kawasaki_2.html
20210715_kawasaki_3,2021-07-15,kawasaki,3,https://www.keiba.go.jp/KeibaWeb/TodayRaceInfo/RaceMarkTable?k_raceDate=2021%2F07%2F15&k_raceNo=3&k_babaCode=21,data/cache/html/20210715_kawasaki_3.html
20210715_kawasaki_4,2021-07-15,kawasaki,4,https://www.keiba.go.jp/KeibaWeb/TodayRaceInfo/RaceMarkTable?k_raceDate=2021%2F07%2F15&k_raceNo=4&k_babaCode=21,data/cache/html/20210715_kawasaki_4.html
20210715_kawasaki_5,2021-07-15,kawasaki,5,https://www.keiba.go.jp/KeibaWeb/TodayRaceInfo/RaceMarkTable?k_raceDate=2021%2F07%2F15&k_raceNo=5&k_babaCode=21,data/cache/html/20210715_kawasaki_5.html
20210715_kawasaki_6,2021-07-15,kawasaki,6,https://www.keiba.go.jp/KeibaWeb/TodayRaceInfo/RaceMarkTable?k_raceDate=2021%2F07%2F15&k_raceNo=6&k_babaCode=21,data/cache/html/20210715_kawasaki_6.html
20210715_kawasaki_7,2021-07-15,kawasaki,7,https://www.keiba.go.jp/KeibaWeb/TodayRaceInfo/RaceMarkTable?k_raceDate=2021%2F07%2F15&k_raceNo=7&k_babaCode=21,data/cache/html/20210715_kawasaki_7.html
20210715_kawasaki_8,2021-07-15,kawasaki,8,https://www.keiba.go.jp/KeibaWeb/TodayRaceInfo/RaceMarkTable?k_raceDate=2021%2F07%2F15&k_raceNo=8&k_babaCode=21,data/cache/html/20210715_kawasaki_8.html
20210715_kawasaki_9,2021-07-15,kawasaki,9,https://www.keiba.go.jp/KeibaWeb/TodayRaceInfo/RaceMarkTable?k_raceDate=2021%2F07%2F15&k_raceNo=9&k_babaCode=21,data/cache/html/20210715_kawasaki_9.html
20210715_kawasaki_10,2021-07-15,kawasaki,10,https://www.keiba.go.jp/KeibaWeb/TodayRaceInfo/RaceMarkTable?k_raceDate=2021%2F07%2F15&k_raceNo=10&k_babaCode=21,data/cache/html/20210715_kawasaki_10.html
20210715_kawasaki_11,2021-07-15,kawasaki,11,https://www.keiba.go.jp/KeibaWeb/TodayRaceInfo/RaceMarkTable?k_raceDate=2021%2F07%2F15&k_raceNo=11&k_babaCode=21,data/cache/html/20210715_kawasaki_11.html
20210715_kawasaki_12,2021-07-15,kawasaki,12,https://www.keiba.go.jp/KeibaWeb/TodayRaceInfo/RaceMarkTable?k_raceDate=2021%2F07%2F15&k_raceNo=12&k_babaCode=21,data/cache/html/20210715_kawasaki_12.html
20210714_kawasaki_1,2021-07-14,kawasaki,1,https://www.keiba.go.jp/KeibaWeb/TodayRaceInfo/RaceMarkTable?k_raceDate=2021%2F07%2F14&k_raceNo=1&k_babaCode=21,data/cache/html/20210714_kawasaki_1.html
20210714_kawasaki_2,2021-07-14,kawasaki,2,https://www.keiba.go.jp/KeibaWeb/TodayRaceInfo/RaceMarkTable?k_raceDate=2021%2F07%2F14&k_raceNo=2&k_babaCode=21,data/cache/html/20210714_kawasaki_2.html
20210714_kawasaki_3,2021-07-14,kawasaki,3,https://www.keiba.go.jp/KeibaWeb/TodayRaceInfo/RaceMarkTable?k_raceDate=2021%2F07%2F14&k_raceNo=3&k_babaCode=21,data/cache/html/20210714_kawasaki_3.html
20210714_kawasaki_4,2021-07-14,kawasaki,4,https://www.keiba.go.jp/KeibaWeb/TodayRaceInfo/RaceMarkTable?k_raceDate=2021%2F07%2F14&k_raceNo=4&k_babaCode=21,data/cache/html/20210714_kawasaki_4.html
20210714_kawasaki_5,2021-07-14,kawasaki,5,https://www.keiba.go.jp/KeibaWeb/TodayRaceInfo/RaceMarkTable?k_raceDate=2021%2F07%2F14&k_raceNo=5&k_babaCode=21,data/cache/html/20210714_kawasaki_5.html
20210714_kawasaki_6,2021-07-14,kawasaki,6,https://www.keiba.go.jp/KeibaWeb/TodayRaceInfo/RaceMarkTable?k_raceDate=2021%2F07%2F14&k_raceNo=6&k_babaCode=21,data/cache/html/20210714_kawasaki_6.html
20210714_kawasaki_7,2021-07-14,kawasaki,7,https://www.keiba.go.jp/KeibaWeb/TodayRaceInfo/RaceMarkTable?k_raceDate=2021%2F07%2F14&k_raceNo=7&k_babaCode=21,data/cache/html/20210714_kawasaki_7.html
20210714_kawasaki_8,2021-07-14,kawasaki,8,https://www.keiba.go.jp/KeibaWeb/TodayRaceInfo/RaceMarkTable?k_raceDate=2021%2F07%2F14&k_raceNo=8&k_babaCode=21,data/cache/html/20210714_kawasaki_8.html
20210714_kawasaki_9,2021-07-14,kawasaki,9,https://www.keiba.go.jp/KeibaWeb/TodayRaceInfo/RaceMarkTable?k_raceDate=2021%2F07%2F14&k_raceNo=9&k_babaCode=21,data/cache/html/20210714_kawasaki_9.html
20210714_kawasaki_10,2021-07-14,kawasaki,10,https://www.keiba.go.jp/KeibaWeb/TodayRaceInfo/RaceMarkTable?k_raceDate=2021%2F07%2F14&k_raceNo=10&k_babaCode=21,data/cache/html/20210714_kawasaki_10.html
20210714_kawasaki_11,2021-07-14,kawasaki,11,https://www.keiba.go.jp/KeibaWeb/TodayRaceInfo/RaceMarkTable?k_raceDate=2021%2F07%2F14&k_raceNo=11&k_babaCode=21,data/cache/html/20210714_kawasaki_11.html
20210714_kawasaki_12,2021-07-14,kawasaki,12,https://www.keiba.go.jp/KeibaWeb/TodayRaceInfo/RaceMarkTable?k_raceDate=2021%2F07%2F14&k_raceNo=12&k_babaCode=21,data/cache/html/20210714_kawasaki_12.html
20210713_kawasaki_1,2021-07-13,kawasaki,1,https://www.keiba.go.jp/KeibaWeb/TodayRaceInfo/RaceMarkTable?k_raceDate=2021%2F07%2F13&k_raceNo=1&k_babaCode=21,data/cache/html/20210713_kawasaki_1.html
20210713_kawasaki_2,2021-07-13,kawasaki,2,https://www.keiba.go.jp/KeibaWeb/TodayRaceInfo/RaceMarkTable?k_raceDate=2021%2F07%2F13&k_raceNo=2&k_babaCode=21,data/cache/html/20210713_kawasaki_2.html
20210713_kawasaki_3,2021-07-13,kawasaki,3,https://www.keiba.go.jp/KeibaWeb/TodayRaceInfo/RaceMarkTable?k_raceDate=2021%2F07%2F13&k_raceNo=3&k_babaCode=21,data/cache/html/20210713_kawasaki_3.html
20210713_kawasaki_4,2021-07-13,kawasaki,4,https://www.keiba.go.jp/KeibaWeb/TodayRaceInfo/RaceMarkTable?k_raceDate=2021%2F07%2F13&k_raceNo=4&k_babaCode=21,data/cache/html/20210713_kawasaki_4.html
20210713_kawasaki_5,2021-07-13,kawasaki,5,https://www.keiba.go.jp/KeibaWeb/TodayRaceInfo/RaceMarkTable?k_raceDate=2021%2F07%2F13&k_raceNo=5&k_babaCode=21,data/cache/html/20210713_kawasaki_5.html
20210713_kawasaki_6,2021-07-13,kawasaki,6,https://www.keiba.go.jp/KeibaWeb/TodayRaceInfo/RaceMarkTable?k_raceDate=2021%2F07%2F13&k_raceNo=6&k_babaCode=21,data/cache/html/20210713_kawasaki_6.html
20210713_kawasaki_7,2021-07-13,kawasaki,7,https://www.keiba.go.jp/KeibaWeb/TodayRaceInfo/RaceMarkTable?k_raceDate=2021%2F07%2F13&k_raceNo=7&k_babaCode=21,data/cache/html/20210713_kawasaki_7.html
20210713_kawasaki_8,2021-07-13,kawasaki,8,https://www.keiba.go.jp/KeibaWeb/TodayRaceInfo/RaceMarkTable?k_raceDate=2021%2F07%2F13&k_raceNo=8&k_babaCode=21,data/cache/html/20210713_kawasaki_8.html
20210713_kawasaki_9,2021-07-13,kawasaki,9,https://www.keiba.go.jp/KeibaWeb/TodayRaceInfo/RaceMarkTable?k_raceDate=2021%2F07%2F13&k_raceNo=9&k_babaCode=21,data/cache/html/20210713_kawasaki_9.html
20210713_kawasaki_10,2021-07-13,kawasaki,10,https://www.keiba.go.jp/KeibaWeb/TodayRaceInfo/RaceMarkTable?k_raceDate=2021%2F07%2F13&k_raceNo=10&k_babaCode=21,data/cache/html/20210713_kawasaki_10.html
20210713_kawasaki_11,2021-07-13,kawasaki,11,https://www.keiba.go.jp/KeibaWeb/TodayRaceInfo/RaceMarkTable?k_raceDate=2021%2F07%2F13&k_raceNo=11&k_babaCode=21,data/cache/html/20210713_kawasaki_11.html
20210713_kawasaki_12,2021-07-13,kawasaki,12,https://www.keiba.go.jp/KeibaWeb/TodayRaceInfo/RaceMarkTable?k_raceDate=2021%2F07%2F13&k_raceNo=12&k_babaCode=21,data/cache/html/20210713_kawasaki_12.html
20210712_kawasaki_1,2021-07-12,kawasaki,1,https://www.keiba.go.jp/KeibaWeb/TodayRaceInfo/RaceMarkTable?k_raceDate=2021%2F07%2F12&k_raceNo=1&k_babaCode=21,data/cache/html/20210712_kawasaki_1.html
20210712_kawasaki_2,2021-07-12,kawasaki,2,https://www.keiba.go.jp/KeibaWeb/TodayRaceInfo/RaceMarkTable?k_raceDate=2021%2F07%2F12&k_raceNo=2&k_babaCode=21,data/cache/html/20210712_kawasaki_2.html
20210712_kawasaki_3,2021-07-12,kawasaki,3,https://www.keiba.go.jp/KeibaWeb/TodayRaceInfo/RaceMarkTable?k_raceDate=2021%2F07%2F12&k_raceNo=3&k_babaCode=21,data/cache/html/20210712_kawasaki_3.html
20210712_kawasaki_4,2021-07-12,kawasaki,4,https://www.keiba.go.jp/KeibaWeb/TodayRaceInfo/RaceMarkTable?k_raceDate=2021%2F07%2F12&k_raceNo=4&k_babaCode=21,data/cache/html/20210712_kawasaki_4.html
20210712_kawasaki_5,2021-07-12,kawasaki,5,https://www.keiba.go.jp/KeibaWeb/TodayRaceInfo/RaceMarkTable?k_raceDate=2021%2F07%2F12&k_raceNo=5&k_babaCode=21,data/cache/html/20210712_kawasaki_5.html
20210712_kawasaki_6,2021-07-12,kawasaki,6,https://www.keiba.go.jp/KeibaWeb/TodayRaceInfo/RaceMarkTable?k_raceDate=2021%2F07%2F12&k_raceNo=6&k_babaCode=21,data/cache/html/20210712_kawasaki_6.html
20210712_kawasaki_7,2021-07-12,kawasaki,7,https://www.keiba.go.jp/KeibaWeb/TodayRaceInfo/RaceMarkTable?k_raceDate=2021%2F07%2F12&k_raceNo=7&k_babaCode=21,data/cache/html/20210712_kawasaki_7.html
20210712_kawasaki_8,2021-07-12,kawasaki,8,https://www.keiba.go.jp/KeibaWeb/TodayRaceInfo/RaceMarkTable?k_raceDate=2021%2F07%2F12&k_raceNo=8&k_babaCode=21,data/cache/html/20210712_kawasaki_8.html
20210712_kawasaki_9,2021-07-12,kawasaki,9,https://www.keiba.go.jp/KeibaWeb/TodayRaceInfo/RaceMarkTable?k_raceDate=2021%2F07%2F12&k_raceNo=9&k_babaCode=21,data/cache/html/20210712_kawasaki_9.html
20210712_kawasaki_10,2021-07-12,kawasaki,10,https://www.keiba.go.jp/KeibaWeb/TodayRaceInfo/RaceMarkTable?k_raceDate=2021%2F07%2F12&k_raceNo=10&k_babaCode=21,data/cache/html/20210712_kawasaki_10.html
20210712_kawasaki_11,2021-07-12,kawasaki,11,https://www.keiba.go.jp/KeibaWeb/TodayRaceInfo/RaceMarkTable?k_raceDate=2021%2F07%2F12&k_raceNo=11&k_babaCode=21,data/cache/html/20210712_kawasaki_11.html
20210712_kawasaki_12,2021-07-12,kawasaki,12,https://www.keiba.go.jp/KeibaWeb/TodayRaceInfo/RaceMarkTable?k_raceDate=2021%2F07%2F12&k_raceNo=12&k_babaCode=21,data/cache/html/20210712_kawasaki_12.html
20210711_kawasaki_1,2021-07-11,kawasaki,1,https://www.keiba.go.jp/KeibaWeb/TodayRaceInfo/RaceMarkTable?k_raceDate=2021%2F07%2F11&k_raceNo=1&k_babaCode=21,data/cache/html/20210711_kawasaki_1.html
20210711_kawasaki_2,2021-07-11,kawasaki,2,https://www.keiba.go.jp/KeibaWeb/TodayRaceInfo/RaceMarkTable?k_raceDate=2021%2F07%2F11&k_raceNo=2&k_babaCode=21,data/cache/html/20210711_kawasaki_2.html
20210711_kawasaki_3,2021-07-11,kawasaki,3,https://www.keiba.go.jp/KeibaWeb/TodayRaceInfo/RaceMarkTable?k_raceDate=2021%2F07%2F11&k_raceNo=3&k_babaCode=21,data/cache/html/20210711_kawasaki_3.html
20210711_kawasaki_4,2021-07-11,kawasaki,4,https://www.keiba.go.jp/KeibaWeb/TodayRaceInfo/RaceMarkTable?k_raceDate=2021%2F07%2F11&k_raceNo=4&k_babaCode=21,data/cache/html/20210711_kawasaki_4.html
20210711_kawasaki_5,2021-07-11,kawasaki,5,https://www.keiba.go.jp/KeibaWeb/TodayRaceInfo/RaceMarkTable?k_raceDate=2021%2F07%2F11&k_raceNo=5&k_babaCode=21,data/cache/html/20210711_kawasaki_5.html
20210711_kawasaki_6,2021-07-11,kawasaki,6,https://www.keiba.go.jp/KeibaWeb/TodayRaceInfo/RaceMarkTable?k_raceDate=2021%2F07%2F11&k_raceNo=6&k_babaCode=21,data/cache/html/20210711_kawasaki_6.html
20210711_kawasaki_7,2021-07-11,kawasaki,7,https://www.keiba.go.jp/KeibaWeb/TodayRaceInfo/RaceMarkTable?k_raceDate=2021%2F07%2F11&k_raceNo=7&k_babaCode=21,data/cache/html/20210711_kawasaki_7.html
20210711_kawasaki_8,2021-07-11,kawasaki,8,https://www.keiba.go.jp/KeibaWeb/TodayRaceInfo/RaceMarkTable?k_raceDate=2021%2F07%2F11&k_raceNo=8&k_babaCode=21,data/cache/html/20210711_kawasaki_8.html
20210711_kawasaki_9,2021-07-11,kawasaki,9,https://www.keiba.go.jp/KeibaWeb/TodayRaceInfo/RaceMarkTable?k_raceDate=2021%2F07%2F11&k_raceNo=9&k_babaCode=21,data/cache/html/20210711_kawasaki_9.html
20210711_kawasaki_10,2021-07-11,kawasaki,10,https://www.keiba.go.jp/KeibaWeb/TodayRaceInfo/RaceMarkTable?k_raceDate=2021%2F07%2F11&k_raceNo=10&k_babaCode=21,data/cache/html/20210711_kawasaki_10.html
20210711_kawasaki_11,2021-07-11,kawasaki,11,https://www.keiba.go.jp/KeibaWeb/TodayRaceInfo/RaceMarkTable?k_raceDate=2021%2F07%2F11&k_raceNo=11&k_babaCode=21,data/cache/html/20210711_kawasaki_11.html
20210711_kawasaki_12,2021-07-11,kawasaki,12,https://www.keiba.go.jp/KeibaWeb/TodayRaceInfo/RaceMarkTable?k_raceDate=2021%2F07%2F11&k_raceNo=12&k_babaCode=21,data/cache/html/20210711_kawasaki_12.html
20210710_kawasaki_1,2021-07-10,kawasaki,1,https://www.keiba.go.jp/KeibaWeb/TodayRaceInfo/RaceMarkTable?k_raceDate=2021%2F07%2F10&k_raceNo=1&k_babaCode=21,data/cache/html/20210710_kawasaki_1.html
20210710_kawasaki_2,2021-07-10,kawasaki,2,https://www.keiba.go.jp/KeibaWeb/TodayRaceInfo/RaceMarkTable?k_raceDate=2021%2F07%2F10&k_raceNo=2&k_babaCode=21,data/cache/html/20210710_kawasaki_2.html
20210710_kawasaki_3,2021-07-10,kawasaki,3,https://www.keiba.go.jp/KeibaWeb/TodayRaceInfo/RaceMarkTable?k_raceDate=2021%2F07%2F10&k_raceNo=3&k_babaCode=21,data/cache/html/20210710_kawasaki_3.html
20210710_kawasaki_4,2021-07-10,kawasaki,4,https://www.keiba.go.jp/KeibaWeb/TodayRaceInfo/RaceMarkTable?k_raceDate=2021%2F07%2F10&k_raceNo=4&k_babaCode=21,data/cache/html/20210710_kawasaki_4.html
20210710_kawasaki_5,2021-07-10,kawasaki,5,https://www.keiba.go.jp/KeibaWeb/TodayRaceInfo/RaceMarkTable?k_raceDate=2021%2F07%2F10&k_raceNo=5&k_babaCode=21,data/cache/html/20210710_kawasaki_5.html
20210710_kawasaki_6,2021-07-10,kawasaki,6,https://www.keiba.go.jp/KeibaWeb/TodayRaceInfo/RaceMarkTable?k_raceDate=2021%2F07%2F10&k_raceNo=6&k_babaCode=21,data/cache/html/20210710_kawasaki_6.html
20210710_kawasaki_7,2021-07-10,kawasaki,7,https://www.keiba.go.jp/KeibaWeb/TodayRaceInfo/RaceMarkTable?k_raceDate=2021%2F07%2F10&k_raceNo=7&k_babaCode=21,data/cache/html/20210710_kawasaki_7.html
20210710_kawasaki_8,2021-07-10,kawasaki,8,https://www.keiba.go.jp/KeibaWeb/TodayRaceInfo/RaceMarkTable?k_raceDate=2021%2F07%2F10&k_raceNo=8&k_babaCode=21,data/cache/html/20210710_kawasaki_8.html
20210710_kawasaki_9,2021-07-10,kawasaki,9,https://www.keiba.go.jp/KeibaWeb/TodayRaceInfo/RaceMarkTable?k_raceDate=2021%2F07%2F10&k_raceNo=9&k_babaCode=21,data/cache/html/20210710_kawasaki_9.html
20210710_kawasaki_10,2021-07-10,kawasaki,10,https://www.keiba.go.jp/KeibaWeb/TodayRaceInfo/RaceMarkTable?k_raceDate=2021%2F07%2F10&k_raceNo=10&k_babaCode=21,data/cache/html/20210710_kawasaki_10.html
20210710_kawasaki_11,2021-07-10,kawasaki,11,https://www.keiba.go.jp/KeibaWeb/TodayRaceInfo/RaceMarkTable?k_raceDate=2021%2F07%2F10&k_raceNo=11&k_babaCode=21,data/cache/html/20210710_kawasaki_11.html
20210710_kawasaki_12,2021-07-10,kawasaki,12,https://www.keiba.go.jp/KeibaWeb/TodayRaceInfo/RaceMarkTable?k_raceDate=2021%2F07%2F10&k_raceNo=12&k_babaCode=21,data/cache/html/20210710_kawasaki_12.html
20210704_kawasaki_1,2021-07-04,kawasaki,1,https://www.keiba.go.jp/KeibaWeb/TodayRaceInfo/RaceMarkTable?k_raceDate=2021%2F07%2F04&k_raceNo=1&k_babaCode=21,data/cache/html/20210704_kawasaki_1.html
20210704_kawasaki_2,2021-07-04,kawasaki,2,https://www.keiba.go.jp/KeibaWeb/TodayRaceInfo/RaceMarkTable?k_raceDate=2021%2F07%2F04&k_raceNo=2&k_babaCode=21,data/cache/html/20210704_kawasaki_2.html
20210704_kawasaki_3,2021-07-04,kawasaki,3,https://www.keiba.go.jp/KeibaWeb/TodayRaceInfo/RaceMarkTable?k_raceDate=2021%2F07%2F04&k_raceNo=3&k_babaCode=21,data/cache/html/20210704_kawasaki_3.html
20210704_kawasaki_4,2021-07-04,kawasaki,4,https://www.keiba.go.jp/KeibaWeb/TodayRaceInfo/RaceMarkTable?k_raceDate=2021%2F07%2F04&k_raceNo=4&k_babaCode=21,data/cache/html/20210704_kawasaki_4.html
20210704_kawasaki_5,2021-07-04,kawasaki,5,https://www.keiba.go.jp/KeibaWeb/TodayRaceInfo/RaceMarkTable?k_raceDate=2021%2F07%2F04&k_raceNo=5&k_babaCode=21,data/cache/html/20210704_kawasaki_5.html
20210704_kawasaki_6,2021-07-04,kawasaki,6,https://www.keiba.go.jp/KeibaWeb/TodayRaceInfo/RaceMarkTable?k_raceDate=2021%2F07%2F04&k_raceNo=6&k_babaCode=21,data/cache/html/20210704_kawasaki_6.html
20210704_kawasaki_7,2021-07-04,kawasaki,7,https://www.keiba.go.jp/KeibaWeb/TodayRaceInfo/RaceMarkTable?k_raceDate=2021%2F07%2F04&k_raceNo=7&k_babaCode=21,data/cache/html/20210704_kawasaki_7.html
20210704_kawasaki_8,2021-07-04,kawasaki,8,https://www.keiba.go.jp/KeibaWeb/TodayRaceInfo/RaceMarkTable?k_raceDate=2021%2F07%2F04&k_raceNo=8&k_babaCode=21,data/cache/html/20210704_kawasaki_8.html
20210704_kawasaki_9,2021-07-04,kawasaki,9,https://www.keiba.go.jp/KeibaWeb/TodayRaceInfo/RaceMarkTable?k_raceDate=2021%2F07%2F04&k_raceNo=9&k_babaCode=21,data/cache/html/20210704_kawasaki_9.html
20210704_kawasaki_10,2021-07-04,kawasaki,10,https://www.keiba.go.jp/KeibaWeb/TodayRaceInfo/RaceMarkTable?k_raceDate=2021%2F07%2F04&k_raceNo=10&k_babaCode=21,data/cache/html/20210704_kawasaki_10.html
20210704_kawasaki_11,2021-07-04,kawasaki,11,https://www.keiba.go.jp/KeibaWeb/TodayRaceInfo/RaceMarkTable?k_raceDate=2021%2F07%2F04&k_raceNo=11&k_babaCode=21,data/cache/html/20210704_kawasaki_11.html
20210704_kawasaki_12,2021-07-04,kawasaki,12,https://www.keiba.go.jp/KeibaWeb/TodayRaceInfo/RaceMarkTable?k_raceDate=2021%2F07%2F04&k_raceNo=12&k_babaCode=21,data/cache/html/20210704_kawasaki_12.html
20210703_kawasaki_1,2021-07-03,kawasaki,1,https://www.keiba.go.jp/KeibaWeb/TodayRaceInfo/RaceMarkTable?k_raceDate=2021%2F07%2F03&k_raceNo=1&k_babaCode=21,data/cache/html/20210703_kawasaki_1.html
20210703_kawasaki_2,2021-07-03,kawasaki,2,https://www.keiba.go.jp/KeibaWeb/TodayRaceInfo/RaceMarkTable?k_raceDate=2021%2F07%2F03&k_raceNo=2&k_babaCode=21,data/cache/html/20210703_kawasaki_2.html
20210703_kawasaki_3,2021-07-03,kawasaki,3,https://www.keiba.go.jp/KeibaWeb/TodayRaceInfo/RaceMarkTable?k_raceDate=2021%2F07%2F03&k_raceNo=3&k_babaCode=21,data/cache/html/20210703_kawasaki_3.html
20210703_kawasaki_4,2021-07-03,kawasaki,4,https://www.keiba.go.jp/KeibaWeb/TodayRaceInfo/RaceMarkTable?k_raceDate=2021%2F07%2F03&k_raceNo=4&k_babaCode=21,data/cache/html/20210703_kawasaki_4.html
20210703_kawasaki_5,2021-07-03,kawasaki,5,https://www.keiba.go.jp/KeibaWeb/TodayRaceInfo/RaceMarkTable?k_raceDate=2021%2F07%2F03&k_raceNo=5&k_babaCode=21,data/cache/html/20210703_kawasaki_5.html
20210703_kawasaki_6,2021-07-03,kawasaki,6,https://www.keiba.go.jp/KeibaWeb/TodayRaceInfo/RaceMarkTable?k_raceDate=2021%2F07%2F03&k_raceNo=6&k_babaCode=21,data/cache/html/20210703_kawasaki_6.html
20210703_kawasaki_7,2021-07-03,kawasaki,7,https://www.keiba.go.jp/KeibaWeb/TodayRaceInfo/RaceMarkTable?k_raceDate=2021%2F07%2F03&k_raceNo=7&k_babaCode=21,data/cache/html/20210703_kawasaki_7.html
20210703_kawasaki_8,2021-07-03,kawasaki,8,https://www.keiba.go.jp/KeibaWeb/TodayRaceInfo/RaceMarkTable?k_raceDate=2021%2F07%2F03&k_raceNo=8&k_babaCode=21,data/cache/html/20210703_kawasaki_8.html
20210703_kawasaki_9,2021-07-03,kawasaki,9,https://www.keiba.go.jp/KeibaWeb/TodayRaceInfo/RaceMarkTable?k_raceDate=2021%2F07%2F03&k_raceNo=9&k_babaCode=21,data/cache/html/20210703_kawasaki_9.html
20210703_kawasaki_10,2021-07-03,kawasaki,10,https://www.keiba.go.jp/KeibaWeb/TodayRaceInfo/RaceMarkTable?k_raceDate=2021%2F07%2F03&k_raceNo=10&k_babaCode=21,data/cache/html/20210703_kawasaki_10.html
20210703_kawasaki_11,2021-07-03,kawasaki,11,https://www.keiba.go.jp/KeibaWeb/TodayRaceInfo/RaceMarkTable?k_raceDate=2021%2F07%2F03&k_raceNo=11&k_babaCode=21,data/cache/html/20210703_kawasaki_11.html
20210703_kawasaki_12,2021-07-03,kawasaki,12,https://www.keiba.go.jp/KeibaWeb/TodayRaceInfo/RaceMarkTable?k_raceDate=2021%2F07%2F03&k_raceNo=12&k_babaCode=21,data/cache/html/20210703_kawasaki_12.html
20210702_kawasaki_1,2021-07-02,kawasaki,1,https://www.keiba.go.jp/KeibaWeb/TodayRaceInfo/RaceMarkTable?k_raceDate=2021%2F07%2F02&k_raceNo=1&k_babaCode=21,data/cache/html/20210702_kawasaki_1.html
20210702_kawasaki_2,2021-07-02,kawasaki,2,https://www.keiba.go.jp/KeibaWeb/TodayRaceInfo/RaceMarkTable?k_raceDate=2021%2F07%2F02&k_raceNo=2&k_babaCode=21,data/cache/html/20210702_kawasaki_2.html
20210702_kawasaki_3,2021-07-02,kawasaki,3,https://www.keiba.go.jp/KeibaWeb/TodayRaceInfo/RaceMarkTable?k_raceDate=2021%2F07%2F02&k_raceNo=3&k_babaCode=21,data/cache/html/20210702_kawasaki_3.html
20210702_kawasaki_4,2021-07-02,kawasaki,4,https://www.keiba.go.jp/KeibaWeb/TodayRaceInfo/RaceMarkTable?k_raceDate=2021%2F07%2F02&k_raceNo=4&k_babaCode=21,data/cache/html/20210702_kawasaki_4.html
20210702_kawasaki_5,2021-07-02,kawasaki,5,https://www.keiba.go.jp/KeibaWeb/TodayRaceInfo/RaceMarkTable?k_raceDate=2021%2F07%2F02&k_raceNo=5&k_babaCode=21,data/cache/html/20210702_kawasaki_5.html
20210702_kawasaki_6,2021-07-02,kawasaki,6,https://www.keiba.go.jp/KeibaWeb/TodayRaceInfo/RaceMarkTable?k_raceDate=2021%2F07%2F02&k_raceNo=6&k_babaCode=21,data/cache/html/20210702_kawasaki_6.html
20210702_kawasaki_7,2021-07-02,kawasaki,7,https://www.keiba.go.jp/KeibaWeb/TodayRaceInfo/RaceMarkTable?k_raceDate=2021%2F07%2F02&k_raceNo=7&k_babaCode=21,data/cache/html/20210702_kawasaki_7.html
20210702_kawasaki_8,2021-07-02,kawasaki,8,https://www.keiba.go.jp/KeibaWeb/TodayRaceInfo/RaceMarkTable?k_raceDate=2021%2F07%2F02&k_raceNo=8&k_babaCode=21,data/cache/html/20210702_kawasaki_8.html
20210702_kawasaki_9,2021-07-02,kawasaki,9,https://www.keiba.go.jp/KeibaWeb/TodayRaceInfo/RaceMarkTable?k_raceDate=2021%2F07%2F02&k_raceNo=9&k_babaCode=21,data/cache/html/20210702_kawasaki_9.html
20210702_kawasaki_10,2021-07-02,kawasaki,10,https://www.keiba.go.jp/KeibaWeb/TodayRaceInfo/RaceMarkTable?k_raceDate=2021%2F07%2F02&k_raceNo=10&k_babaCode=21,data/cache/html/20210702_kawasaki_10.html
20210702_kawasaki_11,2021-07-02,kawasaki,11,https://www.keiba.go.jp/KeibaWeb/TodayRaceInfo/RaceMarkTable?k_raceDate=2021%2F07%2F02&k_raceNo=11&k_babaCode=21,data/cache/html/20210702_kawasaki_11.html
20210702_kawasaki_12,2021-07-02,kawasaki,12,https://www.keiba.go.jp/KeibaWeb/TodayRaceInfo/RaceMarkTable?k_raceDate=2021%2F07%2F02&k_raceNo=12&k_babaCode=21,data/cache/html/20210702_kawasaki_12.html
20210701_kawasaki_1,2021-07-01,kawasaki,1,https://www.keiba.go.jp/KeibaWeb/TodayRaceInfo/RaceMarkTable?k_raceDate=2021%2F07%2F01&k_raceNo=1&k_babaCode=21,data/cache/html/20210701_kawasaki_1.html
20210701_kawasaki_2,2021-07-01,kawasaki,2,https://www.keiba.go.jp/KeibaWeb/TodayRaceInfo/RaceMarkTable?k_raceDate=2021%2F07%2F01&k_raceNo=2&k_babaCode=21,data/cache/html/20210701_kawasaki_2.html
20210701_kawasaki_3,2021-07-01,kawasaki,3,https://www.keiba.go.jp/KeibaWeb/TodayRaceInfo/RaceMarkTable?k_raceDate=2021%2F07%2F01&k_raceNo=3&k_babaCode=21,data/cache/html/20210701_kawasaki_3.html
20210701_kawasaki_4,2021-07-01,kawasaki,4,https://www.keiba.go.jp/KeibaWeb/TodayRaceInfo/RaceMarkTable?k_raceDate=2021%2F07%2F01&k_raceNo=4&k_babaCode=21,data/cache/html/20210701_kawasaki_4.html
20210701_kawasaki_5,2021-07-01,kawasaki,5,https://www.keiba.go.jp/KeibaWeb/TodayRaceInfo/RaceMarkTable?k_raceDate=2021%2F07%2F01&k_raceNo=5&k_babaCode=21,data/cache/html/20210701_kawasaki_5.html
20210701_kawasaki_6,2021-07-01,kawasaki,6,https://www.keiba.go.jp/KeibaWeb/TodayRaceInfo/RaceMarkTable?k_raceDate=2021%2F07%2F01&k_raceNo=6&k_babaCode=21,data/cache/html/20210701_kawasaki_6.html
20210701_kawasaki_7,2021-07-01,kawasaki,7,https://www.keiba.go.jp/KeibaWeb/TodayRaceInfo/RaceMarkTable?k_raceDate=2021%2F07%2F01&k_raceNo=7&k_babaCode=21,data/cache/html/20210701_kawasaki_7.html
20210701_kawasaki_8,2021-07-01,kawasaki,8,https://www.keiba.go.jp/KeibaWeb/TodayRaceInfo/RaceMarkTable?k_raceDate=2021%2F07%2F01&k_raceNo=8&k_babaCode=21,data/cache/html/20210701_kawasaki_8.html
20210701_kawasaki_9,2021-07-01,kawasaki,9,https://www.keiba.go.jp/KeibaWeb/TodayRaceInfo/RaceMarkTable?k_raceDate=2021%2F07%2F01&k_raceNo=9&k_babaCode=21,data/cache/html/20210701_kawasaki_9.html
20210701_kawasaki_10,2021-07-01,kawasaki,10,https://www.keiba.go.jp/KeibaWeb/TodayRaceInfo/RaceMarkTable?k_raceDate=2021%2F07%2F01&k_raceNo=10&k_babaCode=21,data/cache/html/20210701_kawasaki_10.html
20210701_kawasaki_11,2021-07-01,kawasaki,11,https://www.keiba.go.jp/KeibaWeb/TodayRaceInfo/RaceMarkTable?k_raceDate=2021%2F07%2F01&k_raceNo=11&k_babaCode=21,data/cache/html/20210701_kawasaki_11.html
20210701_kawasaki_12,2021-07-01,kawasaki,12,https://www.keiba.go.jp/KeibaWeb/TodayRaceInfo/RaceMarkTable?k_raceDate=2021%2F07%2F01&k_raceNo=12&k_babaCode=21,data/cache/html/20210701_kawasaki_12.html
20210630_kawasaki_1,2021-06-30,kawasaki,1,https://www.keiba.go.jp/KeibaWeb/TodayRaceInfo/RaceMarkTable?k_raceDate=2021%2F06%2F30&k_raceNo=1&k_babaCode=21,data/cache/html/20210630_kawasaki_1.html
20210630_kawasaki_2,2021-06-30,kawasaki,2,https://www.keiba.go.jp/KeibaWeb/TodayRaceInfo/RaceMarkTable?k_raceDate=2021%2F06%2F30&k_raceNo=2&k_babaCode=21,data/cache/html/20210630_kawasaki_2.html
20210630_kawasaki_3,2021-06-30,kawasaki,3,https://www.keiba.go.jp/KeibaWeb/TodayRaceInfo/RaceMarkTable?k_raceDate=2021%2F06%2F30&k_raceNo=3&k_babaCode=21,data/cache/html/20210630_kawasaki_3.html
20210630_kawasaki_4,2021-06-30,kawasaki,4,https://www.keiba.go.jp/KeibaWeb/TodayRaceInfo/RaceMarkTable?k_raceDate=2021%2F06%2F30&k_raceNo=4&k_babaCode=21,data/cache/html/20210630_kawasaki_4.html
20210630_kawasaki_5,2021-06-30,kawasaki,5,https://www.keiba.go.jp/KeibaWeb/TodayRaceInfo/RaceMarkTable?k_raceDate=2021%2F06%2F30&k_raceNo=5&k_babaCode=21,data/cache/html/20210630_kawasaki_5.html
20210630_kawasaki_6,2021-06-30,kawasaki,6,https://www.keiba.go.jp/KeibaWeb/TodayRaceInfo/RaceMarkTable?k_raceDate=2021%2F06%2F30&k_raceNo=6&k_babaCode=21,data/cache/html/20210630_kawasaki_6.html
20210630_kawasaki_7,2021-06-30,kawasaki,7,https://www.keiba.go.jp/KeibaWeb/TodayRaceInfo/RaceMarkTable?k_raceDate=2021%2F06%2F30&k_raceNo=7&k_babaCode=21,data/cache/html/20210630_kawasaki_7.html
20210630_kawasaki_8,2021-06-30,kawasaki,8,https://www.keiba.go.jp/KeibaWeb/TodayRaceInfo/RaceMarkTable?k_raceDate=2021%2F06%2F30&k_raceNo=8&k_babaCode=21,data/cache/html/20210630_kawasaki_8.html
20210630_kawasaki_9,2021-06-30,kawasaki,9,https://www.keiba.go.jp/KeibaWeb/TodayRaceInfo/RaceMarkTable?k_raceDate=2021%2F06%2F30&k_raceNo=9&k_babaCode=21,data/cache/html/20210630_kawasaki_9.html
20210630_kawasaki_10,2021-06-30,kawasaki,10,https://www.keiba.go.jp/KeibaWeb/TodayRaceInfo/RaceMarkTable?k_raceDate=2021%2F06%2F30&k_raceNo=10&k_babaCode=21,data/cache/html/20210630_kawasaki_10.html
20210630_kawasaki_11,2021-06-30,kawasaki,11,https://www.keiba.go.jp/KeibaWeb/TodayRaceInfo/RaceMarkTable?k_raceDate=2021%2F06%2F30&k_raceNo=11&k_babaCode=21,data/cache/html/20210630_kawasaki_11.html
20210630_kawasaki_12,2021-06-30,kawasaki,12,https://www.keiba.go.jp/KeibaWeb/TodayRaceInfo/RaceMarkTable?k_raceDate=2021%2F06%2F30&k_raceNo=12&k_babaCode=21,data/cache/html/20210630_kawasaki_12.html
20210629_kawasaki_1,2021-06-29,kawasaki,1,https://www.keiba.go.jp/KeibaWeb/TodayRaceInfo/RaceMarkTable?k_raceDate=2021%2F06%2F29&k_raceNo=1&k_babaCode=21,data/cache/html/20210629_kawasaki_1.html
20210629_kawasaki_2,2021-06-29,kawasaki,2,https://www.keiba.go.jp/KeibaWeb/TodayRaceInfo/RaceMarkTable?k_raceDate=2021%2F06%2F29&k_raceNo=2&k_babaCode=21,data/cache/html/20210629_kawasaki_2.html
20210629_kawasaki_3,2021-06-29,kawasaki,3,https://www.keiba.go.jp/KeibaWeb/TodayRaceInfo/RaceMarkTable?k_raceDate=2021%2F06%2F29&k_raceNo=3&k_babaCode=21,data/cache/html/20210629_kawasaki_3.html
20210629_kawasaki_4,2021-06-29,kawasaki,4,https://www.keiba.go.jp/KeibaWeb/TodayRaceInfo/RaceMarkTable?k_raceDate=2021%2F06%2F29&k_raceNo=4&k_babaCode=21,data/cache/html/20210629_kawasaki_4.html
20210629_kawasaki_5,2021-06-29,kawasaki,5,https://www.keiba.go.jp/KeibaWeb/TodayRaceInfo/RaceMarkTable?k_raceDate=2021%2F06%2F29&k_raceNo=5&k_babaCode=21,data/cache/html/20210629_kawasaki_5.html
20210629_kawasaki_6,2021-06-29,kawasaki,6,https://www.keiba.go.jp/KeibaWeb/TodayRaceInfo/RaceMarkTable?k_raceDate=2021%2F06%2F29&k_raceNo=6&k_babaCode=21,data/cache/html/20210629_kawasaki_6.html
20210629_kawasaki_7,2021-06-29,kawasaki,7,https://www.keiba.go.jp/KeibaWeb/TodayRaceInfo/RaceMarkTable?k_raceDate=2021%2F06%2F29&k_raceNo=7&k_babaCode=21,data/cache/html/20210629_kawasaki_7.html
20210629_kawasaki_8,2021-06-29,kawasaki,8,https://www.keiba.go.jp/KeibaWeb/TodayRaceInfo/RaceMarkTable?k_raceDate=2021%2F06%2F29&k_raceNo=8&k_babaCode=21,data/cache/html/20210629_kawasaki_8.html
20210629_kawasaki_9,2021-06-29,kawasaki,9,https://www.keiba.go.jp/KeibaWeb/TodayRaceInfo/RaceMarkTable?k_raceDate=2021%2F06%2F29&k_raceNo=9&k_babaCode=21,data/cache/html/20210629_kawasaki_9.html
20210629_kawasaki_10,2021-06-29,kawasaki,10,https://www.keiba.go.jp/KeibaWeb/TodayRaceInfo/RaceMarkTable?k_raceDate=2021%2F06%2F29&k_raceNo=10&k_babaCode=21,data/cache/html/20210629_kawasaki_10.html
20210629_kawasaki_11,2021-06-29,kawasaki,11,https://www.keiba.go.jp/KeibaWeb/TodayRaceInfo/RaceMarkTable?k_raceDate=2021%2F06%2F29&k_raceNo=11&k_babaCode=21,data/cache/html/20210629_kawasaki_11.html
20210629_kawasaki_12,2021-06-29,kawasaki,12,https://www.keiba.go.jp/KeibaWeb/TodayRaceInfo/RaceMarkTable?k_raceDate=2021%2F06%2F29&k_raceNo=12&k_babaCode=21,data/cache/html/20210629_kawasaki_12.html
20210628_kawasaki_1,2021-06-28,kawasaki,1,https://www.keiba.go.jp/KeibaWeb/TodayRaceInfo/RaceMarkTable?k_raceDate=2021%2F06%2F28&k_raceNo=1&k_babaCode=21,data/cache/html/20210628_kawasaki_1.html
20210628_kawasaki_2,2021-06-28,kawasaki,2,https://www.keiba.go.jp/KeibaWeb/TodayRaceInfo/RaceMarkTable?k_raceDate=2021%2F06%2F28&k_raceNo=2&k_babaCode=21,data/cache/html/20210628_kawasaki_2.html
20210628_kawasaki_3,2021-06-28,kawasaki,3,https://www.keiba.go.jp/KeibaWeb/TodayRaceInfo/RaceMarkTable?k_raceDate=2021%2F06%2F28&k_raceNo=3&k_babaCode=21,data/cache/html/20210628_kawasaki_3.html
20210628_kawasaki_4,2021-06-28,kawasaki,4,https://www.keiba.go.jp/KeibaWeb/TodayRaceInfo/RaceMarkTable?k_raceDate=2021%2F06%2F28&k_raceNo=4&k_babaCode=21,data/cache/html/20210628_kawasaki_4.html
20210628_kawasaki_5,2021-06-28,kawasaki,5,https://www.keiba.go.jp/KeibaWeb/TodayRaceInfo/RaceMarkTable?k_raceDate=2021%2F06%2F28&k_raceNo=5&k_babaCode=21,data/cache/html/20210628_kawasaki_5.html
20210628_kawasaki_6,2021-06-28,kawasaki,6,https://www.keiba.go.jp/KeibaWeb/TodayRaceInfo/RaceMarkTable?k_raceDate=2021%2F06%2F28&k_raceNo=6&k_babaCode=21,data/cache/html/20210628_kawasaki_6.html
20210628_kawasaki_7,2021-06-28,kawasaki,7,https://www.keiba.go.jp/KeibaWeb/TodayRaceInfo/RaceMarkTable?k_raceDate=2021%2F06%2F28&k_raceNo=7&k_babaCode=21,data/cache/html/20210628_kawasaki_7.html
20210628_kawasaki_8,2021-06-28,kawasaki,8,https://www.keiba.go.jp/KeibaWeb/TodayRaceInfo/RaceMarkTable?k_raceDate=2021%2F06%2F28&k_raceNo=8&k_babaCode=21,data/cache/html/20210628_kawasaki_8.html
20210628_kawasaki_9,2021-06-28,kawasaki,9,https://www.keiba.go.jp/KeibaWeb/TodayRaceInfo/RaceMarkTable?k_raceDate=2021%2F06%2F28&k_raceNo=9&k_babaCode=21,data/cache/html/20210628_kawasaki_9.html
20210628_kawasaki_10,2021-06-28,kawasaki,10,https://www.keiba.go.jp/KeibaWeb/TodayRaceInfo/RaceMarkTable?k_raceDate=2021%2F06%2F28&k_raceNo=10&k_babaCode=21,data/cache/html/20210628_kawasaki_10.html
20210628_kawasaki_11,2021-06-28,kawasaki,11,https://www.keiba.go.jp/KeibaWeb/TodayRaceInfo/RaceMarkTable?k_raceDate=2021%2F06%2F28&k_raceNo=11&k_babaCode=21,data/cache/html/20210628_kawasaki_11.html
20210628_kawasaki_12,2021-06-28,kawasaki,12,https://www.keiba.go.jp/KeibaWeb/TodayRaceInfo/RaceMarkTable?k_raceDate=2021%2F06%2F28&k_raceNo=12&k_babaCode=21,data/cache/html/20210628_kawasaki_12.html
20210627_kawasaki_1,2021-06-27,kawasaki,1,https://www.keiba.go.jp/KeibaWeb/TodayRaceInfo/RaceMarkTable?k_raceDate=2021%2F06%2F27&k_raceNo=1&k_babaCode=21,data/cache/html/20210627_kawasaki_1.html
20210627_kawasaki_2,2021-06-27,kawasaki,2,https://www.keiba.go.jp/KeibaWeb/TodayRaceInfo/RaceMarkTable?k_raceDate=2021%2F06%2F27&k_raceNo=2&k_babaCode=21,data/cache/html/20210627_kawasaki_2.html
20210627_kawasaki_3,2021-06-27,kawasaki,3,https://www.keiba.go.jp/KeibaWeb/TodayRaceInfo/RaceMarkTable?k_raceDate=2021%2F06%2F27&k_raceNo=3&k_babaCode=21,data/cache/html/20210627_kawasaki_3.html
20210627_kawasaki_4,2021-06-27,kawasaki,4,https://www.keiba.go.jp/KeibaWeb/TodayRaceInfo/RaceMarkTable?k_raceDate=2021%2F06%2F27&k_raceNo=4&k_babaCode=21,data/cache/html/20210627_kawasaki_4.html
20210627_kawasaki_5,2021-06-27,kawasaki,5,https://www.keiba.go.jp/KeibaWeb/TodayRaceInfo/RaceMarkTable?k_raceDate=2021%2F06%2F27&k_raceNo=5&k_babaCode=21,data/cache/html/20210627_kawasaki_5.html
20210627_kawasaki_6,2021-06-27,kawasaki,6,https://www.keiba.go.jp/KeibaWeb/TodayRaceInfo/RaceMarkTable?k_raceDate=2021%2F06%2F27&k_raceNo=6&k_babaCode=21,data/cache/html/20210627_kawasaki_6.html
20210627_kawasaki_7,2021-06-27,kawasaki,7,https://www.keiba.go.jp/KeibaWeb/TodayRaceInfo/RaceMarkTable?k_raceDate=2021%2F06%2F27&k_raceNo=7&k_babaCode=21,data/cache/html/20210627_kawasaki_7.html
20210627_kawasaki_8,2021-06-27,kawasaki,8,https://www.keiba.go.jp/KeibaWeb/TodayRaceInfo/RaceMarkTable?k_raceDate=2021%2F06%2F27&k_raceNo=8&k_babaCode=21,data/cache/html/20210627_kawasaki_8.html
20210627_kawasaki_9,2021-06-27,kawasaki,9,https://www.keiba.go.jp/KeibaWeb/TodayRaceInfo/RaceMarkTable?k_raceDate=2021%2F06%2F27&k_raceNo=9&k_babaCode=21,data/cache/html/20210627_kawasaki_9.html
20210627_kawasaki_10,2021-06-27,kawasaki,10,https://www.keiba.go.jp/KeibaWeb/TodayRaceInfo/RaceMarkTable?k_raceDate=2021%2F06%2F27&k_raceNo=10&k_babaCode=21,data/cache/html/20210627_kawasaki_10.html
20210627_kawasaki_11,2021-06-27,kawasaki,11,https://www.keiba.go.jp/KeibaWeb/TodayRaceInfo/RaceMarkTable?k_raceDate=2021%2F06%2F27&k_raceNo=11&k_babaCode=21,data/cache/html/20210627_kawasaki_11.html
20210627_kawasaki_12,2021-06-27,kawasaki,12,https://www.keiba.go.jp/KeibaWeb/TodayRaceInfo/RaceMarkTable?k_raceDate=2021%2F06%2F27&k_raceNo=12&k_babaCode=21,data/cache/html/20210627_kawasaki_12.html
20210626_kawasaki_1,2021-06-26,kawasaki,1,https://www.keiba.go.jp/KeibaWeb/TodayRaceInfo/RaceMarkTable?k_raceDate=2021%2F06%2F26&k_raceNo=1&k_babaCode=21,data/cache/html/20210626_kawasaki_1.html
20210626_kawasaki_2,2021-06-26,kawasaki,2,https://www.keiba.go.jp/KeibaWeb/TodayRaceInfo/RaceMarkTable?k_raceDate=2021%2F06%2F26&k_raceNo=2&k_babaCode=21,data/cache/html/20210626_kawasaki_2.html
20210626_kawasaki_3,2021-06-26,kawasaki,3,https://www.keiba.go.jp/KeibaWeb/TodayRaceInfo/RaceMarkTable?k_raceDate=2021%2F06%2F26&k_raceNo=3&k_babaCode=21,data/cache/html/20210626_kawasaki_3.html
20210626_kawasaki_4,2021-06-26,kawasaki,4,https://www.keiba.go.jp/KeibaWeb/TodayRaceInfo/RaceMarkTable?k_raceDate=2021%2F06%2F26&k_raceNo=4&k_babaCode=21,data/cache/html/20210626_kawasaki_4.html
20210626_kawasaki_5,2021-06-26,kawasaki,5,https://www.keiba.go.jp/KeibaWeb/TodayRaceInfo/RaceMarkTable?k_raceDate=2021%2F06%2F26&k_raceNo=5&k_babaCode=21,data/cache/html/20210626_kawasaki_5.html
20210626_kawasaki_6,2021-06-26,kawasaki,6,https://www.keiba.go.jp/KeibaWeb/TodayRaceInfo/RaceMarkTable?k_raceDate=2021%2F06%2F26&k_raceNo=6&k_babaCode=21,data/cache/html/20210626_kawasaki_6.html
20210626_kawasaki_7,2021-06-26,kawasaki,7,https://www.keiba.go.jp/KeibaWeb/TodayRaceInfo/RaceMarkTable?k_raceDate=2021%2F06%2F26&k_raceNo=7&k_babaCode=21,data/cache/html/20210626_kawasaki_7.html
20210626_kawasaki_8,2021-06-26,kawasaki,8,https://www.keiba.go.jp/KeibaWeb/TodayRaceInfo/RaceMarkTable?k_raceDate=2021%2F06%2F26&k_raceNo=8&k_babaCode=21,data/cache/html/20210626_kawasaki_8.html
20210626_kawasaki_9,2021-06-26,kawasaki,9,https://www.keiba.go.jp/KeibaWeb/TodayRaceInfo/RaceMarkTable?k_raceDate=2021%2F06%2F26&k_raceNo=9&k_babaCode=21,data/cache/html/20210626_kawasaki_9.html
20210626_kawasaki_10,2021-06-26,kawasaki,10,https://www.keiba.go.jp/KeibaWeb/TodayRaceInfo/RaceMarkTable?k_raceDate=2021%2F06%2F26&k_raceNo=10&k_babaCode=21,data/cache/html/20210626_kawasaki_10.html
20210626_kawasaki_11,2021-06-26,kawasaki,11,https://www.keiba.go.jp/KeibaWeb/TodayRaceInfo/RaceMarkTable?k_raceDate=2021%2F06%2F26&k_raceNo=11&k_babaCode=21,data/cache/html/20210626_kawasaki_11.html
20210626_kawasaki_12,2021-06-26,kawasaki,12,https://www.keiba.go.jp/KeibaWeb/TodayRaceInfo/RaceMarkTable?k_raceDate=2021%2F06%2F26&k_raceNo=12&k_babaCode=21,data/cache/html/20210626_kawasaki_12.html
20210625_kawasaki_1,2021-06-25,kawasaki,1,https://www.keiba.go.jp/KeibaWeb/TodayRaceInfo/RaceMarkTable?k_raceDate=2021%2F06%2F25&k_raceNo=1&k_babaCode=21,data/cache/html/20210625_kawasaki_1.html
20210625_kawasaki_2,2021-06-25,kawasaki,2,https://www.keiba.go.jp/KeibaWeb/TodayRaceInfo/RaceMarkTable?k_raceDate=2021%2F06%2F25&k_raceNo=2&k_babaCode=21,data/cache/html/20210625_kawasaki_2.html
20210625_kawasaki_3,2021-06-25,kawasaki,3,https://www.keiba.go.jp/KeibaWeb/TodayRaceInfo/RaceMarkTable?k_raceDate=2021%2F06%2F25&k_raceNo=3&k_babaCode=21,data/cache/html/20210625_kawasaki_3.html
20210625_kawasaki_4,2021-06-25,kawasaki,4,https://www.keiba.go.jp/KeibaWeb/TodayRaceInfo/RaceMarkTable?k_raceDate=2021%2F06%2F25&k_raceNo=4&k_babaCode=21,data/cache/html/20210625_kawasaki_4.html
20210625_kawasaki_5,2021-06-25,kawasaki,5,https://www.keiba.go.jp/KeibaWeb/TodayRaceInfo/RaceMarkTable?k_raceDate=2021%2F06%2F25&k_raceNo=5&k_babaCode=21,data/cache/html/20210625_kawasaki_5.html
20210625_kawasaki_6,2021-06-25,kawasaki,6,https://www.keiba.go.jp/KeibaWeb/TodayRaceInfo/RaceMarkTable?k_raceDate=2021%2F06%2F25&k_raceNo=6&k_babaCode=21,data/cache/html/20210625_kawasaki_6.html
20210625_kawasaki_7,2021-06-25,kawasaki,7,https://www.keiba.go.jp/KeibaWeb/TodayRaceInfo/RaceMarkTable?k_raceDate=2021%2F06%2F25&k_raceNo=7&k_babaCode=21,data/cache/html/20210625_kawasaki_7.html
20210625_kawasaki_8,2021-06-25,kawasaki,8,https://www.keiba.go.jp/KeibaWeb/TodayRaceInfo/RaceMarkTable?k_raceDate=2021%2F06%2F25&k_raceNo=8&k_babaCode=21,data/cache/html/20210625_kawasaki_8.html
20210625_kawasaki_9,2021-06-25,kawasaki,9,https://www.keiba.go.jp/KeibaWeb/TodayRaceInfo/RaceMarkTable?k_raceDate=2021%2F06%2F25&k_raceNo=9&k_babaCode=21,data/cache/html/20210625_kawasaki_9.html
20210625_kawasaki_10,2021-06-25,kawasaki,10,https://www.keiba.go.jp/KeibaWeb/TodayRaceInfo/RaceMarkTable?k_raceDate=2021%2F06%2F25&k_raceNo=10&k_babaCode=21,data/cache/html/20210625_kawasaki_10.html
20210625_kawasaki_11,2021-06-25,kawasaki,11,https://www.keiba.go.jp/KeibaWeb/TodayRaceInfo/RaceMarkTable?k_raceDate=2021%2F06%2F25&k_raceNo=11&k_babaCode=21,data/cache/html/20210625_kawasaki_11.html
20210625_kawasaki_12,2021-06-25,kawasaki,12,https://www.keiba.go.jp/KeibaWeb/TodayRaceInfo/RaceMarkTable?k_raceDate=2021%2F06%2F25&k_raceNo=12&k_babaCode=21,data/cache/html/20210625_kawasaki_12.html
20210624_kawasaki_1,2021-06-24,kawasaki,1,https://www.keiba.go.jp/KeibaWeb/TodayRaceInfo/RaceMarkTable?k_raceDate=2021%2F06%2F24&k_raceNo=1&k_babaCode=21,data/cache/html/20210624_kawasaki_1.html
20210624_kawasaki_2,2021-06-24,kawasaki,2,https://www.keiba.go.jp/KeibaWeb/TodayRaceInfo/RaceMarkTable?k_raceDate=2021%2F06%2F24&k_raceNo=2&k_babaCode=21,data/cache/html/20210624_kawasaki_2.html
20210624_kawasaki_3,2021-06-24,kawasaki,3,https://www.keiba.go.jp/KeibaWeb/TodayRaceInfo/RaceMarkTable?k_raceDate=2021%2F06%2F24&k_raceNo=3&k_babaCode=21,data/cache/html/20210624_kawasaki_3.html
20210624_kawasaki_4,2021-06-24,kawasaki,4,https://www.keiba.go.jp/KeibaWeb/TodayRaceInfo/RaceMarkTable?k_raceDate=2021%2F06%2F24&k_raceNo=4&k_babaCode=21,data/cache/html/20210624_kawasaki_4.html
20210624_kawasaki_5,2021-06-24,kawasaki,5,https://www.keiba.go.jp/KeibaWeb/TodayRaceInfo/RaceMarkTable?k_raceDate=2021%2F06%2F24&k_raceNo=5&k_babaCode=21,data/cache/html/20210624_kawasaki_5.html
20210624_kawasaki_6,2021-06-24,kawasaki,6,https://www.keiba.go.jp/KeibaWeb/TodayRaceInfo/RaceMarkTable?k_raceDate=2021%2F06%2F24&k_raceNo=6&k_babaCode=21,data/cache/html/20210624_kawasaki_6.html
20210624_kawasaki_7,2021-06-24,kawasaki,7,https://www.keiba.go.jp/KeibaWeb/TodayRaceInfo/RaceMarkTable?k_raceDate=2021%2F06%2F24&k_raceNo=7&k_babaCode=21,data/cache/html/20210624_kawasaki_7.html
20210624_kawasaki_8,2021-06-24,kawasaki,8,https://www.keiba.go.jp/KeibaWeb/TodayRaceInfo/RaceMarkTable?k_raceDate=2021%2F06%2F24&k_raceNo=8&k_babaCode=21,data/cache/html/20210624_kawasaki_8.html
20210624_kawasaki_9,2021-06-24,kawasaki,9,https://www.keiba.go.jp/KeibaWeb/TodayRaceInfo/RaceMarkTable?k_raceDate=2021%2F06%2F24&k_raceNo=9&k_babaCode=21,data/cache/html/20210624_kawasaki_9.html
20210624_kawasaki_10,2021-06-24,kawasaki,10,https://www.keiba.go.jp/KeibaWeb/TodayRaceInfo/RaceMarkTable?k_raceDate=2021%2F06%2F24&k_raceNo=10&k_babaCode=21,data/cache/html/20210624_kawasaki_10.html
20210624_kawasaki_11,2021-06-24,kawasaki,11,https://www.keiba.go.jp/KeibaWeb/TodayRaceInfo/RaceMarkTable?k_raceDate=2021%2F06%2F24&k_raceNo=11&k_babaCode=21,data/cache/html/20210624_kawasaki_11.html
20210624_kawasaki_12,2021-06-24,kawasaki,12,https://www.keiba.go.jp/KeibaWeb/TodayRaceInfo/RaceMarkTable?k_raceDate=2021%2F06%2F24&k_raceNo=12&k_babaCode=21,data/cache/html/20210624_kawasaki_12.html
20210623_kawasaki_1,2021-06-23,kawasaki,1,https://www.keiba.go.jp/KeibaWeb/TodayRaceInfo/RaceMarkTable?k_raceDate=2021%2F06%2F23&k_raceNo=1&k_babaCode=21,data/cache/html/20210623_kawasaki_1.html
20210623_kawasaki_2,2021-06-23,kawasaki,2,https://www.keiba.go.jp/KeibaWeb/TodayRaceInfo/RaceMarkTable?k_raceDate=2021%2F06%2F23&k_raceNo=2&k_babaCode=21,data/cache/html/20210623_kawasaki_2.html
20210623_kawasaki_3,2021-06-23,kawasaki,3,https://www.keiba.go.jp/KeibaWeb/TodayRaceInfo/RaceMarkTable?k_raceDate=2021%2F06%2F23&k_raceNo=3&k_babaCode=21,data/cache/html/20210623_kawasaki_3.html
20210623_kawasaki_4,2021-06-23,kawasaki,4,https://www.keiba.go.jp/KeibaWeb/TodayRaceInfo/RaceMarkTable?k_raceDate=2021%2F06%2F23&k_raceNo=4&k_babaCode=21,data/cache/html/20210623_kawasaki_4.html
20210623_kawasaki_5,2021-06-23,kawasaki,5,https://www.keiba.go.jp/KeibaWeb/TodayRaceInfo/RaceMarkTable?k_raceDate=2021%2F06%2F23&k_raceNo=5&k_babaCode=21,data/cache/html/20210623_kawasaki_5.html
20210623_kawasaki_6,2021-06-23,kawasaki,6,https://www.keiba.go.jp/KeibaWeb/TodayRaceInfo/RaceMarkTable?k_raceDate=2021%2F06%2F23&k_raceNo=6&k_babaCode=21,data/cache/html/20210623_kawasaki_6.html
20210623_kawasaki_7,2021-06-23,kawasaki,7,https://www.keiba.go.jp/KeibaWeb/TodayRaceInfo/RaceMarkTable?k_raceDate=2021%2F06%2F23&k_raceNo=7&k_babaCode=21,data/cache/html/20210623_kawasaki_7.html
20210623_kawasaki_8,2021-06-23,kawasaki,8,https://www.keiba.go.jp/KeibaWeb/TodayRaceInfo/RaceMarkTable?k_raceDate=2021%2F06%2F23&k_raceNo=8&k_babaCode=21,data/cache/html/20210623_kawasaki_8.html
20210623_kawasaki_9,2021-06-23,kawasaki,9,https://www.keiba.go.jp/KeibaWeb/TodayRaceInfo/RaceMarkTable?k_raceDate=2021%2F06%2F23&k_raceNo=9&k_babaCode=21,data/cache/html/20210623_kawasaki_9.html
20210623_kawasaki_10,2021-06-23,kawasaki,10,https://www.keiba.go.jp/KeibaWeb/TodayRaceInfo/RaceMarkTable?k_raceDate=2021%2F06%2F23&k_raceNo=10&k_babaCode=21,data/cache/html/20210623_kawasaki_10.html
20210623_kawasaki_11,2021-06-23,kawasaki,11,https://www.keiba.go.jp/KeibaWeb/TodayRaceInfo/RaceMarkTable?k_raceDate=2021%2F06%2F23&k_raceNo=11&k_babaCode=21,data/cache/html/20210623_kawasaki_11.html
20210623_kawasaki_12,2021-06-23,kawasaki,12,https://www.keiba.go.jp/KeibaWeb/TodayRaceInfo/RaceMarkTable?k_raceDate=2021%2F06%2F23&k_raceNo=12&k_babaCode=21,data/cache/html/20210623_kawasaki_12.html
20210622_kawasaki_1,2021-06-22,kawasaki,1,https://www.keiba.go.jp/KeibaWeb/TodayRaceInfo/RaceMarkTable?k_raceDate=2021%2F06%2F22&k_raceNo=1&k_babaCode=21,data/cache/html/20210622_kawasaki_1.html
20210622_kawasaki_2,2021-06-22,kawasaki,2,https://www.keiba.go.jp/KeibaWeb/TodayRaceInfo/RaceMarkTable?k_raceDate=2021%2F06%2F22&k_raceNo=2&k_babaCode=21,data/cache/html/20210622_kawasaki_2.html
20210622_kawasaki_3,2021-06-22,kawasaki,3,https://www.keiba.go.jp/KeibaWeb/TodayRaceInfo/RaceMarkTable?k_raceDate=2021%2F06%2F22&k_raceNo=3&k_babaCode=21,data/cache/html/20210622_kawasaki_3.html
20210622_kawasaki_4,2021-06-22,kawasaki,4,https://www.keiba.go.jp/KeibaWeb/TodayRaceInfo/RaceMarkTable?k_raceDate=2021%2F06%2F22&k_raceNo=4&k_babaCode=21,data/cache/html/20210622_kawasaki_4.html
20210622_kawasaki_5,2021-06-22,kawasaki,5,https://www.keiba.go.jp/KeibaWeb/TodayRaceInfo/RaceMarkTable?k_raceDate=2021%2F06%2F22&k_raceNo=5&k_babaCode=21,data/cache/html/20210622_kawasaki_5.html
20210622_kawasaki_6,2021-06-22,kawasaki,6,https://www.keiba.go.jp/KeibaWeb/TodayRaceInfo/RaceMarkTable?k_raceDate=2021%2F06%2F22&k_raceNo=6&k_babaCode=21,data/cache/html/20210622_kawasaki_6.html
20210622_kawasaki_7,2021-06-22,kawasaki,7,https://www.keiba.go.jp/KeibaWeb/TodayRaceInfo/RaceMarkTable?k_raceDate=2021%2F06%2F22&k_raceNo=7&k_babaCode=21,data/cache/html/20210622_kawasaki_7.html
20210622_kawasaki_8,2021-06-22,kawasaki,8,https://www.keiba.go.jp/KeibaWeb/TodayRaceInfo/RaceMarkTable?k_raceDate=2021%2F06%2F22&k_raceNo=8&k_babaCode=21,data/cache/html/20210622_kawasaki_8.html
20210622_kawasaki_9,2021-06-22,kawasaki,9,https://www.keiba.go.jp/KeibaWeb/TodayRaceInfo/RaceMarkTable?k_raceDate=2021%2F06%2F22&k_raceNo=9&k_babaCode=21,data/cache/html/20210622_kawasaki_9.html
20210622_kawasaki_10,2021-06-22,kawasaki,10,https://www.keiba.go.jp/KeibaWeb/TodayRaceInfo/RaceMarkTable?k_raceDate=2021%2F06%2F22&k_raceNo=10&k_babaCode=21,data/cache/html/20210622_kawasaki_10.html
20210622_kawasaki_11,2021-06-22,kawasaki,11,https://www.keiba.go.jp/KeibaWeb/TodayRaceInfo/RaceMarkTable?k_raceDate=2021%2F06%2F22&k_raceNo=11&k_babaCode=21,data/cache/html/20210622_kawasaki_11.html
20210622_kawasaki_12,2021-06-22,kawasaki,12,https://www.keiba.go.jp/KeibaWeb/TodayRaceInfo/RaceMarkTable?k_raceDate=2021%2F06%2F22&k_raceNo=12&k_babaCode=21,data/cache/html/20210622_kawasaki_12.html
20210621_kawasaki_1,2021-06-21,kawasaki,1,https://www.keiba.go.jp/KeibaWeb/TodayRaceInfo/RaceMarkTable?k_raceDate=2021%2F06%2F21&k_raceNo=1&k_babaCode=21,data/cache/html/20210621_kawasaki_1.html
20210621_kawasaki_2,2021-06-21,kawasaki,2,https://www.keiba.go.jp/KeibaWeb/TodayRaceInfo/RaceMarkTable?k_raceDate=2021%2F06%2F21&k_raceNo=2&k_babaCode=21,data/cache/html/20210621_kawasaki_2.html
20210621_kawasaki_3,2021-06-21,kawasaki,3,https://www.keiba.go.jp/KeibaWeb/TodayRaceInfo/RaceMarkTable?k_raceDate=2021%2F06%2F21&k_raceNo=3&k_babaCode=21,data/cache/html/20210621_kawasaki_3.html
20210621_kawasaki_4,2021-06-21,kawasaki,4,https://www.keiba.go.jp/KeibaWeb/TodayRaceInfo/RaceMarkTable?k_raceDate=2021%2F06%2F21&k_raceNo=4&k_babaCode=21,data/cache/html/20210621_kawasaki_4.html
20210621_kawasaki_5,2021-06-21,kawasaki,5,https://www.keiba.go.jp/KeibaWeb/TodayRaceInfo/RaceMarkTable?k_raceDate=2021%2F06%2F21&k_raceNo=5&k_babaCode=21,data/cache/html/20210621_kawasaki_5.html
20210621_kawasaki_6,2021-06-21,kawasaki,6,https://www.keiba.go.jp/KeibaWeb/TodayRaceInfo/RaceMarkTable?k_raceDate=2021%2F06%2F21&k_raceNo=6&k_babaCode=21,data/cache/html/20210621_kawasaki_6.html
20210621_kawasaki_7,2021-06-21,kawasaki,7,https://www.keiba.go.jp/KeibaWeb/TodayRaceInfo/RaceMarkTable?k_raceDate=2021%2F06%2F21&k_raceNo=7&k_babaCode=21,data/cache/html/20210621_kawasaki_7.html
20210621_kawasaki_8,2021-06-21,kawasaki,8,https://www.keiba.go.jp/KeibaWeb/TodayRaceInfo/RaceMarkTable?k_raceDate=2021%2F06%2F21&k_raceNo=8&k_babaCode=21,data/cache/html/20210621_kawasaki_8.html
20210621_kawasaki_9,2021-06-21,kawasaki,9,https://www.keiba.go.jp/KeibaWeb/TodayRaceInfo/RaceMarkTable?k_raceDate=2021%2F06%2F21&k_raceNo=9&k_babaCode=21,data/cache/html/20210621_kawasaki_9.html
20210621_kawasaki_10,2021-06-21,kawasaki,10,https://www.keiba.go.jp/KeibaWeb/TodayRaceInfo/RaceMarkTable?k_raceDate=2021%2F06%2F21&k_raceNo=10&k_babaCode=21,data/cache/html/20210621_kawasaki_10.html
20210621_kawasaki_11,2021-06-21,kawasaki,11,https://www.keiba.go.jp/KeibaWeb/TodayRaceInfo/RaceMarkTable?k_raceDate=2021%2F06%2F21&k_raceNo=11&k_babaCode=21,data/cache/html/20210621_kawasaki_11.html
20210621_kawasaki_12,2021-06-21,kawasaki,12,https://www.keiba.go.jp/KeibaWeb/TodayRaceInfo/RaceMarkTable?k_raceDate=2021%2F06%2F21&k_raceNo=12&k_babaCode=21,data/cache/html/20210621_kawasaki_12.html
20210620_kawasaki_1,2021-06-20,kawasaki,1,https://www.keiba.go.jp/KeibaWeb/TodayRaceInfo/RaceMarkTable?k_raceDate=2021%2F06%2F20&k_raceNo=1&k_babaCode=21,data/cache/html/20210620_kawasaki_1.html
20210620_kawasaki_2,2021-06-20,kawasaki,2,https://www.keiba.go.jp/KeibaWeb/TodayRaceInfo/RaceMarkTable?k_raceDate=2021%2F06%2F20&k_raceNo=2&k_babaCode=21,data/cache/html/20210620_kawasaki_2.html
20210620_kawasaki_3,2021-06-20,kawasaki,3,https://www.keiba.go.jp/KeibaWeb/TodayRaceInfo/RaceMarkTable?k_raceDate=2021%2F06%2F20&k_raceNo=3&k_babaCode=21,data/cache/html/20210620_kawasaki_3.html
20210620_kawasaki_4,2021-06-20,kawasaki,4,https://www.keiba.go.jp/KeibaWeb/TodayRaceInfo/RaceMarkTable?k_raceDate=2021%2F06%2F20&k_raceNo=4&k_babaCode=21,data/cache/html/20210620_kawasaki_4.html
20210620_kawasaki_5,2021-06-20,kawasaki,5,https://www.keiba.go.jp/KeibaWeb/TodayRaceInfo/RaceMarkTable?k_raceDate=2021%2F06%2F20&k_raceNo=5&k_babaCode=21,data/cache/html/20210620_kawasaki_5.html
20210620_kawasaki_6,2021-06-20,kawasaki,6,https://www.keiba.go.jp/KeibaWeb/TodayRaceInfo/RaceMarkTable?k_raceDate=2021%2F06%2F20&k_raceNo=6&k_babaCode=21,data/cache/html/20210620_kawasaki_6.html
20210620_kawasaki_7,2021-06-20,kawasaki,7,https://www.keiba.go.jp/KeibaWeb/TodayRaceInfo/RaceMarkTable?k_raceDate=2021%2F06%2F20&k_raceNo=7&k_babaCode=21,data/cache/html/20210620_kawasaki_7.html
20210620_kawasaki_8,2021-06-20,kawasaki,8,https://www.keiba.go.jp/KeibaWeb/TodayRaceInfo/RaceMarkTable?k_raceDate=2021%2F06%2F20&k_raceNo=8&k_babaCode=21,data/cache/html/20210620_kawasaki_8.html
20210620_kawasaki_9,2021-06-20,kawasaki,9,https://www.keiba.go.jp/KeibaWeb/TodayRaceInfo/RaceMarkTable?k_raceDate=2021%2F06%2F20&k_raceNo=9&k_babaCode=21,data/cache/html/20210620_kawasaki_9.html
20210620_kawasaki_10,2021-06-20,kawasaki,10,https://www.keiba.go.jp/KeibaWeb/TodayRaceInfo/RaceMarkTable?k_raceDate=2021%2F06%2F20&k_raceNo=10&k_babaCode=21,data/cache/html/20210620_kawasaki_10.html
20210620_kawasaki_11,2021-06-20,kawasaki,11,https://www.keiba.go.jp/KeibaWeb/TodayRaceInfo/RaceMarkTable?k_raceDate=2021%2F06%2F20&k_raceNo=11&k_babaCode=21,data/cache/html/20210620_kawasaki_11.html
20210620_kawasaki_12,2021-06-20,kawasaki,12,https://www.keiba.go.jp/KeibaWeb/TodayRaceInfo/RaceMarkTable?k_raceDate=2021%2F06%2F20&k_raceNo=12&k_babaCode=21,data/cache/html/20210620_kawasaki_12.html
20210619_kawasaki_1,2021-06-19,kawasaki,1,https://www.keiba.go.jp/KeibaWeb/TodayRaceInfo/RaceMarkTable?k_raceDate=2021%2F06%2F19&k_raceNo=1&k_babaCode=21,data/cache/html/20210619_kawasaki_1.html
20210619_kawasaki_2,2021-06-19,kawasaki,2,https://www.keiba.go.jp/KeibaWeb/TodayRaceInfo/RaceMarkTable?k_raceDate=2021%2F06%2F19&k_raceNo=2&k_babaCode=21,data/cache/html/20210619_kawasaki_2.html
20210619_kawasaki_3,2021-06-19,kawasaki,3,https://www.keiba.go.jp/KeibaWeb/TodayRaceInfo/RaceMarkTable?k_raceDate=2021%2F06%2F19&k_raceNo=3&k_babaCode=21,data/cache/html/20210619_kawasaki_3.html
20210619_kawasaki_4,2021-06-19,kawasaki,4,https://www.keiba.go.jp/KeibaWeb/TodayRaceInfo/RaceMarkTable?k_raceDate=2021%2F06%2F19&k_raceNo=4&k_babaCode=21,data/cache/html/20210619_kawasaki_4.html
20210619_kawasaki_5,2021-06-19,kawasaki,5,https://www.keiba.go.jp/KeibaWeb/TodayRaceInfo/RaceMarkTable?k_raceDate=2021%2F06%2F19&k_raceNo=5&k_babaCode=21,data/cache/html/20210619_kawasaki_5.html
20210619_kawasaki_6,2021-06-19,kawasaki,6,https://www.keiba.go.jp/KeibaWeb/TodayRaceInfo/RaceMarkTable?k_raceDate=2021%2F06%2F19&k_raceNo=6&k_babaCode=21,data/cache/html/20210619_kawasaki_6.html
20210619_kawasaki_7,2021-06-19,kawasaki,7,https://www.keiba.go.jp/KeibaWeb/TodayRaceInfo/RaceMarkTable?k_raceDate=2021%2F06%2F19&k_raceNo=7&k_babaCode=21,data/cache/html/20210619_kawasaki_7.html
20210619_kawasaki_8,2021-06-19,kawasaki,8,https://www.keiba.go.jp/KeibaWeb/TodayRaceInfo/RaceMarkTable?k_raceDate=2021%2F06%2F19&k_raceNo=8&k_babaCode=21,data/cache/html/20210619_kawasaki_8.html
20210619_kawasaki_9,2021-06-19,kawasaki,9,https://www.keiba.go.jp/KeibaWeb/TodayRaceInfo/RaceMarkTable?k_raceDate=2021%2F06%2F19&k_raceNo=9&k_babaCode=21,data/cache/html/20210619_kawasaki_9.html
20210619_kawasaki_10,2021-06-19,kawasaki,10,https://www.keiba.go.jp/KeibaWeb/TodayRaceInfo/RaceMarkTable?k_raceDate=2021%2F06%2F19&k_raceNo=10&k_babaCode=21,data/cache/html/20210619_kawasaki_10.html
20210619_kawasaki_11,2021-06-19,kawasaki,11,https://www.keiba.go.jp/KeibaWeb/TodayRaceInfo/RaceMarkTable?k_raceDate=2021%2F06%2F19&k_raceNo=11&k_babaCode=21,data/cache/html/20210619_kawasaki_11.html
20210619_kawasaki_12,2021-06-19,kawasaki,12,https://www.keiba.go.jp/KeibaWeb/TodayRaceInfo/RaceMarkTable?k_raceDate=2021%2F06%2F19&k_raceNo=12&k_babaCode=21,data/cache/html/20210619_kawasaki_12.html
20210613_kawasaki_1,2021-06-13,kawasaki,1,https://www.keiba.go.jp/KeibaWeb/TodayRaceInfo/RaceMarkTable?k_raceDate=2021%2F06%2F13&k_raceNo=1&k_babaCode=21,data/cache/html/20210613_kawasaki_1.html
20210613_kawasaki_2,2021-06-13,kawasaki,2,https://www.keiba.go.jp/KeibaWeb/TodayRaceInfo/RaceMarkTable?k_raceDate=2021%2F06%2F13&k_raceNo=2&k_babaCode=21,data/cache/html/20210613_kawasaki_2.html
20210613_kawasaki_3,2021-06-13,kawasaki,3,https://www.keiba.go.jp/KeibaWeb/TodayRaceInfo/RaceMarkTable?k_raceDate=2021%2F06%2F13&k_raceNo=3&k_babaCode=21,data/cache/html/20210613_kawasaki_3.html
20210613_kawasaki_4,2021-06-13,kawasaki,4,https://www.keiba.go.jp/KeibaWeb/TodayRaceInfo/RaceMarkTable?k_raceDate=2021%2F06%2F13&k_raceNo=4&k_babaCode=21,data/cache/html/20210613_kawasaki_4.html
20210613_kawasaki_5,2021-06-13,kawasaki,5,https://www.keiba.go.jp/KeibaWeb/TodayRaceInfo/RaceMarkTable?k_raceDate=2021%2F06%2F13&k_raceNo=5&k_babaCode=21,data/cache/html/20210613_kawasaki_5.html
20210613_kawasaki_6,2021-06-13,kawasaki,6,https://www.keiba.go.jp/KeibaWeb/TodayRaceInfo/RaceMarkTable?k_raceDate=2021%2F06%2F13&k_raceNo=6&k_babaCode=21,data/cache/html/20210613_kawasaki_6.html
20210613_kawasaki_7,2021-06-13,kawasaki,7,https://www.keiba.go.jp/KeibaWeb/TodayRaceInfo/RaceMarkTable?k_raceDate=2021%2F06%2F13&k_raceNo=7&k_babaCode=21,data/cache/html/20210613_kawasaki_7.html
20210613_kawasaki_8,2021-06-13,kawasaki,8,https://www.keiba.go.jp/KeibaWeb/TodayRaceInfo/RaceMarkTable?k_raceDate=2021%2F06%2F13&k_raceNo=8&k_babaCode=21,data/cache/html/20210613_kawasaki_8.html
20210613_kawasaki_9,2021-06-13,kawasaki,9,https://www.keiba.go.jp/KeibaWeb/TodayRaceInfo/RaceMarkTable?k_raceDate=2021%2F06%2F13&k_raceNo=9&k_babaCode=21,data/cache/html/20210613_kawasaki_9.html
20210613_kawasaki_10,2021-06-13,kawasaki,10,https://www.keiba.go.jp/KeibaWeb/TodayRaceInfo/RaceMarkTable?k_raceDate=2021%2F06%2F13&k_raceNo=10&k_babaCode=21,data/cache/html/20210613_kawasaki_10.html
20210613_kawasaki_11,2021-06-13,kawasaki,11,https://www.keiba.go.jp/KeibaWeb/TodayRaceInfo/RaceMarkTable?k_raceDate=2021%2F06%2F13&k_raceNo=11&k_babaCode=21,data/cache/html/20210613_kawasaki_11.html
20210613_kawasaki_12,2021-06-13,kawasaki,12,https://www.keiba.go.jp/KeibaWeb/TodayRaceInfo/RaceMarkTable?k_raceDate=2021%2F06%2F13&k_raceNo=12&k_babaCode=21,data/cache/html/20210613_kawasaki_12.html
20210612_kawasaki_1,2021-06-12,kawasaki,1,https://www.keiba.go.jp/KeibaWeb/TodayRaceInfo/RaceMarkTable?k_raceDate=2021%2F06%2F12&k_raceNo=1&k_babaCode=21,data/cache/html/20210612_kawasaki_1.html
20210612_kawasaki_2,2021-06-12,kawasaki,2,https://www.keiba.go.jp/KeibaWeb/TodayRaceInfo/RaceMarkTable?k_raceDate=2021%2F06%2F12&k_raceNo=2&k_babaCode=21,data/cache/html/20210612_kawasaki_2.html
20210612_kawasaki_3,2021-06-12,kawasaki,3,https://www.keiba.go.jp/KeibaWeb/TodayRaceInfo/RaceMarkTable?k_raceDate=2021%2F06%2F12&k_raceNo=3&k_babaCode=21,data/cache/html/20210612_kawasaki_3.html
20210612_kawasaki_4,2021-06-12,kawasaki,4,https://www.keiba.go.jp/KeibaWeb/TodayRaceInfo/RaceMarkTable?k_raceDate=2021%2F06%2F12&k_raceNo=4&k_babaCode=21,data/cache/html/20210612_kawasaki_4.html
20210612_kawasaki_5,2021-06-12,kawasaki,5,https://www.keiba.go.jp/KeibaWeb/TodayRaceInfo/RaceMarkTable?k_raceDate=2021%2F06%2F12&k_raceNo=5&k_babaCode=21,data/cache/html/20210612_kawasaki_5.html
20210612_kawasaki_6,2021-06-12,kawasaki,6,https://www.keiba.go.jp/KeibaWeb/TodayRaceInfo/RaceMarkTable?k_raceDate=2021%2F06%2F12&k_raceNo=6&k_babaCode=21,data/cache/html/20210612_kawasaki_6.html
20210612_kawasaki_7,2021-06-12,kawasaki,7,https://www.keiba.go.jp/KeibaWeb/TodayRaceInfo/RaceMarkTable?k_raceDate=2021%2F06%2F12&k_raceNo=7&k_babaCode=21,data/cache/html/20210612_kawasaki_7.html
20210612_kawasaki_8,2021-06-12,kawasaki,8,https://www.keiba.go.jp/KeibaWeb/TodayRaceInfo/RaceMarkTable?k_raceDate=2021%2F06%2F12&k_raceNo=8&k_babaCode=21,data/cache/html/20210612_kawasaki_8.html
20210612_kawasaki_9,2021-06-12,kawasaki,9,https://www.keiba.go.jp/KeibaWeb/TodayRaceInfo/RaceMarkTable?k_raceDate=2021%2F06%2F12&k_raceNo=9&k_babaCode=21,data/cache/html/20210612_kawasaki_9.html
20210612_kawasaki_10,2021-06-12,kawasaki,10,https://www.keiba.go.jp/KeibaWeb/TodayRaceInfo/RaceMarkTable?k_raceDate=2021%2F06%2F12&k_raceNo=10&k_babaCode=21,data/cache/html/20210612_kawasaki_10.html
20210612_kawasaki_11,2021-06-12,kawasaki,11,https://www.keiba.go.jp/KeibaWeb/TodayRaceInfo/RaceMarkTable?k_raceDate=2021%2F06%2F12&k_raceNo=11&k_babaCode=21,data/cache/html/20210612_kawasaki_11.html
20210612_kawasaki_12,2021-06-12,kawasaki,12,https://www.keiba.go.jp/KeibaWeb/TodayRaceInfo/RaceMarkTable?k_raceDate=2021%2F06%2F12&k_raceNo=12&k_babaCode=21,data/cache/html/20210612_kawasaki_12.html
20210611_kawasaki_1,2021-06-11,kawasaki,1,https://www.keiba.go.jp/KeibaWeb/TodayRaceInfo/RaceMarkTable?k_raceDate=2021%2F06%2F11&k_raceNo=1&k_babaCode=21,data/cache/html/20210611_kawasaki_1.html
20210611_kawasaki_2,2021-06-11,kawasaki,2,https://www.keiba.go.jp/KeibaWeb/TodayRaceInfo/RaceMarkTable?k_raceDate=2021%2F06%2F11&k_raceNo=2&k_babaCode=21,data/cache/html/20210611_kawasaki_2.html
20210611_kawasaki_3,2021-06-11,kawasaki,3,https://www.keiba.go.jp/KeibaWeb/TodayRaceInfo/RaceMarkTable?k_raceDate=2021%2F06%2F11&k_raceNo=3&k_babaCode=21,data/cache/html/20210611_kawasaki_3.html
20210611_kawasaki_4,2021-06-11,kawasaki,4,https://www.keiba.go.jp/KeibaWeb/TodayRaceInfo/RaceMarkTable?k_raceDate=2021%2F06%2F11&k_raceNo=4&k_babaCode=21,data/cache/html/20210611_kawasaki_4.html
20210611_kawasaki_5,2021-06-11,kawasaki,5,https://www.keiba.go.jp/KeibaWeb/TodayRaceInfo/RaceMarkTable?k_raceDate=2021%2F06%2F11&k_raceNo=5&k_babaCode=21,data/cache/html/20210611_kawasaki_5.html
20210611_kawasaki_6,2021-06-11,kawasaki,6,https://www.keiba.go.jp/KeibaWeb/TodayRaceInfo/RaceMarkTable?k_raceDate=2021%2F06%2F11&k_raceNo=6&k_babaCode=21,data/cache/html/20210611_kawasaki_6.html
20210611_kawasaki_7,2021-06-11,kawasaki,7,https://www.keiba.go.jp/KeibaWeb/TodayRaceInfo/RaceMarkTable?k_raceDate=2021%2F06%2F11&k_raceNo=7&k_babaCode=21,data/cache/html/20210611_kawasaki_7.html
20210611_kawasaki_8,2021-06-11,kawasaki,8,https://www.keiba.go.jp/KeibaWeb/TodayRaceInfo/RaceMarkTable?k_raceDate=2021%2F06%2F11&k_raceNo=8&k_babaCode=21,data/cache/html/20210611_kawasaki_8.html
20210611_kawasaki_9,2021-06-11,kawasaki,9,https://www.keiba.go.jp/KeibaWeb/TodayRaceInfo/RaceMarkTable?k_raceDate=2021%2F06%2F11&k_raceNo=9&k_babaCode=21,data/cache/html/20210611_kawasaki_9.html
20210611_kawasaki_10,2021-06-11,kawasaki,10,https://www.keiba.go.jp/KeibaWeb/TodayRaceInfo/RaceMarkTable?k_raceDate=2021%2F06%2F11&k_raceNo=10&k_babaCode=21,data/cache/html/20210611_kawasaki_10.html
20210611_kawasaki_11,2021-06-11,kawasaki,11,https://www.keiba.go.jp/KeibaWeb/TodayRaceInfo/RaceMarkTable?k_raceDate=2021%2F06%2F11&k_raceNo=11&k_babaCode=21,data/cache/html/20210611_kawasaki_11.html
20210611_kawasaki_12,2021-06-11,kawasaki,12,https://www.keiba.go.jp/KeibaWeb/TodayRaceInfo/RaceMarkTable?k_raceDate=2021%2F06%2F11&k_raceNo=12&k_babaCode=21,data/cache/html/20210611_kawasaki_12.html
20210610_kawasaki_1,2021-06-10,kawasaki,1,https://www.keiba.go.jp/KeibaWeb/TodayRaceInfo/RaceMarkTable?k_raceDate=2021%2F06%2F10&k_raceNo=1&k_babaCode=21,data/cache/html/20210610_kawasaki_1.html
20210610_kawasaki_2,2021-06-10,kawasaki,2,https://www.keiba.go.jp/KeibaWeb/TodayRaceInfo/RaceMarkTable?k_raceDate=2021%2F06%2F10&k_raceNo=2&k_babaCode=21,data/cache/html/20210610_kawasaki_2.html
20210610_kawasaki_3,2021-06-10,kawasaki,3,https://www.keiba.go.jp/KeibaWeb/TodayRaceInfo/RaceMarkTable?k_raceDate=2021%2F06%2F10&k_raceNo=3&k_babaCode=21,data/cache/html/20210610_kawasaki_3.html
20210610_kawasaki_4,2021-06-10,kawasaki,4,https://www.keiba.go.jp/KeibaWeb/TodayRaceInfo/RaceMarkTable?k_raceDate=2021%2F06%2F10&k_raceNo=4&k_babaCode=21,data/cache/html/20210610_kawasaki_4.html
20210610_kawasaki_5,2021-06-10,kawasaki,5,https://www.keiba.go.jp/KeibaWeb/TodayRaceInfo/RaceMarkTable?k_raceDate=2021%2F06%2F10&k_raceNo=5&k_babaCode=21,data/cache/html/20210610_kawasaki_5.html
20210610_kawasaki_6,2021-06-10,kawasaki,6,https://www.keiba.go.jp/KeibaWeb/TodayRaceInfo/RaceMarkTable?k_raceDate=2021%2F06%2F10&k_raceNo=6&k_babaCode=21,data/cache/html/20210610_kawasaki_6.html
20210610_kawasaki_7,2021-06-10,kawasaki,7,https://www.keiba.go.jp/KeibaWeb/TodayRaceInfo/RaceMarkTable?k_raceDate=2021%2F06%2F10&k_raceNo=7&k_babaCode=21,data/cache/html/20210610_kawasaki_7.html
20210610_kawasaki_8,2021-06-10,kawasaki,8,https://www.keiba.go.jp/KeibaWeb/TodayRaceInfo/RaceMarkTable?k_raceDate=2021%2F06%2F10&k_raceNo=8&k_babaCode=21,data/cache/html/20210610_kawasaki_8.html
20210610_kawasaki_9,2021-06-10,kawasaki,9,https://www.keiba.go.jp/KeibaWeb/TodayRaceInfo/RaceMarkTable?k_raceDate=2021%2F06%2F10&k_raceNo=9&k_babaCode=21,data/cache/html/20210610_kawasaki_9.html
20210610_kawasaki_10,2021-06-10,kawasaki,10,https://www.keiba.go.jp/KeibaWeb/TodayRaceInfo/RaceMarkTable?k_raceDate=2021%2F06%2F10&k_raceNo=10&k_babaCode=21,data/cache/html/20210610_kawasaki_10.html
20210610_kawasaki_11,2021-06-10,kawasaki,11,https://www.keiba.go.jp/KeibaWeb/TodayRaceInfo/RaceMarkTable?k_raceDate=2021%2F06%2F10&k_raceNo=11&k_babaCode=21,data/cache/html/20210610_kawasaki_11.html
20210610_kawasaki_12,2021-06-10,kawasaki,12,https://www.keiba.go.jp/KeibaWeb/TodayRaceInfo/RaceMarkTable?k_raceDate=2021%2F06%2F10&k_raceNo=12&k_babaCode=21,data/cache/html/20210610_kawasaki_12.html
20210609_kawasaki_1,2021-06-09,kawasaki,1,https://www.keiba.go.jp/KeibaWeb/TodayRaceInfo/RaceMarkTable?k_raceDate=2021%2F06%2F09&k_raceNo=1&k_babaCode=21,data/cache/html/20210609_kawasaki_1.html
20210609_kawasaki_2,2021-06-09,kawasaki,2,https://www.keiba.go.jp/KeibaWeb/TodayRaceInfo/RaceMarkTable?k_raceDate=2021%2F06%2F09&k_raceNo=2&k_babaCode=21,data/cache/html/20210609_kawasaki_2.html
20210609_kawasaki_3,2021-06-09,kawasaki,3,https://www.keiba.go.jp/KeibaWeb/TodayRaceInfo/RaceMarkTable?k_raceDate=2021%2F06%2F09&k_raceNo=3&k_babaCode=21,data/cache/html/20210609_kawasaki_3.html
20210609_kawasaki_4,2021-06-09,kawasaki,4,https://www.keiba.go.jp/KeibaWeb/TodayRaceInfo/RaceMarkTable?k_raceDate=2021%2F06%2F09&k_raceNo=4&k_babaCode=21,data/cache/html/20210609_kawasaki_4.html
20210609_kawasaki_5,2021-06-09,kawasaki,5,https://www.keiba.go.jp/KeibaWeb/TodayRaceInfo/RaceMarkTable?k_raceDate=2021%2F06%2F09&k_raceNo=5&k_babaCode=21,data/cache/html/20210609_kawasaki_5.html
20210609_kawasaki_6,2021-06-09,kawasaki,6,https://www.keiba.go.jp/KeibaWeb/TodayRaceInfo/RaceMarkTable?k_raceDate=2021%2F06%2F09&k_raceNo=6&k_babaCode=21,data/cache/html/20210609_kawasaki_6.html
20210609_kawasaki_7,2021-06-09,kawasaki,7,https://www.keiba.go.jp/KeibaWeb/TodayRaceInfo/RaceMarkTable?k_raceDate=2021%2F06%2F09&k_raceNo=7&k_babaCode=21,data/cache/html/20210609_kawasaki_7.html
20210609_kawasaki_8,2021-06-09,kawasaki,8,https://www.keiba.go.jp/KeibaWeb/TodayRaceInfo/RaceMarkTable?k_raceDate=2021%2F06%2F09&k_raceNo=8&k_babaCode=21,data/cache/html/20210609_kawasaki_8.html
20210609_kawasaki_9,2021-06-09,kawasaki,9,https://www.keiba.go.jp/KeibaWeb/TodayRaceInfo/RaceMarkTable?k_raceDate=2021%2F06%2F09&k_raceNo=9&k_babaCode=21,data/cache/html/20210609_kawasaki_9.html
20210609_kawasaki_10,2021-06-09,kawasaki,10,https://www.keiba.go.jp/KeibaWeb/TodayRaceInfo/RaceMarkTable?k_raceDate=2021%2F06%2F09&k_raceNo=10&k_babaCode=21,data/cache/html/20210609_kawasaki_10.html
20210609_kawasaki_11,2021-06-09,kawasaki,11,https://www.keiba.go.jp/KeibaWeb/TodayRaceInfo/RaceMarkTable?k_raceDate=2021%2F06%2F09&k_raceNo=11&k_babaCode=21,data/cache/html/20210609_kawasaki_11.html
20210609_kawasaki_12,2021-06-09,kawasaki,12,https://www.keiba.go.jp/KeibaWeb/TodayRaceInfo/RaceMarkTable?k_raceDate=2021%2F06%2F09&k_raceNo=12&k_babaCode=21,data/cache/html/20210609_kawasaki_12.html
20210608_kawasaki_1,2021-06-08,kawasaki,1,https://www.keiba.go.jp/KeibaWeb/TodayRaceInfo/RaceMarkTable?k_raceDate=2021%2F06%2F08&k_raceNo=1&k_babaCode=21,data/cache/html/20210608_kawasaki_1.html
20210608_kawasaki_2,2021-06-08,kawasaki,2,https://www.keiba.go.jp/KeibaWeb/TodayRaceInfo/RaceMarkTable?k_raceDate=2021%2F06%2F08&k_raceNo=2&k_babaCode=21,data/cache/html/20210608_kawasaki_2.html
20210608_kawasaki_3,2021-06-08,kawasaki,3,https://www.keiba.go.jp/KeibaWeb/TodayRaceInfo/RaceMarkTable?k_raceDate=2021%2F06%2F08&k_raceNo=3&k_babaCode=21,data/cache/html/20210608_kawasaki_3.html
20210608_kawasaki_4,2021-06-08,kawasaki,4,https://www.keiba.go.jp/KeibaWeb/TodayRaceInfo/RaceMarkTable?k_raceDate=2021%2F06%2F08&k_raceNo=4&k_babaCode=21,data/cache/html/20210608_kawasaki_4.html
20210608_kawasaki_5,2021-06-08,kawasaki,5,https://www.keiba.go.jp/KeibaWeb/TodayRaceInfo/RaceMarkTable?k_raceDate=2021%2F06%2F08&k_raceNo=5&k_babaCode=21,data/cache/html/20210608_kawasaki_5.html
20210608_kawasaki_6,2021-06-08,kawasaki,6,https://www.keiba.go.jp/KeibaWeb/TodayRaceInfo/RaceMarkTable?k_raceDate=2021%2F06%2F08&k_raceNo=6&k_babaCode=21,data/cache/html/20210608_kawasaki_6.html
20210608_kawasaki_7,2021-06-08,kawasaki,7,https://www.keiba.go.jp/KeibaWeb/TodayRaceInfo/RaceMarkTable?k_raceDate=2021%2F06%2F08&k_raceNo=7&k_babaCode=21,data/cache/html/20210608_kawasaki_7.html
20210608_kawasaki_8,2021-06-08,kawasaki,8,https://www.keiba.go.jp/KeibaWeb/TodayRaceInfo/RaceMarkTable?k_raceDate=2021%2F06%2F08&k_raceNo=8&k_babaCode=21,data/cache/html/20210608_kawasaki_8.html
20210608_kawasaki_9,2021-06-08,kawasaki,9,https://www.keiba.go.jp/KeibaWeb/TodayRaceInfo/RaceMarkTable?k_raceDate=2021%2F06%2F08&k_raceNo=9&k_babaCode=21,data/cache/html/20210608_kawasaki_9.html
20210608_kawasaki_10,2021-06-08,kawasaki,10,https://www.keiba.go.jp/KeibaWeb/TodayRaceInfo/RaceMarkTable?k_raceDate=2021%2F06%2F08&k_raceNo=10&k_babaCode=21,data/cache/html/20210608_kawasaki_10.html
20210608_kawasaki_11,2021-06-08,kawasaki,11,https://www.keiba.go.jp/KeibaWeb/TodayRaceInfo/RaceMarkTable?k_raceDate=2021%2F06%2F08&k_raceNo=11&k_babaCode=21,data/cache/html/20210608_kawasaki_11.html
20210608_kawasaki_12,2021-06-08,kawasaki,12,https://www.keiba.go.jp/KeibaWeb/TodayRaceInfo/RaceMarkTable?k_raceDate=2021%2F06%2F08&k_raceNo=12&k_babaCode=21,data/cache/html/20210608_kawasaki_12.html
20210607_kawasaki_1,2021-06-07,kawasaki,1,https://www.keiba.go.jp/KeibaWeb/TodayRaceInfo/RaceMarkTable?k_raceDate=2021%2F06%2F07&k_raceNo=1&k_babaCode=21,data/cache/html/20210607_kawasaki_1.html
20210607_kawasaki_2,2021-06-07,kawasaki,2,https://www.keiba.go.jp/KeibaWeb/TodayRaceInfo/RaceMarkTable?k_raceDate=2021%2F06%2F07&k_raceNo=2&k_babaCode=21,data/cache/html/20210607_kawasaki_2.html
20210607_kawasaki_3,2021-06-07,kawasaki,3,https://www.keiba.go.jp/KeibaWeb/TodayRaceInfo/RaceMarkTable?k_raceDate=2021%2F06%2F07&k_raceNo=3&k_babaCode=21,data/cache/html/20210607_kawasaki_3.html
20210607_kawasaki_4,2021-06-07,kawasaki,4,https://www.keiba.go.jp/KeibaWeb/TodayRaceInfo/RaceMarkTable?k_raceDate=2021%2F06%2F07&k_raceNo=4&k_babaCode=21,data/cache/html/20210607_kawasaki_4.html
20210607_kawasaki_5,2021-06-07,kawasaki,5,https://www.keiba.go.jp/KeibaWeb/TodayRaceInfo/RaceMarkTable?k_raceDate=2021%2F06%2F07&k_raceNo=5&k_babaCode=21,data/cache/html/20210607_kawasaki_5.html
20210607_kawasaki_6,2021-06-07,kawasaki,6,https://www.keiba.go.jp/KeibaWeb/TodayRaceInfo/RaceMarkTable?k_raceDate=2021%2F06%2F07&k_raceNo=6&k_babaCode=21,data/cache/html/20210607_kawasaki_6.html
20210607_kawasaki_7,2021-06-07,kawasaki,7,https://www.keiba.go.jp/KeibaWeb/TodayRaceInfo/RaceMarkTable?k_raceDate=2021%2F06%2F07&k_raceNo=7&k_babaCode=21,data/cache/html/20210607_kawasaki_7.html
20210607_kawasaki_8,2021-06-07,kawasaki,8,https://www.keiba.go.jp/KeibaWeb/TodayRaceInfo/RaceMarkTable?k_raceDate=2021%2F06%2F07&k_raceNo=8&k_babaCode=21,data/cache/html/20210607_kawasaki_8.html
20210607_kawasaki_9,2021-06-07,kawasaki,9,https://www.keiba.go.jp/KeibaWeb/TodayRaceInfo/RaceMarkTable?k_raceDate=2021%2F06%2F07&k_raceNo=9&k_babaCode=21,data/cache/html/20210607_kawasaki_9.html
20210607_kawasaki_10,2021-06-07,kawasaki,10,https://www.keiba.go.jp/KeibaWeb/TodayRaceInfo/RaceMarkTable?k_raceDate=2021%2F06%2F07&k_raceNo=10&k_babaCode=21,data/cache/html/20210607_kawasaki_10.html
20210607_kawasaki_11,2021-06-07,kawasaki,11,https://www.keiba.go.jp/KeibaWeb/TodayRaceInfo/RaceMarkTable?k_raceDate=2021%2F06%2F07&k_raceNo=11&k_babaCode=21,data/cache/html/20210607_kawasaki_11.html
20210607_kawasaki_12,2021-06-07,kawasaki,12,https://www.keiba.go.jp/KeibaWeb/TodayRaceInfo/RaceMarkTable?k_raceDate=2021%2F06%2F07&k_raceNo=12&k_babaCode=21,data/cache/html/20210607_kawasaki_12.html
20210606_kawasaki_1,2021-06-06,kawasaki,1,https://www.keiba.go.jp/KeibaWeb/TodayRaceInfo/RaceMarkTable?k_raceDate=2021%2F06%2F06&k_raceNo=1&k_babaCode=21,data/cache/html/20210606_kawasaki_1.html
20210606_kawasaki_2,2021-06-06,kawasaki,2,https://www.keiba.go.jp/KeibaWeb/TodayRaceInfo/RaceMarkTable?k_raceDate=2021%2F06%2F06&k_raceNo=2&k_babaCode=21,data/cache/html/20210606_kawasaki_2.html
20210606_kawasaki_3,2021-06-06,kawasaki,3,https://www.keiba.go.jp/KeibaWeb/TodayRaceInfo/RaceMarkTable?k_raceDate=2021%2F06%2F06&k_raceNo=3&k_babaCode=21,data/cache/html/20210606_kawasaki_3.html
20210606_kawasaki_4,2021-06-06,kawasaki,4,https://www.keiba.go.jp/KeibaWeb/TodayRaceInfo/RaceMarkTable?k_raceDate=2021%2F06%2F06&k_raceNo=4&k_babaCode=21,data/cache/html/20210606_kawasaki_4.html
20210606_kawasaki_5,2021-06-06,kawasaki,5,https://www.keiba.go.jp/KeibaWeb/TodayRaceInfo/RaceMarkTable?k_raceDate=2021%2F06%2F06&k_raceNo=5&k_babaCode=21,data/cache/html/20210606_kawasaki_5.html
20210606_kawasaki_6,2021-06-06,kawasaki,6,https://www.keiba.go.jp/KeibaWeb/TodayRaceInfo/RaceMarkTable?k_raceDate=2021%2F06%2F06&k_raceNo=6&k_babaCode=21,data/cache/html/20210606_kawasaki_6.html
20210606_kawasaki_7,2021-06-06,kawasaki,7,https://www.keiba.go.jp/KeibaWeb/TodayRaceInfo/RaceMarkTable?k_raceDate=2021%2F06%2F06&k_raceNo=7&k_babaCode=21,data/cache/html/20210606_kawasaki_7.html
20210606_kawasaki_8,2021-06-06,kawasaki,8,https://www.keiba.go.jp/KeibaWeb/TodayRaceInfo/RaceMarkTable?k_raceDate=2021%2F06%2F06&k_raceNo=8&k_babaCode=21,data/cache/html/20210606_kawasaki_8.html
20210606_kawasaki_9,2021-06-06,kawasaki,9,https://www.keiba.go.jp/KeibaWeb/TodayRaceInfo/RaceMarkTable?k_raceDate=2021%2F06%2F06&k_raceNo=9&k_babaCode=21,data/cache/html/20210606_kawasaki_9.html
20210606_kawasaki_10,2021-06-06,kawasaki,10,https://www.keiba.go.jp/KeibaWeb/TodayRaceInfo/RaceMarkTable?k_raceDate=2021%2F06%2F06&k_raceNo=10&k_babaCode=21,data/cache/html/20210606_kawasaki_10.html
20210606_kawasaki_11,2021-06-06,kawasaki,11,https://www.keiba.go.jp/KeibaWeb/TodayRaceInfo/RaceMarkTable?k_raceDate=2021%2F06%2F06&k_raceNo=11&k_babaCode=21,data/cache/html/20210606_kawasaki_11.html
20210606_kawasaki_12,2021-06-06,kawasaki,12,https://www.keiba.go.jp/KeibaWeb/TodayRaceInfo/RaceMarkTable?k_raceDate=2021%2F06%2F06&k_raceNo=12&k_babaCode=21,data/cache/html/20210606_kawasaki_12.html
20210605_kawasaki_1,2021-06-05,kawasaki,1,https://www.keiba.go.jp/KeibaWeb/TodayRaceInfo/RaceMarkTable?k_raceDate=2021%2F06%2F05&k_raceNo=1&k_babaCode=21,data/cache/html/20210605_kawasaki_1.html
20210605_kawasaki_2,2021-06-05,kawasaki,2,https://www.keiba.go.jp/KeibaWeb/TodayRaceInfo/RaceMarkTable?k_raceDate=2021%2F06%2F05&k_raceNo=2&k_babaCode=21,data/cache/html/20210605_kawasaki_2.html
20210605_kawasaki_3,2021-06-05,kawasaki,3,https://www.keiba.go.jp/KeibaWeb/TodayRaceInfo/RaceMarkTable?k_raceDate=2021%2F06%2F05&k_raceNo=3&k_babaCode=21,data/cache/html/20210605_kawasaki_3.html
20210605_kawasaki_4,2021-06-05,kawasaki,4,https://www.keiba.go.jp/KeibaWeb/TodayRaceInfo/RaceMarkTable?k_raceDate=2021%2F06%2F05&k_raceNo=4&k_babaCode=21,data/cache/html/20210605_kawasaki_4.html
20210605_kawasaki_5,2021-06-05,kawasaki,5,https://www.keiba.go.jp/KeibaWeb/TodayRaceInfo/RaceMarkTable?k_raceDate=2021%2F06%2F05&k_raceNo=5&k_babaCode=21,data/cache/html/20210605_kawasaki_5.html
20210605_kawasaki_6,2021-06-05,kawasaki,6,https://www.keiba.go.jp/KeibaWeb/TodayRaceInfo/RaceMarkTable?k_raceDate=2021%2F06%2F05&k_raceNo=6&k_babaCode=21,data/cache/html/20210605_kawasaki_6.html
20210605_kawasaki_7,2021-06-05,kawasaki,7,https://www.keiba.go.jp/KeibaWeb/TodayRaceInfo/RaceMarkTable?k_raceDate=2021%2F06%2F05&k_raceNo=7&k_babaCode=21,data/cache/html/20210605_kawasaki_7.html
20210605_kawasaki_8,2021-06-05,kawasaki,8,https://www.keiba.go.jp/KeibaWeb/TodayRaceInfo/RaceMarkTable?k_raceDate=2021%2F06%2F05&k_raceNo=8&k_babaCode=21,data/cache/html/20210605_kawasaki_8.html
20210605_kawasaki_9,2021-06-05,kawasaki,9,https://www.keiba.go.jp/KeibaWeb/TodayRaceInfo/RaceMarkTable?k_raceDate=2021%2F06%2F05&k_raceNo=9&k_babaCode=21,data/cache/html/20210605_kawasaki_9.html
20210605_kawasaki_10,2021-06-05,kawasaki,10,https://www.keiba.go.jp/KeibaWeb/TodayRaceInfo/RaceMarkTable?k_raceDate=2021%2F06%2F05&k_raceNo=10&k_babaCode=21,data/cache/html/20210605_kawasaki_10.html
20210605_kawasaki_11,2021-06-05,kawasaki,11,https://www.keiba.go.jp/KeibaWeb/TodayRaceInfo/RaceMarkTable?k_raceDate=2021%2F06%2F05&k_raceNo=11&k_babaCode=21,data/cache/html/20210605_kawasaki_11.html
20210605_kawasaki_12,2021-06-05,kawasaki,12,https://www.keiba.go.jp/KeibaWeb/TodayRaceInfo/RaceMarkTable?k_raceDate=2021%2F06%2F05&k_raceNo=12&k_babaCode=21,data/cache/html/20210605_kawasaki_12.html
20210604_kawasaki_1,2021-06-04,kawasaki,1,https://www.keiba.go.jp/KeibaWeb/TodayRaceInfo/RaceMarkTable?k_raceDate=2021%2F06%2F04&k_raceNo=1&k_babaCode=21,data/cache/html/20210604_kawasaki_1.html
20210604_kawasaki_2,2021-06-04,kawasaki,2,https://www.keiba.go.jp/KeibaWeb/TodayRaceInfo/RaceMarkTable?k_raceDate=2021%2F06%2F04&k_raceNo=2&k_babaCode=21,data/cache/html/20210604_kawasaki_2.html
20210604_kawasaki_3,2021-06-04,kawasaki,3,https://www.keiba.go.jp/KeibaWeb/TodayRaceInfo/RaceMarkTable?k_raceDate=2021%2F06%2F04&k_raceNo=3&k_babaCode=21,data/cache/html/20210604_kawasaki_3.html
20210604_kawasaki_4,2021-06-04,kawasaki,4,https://www.keiba.go.jp/KeibaWeb/TodayRaceInfo/RaceMarkTable?k_raceDate=2021%2F06%2F04&k_raceNo=4&k_babaCode=21,data/cache/html/20210604_kawasaki_4.html
20210604_kawasaki_5,2021-06-04,kawasaki,5,https://www.keiba.go.jp/KeibaWeb/TodayRaceInfo/RaceMarkTable?k_raceDate=2021%2F06%2F04&k_raceNo=5&k_babaCode=21,data/cache/html/20210604_kawasaki_5.html
20210604_kawasaki_6,2021-06-04,kawasaki,6,https://www.keiba.go.jp/KeibaWeb/TodayRaceInfo/RaceMarkTable?k_raceDate=2021%2F06%2F04&k_raceNo=6&k_babaCode=21,data/cache/html/20210604_kawasaki_6.html
20210604_kawasaki_7,2021-06-04,kawasaki,7,https://www.keiba.go.jp/KeibaWeb/TodayRaceInfo/RaceMarkTable?k_raceDate=2021%2F06%2F04&k_raceNo=7&k_babaCode=21,data/cache/html/20210604_kawasaki_7.html
20210604_kawasaki_8,2021-06-04,kawasaki,8,https://www.keiba.go.jp/KeibaWeb/TodayRaceInfo/RaceMarkTable?k_raceDate=2021%2F06%2F04&k_raceNo=8&k_babaCode=21,data/cache/html/20210604_kawasaki_8.html
20210604_kawasaki_9,2021-06-04,kawasaki,9,https://www.keiba.go.jp/KeibaWeb/TodayRaceInfo/RaceMarkTable?k_raceDate=2021%2F06%2F04&k_raceNo=9&k_babaCode=21,data/cache/html/20210604_kawasaki_9.html
20210604_kawasaki_10,2021-06-04,kawasaki,10,https://www.keiba.go.jp/KeibaWeb/TodayRaceInfo/RaceMarkTable?k_raceDate=2021%2F06%2F04&k_raceNo=10&k_babaCode=21,data/cache/html/20210604_kawasaki_10.html
20210604_kawasaki_11,2021-06-04,kawasaki,11,https://www.keiba.go.jp/KeibaWeb/TodayRaceInfo/RaceMarkTable?k_raceDate=2021%2F06%2F04&k_raceNo=11&k_babaCode=21,data/cache/html/20210604_kawasaki_11.html
20210604_kawasaki_12,2021-06-04,kawasaki,12,https://www.keiba.go.jp/KeibaWeb/TodayRaceInfo/RaceMarkTable?k_raceDate=2021%2F06%2F04&k_raceNo=12&k_babaCode=21,data/cache/html/20210604_kawasaki_12.html
20210603_kawasaki_1,2021-06-03,kawasaki,1,https://www.keiba.go.jp/KeibaWeb/TodayRaceInfo/RaceMarkTable?k_raceDate=2021%2F06%2F03&k_raceNo=1&k_babaCode=21,data/cache/html/20210603_kawasaki_1.html
20210603_kawasaki_2,2021-06-03,kawasaki,2,https://www.keiba.go.jp/KeibaWeb/TodayRaceInfo/RaceMarkTable?k_raceDate=2021%2F06%2F03&k_raceNo=2&k_babaCode=21,data/cache/html/20210603_kawasaki_2.html
20210603_kawasaki_3,2021-06-03,kawasaki,3,https://www.keiba.go.jp/KeibaWeb/TodayRaceInfo/RaceMarkTable?k_raceDate=2021%2F06%2F03&k_raceNo=3&k_babaCode=21,data/cache/html/20210603_kawasaki_3.html
20210603_kawasaki_4,2021-06-03,kawasaki,4,https://www.keiba.go.jp/KeibaWeb/TodayRaceInfo/RaceMarkTable?k_raceDate=2021%2F06%2F03&k_raceNo=4&k_babaCode=21,data/cache/html/20210603_kawasaki_4.html
20210603_kawasaki_5,2021-06-03,kawasaki,5,https://www.keiba.go.jp/KeibaWeb/TodayRaceInfo/RaceMarkTable?k_raceDate=2021%2F06%2F03&k_raceNo=5&k_babaCode=21,data/cache/html/20210603_kawasaki_5.html
20210603_kawasaki_6,2021-06-03,kawasaki,6,https://www.keiba.go.jp/KeibaWeb/TodayRaceInfo/RaceMarkTable?k_raceDate=2021%2F06%2F03&k_raceNo=6&k_babaCode=21,data/cache/html/20210603_kawasaki_6.html
20210603_kawasaki_7,2021-06-03,kawasaki,7,https://www.keiba.go.jp/KeibaWeb/TodayRaceInfo/RaceMarkTable?k_raceDate=2021%2F06%2F03&k_raceNo=7&k_babaCode=21,data/cache/html/20210603_kawasaki_7.html
20210603_kawasaki_8,2021-06-03,kawasaki,8,https://www.keiba.go.jp/KeibaWeb/TodayRaceInfo/RaceMarkTable?k_raceDate=2021%2F06%2F03&k_raceNo=8&k_babaCode=21,data/cache/html/20210603_kawasaki_8.html
20210603_kawasaki_9,2021-06-03,kawasaki,9,https://www.keiba.go.jp/KeibaWeb/TodayRaceInfo/RaceMarkTable?k_raceDate=2021%2F06%2F03&k_raceNo=9&k_babaCode=21,data/cache/html/20210603_kawasaki_9.html
20210603_kawasaki_10,2021-06-03,kawasaki,10,https://www.keiba.go.jp/KeibaWeb/TodayRaceInfo/RaceMarkTable?k_raceDate=2021%2F06%2F03&k_raceNo=10&k_babaCode=21,data/cache/html/20210603_kawasaki_10.html
20210603_kawasaki_11,2021-06-03,kawasaki,11,https://www.keiba.go.jp/KeibaWeb/TodayRaceInfo/RaceMarkTable?k_raceDate=2021%2F06%2F03&k_raceNo=11&k_babaCode=21,data/cache/html/20210603_kawasaki_11.html
20210603_kawasaki_12,2021-06-03,kawasaki,12,https://www.keiba.go.jp/KeibaWeb/TodayRaceInfo/RaceMarkTable?k_raceDate=2021%2F06%2F03&k_raceNo=12&k_babaCode=21,data/cache/html/20210603_kawasaki_12.html
20210602_kawasaki_1,2021-06-02,kawasaki,1,https://www.keiba.go.jp/KeibaWeb/TodayRaceInfo/RaceMarkTable?k_raceDate=2021%2F06%2F02&k_raceNo=1&k_babaCode=21,data/cache/html/20210602_kawasaki_1.html
20210602_kawasaki_2,2021-06-02,kawasaki,2,https://www.keiba.go.jp/KeibaWeb/TodayRaceInfo/RaceMarkTable?k_raceDate=2021%2F06%2F02&k_raceNo=2&k_babaCode=21,data/cache/html/20210602_kawasaki_2.html
20210602_kawasaki_3,2021-06-02,kawasaki,3,https://www.keiba.go.jp/KeibaWeb/TodayRaceInfo/RaceMarkTable?k_raceDate=2021%2F06%2F02&k_raceNo=3&k_babaCode=21,data/cache/html/20210602_kawasaki_3.html
20210602_kawasaki_4,2021-06-02,kawasaki,4,https://www.keiba.go.jp/KeibaWeb/TodayRaceInfo/RaceMarkTable?k_raceDate=2021%2F06%2F02&k_raceNo=4&k_babaCode=21,data/cache/html/20210602_kawasaki_4.html
20210602_kawasaki_5,2021-06-02,kawasaki,5,https://www.keiba.go.jp/KeibaWeb/TodayRaceInfo/RaceMarkTable?k_raceDate=2021%2F06%2F02&k_raceNo=5&k_babaCode=21,data/cache/html/20210602_kawasaki_5.html
20210602_kawasaki_6,2021-06-02,kawasaki,6,https://www.keiba.go.jp/KeibaWeb/TodayRaceInfo/RaceMarkTable?k_raceDate=2021%2F06%2F02&k_raceNo=6&k_babaCode=21,data/cache/html/20210602_kawasaki_6.html
20210602_kawasaki_7,2021-06-02,kawasaki,7,https://www.keiba.go.jp/KeibaWeb/TodayRaceInfo/RaceMarkTable?k_raceDate=2021%2F06%2F02&k_raceNo=7&k_babaCode=21,data/cache/html/20210602_kawasaki_7.html
20210602_kawasaki_8,2021-06-02,kawasaki,8,https://www.keiba.go.jp/KeibaWeb/TodayRaceInfo/RaceMarkTable?k_raceDate=2021%2F06%2F02&k_raceNo=8&k_babaCode=21,data/cache/html/20210602_kawasaki_8.html
20210602_kawasaki_9,2021-06-02,kawasaki,9,https://www.keiba.go.jp/KeibaWeb/TodayRaceInfo/RaceMarkTable?k_raceDate=2021%2F06%2F02&k_raceNo=9&k_babaCode=21,data/cache/html/20210602_kawasaki_9.html
20210602_kawasaki_10,2021-06-02,kawasaki,10,https://www.keiba.go.jp/KeibaWeb/TodayRaceInfo/RaceMarkTable?k_raceDate=2021%2F06%2F02&k_raceNo=10&k_babaCode=21,data/cache/html/20210602_kawasaki_10.html
20210602_kawasaki_11,2021-06-02,kawasaki,11,https://www.keiba.go.jp/KeibaWeb/TodayRaceInfo/RaceMarkTable?k_raceDate=2021%2F06%2F02&k_raceNo=11&k_babaCode=21,data/cache/html/20210602_kawasaki_11.html
20210602_kawasaki_12,2021-06-02,kawasaki,12,https://www.keiba.go.jp/KeibaWeb/TodayRaceInfo/RaceMarkTable?k_raceDate=2021%2F06%2F02&k_raceNo=12&k_babaCode=21,data/cache/html/20210602_kawasaki_12.html
20210601_kawasaki_1,2021-06-01,kawasaki,1,https://www.keiba.go.jp/KeibaWeb/TodayRaceInfo/RaceMarkTable?k_raceDate=2021%2F06%2F01&k_raceNo=1&k_babaCode=21,data/cache/html/20210601_kawasaki_1.html
20210601_kawasaki_2,2021-06-01,kawasaki,2,https://www.keiba.go.jp/KeibaWeb/TodayRaceInfo/RaceMarkTable?k_raceDate=2021%2F06%2F01&k_raceNo=2&k_babaCode=21,data/cache/html/20210601_kawasaki_2.html
20210601_kawasaki_3,2021-06-01,kawasaki,3,https://www.keiba.go.jp/KeibaWeb/TodayRaceInfo/RaceMarkTable?k_raceDate=2021%2F06%2F01&k_raceNo=3&k_babaCode=21,data/cache/html/20210601_kawasaki_3.html
20210601_kawasaki_4,2021-06-01,kawasaki,4,https://www.keiba.go.jp/KeibaWeb/TodayRaceInfo/RaceMarkTable?k_raceDate=2021%2F06%2F01&k_raceNo=4&k_babaCode=21,data/cache/html/20210601_kawasaki_4.html
20210601_kawasaki_5,2021-06-01,kawasaki,5,https://www.keiba.go.jp/KeibaWeb/TodayRaceInfo/RaceMarkTable?k_raceDate=2021%2F06%2F01&k_raceNo=5&k_babaCode=21,data/cache/html/20210601_kawasaki_5.html
20210601_kawasaki_6,2021-06-01,kawasaki,6,https://www.keiba.go.jp/KeibaWeb/TodayRaceInfo/RaceMarkTable?k_raceDate=2021%2F06%2F01&k_raceNo=6&k_babaCode=21,data/cache/html/20210601_kawasaki_6.html
20210601_kawasaki_7,2021-06-01,kawasaki,7,https://www.keiba.go.jp/KeibaWeb/TodayRaceInfo/RaceMarkTable?k_raceDate=2021%2F06%2F01&k_raceNo=7&k_babaCode=21,data/cache/html/20210601_kawasaki_7.html
20210601_kawasaki_8,2021-06-01,kawasaki,8,https://www.keiba.go.jp/KeibaWeb/TodayRaceInfo/RaceMarkTable?k_raceDate=2021%2F06%2F01&k_raceNo=8&k_babaCode=21,data/cache/html/20210601_kawasaki_8.html
20210601_kawasaki_9,2021-06-01,kawasaki,9,https://www.keiba.go.jp/KeibaWeb/TodayRaceInfo/RaceMarkTable?k_raceDate=2021%2F06%2F01&k_raceNo=9&k_babaCode=21,data/cache/html/20210601_kawasaki_9.html
20210601_kawasaki_10,2021-06-01,kawasaki,10,https://www.keiba.go.jp/KeibaWeb/TodayRaceInfo/RaceMarkTable?k_raceDate=2021%2F06%2F01&k_raceNo=10&k_babaCode=21,data/cache/html/20210601_kawasaki_10.html
20210601_kawasaki_11,2021-06-01,kawasaki,11,https://www.keiba.go.jp/KeibaWeb/TodayRaceInfo/RaceMarkTable?k_raceDate=2021%2F06%2F01&k_raceNo=11&k_babaCode=21,data/cache/html/20210601_kawasaki_11.html
20210601_kawasaki_12,2021-06-01,kawasaki,12,https://www.keiba.go.jp/KeibaWeb/TodayRaceInfo/RaceMarkTable?k_raceDate=2021%2F06%2F01&k_raceNo=12&k_babaCode=21,data/cache/html/20210601_kawasaki_12.html
