race_id,date,track,race_no,official_url,cache_html_path
19960506_kawasaki_1,1996-05-06,kawasaki,1,https://www.keiba.go.jp/KeibaWeb/TodayRaceInfo/RaceMarkTable?k_raceDate=1996%2F05%2F06&k_raceNo=1&k_babaCode=21,data/cache/html/19960506_kawasaki_1.html
19960506_kawasaki_2,1996-05-06,kawasaki,2,https://www.keiba.go.jp/KeibaWeb/TodayRaceInfo/RaceMarkTable?k_raceDate=1996%2F05%2F06&k_raceNo=2&k_babaCode=21,data/cache/html/19960506_kawasaki_2.html
19960506_kawasaki_3,1996-05-06,kawasaki,3,https://www.keiba.go.jp/KeibaWeb/TodayRaceInfo/RaceMarkTable?k_raceDate=1996%2F05%2F06&k_raceNo=3&k_babaCode=21,data/cache/html/19960506_kawasaki_3.html
19960506_kawasaki_4,1996-05-06,kawasaki,4,https://www.keiba.go.jp/KeibaWeb/TodayRaceInfo/RaceMarkTable?k_raceDate=1996%2F05%2F06&k_raceNo=4&k_babaCode=21,data/cache/html/19960506_kawasaki_4.html
19960506_kawasaki_5,1996-05-06,kawasaki,5,https://www.keiba.go.jp/KeibaWeb/TodayRaceInfo/RaceMarkTable?k_raceDate=1996%2F05%2F06&k_raceNo=5&k_babaCode=21,data/cache/html/19960506_kawasaki_5.html
19960506_kawasaki_6,1996-05-06,kawasaki,6,https://www.keiba.go.jp/KeibaWeb/TodayRaceInfo/RaceMarkTable?k_raceDate=1996%2F05%2F06&k_raceNo=6&k_babaCode=21,data/cache/html/19960506_kawasaki_6.html
19960506_kawasaki_7,1996-05-06,kawasaki,7,https://www.keiba.go.jp/KeibaWeb/TodayRaceInfo/RaceMarkTable?k_raceDate=1996%2F05%2F06&k_raceNo=7&k_babaCode=21,data/cache/html/19960506_kawasaki_7.html
19960506_kawasaki_8,1996-05-06,kawasaki,8,https://www.keiba.go.jp/KeibaWeb/TodayRaceInfo/RaceMarkTable?k_raceDate=1996%2F05%2F06&k_raceNo=8&k_babaCode=21,data/cache/html/19960506_kawasaki_8.html
19960506_kawasaki_9,1996-05-06,kawasaki,9,https://www.keiba.go.jp/KeibaWeb/TodayRaceInfo/RaceMarkTable?k_raceDate=1996%2F05%2F06&k_raceNo=9&k_babaCode=21,data/cache/html/19960506_kawasaki_9.html
19960506_kawasaki_10,1996-05-06,kawasaki,10,https://www.keiba.go.jp/KeibaWeb/TodayRaceInfo/RaceMarkTable?k_raceDate=1996%2F05%2F06&k_raceNo=10&k_babaCode=21,data/cache/html/19960506_kawasaki_10.html
19960506_kawasaki_11,1996-05-06,kawasaki,11,https://www.keiba.go.jp/KeibaWeb/TodayRaceInfo/RaceMarkTable?k_raceDate=1996%2F05%2F06&k_raceNo=11&k_babaCode=21,data/cache/html/19960506_kawasaki_11.html
19960506_kawasaki_12,1996-05-06,kawasaki,12,https://www.keiba.go.jp/KeibaWeb/TodayRaceInfo/RaceMarkTable?k_raceDate=1996%2F05%2F06&k_raceNo=12&k_babaCode=21,data/cache/html/19960506_kawasaki_12.html
19960505_kawasaki_1,1996-05-05,kawasaki,1,https://www.keiba.go.jp/KeibaWeb/TodayRaceInfo/RaceMarkTable?k_raceDate=1996%2F05%2F05&k_raceNo=1&k_babaCode=21,data/cache/html/19960505_kawasaki_1.html
19960505_kawasaki_2,1996-05-05,kawasaki,2,https://www.keiba.go.jp/KeibaWeb/TodayRaceInfo/RaceMarkTable?k_raceDate=1996%2F05%2F05&k_raceNo=2&k_babaCode=21,data/cache/html/19960505_kawasaki_2.html
19960505_kawasaki_3,1996-05-05,kawasaki,3,https://www.keiba.go.jp/KeibaWeb/TodayRaceInfo/RaceMarkTable?k_raceDate=1996%2F05%2F05&k_raceNo=3&k_babaCode=21,data/cache/html/19960505_kawasaki_3.html
19960505_kawasaki_4,1996-05-05,kawasaki,4,https://www.keiba.go.jp/KeibaWeb/TodayRaceInfo/RaceMarkTable?k_raceDate=1996%2F05%2F05&k_raceNo=4&k_babaCode=21,data/cache/html/19960505_kawasaki_4.html
19960505_kawasaki_5,1996-05-05,kawasaki,5,https://www.keiba.go.jp/KeibaWeb/TodayRaceInfo/RaceMarkTable?k_raceDate=1996%2F05%2F05&k_raceNo=5&k_babaCode=21,data/cache/html/19960505_kawasaki_5.html
19960505_kawasaki_6,1996-05-05,kawasaki,6,https://www.keiba.go.jp/KeibaWeb/TodayRaceInfo/RaceMarkTable?k_raceDate=1996%2F05%2F05&k_raceNo=6&k_babaCode=21,data/cache/html/19960505_kawasaki_6.html
19960505_kawasaki_7,1996-05-05,kawasaki,7,https://www.keiba.go.jp/KeibaWeb/TodayRaceInfo/RaceMarkTable?k_raceDate=1996%2F05%2F05&k_raceNo=7&k_babaCode=21,data/cache/html/19960505_kawasaki_7.html
19960505_kawasaki_8,1996-05-05,kawasaki,8,https://www.keiba.go.jp/KeibaWeb/TodayRaceInfo/RaceMarkTable?k_raceDate=1996%2F05%2F05&k_raceNo=8&k_babaCode=21,data/cache/html/19960505_kawasaki_8.html
19960505_kawasaki_9,1996-05-05,kawasaki,9,https://www.keiba.go.jp/KeibaWeb/TodayRaceInfo/RaceMarkTable?k_raceDate=1996%2F05%2F05&k_raceNo=9&k_babaCode=21,data/cache/html/19960505_kawasaki_9.html
19960505_kawasaki_10,1996-05-05,kawasaki,10,https://www.keiba.go.jp/KeibaWeb/TodayRaceInfo/RaceMarkTable?k_raceDate=1996%2F05%2F05&k_raceNo=10&k_babaCode=21,data/cache/html/19960505_kawasaki_10.html
19960505_kawasaki_11,1996-05-05,kawasaki,11,https://www.keiba.go.jp/KeibaWeb/TodayRaceInfo/RaceMarkTable?k_raceDate=1996%2F05%2F05&k_raceNo=11&k_babaCode=21,data/cache/html/19960505_kawasaki_11.html
19960505_kawasaki_12,1996-05-05,kawasaki,12,https://www.keiba.go.jp/KeibaWeb/TodayRaceInfo/RaceMarkTable?k_raceDate=1996%2F05%2F05&k_raceNo=12&k_babaCode=21,data/cache/html/19960505_kawasaki_12.html
19960504_kawasaki_1,1996-05-04,kawasaki,1,https://www.keiba.go.jp/KeibaWeb/TodayRaceInfo/RaceMarkTable?k_raceDate=1996%2F05%2F04&k_raceNo=1&k_babaCode=21,data/cache/html/19960504_kawasaki_1.html
19960504_kawasaki_2,1996-05-04,kawasaki,2,https://www.keiba.go.jp/KeibaWeb/TodayRaceInfo/RaceMarkTable?k_raceDate=1996%2F05%2F04&k_raceNo=2&k_babaCode=21,data/cache/html/19960504_kawasaki_2.html
19960504_kawasaki_3,1996-05-04,kawasaki,3,https://www.keiba.go.jp/KeibaWeb/TodayRaceInfo/RaceMarkTable?k_raceDate=1996%2F05%2F04&k_raceNo=3&k_babaCode=21,data/cache/html/19960504_kawasaki_3.html
19960504_kawasaki_4,1996-05-04,kawasaki,4,https://www.keiba.go.jp/KeibaWeb/TodayRaceInfo/RaceMarkTable?k_raceDate=1996%2F05%2F04&k_raceNo=4&k_babaCode=21,data/cache/html/19960504_kawasaki_4.html
19960504_kawasaki_5,1996-05-04,kawasaki,5,https://www.keiba.go.jp/KeibaWeb/TodayRaceInfo/RaceMarkTable?k_raceDate=1996%2F05%2F04&k_raceNo=5&k_babaCode=21,data/cache/html/19960504_kawasaki_5.html
19960504_kawasaki_6,1996-05-04,kawasaki,6,https://www.keiba.go.jp/KeibaWeb/TodayRaceInfo/RaceMarkTable?k_raceDate=1996%2F05%2F04&k_raceNo=6&k_babaCode=21,data/cache/html/19960504_kawasaki_6.html
19960504_kawasaki_7,1996-05-04,kawasaki,7,https://www.keiba.go.jp/KeibaWeb/TodayRaceInfo/RaceMarkTable?k_raceDate=1996%2F05%2F04&k_raceNo=7&k_babaCode=21,data/cache/html/19960504_kawasaki_7.html
19960504_kawasaki_8,1996-05-04,kawasaki,8,https://www.keiba.go.jp/KeibaWeb/TodayRaceInfo/RaceMarkTable?k_raceDate=1996%2F05%2F04&k_raceNo=8&k_babaCode=21,data/cache/html/19960504_kawasaki_8.html
19960504_kawasaki_9,1996-05-04,kawasaki,9,https://www.keiba.go.jp/KeibaWeb/TodayRaceInfo/RaceMarkTable?k_raceDate=1996%2F05%2F04&k_raceNo=9&k_babaCode=21,data/cache/html/19960504_kawasaki_9.html
19960504_kawasaki_10,1996-05-04,kawasaki,10,https://www.keiba.go.jp/KeibaWeb/TodayRaceInfo/RaceMarkTable?k_raceDate=1996%2F05%2F04&k_raceNo=10&k_babaCode=21,data/cache/html/19960504_kawasaki_10.html
19960504_kawasaki_11,1996-05-04,kawasaki,11,https://www.keiba.go.jp/KeibaWeb/TodayRaceInfo/RaceMarkTable?k_raceDate=1996%2F05%2F04&k_raceNo=11&k_babaCode=21,data/cache/html/19960504_kawasaki_11.html
19960504_kawasaki_12,1996-05-04,kawasaki,12,https://www.keiba.go.jp/KeibaWeb/TodayRaceInfo/RaceMarkTable?k_raceDate=1996%2F05%2F04&k_raceNo=12&k_babaCode=21,data/cache/html/19960504_kawasaki_12.html
19960503_kawasaki_1,1996-05-03,kawasaki,1,https://www.keiba.go.jp/KeibaWeb/TodayRaceInfo/RaceMarkTable?k_raceDate=1996%2F05%2F03&k_raceNo=1&k_babaCode=21,data/cache/html/19960503_kawasaki_1.html
19960503_kawasaki_2,1996-05-03,kawasaki,2,https://www.keiba.go.jp/KeibaWeb/TodayRaceInfo/RaceMarkTable?k_raceDate=1996%2F05%2F03&k_raceNo=2&k_babaCode=21,data/cache/html/19960503_kawasaki_2.html
19960503_kawasaki_3,1996-05-03,kawasaki,3,https://www.keiba.go.jp/KeibaWeb/TodayRaceInfo/RaceMarkTable?k_raceDate=1996%2F05%2F03&k_raceNo=3&k_babaCode=21,data/cache/html/19960503_kawasaki_3.html
19960503_kawasaki_4,1996-05-03,kawasaki,4,https://www.keiba.go.jp/KeibaWeb/TodayRaceInfo/RaceMarkTable?k_raceDate=1996%2F05%2F03&k_raceNo=4&k_babaCode=21,data/cache/html/19960503_kawasaki_4.html
19960503_kawasaki_5,1996-05-03,kawasaki,5,https://www.keiba.go.jp/KeibaWeb/TodayRaceInfo/RaceMarkTable?k_raceDate=1996%2F05%2F03&k_raceNo=5&k_babaCode=21,data/cache/html/19960503_kawasaki_5.html
19960503_kawasaki_6,1996-05-03,kawasaki,6,https://www.keiba.go.jp/KeibaWeb/TodayRaceInfo/RaceMarkTable?k_raceDate=1996%2F05%2F03&k_raceNo=6&k_babaCode=21,data/cache/html/19960503_kawasaki_6.html
19960503_kawasaki_7,1996-05-03,kawasaki,7,https://www.keiba.go.jp/KeibaWeb/TodayRaceInfo/RaceMarkTable?k_raceDate=1996%2F05%2F03&k_raceNo=7&k_babaCode=21,data/cache/html/19960503_kawasaki_7.html
19960503_kawasaki_8,1996-05-03,kawasaki,8,https://www.keiba.go.jp/KeibaWeb/TodayRaceInfo/RaceMarkTable?k_raceDate=1996%2F05%2F03&k_raceNo=8&k_babaCode=21,data/cache/html/19960503_kawasaki_8.html
19960503_kawasaki_9,1996-05-03,kawasaki,9,https://www.keiba.go.jp/KeibaWeb/TodayRaceInfo/RaceMarkTable?k_raceDate=1996%2F05%2F03&k_raceNo=9&k_babaCode=21,data/cache/html/19960503_kawasaki_9.html
19960503_kawasaki_10,1996-05-03,kawasaki,10,https://www.keiba.go.jp/KeibaWeb/TodayRaceInfo/RaceMarkTable?k_raceDate=1996%2F05%2F03&k_raceNo=10&k_babaCode=21,data/cache/html/19960503_kawasaki_10.html
19960503_kawasaki_11,1996-05-03,kawasaki,11,https://www.keiba.go.jp/KeibaWeb/TodayRaceInfo/RaceMarkTable?k_raceDate=1996%2F05%2F03&k_raceNo=11&k_babaCode=21,data/cache/html/19960503_kawasaki_11.html
19960503_kawasaki_12,1996-05-03,kawasaki,12,https://www.keiba.go.jp/KeibaWeb/TodayRaceInfo/RaceMarkTable?k_raceDate=1996%2F05%2F03&k_raceNo=12&k_babaCode=21,data/cache/html/19960503_kawasaki_12.html
19960502_kawasaki_1,1996-05-02,kawasaki,1,https://www.keiba.go.jp/KeibaWeb/TodayRaceInfo/RaceMarkTable?k_raceDate=1996%2F05%2F02&k_raceNo=1&k_babaCode=21,data/cache/html/19960502_kawasaki_1.html
19960502_kawasaki_2,1996-05-02,kawasaki,2,https://www.keiba.go.jp/KeibaWeb/TodayRaceInfo/RaceMarkTable?k_raceDate=1996%2F05%2F02&k_raceNo=2&k_babaCode=21,data/cache/html/19960502_kawasaki_2.html
19960502_kawasaki_3,1996-05-02,kawasaki,3,https://www.keiba.go.jp/KeibaWeb/TodayRaceInfo/RaceMarkTable?k_raceDate=1996%2F05%2F02&k_raceNo=3&k_babaCode=21,data/cache/html/19960502_kawasaki_3.html
19960502_kawasaki_4,1996-05-02,kawasaki,4,https://www.keiba.go.jp/KeibaWeb/TodayRaceInfo/RaceMarkTable?k_raceDate=1996%2F05%2F02&k_raceNo=4&k_babaCode=21,data/cache/html/19960502_kawasaki_4.html
19960502_kawasaki_5,1996-05-02,kawasaki,5,https://www.keiba.go.jp/KeibaWeb/TodayRaceInfo/RaceMarkTable?k_raceDate=1996%2F05%2F02&k_raceNo=5&k_babaCode=21,data/cache/html/19960502_kawasaki_5.html
19960502_kawasaki_6,1996-05-02,kawasaki,6,https://www.keiba.go.jp/KeibaWeb/TodayRaceInfo/RaceMarkTable?k_raceDate=1996%2F05%2F02&k_raceNo=6&k_babaCode=21,data/cache/html/19960502_kawasaki_6.html
19960502_kawasaki_7,1996-05-02,kawasaki,7,https://www.keiba.go.jp/KeibaWeb/TodayRaceInfo/RaceMarkTable?k_raceDate=1996%2F05%2F02&k_raceNo=7&k_babaCode=21,data/cache/html/19960502_kawasaki_7.html
19960502_kawasaki_8,1996-05-02,kawasaki,8,https://www.keiba.go.jp/KeibaWeb/TodayRaceInfo/RaceMarkTable?k_raceDate=1996%2F05%2F02&k_raceNo=8&k_babaCode=21,data/cache/html/19960502_kawasaki_8.html
19960502_kawasaki_9,1996-05-02,kawasaki,9,https://www.keiba.go.jp/KeibaWeb/TodayRaceInfo/RaceMarkTable?k_raceDate=1996%2F05%2F02&k_raceNo=9&k_babaCode=21,data/cache/html/19960502_kawasaki_9.html
19960502_kawasaki_10,1996-05-02,kawasaki,10,https://www.keiba.go.jp/KeibaWeb/TodayRaceInfo/RaceMarkTable?k_raceDate=1996%2F05%2F02&k_raceNo=10&k_babaCode=21,data/cache/html/19960502_kawasaki_10.html
19960502_kawasaki_11,1996-05-02,kawasaki,11,https://www.keiba.go.jp/KeibaWeb/TodayRaceInfo/RaceMarkTable?k_raceDate=1996%2F05%2F02&k_raceNo=11&k_babaCode=21,data/cache/html/19960502_kawasaki_11.html
19960502_kawasaki_12,1996-05-02,kawasaki,12,https://www.keiba.go.jp/KeibaWeb/TodayRaceInfo/RaceMarkTable?k_raceDate=1996%2F05%2F02&k_raceNo=12&k_babaCode=21,data/cache/html/19960502_kawasaki_12.html
19960501_kawasaki_1,1996-05-01,kawasaki,1,https://www.keiba.go.jp/KeibaWeb/TodayRaceInfo/RaceMarkTable?k_raceDate=1996%2F05%2F01&k_raceNo=1&k_babaCode=21,data/cache/html/19960501_kawasaki_1.html
19960501_kawasaki_2,1996-05-01,kawasaki,2,https://www.keiba.go.jp/KeibaWeb/TodayRaceInfo/RaceMarkTable?k_raceDate=1996%2F05%2F01&k_raceNo=2&k_babaCode=21,data/cache/html/19960501_kawasaki_2.html
19960501_kawasaki_3,1996-05-01,kawasaki,3,https://www.keiba.go.jp/KeibaWeb/TodayRaceInfo/RaceMarkTable?k_raceDate=1996%2F05%2F01&k_raceNo=3&k_babaCode=21,data/cache/html/19960501_kawasaki_3.html
19960501_kawasaki_4,1996-05-01,kawasaki,4,https://www.keiba.go.jp/KeibaWeb/TodayRaceInfo/RaceMarkTable?k_raceDate=1996%2F05%2F01&k_raceNo=4&k_babaCode=21,data/cache/html/19960501_kawasaki_4.html
19960501_kawasaki_5,1996-05-01,kawasaki,5,https://www.keiba.go.jp/KeibaWeb/TodayRaceInfo/RaceMarkTable?k_raceDate=1996%2F05%2F01&k_raceNo=5&k_babaCode=21,data/cache/html/19960501_kawasaki_5.html
19960501_kawasaki_6,1996-05-01,kawasaki,6,https://www.keiba.go.jp/KeibaWeb/TodayRaceInfo/RaceMarkTable?k_raceDate=1996%2F05%2F01&k_raceNo=6&k_babaCode=21,data/cache/html/19960501_kawasaki_6.html
19960501_kawasaki_7,1996-05-01,kawasaki,7,https://www.keiba.go.jp/KeibaWeb/TodayRaceInfo/RaceMarkTable?k_raceDate=1996%2F05%2F01&k_raceNo=7&k_babaCode=21,data/cache/html/19960501_kawasaki_7.html
19960501_kawasaki_8,1996-05-01,kawasaki,8,https://www.keiba.go.jp/KeibaWeb/TodayRaceInfo/RaceMarkTable?k_raceDate=1996%2F05%2F01&k_raceNo=8&k_babaCode=21,data/cache/html/19960501_kawasaki_8.html
19960501_kawasaki_9,1996-05-01,kawasaki,9,https://www.keiba.go.jp/KeibaWeb/TodayRaceInfo/RaceMarkTable?k_raceDate=1996%2F05%2F01&k_raceNo=9&k_babaCode=21,data/cache/html/19960501_kawasaki_9.html
19960501_kawasaki_10,1996-05-01,kawasaki,10,https://www.keiba.go.jp/KeibaWeb/TodayRaceInfo/RaceMarkTable?k_raceDate=1996%2F05%2F01&k_raceNo=10&k_babaCode=21,data/cache/html/19960501_kawasaki_10.html
19960501_kawasaki_11,1996-05-01,kawasaki,11,https://www.keiba.go.jp/KeibaWeb/TodayRaceInfo/RaceMarkTable?k_raceDate=1996%2F05%2F01&k_raceNo=11&k_babaCode=21,data/cache/html/19960501_kawasaki_11.html
19960501_kawasaki_12,1996-05-01,kawasaki,12,https://www.keiba.go.jp/KeibaWeb/TodayRaceInfo/RaceMarkTable?k_raceDate=1996%2F05%2F01&k_raceNo=12&k_babaCode=21,data/cache/html/19960501_kawasaki_12.html
19960430_kawasaki_1,1996-04-30,kawasaki,1,https://www.keiba.go.jp/KeibaWeb/TodayRaceInfo/RaceMarkTable?k_raceDate=1996%2F04%2F30&k_raceNo=1&k_babaCode=21,data/cache/html/19960430_kawasaki_1.html
19960430_kawasaki_2,1996-04-30,kawasaki,2,https://www.keiba.go.jp/KeibaWeb/TodayRaceInfo/RaceMarkTable?k_raceDate=1996%2F04%2F30&k_raceNo=2&k_babaCode=21,data/cache/html/19960430_kawasaki_2.html
19960430_kawasaki_3,1996-04-30,kawasaki,3,https://www.keiba.go.jp/KeibaWeb/TodayRaceInfo/RaceMarkTable?k_raceDate=1996%2F04%2F30&k_raceNo=3&k_babaCode=21,data/cache/html/19960430_kawasaki_3.html
19960430_kawasaki_4,1996-04-30,kawasaki,4,https://www.keiba.go.jp/KeibaWeb/TodayRaceInfo/RaceMarkTable?k_raceDate=1996%2F04%2F30&k_raceNo=4&k_babaCode=21,data/cache/html/19960430_kawasaki_4.html
19960430_kawasaki_5,1996-04-30,kawasaki,5,https://www.keiba.go.jp/KeibaWeb/TodayRaceInfo/RaceMarkTable?k_raceDate=1996%2F04%2F30&k_raceNo=5&k_babaCode=21,data/cache/html/19960430_kawasaki_5.html
19960430_kawasaki_6,1996-04-30,kawasaki,6,https://www.keiba.go.jp/KeibaWeb/TodayRaceInfo/RaceMarkTable?k_raceDate=1996%2F04%2F30&k_raceNo=6&k_babaCode=21,data/cache/html/19960430_kawasaki_6.html
19960430_kawasaki_7,1996-04-30,kawasaki,7,https://www.keiba.go.jp/KeibaWeb/TodayRaceInfo/RaceMarkTable?k_raceDate=1996%2F04%2F30&k_raceNo=7&k_babaCode=21,data/cache/html/19960430_kawasaki_7.html
19960430_kawasaki_8,1996-04-30,kawasaki,8,https://www.keiba.go.jp/KeibaWeb/TodayRaceInfo/RaceMarkTable?k_raceDate=1996%2F04%2F30&k_raceNo=8&k_babaCode=21,data/cache/html/19960430_kawasaki_8.html
19960430_kawasaki_9,1996-04-30,kawasaki,9,https://www.keiba.go.jp/KeibaWeb/TodayRaceInfo/RaceMarkTable?k_raceDate=1996%2F04%2F30&k_raceNo=9&k_babaCode=21,data/cache/html/19960430_kawasaki_9.html
19960430_kawasaki_10,1996-04-30,kawasaki,10,https://www.keiba.go.jp/KeibaWeb/TodayRaceInfo/RaceMarkTable?k_raceDate=1996%2F04%2F30&k_raceNo=10&k_babaCode=21,data/cache/html/19960430_kawasaki_10.html
19960430_kawasaki_11,1996-04-30,kawasaki,11,https://www.keiba.go.jp/KeibaWeb/TodayRaceInfo/RaceMarkTable?k_raceDate=1996%2F04%2F30&k_raceNo=11&k_babaCode=21,data/cache/html/19960430_kawasaki_11.html
19960430_kawasaki_12,1996-04-30,kawasaki,12,https://www.keiba.go.jp/KeibaWeb/TodayRaceInfo/RaceMarkTable?k_raceDate=1996%2F04%2F30&k_raceNo=12&k_babaCode=21,data/cache/html/19960430_kawasaki_12.html
19960429_kawasaki_1,1996-04-29,kawasaki,1,https://www.keiba.go.jp/KeibaWeb/TodayRaceInfo/RaceMarkTable?k_raceDate=1996%2F04%2F29&k_raceNo=1&k_babaCode=21,data/cache/html/19960429_kawasaki_1.html
19960429_kawasaki_2,1996-04-29,kawasaki,2,https://www.keiba.go.jp/KeibaWeb/TodayRaceInfo/RaceMarkTable?k_raceDate=1996%2F04%2F29&k_raceNo=2&k_babaCode=21,data/cache/html/19960429_kawasaki_2.html
19960429_kawasaki_3,1996-04-29,kawasaki,3,https://www.keiba.go.jp/KeibaWeb/TodayRaceInfo/RaceMarkTable?k_raceDate=1996%2F04%2F29&k_raceNo=3&k_babaCode=21,data/cache/html/19960429_kawasaki_3.html
19960429_kawasaki_4,1996-04-29,kawasaki,4,https://www.keiba.go.jp/KeibaWeb/TodayRaceInfo/RaceMarkTable?k_raceDate=1996%2F04%2F29&k_raceNo=4&k_babaCode=21,data/cache/html/19960429_kawasaki_4.html
19960429_kawasaki_5,1996-04-29,kawasaki,5,https://www.keiba.go.jp/KeibaWeb/TodayRaceInfo/RaceMarkTable?k_raceDate=1996%2F04%2F29&k_raceNo=5&k_babaCode=21,data/cache/html/19960429_kawasaki_5.html
19960429_kawasaki_6,1996-04-29,kawasaki,6,https://www.keiba.go.jp/KeibaWeb/TodayRaceInfo/RaceMarkTable?k_raceDate=1996%2F04%2F29&k_raceNo=6&k_babaCode=21,data/cache/html/19960429_kawasaki_6.html
19960429_kawasaki_7,1996-04-29,kawasaki,7,https://www.keiba.go.jp/KeibaWeb/TodayRaceInfo/RaceMarkTable?k_raceDate=1996%2F04%2F29&k_raceNo=7&k_babaCode=21,data/cache/html/19960429_kawasaki_7.html
19960429_kawasaki_8,1996-04-29,kawasaki,8,https://www.keiba.go.jp/KeibaWeb/TodayRaceInfo/RaceMarkTable?k_raceDate=1996%2F04%2F29&k_raceNo=8&k_babaCode=21,data/cache/html/19960429_kawasaki_8.html
19960429_kawasaki_9,1996-04-29,kawasaki,9,https://www.keiba.go.jp/KeibaWeb/TodayRaceInfo/RaceMarkTable?k_raceDate=1996%2F04%2F29&k_raceNo=9&k_babaCode=21,data/cache/html/19960429_kawasaki_9.html
19960429_kawasaki_10,1996-04-29,kawasaki,10,https://www.keiba.go.jp/KeibaWeb/TodayRaceInfo/RaceMarkTable?k_raceDate=1996%2F04%2F29&k_raceNo=10&k_babaCode=21,data/cache/html/19960429_kawasaki_10.html
19960429_kawasaki_11,1996-04-29,kawasaki,11,https://www.keiba.go.jp/KeibaWeb/TodayRaceInfo/RaceMarkTable?k_raceDate=1996%2F04%2F29&k_raceNo=11&k_babaCode=21,data/cache/html/19960429_kawasaki_11.html
19960429_kawasaki_12,1996-04-29,kawasaki,12,https://www.keiba.go.jp/KeibaWeb/TodayRaceInfo/RaceMarkTable?k_raceDate=1996%2F04%2F29&k_raceNo=12&k_babaCode=21,data/cache/html/19960429_kawasaki_12.html
19960428_kawasaki_1,1996-04-28,kawasaki,1,https://www.keiba.go.jp/KeibaWeb/TodayRaceInfo/RaceMarkTable?k_raceDate=1996%2F04%2F28&k_raceNo=1&k_babaCode=21,data/cache/html/19960428_kawasaki_1.html
19960428_kawasaki_2,1996-04-28,kawasaki,2,https://www.keiba.go.jp/KeibaWeb/TodayRaceInfo/RaceMarkTable?k_raceDate=1996%2F04%2F28&k_raceNo=2&k_babaCode=21,data/cache/html/19960428_kawasaki_2.html
19960428_kawasaki_3,1996-04-28,kawasaki,3,https://www.keiba.go.jp/KeibaWeb/TodayRaceInfo/RaceMarkTable?k_raceDate=1996%2F04%2F28&k_raceNo=3&k_babaCode=21,data/cache/html/19960428_kawasaki_3.html
19960428_kawasaki_4,1996-04-28,kawasaki,4,https://www.keiba.go.jp/KeibaWeb/TodayRaceInfo/RaceMarkTable?k_raceDate=1996%2F04%2F28&k_raceNo=4&k_babaCode=21,data/cache/html/19960428_kawasaki_4.html
19960428_kawasaki_5,1996-04-28,kawasaki,5,https://www.keiba.go.jp/KeibaWeb/TodayRaceInfo/RaceMarkTable?k_raceDate=1996%2F04%2F28&k_raceNo=5&k_babaCode=21,data/cache/html/19960428_kawasaki_5.html
19960428_kawasaki_6,1996-04-28,kawasaki,6,https://www.keiba.go.jp/KeibaWeb/TodayRaceInfo/RaceMarkTable?k_raceDate=1996%2F04%2F28&k_raceNo=6&k_babaCode=21,data/cache/html/19960428_kawasaki_6.html
19960428_kawasaki_7,1996-04-28,kawasaki,7,https://www.keiba.go.jp/KeibaWeb/TodayRaceInfo/RaceMarkTable?k_raceDate=1996%2F04%2F28&k_raceNo=7&k_babaCode=21,data/cache/html/19960428_kawasaki_7.html
19960428_kawasaki_8,1996-04-28,kawasaki,8,https://www.keiba.go.jp/KeibaWeb/TodayRaceInfo/RaceMarkTable?k_raceDate=1996%2F04%2F28&k_raceNo=8&k_babaCode=21,data/cache/html/19960428_kawasaki_8.html
19960428_kawasaki_9,1996-04-28,kawasaki,9,https://www.keiba.go.jp/KeibaWeb/TodayRaceInfo/RaceMarkTable?k_raceDate=1996%2F04%2F28&k_raceNo=9&k_babaCode=21,data/cache/html/19960428_kawasaki_9.html
19960428_kawasaki_10,1996-04-28,kawasaki,10,https://www.keiba.go.jp/KeibaWeb/TodayRaceInfo/RaceMarkTable?k_raceDate=1996%2F04%2F28&k_raceNo=10&k_babaCode=21,data/cache/html/19960428_kawasaki_10.html
19960428_kawasaki_11,1996-04-28,kawasaki,11,https://www.keiba.go.jp/KeibaWeb/TodayRaceInfo/RaceMarkTable?k_raceDate=1996%2F04%2F28&k_raceNo=11&k_babaCode=21,data/cache/html/19960428_kawasaki_11.html
19960428_kawasaki_12,1996-04-28,kawasaki,12,https://www.keiba.go.jp/KeibaWeb/TodayRaceInfo/RaceMarkTable?k_raceDate=1996%2F04%2F28&k_raceNo=12&k_babaCode=21,data/cache/html/19960428_kawasaki_12.html
19960427_kawasaki_1,1996-04-27,kawasaki,1,https://www.keiba.go.jp/KeibaWeb/TodayRaceInfo/RaceMarkTable?k_raceDate=1996%2F04%2F27&k_raceNo=1&k_babaCode=21,data/cache/html/19960427_kawasaki_1.html
19960427_kawasaki_2,1996-04-27,kawasaki,2,https://www.keiba.go.jp/KeibaWeb/TodayRaceInfo/RaceMarkTable?k_raceDate=1996%2F04%2F27&k_raceNo=2&k_babaCode=21,data/cache/html/19960427_kawasaki_2.html
19960427_kawasaki_3,1996-04-27,kawasaki,3,https://www.keiba.go.jp/KeibaWeb/TodayRaceInfo/RaceMarkTable?k_raceDate=1996%2F04%2F27&k_raceNo=3&k_babaCode=21,data/cache/html/19960427_kawasaki_3.html
19960427_kawasaki_4,1996-04-27,kawasaki,4,https://www.keiba.go.jp/KeibaWeb/TodayRaceInfo/RaceMarkTable?k_raceDate=1996%2F04%2F27&k_raceNo=4&k_babaCode=21,data/cache/html/19960427_kawasaki_4.html
19960427_kawasaki_5,1996-04-27,kawasaki,5,https://www.keiba.go.jp/KeibaWeb/TodayRaceInfo/RaceMarkTable?k_raceDate=1996%2F04%2F27&k_raceNo=5&k_babaCode=21,data/cache/html/19960427_kawasaki_5.html
19960427_kawasaki_6,1996-04-27,kawasaki,6,https://www.keiba.go.jp/KeibaWeb/TodayRaceInfo/RaceMarkTable?k_raceDate=1996%2F04%2F27&k_raceNo=6&k_babaCode=21,data/cache/html/19960427_kawasaki_6.html
19960427_kawasaki_7,1996-04-27,kawasaki,7,https://www.keiba.go.jp/KeibaWeb/TodayRaceInfo/RaceMarkTable?k_raceDate=1996%2F04%2F27&k_raceNo=7&k_babaCode=21,data/cache/html/19960427_kawasaki_7.html
19960427_kawasaki_8,1996-04-27,kawasaki,8,https://www.keiba.go.jp/KeibaWeb/TodayRaceInfo/RaceMarkTable?k_raceDate=1996%2F04%2F27&k_raceNo=8&k_babaCode=21,data/cache/html/19960427_kawasaki_8.html
19960427_kawasaki_9,1996-04-27,kawasaki,9,https://www.keiba.go.jp/KeibaWeb/TodayRaceInfo/RaceMarkTable?k_raceDate=1996%2F04%2F27&k_raceNo=9&k_babaCode=21,data/cache/html/19960427_kawasaki_9.html
19960427_kawasaki_10,1996-04-27,kawasaki,10,https://www.keiba.go.jp/KeibaWeb/TodayRaceInfo/RaceMarkTable?k_raceDate=1996%2F04%2F27&k_raceNo=10&k_babaCode=21,data/cache/html/19960427_kawasaki_10.html
19960427_kawasaki_11,1996-04-27,kawasaki,11,https://www.keiba.go.jp/KeibaWeb/TodayRaceInfo/RaceMarkTable?k_raceDate=1996%2F04%2F27&k_raceNo=11&k_babaCode=21,data/cache/html/19960427_kawasaki_11.html
19960427_kawasaki_12,1996-04-27,kawasaki,12,https://www.keiba.go.jp/KeibaWeb/TodayRaceInfo/RaceMarkTable?k_raceDate=1996%2F04%2F27&k_raceNo=12&k_babaCode=21,data/cache/html/19960427_kawasaki_12.html
19960426_kawasaki_1,1996-04-26,kawasaki,1,https://www.keiba.go.jp/KeibaWeb/TodayRaceInfo/RaceMarkTable?k_raceDate=1996%2F04%2F26&k_raceNo=1&k_babaCode=21,data/cache/html/19960426_kawasaki_1.html
19960426_kawasaki_2,1996-04-26,kawasaki,2,https://www.keiba.go.jp/KeibaWeb/TodayRaceInfo/RaceMarkTable?k_raceDate=1996%2F04%2F26&k_raceNo=2&k_babaCode=21,data/cache/html/19960426_kawasaki_2.html
19960426_kawasaki_3,1996-04-26,kawasaki,3,https://www.keiba.go.jp/KeibaWeb/TodayRaceInfo/RaceMarkTable?k_raceDate=1996%2F04%2F26&k_raceNo=3&k_babaCode=21,data/cache/html/19960426_kawasaki_3.html
19960426_kawasaki_4,1996-04-26,kawasaki,4,https://www.keiba.go.jp/KeibaWeb/TodayRaceInfo/RaceMarkTable?k_raceDate=1996%2F04%2F26&k_raceNo=4&k_babaCode=21,data/cache/html/19960426_kawasaki_4.html
19960426_kawasaki_5,1996-04-26,kawasaki,5,https://www.keiba.go.jp/KeibaWeb/TodayRaceInfo/RaceMarkTable?k_raceDate=1996%2F04%2F26&k_raceNo=5&k_babaCode=21,data/cache/html/19960426_kawasaki_5.html
19960426_kawasaki_6,1996-04-26,kawasaki,6,https://www.keiba.go.jp/KeibaWeb/TodayRaceInfo/RaceMarkTable?k_raceDate=1996%2F04%2F26&k_raceNo=6&k_babaCode=21,data/cache/html/19960426_kawasaki_6.html
19960426_kawasaki_7,1996-04-26,kawasaki,7,https://www.keiba.go.jp/KeibaWeb/TodayRaceInfo/RaceMarkTable?k_raceDate=1996%2F04%2F26&k_raceNo=7&k_babaCode=21,data/cache/html/19960426_kawasaki_7.html
19960426_kawasaki_8,1996-04-26,kawasaki,8,https://www.keiba.go.jp/KeibaWeb/TodayRaceInfo/RaceMarkTable?k_raceDate=1996%2F04%2F26&k_raceNo=8&k_babaCode=21,data/cache/html/19960426_kawasaki_8.html
19960426_kawasaki_9,1996-04-26,kawasaki,9,https://www.keiba.go.jp/KeibaWeb/TodayRaceInfo/RaceMarkTable?k_raceDate=1996%2F04%2F26&k_raceNo=9&k_babaCode=21,data/cache/html/19960426_kawasaki_9.html
19960426_kawasaki_10,1996-04-26,kawasaki,10,https://www.keiba.go.jp/KeibaWeb/TodayRaceInfo/RaceMarkTable?k_raceDate=1996%2F04%2F26&k_raceNo=10&k_babaCode=21,data/cache/html/19960426_kawasaki_10.html
19960426_kawasaki_11,1996-04-26,kawasaki,11,https://www.keiba.go.jp/KeibaWeb/TodayRaceInfo/RaceMarkTable?k_raceDate=1996%2F04%2F26&k_raceNo=11&k_babaCode=21,data/cache/html/19960426_kawasaki_11.html
19960426_kawasaki_12,1996-04-26,kawasaki,12,https://www.keiba.go.jp/KeibaWeb/TodayRaceInfo/RaceMarkTable?k_raceDate=1996%2F04%2F26&k_raceNo=12&k_babaCode=21,data/cache/html/19960426_kawasaki_12.html
19960425_kawasaki_1,1996-04-25,kawasaki,1,https://www.keiba.go.jp/KeibaWeb/TodayRaceInfo/RaceMarkTable?k_raceDate=1996%2F04%2F25&k_raceNo=1&k_babaCode=21,data/cache/html/19960425_kawasaki_1.html
19960425_kawasaki_2,1996-04-25,kawasaki,2,https://www.keiba.go.jp/KeibaWeb/TodayRaceInfo/RaceMarkTable?k_raceDate=1996%2F04%2F25&k_raceNo=2&k_babaCode=21,data/cache/html/19960425_kawasaki_2.html
19960425_kawasaki_3,1996-04-25,kawasaki,3,https://www.keiba.go.jp/KeibaWeb/TodayRaceInfo/RaceMarkTable?k_raceDate=1996%2F04%2F25&k_raceNo=3&k_babaCode=21,data/cache/html/19960425_kawasaki_3.html
19960425_kawasaki_4,1996-04-25,kawasaki,4,https://www.keiba.go.jp/KeibaWeb/TodayRaceInfo/RaceMarkTable?k_raceDate=1996%2F04%2F25&k_raceNo=4&k_babaCode=21,data/cache/html/19960425_kawasaki_4.html
19960425_kawasaki_5,1996-04-25,kawasaki,5,https://www.keiba.go.jp/KeibaWeb/TodayRaceInfo/RaceMarkTable?k_raceDate=1996%2F04%2F25&k_raceNo=5&k_babaCode=21,data/cache/html/19960425_kawasaki_5.html
19960425_kawasaki_6,1996-04-25,kawasaki,6,https://www.keiba.go.jp/KeibaWeb/TodayRaceInfo/RaceMarkTable?k_raceDate=1996%2F04%2F25&k_raceNo=6&k_babaCode=21,data/cache/html/19960425_kawasaki_6.html
19960425_kawasaki_7,1996-04-25,kawasaki,7,https://www.keiba.go.jp/KeibaWeb/TodayRaceInfo/RaceMarkTable?k_raceDate=1996%2F04%2F25&k_raceNo=7&k_babaCode=21,data/cache/html/19960425_kawasaki_7.html
19960425_kawasaki_8,1996-04-25,kawasaki,8,https://www.keiba.go.jp/KeibaWeb/TodayRaceInfo/RaceMarkTable?k_raceDate=1996%2F04%2F25&k_raceNo=8&k_babaCode=21,data/cache/html/19960425_kawasaki_8.html
19960425_kawasaki_9,1996-04-25,kawasaki,9,https://www.keiba.go.jp/KeibaWeb/TodayRaceInfo/RaceMarkTable?k_raceDate=1996%2F04%2F25&k_raceNo=9&k_babaCode=21,data/cache/html/19960425_kawasaki_9.html
19960425_kawasaki_10,1996-04-25,kawasaki,10,https://www.keiba.go.jp/KeibaWeb/TodayRaceInfo/RaceMarkTable?k_raceDate=1996%2F04%2F25&k_raceNo=10&k_babaCode=21,data/cache/html/19960425_kawasaki_10.html
19960425_kawasaki_11,1996-04-25,kawasaki,11,https://www.keiba.go.jp/KeibaWeb/TodayRaceInfo/RaceMarkTable?k_raceDate=1996%2F04%2F25&k_raceNo=11&k_babaCode=21,data/cache/html/19960425_kawasaki_11.html
19960425_kawasaki_12,1996-04-25,kawasaki,12,https://www.keiba.go.jp/KeibaWeb/TodayRaceInfo/RaceMarkTable?k_raceDate=1996%2F04%2F25&k_raceNo=12&k_babaCode=21,data/cache/html/19960425_kawasaki_12.html
19960424_kawasaki_1,1996-04-24,kawasaki,1,https://www.keiba.go.jp/KeibaWeb/TodayRaceInfo/RaceMarkTable?k_raceDate=1996%2F04%2F24&k_raceNo=1&k_babaCode=21,data/cache/html/19960424_kawasaki_1.html
19960424_kawasaki_2,1996-04-24,kawasaki,2,https://www.keiba.go.jp/KeibaWeb/TodayRaceInfo/RaceMarkTable?k_raceDate=1996%2F04%2F24&k_raceNo=2&k_babaCode=21,data/cache/html/19960424_kawasaki_2.html
19960424_kawasaki_3,1996-04-24,kawasaki,3,https://www.keiba.go.jp/KeibaWeb/TodayRaceInfo/RaceMarkTable?k_raceDate=1996%2F04%2F24&k_raceNo=3&k_babaCode=21,data/cache/html/19960424_kawasaki_3.html
19960424_kawasaki_4,1996-04-24,kawasaki,4,https://www.keiba.go.jp/KeibaWeb/TodayRaceInfo/RaceMarkTable?k_raceDate=1996%2F04%2F24&k_raceNo=4&k_babaCode=21,data/cache/html/19960424_kawasaki_4.html
19960424_kawasaki_5,1996-04-24,kawasaki,5,https://www.keiba.go.jp/KeibaWeb/TodayRaceInfo/RaceMarkTable?k_raceDate=1996%2F04%2F24&k_raceNo=5&k_babaCode=21,data/cache/html/19960424_kawasaki_5.html
19960424_kawasaki_6,1996-04-24,kawasaki,6,https://www.keiba.go.jp/KeibaWeb/TodayRaceInfo/RaceMarkTable?k_raceDate=1996%2F04%2F24&k_raceNo=6&k_babaCode=21,data/cache/html/19960424_kawasaki_6.html
19960424_kawasaki_7,1996-04-24,kawasaki,7,https://www.keiba.go.jp/KeibaWeb/TodayRaceInfo/RaceMarkTable?k_raceDate=1996%2F04%2F24&k_raceNo=7&k_babaCode=21,data/cache/html/19960424_kawasaki_7.html
19960424_kawasaki_8,1996-04-24,kawasaki,8,https://www.keiba.go.jp/KeibaWeb/TodayRaceInfo/RaceMarkTable?k_raceDate=1996%2F04%2F24&k_raceNo=8&k_babaCode=21,data/cache/html/19960424_kawasaki_8.html
19960424_kawasaki_9,1996-04-24,kawasaki,9,https://www.keiba.go.jp/KeibaWeb/TodayRaceInfo/RaceMarkTable?k_raceDate=1996%2F04%2F24&k_raceNo=9&k_babaCode=21,data/cache/html/19960424_kawasaki_9.html
19960424_kawasaki_10,1996-04-24,kawasaki,10,https://www.keiba.go.jp/KeibaWeb/TodayRaceInfo/RaceMarkTable?k_raceDate=1996%2F04%2F24&k_raceNo=10&k_babaCode=21,data/cache/html/19960424_kawasaki_10.html
19960424_kawasaki_11,1996-04-24,kawasaki,11,https://www.keiba.go.jp/KeibaWeb/TodayRaceInfo/RaceMarkTable?k_raceDate=1996%2F04%2F24&k_raceNo=11&k_babaCode=21,data/cache/html/19960424_kawasaki_11.html
19960424_kawasaki_12,1996-04-24,kawasaki,12,https://www.keiba.go.jp/KeibaWeb/TodayRaceInfo/RaceMarkTable?k_raceDate=1996%2F04%2F24&k_raceNo=12&k_babaCode=21,data/cache/html/19960424_kawasaki_12.html
19960423_kawasaki_1,1996-04-23,kawasaki,1,https://www.keiba.go.jp/KeibaWeb/TodayRaceInfo/RaceMarkTable?k_raceDate=1996%2F04%2F23&k_raceNo=1&k_babaCode=21,data/cache/html/19960423_kawasaki_1.html
19960423_kawasaki_2,1996-04-23,kawasaki,2,https://www.keiba.go.jp/KeibaWeb/TodayRaceInfo/RaceMarkTable?k_raceDate=1996%2F04%2F23&k_raceNo=2&k_babaCode=21,data/cache/html/19960423_kawasaki_2.html
19960423_kawasaki_3,1996-04-23,kawasaki,3,https://www.keiba.go.jp/KeibaWeb/TodayRaceInfo/RaceMarkTable?k_raceDate=1996%2F04%2F23&k_raceNo=3&k_babaCode=21,data/cache/html/19960423_kawasaki_3.html
19960423_kawasaki_4,1996-04-23,kawasaki,4,https://www.keiba.go.jp/KeibaWeb/TodayRaceInfo/RaceMarkTable?k_raceDate=1996%2F04%2F23&k_raceNo=4&k_babaCode=21,data/cache/html/19960423_kawasaki_4.html
19960423_kawasaki_5,1996-04-23,kawasaki,5,https://www.keiba.go.jp/KeibaWeb/TodayRaceInfo/RaceMarkTable?k_raceDate=1996%2F04%2F23&k_raceNo=5&k_babaCode=21,data/cache/html/19960423_kawasaki_5.html
19960423_kawasaki_6,1996-04-23,kawasaki,6,https://www.keiba.go.jp/KeibaWeb/TodayRaceInfo/RaceMarkTable?k_raceDate=1996%2F04%2F23&k_raceNo=6&k_babaCode=21,data/cache/html/19960423_kawasaki_6.html
19960423_kawasaki_7,1996-04-23,kawasaki,7,https://www.keiba.go.jp/KeibaWeb/TodayRaceInfo/RaceMarkTable?k_raceDate=1996%2F04%2F23&k_raceNo=7&k_babaCode=21,data/cache/html/19960423_kawasaki_7.html
19960423_kawasaki_8,1996-04-23,kawasaki,8,https://www.keiba.go.jp/KeibaWeb/TodayRaceInfo/RaceMarkTable?k_raceDate=1996%2F04%2F23&k_raceNo=8&k_babaCode=21,data/cache/html/19960423_kawasaki_8.html
19960423_kawasaki_9,1996-04-23,kawasaki,9,https://www.keiba.go.jp/KeibaWeb/TodayRaceInfo/RaceMarkTable?k_raceDate=1996%2F04%2F23&k_raceNo=9&k_babaCode=21,data/cache/html/19960423_kawasaki_9.html
19960423_kawasaki_10,1996-04-23,kawasaki,10,https://www.keiba.go.jp/KeibaWeb/TodayRaceInfo/RaceMarkTable?k_raceDate=1996%2F04%2F23&k_raceNo=10&k_babaCode=21,data/cache/html/19960423_kawasaki_10.html
19960423_kawasaki_11,1996-04-23,kawasaki,11,https://www.keiba.go.jp/KeibaWeb/TodayRaceInfo/RaceMarkTable?k_raceDate=1996%2F04%2F23&k_raceNo=11&k_babaCode=21,data/cache/html/19960423_kawasaki_11.html
19960423_kawasaki_12,1996-04-23,kawasaki,12,https://www.keiba.go.jp/KeibaWeb/TodayRaceInfo/RaceMarkTable?k_raceDate=1996%2F04%2F23&k_raceNo=12&k_babaCode=21,data/cache/html/19960423_kawasaki_12.html
19960422_kawasaki_1,1996-04-22,kawasaki,1,https://www.keiba.go.jp/KeibaWeb/TodayRaceInfo/RaceMarkTable?k_raceDate=1996%2F04%2F22&k_raceNo=1&k_babaCode=21,data/cache/html/19960422_kawasaki_1.html
19960422_kawasaki_2,1996-04-22,kawasaki,2,https://www.keiba.go.jp/KeibaWeb/TodayRaceInfo/RaceMarkTable?k_raceDate=1996%2F04%2F22&k_raceNo=2&k_babaCode=21,data/cache/html/19960422_kawasaki_2.html
19960422_kawasaki_3,1996-04-22,kawasaki,3,https://www.keiba.go.jp/KeibaWeb/TodayRaceInfo/RaceMarkTable?k_raceDate=1996%2F04%2F22&k_raceNo=3&k_babaCode=21,data/cache/html/19960422_kawasaki_3.html
19960422_kawasaki_4,1996-04-22,kawasaki,4,https://www.keiba.go.jp/KeibaWeb/TodayRaceInfo/RaceMarkTable?k_raceDate=1996%2F04%2F22&k_raceNo=4&k_babaCode=21,data/cache/html/19960422_kawasaki_4.html
19960422_kawasaki_5,1996-04-22,kawasaki,5,https://www.keiba.go.jp/KeibaWeb/TodayRaceInfo/RaceMarkTable?k_raceDate=1996%2F04%2F22&k_raceNo=5&k_babaCode=21,data/cache/html/19960422_kawasaki_5.html
19960422_kawasaki_6,1996-04-22,kawasaki,6,https://www.keiba.go.jp/KeibaWeb/TodayRaceInfo/RaceMarkTable?k_raceDate=1996%2F04%2F22&k_raceNo=6&k_babaCode=21,data/cache/html/19960422_kawasaki_6.html
19960422_kawasaki_7,1996-04-22,kawasaki,7,https://www.keiba.go.jp/KeibaWeb/TodayRaceInfo/RaceMarkTable?k_raceDate=1996%2F04%2F22&k_raceNo=7&k_babaCode=21,data/cache/html/19960422_kawasaki_7.html
19960422_kawasaki_8,1996-04-22,kawasaki,8,https://www.keiba.go.jp/KeibaWeb/TodayRaceInfo/RaceMarkTable?k_raceDate=1996%2F04%2F22&k_raceNo=8&k_babaCode=21,data/cache/html/19960422_kawasaki_8.html
19960422_kawasaki_9,1996-04-22,kawasaki,9,https://www.keiba.go.jp/KeibaWeb/TodayRaceInfo/RaceMarkTable?k_raceDate=1996%2F04%2F22&k_raceNo=9&k_babaCode=21,data/cache/html/19960422_kawasaki_9.html
19960422_kawasaki_10,1996-04-22,kawasaki,10,https://www.keiba.go.jp/KeibaWeb/TodayRaceInfo/RaceMarkTable?k_raceDate=1996%2F04%2F22&k_raceNo=10&k_babaCode=21,data/cache/html/19960422_kawasaki_10.html
19960422_kawasaki_11,1996-04-22,kawasaki,11,https://www.keiba.go.jp/KeibaWeb/TodayRaceInfo/RaceMarkTable?k_raceDate=1996%2F04%2F22&k_raceNo=11&k_babaCode=21,data/cache/html/19960422_kawasaki_11.html
19960422_kawasaki_12,1996-04-22,kawasaki,12,https://www.keiba.go.jp/KeibaWeb/TodayRaceInfo/RaceMarkTable?k_raceDate=1996%2F04%2F22&k_raceNo=12&k_babaCode=21,data/cache/html/19960422_kawasaki_12.html
19960421_kawasaki_1,1996-04-21,kawasaki,1,https://www.keiba.go.jp/KeibaWeb/TodayRaceInfo/RaceMarkTable?k_raceDate=1996%2F04%2F21&k_raceNo=1&k_babaCode=21,data/cache/html/19960421_kawasaki_1.html
19960421_kawasaki_2,1996-04-21,kawasaki,2,https://www.keiba.go.jp/KeibaWeb/TodayRaceInfo/RaceMarkTable?k_raceDate=1996%2F04%2F21&k_raceNo=2&k_babaCode=21,data/cache/html/19960421_kawasaki_2.html
19960421_kawasaki_3,1996-04-21,kawasaki,3,https://www.keiba.go.jp/KeibaWeb/TodayRaceInfo/RaceMarkTable?k_raceDate=1996%2F04%2F21&k_raceNo=3&k_babaCode=21,data/cache/html/19960421_kawasaki_3.html
19960421_kawasaki_4,1996-04-21,kawasaki,4,https://www.keiba.go.jp/KeibaWeb/TodayRaceInfo/RaceMarkTable?k_raceDate=1996%2F04%2F21&k_raceNo=4&k_babaCode=21,data/cache/html/19960421_kawasaki_4.html
19960421_kawasaki_5,1996-04-21,kawasaki,5,https://www.keiba.go.jp/KeibaWeb/TodayRaceInfo/RaceMarkTable?k_raceDate=1996%2F04%2F21&k_raceNo=5&k_babaCode=21,data/cache/html/19960421_kawasaki_5.html
19960421_kawasaki_6,1996-04-21,kawasaki,6,https://www.keiba.go.jp/KeibaWeb/TodayRaceInfo/RaceMarkTable?k_raceDate=1996%2F04%2F21&k_raceNo=6&k_babaCode=21,data/cache/html/19960421_kawasaki_6.html
19960421_kawasaki_7,1996-04-21,kawasaki,7,https://www.keiba.go.jp/KeibaWeb/TodayRaceInfo/RaceMarkTable?k_raceDate=1996%2F04%2F21&k_raceNo=7&k_babaCode=21,data/cache/html/19960421_kawasaki_7.html
19960421_kawasaki_8,1996-04-21,kawasaki,8,https://www.keiba.go.jp/KeibaWeb/TodayRaceInfo/RaceMarkTable?k_raceDate=1996%2F04%2F21&k_raceNo=8&k_babaCode=21,data/cache/html/19960421_kawasaki_8.html
19960421_kawasaki_9,1996-04-21,kawasaki,9,https://www.keiba.go.jp/KeibaWeb/TodayRaceInfo/RaceMarkTable?k_raceDate=1996%2F04%2F21&k_raceNo=9&k_babaCode=21,data/cache/html/19960421_kawasaki_9.html
19960421_kawasaki_10,1996-04-21,kawasaki,10,https://www.keiba.go.jp/KeibaWeb/TodayRaceInfo/RaceMarkTable?k_raceDate=1996%2F04%2F21&k_raceNo=10&k_babaCode=21,data/cache/html/19960421_kawasaki_10.html
19960421_kawasaki_11,1996-04-21,kawasaki,11,https://www.keiba.go.jp/KeibaWeb/TodayRaceInfo/RaceMarkTable?k_raceDate=1996%2F04%2F21&k_raceNo=11&k_babaCode=21,data/cache/html/19960421_kawasaki_11.html
19960421_kawasaki_12,1996-04-21,kawasaki,12,https://www.keiba.go.jp/KeibaWeb/TodayRaceInfo/RaceMarkTable?k_raceDate=1996%2F04%2F21&k_raceNo=12&k_babaCode=21,data/cache/html/19960421_kawasaki_12.html
19960420_kawasaki_1,1996-04-20,kawasaki,1,https://www.keiba.go.jp/KeibaWeb/TodayRaceInfo/RaceMarkTable?k_raceDate=1996%2F04%2F20&k_raceNo=1&k_babaCode=21,data/cache/html/19960420_kawasaki_1.html
19960420_kawasaki_2,1996-04-20,kawasaki,2,https://www.keiba.go.jp/KeibaWeb/TodayRaceInfo/RaceMarkTable?k_raceDate=1996%2F04%2F20&k_raceNo=2&k_babaCode=21,data/cache/html/19960420_kawasaki_2.html
19960420_kawasaki_3,1996-04-20,kawasaki,3,https://www.keiba.go.jp/KeibaWeb/TodayRaceInfo/RaceMarkTable?k_raceDate=1996%2F04%2F20&k_raceNo=3&k_babaCode=21,data/cache/html/19960420_kawasaki_3.html
19960420_kawasaki_4,1996-04-20,kawasaki,4,https://www.keiba.go.jp/KeibaWeb/TodayRaceInfo/RaceMarkTable?k_raceDate=1996%2F04%2F20&k_raceNo=4&k_babaCode=21,data/cache/html/19960420_kawasaki_4.html
19960420_kawasaki_5,1996-04-20,kawasaki,5,https://www.keiba.go.jp/KeibaWeb/TodayRaceInfo/RaceMarkTable?k_raceDate=1996%2F04%2F20&k_raceNo=5&k_babaCode=21,data/cache/html/19960420_kawasaki_5.html
19960420_kawasaki_6,1996-04-20,kawasaki,6,https://www.keiba.go.jp/KeibaWeb/TodayRaceInfo/RaceMarkTable?k_raceDate=1996%2F04%2F20&k_raceNo=6&k_babaCode=21,data/cache/html/19960420_kawasaki_6.html
19960420_kawasaki_7,1996-04-20,kawasaki,7,https://www.keiba.go.jp/KeibaWeb/TodayRaceInfo/RaceMarkTable?k_raceDate=1996%2F04%2F20&k_raceNo=7&k_babaCode=21,data/cache/html/19960420_kawasaki_7.html
19960420_kawasaki_8,1996-04-20,kawasaki,8,https://www.keiba.go.jp/KeibaWeb/TodayRaceInfo/RaceMarkTable?k_raceDate=1996%2F04%2F20&k_raceNo=8&k_babaCode=21,data/cache/html/19960420_kawasaki_8.html
19960420_kawasaki_9,1996-04-20,kawasaki,9,https://www.keiba.go.jp/KeibaWeb/TodayRaceInfo/RaceMarkTable?k_raceDate=1996%2F04%2F20&k_raceNo=9&k_babaCode=21,data/cache/html/19960420_kawasaki_9.html
19960420_kawasaki_10,1996-04-20,kawasaki,10,https://www.keiba.go.jp/KeibaWeb/TodayRaceInfo/RaceMarkTable?k_raceDate=1996%2F04%2F20&k_raceNo=10&k_babaCode=21,data/cache/html/19960420_kawasaki_10.html
19960420_kawasaki_11,1996-04-20,kawasaki,11,https://www.keiba.go.jp/KeibaWeb/TodayRaceInfo/RaceMarkTable?k_raceDate=1996%2F04%2F20&k_raceNo=11&k_babaCode=21,data/cache/html/19960420_kawasaki_11.html
19960420_kawasaki_12,1996-04-20,kawasaki,12,https://www.keiba.go.jp/KeibaWeb/TodayRaceInfo/RaceMarkTable?k_raceDate=1996%2F04%2F20&k_raceNo=12&k_babaCode=21,data/cache/html/19960420_kawasaki_12.html
19960419_kawasaki_1,1996-04-19,kawasaki,1,https://www.keiba.go.jp/KeibaWeb/TodayRaceInfo/RaceMarkTable?k_raceDate=1996%2F04%2F19&k_raceNo=1&k_babaCode=21,data/cache/html/19960419_kawasaki_1.html
19960419_kawasaki_2,1996-04-19,kawasaki,2,https://www.keiba.go.jp/KeibaWeb/TodayRaceInfo/RaceMarkTable?k_raceDate=1996%2F04%2F19&k_raceNo=2&k_babaCode=21,data/cache/html/19960419_kawasaki_2.html
19960419_kawasaki_3,1996-04-19,kawasaki,3,https://www.keiba.go.jp/KeibaWeb/TodayRaceInfo/RaceMarkTable?k_raceDate=1996%2F04%2F19&k_raceNo=3&k_babaCode=21,data/cache/html/19960419_kawasaki_3.html
19960419_kawasaki_4,1996-04-19,kawasaki,4,https://www.keiba.go.jp/KeibaWeb/TodayRaceInfo/RaceMarkTable?k_raceDate=1996%2F04%2F19&k_raceNo=4&k_babaCode=21,data/cache/html/19960419_kawasaki_4.html
19960419_kawasaki_5,1996-04-19,kawasaki,5,https://www.keiba.go.jp/KeibaWeb/TodayRaceInfo/RaceMarkTable?k_raceDate=1996%2F04%2F19&k_raceNo=5&k_babaCode=21,data/cache/html/19960419_kawasaki_5.html
19960419_kawasaki_6,1996-04-19,kawasaki,6,https://www.keiba.go.jp/KeibaWeb/TodayRaceInfo/RaceMarkTable?k_raceDate=1996%2F04%2F19&k_raceNo=6&k_babaCode=21,data/cache/html/19960419_kawasaki_6.html
19960419_kawasaki_7,1996-04-19,kawasaki,7,https://www.keiba.go.jp/KeibaWeb/TodayRaceInfo/RaceMarkTable?k_raceDate=1996%2F04%2F19&k_raceNo=7&k_babaCode=21,data/cache/html/19960419_kawasaki_7.html
19960419_kawasaki_8,1996-04-19,kawasaki,8,https://www.keiba.go.jp/KeibaWeb/TodayRaceInfo/RaceMarkTable?k_raceDate=1996%2F04%2F19&k_raceNo=8&k_babaCode=21,data/cache/html/19960419_kawasaki_8.html
19960419_kawasaki_9,1996-04-19,kawasaki,9,https://www.keiba.go.jp/KeibaWeb/TodayRaceInfo/RaceMarkTable?k_raceDate=1996%2F04%2F19&k_raceNo=9&k_babaCode=21,data/cache/html/19960419_kawasaki_9.html
19960419_kawasaki_10,1996-04-19,kawasaki,10,https://www.keiba.go.jp/KeibaWeb/TodayRaceInfo/RaceMarkTable?k_raceDate=1996%2F04%2F19&k_raceNo=10&k_babaCode=21,data/cache/html/19960419_kawasaki_10.html
19960419_kawasaki_11,1996-04-19,kawasaki,11,https://www.keiba.go.jp/KeibaWeb/TodayRaceInfo/RaceMarkTable?k_raceDate=1996%2F04%2F19&k_raceNo=11&k_babaCode=21,data/cache/html/19960419_kawasaki_11.html
19960419_kawasaki_12,1996-04-19,kawasaki,12,https://www.keiba.go.jp/KeibaWeb/TodayRaceInfo/RaceMarkTable?k_raceDate=1996%2F04%2F19&k_raceNo=12&k_babaCode=21,data/cache/html/19960419_kawasaki_12.html
19960418_kawasaki_1,1996-04-18,kawasaki,1,https://www.keiba.go.jp/KeibaWeb/TodayRaceInfo/RaceMarkTable?k_raceDate=1996%2F04%2F18&k_raceNo=1&k_babaCode=21,data/cache/html/19960418_kawasaki_1.html
19960418_kawasaki_2,1996-04-18,kawasaki,2,https://www.keiba.go.jp/KeibaWeb/TodayRaceInfo/RaceMarkTable?k_raceDate=1996%2F04%2F18&k_raceNo=2&k_babaCode=21,data/cache/html/19960418_kawasaki_2.html
19960418_kawasaki_3,1996-04-18,kawasaki,3,https://www.keiba.go.jp/KeibaWeb/TodayRaceInfo/RaceMarkTable?k_raceDate=1996%2F04%2F18&k_raceNo=3&k_babaCode=21,data/cache/html/19960418_kawasaki_3.html
19960418_kawasaki_4,1996-04-18,kawasaki,4,https://www.keiba.go.jp/KeibaWeb/TodayRaceInfo/RaceMarkTable?k_raceDate=1996%2F04%2F18&k_raceNo=4&k_babaCode=21,data/cache/html/19960418_kawasaki_4.html
19960418_kawasaki_5,1996-04-18,kawasaki,5,https://www.keiba.go.jp/KeibaWeb/TodayRaceInfo/RaceMarkTable?k_raceDate=1996%2F04%2F18&k_raceNo=5&k_babaCode=21,data/cache/html/19960418_kawasaki_5.html
19960418_kawasaki_6,1996-04-18,kawasaki,6,https://www.keiba.go.jp/KeibaWeb/TodayRaceInfo/RaceMarkTable?k_raceDate=1996%2F04%2F18&k_raceNo=6&k_babaCode=21,data/cache/html/19960418_kawasaki_6.html
19960418_kawasaki_7,1996-04-18,kawasaki,7,https://www.keiba.go.jp/KeibaWeb/TodayRaceInfo/RaceMarkTable?k_raceDate=1996%2F04%2F18&k_raceNo=7&k_babaCode=21,data/cache/html/19960418_kawasaki_7.html
19960418_kawasaki_8,1996-04-18,kawasaki,8,https://www.keiba.go.jp/KeibaWeb/TodayRaceInfo/RaceMarkTable?k_raceDate=1996%2F04%2F18&k_raceNo=8&k_babaCode=21,data/cache/html/19960418_kawasaki_8.html
19960418_kawasaki_9,1996-04-18,kawasaki,9,https://www.keiba.go.jp/KeibaWeb/TodayRaceInfo/RaceMarkTable?k_raceDate=1996%2F04%2F18&k_raceNo=9&k_babaCode=21,data/cache/html/19960418_kawasaki_9.html
19960418_kawasaki_10,1996-04-18,kawasaki,10,https://www.keiba.go.jp/KeibaWeb/TodayRaceInfo/RaceMarkTable?k_raceDate=1996%2F04%2F18&k_raceNo=10&k_babaCode=21,data/cache/html/19960418_kawasaki_10.html
19960418_kawasaki_11,1996-04-18,kawasaki,11,https://www.keiba.go.jp/KeibaWeb/TodayRaceInfo/RaceMarkTable?k_raceDate=1996%2F04%2F18&k_raceNo=11&k_babaCode=21,data/cache/html/19960418_kawasaki_11.html
19960418_kawasaki_12,1996-04-18,kawasaki,12,https://www.keiba.go.jp/KeibaWeb/TodayRaceInfo/RaceMarkTable?k_raceDate=1996%2F04%2F18&k_raceNo=12&k_babaCode=21,data/cache/html/19960418_kawasaki_12.html
19960417_kawasaki_1,1996-04-17,kawasaki,1,https://www.keiba.go.jp/KeibaWeb/TodayRaceInfo/RaceMarkTable?k_raceDate=1996%2F04%2F17&k_raceNo=1&k_babaCode=21,data/cache/html/19960417_kawasaki_1.html
19960417_kawasaki_2,1996-04-17,kawasaki,2,https://www.keiba.go.jp/KeibaWeb/TodayRaceInfo/RaceMarkTable?k_raceDate=1996%2F04%2F17&k_raceNo=2&k_babaCode=21,data/cache/html/19960417_kawasaki_2.html
19960417_kawasaki_3,1996-04-17,kawasaki,3,https://www.keiba.go.jp/KeibaWeb/TodayRaceInfo/RaceMarkTable?k_raceDate=1996%2F04%2F17&k_raceNo=3&k_babaCode=21,data/cache/html/19960417_kawasaki_3.html
19960417_kawasaki_4,1996-04-17,kawasaki,4,https://www.keiba.go.jp/KeibaWeb/TodayRaceInfo/RaceMarkTable?k_raceDate=1996%2F04%2F17&k_raceNo=4&k_babaCode=21,data/cache/html/19960417_kawasaki_4.html
19960417_kawasaki_5,1996-04-17,kawasaki,5,https://www.keiba.go.jp/KeibaWeb/TodayRaceInfo/RaceMarkTable?k_raceDate=1996%2F04%2F17&k_raceNo=5&k_babaCode=21,data/cache/html/19960417_kawasaki_5.html
19960417_kawasaki_6,1996-04-17,kawasaki,6,https://www.keiba.go.jp/KeibaWeb/TodayRaceInfo/RaceMarkTable?k_raceDate=1996%2F04%2F17&k_raceNo=6&k_babaCode=21,data/cache/html/19960417_kawasaki_6.html
19960417_kawasaki_7,1996-04-17,kawasaki,7,https://www.keiba.go.jp/KeibaWeb/TodayRaceInfo/RaceMarkTable?k_raceDate=1996%2F04%2F17&k_raceNo=7&k_babaCode=21,data/cache/html/19960417_kawasaki_7.html
19960417_kawasaki_8,1996-04-17,kawasaki,8,https://www.keiba.go.jp/KeibaWeb/TodayRaceInfo/RaceMarkTable?k_raceDate=1996%2F04%2F17&k_raceNo=8&k_babaCode=21,data/cache/html/19960417_kawasaki_8.html
19960417_kawasaki_9,1996-04-17,kawasaki,9,https://www.keiba.go.jp/KeibaWeb/TodayRaceInfo/RaceMarkTable?k_raceDate=1996%2F04%2F17&k_raceNo=9&k_babaCode=21,data/cache/html/19960417_kawasaki_9.html
19960417_kawasaki_10,1996-04-17,kawasaki,10,https://www.keiba.go.jp/KeibaWeb/TodayRaceInfo/RaceMarkTable?k_raceDate=1996%2F04%2F17&k_raceNo=10&k_babaCode=21,data/cache/html/19960417_kawasaki_10.html
19960417_kawasaki_11,1996-04-17,kawasaki,11,https://www.keiba.go.jp/KeibaWeb/TodayRaceInfo/RaceMarkTable?k_raceDate=1996%2F04%2F17&k_raceNo=11&k_babaCode=21,data/cache/html/19960417_kawasaki_11.html
19960417_kawasaki_12,1996-04-17,kawasaki,12,https://www.keiba.go.jp/KeibaWeb/TodayRaceInfo/RaceMarkTable?k_raceDate=1996%2F04%2F17&k_raceNo=12&k_babaCode=21,data/cache/html/19960417_kawasaki_12.html
19960416_kawasaki_1,1996-04-16,kawasaki,1,https://www.keiba.go.jp/KeibaWeb/TodayRaceInfo/RaceMarkTable?k_raceDate=1996%2F04%2F16&k_raceNo=1&k_babaCode=21,data/cache/html/19960416_kawasaki_1.html
19960416_kawasaki_2,1996-04-16,kawasaki,2,https://www.keiba.go.jp/KeibaWeb/TodayRaceInfo/RaceMarkTable?k_raceDate=1996%2F04%2F16&k_raceNo=2&k_babaCode=21,data/cache/html/19960416_kawasaki_2.html
19960416_kawasaki_3,1996-04-16,kawasaki,3,https://www.keiba.go.jp/KeibaWeb/TodayRaceInfo/RaceMarkTable?k_raceDate=1996%2F04%2F16&k_raceNo=3&k_babaCode=21,data/cache/html/19960416_kawasaki_3.html
19960416_kawasaki_4,1996-04-16,kawasaki,4,https://www.keiba.go.jp/KeibaWeb/TodayRaceInfo/RaceMarkTable?k_raceDate=1996%2F04%2F16&k_raceNo=4&k_babaCode=21,data/cache/html/19960416_kawasaki_4.html
19960416_kawasaki_5,1996-04-16,kawasaki,5,https://www.keiba.go.jp/KeibaWeb/TodayRaceInfo/RaceMarkTable?k_raceDate=1996%2F04%2F16&k_raceNo=5&k_babaCode=21,data/cache/html/19960416_kawasaki_5.html
19960416_kawasaki_6,1996-04-16,kawasaki,6,https://www.keiba.go.jp/KeibaWeb/TodayRaceInfo/RaceMarkTable?k_raceDate=1996%2F04%2F16&k_raceNo=6&k_babaCode=21,data/cache/html/19960416_kawasaki_6.html
19960416_kawasaki_7,1996-04-16,kawasaki,7,https://www.keiba.go.jp/KeibaWeb/TodayRaceInfo/RaceMarkTable?k_raceDate=1996%2F04%2F16&k_raceNo=7&k_babaCode=21,data/cache/html/19960416_kawasaki_7.html
19960416_kawasaki_8,1996-04-16,kawasaki,8,https://www.keiba.go.jp/KeibaWeb/TodayRaceInfo/RaceMarkTable?k_raceDate=1996%2F04%2F16&k_raceNo=8&k_babaCode=21,data/cache/html/19960416_kawasaki_8.html
19960416_kawasaki_9,1996-04-16,kawasaki,9,https://www.keiba.go.jp/KeibaWeb/TodayRaceInfo/RaceMarkTable?k_raceDate=1996%2F04%2F16&k_raceNo=9&k_babaCode=21,data/cache/html/19960416_kawasaki_9.html
19960416_kawasaki_10,1996-04-16,kawasaki,10,https://www.keiba.go.jp/KeibaWeb/TodayRaceInfo/RaceMarkTable?k_raceDate=1996%2F04%2F16&k_raceNo=10&k_babaCode=21,data/cache/html/19960416_kawasaki_10.html
19960416_kawasaki_11,1996-04-16,kawasaki,11,https://www.keiba.go.jp/KeibaWeb/TodayRaceInfo/RaceMarkTable?k_raceDate=1996%2F04%2F16&k_raceNo=11&k_babaCode=21,data/cache/html/19960416_kawasaki_11.html
19960416_kawasaki_12,1996-04-16,kawasaki,12,https://www.keiba.go.jp/KeibaWeb/TodayRaceInfo/RaceMarkTable?k_raceDate=1996%2F04%2F16&k_raceNo=12&k_babaCode=21,data/cache/html/19960416_kawasaki_12.html
19960415_kawasaki_1,1996-04-15,kawasaki,1,https://www.keiba.go.jp/KeibaWeb/TodayRaceInfo/RaceMarkTable?k_raceDate=1996%2F04%2F15&k_raceNo=1&k_babaCode=21,data/cache/html/19960415_kawasaki_1.html
19960415_kawasaki_2,1996-04-15,kawasaki,2,https://www.keiba.go.jp/KeibaWeb/TodayRaceInfo/RaceMarkTable?k_raceDate=1996%2F04%2F15&k_raceNo=2&k_babaCode=21,data/cache/html/19960415_kawasaki_2.html
19960415_kawasaki_3,1996-04-15,kawasaki,3,https://www.keiba.go.jp/KeibaWeb/TodayRaceInfo/RaceMarkTable?k_raceDate=1996%2F04%2F15&k_raceNo=3&k_babaCode=21,data/cache/html/19960415_kawasaki_3.html
19960415_kawasaki_4,1996-04-15,kawasaki,4,https://www.keiba.go.jp/KeibaWeb/TodayRaceInfo/RaceMarkTable?k_raceDate=1996%2F04%2F15&k_raceNo=4&k_babaCode=21,data/cache/html/19960415_kawasaki_4.html
19960415_kawasaki_5,1996-04-15,kawasaki,5,https://www.keiba.go.jp/KeibaWeb/TodayRaceInfo/RaceMarkTable?k_raceDate=1996%2F04%2F15&k_raceNo=5&k_babaCode=21,data/cache/html/19960415_kawasaki_5.html
19960415_kawasaki_6,1996-04-15,kawasaki,6,https://www.keiba.go.jp/KeibaWeb/TodayRaceInfo/RaceMarkTable?k_raceDate=1996%2F04%2F15&k_raceNo=6&k_babaCode=21,data/cache/html/19960415_kawasaki_6.html
19960415_kawasaki_7,1996-04-15,kawasaki,7,https://www.keiba.go.jp/KeibaWeb/TodayRaceInfo/RaceMarkTable?k_raceDate=1996%2F04%2F15&k_raceNo=7&k_babaCode=21,data/cache/html/19960415_kawasaki_7.html
19960415_kawasaki_8,1996-04-15,kawasaki,8,https://www.keiba.go.jp/KeibaWeb/TodayRaceInfo/RaceMarkTable?k_raceDate=1996%2F04%2F15&k_raceNo=8&k_babaCode=21,data/cache/html/19960415_kawasaki_8.html
19960415_kawasaki_9,1996-04-15,kawasaki,9,https://www.keiba.go.jp/KeibaWeb/TodayRaceInfo/RaceMarkTable?k_raceDate=1996%2F04%2F15&k_raceNo=9&k_babaCode=21,data/cache/html/19960415_kawasaki_9.html
19960415_kawasaki_10,1996-04-15,kawasaki,10,https://www.keiba.go.jp/KeibaWeb/TodayRaceInfo/RaceMarkTable?k_raceDate=1996%2F04%2F15&k_raceNo=10&k_babaCode=21,data/cache/html/19960415_kawasaki_10.html
19960415_kawasaki_11,1996-04-15,kawasaki,11,https://www.keiba.go.jp/KeibaWeb/TodayRaceInfo/RaceMarkTable?k_raceDate=1996%2F04%2F15&k_raceNo=11&k_babaCode=21,data/cache/html/19960415_kawasaki_11.html
19960415_kawasaki_12,1996-04-15,kawasaki,12,https://www.keiba.go.jp/KeibaWeb/TodayRaceInfo/RaceMarkTable?k_raceDate=1996%2F04%2F15&k_raceNo=12&k_babaCode=21,data/cache/html/19960415_kawasaki_12.html
19960414_kawasaki_1,1996-04-14,kawasaki,1,https://www.keiba.go.jp/KeibaWeb/TodayRaceInfo/RaceMarkTable?k_raceDate=1996%2F04%2F14&k_raceNo=1&k_babaCode=21,data/cache/html/19960414_kawasaki_1.html
19960414_kawasaki_2,1996-04-14,kawasaki,2,https://www.keiba.go.jp/KeibaWeb/TodayRaceInfo/RaceMarkTable?k_raceDate=1996%2F04%2F14&k_raceNo=2&k_babaCode=21,data/cache/html/19960414_kawasaki_2.html
19960414_kawasaki_3,1996-04-14,kawasaki,3,https://www.keiba.go.jp/KeibaWeb/TodayRaceInfo/RaceMarkTable?k_raceDate=1996%2F04%2F14&k_raceNo=3&k_babaCode=21,data/cache/html/19960414_kawasaki_3.html
19960414_kawasaki_4,1996-04-14,kawasaki,4,https://www.keiba.go.jp/KeibaWeb/TodayRaceInfo/RaceMarkTable?k_raceDate=1996%2F04%2F14&k_raceNo=4&k_babaCode=21,data/cache/html/19960414_kawasaki_4.html
19960414_kawasaki_5,1996-04-14,kawasaki,5,https://www.keiba.go.jp/KeibaWeb/TodayRaceInfo/RaceMarkTable?k_raceDate=1996%2F04%2F14&k_raceNo=5&k_babaCode=21,data/cache/html/19960414_kawasaki_5.html
19960414_kawasaki_6,1996-04-14,kawasaki,6,https://www.keiba.go.jp/KeibaWeb/TodayRaceInfo/RaceMarkTable?k_raceDate=1996%2F04%2F14&k_raceNo=6&k_babaCode=21,data/cache/html/19960414_kawasaki_6.html
19960414_kawasaki_7,1996-04-14,kawasaki,7,https://www.keiba.go.jp/KeibaWeb/TodayRaceInfo/RaceMarkTable?k_raceDate=1996%2F04%2F14&k_raceNo=7&k_babaCode=21,data/cache/html/19960414_kawasaki_7.html
19960414_kawasaki_8,1996-04-14,kawasaki,8,https://www.keiba.go.jp/KeibaWeb/TodayRaceInfo/RaceMarkTable?k_raceDate=1996%2F04%2F14&k_raceNo=8&k_babaCode=21,data/cache/html/19960414_kawasaki_8.html
19960414_kawasaki_9,1996-04-14,kawasaki,9,https://www.keiba.go.jp/KeibaWeb/TodayRaceInfo/RaceMarkTable?k_raceDate=1996%2F04%2F14&k_raceNo=9&k_babaCode=21,data/cache/html/19960414_kawasaki_9.html
19960414_kawasaki_10,1996-04-14,kawasaki,10,https://www.keiba.go.jp/KeibaWeb/TodayRaceInfo/RaceMarkTable?k_raceDate=1996%2F04%2F14&k_raceNo=10&k_babaCode=21,data/cache/html/19960414_kawasaki_10.html
19960414_kawasaki_11,1996-04-14,kawasaki,11,https://www.keiba.go.jp/KeibaWeb/TodayRaceInfo/RaceMarkTable?k_raceDate=1996%2F04%2F14&k_raceNo=11&k_babaCode=21,data/cache/html/19960414_kawasaki_11.html
19960414_kawasaki_12,1996-04-14,kawasaki,12,https://www.keiba.go.jp/KeibaWeb/TodayRaceInfo/RaceMarkTable?k_raceDate=1996%2F04%2F14&k_raceNo=12&k_babaCode=21,data/cache/html/19960414_kawasaki_12.html
19960413_kawasaki_1,1996-04-13,kawasaki,1,https://www.keiba.go.jp/KeibaWeb/TodayRaceInfo/RaceMarkTable?k_raceDate=1996%2F04%2F13&k_raceNo=1&k_babaCode=21,data/cache/html/19960413_kawasaki_1.html
19960413_kawasaki_2,1996-04-13,kawasaki,2,https://www.keiba.go.jp/KeibaWeb/TodayRaceInfo/RaceMarkTable?k_raceDate=1996%2F04%2F13&k_raceNo=2&k_babaCode=21,data/cache/html/19960413_kawasaki_2.html
19960413_kawasaki_3,1996-04-13,kawasaki,3,https://www.keiba.go.jp/KeibaWeb/TodayRaceInfo/RaceMarkTable?k_raceDate=1996%2F04%2F13&k_raceNo=3&k_babaCode=21,data/cache/html/19960413_kawasaki_3.html
19960413_kawasaki_4,1996-04-13,kawasaki,4,https://www.keiba.go.jp/KeibaWeb/TodayRaceInfo/RaceMarkTable?k_raceDate=1996%2F04%2F13&k_raceNo=4&k_babaCode=21,data/cache/html/19960413_kawasaki_4.html
19960413_kawasaki_5,1996-04-13,kawasaki,5,https://www.keiba.go.jp/KeibaWeb/TodayRaceInfo/RaceMarkTable?k_raceDate=1996%2F04%2F13&k_raceNo=5&k_babaCode=21,data/cache/html/19960413_kawasaki_5.html
19960413_kawasaki_6,1996-04-13,kawasaki,6,https://www.keiba.go.jp/KeibaWeb/TodayRaceInfo/RaceMarkTable?k_raceDate=1996%2F04%2F13&k_raceNo=6&k_babaCode=21,data/cache/html/19960413_kawasaki_6.html
19960413_kawasaki_7,1996-04-13,kawasaki,7,https://www.keiba.go.jp/KeibaWeb/TodayRaceInfo/RaceMarkTable?k_raceDate=1996%2F04%2F13&k_raceNo=7&k_babaCode=21,data/cache/html/19960413_kawasaki_7.html
19960413_kawasaki_8,1996-04-13,kawasaki,8,https://www.keiba.go.jp/KeibaWeb/TodayRaceInfo/RaceMarkTable?k_raceDate=1996%2F04%2F13&k_raceNo=8&k_babaCode=21,data/cache/html/19960413_kawasaki_8.html
19960413_kawasaki_9,1996-04-13,kawasaki,9,https://www.keiba.go.jp/KeibaWeb/TodayRaceInfo/RaceMarkTable?k_raceDate=1996%2F04%2F13&k_raceNo=9&k_babaCode=21,data/cache/html/19960413_kawasaki_9.html
19960413_kawasaki_10,1996-04-13,kawasaki,10,https://www.keiba.go.jp/KeibaWeb/TodayRaceInfo/RaceMarkTable?k_raceDate=1996%2F04%2F13&k_raceNo=10&k_babaCode=21,data/cache/html/19960413_kawasaki_10.html
19960413_kawasaki_11,1996-04-13,kawasaki,11,https://www.keiba.go.jp/KeibaWeb/TodayRaceInfo/RaceMarkTable?k_raceDate=1996%2F04%2F13&k_raceNo=11&k_babaCode=21,data/cache/html/19960413_kawasaki_11.html
19960413_kawasaki_12,1996-04-13,kawasaki,12,https://www.keiba.go.jp/KeibaWeb/TodayRaceInfo/RaceMarkTable?k_raceDate=1996%2F04%2F13&k_raceNo=12&k_babaCode=21,data/cache/html/19960413_kawasaki_12.html
19960412_kawasaki_1,1996-04-12,kawasaki,1,https://www.keiba.go.jp/KeibaWeb/TodayRaceInfo/RaceMarkTable?k_raceDate=1996%2F04%2F12&k_raceNo=1&k_babaCode=21,data/cache/html/19960412_kawasaki_1.html
19960412_kawasaki_2,1996-04-12,kawasaki,2,https://www.keiba.go.jp/KeibaWeb/TodayRaceInfo/RaceMarkTable?k_raceDate=1996%2F04%2F12&k_raceNo=2&k_babaCode=21,data/cache/html/19960412_kawasaki_2.html
19960412_kawasaki_3,1996-04-12,kawasaki,3,https://www.keiba.go.jp/KeibaWeb/TodayRaceInfo/RaceMarkTable?k_raceDate=1996%2F04%2F12&k_raceNo=3&k_babaCode=21,data/cache/html/19960412_kawasaki_3.html
19960412_kawasaki_4,1996-04-12,kawasaki,4,https://www.keiba.go.jp/KeibaWeb/TodayRaceInfo/RaceMarkTable?k_raceDate=1996%2F04%2F12&k_raceNo=4&k_babaCode=21,data/cache/html/19960412_kawasaki_4.html
19960412_kawasaki_5,1996-04-12,kawasaki,5,https://www.keiba.go.jp/KeibaWeb/TodayRaceInfo/RaceMarkTable?k_raceDate=1996%2F04%2F12&k_raceNo=5&k_babaCode=21,data/cache/html/19960412_kawasaki_5.html
19960412_kawasaki_6,1996-04-12,kawasaki,6,https://www.keiba.go.jp/KeibaWeb/TodayRaceInfo/RaceMarkTable?k_raceDate=1996%2F04%2F12&k_raceNo=6&k_babaCode=21,data/cache/html/19960412_kawasaki_6.html
19960412_kawasaki_7,1996-04-12,kawasaki,7,https://www.keiba.go.jp/KeibaWeb/TodayRaceInfo/RaceMarkTable?k_raceDate=1996%2F04%2F12&k_raceNo=7&k_babaCode=21,data/cache/html/19960412_kawasaki_7.html
19960412_kawasaki_8,1996-04-12,kawasaki,8,https://www.keiba.go.jp/KeibaWeb/TodayRaceInfo/RaceMarkTable?k_raceDate=1996%2F04%2F12&k_raceNo=8&k_babaCode=21,data/cache/html/19960412_kawasaki_8.html
19960412_kawasaki_9,1996-04-12,kawasaki,9,https://www.keiba.go.jp/KeibaWeb/TodayRaceInfo/RaceMarkTable?k_raceDate=1996%2F04%2F12&k_raceNo=9&k_babaCode=21,data/cache/html/19960412_kawasaki_9.html
19960412_kawasaki_10,1996-04-12,kawasaki,10,https://www.keiba.go.jp/KeibaWeb/TodayRaceInfo/RaceMarkTable?k_raceDate=1996%2F04%2F12&k_raceNo=10&k_babaCode=21,data/cache/html/19960412_kawasaki_10.html
19960412_kawasaki_11,1996-04-12,kawasaki,11,https://www.keiba.go.jp/KeibaWeb/TodayRaceInfo/RaceMarkTable?k_raceDate=1996%2F04%2F12&k_raceNo=11&k_babaCode=21,data/cache/html/19960412_kawasaki_11.html
19960412_kawasaki_12,1996-04-12,kawasaki,12,https://www.keiba.go.jp/KeibaWeb/TodayRaceInfo/RaceMarkTable?k_raceDate=1996%2F04%2F12&k_raceNo=12&k_babaCode=21,data/cache/html/19960412_kawasaki_12.html
19960411_kawasaki_1,1996-04-11,kawasaki,1,https://www.keiba.go.jp/KeibaWeb/TodayRaceInfo/RaceMarkTable?k_raceDate=1996%2F04%2F11&k_raceNo=1&k_babaCode=21,data/cache/html/19960411_kawasaki_1.html
19960411_kawasaki_2,1996-04-11,kawasaki,2,https://www.keiba.go.jp/KeibaWeb/TodayRaceInfo/RaceMarkTable?k_raceDate=1996%2F04%2F11&k_raceNo=2&k_babaCode=21,data/cache/html/19960411_kawasaki_2.html
19960411_kawasaki_3,1996-04-11,kawasaki,3,https://www.keiba.go.jp/KeibaWeb/TodayRaceInfo/RaceMarkTable?k_raceDate=1996%2F04%2F11&k_raceNo=3&k_babaCode=21,data/cache/html/19960411_kawasaki_3.html
19960411_kawasaki_4,1996-04-11,kawasaki,4,https://www.keiba.go.jp/KeibaWeb/TodayRaceInfo/RaceMarkTable?k_raceDate=1996%2F04%2F11&k_raceNo=4&k_babaCode=21,data/cache/html/19960411_kawasaki_4.html
19960411_kawasaki_5,1996-04-11,kawasaki,5,https://www.keiba.go.jp/KeibaWeb/TodayRaceInfo/RaceMarkTable?k_raceDate=1996%2F04%2F11&k_raceNo=5&k_babaCode=21,data/cache/html/19960411_kawasaki_5.html
19960411_kawasaki_6,1996-04-11,kawasaki,6,https://www.keiba.go.jp/KeibaWeb/TodayRaceInfo/RaceMarkTable?k_raceDate=1996%2F04%2F11&k_raceNo=6&k_babaCode=21,data/cache/html/19960411_kawasaki_6.html
19960411_kawasaki_7,1996-04-11,kawasaki,7,https://www.keiba.go.jp/KeibaWeb/TodayRaceInfo/RaceMarkTable?k_raceDate=1996%2F04%2F11&k_raceNo=7&k_babaCode=21,data/cache/html/19960411_kawasaki_7.html
19960411_kawasaki_8,1996-04-11,kawasaki,8,https://www.keiba.go.jp/KeibaWeb/TodayRaceInfo/RaceMarkTable?k_raceDate=1996%2F04%2F11&k_raceNo=8&k_babaCode=21,data/cache/html/19960411_kawasaki_8.html
19960411_kawasaki_9,1996-04-11,kawasaki,9,https://www.keiba.go.jp/KeibaWeb/TodayRaceInfo/RaceMarkTable?k_raceDate=1996%2F04%2F11&k_raceNo=9&k_babaCode=21,data/cache/html/19960411_kawasaki_9.html
19960411_kawasaki_10,1996-04-11,kawasaki,10,https://www.keiba.go.jp/KeibaWeb/TodayRaceInfo/RaceMarkTable?k_raceDate=1996%2F04%2F11&k_raceNo=10&k_babaCode=21,data/cache/html/19960411_kawasaki_10.html
19960411_kawasaki_11,1996-04-11,kawasaki,11,https://www.keiba.go.jp/KeibaWeb/TodayRaceInfo/RaceMarkTable?k_raceDate=1996%2F04%2F11&k_raceNo=11&k_babaCode=21,data/cache/html/19960411_kawasaki_11.html
19960411_kawasaki_12,1996-04-11,kawasaki,12,https://www.keiba.go.jp/KeibaWeb/TodayRaceInfo/RaceMarkTable?k_raceDate=1996%2F04%2F11&k_raceNo=12&k_babaCode=21,data/cache/html/19960411_kawasaki_12.html
19960410_kawasaki_1,1996-04-10,kawasaki,1,https://www.keiba.go.jp/KeibaWeb/TodayRaceInfo/RaceMarkTable?k_raceDate=1996%2F04%2F10&k_raceNo=1&k_babaCode=21,data/cache/html/19960410_kawasaki_1.html
19960410_kawasaki_2,1996-04-10,kawasaki,2,https://www.keiba.go.jp/KeibaWeb/TodayRaceInfo/RaceMarkTable?k_raceDate=1996%2F04%2F10&k_raceNo=2&k_babaCode=21,data/cache/html/19960410_kawasaki_2.html
19960410_kawasaki_3,1996-04-10,kawasaki,3,https://www.keiba.go.jp/KeibaWeb/TodayRaceInfo/RaceMarkTable?k_raceDate=1996%2F04%2F10&k_raceNo=3&k_babaCode=21,data/cache/html/19960410_kawasaki_3.html
19960410_kawasaki_4,1996-04-10,kawasaki,4,https://www.keiba.go.jp/KeibaWeb/TodayRaceInfo/RaceMarkTable?k_raceDate=1996%2F04%2F10&k_raceNo=4&k_babaCode=21,data/cache/html/19960410_kawasaki_4.html
19960410_kawasaki_5,1996-04-10,kawasaki,5,https://www.keiba.go.jp/KeibaWeb/TodayRaceInfo/RaceMarkTable?k_raceDate=1996%2F04%2F10&k_raceNo=5&k_babaCode=21,data/cache/html/19960410_kawasaki_5.html
19960410_kawasaki_6,1996-04-10,kawasaki,6,https://www.keiba.go.jp/KeibaWeb/TodayRaceInfo/RaceMarkTable?k_raceDate=1996%2F04%2F10&k_raceNo=6&k_babaCode=21,data/cache/html/19960410_kawasaki_6.html
19960410_kawasaki_7,1996-04-10,kawasaki,7,https://www.keiba.go.jp/KeibaWeb/TodayRaceInfo/RaceMarkTable?k_raceDate=1996%2F04%2F10&k_raceNo=7&k_babaCode=21,data/cache/html/19960410_kawasaki_7.html
19960410_kawasaki_8,1996-04-10,kawasaki,8,https://www.keiba.go.jp/KeibaWeb/TodayRaceInfo/RaceMarkTable?k_raceDate=1996%2F04%2F10&k_raceNo=8&k_babaCode=21,data/cache/html/19960410_kawasaki_8.html
19960410_kawasaki_9,1996-04-10,kawasaki,9,https://www.keiba.go.jp/KeibaWeb/TodayRaceInfo/RaceMarkTable?k_raceDate=1996%2F04%2F10&k_raceNo=9&k_babaCode=21,data/cache/html/19960410_kawasaki_9.html
19960410_kawasaki_10,1996-04-10,kawasaki,10,https://www.keiba.go.jp/KeibaWeb/TodayRaceInfo/RaceMarkTable?k_raceDate=1996%2F04%2F10&k_raceNo=10&k_babaCode=21,data/cache/html/19960410_kawasaki_10.html
19960410_kawasaki_11,1996-04-10,kawasaki,11,https://www.keiba.go.jp/KeibaWeb/TodayRaceInfo/RaceMarkTable?k_raceDate=1996%2F04%2F10&k_raceNo=11&k_babaCode=21,data/cache/html/19960410_kawasaki_11.html
19960410_kawasaki_12,1996-04-10,kawasaki,12,https://www.keiba.go.jp/KeibaWeb/TodayRaceInfo/RaceMarkTable?k_raceDate=1996%2F04%2F10&k_raceNo=12&k_babaCode=21,data/cache/html/19960410_kawasaki_12.html
19960409_kawasaki_1,1996-04-09,kawasaki,1,https://www.keiba.go.jp/KeibaWeb/TodayRaceInfo/RaceMarkTable?k_raceDate=1996%2F04%2F09&k_raceNo=1&k_babaCode=21,data/cache/html/19960409_kawasaki_1.html
19960409_kawasaki_2,1996-04-09,kawasaki,2,https://www.keiba.go.jp/KeibaWeb/TodayRaceInfo/RaceMarkTable?k_raceDate=1996%2F04%2F09&k_raceNo=2&k_babaCode=21,data/cache/html/19960409_kawasaki_2.html
19960409_kawasaki_3,1996-04-09,kawasaki,3,https://www.keiba.go.jp/KeibaWeb/TodayRaceInfo/RaceMarkTable?k_raceDate=1996%2F04%2F09&k_raceNo=3&k_babaCode=21,data/cache/html/19960409_kawasaki_3.html
19960409_kawasaki_4,1996-04-09,kawasaki,4,https://www.keiba.go.jp/KeibaWeb/TodayRaceInfo/RaceMarkTable?k_raceDate=1996%2F04%2F09&k_raceNo=4&k_babaCode=21,data/cache/html/19960409_kawasaki_4.html
19960409_kawasaki_5,1996-04-09,kawasaki,5,https://www.keiba.go.jp/KeibaWeb/TodayRaceInfo/RaceMarkTable?k_raceDate=1996%2F04%2F09&k_raceNo=5&k_babaCode=21,data/cache/html/19960409_kawasaki_5.html
19960409_kawasaki_6,1996-04-09,kawasaki,6,https://www.keiba.go.jp/KeibaWeb/TodayRaceInfo/RaceMarkTable?k_raceDate=1996%2F04%2F09&k_raceNo=6&k_babaCode=21,data/cache/html/19960409_kawasaki_6.html
19960409_kawasaki_7,1996-04-09,kawasaki,7,https://www.keiba.go.jp/KeibaWeb/TodayRaceInfo/RaceMarkTable?k_raceDate=1996%2F04%2F09&k_raceNo=7&k_babaCode=21,data/cache/html/19960409_kawasaki_7.html
19960409_kawasaki_8,1996-04-09,kawasaki,8,https://www.keiba.go.jp/KeibaWeb/TodayRaceInfo/RaceMarkTable?k_raceDate=1996%2F04%2F09&k_raceNo=8&k_babaCode=21,data/cache/html/19960409_kawasaki_8.html
19960409_kawasaki_9,1996-04-09,kawasaki,9,https://www.keiba.go.jp/KeibaWeb/TodayRaceInfo/RaceMarkTable?k_raceDate=1996%2F04%2F09&k_raceNo=9&k_babaCode=21,data/cache/html/19960409_kawasaki_9.html
19960409_kawasaki_10,1996-04-09,kawasaki,10,https://www.keiba.go.jp/KeibaWeb/TodayRaceInfo/RaceMarkTable?k_raceDate=1996%2F04%2F09&k_raceNo=10&k_babaCode=21,data/cache/html/19960409_kawasaki_10.html
19960409_kawasaki_11,1996-04-09,kawasaki,11,https://www.keiba.go.jp/KeibaWeb/TodayRaceInfo/RaceMarkTable?k_raceDate=1996%2F04%2F09&k_raceNo=11&k_babaCode=21,data/cache/html/19960409_kawasaki_11.html
19960409_kawasaki_12,1996-04-09,kawasaki,12,https://www.keiba.go.jp/KeibaWeb/TodayRaceInfo/RaceMarkTable?k_raceDate=1996%2F04%2F09&k_raceNo=12&k_babaCode=21,data/cache/html/19960409_kawasaki_12.html
19960408_kawasaki_1,1996-04-08,kawasaki,1,https://www.keiba.go.jp/KeibaWeb/TodayRaceInfo/RaceMarkTable?k_raceDate=1996%2F04%2F08&k_raceNo=1&k_babaCode=21,data/cache/html/19960408_kawasaki_1.html
19960408_kawasaki_2,1996-04-08,kawasaki,2,https://www.keiba.go.jp/KeibaWeb/TodayRaceInfo/RaceMarkTable?k_raceDate=1996%2F04%2F08&k_raceNo=2&k_babaCode=21,data/cache/html/19960408_kawasaki_2.html
19960408_kawasaki_3,1996-04-08,kawasaki,3,https://www.keiba.go.jp/KeibaWeb/TodayRaceInfo/RaceMarkTable?k_raceDate=1996%2F04%2F08&k_raceNo=3&k_babaCode=21,data/cache/html/19960408_kawasaki_3.html
19960408_kawasaki_4,1996-04-08,kawasaki,4,https://www.keiba.go.jp/KeibaWeb/TodayRaceInfo/RaceMarkTable?k_raceDate=1996%2F04%2F08&k_raceNo=4&k_babaCode=21,data/cache/html/19960408_kawasaki_4.html
19960408_kawasaki_5,1996-04-08,kawasaki,5,https://www.keiba.go.jp/KeibaWeb/TodayRaceInfo/RaceMarkTable?k_raceDate=1996%2F04%2F08&k_raceNo=5&k_babaCode=21,data/cache/html/19960408_kawasaki_5.html
19960408_kawasaki_6,1996-04-08,kawasaki,6,https://www.keiba.go.jp/KeibaWeb/TodayRaceInfo/RaceMarkTable?k_raceDate=1996%2F04%2F08&k_raceNo=6&k_babaCode=21,data/cache/html/19960408_kawasaki_6.html
19960408_kawasaki_7,1996-04-08,kawasaki,7,https://www.keiba.go.jp/KeibaWeb/TodayRaceInfo/RaceMarkTable?k_raceDate=1996%2F04%2F08&k_raceNo=7&k_babaCode=21,data/cache/html/19960408_kawasaki_7.html
19960408_kawasaki_8,1996-04-08,kawasaki,8,https://www.keiba.go.jp/KeibaWeb/TodayRaceInfo/RaceMarkTable?k_raceDate=1996%2F04%2F08&k_raceNo=8&k_babaCode=21,data/cache/html/19960408_kawasaki_8.html
19960408_kawasaki_9,1996-04-08,kawasaki,9,https://www.keiba.go.jp/KeibaWeb/TodayRaceInfo/RaceMarkTable?k_raceDate=1996%2F04%2F08&k_raceNo=9&k_babaCode=21,data/cache/html/19960408_kawasaki_9.html
19960408_kawasaki_10,1996-04-08,kawasaki,10,https://www.keiba.go.jp/KeibaWeb/TodayRaceInfo/RaceMarkTable?k_raceDate=1996%2F04%2F08&k_raceNo=10&k_babaCode=21,data/cache/html/19960408_kawasaki_10.html
19960408_kawasaki_11,1996-04-08,kawasaki,11,https://www.keiba.go.jp/KeibaWeb/TodayRaceInfo/RaceMarkTable?k_raceDate=1996%2F04%2F08&k_raceNo=11&k_babaCode=21,data/cache/html/19960408_kawasaki_11.html
19960408_kawasaki_12,1996-04-08,kawasaki,12,https://www.keiba.go.jp/KeibaWeb/TodayRaceInfo/RaceMarkTable?k_raceDate=1996%2F04%2F08&k_raceNo=12&k_babaCode=21,data/cache/html/19960408_kawasaki_12.html
19960407_kawasaki_1,1996-04-07,kawasaki,1,https://www.keiba.go.jp/KeibaWeb/TodayRaceInfo/RaceMarkTable?k_raceDate=1996%2F04%2F07&k_raceNo=1&k_babaCode=21,data/cache/html/19960407_kawasaki_1.html
19960407_kawasaki_2,1996-04-07,kawasaki,2,https://www.keiba.go.jp/KeibaWeb/TodayRaceInfo/RaceMarkTable?k_raceDate=1996%2F04%2F07&k_raceNo=2&k_babaCode=21,data/cache/html/19960407_kawasaki_2.html
19960407_kawasaki_3,1996-04-07,kawasaki,3,https://www.keiba.go.jp/KeibaWeb/TodayRaceInfo/RaceMarkTable?k_raceDate=1996%2F04%2F07&k_raceNo=3&k_babaCode=21,data/cache/html/19960407_kawasaki_3.html
19960407_kawasaki_4,1996-04-07,kawasaki,4,https://www.keiba.go.jp/KeibaWeb/TodayRaceInfo/RaceMarkTable?k_raceDate=1996%2F04%2F07&k_raceNo=4&k_babaCode=21,data/cache/html/19960407_kawasaki_4.html
19960407_kawasaki_5,1996-04-07,kawasaki,5,https://www.keiba.go.jp/KeibaWeb/TodayRaceInfo/RaceMarkTable?k_raceDate=1996%2F04%2F07&k_raceNo=5&k_babaCode=21,data/cache/html/19960407_kawasaki_5.html
19960407_kawasaki_6,1996-04-07,kawasaki,6,https://www.keiba.go.jp/KeibaWeb/TodayRaceInfo/RaceMarkTable?k_raceDate=1996%2F04%2F07&k_raceNo=6&k_babaCode=21,data/cache/html/19960407_kawasaki_6.html
19960407_kawasaki_7,1996-04-07,kawasaki,7,https://www.keiba.go.jp/KeibaWeb/TodayRaceInfo/RaceMarkTable?k_raceDate=1996%2F04%2F07&k_raceNo=7&k_babaCode=21,data/cache/html/19960407_kawasaki_7.html
19960407_kawasaki_8,1996-04-07,kawasaki,8,https://www.keiba.go.jp/KeibaWeb/TodayRaceInfo/RaceMarkTable?k_raceDate=1996%2F04%2F07&k_raceNo=8&k_babaCode=21,data/cache/html/19960407_kawasaki_8.html
19960407_kawasaki_9,1996-04-07,kawasaki,9,https://www.keiba.go.jp/KeibaWeb/TodayRaceInfo/RaceMarkTable?k_raceDate=1996%2F04%2F07&k_raceNo=9&k_babaCode=21,data/cache/html/19960407_kawasaki_9.html
19960407_kawasaki_10,1996-04-07,kawasaki,10,https://www.keiba.go.jp/KeibaWeb/TodayRaceInfo/RaceMarkTable?k_raceDate=1996%2F04%2F07&k_raceNo=10&k_babaCode=21,data/cache/html/19960407_kawasaki_10.html
19960407_kawasaki_11,1996-04-07,kawasaki,11,https://www.keiba.go.jp/KeibaWeb/TodayRaceInfo/RaceMarkTable?k_raceDate=1996%2F04%2F07&k_raceNo=11&k_babaCode=21,data/cache/html/19960407_kawasaki_11.html
19960407_kawasaki_12,1996-04-07,kawasaki,12,https://www.keiba.go.jp/KeibaWeb/TodayRaceInfo/RaceMarkTable?k_raceDate=1996%2F04%2F07&k_raceNo=12&k_babaCode=21,data/cache/html/19960407_kawasaki_12.html
19960406_kawasaki_1,1996-04-06,kawasaki,1,https://www.keiba.go.jp/KeibaWeb/TodayRaceInfo/RaceMarkTable?k_raceDate=1996%2F04%2F06&k_raceNo=1&k_babaCode=21,data/cache/html/19960406_kawasaki_1.html
19960406_kawasaki_2,1996-04-06,kawasaki,2,https://www.keiba.go.jp/KeibaWeb/TodayRaceInfo/RaceMarkTable?k_raceDate=1996%2F04%2F06&k_raceNo=2&k_babaCode=21,data/cache/html/19960406_kawasaki_2.html
19960406_kawasaki_3,1996-04-06,kawasaki,3,https://www.keiba.go.jp/KeibaWeb/TodayRaceInfo/RaceMarkTable?k_raceDate=1996%2F04%2F06&k_raceNo=3&k_babaCode=21,data/cache/html/19960406_kawasaki_3.html
19960406_kawasaki_4,1996-04-06,kawasaki,4,https://www.keiba.go.jp/KeibaWeb/TodayRaceInfo/RaceMarkTable?k_raceDate=1996%2F04%2F06&k_raceNo=4&k_babaCode=21,data/cache/html/19960406_kawasaki_4.html
19960406_kawasaki_5,1996-04-06,kawasaki,5,https://www.keiba.go.jp/KeibaWeb/TodayRaceInfo/RaceMarkTable?k_raceDate=1996%2F04%2F06&k_raceNo=5&k_babaCode=21,data/cache/html/19960406_kawasaki_5.html
19960406_kawasaki_6,1996-04-06,kawasaki,6,https://www.keiba.go.jp/KeibaWeb/TodayRaceInfo/RaceMarkTable?k_raceDate=1996%2F04%2F06&k_raceNo=6&k_babaCode=21,data/cache/html/19960406_kawasaki_6.html
19960406_kawasaki_7,1996-04-06,kawasaki,7,https://www.keiba.go.jp/KeibaWeb/TodayRaceInfo/RaceMarkTable?k_raceDate=1996%2F04%2F06&k_raceNo=7&k_babaCode=21,data/cache/html/19960406_kawasaki_7.html
19960406_kawasaki_8,1996-04-06,kawasaki,8,https://www.keiba.go.jp/KeibaWeb/TodayRaceInfo/RaceMarkTable?k_raceDate=1996%2F04%2F06&k_raceNo=8&k_babaCode=21,data/cache/html/19960406_kawasaki_8.html
19960406_kawasaki_9,1996-04-06,kawasaki,9,https://www.keiba.go.jp/KeibaWeb/TodayRaceInfo/RaceMarkTable?k_raceDate=1996%2F04%2F06&k_raceNo=9&k_babaCode=21,data/cache/html/19960406_kawasaki_9.html
19960406_kawasaki_10,1996-04-06,kawasaki,10,https://www.keiba.go.jp/KeibaWeb/TodayRaceInfo/RaceMarkTable?k_raceDate=1996%2F04%2F06&k_raceNo=10&k_babaCode=21,data/cache/html/19960406_kawasaki_10.html
19960406_kawasaki_11,1996-04-06,kawasaki,11,https://www.keiba.go.jp/KeibaWeb/TodayRaceInfo/RaceMarkTable?k_raceDate=1996%2F04%2F06&k_raceNo=11&k_babaCode=21,data/cache/html/19960406_kawasaki_11.html
19960406_kawasaki_12,1996-04-06,kawasaki,12,https://www.keiba.go.jp/KeibaWeb/TodayRaceInfo/RaceMarkTable?k_raceDate=1996%2F04%2F06&k_raceNo=12&k_babaCode=21,data/cache/html/19960406_kawasaki_12.html
19960405_kawasaki_1,1996-04-05,kawasaki,1,https://www.keiba.go.jp/KeibaWeb/TodayRaceInfo/RaceMarkTable?k_raceDate=1996%2F04%2F05&k_raceNo=1&k_babaCode=21,data/cache/html/19960405_kawasaki_1.html
19960405_kawasaki_2,1996-04-05,kawasaki,2,https://www.keiba.go.jp/KeibaWeb/TodayRaceInfo/RaceMarkTable?k_raceDate=1996%2F04%2F05&k_raceNo=2&k_babaCode=21,data/cache/html/19960405_kawasaki_2.html
19960405_kawasaki_3,1996-04-05,kawasaki,3,https://www.keiba.go.jp/KeibaWeb/TodayRaceInfo/RaceMarkTable?k_raceDate=1996%2F04%2F05&k_raceNo=3&k_babaCode=21,data/cache/html/19960405_kawasaki_3.html
19960405_kawasaki_4,1996-04-05,kawasaki,4,https://www.keiba.go.jp/KeibaWeb/TodayRaceInfo/RaceMarkTable?k_raceDate=1996%2F04%2F05&k_raceNo=4&k_babaCode=21,data/cache/html/19960405_kawasaki_4.html
19960405_kawasaki_5,1996-04-05,kawasaki,5,https://www.keiba.go.jp/KeibaWeb/TodayRaceInfo/RaceMarkTable?k_raceDate=1996%2F04%2F05&k_raceNo=5&k_babaCode=21,data/cache/html/19960405_kawasaki_5.html
19960405_kawasaki_6,1996-04-05,kawasaki,6,https://www.keiba.go.jp/KeibaWeb/TodayRaceInfo/RaceMarkTable?k_raceDate=1996%2F04%2F05&k_raceNo=6&k_babaCode=21,data/cache/html/19960405_kawasaki_6.html
19960405_kawasaki_7,1996-04-05,kawasaki,7,https://www.keiba.go.jp/KeibaWeb/TodayRaceInfo/RaceMarkTable?k_raceDate=1996%2F04%2F05&k_raceNo=7&k_babaCode=21,data/cache/html/19960405_kawasaki_7.html
19960405_kawasaki_8,1996-04-05,kawasaki,8,https://www.keiba.go.jp/KeibaWeb/TodayRaceInfo/RaceMarkTable?k_raceDate=1996%2F04%2F05&k_raceNo=8&k_babaCode=21,data/cache/html/19960405_kawasaki_8.html
19960405_kawasaki_9,1996-04-05,kawasaki,9,https://www.keiba.go.jp/KeibaWeb/TodayRaceInfo/RaceMarkTable?k_raceDate=1996%2F04%2F05&k_raceNo=9&k_babaCode=21,data/cache/html/19960405_kawasaki_9.html
19960405_kawasaki_10,1996-04-05,kawasaki,10,https://www.keiba.go.jp/KeibaWeb/TodayRaceInfo/RaceMarkTable?k_raceDate=1996%2F04%2F05&k_raceNo=10&k_babaCode=21,data/cache/html/19960405_kawasaki_10.html
19960405_kawasaki_11,1996-04-05,kawasaki,11,https://www.keiba.go.jp/KeibaWeb/TodayRaceInfo/RaceMarkTable?k_raceDate=1996%2F04%2F05&k_raceNo=11&k_babaCode=21,data/cache/html/19960405_kawasaki_11.html
19960405_kawasaki_12,1996-04-05,kawasaki,12,https://www.keiba.go.jp/KeibaWeb/TodayRaceInfo/RaceMarkTable?k_raceDate=1996%2F04%2F05&k_raceNo=12&k_babaCode=21,data/cache/html/19960405_kawasaki_12.html
19960404_kawasaki_1,1996-04-04,kawasaki,1,https://www.keiba.go.jp/KeibaWeb/TodayRaceInfo/RaceMarkTable?k_raceDate=1996%2F04%2F04&k_raceNo=1&k_babaCode=21,data/cache/html/19960404_kawasaki_1.html
19960404_kawasaki_2,1996-04-04,kawasaki,2,https://www.keiba.go.jp/KeibaWeb/TodayRaceInfo/RaceMarkTable?k_raceDate=1996%2F04%2F04&k_raceNo=2&k_babaCode=21,data/cache/html/19960404_kawasaki_2.html
19960404_kawasaki_3,1996-04-04,kawasaki,3,https://www.keiba.go.jp/KeibaWeb/TodayRaceInfo/RaceMarkTable?k_raceDate=1996%2F04%2F04&k_raceNo=3&k_babaCode=21,data/cache/html/19960404_kawasaki_3.html
19960404_kawasaki_4,1996-04-04,kawasaki,4,https://www.keiba.go.jp/KeibaWeb/TodayRaceInfo/RaceMarkTable?k_raceDate=1996%2F04%2F04&k_raceNo=4&k_babaCode=21,data/cache/html/19960404_kawasaki_4.html
19960404_kawasaki_5,1996-04-04,kawasaki,5,https://www.keiba.go.jp/KeibaWeb/TodayRaceInfo/RaceMarkTable?k_raceDate=1996%2F04%2F04&k_raceNo=5&k_babaCode=21,data/cache/html/19960404_kawasaki_5.html
19960404_kawasaki_6,1996-04-04,kawasaki,6,https://www.keiba.go.jp/KeibaWeb/TodayRaceInfo/RaceMarkTable?k_raceDate=1996%2F04%2F04&k_raceNo=6&k_babaCode=21,data/cache/html/19960404_kawasaki_6.html
19960404_kawasaki_7,1996-04-04,kawasaki,7,https://www.keiba.go.jp/KeibaWeb/TodayRaceInfo/RaceMarkTable?k_raceDate=1996%2F04%2F04&k_raceNo=7&k_babaCode=21,data/cache/html/19960404_kawasaki_7.html
19960404_kawasaki_8,1996-04-04,kawasaki,8,https://www.keiba.go.jp/KeibaWeb/TodayRaceInfo/RaceMarkTable?k_raceDate=1996%2F04%2F04&k_raceNo=8&k_babaCode=21,data/cache/html/19960404_kawasaki_8.html
19960404_kawasaki_9,1996-04-04,kawasaki,9,https://www.keiba.go.jp/KeibaWeb/TodayRaceInfo/RaceMarkTable?k_raceDate=1996%2F04%2F04&k_raceNo=9&k_babaCode=21,data/cache/html/19960404_kawasaki_9.html
19960404_kawasaki_10,1996-04-04,kawasaki,10,https://www.keiba.go.jp/KeibaWeb/TodayRaceInfo/RaceMarkTable?k_raceDate=1996%2F04%2F04&k_raceNo=10&k_babaCode=21,data/cache/html/19960404_kawasaki_10.html
19960404_kawasaki_11,1996-04-04,kawasaki,11,https://www.keiba.go.jp/KeibaWeb/TodayRaceInfo/RaceMarkTable?k_raceDate=1996%2F04%2F04&k_raceNo=11&k_babaCode=21,data/cache/html/19960404_kawasaki_11.html
19960404_kawasaki_12,1996-04-04,kawasaki,12,https://www.keiba.go.jp/KeibaWeb/TodayRaceInfo/RaceMarkTable?k_raceDate=1996%2F04%2F04&k_raceNo=12&k_babaCode=21,data/cache/html/19960404_kawasaki_12.html
19960403_kawasaki_1,1996-04-03,kawasaki,1,https://www.keiba.go.jp/KeibaWeb/TodayRaceInfo/RaceMarkTable?k_raceDate=1996%2F04%2F03&k_raceNo=1&k_babaCode=21,data/cache/html/19960403_kawasaki_1.html
19960403_kawasaki_2,1996-04-03,kawasaki,2,https://www.keiba.go.jp/KeibaWeb/TodayRaceInfo/RaceMarkTable?k_raceDate=1996%2F04%2F03&k_raceNo=2&k_babaCode=21,data/cache/html/19960403_kawasaki_2.html
19960403_kawasaki_3,1996-04-03,kawasaki,3,https://www.keiba.go.jp/KeibaWeb/TodayRaceInfo/RaceMarkTable?k_raceDate=1996%2F04%2F03&k_raceNo=3&k_babaCode=21,data/cache/html/19960403_kawasaki_3.html
19960403_kawasaki_4,1996-04-03,kawasaki,4,https://www.keiba.go.jp/KeibaWeb/TodayRaceInfo/RaceMarkTable?k_raceDate=1996%2F04%2F03&k_raceNo=4&k_babaCode=21,data/cache/html/19960403_kawasaki_4.html
19960403_kawasaki_5,1996-04-03,kawasaki,5,https://www.keiba.go.jp/KeibaWeb/TodayRaceInfo/RaceMarkTable?k_raceDate=1996%2F04%2F03&k_raceNo=5&k_babaCode=21,data/cache/html/19960403_kawasaki_5.html
19960403_kawasaki_6,1996-04-03,kawasaki,6,https://www.keiba.go.jp/KeibaWeb/TodayRaceInfo/RaceMarkTable?k_raceDate=1996%2F04%2F03&k_raceNo=6&k_babaCode=21,data/cache/html/19960403_kawasaki_6.html
19960403_kawasaki_7,1996-04-03,kawasaki,7,https://www.keiba.go.jp/KeibaWeb/TodayRaceInfo/RaceMarkTable?k_raceDate=1996%2F04%2F03&k_raceNo=7&k_babaCode=21,data/cache/html/19960403_kawasaki_7.html
19960403_kawasaki_8,1996-04-03,kawasaki,8,https://www.keiba.go.jp/KeibaWeb/TodayRaceInfo/RaceMarkTable?k_raceDate=1996%2F04%2F03&k_raceNo=8&k_babaCode=21,data/cache/html/19960403_kawasaki_8.html
19960403_kawasaki_9,1996-04-03,kawasaki,9,https://www.keiba.go.jp/KeibaWeb/TodayRaceInfo/RaceMarkTable?k_raceDate=1996%2F04%2F03&k_raceNo=9&k_babaCode=21,data/cache/html/19960403_kawasaki_9.html
19960403_kawasaki_10,1996-04-03,kawasaki,10,https://www.keiba.go.jp/KeibaWeb/TodayRaceInfo/RaceMarkTable?k_raceDate=1996%2F04%2F03&k_raceNo=10&k_babaCode=21,data/cache/html/19960403_kawasaki_10.html
19960403_kawasaki_11,1996-04-03,kawasaki,11,https://www.keiba.go.jp/KeibaWeb/TodayRaceInfo/RaceMarkTable?k_raceDate=1996%2F04%2F03&k_raceNo=11&k_babaCode=21,data/cache/html/19960403_kawasaki_11.html
19960403_kawasaki_12,1996-04-03,kawasaki,12,https://www.keiba.go.jp/KeibaWeb/TodayRaceInfo/RaceMarkTable?k_raceDate=1996%2F04%2F03&k_raceNo=12&k_babaCode=21,data/cache/html/19960403_kawasaki_12.html
19960402_kawasaki_1,1996-04-02,kawasaki,1,https://www.keiba.go.jp/KeibaWeb/TodayRaceInfo/RaceMarkTable?k_raceDate=1996%2F04%2F02&k_raceNo=1&k_babaCode=21,data/cache/html/19960402_kawasaki_1.html
19960402_kawasaki_2,1996-04-02,kawasaki,2,https://www.keiba.go.jp/KeibaWeb/TodayRaceInfo/RaceMarkTable?k_raceDate=1996%2F04%2F02&k_raceNo=2&k_babaCode=21,data/cache/html/19960402_kawasaki_2.html
19960402_kawasaki_3,1996-04-02,kawasaki,3,https://www.keiba.go.jp/KeibaWeb/TodayRaceInfo/RaceMarkTable?k_raceDate=1996%2F04%2F02&k_raceNo=3&k_babaCode=21,data/cache/html/19960402_kawasaki_3.html
19960402_kawasaki_4,1996-04-02,kawasaki,4,https://www.keiba.go.jp/KeibaWeb/TodayRaceInfo/RaceMarkTable?k_raceDate=1996%2F04%2F02&k_raceNo=4&k_babaCode=21,data/cache/html/19960402_kawasaki_4.html
19960402_kawasaki_5,1996-04-02,kawasaki,5,https://www.keiba.go.jp/KeibaWeb/TodayRaceInfo/RaceMarkTable?k_raceDate=1996%2F04%2F02&k_raceNo=5&k_babaCode=21,data/cache/html/19960402_kawasaki_5.html
19960402_kawasaki_6,1996-04-02,kawasaki,6,https://www.keiba.go.jp/KeibaWeb/TodayRaceInfo/RaceMarkTable?k_raceDate=1996%2F04%2F02&k_raceNo=6&k_babaCode=21,data/cache/html/19960402_kawasaki_6.html
19960402_kawasaki_7,1996-04-02,kawasaki,7,https://www.keiba.go.jp/KeibaWeb/TodayRaceInfo/RaceMarkTable?k_raceDate=1996%2F04%2F02&k_raceNo=7&k_babaCode=21,data/cache/html/19960402_kawasaki_7.html
19960402_kawasaki_8,1996-04-02,kawasaki,8,https://www.keiba.go.jp/KeibaWeb/TodayRaceInfo/RaceMarkTable?k_raceDate=1996%2F04%2F02&k_raceNo=8&k_babaCode=21,data/cache/html/19960402_kawasaki_8.html
19960402_kawasaki_9,1996-04-02,kawasaki,9,https://www.keiba.go.jp/KeibaWeb/TodayRaceInfo/RaceMarkTable?k_raceDate=1996%2F04%2F02&k_raceNo=9&k_babaCode=21,data/cache/html/19960402_kawasaki_9.html
19960402_kawasaki_10,1996-04-02,kawasaki,10,https://www.keiba.go.jp/KeibaWeb/TodayRaceInfo/RaceMarkTable?k_raceDate=1996%2F04%2F02&k_raceNo=10&k_babaCode=21,data/cache/html/19960402_kawasaki_10.html
19960402_kawasaki_11,1996-04-02,kawasaki,11,https://www.keiba.go.jp/KeibaWeb/TodayRaceInfo/RaceMarkTable?k_raceDate=1996%2F04%2F02&k_raceNo=11&k_babaCode=21,data/cache/html/19960402_kawasaki_11.html
19960402_kawasaki_12,1996-04-02,kawasaki,12,https://www.keiba.go.jp/KeibaWeb/TodayRaceInfo/RaceMarkTable?k_raceDate=1996%2F04%2F02&k_raceNo=12&k_babaCode=21,data/cache/html/19960402_kawasaki_12.html
19960401_kawasaki_1,1996-04-01,kawasaki,1,https://www.keiba.go.jp/KeibaWeb/TodayRaceInfo/RaceMarkTable?k_raceDate=1996%2F04%2F01&k_raceNo=1&k_babaCode=21,data/cache/html/19960401_kawasaki_1.html
19960401_kawasaki_2,1996-04-01,kawasaki,2,https://www.keiba.go.jp/KeibaWeb/TodayRaceInfo/RaceMarkTable?k_raceDate=1996%2F04%2F01&k_raceNo=2&k_babaCode=21,data/cache/html/19960401_kawasaki_2.html
19960401_kawasaki_3,1996-04-01,kawasaki,3,https://www.keiba.go.jp/KeibaWeb/TodayRaceInfo/RaceMarkTable?k_raceDate=1996%2F04%2F01&k_raceNo=3&k_babaCode=21,data/cache/html/19960401_kawasaki_3.html
19960401_kawasaki_4,1996-04-01,kawasaki,4,https://www.keiba.go.jp/KeibaWeb/TodayRaceInfo/RaceMarkTable?k_raceDate=1996%2F04%2F01&k_raceNo=4&k_babaCode=21,data/cache/html/19960401_kawasaki_4.html
19960401_kawasaki_5,1996-04-01,kawasaki,5,https://www.keiba.go.jp/KeibaWeb/TodayRaceInfo/RaceMarkTable?k_raceDate=1996%2F04%2F01&k_raceNo=5&k_babaCode=21,data/cache/html/19960401_kawasaki_5.html
19960401_kawasaki_6,1996-04-01,kawasaki,6,https://www.keiba.go.jp/KeibaWeb/TodayRaceInfo/RaceMarkTable?k_raceDate=1996%2F04%2F01&k_raceNo=6&k_babaCode=21,data/cache/html/19960401_kawasaki_6.html
19960401_kawasaki_7,1996-04-01,kawasaki,7,https://www.keiba.go.jp/KeibaWeb/TodayRaceInfo/RaceMarkTable?k_raceDate=1996%2F04%2F01&k_raceNo=7&k_babaCode=21,data/cache/html/19960401_kawasaki_7.html
19960401_kawasaki_8,1996-04-01,kawasaki,8,https://www.keiba.go.jp/KeibaWeb/TodayRaceInfo/RaceMarkTable?k_raceDate=1996%2F04%2F01&k_raceNo=8&k_babaCode=21,data/cache/html/19960401_kawasaki_8.html
19960401_kawasaki_9,1996-04-01,kawasaki,9,https://www.keiba.go.jp/KeibaWeb/TodayRaceInfo/RaceMarkTable?k_raceDate=1996%2F04%2F01&k_raceNo=9&k_babaCode=21,data/cache/html/19960401_kawasaki_9.html
19960401_kawasaki_10,1996-04-01,kawasaki,10,https://www.keiba.go.jp/KeibaWeb/TodayRaceInfo/RaceMarkTable?k_raceDate=1996%2F04%2F01&k_raceNo=10&k_babaCode=21,data/cache/html/19960401_kawasaki_10.html
19960401_kawasaki_11,1996-04-01,kawasaki,11,https://www.keiba.go.jp/KeibaWeb/TodayRaceInfo/RaceMarkTable?k_raceDate=1996%2F04%2F01&k_raceNo=11&k_babaCode=21,data/cache/html/19960401_kawasaki_11.html
19960401_kawasaki_12,1996-04-01,kawasaki,12,https://www.keiba.go.jp/KeibaWeb/TodayRaceInfo/RaceMarkTable?k_raceDate=1996%2F04%2F01&k_raceNo=12&k_babaCode=21,data/cache/html/19960401_kawasaki_12.html
19960331_kawasaki_1,1996-03-31,kawasaki,1,https://www.keiba.go.jp/KeibaWeb/TodayRaceInfo/RaceMarkTable?k_raceDate=1996%2F03%2F31&k_raceNo=1&k_babaCode=21,data/cache/html/19960331_kawasaki_1.html
19960331_kawasaki_2,1996-03-31,kawasaki,2,https://www.keiba.go.jp/KeibaWeb/TodayRaceInfo/RaceMarkTable?k_raceDate=1996%2F03%2F31&k_raceNo=2&k_babaCode=21,data/cache/html/19960331_kawasaki_2.html
19960331_kawasaki_3,1996-03-31,kawasaki,3,https://www.keiba.go.jp/KeibaWeb/TodayRaceInfo/RaceMarkTable?k_raceDate=1996%2F03%2F31&k_raceNo=3&k_babaCode=21,data/cache/html/19960331_kawasaki_3.html
19960331_kawasaki_4,1996-03-31,kawasaki,4,https://www.keiba.go.jp/KeibaWeb/TodayRaceInfo/RaceMarkTable?k_raceDate=1996%2F03%2F31&k_raceNo=4&k_babaCode=21,data/cache/html/19960331_kawasaki_4.html
19960331_kawasaki_5,1996-03-31,kawasaki,5,https://www.keiba.go.jp/KeibaWeb/TodayRaceInfo/RaceMarkTable?k_raceDate=1996%2F03%2F31&k_raceNo=5&k_babaCode=21,data/cache/html/19960331_kawasaki_5.html
19960331_kawasaki_6,1996-03-31,kawasaki,6,https://www.keiba.go.jp/KeibaWeb/TodayRaceInfo/RaceMarkTable?k_raceDate=1996%2F03%2F31&k_raceNo=6&k_babaCode=21,data/cache/html/19960331_kawasaki_6.html
19960331_kawasaki_7,1996-03-31,kawasaki,7,https://www.keiba.go.jp/KeibaWeb/TodayRaceInfo/RaceMarkTable?k_raceDate=1996%2F03%2F31&k_raceNo=7&k_babaCode=21,data/cache/html/19960331_kawasaki_7.html
19960331_kawasaki_8,1996-03-31,kawasaki,8,https://www.keiba.go.jp/KeibaWeb/TodayRaceInfo/RaceMarkTable?k_raceDate=1996%2F03%2F31&k_raceNo=8&k_babaCode=21,data/cache/html/19960331_kawasaki_8.html
19960331_kawasaki_9,1996-03-31,kawasaki,9,https://www.keiba.go.jp/KeibaWeb/TodayRaceInfo/RaceMarkTable?k_raceDate=1996%2F03%2F31&k_raceNo=9&k_babaCode=21,data/cache/html/19960331_kawasaki_9.html
19960331_kawasaki_10,1996-03-31,kawasaki,10,https://www.keiba.go.jp/KeibaWeb/TodayRaceInfo/RaceMarkTable?k_raceDate=1996%2F03%2F31&k_raceNo=10&k_babaCode=21,data/cache/html/19960331_kawasaki_10.html
19960331_kawasaki_11,1996-03-31,kawasaki,11,https://www.keiba.go.jp/KeibaWeb/TodayRaceInfo/RaceMarkTable?k_raceDate=1996%2F03%2F31&k_raceNo=11&k_babaCode=21,data/cache/html/19960331_kawasaki_11.html
19960331_kawasaki_12,1996-03-31,kawasaki,12,https://www.keiba.go.jp/KeibaWeb/TodayRaceInfo/RaceMarkTable?k_raceDate=1996%2F03%2F31&k_raceNo=12&k_babaCode=21,data/cache/html/19960331_kawasaki_12.html
19960330_kawasaki_1,1996-03-30,kawasaki,1,https://www.keiba.go.jp/KeibaWeb/TodayRaceInfo/RaceMarkTable?k_raceDate=1996%2F03%2F30&k_raceNo=1&k_babaCode=21,data/cache/html/19960330_kawasaki_1.html
19960330_kawasaki_2,1996-03-30,kawasaki,2,https://www.keiba.go.jp/KeibaWeb/TodayRaceInfo/RaceMarkTable?k_raceDate=1996%2F03%2F30&k_raceNo=2&k_babaCode=21,data/cache/html/19960330_kawasaki_2.html
19960330_kawasaki_3,1996-03-30,kawasaki,3,https://www.keiba.go.jp/KeibaWeb/TodayRaceInfo/RaceMarkTable?k_raceDate=1996%2F03%2F30&k_raceNo=3&k_babaCode=21,data/cache/html/19960330_kawasaki_3.html
19960330_kawasaki_4,1996-03-30,kawasaki,4,https://www.keiba.go.jp/KeibaWeb/TodayRaceInfo/RaceMarkTable?k_raceDate=1996%2F03%2F30&k_raceNo=4&k_babaCode=21,data/cache/html/19960330_kawasaki_4.html
19960330_kawasaki_5,1996-03-30,kawasaki,5,https://www.keiba.go.jp/KeibaWeb/TodayRaceInfo/RaceMarkTable?k_raceDate=1996%2F03%2F30&k_raceNo=5&k_babaCode=21,data/cache/html/19960330_kawasaki_5.html
19960330_kawasaki_6,1996-03-30,kawasaki,6,https://www.keiba.go.jp/KeibaWeb/TodayRaceInfo/RaceMarkTable?k_raceDate=1996%2F03%2F30&k_raceNo=6&k_babaCode=21,data/cache/html/19960330_kawasaki_6.html
19960330_kawasaki_7,1996-03-30,kawasaki,7,https://www.keiba.go.jp/KeibaWeb/TodayRaceInfo/RaceMarkTable?k_raceDate=1996%2F03%2F30&k_raceNo=7&k_babaCode=21,data/cache/html/19960330_kawasaki_7.html
19960330_kawasaki_8,1996-03-30,kawasaki,8,https://www.keiba.go.jp/KeibaWeb/TodayRaceInfo/RaceMarkTable?k_raceDate=1996%2F03%2F30&k_raceNo=8&k_babaCode=21,data/cache/html/19960330_kawasaki_8.html
19960330_kawasaki_9,1996-03-30,kawasaki,9,https://www.keiba.go.jp/KeibaWeb/TodayRaceInfo/RaceMarkTable?k_raceDate=1996%2F03%2F30&k_raceNo=9&k_babaCode=21,data/cache/html/19960330_kawasaki_9.html
19960330_kawasaki_10,1996-03-30,kawasaki,10,https://www.keiba.go.jp/KeibaWeb/TodayRaceInfo/RaceMarkTable?k_raceDate=1996%2F03%2F30&k_raceNo=10&k_babaCode=21,data/cache/html/19960330_kawasaki_10.html
19960330_kawasaki_11,1996-03-30,kawasaki,11,https://www.keiba.go.jp/KeibaWeb/TodayRaceInfo/RaceMarkTable?k_raceDate=1996%2F03%2F30&k_raceNo=11&k_babaCode=21,data/cache/html/19960330_kawasaki_11.html
19960330_kawasaki_12,1996-03-30,kawasaki,12,https://www.keiba.go.jp/KeibaWeb/TodayRaceInfo/RaceMarkTable?k_raceDate=1996%2F03%2F30&k_raceNo=12&k_babaCode=21,data/cache/html/19960330_kawasaki_12.html
19960329_kawasaki_1,1996-03-29,kawasaki,1,https://www.keiba.go.jp/KeibaWeb/TodayRaceInfo/RaceMarkTable?k_raceDate=1996%2F03%2F29&k_raceNo=1&k_babaCode=21,data/cache/html/19960329_kawasaki_1.html
19960329_kawasaki_2,1996-03-29,kawasaki,2,https://www.keiba.go.jp/KeibaWeb/TodayRaceInfo/RaceMarkTable?k_raceDate=1996%2F03%2F29&k_raceNo=2&k_babaCode=21,data/cache/html/19960329_kawasaki_2.html
19960329_kawasaki_3,1996-03-29,kawasaki,3,https://www.keiba.go.jp/KeibaWeb/TodayRaceInfo/RaceMarkTable?k_raceDate=1996%2F03%2F29&k_raceNo=3&k_babaCode=21,data/cache/html/19960329_kawasaki_3.html
19960329_kawasaki_4,1996-03-29,kawasaki,4,https://www.keiba.go.jp/KeibaWeb/TodayRaceInfo/RaceMarkTable?k_raceDate=1996%2F03%2F29&k_raceNo=4&k_babaCode=21,data/cache/html/19960329_kawasaki_4.html
19960329_kawasaki_5,1996-03-29,kawasaki,5,https://www.keiba.go.jp/KeibaWeb/TodayRaceInfo/RaceMarkTable?k_raceDate=1996%2F03%2F29&k_raceNo=5&k_babaCode=21,data/cache/html/19960329_kawasaki_5.html
19960329_kawasaki_6,1996-03-29,kawasaki,6,https://www.keiba.go.jp/KeibaWeb/TodayRaceInfo/RaceMarkTable?k_raceDate=1996%2F03%2F29&k_raceNo=6&k_babaCode=21,data/cache/html/19960329_kawasaki_6.html
19960329_kawasaki_7,1996-03-29,kawasaki,7,https://www.keiba.go.jp/KeibaWeb/TodayRaceInfo/RaceMarkTable?k_raceDate=1996%2F03%2F29&k_raceNo=7&k_babaCode=21,data/cache/html/19960329_kawasaki_7.html
19960329_kawasaki_8,1996-03-29,kawasaki,8,https://www.keiba.go.jp/KeibaWeb/TodayRaceInfo/RaceMarkTable?k_raceDate=1996%2F03%2F29&k_raceNo=8&k_babaCode=21,data/cache/html/19960329_kawasaki_8.html
19960329_kawasaki_9,1996-03-29,kawasaki,9,https://www.keiba.go.jp/KeibaWeb/TodayRaceInfo/RaceMarkTable?k_raceDate=1996%2F03%2F29&k_raceNo=9&k_babaCode=21,data/cache/html/19960329_kawasaki_9.html
19960329_kawasaki_10,1996-03-29,kawasaki,10,https://www.keiba.go.jp/KeibaWeb/TodayRaceInfo/RaceMarkTable?k_raceDate=1996%2F03%2F29&k_raceNo=10&k_babaCode=21,data/cache/html/19960329_kawasaki_10.html
19960329_kawasaki_11,1996-03-29,kawasaki,11,https://www.keiba.go.jp/KeibaWeb/TodayRaceInfo/RaceMarkTable?k_raceDate=1996%2F03%2F29&k_raceNo=11&k_babaCode=21,data/cache/html/19960329_kawasaki_11.html
19960329_kawasaki_12,1996-03-29,kawasaki,12,https://www.keiba.go.jp/KeibaWeb/TodayRaceInfo/RaceMarkTable?k_raceDate=1996%2F03%2F29&k_raceNo=12&k_babaCode=21,data/cache/html/19960329_kawasaki_12.html
19960328_kawasaki_1,1996-03-28,kawasaki,1,https://www.keiba.go.jp/KeibaWeb/TodayRaceInfo/RaceMarkTable?k_raceDate=1996%2F03%2F28&k_raceNo=1&k_babaCode=21,data/cache/html/19960328_kawasaki_1.html
19960328_kawasaki_2,1996-03-28,kawasaki,2,https://www.keiba.go.jp/KeibaWeb/TodayRaceInfo/RaceMarkTable?k_raceDate=1996%2F03%2F28&k_raceNo=2&k_babaCode=21,data/cache/html/19960328_kawasaki_2.html
19960328_kawasaki_3,1996-03-28,kawasaki,3,https://www.keiba.go.jp/KeibaWeb/TodayRaceInfo/RaceMarkTable?k_raceDate=1996%2F03%2F28&k_raceNo=3&k_babaCode=21,data/cache/html/19960328_kawasaki_3.html
19960328_kawasaki_4,1996-03-28,kawasaki,4,https://www.keiba.go.jp/KeibaWeb/TodayRaceInfo/RaceMarkTable?k_raceDate=1996%2F03%2F28&k_raceNo=4&k_babaCode=21,data/cache/html/19960328_kawasaki_4.html
19960328_kawasaki_5,1996-03-28,kawasaki,5,https://www.keiba.go.jp/KeibaWeb/TodayRaceInfo/RaceMarkTable?k_raceDate=1996%2F03%2F28&k_raceNo=5&k_babaCode=21,data/cache/html/19960328_kawasaki_5.html
19960328_kawasaki_6,1996-03-28,kawasaki,6,https://www.keiba.go.jp/KeibaWeb/TodayRaceInfo/RaceMarkTable?k_raceDate=1996%2F03%2F28&k_raceNo=6&k_babaCode=21,data/cache/html/19960328_kawasaki_6.html
19960328_kawasaki_7,1996-03-28,kawasaki,7,https://www.keiba.go.jp/KeibaWeb/TodayRaceInfo/RaceMarkTable?k_raceDate=1996%2F03%2F28&k_raceNo=7&k_babaCode=21,data/cache/html/19960328_kawasaki_7.html
19960328_kawasaki_8,1996-03-28,kawasaki,8,https://www.keiba.go.jp/KeibaWeb/TodayRaceInfo/RaceMarkTable?k_raceDate=1996%2F03%2F28&k_raceNo=8&k_babaCode=21,data/cache/html/19960328_kawasaki_8.html
19960328_kawasaki_9,1996-03-28,kawasaki,9,https://www.keiba.go.jp/KeibaWeb/TodayRaceInfo/RaceMarkTable?k_raceDate=1996%2F03%2F28&k_raceNo=9&k_babaCode=21,data/cache/html/19960328_kawasaki_9.html
19960328_kawasaki_10,1996-03-28,kawasaki,10,https://www.keiba.go.jp/KeibaWeb/TodayRaceInfo/RaceMarkTable?k_raceDate=1996%2F03%2F28&k_raceNo=10&k_babaCode=21,data/cache/html/19960328_kawasaki_10.html
19960328_kawasaki_11,1996-03-28,kawasaki,11,https://www.keiba.go.jp/KeibaWeb/TodayRaceInfo/RaceMarkTable?k_raceDate=1996%2F03%2F28&k_raceNo=11&k_babaCode=21,data/cache/html/19960328_kawasaki_11.html
19960328_kawasaki_12,1996-03-28,kawasaki,12,https://www.keiba.go.jp/KeibaWeb/TodayRaceInfo/RaceMarkTable?k_raceDate=1996%2F03%2F28&k_raceNo=12&k_babaCode=21,data/cache/html/19960328_kawasaki_12.html
19960327_kawasaki_1,1996-03-27,kawasaki,1,https://www.keiba.go.jp/KeibaWeb/TodayRaceInfo/RaceMarkTable?k_raceDate=1996%2F03%2F27&k_raceNo=1&k_babaCode=21,data/cache/html/19960327_kawasaki_1.html
19960327_kawasaki_2,1996-03-27,kawasaki,2,https://www.keiba.go.jp/KeibaWeb/TodayRaceInfo/RaceMarkTable?k_raceDate=1996%2F03%2F27&k_raceNo=2&k_babaCode=21,data/cache/html/19960327_kawasaki_2.html
19960327_kawasaki_3,1996-03-27,kawasaki,3,https://www.keiba.go.jp/KeibaWeb/TodayRaceInfo/RaceMarkTable?k_raceDate=1996%2F03%2F27&k_raceNo=3&k_babaCode=21,data/cache/html/19960327_kawasaki_3.html
19960327_kawasaki_4,1996-03-27,kawasaki,4,https://www.keiba.go.jp/KeibaWeb/TodayRaceInfo/RaceMarkTable?k_raceDate=1996%2F03%2F27&k_raceNo=4&k_babaCode=21,data/cache/html/19960327_kawasaki_4.html
19960327_kawasaki_5,1996-03-27,kawasaki,5,https://www.keiba.go.jp/KeibaWeb/TodayRaceInfo/RaceMarkTable?k_raceDate=1996%2F03%2F27&k_raceNo=5&k_babaCode=21,data/cache/html/19960327_kawasaki_5.html
19960327_kawasaki_6,1996-03-27,kawasaki,6,https://www.keiba.go.jp/KeibaWeb/TodayRaceInfo/RaceMarkTable?k_raceDate=1996%2F03%2F27&k_raceNo=6&k_babaCode=21,data/cache/html/19960327_kawasaki_6.html
19960327_kawasaki_7,1996-03-27,kawasaki,7,https://www.keiba.go.jp/KeibaWeb/TodayRaceInfo/RaceMarkTable?k_raceDate=1996%2F03%2F27&k_raceNo=7&k_babaCode=21,data/cache/html/19960327_kawasaki_7.html
19960327_kawasaki_8,1996-03-27,kawasaki,8,https://www.keiba.go.jp/KeibaWeb/TodayRaceInfo/RaceMarkTable?k_raceDate=1996%2F03%2F27&k_raceNo=8&k_babaCode=21,data/cache/html/19960327_kawasaki_8.html
19960327_kawasaki_9,1996-03-27,kawasaki,9,https://www.keiba.go.jp/KeibaWeb/TodayRaceInfo/RaceMarkTable?k_raceDate=1996%2F03%2F27&k_raceNo=9&k_babaCode=21,data/cache/html/19960327_kawasaki_9.html
19960327_kawasaki_10,1996-03-27,kawasaki,10,https://www.keiba.go.jp/KeibaWeb/TodayRaceInfo/RaceMarkTable?k_raceDate=1996%2F03%2F27&k_raceNo=10&k_babaCode=21,data/cache/html/19960327_kawasaki_10.html
19960327_kawasaki_11,1996-03-27,kawasaki,11,https://www.keiba.go.jp/KeibaWeb/TodayRaceInfo/RaceMarkTable?k_raceDate=1996%2F03%2F27&k_raceNo=11&k_babaCode=21,data/cache/html/19960327_kawasaki_11.html
19960327_kawasaki_12,1996-03-27,kawasaki,12,https://www.keiba.go.jp/KeibaWeb/TodayRaceInfo/RaceMarkTable?k_raceDate=1996%2F03%2F27&k_raceNo=12&k_babaCode=21,data/cache/html/19960327_kawasaki_12.html
19960326_kawasaki_1,1996-03-26,kawasaki,1,https://www.keiba.go.jp/KeibaWeb/TodayRaceInfo/RaceMarkTable?k_raceDate=1996%2F03%2F26&k_raceNo=1&k_babaCode=21,data/cache/html/19960326_kawasaki_1.html
19960326_kawasaki_2,1996-03-26,kawasaki,2,https://www.keiba.go.jp/KeibaWeb/TodayRaceInfo/RaceMarkTable?k_raceDate=1996%2F03%2F26&k_raceNo=2&k_babaCode=21,data/cache/html/19960326_kawasaki_2.html
19960326_kawasaki_3,1996-03-26,kawasaki,3,https://www.keiba.go.jp/KeibaWeb/TodayRaceInfo/RaceMarkTable?k_raceDate=1996%2F03%2F26&k_raceNo=3&k_babaCode=21,data/cache/html/19960326_kawasaki_3.html
19960326_kawasaki_4,1996-03-26,kawasaki,4,https://www.keiba.go.jp/KeibaWeb/TodayRaceInfo/RaceMarkTable?k_raceDate=1996%2F03%2F26&k_raceNo=4&k_babaCode=21,data/cache/html/19960326_kawasaki_4.html
19960326_kawasaki_5,1996-03-26,kawasaki,5,https://www.keiba.go.jp/KeibaWeb/TodayRaceInfo/RaceMarkTable?k_raceDate=1996%2F03%2F26&k_raceNo=5&k_babaCode=21,data/cache/html/19960326_kawasaki_5.html
19960326_kawasaki_6,1996-03-26,kawasaki,6,https://www.keiba.go.jp/KeibaWeb/TodayRaceInfo/RaceMarkTable?k_raceDate=1996%2F03%2F26&k_raceNo=6&k_babaCode=21,data/cache/html/19960326_kawasaki_6.html
19960326_kawasaki_7,1996-03-26,kawasaki,7,https://www.keiba.go.jp/KeibaWeb/TodayRaceInfo/RaceMarkTable?k_raceDate=1996%2F03%2F26&k_raceNo=7&k_babaCode=21,data/cache/html/19960326_kawasaki_7.html
19960326_kawasaki_8,1996-03-26,kawasaki,8,https://www.keiba.go.jp/KeibaWeb/TodayRaceInfo/RaceMarkTable?k_raceDate=1996%2F03%2F26&k_raceNo=8&k_babaCode=21,data/cache/html/19960326_kawasaki_8.html
19960326_kawasaki_9,1996-03-26,kawasaki,9,https://www.keiba.go.jp/KeibaWeb/TodayRaceInfo/RaceMarkTable?k_raceDate=1996%2F03%2F26&k_raceNo=9&k_babaCode=21,data/cache/html/19960326_kawasaki_9.html
19960326_kawasaki_10,1996-03-26,kawasaki,10,https://www.keiba.go.jp/KeibaWeb/TodayRaceInfo/RaceMarkTable?k_raceDate=1996%2F03%2F26&k_raceNo=10&k_babaCode=21,data/cache/html/19960326_kawasaki_10.html
19960326_kawasaki_11,1996-03-26,kawasaki,11,https://www.keiba.go.jp/KeibaWeb/TodayRaceInfo/RaceMarkTable?k_raceDate=1996%2F03%2F26&k_raceNo=11&k_babaCode=21,data/cache/html/19960326_kawasaki_11.html
19960326_kawasaki_12,1996-03-26,kawasaki,12,https://www.keiba.go.jp/KeibaWeb/TodayRaceInfo/RaceMarkTable?k_raceDate=1996%2F03%2F26&k_raceNo=12&k_babaCode=21,data/cache/html/19960326_kawasaki_12.html
19960325_kawasaki_1,1996-03-25,kawasaki,1,https://www.keiba.go.jp/KeibaWeb/TodayRaceInfo/RaceMarkTable?k_raceDate=1996%2F03%2F25&k_raceNo=1&k_babaCode=21,data/cache/html/19960325_kawasaki_1.html
19960325_kawasaki_2,1996-03-25,kawasaki,2,https://www.keiba.go.jp/KeibaWeb/TodayRaceInfo/RaceMarkTable?k_raceDate=1996%2F03%2F25&k_raceNo=2&k_babaCode=21,data/cache/html/19960325_kawasaki_2.html
19960325_kawasaki_3,1996-03-25,kawasaki,3,https://www.keiba.go.jp/KeibaWeb/TodayRaceInfo/RaceMarkTable?k_raceDate=1996%2F03%2F25&k_raceNo=3&k_babaCode=21,data/cache/html/19960325_kawasaki_3.html
19960325_kawasaki_4,1996-03-25,kawasaki,4,https://www.keiba.go.jp/KeibaWeb/TodayRaceInfo/RaceMarkTable?k_raceDate=1996%2F03%2F25&k_raceNo=4&k_babaCode=21,data/cache/html/19960325_kawasaki_4.html
19960325_kawasaki_5,1996-03-25,kawasaki,5,https://www.keiba.go.jp/KeibaWeb/TodayRaceInfo/RaceMarkTable?k_raceDate=1996%2F03%2F25&k_raceNo=5&k_babaCode=21,data/cache/html/19960325_kawasaki_5.html
19960325_kawasaki_6,1996-03-25,kawasaki,6,https://www.keiba.go.jp/KeibaWeb/TodayRaceInfo/RaceMarkTable?k_raceDate=1996%2F03%2F25&k_raceNo=6&k_babaCode=21,data/cache/html/19960325_kawasaki_6.html
19960325_kawasaki_7,1996-03-25,kawasaki,7,https://www.keiba.go.jp/KeibaWeb/TodayRaceInfo/RaceMarkTable?k_raceDate=1996%2F03%2F25&k_raceNo=7&k_babaCode=21,data/cache/html/19960325_kawasaki_7.html
19960325_kawasaki_8,1996-03-25,kawasaki,8,https://www.keiba.go.jp/KeibaWeb/TodayRaceInfo/RaceMarkTable?k_raceDate=1996%2F03%2F25&k_raceNo=8&k_babaCode=21,data/cache/html/19960325_kawasaki_8.html
19960325_kawasaki_9,1996-03-25,kawasaki,9,https://www.keiba.go.jp/KeibaWeb/TodayRaceInfo/RaceMarkTable?k_raceDate=1996%2F03%2F25&k_raceNo=9&k_babaCode=21,data/cache/html/19960325_kawasaki_9.html
19960325_kawasaki_10,1996-03-25,kawasaki,10,https://www.keiba.go.jp/KeibaWeb/TodayRaceInfo/RaceMarkTable?k_raceDate=1996%2F03%2F25&k_raceNo=10&k_babaCode=21,data/cache/html/19960325_kawasaki_10.html
19960325_kawasaki_11,1996-03-25,kawasaki,11,https://www.keiba.go.jp/KeibaWeb/TodayRaceInfo/RaceMarkTable?k_raceDate=1996%2F03%2F25&k_raceNo=11&k_babaCode=21,data/cache/html/19960325_kawasaki_11.html
19960325_kawasaki_12,1996-03-25,kawasaki,12,https://www.keiba.go.jp/KeibaWeb/TodayRaceInfo/RaceMarkTable?k_raceDate=1996%2F03%2F25&k_raceNo=12&k_babaCode=21,data/cache/html/19960325_kawasaki_12.html
19960324_kawasaki_1,1996-03-24,kawasaki,1,https://www.keiba.go.jp/KeibaWeb/TodayRaceInfo/RaceMarkTable?k_raceDate=1996%2F03%2F24&k_raceNo=1&k_babaCode=21,data/cache/html/19960324_kawasaki_1.html
19960324_kawasaki_2,1996-03-24,kawasaki,2,https://www.keiba.go.jp/KeibaWeb/TodayRaceInfo/RaceMarkTable?k_raceDate=1996%2F03%2F24&k_raceNo=2&k_babaCode=21,data/cache/html/19960324_kawasaki_2.html
19960324_kawasaki_3,1996-03-24,kawasaki,3,https://www.keiba.go.jp/KeibaWeb/TodayRaceInfo/RaceMarkTable?k_raceDate=1996%2F03%2F24&k_raceNo=3&k_babaCode=21,data/cache/html/19960324_kawasaki_3.html
19960324_kawasaki_4,1996-03-24,kawasaki,4,https://www.keiba.go.jp/KeibaWeb/TodayRaceInfo/RaceMarkTable?k_raceDate=1996%2F03%2F24&k_raceNo=4&k_babaCode=21,data/cache/html/19960324_kawasaki_4.html
19960324_kawasaki_5,1996-03-24,kawasaki,5,https://www.keiba.go.jp/KeibaWeb/TodayRaceInfo/RaceMarkTable?k_raceDate=1996%2F03%2F24&k_raceNo=5&k_babaCode=21,data/cache/html/19960324_kawasaki_5.html
19960324_kawasaki_6,1996-03-24,kawasaki,6,https://www.keiba.go.jp/KeibaWeb/TodayRaceInfo/RaceMarkTable?k_raceDate=1996%2F03%2F24&k_raceNo=6&k_babaCode=21,data/cache/html/19960324_kawasaki_6.html
19960324_kawasaki_7,1996-03-24,kawasaki,7,https://www.keiba.go.jp/KeibaWeb/TodayRaceInfo/RaceMarkTable?k_raceDate=1996%2F03%2F24&k_raceNo=7&k_babaCode=21,data/cache/html/19960324_kawasaki_7.html
19960324_kawasaki_8,1996-03-24,kawasaki,8,https://www.keiba.go.jp/KeibaWeb/TodayRaceInfo/RaceMarkTable?k_raceDate=1996%2F03%2F24&k_raceNo=8&k_babaCode=21,data/cache/html/19960324_kawasaki_8.html
19960324_kawasaki_9,1996-03-24,kawasaki,9,https://www.keiba.go.jp/KeibaWeb/TodayRaceInfo/RaceMarkTable?k_raceDate=1996%2F03%2F24&k_raceNo=9&k_babaCode=21,data/cache/html/19960324_kawasaki_9.html
19960324_kawasaki_10,1996-03-24,kawasaki,10,https://www.keiba.go.jp/KeibaWeb/TodayRaceInfo/RaceMarkTable?k_raceDate=1996%2F03%2F24&k_raceNo=10&k_babaCode=21,data/cache/html/19960324_kawasaki_10.html
19960324_kawasaki_11,1996-03-24,kawasaki,11,https://www.keiba.go.jp/KeibaWeb/TodayRaceInfo/RaceMarkTable?k_raceDate=1996%2F03%2F24&k_raceNo=11&k_babaCode=21,data/cache/html/19960324_kawasaki_11.html
19960324_kawasaki_12,1996-03-24,kawasaki,12,https://www.keiba.go.jp/KeibaWeb/TodayRaceInfo/RaceMarkTable?k_raceDate=1996%2F03%2F24&k_raceNo=12&k_babaCode=21,data/cache/html/19960324_kawasaki_12.html
19960323_kawasaki_1,1996-03-23,kawasaki,1,https://www.keiba.go.jp/KeibaWeb/TodayRaceInfo/RaceMarkTable?k_raceDate=1996%2F03%2F23&k_raceNo=1&k_babaCode=21,data/cache/html/19960323_kawasaki_1.html
19960323_kawasaki_2,1996-03-23,kawasaki,2,https://www.keiba.go.jp/KeibaWeb/TodayRaceInfo/RaceMarkTable?k_raceDate=1996%2F03%2F23&k_raceNo=2&k_babaCode=21,data/cache/html/19960323_kawasaki_2.html
19960323_kawasaki_3,1996-03-23,kawasaki,3,https://www.keiba.go.jp/KeibaWeb/TodayRaceInfo/RaceMarkTable?k_raceDate=1996%2F03%2F23&k_raceNo=3&k_babaCode=21,data/cache/html/19960323_kawasaki_3.html
19960323_kawasaki_4,1996-03-23,kawasaki,4,https://www.keiba.go.jp/KeibaWeb/TodayRaceInfo/RaceMarkTable?k_raceDate=1996%2F03%2F23&k_raceNo=4&k_babaCode=21,data/cache/html/19960323_kawasaki_4.html
19960323_kawasaki_5,1996-03-23,kawasaki,5,https://www.keiba.go.jp/KeibaWeb/TodayRaceInfo/RaceMarkTable?k_raceDate=1996%2F03%2F23&k_raceNo=5&k_babaCode=21,data/cache/html/19960323_kawasaki_5.html
19960323_kawasaki_6,1996-03-23,kawasaki,6,https://www.keiba.go.jp/KeibaWeb/TodayRaceInfo/RaceMarkTable?k_raceDate=1996%2F03%2F23&k_raceNo=6&k_babaCode=21,data/cache/html/19960323_kawasaki_6.html
19960323_kawasaki_7,1996-03-23,kawasaki,7,https://www.keiba.go.jp/KeibaWeb/TodayRaceInfo/RaceMarkTable?k_raceDate=1996%2F03%2F23&k_raceNo=7&k_babaCode=21,data/cache/html/19960323_kawasaki_7.html
19960323_kawasaki_8,1996-03-23,kawasaki,8,https://www.keiba.go.jp/KeibaWeb/TodayRaceInfo/RaceMarkTable?k_raceDate=1996%2F03%2F23&k_raceNo=8&k_babaCode=21,data/cache/html/19960323_kawasaki_8.html
19960323_kawasaki_9,1996-03-23,kawasaki,9,https://www.keiba.go.jp/KeibaWeb/TodayRaceInfo/RaceMarkTable?k_raceDate=1996%2F03%2F23&k_raceNo=9&k_babaCode=21,data/cache/html/19960323_kawasaki_9.html
19960323_kawasaki_10,1996-03-23,kawasaki,10,https://www.keiba.go.jp/KeibaWeb/TodayRaceInfo/RaceMarkTable?k_raceDate=1996%2F03%2F23&k_raceNo=10&k_babaCode=21,data/cache/html/19960323_kawasaki_10.html
19960323_kawasaki_11,1996-03-23,kawasaki,11,https://www.keiba.go.jp/KeibaWeb/TodayRaceInfo/RaceMarkTable?k_raceDate=1996%2F03%2F23&k_raceNo=11&k_babaCode=21,data/cache/html/19960323_kawasaki_11.html
19960323_kawasaki_12,1996-03-23,kawasaki,12,https://www.keiba.go.jp/KeibaWeb/TodayRaceInfo/RaceMarkTable?k_raceDate=1996%2F03%2F23&k_raceNo=12&k_babaCode=21,data/cache/html/19960323_kawasaki_12.html
19960322_kawasaki_1,1996-03-22,kawasaki,1,https://www.keiba.go.jp/KeibaWeb/TodayRaceInfo/RaceMarkTable?k_raceDate=1996%2F03%2F22&k_raceNo=1&k_babaCode=21,data/cache/html/19960322_kawasaki_1.html
19960322_kawasaki_2,1996-03-22,kawasaki,2,https://www.keiba.go.jp/KeibaWeb/TodayRaceInfo/RaceMarkTable?k_raceDate=1996%2F03%2F22&k_raceNo=2&k_babaCode=21,data/cache/html/19960322_kawasaki_2.html
19960322_kawasaki_3,1996-03-22,kawasaki,3,https://www.keiba.go.jp/KeibaWeb/TodayRaceInfo/RaceMarkTable?k_raceDate=1996%2F03%2F22&k_raceNo=3&k_babaCode=21,data/cache/html/19960322_kawasaki_3.html
19960322_kawasaki_4,1996-03-22,kawasaki,4,https://www.keiba.go.jp/KeibaWeb/TodayRaceInfo/RaceMarkTable?k_raceDate=1996%2F03%2F22&k_raceNo=4&k_babaCode=21,data/cache/html/19960322_kawasaki_4.html
19960322_kawasaki_5,1996-03-22,kawasaki,5,https://www.keiba.go.jp/KeibaWeb/TodayRaceInfo/RaceMarkTable?k_raceDate=1996%2F03%2F22&k_raceNo=5&k_babaCode=21,data/cache/html/19960322_kawasaki_5.html
19960322_kawasaki_6,1996-03-22,kawasaki,6,https://www.keiba.go.jp/KeibaWeb/TodayRaceInfo/RaceMarkTable?k_raceDate=1996%2F03%2F22&k_raceNo=6&k_babaCode=21,data/cache/html/19960322_kawasaki_6.html
19960322_kawasaki_7,1996-03-22,kawasaki,7,https://www.keiba.go.jp/KeibaWeb/TodayRaceInfo/RaceMarkTable?k_raceDate=1996%2F03%2F22&k_raceNo=7&k_babaCode=21,data/cache/html/19960322_kawasaki_7.html
19960322_kawasaki_8,1996-03-22,kawasaki,8,https://www.keiba.go.jp/KeibaWeb/TodayRaceInfo/RaceMarkTable?k_raceDate=1996%2F03%2F22&k_raceNo=8&k_babaCode=21,data/cache/html/19960322_kawasaki_8.html
19960322_kawasaki_9,1996-03-22,kawasaki,9,https://www.keiba.go.jp/KeibaWeb/TodayRaceInfo/RaceMarkTable?k_raceDate=1996%2F03%2F22&k_raceNo=9&k_babaCode=21,data/cache/html/19960322_kawasaki_9.html
19960322_kawasaki_10,1996-03-22,kawasaki,10,https://www.keiba.go.jp/KeibaWeb/TodayRaceInfo/RaceMarkTable?k_raceDate=1996%2F03%2F22&k_raceNo=10&k_babaCode=21,data/cache/html/19960322_kawasaki_10.html
19960322_kawasaki_11,1996-03-22,kawasaki,11,https://www.keiba.go.jp/KeibaWeb/TodayRaceInfo/RaceMarkTable?k_raceDate=1996%2F03%2F22&k_raceNo=11&k_babaCode=21,data/cache/html/19960322_kawasaki_11.html
19960322_kawasaki_12,1996-03-22,kawasaki,12,https://www.keiba.go.jp/KeibaWeb/TodayRaceInfo/RaceMarkTable?k_raceDate=1996%2F03%2F22&k_raceNo=12&k_babaCode=21,data/cache/html/19960322_kawasaki_12.html
19960321_kawasaki_1,1996-03-21,kawasaki,1,https://www.keiba.go.jp/KeibaWeb/TodayRaceInfo/RaceMarkTable?k_raceDate=1996%2F03%2F21&k_raceNo=1&k_babaCode=21,data/cache/html/19960321_kawasaki_1.html
19960321_kawasaki_2,1996-03-21,kawasaki,2,https://www.keiba.go.jp/KeibaWeb/TodayRaceInfo/RaceMarkTable?k_raceDate=1996%2F03%2F21&k_raceNo=2&k_babaCode=21,data/cache/html/19960321_kawasaki_2.html
19960321_kawasaki_3,1996-03-21,kawasaki,3,https://www.keiba.go.jp/KeibaWeb/TodayRaceInfo/RaceMarkTable?k_raceDate=1996%2F03%2F21&k_raceNo=3&k_babaCode=21,data/cache/html/19960321_kawasaki_3.html
19960321_kawasaki_4,1996-03-21,kawasaki,4,https://www.keiba.go.jp/KeibaWeb/TodayRaceInfo/RaceMarkTable?k_raceDate=1996%2F03%2F21&k_raceNo=4&k_babaCode=21,data/cache/html/19960321_kawasaki_4.html
19960321_kawasaki_5,1996-03-21,kawasaki,5,https://www.keiba.go.jp/KeibaWeb/TodayRaceInfo/RaceMarkTable?k_raceDate=1996%2F03%2F21&k_raceNo=5&k_babaCode=21,data/cache/html/19960321_kawasaki_5.html
19960321_kawasaki_6,1996-03-21,kawasaki,6,https://www.keiba.go.jp/KeibaWeb/TodayRaceInfo/RaceMarkTable?k_raceDate=1996%2F03%2F21&k_raceNo=6&k_babaCode=21,data/cache/html/19960321_kawasaki_6.html
19960321_kawasaki_7,1996-03-21,kawasaki,7,https://www.keiba.go.jp/KeibaWeb/TodayRaceInfo/RaceMarkTable?k_raceDate=1996%2F03%2F21&k_raceNo=7&k_babaCode=21,data/cache/html/19960321_kawasaki_7.html
19960321_kawasaki_8,1996-03-21,kawasaki,8,https://www.keiba.go.jp/KeibaWeb/TodayRaceInfo/RaceMarkTable?k_raceDate=1996%2F03%2F21&k_raceNo=8&k_babaCode=21,data/cache/html/19960321_kawasaki_8.html
19960321_kawasaki_9,1996-03-21,kawasaki,9,https://www.keiba.go.jp/KeibaWeb/TodayRaceInfo/RaceMarkTable?k_raceDate=1996%2F03%2F21&k_raceNo=9&k_babaCode=21,data/cache/html/19960321_kawasaki_9.html
19960321_kawasaki_10,1996-03-21,kawasaki,10,https://www.keiba.go.jp/KeibaWeb/TodayRaceInfo/RaceMarkTable?k_raceDate=1996%2F03%2F21&k_raceNo=10&k_babaCode=21,data/cache/html/19960321_kawasaki_10.html
19960321_kawasaki_11,1996-03-21,kawasaki,11,https://www.keiba.go.jp/KeibaWeb/TodayRaceInfo/RaceMarkTable?k_raceDate=1996%2F03%2F21&k_raceNo=11&k_babaCode=21,data/cache/html/19960321_kawasaki_11.html
19960321_kawasaki_12,1996-03-21,kawasaki,12,https://www.keiba.go.jp/KeibaWeb/TodayRaceInfo/RaceMarkTable?k_raceDate=1996%2F03%2F21&k_raceNo=12&k_babaCode=21,data/cache/html/19960321_kawasaki_12.html
19960320_kawasaki_1,1996-03-20,kawasaki,1,https://www.keiba.go.jp/KeibaWeb/TodayRaceInfo/RaceMarkTable?k_raceDate=1996%2F03%2F20&k_raceNo=1&k_babaCode=21,data/cache/html/19960320_kawasaki_1.html
19960320_kawasaki_2,1996-03-20,kawasaki,2,https://www.keiba.go.jp/KeibaWeb/TodayRaceInfo/RaceMarkTable?k_raceDate=1996%2F03%2F20&k_raceNo=2&k_babaCode=21,data/cache/html/19960320_kawasaki_2.html
19960320_kawasaki_3,1996-03-20,kawasaki,3,https://www.keiba.go.jp/KeibaWeb/TodayRaceInfo/RaceMarkTable?k_raceDate=1996%2F03%2F20&k_raceNo=3&k_babaCode=21,data/cache/html/19960320_kawasaki_3.html
19960320_kawasaki_4,1996-03-20,kawasaki,4,https://www.keiba.go.jp/KeibaWeb/TodayRaceInfo/RaceMarkTable?k_raceDate=1996%2F03%2F20&k_raceNo=4&k_babaCode=21,data/cache/html/19960320_kawasaki_4.html
19960320_kawasaki_5,1996-03-20,kawasaki,5,https://www.keiba.go.jp/KeibaWeb/TodayRaceInfo/RaceMarkTable?k_raceDate=1996%2F03%2F20&k_raceNo=5&k_babaCode=21,data/cache/html/19960320_kawasaki_5.html
19960320_kawasaki_6,1996-03-20,kawasaki,6,https://www.keiba.go.jp/KeibaWeb/TodayRaceInfo/RaceMarkTable?k_raceDate=1996%2F03%2F20&k_raceNo=6&k_babaCode=21,data/cache/html/19960320_kawasaki_6.html
19960320_kawasaki_7,1996-03-20,kawasaki,7,https://www.keiba.go.jp/KeibaWeb/TodayRaceInfo/RaceMarkTable?k_raceDate=1996%2F03%2F20&k_raceNo=7&k_babaCode=21,data/cache/html/19960320_kawasaki_7.html
19960320_kawasaki_8,1996-03-20,kawasaki,8,https://www.keiba.go.jp/KeibaWeb/TodayRaceInfo/RaceMarkTable?k_raceDate=1996%2F03%2F20&k_raceNo=8&k_babaCode=21,data/cache/html/19960320_kawasaki_8.html
19960320_kawasaki_9,1996-03-20,kawasaki,9,https://www.keiba.go.jp/KeibaWeb/TodayRaceInfo/RaceMarkTable?k_raceDate=1996%2F03%2F20&k_raceNo=9&k_babaCode=21,data/cache/html/19960320_kawasaki_9.html
19960320_kawasaki_10,1996-03-20,kawasaki,10,https://www.keiba.go.jp/KeibaWeb/TodayRaceInfo/RaceMarkTable?k_raceDate=1996%2F03%2F20&k_raceNo=10&k_babaCode=21,data/cache/html/19960320_kawasaki_10.html
19960320_kawasaki_11,1996-03-20,kawasaki,11,https://www.keiba.go.jp/KeibaWeb/TodayRaceInfo/RaceMarkTable?k_raceDate=1996%2F03%2F20&k_raceNo=11&k_babaCode=21,data/cache/html/19960320_kawasaki_11.html
19960320_kawasaki_12,1996-03-20,kawasaki,12,https://www.keiba.go.jp/KeibaWeb/TodayRaceInfo/RaceMarkTable?k_raceDate=1996%2F03%2F20&k_raceNo=12&k_babaCode=21,data/cache/html/19960320_kawasaki_12.html
19960319_kawasaki_1,1996-03-19,kawasaki,1,https://www.keiba.go.jp/KeibaWeb/TodayRaceInfo/RaceMarkTable?k_raceDate=1996%2F03%2F19&k_raceNo=1&k_babaCode=21,data/cache/html/19960319_kawasaki_1.html
19960319_kawasaki_2,1996-03-19,kawasaki,2,https://www.keiba.go.jp/KeibaWeb/TodayRaceInfo/RaceMarkTable?k_raceDate=1996%2F03%2F19&k_raceNo=2&k_babaCode=21,data/cache/html/19960319_kawasaki_2.html
19960319_kawasaki_3,1996-03-19,kawasaki,3,https://www.keiba.go.jp/KeibaWeb/TodayRaceInfo/RaceMarkTable?k_raceDate=1996%2F03%2F19&k_raceNo=3&k_babaCode=21,data/cache/html/19960319_kawasaki_3.html
19960319_kawasaki_4,1996-03-19,kawasaki,4,https://www.keiba.go.jp/KeibaWeb/TodayRaceInfo/RaceMarkTable?k_raceDate=1996%2F03%2F19&k_raceNo=4&k_babaCode=21,data/cache/html/19960319_kawasaki_4.html
19960319_kawasaki_5,1996-03-19,kawasaki,5,https://www.keiba.go.jp/KeibaWeb/TodayRaceInfo/RaceMarkTable?k_raceDate=1996%2F03%2F19&k_raceNo=5&k_babaCode=21,data/cache/html/19960319_kawasaki_5.html
19960319_kawasaki_6,1996-03-19,kawasaki,6,https://www.keiba.go.jp/KeibaWeb/TodayRaceInfo/RaceMarkTable?k_raceDate=1996%2F03%2F19&k_raceNo=6&k_babaCode=21,data/cache/html/19960319_kawasaki_6.html
19960319_kawasaki_7,1996-03-19,kawasaki,7,https://www.keiba.go.jp/KeibaWeb/TodayRaceInfo/RaceMarkTable?k_raceDate=1996%2F03%2F19&k_raceNo=7&k_babaCode=21,data/cache/html/19960319_kawasaki_7.html
19960319_kawasaki_8,1996-03-19,kawasaki,8,https://www.keiba.go.jp/KeibaWeb/TodayRaceInfo/RaceMarkTable?k_raceDate=1996%2F03%2F19&k_raceNo=8&k_babaCode=21,data/cache/html/19960319_kawasaki_8.html
19960319_kawasaki_9,1996-03-19,kawasaki,9,https://www.keiba.go.jp/KeibaWeb/TodayRaceInfo/RaceMarkTable?k_raceDate=1996%2F03%2F19&k_raceNo=9&k_babaCode=21,data/cache/html/19960319_kawasaki_9.html
19960319_kawasaki_10,1996-03-19,kawasaki,10,https://www.keiba.go.jp/KeibaWeb/TodayRaceInfo/RaceMarkTable?k_raceDate=1996%2F03%2F19&k_raceNo=10&k_babaCode=21,data/cache/html/19960319_kawasaki_10.html
19960319_kawasaki_11,1996-03-19,kawasaki,11,https://www.keiba.go.jp/KeibaWeb/TodayRaceInfo/RaceMarkTable?k_raceDate=1996%2F03%2F19&k_raceNo=11&k_babaCode=21,data/cache/html/19960319_kawasaki_11.html
19960319_kawasaki_12,1996-03-19,kawasaki,12,https://www.keiba.go.jp/KeibaWeb/TodayRaceInfo/RaceMarkTable?k_raceDate=1996%2F03%2F19&k_raceNo=12&k_babaCode=21,data/cache/html/19960319_kawasaki_12.html
19960318_kawasaki_1,1996-03-18,kawasaki,1,https://www.keiba.go.jp/KeibaWeb/TodayRaceInfo/RaceMarkTable?k_raceDate=1996%2F03%2F18&k_raceNo=1&k_babaCode=21,data/cache/html/19960318_kawasaki_1.html
19960318_kawasaki_2,1996-03-18,kawasaki,2,https://www.keiba.go.jp/KeibaWeb/TodayRaceInfo/RaceMarkTable?k_raceDate=1996%2F03%2F18&k_raceNo=2&k_babaCode=21,data/cache/html/19960318_kawasaki_2.html
19960318_kawasaki_3,1996-03-18,kawasaki,3,https://www.keiba.go.jp/KeibaWeb/TodayRaceInfo/RaceMarkTable?k_raceDate=1996%2F03%2F18&k_raceNo=3&k_babaCode=21,data/cache/html/19960318_kawasaki_3.html
19960318_kawasaki_4,1996-03-18,kawasaki,4,https://www.keiba.go.jp/KeibaWeb/TodayRaceInfo/RaceMarkTable?k_raceDate=1996%2F03%2F18&k_raceNo=4&k_babaCode=21,data/cache/html/19960318_kawasaki_4.html
19960318_kawasaki_5,1996-03-18,kawasaki,5,https://www.keiba.go.jp/KeibaWeb/TodayRaceInfo/RaceMarkTable?k_raceDate=1996%2F03%2F18&k_raceNo=5&k_babaCode=21,data/cache/html/19960318_kawasaki_5.html
19960318_kawasaki_6,1996-03-18,kawasaki,6,https://www.keiba.go.jp/KeibaWeb/TodayRaceInfo/RaceMarkTable?k_raceDate=1996%2F03%2F18&k_raceNo=6&k_babaCode=21,data/cache/html/19960318_kawasaki_6.html
19960318_kawasaki_7,1996-03-18,kawasaki,7,https://www.keiba.go.jp/KeibaWeb/TodayRaceInfo/RaceMarkTable?k_raceDate=1996%2F03%2F18&k_raceNo=7&k_babaCode=21,data/cache/html/19960318_kawasaki_7.html
19960318_kawasaki_8,1996-03-18,kawasaki,8,https://www.keiba.go.jp/KeibaWeb/TodayRaceInfo/RaceMarkTable?k_raceDate=1996%2F03%2F18&k_raceNo=8&k_babaCode=21,data/cache/html/19960318_kawasaki_8.html
19960318_kawasaki_9,1996-03-18,kawasaki,9,https://www.keiba.go.jp/KeibaWeb/TodayRaceInfo/RaceMarkTable?k_raceDate=1996%2F03%2F18&k_raceNo=9&k_babaCode=21,data/cache/html/19960318_kawasaki_9.html
19960318_kawasaki_10,1996-03-18,kawasaki,10,https://www.keiba.go.jp/KeibaWeb/TodayRaceInfo/RaceMarkTable?k_raceDate=1996%2F03%2F18&k_raceNo=10&k_babaCode=21,data/cache/html/19960318_kawasaki_10.html
19960318_kawasaki_11,1996-03-18,kawasaki,11,https://www.keiba.go.jp/KeibaWeb/TodayRaceInfo/RaceMarkTable?k_raceDate=1996%2F03%2F18&k_raceNo=11&k_babaCode=21,data/cache/html/19960318_kawasaki_11.html
19960318_kawasaki_12,1996-03-18,kawasaki,12,https://www.keiba.go.jp/KeibaWeb/TodayRaceInfo/RaceMarkTable?k_raceDate=1996%2F03%2F18&k_raceNo=12&k_babaCode=21,data/cache/html/19960318_kawasaki_12.html
19960317_kawasaki_1,1996-03-17,kawasaki,1,https://www.keiba.go.jp/KeibaWeb/TodayRaceInfo/RaceMarkTable?k_raceDate=1996%2F03%2F17&k_raceNo=1&k_babaCode=21,data/cache/html/19960317_kawasaki_1.html
19960317_kawasaki_2,1996-03-17,kawasaki,2,https://www.keiba.go.jp/KeibaWeb/TodayRaceInfo/RaceMarkTable?k_raceDate=1996%2F03%2F17&k_raceNo=2&k_babaCode=21,data/cache/html/19960317_kawasaki_2.html
19960317_kawasaki_3,1996-03-17,kawasaki,3,https://www.keiba.go.jp/KeibaWeb/TodayRaceInfo/RaceMarkTable?k_raceDate=1996%2F03%2F17&k_raceNo=3&k_babaCode=21,data/cache/html/19960317_kawasaki_3.html
19960317_kawasaki_4,1996-03-17,kawasaki,4,https://www.keiba.go.jp/KeibaWeb/TodayRaceInfo/RaceMarkTable?k_raceDate=1996%2F03%2F17&k_raceNo=4&k_babaCode=21,data/cache/html/19960317_kawasaki_4.html
19960317_kawasaki_5,1996-03-17,kawasaki,5,https://www.keiba.go.jp/KeibaWeb/TodayRaceInfo/RaceMarkTable?k_raceDate=1996%2F03%2F17&k_raceNo=5&k_babaCode=21,data/cache/html/19960317_kawasaki_5.html
19960317_kawasaki_6,1996-03-17,kawasaki,6,https://www.keiba.go.jp/KeibaWeb/TodayRaceInfo/RaceMarkTable?k_raceDate=1996%2F03%2F17&k_raceNo=6&k_babaCode=21,data/cache/html/19960317_kawasaki_6.html
19960317_kawasaki_7,1996-03-17,kawasaki,7,https://www.keiba.go.jp/KeibaWeb/TodayRaceInfo/RaceMarkTable?k_raceDate=1996%2F03%2F17&k_raceNo=7&k_babaCode=21,data/cache/html/19960317_kawasaki_7.html
19960317_kawasaki_8,1996-03-17,kawasaki,8,https://www.keiba.go.jp/KeibaWeb/TodayRaceInfo/RaceMarkTable?k_raceDate=1996%2F03%2F17&k_raceNo=8&k_babaCode=21,data/cache/html/19960317_kawasaki_8.html
19960317_kawasaki_9,1996-03-17,kawasaki,9,https://www.keiba.go.jp/KeibaWeb/TodayRaceInfo/RaceMarkTable?k_raceDate=1996%2F03%2F17&k_raceNo=9&k_babaCode=21,data/cache/html/19960317_kawasaki_9.html
19960317_kawasaki_10,1996-03-17,kawasaki,10,https://www.keiba.go.jp/KeibaWeb/TodayRaceInfo/RaceMarkTable?k_raceDate=1996%2F03%2F17&k_raceNo=10&k_babaCode=21,data/cache/html/19960317_kawasaki_10.html
19960317_kawasaki_11,1996-03-17,kawasaki,11,https://www.keiba.go.jp/KeibaWeb/TodayRaceInfo/RaceMarkTable?k_raceDate=1996%2F03%2F17&k_raceNo=11&k_babaCode=21,data/cache/html/19960317_kawasaki_11.html
19960317_kawasaki_12,1996-03-17,kawasaki,12,https://www.keiba.go.jp/KeibaWeb/TodayRaceInfo/RaceMarkTable?k_raceDate=1996%2F03%2F17&k_raceNo=12&k_babaCode=21,data/cache/html/19960317_kawasaki_12.html
19960316_kawasaki_1,1996-03-16,kawasaki,1,https://www.keiba.go.jp/KeibaWeb/TodayRaceInfo/RaceMarkTable?k_raceDate=1996%2F03%2F16&k_raceNo=1&k_babaCode=21,data/cache/html/19960316_kawasaki_1.html
19960316_kawasaki_2,1996-03-16,kawasaki,2,https://www.keiba.go.jp/KeibaWeb/TodayRaceInfo/RaceMarkTable?k_raceDate=1996%2F03%2F16&k_raceNo=2&k_babaCode=21,data/cache/html/19960316_kawasaki_2.html
19960316_kawasaki_3,1996-03-16,kawasaki,3,https://www.keiba.go.jp/KeibaWeb/TodayRaceInfo/RaceMarkTable?k_raceDate=1996%2F03%2F16&k_raceNo=3&k_babaCode=21,data/cache/html/19960316_kawasaki_3.html
19960316_kawasaki_4,1996-03-16,kawasaki,4,https://www.keiba.go.jp/KeibaWeb/TodayRaceInfo/RaceMarkTable?k_raceDate=1996%2F03%2F16&k_raceNo=4&k_babaCode=21,data/cache/html/19960316_kawasaki_4.html
19960316_kawasaki_5,1996-03-16,kawasaki,5,https://www.keiba.go.jp/KeibaWeb/TodayRaceInfo/RaceMarkTable?k_raceDate=1996%2F03%2F16&k_raceNo=5&k_babaCode=21,data/cache/html/19960316_kawasaki_5.html
19960316_kawasaki_6,1996-03-16,kawasaki,6,https://www.keiba.go.jp/KeibaWeb/TodayRaceInfo/RaceMarkTable?k_raceDate=1996%2F03%2F16&k_raceNo=6&k_babaCode=21,data/cache/html/19960316_kawasaki_6.html
19960316_kawasaki_7,1996-03-16,kawasaki,7,https://www.keiba.go.jp/KeibaWeb/TodayRaceInfo/RaceMarkTable?k_raceDate=1996%2F03%2F16&k_raceNo=7&k_babaCode=21,data/cache/html/19960316_kawasaki_7.html
19960316_kawasaki_8,1996-03-16,kawasaki,8,https://www.keiba.go.jp/KeibaWeb/TodayRaceInfo/RaceMarkTable?k_raceDate=1996%2F03%2F16&k_raceNo=8&k_babaCode=21,data/cache/html/19960316_kawasaki_8.html
19960316_kawasaki_9,1996-03-16,kawasaki,9,https://www.keiba.go.jp/KeibaWeb/TodayRaceInfo/RaceMarkTable?k_raceDate=1996%2F03%2F16&k_raceNo=9&k_babaCode=21,data/cache/html/19960316_kawasaki_9.html
19960316_kawasaki_10,1996-03-16,kawasaki,10,https://www.keiba.go.jp/KeibaWeb/TodayRaceInfo/RaceMarkTable?k_raceDate=1996%2F03%2F16&k_raceNo=10&k_babaCode=21,data/cache/html/19960316_kawasaki_10.html
19960316_kawasaki_11,1996-03-16,kawasaki,11,https://www.keiba.go.jp/KeibaWeb/TodayRaceInfo/RaceMarkTable?k_raceDate=1996%2F03%2F16&k_raceNo=11&k_babaCode=21,data/cache/html/19960316_kawasaki_11.html
19960316_kawasaki_12,1996-03-16,kawasaki,12,https://www.keiba.go.jp/KeibaWeb/TodayRaceInfo/RaceMarkTable?k_raceDate=1996%2F03%2F16&k_raceNo=12&k_babaCode=21,data/cache/html/19960316_kawasaki_12.html
19960315_kawasaki_1,1996-03-15,kawasaki,1,https://www.keiba.go.jp/KeibaWeb/TodayRaceInfo/RaceMarkTable?k_raceDate=1996%2F03%2F15&k_raceNo=1&k_babaCode=21,data/cache/html/19960315_kawasaki_1.html
19960315_kawasaki_2,1996-03-15,kawasaki,2,https://www.keiba.go.jp/KeibaWeb/TodayRaceInfo/RaceMarkTable?k_raceDate=1996%2F03%2F15&k_raceNo=2&k_babaCode=21,data/cache/html/19960315_kawasaki_2.html
19960315_kawasaki_3,1996-03-15,kawasaki,3,https://www.keiba.go.jp/KeibaWeb/TodayRaceInfo/RaceMarkTable?k_raceDate=1996%2F03%2F15&k_raceNo=3&k_babaCode=21,data/cache/html/19960315_kawasaki_3.html
19960315_kawasaki_4,1996-03-15,kawasaki,4,https://www.keiba.go.jp/KeibaWeb/TodayRaceInfo/RaceMarkTable?k_raceDate=1996%2F03%2F15&k_raceNo=4&k_babaCode=21,data/cache/html/19960315_kawasaki_4.html
19960315_kawasaki_5,1996-03-15,kawasaki,5,https://www.keiba.go.jp/KeibaWeb/TodayRaceInfo/RaceMarkTable?k_raceDate=1996%2F03%2F15&k_raceNo=5&k_babaCode=21,data/cache/html/19960315_kawasaki_5.html
19960315_kawasaki_6,1996-03-15,kawasaki,6,https://www.keiba.go.jp/KeibaWeb/TodayRaceInfo/RaceMarkTable?k_raceDate=1996%2F03%2F15&k_raceNo=6&k_babaCode=21,data/cache/html/19960315_kawasaki_6.html
19960315_kawasaki_7,1996-03-15,kawasaki,7,https://www.keiba.go.jp/KeibaWeb/TodayRaceInfo/RaceMarkTable?k_raceDate=1996%2F03%2F15&k_raceNo=7&k_babaCode=21,data/cache/html/19960315_kawasaki_7.html
19960315_kawasaki_8,1996-03-15,kawasaki,8,https://www.keiba.go.jp/KeibaWeb/TodayRaceInfo/RaceMarkTable?k_raceDate=1996%2F03%2F15&k_raceNo=8&k_babaCode=21,data/cache/html/19960315_kawasaki_8.html
19960315_kawasaki_9,1996-03-15,kawasaki,9,https://www.keiba.go.jp/KeibaWeb/TodayRaceInfo/RaceMarkTable?k_raceDate=1996%2F03%2F15&k_raceNo=9&k_babaCode=21,data/cache/html/19960315_kawasaki_9.html
19960315_kawasaki_10,1996-03-15,kawasaki,10,https://www.keiba.go.jp/KeibaWeb/TodayRaceInfo/RaceMarkTable?k_raceDate=1996%2F03%2F15&k_raceNo=10&k_babaCode=21,data/cache/html/19960315_kawasaki_10.html
19960315_kawasaki_11,1996-03-15,kawasaki,11,https://www.keiba.go.jp/KeibaWeb/TodayRaceInfo/RaceMarkTable?k_raceDate=1996%2F03%2F15&k_raceNo=11&k_babaCode=21,data/cache/html/19960315_kawasaki_11.html
19960315_kawasaki_12,1996-03-15,kawasaki,12,https://www.keiba.go.jp/KeibaWeb/TodayRaceInfo/RaceMarkTable?k_raceDate=1996%2F03%2F15&k_raceNo=12&k_babaCode=21,data/cache/html/19960315_kawasaki_12.html
19960314_kawasaki_1,1996-03-14,kawasaki,1,https://www.keiba.go.jp/KeibaWeb/TodayRaceInfo/RaceMarkTable?k_raceDate=1996%2F03%2F14&k_raceNo=1&k_babaCode=21,data/cache/html/19960314_kawasaki_1.html
19960314_kawasaki_2,1996-03-14,kawasaki,2,https://www.keiba.go.jp/KeibaWeb/TodayRaceInfo/RaceMarkTable?k_raceDate=1996%2F03%2F14&k_raceNo=2&k_babaCode=21,data/cache/html/19960314_kawasaki_2.html
19960314_kawasaki_3,1996-03-14,kawasaki,3,https://www.keiba.go.jp/KeibaWeb/TodayRaceInfo/RaceMarkTable?k_raceDate=1996%2F03%2F14&k_raceNo=3&k_babaCode=21,data/cache/html/19960314_kawasaki_3.html
19960314_kawasaki_4,1996-03-14,kawasaki,4,https://www.keiba.go.jp/KeibaWeb/TodayRaceInfo/RaceMarkTable?k_raceDate=1996%2F03%2F14&k_raceNo=4&k_babaCode=21,data/cache/html/19960314_kawasaki_4.html
19960314_kawasaki_5,1996-03-14,kawasaki,5,https://www.keiba.go.jp/KeibaWeb/TodayRaceInfo/RaceMarkTable?k_raceDate=1996%2F03%2F14&k_raceNo=5&k_babaCode=21,data/cache/html/19960314_kawasaki_5.html
19960314_kawasaki_6,1996-03-14,kawasaki,6,https://www.keiba.go.jp/KeibaWeb/TodayRaceInfo/RaceMarkTable?k_raceDate=1996%2F03%2F14&k_raceNo=6&k_babaCode=21,data/cache/html/19960314_kawasaki_6.html
19960314_kawasaki_7,1996-03-14,kawasaki,7,https://www.keiba.go.jp/KeibaWeb/TodayRaceInfo/RaceMarkTable?k_raceDate=1996%2F03%2F14&k_raceNo=7&k_babaCode=21,data/cache/html/19960314_kawasaki_7.html
19960314_kawasaki_8,1996-03-14,kawasaki,8,https://www.keiba.go.jp/KeibaWeb/TodayRaceInfo/RaceMarkTable?k_raceDate=1996%2F03%2F14&k_raceNo=8&k_babaCode=21,data/cache/html/19960314_kawasaki_8.html
19960314_kawasaki_9,1996-03-14,kawasaki,9,https://www.keiba.go.jp/KeibaWeb/TodayRaceInfo/RaceMarkTable?k_raceDate=1996%2F03%2F14&k_raceNo=9&k_babaCode=21,data/cache/html/19960314_kawasaki_9.html
19960314_kawasaki_10,1996-03-14,kawasaki,10,https://www.keiba.go.jp/KeibaWeb/TodayRaceInfo/RaceMarkTable?k_raceDate=1996%2F03%2F14&k_raceNo=10&k_babaCode=21,data/cache/html/19960314_kawasaki_10.html
19960314_kawasaki_11,1996-03-14,kawasaki,11,https://www.keiba.go.jp/KeibaWeb/TodayRaceInfo/RaceMarkTable?k_raceDate=1996%2F03%2F14&k_raceNo=11&k_babaCode=21,data/cache/html/19960314_kawasaki_11.html
19960314_kawasaki_12,1996-03-14,kawasaki,12,https://www.keiba.go.jp/KeibaWeb/TodayRaceInfo/RaceMarkTable?k_raceDate=1996%2F03%2F14&k_raceNo=12&k_babaCode=21,data/cache/html/19960314_kawasaki_12.html
19960313_kawasaki_1,1996-03-13,kawasaki,1,https://www.keiba.go.jp/KeibaWeb/TodayRaceInfo/RaceMarkTable?k_raceDate=1996%2F03%2F13&k_raceNo=1&k_babaCode=21,data/cache/html/19960313_kawasaki_1.html
19960313_kawasaki_2,1996-03-13,kawasaki,2,https://www.keiba.go.jp/KeibaWeb/TodayRaceInfo/RaceMarkTable?k_raceDate=1996%2F03%2F13&k_raceNo=2&k_babaCode=21,data/cache/html/19960313_kawasaki_2.html
19960313_kawasaki_3,1996-03-13,kawasaki,3,https://www.keiba.go.jp/KeibaWeb/TodayRaceInfo/RaceMarkTable?k_raceDate=1996%2F03%2F13&k_raceNo=3&k_babaCode=21,data/cache/html/19960313_kawasaki_3.html
19960313_kawasaki_4,1996-03-13,kawasaki,4,https://www.keiba.go.jp/KeibaWeb/TodayRaceInfo/RaceMarkTable?k_raceDate=1996%2F03%2F13&k_raceNo=4&k_babaCode=21,data/cache/html/19960313_kawasaki_4.html
19960313_kawasaki_5,1996-03-13,kawasaki,5,https://www.keiba.go.jp/KeibaWeb/TodayRaceInfo/RaceMarkTable?k_raceDate=1996%2F03%2F13&k_raceNo=5&k_babaCode=21,data/cache/html/19960313_kawasaki_5.html
19960313_kawasaki_6,1996-03-13,kawasaki,6,https://www.keiba.go.jp/KeibaWeb/TodayRaceInfo/RaceMarkTable?k_raceDate=1996%2F03%2F13&k_raceNo=6&k_babaCode=21,data/cache/html/19960313_kawasaki_6.html
19960313_kawasaki_7,1996-03-13,kawasaki,7,https://www.keiba.go.jp/KeibaWeb/TodayRaceInfo/RaceMarkTable?k_raceDate=1996%2F03%2F13&k_raceNo=7&k_babaCode=21,data/cache/html/19960313_kawasaki_7.html
19960313_kawasaki_8,1996-03-13,kawasaki,8,https://www.keiba.go.jp/KeibaWeb/TodayRaceInfo/RaceMarkTable?k_raceDate=1996%2F03%2F13&k_raceNo=8&k_babaCode=21,data/cache/html/19960313_kawasaki_8.html
19960313_kawasaki_9,1996-03-13,kawasaki,9,https://www.keiba.go.jp/KeibaWeb/TodayRaceInfo/RaceMarkTable?k_raceDate=1996%2F03%2F13&k_raceNo=9&k_babaCode=21,data/cache/html/19960313_kawasaki_9.html
19960313_kawasaki_10,1996-03-13,kawasaki,10,https://www.keiba.go.jp/KeibaWeb/TodayRaceInfo/RaceMarkTable?k_raceDate=1996%2F03%2F13&k_raceNo=10&k_babaCode=21,data/cache/html/19960313_kawasaki_10.html
19960313_kawasaki_11,1996-03-13,kawasaki,11,https://www.keiba.go.jp/KeibaWeb/TodayRaceInfo/RaceMarkTable?k_raceDate=1996%2F03%2F13&k_raceNo=11&k_babaCode=21,data/cache/html/19960313_kawasaki_11.html
19960313_kawasaki_12,1996-03-13,kawasaki,12,https://www.keiba.go.jp/KeibaWeb/TodayRaceInfo/RaceMarkTable?k_raceDate=1996%2F03%2F13&k_raceNo=12&k_babaCode=21,data/cache/html/19960313_kawasaki_12.html
19960312_kawasaki_1,1996-03-12,kawasaki,1,https://www.keiba.go.jp/KeibaWeb/TodayRaceInfo/RaceMarkTable?k_raceDate=1996%2F03%2F12&k_raceNo=1&k_babaCode=21,data/cache/html/19960312_kawasaki_1.html
19960312_kawasaki_2,1996-03-12,kawasaki,2,https://www.keiba.go.jp/KeibaWeb/TodayRaceInfo/RaceMarkTable?k_raceDate=1996%2F03%2F12&k_raceNo=2&k_babaCode=21,data/cache/html/19960312_kawasaki_2.html
19960312_kawasaki_3,1996-03-12,kawasaki,3,https://www.keiba.go.jp/KeibaWeb/TodayRaceInfo/RaceMarkTable?k_raceDate=1996%2F03%2F12&k_raceNo=3&k_babaCode=21,data/cache/html/19960312_kawasaki_3.html
19960312_kawasaki_4,1996-03-12,kawasaki,4,https://www.keiba.go.jp/KeibaWeb/TodayRaceInfo/RaceMarkTable?k_raceDate=1996%2F03%2F12&k_raceNo=4&k_babaCode=21,data/cache/html/19960312_kawasaki_4.html
19960312_kawasaki_5,1996-03-12,kawasaki,5,https://www.keiba.go.jp/KeibaWeb/TodayRaceInfo/RaceMarkTable?k_raceDate=1996%2F03%2F12&k_raceNo=5&k_babaCode=21,data/cache/html/19960312_kawasaki_5.html
19960312_kawasaki_6,1996-03-12,kawasaki,6,https://www.keiba.go.jp/KeibaWeb/TodayRaceInfo/RaceMarkTable?k_raceDate=1996%2F03%2F12&k_raceNo=6&k_babaCode=21,data/cache/html/19960312_kawasaki_6.html
19960312_kawasaki_7,1996-03-12,kawasaki,7,https://www.keiba.go.jp/KeibaWeb/TodayRaceInfo/RaceMarkTable?k_raceDate=1996%2F03%2F12&k_raceNo=7&k_babaCode=21,data/cache/html/19960312_kawasaki_7.html
19960312_kawasaki_8,1996-03-12,kawasaki,8,https://www.keiba.go.jp/KeibaWeb/TodayRaceInfo/RaceMarkTable?k_raceDate=1996%2F03%2F12&k_raceNo=8&k_babaCode=21,data/cache/html/19960312_kawasaki_8.html
19960312_kawasaki_9,1996-03-12,kawasaki,9,https://www.keiba.go.jp/KeibaWeb/TodayRaceInfo/RaceMarkTable?k_raceDate=1996%2F03%2F12&k_raceNo=9&k_babaCode=21,data/cache/html/19960312_kawasaki_9.html
19960312_kawasaki_10,1996-03-12,kawasaki,10,https://www.keiba.go.jp/KeibaWeb/TodayRaceInfo/RaceMarkTable?k_raceDate=1996%2F03%2F12&k_raceNo=10&k_babaCode=21,data/cache/html/19960312_kawasaki_10.html
19960312_kawasaki_11,1996-03-12,kawasaki,11,https://www.keiba.go.jp/KeibaWeb/TodayRaceInfo/RaceMarkTable?k_raceDate=1996%2F03%2F12&k_raceNo=11&k_babaCode=21,data/cache/html/19960312_kawasaki_11.html
19960312_kawasaki_12,1996-03-12,kawasaki,12,https://www.keiba.go.jp/KeibaWeb/TodayRaceInfo/RaceMarkTable?k_raceDate=1996%2F03%2F12&k_raceNo=12&k_babaCode=21,data/cache/html/19960312_kawasaki_12.html
19960311_kawasaki_1,1996-03-11,kawasaki,1,https://www.keiba.go.jp/KeibaWeb/TodayRaceInfo/RaceMarkTable?k_raceDate=1996%2F03%2F11&k_raceNo=1&k_babaCode=21,data/cache/html/19960311_kawasaki_1.html
19960311_kawasaki_2,1996-03-11,kawasaki,2,https://www.keiba.go.jp/KeibaWeb/TodayRaceInfo/RaceMarkTable?k_raceDate=1996%2F03%2F11&k_raceNo=2&k_babaCode=21,data/cache/html/19960311_kawasaki_2.html
19960311_kawasaki_3,1996-03-11,kawasaki,3,https://www.keiba.go.jp/KeibaWeb/TodayRaceInfo/RaceMarkTable?k_raceDate=1996%2F03%2F11&k_raceNo=3&k_babaCode=21,data/cache/html/19960311_kawasaki_3.html
19960311_kawasaki_4,1996-03-11,kawasaki,4,https://www.keiba.go.jp/KeibaWeb/TodayRaceInfo/RaceMarkTable?k_raceDate=1996%2F03%2F11&k_raceNo=4&k_babaCode=21,data/cache/html/19960311_kawasaki_4.html
19960311_kawasaki_5,1996-03-11,kawasaki,5,https://www.keiba.go.jp/KeibaWeb/TodayRaceInfo/RaceMarkTable?k_raceDate=1996%2F03%2F11&k_raceNo=5&k_babaCode=21,data/cache/html/19960311_kawasaki_5.html
19960311_kawasaki_6,1996-03-11,kawasaki,6,https://www.keiba.go.jp/KeibaWeb/TodayRaceInfo/RaceMarkTable?k_raceDate=1996%2F03%2F11&k_raceNo=6&k_babaCode=21,data/cache/html/19960311_kawasaki_6.html
19960311_kawasaki_7,1996-03-11,kawasaki,7,https://www.keiba.go.jp/KeibaWeb/TodayRaceInfo/RaceMarkTable?k_raceDate=1996%2F03%2F11&k_raceNo=7&k_babaCode=21,data/cache/html/19960311_kawasaki_7.html
19960311_kawasaki_8,1996-03-11,kawasaki,8,https://www.keiba.go.jp/KeibaWeb/TodayRaceInfo/RaceMarkTable?k_raceDate=1996%2F03%2F11&k_raceNo=8&k_babaCode=21,data/cache/html/19960311_kawasaki_8.html
19960311_kawasaki_9,1996-03-11,kawasaki,9,https://www.keiba.go.jp/KeibaWeb/TodayRaceInfo/RaceMarkTable?k_raceDate=1996%2F03%2F11&k_raceNo=9&k_babaCode=21,data/cache/html/19960311_kawasaki_9.html
19960311_kawasaki_10,1996-03-11,kawasaki,10,https://www.keiba.go.jp/KeibaWeb/TodayRaceInfo/RaceMarkTable?k_raceDate=1996%2F03%2F11&k_raceNo=10&k_babaCode=21,data/cache/html/19960311_kawasaki_10.html
19960311_kawasaki_11,1996-03-11,kawasaki,11,https://www.keiba.go.jp/KeibaWeb/TodayRaceInfo/RaceMarkTable?k_raceDate=1996%2F03%2F11&k_raceNo=11&k_babaCode=21,data/cache/html/19960311_kawasaki_11.html
19960311_kawasaki_12,1996-03-11,kawasaki,12,https://www.keiba.go.jp/KeibaWeb/TodayRaceInfo/RaceMarkTable?k_raceDate=1996%2F03%2F11&k_raceNo=12&k_babaCode=21,data/cache/html/19960311_kawasaki_12.html
19960310_kawasaki_1,1996-03-10,kawasaki,1,https://www.keiba.go.jp/KeibaWeb/TodayRaceInfo/RaceMarkTable?k_raceDate=1996%2F03%2F10&k_raceNo=1&k_babaCode=21,data/cache/html/19960310_kawasaki_1.html
19960310_kawasaki_2,1996-03-10,kawasaki,2,https://www.keiba.go.jp/KeibaWeb/TodayRaceInfo/RaceMarkTable?k_raceDate=1996%2F03%2F10&k_raceNo=2&k_babaCode=21,data/cache/html/19960310_kawasaki_2.html
19960310_kawasaki_3,1996-03-10,kawasaki,3,https://www.keiba.go.jp/KeibaWeb/TodayRaceInfo/RaceMarkTable?k_raceDate=1996%2F03%2F10&k_raceNo=3&k_babaCode=21,data/cache/html/19960310_kawasaki_3.html
19960310_kawasaki_4,1996-03-10,kawasaki,4,https://www.keiba.go.jp/KeibaWeb/TodayRaceInfo/RaceMarkTable?k_raceDate=1996%2F03%2F10&k_raceNo=4&k_babaCode=21,data/cache/html/19960310_kawasaki_4.html
19960310_kawasaki_5,1996-03-10,kawasaki,5,https://www.keiba.go.jp/KeibaWeb/TodayRaceInfo/RaceMarkTable?k_raceDate=1996%2F03%2F10&k_raceNo=5&k_babaCode=21,data/cache/html/19960310_kawasaki_5.html
19960310_kawasaki_6,1996-03-10,kawasaki,6,https://www.keiba.go.jp/KeibaWeb/TodayRaceInfo/RaceMarkTable?k_raceDate=1996%2F03%2F10&k_raceNo=6&k_babaCode=21,data/cache/html/19960310_kawasaki_6.html
19960310_kawasaki_7,1996-03-10,kawasaki,7,https://www.keiba.go.jp/KeibaWeb/TodayRaceInfo/RaceMarkTable?k_raceDate=1996%2F03%2F10&k_raceNo=7&k_babaCode=21,data/cache/html/19960310_kawasaki_7.html
19960310_kawasaki_8,1996-03-10,kawasaki,8,https://www.keiba.go.jp/KeibaWeb/TodayRaceInfo/RaceMarkTable?k_raceDate=1996%2F03%2F10&k_raceNo=8&k_babaCode=21,data/cache/html/19960310_kawasaki_8.html
19960310_kawasaki_9,1996-03-10,kawasaki,9,https://www.keiba.go.jp/KeibaWeb/TodayRaceInfo/RaceMarkTable?k_raceDate=1996%2F03%2F10&k_raceNo=9&k_babaCode=21,data/cache/html/19960310_kawasaki_9.html
19960310_kawasaki_10,1996-03-10,kawasaki,10,https://www.keiba.go.jp/KeibaWeb/TodayRaceInfo/RaceMarkTable?k_raceDate=1996%2F03%2F10&k_raceNo=10&k_babaCode=21,data/cache/html/19960310_kawasaki_10.html
19960310_kawasaki_11,1996-03-10,kawasaki,11,https://www.keiba.go.jp/KeibaWeb/TodayRaceInfo/RaceMarkTable?k_raceDate=1996%2F03%2F10&k_raceNo=11&k_babaCode=21,data/cache/html/19960310_kawasaki_11.html
19960310_kawasaki_12,1996-03-10,kawasaki,12,https://www.keiba.go.jp/KeibaWeb/TodayRaceInfo/RaceMarkTable?k_raceDate=1996%2F03%2F10&k_raceNo=12&k_babaCode=21,data/cache/html/19960310_kawasaki_12.html
19960309_kawasaki_1,1996-03-09,kawasaki,1,https://www.keiba.go.jp/KeibaWeb/TodayRaceInfo/RaceMarkTable?k_raceDate=1996%2F03%2F09&k_raceNo=1&k_babaCode=21,data/cache/html/19960309_kawasaki_1.html
19960309_kawasaki_2,1996-03-09,kawasaki,2,https://www.keiba.go.jp/KeibaWeb/TodayRaceInfo/RaceMarkTable?k_raceDate=1996%2F03%2F09&k_raceNo=2&k_babaCode=21,data/cache/html/19960309_kawasaki_2.html
19960309_kawasaki_3,1996-03-09,kawasaki,3,https://www.keiba.go.jp/KeibaWeb/TodayRaceInfo/RaceMarkTable?k_raceDate=1996%2F03%2F09&k_raceNo=3&k_babaCode=21,data/cache/html/19960309_kawasaki_3.html
19960309_kawasaki_4,1996-03-09,kawasaki,4,https://www.keiba.go.jp/KeibaWeb/TodayRaceInfo/RaceMarkTable?k_raceDate=1996%2F03%2F09&k_raceNo=4&k_babaCode=21,data/cache/html/19960309_kawasaki_4.html
19960309_kawasaki_5,1996-03-09,kawasaki,5,https://www.keiba.go.jp/KeibaWeb/TodayRaceInfo/RaceMarkTable?k_raceDate=1996%2F03%2F09&k_raceNo=5&k_babaCode=21,data/cache/html/19960309_kawasaki_5.html
19960309_kawasaki_6,1996-03-09,kawasaki,6,https://www.keiba.go.jp/KeibaWeb/TodayRaceInfo/RaceMarkTable?k_raceDate=1996%2F03%2F09&k_raceNo=6&k_babaCode=21,data/cache/html/19960309_kawasaki_6.html
19960309_kawasaki_7,1996-03-09,kawasaki,7,https://www.keiba.go.jp/KeibaWeb/TodayRaceInfo/RaceMarkTable?k_raceDate=1996%2F03%2F09&k_raceNo=7&k_babaCode=21,data/cache/html/19960309_kawasaki_7.html
19960309_kawasaki_8,1996-03-09,kawasaki,8,https://www.keiba.go.jp/KeibaWeb/TodayRaceInfo/RaceMarkTable?k_raceDate=1996%2F03%2F09&k_raceNo=8&k_babaCode=21,data/cache/html/19960309_kawasaki_8.html
19960309_kawasaki_9,1996-03-09,kawasaki,9,https://www.keiba.go.jp/KeibaWeb/TodayRaceInfo/RaceMarkTable?k_raceDate=1996%2F03%2F09&k_raceNo=9&k_babaCode=21,data/cache/html/19960309_kawasaki_9.html
19960309_kawasaki_10,1996-03-09,kawasaki,10,https://www.keiba.go.jp/KeibaWeb/TodayRaceInfo/RaceMarkTable?k_raceDate=1996%2F03%2F09&k_raceNo=10&k_babaCode=21,data/cache/html/19960309_kawasaki_10.html
19960309_kawasaki_11,1996-03-09,kawasaki,11,https://www.keiba.go.jp/KeibaWeb/TodayRaceInfo/RaceMarkTable?k_raceDate=1996%2F03%2F09&k_raceNo=11&k_babaCode=21,data/cache/html/19960309_kawasaki_11.html
19960309_kawasaki_12,1996-03-09,kawasaki,12,https://www.keiba.go.jp/KeibaWeb/TodayRaceInfo/RaceMarkTable?k_raceDate=1996%2F03%2F09&k_raceNo=12&k_babaCode=21,data/cache/html/19960309_kawasaki_12.html
19960308_kawasaki_1,1996-03-08,kawasaki,1,https://www.keiba.go.jp/KeibaWeb/TodayRaceInfo/RaceMarkTable?k_raceDate=1996%2F03%2F08&k_raceNo=1&k_babaCode=21,data/cache/html/19960308_kawasaki_1.html
19960308_kawasaki_2,1996-03-08,kawasaki,2,https://www.keiba.go.jp/KeibaWeb/TodayRaceInfo/RaceMarkTable?k_raceDate=1996%2F03%2F08&k_raceNo=2&k_babaCode=21,data/cache/html/19960308_kawasaki_2.html
19960308_kawasaki_3,1996-03-08,kawasaki,3,https://www.keiba.go.jp/KeibaWeb/TodayRaceInfo/RaceMarkTable?k_raceDate=1996%2F03%2F08&k_raceNo=3&k_babaCode=21,data/cache/html/19960308_kawasaki_3.html
19960308_kawasaki_4,1996-03-08,kawasaki,4,https://www.keiba.go.jp/KeibaWeb/TodayRaceInfo/RaceMarkTable?k_raceDate=1996%2F03%2F08&k_raceNo=4&k_babaCode=21,data/cache/html/19960308_kawasaki_4.html
19960308_kawasaki_5,1996-03-08,kawasaki,5,https://www.keiba.go.jp/KeibaWeb/TodayRaceInfo/RaceMarkTable?k_raceDate=1996%2F03%2F08&k_raceNo=5&k_babaCode=21,data/cache/html/19960308_kawasaki_5.html
19960308_kawasaki_6,1996-03-08,kawasaki,6,https://www.keiba.go.jp/KeibaWeb/TodayRaceInfo/RaceMarkTable?k_raceDate=1996%2F03%2F08&k_raceNo=6&k_babaCode=21,data/cache/html/19960308_kawasaki_6.html
19960308_kawasaki_7,1996-03-08,kawasaki,7,https://www.keiba.go.jp/KeibaWeb/TodayRaceInfo/RaceMarkTable?k_raceDate=1996%2F03%2F08&k_raceNo=7&k_babaCode=21,data/cache/html/19960308_kawasaki_7.html
19960308_kawasaki_8,1996-03-08,kawasaki,8,https://www.keiba.go.jp/KeibaWeb/TodayRaceInfo/RaceMarkTable?k_raceDate=1996%2F03%2F08&k_raceNo=8&k_babaCode=21,data/cache/html/19960308_kawasaki_8.html
19960308_kawasaki_9,1996-03-08,kawasaki,9,https://www.keiba.go.jp/KeibaWeb/TodayRaceInfo/RaceMarkTable?k_raceDate=1996%2F03%2F08&k_raceNo=9&k_babaCode=21,data/cache/html/19960308_kawasaki_9.html
19960308_kawasaki_10,1996-03-08,kawasaki,10,https://www.keiba.go.jp/KeibaWeb/TodayRaceInfo/RaceMarkTable?k_raceDate=1996%2F03%2F08&k_raceNo=10&k_babaCode=21,data/cache/html/19960308_kawasaki_10.html
19960308_kawasaki_11,1996-03-08,kawasaki,11,https://www.keiba.go.jp/KeibaWeb/TodayRaceInfo/RaceMarkTable?k_raceDate=1996%2F03%2F08&k_raceNo=11&k_babaCode=21,data/cache/html/19960308_kawasaki_11.html
19960308_kawasaki_12,1996-03-08,kawasaki,12,https://www.keiba.go.jp/KeibaWeb/TodayRaceInfo/RaceMarkTable?k_raceDate=1996%2F03%2F08&k_raceNo=12&k_babaCode=21,data/cache/html/19960308_kawasaki_12.html
19960307_kawasaki_1,1996-03-07,kawasaki,1,https://www.keiba.go.jp/KeibaWeb/TodayRaceInfo/RaceMarkTable?k_raceDate=1996%2F03%2F07&k_raceNo=1&k_babaCode=21,data/cache/html/19960307_kawasaki_1.html
19960307_kawasaki_2,1996-03-07,kawasaki,2,https://www.keiba.go.jp/KeibaWeb/TodayRaceInfo/RaceMarkTable?k_raceDate=1996%2F03%2F07&k_raceNo=2&k_babaCode=21,data/cache/html/19960307_kawasaki_2.html
19960307_kawasaki_3,1996-03-07,kawasaki,3,https://www.keiba.go.jp/KeibaWeb/TodayRaceInfo/RaceMarkTable?k_raceDate=1996%2F03%2F07&k_raceNo=3&k_babaCode=21,data/cache/html/19960307_kawasaki_3.html
19960307_kawasaki_4,1996-03-07,kawasaki,4,https://www.keiba.go.jp/KeibaWeb/TodayRaceInfo/RaceMarkTable?k_raceDate=1996%2F03%2F07&k_raceNo=4&k_babaCode=21,data/cache/html/19960307_kawasaki_4.html
19960307_kawasaki_5,1996-03-07,kawasaki,5,https://www.keiba.go.jp/KeibaWeb/TodayRaceInfo/RaceMarkTable?k_raceDate=1996%2F03%2F07&k_raceNo=5&k_babaCode=21,data/cache/html/19960307_kawasaki_5.html
19960307_kawasaki_6,1996-03-07,kawasaki,6,https://www.keiba.go.jp/KeibaWeb/TodayRaceInfo/RaceMarkTable?k_raceDate=1996%2F03%2F07&k_raceNo=6&k_babaCode=21,data/cache/html/19960307_kawasaki_6.html
19960307_kawasaki_7,1996-03-07,kawasaki,7,https://www.keiba.go.jp/KeibaWeb/TodayRaceInfo/RaceMarkTable?k_raceDate=1996%2F03%2F07&k_raceNo=7&k_babaCode=21,data/cache/html/19960307_kawasaki_7.html
19960307_kawasaki_8,1996-03-07,kawasaki,8,https://www.keiba.go.jp/KeibaWeb/TodayRaceInfo/RaceMarkTable?k_raceDate=1996%2F03%2F07&k_raceNo=8&k_babaCode=21,data/cache/html/19960307_kawasaki_8.html
19960307_kawasaki_9,1996-03-07,kawasaki,9,https://www.keiba.go.jp/KeibaWeb/TodayRaceInfo/RaceMarkTable?k_raceDate=1996%2F03%2F07&k_raceNo=9&k_babaCode=21,data/cache/html/19960307_kawasaki_9.html
19960307_kawasaki_10,1996-03-07,kawasaki,10,https://www.keiba.go.jp/KeibaWeb/TodayRaceInfo/RaceMarkTable?k_raceDate=1996%2F03%2F07&k_raceNo=10&k_babaCode=21,data/cache/html/19960307_kawasaki_10.html
19960307_kawasaki_11,1996-03-07,kawasaki,11,https://www.keiba.go.jp/KeibaWeb/TodayRaceInfo/RaceMarkTable?k_raceDate=1996%2F03%2F07&k_raceNo=11&k_babaCode=21,data/cache/html/19960307_kawasaki_11.html
19960307_kawasaki_12,1996-03-07,kawasaki,12,https://www.keiba.go.jp/KeibaWeb/TodayRaceInfo/RaceMarkTable?k_raceDate=1996%2F03%2F07&k_raceNo=12&k_babaCode=21,data/cache/html/19960307_kawasaki_12.html
19960306_kawasaki_1,1996-03-06,kawasaki,1,https://www.keiba.go.jp/KeibaWeb/TodayRaceInfo/RaceMarkTable?k_raceDate=1996%2F03%2F06&k_raceNo=1&k_babaCode=21,data/cache/html/19960306_kawasaki_1.html
19960306_kawasaki_2,1996-03-06,kawasaki,2,https://www.keiba.go.jp/KeibaWeb/TodayRaceInfo/RaceMarkTable?k_raceDate=1996%2F03%2F06&k_raceNo=2&k_babaCode=21,data/cache/html/19960306_kawasaki_2.html
19960306_kawasaki_3,1996-03-06,kawasaki,3,https://www.keiba.go.jp/KeibaWeb/TodayRaceInfo/RaceMarkTable?k_raceDate=1996%2F03%2F06&k_raceNo=3&k_babaCode=21,data/cache/html/19960306_kawasaki_3.html
19960306_kawasaki_4,1996-03-06,kawasaki,4,https://www.keiba.go.jp/KeibaWeb/TodayRaceInfo/RaceMarkTable?k_raceDate=1996%2F03%2F06&k_raceNo=4&k_babaCode=21,data/cache/html/19960306_kawasaki_4.html
19960306_kawasaki_5,1996-03-06,kawasaki,5,https://www.keiba.go.jp/KeibaWeb/TodayRaceInfo/RaceMarkTable?k_raceDate=1996%2F03%2F06&k_raceNo=5&k_babaCode=21,data/cache/html/19960306_kawasaki_5.html
19960306_kawasaki_6,1996-03-06,kawasaki,6,https://www.keiba.go.jp/KeibaWeb/TodayRaceInfo/RaceMarkTable?k_raceDate=1996%2F03%2F06&k_raceNo=6&k_babaCode=21,data/cache/html/19960306_kawasaki_6.html
19960306_kawasaki_7,1996-03-06,kawasaki,7,https://www.keiba.go.jp/KeibaWeb/TodayRaceInfo/RaceMarkTable?k_raceDate=1996%2F03%2F06&k_raceNo=7&k_babaCode=21,data/cache/html/19960306_kawasaki_7.html
19960306_kawasaki_8,1996-03-06,kawasaki,8,https://www.keiba.go.jp/KeibaWeb/TodayRaceInfo/RaceMarkTable?k_raceDate=1996%2F03%2F06&k_raceNo=8&k_babaCode=21,data/cache/html/19960306_kawasaki_8.html
19960306_kawasaki_9,1996-03-06,kawasaki,9,https://www.keiba.go.jp/KeibaWeb/TodayRaceInfo/RaceMarkTable?k_raceDate=1996%2F03%2F06&k_raceNo=9&k_babaCode=21,data/cache/html/19960306_kawasaki_9.html
19960306_kawasaki_10,1996-03-06,kawasaki,10,https://www.keiba.go.jp/KeibaWeb/TodayRaceInfo/RaceMarkTable?k_raceDate=1996%2F03%2F06&k_raceNo=10&k_babaCode=21,data/cache/html/19960306_kawasaki_10.html
19960306_kawasaki_11,1996-03-06,kawasaki,11,https://www.keiba.go.jp/KeibaWeb/TodayRaceInfo/RaceMarkTable?k_raceDate=1996%2F03%2F06&k_raceNo=11&k_babaCode=21,data/cache/html/19960306_kawasaki_11.html
19960306_kawasaki_12,1996-03-06,kawasaki,12,https://www.keiba.go.jp/KeibaWeb/TodayRaceInfo/RaceMarkTable?k_raceDate=1996%2F03%2F06&k_raceNo=12&k_babaCode=21,data/cache/html/19960306_kawasaki_12.html
19960305_kawasaki_1,1996-03-05,kawasaki,1,https://www.keiba.go.jp/KeibaWeb/TodayRaceInfo/RaceMarkTable?k_raceDate=1996%2F03%2F05&k_raceNo=1&k_babaCode=21,data/cache/html/19960305_kawasaki_1.html
19960305_kawasaki_2,1996-03-05,kawasaki,2,https://www.keiba.go.jp/KeibaWeb/TodayRaceInfo/RaceMarkTable?k_raceDate=1996%2F03%2F05&k_raceNo=2&k_babaCode=21,data/cache/html/19960305_kawasaki_2.html
19960305_kawasaki_3,1996-03-05,kawasaki,3,https://www.keiba.go.jp/KeibaWeb/TodayRaceInfo/RaceMarkTable?k_raceDate=1996%2F03%2F05&k_raceNo=3&k_babaCode=21,data/cache/html/19960305_kawasaki_3.html
19960305_kawasaki_4,1996-03-05,kawasaki,4,https://www.keiba.go.jp/KeibaWeb/TodayRaceInfo/RaceMarkTable?k_raceDate=1996%2F03%2F05&k_raceNo=4&k_babaCode=21,data/cache/html/19960305_kawasaki_4.html
19960305_kawasaki_5,1996-03-05,kawasaki,5,https://www.keiba.go.jp/KeibaWeb/TodayRaceInfo/RaceMarkTable?k_raceDate=1996%2F03%2F05&k_raceNo=5&k_babaCode=21,data/cache/html/19960305_kawasaki_5.html
19960305_kawasaki_6,1996-03-05,kawasaki,6,https://www.keiba.go.jp/KeibaWeb/TodayRaceInfo/RaceMarkTable?k_raceDate=1996%2F03%2F05&k_raceNo=6&k_babaCode=21,data/cache/html/19960305_kawasaki_6.html
19960305_kawasaki_7,1996-03-05,kawasaki,7,https://www.keiba.go.jp/KeibaWeb/TodayRaceInfo/RaceMarkTable?k_raceDate=1996%2F03%2F05&k_raceNo=7&k_babaCode=21,data/cache/html/19960305_kawasaki_7.html
19960305_kawasaki_8,1996-03-05,kawasaki,8,https://www.keiba.go.jp/KeibaWeb/TodayRaceInfo/RaceMarkTable?k_raceDate=1996%2F03%2F05&k_raceNo=8&k_babaCode=21,data/cache/html/19960305_kawasaki_8.html
19960305_kawasaki_9,1996-03-05,kawasaki,9,https://www.keiba.go.jp/KeibaWeb/TodayRaceInfo/RaceMarkTable?k_raceDate=1996%2F03%2F05&k_raceNo=9&k_babaCode=21,data/cache/html/19960305_kawasaki_9.html
19960305_kawasaki_10,1996-03-05,kawasaki,10,https://www.keiba.go.jp/KeibaWeb/TodayRaceInfo/RaceMarkTable?k_raceDate=1996%2F03%2F05&k_raceNo=10&k_babaCode=21,data/cache/html/19960305_kawasaki_10.html
19960305_kawasaki_11,1996-03-05,kawasaki,11,https://www.keiba.go.jp/KeibaWeb/TodayRaceInfo/RaceMarkTable?k_raceDate=1996%2F03%2F05&k_raceNo=11&k_babaCode=21,data/cache/html/19960305_kawasaki_11.html
19960305_kawasaki_12,1996-03-05,kawasaki,12,https://www.keiba.go.jp/KeibaWeb/TodayRaceInfo/RaceMarkTable?k_raceDate=1996%2F03%2F05&k_raceNo=12&k_babaCode=21,data/cache/html/19960305_kawasaki_12.html
19960304_kawasaki_1,1996-03-04,kawasaki,1,https://www.keiba.go.jp/KeibaWeb/TodayRaceInfo/RaceMarkTable?k_raceDate=1996%2F03%2F04&k_raceNo=1&k_babaCode=21,data/cache/html/19960304_kawasaki_1.html
19960304_kawasaki_2,1996-03-04,kawasaki,2,https://www.keiba.go.jp/KeibaWeb/TodayRaceInfo/RaceMarkTable?k_raceDate=1996%2F03%2F04&k_raceNo=2&k_babaCode=21,data/cache/html/19960304_kawasaki_2.html
19960304_kawasaki_3,1996-03-04,kawasaki,3,https://www.keiba.go.jp/KeibaWeb/TodayRaceInfo/RaceMarkTable?k_raceDate=1996%2F03%2F04&k_raceNo=3&k_babaCode=21,data/cache/html/19960304_kawasaki_3.html
19960304_kawasaki_4,1996-03-04,kawasaki,4,https://www.keiba.go.jp/KeibaWeb/TodayRaceInfo/RaceMarkTable?k_raceDate=1996%2F03%2F04&k_raceNo=4&k_babaCode=21,data/cache/html/19960304_kawasaki_4.html
19960304_kawasaki_5,1996-03-04,kawasaki,5,https://www.keiba.go.jp/KeibaWeb/TodayRaceInfo/RaceMarkTable?k_raceDate=1996%2F03%2F04&k_raceNo=5&k_babaCode=21,data/cache/html/19960304_kawasaki_5.html
19960304_kawasaki_6,1996-03-04,kawasaki,6,https://www.keiba.go.jp/KeibaWeb/TodayRaceInfo/RaceMarkTable?k_raceDate=1996%2F03%2F04&k_raceNo=6&k_babaCode=21,data/cache/html/19960304_kawasaki_6.html
19960304_kawasaki_7,1996-03-04,kawasaki,7,https://www.keiba.go.jp/KeibaWeb/TodayRaceInfo/RaceMarkTable?k_raceDate=1996%2F03%2F04&k_raceNo=7&k_babaCode=21,data/cache/html/19960304_kawasaki_7.html
19960304_kawasaki_8,1996-03-04,kawasaki,8,https://www.keiba.go.jp/KeibaWeb/TodayRaceInfo/RaceMarkTable?k_raceDate=1996%2F03%2F04&k_raceNo=8&k_babaCode=21,data/cache/html/19960304_kawasaki_8.html
19960304_kawasaki_9,1996-03-04,kawasaki,9,https://www.keiba.go.jp/KeibaWeb/TodayRaceInfo/RaceMarkTable?k_raceDate=1996%2F03%2F04&k_raceNo=9&k_babaCode=21,data/cache/html/19960304_kawasaki_9.html
19960304_kawasaki_10,1996-03-04,kawasaki,10,https://www.keiba.go.jp/KeibaWeb/TodayRaceInfo/RaceMarkTable?k_raceDate=1996%2F03%2F04&k_raceNo=10&k_babaCode=21,data/cache/html/19960304_kawasaki_10.html
19960304_kawasaki_11,1996-03-04,kawasaki,11,https://www.keiba.go.jp/KeibaWeb/TodayRaceInfo/RaceMarkTable?k_raceDate=1996%2F03%2F04&k_raceNo=11&k_babaCode=21,data/cache/html/19960304_kawasaki_11.html
19960304_kawasaki_12,1996-03-04,kawasaki,12,https://www.keiba.go.jp/KeibaWeb/TodayRaceInfo/RaceMarkTable?k_raceDate=1996%2F03%2F04&k_raceNo=12&k_babaCode=21,data/cache/html/19960304_kawasaki_12.html
19960303_kawasaki_1,1996-03-03,kawasaki,1,https://www.keiba.go.jp/KeibaWeb/TodayRaceInfo/RaceMarkTable?k_raceDate=1996%2F03%2F03&k_raceNo=1&k_babaCode=21,data/cache/html/19960303_kawasaki_1.html
19960303_kawasaki_2,1996-03-03,kawasaki,2,https://www.keiba.go.jp/KeibaWeb/TodayRaceInfo/RaceMarkTable?k_raceDate=1996%2F03%2F03&k_raceNo=2&k_babaCode=21,data/cache/html/19960303_kawasaki_2.html
19960303_kawasaki_3,1996-03-03,kawasaki,3,https://www.keiba.go.jp/KeibaWeb/TodayRaceInfo/RaceMarkTable?k_raceDate=1996%2F03%2F03&k_raceNo=3&k_babaCode=21,data/cache/html/19960303_kawasaki_3.html
19960303_kawasaki_4,1996-03-03,kawasaki,4,https://www.keiba.go.jp/KeibaWeb/TodayRaceInfo/RaceMarkTable?k_raceDate=1996%2F03%2F03&k_raceNo=4&k_babaCode=21,data/cache/html/19960303_kawasaki_4.html
19960303_kawasaki_5,1996-03-03,kawasaki,5,https://www.keiba.go.jp/KeibaWeb/TodayRaceInfo/RaceMarkTable?k_raceDate=1996%2F03%2F03&k_raceNo=5&k_babaCode=21,data/cache/html/19960303_kawasaki_5.html
19960303_kawasaki_6,1996-03-03,kawasaki,6,https://www.keiba.go.jp/KeibaWeb/TodayRaceInfo/RaceMarkTable?k_raceDate=1996%2F03%2F03&k_raceNo=6&k_babaCode=21,data/cache/html/19960303_kawasaki_6.html
19960303_kawasaki_7,1996-03-03,kawasaki,7,https://www.keiba.go.jp/KeibaWeb/TodayRaceInfo/RaceMarkTable?k_raceDate=1996%2F03%2F03&k_raceNo=7&k_babaCode=21,data/cache/html/19960303_kawasaki_7.html
19960303_kawasaki_8,1996-03-03,kawasaki,8,https://www.keiba.go.jp/KeibaWeb/TodayRaceInfo/RaceMarkTable?k_raceDate=1996%2F03%2F03&k_raceNo=8&k_babaCode=21,data/cache/html/19960303_kawasaki_8.html
19960303_kawasaki_9,1996-03-03,kawasaki,9,https://www.keiba.go.jp/KeibaWeb/TodayRaceInfo/RaceMarkTable?k_raceDate=1996%2F03%2F03&k_raceNo=9&k_babaCode=21,data/cache/html/19960303_kawasaki_9.html
19960303_kawasaki_10,1996-03-03,kawasaki,10,https://www.keiba.go.jp/KeibaWeb/TodayRaceInfo/RaceMarkTable?k_raceDate=1996%2F03%2F03&k_raceNo=10&k_babaCode=21,data/cache/html/19960303_kawasaki_10.html
19960303_kawasaki_11,1996-03-03,kawasaki,11,https://www.keiba.go.jp/KeibaWeb/TodayRaceInfo/RaceMarkTable?k_raceDate=1996%2F03%2F03&k_raceNo=11&k_babaCode=21,data/cache/html/19960303_kawasaki_11.html
19960303_kawasaki_12,1996-03-03,kawasaki,12,https://www.keiba.go.jp/KeibaWeb/TodayRaceInfo/RaceMarkTable?k_raceDate=1996%2F03%2F03&k_raceNo=12&k_babaCode=21,data/cache/html/19960303_kawasaki_12.html
19960302_kawasaki_1,1996-03-02,kawasaki,1,https://www.keiba.go.jp/KeibaWeb/TodayRaceInfo/RaceMarkTable?k_raceDate=1996%2F03%2F02&k_raceNo=1&k_babaCode=21,data/cache/html/19960302_kawasaki_1.html
19960302_kawasaki_2,1996-03-02,kawasaki,2,https://www.keiba.go.jp/KeibaWeb/TodayRaceInfo/RaceMarkTable?k_raceDate=1996%2F03%2F02&k_raceNo=2&k_babaCode=21,data/cache/html/19960302_kawasaki_2.html
19960302_kawasaki_3,1996-03-02,kawasaki,3,https://www.keiba.go.jp/KeibaWeb/TodayRaceInfo/RaceMarkTable?k_raceDate=1996%2F03%2F02&k_raceNo=3&k_babaCode=21,data/cache/html/19960302_kawasaki_3.html
19960302_kawasaki_4,1996-03-02,kawasaki,4,https://www.keiba.go.jp/KeibaWeb/TodayRaceInfo/RaceMarkTable?k_raceDate=1996%2F03%2F02&k_raceNo=4&k_babaCode=21,data/cache/html/19960302_kawasaki_4.html
19960302_kawasaki_5,1996-03-02,kawasaki,5,https://www.keiba.go.jp/KeibaWeb/TodayRaceInfo/RaceMarkTable?k_raceDate=1996%2F03%2F02&k_raceNo=5&k_babaCode=21,data/cache/html/19960302_kawasaki_5.html
19960302_kawasaki_6,1996-03-02,kawasaki,6,https://www.keiba.go.jp/KeibaWeb/TodayRaceInfo/RaceMarkTable?k_raceDate=1996%2F03%2F02&k_raceNo=6&k_babaCode=21,data/cache/html/19960302_kawasaki_6.html
19960302_kawasaki_7,1996-03-02,kawasaki,7,https://www.keiba.go.jp/KeibaWeb/TodayRaceInfo/RaceMarkTable?k_raceDate=1996%2F03%2F02&k_raceNo=7&k_babaCode=21,data/cache/html/19960302_kawasaki_7.html
19960302_kawasaki_8,1996-03-02,kawasaki,8,https://www.keiba.go.jp/KeibaWeb/TodayRaceInfo/RaceMarkTable?k_raceDate=1996%2F03%2F02&k_raceNo=8&k_babaCode=21,data/cache/html/19960302_kawasaki_8.html
19960302_kawasaki_9,1996-03-02,kawasaki,9,https://www.keiba.go.jp/KeibaWeb/TodayRaceInfo/RaceMarkTable?k_raceDate=1996%2F03%2F02&k_raceNo=9&k_babaCode=21,data/cache/html/19960302_kawasaki_9.html
19960302_kawasaki_10,1996-03-02,kawasaki,10,https://www.keiba.go.jp/KeibaWeb/TodayRaceInfo/RaceMarkTable?k_raceDate=1996%2F03%2F02&k_raceNo=10&k_babaCode=21,data/cache/html/19960302_kawasaki_10.html
19960302_kawasaki_11,1996-03-02,kawasaki,11,https://www.keiba.go.jp/KeibaWeb/TodayRaceInfo/RaceMarkTable?k_raceDate=1996%2F03%2F02&k_raceNo=11&k_babaCode=21,data/cache/html/19960302_kawasaki_11.html
19960302_kawasaki_12,1996-03-02,kawasaki,12,https://www.keiba.go.jp/KeibaWeb/TodayRaceInfo/RaceMarkTable?k_raceDate=1996%2F03%2F02&k_raceNo=12&k_babaCode=21,data/cache/html/19960302_kawasaki_12.html
19960301_kawasaki_1,1996-03-01,kawasaki,1,https://www.keiba.go.jp/KeibaWeb/TodayRaceInfo/RaceMarkTable?k_raceDate=1996%2F03%2F01&k_raceNo=1&k_babaCode=21,data/cache/html/19960301_kawasaki_1.html
19960301_kawasaki_2,1996-03-01,kawasaki,2,https://www.keiba.go.jp/KeibaWeb/TodayRaceInfo/RaceMarkTable?k_raceDate=1996%2F03%2F01&k_raceNo=2&k_babaCode=21,data/cache/html/19960301_kawasaki_2.html
19960301_kawasaki_3,1996-03-01,kawasaki,3,https://www.keiba.go.jp/KeibaWeb/TodayRaceInfo/RaceMarkTable?k_raceDate=1996%2F03%2F01&k_raceNo=3&k_babaCode=21,data/cache/html/19960301_kawasaki_3.html
19960301_kawasaki_4,1996-03-01,kawasaki,4,https://www.keiba.go.jp/KeibaWeb/TodayRaceInfo/RaceMarkTable?k_raceDate=1996%2F03%2F01&k_raceNo=4&k_babaCode=21,data/cache/html/19960301_kawasaki_4.html
19960301_kawasaki_5,1996-03-01,kawasaki,5,https://www.keiba.go.jp/KeibaWeb/TodayRaceInfo/RaceMarkTable?k_raceDate=1996%2F03%2F01&k_raceNo=5&k_babaCode=21,data/cache/html/19960301_kawasaki_5.html
19960301_kawasaki_6,1996-03-01,kawasaki,6,https://www.keiba.go.jp/KeibaWeb/TodayRaceInfo/RaceMarkTable?k_raceDate=1996%2F03%2F01&k_raceNo=6&k_babaCode=21,data/cache/html/19960301_kawasaki_6.html
19960301_kawasaki_7,1996-03-01,kawasaki,7,https://www.keiba.go.jp/KeibaWeb/TodayRaceInfo/RaceMarkTable?k_raceDate=1996%2F03%2F01&k_raceNo=7&k_babaCode=21,data/cache/html/19960301_kawasaki_7.html
19960301_kawasaki_8,1996-03-01,kawasaki,8,https://www.keiba.go.jp/KeibaWeb/TodayRaceInfo/RaceMarkTable?k_raceDate=1996%2F03%2F01&k_raceNo=8&k_babaCode=21,data/cache/html/19960301_kawasaki_8.html
19960301_kawasaki_9,1996-03-01,kawasaki,9,https://www.keiba.go.jp/KeibaWeb/TodayRaceInfo/RaceMarkTable?k_raceDate=1996%2F03%2F01&k_raceNo=9&k_babaCode=21,data/cache/html/19960301_kawasaki_9.html
19960301_kawasaki_10,1996-03-01,kawasaki,10,https://www.keiba.go.jp/KeibaWeb/TodayRaceInfo/RaceMarkTable?k_raceDate=1996%2F03%2F01&k_raceNo=10&k_babaCode=21,data/cache/html/19960301_kawasaki_10.html
19960301_kawasaki_11,1996-03-01,kawasaki,11,https://www.keiba.go.jp/KeibaWeb/TodayRaceInfo/RaceMarkTable?k_raceDate=1996%2F03%2F01&k_raceNo=11&k_babaCode=21,data/cache/html/19960301_kawasaki_11.html
19960301_kawasaki_12,1996-03-01,kawasaki,12,https://www.keiba.go.jp/KeibaWeb/TodayRaceInfo/RaceMarkTable?k_raceDate=1996%2F03%2F01&k_raceNo=12&k_babaCode=21,data/cache/html/19960301_kawasaki_12.html
19960229_kawasaki_1,1996-02-29,kawasaki,1,https://www.keiba.go.jp/KeibaWeb/TodayRaceInfo/RaceMarkTable?k_raceDate=1996%2F02%2F29&k_raceNo=1&k_babaCode=21,data/cache/html/19960229_kawasaki_1.html
19960229_kawasaki_2,1996-02-29,kawasaki,2,https://www.keiba.go.jp/KeibaWeb/TodayRaceInfo/RaceMarkTable?k_raceDate=1996%2F02%2F29&k_raceNo=2&k_babaCode=21,data/cache/html/19960229_kawasaki_2.html
19960229_kawasaki_3,1996-02-29,kawasaki,3,https://www.keiba.go.jp/KeibaWeb/TodayRaceInfo/RaceMarkTable?k_raceDate=1996%2F02%2F29&k_raceNo=3&k_babaCode=21,data/cache/html/19960229_kawasaki_3.html
19960229_kawasaki_4,1996-02-29,kawasaki,4,https://www.keiba.go.jp/KeibaWeb/TodayRaceInfo/RaceMarkTable?k_raceDate=1996%2F02%2F29&k_raceNo=4&k_babaCode=21,data/cache/html/19960229_kawasaki_4.html
19960229_kawasaki_5,1996-02-29,kawasaki,5,https://www.keiba.go.jp/KeibaWeb/TodayRaceInfo/RaceMarkTable?k_raceDate=1996%2F02%2F29&k_raceNo=5&k_babaCode=21,data/cache/html/19960229_kawasaki_5.html
19960229_kawasaki_6,1996-02-29,kawasaki,6,https://www.keiba.go.jp/KeibaWeb/TodayRaceInfo/RaceMarkTable?k_raceDate=1996%2F02%2F29&k_raceNo=6&k_babaCode=21,data/cache/html/19960229_kawasaki_6.html
19960229_kawasaki_7,1996-02-29,kawasaki,7,https://www.keiba.go.jp/KeibaWeb/TodayRaceInfo/RaceMarkTable?k_raceDate=1996%2F02%2F29&k_raceNo=7&k_babaCode=21,data/cache/html/19960229_kawasaki_7.html
19960229_kawasaki_8,1996-02-29,kawasaki,8,https://www.keiba.go.jp/KeibaWeb/TodayRaceInfo/RaceMarkTable?k_raceDate=1996%2F02%2F29&k_raceNo=8&k_babaCode=21,data/cache/html/19960229_kawasaki_8.html
19960229_kawasaki_9,1996-02-29,kawasaki,9,https://www.keiba.go.jp/KeibaWeb/TodayRaceInfo/RaceMarkTable?k_raceDate=1996%2F02%2F29&k_raceNo=9&k_babaCode=21,data/cache/html/19960229_kawasaki_9.html
19960229_kawasaki_10,1996-02-29,kawasaki,10,https://www.keiba.go.jp/KeibaWeb/TodayRaceInfo/RaceMarkTable?k_raceDate=1996%2F02%2F29&k_raceNo=10&k_babaCode=21,data/cache/html/19960229_kawasaki_10.html
19960229_kawasaki_11,1996-02-29,kawasaki,11,https://www.keiba.go.jp/KeibaWeb/TodayRaceInfo/RaceMarkTable?k_raceDate=1996%2F02%2F29&k_raceNo=11&k_babaCode=21,data/cache/html/19960229_kawasaki_11.html
19960229_kawasaki_12,1996-02-29,kawasaki,12,https://www.keiba.go.jp/KeibaWeb/TodayRaceInfo/RaceMarkTable?k_raceDate=1996%2F02%2F29&k_raceNo=12&k_babaCode=21,data/cache/html/19960229_kawasaki_12.html
19960228_kawasaki_1,1996-02-28,kawasaki,1,https://www.keiba.go.jp/KeibaWeb/TodayRaceInfo/RaceMarkTable?k_raceDate=1996%2F02%2F28&k_raceNo=1&k_babaCode=21,data/cache/html/19960228_kawasaki_1.html
19960228_kawasaki_2,1996-02-28,kawasaki,2,https://www.keiba.go.jp/KeibaWeb/TodayRaceInfo/RaceMarkTable?k_raceDate=1996%2F02%2F28&k_raceNo=2&k_babaCode=21,data/cache/html/19960228_kawasaki_2.html
19960228_kawasaki_3,1996-02-28,kawasaki,3,https://www.keiba.go.jp/KeibaWeb/TodayRaceInfo/RaceMarkTable?k_raceDate=1996%2F02%2F28&k_raceNo=3&k_babaCode=21,data/cache/html/19960228_kawasaki_3.html
19960228_kawasaki_4,1996-02-28,kawasaki,4,https://www.keiba.go.jp/KeibaWeb/TodayRaceInfo/RaceMarkTable?k_raceDate=1996%2F02%2F28&k_raceNo=4&k_babaCode=21,data/cache/html/19960228_kawasaki_4.html
19960228_kawasaki_5,1996-02-28,kawasaki,5,https://www.keiba.go.jp/KeibaWeb/TodayRaceInfo/RaceMarkTable?k_raceDate=1996%2F02%2F28&k_raceNo=5&k_babaCode=21,data/cache/html/19960228_kawasaki_5.html
19960228_kawasaki_6,1996-02-28,kawasaki,6,https://www.keiba.go.jp/KeibaWeb/TodayRaceInfo/RaceMarkTable?k_raceDate=1996%2F02%2F28&k_raceNo=6&k_babaCode=21,data/cache/html/19960228_kawasaki_6.html
19960228_kawasaki_7,1996-02-28,kawasaki,7,https://www.keiba.go.jp/KeibaWeb/TodayRaceInfo/RaceMarkTable?k_raceDate=1996%2F02%2F28&k_raceNo=7&k_babaCode=21,data/cache/html/19960228_kawasaki_7.html
19960228_kawasaki_8,1996-02-28,kawasaki,8,https://www.keiba.go.jp/KeibaWeb/TodayRaceInfo/RaceMarkTable?k_raceDate=1996%2F02%2F28&k_raceNo=8&k_babaCode=21,data/cache/html/19960228_kawasaki_8.html
19960228_kawasaki_9,1996-02-28,kawasaki,9,https://www.keiba.go.jp/KeibaWeb/TodayRaceInfo/RaceMarkTable?k_raceDate=1996%2F02%2F28&k_raceNo=9&k_babaCode=21,data/cache/html/19960228_kawasaki_9.html
19960228_kawasaki_10,1996-02-28,kawasaki,10,https://www.keiba.go.jp/KeibaWeb/TodayRaceInfo/RaceMarkTable?k_raceDate=1996%2F02%2F28&k_raceNo=10&k_babaCode=21,data/cache/html/19960228_kawasaki_10.html
19960228_kawasaki_11,1996-02-28,kawasaki,11,https://www.keiba.go.jp/KeibaWeb/TodayRaceInfo/RaceMarkTable?k_raceDate=1996%2F02%2F28&k_raceNo=11&k_babaCode=21,data/cache/html/19960228_kawasaki_11.html
19960228_kawasaki_12,1996-02-28,kawasaki,12,https://www.keiba.go.jp/KeibaWeb/TodayRaceInfo/RaceMarkTable?k_raceDate=1996%2F02%2F28&k_raceNo=12&k_babaCode=21,data/cache/html/19960228_kawasaki_12.html
19960227_kawasaki_1,1996-02-27,kawasaki,1,https://www.keiba.go.jp/KeibaWeb/TodayRaceInfo/RaceMarkTable?k_raceDate=1996%2F02%2F27&k_raceNo=1&k_babaCode=21,data/cache/html/19960227_kawasaki_1.html
19960227_kawasaki_2,1996-02-27,kawasaki,2,https://www.keiba.go.jp/KeibaWeb/TodayRaceInfo/RaceMarkTable?k_raceDate=1996%2F02%2F27&k_raceNo=2&k_babaCode=21,data/cache/html/19960227_kawasaki_2.html
19960227_kawasaki_3,1996-02-27,kawasaki,3,https://www.keiba.go.jp/KeibaWeb/TodayRaceInfo/RaceMarkTable?k_raceDate=1996%2F02%2F27&k_raceNo=3&k_babaCode=21,data/cache/html/19960227_kawasaki_3.html
19960227_kawasaki_4,1996-02-27,kawasaki,4,https://www.keiba.go.jp/KeibaWeb/TodayRaceInfo/RaceMarkTable?k_raceDate=1996%2F02%2F27&k_raceNo=4&k_babaCode=21,data/cache/html/19960227_kawasaki_4.html
19960227_kawasaki_5,1996-02-27,kawasaki,5,https://www.keiba.go.jp/KeibaWeb/TodayRaceInfo/RaceMarkTable?k_raceDate=1996%2F02%2F27&k_raceNo=5&k_babaCode=21,data/cache/html/19960227_kawasaki_5.html
19960227_kawasaki_6,1996-02-27,kawasaki,6,https://www.keiba.go.jp/KeibaWeb/TodayRaceInfo/RaceMarkTable?k_raceDate=1996%2F02%2F27&k_raceNo=6&k_babaCode=21,data/cache/html/19960227_kawasaki_6.html
19960227_kawasaki_7,1996-02-27,kawasaki,7,https://www.keiba.go.jp/KeibaWeb/TodayRaceInfo/RaceMarkTable?k_raceDate=1996%2F02%2F27&k_raceNo=7&k_babaCode=21,data/cache/html/19960227_kawasaki_7.html
19960227_kawasaki_8,1996-02-27,kawasaki,8,https://www.keiba.go.jp/KeibaWeb/TodayRaceInfo/RaceMarkTable?k_raceDate=1996%2F02%2F27&k_raceNo=8&k_babaCode=21,data/cache/html/19960227_kawasaki_8.html
19960227_kawasaki_9,1996-02-27,kawasaki,9,https://www.keiba.go.jp/KeibaWeb/TodayRaceInfo/RaceMarkTable?k_raceDate=1996%2F02%2F27&k_raceNo=9&k_babaCode=21,data/cache/html/19960227_kawasaki_9.html
19960227_kawasaki_10,1996-02-27,kawasaki,10,https://www.keiba.go.jp/KeibaWeb/TodayRaceInfo/RaceMarkTable?k_raceDate=1996%2F02%2F27&k_raceNo=10&k_babaCode=21,data/cache/html/19960227_kawasaki_10.html
19960227_kawasaki_11,1996-02-27,kawasaki,11,https://www.keiba.go.jp/KeibaWeb/TodayRaceInfo/RaceMarkTable?k_raceDate=1996%2F02%2F27&k_raceNo=11&k_babaCode=21,data/cache/html/19960227_kawasaki_11.html
19960227_kawasaki_12,1996-02-27,kawasaki,12,https://www.keiba.go.jp/KeibaWeb/TodayRaceInfo/RaceMarkTable?k_raceDate=1996%2F02%2F27&k_raceNo=12&k_babaCode=21,data/cache/html/19960227_kawasaki_12.html
19960226_kawasaki_1,1996-02-26,kawasaki,1,https://www.keiba.go.jp/KeibaWeb/TodayRaceInfo/RaceMarkTable?k_raceDate=1996%2F02%2F26&k_raceNo=1&k_babaCode=21,data/cache/html/19960226_kawasaki_1.html
19960226_kawasaki_2,1996-02-26,kawasaki,2,https://www.keiba.go.jp/KeibaWeb/TodayRaceInfo/RaceMarkTable?k_raceDate=1996%2F02%2F26&k_raceNo=2&k_babaCode=21,data/cache/html/19960226_kawasaki_2.html
19960226_kawasaki_3,1996-02-26,kawasaki,3,https://www.keiba.go.jp/KeibaWeb/TodayRaceInfo/RaceMarkTable?k_raceDate=1996%2F02%2F26&k_raceNo=3&k_babaCode=21,data/cache/html/19960226_kawasaki_3.html
19960226_kawasaki_4,1996-02-26,kawasaki,4,https://www.keiba.go.jp/KeibaWeb/TodayRaceInfo/RaceMarkTable?k_raceDate=1996%2F02%2F26&k_raceNo=4&k_babaCode=21,data/cache/html/19960226_kawasaki_4.html
19960226_kawasaki_5,1996-02-26,kawasaki,5,https://www.keiba.go.jp/KeibaWeb/TodayRaceInfo/RaceMarkTable?k_raceDate=1996%2F02%2F26&k_raceNo=5&k_babaCode=21,data/cache/html/19960226_kawasaki_5.html
19960226_kawasaki_6,1996-02-26,kawasaki,6,https://www.keiba.go.jp/KeibaWeb/TodayRaceInfo/RaceMarkTable?k_raceDate=1996%2F02%2F26&k_raceNo=6&k_babaCode=21,data/cache/html/19960226_kawasaki_6.html
19960226_kawasaki_7,1996-02-26,kawasaki,7,https://www.keiba.go.jp/KeibaWeb/TodayRaceInfo/RaceMarkTable?k_raceDate=1996%2F02%2F26&k_raceNo=7&k_babaCode=21,data/cache/html/19960226_kawasaki_7.html
19960226_kawasaki_8,1996-02-26,kawasaki,8,https://www.keiba.go.jp/KeibaWeb/TodayRaceInfo/RaceMarkTable?k_raceDate=1996%2F02%2F26&k_raceNo=8&k_babaCode=21,data/cache/html/19960226_kawasaki_8.html
19960226_kawasaki_9,1996-02-26,kawasaki,9,https://www.keiba.go.jp/KeibaWeb/TodayRaceInfo/RaceMarkTable?k_raceDate=1996%2F02%2F26&k_raceNo=9&k_babaCode=21,data/cache/html/19960226_kawasaki_9.html
19960226_kawasaki_10,1996-02-26,kawasaki,10,https://www.keiba.go.jp/KeibaWeb/TodayRaceInfo/RaceMarkTable?k_raceDate=1996%2F02%2F26&k_raceNo=10&k_babaCode=21,data/cache/html/19960226_kawasaki_10.html
19960226_kawasaki_11,1996-02-26,kawasaki,11,https://www.keiba.go.jp/KeibaWeb/TodayRaceInfo/RaceMarkTable?k_raceDate=1996%2F02%2F26&k_raceNo=11&k_babaCode=21,data/cache/html/19960226_kawasaki_11.html
19960226_kawasaki_12,1996-02-26,kawasaki,12,https://www.keiba.go.jp/KeibaWeb/TodayRaceInfo/RaceMarkTable?k_raceDate=1996%2F02%2F26&k_raceNo=12&k_babaCode=21,data/cache/html/19960226_kawasaki_12.html
19960225_kawasaki_1,1996-02-25,kawasaki,1,https://www.keiba.go.jp/KeibaWeb/TodayRaceInfo/RaceMarkTable?k_raceDate=1996%2F02%2F25&k_raceNo=1&k_babaCode=21,data/cache/html/19960225_kawasaki_1.html
19960225_kawasaki_2,1996-02-25,kawasaki,2,https://www.keiba.go.jp/KeibaWeb/TodayRaceInfo/RaceMarkTable?k_raceDate=1996%2F02%2F25&k_raceNo=2&k_babaCode=21,data/cache/html/19960225_kawasaki_2.html
19960225_kawasaki_3,1996-02-25,kawasaki,3,https://www.keiba.go.jp/KeibaWeb/TodayRaceInfo/RaceMarkTable?k_raceDate=1996%2F02%2F25&k_raceNo=3&k_babaCode=21,data/cache/html/19960225_kawasaki_3.html
19960225_kawasaki_4,1996-02-25,kawasaki,4,https://www.keiba.go.jp/KeibaWeb/TodayRaceInfo/RaceMarkTable?k_raceDate=1996%2F02%2F25&k_raceNo=4&k_babaCode=21,data/cache/html/19960225_kawasaki_4.html
19960225_kawasaki_5,1996-02-25,kawasaki,5,https://www.keiba.go.jp/KeibaWeb/TodayRaceInfo/RaceMarkTable?k_raceDate=1996%2F02%2F25&k_raceNo=5&k_babaCode=21,data/cache/html/19960225_kawasaki_5.html
19960225_kawasaki_6,1996-02-25,kawasaki,6,https://www.keiba.go.jp/KeibaWeb/TodayRaceInfo/RaceMarkTable?k_raceDate=1996%2F02%2F25&k_raceNo=6&k_babaCode=21,data/cache/html/19960225_kawasaki_6.html
19960225_kawasaki_7,1996-02-25,kawasaki,7,https://www.keiba.go.jp/KeibaWeb/TodayRaceInfo/RaceMarkTable?k_raceDate=1996%2F02%2F25&k_raceNo=7&k_babaCode=21,data/cache/html/19960225_kawasaki_7.html
19960225_kawasaki_8,1996-02-25,kawasaki,8,https://www.keiba.go.jp/KeibaWeb/TodayRaceInfo/RaceMarkTable?k_raceDate=1996%2F02%2F25&k_raceNo=8&k_babaCode=21,data/cache/html/19960225_kawasaki_8.html
19960225_kawasaki_9,1996-02-25,kawasaki,9,https://www.keiba.go.jp/KeibaWeb/TodayRaceInfo/RaceMarkTable?k_raceDate=1996%2F02%2F25&k_raceNo=9&k_babaCode=21,data/cache/html/19960225_kawasaki_9.html
19960225_kawasaki_10,1996-02-25,kawasaki,10,https://www.keiba.go.jp/KeibaWeb/TodayRaceInfo/RaceMarkTable?k_raceDate=1996%2F02%2F25&k_raceNo=10&k_babaCode=21,data/cache/html/19960225_kawasaki_10.html
19960225_kawasaki_11,1996-02-25,kawasaki,11,https://www.keiba.go.jp/KeibaWeb/TodayRaceInfo/RaceMarkTable?k_raceDate=1996%2F02%2F25&k_raceNo=11&k_babaCode=21,data/cache/html/19960225_kawasaki_11.html
19960225_kawasaki_12,1996-02-25,kawasaki,12,https://www.keiba.go.jp/KeibaWeb/TodayRaceInfo/RaceMarkTable?k_raceDate=1996%2F02%2F25&k_raceNo=12&k_babaCode=21,data/cache/html/19960225_kawasaki_12.html
19960224_kawasaki_1,1996-02-24,kawasaki,1,https://www.keiba.go.jp/KeibaWeb/TodayRaceInfo/RaceMarkTable?k_raceDate=1996%2F02%2F24&k_raceNo=1&k_babaCode=21,data/cache/html/19960224_kawasaki_1.html
19960224_kawasaki_2,1996-02-24,kawasaki,2,https://www.keiba.go.jp/KeibaWeb/TodayRaceInfo/RaceMarkTable?k_raceDate=1996%2F02%2F24&k_raceNo=2&k_babaCode=21,data/cache/html/19960224_kawasaki_2.html
19960224_kawasaki_3,1996-02-24,kawasaki,3,https://www.keiba.go.jp/KeibaWeb/TodayRaceInfo/RaceMarkTable?k_raceDate=1996%2F02%2F24&k_raceNo=3&k_babaCode=21,data/cache/html/19960224_kawasaki_3.html
19960224_kawasaki_4,1996-02-24,kawasaki,4,https://www.keiba.go.jp/KeibaWeb/TodayRaceInfo/RaceMarkTable?k_raceDate=1996%2F02%2F24&k_raceNo=4&k_babaCode=21,data/cache/html/19960224_kawasaki_4.html
19960224_kawasaki_5,1996-02-24,kawasaki,5,https://www.keiba.go.jp/KeibaWeb/TodayRaceInfo/RaceMarkTable?k_raceDate=1996%2F02%2F24&k_raceNo=5&k_babaCode=21,data/cache/html/19960224_kawasaki_5.html
19960224_kawasaki_6,1996-02-24,kawasaki,6,https://www.keiba.go.jp/KeibaWeb/TodayRaceInfo/RaceMarkTable?k_raceDate=1996%2F02%2F24&k_raceNo=6&k_babaCode=21,data/cache/html/19960224_kawasaki_6.html
19960224_kawasaki_7,1996-02-24,kawasaki,7,https://www.keiba.go.jp/KeibaWeb/TodayRaceInfo/RaceMarkTable?k_raceDate=1996%2F02%2F24&k_raceNo=7&k_babaCode=21,data/cache/html/19960224_kawasaki_7.html
19960224_kawasaki_8,1996-02-24,kawasaki,8,https://www.keiba.go.jp/KeibaWeb/TodayRaceInfo/RaceMarkTable?k_raceDate=1996%2F02%2F24&k_raceNo=8&k_babaCode=21,data/cache/html/19960224_kawasaki_8.html
19960224_kawasaki_9,1996-02-24,kawasaki,9,https://www.keiba.go.jp/KeibaWeb/TodayRaceInfo/RaceMarkTable?k_raceDate=1996%2F02%2F24&k_raceNo=9&k_babaCode=21,data/cache/html/19960224_kawasaki_9.html
19960224_kawasaki_10,1996-02-24,kawasaki,10,https://www.keiba.go.jp/KeibaWeb/TodayRaceInfo/RaceMarkTable?k_raceDate=1996%2F02%2F24&k_raceNo=10&k_babaCode=21,data/cache/html/19960224_kawasaki_10.html
19960224_kawasaki_11,1996-02-24,kawasaki,11,https://www.keiba.go.jp/KeibaWeb/TodayRaceInfo/RaceMarkTable?k_raceDate=1996%2F02%2F24&k_raceNo=11&k_babaCode=21,data/cache/html/19960224_kawasaki_11.html
19960224_kawasaki_12,1996-02-24,kawasaki,12,https://www.keiba.go.jp/KeibaWeb/TodayRaceInfo/RaceMarkTable?k_raceDate=1996%2F02%2F24&k_raceNo=12&k_babaCode=21,data/cache/html/19960224_kawasaki_12.html
19960223_kawasaki_1,1996-02-23,kawasaki,1,https://www.keiba.go.jp/KeibaWeb/TodayRaceInfo/RaceMarkTable?k_raceDate=1996%2F02%2F23&k_raceNo=1&k_babaCode=21,data/cache/html/19960223_kawasaki_1.html
19960223_kawasaki_2,1996-02-23,kawasaki,2,https://www.keiba.go.jp/KeibaWeb/TodayRaceInfo/RaceMarkTable?k_raceDate=1996%2F02%2F23&k_raceNo=2&k_babaCode=21,data/cache/html/19960223_kawasaki_2.html
19960223_kawasaki_3,1996-02-23,kawasaki,3,https://www.keiba.go.jp/KeibaWeb/TodayRaceInfo/RaceMarkTable?k_raceDate=1996%2F02%2F23&k_raceNo=3&k_babaCode=21,data/cache/html/19960223_kawasaki_3.html
19960223_kawasaki_4,1996-02-23,kawasaki,4,https://www.keiba.go.jp/KeibaWeb/TodayRaceInfo/RaceMarkTable?k_raceDate=1996%2F02%2F23&k_raceNo=4&k_babaCode=21,data/cache/html/19960223_kawasaki_4.html
19960223_kawasaki_5,1996-02-23,kawasaki,5,https://www.keiba.go.jp/KeibaWeb/TodayRaceInfo/RaceMarkTable?k_raceDate=1996%2F02%2F23&k_raceNo=5&k_babaCode=21,data/cache/html/19960223_kawasaki_5.html
19960223_kawasaki_6,1996-02-23,kawasaki,6,https://www.keiba.go.jp/KeibaWeb/TodayRaceInfo/RaceMarkTable?k_raceDate=1996%2F02%2F23&k_raceNo=6&k_babaCode=21,data/cache/html/19960223_kawasaki_6.html
19960223_kawasaki_7,1996-02-23,kawasaki,7,https://www.keiba.go.jp/KeibaWeb/TodayRaceInfo/RaceMarkTable?k_raceDate=1996%2F02%2F23&k_raceNo=7&k_babaCode=21,data/cache/html/19960223_kawasaki_7.html
19960223_kawasaki_8,1996-02-23,kawasaki,8,https://www.keiba.go.jp/KeibaWeb/TodayRaceInfo/RaceMarkTable?k_raceDate=1996%2F02%2F23&k_raceNo=8&k_babaCode=21,data/cache/html/19960223_kawasaki_8.html
19960223_kawasaki_9,1996-02-23,kawasaki,9,https://www.keiba.go.jp/KeibaWeb/TodayRaceInfo/RaceMarkTable?k_raceDate=1996%2F02%2F23&k_raceNo=9&k_babaCode=21,data/cache/html/19960223_kawasaki_9.html
19960223_kawasaki_10,1996-02-23,kawasaki,10,https://www.keiba.go.jp/KeibaWeb/TodayRaceInfo/RaceMarkTable?k_raceDate=1996%2F02%2F23&k_raceNo=10&k_babaCode=21,data/cache/html/19960223_kawasaki_10.html
19960223_kawasaki_11,1996-02-23,kawasaki,11,https://www.keiba.go.jp/KeibaWeb/TodayRaceInfo/RaceMarkTable?k_raceDate=1996%2F02%2F23&k_raceNo=11&k_babaCode=21,data/cache/html/19960223_kawasaki_11.html
19960223_kawasaki_12,1996-02-23,kawasaki,12,https://www.keiba.go.jp/KeibaWeb/TodayRaceInfo/RaceMarkTable?k_raceDate=1996%2F02%2F23&k_raceNo=12&k_babaCode=21,data/cache/html/19960223_kawasaki_12.html
19960222_kawasaki_1,1996-02-22,kawasaki,1,https://www.keiba.go.jp/KeibaWeb/TodayRaceInfo/RaceMarkTable?k_raceDate=1996%2F02%2F22&k_raceNo=1&k_babaCode=21,data/cache/html/19960222_kawasaki_1.html
19960222_kawasaki_2,1996-02-22,kawasaki,2,https://www.keiba.go.jp/KeibaWeb/TodayRaceInfo/RaceMarkTable?k_raceDate=1996%2F02%2F22&k_raceNo=2&k_babaCode=21,data/cache/html/19960222_kawasaki_2.html
19960222_kawasaki_3,1996-02-22,kawasaki,3,https://www.keiba.go.jp/KeibaWeb/TodayRaceInfo/RaceMarkTable?k_raceDate=1996%2F02%2F22&k_raceNo=3&k_babaCode=21,data/cache/html/19960222_kawasaki_3.html
19960222_kawasaki_4,1996-02-22,kawasaki,4,https://www.keiba.go.jp/KeibaWeb/TodayRaceInfo/RaceMarkTable?k_raceDate=1996%2F02%2F22&k_raceNo=4&k_babaCode=21,data/cache/html/19960222_kawasaki_4.html
19960222_kawasaki_5,1996-02-22,kawasaki,5,https://www.keiba.go.jp/KeibaWeb/TodayRaceInfo/RaceMarkTable?k_raceDate=1996%2F02%2F22&k_raceNo=5&k_babaCode=21,data/cache/html/19960222_kawasaki_5.html
19960222_kawasaki_6,1996-02-22,kawasaki,6,https://www.keiba.go.jp/KeibaWeb/TodayRaceInfo/RaceMarkTable?k_raceDate=1996%2F02%2F22&k_raceNo=6&k_babaCode=21,data/cache/html/19960222_kawasaki_6.html
19960222_kawasaki_7,1996-02-22,kawasaki,7,https://www.keiba.go.jp/KeibaWeb/TodayRaceInfo/RaceMarkTable?k_raceDate=1996%2F02%2F22&k_raceNo=7&k_babaCode=21,data/cache/html/19960222_kawasaki_7.html
19960222_kawasaki_8,1996-02-22,kawasaki,8,https://www.keiba.go.jp/KeibaWeb/TodayRaceInfo/RaceMarkTable?k_raceDate=1996%2F02%2F22&k_raceNo=8&k_babaCode=21,data/cache/html/19960222_kawasaki_8.html
19960222_kawasaki_9,1996-02-22,kawasaki,9,https://www.keiba.go.jp/KeibaWeb/TodayRaceInfo/RaceMarkTable?k_raceDate=1996%2F02%2F22&k_raceNo=9&k_babaCode=21,data/cache/html/19960222_kawasaki_9.html
19960222_kawasaki_10,1996-02-22,kawasaki,10,https://www.keiba.go.jp/KeibaWeb/TodayRaceInfo/RaceMarkTable?k_raceDate=1996%2F02%2F22&k_raceNo=10&k_babaCode=21,data/cache/html/19960222_kawasaki_10.html
19960222_kawasaki_11,1996-02-22,kawasaki,11,https://www.keiba.go.jp/KeibaWeb/TodayRaceInfo/RaceMarkTable?k_raceDate=1996%2F02%2F22&k_raceNo=11&k_babaCode=21,data/cache/html/19960222_kawasaki_11.html
19960222_kawasaki_12,1996-02-22,kawasaki,12,https://www.keiba.go.jp/KeibaWeb/TodayRaceInfo/RaceMarkTable?k_raceDate=1996%2F02%2F22&k_raceNo=12&k_babaCode=21,data/cache/html/19960222_kawasaki_12.html
19960221_kawasaki_1,1996-02-21,kawasaki,1,https://www.keiba.go.jp/KeibaWeb/TodayRaceInfo/RaceMarkTable?k_raceDate=1996%2F02%2F21&k_raceNo=1&k_babaCode=21,data/cache/html/19960221_kawasaki_1.html
19960221_kawasaki_2,1996-02-21,kawasaki,2,https://www.keiba.go.jp/KeibaWeb/TodayRaceInfo/RaceMarkTable?k_raceDate=1996%2F02%2F21&k_raceNo=2&k_babaCode=21,data/cache/html/19960221_kawasaki_2.html
19960221_kawasaki_3,1996-02-21,kawasaki,3,https://www.keiba.go.jp/KeibaWeb/TodayRaceInfo/RaceMarkTable?k_raceDate=1996%2F02%2F21&k_raceNo=3&k_babaCode=21,data/cache/html/19960221_kawasaki_3.html
19960221_kawasaki_4,1996-02-21,kawasaki,4,https://www.keiba.go.jp/KeibaWeb/TodayRaceInfo/RaceMarkTable?k_raceDate=1996%2F02%2F21&k_raceNo=4&k_babaCode=21,data/cache/html/19960221_kawasaki_4.html
19960221_kawasaki_5,1996-02-21,kawasaki,5,https://www.keiba.go.jp/KeibaWeb/TodayRaceInfo/RaceMarkTable?k_raceDate=1996%2F02%2F21&k_raceNo=5&k_babaCode=21,data/cache/html/19960221_kawasaki_5.html
19960221_kawasaki_6,1996-02-21,kawasaki,6,https://www.keiba.go.jp/KeibaWeb/TodayRaceInfo/RaceMarkTable?k_raceDate=1996%2F02%2F21&k_raceNo=6&k_babaCode=21,data/cache/html/19960221_kawasaki_6.html
19960221_kawasaki_7,1996-02-21,kawasaki,7,https://www.keiba.go.jp/KeibaWeb/TodayRaceInfo/RaceMarkTable?k_raceDate=1996%2F02%2F21&k_raceNo=7&k_babaCode=21,data/cache/html/19960221_kawasaki_7.html
19960221_kawasaki_8,1996-02-21,kawasaki,8,https://www.keiba.go.jp/KeibaWeb/TodayRaceInfo/RaceMarkTable?k_raceDate=1996%2F02%2F21&k_raceNo=8&k_babaCode=21,data/cache/html/19960221_kawasaki_8.html
19960221_kawasaki_9,1996-02-21,kawasaki,9,https://www.keiba.go.jp/KeibaWeb/TodayRaceInfo/RaceMarkTable?k_raceDate=1996%2F02%2F21&k_raceNo=9&k_babaCode=21,data/cache/html/19960221_kawasaki_9.html
19960221_kawasaki_10,1996-02-21,kawasaki,10,https://www.keiba.go.jp/KeibaWeb/TodayRaceInfo/RaceMarkTable?k_raceDate=1996%2F02%2F21&k_raceNo=10&k_babaCode=21,data/cache/html/19960221_kawasaki_10.html
19960221_kawasaki_11,1996-02-21,kawasaki,11,https://www.keiba.go.jp/KeibaWeb/TodayRaceInfo/RaceMarkTable?k_raceDate=1996%2F02%2F21&k_raceNo=11&k_babaCode=21,data/cache/html/19960221_kawasaki_11.html
19960221_kawasaki_12,1996-02-21,kawasaki,12,https://www.keiba.go.jp/KeibaWeb/TodayRaceInfo/RaceMarkTable?k_raceDate=1996%2F02%2F21&k_raceNo=12&k_babaCode=21,data/cache/html/19960221_kawasaki_12.html
19960220_kawasaki_1,1996-02-20,kawasaki,1,https://www.keiba.go.jp/KeibaWeb/TodayRaceInfo/RaceMarkTable?k_raceDate=1996%2F02%2F20&k_raceNo=1&k_babaCode=21,data/cache/html/19960220_kawasaki_1.html
19960220_kawasaki_2,1996-02-20,kawasaki,2,https://www.keiba.go.jp/KeibaWeb/TodayRaceInfo/RaceMarkTable?k_raceDate=1996%2F02%2F20&k_raceNo=2&k_babaCode=21,data/cache/html/19960220_kawasaki_2.html
19960220_kawasaki_3,1996-02-20,kawasaki,3,https://www.keiba.go.jp/KeibaWeb/TodayRaceInfo/RaceMarkTable?k_raceDate=1996%2F02%2F20&k_raceNo=3&k_babaCode=21,data/cache/html/19960220_kawasaki_3.html
19960220_kawasaki_4,1996-02-20,kawasaki,4,https://www.keiba.go.jp/KeibaWeb/TodayRaceInfo/RaceMarkTable?k_raceDate=1996%2F02%2F20&k_raceNo=4&k_babaCode=21,data/cache/html/19960220_kawasaki_4.html
19960220_kawasaki_5,1996-02-20,kawasaki,5,https://www.keiba.go.jp/KeibaWeb/TodayRaceInfo/RaceMarkTable?k_raceDate=1996%2F02%2F20&k_raceNo=5&k_babaCode=21,data/cache/html/19960220_kawasaki_5.html
19960220_kawasaki_6,1996-02-20,kawasaki,6,https://www.keiba.go.jp/KeibaWeb/TodayRaceInfo/RaceMarkTable?k_raceDate=1996%2F02%2F20&k_raceNo=6&k_babaCode=21,data/cache/html/19960220_kawasaki_6.html
19960220_kawasaki_7,1996-02-20,kawasaki,7,https://www.keiba.go.jp/KeibaWeb/TodayRaceInfo/RaceMarkTable?k_raceDate=1996%2F02%2F20&k_raceNo=7&k_babaCode=21,data/cache/html/19960220_kawasaki_7.html
19960220_kawasaki_8,1996-02-20,kawasaki,8,https://www.keiba.go.jp/KeibaWeb/TodayRaceInfo/RaceMarkTable?k_raceDate=1996%2F02%2F20&k_raceNo=8&k_babaCode=21,data/cache/html/19960220_kawasaki_8.html
19960220_kawasaki_9,1996-02-20,kawasaki,9,https://www.keiba.go.jp/KeibaWeb/TodayRaceInfo/RaceMarkTable?k_raceDate=1996%2F02%2F20&k_raceNo=9&k_babaCode=21,data/cache/html/19960220_kawasaki_9.html
19960220_kawasaki_10,1996-02-20,kawasaki,10,https://www.keiba.go.jp/KeibaWeb/TodayRaceInfo/RaceMarkTable?k_raceDate=1996%2F02%2F20&k_raceNo=10&k_babaCode=21,data/cache/html/19960220_kawasaki_10.html
19960220_kawasaki_11,1996-02-20,kawasaki,11,https://www.keiba.go.jp/KeibaWeb/TodayRaceInfo/RaceMarkTable?k_raceDate=1996%2F02%2F20&k_raceNo=11&k_babaCode=21,data/cache/html/19960220_kawasaki_11.html
19960220_kawasaki_12,1996-02-20,kawasaki,12,https://www.keiba.go.jp/KeibaWeb/TodayRaceInfo/RaceMarkTable?k_raceDate=1996%2F02%2F20&k_raceNo=12&k_babaCode=21,data/cache/html/19960220_kawasaki_12.html
19960219_kawasaki_1,1996-02-19,kawasaki,1,https://www.keiba.go.jp/KeibaWeb/TodayRaceInfo/RaceMarkTable?k_raceDate=1996%2F02%2F19&k_raceNo=1&k_babaCode=21,data/cache/html/19960219_kawasaki_1.html
19960219_kawasaki_2,1996-02-19,kawasaki,2,https://www.keiba.go.jp/KeibaWeb/TodayRaceInfo/RaceMarkTable?k_raceDate=1996%2F02%2F19&k_raceNo=2&k_babaCode=21,data/cache/html/19960219_kawasaki_2.html
19960219_kawasaki_3,1996-02-19,kawasaki,3,https://www.keiba.go.jp/KeibaWeb/TodayRaceInfo/RaceMarkTable?k_raceDate=1996%2F02%2F19&k_raceNo=3&k_babaCode=21,data/cache/html/19960219_kawasaki_3.html
19960219_kawasaki_4,1996-02-19,kawasaki,4,https://www.keiba.go.jp/KeibaWeb/TodayRaceInfo/RaceMarkTable?k_raceDate=1996%2F02%2F19&k_raceNo=4&k_babaCode=21,data/cache/html/19960219_kawasaki_4.html
19960219_kawasaki_5,1996-02-19,kawasaki,5,https://www.keiba.go.jp/KeibaWeb/TodayRaceInfo/RaceMarkTable?k_raceDate=1996%2F02%2F19&k_raceNo=5&k_babaCode=21,data/cache/html/19960219_kawasaki_5.html
19960219_kawasaki_6,1996-02-19,kawasaki,6,https://www.keiba.go.jp/KeibaWeb/TodayRaceInfo/RaceMarkTable?k_raceDate=1996%2F02%2F19&k_raceNo=6&k_babaCode=21,data/cache/html/19960219_kawasaki_6.html
19960219_kawasaki_7,1996-02-19,kawasaki,7,https://www.keiba.go.jp/KeibaWeb/TodayRaceInfo/RaceMarkTable?k_raceDate=1996%2F02%2F19&k_raceNo=7&k_babaCode=21,data/cache/html/19960219_kawasaki_7.html
19960219_kawasaki_8,1996-02-19,kawasaki,8,https://www.keiba.go.jp/KeibaWeb/TodayRaceInfo/RaceMarkTable?k_raceDate=1996%2F02%2F19&k_raceNo=8&k_babaCode=21,data/cache/html/19960219_kawasaki_8.html
19960219_kawasaki_9,1996-02-19,kawasaki,9,https://www.keiba.go.jp/KeibaWeb/TodayRaceInfo/RaceMarkTable?k_raceDate=1996%2F02%2F19&k_raceNo=9&k_babaCode=21,data/cache/html/19960219_kawasaki_9.html
19960219_kawasaki_10,1996-02-19,kawasaki,10,https://www.keiba.go.jp/KeibaWeb/TodayRaceInfo/RaceMarkTable?k_raceDate=1996%2F02%2F19&k_raceNo=10&k_babaCode=21,data/cache/html/19960219_kawasaki_10.html
19960219_kawasaki_11,1996-02-19,kawasaki,11,https://www.keiba.go.jp/KeibaWeb/TodayRaceInfo/RaceMarkTable?k_raceDate=1996%2F02%2F19&k_raceNo=11&k_babaCode=21,data/cache/html/19960219_kawasaki_11.html
19960219_kawasaki_12,1996-02-19,kawasaki,12,https://www.keiba.go.jp/KeibaWeb/TodayRaceInfo/RaceMarkTable?k_raceDate=1996%2F02%2F19&k_raceNo=12&k_babaCode=21,data/cache/html/19960219_kawasaki_12.html
19960218_kawasaki_1,1996-02-18,kawasaki,1,https://www.keiba.go.jp/KeibaWeb/TodayRaceInfo/RaceMarkTable?k_raceDate=1996%2F02%2F18&k_raceNo=1&k_babaCode=21,data/cache/html/19960218_kawasaki_1.html
19960218_kawasaki_2,1996-02-18,kawasaki,2,https://www.keiba.go.jp/KeibaWeb/TodayRaceInfo/RaceMarkTable?k_raceDate=1996%2F02%2F18&k_raceNo=2&k_babaCode=21,data/cache/html/19960218_kawasaki_2.html
19960218_kawasaki_3,1996-02-18,kawasaki,3,https://www.keiba.go.jp/KeibaWeb/TodayRaceInfo/RaceMarkTable?k_raceDate=1996%2F02%2F18&k_raceNo=3&k_babaCode=21,data/cache/html/19960218_kawasaki_3.html
19960218_kawasaki_4,1996-02-18,kawasaki,4,https://www.keiba.go.jp/KeibaWeb/TodayRaceInfo/RaceMarkTable?k_raceDate=1996%2F02%2F18&k_raceNo=4&k_babaCode=21,data/cache/html/19960218_kawasaki_4.html
19960218_kawasaki_5,1996-02-18,kawasaki,5,https://www.keiba.go.jp/KeibaWeb/TodayRaceInfo/RaceMarkTable?k_raceDate=1996%2F02%2F18&k_raceNo=5&k_babaCode=21,data/cache/html/19960218_kawasaki_5.html
19960218_kawasaki_6,1996-02-18,kawasaki,6,https://www.keiba.go.jp/KeibaWeb/TodayRaceInfo/RaceMarkTable?k_raceDate=1996%2F02%2F18&k_raceNo=6&k_babaCode=21,data/cache/html/19960218_kawasaki_6.html
19960218_kawasaki_7,1996-02-18,kawasaki,7,https://www.keiba.go.jp/KeibaWeb/TodayRaceInfo/RaceMarkTable?k_raceDate=1996%2F02%2F18&k_raceNo=7&k_babaCode=21,data/cache/html/19960218_kawasaki_7.html
19960218_kawasaki_8,1996-02-18,kawasaki,8,https://www.keiba.go.jp/KeibaWeb/TodayRaceInfo/RaceMarkTable?k_raceDate=1996%2F02%2F18&k_raceNo=8&k_babaCode=21,data/cache/html/19960218_kawasaki_8.html
19960218_kawasaki_9,1996-02-18,kawasaki,9,https://www.keiba.go.jp/KeibaWeb/TodayRaceInfo/RaceMarkTable?k_raceDate=1996%2F02%2F18&k_raceNo=9&k_babaCode=21,data/cache/html/19960218_kawasaki_9.html
19960218_kawasaki_10,1996-02-18,kawasaki,10,https://www.keiba.go.jp/KeibaWeb/TodayRaceInfo/RaceMarkTable?k_raceDate=1996%2F02%2F18&k_raceNo=10&k_babaCode=21,data/cache/html/19960218_kawasaki_10.html
19960218_kawasaki_11,1996-02-18,kawasaki,11,https://www.keiba.go.jp/KeibaWeb/TodayRaceInfo/RaceMarkTable?k_raceDate=1996%2F02%2F18&k_raceNo=11&k_babaCode=21,data/cache/html/19960218_kawasaki_11.html
19960218_kawasaki_12,1996-02-18,kawasaki,12,https://www.keiba.go.jp/KeibaWeb/TodayRaceInfo/RaceMarkTable?k_raceDate=1996%2F02%2F18&k_raceNo=12&k_babaCode=21,data/cache/html/19960218_kawasaki_12.html
19960217_kawasaki_1,1996-02-17,kawasaki,1,https://www.keiba.go.jp/KeibaWeb/TodayRaceInfo/RaceMarkTable?k_raceDate=1996%2F02%2F17&k_raceNo=1&k_babaCode=21,data/cache/html/19960217_kawasaki_1.html
19960217_kawasaki_2,1996-02-17,kawasaki,2,https://www.keiba.go.jp/KeibaWeb/TodayRaceInfo/RaceMarkTable?k_raceDate=1996%2F02%2F17&k_raceNo=2&k_babaCode=21,data/cache/html/19960217_kawasaki_2.html
19960217_kawasaki_3,1996-02-17,kawasaki,3,https://www.keiba.go.jp/KeibaWeb/TodayRaceInfo/RaceMarkTable?k_raceDate=1996%2F02%2F17&k_raceNo=3&k_babaCode=21,data/cache/html/19960217_kawasaki_3.html
19960217_kawasaki_4,1996-02-17,kawasaki,4,https://www.keiba.go.jp/KeibaWeb/TodayRaceInfo/RaceMarkTable?k_raceDate=1996%2F02%2F17&k_raceNo=4&k_babaCode=21,data/cache/html/19960217_kawasaki_4.html
19960217_kawasaki_5,1996-02-17,kawasaki,5,https://www.keiba.go.jp/KeibaWeb/TodayRaceInfo/RaceMarkTable?k_raceDate=1996%2F02%2F17&k_raceNo=5&k_babaCode=21,data/cache/html/19960217_kawasaki_5.html
19960217_kawasaki_6,1996-02-17,kawasaki,6,https://www.keiba.go.jp/KeibaWeb/TodayRaceInfo/RaceMarkTable?k_raceDate=1996%2F02%2F17&k_raceNo=6&k_babaCode=21,data/cache/html/19960217_kawasaki_6.html
19960217_kawasaki_7,1996-02-17,kawasaki,7,https://www.keiba.go.jp/KeibaWeb/TodayRaceInfo/RaceMarkTable?k_raceDate=1996%2F02%2F17&k_raceNo=7&k_babaCode=21,data/cache/html/19960217_kawasaki_7.html
19960217_kawasaki_8,1996-02-17,kawasaki,8,https://www.keiba.go.jp/KeibaWeb/TodayRaceInfo/RaceMarkTable?k_raceDate=1996%2F02%2F17&k_raceNo=8&k_babaCode=21,data/cache/html/19960217_kawasaki_8.html
19960217_kawasaki_9,1996-02-17,kawasaki,9,https://www.keiba.go.jp/KeibaWeb/TodayRaceInfo/RaceMarkTable?k_raceDate=1996%2F02%2F17&k_raceNo=9&k_babaCode=21,data/cache/html/19960217_kawasaki_9.html
19960217_kawasaki_10,1996-02-17,kawasaki,10,https://www.keiba.go.jp/KeibaWeb/TodayRaceInfo/RaceMarkTable?k_raceDate=1996%2F02%2F17&k_raceNo=10&k_babaCode=21,data/cache/html/19960217_kawasaki_10.html
19960217_kawasaki_11,1996-02-17,kawasaki,11,https://www.keiba.go.jp/KeibaWeb/TodayRaceInfo/RaceMarkTable?k_raceDate=1996%2F02%2F17&k_raceNo=11&k_babaCode=21,data/cache/html/19960217_kawasaki_11.html
19960217_kawasaki_12,1996-02-17,kawasaki,12,https://www.keiba.go.jp/KeibaWeb/TodayRaceInfo/RaceMarkTable?k_raceDate=1996%2F02%2F17&k_raceNo=12&k_babaCode=21,data/cache/html/19960217_kawasaki_12.html
19960216_kawasaki_1,1996-02-16,kawasaki,1,https://www.keiba.go.jp/KeibaWeb/TodayRaceInfo/RaceMarkTable?k_raceDate=1996%2F02%2F16&k_raceNo=1&k_babaCode=21,data/cache/html/19960216_kawasaki_1.html
19960216_kawasaki_2,1996-02-16,kawasaki,2,https://www.keiba.go.jp/KeibaWeb/TodayRaceInfo/RaceMarkTable?k_raceDate=1996%2F02%2F16&k_raceNo=2&k_babaCode=21,data/cache/html/19960216_kawasaki_2.html
19960216_kawasaki_3,1996-02-16,kawasaki,3,https://www.keiba.go.jp/KeibaWeb/TodayRaceInfo/RaceMarkTable?k_raceDate=1996%2F02%2F16&k_raceNo=3&k_babaCode=21,data/cache/html/19960216_kawasaki_3.html
19960216_kawasaki_4,1996-02-16,kawasaki,4,https://www.keiba.go.jp/KeibaWeb/TodayRaceInfo/RaceMarkTable?k_raceDate=1996%2F02%2F16&k_raceNo=4&k_babaCode=21,data/cache/html/19960216_kawasaki_4.html
19960216_kawasaki_5,1996-02-16,kawasaki,5,https://www.keiba.go.jp/KeibaWeb/TodayRaceInfo/RaceMarkTable?k_raceDate=1996%2F02%2F16&k_raceNo=5&k_babaCode=21,data/cache/html/19960216_kawasaki_5.html
19960216_kawasaki_6,1996-02-16,kawasaki,6,https://www.keiba.go.jp/KeibaWeb/TodayRaceInfo/RaceMarkTable?k_raceDate=1996%2F02%2F16&k_raceNo=6&k_babaCode=21,data/cache/html/19960216_kawasaki_6.html
19960216_kawasaki_7,1996-02-16,kawasaki,7,https://www.keiba.go.jp/KeibaWeb/TodayRaceInfo/RaceMarkTable?k_raceDate=1996%2F02%2F16&k_raceNo=7&k_babaCode=21,data/cache/html/19960216_kawasaki_7.html
19960216_kawasaki_8,1996-02-16,kawasaki,8,https://www.keiba.go.jp/KeibaWeb/TodayRaceInfo/RaceMarkTable?k_raceDate=1996%2F02%2F16&k_raceNo=8&k_babaCode=21,data/cache/html/19960216_kawasaki_8.html
19960216_kawasaki_9,1996-02-16,kawasaki,9,https://www.keiba.go.jp/KeibaWeb/TodayRaceInfo/RaceMarkTable?k_raceDate=1996%2F02%2F16&k_raceNo=9&k_babaCode=21,data/cache/html/19960216_kawasaki_9.html
19960216_kawasaki_10,1996-02-16,kawasaki,10,https://www.keiba.go.jp/KeibaWeb/TodayRaceInfo/RaceMarkTable?k_raceDate=1996%2F02%2F16&k_raceNo=10&k_babaCode=21,data/cache/html/19960216_kawasaki_10.html
19960216_kawasaki_11,1996-02-16,kawasaki,11,https://www.keiba.go.jp/KeibaWeb/TodayRaceInfo/RaceMarkTable?k_raceDate=1996%2F02%2F16&k_raceNo=11&k_babaCode=21,data/cache/html/19960216_kawasaki_11.html
19960216_kawasaki_12,1996-02-16,kawasaki,12,https://www.keiba.go.jp/KeibaWeb/TodayRaceInfo/RaceMarkTable?k_raceDate=1996%2F02%2F16&k_raceNo=12&k_babaCode=21,data/cache/html/19960216_kawasaki_12.html
19960215_kawasaki_1,1996-02-15,kawasaki,1,https://www.keiba.go.jp/KeibaWeb/TodayRaceInfo/RaceMarkTable?k_raceDate=1996%2F02%2F15&k_raceNo=1&k_babaCode=21,data/cache/html/19960215_kawasaki_1.html
19960215_kawasaki_2,1996-02-15,kawasaki,2,https://www.keiba.go.jp/KeibaWeb/TodayRaceInfo/RaceMarkTable?k_raceDate=1996%2F02%2F15&k_raceNo=2&k_babaCode=21,data/cache/html/19960215_kawasaki_2.html
19960215_kawasaki_3,1996-02-15,kawasaki,3,https://www.keiba.go.jp/KeibaWeb/TodayRaceInfo/RaceMarkTable?k_raceDate=1996%2F02%2F15&k_raceNo=3&k_babaCode=21,data/cache/html/19960215_kawasaki_3.html
19960215_kawasaki_4,1996-02-15,kawasaki,4,https://www.keiba.go.jp/KeibaWeb/TodayRaceInfo/RaceMarkTable?k_raceDate=1996%2F02%2F15&k_raceNo=4&k_babaCode=21,data/cache/html/19960215_kawasaki_4.html
19960215_kawasaki_5,1996-02-15,kawasaki,5,https://www.keiba.go.jp/KeibaWeb/TodayRaceInfo/RaceMarkTable?k_raceDate=1996%2F02%2F15&k_raceNo=5&k_babaCode=21,data/cache/html/19960215_kawasaki_5.html
19960215_kawasaki_6,1996-02-15,kawasaki,6,https://www.keiba.go.jp/KeibaWeb/TodayRaceInfo/RaceMarkTable?k_raceDate=1996%2F02%2F15&k_raceNo=6&k_babaCode=21,data/cache/html/19960215_kawasaki_6.html
19960215_kawasaki_7,1996-02-15,kawasaki,7,https://www.keiba.go.jp/KeibaWeb/TodayRaceInfo/RaceMarkTable?k_raceDate=1996%2F02%2F15&k_raceNo=7&k_babaCode=21,data/cache/html/19960215_kawasaki_7.html
19960215_kawasaki_8,1996-02-15,kawasaki,8,https://www.keiba.go.jp/KeibaWeb/TodayRaceInfo/RaceMarkTable?k_raceDate=1996%2F02%2F15&k_raceNo=8&k_babaCode=21,data/cache/html/19960215_kawasaki_8.html
19960215_kawasaki_9,1996-02-15,kawasaki,9,https://www.keiba.go.jp/KeibaWeb/TodayRaceInfo/RaceMarkTable?k_raceDate=1996%2F02%2F15&k_raceNo=9&k_babaCode=21,data/cache/html/19960215_kawasaki_9.html
19960215_kawasaki_10,1996-02-15,kawasaki,10,https://www.keiba.go.jp/KeibaWeb/TodayRaceInfo/RaceMarkTable?k_raceDate=1996%2F02%2F15&k_raceNo=10&k_babaCode=21,data/cache/html/19960215_kawasaki_10.html
19960215_kawasaki_11,1996-02-15,kawasaki,11,https://www.keiba.go.jp/KeibaWeb/TodayRaceInfo/RaceMarkTable?k_raceDate=1996%2F02%2F15&k_raceNo=11&k_babaCode=21,data/cache/html/19960215_kawasaki_11.html
19960215_kawasaki_12,1996-02-15,kawasaki,12,https://www.keiba.go.jp/KeibaWeb/TodayRaceInfo/RaceMarkTable?k_raceDate=1996%2F02%2F15&k_raceNo=12&k_babaCode=21,data/cache/html/19960215_kawasaki_12.html
19960214_kawasaki_1,1996-02-14,kawasaki,1,https://www.keiba.go.jp/KeibaWeb/TodayRaceInfo/RaceMarkTable?k_raceDate=1996%2F02%2F14&k_raceNo=1&k_babaCode=21,data/cache/html/19960214_kawasaki_1.html
19960214_kawasaki_2,1996-02-14,kawasaki,2,https://www.keiba.go.jp/KeibaWeb/TodayRaceInfo/RaceMarkTable?k_raceDate=1996%2F02%2F14&k_raceNo=2&k_babaCode=21,data/cache/html/19960214_kawasaki_2.html
19960214_kawasaki_3,1996-02-14,kawasaki,3,https://www.keiba.go.jp/KeibaWeb/TodayRaceInfo/RaceMarkTable?k_raceDate=1996%2F02%2F14&k_raceNo=3&k_babaCode=21,data/cache/html/19960214_kawasaki_3.html
19960214_kawasaki_4,1996-02-14,kawasaki,4,https://www.keiba.go.jp/KeibaWeb/TodayRaceInfo/RaceMarkTable?k_raceDate=1996%2F02%2F14&k_raceNo=4&k_babaCode=21,data/cache/html/19960214_kawasaki_4.html
19960214_kawasaki_5,1996-02-14,kawasaki,5,https://www.keiba.go.jp/KeibaWeb/TodayRaceInfo/RaceMarkTable?k_raceDate=1996%2F02%2F14&k_raceNo=5&k_babaCode=21,data/cache/html/19960214_kawasaki_5.html
19960214_kawasaki_6,1996-02-14,kawasaki,6,https://www.keiba.go.jp/KeibaWeb/TodayRaceInfo/RaceMarkTable?k_raceDate=1996%2F02%2F14&k_raceNo=6&k_babaCode=21,data/cache/html/19960214_kawasaki_6.html
19960214_kawasaki_7,1996-02-14,kawasaki,7,https://www.keiba.go.jp/KeibaWeb/TodayRaceInfo/RaceMarkTable?k_raceDate=1996%2F02%2F14&k_raceNo=7&k_babaCode=21,data/cache/html/19960214_kawasaki_7.html
19960214_kawasaki_8,1996-02-14,kawasaki,8,https://www.keiba.go.jp/KeibaWeb/TodayRaceInfo/RaceMarkTable?k_raceDate=1996%2F02%2F14&k_raceNo=8&k_babaCode=21,data/cache/html/19960214_kawasaki_8.html
19960214_kawasaki_9,1996-02-14,kawasaki,9,https://www.keiba.go.jp/KeibaWeb/TodayRaceInfo/RaceMarkTable?k_raceDate=1996%2F02%2F14&k_raceNo=9&k_babaCode=21,data/cache/html/19960214_kawasaki_9.html
19960214_kawasaki_10,1996-02-14,kawasaki,10,https://www.keiba.go.jp/KeibaWeb/TodayRaceInfo/RaceMarkTable?k_raceDate=1996%2F02%2F14&k_raceNo=10&k_babaCode=21,data/cache/html/19960214_kawasaki_10.html
19960214_kawasaki_11,1996-02-14,kawasaki,11,https://www.keiba.go.jp/KeibaWeb/TodayRaceInfo/RaceMarkTable?k_raceDate=1996%2F02%2F14&k_raceNo=11&k_babaCode=21,data/cache/html/19960214_kawasaki_11.html
19960214_kawasaki_12,1996-02-14,kawasaki,12,https://www.keiba.go.jp/KeibaWeb/TodayRaceInfo/RaceMarkTable?k_raceDate=1996%2F02%2F14&k_raceNo=12&k_babaCode=21,data/cache/html/19960214_kawasaki_12.html
19960213_kawasaki_1,1996-02-13,kawasaki,1,https://www.keiba.go.jp/KeibaWeb/TodayRaceInfo/RaceMarkTable?k_raceDate=1996%2F02%2F13&k_raceNo=1&k_babaCode=21,data/cache/html/19960213_kawasaki_1.html
19960213_kawasaki_2,1996-02-13,kawasaki,2,https://www.keiba.go.jp/KeibaWeb/TodayRaceInfo/RaceMarkTable?k_raceDate=1996%2F02%2F13&k_raceNo=2&k_babaCode=21,data/cache/html/19960213_kawasaki_2.html
19960213_kawasaki_3,1996-02-13,kawasaki,3,https://www.keiba.go.jp/KeibaWeb/TodayRaceInfo/RaceMarkTable?k_raceDate=1996%2F02%2F13&k_raceNo=3&k_babaCode=21,data/cache/html/19960213_kawasaki_3.html
19960213_kawasaki_4,1996-02-13,kawasaki,4,https://www.keiba.go.jp/KeibaWeb/TodayRaceInfo/RaceMarkTable?k_raceDate=1996%2F02%2F13&k_raceNo=4&k_babaCode=21,data/cache/html/19960213_kawasaki_4.html
19960213_kawasaki_5,1996-02-13,kawasaki,5,https://www.keiba.go.jp/KeibaWeb/TodayRaceInfo/RaceMarkTable?k_raceDate=1996%2F02%2F13&k_raceNo=5&k_babaCode=21,data/cache/html/19960213_kawasaki_5.html
19960213_kawasaki_6,1996-02-13,kawasaki,6,https://www.keiba.go.jp/KeibaWeb/TodayRaceInfo/RaceMarkTable?k_raceDate=1996%2F02%2F13&k_raceNo=6&k_babaCode=21,data/cache/html/19960213_kawasaki_6.html
19960213_kawasaki_7,1996-02-13,kawasaki,7,https://www.keiba.go.jp/KeibaWeb/TodayRaceInfo/RaceMarkTable?k_raceDate=1996%2F02%2F13&k_raceNo=7&k_babaCode=21,data/cache/html/19960213_kawasaki_7.html
19960213_kawasaki_8,1996-02-13,kawasaki,8,https://www.keiba.go.jp/KeibaWeb/TodayRaceInfo/RaceMarkTable?k_raceDate=1996%2F02%2F13&k_raceNo=8&k_babaCode=21,data/cache/html/19960213_kawasaki_8.html
19960213_kawasaki_9,1996-02-13,kawasaki,9,https://www.keiba.go.jp/KeibaWeb/TodayRaceInfo/RaceMarkTable?k_raceDate=1996%2F02%2F13&k_raceNo=9&k_babaCode=21,data/cache/html/19960213_kawasaki_9.html
19960213_kawasaki_10,1996-02-13,kawasaki,10,https://www.keiba.go.jp/KeibaWeb/TodayRaceInfo/RaceMarkTable?k_raceDate=1996%2F02%2F13&k_raceNo=10&k_babaCode=21,data/cache/html/19960213_kawasaki_10.html
19960213_kawasaki_11,1996-02-13,kawasaki,11,https://www.keiba.go.jp/KeibaWeb/TodayRaceInfo/RaceMarkTable?k_raceDate=1996%2F02%2F13&k_raceNo=11&k_babaCode=21,data/cache/html/19960213_kawasaki_11.html
19960213_kawasaki_12,1996-02-13,kawasaki,12,https://www.keiba.go.jp/KeibaWeb/TodayRaceInfo/RaceMarkTable?k_raceDate=1996%2F02%2F13&k_raceNo=12&k_babaCode=21,data/cache/html/19960213_kawasaki_12.html
