race_id,date,track,race_no,official_url,cache_html_path
19850128_kawasaki_1,1985-01-28,kawasaki,1,https://www.keiba.go.jp/KeibaWeb/TodayRaceInfo/RaceMarkTable?k_raceDate=1985%2F01%2F28&k_raceNo=1&k_babaCode=21,data/cache/html/19850128_kawasaki_1.html
19850128_kawasaki_2,1985-01-28,kawasaki,2,https://www.keiba.go.jp/KeibaWeb/TodayRaceInfo/RaceMarkTable?k_raceDate=1985%2F01%2F28&k_raceNo=2&k_babaCode=21,data/cache/html/19850128_kawasaki_2.html
19850128_kawasaki_3,1985-01-28,kawasaki,3,https://www.keiba.go.jp/KeibaWeb/TodayRaceInfo/RaceMarkTable?k_raceDate=1985%2F01%2F28&k_raceNo=3&k_babaCode=21,data/cache/html/19850128_kawasaki_3.html
19850128_kawasaki_4,1985-01-28,kawasaki,4,https://www.keiba.go.jp/KeibaWeb/TodayRaceInfo/RaceMarkTable?k_raceDate=1985%2F01%2F28&k_raceNo=4&k_babaCode=21,data/cache/html/19850128_kawasaki_4.html
19850128_kawasaki_5,1985-01-28,kawasaki,5,https://www.keiba.go.jp/KeibaWeb/TodayRaceInfo/RaceMarkTable?k_raceDate=1985%2F01%2F28&k_raceNo=5&k_babaCode=21,data/cache/html/19850128_kawasaki_5.html
19850128_kawasaki_6,1985-01-28,kawasaki,6,https://www.keiba.go.jp/KeibaWeb/TodayRaceInfo/RaceMarkTable?k_raceDate=1985%2F01%2F28&k_raceNo=6&k_babaCode=21,data/cache/html/19850128_kawasaki_6.html
19850128_kawasaki_7,1985-01-28,kawasaki,7,https://www.keiba.go.jp/KeibaWeb/TodayRaceInfo/RaceMarkTable?k_raceDate=1985%2F01%2F28&k_raceNo=7&k_babaCode=21,data/cache/html/19850128_kawasaki_7.html
19850128_kawasaki_8,1985-01-28,kawasaki,8,https://www.keiba.go.jp/KeibaWeb/TodayRaceInfo/RaceMarkTable?k_raceDate=1985%2F01%2F28&k_raceNo=8&k_babaCode=21,data/cache/html/19850128_kawasaki_8.html
19850128_kawasaki_9,1985-01-28,kawasaki,9,https://www.keiba.go.jp/KeibaWeb/TodayRaceInfo/RaceMarkTable?k_raceDate=1985%2F01%2F28&k_raceNo=9&k_babaCode=21,data/cache/html/19850128_kawasaki_9.html
19850128_kawasaki_10,1985-01-28,kawasaki,10,https://www.keiba.go.jp/KeibaWeb/TodayRaceInfo/RaceMarkTable?k_raceDate=1985%2F01%2F28&k_raceNo=10&k_babaCode=21,data/cache/html/19850128_kawasaki_10.html
19850128_kawasaki_11,1985-01-28,kawasaki,11,https://www.keiba.go.jp/KeibaWeb/TodayRaceInfo/RaceMarkTable?k_raceDate=1985%2F01%2F28&k_raceNo=11&k_babaCode=21,data/cache/html/19850128_kawasaki_11.html
19850128_kawasaki_12,1985-01-28,kawasaki,12,https://www.keiba.go.jp/KeibaWeb/TodayRaceInfo/RaceMarkTable?k_raceDate=1985%2F01%2F28&k_raceNo=12&k_babaCode=21,data/cache/html/19850128_kawasaki_12.html
19850127_kawasaki_1,1985-01-27,kawasaki,1,https://www.keiba.go.jp/KeibaWeb/TodayRaceInfo/RaceMarkTable?k_raceDate=1985%2F01%2F27&k_raceNo=1&k_babaCode=21,data/cache/html/19850127_kawasaki_1.html
19850127_kawasaki_2,1985-01-27,kawasaki,2,https://www.keiba.go.jp/KeibaWeb/TodayRaceInfo/RaceMarkTable?k_raceDate=1985%2F01%2F27&k_raceNo=2&k_babaCode=21,data/cache/html/19850127_kawasaki_2.html
19850127_kawasaki_3,1985-01-27,kawasaki,3,https://www.keiba.go.jp/KeibaWeb/TodayRaceInfo/RaceMarkTable?k_raceDate=1985%2F01%2F27&k_raceNo=3&k_babaCode=21,data/cache/html/19850127_kawasaki_3.html
19850127_kawasaki_4,1985-01-27,kawasaki,4,https://www.keiba.go.jp/KeibaWeb/TodayRaceInfo/RaceMarkTable?k_raceDate=1985%2F01%2F27&k_raceNo=4&k_babaCode=21,data/cache/html/19850127_kawasaki_4.html
19850127_kawasaki_5,1985-01-27,kawasaki,5,https://www.keiba.go.jp/KeibaWeb/TodayRaceInfo/RaceMarkTable?k_raceDate=1985%2F01%2F27&k_raceNo=5&k_babaCode=21,data/cache/html/19850127_kawasaki_5.html
19850127_kawasaki_6,1985-01-27,kawasaki,6,https://www.keiba.go.jp/KeibaWeb/TodayRaceInfo/RaceMarkTable?k_raceDate=1985%2F01%2F27&k_raceNo=6&k_babaCode=21,data/cache/html/19850127_kawasaki_6.html
19850127_kawasaki_7,1985-01-27,kawasaki,7,https://www.keiba.go.jp/KeibaWeb/TodayRaceInfo/RaceMarkTable?k_raceDate=1985%2F01%2F27&k_raceNo=7&k_babaCode=21,data/cache/html/19850127_kawasaki_7.html
19850127_kawasaki_8,1985-01-27,kawasaki,8,https://www.keiba.go.jp/KeibaWeb/TodayRaceInfo/RaceMarkTable?k_raceDate=1985%2F01%2F27&k_raceNo=8&k_babaCode=21,data/cache/html/19850127_kawasaki_8.html
19850127_kawasaki_9,1985-01-27,kawasaki,9,https://www.keiba.go.jp/KeibaWeb/TodayRaceInfo/RaceMarkTable?k_raceDate=1985%2F01%2F27&k_raceNo=9&k_babaCode=21,data/cache/html/19850127_kawasaki_9.html
19850127_kawasaki_10,1985-01-27,kawasaki,10,https://www.keiba.go.jp/KeibaWeb/TodayRaceInfo/RaceMarkTable?k_raceDate=1985%2F01%2F27&k_raceNo=10&k_babaCode=21,data/cache/html/19850127_kawasaki_10.html
19850127_kawasaki_11,1985-01-27,kawasaki,11,https://www.keiba.go.jp/KeibaWeb/TodayRaceInfo/RaceMarkTable?k_raceDate=1985%2F01%2F27&k_raceNo=11&k_babaCode=21,data/cache/html/19850127_kawasaki_11.html
19850127_kawasaki_12,1985-01-27,kawasaki,12,https://www.keiba.go.jp/KeibaWeb/TodayRaceInfo/RaceMarkTable?k_raceDate=1985%2F01%2F27&k_raceNo=12&k_babaCode=21,data/cache/html/19850127_kawasaki_12.html
19850126_kawasaki_1,1985-01-26,kawasaki,1,https://www.keiba.go.jp/KeibaWeb/TodayRaceInfo/RaceMarkTable?k_raceDate=1985%2F01%2F26&k_raceNo=1&k_babaCode=21,data/cache/html/19850126_kawasaki_1.html
19850126_kawasaki_2,1985-01-26,kawasaki,2,https://www.keiba.go.jp/KeibaWeb/TodayRaceInfo/RaceMarkTable?k_raceDate=1985%2F01%2F26&k_raceNo=2&k_babaCode=21,data/cache/html/19850126_kawasaki_2.html
19850126_kawasaki_3,1985-01-26,kawasaki,3,https://www.keiba.go.jp/KeibaWeb/TodayRaceInfo/RaceMarkTable?k_raceDate=1985%2F01%2F26&k_raceNo=3&k_babaCode=21,data/cache/html/19850126_kawasaki_3.html
19850126_kawasaki_4,1985-01-26,kawasaki,4,https://www.keiba.go.jp/KeibaWeb/TodayRaceInfo/RaceMarkTable?k_raceDate=1985%2F01%2F26&k_raceNo=4&k_babaCode=21,data/cache/html/19850126_kawasaki_4.html
19850126_kawasaki_5,1985-01-26,kawasaki,5,https://www.keiba.go.jp/KeibaWeb/TodayRaceInfo/RaceMarkTable?k_raceDate=1985%2F01%2F26&k_raceNo=5&k_babaCode=21,data/cache/html/19850126_kawasaki_5.html
19850126_kawasaki_6,1985-01-26,kawasaki,6,https://www.keiba.go.jp/KeibaWeb/TodayRaceInfo/RaceMarkTable?k_raceDate=1985%2F01%2F26&k_raceNo=6&k_babaCode=21,data/cache/html/19850126_kawasaki_6.html
19850126_kawasaki_7,1985-01-26,kawasaki,7,https://www.keiba.go.jp/KeibaWeb/TodayRaceInfo/RaceMarkTable?k_raceDate=1985%2F01%2F26&k_raceNo=7&k_babaCode=21,data/cache/html/19850126_kawasaki_7.html
19850126_kawasaki_8,1985-01-26,kawasaki,8,https://www.keiba.go.jp/KeibaWeb/TodayRaceInfo/RaceMarkTable?k_raceDate=1985%2F01%2F26&k_raceNo=8&k_babaCode=21,data/cache/html/19850126_kawasaki_8.html
19850126_kawasaki_9,1985-01-26,kawasaki,9,https://www.keiba.go.jp/KeibaWeb/TodayRaceInfo/RaceMarkTable?k_raceDate=1985%2F01%2F26&k_raceNo=9&k_babaCode=21,data/cache/html/19850126_kawasaki_9.html
19850126_kawasaki_10,1985-01-26,kawasaki,10,https://www.keiba.go.jp/KeibaWeb/TodayRaceInfo/RaceMarkTable?k_raceDate=1985%2F01%2F26&k_raceNo=10&k_babaCode=21,data/cache/html/19850126_kawasaki_10.html
19850126_kawasaki_11,1985-01-26,kawasaki,11,https://www.keiba.go.jp/KeibaWeb/TodayRaceInfo/RaceMarkTable?k_raceDate=1985%2F01%2F26&k_raceNo=11&k_babaCode=21,data/cache/html/19850126_kawasaki_11.html
19850126_kawasaki_12,1985-01-26,kawasaki,12,https://www.keiba.go.jp/KeibaWeb/TodayRaceInfo/RaceMarkTable?k_raceDate=1985%2F01%2F26&k_raceNo=12&k_babaCode=21,data/cache/html/19850126_kawasaki_12.html
19850125_kawasaki_1,1985-01-25,kawasaki,1,https://www.keiba.go.jp/KeibaWeb/TodayRaceInfo/RaceMarkTable?k_raceDate=1985%2F01%2F25&k_raceNo=1&k_babaCode=21,data/cache/html/19850125_kawasaki_1.html
19850125_kawasaki_2,1985-01-25,kawasaki,2,https://www.keiba.go.jp/KeibaWeb/TodayRaceInfo/RaceMarkTable?k_raceDate=1985%2F01%2F25&k_raceNo=2&k_babaCode=21,data/cache/html/19850125_kawasaki_2.html
19850125_kawasaki_3,1985-01-25,kawasaki,3,https://www.keiba.go.jp/KeibaWeb/TodayRaceInfo/RaceMarkTable?k_raceDate=1985%2F01%2F25&k_raceNo=3&k_babaCode=21,data/cache/html/19850125_kawasaki_3.html
19850125_kawasaki_4,1985-01-25,kawasaki,4,https://www.keiba.go.jp/KeibaWeb/TodayRaceInfo/RaceMarkTable?k_raceDate=1985%2F01%2F25&k_raceNo=4&k_babaCode=21,data/cache/html/19850125_kawasaki_4.html
19850125_kawasaki_5,1985-01-25,kawasaki,5,https://www.keiba.go.jp/KeibaWeb/TodayRaceInfo/RaceMarkTable?k_raceDate=1985%2F01%2F25&k_raceNo=5&k_babaCode=21,data/cache/html/19850125_kawasaki_5.html
19850125_kawasaki_6,1985-01-25,kawasaki,6,https://www.keiba.go.jp/KeibaWeb/TodayRaceInfo/RaceMarkTable?k_raceDate=1985%2F01%2F25&k_raceNo=6&k_babaCode=21,data/cache/html/19850125_kawasaki_6.html
19850125_kawasaki_7,1985-01-25,kawasaki,7,https://www.keiba.go.jp/KeibaWeb/TodayRaceInfo/RaceMarkTable?k_raceDate=1985%2F01%2F25&k_raceNo=7&k_babaCode=21,data/cache/html/19850125_kawasaki_7.html
19850125_kawasaki_8,1985-01-25,kawasaki,8,https://www.keiba.go.jp/KeibaWeb/TodayRaceInfo/RaceMarkTable?k_raceDate=1985%2F01%2F25&k_raceNo=8&k_babaCode=21,data/cache/html/19850125_kawasaki_8.html
19850125_kawasaki_9,1985-01-25,kawasaki,9,https://www.keiba.go.jp/KeibaWeb/TodayRaceInfo/RaceMarkTable?k_raceDate=1985%2F01%2F25&k_raceNo=9&k_babaCode=21,data/cache/html/19850125_kawasaki_9.html
19850125_kawasaki_10,1985-01-25,kawasaki,10,https://www.keiba.go.jp/KeibaWeb/TodayRaceInfo/RaceMarkTable?k_raceDate=1985%2F01%2F25&k_raceNo=10&k_babaCode=21,data/cache/html/19850125_kawasaki_10.html
19850125_kawasaki_11,1985-01-25,kawasaki,11,https://www.keiba.go.jp/KeibaWeb/TodayRaceInfo/RaceMarkTable?k_raceDate=1985%2F01%2F25&k_raceNo=11&k_babaCode=21,data/cache/html/19850125_kawasaki_11.html
19850125_kawasaki_12,1985-01-25,kawasaki,12,https://www.keiba.go.jp/KeibaWeb/TodayRaceInfo/RaceMarkTable?k_raceDate=1985%2F01%2F25&k_raceNo=12&k_babaCode=21,data/cache/html/19850125_kawasaki_12.html
19850124_kawasaki_1,1985-01-24,kawasaki,1,https://www.keiba.go.jp/KeibaWeb/TodayRaceInfo/RaceMarkTable?k_raceDate=1985%2F01%2F24&k_raceNo=1&k_babaCode=21,data/cache/html/19850124_kawasaki_1.html
19850124_kawasaki_2,1985-01-24,kawasaki,2,https://www.keiba.go.jp/KeibaWeb/TodayRaceInfo/RaceMarkTable?k_raceDate=1985%2F01%2F24&k_raceNo=2&k_babaCode=21,data/cache/html/19850124_kawasaki_2.html
19850124_kawasaki_3,1985-01-24,kawasaki,3,https://www.keiba.go.jp/KeibaWeb/TodayRaceInfo/RaceMarkTable?k_raceDate=1985%2F01%2F24&k_raceNo=3&k_babaCode=21,data/cache/html/19850124_kawasaki_3.html
19850124_kawasaki_4,1985-01-24,kawasaki,4,https://www.keiba.go.jp/KeibaWeb/TodayRaceInfo/RaceMarkTable?k_raceDate=1985%2F01%2F24&k_raceNo=4&k_babaCode=21,data/cache/html/19850124_kawasaki_4.html
19850124_kawasaki_5,1985-01-24,kawasaki,5,https://www.keiba.go.jp/KeibaWeb/TodayRaceInfo/RaceMarkTable?k_raceDate=1985%2F01%2F24&k_raceNo=5&k_babaCode=21,data/cache/html/19850124_kawasaki_5.html
19850124_kawasaki_6,1985-01-24,kawasaki,6,https://www.keiba.go.jp/KeibaWeb/TodayRaceInfo/RaceMarkTable?k_raceDate=1985%2F01%2F24&k_raceNo=6&k_babaCode=21,data/cache/html/19850124_kawasaki_6.html
19850124_kawasaki_7,1985-01-24,kawasaki,7,https://www.keiba.go.jp/KeibaWeb/TodayRaceInfo/RaceMarkTable?k_raceDate=1985%2F01%2F24&k_raceNo=7&k_babaCode=21,data/cache/html/19850124_kawasaki_7.html
19850124_kawasaki_8,1985-01-24,kawasaki,8,https://www.keiba.go.jp/KeibaWeb/TodayRaceInfo/RaceMarkTable?k_raceDate=1985%2F01%2F24&k_raceNo=8&k_babaCode=21,data/cache/html/19850124_kawasaki_8.html
19850124_kawasaki_9,1985-01-24,kawasaki,9,https://www.keiba.go.jp/KeibaWeb/TodayRaceInfo/RaceMarkTable?k_raceDate=1985%2F01%2F24&k_raceNo=9&k_babaCode=21,data/cache/html/19850124_kawasaki_9.html
19850124_kawasaki_10,1985-01-24,kawasaki,10,https://www.keiba.go.jp/KeibaWeb/TodayRaceInfo/RaceMarkTable?k_raceDate=1985%2F01%2F24&k_raceNo=10&k_babaCode=21,data/cache/html/19850124_kawasaki_10.html
19850124_kawasaki_11,1985-01-24,kawasaki,11,https://www.keiba.go.jp/KeibaWeb/TodayRaceInfo/RaceMarkTable?k_raceDate=1985%2F01%2F24&k_raceNo=11&k_babaCode=21,data/cache/html/19850124_kawasaki_11.html
19850124_kawasaki_12,1985-01-24,kawasaki,12,https://www.keiba.go.jp/KeibaWeb/TodayRaceInfo/RaceMarkTable?k_raceDate=1985%2F01%2F24&k_raceNo=12&k_babaCode=21,data/cache/html/19850124_kawasaki_12.html
19850123_kawasaki_1,1985-01-23,kawasaki,1,https://www.keiba.go.jp/KeibaWeb/TodayRaceInfo/RaceMarkTable?k_raceDate=1985%2F01%2F23&k_raceNo=1&k_babaCode=21,data/cache/html/19850123_kawasaki_1.html
19850123_kawasaki_2,1985-01-23,kawasaki,2,https://www.keiba.go.jp/KeibaWeb/TodayRaceInfo/RaceMarkTable?k_raceDate=1985%2F01%2F23&k_raceNo=2&k_babaCode=21,data/cache/html/19850123_kawasaki_2.html
19850123_kawasaki_3,1985-01-23,kawasaki,3,https://www.keiba.go.jp/KeibaWeb/TodayRaceInfo/RaceMarkTable?k_raceDate=1985%2F01%2F23&k_raceNo=3&k_babaCode=21,data/cache/html/19850123_kawasaki_3.html
19850123_kawasaki_4,1985-01-23,kawasaki,4,https://www.keiba.go.jp/KeibaWeb/TodayRaceInfo/RaceMarkTable?k_raceDate=1985%2F01%2F23&k_raceNo=4&k_babaCode=21,data/cache/html/19850123_kawasaki_4.html
19850123_kawasaki_5,1985-01-23,kawasaki,5,https://www.keiba.go.jp/KeibaWeb/TodayRaceInfo/RaceMarkTable?k_raceDate=1985%2F01%2F23&k_raceNo=5&k_babaCode=21,data/cache/html/19850123_kawasaki_5.html
19850123_kawasaki_6,1985-01-23,kawasaki,6,https://www.keiba.go.jp/KeibaWeb/TodayRaceInfo/RaceMarkTable?k_raceDate=1985%2F01%2F23&k_raceNo=6&k_babaCode=21,data/cache/html/19850123_kawasaki_6.html
19850123_kawasaki_7,1985-01-23,kawasaki,7,https://www.keiba.go.jp/KeibaWeb/TodayRaceInfo/RaceMarkTable?k_raceDate=1985%2F01%2F23&k_raceNo=7&k_babaCode=21,data/cache/html/19850123_kawasaki_7.html
19850123_kawasaki_8,1985-01-23,kawasaki,8,https://www.keiba.go.jp/KeibaWeb/TodayRaceInfo/RaceMarkTable?k_raceDate=1985%2F01%2F23&k_raceNo=8&k_babaCode=21,data/cache/html/19850123_kawasaki_8.html
19850123_kawasaki_9,1985-01-23,kawasaki,9,https://www.keiba.go.jp/KeibaWeb/TodayRaceInfo/RaceMarkTable?k_raceDate=1985%2F01%2F23&k_raceNo=9&k_babaCode=21,data/cache/html/19850123_kawasaki_9.html
19850123_kawasaki_10,1985-01-23,kawasaki,10,https://www.keiba.go.jp/KeibaWeb/TodayRaceInfo/RaceMarkTable?k_raceDate=1985%2F01%2F23&k_raceNo=10&k_babaCode=21,data/cache/html/19850123_kawasaki_10.html
19850123_kawasaki_11,1985-01-23,kawasaki,11,https://www.keiba.go.jp/KeibaWeb/TodayRaceInfo/RaceMarkTable?k_raceDate=1985%2F01%2F23&k_raceNo=11&k_babaCode=21,data/cache/html/19850123_kawasaki_11.html
19850123_kawasaki_12,1985-01-23,kawasaki,12,https://www.keiba.go.jp/KeibaWeb/TodayRaceInfo/RaceMarkTable?k_raceDate=1985%2F01%2F23&k_raceNo=12&k_babaCode=21,data/cache/html/19850123_kawasaki_12.html
19850122_kawasaki_1,1985-01-22,kawasaki,1,https://www.keiba.go.jp/KeibaWeb/TodayRaceInfo/RaceMarkTable?k_raceDate=1985%2F01%2F22&k_raceNo=1&k_babaCode=21,data/cache/html/19850122_kawasaki_1.html
19850122_kawasaki_2,1985-01-22,kawasaki,2,https://www.keiba.go.jp/KeibaWeb/TodayRaceInfo/RaceMarkTable?k_raceDate=1985%2F01%2F22&k_raceNo=2&k_babaCode=21,data/cache/html/19850122_kawasaki_2.html
19850122_kawasaki_3,1985-01-22,kawasaki,3,https://www.keiba.go.jp/KeibaWeb/TodayRaceInfo/RaceMarkTable?k_raceDate=1985%2F01%2F22&k_raceNo=3&k_babaCode=21,data/cache/html/19850122_kawasaki_3.html
19850122_kawasaki_4,1985-01-22,kawasaki,4,https://www.keiba.go.jp/KeibaWeb/TodayRaceInfo/RaceMarkTable?k_raceDate=1985%2F01%2F22&k_raceNo=4&k_babaCode=21,data/cache/html/19850122_kawasaki_4.html
19850122_kawasaki_5,1985-01-22,kawasaki,5,https://www.keiba.go.jp/KeibaWeb/TodayRaceInfo/RaceMarkTable?k_raceDate=1985%2F01%2F22&k_raceNo=5&k_babaCode=21,data/cache/html/19850122_kawasaki_5.html
19850122_kawasaki_6,1985-01-22,kawasaki,6,https://www.keiba.go.jp/KeibaWeb/TodayRaceInfo/RaceMarkTable?k_raceDate=1985%2F01%2F22&k_raceNo=6&k_babaCode=21,data/cache/html/19850122_kawasaki_6.html
19850122_kawasaki_7,1985-01-22,kawasaki,7,https://www.keiba.go.jp/KeibaWeb/TodayRaceInfo/RaceMarkTable?k_raceDate=1985%2F01%2F22&k_raceNo=7&k_babaCode=21,data/cache/html/19850122_kawasaki_7.html
19850122_kawasaki_8,1985-01-22,kawasaki,8,https://www.keiba.go.jp/KeibaWeb/TodayRaceInfo/RaceMarkTable?k_raceDate=1985%2F01%2F22&k_raceNo=8&k_babaCode=21,data/cache/html/19850122_kawasaki_8.html
19850122_kawasaki_9,1985-01-22,kawasaki,9,https://www.keiba.go.jp/KeibaWeb/TodayRaceInfo/RaceMarkTable?k_raceDate=1985%2F01%2F22&k_raceNo=9&k_babaCode=21,data/cache/html/19850122_kawasaki_9.html
19850122_kawasaki_10,1985-01-22,kawasaki,10,https://www.keiba.go.jp/KeibaWeb/TodayRaceInfo/RaceMarkTable?k_raceDate=1985%2F01%2F22&k_raceNo=10&k_babaCode=21,data/cache/html/19850122_kawasaki_10.html
19850122_kawasaki_11,1985-01-22,kawasaki,11,https://www.keiba.go.jp/KeibaWeb/TodayRaceInfo/RaceMarkTable?k_raceDate=1985%2F01%2F22&k_raceNo=11&k_babaCode=21,data/cache/html/19850122_kawasaki_11.html
19850122_kawasaki_12,1985-01-22,kawasaki,12,https://www.keiba.go.jp/KeibaWeb/TodayRaceInfo/RaceMarkTable?k_raceDate=1985%2F01%2F22&k_raceNo=12&k_babaCode=21,data/cache/html/19850122_kawasaki_12.html
19850121_kawasaki_1,1985-01-21,kawasaki,1,https://www.keiba.go.jp/KeibaWeb/TodayRaceInfo/RaceMarkTable?k_raceDate=1985%2F01%2F21&k_raceNo=1&k_babaCode=21,data/cache/html/19850121_kawasaki_1.html
19850121_kawasaki_2,1985-01-21,kawasaki,2,https://www.keiba.go.jp/KeibaWeb/TodayRaceInfo/RaceMarkTable?k_raceDate=1985%2F01%2F21&k_raceNo=2&k_babaCode=21,data/cache/html/19850121_kawasaki_2.html
19850121_kawasaki_3,1985-01-21,kawasaki,3,https://www.keiba.go.jp/KeibaWeb/TodayRaceInfo/RaceMarkTable?k_raceDate=1985%2F01%2F21&k_raceNo=3&k_babaCode=21,data/cache/html/19850121_kawasaki_3.html
19850121_kawasaki_4,1985-01-21,kawasaki,4,https://www.keiba.go.jp/KeibaWeb/TodayRaceInfo/RaceMarkTable?k_raceDate=1985%2F01%2F21&k_raceNo=4&k_babaCode=21,data/cache/html/19850121_kawasaki_4.html
19850121_kawasaki_5,1985-01-21,kawasaki,5,https://www.keiba.go.jp/KeibaWeb/TodayRaceInfo/RaceMarkTable?k_raceDate=1985%2F01%2F21&k_raceNo=5&k_babaCode=21,data/cache/html/19850121_kawasaki_5.html
19850121_kawasaki_6,1985-01-21,kawasaki,6,https://www.keiba.go.jp/KeibaWeb/TodayRaceInfo/RaceMarkTable?k_raceDate=1985%2F01%2F21&k_raceNo=6&k_babaCode=21,data/cache/html/19850121_kawasaki_6.html
19850121_kawasaki_7,1985-01-21,kawasaki,7,https://www.keiba.go.jp/KeibaWeb/TodayRaceInfo/RaceMarkTable?k_raceDate=1985%2F01%2F21&k_raceNo=7&k_babaCode=21,data/cache/html/19850121_kawasaki_7.html
19850121_kawasaki_8,1985-01-21,kawasaki,8,https://www.keiba.go.jp/KeibaWeb/TodayRaceInfo/RaceMarkTable?k_raceDate=1985%2F01%2F21&k_raceNo=8&k_babaCode=21,data/cache/html/19850121_kawasaki_8.html
19850121_kawasaki_9,1985-01-21,kawasaki,9,https://www.keiba.go.jp/KeibaWeb/TodayRaceInfo/RaceMarkTable?k_raceDate=1985%2F01%2F21&k_raceNo=9&k_babaCode=21,data/cache/html/19850121_kawasaki_9.html
19850121_kawasaki_10,1985-01-21,kawasaki,10,https://www.keiba.go.jp/KeibaWeb/TodayRaceInfo/RaceMarkTable?k_raceDate=1985%2F01%2F21&k_raceNo=10&k_babaCode=21,data/cache/html/19850121_kawasaki_10.html
19850121_kawasaki_11,1985-01-21,kawasaki,11,https://www.keiba.go.jp/KeibaWeb/TodayRaceInfo/RaceMarkTable?k_raceDate=1985%2F01%2F21&k_raceNo=11&k_babaCode=21,data/cache/html/19850121_kawasaki_11.html
19850121_kawasaki_12,1985-01-21,kawasaki,12,https://www.keiba.go.jp/KeibaWeb/TodayRaceInfo/RaceMarkTable?k_raceDate=1985%2F01%2F21&k_raceNo=12&k_babaCode=21,data/cache/html/19850121_kawasaki_12.html
19850120_kawasaki_1,1985-01-20,kawasaki,1,https://www.keiba.go.jp/KeibaWeb/TodayRaceInfo/RaceMarkTable?k_raceDate=1985%2F01%2F20&k_raceNo=1&k_babaCode=21,data/cache/html/19850120_kawasaki_1.html
19850120_kawasaki_2,1985-01-20,kawasaki,2,https://www.keiba.go.jp/KeibaWeb/TodayRaceInfo/RaceMarkTable?k_raceDate=1985%2F01%2F20&k_raceNo=2&k_babaCode=21,data/cache/html/19850120_kawasaki_2.html
19850120_kawasaki_3,1985-01-20,kawasaki,3,https://www.keiba.go.jp/KeibaWeb/TodayRaceInfo/RaceMarkTable?k_raceDate=1985%2F01%2F20&k_raceNo=3&k_babaCode=21,data/cache/html/19850120_kawasaki_3.html
19850120_kawasaki_4,1985-01-20,kawasaki,4,https://www.keiba.go.jp/KeibaWeb/TodayRaceInfo/RaceMarkTable?k_raceDate=1985%2F01%2F20&k_raceNo=4&k_babaCode=21,data/cache/html/19850120_kawasaki_4.html
19850120_kawasaki_5,1985-01-20,kawasaki,5,https://www.keiba.go.jp/KeibaWeb/TodayRaceInfo/RaceMarkTable?k_raceDate=1985%2F01%2F20&k_raceNo=5&k_babaCode=21,data/cache/html/19850120_kawasaki_5.html
19850120_kawasaki_6,1985-01-20,kawasaki,6,https://www.keiba.go.jp/KeibaWeb/TodayRaceInfo/RaceMarkTable?k_raceDate=1985%2F01%2F20&k_raceNo=6&k_babaCode=21,data/cache/html/19850120_kawasaki_6.html
19850120_kawasaki_7,1985-01-20,kawasaki,7,https://www.keiba.go.jp/KeibaWeb/TodayRaceInfo/RaceMarkTable?k_raceDate=1985%2F01%2F20&k_raceNo=7&k_babaCode=21,data/cache/html/19850120_kawasaki_7.html
19850120_kawasaki_8,1985-01-20,kawasaki,8,https://www.keiba.go.jp/KeibaWeb/TodayRaceInfo/RaceMarkTable?k_raceDate=1985%2F01%2F20&k_raceNo=8&k_babaCode=21,data/cache/html/19850120_kawasaki_8.html
19850120_kawasaki_9,1985-01-20,kawasaki,9,https://www.keiba.go.jp/KeibaWeb/TodayRaceInfo/RaceMarkTable?k_raceDate=1985%2F01%2F20&k_raceNo=9&k_babaCode=21,data/cache/html/19850120_kawasaki_9.html
19850120_kawasaki_10,1985-01-20,kawasaki,10,https://www.keiba.go.jp/KeibaWeb/TodayRaceInfo/RaceMarkTable?k_raceDate=1985%2F01%2F20&k_raceNo=10&k_babaCode=21,data/cache/html/19850120_kawasaki_10.html
19850120_kawasaki_11,1985-01-20,kawasaki,11,https://www.keiba.go.jp/KeibaWeb/TodayRaceInfo/RaceMarkTable?k_raceDate=1985%2F01%2F20&k_raceNo=11&k_babaCode=21,data/cache/html/19850120_kawasaki_11.html
19850120_kawasaki_12,1985-01-20,kawasaki,12,https://www.keiba.go.jp/KeibaWeb/TodayRaceInfo/RaceMarkTable?k_raceDate=1985%2F01%2F20&k_raceNo=12&k_babaCode=21,data/cache/html/19850120_kawasaki_12.html
19850119_kawasaki_1,1985-01-19,kawasaki,1,https://www.keiba.go.jp/KeibaWeb/TodayRaceInfo/RaceMarkTable?k_raceDate=1985%2F01%2F19&k_raceNo=1&k_babaCode=21,data/cache/html/19850119_kawasaki_1.html
19850119_kawasaki_2,1985-01-19,kawasaki,2,https://www.keiba.go.jp/KeibaWeb/TodayRaceInfo/RaceMarkTable?k_raceDate=1985%2F01%2F19&k_raceNo=2&k_babaCode=21,data/cache/html/19850119_kawasaki_2.html
19850119_kawasaki_3,1985-01-19,kawasaki,3,https://www.keiba.go.jp/KeibaWeb/TodayRaceInfo/RaceMarkTable?k_raceDate=1985%2F01%2F19&k_raceNo=3&k_babaCode=21,data/cache/html/19850119_kawasaki_3.html
19850119_kawasaki_4,1985-01-19,kawasaki,4,https://www.keiba.go.jp/KeibaWeb/TodayRaceInfo/RaceMarkTable?k_raceDate=1985%2F01%2F19&k_raceNo=4&k_babaCode=21,data/cache/html/19850119_kawasaki_4.html
19850119_kawasaki_5,1985-01-19,kawasaki,5,https://www.keiba.go.jp/KeibaWeb/TodayRaceInfo/RaceMarkTable?k_raceDate=1985%2F01%2F19&k_raceNo=5&k_babaCode=21,data/cache/html/19850119_kawasaki_5.html
19850119_kawasaki_6,1985-01-19,kawasaki,6,https://www.keiba.go.jp/KeibaWeb/TodayRaceInfo/RaceMarkTable?k_raceDate=1985%2F01%2F19&k_raceNo=6&k_babaCode=21,data/cache/html/19850119_kawasaki_6.html
19850119_kawasaki_7,1985-01-19,kawasaki,7,https://www.keiba.go.jp/KeibaWeb/TodayRaceInfo/RaceMarkTable?k_raceDate=1985%2F01%2F19&k_raceNo=7&k_babaCode=21,data/cache/html/19850119_kawasaki_7.html
19850119_kawasaki_8,1985-01-19,kawasaki,8,https://www.keiba.go.jp/KeibaWeb/TodayRaceInfo/RaceMarkTable?k_raceDate=1985%2F01%2F19&k_raceNo=8&k_babaCode=21,data/cache/html/19850119_kawasaki_8.html
19850119_kawasaki_9,1985-01-19,kawasaki,9,https://www.keiba.go.jp/KeibaWeb/TodayRaceInfo/RaceMarkTable?k_raceDate=1985%2F01%2F19&k_raceNo=9&k_babaCode=21,data/cache/html/19850119_kawasaki_9.html
19850119_kawasaki_10,1985-01-19,kawasaki,10,https://www.keiba.go.jp/KeibaWeb/TodayRaceInfo/RaceMarkTable?k_raceDate=1985%2F01%2F19&k_raceNo=10&k_babaCode=21,data/cache/html/19850119_kawasaki_10.html
19850119_kawasaki_11,1985-01-19,kawasaki,11,https://www.keiba.go.jp/KeibaWeb/TodayRaceInfo/RaceMarkTable?k_raceDate=1985%2F01%2F19&k_raceNo=11&k_babaCode=21,data/cache/html/19850119_kawasaki_11.html
19850119_kawasaki_12,1985-01-19,kawasaki,12,https://www.keiba.go.jp/KeibaWeb/TodayRaceInfo/RaceMarkTable?k_raceDate=1985%2F01%2F19&k_raceNo=12&k_babaCode=21,data/cache/html/19850119_kawasaki_12.html
19850118_kawasaki_1,1985-01-18,kawasaki,1,https://www.keiba.go.jp/KeibaWeb/TodayRaceInfo/RaceMarkTable?k_raceDate=1985%2F01%2F18&k_raceNo=1&k_babaCode=21,data/cache/html/19850118_kawasaki_1.html
19850118_kawasaki_2,1985-01-18,kawasaki,2,https://www.keiba.go.jp/KeibaWeb/TodayRaceInfo/RaceMarkTable?k_raceDate=1985%2F01%2F18&k_raceNo=2&k_babaCode=21,data/cache/html/19850118_kawasaki_2.html
19850118_kawasaki_3,1985-01-18,kawasaki,3,https://www.keiba.go.jp/KeibaWeb/TodayRaceInfo/RaceMarkTable?k_raceDate=1985%2F01%2F18&k_raceNo=3&k_babaCode=21,data/cache/html/19850118_kawasaki_3.html
19850118_kawasaki_4,1985-01-18,kawasaki,4,https://www.keiba.go.jp/KeibaWeb/TodayRaceInfo/RaceMarkTable?k_raceDate=1985%2F01%2F18&k_raceNo=4&k_babaCode=21,data/cache/html/19850118_kawasaki_4.html
19850118_kawasaki_5,1985-01-18,kawasaki,5,https://www.keiba.go.jp/KeibaWeb/TodayRaceInfo/RaceMarkTable?k_raceDate=1985%2F01%2F18&k_raceNo=5&k_babaCode=21,data/cache/html/19850118_kawasaki_5.html
19850118_kawasaki_6,1985-01-18,kawasaki,6,https://www.keiba.go.jp/KeibaWeb/TodayRaceInfo/RaceMarkTable?k_raceDate=1985%2F01%2F18&k_raceNo=6&k_babaCode=21,data/cache/html/19850118_kawasaki_6.html
19850118_kawasaki_7,1985-01-18,kawasaki,7,https://www.keiba.go.jp/KeibaWeb/TodayRaceInfo/RaceMarkTable?k_raceDate=1985%2F01%2F18&k_raceNo=7&k_babaCode=21,data/cache/html/19850118_kawasaki_7.html
19850118_kawasaki_8,1985-01-18,kawasaki,8,https://www.keiba.go.jp/KeibaWeb/TodayRaceInfo/RaceMarkTable?k_raceDate=1985%2F01%2F18&k_raceNo=8&k_babaCode=21,data/cache/html/19850118_kawasaki_8.html
19850118_kawasaki_9,1985-01-18,kawasaki,9,https://www.keiba.go.jp/KeibaWeb/TodayRaceInfo/RaceMarkTable?k_raceDate=1985%2F01%2F18&k_raceNo=9&k_babaCode=21,data/cache/html/19850118_kawasaki_9.html
19850118_kawasaki_10,1985-01-18,kawasaki,10,https://www.keiba.go.jp/KeibaWeb/TodayRaceInfo/RaceMarkTable?k_raceDate=1985%2F01%2F18&k_raceNo=10&k_babaCode=21,data/cache/html/19850118_kawasaki_10.html
19850118_kawasaki_11,1985-01-18,kawasaki,11,https://www.keiba.go.jp/KeibaWeb/TodayRaceInfo/RaceMarkTable?k_raceDate=1985%2F01%2F18&k_raceNo=11&k_babaCode=21,data/cache/html/19850118_kawasaki_11.html
19850118_kawasaki_12,1985-01-18,kawasaki,12,https://www.keiba.go.jp/KeibaWeb/TodayRaceInfo/RaceMarkTable?k_raceDate=1985%2F01%2F18&k_raceNo=12&k_babaCode=21,data/cache/html/19850118_kawasaki_12.html
19850117_kawasaki_1,1985-01-17,kawasaki,1,https://www.keiba.go.jp/KeibaWeb/TodayRaceInfo/RaceMarkTable?k_raceDate=1985%2F01%2F17&k_raceNo=1&k_babaCode=21,data/cache/html/19850117_kawasaki_1.html
19850117_kawasaki_2,1985-01-17,kawasaki,2,https://www.keiba.go.jp/KeibaWeb/TodayRaceInfo/RaceMarkTable?k_raceDate=1985%2F01%2F17&k_raceNo=2&k_babaCode=21,data/cache/html/19850117_kawasaki_2.html
19850117_kawasaki_3,1985-01-17,kawasaki,3,https://www.keiba.go.jp/KeibaWeb/TodayRaceInfo/RaceMarkTable?k_raceDate=1985%2F01%2F17&k_raceNo=3&k_babaCode=21,data/cache/html/19850117_kawasaki_3.html
19850117_kawasaki_4,1985-01-17,kawasaki,4,https://www.keiba.go.jp/KeibaWeb/TodayRaceInfo/RaceMarkTable?k_raceDate=1985%2F01%2F17&k_raceNo=4&k_babaCode=21,data/cache/html/19850117_kawasaki_4.html
19850117_kawasaki_5,1985-01-17,kawasaki,5,https://www.keiba.go.jp/KeibaWeb/TodayRaceInfo/RaceMarkTable?k_raceDate=1985%2F01%2F17&k_raceNo=5&k_babaCode=21,data/cache/html/19850117_kawasaki_5.html
19850117_kawasaki_6,1985-01-17,kawasaki,6,https://www.keiba.go.jp/KeibaWeb/TodayRaceInfo/RaceMarkTable?k_raceDate=1985%2F01%2F17&k_raceNo=6&k_babaCode=21,data/cache/html/19850117_kawasaki_6.html
19850117_kawasaki_7,1985-01-17,kawasaki,7,https://www.keiba.go.jp/KeibaWeb/TodayRaceInfo/RaceMarkTable?k_raceDate=1985%2F01%2F17&k_raceNo=7&k_babaCode=21,data/cache/html/19850117_kawasaki_7.html
19850117_kawasaki_8,1985-01-17,kawasaki,8,https://www.keiba.go.jp/KeibaWeb/TodayRaceInfo/RaceMarkTable?k_raceDate=1985%2F01%2F17&k_raceNo=8&k_babaCode=21,data/cache/html/19850117_kawasaki_8.html
19850117_kawasaki_9,1985-01-17,kawasaki,9,https://www.keiba.go.jp/KeibaWeb/TodayRaceInfo/RaceMarkTable?k_raceDate=1985%2F01%2F17&k_raceNo=9&k_babaCode=21,data/cache/html/19850117_kawasaki_9.html
19850117_kawasaki_10,1985-01-17,kawasaki,10,https://www.keiba.go.jp/KeibaWeb/TodayRaceInfo/RaceMarkTable?k_raceDate=1985%2F01%2F17&k_raceNo=10&k_babaCode=21,data/cache/html/19850117_kawasaki_10.html
19850117_kawasaki_11,1985-01-17,kawasaki,11,https://www.keiba.go.jp/KeibaWeb/TodayRaceInfo/RaceMarkTable?k_raceDate=1985%2F01%2F17&k_raceNo=11&k_babaCode=21,data/cache/html/19850117_kawasaki_11.html
19850117_kawasaki_12,1985-01-17,kawasaki,12,https://www.keiba.go.jp/KeibaWeb/TodayRaceInfo/RaceMarkTable?k_raceDate=1985%2F01%2F17&k_raceNo=12&k_babaCode=21,data/cache/html/19850117_kawasaki_12.html
19850116_kawasaki_1,1985-01-16,kawasaki,1,https://www.keiba.go.jp/KeibaWeb/TodayRaceInfo/RaceMarkTable?k_raceDate=1985%2F01%2F16&k_raceNo=1&k_babaCode=21,data/cache/html/19850116_kawasaki_1.html
19850116_kawasaki_2,1985-01-16,kawasaki,2,https://www.keiba.go.jp/KeibaWeb/TodayRaceInfo/RaceMarkTable?k_raceDate=1985%2F01%2F16&k_raceNo=2&k_babaCode=21,data/cache/html/19850116_kawasaki_2.html
19850116_kawasaki_3,1985-01-16,kawasaki,3,https://www.keiba.go.jp/KeibaWeb/TodayRaceInfo/RaceMarkTable?k_raceDate=1985%2F01%2F16&k_raceNo=3&k_babaCode=21,data/cache/html/19850116_kawasaki_3.html
19850116_kawasaki_4,1985-01-16,kawasaki,4,https://www.keiba.go.jp/KeibaWeb/TodayRaceInfo/RaceMarkTable?k_raceDate=1985%2F01%2F16&k_raceNo=4&k_babaCode=21,data/cache/html/19850116_kawasaki_4.html
19850116_kawasaki_5,1985-01-16,kawasaki,5,https://www.keiba.go.jp/KeibaWeb/TodayRaceInfo/RaceMarkTable?k_raceDate=1985%2F01%2F16&k_raceNo=5&k_babaCode=21,data/cache/html/19850116_kawasaki_5.html
19850116_kawasaki_6,1985-01-16,kawasaki,6,https://www.keiba.go.jp/KeibaWeb/TodayRaceInfo/RaceMarkTable?k_raceDate=1985%2F01%2F16&k_raceNo=6&k_babaCode=21,data/cache/html/19850116_kawasaki_6.html
19850116_kawasaki_7,1985-01-16,kawasaki,7,https://www.keiba.go.jp/KeibaWeb/TodayRaceInfo/RaceMarkTable?k_raceDate=1985%2F01%2F16&k_raceNo=7&k_babaCode=21,data/cache/html/19850116_kawasaki_7.html
19850116_kawasaki_8,1985-01-16,kawasaki,8,https://www.keiba.go.jp/KeibaWeb/TodayRaceInfo/RaceMarkTable?k_raceDate=1985%2F01%2F16&k_raceNo=8&k_babaCode=21,data/cache/html/19850116_kawasaki_8.html
19850116_kawasaki_9,1985-01-16,kawasaki,9,https://www.keiba.go.jp/KeibaWeb/TodayRaceInfo/RaceMarkTable?k_raceDate=1985%2F01%2F16&k_raceNo=9&k_babaCode=21,data/cache/html/19850116_kawasaki_9.html
19850116_kawasaki_10,1985-01-16,kawasaki,10,https://www.keiba.go.jp/KeibaWeb/TodayRaceInfo/RaceMarkTable?k_raceDate=1985%2F01%2F16&k_raceNo=10&k_babaCode=21,data/cache/html/19850116_kawasaki_10.html
19850116_kawasaki_11,1985-01-16,kawasaki,11,https://www.keiba.go.jp/KeibaWeb/TodayRaceInfo/RaceMarkTable?k_raceDate=1985%2F01%2F16&k_raceNo=11&k_babaCode=21,data/cache/html/19850116_kawasaki_11.html
19850116_kawasaki_12,1985-01-16,kawasaki,12,https://www.keiba.go.jp/KeibaWeb/TodayRaceInfo/RaceMarkTable?k_raceDate=1985%2F01%2F16&k_raceNo=12&k_babaCode=21,data/cache/html/19850116_kawasaki_12.html
19850115_kawasaki_1,1985-01-15,kawasaki,1,https://www.keiba.go.jp/KeibaWeb/TodayRaceInfo/RaceMarkTable?k_raceDate=1985%2F01%2F15&k_raceNo=1&k_babaCode=21,data/cache/html/19850115_kawasaki_1.html
19850115_kawasaki_2,1985-01-15,kawasaki,2,https://www.keiba.go.jp/KeibaWeb/TodayRaceInfo/RaceMarkTable?k_raceDate=1985%2F01%2F15&k_raceNo=2&k_babaCode=21,data/cache/html/19850115_kawasaki_2.html
19850115_kawasaki_3,1985-01-15,kawasaki,3,https://www.keiba.go.jp/KeibaWeb/TodayRaceInfo/RaceMarkTable?k_raceDate=1985%2F01%2F15&k_raceNo=3&k_babaCode=21,data/cache/html/19850115_kawasaki_3.html
19850115_kawasaki_4,1985-01-15,kawasaki,4,https://www.keiba.go.jp/KeibaWeb/TodayRaceInfo/RaceMarkTable?k_raceDate=1985%2F01%2F15&k_raceNo=4&k_babaCode=21,data/cache/html/19850115_kawasaki_4.html
19850115_kawasaki_5,1985-01-15,kawasaki,5,https://www.keiba.go.jp/KeibaWeb/TodayRaceInfo/RaceMarkTable?k_raceDate=1985%2F01%2F15&k_raceNo=5&k_babaCode=21,data/cache/html/19850115_kawasaki_5.html
19850115_kawasaki_6,1985-01-15,kawasaki,6,https://www.keiba.go.jp/KeibaWeb/TodayRaceInfo/RaceMarkTable?k_raceDate=1985%2F01%2F15&k_raceNo=6&k_babaCode=21,data/cache/html/19850115_kawasaki_6.html
19850115_kawasaki_7,1985-01-15,kawasaki,7,https://www.keiba.go.jp/KeibaWeb/TodayRaceInfo/RaceMarkTable?k_raceDate=1985%2F01%2F15&k_raceNo=7&k_babaCode=21,data/cache/html/19850115_kawasaki_7.html
19850115_kawasaki_8,1985-01-15,kawasaki,8,https://www.keiba.go.jp/KeibaWeb/TodayRaceInfo/RaceMarkTable?k_raceDate=1985%2F01%2F15&k_raceNo=8&k_babaCode=21,data/cache/html/19850115_kawasaki_8.html
19850115_kawasaki_9,1985-01-15,kawasaki,9,https://www.keiba.go.jp/KeibaWeb/TodayRaceInfo/RaceMarkTable?k_raceDate=1985%2F01%2F15&k_raceNo=9&k_babaCode=21,data/cache/html/19850115_kawasaki_9.html
19850115_kawasaki_10,1985-01-15,kawasaki,10,https://www.keiba.go.jp/KeibaWeb/TodayRaceInfo/RaceMarkTable?k_raceDate=1985%2F01%2F15&k_raceNo=10&k_babaCode=21,data/cache/html/19850115_kawasaki_10.html
19850115_kawasaki_11,1985-01-15,kawasaki,11,https://www.keiba.go.jp/KeibaWeb/TodayRaceInfo/RaceMarkTable?k_raceDate=1985%2F01%2F15&k_raceNo=11&k_babaCode=21,data/cache/html/19850115_kawasaki_11.html
19850115_kawasaki_12,1985-01-15,kawasaki,12,https://www.keiba.go.jp/KeibaWeb/TodayRaceInfo/RaceMarkTable?k_raceDate=1985%2F01%2F15&k_raceNo=12&k_babaCode=21,data/cache/html/19850115_kawasaki_12.html
19850114_kawasaki_1,1985-01-14,kawasaki,1,https://www.keiba.go.jp/KeibaWeb/TodayRaceInfo/RaceMarkTable?k_raceDate=1985%2F01%2F14&k_raceNo=1&k_babaCode=21,data/cache/html/19850114_kawasaki_1.html
19850114_kawasaki_2,1985-01-14,kawasaki,2,https://www.keiba.go.jp/KeibaWeb/TodayRaceInfo/RaceMarkTable?k_raceDate=1985%2F01%2F14&k_raceNo=2&k_babaCode=21,data/cache/html/19850114_kawasaki_2.html
19850114_kawasaki_3,1985-01-14,kawasaki,3,https://www.keiba.go.jp/KeibaWeb/TodayRaceInfo/RaceMarkTable?k_raceDate=1985%2F01%2F14&k_raceNo=3&k_babaCode=21,data/cache/html/19850114_kawasaki_3.html
19850114_kawasaki_4,1985-01-14,kawasaki,4,https://www.keiba.go.jp/KeibaWeb/TodayRaceInfo/RaceMarkTable?k_raceDate=1985%2F01%2F14&k_raceNo=4&k_babaCode=21,data/cache/html/19850114_kawasaki_4.html
19850114_kawasaki_5,1985-01-14,kawasaki,5,https://www.keiba.go.jp/KeibaWeb/TodayRaceInfo/RaceMarkTable?k_raceDate=1985%2F01%2F14&k_raceNo=5&k_babaCode=21,data/cache/html/19850114_kawasaki_5.html
19850114_kawasaki_6,1985-01-14,kawasaki,6,https://www.keiba.go.jp/KeibaWeb/TodayRaceInfo/RaceMarkTable?k_raceDate=1985%2F01%2F14&k_raceNo=6&k_babaCode=21,data/cache/html/19850114_kawasaki_6.html
19850114_kawasaki_7,1985-01-14,kawasaki,7,https://www.keiba.go.jp/KeibaWeb/TodayRaceInfo/RaceMarkTable?k_raceDate=1985%2F01%2F14&k_raceNo=7&k_babaCode=21,data/cache/html/19850114_kawasaki_7.html
19850114_kawasaki_8,1985-01-14,kawasaki,8,https://www.keiba.go.jp/KeibaWeb/TodayRaceInfo/RaceMarkTable?k_raceDate=1985%2F01%2F14&k_raceNo=8&k_babaCode=21,data/cache/html/19850114_kawasaki_8.html
19850114_kawasaki_9,1985-01-14,kawasaki,9,https://www.keiba.go.jp/KeibaWeb/TodayRaceInfo/RaceMarkTable?k_raceDate=1985%2F01%2F14&k_raceNo=9&k_babaCode=21,data/cache/html/19850114_kawasaki_9.html
19850114_kawasaki_10,1985-01-14,kawasaki,10,https://www.keiba.go.jp/KeibaWeb/TodayRaceInfo/RaceMarkTable?k_raceDate=1985%2F01%2F14&k_raceNo=10&k_babaCode=21,data/cache/html/19850114_kawasaki_10.html
19850114_kawasaki_11,1985-01-14,kawasaki,11,https://www.keiba.go.jp/KeibaWeb/TodayRaceInfo/RaceMarkTable?k_raceDate=1985%2F01%2F14&k_raceNo=11&k_babaCode=21,data/cache/html/19850114_kawasaki_11.html
19850114_kawasaki_12,1985-01-14,kawasaki,12,https://www.keiba.go.jp/KeibaWeb/TodayRaceInfo/RaceMarkTable?k_raceDate=1985%2F01%2F14&k_raceNo=12&k_babaCode=21,data/cache/html/19850114_kawasaki_12.html
19850113_kawasaki_1,1985-01-13,kawasaki,1,https://www.keiba.go.jp/KeibaWeb/TodayRaceInfo/RaceMarkTable?k_raceDate=1985%2F01%2F13&k_raceNo=1&k_babaCode=21,data/cache/html/19850113_kawasaki_1.html
19850113_kawasaki_2,1985-01-13,kawasaki,2,https://www.keiba.go.jp/KeibaWeb/TodayRaceInfo/RaceMarkTable?k_raceDate=1985%2F01%2F13&k_raceNo=2&k_babaCode=21,data/cache/html/19850113_kawasaki_2.html
19850113_kawasaki_3,1985-01-13,kawasaki,3,https://www.keiba.go.jp/KeibaWeb/TodayRaceInfo/RaceMarkTable?k_raceDate=1985%2F01%2F13&k_raceNo=3&k_babaCode=21,data/cache/html/19850113_kawasaki_3.html
19850113_kawasaki_4,1985-01-13,kawasaki,4,https://www.keiba.go.jp/KeibaWeb/TodayRaceInfo/RaceMarkTable?k_raceDate=1985%2F01%2F13&k_raceNo=4&k_babaCode=21,data/cache/html/19850113_kawasaki_4.html
19850113_kawasaki_5,1985-01-13,kawasaki,5,https://www.keiba.go.jp/KeibaWeb/TodayRaceInfo/RaceMarkTable?k_raceDate=1985%2F01%2F13&k_raceNo=5&k_babaCode=21,data/cache/html/19850113_kawasaki_5.html
19850113_kawasaki_6,1985-01-13,kawasaki,6,https://www.keiba.go.jp/KeibaWeb/TodayRaceInfo/RaceMarkTable?k_raceDate=1985%2F01%2F13&k_raceNo=6&k_babaCode=21,data/cache/html/19850113_kawasaki_6.html
19850113_kawasaki_7,1985-01-13,kawasaki,7,https://www.keiba.go.jp/KeibaWeb/TodayRaceInfo/RaceMarkTable?k_raceDate=1985%2F01%2F13&k_raceNo=7&k_babaCode=21,data/cache/html/19850113_kawasaki_7.html
19850113_kawasaki_8,1985-01-13,kawasaki,8,https://www.keiba.go.jp/KeibaWeb/TodayRaceInfo/RaceMarkTable?k_raceDate=1985%2F01%2F13&k_raceNo=8&k_babaCode=21,data/cache/html/19850113_kawasaki_8.html
19850113_kawasaki_9,1985-01-13,kawasaki,9,https://www.keiba.go.jp/KeibaWeb/TodayRaceInfo/RaceMarkTable?k_raceDate=1985%2F01%2F13&k_raceNo=9&k_babaCode=21,data/cache/html/19850113_kawasaki_9.html
19850113_kawasaki_10,1985-01-13,kawasaki,10,https://www.keiba.go.jp/KeibaWeb/TodayRaceInfo/RaceMarkTable?k_raceDate=1985%2F01%2F13&k_raceNo=10&k_babaCode=21,data/cache/html/19850113_kawasaki_10.html
19850113_kawasaki_11,1985-01-13,kawasaki,11,https://www.keiba.go.jp/KeibaWeb/TodayRaceInfo/RaceMarkTable?k_raceDate=1985%2F01%2F13&k_raceNo=11&k_babaCode=21,data/cache/html/19850113_kawasaki_11.html
19850113_kawasaki_12,1985-01-13,kawasaki,12,https://www.keiba.go.jp/KeibaWeb/TodayRaceInfo/RaceMarkTable?k_raceDate=1985%2F01%2F13&k_raceNo=12&k_babaCode=21,data/cache/html/19850113_kawasaki_12.html
19850112_kawasaki_1,1985-01-12,kawasaki,1,https://www.keiba.go.jp/KeibaWeb/TodayRaceInfo/RaceMarkTable?k_raceDate=1985%2F01%2F12&k_raceNo=1&k_babaCode=21,data/cache/html/19850112_kawasaki_1.html
19850112_kawasaki_2,1985-01-12,kawasaki,2,https://www.keiba.go.jp/KeibaWeb/TodayRaceInfo/RaceMarkTable?k_raceDate=1985%2F01%2F12&k_raceNo=2&k_babaCode=21,data/cache/html/19850112_kawasaki_2.html
19850112_kawasaki_3,1985-01-12,kawasaki,3,https://www.keiba.go.jp/KeibaWeb/TodayRaceInfo/RaceMarkTable?k_raceDate=1985%2F01%2F12&k_raceNo=3&k_babaCode=21,data/cache/html/19850112_kawasaki_3.html
19850112_kawasaki_4,1985-01-12,kawasaki,4,https://www.keiba.go.jp/KeibaWeb/TodayRaceInfo/RaceMarkTable?k_raceDate=1985%2F01%2F12&k_raceNo=4&k_babaCode=21,data/cache/html/19850112_kawasaki_4.html
19850112_kawasaki_5,1985-01-12,kawasaki,5,https://www.keiba.go.jp/KeibaWeb/TodayRaceInfo/RaceMarkTable?k_raceDate=1985%2F01%2F12&k_raceNo=5&k_babaCode=21,data/cache/html/19850112_kawasaki_5.html
19850112_kawasaki_6,1985-01-12,kawasaki,6,https://www.keiba.go.jp/KeibaWeb/TodayRaceInfo/RaceMarkTable?k_raceDate=1985%2F01%2F12&k_raceNo=6&k_babaCode=21,data/cache/html/19850112_kawasaki_6.html
19850112_kawasaki_7,1985-01-12,kawasaki,7,https://www.keiba.go.jp/KeibaWeb/TodayRaceInfo/RaceMarkTable?k_raceDate=1985%2F01%2F12&k_raceNo=7&k_babaCode=21,data/cache/html/19850112_kawasaki_7.html
19850112_kawasaki_8,1985-01-12,kawasaki,8,https://www.keiba.go.jp/KeibaWeb/TodayRaceInfo/RaceMarkTable?k_raceDate=1985%2F01%2F12&k_raceNo=8&k_babaCode=21,data/cache/html/19850112_kawasaki_8.html
19850112_kawasaki_9,1985-01-12,kawasaki,9,https://www.keiba.go.jp/KeibaWeb/TodayRaceInfo/RaceMarkTable?k_raceDate=1985%2F01%2F12&k_raceNo=9&k_babaCode=21,data/cache/html/19850112_kawasaki_9.html
19850112_kawasaki_10,1985-01-12,kawasaki,10,https://www.keiba.go.jp/KeibaWeb/TodayRaceInfo/RaceMarkTable?k_raceDate=1985%2F01%2F12&k_raceNo=10&k_babaCode=21,data/cache/html/19850112_kawasaki_10.html
19850112_kawasaki_11,1985-01-12,kawasaki,11,https://www.keiba.go.jp/KeibaWeb/TodayRaceInfo/RaceMarkTable?k_raceDate=1985%2F01%2F12&k_raceNo=11&k_babaCode=21,data/cache/html/19850112_kawasaki_11.html
19850112_kawasaki_12,1985-01-12,kawasaki,12,https://www.keiba.go.jp/KeibaWeb/TodayRaceInfo/RaceMarkTable?k_raceDate=1985%2F01%2F12&k_raceNo=12&k_babaCode=21,data/cache/html/19850112_kawasaki_12.html
19850111_kawasaki_1,1985-01-11,kawasaki,1,https://www.keiba.go.jp/KeibaWeb/TodayRaceInfo/RaceMarkTable?k_raceDate=1985%2F01%2F11&k_raceNo=1&k_babaCode=21,data/cache/html/19850111_kawasaki_1.html
19850111_kawasaki_2,1985-01-11,kawasaki,2,https://www.keiba.go.jp/KeibaWeb/TodayRaceInfo/RaceMarkTable?k_raceDate=1985%2F01%2F11&k_raceNo=2&k_babaCode=21,data/cache/html/19850111_kawasaki_2.html
19850111_kawasaki_3,1985-01-11,kawasaki,3,https://www.keiba.go.jp/KeibaWeb/TodayRaceInfo/RaceMarkTable?k_raceDate=1985%2F01%2F11&k_raceNo=3&k_babaCode=21,data/cache/html/19850111_kawasaki_3.html
19850111_kawasaki_4,1985-01-11,kawasaki,4,https://www.keiba.go.jp/KeibaWeb/TodayRaceInfo/RaceMarkTable?k_raceDate=1985%2F01%2F11&k_raceNo=4&k_babaCode=21,data/cache/html/19850111_kawasaki_4.html
19850111_kawasaki_5,1985-01-11,kawasaki,5,https://www.keiba.go.jp/KeibaWeb/TodayRaceInfo/RaceMarkTable?k_raceDate=1985%2F01%2F11&k_raceNo=5&k_babaCode=21,data/cache/html/19850111_kawasaki_5.html
19850111_kawasaki_6,1985-01-11,kawasaki,6,https://www.keiba.go.jp/KeibaWeb/TodayRaceInfo/RaceMarkTable?k_raceDate=1985%2F01%2F11&k_raceNo=6&k_babaCode=21,data/cache/html/19850111_kawasaki_6.html
19850111_kawasaki_7,1985-01-11,kawasaki,7,https://www.keiba.go.jp/KeibaWeb/TodayRaceInfo/RaceMarkTable?k_raceDate=1985%2F01%2F11&k_raceNo=7&k_babaCode=21,data/cache/html/19850111_kawasaki_7.html
19850111_kawasaki_8,1985-01-11,kawasaki,8,https://www.keiba.go.jp/KeibaWeb/TodayRaceInfo/RaceMarkTable?k_raceDate=1985%2F01%2F11&k_raceNo=8&k_babaCode=21,data/cache/html/19850111_kawasaki_8.html
19850111_kawasaki_9,1985-01-11,kawasaki,9,https://www.keiba.go.jp/KeibaWeb/TodayRaceInfo/RaceMarkTable?k_raceDate=1985%2F01%2F11&k_raceNo=9&k_babaCode=21,data/cache/html/19850111_kawasaki_9.html
19850111_kawasaki_10,1985-01-11,kawasaki,10,https://www.keiba.go.jp/KeibaWeb/TodayRaceInfo/RaceMarkTable?k_raceDate=1985%2F01%2F11&k_raceNo=10&k_babaCode=21,data/cache/html/19850111_kawasaki_10.html
19850111_kawasaki_11,1985-01-11,kawasaki,11,https://www.keiba.go.jp/KeibaWeb/TodayRaceInfo/RaceMarkTable?k_raceDate=1985%2F01%2F11&k_raceNo=11&k_babaCode=21,data/cache/html/19850111_kawasaki_11.html
19850111_kawasaki_12,1985-01-11,kawasaki,12,https://www.keiba.go.jp/KeibaWeb/TodayRaceInfo/RaceMarkTable?k_raceDate=1985%2F01%2F11&k_raceNo=12&k_babaCode=21,data/cache/html/19850111_kawasaki_12.html
19850110_kawasaki_1,1985-01-10,kawasaki,1,https://www.keiba.go.jp/KeibaWeb/TodayRaceInfo/RaceMarkTable?k_raceDate=1985%2F01%2F10&k_raceNo=1&k_babaCode=21,data/cache/html/19850110_kawasaki_1.html
19850110_kawasaki_2,1985-01-10,kawasaki,2,https://www.keiba.go.jp/KeibaWeb/TodayRaceInfo/RaceMarkTable?k_raceDate=1985%2F01%2F10&k_raceNo=2&k_babaCode=21,data/cache/html/19850110_kawasaki_2.html
19850110_kawasaki_3,1985-01-10,kawasaki,3,https://www.keiba.go.jp/KeibaWeb/TodayRaceInfo/RaceMarkTable?k_raceDate=1985%2F01%2F10&k_raceNo=3&k_babaCode=21,data/cache/html/19850110_kawasaki_3.html
19850110_kawasaki_4,1985-01-10,kawasaki,4,https://www.keiba.go.jp/KeibaWeb/TodayRaceInfo/RaceMarkTable?k_raceDate=1985%2F01%2F10&k_raceNo=4&k_babaCode=21,data/cache/html/19850110_kawasaki_4.html
19850110_kawasaki_5,1985-01-10,kawasaki,5,https://www.keiba.go.jp/KeibaWeb/TodayRaceInfo/RaceMarkTable?k_raceDate=1985%2F01%2F10&k_raceNo=5&k_babaCode=21,data/cache/html/19850110_kawasaki_5.html
19850110_kawasaki_6,1985-01-10,kawasaki,6,https://www.keiba.go.jp/KeibaWeb/TodayRaceInfo/RaceMarkTable?k_raceDate=1985%2F01%2F10&k_raceNo=6&k_babaCode=21,data/cache/html/19850110_kawasaki_6.html
19850110_kawasaki_7,1985-01-10,kawasaki,7,https://www.keiba.go.jp/KeibaWeb/TodayRaceInfo/RaceMarkTable?k_raceDate=1985%2F01%2F10&k_raceNo=7&k_babaCode=21,data/cache/html/19850110_kawasaki_7.html
19850110_kawasaki_8,1985-01-10,kawasaki,8,https://www.keiba.go.jp/KeibaWeb/TodayRaceInfo/RaceMarkTable?k_raceDate=1985%2F01%2F10&k_raceNo=8&k_babaCode=21,data/cache/html/19850110_kawasaki_8.html
19850110_kawasaki_9,1985-01-10,kawasaki,9,https://www.keiba.go.jp/KeibaWeb/TodayRaceInfo/RaceMarkTable?k_raceDate=1985%2F01%2F10&k_raceNo=9&k_babaCode=21,data/cache/html/19850110_kawasaki_9.html
19850110_kawasaki_10,1985-01-10,kawasaki,10,https://www.keiba.go.jp/KeibaWeb/TodayRaceInfo/RaceMarkTable?k_raceDate=1985%2F01%2F10&k_raceNo=10&k_babaCode=21,data/cache/html/19850110_kawasaki_10.html
19850110_kawasaki_11,1985-01-10,kawasaki,11,https://www.keiba.go.jp/KeibaWeb/TodayRaceInfo/RaceMarkTable?k_raceDate=1985%2F01%2F10&k_raceNo=11&k_babaCode=21,data/cache/html/19850110_kawasaki_11.html
19850110_kawasaki_12,1985-01-10,kawasaki,12,https://www.keiba.go.jp/KeibaWeb/TodayRaceInfo/RaceMarkTable?k_raceDate=1985%2F01%2F10&k_raceNo=12&k_babaCode=21,data/cache/html/19850110_kawasaki_12.html
19850109_kawasaki_1,1985-01-09,kawasaki,1,https://www.keiba.go.jp/KeibaWeb/TodayRaceInfo/RaceMarkTable?k_raceDate=1985%2F01%2F09&k_raceNo=1&k_babaCode=21,data/cache/html/19850109_kawasaki_1.html
19850109_kawasaki_2,1985-01-09,kawasaki,2,https://www.keiba.go.jp/KeibaWeb/TodayRaceInfo/RaceMarkTable?k_raceDate=1985%2F01%2F09&k_raceNo=2&k_babaCode=21,data/cache/html/19850109_kawasaki_2.html
19850109_kawasaki_3,1985-01-09,kawasaki,3,https://www.keiba.go.jp/KeibaWeb/TodayRaceInfo/RaceMarkTable?k_raceDate=1985%2F01%2F09&k_raceNo=3&k_babaCode=21,data/cache/html/19850109_kawasaki_3.html
19850109_kawasaki_4,1985-01-09,kawasaki,4,https://www.keiba.go.jp/KeibaWeb/TodayRaceInfo/RaceMarkTable?k_raceDate=1985%2F01%2F09&k_raceNo=4&k_babaCode=21,data/cache/html/19850109_kawasaki_4.html
19850109_kawasaki_5,1985-01-09,kawasaki,5,https://www.keiba.go.jp/KeibaWeb/TodayRaceInfo/RaceMarkTable?k_raceDate=1985%2F01%2F09&k_raceNo=5&k_babaCode=21,data/cache/html/19850109_kawasaki_5.html
19850109_kawasaki_6,1985-01-09,kawasaki,6,https://www.keiba.go.jp/KeibaWeb/TodayRaceInfo/RaceMarkTable?k_raceDate=1985%2F01%2F09&k_raceNo=6&k_babaCode=21,data/cache/html/19850109_kawasaki_6.html
19850109_kawasaki_7,1985-01-09,kawasaki,7,https://www.keiba.go.jp/KeibaWeb/TodayRaceInfo/RaceMarkTable?k_raceDate=1985%2F01%2F09&k_raceNo=7&k_babaCode=21,data/cache/html/19850109_kawasaki_7.html
19850109_kawasaki_8,1985-01-09,kawasaki,8,https://www.keiba.go.jp/KeibaWeb/TodayRaceInfo/RaceMarkTable?k_raceDate=1985%2F01%2F09&k_raceNo=8&k_babaCode=21,data/cache/html/19850109_kawasaki_8.html
19850109_kawasaki_9,1985-01-09,kawasaki,9,https://www.keiba.go.jp/KeibaWeb/TodayRaceInfo/RaceMarkTable?k_raceDate=1985%2F01%2F09&k_raceNo=9&k_babaCode=21,data/cache/html/19850109_kawasaki_9.html
19850109_kawasaki_10,1985-01-09,kawasaki,10,https://www.keiba.go.jp/KeibaWeb/TodayRaceInfo/RaceMarkTable?k_raceDate=1985%2F01%2F09&k_raceNo=10&k_babaCode=21,data/cache/html/19850109_kawasaki_10.html
19850109_kawasaki_11,1985-01-09,kawasaki,11,https://www.keiba.go.jp/KeibaWeb/TodayRaceInfo/RaceMarkTable?k_raceDate=1985%2F01%2F09&k_raceNo=11&k_babaCode=21,data/cache/html/19850109_kawasaki_11.html
19850109_kawasaki_12,1985-01-09,kawasaki,12,https://www.keiba.go.jp/KeibaWeb/TodayRaceInfo/RaceMarkTable?k_raceDate=1985%2F01%2F09&k_raceNo=12&k_babaCode=21,data/cache/html/19850109_kawasaki_12.html
19850108_kawasaki_1,1985-01-08,kawasaki,1,https://www.keiba.go.jp/KeibaWeb/TodayRaceInfo/RaceMarkTable?k_raceDate=1985%2F01%2F08&k_raceNo=1&k_babaCode=21,data/cache/html/19850108_kawasaki_1.html
19850108_kawasaki_2,1985-01-08,kawasaki,2,https://www.keiba.go.jp/KeibaWeb/TodayRaceInfo/RaceMarkTable?k_raceDate=1985%2F01%2F08&k_raceNo=2&k_babaCode=21,data/cache/html/19850108_kawasaki_2.html
19850108_kawasaki_3,1985-01-08,kawasaki,3,https://www.keiba.go.jp/KeibaWeb/TodayRaceInfo/RaceMarkTable?k_raceDate=1985%2F01%2F08&k_raceNo=3&k_babaCode=21,data/cache/html/19850108_kawasaki_3.html
19850108_kawasaki_4,1985-01-08,kawasaki,4,https://www.keiba.go.jp/KeibaWeb/TodayRaceInfo/RaceMarkTable?k_raceDate=1985%2F01%2F08&k_raceNo=4&k_babaCode=21,data/cache/html/19850108_kawasaki_4.html
19850108_kawasaki_5,1985-01-08,kawasaki,5,https://www.keiba.go.jp/KeibaWeb/TodayRaceInfo/RaceMarkTable?k_raceDate=1985%2F01%2F08&k_raceNo=5&k_babaCode=21,data/cache/html/19850108_kawasaki_5.html
19850108_kawasaki_6,1985-01-08,kawasaki,6,https://www.keiba.go.jp/KeibaWeb/TodayRaceInfo/RaceMarkTable?k_raceDate=1985%2F01%2F08&k_raceNo=6&k_babaCode=21,data/cache/html/19850108_kawasaki_6.html
19850108_kawasaki_7,1985-01-08,kawasaki,7,https://www.keiba.go.jp/KeibaWeb/TodayRaceInfo/RaceMarkTable?k_raceDate=1985%2F01%2F08&k_raceNo=7&k_babaCode=21,data/cache/html/19850108_kawasaki_7.html
19850108_kawasaki_8,1985-01-08,kawasaki,8,https://www.keiba.go.jp/KeibaWeb/TodayRaceInfo/RaceMarkTable?k_raceDate=1985%2F01%2F08&k_raceNo=8&k_babaCode=21,data/cache/html/19850108_kawasaki_8.html
19850108_kawasaki_9,1985-01-08,kawasaki,9,https://www.keiba.go.jp/KeibaWeb/TodayRaceInfo/RaceMarkTable?k_raceDate=1985%2F01%2F08&k_raceNo=9&k_babaCode=21,data/cache/html/19850108_kawasaki_9.html
19850108_kawasaki_10,1985-01-08,kawasaki,10,https://www.keiba.go.jp/KeibaWeb/TodayRaceInfo/RaceMarkTable?k_raceDate=1985%2F01%2F08&k_raceNo=10&k_babaCode=21,data/cache/html/19850108_kawasaki_10.html
19850108_kawasaki_11,1985-01-08,kawasaki,11,https://www.keiba.go.jp/KeibaWeb/TodayRaceInfo/RaceMarkTable?k_raceDate=1985%2F01%2F08&k_raceNo=11&k_babaCode=21,data/cache/html/19850108_kawasaki_11.html
19850108_kawasaki_12,1985-01-08,kawasaki,12,https://www.keiba.go.jp/KeibaWeb/TodayRaceInfo/RaceMarkTable?k_raceDate=1985%2F01%2F08&k_raceNo=12&k_babaCode=21,data/cache/html/19850108_kawasaki_12.html
19850107_kawasaki_1,1985-01-07,kawasaki,1,https://www.keiba.go.jp/KeibaWeb/TodayRaceInfo/RaceMarkTable?k_raceDate=1985%2F01%2F07&k_raceNo=1&k_babaCode=21,data/cache/html/19850107_kawasaki_1.html
19850107_kawasaki_2,1985-01-07,kawasaki,2,https://www.keiba.go.jp/KeibaWeb/TodayRaceInfo/RaceMarkTable?k_raceDate=1985%2F01%2F07&k_raceNo=2&k_babaCode=21,data/cache/html/19850107_kawasaki_2.html
19850107_kawasaki_3,1985-01-07,kawasaki,3,https://www.keiba.go.jp/KeibaWeb/TodayRaceInfo/RaceMarkTable?k_raceDate=1985%2F01%2F07&k_raceNo=3&k_babaCode=21,data/cache/html/19850107_kawasaki_3.html
19850107_kawasaki_4,1985-01-07,kawasaki,4,https://www.keiba.go.jp/KeibaWeb/TodayRaceInfo/RaceMarkTable?k_raceDate=1985%2F01%2F07&k_raceNo=4&k_babaCode=21,data/cache/html/19850107_kawasaki_4.html
19850107_kawasaki_5,1985-01-07,kawasaki,5,https://www.keiba.go.jp/KeibaWeb/TodayRaceInfo/RaceMarkTable?k_raceDate=1985%2F01%2F07&k_raceNo=5&k_babaCode=21,data/cache/html/19850107_kawasaki_5.html
19850107_kawasaki_6,1985-01-07,kawasaki,6,https://www.keiba.go.jp/KeibaWeb/TodayRaceInfo/RaceMarkTable?k_raceDate=1985%2F01%2F07&k_raceNo=6&k_babaCode=21,data/cache/html/19850107_kawasaki_6.html
19850107_kawasaki_7,1985-01-07,kawasaki,7,https://www.keiba.go.jp/KeibaWeb/TodayRaceInfo/RaceMarkTable?k_raceDate=1985%2F01%2F07&k_raceNo=7&k_babaCode=21,data/cache/html/19850107_kawasaki_7.html
19850107_kawasaki_8,1985-01-07,kawasaki,8,https://www.keiba.go.jp/KeibaWeb/TodayRaceInfo/RaceMarkTable?k_raceDate=1985%2F01%2F07&k_raceNo=8&k_babaCode=21,data/cache/html/19850107_kawasaki_8.html
19850107_kawasaki_9,1985-01-07,kawasaki,9,https://www.keiba.go.jp/KeibaWeb/TodayRaceInfo/RaceMarkTable?k_raceDate=1985%2F01%2F07&k_raceNo=9&k_babaCode=21,data/cache/html/19850107_kawasaki_9.html
19850107_kawasaki_10,1985-01-07,kawasaki,10,https://www.keiba.go.jp/KeibaWeb/TodayRaceInfo/RaceMarkTable?k_raceDate=1985%2F01%2F07&k_raceNo=10&k_babaCode=21,data/cache/html/19850107_kawasaki_10.html
19850107_kawasaki_11,1985-01-07,kawasaki,11,https://www.keiba.go.jp/KeibaWeb/TodayRaceInfo/RaceMarkTable?k_raceDate=1985%2F01%2F07&k_raceNo=11&k_babaCode=21,data/cache/html/19850107_kawasaki_11.html
19850107_kawasaki_12,1985-01-07,kawasaki,12,https://www.keiba.go.jp/KeibaWeb/TodayRaceInfo/RaceMarkTable?k_raceDate=1985%2F01%2F07&k_raceNo=12&k_babaCode=21,data/cache/html/19850107_kawasaki_12.html
19850106_kawasaki_1,1985-01-06,kawasaki,1,https://www.keiba.go.jp/KeibaWeb/TodayRaceInfo/RaceMarkTable?k_raceDate=1985%2F01%2F06&k_raceNo=1&k_babaCode=21,data/cache/html/19850106_kawasaki_1.html
19850106_kawasaki_2,1985-01-06,kawasaki,2,https://www.keiba.go.jp/KeibaWeb/TodayRaceInfo/RaceMarkTable?k_raceDate=1985%2F01%2F06&k_raceNo=2&k_babaCode=21,data/cache/html/19850106_kawasaki_2.html
19850106_kawasaki_3,1985-01-06,kawasaki,3,https://www.keiba.go.jp/KeibaWeb/TodayRaceInfo/RaceMarkTable?k_raceDate=1985%2F01%2F06&k_raceNo=3&k_babaCode=21,data/cache/html/19850106_kawasaki_3.html
19850106_kawasaki_4,1985-01-06,kawasaki,4,https://www.keiba.go.jp/KeibaWeb/TodayRaceInfo/RaceMarkTable?k_raceDate=1985%2F01%2F06&k_raceNo=4&k_babaCode=21,data/cache/html/19850106_kawasaki_4.html
19850106_kawasaki_5,1985-01-06,kawasaki,5,https://www.keiba.go.jp/KeibaWeb/TodayRaceInfo/RaceMarkTable?k_raceDate=1985%2F01%2F06&k_raceNo=5&k_babaCode=21,data/cache/html/19850106_kawasaki_5.html
19850106_kawasaki_6,1985-01-06,kawasaki,6,https://www.keiba.go.jp/KeibaWeb/TodayRaceInfo/RaceMarkTable?k_raceDate=1985%2F01%2F06&k_raceNo=6&k_babaCode=21,data/cache/html/19850106_kawasaki_6.html
19850106_kawasaki_7,1985-01-06,kawasaki,7,https://www.keiba.go.jp/KeibaWeb/TodayRaceInfo/RaceMarkTable?k_raceDate=1985%2F01%2F06&k_raceNo=7&k_babaCode=21,data/cache/html/19850106_kawasaki_7.html
19850106_kawasaki_8,1985-01-06,kawasaki,8,https://www.keiba.go.jp/KeibaWeb/TodayRaceInfo/RaceMarkTable?k_raceDate=1985%2F01%2F06&k_raceNo=8&k_babaCode=21,data/cache/html/19850106_kawasaki_8.html
19850106_kawasaki_9,1985-01-06,kawasaki,9,https://www.keiba.go.jp/KeibaWeb/TodayRaceInfo/RaceMarkTable?k_raceDate=1985%2F01%2F06&k_raceNo=9&k_babaCode=21,data/cache/html/19850106_kawasaki_9.html
19850106_kawasaki_10,1985-01-06,kawasaki,10,https://www.keiba.go.jp/KeibaWeb/TodayRaceInfo/RaceMarkTable?k_raceDate=1985%2F01%2F06&k_raceNo=10&k_babaCode=21,data/cache/html/19850106_kawasaki_10.html
19850106_kawasaki_11,1985-01-06,kawasaki,11,https://www.keiba.go.jp/KeibaWeb/TodayRaceInfo/RaceMarkTable?k_raceDate=1985%2F01%2F06&k_raceNo=11&k_babaCode=21,data/cache/html/19850106_kawasaki_11.html
19850106_kawasaki_12,1985-01-06,kawasaki,12,https://www.keiba.go.jp/KeibaWeb/TodayRaceInfo/RaceMarkTable?k_raceDate=1985%2F01%2F06&k_raceNo=12&k_babaCode=21,data/cache/html/19850106_kawasaki_12.html
19850105_kawasaki_1,1985-01-05,kawasaki,1,https://www.keiba.go.jp/KeibaWeb/TodayRaceInfo/RaceMarkTable?k_raceDate=1985%2F01%2F05&k_raceNo=1&k_babaCode=21,data/cache/html/19850105_kawasaki_1.html
19850105_kawasaki_2,1985-01-05,kawasaki,2,https://www.keiba.go.jp/KeibaWeb/TodayRaceInfo/RaceMarkTable?k_raceDate=1985%2F01%2F05&k_raceNo=2&k_babaCode=21,data/cache/html/19850105_kawasaki_2.html
19850105_kawasaki_3,1985-01-05,kawasaki,3,https://www.keiba.go.jp/KeibaWeb/TodayRaceInfo/RaceMarkTable?k_raceDate=1985%2F01%2F05&k_raceNo=3&k_babaCode=21,data/cache/html/19850105_kawasaki_3.html
19850105_kawasaki_4,1985-01-05,kawasaki,4,https://www.keiba.go.jp/KeibaWeb/TodayRaceInfo/RaceMarkTable?k_raceDate=1985%2F01%2F05&k_raceNo=4&k_babaCode=21,data/cache/html/19850105_kawasaki_4.html
19850105_kawasaki_5,1985-01-05,kawasaki,5,https://www.keiba.go.jp/KeibaWeb/TodayRaceInfo/RaceMarkTable?k_raceDate=1985%2F01%2F05&k_raceNo=5&k_babaCode=21,data/cache/html/19850105_kawasaki_5.html
19850105_kawasaki_6,1985-01-05,kawasaki,6,https://www.keiba.go.jp/KeibaWeb/TodayRaceInfo/RaceMarkTable?k_raceDate=1985%2F01%2F05&k_raceNo=6&k_babaCode=21,data/cache/html/19850105_kawasaki_6.html
19850105_kawasaki_7,1985-01-05,kawasaki,7,https://www.keiba.go.jp/KeibaWeb/TodayRaceInfo/RaceMarkTable?k_raceDate=1985%2F01%2F05&k_raceNo=7&k_babaCode=21,data/cache/html/19850105_kawasaki_7.html
19850105_kawasaki_8,1985-01-05,kawasaki,8,https://www.keiba.go.jp/KeibaWeb/TodayRaceInfo/RaceMarkTable?k_raceDate=1985%2F01%2F05&k_raceNo=8&k_babaCode=21,data/cache/html/19850105_kawasaki_8.html
19850105_kawasaki_9,1985-01-05,kawasaki,9,https://www.keiba.go.jp/KeibaWeb/TodayRaceInfo/RaceMarkTable?k_raceDate=1985%2F01%2F05&k_raceNo=9&k_babaCode=21,data/cache/html/19850105_kawasaki_9.html
19850105_kawasaki_10,1985-01-05,kawasaki,10,https://www.keiba.go.jp/KeibaWeb/TodayRaceInfo/RaceMarkTable?k_raceDate=1985%2F01%2F05&k_raceNo=10&k_babaCode=21,data/cache/html/19850105_kawasaki_10.html
19850105_kawasaki_11,1985-01-05,kawasaki,11,https://www.keiba.go.jp/KeibaWeb/TodayRaceInfo/RaceMarkTable?k_raceDate=1985%2F01%2F05&k_raceNo=11&k_babaCode=21,data/cache/html/19850105_kawasaki_11.html
19850105_kawasaki_12,1985-01-05,kawasaki,12,https://www.keiba.go.jp/KeibaWeb/TodayRaceInfo/RaceMarkTable?k_raceDate=1985%2F01%2F05&k_raceNo=12&k_babaCode=21,data/cache/html/19850105_kawasaki_12.html
19850104_kawasaki_1,1985-01-04,kawasaki,1,https://www.keiba.go.jp/KeibaWeb/TodayRaceInfo/RaceMarkTable?k_raceDate=1985%2F01%2F04&k_raceNo=1&k_babaCode=21,data/cache/html/19850104_kawasaki_1.html
19850104_kawasaki_2,1985-01-04,kawasaki,2,https://www.keiba.go.jp/KeibaWeb/TodayRaceInfo/RaceMarkTable?k_raceDate=1985%2F01%2F04&k_raceNo=2&k_babaCode=21,data/cache/html/19850104_kawasaki_2.html
19850104_kawasaki_3,1985-01-04,kawasaki,3,https://www.keiba.go.jp/KeibaWeb/TodayRaceInfo/RaceMarkTable?k_raceDate=1985%2F01%2F04&k_raceNo=3&k_babaCode=21,data/cache/html/19850104_kawasaki_3.html
19850104_kawasaki_4,1985-01-04,kawasaki,4,https://www.keiba.go.jp/KeibaWeb/TodayRaceInfo/RaceMarkTable?k_raceDate=1985%2F01%2F04&k_raceNo=4&k_babaCode=21,data/cache/html/19850104_kawasaki_4.html
19850104_kawasaki_5,1985-01-04,kawasaki,5,https://www.keiba.go.jp/KeibaWeb/TodayRaceInfo/RaceMarkTable?k_raceDate=1985%2F01%2F04&k_raceNo=5&k_babaCode=21,data/cache/html/19850104_kawasaki_5.html
19850104_kawasaki_6,1985-01-04,kawasaki,6,https://www.keiba.go.jp/KeibaWeb/TodayRaceInfo/RaceMarkTable?k_raceDate=1985%2F01%2F04&k_raceNo=6&k_babaCode=21,data/cache/html/19850104_kawasaki_6.html
19850104_kawasaki_7,1985-01-04,kawasaki,7,https://www.keiba.go.jp/KeibaWeb/TodayRaceInfo/RaceMarkTable?k_raceDate=1985%2F01%2F04&k_raceNo=7&k_babaCode=21,data/cache/html/19850104_kawasaki_7.html
19850104_kawasaki_8,1985-01-04,kawasaki,8,https://www.keiba.go.jp/KeibaWeb/TodayRaceInfo/RaceMarkTable?k_raceDate=1985%2F01%2F04&k_raceNo=8&k_babaCode=21,data/cache/html/19850104_kawasaki_8.html
19850104_kawasaki_9,1985-01-04,kawasaki,9,https://www.keiba.go.jp/KeibaWeb/TodayRaceInfo/RaceMarkTable?k_raceDate=1985%2F01%2F04&k_raceNo=9&k_babaCode=21,data/cache/html/19850104_kawasaki_9.html
19850104_kawasaki_10,1985-01-04,kawasaki,10,https://www.keiba.go.jp/KeibaWeb/TodayRaceInfo/RaceMarkTable?k_raceDate=1985%2F01%2F04&k_raceNo=10&k_babaCode=21,data/cache/html/19850104_kawasaki_10.html
19850104_kawasaki_11,1985-01-04,kawasaki,11,https://www.keiba.go.jp/KeibaWeb/TodayRaceInfo/RaceMarkTable?k_raceDate=1985%2F01%2F04&k_raceNo=11&k_babaCode=21,data/cache/html/19850104_kawasaki_11.html
19850104_kawasaki_12,1985-01-04,kawasaki,12,https://www.keiba.go.jp/KeibaWeb/TodayRaceInfo/RaceMarkTable?k_raceDate=1985%2F01%2F04&k_raceNo=12&k_babaCode=21,data/cache/html/19850104_kawasaki_12.html
19850103_kawasaki_1,1985-01-03,kawasaki,1,https://www.keiba.go.jp/KeibaWeb/TodayRaceInfo/RaceMarkTable?k_raceDate=1985%2F01%2F03&k_raceNo=1&k_babaCode=21,data/cache/html/19850103_kawasaki_1.html
19850103_kawasaki_2,1985-01-03,kawasaki,2,https://www.keiba.go.jp/KeibaWeb/TodayRaceInfo/RaceMarkTable?k_raceDate=1985%2F01%2F03&k_raceNo=2&k_babaCode=21,data/cache/html/19850103_kawasaki_2.html
19850103_kawasaki_3,1985-01-03,kawasaki,3,https://www.keiba.go.jp/KeibaWeb/TodayRaceInfo/RaceMarkTable?k_raceDate=1985%2F01%2F03&k_raceNo=3&k_babaCode=21,data/cache/html/19850103_kawasaki_3.html
19850103_kawasaki_4,1985-01-03,kawasaki,4,https://www.keiba.go.jp/KeibaWeb/TodayRaceInfo/RaceMarkTable?k_raceDate=1985%2F01%2F03&k_raceNo=4&k_babaCode=21,data/cache/html/19850103_kawasaki_4.html
19850103_kawasaki_5,1985-01-03,kawasaki,5,https://www.keiba.go.jp/KeibaWeb/TodayRaceInfo/RaceMarkTable?k_raceDate=1985%2F01%2F03&k_raceNo=5&k_babaCode=21,data/cache/html/19850103_kawasaki_5.html
19850103_kawasaki_6,1985-01-03,kawasaki,6,https://www.keiba.go.jp/KeibaWeb/TodayRaceInfo/RaceMarkTable?k_raceDate=1985%2F01%2F03&k_raceNo=6&k_babaCode=21,data/cache/html/19850103_kawasaki_6.html
19850103_kawasaki_7,1985-01-03,kawasaki,7,https://www.keiba.go.jp/KeibaWeb/TodayRaceInfo/RaceMarkTable?k_raceDate=1985%2F01%2F03&k_raceNo=7&k_babaCode=21,data/cache/html/19850103_kawasaki_7.html
19850103_kawasaki_8,1985-01-03,kawasaki,8,https://www.keiba.go.jp/KeibaWeb/TodayRaceInfo/RaceMarkTable?k_raceDate=1985%2F01%2F03&k_raceNo=8&k_babaCode=21,data/cache/html/19850103_kawasaki_8.html
19850103_kawasaki_9,1985-01-03,kawasaki,9,https://www.keiba.go.jp/KeibaWeb/TodayRaceInfo/RaceMarkTable?k_raceDate=1985%2F01%2F03&k_raceNo=9&k_babaCode=21,data/cache/html/19850103_kawasaki_9.html
19850103_kawasaki_10,1985-01-03,kawasaki,10,https://www.keiba.go.jp/KeibaWeb/TodayRaceInfo/RaceMarkTable?k_raceDate=1985%2F01%2F03&k_raceNo=10&k_babaCode=21,data/cache/html/19850103_kawasaki_10.html
19850103_kawasaki_11,1985-01-03,kawasaki,11,https://www.keiba.go.jp/KeibaWeb/TodayRaceInfo/RaceMarkTable?k_raceDate=1985%2F01%2F03&k_raceNo=11&k_babaCode=21,data/cache/html/19850103_kawasaki_11.html
19850103_kawasaki_12,1985-01-03,kawasaki,12,https://www.keiba.go.jp/KeibaWeb/TodayRaceInfo/RaceMarkTable?k_raceDate=1985%2F01%2F03&k_raceNo=12&k_babaCode=21,data/cache/html/19850103_kawasaki_12.html
19850102_kawasaki_1,1985-01-02,kawasaki,1,https://www.keiba.go.jp/KeibaWeb/TodayRaceInfo/RaceMarkTable?k_raceDate=1985%2F01%2F02&k_raceNo=1&k_babaCode=21,data/cache/html/19850102_kawasaki_1.html
19850102_kawasaki_2,1985-01-02,kawasaki,2,https://www.keiba.go.jp/KeibaWeb/TodayRaceInfo/RaceMarkTable?k_raceDate=1985%2F01%2F02&k_raceNo=2&k_babaCode=21,data/cache/html/19850102_kawasaki_2.html
19850102_kawasaki_3,1985-01-02,kawasaki,3,https://www.keiba.go.jp/KeibaWeb/TodayRaceInfo/RaceMarkTable?k_raceDate=1985%2F01%2F02&k_raceNo=3&k_babaCode=21,data/cache/html/19850102_kawasaki_3.html
19850102_kawasaki_4,1985-01-02,kawasaki,4,https://www.keiba.go.jp/KeibaWeb/TodayRaceInfo/RaceMarkTable?k_raceDate=1985%2F01%2F02&k_raceNo=4&k_babaCode=21,data/cache/html/19850102_kawasaki_4.html
19850102_kawasaki_5,1985-01-02,kawasaki,5,https://www.keiba.go.jp/KeibaWeb/TodayRaceInfo/RaceMarkTable?k_raceDate=1985%2F01%2F02&k_raceNo=5&k_babaCode=21,data/cache/html/19850102_kawasaki_5.html
19850102_kawasaki_6,1985-01-02,kawasaki,6,https://www.keiba.go.jp/KeibaWeb/TodayRaceInfo/RaceMarkTable?k_raceDate=1985%2F01%2F02&k_raceNo=6&k_babaCode=21,data/cache/html/19850102_kawasaki_6.html
19850102_kawasaki_7,1985-01-02,kawasaki,7,https://www.keiba.go.jp/KeibaWeb/TodayRaceInfo/RaceMarkTable?k_raceDate=1985%2F01%2F02&k_raceNo=7&k_babaCode=21,data/cache/html/19850102_kawasaki_7.html
19850102_kawasaki_8,1985-01-02,kawasaki,8,https://www.keiba.go.jp/KeibaWeb/TodayRaceInfo/RaceMarkTable?k_raceDate=1985%2F01%2F02&k_raceNo=8&k_babaCode=21,data/cache/html/19850102_kawasaki_8.html
19850102_kawasaki_9,1985-01-02,kawasaki,9,https://www.keiba.go.jp/KeibaWeb/TodayRaceInfo/RaceMarkTable?k_raceDate=1985%2F01%2F02&k_raceNo=9&k_babaCode=21,data/cache/html/19850102_kawasaki_9.html
19850102_kawasaki_10,1985-01-02,kawasaki,10,https://www.keiba.go.jp/KeibaWeb/TodayRaceInfo/RaceMarkTable?k_raceDate=1985%2F01%2F02&k_raceNo=10&k_babaCode=21,data/cache/html/19850102_kawasaki_10.html
19850102_kawasaki_11,1985-01-02,kawasaki,11,https://www.keiba.go.jp/KeibaWeb/TodayRaceInfo/RaceMarkTable?k_raceDate=1985%2F01%2F02&k_raceNo=11&k_babaCode=21,data/cache/html/19850102_kawasaki_11.html
19850102_kawasaki_12,1985-01-02,kawasaki,12,https://www.keiba.go.jp/KeibaWeb/TodayRaceInfo/RaceMarkTable?k_raceDate=1985%2F01%2F02&k_raceNo=12&k_babaCode=21,data/cache/html/19850102_kawasaki_12.html
19850101_kawasaki_1,1985-01-01,kawasaki,1,https://www.keiba.go.jp/KeibaWeb/TodayRaceInfo/RaceMarkTable?k_raceDate=1985%2F01%2F01&k_raceNo=1&k_babaCode=21,data/cache/html/19850101_kawasaki_1.html
19850101_kawasaki_2,1985-01-01,kawasaki,2,https://www.keiba.go.jp/KeibaWeb/TodayRaceInfo/RaceMarkTable?k_raceDate=1985%2F01%2F01&k_raceNo=2&k_babaCode=21,data/cache/html/19850101_kawasaki_2.html
19850101_kawasaki_3,1985-01-01,kawasaki,3,https://www.keiba.go.jp/KeibaWeb/TodayRaceInfo/RaceMarkTable?k_raceDate=1985%2F01%2F01&k_raceNo=3&k_babaCode=21,data/cache/html/19850101_kawasaki_3.html
19850101_kawasaki_4,1985-01-01,kawasaki,4,https://www.keiba.go.jp/KeibaWeb/TodayRaceInfo/RaceMarkTable?k_raceDate=1985%2F01%2F01&k_raceNo=4&k_babaCode=21,data/cache/html/19850101_kawasaki_4.html
19850101_kawasaki_5,1985-01-01,kawasaki,5,https://www.keiba.go.jp/KeibaWeb/TodayRaceInfo/RaceMarkTable?k_raceDate=1985%2F01%2F01&k_raceNo=5&k_babaCode=21,data/cache/html/19850101_kawasaki_5.html
19850101_kawasaki_6,1985-01-01,kawasaki,6,https://www.keiba.go.jp/KeibaWeb/TodayRaceInfo/RaceMarkTable?k_raceDate=1985%2F01%2F01&k_raceNo=6&k_babaCode=21,data/cache/html/19850101_kawasaki_6.html
19850101_kawasaki_7,1985-01-01,kawasaki,7,https://www.keiba.go.jp/KeibaWeb/TodayRaceInfo/RaceMarkTable?k_raceDate=1985%2F01%2F01&k_raceNo=7&k_babaCode=21,data/cache/html/19850101_kawasaki_7.html
19850101_kawasaki_8,1985-01-01,kawasaki,8,https://www.keiba.go.jp/KeibaWeb/TodayRaceInfo/RaceMarkTable?k_raceDate=1985%2F01%2F01&k_raceNo=8&k_babaCode=21,data/cache/html/19850101_kawasaki_8.html
19850101_kawasaki_9,1985-01-01,kawasaki,9,https://www.keiba.go.jp/KeibaWeb/TodayRaceInfo/RaceMarkTable?k_raceDate=1985%2F01%2F01&k_raceNo=9&k_babaCode=21,data/cache/html/19850101_kawasaki_9.html
19850101_kawasaki_10,1985-01-01,kawasaki,10,https://www.keiba.go.jp/KeibaWeb/TodayRaceInfo/RaceMarkTable?k_raceDate=1985%2F01%2F01&k_raceNo=10&k_babaCode=21,data/cache/html/19850101_kawasaki_10.html
19850101_kawasaki_11,1985-01-01,kawasaki,11,https://www.keiba.go.jp/KeibaWeb/TodayRaceInfo/RaceMarkTable?k_raceDate=1985%2F01%2F01&k_raceNo=11&k_babaCode=21,data/cache/html/19850101_kawasaki_11.html
19850101_kawasaki_12,1985-01-01,kawasaki,12,https://www.keiba.go.jp/KeibaWeb/TodayRaceInfo/RaceMarkTable?k_raceDate=1985%2F01%2F01&k_raceNo=12&k_babaCode=21,data/cache/html/19850101_kawasaki_12.html
19841231_kawasaki_1,1984-12-31,kawasaki,1,https://www.keiba.go.jp/KeibaWeb/TodayRaceInfo/RaceMarkTable?k_raceDate=1984%2F12%2F31&k_raceNo=1&k_babaCode=21,data/cache/html/19841231_kawasaki_1.html
19841231_kawasaki_2,1984-12-31,kawasaki,2,https://www.keiba.go.jp/KeibaWeb/TodayRaceInfo/RaceMarkTable?k_raceDate=1984%2F12%2F31&k_raceNo=2&k_babaCode=21,data/cache/html/19841231_kawasaki_2.html
19841231_kawasaki_3,1984-12-31,kawasaki,3,https://www.keiba.go.jp/KeibaWeb/TodayRaceInfo/RaceMarkTable?k_raceDate=1984%2F12%2F31&k_raceNo=3&k_babaCode=21,data/cache/html/19841231_kawasaki_3.html
19841231_kawasaki_4,1984-12-31,kawasaki,4,https://www.keiba.go.jp/KeibaWeb/TodayRaceInfo/RaceMarkTable?k_raceDate=1984%2F12%2F31&k_raceNo=4&k_babaCode=21,data/cache/html/19841231_kawasaki_4.html
19841231_kawasaki_5,1984-12-31,kawasaki,5,https://www.keiba.go.jp/KeibaWeb/TodayRaceInfo/RaceMarkTable?k_raceDate=1984%2F12%2F31&k_raceNo=5&k_babaCode=21,data/cache/html/19841231_kawasaki_5.html
19841231_kawasaki_6,1984-12-31,kawasaki,6,https://www.keiba.go.jp/KeibaWeb/TodayRaceInfo/RaceMarkTable?k_raceDate=1984%2F12%2F31&k_raceNo=6&k_babaCode=21,data/cache/html/19841231_kawasaki_6.html
19841231_kawasaki_7,1984-12-31,kawasaki,7,https://www.keiba.go.jp/KeibaWeb/TodayRaceInfo/RaceMarkTable?k_raceDate=1984%2F12%2F31&k_raceNo=7&k_babaCode=21,data/cache/html/19841231_kawasaki_7.html
19841231_kawasaki_8,1984-12-31,kawasaki,8,https://www.keiba.go.jp/KeibaWeb/TodayRaceInfo/RaceMarkTable?k_raceDate=1984%2F12%2F31&k_raceNo=8&k_babaCode=21,data/cache/html/19841231_kawasaki_8.html
19841231_kawasaki_9,1984-12-31,kawasaki,9,https://www.keiba.go.jp/KeibaWeb/TodayRaceInfo/RaceMarkTable?k_raceDate=1984%2F12%2F31&k_raceNo=9&k_babaCode=21,data/cache/html/19841231_kawasaki_9.html
19841231_kawasaki_10,1984-12-31,kawasaki,10,https://www.keiba.go.jp/KeibaWeb/TodayRaceInfo/RaceMarkTable?k_raceDate=1984%2F12%2F31&k_raceNo=10&k_babaCode=21,data/cache/html/19841231_kawasaki_10.html
19841231_kawasaki_11,1984-12-31,kawasaki,11,https://www.keiba.go.jp/KeibaWeb/TodayRaceInfo/RaceMarkTable?k_raceDate=1984%2F12%2F31&k_raceNo=11&k_babaCode=21,data/cache/html/19841231_kawasaki_11.html
19841231_kawasaki_12,1984-12-31,kawasaki,12,https://www.keiba.go.jp/KeibaWeb/TodayRaceInfo/RaceMarkTable?k_raceDate=1984%2F12%2F31&k_raceNo=12&k_babaCode=21,data/cache/html/19841231_kawasaki_12.html
19841230_kawasaki_1,1984-12-30,kawasaki,1,https://www.keiba.go.jp/KeibaWeb/TodayRaceInfo/RaceMarkTable?k_raceDate=1984%2F12%2F30&k_raceNo=1&k_babaCode=21,data/cache/html/19841230_kawasaki_1.html
19841230_kawasaki_2,1984-12-30,kawasaki,2,https://www.keiba.go.jp/KeibaWeb/TodayRaceInfo/RaceMarkTable?k_raceDate=1984%2F12%2F30&k_raceNo=2&k_babaCode=21,data/cache/html/19841230_kawasaki_2.html
19841230_kawasaki_3,1984-12-30,kawasaki,3,https://www.keiba.go.jp/KeibaWeb/TodayRaceInfo/RaceMarkTable?k_raceDate=1984%2F12%2F30&k_raceNo=3&k_babaCode=21,data/cache/html/19841230_kawasaki_3.html
19841230_kawasaki_4,1984-12-30,kawasaki,4,https://www.keiba.go.jp/KeibaWeb/TodayRaceInfo/RaceMarkTable?k_raceDate=1984%2F12%2F30&k_raceNo=4&k_babaCode=21,data/cache/html/19841230_kawasaki_4.html
19841230_kawasaki_5,1984-12-30,kawasaki,5,https://www.keiba.go.jp/KeibaWeb/TodayRaceInfo/RaceMarkTable?k_raceDate=1984%2F12%2F30&k_raceNo=5&k_babaCode=21,data/cache/html/19841230_kawasaki_5.html
19841230_kawasaki_6,1984-12-30,kawasaki,6,https://www.keiba.go.jp/KeibaWeb/TodayRaceInfo/RaceMarkTable?k_raceDate=1984%2F12%2F30&k_raceNo=6&k_babaCode=21,data/cache/html/19841230_kawasaki_6.html
19841230_kawasaki_7,1984-12-30,kawasaki,7,https://www.keiba.go.jp/KeibaWeb/TodayRaceInfo/RaceMarkTable?k_raceDate=1984%2F12%2F30&k_raceNo=7&k_babaCode=21,data/cache/html/19841230_kawasaki_7.html
19841230_kawasaki_8,1984-12-30,kawasaki,8,https://www.keiba.go.jp/KeibaWeb/TodayRaceInfo/RaceMarkTable?k_raceDate=1984%2F12%2F30&k_raceNo=8&k_babaCode=21,data/cache/html/19841230_kawasaki_8.html
19841230_kawasaki_9,1984-12-30,kawasaki,9,https://www.keiba.go.jp/KeibaWeb/TodayRaceInfo/RaceMarkTable?k_raceDate=1984%2F12%2F30&k_raceNo=9&k_babaCode=21,data/cache/html/19841230_kawasaki_9.html
19841230_kawasaki_10,1984-12-30,kawasaki,10,https://www.keiba.go.jp/KeibaWeb/TodayRaceInfo/RaceMarkTable?k_raceDate=1984%2F12%2F30&k_raceNo=10&k_babaCode=21,data/cache/html/19841230_kawasaki_10.html
19841230_kawasaki_11,1984-12-30,kawasaki,11,https://www.keiba.go.jp/KeibaWeb/TodayRaceInfo/RaceMarkTable?k_raceDate=1984%2F12%2F30&k_raceNo=11&k_babaCode=21,data/cache/html/19841230_kawasaki_11.html
19841230_kawasaki_12,1984-12-30,kawasaki,12,https://www.keiba.go.jp/KeibaWeb/TodayRaceInfo/RaceMarkTable?k_raceDate=1984%2F12%2F30&k_raceNo=12&k_babaCode=21,data/cache/html/19841230_kawasaki_12.html
19841229_kawasaki_1,1984-12-29,kawasaki,1,https://www.keiba.go.jp/KeibaWeb/TodayRaceInfo/RaceMarkTable?k_raceDate=1984%2F12%2F29&k_raceNo=1&k_babaCode=21,data/cache/html/19841229_kawasaki_1.html
19841229_kawasaki_2,1984-12-29,kawasaki,2,https://www.keiba.go.jp/KeibaWeb/TodayRaceInfo/RaceMarkTable?k_raceDate=1984%2F12%2F29&k_raceNo=2&k_babaCode=21,data/cache/html/19841229_kawasaki_2.html
19841229_kawasaki_3,1984-12-29,kawasaki,3,https://www.keiba.go.jp/KeibaWeb/TodayRaceInfo/RaceMarkTable?k_raceDate=1984%2F12%2F29&k_raceNo=3&k_babaCode=21,data/cache/html/19841229_kawasaki_3.html
19841229_kawasaki_4,1984-12-29,kawasaki,4,https://www.keiba.go.jp/KeibaWeb/TodayRaceInfo/RaceMarkTable?k_raceDate=1984%2F12%2F29&k_raceNo=4&k_babaCode=21,data/cache/html/19841229_kawasaki_4.html
19841229_kawasaki_5,1984-12-29,kawasaki,5,https://www.keiba.go.jp/KeibaWeb/TodayRaceInfo/RaceMarkTable?k_raceDate=1984%2F12%2F29&k_raceNo=5&k_babaCode=21,data/cache/html/19841229_kawasaki_5.html
19841229_kawasaki_6,1984-12-29,kawasaki,6,https://www.keiba.go.jp/KeibaWeb/TodayRaceInfo/RaceMarkTable?k_raceDate=1984%2F12%2F29&k_raceNo=6&k_babaCode=21,data/cache/html/19841229_kawasaki_6.html
19841229_kawasaki_7,1984-12-29,kawasaki,7,https://www.keiba.go.jp/KeibaWeb/TodayRaceInfo/RaceMarkTable?k_raceDate=1984%2F12%2F29&k_raceNo=7&k_babaCode=21,data/cache/html/19841229_kawasaki_7.html
19841229_kawasaki_8,1984-12-29,kawasaki,8,https://www.keiba.go.jp/KeibaWeb/TodayRaceInfo/RaceMarkTable?k_raceDate=1984%2F12%2F29&k_raceNo=8&k_babaCode=21,data/cache/html/19841229_kawasaki_8.html
19841229_kawasaki_9,1984-12-29,kawasaki,9,https://www.keiba.go.jp/KeibaWeb/TodayRaceInfo/RaceMarkTable?k_raceDate=1984%2F12%2F29&k_raceNo=9&k_babaCode=21,data/cache/html/19841229_kawasaki_9.html
19841229_kawasaki_10,1984-12-29,kawasaki,10,https://www.keiba.go.jp/KeibaWeb/TodayRaceInfo/RaceMarkTable?k_raceDate=1984%2F12%2F29&k_raceNo=10&k_babaCode=21,data/cache/html/19841229_kawasaki_10.html
19841229_kawasaki_11,1984-12-29,kawasaki,11,https://www.keiba.go.jp/KeibaWeb/TodayRaceInfo/RaceMarkTable?k_raceDate=1984%2F12%2F29&k_raceNo=11&k_babaCode=21,data/cache/html/19841229_kawasaki_11.html
19841229_kawasaki_12,1984-12-29,kawasaki,12,https://www.keiba.go.jp/KeibaWeb/TodayRaceInfo/RaceMarkTable?k_raceDate=1984%2F12%2F29&k_raceNo=12&k_babaCode=21,data/cache/html/19841229_kawasaki_12.html
19841228_kawasaki_1,1984-12-28,kawasaki,1,https://www.keiba.go.jp/KeibaWeb/TodayRaceInfo/RaceMarkTable?k_raceDate=1984%2F12%2F28&k_raceNo=1&k_babaCode=21,data/cache/html/19841228_kawasaki_1.html
19841228_kawasaki_2,1984-12-28,kawasaki,2,https://www.keiba.go.jp/KeibaWeb/TodayRaceInfo/RaceMarkTable?k_raceDate=1984%2F12%2F28&k_raceNo=2&k_babaCode=21,data/cache/html/19841228_kawasaki_2.html
19841228_kawasaki_3,1984-12-28,kawasaki,3,https://www.keiba.go.jp/KeibaWeb/TodayRaceInfo/RaceMarkTable?k_raceDate=1984%2F12%2F28&k_raceNo=3&k_babaCode=21,data/cache/html/19841228_kawasaki_3.html
19841228_kawasaki_4,1984-12-28,kawasaki,4,https://www.keiba.go.jp/KeibaWeb/TodayRaceInfo/RaceMarkTable?k_raceDate=1984%2F12%2F28&k_raceNo=4&k_babaCode=21,data/cache/html/19841228_kawasaki_4.html
19841228_kawasaki_5,1984-12-28,kawasaki,5,https://www.keiba.go.jp/KeibaWeb/TodayRaceInfo/RaceMarkTable?k_raceDate=1984%2F12%2F28&k_raceNo=5&k_babaCode=21,data/cache/html/19841228_kawasaki_5.html
19841228_kawasaki_6,1984-12-28,kawasaki,6,https://www.keiba.go.jp/KeibaWeb/TodayRaceInfo/RaceMarkTable?k_raceDate=1984%2F12%2F28&k_raceNo=6&k_babaCode=21,data/cache/html/19841228_kawasaki_6.html
19841228_kawasaki_7,1984-12-28,kawasaki,7,https://www.keiba.go.jp/KeibaWeb/TodayRaceInfo/RaceMarkTable?k_raceDate=1984%2F12%2F28&k_raceNo=7&k_babaCode=21,data/cache/html/19841228_kawasaki_7.html
19841228_kawasaki_8,1984-12-28,kawasaki,8,https://www.keiba.go.jp/KeibaWeb/TodayRaceInfo/RaceMarkTable?k_raceDate=1984%2F12%2F28&k_raceNo=8&k_babaCode=21,data/cache/html/19841228_kawasaki_8.html
19841228_kawasaki_9,1984-12-28,kawasaki,9,https://www.keiba.go.jp/KeibaWeb/TodayRaceInfo/RaceMarkTable?k_raceDate=1984%2F12%2F28&k_raceNo=9&k_babaCode=21,data/cache/html/19841228_kawasaki_9.html
19841228_kawasaki_10,1984-12-28,kawasaki,10,https://www.keiba.go.jp/KeibaWeb/TodayRaceInfo/RaceMarkTable?k_raceDate=1984%2F12%2F28&k_raceNo=10&k_babaCode=21,data/cache/html/19841228_kawasaki_10.html
19841228_kawasaki_11,1984-12-28,kawasaki,11,https://www.keiba.go.jp/KeibaWeb/TodayRaceInfo/RaceMarkTable?k_raceDate=1984%2F12%2F28&k_raceNo=11&k_babaCode=21,data/cache/html/19841228_kawasaki_11.html
19841228_kawasaki_12,1984-12-28,kawasaki,12,https://www.keiba.go.jp/KeibaWeb/TodayRaceInfo/RaceMarkTable?k_raceDate=1984%2F12%2F28&k_raceNo=12&k_babaCode=21,data/cache/html/19841228_kawasaki_12.html
19841227_kawasaki_1,1984-12-27,kawasaki,1,https://www.keiba.go.jp/KeibaWeb/TodayRaceInfo/RaceMarkTable?k_raceDate=1984%2F12%2F27&k_raceNo=1&k_babaCode=21,data/cache/html/19841227_kawasaki_1.html
19841227_kawasaki_2,1984-12-27,kawasaki,2,https://www.keiba.go.jp/KeibaWeb/TodayRaceInfo/RaceMarkTable?k_raceDate=1984%2F12%2F27&k_raceNo=2&k_babaCode=21,data/cache/html/19841227_kawasaki_2.html
19841227_kawasaki_3,1984-12-27,kawasaki,3,https://www.keiba.go.jp/KeibaWeb/TodayRaceInfo/RaceMarkTable?k_raceDate=1984%2F12%2F27&k_raceNo=3&k_babaCode=21,data/cache/html/19841227_kawasaki_3.html
19841227_kawasaki_4,1984-12-27,kawasaki,4,https://www.keiba.go.jp/KeibaWeb/TodayRaceInfo/RaceMarkTable?k_raceDate=1984%2F12%2F27&k_raceNo=4&k_babaCode=21,data/cache/html/19841227_kawasaki_4.html
19841227_kawasaki_5,1984-12-27,kawasaki,5,https://www.keiba.go.jp/KeibaWeb/TodayRaceInfo/RaceMarkTable?k_raceDate=1984%2F12%2F27&k_raceNo=5&k_babaCode=21,data/cache/html/19841227_kawasaki_5.html
19841227_kawasaki_6,1984-12-27,kawasaki,6,https://www.keiba.go.jp/KeibaWeb/TodayRaceInfo/RaceMarkTable?k_raceDate=1984%2F12%2F27&k_raceNo=6&k_babaCode=21,data/cache/html/19841227_kawasaki_6.html
19841227_kawasaki_7,1984-12-27,kawasaki,7,https://www.keiba.go.jp/KeibaWeb/TodayRaceInfo/RaceMarkTable?k_raceDate=1984%2F12%2F27&k_raceNo=7&k_babaCode=21,data/cache/html/19841227_kawasaki_7.html
19841227_kawasaki_8,1984-12-27,kawasaki,8,https://www.keiba.go.jp/KeibaWeb/TodayRaceInfo/RaceMarkTable?k_raceDate=1984%2F12%2F27&k_raceNo=8&k_babaCode=21,data/cache/html/19841227_kawasaki_8.html
19841227_kawasaki_9,1984-12-27,kawasaki,9,https://www.keiba.go.jp/KeibaWeb/TodayRaceInfo/RaceMarkTable?k_raceDate=1984%2F12%2F27&k_raceNo=9&k_babaCode=21,data/cache/html/19841227_kawasaki_9.html
19841227_kawasaki_10,1984-12-27,kawasaki,10,https://www.keiba.go.jp/KeibaWeb/TodayRaceInfo/RaceMarkTable?k_raceDate=1984%2F12%2F27&k_raceNo=10&k_babaCode=21,data/cache/html/19841227_kawasaki_10.html
19841227_kawasaki_11,1984-12-27,kawasaki,11,https://www.keiba.go.jp/KeibaWeb/TodayRaceInfo/RaceMarkTable?k_raceDate=1984%2F12%2F27&k_raceNo=11&k_babaCode=21,data/cache/html/19841227_kawasaki_11.html
19841227_kawasaki_12,1984-12-27,kawasaki,12,https://www.keiba.go.jp/KeibaWeb/TodayRaceInfo/RaceMarkTable?k_raceDate=1984%2F12%2F27&k_raceNo=12&k_babaCode=21,data/cache/html/19841227_kawasaki_12.html
19841226_kawasaki_1,1984-12-26,kawasaki,1,https://www.keiba.go.jp/KeibaWeb/TodayRaceInfo/RaceMarkTable?k_raceDate=1984%2F12%2F26&k_raceNo=1&k_babaCode=21,data/cache/html/19841226_kawasaki_1.html
19841226_kawasaki_2,1984-12-26,kawasaki,2,https://www.keiba.go.jp/KeibaWeb/TodayRaceInfo/RaceMarkTable?k_raceDate=1984%2F12%2F26&k_raceNo=2&k_babaCode=21,data/cache/html/19841226_kawasaki_2.html
19841226_kawasaki_3,1984-12-26,kawasaki,3,https://www.keiba.go.jp/KeibaWeb/TodayRaceInfo/RaceMarkTable?k_raceDate=1984%2F12%2F26&k_raceNo=3&k_babaCode=21,data/cache/html/19841226_kawasaki_3.html
19841226_kawasaki_4,1984-12-26,kawasaki,4,https://www.keiba.go.jp/KeibaWeb/TodayRaceInfo/RaceMarkTable?k_raceDate=1984%2F12%2F26&k_raceNo=4&k_babaCode=21,data/cache/html/19841226_kawasaki_4.html
19841226_kawasaki_5,1984-12-26,kawasaki,5,https://www.keiba.go.jp/KeibaWeb/TodayRaceInfo/RaceMarkTable?k_raceDate=1984%2F12%2F26&k_raceNo=5&k_babaCode=21,data/cache/html/19841226_kawasaki_5.html
19841226_kawasaki_6,1984-12-26,kawasaki,6,https://www.keiba.go.jp/KeibaWeb/TodayRaceInfo/RaceMarkTable?k_raceDate=1984%2F12%2F26&k_raceNo=6&k_babaCode=21,data/cache/html/19841226_kawasaki_6.html
19841226_kawasaki_7,1984-12-26,kawasaki,7,https://www.keiba.go.jp/KeibaWeb/TodayRaceInfo/RaceMarkTable?k_raceDate=1984%2F12%2F26&k_raceNo=7&k_babaCode=21,data/cache/html/19841226_kawasaki_7.html
19841226_kawasaki_8,1984-12-26,kawasaki,8,https://www.keiba.go.jp/KeibaWeb/TodayRaceInfo/RaceMarkTable?k_raceDate=1984%2F12%2F26&k_raceNo=8&k_babaCode=21,data/cache/html/19841226_kawasaki_8.html
19841226_kawasaki_9,1984-12-26,kawasaki,9,https://www.keiba.go.jp/KeibaWeb/TodayRaceInfo/RaceMarkTable?k_raceDate=1984%2F12%2F26&k_raceNo=9&k_babaCode=21,data/cache/html/19841226_kawasaki_9.html
19841226_kawasaki_10,1984-12-26,kawasaki,10,https://www.keiba.go.jp/KeibaWeb/TodayRaceInfo/RaceMarkTable?k_raceDate=1984%2F12%2F26&k_raceNo=10&k_babaCode=21,data/cache/html/19841226_kawasaki_10.html
19841226_kawasaki_11,1984-12-26,kawasaki,11,https://www.keiba.go.jp/KeibaWeb/TodayRaceInfo/RaceMarkTable?k_raceDate=1984%2F12%2F26&k_raceNo=11&k_babaCode=21,data/cache/html/19841226_kawasaki_11.html
19841226_kawasaki_12,1984-12-26,kawasaki,12,https://www.keiba.go.jp/KeibaWeb/TodayRaceInfo/RaceMarkTable?k_raceDate=1984%2F12%2F26&k_raceNo=12&k_babaCode=21,data/cache/html/19841226_kawasaki_12.html
19841225_kawasaki_1,1984-12-25,kawasaki,1,https://www.keiba.go.jp/KeibaWeb/TodayRaceInfo/RaceMarkTable?k_raceDate=1984%2F12%2F25&k_raceNo=1&k_babaCode=21,data/cache/html/19841225_kawasaki_1.html
19841225_kawasaki_2,1984-12-25,kawasaki,2,https://www.keiba.go.jp/KeibaWeb/TodayRaceInfo/RaceMarkTable?k_raceDate=1984%2F12%2F25&k_raceNo=2&k_babaCode=21,data/cache/html/19841225_kawasaki_2.html
19841225_kawasaki_3,1984-12-25,kawasaki,3,https://www.keiba.go.jp/KeibaWeb/TodayRaceInfo/RaceMarkTable?k_raceDate=1984%2F12%2F25&k_raceNo=3&k_babaCode=21,data/cache/html/19841225_kawasaki_3.html
19841225_kawasaki_4,1984-12-25,kawasaki,4,https://www.keiba.go.jp/KeibaWeb/TodayRaceInfo/RaceMarkTable?k_raceDate=1984%2F12%2F25&k_raceNo=4&k_babaCode=21,data/cache/html/19841225_kawasaki_4.html
19841225_kawasaki_5,1984-12-25,kawasaki,5,https://www.keiba.go.jp/KeibaWeb/TodayRaceInfo/RaceMarkTable?k_raceDate=1984%2F12%2F25&k_raceNo=5&k_babaCode=21,data/cache/html/19841225_kawasaki_5.html
19841225_kawasaki_6,1984-12-25,kawasaki,6,https://www.keiba.go.jp/KeibaWeb/TodayRaceInfo/RaceMarkTable?k_raceDate=1984%2F12%2F25&k_raceNo=6&k_babaCode=21,data/cache/html/19841225_kawasaki_6.html
19841225_kawasaki_7,1984-12-25,kawasaki,7,https://www.keiba.go.jp/KeibaWeb/TodayRaceInfo/RaceMarkTable?k_raceDate=1984%2F12%2F25&k_raceNo=7&k_babaCode=21,data/cache/html/19841225_kawasaki_7.html
19841225_kawasaki_8,1984-12-25,kawasaki,8,https://www.keiba.go.jp/KeibaWeb/TodayRaceInfo/RaceMarkTable?k_raceDate=1984%2F12%2F25&k_raceNo=8&k_babaCode=21,data/cache/html/19841225_kawasaki_8.html
19841225_kawasaki_9,1984-12-25,kawasaki,9,https://www.keiba.go.jp/KeibaWeb/TodayRaceInfo/RaceMarkTable?k_raceDate=1984%2F12%2F25&k_raceNo=9&k_babaCode=21,data/cache/html/19841225_kawasaki_9.html
19841225_kawasaki_10,1984-12-25,kawasaki,10,https://www.keiba.go.jp/KeibaWeb/TodayRaceInfo/RaceMarkTable?k_raceDate=1984%2F12%2F25&k_raceNo=10&k_babaCode=21,data/cache/html/19841225_kawasaki_10.html
19841225_kawasaki_11,1984-12-25,kawasaki,11,https://www.keiba.go.jp/KeibaWeb/TodayRaceInfo/RaceMarkTable?k_raceDate=1984%2F12%2F25&k_raceNo=11&k_babaCode=21,data/cache/html/19841225_kawasaki_11.html
19841225_kawasaki_12,1984-12-25,kawasaki,12,https://www.keiba.go.jp/KeibaWeb/TodayRaceInfo/RaceMarkTable?k_raceDate=1984%2F12%2F25&k_raceNo=12&k_babaCode=21,data/cache/html/19841225_kawasaki_12.html
19841224_kawasaki_1,1984-12-24,kawasaki,1,https://www.keiba.go.jp/KeibaWeb/TodayRaceInfo/RaceMarkTable?k_raceDate=1984%2F12%2F24&k_raceNo=1&k_babaCode=21,data/cache/html/19841224_kawasaki_1.html
19841224_kawasaki_2,1984-12-24,kawasaki,2,https://www.keiba.go.jp/KeibaWeb/TodayRaceInfo/RaceMarkTable?k_raceDate=1984%2F12%2F24&k_raceNo=2&k_babaCode=21,data/cache/html/19841224_kawasaki_2.html
19841224_kawasaki_3,1984-12-24,kawasaki,3,https://www.keiba.go.jp/KeibaWeb/TodayRaceInfo/RaceMarkTable?k_raceDate=1984%2F12%2F24&k_raceNo=3&k_babaCode=21,data/cache/html/19841224_kawasaki_3.html
19841224_kawasaki_4,1984-12-24,kawasaki,4,https://www.keiba.go.jp/KeibaWeb/TodayRaceInfo/RaceMarkTable?k_raceDate=1984%2F12%2F24&k_raceNo=4&k_babaCode=21,data/cache/html/19841224_kawasaki_4.html
19841224_kawasaki_5,1984-12-24,kawasaki,5,https://www.keiba.go.jp/KeibaWeb/TodayRaceInfo/RaceMarkTable?k_raceDate=1984%2F12%2F24&k_raceNo=5&k_babaCode=21,data/cache/html/19841224_kawasaki_5.html
19841224_kawasaki_6,1984-12-24,kawasaki,6,https://www.keiba.go.jp/KeibaWeb/TodayRaceInfo/RaceMarkTable?k_raceDate=1984%2F12%2F24&k_raceNo=6&k_babaCode=21,data/cache/html/19841224_kawasaki_6.html
19841224_kawasaki_7,1984-12-24,kawasaki,7,https://www.keiba.go.jp/KeibaWeb/TodayRaceInfo/RaceMarkTable?k_raceDate=1984%2F12%2F24&k_raceNo=7&k_babaCode=21,data/cache/html/19841224_kawasaki_7.html
19841224_kawasaki_8,1984-12-24,kawasaki,8,https://www.keiba.go.jp/KeibaWeb/TodayRaceInfo/RaceMarkTable?k_raceDate=1984%2F12%2F24&k_raceNo=8&k_babaCode=21,data/cache/html/19841224_kawasaki_8.html
19841224_kawasaki_9,1984-12-24,kawasaki,9,https://www.keiba.go.jp/KeibaWeb/TodayRaceInfo/RaceMarkTable?k_raceDate=1984%2F12%2F24&k_raceNo=9&k_babaCode=21,data/cache/html/19841224_kawasaki_9.html
19841224_kawasaki_10,1984-12-24,kawasaki,10,https://www.keiba.go.jp/KeibaWeb/TodayRaceInfo/RaceMarkTable?k_raceDate=1984%2F12%2F24&k_raceNo=10&k_babaCode=21,data/cache/html/19841224_kawasaki_10.html
19841224_kawasaki_11,1984-12-24,kawasaki,11,https://www.keiba.go.jp/KeibaWeb/TodayRaceInfo/RaceMarkTable?k_raceDate=1984%2F12%2F24&k_raceNo=11&k_babaCode=21,data/cache/html/19841224_kawasaki_11.html
19841224_kawasaki_12,1984-12-24,kawasaki,12,https://www.keiba.go.jp/KeibaWeb/TodayRaceInfo/RaceMarkTable?k_raceDate=1984%2F12%2F24&k_raceNo=12&k_babaCode=21,data/cache/html/19841224_kawasaki_12.html
19841223_kawasaki_1,1984-12-23,kawasaki,1,https://www.keiba.go.jp/KeibaWeb/TodayRaceInfo/RaceMarkTable?k_raceDate=1984%2F12%2F23&k_raceNo=1&k_babaCode=21,data/cache/html/19841223_kawasaki_1.html
19841223_kawasaki_2,1984-12-23,kawasaki,2,https://www.keiba.go.jp/KeibaWeb/TodayRaceInfo/RaceMarkTable?k_raceDate=1984%2F12%2F23&k_raceNo=2&k_babaCode=21,data/cache/html/19841223_kawasaki_2.html
19841223_kawasaki_3,1984-12-23,kawasaki,3,https://www.keiba.go.jp/KeibaWeb/TodayRaceInfo/RaceMarkTable?k_raceDate=1984%2F12%2F23&k_raceNo=3&k_babaCode=21,data/cache/html/19841223_kawasaki_3.html
19841223_kawasaki_4,1984-12-23,kawasaki,4,https://www.keiba.go.jp/KeibaWeb/TodayRaceInfo/RaceMarkTable?k_raceDate=1984%2F12%2F23&k_raceNo=4&k_babaCode=21,data/cache/html/19841223_kawasaki_4.html
19841223_kawasaki_5,1984-12-23,kawasaki,5,https://www.keiba.go.jp/KeibaWeb/TodayRaceInfo/RaceMarkTable?k_raceDate=1984%2F12%2F23&k_raceNo=5&k_babaCode=21,data/cache/html/19841223_kawasaki_5.html
19841223_kawasaki_6,1984-12-23,kawasaki,6,https://www.keiba.go.jp/KeibaWeb/TodayRaceInfo/RaceMarkTable?k_raceDate=1984%2F12%2F23&k_raceNo=6&k_babaCode=21,data/cache/html/19841223_kawasaki_6.html
19841223_kawasaki_7,1984-12-23,kawasaki,7,https://www.keiba.go.jp/KeibaWeb/TodayRaceInfo/RaceMarkTable?k_raceDate=1984%2F12%2F23&k_raceNo=7&k_babaCode=21,data/cache/html/19841223_kawasaki_7.html
19841223_kawasaki_8,1984-12-23,kawasaki,8,https://www.keiba.go.jp/KeibaWeb/TodayRaceInfo/RaceMarkTable?k_raceDate=1984%2F12%2F23&k_raceNo=8&k_babaCode=21,data/cache/html/19841223_kawasaki_8.html
19841223_kawasaki_9,1984-12-23,kawasaki,9,https://www.keiba.go.jp/KeibaWeb/TodayRaceInfo/RaceMarkTable?k_raceDate=1984%2F12%2F23&k_raceNo=9&k_babaCode=21,data/cache/html/19841223_kawasaki_9.html
19841223_kawasaki_10,1984-12-23,kawasaki,10,https://www.keiba.go.jp/KeibaWeb/TodayRaceInfo/RaceMarkTable?k_raceDate=1984%2F12%2F23&k_raceNo=10&k_babaCode=21,data/cache/html/19841223_kawasaki_10.html
19841223_kawasaki_11,1984-12-23,kawasaki,11,https://www.keiba.go.jp/KeibaWeb/TodayRaceInfo/RaceMarkTable?k_raceDate=1984%2F12%2F23&k_raceNo=11&k_babaCode=21,data/cache/html/19841223_kawasaki_11.html
19841223_kawasaki_12,1984-12-23,kawasaki,12,https://www.keiba.go.jp/KeibaWeb/TodayRaceInfo/RaceMarkTable?k_raceDate=1984%2F12%2F23&k_raceNo=12&k_babaCode=21,data/cache/html/19841223_kawasaki_12.html
19841222_kawasaki_1,1984-12-22,kawasaki,1,https://www.keiba.go.jp/KeibaWeb/TodayRaceInfo/RaceMarkTable?k_raceDate=1984%2F12%2F22&k_raceNo=1&k_babaCode=21,data/cache/html/19841222_kawasaki_1.html
19841222_kawasaki_2,1984-12-22,kawasaki,2,https://www.keiba.go.jp/KeibaWeb/TodayRaceInfo/RaceMarkTable?k_raceDate=1984%2F12%2F22&k_raceNo=2&k_babaCode=21,data/cache/html/19841222_kawasaki_2.html
19841222_kawasaki_3,1984-12-22,kawasaki,3,https://www.keiba.go.jp/KeibaWeb/TodayRaceInfo/RaceMarkTable?k_raceDate=1984%2F12%2F22&k_raceNo=3&k_babaCode=21,data/cache/html/19841222_kawasaki_3.html
19841222_kawasaki_4,1984-12-22,kawasaki,4,https://www.keiba.go.jp/KeibaWeb/TodayRaceInfo/RaceMarkTable?k_raceDate=1984%2F12%2F22&k_raceNo=4&k_babaCode=21,data/cache/html/19841222_kawasaki_4.html
19841222_kawasaki_5,1984-12-22,kawasaki,5,https://www.keiba.go.jp/KeibaWeb/TodayRaceInfo/RaceMarkTable?k_raceDate=1984%2F12%2F22&k_raceNo=5&k_babaCode=21,data/cache/html/19841222_kawasaki_5.html
19841222_kawasaki_6,1984-12-22,kawasaki,6,https://www.keiba.go.jp/KeibaWeb/TodayRaceInfo/RaceMarkTable?k_raceDate=1984%2F12%2F22&k_raceNo=6&k_babaCode=21,data/cache/html/19841222_kawasaki_6.html
19841222_kawasaki_7,1984-12-22,kawasaki,7,https://www.keiba.go.jp/KeibaWeb/TodayRaceInfo/RaceMarkTable?k_raceDate=1984%2F12%2F22&k_raceNo=7&k_babaCode=21,data/cache/html/19841222_kawasaki_7.html
19841222_kawasaki_8,1984-12-22,kawasaki,8,https://www.keiba.go.jp/KeibaWeb/TodayRaceInfo/RaceMarkTable?k_raceDate=1984%2F12%2F22&k_raceNo=8&k_babaCode=21,data/cache/html/19841222_kawasaki_8.html
19841222_kawasaki_9,1984-12-22,kawasaki,9,https://www.keiba.go.jp/KeibaWeb/TodayRaceInfo/RaceMarkTable?k_raceDate=1984%2F12%2F22&k_raceNo=9&k_babaCode=21,data/cache/html/19841222_kawasaki_9.html
19841222_kawasaki_10,1984-12-22,kawasaki,10,https://www.keiba.go.jp/KeibaWeb/TodayRaceInfo/RaceMarkTable?k_raceDate=1984%2F12%2F22&k_raceNo=10&k_babaCode=21,data/cache/html/19841222_kawasaki_10.html
19841222_kawasaki_11,1984-12-22,kawasaki,11,https://www.keiba.go.jp/KeibaWeb/TodayRaceInfo/RaceMarkTable?k_raceDate=1984%2F12%2F22&k_raceNo=11&k_babaCode=21,data/cache/html/19841222_kawasaki_11.html
19841222_kawasaki_12,1984-12-22,kawasaki,12,https://www.keiba.go.jp/KeibaWeb/TodayRaceInfo/RaceMarkTable?k_raceDate=1984%2F12%2F22&k_raceNo=12&k_babaCode=21,data/cache/html/19841222_kawasaki_12.html
19841221_kawasaki_1,1984-12-21,kawasaki,1,https://www.keiba.go.jp/KeibaWeb/TodayRaceInfo/RaceMarkTable?k_raceDate=1984%2F12%2F21&k_raceNo=1&k_babaCode=21,data/cache/html/19841221_kawasaki_1.html
19841221_kawasaki_2,1984-12-21,kawasaki,2,https://www.keiba.go.jp/KeibaWeb/TodayRaceInfo/RaceMarkTable?k_raceDate=1984%2F12%2F21&k_raceNo=2&k_babaCode=21,data/cache/html/19841221_kawasaki_2.html
19841221_kawasaki_3,1984-12-21,kawasaki,3,https://www.keiba.go.jp/KeibaWeb/TodayRaceInfo/RaceMarkTable?k_raceDate=1984%2F12%2F21&k_raceNo=3&k_babaCode=21,data/cache/html/19841221_kawasaki_3.html
19841221_kawasaki_4,1984-12-21,kawasaki,4,https://www.keiba.go.jp/KeibaWeb/TodayRaceInfo/RaceMarkTable?k_raceDate=1984%2F12%2F21&k_raceNo=4&k_babaCode=21,data/cache/html/19841221_kawasaki_4.html
19841221_kawasaki_5,1984-12-21,kawasaki,5,https://www.keiba.go.jp/KeibaWeb/TodayRaceInfo/RaceMarkTable?k_raceDate=1984%2F12%2F21&k_raceNo=5&k_babaCode=21,data/cache/html/19841221_kawasaki_5.html
19841221_kawasaki_6,1984-12-21,kawasaki,6,https://www.keiba.go.jp/KeibaWeb/TodayRaceInfo/RaceMarkTable?k_raceDate=1984%2F12%2F21&k_raceNo=6&k_babaCode=21,data/cache/html/19841221_kawasaki_6.html
19841221_kawasaki_7,1984-12-21,kawasaki,7,https://www.keiba.go.jp/KeibaWeb/TodayRaceInfo/RaceMarkTable?k_raceDate=1984%2F12%2F21&k_raceNo=7&k_babaCode=21,data/cache/html/19841221_kawasaki_7.html
19841221_kawasaki_8,1984-12-21,kawasaki,8,https://www.keiba.go.jp/KeibaWeb/TodayRaceInfo/RaceMarkTable?k_raceDate=1984%2F12%2F21&k_raceNo=8&k_babaCode=21,data/cache/html/19841221_kawasaki_8.html
19841221_kawasaki_9,1984-12-21,kawasaki,9,https://www.keiba.go.jp/KeibaWeb/TodayRaceInfo/RaceMarkTable?k_raceDate=1984%2F12%2F21&k_raceNo=9&k_babaCode=21,data/cache/html/19841221_kawasaki_9.html
19841221_kawasaki_10,1984-12-21,kawasaki,10,https://www.keiba.go.jp/KeibaWeb/TodayRaceInfo/RaceMarkTable?k_raceDate=1984%2F12%2F21&k_raceNo=10&k_babaCode=21,data/cache/html/19841221_kawasaki_10.html
19841221_kawasaki_11,1984-12-21,kawasaki,11,https://www.keiba.go.jp/KeibaWeb/TodayRaceInfo/RaceMarkTable?k_raceDate=1984%2F12%2F21&k_raceNo=11&k_babaCode=21,data/cache/html/19841221_kawasaki_11.html
19841221_kawasaki_12,1984-12-21,kawasaki,12,https://www.keiba.go.jp/KeibaWeb/TodayRaceInfo/RaceMarkTable?k_raceDate=1984%2F12%2F21&k_raceNo=12&k_babaCode=21,data/cache/html/19841221_kawasaki_12.html
19841220_kawasaki_1,1984-12-20,kawasaki,1,https://www.keiba.go.jp/KeibaWeb/TodayRaceInfo/RaceMarkTable?k_raceDate=1984%2F12%2F20&k_raceNo=1&k_babaCode=21,data/cache/html/19841220_kawasaki_1.html
19841220_kawasaki_2,1984-12-20,kawasaki,2,https://www.keiba.go.jp/KeibaWeb/TodayRaceInfo/RaceMarkTable?k_raceDate=1984%2F12%2F20&k_raceNo=2&k_babaCode=21,data/cache/html/19841220_kawasaki_2.html
19841220_kawasaki_3,1984-12-20,kawasaki,3,https://www.keiba.go.jp/KeibaWeb/TodayRaceInfo/RaceMarkTable?k_raceDate=1984%2F12%2F20&k_raceNo=3&k_babaCode=21,data/cache/html/19841220_kawasaki_3.html
19841220_kawasaki_4,1984-12-20,kawasaki,4,https://www.keiba.go.jp/KeibaWeb/TodayRaceInfo/RaceMarkTable?k_raceDate=1984%2F12%2F20&k_raceNo=4&k_babaCode=21,data/cache/html/19841220_kawasaki_4.html
19841220_kawasaki_5,1984-12-20,kawasaki,5,https://www.keiba.go.jp/KeibaWeb/TodayRaceInfo/RaceMarkTable?k_raceDate=1984%2F12%2F20&k_raceNo=5&k_babaCode=21,data/cache/html/19841220_kawasaki_5.html
19841220_kawasaki_6,1984-12-20,kawasaki,6,https://www.keiba.go.jp/KeibaWeb/TodayRaceInfo/RaceMarkTable?k_raceDate=1984%2F12%2F20&k_raceNo=6&k_babaCode=21,data/cache/html/19841220_kawasaki_6.html
19841220_kawasaki_7,1984-12-20,kawasaki,7,https://www.keiba.go.jp/KeibaWeb/TodayRaceInfo/RaceMarkTable?k_raceDate=1984%2F12%2F20&k_raceNo=7&k_babaCode=21,data/cache/html/19841220_kawasaki_7.html
19841220_kawasaki_8,1984-12-20,kawasaki,8,https://www.keiba.go.jp/KeibaWeb/TodayRaceInfo/RaceMarkTable?k_raceDate=1984%2F12%2F20&k_raceNo=8&k_babaCode=21,data/cache/html/19841220_kawasaki_8.html
19841220_kawasaki_9,1984-12-20,kawasaki,9,https://www.keiba.go.jp/KeibaWeb/TodayRaceInfo/RaceMarkTable?k_raceDate=1984%2F12%2F20&k_raceNo=9&k_babaCode=21,data/cache/html/19841220_kawasaki_9.html
19841220_kawasaki_10,1984-12-20,kawasaki,10,https://www.keiba.go.jp/KeibaWeb/TodayRaceInfo/RaceMarkTable?k_raceDate=1984%2F12%2F20&k_raceNo=10&k_babaCode=21,data/cache/html/19841220_kawasaki_10.html
19841220_kawasaki_11,1984-12-20,kawasaki,11,https://www.keiba.go.jp/KeibaWeb/TodayRaceInfo/RaceMarkTable?k_raceDate=1984%2F12%2F20&k_raceNo=11&k_babaCode=21,data/cache/html/19841220_kawasaki_11.html
19841220_kawasaki_12,1984-12-20,kawasaki,12,https://www.keiba.go.jp/KeibaWeb/TodayRaceInfo/RaceMarkTable?k_raceDate=1984%2F12%2F20&k_raceNo=12&k_babaCode=21,data/cache/html/19841220_kawasaki_12.html
19841219_kawasaki_1,1984-12-19,kawasaki,1,https://www.keiba.go.jp/KeibaWeb/TodayRaceInfo/RaceMarkTable?k_raceDate=1984%2F12%2F19&k_raceNo=1&k_babaCode=21,data/cache/html/19841219_kawasaki_1.html
19841219_kawasaki_2,1984-12-19,kawasaki,2,https://www.keiba.go.jp/KeibaWeb/TodayRaceInfo/RaceMarkTable?k_raceDate=1984%2F12%2F19&k_raceNo=2&k_babaCode=21,data/cache/html/19841219_kawasaki_2.html
19841219_kawasaki_3,1984-12-19,kawasaki,3,https://www.keiba.go.jp/KeibaWeb/TodayRaceInfo/RaceMarkTable?k_raceDate=1984%2F12%2F19&k_raceNo=3&k_babaCode=21,data/cache/html/19841219_kawasaki_3.html
19841219_kawasaki_4,1984-12-19,kawasaki,4,https://www.keiba.go.jp/KeibaWeb/TodayRaceInfo/RaceMarkTable?k_raceDate=1984%2F12%2F19&k_raceNo=4&k_babaCode=21,data/cache/html/19841219_kawasaki_4.html
19841219_kawasaki_5,1984-12-19,kawasaki,5,https://www.keiba.go.jp/KeibaWeb/TodayRaceInfo/RaceMarkTable?k_raceDate=1984%2F12%2F19&k_raceNo=5&k_babaCode=21,data/cache/html/19841219_kawasaki_5.html
19841219_kawasaki_6,1984-12-19,kawasaki,6,https://www.keiba.go.jp/KeibaWeb/TodayRaceInfo/RaceMarkTable?k_raceDate=1984%2F12%2F19&k_raceNo=6&k_babaCode=21,data/cache/html/19841219_kawasaki_6.html
19841219_kawasaki_7,1984-12-19,kawasaki,7,https://www.keiba.go.jp/KeibaWeb/TodayRaceInfo/RaceMarkTable?k_raceDate=1984%2F12%2F19&k_raceNo=7&k_babaCode=21,data/cache/html/19841219_kawasaki_7.html
19841219_kawasaki_8,1984-12-19,kawasaki,8,https://www.keiba.go.jp/KeibaWeb/TodayRaceInfo/RaceMarkTable?k_raceDate=1984%2F12%2F19&k_raceNo=8&k_babaCode=21,data/cache/html/19841219_kawasaki_8.html
19841219_kawasaki_9,1984-12-19,kawasaki,9,https://www.keiba.go.jp/KeibaWeb/TodayRaceInfo/RaceMarkTable?k_raceDate=1984%2F12%2F19&k_raceNo=9&k_babaCode=21,data/cache/html/19841219_kawasaki_9.html
19841219_kawasaki_10,1984-12-19,kawasaki,10,https://www.keiba.go.jp/KeibaWeb/TodayRaceInfo/RaceMarkTable?k_raceDate=1984%2F12%2F19&k_raceNo=10&k_babaCode=21,data/cache/html/19841219_kawasaki_10.html
19841219_kawasaki_11,1984-12-19,kawasaki,11,https://www.keiba.go.jp/KeibaWeb/TodayRaceInfo/RaceMarkTable?k_raceDate=1984%2F12%2F19&k_raceNo=11&k_babaCode=21,data/cache/html/19841219_kawasaki_11.html
19841219_kawasaki_12,1984-12-19,kawasaki,12,https://www.keiba.go.jp/KeibaWeb/TodayRaceInfo/RaceMarkTable?k_raceDate=1984%2F12%2F19&k_raceNo=12&k_babaCode=21,data/cache/html/19841219_kawasaki_12.html
19841218_kawasaki_1,1984-12-18,kawasaki,1,https://www.keiba.go.jp/KeibaWeb/TodayRaceInfo/RaceMarkTable?k_raceDate=1984%2F12%2F18&k_raceNo=1&k_babaCode=21,data/cache/html/19841218_kawasaki_1.html
19841218_kawasaki_2,1984-12-18,kawasaki,2,https://www.keiba.go.jp/KeibaWeb/TodayRaceInfo/RaceMarkTable?k_raceDate=1984%2F12%2F18&k_raceNo=2&k_babaCode=21,data/cache/html/19841218_kawasaki_2.html
19841218_kawasaki_3,1984-12-18,kawasaki,3,https://www.keiba.go.jp/KeibaWeb/TodayRaceInfo/RaceMarkTable?k_raceDate=1984%2F12%2F18&k_raceNo=3&k_babaCode=21,data/cache/html/19841218_kawasaki_3.html
19841218_kawasaki_4,1984-12-18,kawasaki,4,https://www.keiba.go.jp/KeibaWeb/TodayRaceInfo/RaceMarkTable?k_raceDate=1984%2F12%2F18&k_raceNo=4&k_babaCode=21,data/cache/html/19841218_kawasaki_4.html
19841218_kawasaki_5,1984-12-18,kawasaki,5,https://www.keiba.go.jp/KeibaWeb/TodayRaceInfo/RaceMarkTable?k_raceDate=1984%2F12%2F18&k_raceNo=5&k_babaCode=21,data/cache/html/19841218_kawasaki_5.html
19841218_kawasaki_6,1984-12-18,kawasaki,6,https://www.keiba.go.jp/KeibaWeb/TodayRaceInfo/RaceMarkTable?k_raceDate=1984%2F12%2F18&k_raceNo=6&k_babaCode=21,data/cache/html/19841218_kawasaki_6.html
19841218_kawasaki_7,1984-12-18,kawasaki,7,https://www.keiba.go.jp/KeibaWeb/TodayRaceInfo/RaceMarkTable?k_raceDate=1984%2F12%2F18&k_raceNo=7&k_babaCode=21,data/cache/html/19841218_kawasaki_7.html
19841218_kawasaki_8,1984-12-18,kawasaki,8,https://www.keiba.go.jp/KeibaWeb/TodayRaceInfo/RaceMarkTable?k_raceDate=1984%2F12%2F18&k_raceNo=8&k_babaCode=21,data/cache/html/19841218_kawasaki_8.html
19841218_kawasaki_9,1984-12-18,kawasaki,9,https://www.keiba.go.jp/KeibaWeb/TodayRaceInfo/RaceMarkTable?k_raceDate=1984%2F12%2F18&k_raceNo=9&k_babaCode=21,data/cache/html/19841218_kawasaki_9.html
19841218_kawasaki_10,1984-12-18,kawasaki,10,https://www.keiba.go.jp/KeibaWeb/TodayRaceInfo/RaceMarkTable?k_raceDate=1984%2F12%2F18&k_raceNo=10&k_babaCode=21,data/cache/html/19841218_kawasaki_10.html
19841218_kawasaki_11,1984-12-18,kawasaki,11,https://www.keiba.go.jp/KeibaWeb/TodayRaceInfo/RaceMarkTable?k_raceDate=1984%2F12%2F18&k_raceNo=11&k_babaCode=21,data/cache/html/19841218_kawasaki_11.html
19841218_kawasaki_12,1984-12-18,kawasaki,12,https://www.keiba.go.jp/KeibaWeb/TodayRaceInfo/RaceMarkTable?k_raceDate=1984%2F12%2F18&k_raceNo=12&k_babaCode=21,data/cache/html/19841218_kawasaki_12.html
19841217_kawasaki_1,1984-12-17,kawasaki,1,https://www.keiba.go.jp/KeibaWeb/TodayRaceInfo/RaceMarkTable?k_raceDate=1984%2F12%2F17&k_raceNo=1&k_babaCode=21,data/cache/html/19841217_kawasaki_1.html
19841217_kawasaki_2,1984-12-17,kawasaki,2,https://www.keiba.go.jp/KeibaWeb/TodayRaceInfo/RaceMarkTable?k_raceDate=1984%2F12%2F17&k_raceNo=2&k_babaCode=21,data/cache/html/19841217_kawasaki_2.html
19841217_kawasaki_3,1984-12-17,kawasaki,3,https://www.keiba.go.jp/KeibaWeb/TodayRaceInfo/RaceMarkTable?k_raceDate=1984%2F12%2F17&k_raceNo=3&k_babaCode=21,data/cache/html/19841217_kawasaki_3.html
19841217_kawasaki_4,1984-12-17,kawasaki,4,https://www.keiba.go.jp/KeibaWeb/TodayRaceInfo/RaceMarkTable?k_raceDate=1984%2F12%2F17&k_raceNo=4&k_babaCode=21,data/cache/html/19841217_kawasaki_4.html
19841217_kawasaki_5,1984-12-17,kawasaki,5,https://www.keiba.go.jp/KeibaWeb/TodayRaceInfo/RaceMarkTable?k_raceDate=1984%2F12%2F17&k_raceNo=5&k_babaCode=21,data/cache/html/19841217_kawasaki_5.html
19841217_kawasaki_6,1984-12-17,kawasaki,6,https://www.keiba.go.jp/KeibaWeb/TodayRaceInfo/RaceMarkTable?k_raceDate=1984%2F12%2F17&k_raceNo=6&k_babaCode=21,data/cache/html/19841217_kawasaki_6.html
19841217_kawasaki_7,1984-12-17,kawasaki,7,https://www.keiba.go.jp/KeibaWeb/TodayRaceInfo/RaceMarkTable?k_raceDate=1984%2F12%2F17&k_raceNo=7&k_babaCode=21,data/cache/html/19841217_kawasaki_7.html
19841217_kawasaki_8,1984-12-17,kawasaki,8,https://www.keiba.go.jp/KeibaWeb/TodayRaceInfo/RaceMarkTable?k_raceDate=1984%2F12%2F17&k_raceNo=8&k_babaCode=21,data/cache/html/19841217_kawasaki_8.html
19841217_kawasaki_9,1984-12-17,kawasaki,9,https://www.keiba.go.jp/KeibaWeb/TodayRaceInfo/RaceMarkTable?k_raceDate=1984%2F12%2F17&k_raceNo=9&k_babaCode=21,data/cache/html/19841217_kawasaki_9.html
19841217_kawasaki_10,1984-12-17,kawasaki,10,https://www.keiba.go.jp/KeibaWeb/TodayRaceInfo/RaceMarkTable?k_raceDate=1984%2F12%2F17&k_raceNo=10&k_babaCode=21,data/cache/html/19841217_kawasaki_10.html
19841217_kawasaki_11,1984-12-17,kawasaki,11,https://www.keiba.go.jp/KeibaWeb/TodayRaceInfo/RaceMarkTable?k_raceDate=1984%2F12%2F17&k_raceNo=11&k_babaCode=21,data/cache/html/19841217_kawasaki_11.html
19841217_kawasaki_12,1984-12-17,kawasaki,12,https://www.keiba.go.jp/KeibaWeb/TodayRaceInfo/RaceMarkTable?k_raceDate=1984%2F12%2F17&k_raceNo=12&k_babaCode=21,data/cache/html/19841217_kawasaki_12.html
19841216_kawasaki_1,1984-12-16,kawasaki,1,https://www.keiba.go.jp/KeibaWeb/TodayRaceInfo/RaceMarkTable?k_raceDate=1984%2F12%2F16&k_raceNo=1&k_babaCode=21,data/cache/html/19841216_kawasaki_1.html
19841216_kawasaki_2,1984-12-16,kawasaki,2,https://www.keiba.go.jp/KeibaWeb/TodayRaceInfo/RaceMarkTable?k_raceDate=1984%2F12%2F16&k_raceNo=2&k_babaCode=21,data/cache/html/19841216_kawasaki_2.html
19841216_kawasaki_3,1984-12-16,kawasaki,3,https://www.keiba.go.jp/KeibaWeb/TodayRaceInfo/RaceMarkTable?k_raceDate=1984%2F12%2F16&k_raceNo=3&k_babaCode=21,data/cache/html/19841216_kawasaki_3.html
19841216_kawasaki_4,1984-12-16,kawasaki,4,https://www.keiba.go.jp/KeibaWeb/TodayRaceInfo/RaceMarkTable?k_raceDate=1984%2F12%2F16&k_raceNo=4&k_babaCode=21,data/cache/html/19841216_kawasaki_4.html
19841216_kawasaki_5,1984-12-16,kawasaki,5,https://www.keiba.go.jp/KeibaWeb/TodayRaceInfo/RaceMarkTable?k_raceDate=1984%2F12%2F16&k_raceNo=5&k_babaCode=21,data/cache/html/19841216_kawasaki_5.html
19841216_kawasaki_6,1984-12-16,kawasaki,6,https://www.keiba.go.jp/KeibaWeb/TodayRaceInfo/RaceMarkTable?k_raceDate=1984%2F12%2F16&k_raceNo=6&k_babaCode=21,data/cache/html/19841216_kawasaki_6.html
19841216_kawasaki_7,1984-12-16,kawasaki,7,https://www.keiba.go.jp/KeibaWeb/TodayRaceInfo/RaceMarkTable?k_raceDate=1984%2F12%2F16&k_raceNo=7&k_babaCode=21,data/cache/html/19841216_kawasaki_7.html
19841216_kawasaki_8,1984-12-16,kawasaki,8,https://www.keiba.go.jp/KeibaWeb/TodayRaceInfo/RaceMarkTable?k_raceDate=1984%2F12%2F16&k_raceNo=8&k_babaCode=21,data/cache/html/19841216_kawasaki_8.html
19841216_kawasaki_9,1984-12-16,kawasaki,9,https://www.keiba.go.jp/KeibaWeb/TodayRaceInfo/RaceMarkTable?k_raceDate=1984%2F12%2F16&k_raceNo=9&k_babaCode=21,data/cache/html/19841216_kawasaki_9.html
19841216_kawasaki_10,1984-12-16,kawasaki,10,https://www.keiba.go.jp/KeibaWeb/TodayRaceInfo/RaceMarkTable?k_raceDate=1984%2F12%2F16&k_raceNo=10&k_babaCode=21,data/cache/html/19841216_kawasaki_10.html
19841216_kawasaki_11,1984-12-16,kawasaki,11,https://www.keiba.go.jp/KeibaWeb/TodayRaceInfo/RaceMarkTable?k_raceDate=1984%2F12%2F16&k_raceNo=11&k_babaCode=21,data/cache/html/19841216_kawasaki_11.html
19841216_kawasaki_12,1984-12-16,kawasaki,12,https://www.keiba.go.jp/KeibaWeb/TodayRaceInfo/RaceMarkTable?k_raceDate=1984%2F12%2F16&k_raceNo=12&k_babaCode=21,data/cache/html/19841216_kawasaki_12.html
19841215_kawasaki_1,1984-12-15,kawasaki,1,https://www.keiba.go.jp/KeibaWeb/TodayRaceInfo/RaceMarkTable?k_raceDate=1984%2F12%2F15&k_raceNo=1&k_babaCode=21,data/cache/html/19841215_kawasaki_1.html
19841215_kawasaki_2,1984-12-15,kawasaki,2,https://www.keiba.go.jp/KeibaWeb/TodayRaceInfo/RaceMarkTable?k_raceDate=1984%2F12%2F15&k_raceNo=2&k_babaCode=21,data/cache/html/19841215_kawasaki_2.html
19841215_kawasaki_3,1984-12-15,kawasaki,3,https://www.keiba.go.jp/KeibaWeb/TodayRaceInfo/RaceMarkTable?k_raceDate=1984%2F12%2F15&k_raceNo=3&k_babaCode=21,data/cache/html/19841215_kawasaki_3.html
19841215_kawasaki_4,1984-12-15,kawasaki,4,https://www.keiba.go.jp/KeibaWeb/TodayRaceInfo/RaceMarkTable?k_raceDate=1984%2F12%2F15&k_raceNo=4&k_babaCode=21,data/cache/html/19841215_kawasaki_4.html
19841215_kawasaki_5,1984-12-15,kawasaki,5,https://www.keiba.go.jp/KeibaWeb/TodayRaceInfo/RaceMarkTable?k_raceDate=1984%2F12%2F15&k_raceNo=5&k_babaCode=21,data/cache/html/19841215_kawasaki_5.html
19841215_kawasaki_6,1984-12-15,kawasaki,6,https://www.keiba.go.jp/KeibaWeb/TodayRaceInfo/RaceMarkTable?k_raceDate=1984%2F12%2F15&k_raceNo=6&k_babaCode=21,data/cache/html/19841215_kawasaki_6.html
19841215_kawasaki_7,1984-12-15,kawasaki,7,https://www.keiba.go.jp/KeibaWeb/TodayRaceInfo/RaceMarkTable?k_raceDate=1984%2F12%2F15&k_raceNo=7&k_babaCode=21,data/cache/html/19841215_kawasaki_7.html
19841215_kawasaki_8,1984-12-15,kawasaki,8,https://www.keiba.go.jp/KeibaWeb/TodayRaceInfo/RaceMarkTable?k_raceDate=1984%2F12%2F15&k_raceNo=8&k_babaCode=21,data/cache/html/19841215_kawasaki_8.html
19841215_kawasaki_9,1984-12-15,kawasaki,9,https://www.keiba.go.jp/KeibaWeb/TodayRaceInfo/RaceMarkTable?k_raceDate=1984%2F12%2F15&k_raceNo=9&k_babaCode=21,data/cache/html/19841215_kawasaki_9.html
19841215_kawasaki_10,1984-12-15,kawasaki,10,https://www.keiba.go.jp/KeibaWeb/TodayRaceInfo/RaceMarkTable?k_raceDate=1984%2F12%2F15&k_raceNo=10&k_babaCode=21,data/cache/html/19841215_kawasaki_10.html
19841215_kawasaki_11,1984-12-15,kawasaki,11,https://www.keiba.go.jp/KeibaWeb/TodayRaceInfo/RaceMarkTable?k_raceDate=1984%2F12%2F15&k_raceNo=11&k_babaCode=21,data/cache/html/19841215_kawasaki_11.html
19841215_kawasaki_12,1984-12-15,kawasaki,12,https://www.keiba.go.jp/KeibaWeb/TodayRaceInfo/RaceMarkTable?k_raceDate=1984%2F12%2F15&k_raceNo=12&k_babaCode=21,data/cache/html/19841215_kawasaki_12.html
19841214_kawasaki_1,1984-12-14,kawasaki,1,https://www.keiba.go.jp/KeibaWeb/TodayRaceInfo/RaceMarkTable?k_raceDate=1984%2F12%2F14&k_raceNo=1&k_babaCode=21,data/cache/html/19841214_kawasaki_1.html
19841214_kawasaki_2,1984-12-14,kawasaki,2,https://www.keiba.go.jp/KeibaWeb/TodayRaceInfo/RaceMarkTable?k_raceDate=1984%2F12%2F14&k_raceNo=2&k_babaCode=21,data/cache/html/19841214_kawasaki_2.html
19841214_kawasaki_3,1984-12-14,kawasaki,3,https://www.keiba.go.jp/KeibaWeb/TodayRaceInfo/RaceMarkTable?k_raceDate=1984%2F12%2F14&k_raceNo=3&k_babaCode=21,data/cache/html/19841214_kawasaki_3.html
19841214_kawasaki_4,1984-12-14,kawasaki,4,https://www.keiba.go.jp/KeibaWeb/TodayRaceInfo/RaceMarkTable?k_raceDate=1984%2F12%2F14&k_raceNo=4&k_babaCode=21,data/cache/html/19841214_kawasaki_4.html
19841214_kawasaki_5,1984-12-14,kawasaki,5,https://www.keiba.go.jp/KeibaWeb/TodayRaceInfo/RaceMarkTable?k_raceDate=1984%2F12%2F14&k_raceNo=5&k_babaCode=21,data/cache/html/19841214_kawasaki_5.html
19841214_kawasaki_6,1984-12-14,kawasaki,6,https://www.keiba.go.jp/KeibaWeb/TodayRaceInfo/RaceMarkTable?k_raceDate=1984%2F12%2F14&k_raceNo=6&k_babaCode=21,data/cache/html/19841214_kawasaki_6.html
19841214_kawasaki_7,1984-12-14,kawasaki,7,https://www.keiba.go.jp/KeibaWeb/TodayRaceInfo/RaceMarkTable?k_raceDate=1984%2F12%2F14&k_raceNo=7&k_babaCode=21,data/cache/html/19841214_kawasaki_7.html
19841214_kawasaki_8,1984-12-14,kawasaki,8,https://www.keiba.go.jp/KeibaWeb/TodayRaceInfo/RaceMarkTable?k_raceDate=1984%2F12%2F14&k_raceNo=8&k_babaCode=21,data/cache/html/19841214_kawasaki_8.html
19841214_kawasaki_9,1984-12-14,kawasaki,9,https://www.keiba.go.jp/KeibaWeb/TodayRaceInfo/RaceMarkTable?k_raceDate=1984%2F12%2F14&k_raceNo=9&k_babaCode=21,data/cache/html/19841214_kawasaki_9.html
19841214_kawasaki_10,1984-12-14,kawasaki,10,https://www.keiba.go.jp/KeibaWeb/TodayRaceInfo/RaceMarkTable?k_raceDate=1984%2F12%2F14&k_raceNo=10&k_babaCode=21,data/cache/html/19841214_kawasaki_10.html
19841214_kawasaki_11,1984-12-14,kawasaki,11,https://www.keiba.go.jp/KeibaWeb/TodayRaceInfo/RaceMarkTable?k_raceDate=1984%2F12%2F14&k_raceNo=11&k_babaCode=21,data/cache/html/19841214_kawasaki_11.html
19841214_kawasaki_12,1984-12-14,kawasaki,12,https://www.keiba.go.jp/KeibaWeb/TodayRaceInfo/RaceMarkTable?k_raceDate=1984%2F12%2F14&k_raceNo=12&k_babaCode=21,data/cache/html/19841214_kawasaki_12.html
19841213_kawasaki_1,1984-12-13,kawasaki,1,https://www.keiba.go.jp/KeibaWeb/TodayRaceInfo/RaceMarkTable?k_raceDate=1984%2F12%2F13&k_raceNo=1&k_babaCode=21,data/cache/html/19841213_kawasaki_1.html
19841213_kawasaki_2,1984-12-13,kawasaki,2,https://www.keiba.go.jp/KeibaWeb/TodayRaceInfo/RaceMarkTable?k_raceDate=1984%2F12%2F13&k_raceNo=2&k_babaCode=21,data/cache/html/19841213_kawasaki_2.html
19841213_kawasaki_3,1984-12-13,kawasaki,3,https://www.keiba.go.jp/KeibaWeb/TodayRaceInfo/RaceMarkTable?k_raceDate=1984%2F12%2F13&k_raceNo=3&k_babaCode=21,data/cache/html/19841213_kawasaki_3.html
19841213_kawasaki_4,1984-12-13,kawasaki,4,https://www.keiba.go.jp/KeibaWeb/TodayRaceInfo/RaceMarkTable?k_raceDate=1984%2F12%2F13&k_raceNo=4&k_babaCode=21,data/cache/html/19841213_kawasaki_4.html
19841213_kawasaki_5,1984-12-13,kawasaki,5,https://www.keiba.go.jp/KeibaWeb/TodayRaceInfo/RaceMarkTable?k_raceDate=1984%2F12%2F13&k_raceNo=5&k_babaCode=21,data/cache/html/19841213_kawasaki_5.html
19841213_kawasaki_6,1984-12-13,kawasaki,6,https://www.keiba.go.jp/KeibaWeb/TodayRaceInfo/RaceMarkTable?k_raceDate=1984%2F12%2F13&k_raceNo=6&k_babaCode=21,data/cache/html/19841213_kawasaki_6.html
19841213_kawasaki_7,1984-12-13,kawasaki,7,https://www.keiba.go.jp/KeibaWeb/TodayRaceInfo/RaceMarkTable?k_raceDate=1984%2F12%2F13&k_raceNo=7&k_babaCode=21,data/cache/html/19841213_kawasaki_7.html
19841213_kawasaki_8,1984-12-13,kawasaki,8,https://www.keiba.go.jp/KeibaWeb/TodayRaceInfo/RaceMarkTable?k_raceDate=1984%2F12%2F13&k_raceNo=8&k_babaCode=21,data/cache/html/19841213_kawasaki_8.html
19841213_kawasaki_9,1984-12-13,kawasaki,9,https://www.keiba.go.jp/KeibaWeb/TodayRaceInfo/RaceMarkTable?k_raceDate=1984%2F12%2F13&k_raceNo=9&k_babaCode=21,data/cache/html/19841213_kawasaki_9.html
19841213_kawasaki_10,1984-12-13,kawasaki,10,https://www.keiba.go.jp/KeibaWeb/TodayRaceInfo/RaceMarkTable?k_raceDate=1984%2F12%2F13&k_raceNo=10&k_babaCode=21,data/cache/html/19841213_kawasaki_10.html
19841213_kawasaki_11,1984-12-13,kawasaki,11,https://www.keiba.go.jp/KeibaWeb/TodayRaceInfo/RaceMarkTable?k_raceDate=1984%2F12%2F13&k_raceNo=11&k_babaCode=21,data/cache/html/19841213_kawasaki_11.html
19841213_kawasaki_12,1984-12-13,kawasaki,12,https://www.keiba.go.jp/KeibaWeb/TodayRaceInfo/RaceMarkTable?k_raceDate=1984%2F12%2F13&k_raceNo=12&k_babaCode=21,data/cache/html/19841213_kawasaki_12.html
19841212_kawasaki_1,1984-12-12,kawasaki,1,https://www.keiba.go.jp/KeibaWeb/TodayRaceInfo/RaceMarkTable?k_raceDate=1984%2F12%2F12&k_raceNo=1&k_babaCode=21,data/cache/html/19841212_kawasaki_1.html
19841212_kawasaki_2,1984-12-12,kawasaki,2,https://www.keiba.go.jp/KeibaWeb/TodayRaceInfo/RaceMarkTable?k_raceDate=1984%2F12%2F12&k_raceNo=2&k_babaCode=21,data/cache/html/19841212_kawasaki_2.html
19841212_kawasaki_3,1984-12-12,kawasaki,3,https://www.keiba.go.jp/KeibaWeb/TodayRaceInfo/RaceMarkTable?k_raceDate=1984%2F12%2F12&k_raceNo=3&k_babaCode=21,data/cache/html/19841212_kawasaki_3.html
19841212_kawasaki_4,1984-12-12,kawasaki,4,https://www.keiba.go.jp/KeibaWeb/TodayRaceInfo/RaceMarkTable?k_raceDate=1984%2F12%2F12&k_raceNo=4&k_babaCode=21,data/cache/html/19841212_kawasaki_4.html
19841212_kawasaki_5,1984-12-12,kawasaki,5,https://www.keiba.go.jp/KeibaWeb/TodayRaceInfo/RaceMarkTable?k_raceDate=1984%2F12%2F12&k_raceNo=5&k_babaCode=21,data/cache/html/19841212_kawasaki_5.html
19841212_kawasaki_6,1984-12-12,kawasaki,6,https://www.keiba.go.jp/KeibaWeb/TodayRaceInfo/RaceMarkTable?k_raceDate=1984%2F12%2F12&k_raceNo=6&k_babaCode=21,data/cache/html/19841212_kawasaki_6.html
19841212_kawasaki_7,1984-12-12,kawasaki,7,https://www.keiba.go.jp/KeibaWeb/TodayRaceInfo/RaceMarkTable?k_raceDate=1984%2F12%2F12&k_raceNo=7&k_babaCode=21,data/cache/html/19841212_kawasaki_7.html
19841212_kawasaki_8,1984-12-12,kawasaki,8,https://www.keiba.go.jp/KeibaWeb/TodayRaceInfo/RaceMarkTable?k_raceDate=1984%2F12%2F12&k_raceNo=8&k_babaCode=21,data/cache/html/19841212_kawasaki_8.html
19841212_kawasaki_9,1984-12-12,kawasaki,9,https://www.keiba.go.jp/KeibaWeb/TodayRaceInfo/RaceMarkTable?k_raceDate=1984%2F12%2F12&k_raceNo=9&k_babaCode=21,data/cache/html/19841212_kawasaki_9.html
19841212_kawasaki_10,1984-12-12,kawasaki,10,https://www.keiba.go.jp/KeibaWeb/TodayRaceInfo/RaceMarkTable?k_raceDate=1984%2F12%2F12&k_raceNo=10&k_babaCode=21,data/cache/html/19841212_kawasaki_10.html
19841212_kawasaki_11,1984-12-12,kawasaki,11,https://www.keiba.go.jp/KeibaWeb/TodayRaceInfo/RaceMarkTable?k_raceDate=1984%2F12%2F12&k_raceNo=11&k_babaCode=21,data/cache/html/19841212_kawasaki_11.html
19841212_kawasaki_12,1984-12-12,kawasaki,12,https://www.keiba.go.jp/KeibaWeb/TodayRaceInfo/RaceMarkTable?k_raceDate=1984%2F12%2F12&k_raceNo=12&k_babaCode=21,data/cache/html/19841212_kawasaki_12.html
19841211_kawasaki_1,1984-12-11,kawasaki,1,https://www.keiba.go.jp/KeibaWeb/TodayRaceInfo/RaceMarkTable?k_raceDate=1984%2F12%2F11&k_raceNo=1&k_babaCode=21,data/cache/html/19841211_kawasaki_1.html
19841211_kawasaki_2,1984-12-11,kawasaki,2,https://www.keiba.go.jp/KeibaWeb/TodayRaceInfo/RaceMarkTable?k_raceDate=1984%2F12%2F11&k_raceNo=2&k_babaCode=21,data/cache/html/19841211_kawasaki_2.html
19841211_kawasaki_3,1984-12-11,kawasaki,3,https://www.keiba.go.jp/KeibaWeb/TodayRaceInfo/RaceMarkTable?k_raceDate=1984%2F12%2F11&k_raceNo=3&k_babaCode=21,data/cache/html/19841211_kawasaki_3.html
19841211_kawasaki_4,1984-12-11,kawasaki,4,https://www.keiba.go.jp/KeibaWeb/TodayRaceInfo/RaceMarkTable?k_raceDate=1984%2F12%2F11&k_raceNo=4&k_babaCode=21,data/cache/html/19841211_kawasaki_4.html
19841211_kawasaki_5,1984-12-11,kawasaki,5,https://www.keiba.go.jp/KeibaWeb/TodayRaceInfo/RaceMarkTable?k_raceDate=1984%2F12%2F11&k_raceNo=5&k_babaCode=21,data/cache/html/19841211_kawasaki_5.html
19841211_kawasaki_6,1984-12-11,kawasaki,6,https://www.keiba.go.jp/KeibaWeb/TodayRaceInfo/RaceMarkTable?k_raceDate=1984%2F12%2F11&k_raceNo=6&k_babaCode=21,data/cache/html/19841211_kawasaki_6.html
19841211_kawasaki_7,1984-12-11,kawasaki,7,https://www.keiba.go.jp/KeibaWeb/TodayRaceInfo/RaceMarkTable?k_raceDate=1984%2F12%2F11&k_raceNo=7&k_babaCode=21,data/cache/html/19841211_kawasaki_7.html
19841211_kawasaki_8,1984-12-11,kawasaki,8,https://www.keiba.go.jp/KeibaWeb/TodayRaceInfo/RaceMarkTable?k_raceDate=1984%2F12%2F11&k_raceNo=8&k_babaCode=21,data/cache/html/19841211_kawasaki_8.html
19841211_kawasaki_9,1984-12-11,kawasaki,9,https://www.keiba.go.jp/KeibaWeb/TodayRaceInfo/RaceMarkTable?k_raceDate=1984%2F12%2F11&k_raceNo=9&k_babaCode=21,data/cache/html/19841211_kawasaki_9.html
19841211_kawasaki_10,1984-12-11,kawasaki,10,https://www.keiba.go.jp/KeibaWeb/TodayRaceInfo/RaceMarkTable?k_raceDate=1984%2F12%2F11&k_raceNo=10&k_babaCode=21,data/cache/html/19841211_kawasaki_10.html
19841211_kawasaki_11,1984-12-11,kawasaki,11,https://www.keiba.go.jp/KeibaWeb/TodayRaceInfo/RaceMarkTable?k_raceDate=1984%2F12%2F11&k_raceNo=11&k_babaCode=21,data/cache/html/19841211_kawasaki_11.html
19841211_kawasaki_12,1984-12-11,kawasaki,12,https://www.keiba.go.jp/KeibaWeb/TodayRaceInfo/RaceMarkTable?k_raceDate=1984%2F12%2F11&k_raceNo=12&k_babaCode=21,data/cache/html/19841211_kawasaki_12.html
19841210_kawasaki_1,1984-12-10,kawasaki,1,https://www.keiba.go.jp/KeibaWeb/TodayRaceInfo/RaceMarkTable?k_raceDate=1984%2F12%2F10&k_raceNo=1&k_babaCode=21,data/cache/html/19841210_kawasaki_1.html
19841210_kawasaki_2,1984-12-10,kawasaki,2,https://www.keiba.go.jp/KeibaWeb/TodayRaceInfo/RaceMarkTable?k_raceDate=1984%2F12%2F10&k_raceNo=2&k_babaCode=21,data/cache/html/19841210_kawasaki_2.html
19841210_kawasaki_3,1984-12-10,kawasaki,3,https://www.keiba.go.jp/KeibaWeb/TodayRaceInfo/RaceMarkTable?k_raceDate=1984%2F12%2F10&k_raceNo=3&k_babaCode=21,data/cache/html/19841210_kawasaki_3.html
19841210_kawasaki_4,1984-12-10,kawasaki,4,https://www.keiba.go.jp/KeibaWeb/TodayRaceInfo/RaceMarkTable?k_raceDate=1984%2F12%2F10&k_raceNo=4&k_babaCode=21,data/cache/html/19841210_kawasaki_4.html
19841210_kawasaki_5,1984-12-10,kawasaki,5,https://www.keiba.go.jp/KeibaWeb/TodayRaceInfo/RaceMarkTable?k_raceDate=1984%2F12%2F10&k_raceNo=5&k_babaCode=21,data/cache/html/19841210_kawasaki_5.html
19841210_kawasaki_6,1984-12-10,kawasaki,6,https://www.keiba.go.jp/KeibaWeb/TodayRaceInfo/RaceMarkTable?k_raceDate=1984%2F12%2F10&k_raceNo=6&k_babaCode=21,data/cache/html/19841210_kawasaki_6.html
19841210_kawasaki_7,1984-12-10,kawasaki,7,https://www.keiba.go.jp/KeibaWeb/TodayRaceInfo/RaceMarkTable?k_raceDate=1984%2F12%2F10&k_raceNo=7&k_babaCode=21,data/cache/html/19841210_kawasaki_7.html
19841210_kawasaki_8,1984-12-10,kawasaki,8,https://www.keiba.go.jp/KeibaWeb/TodayRaceInfo/RaceMarkTable?k_raceDate=1984%2F12%2F10&k_raceNo=8&k_babaCode=21,data/cache/html/19841210_kawasaki_8.html
19841210_kawasaki_9,1984-12-10,kawasaki,9,https://www.keiba.go.jp/KeibaWeb/TodayRaceInfo/RaceMarkTable?k_raceDate=1984%2F12%2F10&k_raceNo=9&k_babaCode=21,data/cache/html/19841210_kawasaki_9.html
19841210_kawasaki_10,1984-12-10,kawasaki,10,https://www.keiba.go.jp/KeibaWeb/TodayRaceInfo/RaceMarkTable?k_raceDate=1984%2F12%2F10&k_raceNo=10&k_babaCode=21,data/cache/html/19841210_kawasaki_10.html
19841210_kawasaki_11,1984-12-10,kawasaki,11,https://www.keiba.go.jp/KeibaWeb/TodayRaceInfo/RaceMarkTable?k_raceDate=1984%2F12%2F10&k_raceNo=11&k_babaCode=21,data/cache/html/19841210_kawasaki_11.html
19841210_kawasaki_12,1984-12-10,kawasaki,12,https://www.keiba.go.jp/KeibaWeb/TodayRaceInfo/RaceMarkTable?k_raceDate=1984%2F12%2F10&k_raceNo=12&k_babaCode=21,data/cache/html/19841210_kawasaki_12.html
19841209_kawasaki_1,1984-12-09,kawasaki,1,https://www.keiba.go.jp/KeibaWeb/TodayRaceInfo/RaceMarkTable?k_raceDate=1984%2F12%2F09&k_raceNo=1&k_babaCode=21,data/cache/html/19841209_kawasaki_1.html
19841209_kawasaki_2,1984-12-09,kawasaki,2,https://www.keiba.go.jp/KeibaWeb/TodayRaceInfo/RaceMarkTable?k_raceDate=1984%2F12%2F09&k_raceNo=2&k_babaCode=21,data/cache/html/19841209_kawasaki_2.html
19841209_kawasaki_3,1984-12-09,kawasaki,3,https://www.keiba.go.jp/KeibaWeb/TodayRaceInfo/RaceMarkTable?k_raceDate=1984%2F12%2F09&k_raceNo=3&k_babaCode=21,data/cache/html/19841209_kawasaki_3.html
19841209_kawasaki_4,1984-12-09,kawasaki,4,https://www.keiba.go.jp/KeibaWeb/TodayRaceInfo/RaceMarkTable?k_raceDate=1984%2F12%2F09&k_raceNo=4&k_babaCode=21,data/cache/html/19841209_kawasaki_4.html
19841209_kawasaki_5,1984-12-09,kawasaki,5,https://www.keiba.go.jp/KeibaWeb/TodayRaceInfo/RaceMarkTable?k_raceDate=1984%2F12%2F09&k_raceNo=5&k_babaCode=21,data/cache/html/19841209_kawasaki_5.html
19841209_kawasaki_6,1984-12-09,kawasaki,6,https://www.keiba.go.jp/KeibaWeb/TodayRaceInfo/RaceMarkTable?k_raceDate=1984%2F12%2F09&k_raceNo=6&k_babaCode=21,data/cache/html/19841209_kawasaki_6.html
19841209_kawasaki_7,1984-12-09,kawasaki,7,https://www.keiba.go.jp/KeibaWeb/TodayRaceInfo/RaceMarkTable?k_raceDate=1984%2F12%2F09&k_raceNo=7&k_babaCode=21,data/cache/html/19841209_kawasaki_7.html
19841209_kawasaki_8,1984-12-09,kawasaki,8,https://www.keiba.go.jp/KeibaWeb/TodayRaceInfo/RaceMarkTable?k_raceDate=1984%2F12%2F09&k_raceNo=8&k_babaCode=21,data/cache/html/19841209_kawasaki_8.html
19841209_kawasaki_9,1984-12-09,kawasaki,9,https://www.keiba.go.jp/KeibaWeb/TodayRaceInfo/RaceMarkTable?k_raceDate=1984%2F12%2F09&k_raceNo=9&k_babaCode=21,data/cache/html/19841209_kawasaki_9.html
19841209_kawasaki_10,1984-12-09,kawasaki,10,https://www.keiba.go.jp/KeibaWeb/TodayRaceInfo/RaceMarkTable?k_raceDate=1984%2F12%2F09&k_raceNo=10&k_babaCode=21,data/cache/html/19841209_kawasaki_10.html
19841209_kawasaki_11,1984-12-09,kawasaki,11,https://www.keiba.go.jp/KeibaWeb/TodayRaceInfo/RaceMarkTable?k_raceDate=1984%2F12%2F09&k_raceNo=11&k_babaCode=21,data/cache/html/19841209_kawasaki_11.html
19841209_kawasaki_12,1984-12-09,kawasaki,12,https://www.keiba.go.jp/KeibaWeb/TodayRaceInfo/RaceMarkTable?k_raceDate=1984%2F12%2F09&k_raceNo=12&k_babaCode=21,data/cache/html/19841209_kawasaki_12.html
19841208_kawasaki_1,1984-12-08,kawasaki,1,https://www.keiba.go.jp/KeibaWeb/TodayRaceInfo/RaceMarkTable?k_raceDate=1984%2F12%2F08&k_raceNo=1&k_babaCode=21,data/cache/html/19841208_kawasaki_1.html
19841208_kawasaki_2,1984-12-08,kawasaki,2,https://www.keiba.go.jp/KeibaWeb/TodayRaceInfo/RaceMarkTable?k_raceDate=1984%2F12%2F08&k_raceNo=2&k_babaCode=21,data/cache/html/19841208_kawasaki_2.html
19841208_kawasaki_3,1984-12-08,kawasaki,3,https://www.keiba.go.jp/KeibaWeb/TodayRaceInfo/RaceMarkTable?k_raceDate=1984%2F12%2F08&k_raceNo=3&k_babaCode=21,data/cache/html/19841208_kawasaki_3.html
19841208_kawasaki_4,1984-12-08,kawasaki,4,https://www.keiba.go.jp/KeibaWeb/TodayRaceInfo/RaceMarkTable?k_raceDate=1984%2F12%2F08&k_raceNo=4&k_babaCode=21,data/cache/html/19841208_kawasaki_4.html
19841208_kawasaki_5,1984-12-08,kawasaki,5,https://www.keiba.go.jp/KeibaWeb/TodayRaceInfo/RaceMarkTable?k_raceDate=1984%2F12%2F08&k_raceNo=5&k_babaCode=21,data/cache/html/19841208_kawasaki_5.html
19841208_kawasaki_6,1984-12-08,kawasaki,6,https://www.keiba.go.jp/KeibaWeb/TodayRaceInfo/RaceMarkTable?k_raceDate=1984%2F12%2F08&k_raceNo=6&k_babaCode=21,data/cache/html/19841208_kawasaki_6.html
19841208_kawasaki_7,1984-12-08,kawasaki,7,https://www.keiba.go.jp/KeibaWeb/TodayRaceInfo/RaceMarkTable?k_raceDate=1984%2F12%2F08&k_raceNo=7&k_babaCode=21,data/cache/html/19841208_kawasaki_7.html
19841208_kawasaki_8,1984-12-08,kawasaki,8,https://www.keiba.go.jp/KeibaWeb/TodayRaceInfo/RaceMarkTable?k_raceDate=1984%2F12%2F08&k_raceNo=8&k_babaCode=21,data/cache/html/19841208_kawasaki_8.html
19841208_kawasaki_9,1984-12-08,kawasaki,9,https://www.keiba.go.jp/KeibaWeb/TodayRaceInfo/RaceMarkTable?k_raceDate=1984%2F12%2F08&k_raceNo=9&k_babaCode=21,data/cache/html/19841208_kawasaki_9.html
19841208_kawasaki_10,1984-12-08,kawasaki,10,https://www.keiba.go.jp/KeibaWeb/TodayRaceInfo/RaceMarkTable?k_raceDate=1984%2F12%2F08&k_raceNo=10&k_babaCode=21,data/cache/html/19841208_kawasaki_10.html
19841208_kawasaki_11,1984-12-08,kawasaki,11,https://www.keiba.go.jp/KeibaWeb/TodayRaceInfo/RaceMarkTable?k_raceDate=1984%2F12%2F08&k_raceNo=11&k_babaCode=21,data/cache/html/19841208_kawasaki_11.html
19841208_kawasaki_12,1984-12-08,kawasaki,12,https://www.keiba.go.jp/KeibaWeb/TodayRaceInfo/RaceMarkTable?k_raceDate=1984%2F12%2F08&k_raceNo=12&k_babaCode=21,data/cache/html/19841208_kawasaki_12.html
19841207_kawasaki_1,1984-12-07,kawasaki,1,https://www.keiba.go.jp/KeibaWeb/TodayRaceInfo/RaceMarkTable?k_raceDate=1984%2F12%2F07&k_raceNo=1&k_babaCode=21,data/cache/html/19841207_kawasaki_1.html
19841207_kawasaki_2,1984-12-07,kawasaki,2,https://www.keiba.go.jp/KeibaWeb/TodayRaceInfo/RaceMarkTable?k_raceDate=1984%2F12%2F07&k_raceNo=2&k_babaCode=21,data/cache/html/19841207_kawasaki_2.html
19841207_kawasaki_3,1984-12-07,kawasaki,3,https://www.keiba.go.jp/KeibaWeb/TodayRaceInfo/RaceMarkTable?k_raceDate=1984%2F12%2F07&k_raceNo=3&k_babaCode=21,data/cache/html/19841207_kawasaki_3.html
19841207_kawasaki_4,1984-12-07,kawasaki,4,https://www.keiba.go.jp/KeibaWeb/TodayRaceInfo/RaceMarkTable?k_raceDate=1984%2F12%2F07&k_raceNo=4&k_babaCode=21,data/cache/html/19841207_kawasaki_4.html
19841207_kawasaki_5,1984-12-07,kawasaki,5,https://www.keiba.go.jp/KeibaWeb/TodayRaceInfo/RaceMarkTable?k_raceDate=1984%2F12%2F07&k_raceNo=5&k_babaCode=21,data/cache/html/19841207_kawasaki_5.html
19841207_kawasaki_6,1984-12-07,kawasaki,6,https://www.keiba.go.jp/KeibaWeb/TodayRaceInfo/RaceMarkTable?k_raceDate=1984%2F12%2F07&k_raceNo=6&k_babaCode=21,data/cache/html/19841207_kawasaki_6.html
19841207_kawasaki_7,1984-12-07,kawasaki,7,https://www.keiba.go.jp/KeibaWeb/TodayRaceInfo/RaceMarkTable?k_raceDate=1984%2F12%2F07&k_raceNo=7&k_babaCode=21,data/cache/html/19841207_kawasaki_7.html
19841207_kawasaki_8,1984-12-07,kawasaki,8,https://www.keiba.go.jp/KeibaWeb/TodayRaceInfo/RaceMarkTable?k_raceDate=1984%2F12%2F07&k_raceNo=8&k_babaCode=21,data/cache/html/19841207_kawasaki_8.html
19841207_kawasaki_9,1984-12-07,kawasaki,9,https://www.keiba.go.jp/KeibaWeb/TodayRaceInfo/RaceMarkTable?k_raceDate=1984%2F12%2F07&k_raceNo=9&k_babaCode=21,data/cache/html/19841207_kawasaki_9.html
19841207_kawasaki_10,1984-12-07,kawasaki,10,https://www.keiba.go.jp/KeibaWeb/TodayRaceInfo/RaceMarkTable?k_raceDate=1984%2F12%2F07&k_raceNo=10&k_babaCode=21,data/cache/html/19841207_kawasaki_10.html
19841207_kawasaki_11,1984-12-07,kawasaki,11,https://www.keiba.go.jp/KeibaWeb/TodayRaceInfo/RaceMarkTable?k_raceDate=1984%2F12%2F07&k_raceNo=11&k_babaCode=21,data/cache/html/19841207_kawasaki_11.html
19841207_kawasaki_12,1984-12-07,kawasaki,12,https://www.keiba.go.jp/KeibaWeb/TodayRaceInfo/RaceMarkTable?k_raceDate=1984%2F12%2F07&k_raceNo=12&k_babaCode=21,data/cache/html/19841207_kawasaki_12.html
19841206_kawasaki_1,1984-12-06,kawasaki,1,https://www.keiba.go.jp/KeibaWeb/TodayRaceInfo/RaceMarkTable?k_raceDate=1984%2F12%2F06&k_raceNo=1&k_babaCode=21,data/cache/html/19841206_kawasaki_1.html
19841206_kawasaki_2,1984-12-06,kawasaki,2,https://www.keiba.go.jp/KeibaWeb/TodayRaceInfo/RaceMarkTable?k_raceDate=1984%2F12%2F06&k_raceNo=2&k_babaCode=21,data/cache/html/19841206_kawasaki_2.html
19841206_kawasaki_3,1984-12-06,kawasaki,3,https://www.keiba.go.jp/KeibaWeb/TodayRaceInfo/RaceMarkTable?k_raceDate=1984%2F12%2F06&k_raceNo=3&k_babaCode=21,data/cache/html/19841206_kawasaki_3.html
19841206_kawasaki_4,1984-12-06,kawasaki,4,https://www.keiba.go.jp/KeibaWeb/TodayRaceInfo/RaceMarkTable?k_raceDate=1984%2F12%2F06&k_raceNo=4&k_babaCode=21,data/cache/html/19841206_kawasaki_4.html
19841206_kawasaki_5,1984-12-06,kawasaki,5,https://www.keiba.go.jp/KeibaWeb/TodayRaceInfo/RaceMarkTable?k_raceDate=1984%2F12%2F06&k_raceNo=5&k_babaCode=21,data/cache/html/19841206_kawasaki_5.html
19841206_kawasaki_6,1984-12-06,kawasaki,6,https://www.keiba.go.jp/KeibaWeb/TodayRaceInfo/RaceMarkTable?k_raceDate=1984%2F12%2F06&k_raceNo=6&k_babaCode=21,data/cache/html/19841206_kawasaki_6.html
19841206_kawasaki_7,1984-12-06,kawasaki,7,https://www.keiba.go.jp/KeibaWeb/TodayRaceInfo/RaceMarkTable?k_raceDate=1984%2F12%2F06&k_raceNo=7&k_babaCode=21,data/cache/html/19841206_kawasaki_7.html
19841206_kawasaki_8,1984-12-06,kawasaki,8,https://www.keiba.go.jp/KeibaWeb/TodayRaceInfo/RaceMarkTable?k_raceDate=1984%2F12%2F06&k_raceNo=8&k_babaCode=21,data/cache/html/19841206_kawasaki_8.html
19841206_kawasaki_9,1984-12-06,kawasaki,9,https://www.keiba.go.jp/KeibaWeb/TodayRaceInfo/RaceMarkTable?k_raceDate=1984%2F12%2F06&k_raceNo=9&k_babaCode=21,data/cache/html/19841206_kawasaki_9.html
19841206_kawasaki_10,1984-12-06,kawasaki,10,https://www.keiba.go.jp/KeibaWeb/TodayRaceInfo/RaceMarkTable?k_raceDate=1984%2F12%2F06&k_raceNo=10&k_babaCode=21,data/cache/html/19841206_kawasaki_10.html
19841206_kawasaki_11,1984-12-06,kawasaki,11,https://www.keiba.go.jp/KeibaWeb/TodayRaceInfo/RaceMarkTable?k_raceDate=1984%2F12%2F06&k_raceNo=11&k_babaCode=21,data/cache/html/19841206_kawasaki_11.html
19841206_kawasaki_12,1984-12-06,kawasaki,12,https://www.keiba.go.jp/KeibaWeb/TodayRaceInfo/RaceMarkTable?k_raceDate=1984%2F12%2F06&k_raceNo=12&k_babaCode=21,data/cache/html/19841206_kawasaki_12.html
19841205_kawasaki_1,1984-12-05,kawasaki,1,https://www.keiba.go.jp/KeibaWeb/TodayRaceInfo/RaceMarkTable?k_raceDate=1984%2F12%2F05&k_raceNo=1&k_babaCode=21,data/cache/html/19841205_kawasaki_1.html
19841205_kawasaki_2,1984-12-05,kawasaki,2,https://www.keiba.go.jp/KeibaWeb/TodayRaceInfo/RaceMarkTable?k_raceDate=1984%2F12%2F05&k_raceNo=2&k_babaCode=21,data/cache/html/19841205_kawasaki_2.html
19841205_kawasaki_3,1984-12-05,kawasaki,3,https://www.keiba.go.jp/KeibaWeb/TodayRaceInfo/RaceMarkTable?k_raceDate=1984%2F12%2F05&k_raceNo=3&k_babaCode=21,data/cache/html/19841205_kawasaki_3.html
19841205_kawasaki_4,1984-12-05,kawasaki,4,https://www.keiba.go.jp/KeibaWeb/TodayRaceInfo/RaceMarkTable?k_raceDate=1984%2F12%2F05&k_raceNo=4&k_babaCode=21,data/cache/html/19841205_kawasaki_4.html
19841205_kawasaki_5,1984-12-05,kawasaki,5,https://www.keiba.go.jp/KeibaWeb/TodayRaceInfo/RaceMarkTable?k_raceDate=1984%2F12%2F05&k_raceNo=5&k_babaCode=21,data/cache/html/19841205_kawasaki_5.html
19841205_kawasaki_6,1984-12-05,kawasaki,6,https://www.keiba.go.jp/KeibaWeb/TodayRaceInfo/RaceMarkTable?k_raceDate=1984%2F12%2F05&k_raceNo=6&k_babaCode=21,data/cache/html/19841205_kawasaki_6.html
19841205_kawasaki_7,1984-12-05,kawasaki,7,https://www.keiba.go.jp/KeibaWeb/TodayRaceInfo/RaceMarkTable?k_raceDate=1984%2F12%2F05&k_raceNo=7&k_babaCode=21,data/cache/html/19841205_kawasaki_7.html
19841205_kawasaki_8,1984-12-05,kawasaki,8,https://www.keiba.go.jp/KeibaWeb/TodayRaceInfo/RaceMarkTable?k_raceDate=1984%2F12%2F05&k_raceNo=8&k_babaCode=21,data/cache/html/19841205_kawasaki_8.html
19841205_kawasaki_9,1984-12-05,kawasaki,9,https://www.keiba.go.jp/KeibaWeb/TodayRaceInfo/RaceMarkTable?k_raceDate=1984%2F12%2F05&k_raceNo=9&k_babaCode=21,data/cache/html/19841205_kawasaki_9.html
19841205_kawasaki_10,1984-12-05,kawasaki,10,https://www.keiba.go.jp/KeibaWeb/TodayRaceInfo/RaceMarkTable?k_raceDate=1984%2F12%2F05&k_raceNo=10&k_babaCode=21,data/cache/html/19841205_kawasaki_10.html
19841205_kawasaki_11,1984-12-05,kawasaki,11,https://www.keiba.go.jp/KeibaWeb/TodayRaceInfo/RaceMarkTable?k_raceDate=1984%2F12%2F05&k_raceNo=11&k_babaCode=21,data/cache/html/19841205_kawasaki_11.html
19841205_kawasaki_12,1984-12-05,kawasaki,12,https://www.keiba.go.jp/KeibaWeb/TodayRaceInfo/RaceMarkTable?k_raceDate=1984%2F12%2F05&k_raceNo=12&k_babaCode=21,data/cache/html/19841205_kawasaki_12.html
19841204_kawasaki_1,1984-12-04,kawasaki,1,https://www.keiba.go.jp/KeibaWeb/TodayRaceInfo/RaceMarkTable?k_raceDate=1984%2F12%2F04&k_raceNo=1&k_babaCode=21,data/cache/html/19841204_kawasaki_1.html
19841204_kawasaki_2,1984-12-04,kawasaki,2,https://www.keiba.go.jp/KeibaWeb/TodayRaceInfo/RaceMarkTable?k_raceDate=1984%2F12%2F04&k_raceNo=2&k_babaCode=21,data/cache/html/19841204_kawasaki_2.html
19841204_kawasaki_3,1984-12-04,kawasaki,3,https://www.keiba.go.jp/KeibaWeb/TodayRaceInfo/RaceMarkTable?k_raceDate=1984%2F12%2F04&k_raceNo=3&k_babaCode=21,data/cache/html/19841204_kawasaki_3.html
19841204_kawasaki_4,1984-12-04,kawasaki,4,https://www.keiba.go.jp/KeibaWeb/TodayRaceInfo/RaceMarkTable?k_raceDate=1984%2F12%2F04&k_raceNo=4&k_babaCode=21,data/cache/html/19841204_kawasaki_4.html
19841204_kawasaki_5,1984-12-04,kawasaki,5,https://www.keiba.go.jp/KeibaWeb/TodayRaceInfo/RaceMarkTable?k_raceDate=1984%2F12%2F04&k_raceNo=5&k_babaCode=21,data/cache/html/19841204_kawasaki_5.html
19841204_kawasaki_6,1984-12-04,kawasaki,6,https://www.keiba.go.jp/KeibaWeb/TodayRaceInfo/RaceMarkTable?k_raceDate=1984%2F12%2F04&k_raceNo=6&k_babaCode=21,data/cache/html/19841204_kawasaki_6.html
19841204_kawasaki_7,1984-12-04,kawasaki,7,https://www.keiba.go.jp/KeibaWeb/TodayRaceInfo/RaceMarkTable?k_raceDate=1984%2F12%2F04&k_raceNo=7&k_babaCode=21,data/cache/html/19841204_kawasaki_7.html
19841204_kawasaki_8,1984-12-04,kawasaki,8,https://www.keiba.go.jp/KeibaWeb/TodayRaceInfo/RaceMarkTable?k_raceDate=1984%2F12%2F04&k_raceNo=8&k_babaCode=21,data/cache/html/19841204_kawasaki_8.html
19841204_kawasaki_9,1984-12-04,kawasaki,9,https://www.keiba.go.jp/KeibaWeb/TodayRaceInfo/RaceMarkTable?k_raceDate=1984%2F12%2F04&k_raceNo=9&k_babaCode=21,data/cache/html/19841204_kawasaki_9.html
19841204_kawasaki_10,1984-12-04,kawasaki,10,https://www.keiba.go.jp/KeibaWeb/TodayRaceInfo/RaceMarkTable?k_raceDate=1984%2F12%2F04&k_raceNo=10&k_babaCode=21,data/cache/html/19841204_kawasaki_10.html
19841204_kawasaki_11,1984-12-04,kawasaki,11,https://www.keiba.go.jp/KeibaWeb/TodayRaceInfo/RaceMarkTable?k_raceDate=1984%2F12%2F04&k_raceNo=11&k_babaCode=21,data/cache/html/19841204_kawasaki_11.html
19841204_kawasaki_12,1984-12-04,kawasaki,12,https://www.keiba.go.jp/KeibaWeb/TodayRaceInfo/RaceMarkTable?k_raceDate=1984%2F12%2F04&k_raceNo=12&k_babaCode=21,data/cache/html/19841204_kawasaki_12.html
19841203_kawasaki_1,1984-12-03,kawasaki,1,https://www.keiba.go.jp/KeibaWeb/TodayRaceInfo/RaceMarkTable?k_raceDate=1984%2F12%2F03&k_raceNo=1&k_babaCode=21,data/cache/html/19841203_kawasaki_1.html
19841203_kawasaki_2,1984-12-03,kawasaki,2,https://www.keiba.go.jp/KeibaWeb/TodayRaceInfo/RaceMarkTable?k_raceDate=1984%2F12%2F03&k_raceNo=2&k_babaCode=21,data/cache/html/19841203_kawasaki_2.html
19841203_kawasaki_3,1984-12-03,kawasaki,3,https://www.keiba.go.jp/KeibaWeb/TodayRaceInfo/RaceMarkTable?k_raceDate=1984%2F12%2F03&k_raceNo=3&k_babaCode=21,data/cache/html/19841203_kawasaki_3.html
19841203_kawasaki_4,1984-12-03,kawasaki,4,https://www.keiba.go.jp/KeibaWeb/TodayRaceInfo/RaceMarkTable?k_raceDate=1984%2F12%2F03&k_raceNo=4&k_babaCode=21,data/cache/html/19841203_kawasaki_4.html
19841203_kawasaki_5,1984-12-03,kawasaki,5,https://www.keiba.go.jp/KeibaWeb/TodayRaceInfo/RaceMarkTable?k_raceDate=1984%2F12%2F03&k_raceNo=5&k_babaCode=21,data/cache/html/19841203_kawasaki_5.html
19841203_kawasaki_6,1984-12-03,kawasaki,6,https://www.keiba.go.jp/KeibaWeb/TodayRaceInfo/RaceMarkTable?k_raceDate=1984%2F12%2F03&k_raceNo=6&k_babaCode=21,data/cache/html/19841203_kawasaki_6.html
19841203_kawasaki_7,1984-12-03,kawasaki,7,https://www.keiba.go.jp/KeibaWeb/TodayRaceInfo/RaceMarkTable?k_raceDate=1984%2F12%2F03&k_raceNo=7&k_babaCode=21,data/cache/html/19841203_kawasaki_7.html
19841203_kawasaki_8,1984-12-03,kawasaki,8,https://www.keiba.go.jp/KeibaWeb/TodayRaceInfo/RaceMarkTable?k_raceDate=1984%2F12%2F03&k_raceNo=8&k_babaCode=21,data/cache/html/19841203_kawasaki_8.html
19841203_kawasaki_9,1984-12-03,kawasaki,9,https://www.keiba.go.jp/KeibaWeb/TodayRaceInfo/RaceMarkTable?k_raceDate=1984%2F12%2F03&k_raceNo=9&k_babaCode=21,data/cache/html/19841203_kawasaki_9.html
19841203_kawasaki_10,1984-12-03,kawasaki,10,https://www.keiba.go.jp/KeibaWeb/TodayRaceInfo/RaceMarkTable?k_raceDate=1984%2F12%2F03&k_raceNo=10&k_babaCode=21,data/cache/html/19841203_kawasaki_10.html
19841203_kawasaki_11,1984-12-03,kawasaki,11,https://www.keiba.go.jp/KeibaWeb/TodayRaceInfo/RaceMarkTable?k_raceDate=1984%2F12%2F03&k_raceNo=11&k_babaCode=21,data/cache/html/19841203_kawasaki_11.html
19841203_kawasaki_12,1984-12-03,kawasaki,12,https://www.keiba.go.jp/KeibaWeb/TodayRaceInfo/RaceMarkTable?k_raceDate=1984%2F12%2F03&k_raceNo=12&k_babaCode=21,data/cache/html/19841203_kawasaki_12.html
19841202_kawasaki_1,1984-12-02,kawasaki,1,https://www.keiba.go.jp/KeibaWeb/TodayRaceInfo/RaceMarkTable?k_raceDate=1984%2F12%2F02&k_raceNo=1&k_babaCode=21,data/cache/html/19841202_kawasaki_1.html
19841202_kawasaki_2,1984-12-02,kawasaki,2,https://www.keiba.go.jp/KeibaWeb/TodayRaceInfo/RaceMarkTable?k_raceDate=1984%2F12%2F02&k_raceNo=2&k_babaCode=21,data/cache/html/19841202_kawasaki_2.html
19841202_kawasaki_3,1984-12-02,kawasaki,3,https://www.keiba.go.jp/KeibaWeb/TodayRaceInfo/RaceMarkTable?k_raceDate=1984%2F12%2F02&k_raceNo=3&k_babaCode=21,data/cache/html/19841202_kawasaki_3.html
19841202_kawasaki_4,1984-12-02,kawasaki,4,https://www.keiba.go.jp/KeibaWeb/TodayRaceInfo/RaceMarkTable?k_raceDate=1984%2F12%2F02&k_raceNo=4&k_babaCode=21,data/cache/html/19841202_kawasaki_4.html
19841202_kawasaki_5,1984-12-02,kawasaki,5,https://www.keiba.go.jp/KeibaWeb/TodayRaceInfo/RaceMarkTable?k_raceDate=1984%2F12%2F02&k_raceNo=5&k_babaCode=21,data/cache/html/19841202_kawasaki_5.html
19841202_kawasaki_6,1984-12-02,kawasaki,6,https://www.keiba.go.jp/KeibaWeb/TodayRaceInfo/RaceMarkTable?k_raceDate=1984%2F12%2F02&k_raceNo=6&k_babaCode=21,data/cache/html/19841202_kawasaki_6.html
19841202_kawasaki_7,1984-12-02,kawasaki,7,https://www.keiba.go.jp/KeibaWeb/TodayRaceInfo/RaceMarkTable?k_raceDate=1984%2F12%2F02&k_raceNo=7&k_babaCode=21,data/cache/html/19841202_kawasaki_7.html
19841202_kawasaki_8,1984-12-02,kawasaki,8,https://www.keiba.go.jp/KeibaWeb/TodayRaceInfo/RaceMarkTable?k_raceDate=1984%2F12%2F02&k_raceNo=8&k_babaCode=21,data/cache/html/19841202_kawasaki_8.html
19841202_kawasaki_9,1984-12-02,kawasaki,9,https://www.keiba.go.jp/KeibaWeb/TodayRaceInfo/RaceMarkTable?k_raceDate=1984%2F12%2F02&k_raceNo=9&k_babaCode=21,data/cache/html/19841202_kawasaki_9.html
19841202_kawasaki_10,1984-12-02,kawasaki,10,https://www.keiba.go.jp/KeibaWeb/TodayRaceInfo/RaceMarkTable?k_raceDate=1984%2F12%2F02&k_raceNo=10&k_babaCode=21,data/cache/html/19841202_kawasaki_10.html
19841202_kawasaki_11,1984-12-02,kawasaki,11,https://www.keiba.go.jp/KeibaWeb/TodayRaceInfo/RaceMarkTable?k_raceDate=1984%2F12%2F02&k_raceNo=11&k_babaCode=21,data/cache/html/19841202_kawasaki_11.html
19841202_kawasaki_12,1984-12-02,kawasaki,12,https://www.keiba.go.jp/KeibaWeb/TodayRaceInfo/RaceMarkTable?k_raceDate=1984%2F12%2F02&k_raceNo=12&k_babaCode=21,data/cache/html/19841202_kawasaki_12.html
19841201_kawasaki_1,1984-12-01,kawasaki,1,https://www.keiba.go.jp/KeibaWeb/TodayRaceInfo/RaceMarkTable?k_raceDate=1984%2F12%2F01&k_raceNo=1&k_babaCode=21,data/cache/html/19841201_kawasaki_1.html
19841201_kawasaki_2,1984-12-01,kawasaki,2,https://www.keiba.go.jp/KeibaWeb/TodayRaceInfo/RaceMarkTable?k_raceDate=1984%2F12%2F01&k_raceNo=2&k_babaCode=21,data/cache/html/19841201_kawasaki_2.html
19841201_kawasaki_3,1984-12-01,kawasaki,3,https://www.keiba.go.jp/KeibaWeb/TodayRaceInfo/RaceMarkTable?k_raceDate=1984%2F12%2F01&k_raceNo=3&k_babaCode=21,data/cache/html/19841201_kawasaki_3.html
19841201_kawasaki_4,1984-12-01,kawasaki,4,https://www.keiba.go.jp/KeibaWeb/TodayRaceInfo/RaceMarkTable?k_raceDate=1984%2F12%2F01&k_raceNo=4&k_babaCode=21,data/cache/html/19841201_kawasaki_4.html
19841201_kawasaki_5,1984-12-01,kawasaki,5,https://www.keiba.go.jp/KeibaWeb/TodayRaceInfo/RaceMarkTable?k_raceDate=1984%2F12%2F01&k_raceNo=5&k_babaCode=21,data/cache/html/19841201_kawasaki_5.html
19841201_kawasaki_6,1984-12-01,kawasaki,6,https://www.keiba.go.jp/KeibaWeb/TodayRaceInfo/RaceMarkTable?k_raceDate=1984%2F12%2F01&k_raceNo=6&k_babaCode=21,data/cache/html/19841201_kawasaki_6.html
19841201_kawasaki_7,1984-12-01,kawasaki,7,https://www.keiba.go.jp/KeibaWeb/TodayRaceInfo/RaceMarkTable?k_raceDate=1984%2F12%2F01&k_raceNo=7&k_babaCode=21,data/cache/html/19841201_kawasaki_7.html
19841201_kawasaki_8,1984-12-01,kawasaki,8,https://www.keiba.go.jp/KeibaWeb/TodayRaceInfo/RaceMarkTable?k_raceDate=1984%2F12%2F01&k_raceNo=8&k_babaCode=21,data/cache/html/19841201_kawasaki_8.html
19841201_kawasaki_9,1984-12-01,kawasaki,9,https://www.keiba.go.jp/KeibaWeb/TodayRaceInfo/RaceMarkTable?k_raceDate=1984%2F12%2F01&k_raceNo=9&k_babaCode=21,data/cache/html/19841201_kawasaki_9.html
19841201_kawasaki_10,1984-12-01,kawasaki,10,https://www.keiba.go.jp/KeibaWeb/TodayRaceInfo/RaceMarkTable?k_raceDate=1984%2F12%2F01&k_raceNo=10&k_babaCode=21,data/cache/html/19841201_kawasaki_10.html
19841201_kawasaki_11,1984-12-01,kawasaki,11,https://www.keiba.go.jp/KeibaWeb/TodayRaceInfo/RaceMarkTable?k_raceDate=1984%2F12%2F01&k_raceNo=11&k_babaCode=21,data/cache/html/19841201_kawasaki_11.html
19841201_kawasaki_12,1984-12-01,kawasaki,12,https://www.keiba.go.jp/KeibaWeb/TodayRaceInfo/RaceMarkTable?k_raceDate=1984%2F12%2F01&k_raceNo=12&k_babaCode=21,data/cache/html/19841201_kawasaki_12.html
19841130_kawasaki_1,1984-11-30,kawasaki,1,https://www.keiba.go.jp/KeibaWeb/TodayRaceInfo/RaceMarkTable?k_raceDate=1984%2F11%2F30&k_raceNo=1&k_babaCode=21,data/cache/html/19841130_kawasaki_1.html
19841130_kawasaki_2,1984-11-30,kawasaki,2,https://www.keiba.go.jp/KeibaWeb/TodayRaceInfo/RaceMarkTable?k_raceDate=1984%2F11%2F30&k_raceNo=2&k_babaCode=21,data/cache/html/19841130_kawasaki_2.html
19841130_kawasaki_3,1984-11-30,kawasaki,3,https://www.keiba.go.jp/KeibaWeb/TodayRaceInfo/RaceMarkTable?k_raceDate=1984%2F11%2F30&k_raceNo=3&k_babaCode=21,data/cache/html/19841130_kawasaki_3.html
19841130_kawasaki_4,1984-11-30,kawasaki,4,https://www.keiba.go.jp/KeibaWeb/TodayRaceInfo/RaceMarkTable?k_raceDate=1984%2F11%2F30&k_raceNo=4&k_babaCode=21,data/cache/html/19841130_kawasaki_4.html
19841130_kawasaki_5,1984-11-30,kawasaki,5,https://www.keiba.go.jp/KeibaWeb/TodayRaceInfo/RaceMarkTable?k_raceDate=1984%2F11%2F30&k_raceNo=5&k_babaCode=21,data/cache/html/19841130_kawasaki_5.html
19841130_kawasaki_6,1984-11-30,kawasaki,6,https://www.keiba.go.jp/KeibaWeb/TodayRaceInfo/RaceMarkTable?k_raceDate=1984%2F11%2F30&k_raceNo=6&k_babaCode=21,data/cache/html/19841130_kawasaki_6.html
19841130_kawasaki_7,1984-11-30,kawasaki,7,https://www.keiba.go.jp/KeibaWeb/TodayRaceInfo/RaceMarkTable?k_raceDate=1984%2F11%2F30&k_raceNo=7&k_babaCode=21,data/cache/html/19841130_kawasaki_7.html
19841130_kawasaki_8,1984-11-30,kawasaki,8,https://www.keiba.go.jp/KeibaWeb/TodayRaceInfo/RaceMarkTable?k_raceDate=1984%2F11%2F30&k_raceNo=8&k_babaCode=21,data/cache/html/19841130_kawasaki_8.html
19841130_kawasaki_9,1984-11-30,kawasaki,9,https://www.keiba.go.jp/KeibaWeb/TodayRaceInfo/RaceMarkTable?k_raceDate=1984%2F11%2F30&k_raceNo=9&k_babaCode=21,data/cache/html/19841130_kawasaki_9.html
19841130_kawasaki_10,1984-11-30,kawasaki,10,https://www.keiba.go.jp/KeibaWeb/TodayRaceInfo/RaceMarkTable?k_raceDate=1984%2F11%2F30&k_raceNo=10&k_babaCode=21,data/cache/html/19841130_kawasaki_10.html
19841130_kawasaki_11,1984-11-30,kawasaki,11,https://www.keiba.go.jp/KeibaWeb/TodayRaceInfo/RaceMarkTable?k_raceDate=1984%2F11%2F30&k_raceNo=11&k_babaCode=21,data/cache/html/19841130_kawasaki_11.html
19841130_kawasaki_12,1984-11-30,kawasaki,12,https://www.keiba.go.jp/KeibaWeb/TodayRaceInfo/RaceMarkTable?k_raceDate=1984%2F11%2F30&k_raceNo=12&k_babaCode=21,data/cache/html/19841130_kawasaki_12.html
19841129_kawasaki_1,1984-11-29,kawasaki,1,https://www.keiba.go.jp/KeibaWeb/TodayRaceInfo/RaceMarkTable?k_raceDate=1984%2F11%2F29&k_raceNo=1&k_babaCode=21,data/cache/html/19841129_kawasaki_1.html
19841129_kawasaki_2,1984-11-29,kawasaki,2,https://www.keiba.go.jp/KeibaWeb/TodayRaceInfo/RaceMarkTable?k_raceDate=1984%2F11%2F29&k_raceNo=2&k_babaCode=21,data/cache/html/19841129_kawasaki_2.html
19841129_kawasaki_3,1984-11-29,kawasaki,3,https://www.keiba.go.jp/KeibaWeb/TodayRaceInfo/RaceMarkTable?k_raceDate=1984%2F11%2F29&k_raceNo=3&k_babaCode=21,data/cache/html/19841129_kawasaki_3.html
19841129_kawasaki_4,1984-11-29,kawasaki,4,https://www.keiba.go.jp/KeibaWeb/TodayRaceInfo/RaceMarkTable?k_raceDate=1984%2F11%2F29&k_raceNo=4&k_babaCode=21,data/cache/html/19841129_kawasaki_4.html
19841129_kawasaki_5,1984-11-29,kawasaki,5,https://www.keiba.go.jp/KeibaWeb/TodayRaceInfo/RaceMarkTable?k_raceDate=1984%2F11%2F29&k_raceNo=5&k_babaCode=21,data/cache/html/19841129_kawasaki_5.html
19841129_kawasaki_6,1984-11-29,kawasaki,6,https://www.keiba.go.jp/KeibaWeb/TodayRaceInfo/RaceMarkTable?k_raceDate=1984%2F11%2F29&k_raceNo=6&k_babaCode=21,data/cache/html/19841129_kawasaki_6.html
19841129_kawasaki_7,1984-11-29,kawasaki,7,https://www.keiba.go.jp/KeibaWeb/TodayRaceInfo/RaceMarkTable?k_raceDate=1984%2F11%2F29&k_raceNo=7&k_babaCode=21,data/cache/html/19841129_kawasaki_7.html
19841129_kawasaki_8,1984-11-29,kawasaki,8,https://www.keiba.go.jp/KeibaWeb/TodayRaceInfo/RaceMarkTable?k_raceDate=1984%2F11%2F29&k_raceNo=8&k_babaCode=21,data/cache/html/19841129_kawasaki_8.html
19841129_kawasaki_9,1984-11-29,kawasaki,9,https://www.keiba.go.jp/KeibaWeb/TodayRaceInfo/RaceMarkTable?k_raceDate=1984%2F11%2F29&k_raceNo=9&k_babaCode=21,data/cache/html/19841129_kawasaki_9.html
19841129_kawasaki_10,1984-11-29,kawasaki,10,https://www.keiba.go.jp/KeibaWeb/TodayRaceInfo/RaceMarkTable?k_raceDate=1984%2F11%2F29&k_raceNo=10&k_babaCode=21,data/cache/html/19841129_kawasaki_10.html
19841129_kawasaki_11,1984-11-29,kawasaki,11,https://www.keiba.go.jp/KeibaWeb/TodayRaceInfo/RaceMarkTable?k_raceDate=1984%2F11%2F29&k_raceNo=11&k_babaCode=21,data/cache/html/19841129_kawasaki_11.html
19841129_kawasaki_12,1984-11-29,kawasaki,12,https://www.keiba.go.jp/KeibaWeb/TodayRaceInfo/RaceMarkTable?k_raceDate=1984%2F11%2F29&k_raceNo=12&k_babaCode=21,data/cache/html/19841129_kawasaki_12.html
19841128_kawasaki_1,1984-11-28,kawasaki,1,https://www.keiba.go.jp/KeibaWeb/TodayRaceInfo/RaceMarkTable?k_raceDate=1984%2F11%2F28&k_raceNo=1&k_babaCode=21,data/cache/html/19841128_kawasaki_1.html
19841128_kawasaki_2,1984-11-28,kawasaki,2,https://www.keiba.go.jp/KeibaWeb/TodayRaceInfo/RaceMarkTable?k_raceDate=1984%2F11%2F28&k_raceNo=2&k_babaCode=21,data/cache/html/19841128_kawasaki_2.html
19841128_kawasaki_3,1984-11-28,kawasaki,3,https://www.keiba.go.jp/KeibaWeb/TodayRaceInfo/RaceMarkTable?k_raceDate=1984%2F11%2F28&k_raceNo=3&k_babaCode=21,data/cache/html/19841128_kawasaki_3.html
19841128_kawasaki_4,1984-11-28,kawasaki,4,https://www.keiba.go.jp/KeibaWeb/TodayRaceInfo/RaceMarkTable?k_raceDate=1984%2F11%2F28&k_raceNo=4&k_babaCode=21,data/cache/html/19841128_kawasaki_4.html
19841128_kawasaki_5,1984-11-28,kawasaki,5,https://www.keiba.go.jp/KeibaWeb/TodayRaceInfo/RaceMarkTable?k_raceDate=1984%2F11%2F28&k_raceNo=5&k_babaCode=21,data/cache/html/19841128_kawasaki_5.html
19841128_kawasaki_6,1984-11-28,kawasaki,6,https://www.keiba.go.jp/KeibaWeb/TodayRaceInfo/RaceMarkTable?k_raceDate=1984%2F11%2F28&k_raceNo=6&k_babaCode=21,data/cache/html/19841128_kawasaki_6.html
19841128_kawasaki_7,1984-11-28,kawasaki,7,https://www.keiba.go.jp/KeibaWeb/TodayRaceInfo/RaceMarkTable?k_raceDate=1984%2F11%2F28&k_raceNo=7&k_babaCode=21,data/cache/html/19841128_kawasaki_7.html
19841128_kawasaki_8,1984-11-28,kawasaki,8,https://www.keiba.go.jp/KeibaWeb/TodayRaceInfo/RaceMarkTable?k_raceDate=1984%2F11%2F28&k_raceNo=8&k_babaCode=21,data/cache/html/19841128_kawasaki_8.html
19841128_kawasaki_9,1984-11-28,kawasaki,9,https://www.keiba.go.jp/KeibaWeb/TodayRaceInfo/RaceMarkTable?k_raceDate=1984%2F11%2F28&k_raceNo=9&k_babaCode=21,data/cache/html/19841128_kawasaki_9.html
19841128_kawasaki_10,1984-11-28,kawasaki,10,https://www.keiba.go.jp/KeibaWeb/TodayRaceInfo/RaceMarkTable?k_raceDate=1984%2F11%2F28&k_raceNo=10&k_babaCode=21,data/cache/html/19841128_kawasaki_10.html
19841128_kawasaki_11,1984-11-28,kawasaki,11,https://www.keiba.go.jp/KeibaWeb/TodayRaceInfo/RaceMarkTable?k_raceDate=1984%2F11%2F28&k_raceNo=11&k_babaCode=21,data/cache/html/19841128_kawasaki_11.html
19841128_kawasaki_12,1984-11-28,kawasaki,12,https://www.keiba.go.jp/KeibaWeb/TodayRaceInfo/RaceMarkTable?k_raceDate=1984%2F11%2F28&k_raceNo=12&k_babaCode=21,data/cache/html/19841128_kawasaki_12.html
19841127_kawasaki_1,1984-11-27,kawasaki,1,https://www.keiba.go.jp/KeibaWeb/TodayRaceInfo/RaceMarkTable?k_raceDate=1984%2F11%2F27&k_raceNo=1&k_babaCode=21,data/cache/html/19841127_kawasaki_1.html
19841127_kawasaki_2,1984-11-27,kawasaki,2,https://www.keiba.go.jp/KeibaWeb/TodayRaceInfo/RaceMarkTable?k_raceDate=1984%2F11%2F27&k_raceNo=2&k_babaCode=21,data/cache/html/19841127_kawasaki_2.html
19841127_kawasaki_3,1984-11-27,kawasaki,3,https://www.keiba.go.jp/KeibaWeb/TodayRaceInfo/RaceMarkTable?k_raceDate=1984%2F11%2F27&k_raceNo=3&k_babaCode=21,data/cache/html/19841127_kawasaki_3.html
19841127_kawasaki_4,1984-11-27,kawasaki,4,https://www.keiba.go.jp/KeibaWeb/TodayRaceInfo/RaceMarkTable?k_raceDate=1984%2F11%2F27&k_raceNo=4&k_babaCode=21,data/cache/html/19841127_kawasaki_4.html
19841127_kawasaki_5,1984-11-27,kawasaki,5,https://www.keiba.go.jp/KeibaWeb/TodayRaceInfo/RaceMarkTable?k_raceDate=1984%2F11%2F27&k_raceNo=5&k_babaCode=21,data/cache/html/19841127_kawasaki_5.html
19841127_kawasaki_6,1984-11-27,kawasaki,6,https://www.keiba.go.jp/KeibaWeb/TodayRaceInfo/RaceMarkTable?k_raceDate=1984%2F11%2F27&k_raceNo=6&k_babaCode=21,data/cache/html/19841127_kawasaki_6.html
19841127_kawasaki_7,1984-11-27,kawasaki,7,https://www.keiba.go.jp/KeibaWeb/TodayRaceInfo/RaceMarkTable?k_raceDate=1984%2F11%2F27&k_raceNo=7&k_babaCode=21,data/cache/html/19841127_kawasaki_7.html
19841127_kawasaki_8,1984-11-27,kawasaki,8,https://www.keiba.go.jp/KeibaWeb/TodayRaceInfo/RaceMarkTable?k_raceDate=1984%2F11%2F27&k_raceNo=8&k_babaCode=21,data/cache/html/19841127_kawasaki_8.html
19841127_kawasaki_9,1984-11-27,kawasaki,9,https://www.keiba.go.jp/KeibaWeb/TodayRaceInfo/RaceMarkTable?k_raceDate=1984%2F11%2F27&k_raceNo=9&k_babaCode=21,data/cache/html/19841127_kawasaki_9.html
19841127_kawasaki_10,1984-11-27,kawasaki,10,https://www.keiba.go.jp/KeibaWeb/TodayRaceInfo/RaceMarkTable?k_raceDate=1984%2F11%2F27&k_raceNo=10&k_babaCode=21,data/cache/html/19841127_kawasaki_10.html
19841127_kawasaki_11,1984-11-27,kawasaki,11,https://www.keiba.go.jp/KeibaWeb/TodayRaceInfo/RaceMarkTable?k_raceDate=1984%2F11%2F27&k_raceNo=11&k_babaCode=21,data/cache/html/19841127_kawasaki_11.html
19841127_kawasaki_12,1984-11-27,kawasaki,12,https://www.keiba.go.jp/KeibaWeb/TodayRaceInfo/RaceMarkTable?k_raceDate=1984%2F11%2F27&k_raceNo=12&k_babaCode=21,data/cache/html/19841127_kawasaki_12.html
19841126_kawasaki_1,1984-11-26,kawasaki,1,https://www.keiba.go.jp/KeibaWeb/TodayRaceInfo/RaceMarkTable?k_raceDate=1984%2F11%2F26&k_raceNo=1&k_babaCode=21,data/cache/html/19841126_kawasaki_1.html
19841126_kawasaki_2,1984-11-26,kawasaki,2,https://www.keiba.go.jp/KeibaWeb/TodayRaceInfo/RaceMarkTable?k_raceDate=1984%2F11%2F26&k_raceNo=2&k_babaCode=21,data/cache/html/19841126_kawasaki_2.html
19841126_kawasaki_3,1984-11-26,kawasaki,3,https://www.keiba.go.jp/KeibaWeb/TodayRaceInfo/RaceMarkTable?k_raceDate=1984%2F11%2F26&k_raceNo=3&k_babaCode=21,data/cache/html/19841126_kawasaki_3.html
19841126_kawasaki_4,1984-11-26,kawasaki,4,https://www.keiba.go.jp/KeibaWeb/TodayRaceInfo/RaceMarkTable?k_raceDate=1984%2F11%2F26&k_raceNo=4&k_babaCode=21,data/cache/html/19841126_kawasaki_4.html
19841126_kawasaki_5,1984-11-26,kawasaki,5,https://www.keiba.go.jp/KeibaWeb/TodayRaceInfo/RaceMarkTable?k_raceDate=1984%2F11%2F26&k_raceNo=5&k_babaCode=21,data/cache/html/19841126_kawasaki_5.html
19841126_kawasaki_6,1984-11-26,kawasaki,6,https://www.keiba.go.jp/KeibaWeb/TodayRaceInfo/RaceMarkTable?k_raceDate=1984%2F11%2F26&k_raceNo=6&k_babaCode=21,data/cache/html/19841126_kawasaki_6.html
19841126_kawasaki_7,1984-11-26,kawasaki,7,https://www.keiba.go.jp/KeibaWeb/TodayRaceInfo/RaceMarkTable?k_raceDate=1984%2F11%2F26&k_raceNo=7&k_babaCode=21,data/cache/html/19841126_kawasaki_7.html
19841126_kawasaki_8,1984-11-26,kawasaki,8,https://www.keiba.go.jp/KeibaWeb/TodayRaceInfo/RaceMarkTable?k_raceDate=1984%2F11%2F26&k_raceNo=8&k_babaCode=21,data/cache/html/19841126_kawasaki_8.html
19841126_kawasaki_9,1984-11-26,kawasaki,9,https://www.keiba.go.jp/KeibaWeb/TodayRaceInfo/RaceMarkTable?k_raceDate=1984%2F11%2F26&k_raceNo=9&k_babaCode=21,data/cache/html/19841126_kawasaki_9.html
19841126_kawasaki_10,1984-11-26,kawasaki,10,https://www.keiba.go.jp/KeibaWeb/TodayRaceInfo/RaceMarkTable?k_raceDate=1984%2F11%2F26&k_raceNo=10&k_babaCode=21,data/cache/html/19841126_kawasaki_10.html
19841126_kawasaki_11,1984-11-26,kawasaki,11,https://www.keiba.go.jp/KeibaWeb/TodayRaceInfo/RaceMarkTable?k_raceDate=1984%2F11%2F26&k_raceNo=11&k_babaCode=21,data/cache/html/19841126_kawasaki_11.html
19841126_kawasaki_12,1984-11-26,kawasaki,12,https://www.keiba.go.jp/KeibaWeb/TodayRaceInfo/RaceMarkTable?k_raceDate=1984%2F11%2F26&k_raceNo=12&k_babaCode=21,data/cache/html/19841126_kawasaki_12.html
19841125_kawasaki_1,1984-11-25,kawasaki,1,https://www.keiba.go.jp/KeibaWeb/TodayRaceInfo/RaceMarkTable?k_raceDate=1984%2F11%2F25&k_raceNo=1&k_babaCode=21,data/cache/html/19841125_kawasaki_1.html
19841125_kawasaki_2,1984-11-25,kawasaki,2,https://www.keiba.go.jp/KeibaWeb/TodayRaceInfo/RaceMarkTable?k_raceDate=1984%2F11%2F25&k_raceNo=2&k_babaCode=21,data/cache/html/19841125_kawasaki_2.html
19841125_kawasaki_3,1984-11-25,kawasaki,3,https://www.keiba.go.jp/KeibaWeb/TodayRaceInfo/RaceMarkTable?k_raceDate=1984%2F11%2F25&k_raceNo=3&k_babaCode=21,data/cache/html/19841125_kawasaki_3.html
19841125_kawasaki_4,1984-11-25,kawasaki,4,https://www.keiba.go.jp/KeibaWeb/TodayRaceInfo/RaceMarkTable?k_raceDate=1984%2F11%2F25&k_raceNo=4&k_babaCode=21,data/cache/html/19841125_kawasaki_4.html
19841125_kawasaki_5,1984-11-25,kawasaki,5,https://www.keiba.go.jp/KeibaWeb/TodayRaceInfo/RaceMarkTable?k_raceDate=1984%2F11%2F25&k_raceNo=5&k_babaCode=21,data/cache/html/19841125_kawasaki_5.html
19841125_kawasaki_6,1984-11-25,kawasaki,6,https://www.keiba.go.jp/KeibaWeb/TodayRaceInfo/RaceMarkTable?k_raceDate=1984%2F11%2F25&k_raceNo=6&k_babaCode=21,data/cache/html/19841125_kawasaki_6.html
19841125_kawasaki_7,1984-11-25,kawasaki,7,https://www.keiba.go.jp/KeibaWeb/TodayRaceInfo/RaceMarkTable?k_raceDate=1984%2F11%2F25&k_raceNo=7&k_babaCode=21,data/cache/html/19841125_kawasaki_7.html
19841125_kawasaki_8,1984-11-25,kawasaki,8,https://www.keiba.go.jp/KeibaWeb/TodayRaceInfo/RaceMarkTable?k_raceDate=1984%2F11%2F25&k_raceNo=8&k_babaCode=21,data/cache/html/19841125_kawasaki_8.html
19841125_kawasaki_9,1984-11-25,kawasaki,9,https://www.keiba.go.jp/KeibaWeb/TodayRaceInfo/RaceMarkTable?k_raceDate=1984%2F11%2F25&k_raceNo=9&k_babaCode=21,data/cache/html/19841125_kawasaki_9.html
19841125_kawasaki_10,1984-11-25,kawasaki,10,https://www.keiba.go.jp/KeibaWeb/TodayRaceInfo/RaceMarkTable?k_raceDate=1984%2F11%2F25&k_raceNo=10&k_babaCode=21,data/cache/html/19841125_kawasaki_10.html
19841125_kawasaki_11,1984-11-25,kawasaki,11,https://www.keiba.go.jp/KeibaWeb/TodayRaceInfo/RaceMarkTable?k_raceDate=1984%2F11%2F25&k_raceNo=11&k_babaCode=21,data/cache/html/19841125_kawasaki_11.html
19841125_kawasaki_12,1984-11-25,kawasaki,12,https://www.keiba.go.jp/KeibaWeb/TodayRaceInfo/RaceMarkTable?k_raceDate=1984%2F11%2F25&k_raceNo=12&k_babaCode=21,data/cache/html/19841125_kawasaki_12.html
19841124_kawasaki_1,1984-11-24,kawasaki,1,https://www.keiba.go.jp/KeibaWeb/TodayRaceInfo/RaceMarkTable?k_raceDate=1984%2F11%2F24&k_raceNo=1&k_babaCode=21,data/cache/html/19841124_kawasaki_1.html
19841124_kawasaki_2,1984-11-24,kawasaki,2,https://www.keiba.go.jp/KeibaWeb/TodayRaceInfo/RaceMarkTable?k_raceDate=1984%2F11%2F24&k_raceNo=2&k_babaCode=21,data/cache/html/19841124_kawasaki_2.html
19841124_kawasaki_3,1984-11-24,kawasaki,3,https://www.keiba.go.jp/KeibaWeb/TodayRaceInfo/RaceMarkTable?k_raceDate=1984%2F11%2F24&k_raceNo=3&k_babaCode=21,data/cache/html/19841124_kawasaki_3.html
19841124_kawasaki_4,1984-11-24,kawasaki,4,https://www.keiba.go.jp/KeibaWeb/TodayRaceInfo/RaceMarkTable?k_raceDate=1984%2F11%2F24&k_raceNo=4&k_babaCode=21,data/cache/html/19841124_kawasaki_4.html
19841124_kawasaki_5,1984-11-24,kawasaki,5,https://www.keiba.go.jp/KeibaWeb/TodayRaceInfo/RaceMarkTable?k_raceDate=1984%2F11%2F24&k_raceNo=5&k_babaCode=21,data/cache/html/19841124_kawasaki_5.html
19841124_kawasaki_6,1984-11-24,kawasaki,6,https://www.keiba.go.jp/KeibaWeb/TodayRaceInfo/RaceMarkTable?k_raceDate=1984%2F11%2F24&k_raceNo=6&k_babaCode=21,data/cache/html/19841124_kawasaki_6.html
19841124_kawasaki_7,1984-11-24,kawasaki,7,https://www.keiba.go.jp/KeibaWeb/TodayRaceInfo/RaceMarkTable?k_raceDate=1984%2F11%2F24&k_raceNo=7&k_babaCode=21,data/cache/html/19841124_kawasaki_7.html
19841124_kawasaki_8,1984-11-24,kawasaki,8,https://www.keiba.go.jp/KeibaWeb/TodayRaceInfo/RaceMarkTable?k_raceDate=1984%2F11%2F24&k_raceNo=8&k_babaCode=21,data/cache/html/19841124_kawasaki_8.html
19841124_kawasaki_9,1984-11-24,kawasaki,9,https://www.keiba.go.jp/KeibaWeb/TodayRaceInfo/RaceMarkTable?k_raceDate=1984%2F11%2F24&k_raceNo=9&k_babaCode=21,data/cache/html/19841124_kawasaki_9.html
19841124_kawasaki_10,1984-11-24,kawasaki,10,https://www.keiba.go.jp/KeibaWeb/TodayRaceInfo/RaceMarkTable?k_raceDate=1984%2F11%2F24&k_raceNo=10&k_babaCode=21,data/cache/html/19841124_kawasaki_10.html
19841124_kawasaki_11,1984-11-24,kawasaki,11,https://www.keiba.go.jp/KeibaWeb/TodayRaceInfo/RaceMarkTable?k_raceDate=1984%2F11%2F24&k_raceNo=11&k_babaCode=21,data/cache/html/19841124_kawasaki_11.html
19841124_kawasaki_12,1984-11-24,kawasaki,12,https://www.keiba.go.jp/KeibaWeb/TodayRaceInfo/RaceMarkTable?k_raceDate=1984%2F11%2F24&k_raceNo=12&k_babaCode=21,data/cache/html/19841124_kawasaki_12.html
19841123_kawasaki_1,1984-11-23,kawasaki,1,https://www.keiba.go.jp/KeibaWeb/TodayRaceInfo/RaceMarkTable?k_raceDate=1984%2F11%2F23&k_raceNo=1&k_babaCode=21,data/cache/html/19841123_kawasaki_1.html
19841123_kawasaki_2,1984-11-23,kawasaki,2,https://www.keiba.go.jp/KeibaWeb/TodayRaceInfo/RaceMarkTable?k_raceDate=1984%2F11%2F23&k_raceNo=2&k_babaCode=21,data/cache/html/19841123_kawasaki_2.html
19841123_kawasaki_3,1984-11-23,kawasaki,3,https://www.keiba.go.jp/KeibaWeb/TodayRaceInfo/RaceMarkTable?k_raceDate=1984%2F11%2F23&k_raceNo=3&k_babaCode=21,data/cache/html/19841123_kawasaki_3.html
19841123_kawasaki_4,1984-11-23,kawasaki,4,https://www.keiba.go.jp/KeibaWeb/TodayRaceInfo/RaceMarkTable?k_raceDate=1984%2F11%2F23&k_raceNo=4&k_babaCode=21,data/cache/html/19841123_kawasaki_4.html
19841123_kawasaki_5,1984-11-23,kawasaki,5,https://www.keiba.go.jp/KeibaWeb/TodayRaceInfo/RaceMarkTable?k_raceDate=1984%2F11%2F23&k_raceNo=5&k_babaCode=21,data/cache/html/19841123_kawasaki_5.html
19841123_kawasaki_6,1984-11-23,kawasaki,6,https://www.keiba.go.jp/KeibaWeb/TodayRaceInfo/RaceMarkTable?k_raceDate=1984%2F11%2F23&k_raceNo=6&k_babaCode=21,data/cache/html/19841123_kawasaki_6.html
19841123_kawasaki_7,1984-11-23,kawasaki,7,https://www.keiba.go.jp/KeibaWeb/TodayRaceInfo/RaceMarkTable?k_raceDate=1984%2F11%2F23&k_raceNo=7&k_babaCode=21,data/cache/html/19841123_kawasaki_7.html
19841123_kawasaki_8,1984-11-23,kawasaki,8,https://www.keiba.go.jp/KeibaWeb/TodayRaceInfo/RaceMarkTable?k_raceDate=1984%2F11%2F23&k_raceNo=8&k_babaCode=21,data/cache/html/19841123_kawasaki_8.html
19841123_kawasaki_9,1984-11-23,kawasaki,9,https://www.keiba.go.jp/KeibaWeb/TodayRaceInfo/RaceMarkTable?k_raceDate=1984%2F11%2F23&k_raceNo=9&k_babaCode=21,data/cache/html/19841123_kawasaki_9.html
19841123_kawasaki_10,1984-11-23,kawasaki,10,https://www.keiba.go.jp/KeibaWeb/TodayRaceInfo/RaceMarkTable?k_raceDate=1984%2F11%2F23&k_raceNo=10&k_babaCode=21,data/cache/html/19841123_kawasaki_10.html
19841123_kawasaki_11,1984-11-23,kawasaki,11,https://www.keiba.go.jp/KeibaWeb/TodayRaceInfo/RaceMarkTable?k_raceDate=1984%2F11%2F23&k_raceNo=11&k_babaCode=21,data/cache/html/19841123_kawasaki_11.html
19841123_kawasaki_12,1984-11-23,kawasaki,12,https://www.keiba.go.jp/KeibaWeb/TodayRaceInfo/RaceMarkTable?k_raceDate=1984%2F11%2F23&k_raceNo=12&k_babaCode=21,data/cache/html/19841123_kawasaki_12.html
19841122_kawasaki_1,1984-11-22,kawasaki,1,https://www.keiba.go.jp/KeibaWeb/TodayRaceInfo/RaceMarkTable?k_raceDate=1984%2F11%2F22&k_raceNo=1&k_babaCode=21,data/cache/html/19841122_kawasaki_1.html
19841122_kawasaki_2,1984-11-22,kawasaki,2,https://www.keiba.go.jp/KeibaWeb/TodayRaceInfo/RaceMarkTable?k_raceDate=1984%2F11%2F22&k_raceNo=2&k_babaCode=21,data/cache/html/19841122_kawasaki_2.html
19841122_kawasaki_3,1984-11-22,kawasaki,3,https://www.keiba.go.jp/KeibaWeb/TodayRaceInfo/RaceMarkTable?k_raceDate=1984%2F11%2F22&k_raceNo=3&k_babaCode=21,data/cache/html/19841122_kawasaki_3.html
19841122_kawasaki_4,1984-11-22,kawasaki,4,https://www.keiba.go.jp/KeibaWeb/TodayRaceInfo/RaceMarkTable?k_raceDate=1984%2F11%2F22&k_raceNo=4&k_babaCode=21,data/cache/html/19841122_kawasaki_4.html
19841122_kawasaki_5,1984-11-22,kawasaki,5,https://www.keiba.go.jp/KeibaWeb/TodayRaceInfo/RaceMarkTable?k_raceDate=1984%2F11%2F22&k_raceNo=5&k_babaCode=21,data/cache/html/19841122_kawasaki_5.html
19841122_kawasaki_6,1984-11-22,kawasaki,6,https://www.keiba.go.jp/KeibaWeb/TodayRaceInfo/RaceMarkTable?k_raceDate=1984%2F11%2F22&k_raceNo=6&k_babaCode=21,data/cache/html/19841122_kawasaki_6.html
19841122_kawasaki_7,1984-11-22,kawasaki,7,https://www.keiba.go.jp/KeibaWeb/TodayRaceInfo/RaceMarkTable?k_raceDate=1984%2F11%2F22&k_raceNo=7&k_babaCode=21,data/cache/html/19841122_kawasaki_7.html
19841122_kawasaki_8,1984-11-22,kawasaki,8,https://www.keiba.go.jp/KeibaWeb/TodayRaceInfo/RaceMarkTable?k_raceDate=1984%2F11%2F22&k_raceNo=8&k_babaCode=21,data/cache/html/19841122_kawasaki_8.html
19841122_kawasaki_9,1984-11-22,kawasaki,9,https://www.keiba.go.jp/KeibaWeb/TodayRaceInfo/RaceMarkTable?k_raceDate=1984%2F11%2F22&k_raceNo=9&k_babaCode=21,data/cache/html/19841122_kawasaki_9.html
19841122_kawasaki_10,1984-11-22,kawasaki,10,https://www.keiba.go.jp/KeibaWeb/TodayRaceInfo/RaceMarkTable?k_raceDate=1984%2F11%2F22&k_raceNo=10&k_babaCode=21,data/cache/html/19841122_kawasaki_10.html
19841122_kawasaki_11,1984-11-22,kawasaki,11,https://www.keiba.go.jp/KeibaWeb/TodayRaceInfo/RaceMarkTable?k_raceDate=1984%2F11%2F22&k_raceNo=11&k_babaCode=21,data/cache/html/19841122_kawasaki_11.html
19841122_kawasaki_12,1984-11-22,kawasaki,12,https://www.keiba.go.jp/KeibaWeb/TodayRaceInfo/RaceMarkTable?k_raceDate=1984%2F11%2F22&k_raceNo=12&k_babaCode=21,data/cache/html/19841122_kawasaki_12.html
19841121_kawasaki_1,1984-11-21,kawasaki,1,https://www.keiba.go.jp/KeibaWeb/TodayRaceInfo/RaceMarkTable?k_raceDate=1984%2F11%2F21&k_raceNo=1&k_babaCode=21,data/cache/html/19841121_kawasaki_1.html
19841121_kawasaki_2,1984-11-21,kawasaki,2,https://www.keiba.go.jp/KeibaWeb/TodayRaceInfo/RaceMarkTable?k_raceDate=1984%2F11%2F21&k_raceNo=2&k_babaCode=21,data/cache/html/19841121_kawasaki_2.html
19841121_kawasaki_3,1984-11-21,kawasaki,3,https://www.keiba.go.jp/KeibaWeb/TodayRaceInfo/RaceMarkTable?k_raceDate=1984%2F11%2F21&k_raceNo=3&k_babaCode=21,data/cache/html/19841121_kawasaki_3.html
19841121_kawasaki_4,1984-11-21,kawasaki,4,https://www.keiba.go.jp/KeibaWeb/TodayRaceInfo/RaceMarkTable?k_raceDate=1984%2F11%2F21&k_raceNo=4&k_babaCode=21,data/cache/html/19841121_kawasaki_4.html
19841121_kawasaki_5,1984-11-21,kawasaki,5,https://www.keiba.go.jp/KeibaWeb/TodayRaceInfo/RaceMarkTable?k_raceDate=1984%2F11%2F21&k_raceNo=5&k_babaCode=21,data/cache/html/19841121_kawasaki_5.html
19841121_kawasaki_6,1984-11-21,kawasaki,6,https://www.keiba.go.jp/KeibaWeb/TodayRaceInfo/RaceMarkTable?k_raceDate=1984%2F11%2F21&k_raceNo=6&k_babaCode=21,data/cache/html/19841121_kawasaki_6.html
19841121_kawasaki_7,1984-11-21,kawasaki,7,https://www.keiba.go.jp/KeibaWeb/TodayRaceInfo/RaceMarkTable?k_raceDate=1984%2F11%2F21&k_raceNo=7&k_babaCode=21,data/cache/html/19841121_kawasaki_7.html
19841121_kawasaki_8,1984-11-21,kawasaki,8,https://www.keiba.go.jp/KeibaWeb/TodayRaceInfo/RaceMarkTable?k_raceDate=1984%2F11%2F21&k_raceNo=8&k_babaCode=21,data/cache/html/19841121_kawasaki_8.html
19841121_kawasaki_9,1984-11-21,kawasaki,9,https://www.keiba.go.jp/KeibaWeb/TodayRaceInfo/RaceMarkTable?k_raceDate=1984%2F11%2F21&k_raceNo=9&k_babaCode=21,data/cache/html/19841121_kawasaki_9.html
19841121_kawasaki_10,1984-11-21,kawasaki,10,https://www.keiba.go.jp/KeibaWeb/TodayRaceInfo/RaceMarkTable?k_raceDate=1984%2F11%2F21&k_raceNo=10&k_babaCode=21,data/cache/html/19841121_kawasaki_10.html
19841121_kawasaki_11,1984-11-21,kawasaki,11,https://www.keiba.go.jp/KeibaWeb/TodayRaceInfo/RaceMarkTable?k_raceDate=1984%2F11%2F21&k_raceNo=11&k_babaCode=21,data/cache/html/19841121_kawasaki_11.html
19841121_kawasaki_12,1984-11-21,kawasaki,12,https://www.keiba.go.jp/KeibaWeb/TodayRaceInfo/RaceMarkTable?k_raceDate=1984%2F11%2F21&k_raceNo=12&k_babaCode=21,data/cache/html/19841121_kawasaki_12.html
19841120_kawasaki_1,1984-11-20,kawasaki,1,https://www.keiba.go.jp/KeibaWeb/TodayRaceInfo/RaceMarkTable?k_raceDate=1984%2F11%2F20&k_raceNo=1&k_babaCode=21,data/cache/html/19841120_kawasaki_1.html
19841120_kawasaki_2,1984-11-20,kawasaki,2,https://www.keiba.go.jp/KeibaWeb/TodayRaceInfo/RaceMarkTable?k_raceDate=1984%2F11%2F20&k_raceNo=2&k_babaCode=21,data/cache/html/19841120_kawasaki_2.html
19841120_kawasaki_3,1984-11-20,kawasaki,3,https://www.keiba.go.jp/KeibaWeb/TodayRaceInfo/RaceMarkTable?k_raceDate=1984%2F11%2F20&k_raceNo=3&k_babaCode=21,data/cache/html/19841120_kawasaki_3.html
19841120_kawasaki_4,1984-11-20,kawasaki,4,https://www.keiba.go.jp/KeibaWeb/TodayRaceInfo/RaceMarkTable?k_raceDate=1984%2F11%2F20&k_raceNo=4&k_babaCode=21,data/cache/html/19841120_kawasaki_4.html
19841120_kawasaki_5,1984-11-20,kawasaki,5,https://www.keiba.go.jp/KeibaWeb/TodayRaceInfo/RaceMarkTable?k_raceDate=1984%2F11%2F20&k_raceNo=5&k_babaCode=21,data/cache/html/19841120_kawasaki_5.html
19841120_kawasaki_6,1984-11-20,kawasaki,6,https://www.keiba.go.jp/KeibaWeb/TodayRaceInfo/RaceMarkTable?k_raceDate=1984%2F11%2F20&k_raceNo=6&k_babaCode=21,data/cache/html/19841120_kawasaki_6.html
19841120_kawasaki_7,1984-11-20,kawasaki,7,https://www.keiba.go.jp/KeibaWeb/TodayRaceInfo/RaceMarkTable?k_raceDate=1984%2F11%2F20&k_raceNo=7&k_babaCode=21,data/cache/html/19841120_kawasaki_7.html
19841120_kawasaki_8,1984-11-20,kawasaki,8,https://www.keiba.go.jp/KeibaWeb/TodayRaceInfo/RaceMarkTable?k_raceDate=1984%2F11%2F20&k_raceNo=8&k_babaCode=21,data/cache/html/19841120_kawasaki_8.html
19841120_kawasaki_9,1984-11-20,kawasaki,9,https://www.keiba.go.jp/KeibaWeb/TodayRaceInfo/RaceMarkTable?k_raceDate=1984%2F11%2F20&k_raceNo=9&k_babaCode=21,data/cache/html/19841120_kawasaki_9.html
19841120_kawasaki_10,1984-11-20,kawasaki,10,https://www.keiba.go.jp/KeibaWeb/TodayRaceInfo/RaceMarkTable?k_raceDate=1984%2F11%2F20&k_raceNo=10&k_babaCode=21,data/cache/html/19841120_kawasaki_10.html
19841120_kawasaki_11,1984-11-20,kawasaki,11,https://www.keiba.go.jp/KeibaWeb/TodayRaceInfo/RaceMarkTable?k_raceDate=1984%2F11%2F20&k_raceNo=11&k_babaCode=21,data/cache/html/19841120_kawasaki_11.html
19841120_kawasaki_12,1984-11-20,kawasaki,12,https://www.keiba.go.jp/KeibaWeb/TodayRaceInfo/RaceMarkTable?k_raceDate=1984%2F11%2F20&k_raceNo=12&k_babaCode=21,data/cache/html/19841120_kawasaki_12.html
19841119_kawasaki_1,1984-11-19,kawasaki,1,https://www.keiba.go.jp/KeibaWeb/TodayRaceInfo/RaceMarkTable?k_raceDate=1984%2F11%2F19&k_raceNo=1&k_babaCode=21,data/cache/html/19841119_kawasaki_1.html
19841119_kawasaki_2,1984-11-19,kawasaki,2,https://www.keiba.go.jp/KeibaWeb/TodayRaceInfo/RaceMarkTable?k_raceDate=1984%2F11%2F19&k_raceNo=2&k_babaCode=21,data/cache/html/19841119_kawasaki_2.html
19841119_kawasaki_3,1984-11-19,kawasaki,3,https://www.keiba.go.jp/KeibaWeb/TodayRaceInfo/RaceMarkTable?k_raceDate=1984%2F11%2F19&k_raceNo=3&k_babaCode=21,data/cache/html/19841119_kawasaki_3.html
19841119_kawasaki_4,1984-11-19,kawasaki,4,https://www.keiba.go.jp/KeibaWeb/TodayRaceInfo/RaceMarkTable?k_raceDate=1984%2F11%2F19&k_raceNo=4&k_babaCode=21,data/cache/html/19841119_kawasaki_4.html
19841119_kawasaki_5,1984-11-19,kawasaki,5,https://www.keiba.go.jp/KeibaWeb/TodayRaceInfo/RaceMarkTable?k_raceDate=1984%2F11%2F19&k_raceNo=5&k_babaCode=21,data/cache/html/19841119_kawasaki_5.html
19841119_kawasaki_6,1984-11-19,kawasaki,6,https://www.keiba.go.jp/KeibaWeb/TodayRaceInfo/RaceMarkTable?k_raceDate=1984%2F11%2F19&k_raceNo=6&k_babaCode=21,data/cache/html/19841119_kawasaki_6.html
19841119_kawasaki_7,1984-11-19,kawasaki,7,https://www.keiba.go.jp/KeibaWeb/TodayRaceInfo/RaceMarkTable?k_raceDate=1984%2F11%2F19&k_raceNo=7&k_babaCode=21,data/cache/html/19841119_kawasaki_7.html
19841119_kawasaki_8,1984-11-19,kawasaki,8,https://www.keiba.go.jp/KeibaWeb/TodayRaceInfo/RaceMarkTable?k_raceDate=1984%2F11%2F19&k_raceNo=8&k_babaCode=21,data/cache/html/19841119_kawasaki_8.html
19841119_kawasaki_9,1984-11-19,kawasaki,9,https://www.keiba.go.jp/KeibaWeb/TodayRaceInfo/RaceMarkTable?k_raceDate=1984%2F11%2F19&k_raceNo=9&k_babaCode=21,data/cache/html/19841119_kawasaki_9.html
19841119_kawasaki_10,1984-11-19,kawasaki,10,https://www.keiba.go.jp/KeibaWeb/TodayRaceInfo/RaceMarkTable?k_raceDate=1984%2F11%2F19&k_raceNo=10&k_babaCode=21,data/cache/html/19841119_kawasaki_10.html
19841119_kawasaki_11,1984-11-19,kawasaki,11,https://www.keiba.go.jp/KeibaWeb/TodayRaceInfo/RaceMarkTable?k_raceDate=1984%2F11%2F19&k_raceNo=11&k_babaCode=21,data/cache/html/19841119_kawasaki_11.html
19841119_kawasaki_12,1984-11-19,kawasaki,12,https://www.keiba.go.jp/KeibaWeb/TodayRaceInfo/RaceMarkTable?k_raceDate=1984%2F11%2F19&k_raceNo=12&k_babaCode=21,data/cache/html/19841119_kawasaki_12.html
19841118_kawasaki_1,1984-11-18,kawasaki,1,https://www.keiba.go.jp/KeibaWeb/TodayRaceInfo/RaceMarkTable?k_raceDate=1984%2F11%2F18&k_raceNo=1&k_babaCode=21,data/cache/html/19841118_kawasaki_1.html
19841118_kawasaki_2,1984-11-18,kawasaki,2,https://www.keiba.go.jp/KeibaWeb/TodayRaceInfo/RaceMarkTable?k_raceDate=1984%2F11%2F18&k_raceNo=2&k_babaCode=21,data/cache/html/19841118_kawasaki_2.html
19841118_kawasaki_3,1984-11-18,kawasaki,3,https://www.keiba.go.jp/KeibaWeb/TodayRaceInfo/RaceMarkTable?k_raceDate=1984%2F11%2F18&k_raceNo=3&k_babaCode=21,data/cache/html/19841118_kawasaki_3.html
19841118_kawasaki_4,1984-11-18,kawasaki,4,https://www.keiba.go.jp/KeibaWeb/TodayRaceInfo/RaceMarkTable?k_raceDate=1984%2F11%2F18&k_raceNo=4&k_babaCode=21,data/cache/html/19841118_kawasaki_4.html
19841118_kawasaki_5,1984-11-18,kawasaki,5,https://www.keiba.go.jp/KeibaWeb/TodayRaceInfo/RaceMarkTable?k_raceDate=1984%2F11%2F18&k_raceNo=5&k_babaCode=21,data/cache/html/19841118_kawasaki_5.html
19841118_kawasaki_6,1984-11-18,kawasaki,6,https://www.keiba.go.jp/KeibaWeb/TodayRaceInfo/RaceMarkTable?k_raceDate=1984%2F11%2F18&k_raceNo=6&k_babaCode=21,data/cache/html/19841118_kawasaki_6.html
19841118_kawasaki_7,1984-11-18,kawasaki,7,https://www.keiba.go.jp/KeibaWeb/TodayRaceInfo/RaceMarkTable?k_raceDate=1984%2F11%2F18&k_raceNo=7&k_babaCode=21,data/cache/html/19841118_kawasaki_7.html
19841118_kawasaki_8,1984-11-18,kawasaki,8,https://www.keiba.go.jp/KeibaWeb/TodayRaceInfo/RaceMarkTable?k_raceDate=1984%2F11%2F18&k_raceNo=8&k_babaCode=21,data/cache/html/19841118_kawasaki_8.html
19841118_kawasaki_9,1984-11-18,kawasaki,9,https://www.keiba.go.jp/KeibaWeb/TodayRaceInfo/RaceMarkTable?k_raceDate=1984%2F11%2F18&k_raceNo=9&k_babaCode=21,data/cache/html/19841118_kawasaki_9.html
19841118_kawasaki_10,1984-11-18,kawasaki,10,https://www.keiba.go.jp/KeibaWeb/TodayRaceInfo/RaceMarkTable?k_raceDate=1984%2F11%2F18&k_raceNo=10&k_babaCode=21,data/cache/html/19841118_kawasaki_10.html
19841118_kawasaki_11,1984-11-18,kawasaki,11,https://www.keiba.go.jp/KeibaWeb/TodayRaceInfo/RaceMarkTable?k_raceDate=1984%2F11%2F18&k_raceNo=11&k_babaCode=21,data/cache/html/19841118_kawasaki_11.html
19841118_kawasaki_12,1984-11-18,kawasaki,12,https://www.keiba.go.jp/KeibaWeb/TodayRaceInfo/RaceMarkTable?k_raceDate=1984%2F11%2F18&k_raceNo=12&k_babaCode=21,data/cache/html/19841118_kawasaki_12.html
19841117_kawasaki_1,1984-11-17,kawasaki,1,https://www.keiba.go.jp/KeibaWeb/TodayRaceInfo/RaceMarkTable?k_raceDate=1984%2F11%2F17&k_raceNo=1&k_babaCode=21,data/cache/html/19841117_kawasaki_1.html
19841117_kawasaki_2,1984-11-17,kawasaki,2,https://www.keiba.go.jp/KeibaWeb/TodayRaceInfo/RaceMarkTable?k_raceDate=1984%2F11%2F17&k_raceNo=2&k_babaCode=21,data/cache/html/19841117_kawasaki_2.html
19841117_kawasaki_3,1984-11-17,kawasaki,3,https://www.keiba.go.jp/KeibaWeb/TodayRaceInfo/RaceMarkTable?k_raceDate=1984%2F11%2F17&k_raceNo=3&k_babaCode=21,data/cache/html/19841117_kawasaki_3.html
19841117_kawasaki_4,1984-11-17,kawasaki,4,https://www.keiba.go.jp/KeibaWeb/TodayRaceInfo/RaceMarkTable?k_raceDate=1984%2F11%2F17&k_raceNo=4&k_babaCode=21,data/cache/html/19841117_kawasaki_4.html
19841117_kawasaki_5,1984-11-17,kawasaki,5,https://www.keiba.go.jp/KeibaWeb/TodayRaceInfo/RaceMarkTable?k_raceDate=1984%2F11%2F17&k_raceNo=5&k_babaCode=21,data/cache/html/19841117_kawasaki_5.html
19841117_kawasaki_6,1984-11-17,kawasaki,6,https://www.keiba.go.jp/KeibaWeb/TodayRaceInfo/RaceMarkTable?k_raceDate=1984%2F11%2F17&k_raceNo=6&k_babaCode=21,data/cache/html/19841117_kawasaki_6.html
19841117_kawasaki_7,1984-11-17,kawasaki,7,https://www.keiba.go.jp/KeibaWeb/TodayRaceInfo/RaceMarkTable?k_raceDate=1984%2F11%2F17&k_raceNo=7&k_babaCode=21,data/cache/html/19841117_kawasaki_7.html
19841117_kawasaki_8,1984-11-17,kawasaki,8,https://www.keiba.go.jp/KeibaWeb/TodayRaceInfo/RaceMarkTable?k_raceDate=1984%2F11%2F17&k_raceNo=8&k_babaCode=21,data/cache/html/19841117_kawasaki_8.html
19841117_kawasaki_9,1984-11-17,kawasaki,9,https://www.keiba.go.jp/KeibaWeb/TodayRaceInfo/RaceMarkTable?k_raceDate=1984%2F11%2F17&k_raceNo=9&k_babaCode=21,data/cache/html/19841117_kawasaki_9.html
19841117_kawasaki_10,1984-11-17,kawasaki,10,https://www.keiba.go.jp/KeibaWeb/TodayRaceInfo/RaceMarkTable?k_raceDate=1984%2F11%2F17&k_raceNo=10&k_babaCode=21,data/cache/html/19841117_kawasaki_10.html
19841117_kawasaki_11,1984-11-17,kawasaki,11,https://www.keiba.go.jp/KeibaWeb/TodayRaceInfo/RaceMarkTable?k_raceDate=1984%2F11%2F17&k_raceNo=11&k_babaCode=21,data/cache/html/19841117_kawasaki_11.html
19841117_kawasaki_12,1984-11-17,kawasaki,12,https://www.keiba.go.jp/KeibaWeb/TodayRaceInfo/RaceMarkTable?k_raceDate=1984%2F11%2F17&k_raceNo=12&k_babaCode=21,data/cache/html/19841117_kawasaki_12.html
19841116_kawasaki_1,1984-11-16,kawasaki,1,https://www.keiba.go.jp/KeibaWeb/TodayRaceInfo/RaceMarkTable?k_raceDate=1984%2F11%2F16&k_raceNo=1&k_babaCode=21,data/cache/html/19841116_kawasaki_1.html
19841116_kawasaki_2,1984-11-16,kawasaki,2,https://www.keiba.go.jp/KeibaWeb/TodayRaceInfo/RaceMarkTable?k_raceDate=1984%2F11%2F16&k_raceNo=2&k_babaCode=21,data/cache/html/19841116_kawasaki_2.html
19841116_kawasaki_3,1984-11-16,kawasaki,3,https://www.keiba.go.jp/KeibaWeb/TodayRaceInfo/RaceMarkTable?k_raceDate=1984%2F11%2F16&k_raceNo=3&k_babaCode=21,data/cache/html/19841116_kawasaki_3.html
19841116_kawasaki_4,1984-11-16,kawasaki,4,https://www.keiba.go.jp/KeibaWeb/TodayRaceInfo/RaceMarkTable?k_raceDate=1984%2F11%2F16&k_raceNo=4&k_babaCode=21,data/cache/html/19841116_kawasaki_4.html
19841116_kawasaki_5,1984-11-16,kawasaki,5,https://www.keiba.go.jp/KeibaWeb/TodayRaceInfo/RaceMarkTable?k_raceDate=1984%2F11%2F16&k_raceNo=5&k_babaCode=21,data/cache/html/19841116_kawasaki_5.html
19841116_kawasaki_6,1984-11-16,kawasaki,6,https://www.keiba.go.jp/KeibaWeb/TodayRaceInfo/RaceMarkTable?k_raceDate=1984%2F11%2F16&k_raceNo=6&k_babaCode=21,data/cache/html/19841116_kawasaki_6.html
19841116_kawasaki_7,1984-11-16,kawasaki,7,https://www.keiba.go.jp/KeibaWeb/TodayRaceInfo/RaceMarkTable?k_raceDate=1984%2F11%2F16&k_raceNo=7&k_babaCode=21,data/cache/html/19841116_kawasaki_7.html
19841116_kawasaki_8,1984-11-16,kawasaki,8,https://www.keiba.go.jp/KeibaWeb/TodayRaceInfo/RaceMarkTable?k_raceDate=1984%2F11%2F16&k_raceNo=8&k_babaCode=21,data/cache/html/19841116_kawasaki_8.html
19841116_kawasaki_9,1984-11-16,kawasaki,9,https://www.keiba.go.jp/KeibaWeb/TodayRaceInfo/RaceMarkTable?k_raceDate=1984%2F11%2F16&k_raceNo=9&k_babaCode=21,data/cache/html/19841116_kawasaki_9.html
19841116_kawasaki_10,1984-11-16,kawasaki,10,https://www.keiba.go.jp/KeibaWeb/TodayRaceInfo/RaceMarkTable?k_raceDate=1984%2F11%2F16&k_raceNo=10&k_babaCode=21,data/cache/html/19841116_kawasaki_10.html
19841116_kawasaki_11,1984-11-16,kawasaki,11,https://www.keiba.go.jp/KeibaWeb/TodayRaceInfo/RaceMarkTable?k_raceDate=1984%2F11%2F16&k_raceNo=11&k_babaCode=21,data/cache/html/19841116_kawasaki_11.html
19841116_kawasaki_12,1984-11-16,kawasaki,12,https://www.keiba.go.jp/KeibaWeb/TodayRaceInfo/RaceMarkTable?k_raceDate=1984%2F11%2F16&k_raceNo=12&k_babaCode=21,data/cache/html/19841116_kawasaki_12.html
19841115_kawasaki_1,1984-11-15,kawasaki,1,https://www.keiba.go.jp/KeibaWeb/TodayRaceInfo/RaceMarkTable?k_raceDate=1984%2F11%2F15&k_raceNo=1&k_babaCode=21,data/cache/html/19841115_kawasaki_1.html
19841115_kawasaki_2,1984-11-15,kawasaki,2,https://www.keiba.go.jp/KeibaWeb/TodayRaceInfo/RaceMarkTable?k_raceDate=1984%2F11%2F15&k_raceNo=2&k_babaCode=21,data/cache/html/19841115_kawasaki_2.html
19841115_kawasaki_3,1984-11-15,kawasaki,3,https://www.keiba.go.jp/KeibaWeb/TodayRaceInfo/RaceMarkTable?k_raceDate=1984%2F11%2F15&k_raceNo=3&k_babaCode=21,data/cache/html/19841115_kawasaki_3.html
19841115_kawasaki_4,1984-11-15,kawasaki,4,https://www.keiba.go.jp/KeibaWeb/TodayRaceInfo/RaceMarkTable?k_raceDate=1984%2F11%2F15&k_raceNo=4&k_babaCode=21,data/cache/html/19841115_kawasaki_4.html
19841115_kawasaki_5,1984-11-15,kawasaki,5,https://www.keiba.go.jp/KeibaWeb/TodayRaceInfo/RaceMarkTable?k_raceDate=1984%2F11%2F15&k_raceNo=5&k_babaCode=21,data/cache/html/19841115_kawasaki_5.html
19841115_kawasaki_6,1984-11-15,kawasaki,6,https://www.keiba.go.jp/KeibaWeb/TodayRaceInfo/RaceMarkTable?k_raceDate=1984%2F11%2F15&k_raceNo=6&k_babaCode=21,data/cache/html/19841115_kawasaki_6.html
19841115_kawasaki_7,1984-11-15,kawasaki,7,https://www.keiba.go.jp/KeibaWeb/TodayRaceInfo/RaceMarkTable?k_raceDate=1984%2F11%2F15&k_raceNo=7&k_babaCode=21,data/cache/html/19841115_kawasaki_7.html
19841115_kawasaki_8,1984-11-15,kawasaki,8,https://www.keiba.go.jp/KeibaWeb/TodayRaceInfo/RaceMarkTable?k_raceDate=1984%2F11%2F15&k_raceNo=8&k_babaCode=21,data/cache/html/19841115_kawasaki_8.html
19841115_kawasaki_9,1984-11-15,kawasaki,9,https://www.keiba.go.jp/KeibaWeb/TodayRaceInfo/RaceMarkTable?k_raceDate=1984%2F11%2F15&k_raceNo=9&k_babaCode=21,data/cache/html/19841115_kawasaki_9.html
19841115_kawasaki_10,1984-11-15,kawasaki,10,https://www.keiba.go.jp/KeibaWeb/TodayRaceInfo/RaceMarkTable?k_raceDate=1984%2F11%2F15&k_raceNo=10&k_babaCode=21,data/cache/html/19841115_kawasaki_10.html
19841115_kawasaki_11,1984-11-15,kawasaki,11,https://www.keiba.go.jp/KeibaWeb/TodayRaceInfo/RaceMarkTable?k_raceDate=1984%2F11%2F15&k_raceNo=11&k_babaCode=21,data/cache/html/19841115_kawasaki_11.html
19841115_kawasaki_12,1984-11-15,kawasaki,12,https://www.keiba.go.jp/KeibaWeb/TodayRaceInfo/RaceMarkTable?k_raceDate=1984%2F11%2F15&k_raceNo=12&k_babaCode=21,data/cache/html/19841115_kawasaki_12.html
19841114_kawasaki_1,1984-11-14,kawasaki,1,https://www.keiba.go.jp/KeibaWeb/TodayRaceInfo/RaceMarkTable?k_raceDate=1984%2F11%2F14&k_raceNo=1&k_babaCode=21,data/cache/html/19841114_kawasaki_1.html
19841114_kawasaki_2,1984-11-14,kawasaki,2,https://www.keiba.go.jp/KeibaWeb/TodayRaceInfo/RaceMarkTable?k_raceDate=1984%2F11%2F14&k_raceNo=2&k_babaCode=21,data/cache/html/19841114_kawasaki_2.html
19841114_kawasaki_3,1984-11-14,kawasaki,3,https://www.keiba.go.jp/KeibaWeb/TodayRaceInfo/RaceMarkTable?k_raceDate=1984%2F11%2F14&k_raceNo=3&k_babaCode=21,data/cache/html/19841114_kawasaki_3.html
19841114_kawasaki_4,1984-11-14,kawasaki,4,https://www.keiba.go.jp/KeibaWeb/TodayRaceInfo/RaceMarkTable?k_raceDate=1984%2F11%2F14&k_raceNo=4&k_babaCode=21,data/cache/html/19841114_kawasaki_4.html
19841114_kawasaki_5,1984-11-14,kawasaki,5,https://www.keiba.go.jp/KeibaWeb/TodayRaceInfo/RaceMarkTable?k_raceDate=1984%2F11%2F14&k_raceNo=5&k_babaCode=21,data/cache/html/19841114_kawasaki_5.html
19841114_kawasaki_6,1984-11-14,kawasaki,6,https://www.keiba.go.jp/KeibaWeb/TodayRaceInfo/RaceMarkTable?k_raceDate=1984%2F11%2F14&k_raceNo=6&k_babaCode=21,data/cache/html/19841114_kawasaki_6.html
19841114_kawasaki_7,1984-11-14,kawasaki,7,https://www.keiba.go.jp/KeibaWeb/TodayRaceInfo/RaceMarkTable?k_raceDate=1984%2F11%2F14&k_raceNo=7&k_babaCode=21,data/cache/html/19841114_kawasaki_7.html
19841114_kawasaki_8,1984-11-14,kawasaki,8,https://www.keiba.go.jp/KeibaWeb/TodayRaceInfo/RaceMarkTable?k_raceDate=1984%2F11%2F14&k_raceNo=8&k_babaCode=21,data/cache/html/19841114_kawasaki_8.html
19841114_kawasaki_9,1984-11-14,kawasaki,9,https://www.keiba.go.jp/KeibaWeb/TodayRaceInfo/RaceMarkTable?k_raceDate=1984%2F11%2F14&k_raceNo=9&k_babaCode=21,data/cache/html/19841114_kawasaki_9.html
19841114_kawasaki_10,1984-11-14,kawasaki,10,https://www.keiba.go.jp/KeibaWeb/TodayRaceInfo/RaceMarkTable?k_raceDate=1984%2F11%2F14&k_raceNo=10&k_babaCode=21,data/cache/html/19841114_kawasaki_10.html
19841114_kawasaki_11,1984-11-14,kawasaki,11,https://www.keiba.go.jp/KeibaWeb/TodayRaceInfo/RaceMarkTable?k_raceDate=1984%2F11%2F14&k_raceNo=11&k_babaCode=21,data/cache/html/19841114_kawasaki_11.html
19841114_kawasaki_12,1984-11-14,kawasaki,12,https://www.keiba.go.jp/KeibaWeb/TodayRaceInfo/RaceMarkTable?k_raceDate=1984%2F11%2F14&k_raceNo=12&k_babaCode=21,data/cache/html/19841114_kawasaki_12.html
19841113_kawasaki_1,1984-11-13,kawasaki,1,https://www.keiba.go.jp/KeibaWeb/TodayRaceInfo/RaceMarkTable?k_raceDate=1984%2F11%2F13&k_raceNo=1&k_babaCode=21,data/cache/html/19841113_kawasaki_1.html
19841113_kawasaki_2,1984-11-13,kawasaki,2,https://www.keiba.go.jp/KeibaWeb/TodayRaceInfo/RaceMarkTable?k_raceDate=1984%2F11%2F13&k_raceNo=2&k_babaCode=21,data/cache/html/19841113_kawasaki_2.html
19841113_kawasaki_3,1984-11-13,kawasaki,3,https://www.keiba.go.jp/KeibaWeb/TodayRaceInfo/RaceMarkTable?k_raceDate=1984%2F11%2F13&k_raceNo=3&k_babaCode=21,data/cache/html/19841113_kawasaki_3.html
19841113_kawasaki_4,1984-11-13,kawasaki,4,https://www.keiba.go.jp/KeibaWeb/TodayRaceInfo/RaceMarkTable?k_raceDate=1984%2F11%2F13&k_raceNo=4&k_babaCode=21,data/cache/html/19841113_kawasaki_4.html
19841113_kawasaki_5,1984-11-13,kawasaki,5,https://www.keiba.go.jp/KeibaWeb/TodayRaceInfo/RaceMarkTable?k_raceDate=1984%2F11%2F13&k_raceNo=5&k_babaCode=21,data/cache/html/19841113_kawasaki_5.html
19841113_kawasaki_6,1984-11-13,kawasaki,6,https://www.keiba.go.jp/KeibaWeb/TodayRaceInfo/RaceMarkTable?k_raceDate=1984%2F11%2F13&k_raceNo=6&k_babaCode=21,data/cache/html/19841113_kawasaki_6.html
19841113_kawasaki_7,1984-11-13,kawasaki,7,https://www.keiba.go.jp/KeibaWeb/TodayRaceInfo/RaceMarkTable?k_raceDate=1984%2F11%2F13&k_raceNo=7&k_babaCode=21,data/cache/html/19841113_kawasaki_7.html
19841113_kawasaki_8,1984-11-13,kawasaki,8,https://www.keiba.go.jp/KeibaWeb/TodayRaceInfo/RaceMarkTable?k_raceDate=1984%2F11%2F13&k_raceNo=8&k_babaCode=21,data/cache/html/19841113_kawasaki_8.html
19841113_kawasaki_9,1984-11-13,kawasaki,9,https://www.keiba.go.jp/KeibaWeb/TodayRaceInfo/RaceMarkTable?k_raceDate=1984%2F11%2F13&k_raceNo=9&k_babaCode=21,data/cache/html/19841113_kawasaki_9.html
19841113_kawasaki_10,1984-11-13,kawasaki,10,https://www.keiba.go.jp/KeibaWeb/TodayRaceInfo/RaceMarkTable?k_raceDate=1984%2F11%2F13&k_raceNo=10&k_babaCode=21,data/cache/html/19841113_kawasaki_10.html
19841113_kawasaki_11,1984-11-13,kawasaki,11,https://www.keiba.go.jp/KeibaWeb/TodayRaceInfo/RaceMarkTable?k_raceDate=1984%2F11%2F13&k_raceNo=11&k_babaCode=21,data/cache/html/19841113_kawasaki_11.html
19841113_kawasaki_12,1984-11-13,kawasaki,12,https://www.keiba.go.jp/KeibaWeb/TodayRaceInfo/RaceMarkTable?k_raceDate=1984%2F11%2F13&k_raceNo=12&k_babaCode=21,data/cache/html/19841113_kawasaki_12.html
19841112_kawasaki_1,1984-11-12,kawasaki,1,https://www.keiba.go.jp/KeibaWeb/TodayRaceInfo/RaceMarkTable?k_raceDate=1984%2F11%2F12&k_raceNo=1&k_babaCode=21,data/cache/html/19841112_kawasaki_1.html
19841112_kawasaki_2,1984-11-12,kawasaki,2,https://www.keiba.go.jp/KeibaWeb/TodayRaceInfo/RaceMarkTable?k_raceDate=1984%2F11%2F12&k_raceNo=2&k_babaCode=21,data/cache/html/19841112_kawasaki_2.html
19841112_kawasaki_3,1984-11-12,kawasaki,3,https://www.keiba.go.jp/KeibaWeb/TodayRaceInfo/RaceMarkTable?k_raceDate=1984%2F11%2F12&k_raceNo=3&k_babaCode=21,data/cache/html/19841112_kawasaki_3.html
19841112_kawasaki_4,1984-11-12,kawasaki,4,https://www.keiba.go.jp/KeibaWeb/TodayRaceInfo/RaceMarkTable?k_raceDate=1984%2F11%2F12&k_raceNo=4&k_babaCode=21,data/cache/html/19841112_kawasaki_4.html
19841112_kawasaki_5,1984-11-12,kawasaki,5,https://www.keiba.go.jp/KeibaWeb/TodayRaceInfo/RaceMarkTable?k_raceDate=1984%2F11%2F12&k_raceNo=5&k_babaCode=21,data/cache/html/19841112_kawasaki_5.html
19841112_kawasaki_6,1984-11-12,kawasaki,6,https://www.keiba.go.jp/KeibaWeb/TodayRaceInfo/RaceMarkTable?k_raceDate=1984%2F11%2F12&k_raceNo=6&k_babaCode=21,data/cache/html/19841112_kawasaki_6.html
19841112_kawasaki_7,1984-11-12,kawasaki,7,https://www.keiba.go.jp/KeibaWeb/TodayRaceInfo/RaceMarkTable?k_raceDate=1984%2F11%2F12&k_raceNo=7&k_babaCode=21,data/cache/html/19841112_kawasaki_7.html
19841112_kawasaki_8,1984-11-12,kawasaki,8,https://www.keiba.go.jp/KeibaWeb/TodayRaceInfo/RaceMarkTable?k_raceDate=1984%2F11%2F12&k_raceNo=8&k_babaCode=21,data/cache/html/19841112_kawasaki_8.html
19841112_kawasaki_9,1984-11-12,kawasaki,9,https://www.keiba.go.jp/KeibaWeb/TodayRaceInfo/RaceMarkTable?k_raceDate=1984%2F11%2F12&k_raceNo=9&k_babaCode=21,data/cache/html/19841112_kawasaki_9.html
19841112_kawasaki_10,1984-11-12,kawasaki,10,https://www.keiba.go.jp/KeibaWeb/TodayRaceInfo/RaceMarkTable?k_raceDate=1984%2F11%2F12&k_raceNo=10&k_babaCode=21,data/cache/html/19841112_kawasaki_10.html
19841112_kawasaki_11,1984-11-12,kawasaki,11,https://www.keiba.go.jp/KeibaWeb/TodayRaceInfo/RaceMarkTable?k_raceDate=1984%2F11%2F12&k_raceNo=11&k_babaCode=21,data/cache/html/19841112_kawasaki_11.html
19841112_kawasaki_12,1984-11-12,kawasaki,12,https://www.keiba.go.jp/KeibaWeb/TodayRaceInfo/RaceMarkTable?k_raceDate=1984%2F11%2F12&k_raceNo=12&k_babaCode=21,data/cache/html/19841112_kawasaki_12.html
19841111_kawasaki_1,1984-11-11,kawasaki,1,https://www.keiba.go.jp/KeibaWeb/TodayRaceInfo/RaceMarkTable?k_raceDate=1984%2F11%2F11&k_raceNo=1&k_babaCode=21,data/cache/html/19841111_kawasaki_1.html
19841111_kawasaki_2,1984-11-11,kawasaki,2,https://www.keiba.go.jp/KeibaWeb/TodayRaceInfo/RaceMarkTable?k_raceDate=1984%2F11%2F11&k_raceNo=2&k_babaCode=21,data/cache/html/19841111_kawasaki_2.html
19841111_kawasaki_3,1984-11-11,kawasaki,3,https://www.keiba.go.jp/KeibaWeb/TodayRaceInfo/RaceMarkTable?k_raceDate=1984%2F11%2F11&k_raceNo=3&k_babaCode=21,data/cache/html/19841111_kawasaki_3.html
19841111_kawasaki_4,1984-11-11,kawasaki,4,https://www.keiba.go.jp/KeibaWeb/TodayRaceInfo/RaceMarkTable?k_raceDate=1984%2F11%2F11&k_raceNo=4&k_babaCode=21,data/cache/html/19841111_kawasaki_4.html
19841111_kawasaki_5,1984-11-11,kawasaki,5,https://www.keiba.go.jp/KeibaWeb/TodayRaceInfo/RaceMarkTable?k_raceDate=1984%2F11%2F11&k_raceNo=5&k_babaCode=21,data/cache/html/19841111_kawasaki_5.html
19841111_kawasaki_6,1984-11-11,kawasaki,6,https://www.keiba.go.jp/KeibaWeb/TodayRaceInfo/RaceMarkTable?k_raceDate=1984%2F11%2F11&k_raceNo=6&k_babaCode=21,data/cache/html/19841111_kawasaki_6.html
19841111_kawasaki_7,1984-11-11,kawasaki,7,https://www.keiba.go.jp/KeibaWeb/TodayRaceInfo/RaceMarkTable?k_raceDate=1984%2F11%2F11&k_raceNo=7&k_babaCode=21,data/cache/html/19841111_kawasaki_7.html
19841111_kawasaki_8,1984-11-11,kawasaki,8,https://www.keiba.go.jp/KeibaWeb/TodayRaceInfo/RaceMarkTable?k_raceDate=1984%2F11%2F11&k_raceNo=8&k_babaCode=21,data/cache/html/19841111_kawasaki_8.html
19841111_kawasaki_9,1984-11-11,kawasaki,9,https://www.keiba.go.jp/KeibaWeb/TodayRaceInfo/RaceMarkTable?k_raceDate=1984%2F11%2F11&k_raceNo=9&k_babaCode=21,data/cache/html/19841111_kawasaki_9.html
19841111_kawasaki_10,1984-11-11,kawasaki,10,https://www.keiba.go.jp/KeibaWeb/TodayRaceInfo/RaceMarkTable?k_raceDate=1984%2F11%2F11&k_raceNo=10&k_babaCode=21,data/cache/html/19841111_kawasaki_10.html
19841111_kawasaki_11,1984-11-11,kawasaki,11,https://www.keiba.go.jp/KeibaWeb/TodayRaceInfo/RaceMarkTable?k_raceDate=1984%2F11%2F11&k_raceNo=11&k_babaCode=21,data/cache/html/19841111_kawasaki_11.html
19841111_kawasaki_12,1984-11-11,kawasaki,12,https://www.keiba.go.jp/KeibaWeb/TodayRaceInfo/RaceMarkTable?k_raceDate=1984%2F11%2F11&k_raceNo=12&k_babaCode=21,data/cache/html/19841111_kawasaki_12.html
19841110_kawasaki_1,1984-11-10,kawasaki,1,https://www.keiba.go.jp/KeibaWeb/TodayRaceInfo/RaceMarkTable?k_raceDate=1984%2F11%2F10&k_raceNo=1&k_babaCode=21,data/cache/html/19841110_kawasaki_1.html
19841110_kawasaki_2,1984-11-10,kawasaki,2,https://www.keiba.go.jp/KeibaWeb/TodayRaceInfo/RaceMarkTable?k_raceDate=1984%2F11%2F10&k_raceNo=2&k_babaCode=21,data/cache/html/19841110_kawasaki_2.html
19841110_kawasaki_3,1984-11-10,kawasaki,3,https://www.keiba.go.jp/KeibaWeb/TodayRaceInfo/RaceMarkTable?k_raceDate=1984%2F11%2F10&k_raceNo=3&k_babaCode=21,data/cache/html/19841110_kawasaki_3.html
19841110_kawasaki_4,1984-11-10,kawasaki,4,https://www.keiba.go.jp/KeibaWeb/TodayRaceInfo/RaceMarkTable?k_raceDate=1984%2F11%2F10&k_raceNo=4&k_babaCode=21,data/cache/html/19841110_kawasaki_4.html
19841110_kawasaki_5,1984-11-10,kawasaki,5,https://www.keiba.go.jp/KeibaWeb/TodayRaceInfo/RaceMarkTable?k_raceDate=1984%2F11%2F10&k_raceNo=5&k_babaCode=21,data/cache/html/19841110_kawasaki_5.html
19841110_kawasaki_6,1984-11-10,kawasaki,6,https://www.keiba.go.jp/KeibaWeb/TodayRaceInfo/RaceMarkTable?k_raceDate=1984%2F11%2F10&k_raceNo=6&k_babaCode=21,data/cache/html/19841110_kawasaki_6.html
19841110_kawasaki_7,1984-11-10,kawasaki,7,https://www.keiba.go.jp/KeibaWeb/TodayRaceInfo/RaceMarkTable?k_raceDate=1984%2F11%2F10&k_raceNo=7&k_babaCode=21,data/cache/html/19841110_kawasaki_7.html
19841110_kawasaki_8,1984-11-10,kawasaki,8,https://www.keiba.go.jp/KeibaWeb/TodayRaceInfo/RaceMarkTable?k_raceDate=1984%2F11%2F10&k_raceNo=8&k_babaCode=21,data/cache/html/19841110_kawasaki_8.html
19841110_kawasaki_9,1984-11-10,kawasaki,9,https://www.keiba.go.jp/KeibaWeb/TodayRaceInfo/RaceMarkTable?k_raceDate=1984%2F11%2F10&k_raceNo=9&k_babaCode=21,data/cache/html/19841110_kawasaki_9.html
19841110_kawasaki_10,1984-11-10,kawasaki,10,https://www.keiba.go.jp/KeibaWeb/TodayRaceInfo/RaceMarkTable?k_raceDate=1984%2F11%2F10&k_raceNo=10&k_babaCode=21,data/cache/html/19841110_kawasaki_10.html
19841110_kawasaki_11,1984-11-10,kawasaki,11,https://www.keiba.go.jp/KeibaWeb/TodayRaceInfo/RaceMarkTable?k_raceDate=1984%2F11%2F10&k_raceNo=11&k_babaCode=21,data/cache/html/19841110_kawasaki_11.html
19841110_kawasaki_12,1984-11-10,kawasaki,12,https://www.keiba.go.jp/KeibaWeb/TodayRaceInfo/RaceMarkTable?k_raceDate=1984%2F11%2F10&k_raceNo=12&k_babaCode=21,data/cache/html/19841110_kawasaki_12.html
19841109_kawasaki_1,1984-11-09,kawasaki,1,https://www.keiba.go.jp/KeibaWeb/TodayRaceInfo/RaceMarkTable?k_raceDate=1984%2F11%2F09&k_raceNo=1&k_babaCode=21,data/cache/html/19841109_kawasaki_1.html
19841109_kawasaki_2,1984-11-09,kawasaki,2,https://www.keiba.go.jp/KeibaWeb/TodayRaceInfo/RaceMarkTable?k_raceDate=1984%2F11%2F09&k_raceNo=2&k_babaCode=21,data/cache/html/19841109_kawasaki_2.html
19841109_kawasaki_3,1984-11-09,kawasaki,3,https://www.keiba.go.jp/KeibaWeb/TodayRaceInfo/RaceMarkTable?k_raceDate=1984%2F11%2F09&k_raceNo=3&k_babaCode=21,data/cache/html/19841109_kawasaki_3.html
19841109_kawasaki_4,1984-11-09,kawasaki,4,https://www.keiba.go.jp/KeibaWeb/TodayRaceInfo/RaceMarkTable?k_raceDate=1984%2F11%2F09&k_raceNo=4&k_babaCode=21,data/cache/html/19841109_kawasaki_4.html
19841109_kawasaki_5,1984-11-09,kawasaki,5,https://www.keiba.go.jp/KeibaWeb/TodayRaceInfo/RaceMarkTable?k_raceDate=1984%2F11%2F09&k_raceNo=5&k_babaCode=21,data/cache/html/19841109_kawasaki_5.html
19841109_kawasaki_6,1984-11-09,kawasaki,6,https://www.keiba.go.jp/KeibaWeb/TodayRaceInfo/RaceMarkTable?k_raceDate=1984%2F11%2F09&k_raceNo=6&k_babaCode=21,data/cache/html/19841109_kawasaki_6.html
19841109_kawasaki_7,1984-11-09,kawasaki,7,https://www.keiba.go.jp/KeibaWeb/TodayRaceInfo/RaceMarkTable?k_raceDate=1984%2F11%2F09&k_raceNo=7&k_babaCode=21,data/cache/html/19841109_kawasaki_7.html
19841109_kawasaki_8,1984-11-09,kawasaki,8,https://www.keiba.go.jp/KeibaWeb/TodayRaceInfo/RaceMarkTable?k_raceDate=1984%2F11%2F09&k_raceNo=8&k_babaCode=21,data/cache/html/19841109_kawasaki_8.html
19841109_kawasaki_9,1984-11-09,kawasaki,9,https://www.keiba.go.jp/KeibaWeb/TodayRaceInfo/RaceMarkTable?k_raceDate=1984%2F11%2F09&k_raceNo=9&k_babaCode=21,data/cache/html/19841109_kawasaki_9.html
19841109_kawasaki_10,1984-11-09,kawasaki,10,https://www.keiba.go.jp/KeibaWeb/TodayRaceInfo/RaceMarkTable?k_raceDate=1984%2F11%2F09&k_raceNo=10&k_babaCode=21,data/cache/html/19841109_kawasaki_10.html
19841109_kawasaki_11,1984-11-09,kawasaki,11,https://www.keiba.go.jp/KeibaWeb/TodayRaceInfo/RaceMarkTable?k_raceDate=1984%2F11%2F09&k_raceNo=11&k_babaCode=21,data/cache/html/19841109_kawasaki_11.html
19841109_kawasaki_12,1984-11-09,kawasaki,12,https://www.keiba.go.jp/KeibaWeb/TodayRaceInfo/RaceMarkTable?k_raceDate=1984%2F11%2F09&k_raceNo=12&k_babaCode=21,data/cache/html/19841109_kawasaki_12.html
19841108_kawasaki_1,1984-11-08,kawasaki,1,https://www.keiba.go.jp/KeibaWeb/TodayRaceInfo/RaceMarkTable?k_raceDate=1984%2F11%2F08&k_raceNo=1&k_babaCode=21,data/cache/html/19841108_kawasaki_1.html
19841108_kawasaki_2,1984-11-08,kawasaki,2,https://www.keiba.go.jp/KeibaWeb/TodayRaceInfo/RaceMarkTable?k_raceDate=1984%2F11%2F08&k_raceNo=2&k_babaCode=21,data/cache/html/19841108_kawasaki_2.html
19841108_kawasaki_3,1984-11-08,kawasaki,3,https://www.keiba.go.jp/KeibaWeb/TodayRaceInfo/RaceMarkTable?k_raceDate=1984%2F11%2F08&k_raceNo=3&k_babaCode=21,data/cache/html/19841108_kawasaki_3.html
19841108_kawasaki_4,1984-11-08,kawasaki,4,https://www.keiba.go.jp/KeibaWeb/TodayRaceInfo/RaceMarkTable?k_raceDate=1984%2F11%2F08&k_raceNo=4&k_babaCode=21,data/cache/html/19841108_kawasaki_4.html
19841108_kawasaki_5,1984-11-08,kawasaki,5,https://www.keiba.go.jp/KeibaWeb/TodayRaceInfo/RaceMarkTable?k_raceDate=1984%2F11%2F08&k_raceNo=5&k_babaCode=21,data/cache/html/19841108_kawasaki_5.html
19841108_kawasaki_6,1984-11-08,kawasaki,6,https://www.keiba.go.jp/KeibaWeb/TodayRaceInfo/RaceMarkTable?k_raceDate=1984%2F11%2F08&k_raceNo=6&k_babaCode=21,data/cache/html/19841108_kawasaki_6.html
19841108_kawasaki_7,1984-11-08,kawasaki,7,https://www.keiba.go.jp/KeibaWeb/TodayRaceInfo/RaceMarkTable?k_raceDate=1984%2F11%2F08&k_raceNo=7&k_babaCode=21,data/cache/html/19841108_kawasaki_7.html
19841108_kawasaki_8,1984-11-08,kawasaki,8,https://www.keiba.go.jp/KeibaWeb/TodayRaceInfo/RaceMarkTable?k_raceDate=1984%2F11%2F08&k_raceNo=8&k_babaCode=21,data/cache/html/19841108_kawasaki_8.html
19841108_kawasaki_9,1984-11-08,kawasaki,9,https://www.keiba.go.jp/KeibaWeb/TodayRaceInfo/RaceMarkTable?k_raceDate=1984%2F11%2F08&k_raceNo=9&k_babaCode=21,data/cache/html/19841108_kawasaki_9.html
19841108_kawasaki_10,1984-11-08,kawasaki,10,https://www.keiba.go.jp/KeibaWeb/TodayRaceInfo/RaceMarkTable?k_raceDate=1984%2F11%2F08&k_raceNo=10&k_babaCode=21,data/cache/html/19841108_kawasaki_10.html
19841108_kawasaki_11,1984-11-08,kawasaki,11,https://www.keiba.go.jp/KeibaWeb/TodayRaceInfo/RaceMarkTable?k_raceDate=1984%2F11%2F08&k_raceNo=11&k_babaCode=21,data/cache/html/19841108_kawasaki_11.html
19841108_kawasaki_12,1984-11-08,kawasaki,12,https://www.keiba.go.jp/KeibaWeb/TodayRaceInfo/RaceMarkTable?k_raceDate=1984%2F11%2F08&k_raceNo=12&k_babaCode=21,data/cache/html/19841108_kawasaki_12.html
19841107_kawasaki_1,1984-11-07,kawasaki,1,https://www.keiba.go.jp/KeibaWeb/TodayRaceInfo/RaceMarkTable?k_raceDate=1984%2F11%2F07&k_raceNo=1&k_babaCode=21,data/cache/html/19841107_kawasaki_1.html
19841107_kawasaki_2,1984-11-07,kawasaki,2,https://www.keiba.go.jp/KeibaWeb/TodayRaceInfo/RaceMarkTable?k_raceDate=1984%2F11%2F07&k_raceNo=2&k_babaCode=21,data/cache/html/19841107_kawasaki_2.html
19841107_kawasaki_3,1984-11-07,kawasaki,3,https://www.keiba.go.jp/KeibaWeb/TodayRaceInfo/RaceMarkTable?k_raceDate=1984%2F11%2F07&k_raceNo=3&k_babaCode=21,data/cache/html/19841107_kawasaki_3.html
19841107_kawasaki_4,1984-11-07,kawasaki,4,https://www.keiba.go.jp/KeibaWeb/TodayRaceInfo/RaceMarkTable?k_raceDate=1984%2F11%2F07&k_raceNo=4&k_babaCode=21,data/cache/html/19841107_kawasaki_4.html
19841107_kawasaki_5,1984-11-07,kawasaki,5,https://www.keiba.go.jp/KeibaWeb/TodayRaceInfo/RaceMarkTable?k_raceDate=1984%2F11%2F07&k_raceNo=5&k_babaCode=21,data/cache/html/19841107_kawasaki_5.html
19841107_kawasaki_6,1984-11-07,kawasaki,6,https://www.keiba.go.jp/KeibaWeb/TodayRaceInfo/RaceMarkTable?k_raceDate=1984%2F11%2F07&k_raceNo=6&k_babaCode=21,data/cache/html/19841107_kawasaki_6.html
19841107_kawasaki_7,1984-11-07,kawasaki,7,https://www.keiba.go.jp/KeibaWeb/TodayRaceInfo/RaceMarkTable?k_raceDate=1984%2F11%2F07&k_raceNo=7&k_babaCode=21,data/cache/html/19841107_kawasaki_7.html
19841107_kawasaki_8,1984-11-07,kawasaki,8,https://www.keiba.go.jp/KeibaWeb/TodayRaceInfo/RaceMarkTable?k_raceDate=1984%2F11%2F07&k_raceNo=8&k_babaCode=21,data/cache/html/19841107_kawasaki_8.html
19841107_kawasaki_9,1984-11-07,kawasaki,9,https://www.keiba.go.jp/KeibaWeb/TodayRaceInfo/RaceMarkTable?k_raceDate=1984%2F11%2F07&k_raceNo=9&k_babaCode=21,data/cache/html/19841107_kawasaki_9.html
19841107_kawasaki_10,1984-11-07,kawasaki,10,https://www.keiba.go.jp/KeibaWeb/TodayRaceInfo/RaceMarkTable?k_raceDate=1984%2F11%2F07&k_raceNo=10&k_babaCode=21,data/cache/html/19841107_kawasaki_10.html
19841107_kawasaki_11,1984-11-07,kawasaki,11,https://www.keiba.go.jp/KeibaWeb/TodayRaceInfo/RaceMarkTable?k_raceDate=1984%2F11%2F07&k_raceNo=11&k_babaCode=21,data/cache/html/19841107_kawasaki_11.html
19841107_kawasaki_12,1984-11-07,kawasaki,12,https://www.keiba.go.jp/KeibaWeb/TodayRaceInfo/RaceMarkTable?k_raceDate=1984%2F11%2F07&k_raceNo=12&k_babaCode=21,data/cache/html/19841107_kawasaki_12.html
19841106_kawasaki_1,1984-11-06,kawasaki,1,https://www.keiba.go.jp/KeibaWeb/TodayRaceInfo/RaceMarkTable?k_raceDate=1984%2F11%2F06&k_raceNo=1&k_babaCode=21,data/cache/html/19841106_kawasaki_1.html
19841106_kawasaki_2,1984-11-06,kawasaki,2,https://www.keiba.go.jp/KeibaWeb/TodayRaceInfo/RaceMarkTable?k_raceDate=1984%2F11%2F06&k_raceNo=2&k_babaCode=21,data/cache/html/19841106_kawasaki_2.html
19841106_kawasaki_3,1984-11-06,kawasaki,3,https://www.keiba.go.jp/KeibaWeb/TodayRaceInfo/RaceMarkTable?k_raceDate=1984%2F11%2F06&k_raceNo=3&k_babaCode=21,data/cache/html/19841106_kawasaki_3.html
19841106_kawasaki_4,1984-11-06,kawasaki,4,https://www.keiba.go.jp/KeibaWeb/TodayRaceInfo/RaceMarkTable?k_raceDate=1984%2F11%2F06&k_raceNo=4&k_babaCode=21,data/cache/html/19841106_kawasaki_4.html
19841106_kawasaki_5,1984-11-06,kawasaki,5,https://www.keiba.go.jp/KeibaWeb/TodayRaceInfo/RaceMarkTable?k_raceDate=1984%2F11%2F06&k_raceNo=5&k_babaCode=21,data/cache/html/19841106_kawasaki_5.html
19841106_kawasaki_6,1984-11-06,kawasaki,6,https://www.keiba.go.jp/KeibaWeb/TodayRaceInfo/RaceMarkTable?k_raceDate=1984%2F11%2F06&k_raceNo=6&k_babaCode=21,data/cache/html/19841106_kawasaki_6.html
19841106_kawasaki_7,1984-11-06,kawasaki,7,https://www.keiba.go.jp/KeibaWeb/TodayRaceInfo/RaceMarkTable?k_raceDate=1984%2F11%2F06&k_raceNo=7&k_babaCode=21,data/cache/html/19841106_kawasaki_7.html
19841106_kawasaki_8,1984-11-06,kawasaki,8,https://www.keiba.go.jp/KeibaWeb/TodayRaceInfo/RaceMarkTable?k_raceDate=1984%2F11%2F06&k_raceNo=8&k_babaCode=21,data/cache/html/19841106_kawasaki_8.html
19841106_kawasaki_9,1984-11-06,kawasaki,9,https://www.keiba.go.jp/KeibaWeb/TodayRaceInfo/RaceMarkTable?k_raceDate=1984%2F11%2F06&k_raceNo=9&k_babaCode=21,data/cache/html/19841106_kawasaki_9.html
19841106_kawasaki_10,1984-11-06,kawasaki,10,https://www.keiba.go.jp/KeibaWeb/TodayRaceInfo/RaceMarkTable?k_raceDate=1984%2F11%2F06&k_raceNo=10&k_babaCode=21,data/cache/html/19841106_kawasaki_10.html
19841106_kawasaki_11,1984-11-06,kawasaki,11,https://www.keiba.go.jp/KeibaWeb/TodayRaceInfo/RaceMarkTable?k_raceDate=1984%2F11%2F06&k_raceNo=11&k_babaCode=21,data/cache/html/19841106_kawasaki_11.html
19841106_kawasaki_12,1984-11-06,kawasaki,12,https://www.keiba.go.jp/KeibaWeb/TodayRaceInfo/RaceMarkTable?k_raceDate=1984%2F11%2F06&k_raceNo=12&k_babaCode=21,data/cache/html/19841106_kawasaki_12.html
