race_id,date,track,race_no,official_url,cache_html_path
19950313_kawasaki_1,1995-03-13,kawasaki,1,https://www.keiba.go.jp/KeibaWeb/TodayRaceInfo/RaceMarkTable?k_raceDate=1995%2F03%2F13&k_raceNo=1&k_babaCode=21,data/cache/html/19950313_kawasaki_1.html
19950313_kawasaki_2,1995-03-13,kawasaki,2,https://www.keiba.go.jp/KeibaWeb/TodayRaceInfo/RaceMarkTable?k_raceDate=1995%2F03%2F13&k_raceNo=2&k_babaCode=21,data/cache/html/19950313_kawasaki_2.html
19950313_kawasaki_3,1995-03-13,kawasaki,3,https://www.keiba.go.jp/KeibaWeb/TodayRaceInfo/RaceMarkTable?k_raceDate=1995%2F03%2F13&k_raceNo=3&k_babaCode=21,data/cache/html/19950313_kawasaki_3.html
19950313_kawasaki_4,1995-03-13,kawasaki,4,https://www.keiba.go.jp/KeibaWeb/TodayRaceInfo/RaceMarkTable?k_raceDate=1995%2F03%2F13&k_raceNo=4&k_babaCode=21,data/cache/html/19950313_kawasaki_4.html
19950313_kawasaki_5,1995-03-13,kawasaki,5,https://www.keiba.go.jp/KeibaWeb/TodayRaceInfo/RaceMarkTable?k_raceDate=1995%2F03%2F13&k_raceNo=5&k_babaCode=21,data/cache/html/19950313_kawasaki_5.html
19950313_kawasaki_6,1995-03-13,kawasaki,6,https://www.keiba.go.jp/KeibaWeb/TodayRaceInfo/RaceMarkTable?k_raceDate=1995%2F03%2F13&k_raceNo=6&k_babaCode=21,data/cache/html/19950313_kawasaki_6.html
19950313_kawasaki_7,1995-03-13,kawasaki,7,https://www.keiba.go.jp/KeibaWeb/TodayRaceInfo/RaceMarkTable?k_raceDate=1995%2F03%2F13&k_raceNo=7&k_babaCode=21,data/cache/html/19950313_kawasaki_7.html
19950313_kawasaki_8,1995-03-13,kawasaki,8,https://www.keiba.go.jp/KeibaWeb/TodayRaceInfo/RaceMarkTable?k_raceDate=1995%2F03%2F13&k_raceNo=8&k_babaCode=21,data/cache/html/19950313_kawasaki_8.html
19950313_kawasaki_9,1995-03-13,kawasaki,9,https://www.keiba.go.jp/KeibaWeb/TodayRaceInfo/RaceMarkTable?k_raceDate=1995%2F03%2F13&k_raceNo=9&k_babaCode=21,data/cache/html/19950313_kawasaki_9.html
19950313_kawasaki_10,1995-03-13,kawasaki,10,https://www.keiba.go.jp/KeibaWeb/TodayRaceInfo/RaceMarkTable?k_raceDate=1995%2F03%2F13&k_raceNo=10&k_babaCode=21,data/cache/html/19950313_kawasaki_10.html
19950313_kawasaki_11,1995-03-13,kawasaki,11,https://www.keiba.go.jp/KeibaWeb/TodayRaceInfo/RaceMarkTable?k_raceDate=1995%2F03%2F13&k_raceNo=11&k_babaCode=21,data/cache/html/19950313_kawasaki_11.html
19950313_kawasaki_12,1995-03-13,kawasaki,12,https://www.keiba.go.jp/KeibaWeb/TodayRaceInfo/RaceMarkTable?k_raceDate=1995%2F03%2F13&k_raceNo=12&k_babaCode=21,data/cache/html/19950313_kawasaki_12.html
19950312_kawasaki_1,1995-03-12,kawasaki,1,https://www.keiba.go.jp/KeibaWeb/TodayRaceInfo/RaceMarkTable?k_raceDate=1995%2F03%2F12&k_raceNo=1&k_babaCode=21,data/cache/html/19950312_kawasaki_1.html
19950312_kawasaki_2,1995-03-12,kawasaki,2,https://www.keiba.go.jp/KeibaWeb/TodayRaceInfo/RaceMarkTable?k_raceDate=1995%2F03%2F12&k_raceNo=2&k_babaCode=21,data/cache/html/19950312_kawasaki_2.html
19950312_kawasaki_3,1995-03-12,kawasaki,3,https://www.keiba.go.jp/KeibaWeb/TodayRaceInfo/RaceMarkTable?k_raceDate=1995%2F03%2F12&k_raceNo=3&k_babaCode=21,data/cache/html/19950312_kawasaki_3.html
19950312_kawasaki_4,1995-03-12,kawasaki,4,https://www.keiba.go.jp/KeibaWeb/TodayRaceInfo/RaceMarkTable?k_raceDate=1995%2F03%2F12&k_raceNo=4&k_babaCode=21,data/cache/html/19950312_kawasaki_4.html
19950312_kawasaki_5,1995-03-12,kawasaki,5,https://www.keiba.go.jp/KeibaWeb/TodayRaceInfo/RaceMarkTable?k_raceDate=1995%2F03%2F12&k_raceNo=5&k_babaCode=21,data/cache/html/19950312_kawasaki_5.html
19950312_kawasaki_6,1995-03-12,kawasaki,6,https://www.keiba.go.jp/KeibaWeb/TodayRaceInfo/RaceMarkTable?k_raceDate=1995%2F03%2F12&k_raceNo=6&k_babaCode=21,data/cache/html/19950312_kawasaki_6.html
19950312_kawasaki_7,1995-03-12,kawasaki,7,https://www.keiba.go.jp/KeibaWeb/TodayRaceInfo/RaceMarkTable?k_raceDate=1995%2F03%2F12&k_raceNo=7&k_babaCode=21,data/cache/html/19950312_kawasaki_7.html
19950312_kawasaki_8,1995-03-12,kawasaki,8,https://www.keiba.go.jp/KeibaWeb/TodayRaceInfo/RaceMarkTable?k_raceDate=1995%2F03%2F12&k_raceNo=8&k_babaCode=21,data/cache/html/19950312_kawasaki_8.html
19950312_kawasaki_9,1995-03-12,kawasaki,9,https://www.keiba.go.jp/KeibaWeb/TodayRaceInfo/RaceMarkTable?k_raceDate=1995%2F03%2F12&k_raceNo=9&k_babaCode=21,data/cache/html/19950312_kawasaki_9.html
19950312_kawasaki_10,1995-03-12,kawasaki,10,https://www.keiba.go.jp/KeibaWeb/TodayRaceInfo/RaceMarkTable?k_raceDate=1995%2F03%2F12&k_raceNo=10&k_babaCode=21,data/cache/html/19950312_kawasaki_10.html
19950312_kawasaki_11,1995-03-12,kawasaki,11,https://www.keiba.go.jp/KeibaWeb/TodayRaceInfo/RaceMarkTable?k_raceDate=1995%2F03%2F12&k_raceNo=11&k_babaCode=21,data/cache/html/19950312_kawasaki_11.html
19950312_kawasaki_12,1995-03-12,kawasaki,12,https://www.keiba.go.jp/KeibaWeb/TodayRaceInfo/RaceMarkTable?k_raceDate=1995%2F03%2F12&k_raceNo=12&k_babaCode=21,data/cache/html/19950312_kawasaki_12.html
19950311_kawasaki_1,1995-03-11,kawasaki,1,https://www.keiba.go.jp/KeibaWeb/TodayRaceInfo/RaceMarkTable?k_raceDate=1995%2F03%2F11&k_raceNo=1&k_babaCode=21,data/cache/html/19950311_kawasaki_1.html
19950311_kawasaki_2,1995-03-11,kawasaki,2,https://www.keiba.go.jp/KeibaWeb/TodayRaceInfo/RaceMarkTable?k_raceDate=1995%2F03%2F11&k_raceNo=2&k_babaCode=21,data/cache/html/19950311_kawasaki_2.html
19950311_kawasaki_3,1995-03-11,kawasaki,3,https://www.keiba.go.jp/KeibaWeb/TodayRaceInfo/RaceMarkTable?k_raceDate=1995%2F03%2F11&k_raceNo=3&k_babaCode=21,data/cache/html/19950311_kawasaki_3.html
19950311_kawasaki_4,1995-03-11,kawasaki,4,https://www.keiba.go.jp/KeibaWeb/TodayRaceInfo/RaceMarkTable?k_raceDate=1995%2F03%2F11&k_raceNo=4&k_babaCode=21,data/cache/html/19950311_kawasaki_4.html
19950311_kawasaki_5,1995-03-11,kawasaki,5,https://www.keiba.go.jp/KeibaWeb/TodayRaceInfo/RaceMarkTable?k_raceDate=1995%2F03%2F11&k_raceNo=5&k_babaCode=21,data/cache/html/19950311_kawasaki_5.html
19950311_kawasaki_6,1995-03-11,kawasaki,6,https://www.keiba.go.jp/KeibaWeb/TodayRaceInfo/RaceMarkTable?k_raceDate=1995%2F03%2F11&k_raceNo=6&k_babaCode=21,data/cache/html/19950311_kawasaki_6.html
19950311_kawasaki_7,1995-03-11,kawasaki,7,https://www.keiba.go.jp/KeibaWeb/TodayRaceInfo/RaceMarkTable?k_raceDate=1995%2F03%2F11&k_raceNo=7&k_babaCode=21,data/cache/html/19950311_kawasaki_7.html
19950311_kawasaki_8,1995-03-11,kawasaki,8,https://www.keiba.go.jp/KeibaWeb/TodayRaceInfo/RaceMarkTable?k_raceDate=1995%2F03%2F11&k_raceNo=8&k_babaCode=21,data/cache/html/19950311_kawasaki_8.html
19950311_kawasaki_9,1995-03-11,kawasaki,9,https://www.keiba.go.jp/KeibaWeb/TodayRaceInfo/RaceMarkTable?k_raceDate=1995%2F03%2F11&k_raceNo=9&k_babaCode=21,data/cache/html/19950311_kawasaki_9.html
19950311_kawasaki_10,1995-03-11,kawasaki,10,https://www.keiba.go.jp/KeibaWeb/TodayRaceInfo/RaceMarkTable?k_raceDate=1995%2F03%2F11&k_raceNo=10&k_babaCode=21,data/cache/html/19950311_kawasaki_10.html
19950311_kawasaki_11,1995-03-11,kawasaki,11,https://www.keiba.go.jp/KeibaWeb/TodayRaceInfo/RaceMarkTable?k_raceDate=1995%2F03%2F11&k_raceNo=11&k_babaCode=21,data/cache/html/19950311_kawasaki_11.html
19950311_kawasaki_12,1995-03-11,kawasaki,12,https://www.keiba.go.jp/KeibaWeb/TodayRaceInfo/RaceMarkTable?k_raceDate=1995%2F03%2F11&k_raceNo=12&k_babaCode=21,data/cache/html/19950311_kawasaki_12.html
19950310_kawasaki_1,1995-03-10,kawasaki,1,https://www.keiba.go.jp/KeibaWeb/TodayRaceInfo/RaceMarkTable?k_raceDate=1995%2F03%2F10&k_raceNo=1&k_babaCode=21,data/cache/html/19950310_kawasaki_1.html
19950310_kawasaki_2,1995-03-10,kawasaki,2,https://www.keiba.go.jp/KeibaWeb/TodayRaceInfo/RaceMarkTable?k_raceDate=1995%2F03%2F10&k_raceNo=2&k_babaCode=21,data/cache/html/19950310_kawasaki_2.html
19950310_kawasaki_3,1995-03-10,kawasaki,3,https://www.keiba.go.jp/KeibaWeb/TodayRaceInfo/RaceMarkTable?k_raceDate=1995%2F03%2F10&k_raceNo=3&k_babaCode=21,data/cache/html/19950310_kawasaki_3.html
19950310_kawasaki_4,1995-03-10,kawasaki,4,https://www.keiba.go.jp/KeibaWeb/TodayRaceInfo/RaceMarkTable?k_raceDate=1995%2F03%2F10&k_raceNo=4&k_babaCode=21,data/cache/html/19950310_kawasaki_4.html
19950310_kawasaki_5,1995-03-10,kawasaki,5,https://www.keiba.go.jp/KeibaWeb/TodayRaceInfo/RaceMarkTable?k_raceDate=1995%2F03%2F10&k_raceNo=5&k_babaCode=21,data/cache/html/19950310_kawasaki_5.html
19950310_kawasaki_6,1995-03-10,kawasaki,6,https://www.keiba.go.jp/KeibaWeb/TodayRaceInfo/RaceMarkTable?k_raceDate=1995%2F03%2F10&k_raceNo=6&k_babaCode=21,data/cache/html/19950310_kawasaki_6.html
19950310_kawasaki_7,1995-03-10,kawasaki,7,https://www.keiba.go.jp/KeibaWeb/TodayRaceInfo/RaceMarkTable?k_raceDate=1995%2F03%2F10&k_raceNo=7&k_babaCode=21,data/cache/html/19950310_kawasaki_7.html
19950310_kawasaki_8,1995-03-10,kawasaki,8,https://www.keiba.go.jp/KeibaWeb/TodayRaceInfo/RaceMarkTable?k_raceDate=1995%2F03%2F10&k_raceNo=8&k_babaCode=21,data/cache/html/19950310_kawasaki_8.html
19950310_kawasaki_9,1995-03-10,kawasaki,9,https://www.keiba.go.jp/KeibaWeb/TodayRaceInfo/RaceMarkTable?k_raceDate=1995%2F03%2F10&k_raceNo=9&k_babaCode=21,data/cache/html/19950310_kawasaki_9.html
19950310_kawasaki_10,1995-03-10,kawasaki,10,https://www.keiba.go.jp/KeibaWeb/TodayRaceInfo/RaceMarkTable?k_raceDate=1995%2F03%2F10&k_raceNo=10&k_babaCode=21,data/cache/html/19950310_kawasaki_10.html
19950310_kawasaki_11,1995-03-10,kawasaki,11,https://www.keiba.go.jp/KeibaWeb/TodayRaceInfo/RaceMarkTable?k_raceDate=1995%2F03%2F10&k_raceNo=11&k_babaCode=21,data/cache/html/19950310_kawasaki_11.html
19950310_kawasaki_12,1995-03-10,kawasaki,12,https://www.keiba.go.jp/KeibaWeb/TodayRaceInfo/RaceMarkTable?k_raceDate=1995%2F03%2F10&k_raceNo=12&k_babaCode=21,data/cache/html/19950310_kawasaki_12.html
19950309_kawasaki_1,1995-03-09,kawasaki,1,https://www.keiba.go.jp/KeibaWeb/TodayRaceInfo/RaceMarkTable?k_raceDate=1995%2F03%2F09&k_raceNo=1&k_babaCode=21,data/cache/html/19950309_kawasaki_1.html
19950309_kawasaki_2,1995-03-09,kawasaki,2,https://www.keiba.go.jp/KeibaWeb/TodayRaceInfo/RaceMarkTable?k_raceDate=1995%2F03%2F09&k_raceNo=2&k_babaCode=21,data/cache/html/19950309_kawasaki_2.html
19950309_kawasaki_3,1995-03-09,kawasaki,3,https://www.keiba.go.jp/KeibaWeb/TodayRaceInfo/RaceMarkTable?k_raceDate=1995%2F03%2F09&k_raceNo=3&k_babaCode=21,data/cache/html/19950309_kawasaki_3.html
19950309_kawasaki_4,1995-03-09,kawasaki,4,https://www.keiba.go.jp/KeibaWeb/TodayRaceInfo/RaceMarkTable?k_raceDate=1995%2F03%2F09&k_raceNo=4&k_babaCode=21,data/cache/html/19950309_kawasaki_4.html
19950309_kawasaki_5,1995-03-09,kawasaki,5,https://www.keiba.go.jp/KeibaWeb/TodayRaceInfo/RaceMarkTable?k_raceDate=1995%2F03%2F09&k_raceNo=5&k_babaCode=21,data/cache/html/19950309_kawasaki_5.html
19950309_kawasaki_6,1995-03-09,kawasaki,6,https://www.keiba.go.jp/KeibaWeb/TodayRaceInfo/RaceMarkTable?k_raceDate=1995%2F03%2F09&k_raceNo=6&k_babaCode=21,data/cache/html/19950309_kawasaki_6.html
19950309_kawasaki_7,1995-03-09,kawasaki,7,https://www.keiba.go.jp/KeibaWeb/TodayRaceInfo/RaceMarkTable?k_raceDate=1995%2F03%2F09&k_raceNo=7&k_babaCode=21,data/cache/html/19950309_kawasaki_7.html
19950309_kawasaki_8,1995-03-09,kawasaki,8,https://www.keiba.go.jp/KeibaWeb/TodayRaceInfo/RaceMarkTable?k_raceDate=1995%2F03%2F09&k_raceNo=8&k_babaCode=21,data/cache/html/19950309_kawasaki_8.html
19950309_kawasaki_9,1995-03-09,kawasaki,9,https://www.keiba.go.jp/KeibaWeb/TodayRaceInfo/RaceMarkTable?k_raceDate=1995%2F03%2F09&k_raceNo=9&k_babaCode=21,data/cache/html/19950309_kawasaki_9.html
19950309_kawasaki_10,1995-03-09,kawasaki,10,https://www.keiba.go.jp/KeibaWeb/TodayRaceInfo/RaceMarkTable?k_raceDate=1995%2F03%2F09&k_raceNo=10&k_babaCode=21,data/cache/html/19950309_kawasaki_10.html
19950309_kawasaki_11,1995-03-09,kawasaki,11,https://www.keiba.go.jp/KeibaWeb/TodayRaceInfo/RaceMarkTable?k_raceDate=1995%2F03%2F09&k_raceNo=11&k_babaCode=21,data/cache/html/19950309_kawasaki_11.html
19950309_kawasaki_12,1995-03-09,kawasaki,12,https://www.keiba.go.jp/KeibaWeb/TodayRaceInfo/RaceMarkTable?k_raceDate=1995%2F03%2F09&k_raceNo=12&k_babaCode=21,data/cache/html/19950309_kawasaki_12.html
19950308_kawasaki_1,1995-03-08,kawasaki,1,https://www.keiba.go.jp/KeibaWeb/TodayRaceInfo/RaceMarkTable?k_raceDate=1995%2F03%2F08&k_raceNo=1&k_babaCode=21,data/cache/html/19950308_kawasaki_1.html
19950308_kawasaki_2,1995-03-08,kawasaki,2,https://www.keiba.go.jp/KeibaWeb/TodayRaceInfo/RaceMarkTable?k_raceDate=1995%2F03%2F08&k_raceNo=2&k_babaCode=21,data/cache/html/19950308_kawasaki_2.html
19950308_kawasaki_3,1995-03-08,kawasaki,3,https://www.keiba.go.jp/KeibaWeb/TodayRaceInfo/RaceMarkTable?k_raceDate=1995%2F03%2F08&k_raceNo=3&k_babaCode=21,data/cache/html/19950308_kawasaki_3.html
19950308_kawasaki_4,1995-03-08,kawasaki,4,https://www.keiba.go.jp/KeibaWeb/TodayRaceInfo/RaceMarkTable?k_raceDate=1995%2F03%2F08&k_raceNo=4&k_babaCode=21,data/cache/html/19950308_kawasaki_4.html
19950308_kawasaki_5,1995-03-08,kawasaki,5,https://www.keiba.go.jp/KeibaWeb/TodayRaceInfo/RaceMarkTable?k_raceDate=1995%2F03%2F08&k_raceNo=5&k_babaCode=21,data/cache/html/19950308_kawasaki_5.html
19950308_kawasaki_6,1995-03-08,kawasaki,6,https://www.keiba.go.jp/KeibaWeb/TodayRaceInfo/RaceMarkTable?k_raceDate=1995%2F03%2F08&k_raceNo=6&k_babaCode=21,data/cache/html/19950308_kawasaki_6.html
19950308_kawasaki_7,1995-03-08,kawasaki,7,https://www.keiba.go.jp/KeibaWeb/TodayRaceInfo/RaceMarkTable?k_raceDate=1995%2F03%2F08&k_raceNo=7&k_babaCode=21,data/cache/html/19950308_kawasaki_7.html
19950308_kawasaki_8,1995-03-08,kawasaki,8,https://www.keiba.go.jp/KeibaWeb/TodayRaceInfo/RaceMarkTable?k_raceDate=1995%2F03%2F08&k_raceNo=8&k_babaCode=21,data/cache/html/19950308_kawasaki_8.html
19950308_kawasaki_9,1995-03-08,kawasaki,9,https://www.keiba.go.jp/KeibaWeb/TodayRaceInfo/RaceMarkTable?k_raceDate=1995%2F03%2F08&k_raceNo=9&k_babaCode=21,data/cache/html/19950308_kawasaki_9.html
19950308_kawasaki_10,1995-03-08,kawasaki,10,https://www.keiba.go.jp/KeibaWeb/TodayRaceInfo/RaceMarkTable?k_raceDate=1995%2F03%2F08&k_raceNo=10&k_babaCode=21,data/cache/html/19950308_kawasaki_10.html
19950308_kawasaki_11,1995-03-08,kawasaki,11,https://www.keiba.go.jp/KeibaWeb/TodayRaceInfo/RaceMarkTable?k_raceDate=1995%2F03%2F08&k_raceNo=11&k_babaCode=21,data/cache/html/19950308_kawasaki_11.html
19950308_kawasaki_12,1995-03-08,kawasaki,12,https://www.keiba.go.jp/KeibaWeb/TodayRaceInfo/RaceMarkTable?k_raceDate=1995%2F03%2F08&k_raceNo=12&k_babaCode=21,data/cache/html/19950308_kawasaki_12.html
19950307_kawasaki_1,1995-03-07,kawasaki,1,https://www.keiba.go.jp/KeibaWeb/TodayRaceInfo/RaceMarkTable?k_raceDate=1995%2F03%2F07&k_raceNo=1&k_babaCode=21,data/cache/html/19950307_kawasaki_1.html
19950307_kawasaki_2,1995-03-07,kawasaki,2,https://www.keiba.go.jp/KeibaWeb/TodayRaceInfo/RaceMarkTable?k_raceDate=1995%2F03%2F07&k_raceNo=2&k_babaCode=21,data/cache/html/19950307_kawasaki_2.html
19950307_kawasaki_3,1995-03-07,kawasaki,3,https://www.keiba.go.jp/KeibaWeb/TodayRaceInfo/RaceMarkTable?k_raceDate=1995%2F03%2F07&k_raceNo=3&k_babaCode=21,data/cache/html/19950307_kawasaki_3.html
19950307_kawasaki_4,1995-03-07,kawasaki,4,https://www.keiba.go.jp/KeibaWeb/TodayRaceInfo/RaceMarkTable?k_raceDate=1995%2F03%2F07&k_raceNo=4&k_babaCode=21,data/cache/html/19950307_kawasaki_4.html
19950307_kawasaki_5,1995-03-07,kawasaki,5,https://www.keiba.go.jp/KeibaWeb/TodayRaceInfo/RaceMarkTable?k_raceDate=1995%2F03%2F07&k_raceNo=5&k_babaCode=21,data/cache/html/19950307_kawasaki_5.html
19950307_kawasaki_6,1995-03-07,kawasaki,6,https://www.keiba.go.jp/KeibaWeb/TodayRaceInfo/RaceMarkTable?k_raceDate=1995%2F03%2F07&k_raceNo=6&k_babaCode=21,data/cache/html/19950307_kawasaki_6.html
19950307_kawasaki_7,1995-03-07,kawasaki,7,https://www.keiba.go.jp/KeibaWeb/TodayRaceInfo/RaceMarkTable?k_raceDate=1995%2F03%2F07&k_raceNo=7&k_babaCode=21,data/cache/html/19950307_kawasaki_7.html
19950307_kawasaki_8,1995-03-07,kawasaki,8,https://www.keiba.go.jp/KeibaWeb/TodayRaceInfo/RaceMarkTable?k_raceDate=1995%2F03%2F07&k_raceNo=8&k_babaCode=21,data/cache/html/19950307_kawasaki_8.html
19950307_kawasaki_9,1995-03-07,kawasaki,9,https://www.keiba.go.jp/KeibaWeb/TodayRaceInfo/RaceMarkTable?k_raceDate=1995%2F03%2F07&k_raceNo=9&k_babaCode=21,data/cache/html/19950307_kawasaki_9.html
19950307_kawasaki_10,1995-03-07,kawasaki,10,https://www.keiba.go.jp/KeibaWeb/TodayRaceInfo/RaceMarkTable?k_raceDate=1995%2F03%2F07&k_raceNo=10&k_babaCode=21,data/cache/html/19950307_kawasaki_10.html
19950307_kawasaki_11,1995-03-07,kawasaki,11,https://www.keiba.go.jp/KeibaWeb/TodayRaceInfo/RaceMarkTable?k_raceDate=1995%2F03%2F07&k_raceNo=11&k_babaCode=21,data/cache/html/19950307_kawasaki_11.html
19950307_kawasaki_12,1995-03-07,kawasaki,12,https://www.keiba.go.jp/KeibaWeb/TodayRaceInfo/RaceMarkTable?k_raceDate=1995%2F03%2F07&k_raceNo=12&k_babaCode=21,data/cache/html/19950307_kawasaki_12.html
19950306_kawasaki_1,1995-03-06,kawasaki,1,https://www.keiba.go.jp/KeibaWeb/TodayRaceInfo/RaceMarkTable?k_raceDate=1995%2F03%2F06&k_raceNo=1&k_babaCode=21,data/cache/html/19950306_kawasaki_1.html
19950306_kawasaki_2,1995-03-06,kawasaki,2,https://www.keiba.go.jp/KeibaWeb/TodayRaceInfo/RaceMarkTable?k_raceDate=1995%2F03%2F06&k_raceNo=2&k_babaCode=21,data/cache/html/19950306_kawasaki_2.html
19950306_kawasaki_3,1995-03-06,kawasaki,3,https://www.keiba.go.jp/KeibaWeb/TodayRaceInfo/RaceMarkTable?k_raceDate=1995%2F03%2F06&k_raceNo=3&k_babaCode=21,data/cache/html/19950306_kawasaki_3.html
19950306_kawasaki_4,1995-03-06,kawasaki,4,https://www.keiba.go.jp/KeibaWeb/TodayRaceInfo/RaceMarkTable?k_raceDate=1995%2F03%2F06&k_raceNo=4&k_babaCode=21,data/cache/html/19950306_kawasaki_4.html
19950306_kawasaki_5,1995-03-06,kawasaki,5,https://www.keiba.go.jp/KeibaWeb/TodayRaceInfo/RaceMarkTable?k_raceDate=1995%2F03%2F06&k_raceNo=5&k_babaCode=21,data/cache/html/19950306_kawasaki_5.html
19950306_kawasaki_6,1995-03-06,kawasaki,6,https://www.keiba.go.jp/KeibaWeb/TodayRaceInfo/RaceMarkTable?k_raceDate=1995%2F03%2F06&k_raceNo=6&k_babaCode=21,data/cache/html/19950306_kawasaki_6.html
19950306_kawasaki_7,1995-03-06,kawasaki,7,https://www.keiba.go.jp/KeibaWeb/TodayRaceInfo/RaceMarkTable?k_raceDate=1995%2F03%2F06&k_raceNo=7&k_babaCode=21,data/cache/html/19950306_kawasaki_7.html
19950306_kawasaki_8,1995-03-06,kawasaki,8,https://www.keiba.go.jp/KeibaWeb/TodayRaceInfo/RaceMarkTable?k_raceDate=1995%2F03%2F06&k_raceNo=8&k_babaCode=21,data/cache/html/19950306_kawasaki_8.html
19950306_kawasaki_9,1995-03-06,kawasaki,9,https://www.keiba.go.jp/KeibaWeb/TodayRaceInfo/RaceMarkTable?k_raceDate=1995%2F03%2F06&k_raceNo=9&k_babaCode=21,data/cache/html/19950306_kawasaki_9.html
19950306_kawasaki_10,1995-03-06,kawasaki,10,https://www.keiba.go.jp/KeibaWeb/TodayRaceInfo/RaceMarkTable?k_raceDate=1995%2F03%2F06&k_raceNo=10&k_babaCode=21,data/cache/html/19950306_kawasaki_10.html
19950306_kawasaki_11,1995-03-06,kawasaki,11,https://www.keiba.go.jp/KeibaWeb/TodayRaceInfo/RaceMarkTable?k_raceDate=1995%2F03%2F06&k_raceNo=11&k_babaCode=21,data/cache/html/19950306_kawasaki_11.html
19950306_kawasaki_12,1995-03-06,kawasaki,12,https://www.keiba.go.jp/KeibaWeb/TodayRaceInfo/RaceMarkTable?k_raceDate=1995%2F03%2F06&k_raceNo=12&k_babaCode=21,data/cache/html/19950306_kawasaki_12.html
19950305_kawasaki_1,1995-03-05,kawasaki,1,https://www.keiba.go.jp/KeibaWeb/TodayRaceInfo/RaceMarkTable?k_raceDate=1995%2F03%2F05&k_raceNo=1&k_babaCode=21,data/cache/html/19950305_kawasaki_1.html
19950305_kawasaki_2,1995-03-05,kawasaki,2,https://www.keiba.go.jp/KeibaWeb/TodayRaceInfo/RaceMarkTable?k_raceDate=1995%2F03%2F05&k_raceNo=2&k_babaCode=21,data/cache/html/19950305_kawasaki_2.html
19950305_kawasaki_3,1995-03-05,kawasaki,3,https://www.keiba.go.jp/KeibaWeb/TodayRaceInfo/RaceMarkTable?k_raceDate=1995%2F03%2F05&k_raceNo=3&k_babaCode=21,data/cache/html/19950305_kawasaki_3.html
19950305_kawasaki_4,1995-03-05,kawasaki,4,https://www.keiba.go.jp/KeibaWeb/TodayRaceInfo/RaceMarkTable?k_raceDate=1995%2F03%2F05&k_raceNo=4&k_babaCode=21,data/cache/html/19950305_kawasaki_4.html
19950305_kawasaki_5,1995-03-05,kawasaki,5,https://www.keiba.go.jp/KeibaWeb/TodayRaceInfo/RaceMarkTable?k_raceDate=1995%2F03%2F05&k_raceNo=5&k_babaCode=21,data/cache/html/19950305_kawasaki_5.html
19950305_kawasaki_6,1995-03-05,kawasaki,6,https://www.keiba.go.jp/KeibaWeb/TodayRaceInfo/RaceMarkTable?k_raceDate=1995%2F03%2F05&k_raceNo=6&k_babaCode=21,data/cache/html/19950305_kawasaki_6.html
19950305_kawasaki_7,1995-03-05,kawasaki,7,https://www.keiba.go.jp/KeibaWeb/TodayRaceInfo/RaceMarkTable?k_raceDate=1995%2F03%2F05&k_raceNo=7&k_babaCode=21,data/cache/html/19950305_kawasaki_7.html
19950305_kawasaki_8,1995-03-05,kawasaki,8,https://www.keiba.go.jp/KeibaWeb/TodayRaceInfo/RaceMarkTable?k_raceDate=1995%2F03%2F05&k_raceNo=8&k_babaCode=21,data/cache/html/19950305_kawasaki_8.html
19950305_kawasaki_9,1995-03-05,kawasaki,9,https://www.keiba.go.jp/KeibaWeb/TodayRaceInfo/RaceMarkTable?k_raceDate=1995%2F03%2F05&k_raceNo=9&k_babaCode=21,data/cache/html/19950305_kawasaki_9.html
19950305_kawasaki_10,1995-03-05,kawasaki,10,https://www.keiba.go.jp/KeibaWeb/TodayRaceInfo/RaceMarkTable?k_raceDate=1995%2F03%2F05&k_raceNo=10&k_babaCode=21,data/cache/html/19950305_kawasaki_10.html
19950305_kawasaki_11,1995-03-05,kawasaki,11,https://www.keiba.go.jp/KeibaWeb/TodayRaceInfo/RaceMarkTable?k_raceDate=1995%2F03%2F05&k_raceNo=11&k_babaCode=21,data/cache/html/19950305_kawasaki_11.html
19950305_kawasaki_12,1995-03-05,kawasaki,12,https://www.keiba.go.jp/KeibaWeb/TodayRaceInfo/RaceMarkTable?k_raceDate=1995%2F03%2F05&k_raceNo=12&k_babaCode=21,data/cache/html/19950305_kawasaki_12.html
19950304_kawasaki_1,1995-03-04,kawasaki,1,https://www.keiba.go.jp/KeibaWeb/TodayRaceInfo/RaceMarkTable?k_raceDate=1995%2F03%2F04&k_raceNo=1&k_babaCode=21,data/cache/html/19950304_kawasaki_1.html
19950304_kawasaki_2,1995-03-04,kawasaki,2,https://www.keiba.go.jp/KeibaWeb/TodayRaceInfo/RaceMarkTable?k_raceDate=1995%2F03%2F04&k_raceNo=2&k_babaCode=21,data/cache/html/19950304_kawasaki_2.html
19950304_kawasaki_3,1995-03-04,kawasaki,3,https://www.keiba.go.jp/KeibaWeb/TodayRaceInfo/RaceMarkTable?k_raceDate=1995%2F03%2F04&k_raceNo=3&k_babaCode=21,data/cache/html/19950304_kawasaki_3.html
19950304_kawasaki_4,1995-03-04,kawasaki,4,https://www.keiba.go.jp/KeibaWeb/TodayRaceInfo/RaceMarkTable?k_raceDate=1995%2F03%2F04&k_raceNo=4&k_babaCode=21,data/cache/html/19950304_kawasaki_4.html
19950304_kawasaki_5,1995-03-04,kawasaki,5,https://www.keiba.go.jp/KeibaWeb/TodayRaceInfo/RaceMarkTable?k_raceDate=1995%2F03%2F04&k_raceNo=5&k_babaCode=21,data/cache/html/19950304_kawasaki_5.html
19950304_kawasaki_6,1995-03-04,kawasaki,6,https://www.keiba.go.jp/KeibaWeb/TodayRaceInfo/RaceMarkTable?k_raceDate=1995%2F03%2F04&k_raceNo=6&k_babaCode=21,data/cache/html/19950304_kawasaki_6.html
19950304_kawasaki_7,1995-03-04,kawasaki,7,https://www.keiba.go.jp/KeibaWeb/TodayRaceInfo/RaceMarkTable?k_raceDate=1995%2F03%2F04&k_raceNo=7&k_babaCode=21,data/cache/html/19950304_kawasaki_7.html
19950304_kawasaki_8,1995-03-04,kawasaki,8,https://www.keiba.go.jp/KeibaWeb/TodayRaceInfo/RaceMarkTable?k_raceDate=1995%2F03%2F04&k_raceNo=8&k_babaCode=21,data/cache/html/19950304_kawasaki_8.html
19950304_kawasaki_9,1995-03-04,kawasaki,9,https://www.keiba.go.jp/KeibaWeb/TodayRaceInfo/RaceMarkTable?k_raceDate=1995%2F03%2F04&k_raceNo=9&k_babaCode=21,data/cache/html/19950304_kawasaki_9.html
19950304_kawasaki_10,1995-03-04,kawasaki,10,https://www.keiba.go.jp/KeibaWeb/TodayRaceInfo/RaceMarkTable?k_raceDate=1995%2F03%2F04&k_raceNo=10&k_babaCode=21,data/cache/html/19950304_kawasaki_10.html
19950304_kawasaki_11,1995-03-04,kawasaki,11,https://www.keiba.go.jp/KeibaWeb/TodayRaceInfo/RaceMarkTable?k_raceDate=1995%2F03%2F04&k_raceNo=11&k_babaCode=21,data/cache/html/19950304_kawasaki_11.html
19950304_kawasaki_12,1995-03-04,kawasaki,12,https://www.keiba.go.jp/KeibaWeb/TodayRaceInfo/RaceMarkTable?k_raceDate=1995%2F03%2F04&k_raceNo=12&k_babaCode=21,data/cache/html/19950304_kawasaki_12.html
19950303_kawasaki_1,1995-03-03,kawasaki,1,https://www.keiba.go.jp/KeibaWeb/TodayRaceInfo/RaceMarkTable?k_raceDate=1995%2F03%2F03&k_raceNo=1&k_babaCode=21,data/cache/html/19950303_kawasaki_1.html
19950303_kawasaki_2,1995-03-03,kawasaki,2,https://www.keiba.go.jp/KeibaWeb/TodayRaceInfo/RaceMarkTable?k_raceDate=1995%2F03%2F03&k_raceNo=2&k_babaCode=21,data/cache/html/19950303_kawasaki_2.html
19950303_kawasaki_3,1995-03-03,kawasaki,3,https://www.keiba.go.jp/KeibaWeb/TodayRaceInfo/RaceMarkTable?k_raceDate=1995%2F03%2F03&k_raceNo=3&k_babaCode=21,data/cache/html/19950303_kawasaki_3.html
19950303_kawasaki_4,1995-03-03,kawasaki,4,https://www.keiba.go.jp/KeibaWeb/TodayRaceInfo/RaceMarkTable?k_raceDate=1995%2F03%2F03&k_raceNo=4&k_babaCode=21,data/cache/html/19950303_kawasaki_4.html
19950303_kawasaki_5,1995-03-03,kawasaki,5,https://www.keiba.go.jp/KeibaWeb/TodayRaceInfo/RaceMarkTable?k_raceDate=1995%2F03%2F03&k_raceNo=5&k_babaCode=21,data/cache/html/19950303_kawasaki_5.html
19950303_kawasaki_6,1995-03-03,kawasaki,6,https://www.keiba.go.jp/KeibaWeb/TodayRaceInfo/RaceMarkTable?k_raceDate=1995%2F03%2F03&k_raceNo=6&k_babaCode=21,data/cache/html/19950303_kawasaki_6.html
19950303_kawasaki_7,1995-03-03,kawasaki,7,https://www.keiba.go.jp/KeibaWeb/TodayRaceInfo/RaceMarkTable?k_raceDate=1995%2F03%2F03&k_raceNo=7&k_babaCode=21,data/cache/html/19950303_kawasaki_7.html
19950303_kawasaki_8,1995-03-03,kawasaki,8,https://www.keiba.go.jp/KeibaWeb/TodayRaceInfo/RaceMarkTable?k_raceDate=1995%2F03%2F03&k_raceNo=8&k_babaCode=21,data/cache/html/19950303_kawasaki_8.html
19950303_kawasaki_9,1995-03-03,kawasaki,9,https://www.keiba.go.jp/KeibaWeb/TodayRaceInfo/RaceMarkTable?k_raceDate=1995%2F03%2F03&k_raceNo=9&k_babaCode=21,data/cache/html/19950303_kawasaki_9.html
19950303_kawasaki_10,1995-03-03,kawasaki,10,https://www.keiba.go.jp/KeibaWeb/TodayRaceInfo/RaceMarkTable?k_raceDate=1995%2F03%2F03&k_raceNo=10&k_babaCode=21,data/cache/html/19950303_kawasaki_10.html
19950303_kawasaki_11,1995-03-03,kawasaki,11,https://www.keiba.go.jp/KeibaWeb/TodayRaceInfo/RaceMarkTable?k_raceDate=1995%2F03%2F03&k_raceNo=11&k_babaCode=21,data/cache/html/19950303_kawasaki_11.html
19950303_kawasaki_12,1995-03-03,kawasaki,12,https://www.keiba.go.jp/KeibaWeb/TodayRaceInfo/RaceMarkTable?k_raceDate=1995%2F03%2F03&k_raceNo=12&k_babaCode=21,data/cache/html/19950303_kawasaki_12.html
19950302_kawasaki_1,1995-03-02,kawasaki,1,https://www.keiba.go.jp/KeibaWeb/TodayRaceInfo/RaceMarkTable?k_raceDate=1995%2F03%2F02&k_raceNo=1&k_babaCode=21,data/cache/html/19950302_kawasaki_1.html
19950302_kawasaki_2,1995-03-02,kawasaki,2,https://www.keiba.go.jp/KeibaWeb/TodayRaceInfo/RaceMarkTable?k_raceDate=1995%2F03%2F02&k_raceNo=2&k_babaCode=21,data/cache/html/19950302_kawasaki_2.html
19950302_kawasaki_3,1995-03-02,kawasaki,3,https://www.keiba.go.jp/KeibaWeb/TodayRaceInfo/RaceMarkTable?k_raceDate=1995%2F03%2F02&k_raceNo=3&k_babaCode=21,data/cache/html/19950302_kawasaki_3.html
19950302_kawasaki_4,1995-03-02,kawasaki,4,https://www.keiba.go.jp/KeibaWeb/TodayRaceInfo/RaceMarkTable?k_raceDate=1995%2F03%2F02&k_raceNo=4&k_babaCode=21,data/cache/html/19950302_kawasaki_4.html
19950302_kawasaki_5,1995-03-02,kawasaki,5,https://www.keiba.go.jp/KeibaWeb/TodayRaceInfo/RaceMarkTable?k_raceDate=1995%2F03%2F02&k_raceNo=5&k_babaCode=21,data/cache/html/19950302_kawasaki_5.html
19950302_kawasaki_6,1995-03-02,kawasaki,6,https://www.keiba.go.jp/KeibaWeb/TodayRaceInfo/RaceMarkTable?k_raceDate=1995%2F03%2F02&k_raceNo=6&k_babaCode=21,data/cache/html/19950302_kawasaki_6.html
19950302_kawasaki_7,1995-03-02,kawasaki,7,https://www.keiba.go.jp/KeibaWeb/TodayRaceInfo/RaceMarkTable?k_raceDate=1995%2F03%2F02&k_raceNo=7&k_babaCode=21,data/cache/html/19950302_kawasaki_7.html
19950302_kawasaki_8,1995-03-02,kawasaki,8,https://www.keiba.go.jp/KeibaWeb/TodayRaceInfo/RaceMarkTable?k_raceDate=1995%2F03%2F02&k_raceNo=8&k_babaCode=21,data/cache/html/19950302_kawasaki_8.html
19950302_kawasaki_9,1995-03-02,kawasaki,9,https://www.keiba.go.jp/KeibaWeb/TodayRaceInfo/RaceMarkTable?k_raceDate=1995%2F03%2F02&k_raceNo=9&k_babaCode=21,data/cache/html/19950302_kawasaki_9.html
19950302_kawasaki_10,1995-03-02,kawasaki,10,https://www.keiba.go.jp/KeibaWeb/TodayRaceInfo/RaceMarkTable?k_raceDate=1995%2F03%2F02&k_raceNo=10&k_babaCode=21,data/cache/html/19950302_kawasaki_10.html
19950302_kawasaki_11,1995-03-02,kawasaki,11,https://www.keiba.go.jp/KeibaWeb/TodayRaceInfo/RaceMarkTable?k_raceDate=1995%2F03%2F02&k_raceNo=11&k_babaCode=21,data/cache/html/19950302_kawasaki_11.html
19950302_kawasaki_12,1995-03-02,kawasaki,12,https://www.keiba.go.jp/KeibaWeb/TodayRaceInfo/RaceMarkTable?k_raceDate=1995%2F03%2F02&k_raceNo=12&k_babaCode=21,data/cache/html/19950302_kawasaki_12.html
19950301_kawasaki_1,1995-03-01,kawasaki,1,https://www.keiba.go.jp/KeibaWeb/TodayRaceInfo/RaceMarkTable?k_raceDate=1995%2F03%2F01&k_raceNo=1&k_babaCode=21,data/cache/html/19950301_kawasaki_1.html
19950301_kawasaki_2,1995-03-01,kawasaki,2,https://www.keiba.go.jp/KeibaWeb/TodayRaceInfo/RaceMarkTable?k_raceDate=1995%2F03%2F01&k_raceNo=2&k_babaCode=21,data/cache/html/19950301_kawasaki_2.html
19950301_kawasaki_3,1995-03-01,kawasaki,3,https://www.keiba.go.jp/KeibaWeb/TodayRaceInfo/RaceMarkTable?k_raceDate=1995%2F03%2F01&k_raceNo=3&k_babaCode=21,data/cache/html/19950301_kawasaki_3.html
19950301_kawasaki_4,1995-03-01,kawasaki,4,https://www.keiba.go.jp/KeibaWeb/TodayRaceInfo/RaceMarkTable?k_raceDate=1995%2F03%2F01&k_raceNo=4&k_babaCode=21,data/cache/html/19950301_kawasaki_4.html
19950301_kawasaki_5,1995-03-01,kawasaki,5,https://www.keiba.go.jp/KeibaWeb/TodayRaceInfo/RaceMarkTable?k_raceDate=1995%2F03%2F01&k_raceNo=5&k_babaCode=21,data/cache/html/19950301_kawasaki_5.html
19950301_kawasaki_6,1995-03-01,kawasaki,6,https://www.keiba.go.jp/KeibaWeb/TodayRaceInfo/RaceMarkTable?k_raceDate=1995%2F03%2F01&k_raceNo=6&k_babaCode=21,data/cache/html/19950301_kawasaki_6.html
19950301_kawasaki_7,1995-03-01,kawasaki,7,https://www.keiba.go.jp/KeibaWeb/TodayRaceInfo/RaceMarkTable?k_raceDate=1995%2F03%2F01&k_raceNo=7&k_babaCode=21,data/cache/html/19950301_kawasaki_7.html
19950301_kawasaki_8,1995-03-01,kawasaki,8,https://www.keiba.go.jp/KeibaWeb/TodayRaceInfo/RaceMarkTable?k_raceDate=1995%2F03%2F01&k_raceNo=8&k_babaCode=21,data/cache/html/19950301_kawasaki_8.html
19950301_kawasaki_9,1995-03-01,kawasaki,9,https://www.keiba.go.jp/KeibaWeb/TodayRaceInfo/RaceMarkTable?k_raceDate=1995%2F03%2F01&k_raceNo=9&k_babaCode=21,data/cache/html/19950301_kawasaki_9.html
19950301_kawasaki_10,1995-03-01,kawasaki,10,https://www.keiba.go.jp/KeibaWeb/TodayRaceInfo/RaceMarkTable?k_raceDate=1995%2F03%2F01&k_raceNo=10&k_babaCode=21,data/cache/html/19950301_kawasaki_10.html
19950301_kawasaki_11,1995-03-01,kawasaki,11,https://www.keiba.go.jp/KeibaWeb/TodayRaceInfo/RaceMarkTable?k_raceDate=1995%2F03%2F01&k_raceNo=11&k_babaCode=21,data/cache/html/19950301_kawasaki_11.html
19950301_kawasaki_12,1995-03-01,kawasaki,12,https://www.keiba.go.jp/KeibaWeb/TodayRaceInfo/RaceMarkTable?k_raceDate=1995%2F03%2F01&k_raceNo=12&k_babaCode=21,data/cache/html/19950301_kawasaki_12.html
19950228_kawasaki_1,1995-02-28,kawasaki,1,https://www.keiba.go.jp/KeibaWeb/TodayRaceInfo/RaceMarkTable?k_raceDate=1995%2F02%2F28&k_raceNo=1&k_babaCode=21,data/cache/html/19950228_kawasaki_1.html
19950228_kawasaki_2,1995-02-28,kawasaki,2,https://www.keiba.go.jp/KeibaWeb/TodayRaceInfo/RaceMarkTable?k_raceDate=1995%2F02%2F28&k_raceNo=2&k_babaCode=21,data/cache/html/19950228_kawasaki_2.html
19950228_kawasaki_3,1995-02-28,kawasaki,3,https://www.keiba.go.jp/KeibaWeb/TodayRaceInfo/RaceMarkTable?k_raceDate=1995%2F02%2F28&k_raceNo=3&k_babaCode=21,data/cache/html/19950228_kawasaki_3.html
19950228_kawasaki_4,1995-02-28,kawasaki,4,https://www.keiba.go.jp/KeibaWeb/TodayRaceInfo/RaceMarkTable?k_raceDate=1995%2F02%2F28&k_raceNo=4&k_babaCode=21,data/cache/html/19950228_kawasaki_4.html
19950228_kawasaki_5,1995-02-28,kawasaki,5,https://www.keiba.go.jp/KeibaWeb/TodayRaceInfo/RaceMarkTable?k_raceDate=1995%2F02%2F28&k_raceNo=5&k_babaCode=21,data/cache/html/19950228_kawasaki_5.html
19950228_kawasaki_6,1995-02-28,kawasaki,6,https://www.keiba.go.jp/KeibaWeb/TodayRaceInfo/RaceMarkTable?k_raceDate=1995%2F02%2F28&k_raceNo=6&k_babaCode=21,data/cache/html/19950228_kawasaki_6.html
19950228_kawasaki_7,1995-02-28,kawasaki,7,https://www.keiba.go.jp/KeibaWeb/TodayRaceInfo/RaceMarkTable?k_raceDate=1995%2F02%2F28&k_raceNo=7&k_babaCode=21,data/cache/html/19950228_kawasaki_7.html
19950228_kawasaki_8,1995-02-28,kawasaki,8,https://www.keiba.go.jp/KeibaWeb/TodayRaceInfo/RaceMarkTable?k_raceDate=1995%2F02%2F28&k_raceNo=8&k_babaCode=21,data/cache/html/19950228_kawasaki_8.html
19950228_kawasaki_9,1995-02-28,kawasaki,9,https://www.keiba.go.jp/KeibaWeb/TodayRaceInfo/RaceMarkTable?k_raceDate=1995%2F02%2F28&k_raceNo=9&k_babaCode=21,data/cache/html/19950228_kawasaki_9.html
19950228_kawasaki_10,1995-02-28,kawasaki,10,https://www.keiba.go.jp/KeibaWeb/TodayRaceInfo/RaceMarkTable?k_raceDate=1995%2F02%2F28&k_raceNo=10&k_babaCode=21,data/cache/html/19950228_kawasaki_10.html
19950228_kawasaki_11,1995-02-28,kawasaki,11,https://www.keiba.go.jp/KeibaWeb/TodayRaceInfo/RaceMarkTable?k_raceDate=1995%2F02%2F28&k_raceNo=11&k_babaCode=21,data/cache/html/19950228_kawasaki_11.html
19950228_kawasaki_12,1995-02-28,kawasaki,12,https://www.keiba.go.jp/KeibaWeb/TodayRaceInfo/RaceMarkTable?k_raceDate=1995%2F02%2F28&k_raceNo=12&k_babaCode=21,data/cache/html/19950228_kawasaki_12.html
19950227_kawasaki_1,1995-02-27,kawasaki,1,https://www.keiba.go.jp/KeibaWeb/TodayRaceInfo/RaceMarkTable?k_raceDate=1995%2F02%2F27&k_raceNo=1&k_babaCode=21,data/cache/html/19950227_kawasaki_1.html
19950227_kawasaki_2,1995-02-27,kawasaki,2,https://www.keiba.go.jp/KeibaWeb/TodayRaceInfo/RaceMarkTable?k_raceDate=1995%2F02%2F27&k_raceNo=2&k_babaCode=21,data/cache/html/19950227_kawasaki_2.html
19950227_kawasaki_3,1995-02-27,kawasaki,3,https://www.keiba.go.jp/KeibaWeb/TodayRaceInfo/RaceMarkTable?k_raceDate=1995%2F02%2F27&k_raceNo=3&k_babaCode=21,data/cache/html/19950227_kawasaki_3.html
19950227_kawasaki_4,1995-02-27,kawasaki,4,https://www.keiba.go.jp/KeibaWeb/TodayRaceInfo/RaceMarkTable?k_raceDate=1995%2F02%2F27&k_raceNo=4&k_babaCode=21,data/cache/html/19950227_kawasaki_4.html
19950227_kawasaki_5,1995-02-27,kawasaki,5,https://www.keiba.go.jp/KeibaWeb/TodayRaceInfo/RaceMarkTable?k_raceDate=1995%2F02%2F27&k_raceNo=5&k_babaCode=21,data/cache/html/19950227_kawasaki_5.html
19950227_kawasaki_6,1995-02-27,kawasaki,6,https://www.keiba.go.jp/KeibaWeb/TodayRaceInfo/RaceMarkTable?k_raceDate=1995%2F02%2F27&k_raceNo=6&k_babaCode=21,data/cache/html/19950227_kawasaki_6.html
19950227_kawasaki_7,1995-02-27,kawasaki,7,https://www.keiba.go.jp/KeibaWeb/TodayRaceInfo/RaceMarkTable?k_raceDate=1995%2F02%2F27&k_raceNo=7&k_babaCode=21,data/cache/html/19950227_kawasaki_7.html
19950227_kawasaki_8,1995-02-27,kawasaki,8,https://www.keiba.go.jp/KeibaWeb/TodayRaceInfo/RaceMarkTable?k_raceDate=1995%2F02%2F27&k_raceNo=8&k_babaCode=21,data/cache/html/19950227_kawasaki_8.html
19950227_kawasaki_9,1995-02-27,kawasaki,9,https://www.keiba.go.jp/KeibaWeb/TodayRaceInfo/RaceMarkTable?k_raceDate=1995%2F02%2F27&k_raceNo=9&k_babaCode=21,data/cache/html/19950227_kawasaki_9.html
19950227_kawasaki_10,1995-02-27,kawasaki,10,https://www.keiba.go.jp/KeibaWeb/TodayRaceInfo/RaceMarkTable?k_raceDate=1995%2F02%2F27&k_raceNo=10&k_babaCode=21,data/cache/html/19950227_kawasaki_10.html
19950227_kawasaki_11,1995-02-27,kawasaki,11,https://www.keiba.go.jp/KeibaWeb/TodayRaceInfo/RaceMarkTable?k_raceDate=1995%2F02%2F27&k_raceNo=11&k_babaCode=21,data/cache/html/19950227_kawasaki_11.html
19950227_kawasaki_12,1995-02-27,kawasaki,12,https://www.keiba.go.jp/KeibaWeb/TodayRaceInfo/RaceMarkTable?k_raceDate=1995%2F02%2F27&k_raceNo=12&k_babaCode=21,data/cache/html/19950227_kawasaki_12.html
19950226_kawasaki_1,1995-02-26,kawasaki,1,https://www.keiba.go.jp/KeibaWeb/TodayRaceInfo/RaceMarkTable?k_raceDate=1995%2F02%2F26&k_raceNo=1&k_babaCode=21,data/cache/html/19950226_kawasaki_1.html
19950226_kawasaki_2,1995-02-26,kawasaki,2,https://www.keiba.go.jp/KeibaWeb/TodayRaceInfo/RaceMarkTable?k_raceDate=1995%2F02%2F26&k_raceNo=2&k_babaCode=21,data/cache/html/19950226_kawasaki_2.html
19950226_kawasaki_3,1995-02-26,kawasaki,3,https://www.keiba.go.jp/KeibaWeb/TodayRaceInfo/RaceMarkTable?k_raceDate=1995%2F02%2F26&k_raceNo=3&k_babaCode=21,data/cache/html/19950226_kawasaki_3.html
19950226_kawasaki_4,1995-02-26,kawasaki,4,https://www.keiba.go.jp/KeibaWeb/TodayRaceInfo/RaceMarkTable?k_raceDate=1995%2F02%2F26&k_raceNo=4&k_babaCode=21,data/cache/html/19950226_kawasaki_4.html
19950226_kawasaki_5,1995-02-26,kawasaki,5,https://www.keiba.go.jp/KeibaWeb/TodayRaceInfo/RaceMarkTable?k_raceDate=1995%2F02%2F26&k_raceNo=5&k_babaCode=21,data/cache/html/19950226_kawasaki_5.html
19950226_kawasaki_6,1995-02-26,kawasaki,6,https://www.keiba.go.jp/KeibaWeb/TodayRaceInfo/RaceMarkTable?k_raceDate=1995%2F02%2F26&k_raceNo=6&k_babaCode=21,data/cache/html/19950226_kawasaki_6.html
19950226_kawasaki_7,1995-02-26,kawasaki,7,https://www.keiba.go.jp/KeibaWeb/TodayRaceInfo/RaceMarkTable?k_raceDate=1995%2F02%2F26&k_raceNo=7&k_babaCode=21,data/cache/html/19950226_kawasaki_7.html
19950226_kawasaki_8,1995-02-26,kawasaki,8,https://www.keiba.go.jp/KeibaWeb/TodayRaceInfo/RaceMarkTable?k_raceDate=1995%2F02%2F26&k_raceNo=8&k_babaCode=21,data/cache/html/19950226_kawasaki_8.html
19950226_kawasaki_9,1995-02-26,kawasaki,9,https://www.keiba.go.jp/KeibaWeb/TodayRaceInfo/RaceMarkTable?k_raceDate=1995%2F02%2F26&k_raceNo=9&k_babaCode=21,data/cache/html/19950226_kawasaki_9.html
19950226_kawasaki_10,1995-02-26,kawasaki,10,https://www.keiba.go.jp/KeibaWeb/TodayRaceInfo/RaceMarkTable?k_raceDate=1995%2F02%2F26&k_raceNo=10&k_babaCode=21,data/cache/html/19950226_kawasaki_10.html
19950226_kawasaki_11,1995-02-26,kawasaki,11,https://www.keiba.go.jp/KeibaWeb/TodayRaceInfo/RaceMarkTable?k_raceDate=1995%2F02%2F26&k_raceNo=11&k_babaCode=21,data/cache/html/19950226_kawasaki_11.html
19950226_kawasaki_12,1995-02-26,kawasaki,12,https://www.keiba.go.jp/KeibaWeb/TodayRaceInfo/RaceMarkTable?k_raceDate=1995%2F02%2F26&k_raceNo=12&k_babaCode=21,data/cache/html/19950226_kawasaki_12.html
19950225_kawasaki_1,1995-02-25,kawasaki,1,https://www.keiba.go.jp/KeibaWeb/TodayRaceInfo/RaceMarkTable?k_raceDate=1995%2F02%2F25&k_raceNo=1&k_babaCode=21,data/cache/html/19950225_kawasaki_1.html
19950225_kawasaki_2,1995-02-25,kawasaki,2,https://www.keiba.go.jp/KeibaWeb/TodayRaceInfo/RaceMarkTable?k_raceDate=1995%2F02%2F25&k_raceNo=2&k_babaCode=21,data/cache/html/19950225_kawasaki_2.html
19950225_kawasaki_3,1995-02-25,kawasaki,3,https://www.keiba.go.jp/KeibaWeb/TodayRaceInfo/RaceMarkTable?k_raceDate=1995%2F02%2F25&k_raceNo=3&k_babaCode=21,data/cache/html/19950225_kawasaki_3.html
19950225_kawasaki_4,1995-02-25,kawasaki,4,https://www.keiba.go.jp/KeibaWeb/TodayRaceInfo/RaceMarkTable?k_raceDate=1995%2F02%2F25&k_raceNo=4&k_babaCode=21,data/cache/html/19950225_kawasaki_4.html
19950225_kawasaki_5,1995-02-25,kawasaki,5,https://www.keiba.go.jp/KeibaWeb/TodayRaceInfo/RaceMarkTable?k_raceDate=1995%2F02%2F25&k_raceNo=5&k_babaCode=21,data/cache/html/19950225_kawasaki_5.html
19950225_kawasaki_6,1995-02-25,kawasaki,6,https://www.keiba.go.jp/KeibaWeb/TodayRaceInfo/RaceMarkTable?k_raceDate=1995%2F02%2F25&k_raceNo=6&k_babaCode=21,data/cache/html/19950225_kawasaki_6.html
19950225_kawasaki_7,1995-02-25,kawasaki,7,https://www.keiba.go.jp/KeibaWeb/TodayRaceInfo/RaceMarkTable?k_raceDate=1995%2F02%2F25&k_raceNo=7&k_babaCode=21,data/cache/html/19950225_kawasaki_7.html
19950225_kawasaki_8,1995-02-25,kawasaki,8,https://www.keiba.go.jp/KeibaWeb/TodayRaceInfo/RaceMarkTable?k_raceDate=1995%2F02%2F25&k_raceNo=8&k_babaCode=21,data/cache/html/19950225_kawasaki_8.html
19950225_kawasaki_9,1995-02-25,kawasaki,9,https://www.keiba.go.jp/KeibaWeb/TodayRaceInfo/RaceMarkTable?k_raceDate=1995%2F02%2F25&k_raceNo=9&k_babaCode=21,data/cache/html/19950225_kawasaki_9.html
19950225_kawasaki_10,1995-02-25,kawasaki,10,https://www.keiba.go.jp/KeibaWeb/TodayRaceInfo/RaceMarkTable?k_raceDate=1995%2F02%2F25&k_raceNo=10&k_babaCode=21,data/cache/html/19950225_kawasaki_10.html
19950225_kawasaki_11,1995-02-25,kawasaki,11,https://www.keiba.go.jp/KeibaWeb/TodayRaceInfo/RaceMarkTable?k_raceDate=1995%2F02%2F25&k_raceNo=11&k_babaCode=21,data/cache/html/19950225_kawasaki_11.html
19950225_kawasaki_12,1995-02-25,kawasaki,12,https://www.keiba.go.jp/KeibaWeb/TodayRaceInfo/RaceMarkTable?k_raceDate=1995%2F02%2F25&k_raceNo=12&k_babaCode=21,data/cache/html/19950225_kawasaki_12.html
19950224_kawasaki_1,1995-02-24,kawasaki,1,https://www.keiba.go.jp/KeibaWeb/TodayRaceInfo/RaceMarkTable?k_raceDate=1995%2F02%2F24&k_raceNo=1&k_babaCode=21,data/cache/html/19950224_kawasaki_1.html
19950224_kawasaki_2,1995-02-24,kawasaki,2,https://www.keiba.go.jp/KeibaWeb/TodayRaceInfo/RaceMarkTable?k_raceDate=1995%2F02%2F24&k_raceNo=2&k_babaCode=21,data/cache/html/19950224_kawasaki_2.html
19950224_kawasaki_3,1995-02-24,kawasaki,3,https://www.keiba.go.jp/KeibaWeb/TodayRaceInfo/RaceMarkTable?k_raceDate=1995%2F02%2F24&k_raceNo=3&k_babaCode=21,data/cache/html/19950224_kawasaki_3.html
19950224_kawasaki_4,1995-02-24,kawasaki,4,https://www.keiba.go.jp/KeibaWeb/TodayRaceInfo/RaceMarkTable?k_raceDate=1995%2F02%2F24&k_raceNo=4&k_babaCode=21,data/cache/html/19950224_kawasaki_4.html
19950224_kawasaki_5,1995-02-24,kawasaki,5,https://www.keiba.go.jp/KeibaWeb/TodayRaceInfo/RaceMarkTable?k_raceDate=1995%2F02%2F24&k_raceNo=5&k_babaCode=21,data/cache/html/19950224_kawasaki_5.html
19950224_kawasaki_6,1995-02-24,kawasaki,6,https://www.keiba.go.jp/KeibaWeb/TodayRaceInfo/RaceMarkTable?k_raceDate=1995%2F02%2F24&k_raceNo=6&k_babaCode=21,data/cache/html/19950224_kawasaki_6.html
19950224_kawasaki_7,1995-02-24,kawasaki,7,https://www.keiba.go.jp/KeibaWeb/TodayRaceInfo/RaceMarkTable?k_raceDate=1995%2F02%2F24&k_raceNo=7&k_babaCode=21,data/cache/html/19950224_kawasaki_7.html
19950224_kawasaki_8,1995-02-24,kawasaki,8,https://www.keiba.go.jp/KeibaWeb/TodayRaceInfo/RaceMarkTable?k_raceDate=1995%2F02%2F24&k_raceNo=8&k_babaCode=21,data/cache/html/19950224_kawasaki_8.html
19950224_kawasaki_9,1995-02-24,kawasaki,9,https://www.keiba.go.jp/KeibaWeb/TodayRaceInfo/RaceMarkTable?k_raceDate=1995%2F02%2F24&k_raceNo=9&k_babaCode=21,data/cache/html/19950224_kawasaki_9.html
19950224_kawasaki_10,1995-02-24,kawasaki,10,https://www.keiba.go.jp/KeibaWeb/TodayRaceInfo/RaceMarkTable?k_raceDate=1995%2F02%2F24&k_raceNo=10&k_babaCode=21,data/cache/html/19950224_kawasaki_10.html
19950224_kawasaki_11,1995-02-24,kawasaki,11,https://www.keiba.go.jp/KeibaWeb/TodayRaceInfo/RaceMarkTable?k_raceDate=1995%2F02%2F24&k_raceNo=11&k_babaCode=21,data/cache/html/19950224_kawasaki_11.html
19950224_kawasaki_12,1995-02-24,kawasaki,12,https://www.keiba.go.jp/KeibaWeb/TodayRaceInfo/RaceMarkTable?k_raceDate=1995%2F02%2F24&k_raceNo=12&k_babaCode=21,data/cache/html/19950224_kawasaki_12.html
19950223_kawasaki_1,1995-02-23,kawasaki,1,https://www.keiba.go.jp/KeibaWeb/TodayRaceInfo/RaceMarkTable?k_raceDate=1995%2F02%2F23&k_raceNo=1&k_babaCode=21,data/cache/html/19950223_kawasaki_1.html
19950223_kawasaki_2,1995-02-23,kawasaki,2,https://www.keiba.go.jp/KeibaWeb/TodayRaceInfo/RaceMarkTable?k_raceDate=1995%2F02%2F23&k_raceNo=2&k_babaCode=21,data/cache/html/19950223_kawasaki_2.html
19950223_kawasaki_3,1995-02-23,kawasaki,3,https://www.keiba.go.jp/KeibaWeb/TodayRaceInfo/RaceMarkTable?k_raceDate=1995%2F02%2F23&k_raceNo=3&k_babaCode=21,data/cache/html/19950223_kawasaki_3.html
19950223_kawasaki_4,1995-02-23,kawasaki,4,https://www.keiba.go.jp/KeibaWeb/TodayRaceInfo/RaceMarkTable?k_raceDate=1995%2F02%2F23&k_raceNo=4&k_babaCode=21,data/cache/html/19950223_kawasaki_4.html
19950223_kawasaki_5,1995-02-23,kawasaki,5,https://www.keiba.go.jp/KeibaWeb/TodayRaceInfo/RaceMarkTable?k_raceDate=1995%2F02%2F23&k_raceNo=5&k_babaCode=21,data/cache/html/19950223_kawasaki_5.html
19950223_kawasaki_6,1995-02-23,kawasaki,6,https://www.keiba.go.jp/KeibaWeb/TodayRaceInfo/RaceMarkTable?k_raceDate=1995%2F02%2F23&k_raceNo=6&k_babaCode=21,data/cache/html/19950223_kawasaki_6.html
19950223_kawasaki_7,1995-02-23,kawasaki,7,https://www.keiba.go.jp/KeibaWeb/TodayRaceInfo/RaceMarkTable?k_raceDate=1995%2F02%2F23&k_raceNo=7&k_babaCode=21,data/cache/html/19950223_kawasaki_7.html
19950223_kawasaki_8,1995-02-23,kawasaki,8,https://www.keiba.go.jp/KeibaWeb/TodayRaceInfo/RaceMarkTable?k_raceDate=1995%2F02%2F23&k_raceNo=8&k_babaCode=21,data/cache/html/19950223_kawasaki_8.html
19950223_kawasaki_9,1995-02-23,kawasaki,9,https://www.keiba.go.jp/KeibaWeb/TodayRaceInfo/RaceMarkTable?k_raceDate=1995%2F02%2F23&k_raceNo=9&k_babaCode=21,data/cache/html/19950223_kawasaki_9.html
19950223_kawasaki_10,1995-02-23,kawasaki,10,https://www.keiba.go.jp/KeibaWeb/TodayRaceInfo/RaceMarkTable?k_raceDate=1995%2F02%2F23&k_raceNo=10&k_babaCode=21,data/cache/html/19950223_kawasaki_10.html
19950223_kawasaki_11,1995-02-23,kawasaki,11,https://www.keiba.go.jp/KeibaWeb/TodayRaceInfo/RaceMarkTable?k_raceDate=1995%2F02%2F23&k_raceNo=11&k_babaCode=21,data/cache/html/19950223_kawasaki_11.html
19950223_kawasaki_12,1995-02-23,kawasaki,12,https://www.keiba.go.jp/KeibaWeb/TodayRaceInfo/RaceMarkTable?k_raceDate=1995%2F02%2F23&k_raceNo=12&k_babaCode=21,data/cache/html/19950223_kawasaki_12.html
19950222_kawasaki_1,1995-02-22,kawasaki,1,https://www.keiba.go.jp/KeibaWeb/TodayRaceInfo/RaceMarkTable?k_raceDate=1995%2F02%2F22&k_raceNo=1&k_babaCode=21,data/cache/html/19950222_kawasaki_1.html
19950222_kawasaki_2,1995-02-22,kawasaki,2,https://www.keiba.go.jp/KeibaWeb/TodayRaceInfo/RaceMarkTable?k_raceDate=1995%2F02%2F22&k_raceNo=2&k_babaCode=21,data/cache/html/19950222_kawasaki_2.html
19950222_kawasaki_3,1995-02-22,kawasaki,3,https://www.keiba.go.jp/KeibaWeb/TodayRaceInfo/RaceMarkTable?k_raceDate=1995%2F02%2F22&k_raceNo=3&k_babaCode=21,data/cache/html/19950222_kawasaki_3.html
19950222_kawasaki_4,1995-02-22,kawasaki,4,https://www.keiba.go.jp/KeibaWeb/TodayRaceInfo/RaceMarkTable?k_raceDate=1995%2F02%2F22&k_raceNo=4&k_babaCode=21,data/cache/html/19950222_kawasaki_4.html
19950222_kawasaki_5,1995-02-22,kawasaki,5,https://www.keiba.go.jp/KeibaWeb/TodayRaceInfo/RaceMarkTable?k_raceDate=1995%2F02%2F22&k_raceNo=5&k_babaCode=21,data/cache/html/19950222_kawasaki_5.html
19950222_kawasaki_6,1995-02-22,kawasaki,6,https://www.keiba.go.jp/KeibaWeb/TodayRaceInfo/RaceMarkTable?k_raceDate=1995%2F02%2F22&k_raceNo=6&k_babaCode=21,data/cache/html/19950222_kawasaki_6.html
19950222_kawasaki_7,1995-02-22,kawasaki,7,https://www.keiba.go.jp/KeibaWeb/TodayRaceInfo/RaceMarkTable?k_raceDate=1995%2F02%2F22&k_raceNo=7&k_babaCode=21,data/cache/html/19950222_kawasaki_7.html
19950222_kawasaki_8,1995-02-22,kawasaki,8,https://www.keiba.go.jp/KeibaWeb/TodayRaceInfo/RaceMarkTable?k_raceDate=1995%2F02%2F22&k_raceNo=8&k_babaCode=21,data/cache/html/19950222_kawasaki_8.html
19950222_kawasaki_9,1995-02-22,kawasaki,9,https://www.keiba.go.jp/KeibaWeb/TodayRaceInfo/RaceMarkTable?k_raceDate=1995%2F02%2F22&k_raceNo=9&k_babaCode=21,data/cache/html/19950222_kawasaki_9.html
19950222_kawasaki_10,1995-02-22,kawasaki,10,https://www.keiba.go.jp/KeibaWeb/TodayRaceInfo/RaceMarkTable?k_raceDate=1995%2F02%2F22&k_raceNo=10&k_babaCode=21,data/cache/html/19950222_kawasaki_10.html
19950222_kawasaki_11,1995-02-22,kawasaki,11,https://www.keiba.go.jp/KeibaWeb/TodayRaceInfo/RaceMarkTable?k_raceDate=1995%2F02%2F22&k_raceNo=11&k_babaCode=21,data/cache/html/19950222_kawasaki_11.html
19950222_kawasaki_12,1995-02-22,kawasaki,12,https://www.keiba.go.jp/KeibaWeb/TodayRaceInfo/RaceMarkTable?k_raceDate=1995%2F02%2F22&k_raceNo=12&k_babaCode=21,data/cache/html/19950222_kawasaki_12.html
19950221_kawasaki_1,1995-02-21,kawasaki,1,https://www.keiba.go.jp/KeibaWeb/TodayRaceInfo/RaceMarkTable?k_raceDate=1995%2F02%2F21&k_raceNo=1&k_babaCode=21,data/cache/html/19950221_kawasaki_1.html
19950221_kawasaki_2,1995-02-21,kawasaki,2,https://www.keiba.go.jp/KeibaWeb/TodayRaceInfo/RaceMarkTable?k_raceDate=1995%2F02%2F21&k_raceNo=2&k_babaCode=21,data/cache/html/19950221_kawasaki_2.html
19950221_kawasaki_3,1995-02-21,kawasaki,3,https://www.keiba.go.jp/KeibaWeb/TodayRaceInfo/RaceMarkTable?k_raceDate=1995%2F02%2F21&k_raceNo=3&k_babaCode=21,data/cache/html/19950221_kawasaki_3.html
19950221_kawasaki_4,1995-02-21,kawasaki,4,https://www.keiba.go.jp/KeibaWeb/TodayRaceInfo/RaceMarkTable?k_raceDate=1995%2F02%2F21&k_raceNo=4&k_babaCode=21,data/cache/html/19950221_kawasaki_4.html
19950221_kawasaki_5,1995-02-21,kawasaki,5,https://www.keiba.go.jp/KeibaWeb/TodayRaceInfo/RaceMarkTable?k_raceDate=1995%2F02%2F21&k_raceNo=5&k_babaCode=21,data/cache/html/19950221_kawasaki_5.html
19950221_kawasaki_6,1995-02-21,kawasaki,6,https://www.keiba.go.jp/KeibaWeb/TodayRaceInfo/RaceMarkTable?k_raceDate=1995%2F02%2F21&k_raceNo=6&k_babaCode=21,data/cache/html/19950221_kawasaki_6.html
19950221_kawasaki_7,1995-02-21,kawasaki,7,https://www.keiba.go.jp/KeibaWeb/TodayRaceInfo/RaceMarkTable?k_raceDate=1995%2F02%2F21&k_raceNo=7&k_babaCode=21,data/cache/html/19950221_kawasaki_7.html
19950221_kawasaki_8,1995-02-21,kawasaki,8,https://www.keiba.go.jp/KeibaWeb/TodayRaceInfo/RaceMarkTable?k_raceDate=1995%2F02%2F21&k_raceNo=8&k_babaCode=21,data/cache/html/19950221_kawasaki_8.html
19950221_kawasaki_9,1995-02-21,kawasaki,9,https://www.keiba.go.jp/KeibaWeb/TodayRaceInfo/RaceMarkTable?k_raceDate=1995%2F02%2F21&k_raceNo=9&k_babaCode=21,data/cache/html/19950221_kawasaki_9.html
19950221_kawasaki_10,1995-02-21,kawasaki,10,https://www.keiba.go.jp/KeibaWeb/TodayRaceInfo/RaceMarkTable?k_raceDate=1995%2F02%2F21&k_raceNo=10&k_babaCode=21,data/cache/html/19950221_kawasaki_10.html
19950221_kawasaki_11,1995-02-21,kawasaki,11,https://www.keiba.go.jp/KeibaWeb/TodayRaceInfo/RaceMarkTable?k_raceDate=1995%2F02%2F21&k_raceNo=11&k_babaCode=21,data/cache/html/19950221_kawasaki_11.html
19950221_kawasaki_12,1995-02-21,kawasaki,12,https://www.keiba.go.jp/KeibaWeb/TodayRaceInfo/RaceMarkTable?k_raceDate=1995%2F02%2F21&k_raceNo=12&k_babaCode=21,data/cache/html/19950221_kawasaki_12.html
19950220_kawasaki_1,1995-02-20,kawasaki,1,https://www.keiba.go.jp/KeibaWeb/TodayRaceInfo/RaceMarkTable?k_raceDate=1995%2F02%2F20&k_raceNo=1&k_babaCode=21,data/cache/html/19950220_kawasaki_1.html
19950220_kawasaki_2,1995-02-20,kawasaki,2,https://www.keiba.go.jp/KeibaWeb/TodayRaceInfo/RaceMarkTable?k_raceDate=1995%2F02%2F20&k_raceNo=2&k_babaCode=21,data/cache/html/19950220_kawasaki_2.html
19950220_kawasaki_3,1995-02-20,kawasaki,3,https://www.keiba.go.jp/KeibaWeb/TodayRaceInfo/RaceMarkTable?k_raceDate=1995%2F02%2F20&k_raceNo=3&k_babaCode=21,data/cache/html/19950220_kawasaki_3.html
19950220_kawasaki_4,1995-02-20,kawasaki,4,https://www.keiba.go.jp/KeibaWeb/TodayRaceInfo/RaceMarkTable?k_raceDate=1995%2F02%2F20&k_raceNo=4&k_babaCode=21,data/cache/html/19950220_kawasaki_4.html
19950220_kawasaki_5,1995-02-20,kawasaki,5,https://www.keiba.go.jp/KeibaWeb/TodayRaceInfo/RaceMarkTable?k_raceDate=1995%2F02%2F20&k_raceNo=5&k_babaCode=21,data/cache/html/19950220_kawasaki_5.html
19950220_kawasaki_6,1995-02-20,kawasaki,6,https://www.keiba.go.jp/KeibaWeb/TodayRaceInfo/RaceMarkTable?k_raceDate=1995%2F02%2F20&k_raceNo=6&k_babaCode=21,data/cache/html/19950220_kawasaki_6.html
19950220_kawasaki_7,1995-02-20,kawasaki,7,https://www.keiba.go.jp/KeibaWeb/TodayRaceInfo/RaceMarkTable?k_raceDate=1995%2F02%2F20&k_raceNo=7&k_babaCode=21,data/cache/html/19950220_kawasaki_7.html
19950220_kawasaki_8,1995-02-20,kawasaki,8,https://www.keiba.go.jp/KeibaWeb/TodayRaceInfo/RaceMarkTable?k_raceDate=1995%2F02%2F20&k_raceNo=8&k_babaCode=21,data/cache/html/19950220_kawasaki_8.html
19950220_kawasaki_9,1995-02-20,kawasaki,9,https://www.keiba.go.jp/KeibaWeb/TodayRaceInfo/RaceMarkTable?k_raceDate=1995%2F02%2F20&k_raceNo=9&k_babaCode=21,data/cache/html/19950220_kawasaki_9.html
19950220_kawasaki_10,1995-02-20,kawasaki,10,https://www.keiba.go.jp/KeibaWeb/TodayRaceInfo/RaceMarkTable?k_raceDate=1995%2F02%2F20&k_raceNo=10&k_babaCode=21,data/cache/html/19950220_kawasaki_10.html
19950220_kawasaki_11,1995-02-20,kawasaki,11,https://www.keiba.go.jp/KeibaWeb/TodayRaceInfo/RaceMarkTable?k_raceDate=1995%2F02%2F20&k_raceNo=11&k_babaCode=21,data/cache/html/19950220_kawasaki_11.html
19950220_kawasaki_12,1995-02-20,kawasaki,12,https://www.keiba.go.jp/KeibaWeb/TodayRaceInfo/RaceMarkTable?k_raceDate=1995%2F02%2F20&k_raceNo=12&k_babaCode=21,data/cache/html/19950220_kawasaki_12.html
19950219_kawasaki_1,1995-02-19,kawasaki,1,https://www.keiba.go.jp/KeibaWeb/TodayRaceInfo/RaceMarkTable?k_raceDate=1995%2F02%2F19&k_raceNo=1&k_babaCode=21,data/cache/html/19950219_kawasaki_1.html
19950219_kawasaki_2,1995-02-19,kawasaki,2,https://www.keiba.go.jp/KeibaWeb/TodayRaceInfo/RaceMarkTable?k_raceDate=1995%2F02%2F19&k_raceNo=2&k_babaCode=21,data/cache/html/19950219_kawasaki_2.html
19950219_kawasaki_3,1995-02-19,kawasaki,3,https://www.keiba.go.jp/KeibaWeb/TodayRaceInfo/RaceMarkTable?k_raceDate=1995%2F02%2F19&k_raceNo=3&k_babaCode=21,data/cache/html/19950219_kawasaki_3.html
19950219_kawasaki_4,1995-02-19,kawasaki,4,https://www.keiba.go.jp/KeibaWeb/TodayRaceInfo/RaceMarkTable?k_raceDate=1995%2F02%2F19&k_raceNo=4&k_babaCode=21,data/cache/html/19950219_kawasaki_4.html
19950219_kawasaki_5,1995-02-19,kawasaki,5,https://www.keiba.go.jp/KeibaWeb/TodayRaceInfo/RaceMarkTable?k_raceDate=1995%2F02%2F19&k_raceNo=5&k_babaCode=21,data/cache/html/19950219_kawasaki_5.html
19950219_kawasaki_6,1995-02-19,kawasaki,6,https://www.keiba.go.jp/KeibaWeb/TodayRaceInfo/RaceMarkTable?k_raceDate=1995%2F02%2F19&k_raceNo=6&k_babaCode=21,data/cache/html/19950219_kawasaki_6.html
19950219_kawasaki_7,1995-02-19,kawasaki,7,https://www.keiba.go.jp/KeibaWeb/TodayRaceInfo/RaceMarkTable?k_raceDate=1995%2F02%2F19&k_raceNo=7&k_babaCode=21,data/cache/html/19950219_kawasaki_7.html
19950219_kawasaki_8,1995-02-19,kawasaki,8,https://www.keiba.go.jp/KeibaWeb/TodayRaceInfo/RaceMarkTable?k_raceDate=1995%2F02%2F19&k_raceNo=8&k_babaCode=21,data/cache/html/19950219_kawasaki_8.html
19950219_kawasaki_9,1995-02-19,kawasaki,9,https://www.keiba.go.jp/KeibaWeb/TodayRaceInfo/RaceMarkTable?k_raceDate=1995%2F02%2F19&k_raceNo=9&k_babaCode=21,data/cache/html/19950219_kawasaki_9.html
19950219_kawasaki_10,1995-02-19,kawasaki,10,https://www.keiba.go.jp/KeibaWeb/TodayRaceInfo/RaceMarkTable?k_raceDate=1995%2F02%2F19&k_raceNo=10&k_babaCode=21,data/cache/html/19950219_kawasaki_10.html
19950219_kawasaki_11,1995-02-19,kawasaki,11,https://www.keiba.go.jp/KeibaWeb/TodayRaceInfo/RaceMarkTable?k_raceDate=1995%2F02%2F19&k_raceNo=11&k_babaCode=21,data/cache/html/19950219_kawasaki_11.html
19950219_kawasaki_12,1995-02-19,kawasaki,12,https://www.keiba.go.jp/KeibaWeb/TodayRaceInfo/RaceMarkTable?k_raceDate=1995%2F02%2F19&k_raceNo=12&k_babaCode=21,data/cache/html/19950219_kawasaki_12.html
19950218_kawasaki_1,1995-02-18,kawasaki,1,https://www.keiba.go.jp/KeibaWeb/TodayRaceInfo/RaceMarkTable?k_raceDate=1995%2F02%2F18&k_raceNo=1&k_babaCode=21,data/cache/html/19950218_kawasaki_1.html
19950218_kawasaki_2,1995-02-18,kawasaki,2,https://www.keiba.go.jp/KeibaWeb/TodayRaceInfo/RaceMarkTable?k_raceDate=1995%2F02%2F18&k_raceNo=2&k_babaCode=21,data/cache/html/19950218_kawasaki_2.html
19950218_kawasaki_3,1995-02-18,kawasaki,3,https://www.keiba.go.jp/KeibaWeb/TodayRaceInfo/RaceMarkTable?k_raceDate=1995%2F02%2F18&k_raceNo=3&k_babaCode=21,data/cache/html/19950218_kawasaki_3.html
19950218_kawasaki_4,1995-02-18,kawasaki,4,https://www.keiba.go.jp/KeibaWeb/TodayRaceInfo/RaceMarkTable?k_raceDate=1995%2F02%2F18&k_raceNo=4&k_babaCode=21,data/cache/html/19950218_kawasaki_4.html
19950218_kawasaki_5,1995-02-18,kawasaki,5,https://www.keiba.go.jp/KeibaWeb/TodayRaceInfo/RaceMarkTable?k_raceDate=1995%2F02%2F18&k_raceNo=5&k_babaCode=21,data/cache/html/19950218_kawasaki_5.html
19950218_kawasaki_6,1995-02-18,kawasaki,6,https://www.keiba.go.jp/KeibaWeb/TodayRaceInfo/RaceMarkTable?k_raceDate=1995%2F02%2F18&k_raceNo=6&k_babaCode=21,data/cache/html/19950218_kawasaki_6.html
19950218_kawasaki_7,1995-02-18,kawasaki,7,https://www.keiba.go.jp/KeibaWeb/TodayRaceInfo/RaceMarkTable?k_raceDate=1995%2F02%2F18&k_raceNo=7&k_babaCode=21,data/cache/html/19950218_kawasaki_7.html
19950218_kawasaki_8,1995-02-18,kawasaki,8,https://www.keiba.go.jp/KeibaWeb/TodayRaceInfo/RaceMarkTable?k_raceDate=1995%2F02%2F18&k_raceNo=8&k_babaCode=21,data/cache/html/19950218_kawasaki_8.html
19950218_kawasaki_9,1995-02-18,kawasaki,9,https://www.keiba.go.jp/KeibaWeb/TodayRaceInfo/RaceMarkTable?k_raceDate=1995%2F02%2F18&k_raceNo=9&k_babaCode=21,data/cache/html/19950218_kawasaki_9.html
19950218_kawasaki_10,1995-02-18,kawasaki,10,https://www.keiba.go.jp/KeibaWeb/TodayRaceInfo/RaceMarkTable?k_raceDate=1995%2F02%2F18&k_raceNo=10&k_babaCode=21,data/cache/html/19950218_kawasaki_10.html
19950218_kawasaki_11,1995-02-18,kawasaki,11,https://www.keiba.go.jp/KeibaWeb/TodayRaceInfo/RaceMarkTable?k_raceDate=1995%2F02%2F18&k_raceNo=11&k_babaCode=21,data/cache/html/19950218_kawasaki_11.html
19950218_kawasaki_12,1995-02-18,kawasaki,12,https://www.keiba.go.jp/KeibaWeb/TodayRaceInfo/RaceMarkTable?k_raceDate=1995%2F02%2F18&k_raceNo=12&k_babaCode=21,data/cache/html/19950218_kawasaki_12.html
19950217_kawasaki_1,1995-02-17,kawasaki,1,https://www.keiba.go.jp/KeibaWeb/TodayRaceInfo/RaceMarkTable?k_raceDate=1995%2F02%2F17&k_raceNo=1&k_babaCode=21,data/cache/html/19950217_kawasaki_1.html
19950217_kawasaki_2,1995-02-17,kawasaki,2,https://www.keiba.go.jp/KeibaWeb/TodayRaceInfo/RaceMarkTable?k_raceDate=1995%2F02%2F17&k_raceNo=2&k_babaCode=21,data/cache/html/19950217_kawasaki_2.html
19950217_kawasaki_3,1995-02-17,kawasaki,3,https://www.keiba.go.jp/KeibaWeb/TodayRaceInfo/RaceMarkTable?k_raceDate=1995%2F02%2F17&k_raceNo=3&k_babaCode=21,data/cache/html/19950217_kawasaki_3.html
19950217_kawasaki_4,1995-02-17,kawasaki,4,https://www.keiba.go.jp/KeibaWeb/TodayRaceInfo/RaceMarkTable?k_raceDate=1995%2F02%2F17&k_raceNo=4&k_babaCode=21,data/cache/html/19950217_kawasaki_4.html
19950217_kawasaki_5,1995-02-17,kawasaki,5,https://www.keiba.go.jp/KeibaWeb/TodayRaceInfo/RaceMarkTable?k_raceDate=1995%2F02%2F17&k_raceNo=5&k_babaCode=21,data/cache/html/19950217_kawasaki_5.html
19950217_kawasaki_6,1995-02-17,kawasaki,6,https://www.keiba.go.jp/KeibaWeb/TodayRaceInfo/RaceMarkTable?k_raceDate=1995%2F02%2F17&k_raceNo=6&k_babaCode=21,data/cache/html/19950217_kawasaki_6.html
19950217_kawasaki_7,1995-02-17,kawasaki,7,https://www.keiba.go.jp/KeibaWeb/TodayRaceInfo/RaceMarkTable?k_raceDate=1995%2F02%2F17&k_raceNo=7&k_babaCode=21,data/cache/html/19950217_kawasaki_7.html
19950217_kawasaki_8,1995-02-17,kawasaki,8,https://www.keiba.go.jp/KeibaWeb/TodayRaceInfo/RaceMarkTable?k_raceDate=1995%2F02%2F17&k_raceNo=8&k_babaCode=21,data/cache/html/19950217_kawasaki_8.html
19950217_kawasaki_9,1995-02-17,kawasaki,9,https://www.keiba.go.jp/KeibaWeb/TodayRaceInfo/RaceMarkTable?k_raceDate=1995%2F02%2F17&k_raceNo=9&k_babaCode=21,data/cache/html/19950217_kawasaki_9.html
19950217_kawasaki_10,1995-02-17,kawasaki,10,https://www.keiba.go.jp/KeibaWeb/TodayRaceInfo/RaceMarkTable?k_raceDate=1995%2F02%2F17&k_raceNo=10&k_babaCode=21,data/cache/html/19950217_kawasaki_10.html
19950217_kawasaki_11,1995-02-17,kawasaki,11,https://www.keiba.go.jp/KeibaWeb/TodayRaceInfo/RaceMarkTable?k_raceDate=1995%2F02%2F17&k_raceNo=11&k_babaCode=21,data/cache/html/19950217_kawasaki_11.html
19950217_kawasaki_12,1995-02-17,kawasaki,12,https://www.keiba.go.jp/KeibaWeb/TodayRaceInfo/RaceMarkTable?k_raceDate=1995%2F02%2F17&k_raceNo=12&k_babaCode=21,data/cache/html/19950217_kawasaki_12.html
19950216_kawasaki_1,1995-02-16,kawasaki,1,https://www.keiba.go.jp/KeibaWeb/TodayRaceInfo/RaceMarkTable?k_raceDate=1995%2F02%2F16&k_raceNo=1&k_babaCode=21,data/cache/html/19950216_kawasaki_1.html
19950216_kawasaki_2,1995-02-16,kawasaki,2,https://www.keiba.go.jp/KeibaWeb/TodayRaceInfo/RaceMarkTable?k_raceDate=1995%2F02%2F16&k_raceNo=2&k_babaCode=21,data/cache/html/19950216_kawasaki_2.html
19950216_kawasaki_3,1995-02-16,kawasaki,3,https://www.keiba.go.jp/KeibaWeb/TodayRaceInfo/RaceMarkTable?k_raceDate=1995%2F02%2F16&k_raceNo=3&k_babaCode=21,data/cache/html/19950216_kawasaki_3.html
19950216_kawasaki_4,1995-02-16,kawasaki,4,https://www.keiba.go.jp/KeibaWeb/TodayRaceInfo/RaceMarkTable?k_raceDate=1995%2F02%2F16&k_raceNo=4&k_babaCode=21,data/cache/html/19950216_kawasaki_4.html
19950216_kawasaki_5,1995-02-16,kawasaki,5,https://www.keiba.go.jp/KeibaWeb/TodayRaceInfo/RaceMarkTable?k_raceDate=1995%2F02%2F16&k_raceNo=5&k_babaCode=21,data/cache/html/19950216_kawasaki_5.html
19950216_kawasaki_6,1995-02-16,kawasaki,6,https://www.keiba.go.jp/KeibaWeb/TodayRaceInfo/RaceMarkTable?k_raceDate=1995%2F02%2F16&k_raceNo=6&k_babaCode=21,data/cache/html/19950216_kawasaki_6.html
19950216_kawasaki_7,1995-02-16,kawasaki,7,https://www.keiba.go.jp/KeibaWeb/TodayRaceInfo/RaceMarkTable?k_raceDate=1995%2F02%2F16&k_raceNo=7&k_babaCode=21,data/cache/html/19950216_kawasaki_7.html
19950216_kawasaki_8,1995-02-16,kawasaki,8,https://www.keiba.go.jp/KeibaWeb/TodayRaceInfo/RaceMarkTable?k_raceDate=1995%2F02%2F16&k_raceNo=8&k_babaCode=21,data/cache/html/19950216_kawasaki_8.html
19950216_kawasaki_9,1995-02-16,kawasaki,9,https://www.keiba.go.jp/KeibaWeb/TodayRaceInfo/RaceMarkTable?k_raceDate=1995%2F02%2F16&k_raceNo=9&k_babaCode=21,data/cache/html/19950216_kawasaki_9.html
19950216_kawasaki_10,1995-02-16,kawasaki,10,https://www.keiba.go.jp/KeibaWeb/TodayRaceInfo/RaceMarkTable?k_raceDate=1995%2F02%2F16&k_raceNo=10&k_babaCode=21,data/cache/html/19950216_kawasaki_10.html
19950216_kawasaki_11,1995-02-16,kawasaki,11,https://www.keiba.go.jp/KeibaWeb/TodayRaceInfo/RaceMarkTable?k_raceDate=1995%2F02%2F16&k_raceNo=11&k_babaCode=21,data/cache/html/19950216_kawasaki_11.html
19950216_kawasaki_12,1995-02-16,kawasaki,12,https://www.keiba.go.jp/KeibaWeb/TodayRaceInfo/RaceMarkTable?k_raceDate=1995%2F02%2F16&k_raceNo=12&k_babaCode=21,data/cache/html/19950216_kawasaki_12.html
19950215_kawasaki_1,1995-02-15,kawasaki,1,https://www.keiba.go.jp/KeibaWeb/TodayRaceInfo/RaceMarkTable?k_raceDate=1995%2F02%2F15&k_raceNo=1&k_babaCode=21,data/cache/html/19950215_kawasaki_1.html
19950215_kawasaki_2,1995-02-15,kawasaki,2,https://www.keiba.go.jp/KeibaWeb/TodayRaceInfo/RaceMarkTable?k_raceDate=1995%2F02%2F15&k_raceNo=2&k_babaCode=21,data/cache/html/19950215_kawasaki_2.html
19950215_kawasaki_3,1995-02-15,kawasaki,3,https://www.keiba.go.jp/KeibaWeb/TodayRaceInfo/RaceMarkTable?k_raceDate=1995%2F02%2F15&k_raceNo=3&k_babaCode=21,data/cache/html/19950215_kawasaki_3.html
19950215_kawasaki_4,1995-02-15,kawasaki,4,https://www.keiba.go.jp/KeibaWeb/TodayRaceInfo/RaceMarkTable?k_raceDate=1995%2F02%2F15&k_raceNo=4&k_babaCode=21,data/cache/html/19950215_kawasaki_4.html
19950215_kawasaki_5,1995-02-15,kawasaki,5,https://www.keiba.go.jp/KeibaWeb/TodayRaceInfo/RaceMarkTable?k_raceDate=1995%2F02%2F15&k_raceNo=5&k_babaCode=21,data/cache/html/19950215_kawasaki_5.html
19950215_kawasaki_6,1995-02-15,kawasaki,6,https://www.keiba.go.jp/KeibaWeb/TodayRaceInfo/RaceMarkTable?k_raceDate=1995%2F02%2F15&k_raceNo=6&k_babaCode=21,data/cache/html/19950215_kawasaki_6.html
19950215_kawasaki_7,1995-02-15,kawasaki,7,https://www.keiba.go.jp/KeibaWeb/TodayRaceInfo/RaceMarkTable?k_raceDate=1995%2F02%2F15&k_raceNo=7&k_babaCode=21,data/cache/html/19950215_kawasaki_7.html
19950215_kawasaki_8,1995-02-15,kawasaki,8,https://www.keiba.go.jp/KeibaWeb/TodayRaceInfo/RaceMarkTable?k_raceDate=1995%2F02%2F15&k_raceNo=8&k_babaCode=21,data/cache/html/19950215_kawasaki_8.html
19950215_kawasaki_9,1995-02-15,kawasaki,9,https://www.keiba.go.jp/KeibaWeb/TodayRaceInfo/RaceMarkTable?k_raceDate=1995%2F02%2F15&k_raceNo=9&k_babaCode=21,data/cache/html/19950215_kawasaki_9.html
19950215_kawasaki_10,1995-02-15,kawasaki,10,https://www.keiba.go.jp/KeibaWeb/TodayRaceInfo/RaceMarkTable?k_raceDate=1995%2F02%2F15&k_raceNo=10&k_babaCode=21,data/cache/html/19950215_kawasaki_10.html
19950215_kawasaki_11,1995-02-15,kawasaki,11,https://www.keiba.go.jp/KeibaWeb/TodayRaceInfo/RaceMarkTable?k_raceDate=1995%2F02%2F15&k_raceNo=11&k_babaCode=21,data/cache/html/19950215_kawasaki_11.html
19950215_kawasaki_12,1995-02-15,kawasaki,12,https://www.keiba.go.jp/KeibaWeb/TodayRaceInfo/RaceMarkTable?k_raceDate=1995%2F02%2F15&k_raceNo=12&k_babaCode=21,data/cache/html/19950215_kawasaki_12.html
19950214_kawasaki_1,1995-02-14,kawasaki,1,https://www.keiba.go.jp/KeibaWeb/TodayRaceInfo/RaceMarkTable?k_raceDate=1995%2F02%2F14&k_raceNo=1&k_babaCode=21,data/cache/html/19950214_kawasaki_1.html
19950214_kawasaki_2,1995-02-14,kawasaki,2,https://www.keiba.go.jp/KeibaWeb/TodayRaceInfo/RaceMarkTable?k_raceDate=1995%2F02%2F14&k_raceNo=2&k_babaCode=21,data/cache/html/19950214_kawasaki_2.html
19950214_kawasaki_3,1995-02-14,kawasaki,3,https://www.keiba.go.jp/KeibaWeb/TodayRaceInfo/RaceMarkTable?k_raceDate=1995%2F02%2F14&k_raceNo=3&k_babaCode=21,data/cache/html/19950214_kawasaki_3.html
19950214_kawasaki_4,1995-02-14,kawasaki,4,https://www.keiba.go.jp/KeibaWeb/TodayRaceInfo/RaceMarkTable?k_raceDate=1995%2F02%2F14&k_raceNo=4&k_babaCode=21,data/cache/html/19950214_kawasaki_4.html
19950214_kawasaki_5,1995-02-14,kawasaki,5,https://www.keiba.go.jp/KeibaWeb/TodayRaceInfo/RaceMarkTable?k_raceDate=1995%2F02%2F14&k_raceNo=5&k_babaCode=21,data/cache/html/19950214_kawasaki_5.html
19950214_kawasaki_6,1995-02-14,kawasaki,6,https://www.keiba.go.jp/KeibaWeb/TodayRaceInfo/RaceMarkTable?k_raceDate=1995%2F02%2F14&k_raceNo=6&k_babaCode=21,data/cache/html/19950214_kawasaki_6.html
19950214_kawasaki_7,1995-02-14,kawasaki,7,https://www.keiba.go.jp/KeibaWeb/TodayRaceInfo/RaceMarkTable?k_raceDate=1995%2F02%2F14&k_raceNo=7&k_babaCode=21,data/cache/html/19950214_kawasaki_7.html
19950214_kawasaki_8,1995-02-14,kawasaki,8,https://www.keiba.go.jp/KeibaWeb/TodayRaceInfo/RaceMarkTable?k_raceDate=1995%2F02%2F14&k_raceNo=8&k_babaCode=21,data/cache/html/19950214_kawasaki_8.html
19950214_kawasaki_9,1995-02-14,kawasaki,9,https://www.keiba.go.jp/KeibaWeb/TodayRaceInfo/RaceMarkTable?k_raceDate=1995%2F02%2F14&k_raceNo=9&k_babaCode=21,data/cache/html/19950214_kawasaki_9.html
19950214_kawasaki_10,1995-02-14,kawasaki,10,https://www.keiba.go.jp/KeibaWeb/TodayRaceInfo/RaceMarkTable?k_raceDate=1995%2F02%2F14&k_raceNo=10&k_babaCode=21,data/cache/html/19950214_kawasaki_10.html
19950214_kawasaki_11,1995-02-14,kawasaki,11,https://www.keiba.go.jp/KeibaWeb/TodayRaceInfo/RaceMarkTable?k_raceDate=1995%2F02%2F14&k_raceNo=11&k_babaCode=21,data/cache/html/19950214_kawasaki_11.html
19950214_kawasaki_12,1995-02-14,kawasaki,12,https://www.keiba.go.jp/KeibaWeb/TodayRaceInfo/RaceMarkTable?k_raceDate=1995%2F02%2F14&k_raceNo=12&k_babaCode=21,data/cache/html/19950214_kawasaki_12.html
19950213_kawasaki_1,1995-02-13,kawasaki,1,https://www.keiba.go.jp/KeibaWeb/TodayRaceInfo/RaceMarkTable?k_raceDate=1995%2F02%2F13&k_raceNo=1&k_babaCode=21,data/cache/html/19950213_kawasaki_1.html
19950213_kawasaki_2,1995-02-13,kawasaki,2,https://www.keiba.go.jp/KeibaWeb/TodayRaceInfo/RaceMarkTable?k_raceDate=1995%2F02%2F13&k_raceNo=2&k_babaCode=21,data/cache/html/19950213_kawasaki_2.html
19950213_kawasaki_3,1995-02-13,kawasaki,3,https://www.keiba.go.jp/KeibaWeb/TodayRaceInfo/RaceMarkTable?k_raceDate=1995%2F02%2F13&k_raceNo=3&k_babaCode=21,data/cache/html/19950213_kawasaki_3.html
19950213_kawasaki_4,1995-02-13,kawasaki,4,https://www.keiba.go.jp/KeibaWeb/TodayRaceInfo/RaceMarkTable?k_raceDate=1995%2F02%2F13&k_raceNo=4&k_babaCode=21,data/cache/html/19950213_kawasaki_4.html
19950213_kawasaki_5,1995-02-13,kawasaki,5,https://www.keiba.go.jp/KeibaWeb/TodayRaceInfo/RaceMarkTable?k_raceDate=1995%2F02%2F13&k_raceNo=5&k_babaCode=21,data/cache/html/19950213_kawasaki_5.html
19950213_kawasaki_6,1995-02-13,kawasaki,6,https://www.keiba.go.jp/KeibaWeb/TodayRaceInfo/RaceMarkTable?k_raceDate=1995%2F02%2F13&k_raceNo=6&k_babaCode=21,data/cache/html/19950213_kawasaki_6.html
19950213_kawasaki_7,1995-02-13,kawasaki,7,https://www.keiba.go.jp/KeibaWeb/TodayRaceInfo/RaceMarkTable?k_raceDate=1995%2F02%2F13&k_raceNo=7&k_babaCode=21,data/cache/html/19950213_kawasaki_7.html
19950213_kawasaki_8,1995-02-13,kawasaki,8,https://www.keiba.go.jp/KeibaWeb/TodayRaceInfo/RaceMarkTable?k_raceDate=1995%2F02%2F13&k_raceNo=8&k_babaCode=21,data/cache/html/19950213_kawasaki_8.html
19950213_kawasaki_9,1995-02-13,kawasaki,9,https://www.keiba.go.jp/KeibaWeb/TodayRaceInfo/RaceMarkTable?k_raceDate=1995%2F02%2F13&k_raceNo=9&k_babaCode=21,data/cache/html/19950213_kawasaki_9.html
19950213_kawasaki_10,1995-02-13,kawasaki,10,https://www.keiba.go.jp/KeibaWeb/TodayRaceInfo/RaceMarkTable?k_raceDate=1995%2F02%2F13&k_raceNo=10&k_babaCode=21,data/cache/html/19950213_kawasaki_10.html
19950213_kawasaki_11,1995-02-13,kawasaki,11,https://www.keiba.go.jp/KeibaWeb/TodayRaceInfo/RaceMarkTable?k_raceDate=1995%2F02%2F13&k_raceNo=11&k_babaCode=21,data/cache/html/19950213_kawasaki_11.html
19950213_kawasaki_12,1995-02-13,kawasaki,12,https://www.keiba.go.jp/KeibaWeb/TodayRaceInfo/RaceMarkTable?k_raceDate=1995%2F02%2F13&k_raceNo=12&k_babaCode=21,data/cache/html/19950213_kawasaki_12.html
19950212_kawasaki_1,1995-02-12,kawasaki,1,https://www.keiba.go.jp/KeibaWeb/TodayRaceInfo/RaceMarkTable?k_raceDate=1995%2F02%2F12&k_raceNo=1&k_babaCode=21,data/cache/html/19950212_kawasaki_1.html
19950212_kawasaki_2,1995-02-12,kawasaki,2,https://www.keiba.go.jp/KeibaWeb/TodayRaceInfo/RaceMarkTable?k_raceDate=1995%2F02%2F12&k_raceNo=2&k_babaCode=21,data/cache/html/19950212_kawasaki_2.html
19950212_kawasaki_3,1995-02-12,kawasaki,3,https://www.keiba.go.jp/KeibaWeb/TodayRaceInfo/RaceMarkTable?k_raceDate=1995%2F02%2F12&k_raceNo=3&k_babaCode=21,data/cache/html/19950212_kawasaki_3.html
19950212_kawasaki_4,1995-02-12,kawasaki,4,https://www.keiba.go.jp/KeibaWeb/TodayRaceInfo/RaceMarkTable?k_raceDate=1995%2F02%2F12&k_raceNo=4&k_babaCode=21,data/cache/html/19950212_kawasaki_4.html
19950212_kawasaki_5,1995-02-12,kawasaki,5,https://www.keiba.go.jp/KeibaWeb/TodayRaceInfo/RaceMarkTable?k_raceDate=1995%2F02%2F12&k_raceNo=5&k_babaCode=21,data/cache/html/19950212_kawasaki_5.html
19950212_kawasaki_6,1995-02-12,kawasaki,6,https://www.keiba.go.jp/KeibaWeb/TodayRaceInfo/RaceMarkTable?k_raceDate=1995%2F02%2F12&k_raceNo=6&k_babaCode=21,data/cache/html/19950212_kawasaki_6.html
19950212_kawasaki_7,1995-02-12,kawasaki,7,https://www.keiba.go.jp/KeibaWeb/TodayRaceInfo/RaceMarkTable?k_raceDate=1995%2F02%2F12&k_raceNo=7&k_babaCode=21,data/cache/html/19950212_kawasaki_7.html
19950212_kawasaki_8,1995-02-12,kawasaki,8,https://www.keiba.go.jp/KeibaWeb/TodayRaceInfo/RaceMarkTable?k_raceDate=1995%2F02%2F12&k_raceNo=8&k_babaCode=21,data/cache/html/19950212_kawasaki_8.html
19950212_kawasaki_9,1995-02-12,kawasaki,9,https://www.keiba.go.jp/KeibaWeb/TodayRaceInfo/RaceMarkTable?k_raceDate=1995%2F02%2F12&k_raceNo=9&k_babaCode=21,data/cache/html/19950212_kawasaki_9.html
19950212_kawasaki_10,1995-02-12,kawasaki,10,https://www.keiba.go.jp/KeibaWeb/TodayRaceInfo/RaceMarkTable?k_raceDate=1995%2F02%2F12&k_raceNo=10&k_babaCode=21,data/cache/html/19950212_kawasaki_10.html
19950212_kawasaki_11,1995-02-12,kawasaki,11,https://www.keiba.go.jp/KeibaWeb/TodayRaceInfo/RaceMarkTable?k_raceDate=1995%2F02%2F12&k_raceNo=11&k_babaCode=21,data/cache/html/19950212_kawasaki_11.html
19950212_kawasaki_12,1995-02-12,kawasaki,12,https://www.keiba.go.jp/KeibaWeb/TodayRaceInfo/RaceMarkTable?k_raceDate=1995%2F02%2F12&k_raceNo=12&k_babaCode=21,data/cache/html/19950212_kawasaki_12.html
19950211_kawasaki_1,1995-02-11,kawasaki,1,https://www.keiba.go.jp/KeibaWeb/TodayRaceInfo/RaceMarkTable?k_raceDate=1995%2F02%2F11&k_raceNo=1&k_babaCode=21,data/cache/html/19950211_kawasaki_1.html
19950211_kawasaki_2,1995-02-11,kawasaki,2,https://www.keiba.go.jp/KeibaWeb/TodayRaceInfo/RaceMarkTable?k_raceDate=1995%2F02%2F11&k_raceNo=2&k_babaCode=21,data/cache/html/19950211_kawasaki_2.html
19950211_kawasaki_3,1995-02-11,kawasaki,3,https://www.keiba.go.jp/KeibaWeb/TodayRaceInfo/RaceMarkTable?k_raceDate=1995%2F02%2F11&k_raceNo=3&k_babaCode=21,data/cache/html/19950211_kawasaki_3.html
19950211_kawasaki_4,1995-02-11,kawasaki,4,https://www.keiba.go.jp/KeibaWeb/TodayRaceInfo/RaceMarkTable?k_raceDate=1995%2F02%2F11&k_raceNo=4&k_babaCode=21,data/cache/html/19950211_kawasaki_4.html
19950211_kawasaki_5,1995-02-11,kawasaki,5,https://www.keiba.go.jp/KeibaWeb/TodayRaceInfo/RaceMarkTable?k_raceDate=1995%2F02%2F11&k_raceNo=5&k_babaCode=21,data/cache/html/19950211_kawasaki_5.html
19950211_kawasaki_6,1995-02-11,kawasaki,6,https://www.keiba.go.jp/KeibaWeb/TodayRaceInfo/RaceMarkTable?k_raceDate=1995%2F02%2F11&k_raceNo=6&k_babaCode=21,data/cache/html/19950211_kawasaki_6.html
19950211_kawasaki_7,1995-02-11,kawasaki,7,https://www.keiba.go.jp/KeibaWeb/TodayRaceInfo/RaceMarkTable?k_raceDate=1995%2F02%2F11&k_raceNo=7&k_babaCode=21,data/cache/html/19950211_kawasaki_7.html
19950211_kawasaki_8,1995-02-11,kawasaki,8,https://www.keiba.go.jp/KeibaWeb/TodayRaceInfo/RaceMarkTable?k_raceDate=1995%2F02%2F11&k_raceNo=8&k_babaCode=21,data/cache/html/19950211_kawasaki_8.html
19950211_kawasaki_9,1995-02-11,kawasaki,9,https://www.keiba.go.jp/KeibaWeb/TodayRaceInfo/RaceMarkTable?k_raceDate=1995%2F02%2F11&k_raceNo=9&k_babaCode=21,data/cache/html/19950211_kawasaki_9.html
19950211_kawasaki_10,1995-02-11,kawasaki,10,https://www.keiba.go.jp/KeibaWeb/TodayRaceInfo/RaceMarkTable?k_raceDate=1995%2F02%2F11&k_raceNo=10&k_babaCode=21,data/cache/html/19950211_kawasaki_10.html
19950211_kawasaki_11,1995-02-11,kawasaki,11,https://www.keiba.go.jp/KeibaWeb/TodayRaceInfo/RaceMarkTable?k_raceDate=1995%2F02%2F11&k_raceNo=11&k_babaCode=21,data/cache/html/19950211_kawasaki_11.html
19950211_kawasaki_12,1995-02-11,kawasaki,12,https://www.keiba.go.jp/KeibaWeb/TodayRaceInfo/RaceMarkTable?k_raceDate=1995%2F02%2F11&k_raceNo=12&k_babaCode=21,data/cache/html/19950211_kawasaki_12.html
19950210_kawasaki_1,1995-02-10,kawasaki,1,https://www.keiba.go.jp/KeibaWeb/TodayRaceInfo/RaceMarkTable?k_raceDate=1995%2F02%2F10&k_raceNo=1&k_babaCode=21,data/cache/html/19950210_kawasaki_1.html
19950210_kawasaki_2,1995-02-10,kawasaki,2,https://www.keiba.go.jp/KeibaWeb/TodayRaceInfo/RaceMarkTable?k_raceDate=1995%2F02%2F10&k_raceNo=2&k_babaCode=21,data/cache/html/19950210_kawasaki_2.html
19950210_kawasaki_3,1995-02-10,kawasaki,3,https://www.keiba.go.jp/KeibaWeb/TodayRaceInfo/RaceMarkTable?k_raceDate=1995%2F02%2F10&k_raceNo=3&k_babaCode=21,data/cache/html/19950210_kawasaki_3.html
19950210_kawasaki_4,1995-02-10,kawasaki,4,https://www.keiba.go.jp/KeibaWeb/TodayRaceInfo/RaceMarkTable?k_raceDate=1995%2F02%2F10&k_raceNo=4&k_babaCode=21,data/cache/html/19950210_kawasaki_4.html
19950210_kawasaki_5,1995-02-10,kawasaki,5,https://www.keiba.go.jp/KeibaWeb/TodayRaceInfo/RaceMarkTable?k_raceDate=1995%2F02%2F10&k_raceNo=5&k_babaCode=21,data/cache/html/19950210_kawasaki_5.html
19950210_kawasaki_6,1995-02-10,kawasaki,6,https://www.keiba.go.jp/KeibaWeb/TodayRaceInfo/RaceMarkTable?k_raceDate=1995%2F02%2F10&k_raceNo=6&k_babaCode=21,data/cache/html/19950210_kawasaki_6.html
19950210_kawasaki_7,1995-02-10,kawasaki,7,https://www.keiba.go.jp/KeibaWeb/TodayRaceInfo/RaceMarkTable?k_raceDate=1995%2F02%2F10&k_raceNo=7&k_babaCode=21,data/cache/html/19950210_kawasaki_7.html
19950210_kawasaki_8,1995-02-10,kawasaki,8,https://www.keiba.go.jp/KeibaWeb/TodayRaceInfo/RaceMarkTable?k_raceDate=1995%2F02%2F10&k_raceNo=8&k_babaCode=21,data/cache/html/19950210_kawasaki_8.html
19950210_kawasaki_9,1995-02-10,kawasaki,9,https://www.keiba.go.jp/KeibaWeb/TodayRaceInfo/RaceMarkTable?k_raceDate=1995%2F02%2F10&k_raceNo=9&k_babaCode=21,data/cache/html/19950210_kawasaki_9.html
19950210_kawasaki_10,1995-02-10,kawasaki,10,https://www.keiba.go.jp/KeibaWeb/TodayRaceInfo/RaceMarkTable?k_raceDate=1995%2F02%2F10&k_raceNo=10&k_babaCode=21,data/cache/html/19950210_kawasaki_10.html
19950210_kawasaki_11,1995-02-10,kawasaki,11,https://www.keiba.go.jp/KeibaWeb/TodayRaceInfo/RaceMarkTable?k_raceDate=1995%2F02%2F10&k_raceNo=11&k_babaCode=21,data/cache/html/19950210_kawasaki_11.html
19950210_kawasaki_12,1995-02-10,kawasaki,12,https://www.keiba.go.jp/KeibaWeb/TodayRaceInfo/RaceMarkTable?k_raceDate=1995%2F02%2F10&k_raceNo=12&k_babaCode=21,data/cache/html/19950210_kawasaki_12.html
19950209_kawasaki_1,1995-02-09,kawasaki,1,https://www.keiba.go.jp/KeibaWeb/TodayRaceInfo/RaceMarkTable?k_raceDate=1995%2F02%2F09&k_raceNo=1&k_babaCode=21,data/cache/html/19950209_kawasaki_1.html
19950209_kawasaki_2,1995-02-09,kawasaki,2,https://www.keiba.go.jp/KeibaWeb/TodayRaceInfo/RaceMarkTable?k_raceDate=1995%2F02%2F09&k_raceNo=2&k_babaCode=21,data/cache/html/19950209_kawasaki_2.html
19950209_kawasaki_3,1995-02-09,kawasaki,3,https://www.keiba.go.jp/KeibaWeb/TodayRaceInfo/RaceMarkTable?k_raceDate=1995%2F02%2F09&k_raceNo=3&k_babaCode=21,data/cache/html/19950209_kawasaki_3.html
19950209_kawasaki_4,1995-02-09,kawasaki,4,https://www.keiba.go.jp/KeibaWeb/TodayRaceInfo/RaceMarkTable?k_raceDate=1995%2F02%2F09&k_raceNo=4&k_babaCode=21,data/cache/html/19950209_kawasaki_4.html
19950209_kawasaki_5,1995-02-09,kawasaki,5,https://www.keiba.go.jp/KeibaWeb/TodayRaceInfo/RaceMarkTable?k_raceDate=1995%2F02%2F09&k_raceNo=5&k_babaCode=21,data/cache/html/19950209_kawasaki_5.html
19950209_kawasaki_6,1995-02-09,kawasaki,6,https://www.keiba.go.jp/KeibaWeb/TodayRaceInfo/RaceMarkTable?k_raceDate=1995%2F02%2F09&k_raceNo=6&k_babaCode=21,data/cache/html/19950209_kawasaki_6.html
19950209_kawasaki_7,1995-02-09,kawasaki,7,https://www.keiba.go.jp/KeibaWeb/TodayRaceInfo/RaceMarkTable?k_raceDate=1995%2F02%2F09&k_raceNo=7&k_babaCode=21,data/cache/html/19950209_kawasaki_7.html
19950209_kawasaki_8,1995-02-09,kawasaki,8,https://www.keiba.go.jp/KeibaWeb/TodayRaceInfo/RaceMarkTable?k_raceDate=1995%2F02%2F09&k_raceNo=8&k_babaCode=21,data/cache/html/19950209_kawasaki_8.html
19950209_kawasaki_9,1995-02-09,kawasaki,9,https://www.keiba.go.jp/KeibaWeb/TodayRaceInfo/RaceMarkTable?k_raceDate=1995%2F02%2F09&k_raceNo=9&k_babaCode=21,data/cache/html/19950209_kawasaki_9.html
19950209_kawasaki_10,1995-02-09,kawasaki,10,https://www.keiba.go.jp/KeibaWeb/TodayRaceInfo/RaceMarkTable?k_raceDate=1995%2F02%2F09&k_raceNo=10&k_babaCode=21,data/cache/html/19950209_kawasaki_10.html
19950209_kawasaki_11,1995-02-09,kawasaki,11,https://www.keiba.go.jp/KeibaWeb/TodayRaceInfo/RaceMarkTable?k_raceDate=1995%2F02%2F09&k_raceNo=11&k_babaCode=21,data/cache/html/19950209_kawasaki_11.html
19950209_kawasaki_12,1995-02-09,kawasaki,12,https://www.keiba.go.jp/KeibaWeb/TodayRaceInfo/RaceMarkTable?k_raceDate=1995%2F02%2F09&k_raceNo=12&k_babaCode=21,data/cache/html/19950209_kawasaki_12.html
19950208_kawasaki_1,1995-02-08,kawasaki,1,https://www.keiba.go.jp/KeibaWeb/TodayRaceInfo/RaceMarkTable?k_raceDate=1995%2F02%2F08&k_raceNo=1&k_babaCode=21,data/cache/html/19950208_kawasaki_1.html
19950208_kawasaki_2,1995-02-08,kawasaki,2,https://www.keiba.go.jp/KeibaWeb/TodayRaceInfo/RaceMarkTable?k_raceDate=1995%2F02%2F08&k_raceNo=2&k_babaCode=21,data/cache/html/19950208_kawasaki_2.html
19950208_kawasaki_3,1995-02-08,kawasaki,3,https://www.keiba.go.jp/KeibaWeb/TodayRaceInfo/RaceMarkTable?k_raceDate=1995%2F02%2F08&k_raceNo=3&k_babaCode=21,data/cache/html/19950208_kawasaki_3.html
19950208_kawasaki_4,1995-02-08,kawasaki,4,https://www.keiba.go.jp/KeibaWeb/TodayRaceInfo/RaceMarkTable?k_raceDate=1995%2F02%2F08&k_raceNo=4&k_babaCode=21,data/cache/html/19950208_kawasaki_4.html
19950208_kawasaki_5,1995-02-08,kawasaki,5,https://www.keiba.go.jp/KeibaWeb/TodayRaceInfo/RaceMarkTable?k_raceDate=1995%2F02%2F08&k_raceNo=5&k_babaCode=21,data/cache/html/19950208_kawasaki_5.html
19950208_kawasaki_6,1995-02-08,kawasaki,6,https://www.keiba.go.jp/KeibaWeb/TodayRaceInfo/RaceMarkTable?k_raceDate=1995%2F02%2F08&k_raceNo=6&k_babaCode=21,data/cache/html/19950208_kawasaki_6.html
19950208_kawasaki_7,1995-02-08,kawasaki,7,https://www.keiba.go.jp/KeibaWeb/TodayRaceInfo/RaceMarkTable?k_raceDate=1995%2F02%2F08&k_raceNo=7&k_babaCode=21,data/cache/html/19950208_kawasaki_7.html
19950208_kawasaki_8,1995-02-08,kawasaki,8,https://www.keiba.go.jp/KeibaWeb/TodayRaceInfo/RaceMarkTable?k_raceDate=1995%2F02%2F08&k_raceNo=8&k_babaCode=21,data/cache/html/19950208_kawasaki_8.html
19950208_kawasaki_9,1995-02-08,kawasaki,9,https://www.keiba.go.jp/KeibaWeb/TodayRaceInfo/RaceMarkTable?k_raceDate=1995%2F02%2F08&k_raceNo=9&k_babaCode=21,data/cache/html/19950208_kawasaki_9.html
19950208_kawasaki_10,1995-02-08,kawasaki,10,https://www.keiba.go.jp/KeibaWeb/TodayRaceInfo/RaceMarkTable?k_raceDate=1995%2F02%2F08&k_raceNo=10&k_babaCode=21,data/cache/html/19950208_kawasaki_10.html
19950208_kawasaki_11,1995-02-08,kawasaki,11,https://www.keiba.go.jp/KeibaWeb/TodayRaceInfo/RaceMarkTable?k_raceDate=1995%2F02%2F08&k_raceNo=11&k_babaCode=21,data/cache/html/19950208_kawasaki_11.html
19950208_kawasaki_12,1995-02-08,kawasaki,12,https://www.keiba.go.jp/KeibaWeb/TodayRaceInfo/RaceMarkTable?k_raceDate=1995%2F02%2F08&k_raceNo=12&k_babaCode=21,data/cache/html/19950208_kawasaki_12.html
19950207_kawasaki_1,1995-02-07,kawasaki,1,https://www.keiba.go.jp/KeibaWeb/TodayRaceInfo/RaceMarkTable?k_raceDate=1995%2F02%2F07&k_raceNo=1&k_babaCode=21,data/cache/html/19950207_kawasaki_1.html
19950207_kawasaki_2,1995-02-07,kawasaki,2,https://www.keiba.go.jp/KeibaWeb/TodayRaceInfo/RaceMarkTable?k_raceDate=1995%2F02%2F07&k_raceNo=2&k_babaCode=21,data/cache/html/19950207_kawasaki_2.html
19950207_kawasaki_3,1995-02-07,kawasaki,3,https://www.keiba.go.jp/KeibaWeb/TodayRaceInfo/RaceMarkTable?k_raceDate=1995%2F02%2F07&k_raceNo=3&k_babaCode=21,data/cache/html/19950207_kawasaki_3.html
19950207_kawasaki_4,1995-02-07,kawasaki,4,https://www.keiba.go.jp/KeibaWeb/TodayRaceInfo/RaceMarkTable?k_raceDate=1995%2F02%2F07&k_raceNo=4&k_babaCode=21,data/cache/html/19950207_kawasaki_4.html
19950207_kawasaki_5,1995-02-07,kawasaki,5,https://www.keiba.go.jp/KeibaWeb/TodayRaceInfo/RaceMarkTable?k_raceDate=1995%2F02%2F07&k_raceNo=5&k_babaCode=21,data/cache/html/19950207_kawasaki_5.html
19950207_kawasaki_6,1995-02-07,kawasaki,6,https://www.keiba.go.jp/KeibaWeb/TodayRaceInfo/RaceMarkTable?k_raceDate=1995%2F02%2F07&k_raceNo=6&k_babaCode=21,data/cache/html/19950207_kawasaki_6.html
19950207_kawasaki_7,1995-02-07,kawasaki,7,https://www.keiba.go.jp/KeibaWeb/TodayRaceInfo/RaceMarkTable?k_raceDate=1995%2F02%2F07&k_raceNo=7&k_babaCode=21,data/cache/html/19950207_kawasaki_7.html
19950207_kawasaki_8,1995-02-07,kawasaki,8,https://www.keiba.go.jp/KeibaWeb/TodayRaceInfo/RaceMarkTable?k_raceDate=1995%2F02%2F07&k_raceNo=8&k_babaCode=21,data/cache/html/19950207_kawasaki_8.html
19950207_kawasaki_9,1995-02-07,kawasaki,9,https://www.keiba.go.jp/KeibaWeb/TodayRaceInfo/RaceMarkTable?k_raceDate=1995%2F02%2F07&k_raceNo=9&k_babaCode=21,data/cache/html/19950207_kawasaki_9.html
19950207_kawasaki_10,1995-02-07,kawasaki,10,https://www.keiba.go.jp/KeibaWeb/TodayRaceInfo/RaceMarkTable?k_raceDate=1995%2F02%2F07&k_raceNo=10&k_babaCode=21,data/cache/html/19950207_kawasaki_10.html
19950207_kawasaki_11,1995-02-07,kawasaki,11,https://www.keiba.go.jp/KeibaWeb/TodayRaceInfo/RaceMarkTable?k_raceDate=1995%2F02%2F07&k_raceNo=11&k_babaCode=21,data/cache/html/19950207_kawasaki_11.html
19950207_kawasaki_12,1995-02-07,kawasaki,12,https://www.keiba.go.jp/KeibaWeb/TodayRaceInfo/RaceMarkTable?k_raceDate=1995%2F02%2F07&k_raceNo=12&k_babaCode=21,data/cache/html/19950207_kawasaki_12.html
19950206_kawasaki_1,1995-02-06,kawasaki,1,https://www.keiba.go.jp/KeibaWeb/TodayRaceInfo/RaceMarkTable?k_raceDate=1995%2F02%2F06&k_raceNo=1&k_babaCode=21,data/cache/html/19950206_kawasaki_1.html
19950206_kawasaki_2,1995-02-06,kawasaki,2,https://www.keiba.go.jp/KeibaWeb/TodayRaceInfo/RaceMarkTable?k_raceDate=1995%2F02%2F06&k_raceNo=2&k_babaCode=21,data/cache/html/19950206_kawasaki_2.html
19950206_kawasaki_3,1995-02-06,kawasaki,3,https://www.keiba.go.jp/KeibaWeb/TodayRaceInfo/RaceMarkTable?k_raceDate=1995%2F02%2F06&k_raceNo=3&k_babaCode=21,data/cache/html/19950206_kawasaki_3.html
19950206_kawasaki_4,1995-02-06,kawasaki,4,https://www.keiba.go.jp/KeibaWeb/TodayRaceInfo/RaceMarkTable?k_raceDate=1995%2F02%2F06&k_raceNo=4&k_babaCode=21,data/cache/html/19950206_kawasaki_4.html
19950206_kawasaki_5,1995-02-06,kawasaki,5,https://www.keiba.go.jp/KeibaWeb/TodayRaceInfo/RaceMarkTable?k_raceDate=1995%2F02%2F06&k_raceNo=5&k_babaCode=21,data/cache/html/19950206_kawasaki_5.html
19950206_kawasaki_6,1995-02-06,kawasaki,6,https://www.keiba.go.jp/KeibaWeb/TodayRaceInfo/RaceMarkTable?k_raceDate=1995%2F02%2F06&k_raceNo=6&k_babaCode=21,data/cache/html/19950206_kawasaki_6.html
19950206_kawasaki_7,1995-02-06,kawasaki,7,https://www.keiba.go.jp/KeibaWeb/TodayRaceInfo/RaceMarkTable?k_raceDate=1995%2F02%2F06&k_raceNo=7&k_babaCode=21,data/cache/html/19950206_kawasaki_7.html
19950206_kawasaki_8,1995-02-06,kawasaki,8,https://www.keiba.go.jp/KeibaWeb/TodayRaceInfo/RaceMarkTable?k_raceDate=1995%2F02%2F06&k_raceNo=8&k_babaCode=21,data/cache/html/19950206_kawasaki_8.html
19950206_kawasaki_9,1995-02-06,kawasaki,9,https://www.keiba.go.jp/KeibaWeb/TodayRaceInfo/RaceMarkTable?k_raceDate=1995%2F02%2F06&k_raceNo=9&k_babaCode=21,data/cache/html/19950206_kawasaki_9.html
19950206_kawasaki_10,1995-02-06,kawasaki,10,https://www.keiba.go.jp/KeibaWeb/TodayRaceInfo/RaceMarkTable?k_raceDate=1995%2F02%2F06&k_raceNo=10&k_babaCode=21,data/cache/html/19950206_kawasaki_10.html
19950206_kawasaki_11,1995-02-06,kawasaki,11,https://www.keiba.go.jp/KeibaWeb/TodayRaceInfo/RaceMarkTable?k_raceDate=1995%2F02%2F06&k_raceNo=11&k_babaCode=21,data/cache/html/19950206_kawasaki_11.html
19950206_kawasaki_12,1995-02-06,kawasaki,12,https://www.keiba.go.jp/KeibaWeb/TodayRaceInfo/RaceMarkTable?k_raceDate=1995%2F02%2F06&k_raceNo=12&k_babaCode=21,data/cache/html/19950206_kawasaki_12.html
19950205_kawasaki_1,1995-02-05,kawasaki,1,https://www.keiba.go.jp/KeibaWeb/TodayRaceInfo/RaceMarkTable?k_raceDate=1995%2F02%2F05&k_raceNo=1&k_babaCode=21,data/cache/html/19950205_kawasaki_1.html
19950205_kawasaki_2,1995-02-05,kawasaki,2,https://www.keiba.go.jp/KeibaWeb/TodayRaceInfo/RaceMarkTable?k_raceDate=1995%2F02%2F05&k_raceNo=2&k_babaCode=21,data/cache/html/19950205_kawasaki_2.html
19950205_kawasaki_3,1995-02-05,kawasaki,3,https://www.keiba.go.jp/KeibaWeb/TodayRaceInfo/RaceMarkTable?k_raceDate=1995%2F02%2F05&k_raceNo=3&k_babaCode=21,data/cache/html/19950205_kawasaki_3.html
19950205_kawasaki_4,1995-02-05,kawasaki,4,https://www.keiba.go.jp/KeibaWeb/TodayRaceInfo/RaceMarkTable?k_raceDate=1995%2F02%2F05&k_raceNo=4&k_babaCode=21,data/cache/html/19950205_kawasaki_4.html
19950205_kawasaki_5,1995-02-05,kawasaki,5,https://www.keiba.go.jp/KeibaWeb/TodayRaceInfo/RaceMarkTable?k_raceDate=1995%2F02%2F05&k_raceNo=5&k_babaCode=21,data/cache/html/19950205_kawasaki_5.html
19950205_kawasaki_6,1995-02-05,kawasaki,6,https://www.keiba.go.jp/KeibaWeb/TodayRaceInfo/RaceMarkTable?k_raceDate=1995%2F02%2F05&k_raceNo=6&k_babaCode=21,data/cache/html/19950205_kawasaki_6.html
19950205_kawasaki_7,1995-02-05,kawasaki,7,https://www.keiba.go.jp/KeibaWeb/TodayRaceInfo/RaceMarkTable?k_raceDate=1995%2F02%2F05&k_raceNo=7&k_babaCode=21,data/cache/html/19950205_kawasaki_7.html
19950205_kawasaki_8,1995-02-05,kawasaki,8,https://www.keiba.go.jp/KeibaWeb/TodayRaceInfo/RaceMarkTable?k_raceDate=1995%2F02%2F05&k_raceNo=8&k_babaCode=21,data/cache/html/19950205_kawasaki_8.html
19950205_kawasaki_9,1995-02-05,kawasaki,9,https://www.keiba.go.jp/KeibaWeb/TodayRaceInfo/RaceMarkTable?k_raceDate=1995%2F02%2F05&k_raceNo=9&k_babaCode=21,data/cache/html/19950205_kawasaki_9.html
19950205_kawasaki_10,1995-02-05,kawasaki,10,https://www.keiba.go.jp/KeibaWeb/TodayRaceInfo/RaceMarkTable?k_raceDate=1995%2F02%2F05&k_raceNo=10&k_babaCode=21,data/cache/html/19950205_kawasaki_10.html
19950205_kawasaki_11,1995-02-05,kawasaki,11,https://www.keiba.go.jp/KeibaWeb/TodayRaceInfo/RaceMarkTable?k_raceDate=1995%2F02%2F05&k_raceNo=11&k_babaCode=21,data/cache/html/19950205_kawasaki_11.html
19950205_kawasaki_12,1995-02-05,kawasaki,12,https://www.keiba.go.jp/KeibaWeb/TodayRaceInfo/RaceMarkTable?k_raceDate=1995%2F02%2F05&k_raceNo=12&k_babaCode=21,data/cache/html/19950205_kawasaki_12.html
19950204_kawasaki_1,1995-02-04,kawasaki,1,https://www.keiba.go.jp/KeibaWeb/TodayRaceInfo/RaceMarkTable?k_raceDate=1995%2F02%2F04&k_raceNo=1&k_babaCode=21,data/cache/html/19950204_kawasaki_1.html
19950204_kawasaki_2,1995-02-04,kawasaki,2,https://www.keiba.go.jp/KeibaWeb/TodayRaceInfo/RaceMarkTable?k_raceDate=1995%2F02%2F04&k_raceNo=2&k_babaCode=21,data/cache/html/19950204_kawasaki_2.html
19950204_kawasaki_3,1995-02-04,kawasaki,3,https://www.keiba.go.jp/KeibaWeb/TodayRaceInfo/RaceMarkTable?k_raceDate=1995%2F02%2F04&k_raceNo=3&k_babaCode=21,data/cache/html/19950204_kawasaki_3.html
19950204_kawasaki_4,1995-02-04,kawasaki,4,https://www.keiba.go.jp/KeibaWeb/TodayRaceInfo/RaceMarkTable?k_raceDate=1995%2F02%2F04&k_raceNo=4&k_babaCode=21,data/cache/html/19950204_kawasaki_4.html
19950204_kawasaki_5,1995-02-04,kawasaki,5,https://www.keiba.go.jp/KeibaWeb/TodayRaceInfo/RaceMarkTable?k_raceDate=1995%2F02%2F04&k_raceNo=5&k_babaCode=21,data/cache/html/19950204_kawasaki_5.html
19950204_kawasaki_6,1995-02-04,kawasaki,6,https://www.keiba.go.jp/KeibaWeb/TodayRaceInfo/RaceMarkTable?k_raceDate=1995%2F02%2F04&k_raceNo=6&k_babaCode=21,data/cache/html/19950204_kawasaki_6.html
19950204_kawasaki_7,1995-02-04,kawasaki,7,https://www.keiba.go.jp/KeibaWeb/TodayRaceInfo/RaceMarkTable?k_raceDate=1995%2F02%2F04&k_raceNo=7&k_babaCode=21,data/cache/html/19950204_kawasaki_7.html
19950204_kawasaki_8,1995-02-04,kawasaki,8,https://www.keiba.go.jp/KeibaWeb/TodayRaceInfo/RaceMarkTable?k_raceDate=1995%2F02%2F04&k_raceNo=8&k_babaCode=21,data/cache/html/19950204_kawasaki_8.html
19950204_kawasaki_9,1995-02-04,kawasaki,9,https://www.keiba.go.jp/KeibaWeb/TodayRaceInfo/RaceMarkTable?k_raceDate=1995%2F02%2F04&k_raceNo=9&k_babaCode=21,data/cache/html/19950204_kawasaki_9.html
19950204_kawasaki_10,1995-02-04,kawasaki,10,https://www.keiba.go.jp/KeibaWeb/TodayRaceInfo/RaceMarkTable?k_raceDate=1995%2F02%2F04&k_raceNo=10&k_babaCode=21,data/cache/html/19950204_kawasaki_10.html
19950204_kawasaki_11,1995-02-04,kawasaki,11,https://www.keiba.go.jp/KeibaWeb/TodayRaceInfo/RaceMarkTable?k_raceDate=1995%2F02%2F04&k_raceNo=11&k_babaCode=21,data/cache/html/19950204_kawasaki_11.html
19950204_kawasaki_12,1995-02-04,kawasaki,12,https://www.keiba.go.jp/KeibaWeb/TodayRaceInfo/RaceMarkTable?k_raceDate=1995%2F02%2F04&k_raceNo=12&k_babaCode=21,data/cache/html/19950204_kawasaki_12.html
19950203_kawasaki_1,1995-02-03,kawasaki,1,https://www.keiba.go.jp/KeibaWeb/TodayRaceInfo/RaceMarkTable?k_raceDate=1995%2F02%2F03&k_raceNo=1&k_babaCode=21,data/cache/html/19950203_kawasaki_1.html
19950203_kawasaki_2,1995-02-03,kawasaki,2,https://www.keiba.go.jp/KeibaWeb/TodayRaceInfo/RaceMarkTable?k_raceDate=1995%2F02%2F03&k_raceNo=2&k_babaCode=21,data/cache/html/19950203_kawasaki_2.html
19950203_kawasaki_3,1995-02-03,kawasaki,3,https://www.keiba.go.jp/KeibaWeb/TodayRaceInfo/RaceMarkTable?k_raceDate=1995%2F02%2F03&k_raceNo=3&k_babaCode=21,data/cache/html/19950203_kawasaki_3.html
19950203_kawasaki_4,1995-02-03,kawasaki,4,https://www.keiba.go.jp/KeibaWeb/TodayRaceInfo/RaceMarkTable?k_raceDate=1995%2F02%2F03&k_raceNo=4&k_babaCode=21,data/cache/html/19950203_kawasaki_4.html
19950203_kawasaki_5,1995-02-03,kawasaki,5,https://www.keiba.go.jp/KeibaWeb/TodayRaceInfo/RaceMarkTable?k_raceDate=1995%2F02%2F03&k_raceNo=5&k_babaCode=21,data/cache/html/19950203_kawasaki_5.html
19950203_kawasaki_6,1995-02-03,kawasaki,6,https://www.keiba.go.jp/KeibaWeb/TodayRaceInfo/RaceMarkTable?k_raceDate=1995%2F02%2F03&k_raceNo=6&k_babaCode=21,data/cache/html/19950203_kawasaki_6.html
19950203_kawasaki_7,1995-02-03,kawasaki,7,https://www.keiba.go.jp/KeibaWeb/TodayRaceInfo/RaceMarkTable?k_raceDate=1995%2F02%2F03&k_raceNo=7&k_babaCode=21,data/cache/html/19950203_kawasaki_7.html
19950203_kawasaki_8,1995-02-03,kawasaki,8,https://www.keiba.go.jp/KeibaWeb/TodayRaceInfo/RaceMarkTable?k_raceDate=1995%2F02%2F03&k_raceNo=8&k_babaCode=21,data/cache/html/19950203_kawasaki_8.html
19950203_kawasaki_9,1995-02-03,kawasaki,9,https://www.keiba.go.jp/KeibaWeb/TodayRaceInfo/RaceMarkTable?k_raceDate=1995%2F02%2F03&k_raceNo=9&k_babaCode=21,data/cache/html/19950203_kawasaki_9.html
19950203_kawasaki_10,1995-02-03,kawasaki,10,https://www.keiba.go.jp/KeibaWeb/TodayRaceInfo/RaceMarkTable?k_raceDate=1995%2F02%2F03&k_raceNo=10&k_babaCode=21,data/cache/html/19950203_kawasaki_10.html
19950203_kawasaki_11,1995-02-03,kawasaki,11,https://www.keiba.go.jp/KeibaWeb/TodayRaceInfo/RaceMarkTable?k_raceDate=1995%2F02%2F03&k_raceNo=11&k_babaCode=21,data/cache/html/19950203_kawasaki_11.html
19950203_kawasaki_12,1995-02-03,kawasaki,12,https://www.keiba.go.jp/KeibaWeb/TodayRaceInfo/RaceMarkTable?k_raceDate=1995%2F02%2F03&k_raceNo=12&k_babaCode=21,data/cache/html/19950203_kawasaki_12.html
19950202_kawasaki_1,1995-02-02,kawasaki,1,https://www.keiba.go.jp/KeibaWeb/TodayRaceInfo/RaceMarkTable?k_raceDate=1995%2F02%2F02&k_raceNo=1&k_babaCode=21,data/cache/html/19950202_kawasaki_1.html
19950202_kawasaki_2,1995-02-02,kawasaki,2,https://www.keiba.go.jp/KeibaWeb/TodayRaceInfo/RaceMarkTable?k_raceDate=1995%2F02%2F02&k_raceNo=2&k_babaCode=21,data/cache/html/19950202_kawasaki_2.html
19950202_kawasaki_3,1995-02-02,kawasaki,3,https://www.keiba.go.jp/KeibaWeb/TodayRaceInfo/RaceMarkTable?k_raceDate=1995%2F02%2F02&k_raceNo=3&k_babaCode=21,data/cache/html/19950202_kawasaki_3.html
19950202_kawasaki_4,1995-02-02,kawasaki,4,https://www.keiba.go.jp/KeibaWeb/TodayRaceInfo/RaceMarkTable?k_raceDate=1995%2F02%2F02&k_raceNo=4&k_babaCode=21,data/cache/html/19950202_kawasaki_4.html
19950202_kawasaki_5,1995-02-02,kawasaki,5,https://www.keiba.go.jp/KeibaWeb/TodayRaceInfo/RaceMarkTable?k_raceDate=1995%2F02%2F02&k_raceNo=5&k_babaCode=21,data/cache/html/19950202_kawasaki_5.html
19950202_kawasaki_6,1995-02-02,kawasaki,6,https://www.keiba.go.jp/KeibaWeb/TodayRaceInfo/RaceMarkTable?k_raceDate=1995%2F02%2F02&k_raceNo=6&k_babaCode=21,data/cache/html/19950202_kawasaki_6.html
19950202_kawasaki_7,1995-02-02,kawasaki,7,https://www.keiba.go.jp/KeibaWeb/TodayRaceInfo/RaceMarkTable?k_raceDate=1995%2F02%2F02&k_raceNo=7&k_babaCode=21,data/cache/html/19950202_kawasaki_7.html
19950202_kawasaki_8,1995-02-02,kawasaki,8,https://www.keiba.go.jp/KeibaWeb/TodayRaceInfo/RaceMarkTable?k_raceDate=1995%2F02%2F02&k_raceNo=8&k_babaCode=21,data/cache/html/19950202_kawasaki_8.html
19950202_kawasaki_9,1995-02-02,kawasaki,9,https://www.keiba.go.jp/KeibaWeb/TodayRaceInfo/RaceMarkTable?k_raceDate=1995%2F02%2F02&k_raceNo=9&k_babaCode=21,data/cache/html/19950202_kawasaki_9.html
19950202_kawasaki_10,1995-02-02,kawasaki,10,https://www.keiba.go.jp/KeibaWeb/TodayRaceInfo/RaceMarkTable?k_raceDate=1995%2F02%2F02&k_raceNo=10&k_babaCode=21,data/cache/html/19950202_kawasaki_10.html
19950202_kawasaki_11,1995-02-02,kawasaki,11,https://www.keiba.go.jp/KeibaWeb/TodayRaceInfo/RaceMarkTable?k_raceDate=1995%2F02%2F02&k_raceNo=11&k_babaCode=21,data/cache/html/19950202_kawasaki_11.html
19950202_kawasaki_12,1995-02-02,kawasaki,12,https://www.keiba.go.jp/KeibaWeb/TodayRaceInfo/RaceMarkTable?k_raceDate=1995%2F02%2F02&k_raceNo=12&k_babaCode=21,data/cache/html/19950202_kawasaki_12.html
19950201_kawasaki_1,1995-02-01,kawasaki,1,https://www.keiba.go.jp/KeibaWeb/TodayRaceInfo/RaceMarkTable?k_raceDate=1995%2F02%2F01&k_raceNo=1&k_babaCode=21,data/cache/html/19950201_kawasaki_1.html
19950201_kawasaki_2,1995-02-01,kawasaki,2,https://www.keiba.go.jp/KeibaWeb/TodayRaceInfo/RaceMarkTable?k_raceDate=1995%2F02%2F01&k_raceNo=2&k_babaCode=21,data/cache/html/19950201_kawasaki_2.html
19950201_kawasaki_3,1995-02-01,kawasaki,3,https://www.keiba.go.jp/KeibaWeb/TodayRaceInfo/RaceMarkTable?k_raceDate=1995%2F02%2F01&k_raceNo=3&k_babaCode=21,data/cache/html/19950201_kawasaki_3.html
19950201_kawasaki_4,1995-02-01,kawasaki,4,https://www.keiba.go.jp/KeibaWeb/TodayRaceInfo/RaceMarkTable?k_raceDate=1995%2F02%2F01&k_raceNo=4&k_babaCode=21,data/cache/html/19950201_kawasaki_4.html
19950201_kawasaki_5,1995-02-01,kawasaki,5,https://www.keiba.go.jp/KeibaWeb/TodayRaceInfo/RaceMarkTable?k_raceDate=1995%2F02%2F01&k_raceNo=5&k_babaCode=21,data/cache/html/19950201_kawasaki_5.html
19950201_kawasaki_6,1995-02-01,kawasaki,6,https://www.keiba.go.jp/KeibaWeb/TodayRaceInfo/RaceMarkTable?k_raceDate=1995%2F02%2F01&k_raceNo=6&k_babaCode=21,data/cache/html/19950201_kawasaki_6.html
19950201_kawasaki_7,1995-02-01,kawasaki,7,https://www.keiba.go.jp/KeibaWeb/TodayRaceInfo/RaceMarkTable?k_raceDate=1995%2F02%2F01&k_raceNo=7&k_babaCode=21,data/cache/html/19950201_kawasaki_7.html
19950201_kawasaki_8,1995-02-01,kawasaki,8,https://www.keiba.go.jp/KeibaWeb/TodayRaceInfo/RaceMarkTable?k_raceDate=1995%2F02%2F01&k_raceNo=8&k_babaCode=21,data/cache/html/19950201_kawasaki_8.html
19950201_kawasaki_9,1995-02-01,kawasaki,9,https://www.keiba.go.jp/KeibaWeb/TodayRaceInfo/RaceMarkTable?k_raceDate=1995%2F02%2F01&k_raceNo=9&k_babaCode=21,data/cache/html/19950201_kawasaki_9.html
19950201_kawasaki_10,1995-02-01,kawasaki,10,https://www.keiba.go.jp/KeibaWeb/TodayRaceInfo/RaceMarkTable?k_raceDate=1995%2F02%2F01&k_raceNo=10&k_babaCode=21,data/cache/html/19950201_kawasaki_10.html
19950201_kawasaki_11,1995-02-01,kawasaki,11,https://www.keiba.go.jp/KeibaWeb/TodayRaceInfo/RaceMarkTable?k_raceDate=1995%2F02%2F01&k_raceNo=11&k_babaCode=21,data/cache/html/19950201_kawasaki_11.html
19950201_kawasaki_12,1995-02-01,kawasaki,12,https://www.keiba.go.jp/KeibaWeb/TodayRaceInfo/RaceMarkTable?k_raceDate=1995%2F02%2F01&k_raceNo=12&k_babaCode=21,data/cache/html/19950201_kawasaki_12.html
19950131_kawasaki_1,1995-01-31,kawasaki,1,https://www.keiba.go.jp/KeibaWeb/TodayRaceInfo/RaceMarkTable?k_raceDate=1995%2F01%2F31&k_raceNo=1&k_babaCode=21,data/cache/html/19950131_kawasaki_1.html
19950131_kawasaki_2,1995-01-31,kawasaki,2,https://www.keiba.go.jp/KeibaWeb/TodayRaceInfo/RaceMarkTable?k_raceDate=1995%2F01%2F31&k_raceNo=2&k_babaCode=21,data/cache/html/19950131_kawasaki_2.html
19950131_kawasaki_3,1995-01-31,kawasaki,3,https://www.keiba.go.jp/KeibaWeb/TodayRaceInfo/RaceMarkTable?k_raceDate=1995%2F01%2F31&k_raceNo=3&k_babaCode=21,data/cache/html/19950131_kawasaki_3.html
19950131_kawasaki_4,1995-01-31,kawasaki,4,https://www.keiba.go.jp/KeibaWeb/TodayRaceInfo/RaceMarkTable?k_raceDate=1995%2F01%2F31&k_raceNo=4&k_babaCode=21,data/cache/html/19950131_kawasaki_4.html
19950131_kawasaki_5,1995-01-31,kawasaki,5,https://www.keiba.go.jp/KeibaWeb/TodayRaceInfo/RaceMarkTable?k_raceDate=1995%2F01%2F31&k_raceNo=5&k_babaCode=21,data/cache/html/19950131_kawasaki_5.html
19950131_kawasaki_6,1995-01-31,kawasaki,6,https://www.keiba.go.jp/KeibaWeb/TodayRaceInfo/RaceMarkTable?k_raceDate=1995%2F01%2F31&k_raceNo=6&k_babaCode=21,data/cache/html/19950131_kawasaki_6.html
19950131_kawasaki_7,1995-01-31,kawasaki,7,https://www.keiba.go.jp/KeibaWeb/TodayRaceInfo/RaceMarkTable?k_raceDate=1995%2F01%2F31&k_raceNo=7&k_babaCode=21,data/cache/html/19950131_kawasaki_7.html
19950131_kawasaki_8,1995-01-31,kawasaki,8,https://www.keiba.go.jp/KeibaWeb/TodayRaceInfo/RaceMarkTable?k_raceDate=1995%2F01%2F31&k_raceNo=8&k_babaCode=21,data/cache/html/19950131_kawasaki_8.html
19950131_kawasaki_9,1995-01-31,kawasaki,9,https://www.keiba.go.jp/KeibaWeb/TodayRaceInfo/RaceMarkTable?k_raceDate=1995%2F01%2F31&k_raceNo=9&k_babaCode=21,data/cache/html/19950131_kawasaki_9.html
19950131_kawasaki_10,1995-01-31,kawasaki,10,https://www.keiba.go.jp/KeibaWeb/TodayRaceInfo/RaceMarkTable?k_raceDate=1995%2F01%2F31&k_raceNo=10&k_babaCode=21,data/cache/html/19950131_kawasaki_10.html
19950131_kawasaki_11,1995-01-31,kawasaki,11,https://www.keiba.go.jp/KeibaWeb/TodayRaceInfo/RaceMarkTable?k_raceDate=1995%2F01%2F31&k_raceNo=11&k_babaCode=21,data/cache/html/19950131_kawasaki_11.html
19950131_kawasaki_12,1995-01-31,kawasaki,12,https://www.keiba.go.jp/KeibaWeb/TodayRaceInfo/RaceMarkTable?k_raceDate=1995%2F01%2F31&k_raceNo=12&k_babaCode=21,data/cache/html/19950131_kawasaki_12.html
19950130_kawasaki_1,1995-01-30,kawasaki,1,https://www.keiba.go.jp/KeibaWeb/TodayRaceInfo/RaceMarkTable?k_raceDate=1995%2F01%2F30&k_raceNo=1&k_babaCode=21,data/cache/html/19950130_kawasaki_1.html
19950130_kawasaki_2,1995-01-30,kawasaki,2,https://www.keiba.go.jp/KeibaWeb/TodayRaceInfo/RaceMarkTable?k_raceDate=1995%2F01%2F30&k_raceNo=2&k_babaCode=21,data/cache/html/19950130_kawasaki_2.html
19950130_kawasaki_3,1995-01-30,kawasaki,3,https://www.keiba.go.jp/KeibaWeb/TodayRaceInfo/RaceMarkTable?k_raceDate=1995%2F01%2F30&k_raceNo=3&k_babaCode=21,data/cache/html/19950130_kawasaki_3.html
19950130_kawasaki_4,1995-01-30,kawasaki,4,https://www.keiba.go.jp/KeibaWeb/TodayRaceInfo/RaceMarkTable?k_raceDate=1995%2F01%2F30&k_raceNo=4&k_babaCode=21,data/cache/html/19950130_kawasaki_4.html
19950130_kawasaki_5,1995-01-30,kawasaki,5,https://www.keiba.go.jp/KeibaWeb/TodayRaceInfo/RaceMarkTable?k_raceDate=1995%2F01%2F30&k_raceNo=5&k_babaCode=21,data/cache/html/19950130_kawasaki_5.html
19950130_kawasaki_6,1995-01-30,kawasaki,6,https://www.keiba.go.jp/KeibaWeb/TodayRaceInfo/RaceMarkTable?k_raceDate=1995%2F01%2F30&k_raceNo=6&k_babaCode=21,data/cache/html/19950130_kawasaki_6.html
19950130_kawasaki_7,1995-01-30,kawasaki,7,https://www.keiba.go.jp/KeibaWeb/TodayRaceInfo/RaceMarkTable?k_raceDate=1995%2F01%2F30&k_raceNo=7&k_babaCode=21,data/cache/html/19950130_kawasaki_7.html
19950130_kawasaki_8,1995-01-30,kawasaki,8,https://www.keiba.go.jp/KeibaWeb/TodayRaceInfo/RaceMarkTable?k_raceDate=1995%2F01%2F30&k_raceNo=8&k_babaCode=21,data/cache/html/19950130_kawasaki_8.html
19950130_kawasaki_9,1995-01-30,kawasaki,9,https://www.keiba.go.jp/KeibaWeb/TodayRaceInfo/RaceMarkTable?k_raceDate=1995%2F01%2F30&k_raceNo=9&k_babaCode=21,data/cache/html/19950130_kawasaki_9.html
19950130_kawasaki_10,1995-01-30,kawasaki,10,https://www.keiba.go.jp/KeibaWeb/TodayRaceInfo/RaceMarkTable?k_raceDate=1995%2F01%2F30&k_raceNo=10&k_babaCode=21,data/cache/html/19950130_kawasaki_10.html
19950130_kawasaki_11,1995-01-30,kawasaki,11,https://www.keiba.go.jp/KeibaWeb/TodayRaceInfo/RaceMarkTable?k_raceDate=1995%2F01%2F30&k_raceNo=11&k_babaCode=21,data/cache/html/19950130_kawasaki_11.html
19950130_kawasaki_12,1995-01-30,kawasaki,12,https://www.keiba.go.jp/KeibaWeb/TodayRaceInfo/RaceMarkTable?k_raceDate=1995%2F01%2F30&k_raceNo=12&k_babaCode=21,data/cache/html/19950130_kawasaki_12.html
19950129_kawasaki_1,1995-01-29,kawasaki,1,https://www.keiba.go.jp/KeibaWeb/TodayRaceInfo/RaceMarkTable?k_raceDate=1995%2F01%2F29&k_raceNo=1&k_babaCode=21,data/cache/html/19950129_kawasaki_1.html
19950129_kawasaki_2,1995-01-29,kawasaki,2,https://www.keiba.go.jp/KeibaWeb/TodayRaceInfo/RaceMarkTable?k_raceDate=1995%2F01%2F29&k_raceNo=2&k_babaCode=21,data/cache/html/19950129_kawasaki_2.html
19950129_kawasaki_3,1995-01-29,kawasaki,3,https://www.keiba.go.jp/KeibaWeb/TodayRaceInfo/RaceMarkTable?k_raceDate=1995%2F01%2F29&k_raceNo=3&k_babaCode=21,data/cache/html/19950129_kawasaki_3.html
19950129_kawasaki_4,1995-01-29,kawasaki,4,https://www.keiba.go.jp/KeibaWeb/TodayRaceInfo/RaceMarkTable?k_raceDate=1995%2F01%2F29&k_raceNo=4&k_babaCode=21,data/cache/html/19950129_kawasaki_4.html
19950129_kawasaki_5,1995-01-29,kawasaki,5,https://www.keiba.go.jp/KeibaWeb/TodayRaceInfo/RaceMarkTable?k_raceDate=1995%2F01%2F29&k_raceNo=5&k_babaCode=21,data/cache/html/19950129_kawasaki_5.html
19950129_kawasaki_6,1995-01-29,kawasaki,6,https://www.keiba.go.jp/KeibaWeb/TodayRaceInfo/RaceMarkTable?k_raceDate=1995%2F01%2F29&k_raceNo=6&k_babaCode=21,data/cache/html/19950129_kawasaki_6.html
19950129_kawasaki_7,1995-01-29,kawasaki,7,https://www.keiba.go.jp/KeibaWeb/TodayRaceInfo/RaceMarkTable?k_raceDate=1995%2F01%2F29&k_raceNo=7&k_babaCode=21,data/cache/html/19950129_kawasaki_7.html
19950129_kawasaki_8,1995-01-29,kawasaki,8,https://www.keiba.go.jp/KeibaWeb/TodayRaceInfo/RaceMarkTable?k_raceDate=1995%2F01%2F29&k_raceNo=8&k_babaCode=21,data/cache/html/19950129_kawasaki_8.html
19950129_kawasaki_9,1995-01-29,kawasaki,9,https://www.keiba.go.jp/KeibaWeb/TodayRaceInfo/RaceMarkTable?k_raceDate=1995%2F01%2F29&k_raceNo=9&k_babaCode=21,data/cache/html/19950129_kawasaki_9.html
19950129_kawasaki_10,1995-01-29,kawasaki,10,https://www.keiba.go.jp/KeibaWeb/TodayRaceInfo/RaceMarkTable?k_raceDate=1995%2F01%2F29&k_raceNo=10&k_babaCode=21,data/cache/html/19950129_kawasaki_10.html
19950129_kawasaki_11,1995-01-29,kawasaki,11,https://www.keiba.go.jp/KeibaWeb/TodayRaceInfo/RaceMarkTable?k_raceDate=1995%2F01%2F29&k_raceNo=11&k_babaCode=21,data/cache/html/19950129_kawasaki_11.html
19950129_kawasaki_12,1995-01-29,kawasaki,12,https://www.keiba.go.jp/KeibaWeb/TodayRaceInfo/RaceMarkTable?k_raceDate=1995%2F01%2F29&k_raceNo=12&k_babaCode=21,data/cache/html/19950129_kawasaki_12.html
19950128_kawasaki_1,1995-01-28,kawasaki,1,https://www.keiba.go.jp/KeibaWeb/TodayRaceInfo/RaceMarkTable?k_raceDate=1995%2F01%2F28&k_raceNo=1&k_babaCode=21,data/cache/html/19950128_kawasaki_1.html
19950128_kawasaki_2,1995-01-28,kawasaki,2,https://www.keiba.go.jp/KeibaWeb/TodayRaceInfo/RaceMarkTable?k_raceDate=1995%2F01%2F28&k_raceNo=2&k_babaCode=21,data/cache/html/19950128_kawasaki_2.html
19950128_kawasaki_3,1995-01-28,kawasaki,3,https://www.keiba.go.jp/KeibaWeb/TodayRaceInfo/RaceMarkTable?k_raceDate=1995%2F01%2F28&k_raceNo=3&k_babaCode=21,data/cache/html/19950128_kawasaki_3.html
19950128_kawasaki_4,1995-01-28,kawasaki,4,https://www.keiba.go.jp/KeibaWeb/TodayRaceInfo/RaceMarkTable?k_raceDate=1995%2F01%2F28&k_raceNo=4&k_babaCode=21,data/cache/html/19950128_kawasaki_4.html
19950128_kawasaki_5,1995-01-28,kawasaki,5,https://www.keiba.go.jp/KeibaWeb/TodayRaceInfo/RaceMarkTable?k_raceDate=1995%2F01%2F28&k_raceNo=5&k_babaCode=21,data/cache/html/19950128_kawasaki_5.html
19950128_kawasaki_6,1995-01-28,kawasaki,6,https://www.keiba.go.jp/KeibaWeb/TodayRaceInfo/RaceMarkTable?k_raceDate=1995%2F01%2F28&k_raceNo=6&k_babaCode=21,data/cache/html/19950128_kawasaki_6.html
19950128_kawasaki_7,1995-01-28,kawasaki,7,https://www.keiba.go.jp/KeibaWeb/TodayRaceInfo/RaceMarkTable?k_raceDate=1995%2F01%2F28&k_raceNo=7&k_babaCode=21,data/cache/html/19950128_kawasaki_7.html
19950128_kawasaki_8,1995-01-28,kawasaki,8,https://www.keiba.go.jp/KeibaWeb/TodayRaceInfo/RaceMarkTable?k_raceDate=1995%2F01%2F28&k_raceNo=8&k_babaCode=21,data/cache/html/19950128_kawasaki_8.html
19950128_kawasaki_9,1995-01-28,kawasaki,9,https://www.keiba.go.jp/KeibaWeb/TodayRaceInfo/RaceMarkTable?k_raceDate=1995%2F01%2F28&k_raceNo=9&k_babaCode=21,data/cache/html/19950128_kawasaki_9.html
19950128_kawasaki_10,1995-01-28,kawasaki,10,https://www.keiba.go.jp/KeibaWeb/TodayRaceInfo/RaceMarkTable?k_raceDate=1995%2F01%2F28&k_raceNo=10&k_babaCode=21,data/cache/html/19950128_kawasaki_10.html
19950128_kawasaki_11,1995-01-28,kawasaki,11,https://www.keiba.go.jp/KeibaWeb/TodayRaceInfo/RaceMarkTable?k_raceDate=1995%2F01%2F28&k_raceNo=11&k_babaCode=21,data/cache/html/19950128_kawasaki_11.html
19950128_kawasaki_12,1995-01-28,kawasaki,12,https://www.keiba.go.jp/KeibaWeb/TodayRaceInfo/RaceMarkTable?k_raceDate=1995%2F01%2F28&k_raceNo=12&k_babaCode=21,data/cache/html/19950128_kawasaki_12.html
19950127_kawasaki_1,1995-01-27,kawasaki,1,https://www.keiba.go.jp/KeibaWeb/TodayRaceInfo/RaceMarkTable?k_raceDate=1995%2F01%2F27&k_raceNo=1&k_babaCode=21,data/cache/html/19950127_kawasaki_1.html
19950127_kawasaki_2,1995-01-27,kawasaki,2,https://www.keiba.go.jp/KeibaWeb/TodayRaceInfo/RaceMarkTable?k_raceDate=1995%2F01%2F27&k_raceNo=2&k_babaCode=21,data/cache/html/19950127_kawasaki_2.html
19950127_kawasaki_3,1995-01-27,kawasaki,3,https://www.keiba.go.jp/KeibaWeb/TodayRaceInfo/RaceMarkTable?k_raceDate=1995%2F01%2F27&k_raceNo=3&k_babaCode=21,data/cache/html/19950127_kawasaki_3.html
19950127_kawasaki_4,1995-01-27,kawasaki,4,https://www.keiba.go.jp/KeibaWeb/TodayRaceInfo/RaceMarkTable?k_raceDate=1995%2F01%2F27&k_raceNo=4&k_babaCode=21,data/cache/html/19950127_kawasaki_4.html
19950127_kawasaki_5,1995-01-27,kawasaki,5,https://www.keiba.go.jp/KeibaWeb/TodayRaceInfo/RaceMarkTable?k_raceDate=1995%2F01%2F27&k_raceNo=5&k_babaCode=21,data/cache/html/19950127_kawasaki_5.html
19950127_kawasaki_6,1995-01-27,kawasaki,6,https://www.keiba.go.jp/KeibaWeb/TodayRaceInfo/RaceMarkTable?k_raceDate=1995%2F01%2F27&k_raceNo=6&k_babaCode=21,data/cache/html/19950127_kawasaki_6.html
19950127_kawasaki_7,1995-01-27,kawasaki,7,https://www.keiba.go.jp/KeibaWeb/TodayRaceInfo/RaceMarkTable?k_raceDate=1995%2F01%2F27&k_raceNo=7&k_babaCode=21,data/cache/html/19950127_kawasaki_7.html
19950127_kawasaki_8,1995-01-27,kawasaki,8,https://www.keiba.go.jp/KeibaWeb/TodayRaceInfo/RaceMarkTable?k_raceDate=1995%2F01%2F27&k_raceNo=8&k_babaCode=21,data/cache/html/19950127_kawasaki_8.html
19950127_kawasaki_9,1995-01-27,kawasaki,9,https://www.keiba.go.jp/KeibaWeb/TodayRaceInfo/RaceMarkTable?k_raceDate=1995%2F01%2F27&k_raceNo=9&k_babaCode=21,data/cache/html/19950127_kawasaki_9.html
19950127_kawasaki_10,1995-01-27,kawasaki,10,https://www.keiba.go.jp/KeibaWeb/TodayRaceInfo/RaceMarkTable?k_raceDate=1995%2F01%2F27&k_raceNo=10&k_babaCode=21,data/cache/html/19950127_kawasaki_10.html
19950127_kawasaki_11,1995-01-27,kawasaki,11,https://www.keiba.go.jp/KeibaWeb/TodayRaceInfo/RaceMarkTable?k_raceDate=1995%2F01%2F27&k_raceNo=11&k_babaCode=21,data/cache/html/19950127_kawasaki_11.html
19950127_kawasaki_12,1995-01-27,kawasaki,12,https://www.keiba.go.jp/KeibaWeb/TodayRaceInfo/RaceMarkTable?k_raceDate=1995%2F01%2F27&k_raceNo=12&k_babaCode=21,data/cache/html/19950127_kawasaki_12.html
19950126_kawasaki_1,1995-01-26,kawasaki,1,https://www.keiba.go.jp/KeibaWeb/TodayRaceInfo/RaceMarkTable?k_raceDate=1995%2F01%2F26&k_raceNo=1&k_babaCode=21,data/cache/html/19950126_kawasaki_1.html
19950126_kawasaki_2,1995-01-26,kawasaki,2,https://www.keiba.go.jp/KeibaWeb/TodayRaceInfo/RaceMarkTable?k_raceDate=1995%2F01%2F26&k_raceNo=2&k_babaCode=21,data/cache/html/19950126_kawasaki_2.html
19950126_kawasaki_3,1995-01-26,kawasaki,3,https://www.keiba.go.jp/KeibaWeb/TodayRaceInfo/RaceMarkTable?k_raceDate=1995%2F01%2F26&k_raceNo=3&k_babaCode=21,data/cache/html/19950126_kawasaki_3.html
19950126_kawasaki_4,1995-01-26,kawasaki,4,https://www.keiba.go.jp/KeibaWeb/TodayRaceInfo/RaceMarkTable?k_raceDate=1995%2F01%2F26&k_raceNo=4&k_babaCode=21,data/cache/html/19950126_kawasaki_4.html
19950126_kawasaki_5,1995-01-26,kawasaki,5,https://www.keiba.go.jp/KeibaWeb/TodayRaceInfo/RaceMarkTable?k_raceDate=1995%2F01%2F26&k_raceNo=5&k_babaCode=21,data/cache/html/19950126_kawasaki_5.html
19950126_kawasaki_6,1995-01-26,kawasaki,6,https://www.keiba.go.jp/KeibaWeb/TodayRaceInfo/RaceMarkTable?k_raceDate=1995%2F01%2F26&k_raceNo=6&k_babaCode=21,data/cache/html/19950126_kawasaki_6.html
19950126_kawasaki_7,1995-01-26,kawasaki,7,https://www.keiba.go.jp/KeibaWeb/TodayRaceInfo/RaceMarkTable?k_raceDate=1995%2F01%2F26&k_raceNo=7&k_babaCode=21,data/cache/html/19950126_kawasaki_7.html
19950126_kawasaki_8,1995-01-26,kawasaki,8,https://www.keiba.go.jp/KeibaWeb/TodayRaceInfo/RaceMarkTable?k_raceDate=1995%2F01%2F26&k_raceNo=8&k_babaCode=21,data/cache/html/19950126_kawasaki_8.html
19950126_kawasaki_9,1995-01-26,kawasaki,9,https://www.keiba.go.jp/KeibaWeb/TodayRaceInfo/RaceMarkTable?k_raceDate=1995%2F01%2F26&k_raceNo=9&k_babaCode=21,data/cache/html/19950126_kawasaki_9.html
19950126_kawasaki_10,1995-01-26,kawasaki,10,https://www.keiba.go.jp/KeibaWeb/TodayRaceInfo/RaceMarkTable?k_raceDate=1995%2F01%2F26&k_raceNo=10&k_babaCode=21,data/cache/html/19950126_kawasaki_10.html
19950126_kawasaki_11,1995-01-26,kawasaki,11,https://www.keiba.go.jp/KeibaWeb/TodayRaceInfo/RaceMarkTable?k_raceDate=1995%2F01%2F26&k_raceNo=11&k_babaCode=21,data/cache/html/19950126_kawasaki_11.html
19950126_kawasaki_12,1995-01-26,kawasaki,12,https://www.keiba.go.jp/KeibaWeb/TodayRaceInfo/RaceMarkTable?k_raceDate=1995%2F01%2F26&k_raceNo=12&k_babaCode=21,data/cache/html/19950126_kawasaki_12.html
19950125_kawasaki_1,1995-01-25,kawasaki,1,https://www.keiba.go.jp/KeibaWeb/TodayRaceInfo/RaceMarkTable?k_raceDate=1995%2F01%2F25&k_raceNo=1&k_babaCode=21,data/cache/html/19950125_kawasaki_1.html
19950125_kawasaki_2,1995-01-25,kawasaki,2,https://www.keiba.go.jp/KeibaWeb/TodayRaceInfo/RaceMarkTable?k_raceDate=1995%2F01%2F25&k_raceNo=2&k_babaCode=21,data/cache/html/19950125_kawasaki_2.html
19950125_kawasaki_3,1995-01-25,kawasaki,3,https://www.keiba.go.jp/KeibaWeb/TodayRaceInfo/RaceMarkTable?k_raceDate=1995%2F01%2F25&k_raceNo=3&k_babaCode=21,data/cache/html/19950125_kawasaki_3.html
19950125_kawasaki_4,1995-01-25,kawasaki,4,https://www.keiba.go.jp/KeibaWeb/TodayRaceInfo/RaceMarkTable?k_raceDate=1995%2F01%2F25&k_raceNo=4&k_babaCode=21,data/cache/html/19950125_kawasaki_4.html
19950125_kawasaki_5,1995-01-25,kawasaki,5,https://www.keiba.go.jp/KeibaWeb/TodayRaceInfo/RaceMarkTable?k_raceDate=1995%2F01%2F25&k_raceNo=5&k_babaCode=21,data/cache/html/19950125_kawasaki_5.html
19950125_kawasaki_6,1995-01-25,kawasaki,6,https://www.keiba.go.jp/KeibaWeb/TodayRaceInfo/RaceMarkTable?k_raceDate=1995%2F01%2F25&k_raceNo=6&k_babaCode=21,data/cache/html/19950125_kawasaki_6.html
19950125_kawasaki_7,1995-01-25,kawasaki,7,https://www.keiba.go.jp/KeibaWeb/TodayRaceInfo/RaceMarkTable?k_raceDate=1995%2F01%2F25&k_raceNo=7&k_babaCode=21,data/cache/html/19950125_kawasaki_7.html
19950125_kawasaki_8,1995-01-25,kawasaki,8,https://www.keiba.go.jp/KeibaWeb/TodayRaceInfo/RaceMarkTable?k_raceDate=1995%2F01%2F25&k_raceNo=8&k_babaCode=21,data/cache/html/19950125_kawasaki_8.html
19950125_kawasaki_9,1995-01-25,kawasaki,9,https://www.keiba.go.jp/KeibaWeb/TodayRaceInfo/RaceMarkTable?k_raceDate=1995%2F01%2F25&k_raceNo=9&k_babaCode=21,data/cache/html/19950125_kawasaki_9.html
19950125_kawasaki_10,1995-01-25,kawasaki,10,https://www.keiba.go.jp/KeibaWeb/TodayRaceInfo/RaceMarkTable?k_raceDate=1995%2F01%2F25&k_raceNo=10&k_babaCode=21,data/cache/html/19950125_kawasaki_10.html
19950125_kawasaki_11,1995-01-25,kawasaki,11,https://www.keiba.go.jp/KeibaWeb/TodayRaceInfo/RaceMarkTable?k_raceDate=1995%2F01%2F25&k_raceNo=11&k_babaCode=21,data/cache/html/19950125_kawasaki_11.html
19950125_kawasaki_12,1995-01-25,kawasaki,12,https://www.keiba.go.jp/KeibaWeb/TodayRaceInfo/RaceMarkTable?k_raceDate=1995%2F01%2F25&k_raceNo=12&k_babaCode=21,data/cache/html/19950125_kawasaki_12.html
19950124_kawasaki_1,1995-01-24,kawasaki,1,https://www.keiba.go.jp/KeibaWeb/TodayRaceInfo/RaceMarkTable?k_raceDate=1995%2F01%2F24&k_raceNo=1&k_babaCode=21,data/cache/html/19950124_kawasaki_1.html
19950124_kawasaki_2,1995-01-24,kawasaki,2,https://www.keiba.go.jp/KeibaWeb/TodayRaceInfo/RaceMarkTable?k_raceDate=1995%2F01%2F24&k_raceNo=2&k_babaCode=21,data/cache/html/19950124_kawasaki_2.html
19950124_kawasaki_3,1995-01-24,kawasaki,3,https://www.keiba.go.jp/KeibaWeb/TodayRaceInfo/RaceMarkTable?k_raceDate=1995%2F01%2F24&k_raceNo=3&k_babaCode=21,data/cache/html/19950124_kawasaki_3.html
19950124_kawasaki_4,1995-01-24,kawasaki,4,https://www.keiba.go.jp/KeibaWeb/TodayRaceInfo/RaceMarkTable?k_raceDate=1995%2F01%2F24&k_raceNo=4&k_babaCode=21,data/cache/html/19950124_kawasaki_4.html
19950124_kawasaki_5,1995-01-24,kawasaki,5,https://www.keiba.go.jp/KeibaWeb/TodayRaceInfo/RaceMarkTable?k_raceDate=1995%2F01%2F24&k_raceNo=5&k_babaCode=21,data/cache/html/19950124_kawasaki_5.html
19950124_kawasaki_6,1995-01-24,kawasaki,6,https://www.keiba.go.jp/KeibaWeb/TodayRaceInfo/RaceMarkTable?k_raceDate=1995%2F01%2F24&k_raceNo=6&k_babaCode=21,data/cache/html/19950124_kawasaki_6.html
19950124_kawasaki_7,1995-01-24,kawasaki,7,https://www.keiba.go.jp/KeibaWeb/TodayRaceInfo/RaceMarkTable?k_raceDate=1995%2F01%2F24&k_raceNo=7&k_babaCode=21,data/cache/html/19950124_kawasaki_7.html
19950124_kawasaki_8,1995-01-24,kawasaki,8,https://www.keiba.go.jp/KeibaWeb/TodayRaceInfo/RaceMarkTable?k_raceDate=1995%2F01%2F24&k_raceNo=8&k_babaCode=21,data/cache/html/19950124_kawasaki_8.html
19950124_kawasaki_9,1995-01-24,kawasaki,9,https://www.keiba.go.jp/KeibaWeb/TodayRaceInfo/RaceMarkTable?k_raceDate=1995%2F01%2F24&k_raceNo=9&k_babaCode=21,data/cache/html/19950124_kawasaki_9.html
19950124_kawasaki_10,1995-01-24,kawasaki,10,https://www.keiba.go.jp/KeibaWeb/TodayRaceInfo/RaceMarkTable?k_raceDate=1995%2F01%2F24&k_raceNo=10&k_babaCode=21,data/cache/html/19950124_kawasaki_10.html
19950124_kawasaki_11,1995-01-24,kawasaki,11,https://www.keiba.go.jp/KeibaWeb/TodayRaceInfo/RaceMarkTable?k_raceDate=1995%2F01%2F24&k_raceNo=11&k_babaCode=21,data/cache/html/19950124_kawasaki_11.html
19950124_kawasaki_12,1995-01-24,kawasaki,12,https://www.keiba.go.jp/KeibaWeb/TodayRaceInfo/RaceMarkTable?k_raceDate=1995%2F01%2F24&k_raceNo=12&k_babaCode=21,data/cache/html/19950124_kawasaki_12.html
19950123_kawasaki_1,1995-01-23,kawasaki,1,https://www.keiba.go.jp/KeibaWeb/TodayRaceInfo/RaceMarkTable?k_raceDate=1995%2F01%2F23&k_raceNo=1&k_babaCode=21,data/cache/html/19950123_kawasaki_1.html
19950123_kawasaki_2,1995-01-23,kawasaki,2,https://www.keiba.go.jp/KeibaWeb/TodayRaceInfo/RaceMarkTable?k_raceDate=1995%2F01%2F23&k_raceNo=2&k_babaCode=21,data/cache/html/19950123_kawasaki_2.html
19950123_kawasaki_3,1995-01-23,kawasaki,3,https://www.keiba.go.jp/KeibaWeb/TodayRaceInfo/RaceMarkTable?k_raceDate=1995%2F01%2F23&k_raceNo=3&k_babaCode=21,data/cache/html/19950123_kawasaki_3.html
19950123_kawasaki_4,1995-01-23,kawasaki,4,https://www.keiba.go.jp/KeibaWeb/TodayRaceInfo/RaceMarkTable?k_raceDate=1995%2F01%2F23&k_raceNo=4&k_babaCode=21,data/cache/html/19950123_kawasaki_4.html
19950123_kawasaki_5,1995-01-23,kawasaki,5,https://www.keiba.go.jp/KeibaWeb/TodayRaceInfo/RaceMarkTable?k_raceDate=1995%2F01%2F23&k_raceNo=5&k_babaCode=21,data/cache/html/19950123_kawasaki_5.html
19950123_kawasaki_6,1995-01-23,kawasaki,6,https://www.keiba.go.jp/KeibaWeb/TodayRaceInfo/RaceMarkTable?k_raceDate=1995%2F01%2F23&k_raceNo=6&k_babaCode=21,data/cache/html/19950123_kawasaki_6.html
19950123_kawasaki_7,1995-01-23,kawasaki,7,https://www.keiba.go.jp/KeibaWeb/TodayRaceInfo/RaceMarkTable?k_raceDate=1995%2F01%2F23&k_raceNo=7&k_babaCode=21,data/cache/html/19950123_kawasaki_7.html
19950123_kawasaki_8,1995-01-23,kawasaki,8,https://www.keiba.go.jp/KeibaWeb/TodayRaceInfo/RaceMarkTable?k_raceDate=1995%2F01%2F23&k_raceNo=8&k_babaCode=21,data/cache/html/19950123_kawasaki_8.html
19950123_kawasaki_9,1995-01-23,kawasaki,9,https://www.keiba.go.jp/KeibaWeb/TodayRaceInfo/RaceMarkTable?k_raceDate=1995%2F01%2F23&k_raceNo=9&k_babaCode=21,data/cache/html/19950123_kawasaki_9.html
19950123_kawasaki_10,1995-01-23,kawasaki,10,https://www.keiba.go.jp/KeibaWeb/TodayRaceInfo/RaceMarkTable?k_raceDate=1995%2F01%2F23&k_raceNo=10&k_babaCode=21,data/cache/html/19950123_kawasaki_10.html
19950123_kawasaki_11,1995-01-23,kawasaki,11,https://www.keiba.go.jp/KeibaWeb/TodayRaceInfo/RaceMarkTable?k_raceDate=1995%2F01%2F23&k_raceNo=11&k_babaCode=21,data/cache/html/19950123_kawasaki_11.html
19950123_kawasaki_12,1995-01-23,kawasaki,12,https://www.keiba.go.jp/KeibaWeb/TodayRaceInfo/RaceMarkTable?k_raceDate=1995%2F01%2F23&k_raceNo=12&k_babaCode=21,data/cache/html/19950123_kawasaki_12.html
19950122_kawasaki_1,1995-01-22,kawasaki,1,https://www.keiba.go.jp/KeibaWeb/TodayRaceInfo/RaceMarkTable?k_raceDate=1995%2F01%2F22&k_raceNo=1&k_babaCode=21,data/cache/html/19950122_kawasaki_1.html
19950122_kawasaki_2,1995-01-22,kawasaki,2,https://www.keiba.go.jp/KeibaWeb/TodayRaceInfo/RaceMarkTable?k_raceDate=1995%2F01%2F22&k_raceNo=2&k_babaCode=21,data/cache/html/19950122_kawasaki_2.html
19950122_kawasaki_3,1995-01-22,kawasaki,3,https://www.keiba.go.jp/KeibaWeb/TodayRaceInfo/RaceMarkTable?k_raceDate=1995%2F01%2F22&k_raceNo=3&k_babaCode=21,data/cache/html/19950122_kawasaki_3.html
19950122_kawasaki_4,1995-01-22,kawasaki,4,https://www.keiba.go.jp/KeibaWeb/TodayRaceInfo/RaceMarkTable?k_raceDate=1995%2F01%2F22&k_raceNo=4&k_babaCode=21,data/cache/html/19950122_kawasaki_4.html
19950122_kawasaki_5,1995-01-22,kawasaki,5,https://www.keiba.go.jp/KeibaWeb/TodayRaceInfo/RaceMarkTable?k_raceDate=1995%2F01%2F22&k_raceNo=5&k_babaCode=21,data/cache/html/19950122_kawasaki_5.html
19950122_kawasaki_6,1995-01-22,kawasaki,6,https://www.keiba.go.jp/KeibaWeb/TodayRaceInfo/RaceMarkTable?k_raceDate=1995%2F01%2F22&k_raceNo=6&k_babaCode=21,data/cache/html/19950122_kawasaki_6.html
19950122_kawasaki_7,1995-01-22,kawasaki,7,https://www.keiba.go.jp/KeibaWeb/TodayRaceInfo/RaceMarkTable?k_raceDate=1995%2F01%2F22&k_raceNo=7&k_babaCode=21,data/cache/html/19950122_kawasaki_7.html
19950122_kawasaki_8,1995-01-22,kawasaki,8,https://www.keiba.go.jp/KeibaWeb/TodayRaceInfo/RaceMarkTable?k_raceDate=1995%2F01%2F22&k_raceNo=8&k_babaCode=21,data/cache/html/19950122_kawasaki_8.html
19950122_kawasaki_9,1995-01-22,kawasaki,9,https://www.keiba.go.jp/KeibaWeb/TodayRaceInfo/RaceMarkTable?k_raceDate=1995%2F01%2F22&k_raceNo=9&k_babaCode=21,data/cache/html/19950122_kawasaki_9.html
19950122_kawasaki_10,1995-01-22,kawasaki,10,https://www.keiba.go.jp/KeibaWeb/TodayRaceInfo/RaceMarkTable?k_raceDate=1995%2F01%2F22&k_raceNo=10&k_babaCode=21,data/cache/html/19950122_kawasaki_10.html
19950122_kawasaki_11,1995-01-22,kawasaki,11,https://www.keiba.go.jp/KeibaWeb/TodayRaceInfo/RaceMarkTable?k_raceDate=1995%2F01%2F22&k_raceNo=11&k_babaCode=21,data/cache/html/19950122_kawasaki_11.html
19950122_kawasaki_12,1995-01-22,kawasaki,12,https://www.keiba.go.jp/KeibaWeb/TodayRaceInfo/RaceMarkTable?k_raceDate=1995%2F01%2F22&k_raceNo=12&k_babaCode=21,data/cache/html/19950122_kawasaki_12.html
19950121_kawasaki_1,1995-01-21,kawasaki,1,https://www.keiba.go.jp/KeibaWeb/TodayRaceInfo/RaceMarkTable?k_raceDate=1995%2F01%2F21&k_raceNo=1&k_babaCode=21,data/cache/html/19950121_kawasaki_1.html
19950121_kawasaki_2,1995-01-21,kawasaki,2,https://www.keiba.go.jp/KeibaWeb/TodayRaceInfo/RaceMarkTable?k_raceDate=1995%2F01%2F21&k_raceNo=2&k_babaCode=21,data/cache/html/19950121_kawasaki_2.html
19950121_kawasaki_3,1995-01-21,kawasaki,3,https://www.keiba.go.jp/KeibaWeb/TodayRaceInfo/RaceMarkTable?k_raceDate=1995%2F01%2F21&k_raceNo=3&k_babaCode=21,data/cache/html/19950121_kawasaki_3.html
19950121_kawasaki_4,1995-01-21,kawasaki,4,https://www.keiba.go.jp/KeibaWeb/TodayRaceInfo/RaceMarkTable?k_raceDate=1995%2F01%2F21&k_raceNo=4&k_babaCode=21,data/cache/html/19950121_kawasaki_4.html
19950121_kawasaki_5,1995-01-21,kawasaki,5,https://www.keiba.go.jp/KeibaWeb/TodayRaceInfo/RaceMarkTable?k_raceDate=1995%2F01%2F21&k_raceNo=5&k_babaCode=21,data/cache/html/19950121_kawasaki_5.html
19950121_kawasaki_6,1995-01-21,kawasaki,6,https://www.keiba.go.jp/KeibaWeb/TodayRaceInfo/RaceMarkTable?k_raceDate=1995%2F01%2F21&k_raceNo=6&k_babaCode=21,data/cache/html/19950121_kawasaki_6.html
19950121_kawasaki_7,1995-01-21,kawasaki,7,https://www.keiba.go.jp/KeibaWeb/TodayRaceInfo/RaceMarkTable?k_raceDate=1995%2F01%2F21&k_raceNo=7&k_babaCode=21,data/cache/html/19950121_kawasaki_7.html
19950121_kawasaki_8,1995-01-21,kawasaki,8,https://www.keiba.go.jp/KeibaWeb/TodayRaceInfo/RaceMarkTable?k_raceDate=1995%2F01%2F21&k_raceNo=8&k_babaCode=21,data/cache/html/19950121_kawasaki_8.html
19950121_kawasaki_9,1995-01-21,kawasaki,9,https://www.keiba.go.jp/KeibaWeb/TodayRaceInfo/RaceMarkTable?k_raceDate=1995%2F01%2F21&k_raceNo=9&k_babaCode=21,data/cache/html/19950121_kawasaki_9.html
19950121_kawasaki_10,1995-01-21,kawasaki,10,https://www.keiba.go.jp/KeibaWeb/TodayRaceInfo/RaceMarkTable?k_raceDate=1995%2F01%2F21&k_raceNo=10&k_babaCode=21,data/cache/html/19950121_kawasaki_10.html
19950121_kawasaki_11,1995-01-21,kawasaki,11,https://www.keiba.go.jp/KeibaWeb/TodayRaceInfo/RaceMarkTable?k_raceDate=1995%2F01%2F21&k_raceNo=11&k_babaCode=21,data/cache/html/19950121_kawasaki_11.html
19950121_kawasaki_12,1995-01-21,kawasaki,12,https://www.keiba.go.jp/KeibaWeb/TodayRaceInfo/RaceMarkTable?k_raceDate=1995%2F01%2F21&k_raceNo=12&k_babaCode=21,data/cache/html/19950121_kawasaki_12.html
19950120_kawasaki_1,1995-01-20,kawasaki,1,https://www.keiba.go.jp/KeibaWeb/TodayRaceInfo/RaceMarkTable?k_raceDate=1995%2F01%2F20&k_raceNo=1&k_babaCode=21,data/cache/html/19950120_kawasaki_1.html
19950120_kawasaki_2,1995-01-20,kawasaki,2,https://www.keiba.go.jp/KeibaWeb/TodayRaceInfo/RaceMarkTable?k_raceDate=1995%2F01%2F20&k_raceNo=2&k_babaCode=21,data/cache/html/19950120_kawasaki_2.html
19950120_kawasaki_3,1995-01-20,kawasaki,3,https://www.keiba.go.jp/KeibaWeb/TodayRaceInfo/RaceMarkTable?k_raceDate=1995%2F01%2F20&k_raceNo=3&k_babaCode=21,data/cache/html/19950120_kawasaki_3.html
19950120_kawasaki_4,1995-01-20,kawasaki,4,https://www.keiba.go.jp/KeibaWeb/TodayRaceInfo/RaceMarkTable?k_raceDate=1995%2F01%2F20&k_raceNo=4&k_babaCode=21,data/cache/html/19950120_kawasaki_4.html
19950120_kawasaki_5,1995-01-20,kawasaki,5,https://www.keiba.go.jp/KeibaWeb/TodayRaceInfo/RaceMarkTable?k_raceDate=1995%2F01%2F20&k_raceNo=5&k_babaCode=21,data/cache/html/19950120_kawasaki_5.html
19950120_kawasaki_6,1995-01-20,kawasaki,6,https://www.keiba.go.jp/KeibaWeb/TodayRaceInfo/RaceMarkTable?k_raceDate=1995%2F01%2F20&k_raceNo=6&k_babaCode=21,data/cache/html/19950120_kawasaki_6.html
19950120_kawasaki_7,1995-01-20,kawasaki,7,https://www.keiba.go.jp/KeibaWeb/TodayRaceInfo/RaceMarkTable?k_raceDate=1995%2F01%2F20&k_raceNo=7&k_babaCode=21,data/cache/html/19950120_kawasaki_7.html
19950120_kawasaki_8,1995-01-20,kawasaki,8,https://www.keiba.go.jp/KeibaWeb/TodayRaceInfo/RaceMarkTable?k_raceDate=1995%2F01%2F20&k_raceNo=8&k_babaCode=21,data/cache/html/19950120_kawasaki_8.html
19950120_kawasaki_9,1995-01-20,kawasaki,9,https://www.keiba.go.jp/KeibaWeb/TodayRaceInfo/RaceMarkTable?k_raceDate=1995%2F01%2F20&k_raceNo=9&k_babaCode=21,data/cache/html/19950120_kawasaki_9.html
19950120_kawasaki_10,1995-01-20,kawasaki,10,https://www.keiba.go.jp/KeibaWeb/TodayRaceInfo/RaceMarkTable?k_raceDate=1995%2F01%2F20&k_raceNo=10&k_babaCode=21,data/cache/html/19950120_kawasaki_10.html
19950120_kawasaki_11,1995-01-20,kawasaki,11,https://www.keiba.go.jp/KeibaWeb/TodayRaceInfo/RaceMarkTable?k_raceDate=1995%2F01%2F20&k_raceNo=11&k_babaCode=21,data/cache/html/19950120_kawasaki_11.html
19950120_kawasaki_12,1995-01-20,kawasaki,12,https://www.keiba.go.jp/KeibaWeb/TodayRaceInfo/RaceMarkTable?k_raceDate=1995%2F01%2F20&k_raceNo=12&k_babaCode=21,data/cache/html/19950120_kawasaki_12.html
19950119_kawasaki_1,1995-01-19,kawasaki,1,https://www.keiba.go.jp/KeibaWeb/TodayRaceInfo/RaceMarkTable?k_raceDate=1995%2F01%2F19&k_raceNo=1&k_babaCode=21,data/cache/html/19950119_kawasaki_1.html
19950119_kawasaki_2,1995-01-19,kawasaki,2,https://www.keiba.go.jp/KeibaWeb/TodayRaceInfo/RaceMarkTable?k_raceDate=1995%2F01%2F19&k_raceNo=2&k_babaCode=21,data/cache/html/19950119_kawasaki_2.html
19950119_kawasaki_3,1995-01-19,kawasaki,3,https://www.keiba.go.jp/KeibaWeb/TodayRaceInfo/RaceMarkTable?k_raceDate=1995%2F01%2F19&k_raceNo=3&k_babaCode=21,data/cache/html/19950119_kawasaki_3.html
19950119_kawasaki_4,1995-01-19,kawasaki,4,https://www.keiba.go.jp/KeibaWeb/TodayRaceInfo/RaceMarkTable?k_raceDate=1995%2F01%2F19&k_raceNo=4&k_babaCode=21,data/cache/html/19950119_kawasaki_4.html
19950119_kawasaki_5,1995-01-19,kawasaki,5,https://www.keiba.go.jp/KeibaWeb/TodayRaceInfo/RaceMarkTable?k_raceDate=1995%2F01%2F19&k_raceNo=5&k_babaCode=21,data/cache/html/19950119_kawasaki_5.html
19950119_kawasaki_6,1995-01-19,kawasaki,6,https://www.keiba.go.jp/KeibaWeb/TodayRaceInfo/RaceMarkTable?k_raceDate=1995%2F01%2F19&k_raceNo=6&k_babaCode=21,data/cache/html/19950119_kawasaki_6.html
19950119_kawasaki_7,1995-01-19,kawasaki,7,https://www.keiba.go.jp/KeibaWeb/TodayRaceInfo/RaceMarkTable?k_raceDate=1995%2F01%2F19&k_raceNo=7&k_babaCode=21,data/cache/html/19950119_kawasaki_7.html
19950119_kawasaki_8,1995-01-19,kawasaki,8,https://www.keiba.go.jp/KeibaWeb/TodayRaceInfo/RaceMarkTable?k_raceDate=1995%2F01%2F19&k_raceNo=8&k_babaCode=21,data/cache/html/19950119_kawasaki_8.html
19950119_kawasaki_9,1995-01-19,kawasaki,9,https://www.keiba.go.jp/KeibaWeb/TodayRaceInfo/RaceMarkTable?k_raceDate=1995%2F01%2F19&k_raceNo=9&k_babaCode=21,data/cache/html/19950119_kawasaki_9.html
19950119_kawasaki_10,1995-01-19,kawasaki,10,https://www.keiba.go.jp/KeibaWeb/TodayRaceInfo/RaceMarkTable?k_raceDate=1995%2F01%2F19&k_raceNo=10&k_babaCode=21,data/cache/html/19950119_kawasaki_10.html
19950119_kawasaki_11,1995-01-19,kawasaki,11,https://www.keiba.go.jp/KeibaWeb/TodayRaceInfo/RaceMarkTable?k_raceDate=1995%2F01%2F19&k_raceNo=11&k_babaCode=21,data/cache/html/19950119_kawasaki_11.html
19950119_kawasaki_12,1995-01-19,kawasaki,12,https://www.keiba.go.jp/KeibaWeb/TodayRaceInfo/RaceMarkTable?k_raceDate=1995%2F01%2F19&k_raceNo=12&k_babaCode=21,data/cache/html/19950119_kawasaki_12.html
19950118_kawasaki_1,1995-01-18,kawasaki,1,https://www.keiba.go.jp/KeibaWeb/TodayRaceInfo/RaceMarkTable?k_raceDate=1995%2F01%2F18&k_raceNo=1&k_babaCode=21,data/cache/html/19950118_kawasaki_1.html
19950118_kawasaki_2,1995-01-18,kawasaki,2,https://www.keiba.go.jp/KeibaWeb/TodayRaceInfo/RaceMarkTable?k_raceDate=1995%2F01%2F18&k_raceNo=2&k_babaCode=21,data/cache/html/19950118_kawasaki_2.html
19950118_kawasaki_3,1995-01-18,kawasaki,3,https://www.keiba.go.jp/KeibaWeb/TodayRaceInfo/RaceMarkTable?k_raceDate=1995%2F01%2F18&k_raceNo=3&k_babaCode=21,data/cache/html/19950118_kawasaki_3.html
19950118_kawasaki_4,1995-01-18,kawasaki,4,https://www.keiba.go.jp/KeibaWeb/TodayRaceInfo/RaceMarkTable?k_raceDate=1995%2F01%2F18&k_raceNo=4&k_babaCode=21,data/cache/html/19950118_kawasaki_4.html
19950118_kawasaki_5,1995-01-18,kawasaki,5,https://www.keiba.go.jp/KeibaWeb/TodayRaceInfo/RaceMarkTable?k_raceDate=1995%2F01%2F18&k_raceNo=5&k_babaCode=21,data/cache/html/19950118_kawasaki_5.html
19950118_kawasaki_6,1995-01-18,kawasaki,6,https://www.keiba.go.jp/KeibaWeb/TodayRaceInfo/RaceMarkTable?k_raceDate=1995%2F01%2F18&k_raceNo=6&k_babaCode=21,data/cache/html/19950118_kawasaki_6.html
19950118_kawasaki_7,1995-01-18,kawasaki,7,https://www.keiba.go.jp/KeibaWeb/TodayRaceInfo/RaceMarkTable?k_raceDate=1995%2F01%2F18&k_raceNo=7&k_babaCode=21,data/cache/html/19950118_kawasaki_7.html
19950118_kawasaki_8,1995-01-18,kawasaki,8,https://www.keiba.go.jp/KeibaWeb/TodayRaceInfo/RaceMarkTable?k_raceDate=1995%2F01%2F18&k_raceNo=8&k_babaCode=21,data/cache/html/19950118_kawasaki_8.html
19950118_kawasaki_9,1995-01-18,kawasaki,9,https://www.keiba.go.jp/KeibaWeb/TodayRaceInfo/RaceMarkTable?k_raceDate=1995%2F01%2F18&k_raceNo=9&k_babaCode=21,data/cache/html/19950118_kawasaki_9.html
19950118_kawasaki_10,1995-01-18,kawasaki,10,https://www.keiba.go.jp/KeibaWeb/TodayRaceInfo/RaceMarkTable?k_raceDate=1995%2F01%2F18&k_raceNo=10&k_babaCode=21,data/cache/html/19950118_kawasaki_10.html
19950118_kawasaki_11,1995-01-18,kawasaki,11,https://www.keiba.go.jp/KeibaWeb/TodayRaceInfo/RaceMarkTable?k_raceDate=1995%2F01%2F18&k_raceNo=11&k_babaCode=21,data/cache/html/19950118_kawasaki_11.html
19950118_kawasaki_12,1995-01-18,kawasaki,12,https://www.keiba.go.jp/KeibaWeb/TodayRaceInfo/RaceMarkTable?k_raceDate=1995%2F01%2F18&k_raceNo=12&k_babaCode=21,data/cache/html/19950118_kawasaki_12.html
19950117_kawasaki_1,1995-01-17,kawasaki,1,https://www.keiba.go.jp/KeibaWeb/TodayRaceInfo/RaceMarkTable?k_raceDate=1995%2F01%2F17&k_raceNo=1&k_babaCode=21,data/cache/html/19950117_kawasaki_1.html
19950117_kawasaki_2,1995-01-17,kawasaki,2,https://www.keiba.go.jp/KeibaWeb/TodayRaceInfo/RaceMarkTable?k_raceDate=1995%2F01%2F17&k_raceNo=2&k_babaCode=21,data/cache/html/19950117_kawasaki_2.html
19950117_kawasaki_3,1995-01-17,kawasaki,3,https://www.keiba.go.jp/KeibaWeb/TodayRaceInfo/RaceMarkTable?k_raceDate=1995%2F01%2F17&k_raceNo=3&k_babaCode=21,data/cache/html/19950117_kawasaki_3.html
19950117_kawasaki_4,1995-01-17,kawasaki,4,https://www.keiba.go.jp/KeibaWeb/TodayRaceInfo/RaceMarkTable?k_raceDate=1995%2F01%2F17&k_raceNo=4&k_babaCode=21,data/cache/html/19950117_kawasaki_4.html
19950117_kawasaki_5,1995-01-17,kawasaki,5,https://www.keiba.go.jp/KeibaWeb/TodayRaceInfo/RaceMarkTable?k_raceDate=1995%2F01%2F17&k_raceNo=5&k_babaCode=21,data/cache/html/19950117_kawasaki_5.html
19950117_kawasaki_6,1995-01-17,kawasaki,6,https://www.keiba.go.jp/KeibaWeb/TodayRaceInfo/RaceMarkTable?k_raceDate=1995%2F01%2F17&k_raceNo=6&k_babaCode=21,data/cache/html/19950117_kawasaki_6.html
19950117_kawasaki_7,1995-01-17,kawasaki,7,https://www.keiba.go.jp/KeibaWeb/TodayRaceInfo/RaceMarkTable?k_raceDate=1995%2F01%2F17&k_raceNo=7&k_babaCode=21,data/cache/html/19950117_kawasaki_7.html
19950117_kawasaki_8,1995-01-17,kawasaki,8,https://www.keiba.go.jp/KeibaWeb/TodayRaceInfo/RaceMarkTable?k_raceDate=1995%2F01%2F17&k_raceNo=8&k_babaCode=21,data/cache/html/19950117_kawasaki_8.html
19950117_kawasaki_9,1995-01-17,kawasaki,9,https://www.keiba.go.jp/KeibaWeb/TodayRaceInfo/RaceMarkTable?k_raceDate=1995%2F01%2F17&k_raceNo=9&k_babaCode=21,data/cache/html/19950117_kawasaki_9.html
19950117_kawasaki_10,1995-01-17,kawasaki,10,https://www.keiba.go.jp/KeibaWeb/TodayRaceInfo/RaceMarkTable?k_raceDate=1995%2F01%2F17&k_raceNo=10&k_babaCode=21,data/cache/html/19950117_kawasaki_10.html
19950117_kawasaki_11,1995-01-17,kawasaki,11,https://www.keiba.go.jp/KeibaWeb/TodayRaceInfo/RaceMarkTable?k_raceDate=1995%2F01%2F17&k_raceNo=11&k_babaCode=21,data/cache/html/19950117_kawasaki_11.html
19950117_kawasaki_12,1995-01-17,kawasaki,12,https://www.keiba.go.jp/KeibaWeb/TodayRaceInfo/RaceMarkTable?k_raceDate=1995%2F01%2F17&k_raceNo=12&k_babaCode=21,data/cache/html/19950117_kawasaki_12.html
19950116_kawasaki_1,1995-01-16,kawasaki,1,https://www.keiba.go.jp/KeibaWeb/TodayRaceInfo/RaceMarkTable?k_raceDate=1995%2F01%2F16&k_raceNo=1&k_babaCode=21,data/cache/html/19950116_kawasaki_1.html
19950116_kawasaki_2,1995-01-16,kawasaki,2,https://www.keiba.go.jp/KeibaWeb/TodayRaceInfo/RaceMarkTable?k_raceDate=1995%2F01%2F16&k_raceNo=2&k_babaCode=21,data/cache/html/19950116_kawasaki_2.html
19950116_kawasaki_3,1995-01-16,kawasaki,3,https://www.keiba.go.jp/KeibaWeb/TodayRaceInfo/RaceMarkTable?k_raceDate=1995%2F01%2F16&k_raceNo=3&k_babaCode=21,data/cache/html/19950116_kawasaki_3.html
19950116_kawasaki_4,1995-01-16,kawasaki,4,https://www.keiba.go.jp/KeibaWeb/TodayRaceInfo/RaceMarkTable?k_raceDate=1995%2F01%2F16&k_raceNo=4&k_babaCode=21,data/cache/html/19950116_kawasaki_4.html
19950116_kawasaki_5,1995-01-16,kawasaki,5,https://www.keiba.go.jp/KeibaWeb/TodayRaceInfo/RaceMarkTable?k_raceDate=1995%2F01%2F16&k_raceNo=5&k_babaCode=21,data/cache/html/19950116_kawasaki_5.html
19950116_kawasaki_6,1995-01-16,kawasaki,6,https://www.keiba.go.jp/KeibaWeb/TodayRaceInfo/RaceMarkTable?k_raceDate=1995%2F01%2F16&k_raceNo=6&k_babaCode=21,data/cache/html/19950116_kawasaki_6.html
19950116_kawasaki_7,1995-01-16,kawasaki,7,https://www.keiba.go.jp/KeibaWeb/TodayRaceInfo/RaceMarkTable?k_raceDate=1995%2F01%2F16&k_raceNo=7&k_babaCode=21,data/cache/html/19950116_kawasaki_7.html
19950116_kawasaki_8,1995-01-16,kawasaki,8,https://www.keiba.go.jp/KeibaWeb/TodayRaceInfo/RaceMarkTable?k_raceDate=1995%2F01%2F16&k_raceNo=8&k_babaCode=21,data/cache/html/19950116_kawasaki_8.html
19950116_kawasaki_9,1995-01-16,kawasaki,9,https://www.keiba.go.jp/KeibaWeb/TodayRaceInfo/RaceMarkTable?k_raceDate=1995%2F01%2F16&k_raceNo=9&k_babaCode=21,data/cache/html/19950116_kawasaki_9.html
19950116_kawasaki_10,1995-01-16,kawasaki,10,https://www.keiba.go.jp/KeibaWeb/TodayRaceInfo/RaceMarkTable?k_raceDate=1995%2F01%2F16&k_raceNo=10&k_babaCode=21,data/cache/html/19950116_kawasaki_10.html
19950116_kawasaki_11,1995-01-16,kawasaki,11,https://www.keiba.go.jp/KeibaWeb/TodayRaceInfo/RaceMarkTable?k_raceDate=1995%2F01%2F16&k_raceNo=11&k_babaCode=21,data/cache/html/19950116_kawasaki_11.html
19950116_kawasaki_12,1995-01-16,kawasaki,12,https://www.keiba.go.jp/KeibaWeb/TodayRaceInfo/RaceMarkTable?k_raceDate=1995%2F01%2F16&k_raceNo=12&k_babaCode=21,data/cache/html/19950116_kawasaki_12.html
19950115_kawasaki_1,1995-01-15,kawasaki,1,https://www.keiba.go.jp/KeibaWeb/TodayRaceInfo/RaceMarkTable?k_raceDate=1995%2F01%2F15&k_raceNo=1&k_babaCode=21,data/cache/html/19950115_kawasaki_1.html
19950115_kawasaki_2,1995-01-15,kawasaki,2,https://www.keiba.go.jp/KeibaWeb/TodayRaceInfo/RaceMarkTable?k_raceDate=1995%2F01%2F15&k_raceNo=2&k_babaCode=21,data/cache/html/19950115_kawasaki_2.html
19950115_kawasaki_3,1995-01-15,kawasaki,3,https://www.keiba.go.jp/KeibaWeb/TodayRaceInfo/RaceMarkTable?k_raceDate=1995%2F01%2F15&k_raceNo=3&k_babaCode=21,data/cache/html/19950115_kawasaki_3.html
19950115_kawasaki_4,1995-01-15,kawasaki,4,https://www.keiba.go.jp/KeibaWeb/TodayRaceInfo/RaceMarkTable?k_raceDate=1995%2F01%2F15&k_raceNo=4&k_babaCode=21,data/cache/html/19950115_kawasaki_4.html
19950115_kawasaki_5,1995-01-15,kawasaki,5,https://www.keiba.go.jp/KeibaWeb/TodayRaceInfo/RaceMarkTable?k_raceDate=1995%2F01%2F15&k_raceNo=5&k_babaCode=21,data/cache/html/19950115_kawasaki_5.html
19950115_kawasaki_6,1995-01-15,kawasaki,6,https://www.keiba.go.jp/KeibaWeb/TodayRaceInfo/RaceMarkTable?k_raceDate=1995%2F01%2F15&k_raceNo=6&k_babaCode=21,data/cache/html/19950115_kawasaki_6.html
19950115_kawasaki_7,1995-01-15,kawasaki,7,https://www.keiba.go.jp/KeibaWeb/TodayRaceInfo/RaceMarkTable?k_raceDate=1995%2F01%2F15&k_raceNo=7&k_babaCode=21,data/cache/html/19950115_kawasaki_7.html
19950115_kawasaki_8,1995-01-15,kawasaki,8,https://www.keiba.go.jp/KeibaWeb/TodayRaceInfo/RaceMarkTable?k_raceDate=1995%2F01%2F15&k_raceNo=8&k_babaCode=21,data/cache/html/19950115_kawasaki_8.html
19950115_kawasaki_9,1995-01-15,kawasaki,9,https://www.keiba.go.jp/KeibaWeb/TodayRaceInfo/RaceMarkTable?k_raceDate=1995%2F01%2F15&k_raceNo=9&k_babaCode=21,data/cache/html/19950115_kawasaki_9.html
19950115_kawasaki_10,1995-01-15,kawasaki,10,https://www.keiba.go.jp/KeibaWeb/TodayRaceInfo/RaceMarkTable?k_raceDate=1995%2F01%2F15&k_raceNo=10&k_babaCode=21,data/cache/html/19950115_kawasaki_10.html
19950115_kawasaki_11,1995-01-15,kawasaki,11,https://www.keiba.go.jp/KeibaWeb/TodayRaceInfo/RaceMarkTable?k_raceDate=1995%2F01%2F15&k_raceNo=11&k_babaCode=21,data/cache/html/19950115_kawasaki_11.html
19950115_kawasaki_12,1995-01-15,kawasaki,12,https://www.keiba.go.jp/KeibaWeb/TodayRaceInfo/RaceMarkTable?k_raceDate=1995%2F01%2F15&k_raceNo=12&k_babaCode=21,data/cache/html/19950115_kawasaki_12.html
19950114_kawasaki_1,1995-01-14,kawasaki,1,https://www.keiba.go.jp/KeibaWeb/TodayRaceInfo/RaceMarkTable?k_raceDate=1995%2F01%2F14&k_raceNo=1&k_babaCode=21,data/cache/html/19950114_kawasaki_1.html
19950114_kawasaki_2,1995-01-14,kawasaki,2,https://www.keiba.go.jp/KeibaWeb/TodayRaceInfo/RaceMarkTable?k_raceDate=1995%2F01%2F14&k_raceNo=2&k_babaCode=21,data/cache/html/19950114_kawasaki_2.html
19950114_kawasaki_3,1995-01-14,kawasaki,3,https://www.keiba.go.jp/KeibaWeb/TodayRaceInfo/RaceMarkTable?k_raceDate=1995%2F01%2F14&k_raceNo=3&k_babaCode=21,data/cache/html/19950114_kawasaki_3.html
19950114_kawasaki_4,1995-01-14,kawasaki,4,https://www.keiba.go.jp/KeibaWeb/TodayRaceInfo/RaceMarkTable?k_raceDate=1995%2F01%2F14&k_raceNo=4&k_babaCode=21,data/cache/html/19950114_kawasaki_4.html
19950114_kawasaki_5,1995-01-14,kawasaki,5,https://www.keiba.go.jp/KeibaWeb/TodayRaceInfo/RaceMarkTable?k_raceDate=1995%2F01%2F14&k_raceNo=5&k_babaCode=21,data/cache/html/19950114_kawasaki_5.html
19950114_kawasaki_6,1995-01-14,kawasaki,6,https://www.keiba.go.jp/KeibaWeb/TodayRaceInfo/RaceMarkTable?k_raceDate=1995%2F01%2F14&k_raceNo=6&k_babaCode=21,data/cache/html/19950114_kawasaki_6.html
19950114_kawasaki_7,1995-01-14,kawasaki,7,https://www.keiba.go.jp/KeibaWeb/TodayRaceInfo/RaceMarkTable?k_raceDate=1995%2F01%2F14&k_raceNo=7&k_babaCode=21,data/cache/html/19950114_kawasaki_7.html
19950114_kawasaki_8,1995-01-14,kawasaki,8,https://www.keiba.go.jp/KeibaWeb/TodayRaceInfo/RaceMarkTable?k_raceDate=1995%2F01%2F14&k_raceNo=8&k_babaCode=21,data/cache/html/19950114_kawasaki_8.html
19950114_kawasaki_9,1995-01-14,kawasaki,9,https://www.keiba.go.jp/KeibaWeb/TodayRaceInfo/RaceMarkTable?k_raceDate=1995%2F01%2F14&k_raceNo=9&k_babaCode=21,data/cache/html/19950114_kawasaki_9.html
19950114_kawasaki_10,1995-01-14,kawasaki,10,https://www.keiba.go.jp/KeibaWeb/TodayRaceInfo/RaceMarkTable?k_raceDate=1995%2F01%2F14&k_raceNo=10&k_babaCode=21,data/cache/html/19950114_kawasaki_10.html
19950114_kawasaki_11,1995-01-14,kawasaki,11,https://www.keiba.go.jp/KeibaWeb/TodayRaceInfo/RaceMarkTable?k_raceDate=1995%2F01%2F14&k_raceNo=11&k_babaCode=21,data/cache/html/19950114_kawasaki_11.html
19950114_kawasaki_12,1995-01-14,kawasaki,12,https://www.keiba.go.jp/KeibaWeb/TodayRaceInfo/RaceMarkTable?k_raceDate=1995%2F01%2F14&k_raceNo=12&k_babaCode=21,data/cache/html/19950114_kawasaki_12.html
19950113_kawasaki_1,1995-01-13,kawasaki,1,https://www.keiba.go.jp/KeibaWeb/TodayRaceInfo/RaceMarkTable?k_raceDate=1995%2F01%2F13&k_raceNo=1&k_babaCode=21,data/cache/html/19950113_kawasaki_1.html
19950113_kawasaki_2,1995-01-13,kawasaki,2,https://www.keiba.go.jp/KeibaWeb/TodayRaceInfo/RaceMarkTable?k_raceDate=1995%2F01%2F13&k_raceNo=2&k_babaCode=21,data/cache/html/19950113_kawasaki_2.html
19950113_kawasaki_3,1995-01-13,kawasaki,3,https://www.keiba.go.jp/KeibaWeb/TodayRaceInfo/RaceMarkTable?k_raceDate=1995%2F01%2F13&k_raceNo=3&k_babaCode=21,data/cache/html/19950113_kawasaki_3.html
19950113_kawasaki_4,1995-01-13,kawasaki,4,https://www.keiba.go.jp/KeibaWeb/TodayRaceInfo/RaceMarkTable?k_raceDate=1995%2F01%2F13&k_raceNo=4&k_babaCode=21,data/cache/html/19950113_kawasaki_4.html
19950113_kawasaki_5,1995-01-13,kawasaki,5,https://www.keiba.go.jp/KeibaWeb/TodayRaceInfo/RaceMarkTable?k_raceDate=1995%2F01%2F13&k_raceNo=5&k_babaCode=21,data/cache/html/19950113_kawasaki_5.html
19950113_kawasaki_6,1995-01-13,kawasaki,6,https://www.keiba.go.jp/KeibaWeb/TodayRaceInfo/RaceMarkTable?k_raceDate=1995%2F01%2F13&k_raceNo=6&k_babaCode=21,data/cache/html/19950113_kawasaki_6.html
19950113_kawasaki_7,1995-01-13,kawasaki,7,https://www.keiba.go.jp/KeibaWeb/TodayRaceInfo/RaceMarkTable?k_raceDate=1995%2F01%2F13&k_raceNo=7&k_babaCode=21,data/cache/html/19950113_kawasaki_7.html
19950113_kawasaki_8,1995-01-13,kawasaki,8,https://www.keiba.go.jp/KeibaWeb/TodayRaceInfo/RaceMarkTable?k_raceDate=1995%2F01%2F13&k_raceNo=8&k_babaCode=21,data/cache/html/19950113_kawasaki_8.html
19950113_kawasaki_9,1995-01-13,kawasaki,9,https://www.keiba.go.jp/KeibaWeb/TodayRaceInfo/RaceMarkTable?k_raceDate=1995%2F01%2F13&k_raceNo=9&k_babaCode=21,data/cache/html/19950113_kawasaki_9.html
19950113_kawasaki_10,1995-01-13,kawasaki,10,https://www.keiba.go.jp/KeibaWeb/TodayRaceInfo/RaceMarkTable?k_raceDate=1995%2F01%2F13&k_raceNo=10&k_babaCode=21,data/cache/html/19950113_kawasaki_10.html
19950113_kawasaki_11,1995-01-13,kawasaki,11,https://www.keiba.go.jp/KeibaWeb/TodayRaceInfo/RaceMarkTable?k_raceDate=1995%2F01%2F13&k_raceNo=11&k_babaCode=21,data/cache/html/19950113_kawasaki_11.html
19950113_kawasaki_12,1995-01-13,kawasaki,12,https://www.keiba.go.jp/KeibaWeb/TodayRaceInfo/RaceMarkTable?k_raceDate=1995%2F01%2F13&k_raceNo=12&k_babaCode=21,data/cache/html/19950113_kawasaki_12.html
19950112_kawasaki_1,1995-01-12,kawasaki,1,https://www.keiba.go.jp/KeibaWeb/TodayRaceInfo/RaceMarkTable?k_raceDate=1995%2F01%2F12&k_raceNo=1&k_babaCode=21,data/cache/html/19950112_kawasaki_1.html
19950112_kawasaki_2,1995-01-12,kawasaki,2,https://www.keiba.go.jp/KeibaWeb/TodayRaceInfo/RaceMarkTable?k_raceDate=1995%2F01%2F12&k_raceNo=2&k_babaCode=21,data/cache/html/19950112_kawasaki_2.html
19950112_kawasaki_3,1995-01-12,kawasaki,3,https://www.keiba.go.jp/KeibaWeb/TodayRaceInfo/RaceMarkTable?k_raceDate=1995%2F01%2F12&k_raceNo=3&k_babaCode=21,data/cache/html/19950112_kawasaki_3.html
19950112_kawasaki_4,1995-01-12,kawasaki,4,https://www.keiba.go.jp/KeibaWeb/TodayRaceInfo/RaceMarkTable?k_raceDate=1995%2F01%2F12&k_raceNo=4&k_babaCode=21,data/cache/html/19950112_kawasaki_4.html
19950112_kawasaki_5,1995-01-12,kawasaki,5,https://www.keiba.go.jp/KeibaWeb/TodayRaceInfo/RaceMarkTable?k_raceDate=1995%2F01%2F12&k_raceNo=5&k_babaCode=21,data/cache/html/19950112_kawasaki_5.html
19950112_kawasaki_6,1995-01-12,kawasaki,6,https://www.keiba.go.jp/KeibaWeb/TodayRaceInfo/RaceMarkTable?k_raceDate=1995%2F01%2F12&k_raceNo=6&k_babaCode=21,data/cache/html/19950112_kawasaki_6.html
19950112_kawasaki_7,1995-01-12,kawasaki,7,https://www.keiba.go.jp/KeibaWeb/TodayRaceInfo/RaceMarkTable?k_raceDate=1995%2F01%2F12&k_raceNo=7&k_babaCode=21,data/cache/html/19950112_kawasaki_7.html
19950112_kawasaki_8,1995-01-12,kawasaki,8,https://www.keiba.go.jp/KeibaWeb/TodayRaceInfo/RaceMarkTable?k_raceDate=1995%2F01%2F12&k_raceNo=8&k_babaCode=21,data/cache/html/19950112_kawasaki_8.html
19950112_kawasaki_9,1995-01-12,kawasaki,9,https://www.keiba.go.jp/KeibaWeb/TodayRaceInfo/RaceMarkTable?k_raceDate=1995%2F01%2F12&k_raceNo=9&k_babaCode=21,data/cache/html/19950112_kawasaki_9.html
19950112_kawasaki_10,1995-01-12,kawasaki,10,https://www.keiba.go.jp/KeibaWeb/TodayRaceInfo/RaceMarkTable?k_raceDate=1995%2F01%2F12&k_raceNo=10&k_babaCode=21,data/cache/html/19950112_kawasaki_10.html
19950112_kawasaki_11,1995-01-12,kawasaki,11,https://www.keiba.go.jp/KeibaWeb/TodayRaceInfo/RaceMarkTable?k_raceDate=1995%2F01%2F12&k_raceNo=11&k_babaCode=21,data/cache/html/19950112_kawasaki_11.html
19950112_kawasaki_12,1995-01-12,kawasaki,12,https://www.keiba.go.jp/KeibaWeb/TodayRaceInfo/RaceMarkTable?k_raceDate=1995%2F01%2F12&k_raceNo=12&k_babaCode=21,data/cache/html/19950112_kawasaki_12.html
19950111_kawasaki_1,1995-01-11,kawasaki,1,https://www.keiba.go.jp/KeibaWeb/TodayRaceInfo/RaceMarkTable?k_raceDate=1995%2F01%2F11&k_raceNo=1&k_babaCode=21,data/cache/html/19950111_kawasaki_1.html
19950111_kawasaki_2,1995-01-11,kawasaki,2,https://www.keiba.go.jp/KeibaWeb/TodayRaceInfo/RaceMarkTable?k_raceDate=1995%2F01%2F11&k_raceNo=2&k_babaCode=21,data/cache/html/19950111_kawasaki_2.html
19950111_kawasaki_3,1995-01-11,kawasaki,3,https://www.keiba.go.jp/KeibaWeb/TodayRaceInfo/RaceMarkTable?k_raceDate=1995%2F01%2F11&k_raceNo=3&k_babaCode=21,data/cache/html/19950111_kawasaki_3.html
19950111_kawasaki_4,1995-01-11,kawasaki,4,https://www.keiba.go.jp/KeibaWeb/TodayRaceInfo/RaceMarkTable?k_raceDate=1995%2F01%2F11&k_raceNo=4&k_babaCode=21,data/cache/html/19950111_kawasaki_4.html
19950111_kawasaki_5,1995-01-11,kawasaki,5,https://www.keiba.go.jp/KeibaWeb/TodayRaceInfo/RaceMarkTable?k_raceDate=1995%2F01%2F11&k_raceNo=5&k_babaCode=21,data/cache/html/19950111_kawasaki_5.html
19950111_kawasaki_6,1995-01-11,kawasaki,6,https://www.keiba.go.jp/KeibaWeb/TodayRaceInfo/RaceMarkTable?k_raceDate=1995%2F01%2F11&k_raceNo=6&k_babaCode=21,data/cache/html/19950111_kawasaki_6.html
19950111_kawasaki_7,1995-01-11,kawasaki,7,https://www.keiba.go.jp/KeibaWeb/TodayRaceInfo/RaceMarkTable?k_raceDate=1995%2F01%2F11&k_raceNo=7&k_babaCode=21,data/cache/html/19950111_kawasaki_7.html
19950111_kawasaki_8,1995-01-11,kawasaki,8,https://www.keiba.go.jp/KeibaWeb/TodayRaceInfo/RaceMarkTable?k_raceDate=1995%2F01%2F11&k_raceNo=8&k_babaCode=21,data/cache/html/19950111_kawasaki_8.html
19950111_kawasaki_9,1995-01-11,kawasaki,9,https://www.keiba.go.jp/KeibaWeb/TodayRaceInfo/RaceMarkTable?k_raceDate=1995%2F01%2F11&k_raceNo=9&k_babaCode=21,data/cache/html/19950111_kawasaki_9.html
19950111_kawasaki_10,1995-01-11,kawasaki,10,https://www.keiba.go.jp/KeibaWeb/TodayRaceInfo/RaceMarkTable?k_raceDate=1995%2F01%2F11&k_raceNo=10&k_babaCode=21,data/cache/html/19950111_kawasaki_10.html
19950111_kawasaki_11,1995-01-11,kawasaki,11,https://www.keiba.go.jp/KeibaWeb/TodayRaceInfo/RaceMarkTable?k_raceDate=1995%2F01%2F11&k_raceNo=11&k_babaCode=21,data/cache/html/19950111_kawasaki_11.html
19950111_kawasaki_12,1995-01-11,kawasaki,12,https://www.keiba.go.jp/KeibaWeb/TodayRaceInfo/RaceMarkTable?k_raceDate=1995%2F01%2F11&k_raceNo=12&k_babaCode=21,data/cache/html/19950111_kawasaki_12.html
19950110_kawasaki_1,1995-01-10,kawasaki,1,https://www.keiba.go.jp/KeibaWeb/TodayRaceInfo/RaceMarkTable?k_raceDate=1995%2F01%2F10&k_raceNo=1&k_babaCode=21,data/cache/html/19950110_kawasaki_1.html
19950110_kawasaki_2,1995-01-10,kawasaki,2,https://www.keiba.go.jp/KeibaWeb/TodayRaceInfo/RaceMarkTable?k_raceDate=1995%2F01%2F10&k_raceNo=2&k_babaCode=21,data/cache/html/19950110_kawasaki_2.html
19950110_kawasaki_3,1995-01-10,kawasaki,3,https://www.keiba.go.jp/KeibaWeb/TodayRaceInfo/RaceMarkTable?k_raceDate=1995%2F01%2F10&k_raceNo=3&k_babaCode=21,data/cache/html/19950110_kawasaki_3.html
19950110_kawasaki_4,1995-01-10,kawasaki,4,https://www.keiba.go.jp/KeibaWeb/TodayRaceInfo/RaceMarkTable?k_raceDate=1995%2F01%2F10&k_raceNo=4&k_babaCode=21,data/cache/html/19950110_kawasaki_4.html
19950110_kawasaki_5,1995-01-10,kawasaki,5,https://www.keiba.go.jp/KeibaWeb/TodayRaceInfo/RaceMarkTable?k_raceDate=1995%2F01%2F10&k_raceNo=5&k_babaCode=21,data/cache/html/19950110_kawasaki_5.html
19950110_kawasaki_6,1995-01-10,kawasaki,6,https://www.keiba.go.jp/KeibaWeb/TodayRaceInfo/RaceMarkTable?k_raceDate=1995%2F01%2F10&k_raceNo=6&k_babaCode=21,data/cache/html/19950110_kawasaki_6.html
19950110_kawasaki_7,1995-01-10,kawasaki,7,https://www.keiba.go.jp/KeibaWeb/TodayRaceInfo/RaceMarkTable?k_raceDate=1995%2F01%2F10&k_raceNo=7&k_babaCode=21,data/cache/html/19950110_kawasaki_7.html
19950110_kawasaki_8,1995-01-10,kawasaki,8,https://www.keiba.go.jp/KeibaWeb/TodayRaceInfo/RaceMarkTable?k_raceDate=1995%2F01%2F10&k_raceNo=8&k_babaCode=21,data/cache/html/19950110_kawasaki_8.html
19950110_kawasaki_9,1995-01-10,kawasaki,9,https://www.keiba.go.jp/KeibaWeb/TodayRaceInfo/RaceMarkTable?k_raceDate=1995%2F01%2F10&k_raceNo=9&k_babaCode=21,data/cache/html/19950110_kawasaki_9.html
19950110_kawasaki_10,1995-01-10,kawasaki,10,https://www.keiba.go.jp/KeibaWeb/TodayRaceInfo/RaceMarkTable?k_raceDate=1995%2F01%2F10&k_raceNo=10&k_babaCode=21,data/cache/html/19950110_kawasaki_10.html
19950110_kawasaki_11,1995-01-10,kawasaki,11,https://www.keiba.go.jp/KeibaWeb/TodayRaceInfo/RaceMarkTable?k_raceDate=1995%2F01%2F10&k_raceNo=11&k_babaCode=21,data/cache/html/19950110_kawasaki_11.html
19950110_kawasaki_12,1995-01-10,kawasaki,12,https://www.keiba.go.jp/KeibaWeb/TodayRaceInfo/RaceMarkTable?k_raceDate=1995%2F01%2F10&k_raceNo=12&k_babaCode=21,data/cache/html/19950110_kawasaki_12.html
19950109_kawasaki_1,1995-01-09,kawasaki,1,https://www.keiba.go.jp/KeibaWeb/TodayRaceInfo/RaceMarkTable?k_raceDate=1995%2F01%2F09&k_raceNo=1&k_babaCode=21,data/cache/html/19950109_kawasaki_1.html
19950109_kawasaki_2,1995-01-09,kawasaki,2,https://www.keiba.go.jp/KeibaWeb/TodayRaceInfo/RaceMarkTable?k_raceDate=1995%2F01%2F09&k_raceNo=2&k_babaCode=21,data/cache/html/19950109_kawasaki_2.html
19950109_kawasaki_3,1995-01-09,kawasaki,3,https://www.keiba.go.jp/KeibaWeb/TodayRaceInfo/RaceMarkTable?k_raceDate=1995%2F01%2F09&k_raceNo=3&k_babaCode=21,data/cache/html/19950109_kawasaki_3.html
19950109_kawasaki_4,1995-01-09,kawasaki,4,https://www.keiba.go.jp/KeibaWeb/TodayRaceInfo/RaceMarkTable?k_raceDate=1995%2F01%2F09&k_raceNo=4&k_babaCode=21,data/cache/html/19950109_kawasaki_4.html
19950109_kawasaki_5,1995-01-09,kawasaki,5,https://www.keiba.go.jp/KeibaWeb/TodayRaceInfo/RaceMarkTable?k_raceDate=1995%2F01%2F09&k_raceNo=5&k_babaCode=21,data/cache/html/19950109_kawasaki_5.html
19950109_kawasaki_6,1995-01-09,kawasaki,6,https://www.keiba.go.jp/KeibaWeb/TodayRaceInfo/RaceMarkTable?k_raceDate=1995%2F01%2F09&k_raceNo=6&k_babaCode=21,data/cache/html/19950109_kawasaki_6.html
19950109_kawasaki_7,1995-01-09,kawasaki,7,https://www.keiba.go.jp/KeibaWeb/TodayRaceInfo/RaceMarkTable?k_raceDate=1995%2F01%2F09&k_raceNo=7&k_babaCode=21,data/cache/html/19950109_kawasaki_7.html
19950109_kawasaki_8,1995-01-09,kawasaki,8,https://www.keiba.go.jp/KeibaWeb/TodayRaceInfo/RaceMarkTable?k_raceDate=1995%2F01%2F09&k_raceNo=8&k_babaCode=21,data/cache/html/19950109_kawasaki_8.html
19950109_kawasaki_9,1995-01-09,kawasaki,9,https://www.keiba.go.jp/KeibaWeb/TodayRaceInfo/RaceMarkTable?k_raceDate=1995%2F01%2F09&k_raceNo=9&k_babaCode=21,data/cache/html/19950109_kawasaki_9.html
19950109_kawasaki_10,1995-01-09,kawasaki,10,https://www.keiba.go.jp/KeibaWeb/TodayRaceInfo/RaceMarkTable?k_raceDate=1995%2F01%2F09&k_raceNo=10&k_babaCode=21,data/cache/html/19950109_kawasaki_10.html
19950109_kawasaki_11,1995-01-09,kawasaki,11,https://www.keiba.go.jp/KeibaWeb/TodayRaceInfo/RaceMarkTable?k_raceDate=1995%2F01%2F09&k_raceNo=11&k_babaCode=21,data/cache/html/19950109_kawasaki_11.html
19950109_kawasaki_12,1995-01-09,kawasaki,12,https://www.keiba.go.jp/KeibaWeb/TodayRaceInfo/RaceMarkTable?k_raceDate=1995%2F01%2F09&k_raceNo=12&k_babaCode=21,data/cache/html/19950109_kawasaki_12.html
19950108_kawasaki_1,1995-01-08,kawasaki,1,https://www.keiba.go.jp/KeibaWeb/TodayRaceInfo/RaceMarkTable?k_raceDate=1995%2F01%2F08&k_raceNo=1&k_babaCode=21,data/cache/html/19950108_kawasaki_1.html
19950108_kawasaki_2,1995-01-08,kawasaki,2,https://www.keiba.go.jp/KeibaWeb/TodayRaceInfo/RaceMarkTable?k_raceDate=1995%2F01%2F08&k_raceNo=2&k_babaCode=21,data/cache/html/19950108_kawasaki_2.html
19950108_kawasaki_3,1995-01-08,kawasaki,3,https://www.keiba.go.jp/KeibaWeb/TodayRaceInfo/RaceMarkTable?k_raceDate=1995%2F01%2F08&k_raceNo=3&k_babaCode=21,data/cache/html/19950108_kawasaki_3.html
19950108_kawasaki_4,1995-01-08,kawasaki,4,https://www.keiba.go.jp/KeibaWeb/TodayRaceInfo/RaceMarkTable?k_raceDate=1995%2F01%2F08&k_raceNo=4&k_babaCode=21,data/cache/html/19950108_kawasaki_4.html
19950108_kawasaki_5,1995-01-08,kawasaki,5,https://www.keiba.go.jp/KeibaWeb/TodayRaceInfo/RaceMarkTable?k_raceDate=1995%2F01%2F08&k_raceNo=5&k_babaCode=21,data/cache/html/19950108_kawasaki_5.html
19950108_kawasaki_6,1995-01-08,kawasaki,6,https://www.keiba.go.jp/KeibaWeb/TodayRaceInfo/RaceMarkTable?k_raceDate=1995%2F01%2F08&k_raceNo=6&k_babaCode=21,data/cache/html/19950108_kawasaki_6.html
19950108_kawasaki_7,1995-01-08,kawasaki,7,https://www.keiba.go.jp/KeibaWeb/TodayRaceInfo/RaceMarkTable?k_raceDate=1995%2F01%2F08&k_raceNo=7&k_babaCode=21,data/cache/html/19950108_kawasaki_7.html
19950108_kawasaki_8,1995-01-08,kawasaki,8,https://www.keiba.go.jp/KeibaWeb/TodayRaceInfo/RaceMarkTable?k_raceDate=1995%2F01%2F08&k_raceNo=8&k_babaCode=21,data/cache/html/19950108_kawasaki_8.html
19950108_kawasaki_9,1995-01-08,kawasaki,9,https://www.keiba.go.jp/KeibaWeb/TodayRaceInfo/RaceMarkTable?k_raceDate=1995%2F01%2F08&k_raceNo=9&k_babaCode=21,data/cache/html/19950108_kawasaki_9.html
19950108_kawasaki_10,1995-01-08,kawasaki,10,https://www.keiba.go.jp/KeibaWeb/TodayRaceInfo/RaceMarkTable?k_raceDate=1995%2F01%2F08&k_raceNo=10&k_babaCode=21,data/cache/html/19950108_kawasaki_10.html
19950108_kawasaki_11,1995-01-08,kawasaki,11,https://www.keiba.go.jp/KeibaWeb/TodayRaceInfo/RaceMarkTable?k_raceDate=1995%2F01%2F08&k_raceNo=11&k_babaCode=21,data/cache/html/19950108_kawasaki_11.html
19950108_kawasaki_12,1995-01-08,kawasaki,12,https://www.keiba.go.jp/KeibaWeb/TodayRaceInfo/RaceMarkTable?k_raceDate=1995%2F01%2F08&k_raceNo=12&k_babaCode=21,data/cache/html/19950108_kawasaki_12.html
19950107_kawasaki_1,1995-01-07,kawasaki,1,https://www.keiba.go.jp/KeibaWeb/TodayRaceInfo/RaceMarkTable?k_raceDate=1995%2F01%2F07&k_raceNo=1&k_babaCode=21,data/cache/html/19950107_kawasaki_1.html
19950107_kawasaki_2,1995-01-07,kawasaki,2,https://www.keiba.go.jp/KeibaWeb/TodayRaceInfo/RaceMarkTable?k_raceDate=1995%2F01%2F07&k_raceNo=2&k_babaCode=21,data/cache/html/19950107_kawasaki_2.html
19950107_kawasaki_3,1995-01-07,kawasaki,3,https://www.keiba.go.jp/KeibaWeb/TodayRaceInfo/RaceMarkTable?k_raceDate=1995%2F01%2F07&k_raceNo=3&k_babaCode=21,data/cache/html/19950107_kawasaki_3.html
19950107_kawasaki_4,1995-01-07,kawasaki,4,https://www.keiba.go.jp/KeibaWeb/TodayRaceInfo/RaceMarkTable?k_raceDate=1995%2F01%2F07&k_raceNo=4&k_babaCode=21,data/cache/html/19950107_kawasaki_4.html
19950107_kawasaki_5,1995-01-07,kawasaki,5,https://www.keiba.go.jp/KeibaWeb/TodayRaceInfo/RaceMarkTable?k_raceDate=1995%2F01%2F07&k_raceNo=5&k_babaCode=21,data/cache/html/19950107_kawasaki_5.html
19950107_kawasaki_6,1995-01-07,kawasaki,6,https://www.keiba.go.jp/KeibaWeb/TodayRaceInfo/RaceMarkTable?k_raceDate=1995%2F01%2F07&k_raceNo=6&k_babaCode=21,data/cache/html/19950107_kawasaki_6.html
19950107_kawasaki_7,1995-01-07,kawasaki,7,https://www.keiba.go.jp/KeibaWeb/TodayRaceInfo/RaceMarkTable?k_raceDate=1995%2F01%2F07&k_raceNo=7&k_babaCode=21,data/cache/html/19950107_kawasaki_7.html
19950107_kawasaki_8,1995-01-07,kawasaki,8,https://www.keiba.go.jp/KeibaWeb/TodayRaceInfo/RaceMarkTable?k_raceDate=1995%2F01%2F07&k_raceNo=8&k_babaCode=21,data/cache/html/19950107_kawasaki_8.html
19950107_kawasaki_9,1995-01-07,kawasaki,9,https://www.keiba.go.jp/KeibaWeb/TodayRaceInfo/RaceMarkTable?k_raceDate=1995%2F01%2F07&k_raceNo=9&k_babaCode=21,data/cache/html/19950107_kawasaki_9.html
19950107_kawasaki_10,1995-01-07,kawasaki,10,https://www.keiba.go.jp/KeibaWeb/TodayRaceInfo/RaceMarkTable?k_raceDate=1995%2F01%2F07&k_raceNo=10&k_babaCode=21,data/cache/html/19950107_kawasaki_10.html
19950107_kawasaki_11,1995-01-07,kawasaki,11,https://www.keiba.go.jp/KeibaWeb/TodayRaceInfo/RaceMarkTable?k_raceDate=1995%2F01%2F07&k_raceNo=11&k_babaCode=21,data/cache/html/19950107_kawasaki_11.html
19950107_kawasaki_12,1995-01-07,kawasaki,12,https://www.keiba.go.jp/KeibaWeb/TodayRaceInfo/RaceMarkTable?k_raceDate=1995%2F01%2F07&k_raceNo=12&k_babaCode=21,data/cache/html/19950107_kawasaki_12.html
19950106_kawasaki_1,1995-01-06,kawasaki,1,https://www.keiba.go.jp/KeibaWeb/TodayRaceInfo/RaceMarkTable?k_raceDate=1995%2F01%2F06&k_raceNo=1&k_babaCode=21,data/cache/html/19950106_kawasaki_1.html
19950106_kawasaki_2,1995-01-06,kawasaki,2,https://www.keiba.go.jp/KeibaWeb/TodayRaceInfo/RaceMarkTable?k_raceDate=1995%2F01%2F06&k_raceNo=2&k_babaCode=21,data/cache/html/19950106_kawasaki_2.html
19950106_kawasaki_3,1995-01-06,kawasaki,3,https://www.keiba.go.jp/KeibaWeb/TodayRaceInfo/RaceMarkTable?k_raceDate=1995%2F01%2F06&k_raceNo=3&k_babaCode=21,data/cache/html/19950106_kawasaki_3.html
19950106_kawasaki_4,1995-01-06,kawasaki,4,https://www.keiba.go.jp/KeibaWeb/TodayRaceInfo/RaceMarkTable?k_raceDate=1995%2F01%2F06&k_raceNo=4&k_babaCode=21,data/cache/html/19950106_kawasaki_4.html
19950106_kawasaki_5,1995-01-06,kawasaki,5,https://www.keiba.go.jp/KeibaWeb/TodayRaceInfo/RaceMarkTable?k_raceDate=1995%2F01%2F06&k_raceNo=5&k_babaCode=21,data/cache/html/19950106_kawasaki_5.html
19950106_kawasaki_6,1995-01-06,kawasaki,6,https://www.keiba.go.jp/KeibaWeb/TodayRaceInfo/RaceMarkTable?k_raceDate=1995%2F01%2F06&k_raceNo=6&k_babaCode=21,data/cache/html/19950106_kawasaki_6.html
19950106_kawasaki_7,1995-01-06,kawasaki,7,https://www.keiba.go.jp/KeibaWeb/TodayRaceInfo/RaceMarkTable?k_raceDate=1995%2F01%2F06&k_raceNo=7&k_babaCode=21,data/cache/html/19950106_kawasaki_7.html
19950106_kawasaki_8,1995-01-06,kawasaki,8,https://www.keiba.go.jp/KeibaWeb/TodayRaceInfo/RaceMarkTable?k_raceDate=1995%2F01%2F06&k_raceNo=8&k_babaCode=21,data/cache/html/19950106_kawasaki_8.html
19950106_kawasaki_9,1995-01-06,kawasaki,9,https://www.keiba.go.jp/KeibaWeb/TodayRaceInfo/RaceMarkTable?k_raceDate=1995%2F01%2F06&k_raceNo=9&k_babaCode=21,data/cache/html/19950106_kawasaki_9.html
19950106_kawasaki_10,1995-01-06,kawasaki,10,https://www.keiba.go.jp/KeibaWeb/TodayRaceInfo/RaceMarkTable?k_raceDate=1995%2F01%2F06&k_raceNo=10&k_babaCode=21,data/cache/html/19950106_kawasaki_10.html
19950106_kawasaki_11,1995-01-06,kawasaki,11,https://www.keiba.go.jp/KeibaWeb/TodayRaceInfo/RaceMarkTable?k_raceDate=1995%2F01%2F06&k_raceNo=11&k_babaCode=21,data/cache/html/19950106_kawasaki_11.html
19950106_kawasaki_12,1995-01-06,kawasaki,12,https://www.keiba.go.jp/KeibaWeb/TodayRaceInfo/RaceMarkTable?k_raceDate=1995%2F01%2F06&k_raceNo=12&k_babaCode=21,data/cache/html/19950106_kawasaki_12.html
19950105_kawasaki_1,1995-01-05,kawasaki,1,https://www.keiba.go.jp/KeibaWeb/TodayRaceInfo/RaceMarkTable?k_raceDate=1995%2F01%2F05&k_raceNo=1&k_babaCode=21,data/cache/html/19950105_kawasaki_1.html
19950105_kawasaki_2,1995-01-05,kawasaki,2,https://www.keiba.go.jp/KeibaWeb/TodayRaceInfo/RaceMarkTable?k_raceDate=1995%2F01%2F05&k_raceNo=2&k_babaCode=21,data/cache/html/19950105_kawasaki_2.html
19950105_kawasaki_3,1995-01-05,kawasaki,3,https://www.keiba.go.jp/KeibaWeb/TodayRaceInfo/RaceMarkTable?k_raceDate=1995%2F01%2F05&k_raceNo=3&k_babaCode=21,data/cache/html/19950105_kawasaki_3.html
19950105_kawasaki_4,1995-01-05,kawasaki,4,https://www.keiba.go.jp/KeibaWeb/TodayRaceInfo/RaceMarkTable?k_raceDate=1995%2F01%2F05&k_raceNo=4&k_babaCode=21,data/cache/html/19950105_kawasaki_4.html
19950105_kawasaki_5,1995-01-05,kawasaki,5,https://www.keiba.go.jp/KeibaWeb/TodayRaceInfo/RaceMarkTable?k_raceDate=1995%2F01%2F05&k_raceNo=5&k_babaCode=21,data/cache/html/19950105_kawasaki_5.html
19950105_kawasaki_6,1995-01-05,kawasaki,6,https://www.keiba.go.jp/KeibaWeb/TodayRaceInfo/RaceMarkTable?k_raceDate=1995%2F01%2F05&k_raceNo=6&k_babaCode=21,data/cache/html/19950105_kawasaki_6.html
19950105_kawasaki_7,1995-01-05,kawasaki,7,https://www.keiba.go.jp/KeibaWeb/TodayRaceInfo/RaceMarkTable?k_raceDate=1995%2F01%2F05&k_raceNo=7&k_babaCode=21,data/cache/html/19950105_kawasaki_7.html
19950105_kawasaki_8,1995-01-05,kawasaki,8,https://www.keiba.go.jp/KeibaWeb/TodayRaceInfo/RaceMarkTable?k_raceDate=1995%2F01%2F05&k_raceNo=8&k_babaCode=21,data/cache/html/19950105_kawasaki_8.html
19950105_kawasaki_9,1995-01-05,kawasaki,9,https://www.keiba.go.jp/KeibaWeb/TodayRaceInfo/RaceMarkTable?k_raceDate=1995%2F01%2F05&k_raceNo=9&k_babaCode=21,data/cache/html/19950105_kawasaki_9.html
19950105_kawasaki_10,1995-01-05,kawasaki,10,https://www.keiba.go.jp/KeibaWeb/TodayRaceInfo/RaceMarkTable?k_raceDate=1995%2F01%2F05&k_raceNo=10&k_babaCode=21,data/cache/html/19950105_kawasaki_10.html
19950105_kawasaki_11,1995-01-05,kawasaki,11,https://www.keiba.go.jp/KeibaWeb/TodayRaceInfo/RaceMarkTable?k_raceDate=1995%2F01%2F05&k_raceNo=11&k_babaCode=21,data/cache/html/19950105_kawasaki_11.html
19950105_kawasaki_12,1995-01-05,kawasaki,12,https://www.keiba.go.jp/KeibaWeb/TodayRaceInfo/RaceMarkTable?k_raceDate=1995%2F01%2F05&k_raceNo=12&k_babaCode=21,data/cache/html/19950105_kawasaki_12.html
19950104_kawasaki_1,1995-01-04,kawasaki,1,https://www.keiba.go.jp/KeibaWeb/TodayRaceInfo/RaceMarkTable?k_raceDate=1995%2F01%2F04&k_raceNo=1&k_babaCode=21,data/cache/html/19950104_kawasaki_1.html
19950104_kawasaki_2,1995-01-04,kawasaki,2,https://www.keiba.go.jp/KeibaWeb/TodayRaceInfo/RaceMarkTable?k_raceDate=1995%2F01%2F04&k_raceNo=2&k_babaCode=21,data/cache/html/19950104_kawasaki_2.html
19950104_kawasaki_3,1995-01-04,kawasaki,3,https://www.keiba.go.jp/KeibaWeb/TodayRaceInfo/RaceMarkTable?k_raceDate=1995%2F01%2F04&k_raceNo=3&k_babaCode=21,data/cache/html/19950104_kawasaki_3.html
19950104_kawasaki_4,1995-01-04,kawasaki,4,https://www.keiba.go.jp/KeibaWeb/TodayRaceInfo/RaceMarkTable?k_raceDate=1995%2F01%2F04&k_raceNo=4&k_babaCode=21,data/cache/html/19950104_kawasaki_4.html
19950104_kawasaki_5,1995-01-04,kawasaki,5,https://www.keiba.go.jp/KeibaWeb/TodayRaceInfo/RaceMarkTable?k_raceDate=1995%2F01%2F04&k_raceNo=5&k_babaCode=21,data/cache/html/19950104_kawasaki_5.html
19950104_kawasaki_6,1995-01-04,kawasaki,6,https://www.keiba.go.jp/KeibaWeb/TodayRaceInfo/RaceMarkTable?k_raceDate=1995%2F01%2F04&k_raceNo=6&k_babaCode=21,data/cache/html/19950104_kawasaki_6.html
19950104_kawasaki_7,1995-01-04,kawasaki,7,https://www.keiba.go.jp/KeibaWeb/TodayRaceInfo/RaceMarkTable?k_raceDate=1995%2F01%2F04&k_raceNo=7&k_babaCode=21,data/cache/html/19950104_kawasaki_7.html
19950104_kawasaki_8,1995-01-04,kawasaki,8,https://www.keiba.go.jp/KeibaWeb/TodayRaceInfo/RaceMarkTable?k_raceDate=1995%2F01%2F04&k_raceNo=8&k_babaCode=21,data/cache/html/19950104_kawasaki_8.html
19950104_kawasaki_9,1995-01-04,kawasaki,9,https://www.keiba.go.jp/KeibaWeb/TodayRaceInfo/RaceMarkTable?k_raceDate=1995%2F01%2F04&k_raceNo=9&k_babaCode=21,data/cache/html/19950104_kawasaki_9.html
19950104_kawasaki_10,1995-01-04,kawasaki,10,https://www.keiba.go.jp/KeibaWeb/TodayRaceInfo/RaceMarkTable?k_raceDate=1995%2F01%2F04&k_raceNo=10&k_babaCode=21,data/cache/html/19950104_kawasaki_10.html
19950104_kawasaki_11,1995-01-04,kawasaki,11,https://www.keiba.go.jp/KeibaWeb/TodayRaceInfo/RaceMarkTable?k_raceDate=1995%2F01%2F04&k_raceNo=11&k_babaCode=21,data/cache/html/19950104_kawasaki_11.html
19950104_kawasaki_12,1995-01-04,kawasaki,12,https://www.keiba.go.jp/KeibaWeb/TodayRaceInfo/RaceMarkTable?k_raceDate=1995%2F01%2F04&k_raceNo=12&k_babaCode=21,data/cache/html/19950104_kawasaki_12.html
19950103_kawasaki_1,1995-01-03,kawasaki,1,https://www.keiba.go.jp/KeibaWeb/TodayRaceInfo/RaceMarkTable?k_raceDate=1995%2F01%2F03&k_raceNo=1&k_babaCode=21,data/cache/html/19950103_kawasaki_1.html
19950103_kawasaki_2,1995-01-03,kawasaki,2,https://www.keiba.go.jp/KeibaWeb/TodayRaceInfo/RaceMarkTable?k_raceDate=1995%2F01%2F03&k_raceNo=2&k_babaCode=21,data/cache/html/19950103_kawasaki_2.html
19950103_kawasaki_3,1995-01-03,kawasaki,3,https://www.keiba.go.jp/KeibaWeb/TodayRaceInfo/RaceMarkTable?k_raceDate=1995%2F01%2F03&k_raceNo=3&k_babaCode=21,data/cache/html/19950103_kawasaki_3.html
19950103_kawasaki_4,1995-01-03,kawasaki,4,https://www.keiba.go.jp/KeibaWeb/TodayRaceInfo/RaceMarkTable?k_raceDate=1995%2F01%2F03&k_raceNo=4&k_babaCode=21,data/cache/html/19950103_kawasaki_4.html
19950103_kawasaki_5,1995-01-03,kawasaki,5,https://www.keiba.go.jp/KeibaWeb/TodayRaceInfo/RaceMarkTable?k_raceDate=1995%2F01%2F03&k_raceNo=5&k_babaCode=21,data/cache/html/19950103_kawasaki_5.html
19950103_kawasaki_6,1995-01-03,kawasaki,6,https://www.keiba.go.jp/KeibaWeb/TodayRaceInfo/RaceMarkTable?k_raceDate=1995%2F01%2F03&k_raceNo=6&k_babaCode=21,data/cache/html/19950103_kawasaki_6.html
19950103_kawasaki_7,1995-01-03,kawasaki,7,https://www.keiba.go.jp/KeibaWeb/TodayRaceInfo/RaceMarkTable?k_raceDate=1995%2F01%2F03&k_raceNo=7&k_babaCode=21,data/cache/html/19950103_kawasaki_7.html
19950103_kawasaki_8,1995-01-03,kawasaki,8,https://www.keiba.go.jp/KeibaWeb/TodayRaceInfo/RaceMarkTable?k_raceDate=1995%2F01%2F03&k_raceNo=8&k_babaCode=21,data/cache/html/19950103_kawasaki_8.html
19950103_kawasaki_9,1995-01-03,kawasaki,9,https://www.keiba.go.jp/KeibaWeb/TodayRaceInfo/RaceMarkTable?k_raceDate=1995%2F01%2F03&k_raceNo=9&k_babaCode=21,data/cache/html/19950103_kawasaki_9.html
19950103_kawasaki_10,1995-01-03,kawasaki,10,https://www.keiba.go.jp/KeibaWeb/TodayRaceInfo/RaceMarkTable?k_raceDate=1995%2F01%2F03&k_raceNo=10&k_babaCode=21,data/cache/html/19950103_kawasaki_10.html
19950103_kawasaki_11,1995-01-03,kawasaki,11,https://www.keiba.go.jp/KeibaWeb/TodayRaceInfo/RaceMarkTable?k_raceDate=1995%2F01%2F03&k_raceNo=11&k_babaCode=21,data/cache/html/19950103_kawasaki_11.html
19950103_kawasaki_12,1995-01-03,kawasaki,12,https://www.keiba.go.jp/KeibaWeb/TodayRaceInfo/RaceMarkTable?k_raceDate=1995%2F01%2F03&k_raceNo=12&k_babaCode=21,data/cache/html/19950103_kawasaki_12.html
19950102_kawasaki_1,1995-01-02,kawasaki,1,https://www.keiba.go.jp/KeibaWeb/TodayRaceInfo/RaceMarkTable?k_raceDate=1995%2F01%2F02&k_raceNo=1&k_babaCode=21,data/cache/html/19950102_kawasaki_1.html
19950102_kawasaki_2,1995-01-02,kawasaki,2,https://www.keiba.go.jp/KeibaWeb/TodayRaceInfo/RaceMarkTable?k_raceDate=1995%2F01%2F02&k_raceNo=2&k_babaCode=21,data/cache/html/19950102_kawasaki_2.html
19950102_kawasaki_3,1995-01-02,kawasaki,3,https://www.keiba.go.jp/KeibaWeb/TodayRaceInfo/RaceMarkTable?k_raceDate=1995%2F01%2F02&k_raceNo=3&k_babaCode=21,data/cache/html/19950102_kawasaki_3.html
19950102_kawasaki_4,1995-01-02,kawasaki,4,https://www.keiba.go.jp/KeibaWeb/TodayRaceInfo/RaceMarkTable?k_raceDate=1995%2F01%2F02&k_raceNo=4&k_babaCode=21,data/cache/html/19950102_kawasaki_4.html
19950102_kawasaki_5,1995-01-02,kawasaki,5,https://www.keiba.go.jp/KeibaWeb/TodayRaceInfo/RaceMarkTable?k_raceDate=1995%2F01%2F02&k_raceNo=5&k_babaCode=21,data/cache/html/19950102_kawasaki_5.html
19950102_kawasaki_6,1995-01-02,kawasaki,6,https://www.keiba.go.jp/KeibaWeb/TodayRaceInfo/RaceMarkTable?k_raceDate=1995%2F01%2F02&k_raceNo=6&k_babaCode=21,data/cache/html/19950102_kawasaki_6.html
19950102_kawasaki_7,1995-01-02,kawasaki,7,https://www.keiba.go.jp/KeibaWeb/TodayRaceInfo/RaceMarkTable?k_raceDate=1995%2F01%2F02&k_raceNo=7&k_babaCode=21,data/cache/html/19950102_kawasaki_7.html
19950102_kawasaki_8,1995-01-02,kawasaki,8,https://www.keiba.go.jp/KeibaWeb/TodayRaceInfo/RaceMarkTable?k_raceDate=1995%2F01%2F02&k_raceNo=8&k_babaCode=21,data/cache/html/19950102_kawasaki_8.html
19950102_kawasaki_9,1995-01-02,kawasaki,9,https://www.keiba.go.jp/KeibaWeb/TodayRaceInfo/RaceMarkTable?k_raceDate=1995%2F01%2F02&k_raceNo=9&k_babaCode=21,data/cache/html/19950102_kawasaki_9.html
19950102_kawasaki_10,1995-01-02,kawasaki,10,https://www.keiba.go.jp/KeibaWeb/TodayRaceInfo/RaceMarkTable?k_raceDate=1995%2F01%2F02&k_raceNo=10&k_babaCode=21,data/cache/html/19950102_kawasaki_10.html
19950102_kawasaki_11,1995-01-02,kawasaki,11,https://www.keiba.go.jp/KeibaWeb/TodayRaceInfo/RaceMarkTable?k_raceDate=1995%2F01%2F02&k_raceNo=11&k_babaCode=21,data/cache/html/19950102_kawasaki_11.html
19950102_kawasaki_12,1995-01-02,kawasaki,12,https://www.keiba.go.jp/KeibaWeb/TodayRaceInfo/RaceMarkTable?k_raceDate=1995%2F01%2F02&k_raceNo=12&k_babaCode=21,data/cache/html/19950102_kawasaki_12.html
19950101_kawasaki_1,1995-01-01,kawasaki,1,https://www.keiba.go.jp/KeibaWeb/TodayRaceInfo/RaceMarkTable?k_raceDate=1995%2F01%2F01&k_raceNo=1&k_babaCode=21,data/cache/html/19950101_kawasaki_1.html
19950101_kawasaki_2,1995-01-01,kawasaki,2,https://www.keiba.go.jp/KeibaWeb/TodayRaceInfo/RaceMarkTable?k_raceDate=1995%2F01%2F01&k_raceNo=2&k_babaCode=21,data/cache/html/19950101_kawasaki_2.html
19950101_kawasaki_3,1995-01-01,kawasaki,3,https://www.keiba.go.jp/KeibaWeb/TodayRaceInfo/RaceMarkTable?k_raceDate=1995%2F01%2F01&k_raceNo=3&k_babaCode=21,data/cache/html/19950101_kawasaki_3.html
19950101_kawasaki_4,1995-01-01,kawasaki,4,https://www.keiba.go.jp/KeibaWeb/TodayRaceInfo/RaceMarkTable?k_raceDate=1995%2F01%2F01&k_raceNo=4&k_babaCode=21,data/cache/html/19950101_kawasaki_4.html
19950101_kawasaki_5,1995-01-01,kawasaki,5,https://www.keiba.go.jp/KeibaWeb/TodayRaceInfo/RaceMarkTable?k_raceDate=1995%2F01%2F01&k_raceNo=5&k_babaCode=21,data/cache/html/19950101_kawasaki_5.html
19950101_kawasaki_6,1995-01-01,kawasaki,6,https://www.keiba.go.jp/KeibaWeb/TodayRaceInfo/RaceMarkTable?k_raceDate=1995%2F01%2F01&k_raceNo=6&k_babaCode=21,data/cache/html/19950101_kawasaki_6.html
19950101_kawasaki_7,1995-01-01,kawasaki,7,https://www.keiba.go.jp/KeibaWeb/TodayRaceInfo/RaceMarkTable?k_raceDate=1995%2F01%2F01&k_raceNo=7&k_babaCode=21,data/cache/html/19950101_kawasaki_7.html
19950101_kawasaki_8,1995-01-01,kawasaki,8,https://www.keiba.go.jp/KeibaWeb/TodayRaceInfo/RaceMarkTable?k_raceDate=1995%2F01%2F01&k_raceNo=8&k_babaCode=21,data/cache/html/19950101_kawasaki_8.html
19950101_kawasaki_9,1995-01-01,kawasaki,9,https://www.keiba.go.jp/KeibaWeb/TodayRaceInfo/RaceMarkTable?k_raceDate=1995%2F01%2F01&k_raceNo=9&k_babaCode=21,data/cache/html/19950101_kawasaki_9.html
19950101_kawasaki_10,1995-01-01,kawasaki,10,https://www.keiba.go.jp/KeibaWeb/TodayRaceInfo/RaceMarkTable?k_raceDate=1995%2F01%2F01&k_raceNo=10&k_babaCode=21,data/cache/html/19950101_kawasaki_10.html
19950101_kawasaki_11,1995-01-01,kawasaki,11,https://www.keiba.go.jp/KeibaWeb/TodayRaceInfo/RaceMarkTable?k_raceDate=1995%2F01%2F01&k_raceNo=11&k_babaCode=21,data/cache/html/19950101_kawasaki_11.html
19950101_kawasaki_12,1995-01-01,kawasaki,12,https://www.keiba.go.jp/KeibaWeb/TodayRaceInfo/RaceMarkTable?k_raceDate=1995%2F01%2F01&k_raceNo=12&k_babaCode=21,data/cache/html/19950101_kawasaki_12.html
19941231_kawasaki_1,1994-12-31,kawasaki,1,https://www.keiba.go.jp/KeibaWeb/TodayRaceInfo/RaceMarkTable?k_raceDate=1994%2F12%2F31&k_raceNo=1&k_babaCode=21,data/cache/html/19941231_kawasaki_1.html
19941231_kawasaki_2,1994-12-31,kawasaki,2,https://www.keiba.go.jp/KeibaWeb/TodayRaceInfo/RaceMarkTable?k_raceDate=1994%2F12%2F31&k_raceNo=2&k_babaCode=21,data/cache/html/19941231_kawasaki_2.html
19941231_kawasaki_3,1994-12-31,kawasaki,3,https://www.keiba.go.jp/KeibaWeb/TodayRaceInfo/RaceMarkTable?k_raceDate=1994%2F12%2F31&k_raceNo=3&k_babaCode=21,data/cache/html/19941231_kawasaki_3.html
19941231_kawasaki_4,1994-12-31,kawasaki,4,https://www.keiba.go.jp/KeibaWeb/TodayRaceInfo/RaceMarkTable?k_raceDate=1994%2F12%2F31&k_raceNo=4&k_babaCode=21,data/cache/html/19941231_kawasaki_4.html
19941231_kawasaki_5,1994-12-31,kawasaki,5,https://www.keiba.go.jp/KeibaWeb/TodayRaceInfo/RaceMarkTable?k_raceDate=1994%2F12%2F31&k_raceNo=5&k_babaCode=21,data/cache/html/19941231_kawasaki_5.html
19941231_kawasaki_6,1994-12-31,kawasaki,6,https://www.keiba.go.jp/KeibaWeb/TodayRaceInfo/RaceMarkTable?k_raceDate=1994%2F12%2F31&k_raceNo=6&k_babaCode=21,data/cache/html/19941231_kawasaki_6.html
19941231_kawasaki_7,1994-12-31,kawasaki,7,https://www.keiba.go.jp/KeibaWeb/TodayRaceInfo/RaceMarkTable?k_raceDate=1994%2F12%2F31&k_raceNo=7&k_babaCode=21,data/cache/html/19941231_kawasaki_7.html
19941231_kawasaki_8,1994-12-31,kawasaki,8,https://www.keiba.go.jp/KeibaWeb/TodayRaceInfo/RaceMarkTable?k_raceDate=1994%2F12%2F31&k_raceNo=8&k_babaCode=21,data/cache/html/19941231_kawasaki_8.html
19941231_kawasaki_9,1994-12-31,kawasaki,9,https://www.keiba.go.jp/KeibaWeb/TodayRaceInfo/RaceMarkTable?k_raceDate=1994%2F12%2F31&k_raceNo=9&k_babaCode=21,data/cache/html/19941231_kawasaki_9.html
19941231_kawasaki_10,1994-12-31,kawasaki,10,https://www.keiba.go.jp/KeibaWeb/TodayRaceInfo/RaceMarkTable?k_raceDate=1994%2F12%2F31&k_raceNo=10&k_babaCode=21,data/cache/html/19941231_kawasaki_10.html
19941231_kawasaki_11,1994-12-31,kawasaki,11,https://www.keiba.go.jp/KeibaWeb/TodayRaceInfo/RaceMarkTable?k_raceDate=1994%2F12%2F31&k_raceNo=11&k_babaCode=21,data/cache/html/19941231_kawasaki_11.html
19941231_kawasaki_12,1994-12-31,kawasaki,12,https://www.keiba.go.jp/KeibaWeb/TodayRaceInfo/RaceMarkTable?k_raceDate=1994%2F12%2F31&k_raceNo=12&k_babaCode=21,data/cache/html/19941231_kawasaki_12.html
19941230_kawasaki_1,1994-12-30,kawasaki,1,https://www.keiba.go.jp/KeibaWeb/TodayRaceInfo/RaceMarkTable?k_raceDate=1994%2F12%2F30&k_raceNo=1&k_babaCode=21,data/cache/html/19941230_kawasaki_1.html
19941230_kawasaki_2,1994-12-30,kawasaki,2,https://www.keiba.go.jp/KeibaWeb/TodayRaceInfo/RaceMarkTable?k_raceDate=1994%2F12%2F30&k_raceNo=2&k_babaCode=21,data/cache/html/19941230_kawasaki_2.html
19941230_kawasaki_3,1994-12-30,kawasaki,3,https://www.keiba.go.jp/KeibaWeb/TodayRaceInfo/RaceMarkTable?k_raceDate=1994%2F12%2F30&k_raceNo=3&k_babaCode=21,data/cache/html/19941230_kawasaki_3.html
19941230_kawasaki_4,1994-12-30,kawasaki,4,https://www.keiba.go.jp/KeibaWeb/TodayRaceInfo/RaceMarkTable?k_raceDate=1994%2F12%2F30&k_raceNo=4&k_babaCode=21,data/cache/html/19941230_kawasaki_4.html
19941230_kawasaki_5,1994-12-30,kawasaki,5,https://www.keiba.go.jp/KeibaWeb/TodayRaceInfo/RaceMarkTable?k_raceDate=1994%2F12%2F30&k_raceNo=5&k_babaCode=21,data/cache/html/19941230_kawasaki_5.html
19941230_kawasaki_6,1994-12-30,kawasaki,6,https://www.keiba.go.jp/KeibaWeb/TodayRaceInfo/RaceMarkTable?k_raceDate=1994%2F12%2F30&k_raceNo=6&k_babaCode=21,data/cache/html/19941230_kawasaki_6.html
19941230_kawasaki_7,1994-12-30,kawasaki,7,https://www.keiba.go.jp/KeibaWeb/TodayRaceInfo/RaceMarkTable?k_raceDate=1994%2F12%2F30&k_raceNo=7&k_babaCode=21,data/cache/html/19941230_kawasaki_7.html
19941230_kawasaki_8,1994-12-30,kawasaki,8,https://www.keiba.go.jp/KeibaWeb/TodayRaceInfo/RaceMarkTable?k_raceDate=1994%2F12%2F30&k_raceNo=8&k_babaCode=21,data/cache/html/19941230_kawasaki_8.html
19941230_kawasaki_9,1994-12-30,kawasaki,9,https://www.keiba.go.jp/KeibaWeb/TodayRaceInfo/RaceMarkTable?k_raceDate=1994%2F12%2F30&k_raceNo=9&k_babaCode=21,data/cache/html/19941230_kawasaki_9.html
19941230_kawasaki_10,1994-12-30,kawasaki,10,https://www.keiba.go.jp/KeibaWeb/TodayRaceInfo/RaceMarkTable?k_raceDate=1994%2F12%2F30&k_raceNo=10&k_babaCode=21,data/cache/html/19941230_kawasaki_10.html
19941230_kawasaki_11,1994-12-30,kawasaki,11,https://www.keiba.go.jp/KeibaWeb/TodayRaceInfo/RaceMarkTable?k_raceDate=1994%2F12%2F30&k_raceNo=11&k_babaCode=21,data/cache/html/19941230_kawasaki_11.html
19941230_kawasaki_12,1994-12-30,kawasaki,12,https://www.keiba.go.jp/KeibaWeb/TodayRaceInfo/RaceMarkTable?k_raceDate=1994%2F12%2F30&k_raceNo=12&k_babaCode=21,data/cache/html/19941230_kawasaki_12.html
19941229_kawasaki_1,1994-12-29,kawasaki,1,https://www.keiba.go.jp/KeibaWeb/TodayRaceInfo/RaceMarkTable?k_raceDate=1994%2F12%2F29&k_raceNo=1&k_babaCode=21,data/cache/html/19941229_kawasaki_1.html
19941229_kawasaki_2,1994-12-29,kawasaki,2,https://www.keiba.go.jp/KeibaWeb/TodayRaceInfo/RaceMarkTable?k_raceDate=1994%2F12%2F29&k_raceNo=2&k_babaCode=21,data/cache/html/19941229_kawasaki_2.html
19941229_kawasaki_3,1994-12-29,kawasaki,3,https://www.keiba.go.jp/KeibaWeb/TodayRaceInfo/RaceMarkTable?k_raceDate=1994%2F12%2F29&k_raceNo=3&k_babaCode=21,data/cache/html/19941229_kawasaki_3.html
19941229_kawasaki_4,1994-12-29,kawasaki,4,https://www.keiba.go.jp/KeibaWeb/TodayRaceInfo/RaceMarkTable?k_raceDate=1994%2F12%2F29&k_raceNo=4&k_babaCode=21,data/cache/html/19941229_kawasaki_4.html
19941229_kawasaki_5,1994-12-29,kawasaki,5,https://www.keiba.go.jp/KeibaWeb/TodayRaceInfo/RaceMarkTable?k_raceDate=1994%2F12%2F29&k_raceNo=5&k_babaCode=21,data/cache/html/19941229_kawasaki_5.html
19941229_kawasaki_6,1994-12-29,kawasaki,6,https://www.keiba.go.jp/KeibaWeb/TodayRaceInfo/RaceMarkTable?k_raceDate=1994%2F12%2F29&k_raceNo=6&k_babaCode=21,data/cache/html/19941229_kawasaki_6.html
19941229_kawasaki_7,1994-12-29,kawasaki,7,https://www.keiba.go.jp/KeibaWeb/TodayRaceInfo/RaceMarkTable?k_raceDate=1994%2F12%2F29&k_raceNo=7&k_babaCode=21,data/cache/html/19941229_kawasaki_7.html
19941229_kawasaki_8,1994-12-29,kawasaki,8,https://www.keiba.go.jp/KeibaWeb/TodayRaceInfo/RaceMarkTable?k_raceDate=1994%2F12%2F29&k_raceNo=8&k_babaCode=21,data/cache/html/19941229_kawasaki_8.html
19941229_kawasaki_9,1994-12-29,kawasaki,9,https://www.keiba.go.jp/KeibaWeb/TodayRaceInfo/RaceMarkTable?k_raceDate=1994%2F12%2F29&k_raceNo=9&k_babaCode=21,data/cache/html/19941229_kawasaki_9.html
19941229_kawasaki_10,1994-12-29,kawasaki,10,https://www.keiba.go.jp/KeibaWeb/TodayRaceInfo/RaceMarkTable?k_raceDate=1994%2F12%2F29&k_raceNo=10&k_babaCode=21,data/cache/html/19941229_kawasaki_10.html
19941229_kawasaki_11,1994-12-29,kawasaki,11,https://www.keiba.go.jp/KeibaWeb/TodayRaceInfo/RaceMarkTable?k_raceDate=1994%2F12%2F29&k_raceNo=11&k_babaCode=21,data/cache/html/19941229_kawasaki_11.html
19941229_kawasaki_12,1994-12-29,kawasaki,12,https://www.keiba.go.jp/KeibaWeb/TodayRaceInfo/RaceMarkTable?k_raceDate=1994%2F12%2F29&k_raceNo=12&k_babaCode=21,data/cache/html/19941229_kawasaki_12.html
19941228_kawasaki_1,1994-12-28,kawasaki,1,https://www.keiba.go.jp/KeibaWeb/TodayRaceInfo/RaceMarkTable?k_raceDate=1994%2F12%2F28&k_raceNo=1&k_babaCode=21,data/cache/html/19941228_kawasaki_1.html
19941228_kawasaki_2,1994-12-28,kawasaki,2,https://www.keiba.go.jp/KeibaWeb/TodayRaceInfo/RaceMarkTable?k_raceDate=1994%2F12%2F28&k_raceNo=2&k_babaCode=21,data/cache/html/19941228_kawasaki_2.html
19941228_kawasaki_3,1994-12-28,kawasaki,3,https://www.keiba.go.jp/KeibaWeb/TodayRaceInfo/RaceMarkTable?k_raceDate=1994%2F12%2F28&k_raceNo=3&k_babaCode=21,data/cache/html/19941228_kawasaki_3.html
19941228_kawasaki_4,1994-12-28,kawasaki,4,https://www.keiba.go.jp/KeibaWeb/TodayRaceInfo/RaceMarkTable?k_raceDate=1994%2F12%2F28&k_raceNo=4&k_babaCode=21,data/cache/html/19941228_kawasaki_4.html
19941228_kawasaki_5,1994-12-28,kawasaki,5,https://www.keiba.go.jp/KeibaWeb/TodayRaceInfo/RaceMarkTable?k_raceDate=1994%2F12%2F28&k_raceNo=5&k_babaCode=21,data/cache/html/19941228_kawasaki_5.html
19941228_kawasaki_6,1994-12-28,kawasaki,6,https://www.keiba.go.jp/KeibaWeb/TodayRaceInfo/RaceMarkTable?k_raceDate=1994%2F12%2F28&k_raceNo=6&k_babaCode=21,data/cache/html/19941228_kawasaki_6.html
19941228_kawasaki_7,1994-12-28,kawasaki,7,https://www.keiba.go.jp/KeibaWeb/TodayRaceInfo/RaceMarkTable?k_raceDate=1994%2F12%2F28&k_raceNo=7&k_babaCode=21,data/cache/html/19941228_kawasaki_7.html
19941228_kawasaki_8,1994-12-28,kawasaki,8,https://www.keiba.go.jp/KeibaWeb/TodayRaceInfo/RaceMarkTable?k_raceDate=1994%2F12%2F28&k_raceNo=8&k_babaCode=21,data/cache/html/19941228_kawasaki_8.html
19941228_kawasaki_9,1994-12-28,kawasaki,9,https://www.keiba.go.jp/KeibaWeb/TodayRaceInfo/RaceMarkTable?k_raceDate=1994%2F12%2F28&k_raceNo=9&k_babaCode=21,data/cache/html/19941228_kawasaki_9.html
19941228_kawasaki_10,1994-12-28,kawasaki,10,https://www.keiba.go.jp/KeibaWeb/TodayRaceInfo/RaceMarkTable?k_raceDate=1994%2F12%2F28&k_raceNo=10&k_babaCode=21,data/cache/html/19941228_kawasaki_10.html
19941228_kawasaki_11,1994-12-28,kawasaki,11,https://www.keiba.go.jp/KeibaWeb/TodayRaceInfo/RaceMarkTable?k_raceDate=1994%2F12%2F28&k_raceNo=11&k_babaCode=21,data/cache/html/19941228_kawasaki_11.html
19941228_kawasaki_12,1994-12-28,kawasaki,12,https://www.keiba.go.jp/KeibaWeb/TodayRaceInfo/RaceMarkTable?k_raceDate=1994%2F12%2F28&k_raceNo=12&k_babaCode=21,data/cache/html/19941228_kawasaki_12.html
19941227_kawasaki_1,1994-12-27,kawasaki,1,https://www.keiba.go.jp/KeibaWeb/TodayRaceInfo/RaceMarkTable?k_raceDate=1994%2F12%2F27&k_raceNo=1&k_babaCode=21,data/cache/html/19941227_kawasaki_1.html
19941227_kawasaki_2,1994-12-27,kawasaki,2,https://www.keiba.go.jp/KeibaWeb/TodayRaceInfo/RaceMarkTable?k_raceDate=1994%2F12%2F27&k_raceNo=2&k_babaCode=21,data/cache/html/19941227_kawasaki_2.html
19941227_kawasaki_3,1994-12-27,kawasaki,3,https://www.keiba.go.jp/KeibaWeb/TodayRaceInfo/RaceMarkTable?k_raceDate=1994%2F12%2F27&k_raceNo=3&k_babaCode=21,data/cache/html/19941227_kawasaki_3.html
19941227_kawasaki_4,1994-12-27,kawasaki,4,https://www.keiba.go.jp/KeibaWeb/TodayRaceInfo/RaceMarkTable?k_raceDate=1994%2F12%2F27&k_raceNo=4&k_babaCode=21,data/cache/html/19941227_kawasaki_4.html
19941227_kawasaki_5,1994-12-27,kawasaki,5,https://www.keiba.go.jp/KeibaWeb/TodayRaceInfo/RaceMarkTable?k_raceDate=1994%2F12%2F27&k_raceNo=5&k_babaCode=21,data/cache/html/19941227_kawasaki_5.html
19941227_kawasaki_6,1994-12-27,kawasaki,6,https://www.keiba.go.jp/KeibaWeb/TodayRaceInfo/RaceMarkTable?k_raceDate=1994%2F12%2F27&k_raceNo=6&k_babaCode=21,data/cache/html/19941227_kawasaki_6.html
19941227_kawasaki_7,1994-12-27,kawasaki,7,https://www.keiba.go.jp/KeibaWeb/TodayRaceInfo/RaceMarkTable?k_raceDate=1994%2F12%2F27&k_raceNo=7&k_babaCode=21,data/cache/html/19941227_kawasaki_7.html
19941227_kawasaki_8,1994-12-27,kawasaki,8,https://www.keiba.go.jp/KeibaWeb/TodayRaceInfo/RaceMarkTable?k_raceDate=1994%2F12%2F27&k_raceNo=8&k_babaCode=21,data/cache/html/19941227_kawasaki_8.html
19941227_kawasaki_9,1994-12-27,kawasaki,9,https://www.keiba.go.jp/KeibaWeb/TodayRaceInfo/RaceMarkTable?k_raceDate=1994%2F12%2F27&k_raceNo=9&k_babaCode=21,data/cache/html/19941227_kawasaki_9.html
19941227_kawasaki_10,1994-12-27,kawasaki,10,https://www.keiba.go.jp/KeibaWeb/TodayRaceInfo/RaceMarkTable?k_raceDate=1994%2F12%2F27&k_raceNo=10&k_babaCode=21,data/cache/html/19941227_kawasaki_10.html
19941227_kawasaki_11,1994-12-27,kawasaki,11,https://www.keiba.go.jp/KeibaWeb/TodayRaceInfo/RaceMarkTable?k_raceDate=1994%2F12%2F27&k_raceNo=11&k_babaCode=21,data/cache/html/19941227_kawasaki_11.html
19941227_kawasaki_12,1994-12-27,kawasaki,12,https://www.keiba.go.jp/KeibaWeb/TodayRaceInfo/RaceMarkTable?k_raceDate=1994%2F12%2F27&k_raceNo=12&k_babaCode=21,data/cache/html/19941227_kawasaki_12.html
19941226_kawasaki_1,1994-12-26,kawasaki,1,https://www.keiba.go.jp/KeibaWeb/TodayRaceInfo/RaceMarkTable?k_raceDate=1994%2F12%2F26&k_raceNo=1&k_babaCode=21,data/cache/html/19941226_kawasaki_1.html
19941226_kawasaki_2,1994-12-26,kawasaki,2,https://www.keiba.go.jp/KeibaWeb/TodayRaceInfo/RaceMarkTable?k_raceDate=1994%2F12%2F26&k_raceNo=2&k_babaCode=21,data/cache/html/19941226_kawasaki_2.html
19941226_kawasaki_3,1994-12-26,kawasaki,3,https://www.keiba.go.jp/KeibaWeb/TodayRaceInfo/RaceMarkTable?k_raceDate=1994%2F12%2F26&k_raceNo=3&k_babaCode=21,data/cache/html/19941226_kawasaki_3.html
19941226_kawasaki_4,1994-12-26,kawasaki,4,https://www.keiba.go.jp/KeibaWeb/TodayRaceInfo/RaceMarkTable?k_raceDate=1994%2F12%2F26&k_raceNo=4&k_babaCode=21,data/cache/html/19941226_kawasaki_4.html
19941226_kawasaki_5,1994-12-26,kawasaki,5,https://www.keiba.go.jp/KeibaWeb/TodayRaceInfo/RaceMarkTable?k_raceDate=1994%2F12%2F26&k_raceNo=5&k_babaCode=21,data/cache/html/19941226_kawasaki_5.html
19941226_kawasaki_6,1994-12-26,kawasaki,6,https://www.keiba.go.jp/KeibaWeb/TodayRaceInfo/RaceMarkTable?k_raceDate=1994%2F12%2F26&k_raceNo=6&k_babaCode=21,data/cache/html/19941226_kawasaki_6.html
19941226_kawasaki_7,1994-12-26,kawasaki,7,https://www.keiba.go.jp/KeibaWeb/TodayRaceInfo/RaceMarkTable?k_raceDate=1994%2F12%2F26&k_raceNo=7&k_babaCode=21,data/cache/html/19941226_kawasaki_7.html
19941226_kawasaki_8,1994-12-26,kawasaki,8,https://www.keiba.go.jp/KeibaWeb/TodayRaceInfo/RaceMarkTable?k_raceDate=1994%2F12%2F26&k_raceNo=8&k_babaCode=21,data/cache/html/19941226_kawasaki_8.html
19941226_kawasaki_9,1994-12-26,kawasaki,9,https://www.keiba.go.jp/KeibaWeb/TodayRaceInfo/RaceMarkTable?k_raceDate=1994%2F12%2F26&k_raceNo=9&k_babaCode=21,data/cache/html/19941226_kawasaki_9.html
19941226_kawasaki_10,1994-12-26,kawasaki,10,https://www.keiba.go.jp/KeibaWeb/TodayRaceInfo/RaceMarkTable?k_raceDate=1994%2F12%2F26&k_raceNo=10&k_babaCode=21,data/cache/html/19941226_kawasaki_10.html
19941226_kawasaki_11,1994-12-26,kawasaki,11,https://www.keiba.go.jp/KeibaWeb/TodayRaceInfo/RaceMarkTable?k_raceDate=1994%2F12%2F26&k_raceNo=11&k_babaCode=21,data/cache/html/19941226_kawasaki_11.html
19941226_kawasaki_12,1994-12-26,kawasaki,12,https://www.keiba.go.jp/KeibaWeb/TodayRaceInfo/RaceMarkTable?k_raceDate=1994%2F12%2F26&k_raceNo=12&k_babaCode=21,data/cache/html/19941226_kawasaki_12.html
19941225_kawasaki_1,1994-12-25,kawasaki,1,https://www.keiba.go.jp/KeibaWeb/TodayRaceInfo/RaceMarkTable?k_raceDate=1994%2F12%2F25&k_raceNo=1&k_babaCode=21,data/cache/html/19941225_kawasaki_1.html
19941225_kawasaki_2,1994-12-25,kawasaki,2,https://www.keiba.go.jp/KeibaWeb/TodayRaceInfo/RaceMarkTable?k_raceDate=1994%2F12%2F25&k_raceNo=2&k_babaCode=21,data/cache/html/19941225_kawasaki_2.html
19941225_kawasaki_3,1994-12-25,kawasaki,3,https://www.keiba.go.jp/KeibaWeb/TodayRaceInfo/RaceMarkTable?k_raceDate=1994%2F12%2F25&k_raceNo=3&k_babaCode=21,data/cache/html/19941225_kawasaki_3.html
19941225_kawasaki_4,1994-12-25,kawasaki,4,https://www.keiba.go.jp/KeibaWeb/TodayRaceInfo/RaceMarkTable?k_raceDate=1994%2F12%2F25&k_raceNo=4&k_babaCode=21,data/cache/html/19941225_kawasaki_4.html
19941225_kawasaki_5,1994-12-25,kawasaki,5,https://www.keiba.go.jp/KeibaWeb/TodayRaceInfo/RaceMarkTable?k_raceDate=1994%2F12%2F25&k_raceNo=5&k_babaCode=21,data/cache/html/19941225_kawasaki_5.html
19941225_kawasaki_6,1994-12-25,kawasaki,6,https://www.keiba.go.jp/KeibaWeb/TodayRaceInfo/RaceMarkTable?k_raceDate=1994%2F12%2F25&k_raceNo=6&k_babaCode=21,data/cache/html/19941225_kawasaki_6.html
19941225_kawasaki_7,1994-12-25,kawasaki,7,https://www.keiba.go.jp/KeibaWeb/TodayRaceInfo/RaceMarkTable?k_raceDate=1994%2F12%2F25&k_raceNo=7&k_babaCode=21,data/cache/html/19941225_kawasaki_7.html
19941225_kawasaki_8,1994-12-25,kawasaki,8,https://www.keiba.go.jp/KeibaWeb/TodayRaceInfo/RaceMarkTable?k_raceDate=1994%2F12%2F25&k_raceNo=8&k_babaCode=21,data/cache/html/19941225_kawasaki_8.html
19941225_kawasaki_9,1994-12-25,kawasaki,9,https://www.keiba.go.jp/KeibaWeb/TodayRaceInfo/RaceMarkTable?k_raceDate=1994%2F12%2F25&k_raceNo=9&k_babaCode=21,data/cache/html/19941225_kawasaki_9.html
19941225_kawasaki_10,1994-12-25,kawasaki,10,https://www.keiba.go.jp/KeibaWeb/TodayRaceInfo/RaceMarkTable?k_raceDate=1994%2F12%2F25&k_raceNo=10&k_babaCode=21,data/cache/html/19941225_kawasaki_10.html
19941225_kawasaki_11,1994-12-25,kawasaki,11,https://www.keiba.go.jp/KeibaWeb/TodayRaceInfo/RaceMarkTable?k_raceDate=1994%2F12%2F25&k_raceNo=11&k_babaCode=21,data/cache/html/19941225_kawasaki_11.html
19941225_kawasaki_12,1994-12-25,kawasaki,12,https://www.keiba.go.jp/KeibaWeb/TodayRaceInfo/RaceMarkTable?k_raceDate=1994%2F12%2F25&k_raceNo=12&k_babaCode=21,data/cache/html/19941225_kawasaki_12.html
19941224_kawasaki_1,1994-12-24,kawasaki,1,https://www.keiba.go.jp/KeibaWeb/TodayRaceInfo/RaceMarkTable?k_raceDate=1994%2F12%2F24&k_raceNo=1&k_babaCode=21,data/cache/html/19941224_kawasaki_1.html
19941224_kawasaki_2,1994-12-24,kawasaki,2,https://www.keiba.go.jp/KeibaWeb/TodayRaceInfo/RaceMarkTable?k_raceDate=1994%2F12%2F24&k_raceNo=2&k_babaCode=21,data/cache/html/19941224_kawasaki_2.html
19941224_kawasaki_3,1994-12-24,kawasaki,3,https://www.keiba.go.jp/KeibaWeb/TodayRaceInfo/RaceMarkTable?k_raceDate=1994%2F12%2F24&k_raceNo=3&k_babaCode=21,data/cache/html/19941224_kawasaki_3.html
19941224_kawasaki_4,1994-12-24,kawasaki,4,https://www.keiba.go.jp/KeibaWeb/TodayRaceInfo/RaceMarkTable?k_raceDate=1994%2F12%2F24&k_raceNo=4&k_babaCode=21,data/cache/html/19941224_kawasaki_4.html
19941224_kawasaki_5,1994-12-24,kawasaki,5,https://www.keiba.go.jp/KeibaWeb/TodayRaceInfo/RaceMarkTable?k_raceDate=1994%2F12%2F24&k_raceNo=5&k_babaCode=21,data/cache/html/19941224_kawasaki_5.html
19941224_kawasaki_6,1994-12-24,kawasaki,6,https://www.keiba.go.jp/KeibaWeb/TodayRaceInfo/RaceMarkTable?k_raceDate=1994%2F12%2F24&k_raceNo=6&k_babaCode=21,data/cache/html/19941224_kawasaki_6.html
19941224_kawasaki_7,1994-12-24,kawasaki,7,https://www.keiba.go.jp/KeibaWeb/TodayRaceInfo/RaceMarkTable?k_raceDate=1994%2F12%2F24&k_raceNo=7&k_babaCode=21,data/cache/html/19941224_kawasaki_7.html
19941224_kawasaki_8,1994-12-24,kawasaki,8,https://www.keiba.go.jp/KeibaWeb/TodayRaceInfo/RaceMarkTable?k_raceDate=1994%2F12%2F24&k_raceNo=8&k_babaCode=21,data/cache/html/19941224_kawasaki_8.html
19941224_kawasaki_9,1994-12-24,kawasaki,9,https://www.keiba.go.jp/KeibaWeb/TodayRaceInfo/RaceMarkTable?k_raceDate=1994%2F12%2F24&k_raceNo=9&k_babaCode=21,data/cache/html/19941224_kawasaki_9.html
19941224_kawasaki_10,1994-12-24,kawasaki,10,https://www.keiba.go.jp/KeibaWeb/TodayRaceInfo/RaceMarkTable?k_raceDate=1994%2F12%2F24&k_raceNo=10&k_babaCode=21,data/cache/html/19941224_kawasaki_10.html
19941224_kawasaki_11,1994-12-24,kawasaki,11,https://www.keiba.go.jp/KeibaWeb/TodayRaceInfo/RaceMarkTable?k_raceDate=1994%2F12%2F24&k_raceNo=11&k_babaCode=21,data/cache/html/19941224_kawasaki_11.html
19941224_kawasaki_12,1994-12-24,kawasaki,12,https://www.keiba.go.jp/KeibaWeb/TodayRaceInfo/RaceMarkTable?k_raceDate=1994%2F12%2F24&k_raceNo=12&k_babaCode=21,data/cache/html/19941224_kawasaki_12.html
19941223_kawasaki_1,1994-12-23,kawasaki,1,https://www.keiba.go.jp/KeibaWeb/TodayRaceInfo/RaceMarkTable?k_raceDate=1994%2F12%2F23&k_raceNo=1&k_babaCode=21,data/cache/html/19941223_kawasaki_1.html
19941223_kawasaki_2,1994-12-23,kawasaki,2,https://www.keiba.go.jp/KeibaWeb/TodayRaceInfo/RaceMarkTable?k_raceDate=1994%2F12%2F23&k_raceNo=2&k_babaCode=21,data/cache/html/19941223_kawasaki_2.html
19941223_kawasaki_3,1994-12-23,kawasaki,3,https://www.keiba.go.jp/KeibaWeb/TodayRaceInfo/RaceMarkTable?k_raceDate=1994%2F12%2F23&k_raceNo=3&k_babaCode=21,data/cache/html/19941223_kawasaki_3.html
19941223_kawasaki_4,1994-12-23,kawasaki,4,https://www.keiba.go.jp/KeibaWeb/TodayRaceInfo/RaceMarkTable?k_raceDate=1994%2F12%2F23&k_raceNo=4&k_babaCode=21,data/cache/html/19941223_kawasaki_4.html
19941223_kawasaki_5,1994-12-23,kawasaki,5,https://www.keiba.go.jp/KeibaWeb/TodayRaceInfo/RaceMarkTable?k_raceDate=1994%2F12%2F23&k_raceNo=5&k_babaCode=21,data/cache/html/19941223_kawasaki_5.html
19941223_kawasaki_6,1994-12-23,kawasaki,6,https://www.keiba.go.jp/KeibaWeb/TodayRaceInfo/RaceMarkTable?k_raceDate=1994%2F12%2F23&k_raceNo=6&k_babaCode=21,data/cache/html/19941223_kawasaki_6.html
19941223_kawasaki_7,1994-12-23,kawasaki,7,https://www.keiba.go.jp/KeibaWeb/TodayRaceInfo/RaceMarkTable?k_raceDate=1994%2F12%2F23&k_raceNo=7&k_babaCode=21,data/cache/html/19941223_kawasaki_7.html
19941223_kawasaki_8,1994-12-23,kawasaki,8,https://www.keiba.go.jp/KeibaWeb/TodayRaceInfo/RaceMarkTable?k_raceDate=1994%2F12%2F23&k_raceNo=8&k_babaCode=21,data/cache/html/19941223_kawasaki_8.html
19941223_kawasaki_9,1994-12-23,kawasaki,9,https://www.keiba.go.jp/KeibaWeb/TodayRaceInfo/RaceMarkTable?k_raceDate=1994%2F12%2F23&k_raceNo=9&k_babaCode=21,data/cache/html/19941223_kawasaki_9.html
19941223_kawasaki_10,1994-12-23,kawasaki,10,https://www.keiba.go.jp/KeibaWeb/TodayRaceInfo/RaceMarkTable?k_raceDate=1994%2F12%2F23&k_raceNo=10&k_babaCode=21,data/cache/html/19941223_kawasaki_10.html
19941223_kawasaki_11,1994-12-23,kawasaki,11,https://www.keiba.go.jp/KeibaWeb/TodayRaceInfo/RaceMarkTable?k_raceDate=1994%2F12%2F23&k_raceNo=11&k_babaCode=21,data/cache/html/19941223_kawasaki_11.html
19941223_kawasaki_12,1994-12-23,kawasaki,12,https://www.keiba.go.jp/KeibaWeb/TodayRaceInfo/RaceMarkTable?k_raceDate=1994%2F12%2F23&k_raceNo=12&k_babaCode=21,data/cache/html/19941223_kawasaki_12.html
19941222_kawasaki_1,1994-12-22,kawasaki,1,https://www.keiba.go.jp/KeibaWeb/TodayRaceInfo/RaceMarkTable?k_raceDate=1994%2F12%2F22&k_raceNo=1&k_babaCode=21,data/cache/html/19941222_kawasaki_1.html
19941222_kawasaki_2,1994-12-22,kawasaki,2,https://www.keiba.go.jp/KeibaWeb/TodayRaceInfo/RaceMarkTable?k_raceDate=1994%2F12%2F22&k_raceNo=2&k_babaCode=21,data/cache/html/19941222_kawasaki_2.html
19941222_kawasaki_3,1994-12-22,kawasaki,3,https://www.keiba.go.jp/KeibaWeb/TodayRaceInfo/RaceMarkTable?k_raceDate=1994%2F12%2F22&k_raceNo=3&k_babaCode=21,data/cache/html/19941222_kawasaki_3.html
19941222_kawasaki_4,1994-12-22,kawasaki,4,https://www.keiba.go.jp/KeibaWeb/TodayRaceInfo/RaceMarkTable?k_raceDate=1994%2F12%2F22&k_raceNo=4&k_babaCode=21,data/cache/html/19941222_kawasaki_4.html
19941222_kawasaki_5,1994-12-22,kawasaki,5,https://www.keiba.go.jp/KeibaWeb/TodayRaceInfo/RaceMarkTable?k_raceDate=1994%2F12%2F22&k_raceNo=5&k_babaCode=21,data/cache/html/19941222_kawasaki_5.html
19941222_kawasaki_6,1994-12-22,kawasaki,6,https://www.keiba.go.jp/KeibaWeb/TodayRaceInfo/RaceMarkTable?k_raceDate=1994%2F12%2F22&k_raceNo=6&k_babaCode=21,data/cache/html/19941222_kawasaki_6.html
19941222_kawasaki_7,1994-12-22,kawasaki,7,https://www.keiba.go.jp/KeibaWeb/TodayRaceInfo/RaceMarkTable?k_raceDate=1994%2F12%2F22&k_raceNo=7&k_babaCode=21,data/cache/html/19941222_kawasaki_7.html
19941222_kawasaki_8,1994-12-22,kawasaki,8,https://www.keiba.go.jp/KeibaWeb/TodayRaceInfo/RaceMarkTable?k_raceDate=1994%2F12%2F22&k_raceNo=8&k_babaCode=21,data/cache/html/19941222_kawasaki_8.html
19941222_kawasaki_9,1994-12-22,kawasaki,9,https://www.keiba.go.jp/KeibaWeb/TodayRaceInfo/RaceMarkTable?k_raceDate=1994%2F12%2F22&k_raceNo=9&k_babaCode=21,data/cache/html/19941222_kawasaki_9.html
19941222_kawasaki_10,1994-12-22,kawasaki,10,https://www.keiba.go.jp/KeibaWeb/TodayRaceInfo/RaceMarkTable?k_raceDate=1994%2F12%2F22&k_raceNo=10&k_babaCode=21,data/cache/html/19941222_kawasaki_10.html
19941222_kawasaki_11,1994-12-22,kawasaki,11,https://www.keiba.go.jp/KeibaWeb/TodayRaceInfo/RaceMarkTable?k_raceDate=1994%2F12%2F22&k_raceNo=11&k_babaCode=21,data/cache/html/19941222_kawasaki_11.html
19941222_kawasaki_12,1994-12-22,kawasaki,12,https://www.keiba.go.jp/KeibaWeb/TodayRaceInfo/RaceMarkTable?k_raceDate=1994%2F12%2F22&k_raceNo=12&k_babaCode=21,data/cache/html/19941222_kawasaki_12.html
19941221_kawasaki_1,1994-12-21,kawasaki,1,https://www.keiba.go.jp/KeibaWeb/TodayRaceInfo/RaceMarkTable?k_raceDate=1994%2F12%2F21&k_raceNo=1&k_babaCode=21,data/cache/html/19941221_kawasaki_1.html
19941221_kawasaki_2,1994-12-21,kawasaki,2,https://www.keiba.go.jp/KeibaWeb/TodayRaceInfo/RaceMarkTable?k_raceDate=1994%2F12%2F21&k_raceNo=2&k_babaCode=21,data/cache/html/19941221_kawasaki_2.html
19941221_kawasaki_3,1994-12-21,kawasaki,3,https://www.keiba.go.jp/KeibaWeb/TodayRaceInfo/RaceMarkTable?k_raceDate=1994%2F12%2F21&k_raceNo=3&k_babaCode=21,data/cache/html/19941221_kawasaki_3.html
19941221_kawasaki_4,1994-12-21,kawasaki,4,https://www.keiba.go.jp/KeibaWeb/TodayRaceInfo/RaceMarkTable?k_raceDate=1994%2F12%2F21&k_raceNo=4&k_babaCode=21,data/cache/html/19941221_kawasaki_4.html
19941221_kawasaki_5,1994-12-21,kawasaki,5,https://www.keiba.go.jp/KeibaWeb/TodayRaceInfo/RaceMarkTable?k_raceDate=1994%2F12%2F21&k_raceNo=5&k_babaCode=21,data/cache/html/19941221_kawasaki_5.html
19941221_kawasaki_6,1994-12-21,kawasaki,6,https://www.keiba.go.jp/KeibaWeb/TodayRaceInfo/RaceMarkTable?k_raceDate=1994%2F12%2F21&k_raceNo=6&k_babaCode=21,data/cache/html/19941221_kawasaki_6.html
19941221_kawasaki_7,1994-12-21,kawasaki,7,https://www.keiba.go.jp/KeibaWeb/TodayRaceInfo/RaceMarkTable?k_raceDate=1994%2F12%2F21&k_raceNo=7&k_babaCode=21,data/cache/html/19941221_kawasaki_7.html
19941221_kawasaki_8,1994-12-21,kawasaki,8,https://www.keiba.go.jp/KeibaWeb/TodayRaceInfo/RaceMarkTable?k_raceDate=1994%2F12%2F21&k_raceNo=8&k_babaCode=21,data/cache/html/19941221_kawasaki_8.html
19941221_kawasaki_9,1994-12-21,kawasaki,9,https://www.keiba.go.jp/KeibaWeb/TodayRaceInfo/RaceMarkTable?k_raceDate=1994%2F12%2F21&k_raceNo=9&k_babaCode=21,data/cache/html/19941221_kawasaki_9.html
19941221_kawasaki_10,1994-12-21,kawasaki,10,https://www.keiba.go.jp/KeibaWeb/TodayRaceInfo/RaceMarkTable?k_raceDate=1994%2F12%2F21&k_raceNo=10&k_babaCode=21,data/cache/html/19941221_kawasaki_10.html
19941221_kawasaki_11,1994-12-21,kawasaki,11,https://www.keiba.go.jp/KeibaWeb/TodayRaceInfo/RaceMarkTable?k_raceDate=1994%2F12%2F21&k_raceNo=11&k_babaCode=21,data/cache/html/19941221_kawasaki_11.html
19941221_kawasaki_12,1994-12-21,kawasaki,12,https://www.keiba.go.jp/KeibaWeb/TodayRaceInfo/RaceMarkTable?k_raceDate=1994%2F12%2F21&k_raceNo=12&k_babaCode=21,data/cache/html/19941221_kawasaki_12.html
19941220_kawasaki_1,1994-12-20,kawasaki,1,https://www.keiba.go.jp/KeibaWeb/TodayRaceInfo/RaceMarkTable?k_raceDate=1994%2F12%2F20&k_raceNo=1&k_babaCode=21,data/cache/html/19941220_kawasaki_1.html
19941220_kawasaki_2,1994-12-20,kawasaki,2,https://www.keiba.go.jp/KeibaWeb/TodayRaceInfo/RaceMarkTable?k_raceDate=1994%2F12%2F20&k_raceNo=2&k_babaCode=21,data/cache/html/19941220_kawasaki_2.html
19941220_kawasaki_3,1994-12-20,kawasaki,3,https://www.keiba.go.jp/KeibaWeb/TodayRaceInfo/RaceMarkTable?k_raceDate=1994%2F12%2F20&k_raceNo=3&k_babaCode=21,data/cache/html/19941220_kawasaki_3.html
19941220_kawasaki_4,1994-12-20,kawasaki,4,https://www.keiba.go.jp/KeibaWeb/TodayRaceInfo/RaceMarkTable?k_raceDate=1994%2F12%2F20&k_raceNo=4&k_babaCode=21,data/cache/html/19941220_kawasaki_4.html
19941220_kawasaki_5,1994-12-20,kawasaki,5,https://www.keiba.go.jp/KeibaWeb/TodayRaceInfo/RaceMarkTable?k_raceDate=1994%2F12%2F20&k_raceNo=5&k_babaCode=21,data/cache/html/19941220_kawasaki_5.html
19941220_kawasaki_6,1994-12-20,kawasaki,6,https://www.keiba.go.jp/KeibaWeb/TodayRaceInfo/RaceMarkTable?k_raceDate=1994%2F12%2F20&k_raceNo=6&k_babaCode=21,data/cache/html/19941220_kawasaki_6.html
19941220_kawasaki_7,1994-12-20,kawasaki,7,https://www.keiba.go.jp/KeibaWeb/TodayRaceInfo/RaceMarkTable?k_raceDate=1994%2F12%2F20&k_raceNo=7&k_babaCode=21,data/cache/html/19941220_kawasaki_7.html
19941220_kawasaki_8,1994-12-20,kawasaki,8,https://www.keiba.go.jp/KeibaWeb/TodayRaceInfo/RaceMarkTable?k_raceDate=1994%2F12%2F20&k_raceNo=8&k_babaCode=21,data/cache/html/19941220_kawasaki_8.html
19941220_kawasaki_9,1994-12-20,kawasaki,9,https://www.keiba.go.jp/KeibaWeb/TodayRaceInfo/RaceMarkTable?k_raceDate=1994%2F12%2F20&k_raceNo=9&k_babaCode=21,data/cache/html/19941220_kawasaki_9.html
19941220_kawasaki_10,1994-12-20,kawasaki,10,https://www.keiba.go.jp/KeibaWeb/TodayRaceInfo/RaceMarkTable?k_raceDate=1994%2F12%2F20&k_raceNo=10&k_babaCode=21,data/cache/html/19941220_kawasaki_10.html
19941220_kawasaki_11,1994-12-20,kawasaki,11,https://www.keiba.go.jp/KeibaWeb/TodayRaceInfo/RaceMarkTable?k_raceDate=1994%2F12%2F20&k_raceNo=11&k_babaCode=21,data/cache/html/19941220_kawasaki_11.html
19941220_kawasaki_12,1994-12-20,kawasaki,12,https://www.keiba.go.jp/KeibaWeb/TodayRaceInfo/RaceMarkTable?k_raceDate=1994%2F12%2F20&k_raceNo=12&k_babaCode=21,data/cache/html/19941220_kawasaki_12.html
