race_id,date,track,race_no,official_url,cache_html_path
20081006_kawasaki_1,2008-10-06,kawasaki,1,https://www.keiba.go.jp/KeibaWeb/TodayRaceInfo/RaceMarkTable?k_raceDate=2008%2F10%2F06&k_raceNo=1&k_babaCode=21,data/cache/html/20081006_kawasaki_1.html
20081006_kawasaki_2,2008-10-06,kawasaki,2,https://www.keiba.go.jp/KeibaWeb/TodayRaceInfo/RaceMarkTable?k_raceDate=2008%2F10%2F06&k_raceNo=2&k_babaCode=21,data/cache/html/20081006_kawasaki_2.html
20081006_kawasaki_3,2008-10-06,kawasaki,3,https://www.keiba.go.jp/KeibaWeb/TodayRaceInfo/RaceMarkTable?k_raceDate=2008%2F10%2F06&k_raceNo=3&k_babaCode=21,data/cache/html/20081006_kawasaki_3.html
20081006_kawasaki_4,2008-10-06,kawasaki,4,https://www.keiba.go.jp/KeibaWeb/TodayRaceInfo/RaceMarkTable?k_raceDate=2008%2F10%2F06&k_raceNo=4&k_babaCode=21,data/cache/html/20081006_kawasaki_4.html
20081006_kawasaki_5,2008-10-06,kawasaki,5,https://www.keiba.go.jp/KeibaWeb/TodayRaceInfo/RaceMarkTable?k_raceDate=2008%2F10%2F06&k_raceNo=5&k_babaCode=21,data/cache/html/20081006_kawasaki_5.html
20081006_kawasaki_6,2008-10-06,kawasaki,6,https://www.keiba.go.jp/KeibaWeb/TodayRaceInfo/RaceMarkTable?k_raceDate=2008%2F10%2F06&k_raceNo=6&k_babaCode=21,data/cache/html/20081006_kawasaki_6.html
20081006_kawasaki_7,2008-10-06,kawasaki,7,https://www.keiba.go.jp/KeibaWeb/TodayRaceInfo/RaceMarkTable?k_raceDate=2008%2F10%2F06&k_raceNo=7&k_babaCode=21,data/cache/html/20081006_kawasaki_7.html
20081006_kawasaki_8,2008-10-06,kawasaki,8,https://www.keiba.go.jp/KeibaWeb/TodayRaceInfo/RaceMarkTable?k_raceDate=2008%2F10%2F06&k_raceNo=8&k_babaCode=21,data/cache/html/20081006_kawasaki_8.html
20081006_kawasaki_9,2008-10-06,kawasaki,9,https://www.keiba.go.jp/KeibaWeb/TodayRaceInfo/RaceMarkTable?k_raceDate=2008%2F10%2F06&k_raceNo=9&k_babaCode=21,data/cache/html/20081006_kawasaki_9.html
20081006_kawasaki_10,2008-10-06,kawasaki,10,https://www.keiba.go.jp/KeibaWeb/TodayRaceInfo/RaceMarkTable?k_raceDate=2008%2F10%2F06&k_raceNo=10&k_babaCode=21,data/cache/html/20081006_kawasaki_10.html
20081006_kawasaki_11,2008-10-06,kawasaki,11,https://www.keiba.go.jp/KeibaWeb/TodayRaceInfo/RaceMarkTable?k_raceDate=2008%2F10%2F06&k_raceNo=11&k_babaCode=21,data/cache/html/20081006_kawasaki_11.html
20081006_kawasaki_12,2008-10-06,kawasaki,12,https://www.keiba.go.jp/KeibaWeb/TodayRaceInfo/RaceMarkTable?k_raceDate=2008%2F10%2F06&k_raceNo=12&k_babaCode=21,data/cache/html/20081006_kawasaki_12.html
20081005_kawasaki_1,2008-10-05,kawasaki,1,https://www.keiba.go.jp/KeibaWeb/TodayRaceInfo/RaceMarkTable?k_raceDate=2008%2F10%2F05&k_raceNo=1&k_babaCode=21,data/cache/html/20081005_kawasaki_1.html
20081005_kawasaki_2,2008-10-05,kawasaki,2,https://www.keiba.go.jp/KeibaWeb/TodayRaceInfo/RaceMarkTable?k_raceDate=2008%2F10%2F05&k_raceNo=2&k_babaCode=21,data/cache/html/20081005_kawasaki_2.html
20081005_kawasaki_3,2008-10-05,kawasaki,3,https://www.keiba.go.jp/KeibaWeb/TodayRaceInfo/RaceMarkTable?k_raceDate=2008%2F10%2F05&k_raceNo=3&k_babaCode=21,data/cache/html/20081005_kawasaki_3.html
20081005_kawasaki_4,2008-10-05,kawasaki,4,https://www.keiba.go.jp/KeibaWeb/TodayRaceInfo/RaceMarkTable?k_raceDate=2008%2F10%2F05&k_raceNo=4&k_babaCode=21,data/cache/html/20081005_kawasaki_4.html
20081005_kawasaki_5,2008-10-05,kawasaki,5,https://www.keiba.go.jp/KeibaWeb/TodayRaceInfo/RaceMarkTable?k_raceDate=2008%2F10%2F05&k_raceNo=5&k_babaCode=21,data/cache/html/20081005_kawasaki_5.html
20081005_kawasaki_6,2008-10-05,kawasaki,6,https://www.keiba.go.jp/KeibaWeb/TodayRaceInfo/RaceMarkTable?k_raceDate=2008%2F10%2F05&k_raceNo=6&k_babaCode=21,data/cache/html/20081005_kawasaki_6.html
20081005_kawasaki_7,2008-10-05,kawasaki,7,https://www.keiba.go.jp/KeibaWeb/TodayRaceInfo/RaceMarkTable?k_raceDate=2008%2F10%2F05&k_raceNo=7&k_babaCode=21,data/cache/html/20081005_kawasaki_7.html
20081005_kawasaki_8,2008-10-05,kawasaki,8,https://www.keiba.go.jp/KeibaWeb/TodayRaceInfo/RaceMarkTable?k_raceDate=2008%2F10%2F05&k_raceNo=8&k_babaCode=21,data/cache/html/20081005_kawasaki_8.html
20081005_kawasaki_9,2008-10-05,kawasaki,9,https://www.keiba.go.jp/KeibaWeb/TodayRaceInfo/RaceMarkTable?k_raceDate=2008%2F10%2F05&k_raceNo=9&k_babaCode=21,data/cache/html/20081005_kawasaki_9.html
20081005_kawasaki_10,2008-10-05,kawasaki,10,https://www.keiba.go.jp/KeibaWeb/TodayRaceInfo/RaceMarkTable?k_raceDate=2008%2F10%2F05&k_raceNo=10&k_babaCode=21,data/cache/html/20081005_kawasaki_10.html
20081005_kawasaki_11,2008-10-05,kawasaki,11,https://www.keiba.go.jp/KeibaWeb/TodayRaceInfo/RaceMarkTable?k_raceDate=2008%2F10%2F05&k_raceNo=11&k_babaCode=21,data/cache/html/20081005_kawasaki_11.html
20081005_kawasaki_12,2008-10-05,kawasaki,12,https://www.keiba.go.jp/KeibaWeb/TodayRaceInfo/RaceMarkTable?k_raceDate=2008%2F10%2F05&k_raceNo=12&k_babaCode=21,data/cache/html/20081005_kawasaki_12.html
20081004_kawasaki_1,2008-10-04,kawasaki,1,https://www.keiba.go.jp/KeibaWeb/TodayRaceInfo/RaceMarkTable?k_raceDate=2008%2F10%2F04&k_raceNo=1&k_babaCode=21,data/cache/html/20081004_kawasaki_1.html
20081004_kawasaki_2,2008-10-04,kawasaki,2,https://www.keiba.go.jp/KeibaWeb/TodayRaceInfo/RaceMarkTable?k_raceDate=2008%2F10%2F04&k_raceNo=2&k_babaCode=21,data/cache/html/20081004_kawasaki_2.html
20081004_kawasaki_3,2008-10-04,kawasaki,3,https://www.keiba.go.jp/KeibaWeb/TodayRaceInfo/RaceMarkTable?k_raceDate=2008%2F10%2F04&k_raceNo=3&k_babaCode=21,data/cache/html/20081004_kawasaki_3.html
20081004_kawasaki_4,2008-10-04,kawasaki,4,https://www.keiba.go.jp/KeibaWeb/TodayRaceInfo/RaceMarkTable?k_raceDate=2008%2F10%2F04&k_raceNo=4&k_babaCode=21,data/cache/html/20081004_kawasaki_4.html
20081004_kawasaki_5,2008-10-04,kawasaki,5,https://www.keiba.go.jp/KeibaWeb/TodayRaceInfo/RaceMarkTable?k_raceDate=2008%2F10%2F04&k_raceNo=5&k_babaCode=21,data/cache/html/20081004_kawasaki_5.html
20081004_kawasaki_6,2008-10-04,kawasaki,6,https://www.keiba.go.jp/KeibaWeb/TodayRaceInfo/RaceMarkTable?k_raceDate=2008%2F10%2F04&k_raceNo=6&k_babaCode=21,data/cache/html/20081004_kawasaki_6.html
20081004_kawasaki_7,2008-10-04,kawasaki,7,https://www.keiba.go.jp/KeibaWeb/TodayRaceInfo/RaceMarkTable?k_raceDate=2008%2F10%2F04&k_raceNo=7&k_babaCode=21,data/cache/html/20081004_kawasaki_7.html
20081004_kawasaki_8,2008-10-04,kawasaki,8,https://www.keiba.go.jp/KeibaWeb/TodayRaceInfo/RaceMarkTable?k_raceDate=2008%2F10%2F04&k_raceNo=8&k_babaCode=21,data/cache/html/20081004_kawasaki_8.html
20081004_kawasaki_9,2008-10-04,kawasaki,9,https://www.keiba.go.jp/KeibaWeb/TodayRaceInfo/RaceMarkTable?k_raceDate=2008%2F10%2F04&k_raceNo=9&k_babaCode=21,data/cache/html/20081004_kawasaki_9.html
20081004_kawasaki_10,2008-10-04,kawasaki,10,https://www.keiba.go.jp/KeibaWeb/TodayRaceInfo/RaceMarkTable?k_raceDate=2008%2F10%2F04&k_raceNo=10&k_babaCode=21,data/cache/html/20081004_kawasaki_10.html
20081004_kawasaki_11,2008-10-04,kawasaki,11,https://www.keiba.go.jp/KeibaWeb/TodayRaceInfo/RaceMarkTable?k_raceDate=2008%2F10%2F04&k_raceNo=11&k_babaCode=21,data/cache/html/20081004_kawasaki_11.html
20081004_kawasaki_12,2008-10-04,kawasaki,12,https://www.keiba.go.jp/KeibaWeb/TodayRaceInfo/RaceMarkTable?k_raceDate=2008%2F10%2F04&k_raceNo=12&k_babaCode=21,data/cache/html/20081004_kawasaki_12.html
20081003_kawasaki_1,2008-10-03,kawasaki,1,https://www.keiba.go.jp/KeibaWeb/TodayRaceInfo/RaceMarkTable?k_raceDate=2008%2F10%2F03&k_raceNo=1&k_babaCode=21,data/cache/html/20081003_kawasaki_1.html
20081003_kawasaki_2,2008-10-03,kawasaki,2,https://www.keiba.go.jp/KeibaWeb/TodayRaceInfo/RaceMarkTable?k_raceDate=2008%2F10%2F03&k_raceNo=2&k_babaCode=21,data/cache/html/20081003_kawasaki_2.html
20081003_kawasaki_3,2008-10-03,kawasaki,3,https://www.keiba.go.jp/KeibaWeb/TodayRaceInfo/RaceMarkTable?k_raceDate=2008%2F10%2F03&k_raceNo=3&k_babaCode=21,data/cache/html/20081003_kawasaki_3.html
20081003_kawasaki_4,2008-10-03,kawasaki,4,https://www.keiba.go.jp/KeibaWeb/TodayRaceInfo/RaceMarkTable?k_raceDate=2008%2F10%2F03&k_raceNo=4&k_babaCode=21,data/cache/html/20081003_kawasaki_4.html
20081003_kawasaki_5,2008-10-03,kawasaki,5,https://www.keiba.go.jp/KeibaWeb/TodayRaceInfo/RaceMarkTable?k_raceDate=2008%2F10%2F03&k_raceNo=5&k_babaCode=21,data/cache/html/20081003_kawasaki_5.html
20081003_kawasaki_6,2008-10-03,kawasaki,6,https://www.keiba.go.jp/KeibaWeb/TodayRaceInfo/RaceMarkTable?k_raceDate=2008%2F10%2F03&k_raceNo=6&k_babaCode=21,data/cache/html/20081003_kawasaki_6.html
20081003_kawasaki_7,2008-10-03,kawasaki,7,https://www.keiba.go.jp/KeibaWeb/TodayRaceInfo/RaceMarkTable?k_raceDate=2008%2F10%2F03&k_raceNo=7&k_babaCode=21,data/cache/html/20081003_kawasaki_7.html
20081003_kawasaki_8,2008-10-03,kawasaki,8,https://www.keiba.go.jp/KeibaWeb/TodayRaceInfo/RaceMarkTable?k_raceDate=2008%2F10%2F03&k_raceNo=8&k_babaCode=21,data/cache/html/20081003_kawasaki_8.html
20081003_kawasaki_9,2008-10-03,kawasaki,9,https://www.keiba.go.jp/KeibaWeb/TodayRaceInfo/RaceMarkTable?k_raceDate=2008%2F10%2F03&k_raceNo=9&k_babaCode=21,data/cache/html/20081003_kawasaki_9.html
20081003_kawasaki_10,2008-10-03,kawasaki,10,https://www.keiba.go.jp/KeibaWeb/TodayRaceInfo/RaceMarkTable?k_raceDate=2008%2F10%2F03&k_raceNo=10&k_babaCode=21,data/cache/html/20081003_kawasaki_10.html
20081003_kawasaki_11,2008-10-03,kawasaki,11,https://www.keiba.go.jp/KeibaWeb/TodayRaceInfo/RaceMarkTable?k_raceDate=2008%2F10%2F03&k_raceNo=11&k_babaCode=21,data/cache/html/20081003_kawasaki_11.html
20081003_kawasaki_12,2008-10-03,kawasaki,12,https://www.keiba.go.jp/KeibaWeb/TodayRaceInfo/RaceMarkTable?k_raceDate=2008%2F10%2F03&k_raceNo=12&k_babaCode=21,data/cache/html/20081003_kawasaki_12.html
20081002_kawasaki_1,2008-10-02,kawasaki,1,https://www.keiba.go.jp/KeibaWeb/TodayRaceInfo/RaceMarkTable?k_raceDate=2008%2F10%2F02&k_raceNo=1&k_babaCode=21,data/cache/html/20081002_kawasaki_1.html
20081002_kawasaki_2,2008-10-02,kawasaki,2,https://www.keiba.go.jp/KeibaWeb/TodayRaceInfo/RaceMarkTable?k_raceDate=2008%2F10%2F02&k_raceNo=2&k_babaCode=21,data/cache/html/20081002_kawasaki_2.html
20081002_kawasaki_3,2008-10-02,kawasaki,3,https://www.keiba.go.jp/KeibaWeb/TodayRaceInfo/RaceMarkTable?k_raceDate=2008%2F10%2F02&k_raceNo=3&k_babaCode=21,data/cache/html/20081002_kawasaki_3.html
20081002_kawasaki_4,2008-10-02,kawasaki,4,https://www.keiba.go.jp/KeibaWeb/TodayRaceInfo/RaceMarkTable?k_raceDate=2008%2F10%2F02&k_raceNo=4&k_babaCode=21,data/cache/html/20081002_kawasaki_4.html
20081002_kawasaki_5,2008-10-02,kawasaki,5,https://www.keiba.go.jp/KeibaWeb/TodayRaceInfo/RaceMarkTable?k_raceDate=2008%2F10%2F02&k_raceNo=5&k_babaCode=21,data/cache/html/20081002_kawasaki_5.html
20081002_kawasaki_6,2008-10-02,kawasaki,6,https://www.keiba.go.jp/KeibaWeb/TodayRaceInfo/RaceMarkTable?k_raceDate=2008%2F10%2F02&k_raceNo=6&k_babaCode=21,data/cache/html/20081002_kawasaki_6.html
20081002_kawasaki_7,2008-10-02,kawasaki,7,https://www.keiba.go.jp/KeibaWeb/TodayRaceInfo/RaceMarkTable?k_raceDate=2008%2F10%2F02&k_raceNo=7&k_babaCode=21,data/cache/html/20081002_kawasaki_7.html
20081002_kawasaki_8,2008-10-02,kawasaki,8,https://www.keiba.go.jp/KeibaWeb/TodayRaceInfo/RaceMarkTable?k_raceDate=2008%2F10%2F02&k_raceNo=8&k_babaCode=21,data/cache/html/20081002_kawasaki_8.html
20081002_kawasaki_9,2008-10-02,kawasaki,9,https://www.keiba.go.jp/KeibaWeb/TodayRaceInfo/RaceMarkTable?k_raceDate=2008%2F10%2F02&k_raceNo=9&k_babaCode=21,data/cache/html/20081002_kawasaki_9.html
20081002_kawasaki_10,2008-10-02,kawasaki,10,https://www.keiba.go.jp/KeibaWeb/TodayRaceInfo/RaceMarkTable?k_raceDate=2008%2F10%2F02&k_raceNo=10&k_babaCode=21,data/cache/html/20081002_kawasaki_10.html
20081002_kawasaki_11,2008-10-02,kawasaki,11,https://www.keiba.go.jp/KeibaWeb/TodayRaceInfo/RaceMarkTable?k_raceDate=2008%2F10%2F02&k_raceNo=11&k_babaCode=21,data/cache/html/20081002_kawasaki_11.html
20081002_kawasaki_12,2008-10-02,kawasaki,12,https://www.keiba.go.jp/KeibaWeb/TodayRaceInfo/RaceMarkTable?k_raceDate=2008%2F10%2F02&k_raceNo=12&k_babaCode=21,data/cache/html/20081002_kawasaki_12.html
20081001_kawasaki_1,2008-10-01,kawasaki,1,https://www.keiba.go.jp/KeibaWeb/TodayRaceInfo/RaceMarkTable?k_raceDate=2008%2F10%2F01&k_raceNo=1&k_babaCode=21,data/cache/html/20081001_kawasaki_1.html
20081001_kawasaki_2,2008-10-01,kawasaki,2,https://www.keiba.go.jp/KeibaWeb/TodayRaceInfo/RaceMarkTable?k_raceDate=2008%2F10%2F01&k_raceNo=2&k_babaCode=21,data/cache/html/20081001_kawasaki_2.html
20081001_kawasaki_3,2008-10-01,kawasaki,3,https://www.keiba.go.jp/KeibaWeb/TodayRaceInfo/RaceMarkTable?k_raceDate=2008%2F10%2F01&k_raceNo=3&k_babaCode=21,data/cache/html/20081001_kawasaki_3.html
20081001_kawasaki_4,2008-10-01,kawasaki,4,https://www.keiba.go.jp/KeibaWeb/TodayRaceInfo/RaceMarkTable?k_raceDate=2008%2F10%2F01&k_raceNo=4&k_babaCode=21,data/cache/html/20081001_kawasaki_4.html
20081001_kawasaki_5,2008-10-01,kawasaki,5,https://www.keiba.go.jp/KeibaWeb/TodayRaceInfo/RaceMarkTable?k_raceDate=2008%2F10%2F01&k_raceNo=5&k_babaCode=21,data/cache/html/20081001_kawasaki_5.html
20081001_kawasaki_6,2008-10-01,kawasaki,6,https://www.keiba.go.jp/KeibaWeb/TodayRaceInfo/RaceMarkTable?k_raceDate=2008%2F10%2F01&k_raceNo=6&k_babaCode=21,data/cache/html/20081001_kawasaki_6.html
20081001_kawasaki_7,2008-10-01,kawasaki,7,https://www.keiba.go.jp/KeibaWeb/TodayRaceInfo/RaceMarkTable?k_raceDate=2008%2F10%2F01&k_raceNo=7&k_babaCode=21,data/cache/html/20081001_kawasaki_7.html
20081001_kawasaki_8,2008-10-01,kawasaki,8,https://www.keiba.go.jp/KeibaWeb/TodayRaceInfo/RaceMarkTable?k_raceDate=2008%2F10%2F01&k_raceNo=8&k_babaCode=21,data/cache/html/20081001_kawasaki_8.html
20081001_kawasaki_9,2008-10-01,kawasaki,9,https://www.keiba.go.jp/KeibaWeb/TodayRaceInfo/RaceMarkTable?k_raceDate=2008%2F10%2F01&k_raceNo=9&k_babaCode=21,data/cache/html/20081001_kawasaki_9.html
20081001_kawasaki_10,2008-10-01,kawasaki,10,https://www.keiba.go.jp/KeibaWeb/TodayRaceInfo/RaceMarkTable?k_raceDate=2008%2F10%2F01&k_raceNo=10&k_babaCode=21,data/cache/html/20081001_kawasaki_10.html
20081001_kawasaki_11,2008-10-01,kawasaki,11,https://www.keiba.go.jp/KeibaWeb/TodayRaceInfo/RaceMarkTable?k_raceDate=2008%2F10%2F01&k_raceNo=11&k_babaCode=21,data/cache/html/20081001_kawasaki_11.html
20081001_kawasaki_12,2008-10-01,kawasaki,12,https://www.keiba.go.jp/KeibaWeb/TodayRaceInfo/RaceMarkTable?k_raceDate=2008%2F10%2F01&k_raceNo=12&k_babaCode=21,data/cache/html/20081001_kawasaki_12.html
20080930_kawasaki_1,2008-09-30,kawasaki,1,https://www.keiba.go.jp/KeibaWeb/TodayRaceInfo/RaceMarkTable?k_raceDate=2008%2F09%2F30&k_raceNo=1&k_babaCode=21,data/cache/html/20080930_kawasaki_1.html
20080930_kawasaki_2,2008-09-30,kawasaki,2,https://www.keiba.go.jp/KeibaWeb/TodayRaceInfo/RaceMarkTable?k_raceDate=2008%2F09%2F30&k_raceNo=2&k_babaCode=21,data/cache/html/20080930_kawasaki_2.html
20080930_kawasaki_3,2008-09-30,kawasaki,3,https://www.keiba.go.jp/KeibaWeb/TodayRaceInfo/RaceMarkTable?k_raceDate=2008%2F09%2F30&k_raceNo=3&k_babaCode=21,data/cache/html/20080930_kawasaki_3.html
20080930_kawasaki_4,2008-09-30,kawasaki,4,https://www.keiba.go.jp/KeibaWeb/TodayRaceInfo/RaceMarkTable?k_raceDate=2008%2F09%2F30&k_raceNo=4&k_babaCode=21,data/cache/html/20080930_kawasaki_4.html
20080930_kawasaki_5,2008-09-30,kawasaki,5,https://www.keiba.go.jp/KeibaWeb/TodayRaceInfo/RaceMarkTable?k_raceDate=2008%2F09%2F30&k_raceNo=5&k_babaCode=21,data/cache/html/20080930_kawasaki_5.html
20080930_kawasaki_6,2008-09-30,kawasaki,6,https://www.keiba.go.jp/KeibaWeb/TodayRaceInfo/RaceMarkTable?k_raceDate=2008%2F09%2F30&k_raceNo=6&k_babaCode=21,data/cache/html/20080930_kawasaki_6.html
20080930_kawasaki_7,2008-09-30,kawasaki,7,https://www.keiba.go.jp/KeibaWeb/TodayRaceInfo/RaceMarkTable?k_raceDate=2008%2F09%2F30&k_raceNo=7&k_babaCode=21,data/cache/html/20080930_kawasaki_7.html
20080930_kawasaki_8,2008-09-30,kawasaki,8,https://www.keiba.go.jp/KeibaWeb/TodayRaceInfo/RaceMarkTable?k_raceDate=2008%2F09%2F30&k_raceNo=8&k_babaCode=21,data/cache/html/20080930_kawasaki_8.html
20080930_kawasaki_9,2008-09-30,kawasaki,9,https://www.keiba.go.jp/KeibaWeb/TodayRaceInfo/RaceMarkTable?k_raceDate=2008%2F09%2F30&k_raceNo=9&k_babaCode=21,data/cache/html/20080930_kawasaki_9.html
20080930_kawasaki_10,2008-09-30,kawasaki,10,https://www.keiba.go.jp/KeibaWeb/TodayRaceInfo/RaceMarkTable?k_raceDate=2008%2F09%2F30&k_raceNo=10&k_babaCode=21,data/cache/html/20080930_kawasaki_10.html
20080930_kawasaki_11,2008-09-30,kawasaki,11,https://www.keiba.go.jp/KeibaWeb/TodayRaceInfo/RaceMarkTable?k_raceDate=2008%2F09%2F30&k_raceNo=11&k_babaCode=21,data/cache/html/20080930_kawasaki_11.html
20080930_kawasaki_12,2008-09-30,kawasaki,12,https://www.keiba.go.jp/KeibaWeb/TodayRaceInfo/RaceMarkTable?k_raceDate=2008%2F09%2F30&k_raceNo=12&k_babaCode=21,data/cache/html/20080930_kawasaki_12.html
20080929_kawasaki_1,2008-09-29,kawasaki,1,https://www.keiba.go.jp/KeibaWeb/TodayRaceInfo/RaceMarkTable?k_raceDate=2008%2F09%2F29&k_raceNo=1&k_babaCode=21,data/cache/html/20080929_kawasaki_1.html
20080929_kawasaki_2,2008-09-29,kawasaki,2,https://www.keiba.go.jp/KeibaWeb/TodayRaceInfo/RaceMarkTable?k_raceDate=2008%2F09%2F29&k_raceNo=2&k_babaCode=21,data/cache/html/20080929_kawasaki_2.html
20080929_kawasaki_3,2008-09-29,kawasaki,3,https://www.keiba.go.jp/KeibaWeb/TodayRaceInfo/RaceMarkTable?k_raceDate=2008%2F09%2F29&k_raceNo=3&k_babaCode=21,data/cache/html/20080929_kawasaki_3.html
20080929_kawasaki_4,2008-09-29,kawasaki,4,https://www.keiba.go.jp/KeibaWeb/TodayRaceInfo/RaceMarkTable?k_raceDate=2008%2F09%2F29&k_raceNo=4&k_babaCode=21,data/cache/html/20080929_kawasaki_4.html
20080929_kawasaki_5,2008-09-29,kawasaki,5,https://www.keiba.go.jp/KeibaWeb/TodayRaceInfo/RaceMarkTable?k_raceDate=2008%2F09%2F29&k_raceNo=5&k_babaCode=21,data/cache/html/20080929_kawasaki_5.html
20080929_kawasaki_6,2008-09-29,kawasaki,6,https://www.keiba.go.jp/KeibaWeb/TodayRaceInfo/RaceMarkTable?k_raceDate=2008%2F09%2F29&k_raceNo=6&k_babaCode=21,data/cache/html/20080929_kawasaki_6.html
20080929_kawasaki_7,2008-09-29,kawasaki,7,https://www.keiba.go.jp/KeibaWeb/TodayRaceInfo/RaceMarkTable?k_raceDate=2008%2F09%2F29&k_raceNo=7&k_babaCode=21,data/cache/html/20080929_kawasaki_7.html
20080929_kawasaki_8,2008-09-29,kawasaki,8,https://www.keiba.go.jp/KeibaWeb/TodayRaceInfo/RaceMarkTable?k_raceDate=2008%2F09%2F29&k_raceNo=8&k_babaCode=21,data/cache/html/20080929_kawasaki_8.html
20080929_kawasaki_9,2008-09-29,kawasaki,9,https://www.keiba.go.jp/KeibaWeb/TodayRaceInfo/RaceMarkTable?k_raceDate=2008%2F09%2F29&k_raceNo=9&k_babaCode=21,data/cache/html/20080929_kawasaki_9.html
20080929_kawasaki_10,2008-09-29,kawasaki,10,https://www.keiba.go.jp/KeibaWeb/TodayRaceInfo/RaceMarkTable?k_raceDate=2008%2F09%2F29&k_raceNo=10&k_babaCode=21,data/cache/html/20080929_kawasaki_10.html
20080929_kawasaki_11,2008-09-29,kawasaki,11,https://www.keiba.go.jp/KeibaWeb/TodayRaceInfo/RaceMarkTable?k_raceDate=2008%2F09%2F29&k_raceNo=11&k_babaCode=21,data/cache/html/20080929_kawasaki_11.html
20080929_kawasaki_12,2008-09-29,kawasaki,12,https://www.keiba.go.jp/KeibaWeb/TodayRaceInfo/RaceMarkTable?k_raceDate=2008%2F09%2F29&k_raceNo=12&k_babaCode=21,data/cache/html/20080929_kawasaki_12.html
20080928_kawasaki_1,2008-09-28,kawasaki,1,https://www.keiba.go.jp/KeibaWeb/TodayRaceInfo/RaceMarkTable?k_raceDate=2008%2F09%2F28&k_raceNo=1&k_babaCode=21,data/cache/html/20080928_kawasaki_1.html
20080928_kawasaki_2,2008-09-28,kawasaki,2,https://www.keiba.go.jp/KeibaWeb/TodayRaceInfo/RaceMarkTable?k_raceDate=2008%2F09%2F28&k_raceNo=2&k_babaCode=21,data/cache/html/20080928_kawasaki_2.html
20080928_kawasaki_3,2008-09-28,kawasaki,3,https://www.keiba.go.jp/KeibaWeb/TodayRaceInfo/RaceMarkTable?k_raceDate=2008%2F09%2F28&k_raceNo=3&k_babaCode=21,data/cache/html/20080928_kawasaki_3.html
20080928_kawasaki_4,2008-09-28,kawasaki,4,https://www.keiba.go.jp/KeibaWeb/TodayRaceInfo/RaceMarkTable?k_raceDate=2008%2F09%2F28&k_raceNo=4&k_babaCode=21,data/cache/html/20080928_kawasaki_4.html
20080928_kawasaki_5,2008-09-28,kawasaki,5,https://www.keiba.go.jp/KeibaWeb/TodayRaceInfo/RaceMarkTable?k_raceDate=2008%2F09%2F28&k_raceNo=5&k_babaCode=21,data/cache/html/20080928_kawasaki_5.html
20080928_kawasaki_6,2008-09-28,kawasaki,6,https://www.keiba.go.jp/KeibaWeb/TodayRaceInfo/RaceMarkTable?k_raceDate=2008%2F09%2F28&k_raceNo=6&k_babaCode=21,data/cache/html/20080928_kawasaki_6.html
20080928_kawasaki_7,2008-09-28,kawasaki,7,https://www.keiba.go.jp/KeibaWeb/TodayRaceInfo/RaceMarkTable?k_raceDate=2008%2F09%2F28&k_raceNo=7&k_babaCode=21,data/cache/html/20080928_kawasaki_7.html
20080928_kawasaki_8,2008-09-28,kawasaki,8,https://www.keiba.go.jp/KeibaWeb/TodayRaceInfo/RaceMarkTable?k_raceDate=2008%2F09%2F28&k_raceNo=8&k_babaCode=21,data/cache/html/20080928_kawasaki_8.html
20080928_kawasaki_9,2008-09-28,kawasaki,9,https://www.keiba.go.jp/KeibaWeb/TodayRaceInfo/RaceMarkTable?k_raceDate=2008%2F09%2F28&k_raceNo=9&k_babaCode=21,data/cache/html/20080928_kawasaki_9.html
20080928_kawasaki_10,2008-09-28,kawasaki,10,https://www.keiba.go.jp/KeibaWeb/TodayRaceInfo/RaceMarkTable?k_raceDate=2008%2F09%2F28&k_raceNo=10&k_babaCode=21,data/cache/html/20080928_kawasaki_10.html
20080928_kawasaki_11,2008-09-28,kawasaki,11,https://www.keiba.go.jp/KeibaWeb/TodayRaceInfo/RaceMarkTable?k_raceDate=2008%2F09%2F28&k_raceNo=11&k_babaCode=21,data/cache/html/20080928_kawasaki_11.html
20080928_kawasaki_12,2008-09-28,kawasaki,12,https://www.keiba.go.jp/KeibaWeb/TodayRaceInfo/RaceMarkTable?k_raceDate=2008%2F09%2F28&k_raceNo=12&k_babaCode=21,data/cache/html/20080928_kawasaki_12.html
20080927_kawasaki_1,2008-09-27,kawasaki,1,https://www.keiba.go.jp/KeibaWeb/TodayRaceInfo/RaceMarkTable?k_raceDate=2008%2F09%2F27&k_raceNo=1&k_babaCode=21,data/cache/html/20080927_kawasaki_1.html
20080927_kawasaki_2,2008-09-27,kawasaki,2,https://www.keiba.go.jp/KeibaWeb/TodayRaceInfo/RaceMarkTable?k_raceDate=2008%2F09%2F27&k_raceNo=2&k_babaCode=21,data/cache/html/20080927_kawasaki_2.html
20080927_kawasaki_3,2008-09-27,kawasaki,3,https://www.keiba.go.jp/KeibaWeb/TodayRaceInfo/RaceMarkTable?k_raceDate=2008%2F09%2F27&k_raceNo=3&k_babaCode=21,data/cache/html/20080927_kawasaki_3.html
20080927_kawasaki_4,2008-09-27,kawasaki,4,https://www.keiba.go.jp/KeibaWeb/TodayRaceInfo/RaceMarkTable?k_raceDate=2008%2F09%2F27&k_raceNo=4&k_babaCode=21,data/cache/html/20080927_kawasaki_4.html
20080927_kawasaki_5,2008-09-27,kawasaki,5,https://www.keiba.go.jp/KeibaWeb/TodayRaceInfo/RaceMarkTable?k_raceDate=2008%2F09%2F27&k_raceNo=5&k_babaCode=21,data/cache/html/20080927_kawasaki_5.html
20080927_kawasaki_6,2008-09-27,kawasaki,6,https://www.keiba.go.jp/KeibaWeb/TodayRaceInfo/RaceMarkTable?k_raceDate=2008%2F09%2F27&k_raceNo=6&k_babaCode=21,data/cache/html/20080927_kawasaki_6.html
20080927_kawasaki_7,2008-09-27,kawasaki,7,https://www.keiba.go.jp/KeibaWeb/TodayRaceInfo/RaceMarkTable?k_raceDate=2008%2F09%2F27&k_raceNo=7&k_babaCode=21,data/cache/html/20080927_kawasaki_7.html
20080927_kawasaki_8,2008-09-27,kawasaki,8,https://www.keiba.go.jp/KeibaWeb/TodayRaceInfo/RaceMarkTable?k_raceDate=2008%2F09%2F27&k_raceNo=8&k_babaCode=21,data/cache/html/20080927_kawasaki_8.html
20080927_kawasaki_9,2008-09-27,kawasaki,9,https://www.keiba.go.jp/KeibaWeb/TodayRaceInfo/RaceMarkTable?k_raceDate=2008%2F09%2F27&k_raceNo=9&k_babaCode=21,data/cache/html/20080927_kawasaki_9.html
20080927_kawasaki_10,2008-09-27,kawasaki,10,https://www.keiba.go.jp/KeibaWeb/TodayRaceInfo/RaceMarkTable?k_raceDate=2008%2F09%2F27&k_raceNo=10&k_babaCode=21,data/cache/html/20080927_kawasaki_10.html
20080927_kawasaki_11,2008-09-27,kawasaki,11,https://www.keiba.go.jp/KeibaWeb/TodayRaceInfo/RaceMarkTable?k_raceDate=2008%2F09%2F27&k_raceNo=11&k_babaCode=21,data/cache/html/20080927_kawasaki_11.html
20080927_kawasaki_12,2008-09-27,kawasaki,12,https://www.keiba.go.jp/KeibaWeb/TodayRaceInfo/RaceMarkTable?k_raceDate=2008%2F09%2F27&k_raceNo=12&k_babaCode=21,data/cache/html/20080927_kawasaki_12.html
20080926_kawasaki_1,2008-09-26,kawasaki,1,https://www.keiba.go.jp/KeibaWeb/TodayRaceInfo/RaceMarkTable?k_raceDate=2008%2F09%2F26&k_raceNo=1&k_babaCode=21,data/cache/html/20080926_kawasaki_1.html
20080926_kawasaki_2,2008-09-26,kawasaki,2,https://www.keiba.go.jp/KeibaWeb/TodayRaceInfo/RaceMarkTable?k_raceDate=2008%2F09%2F26&k_raceNo=2&k_babaCode=21,data/cache/html/20080926_kawasaki_2.html
20080926_kawasaki_3,2008-09-26,kawasaki,3,https://www.keiba.go.jp/KeibaWeb/TodayRaceInfo/RaceMarkTable?k_raceDate=2008%2F09%2F26&k_raceNo=3&k_babaCode=21,data/cache/html/20080926_kawasaki_3.html
20080926_kawasaki_4,2008-09-26,kawasaki,4,https://www.keiba.go.jp/KeibaWeb/TodayRaceInfo/RaceMarkTable?k_raceDate=2008%2F09%2F26&k_raceNo=4&k_babaCode=21,data/cache/html/20080926_kawasaki_4.html
20080926_kawasaki_5,2008-09-26,kawasaki,5,https://www.keiba.go.jp/KeibaWeb/TodayRaceInfo/RaceMarkTable?k_raceDate=2008%2F09%2F26&k_raceNo=5&k_babaCode=21,data/cache/html/20080926_kawasaki_5.html
20080926_kawasaki_6,2008-09-26,kawasaki,6,https://www.keiba.go.jp/KeibaWeb/TodayRaceInfo/RaceMarkTable?k_raceDate=2008%2F09%2F26&k_raceNo=6&k_babaCode=21,data/cache/html/20080926_kawasaki_6.html
20080926_kawasaki_7,2008-09-26,kawasaki,7,https://www.keiba.go.jp/KeibaWeb/TodayRaceInfo/RaceMarkTable?k_raceDate=2008%2F09%2F26&k_raceNo=7&k_babaCode=21,data/cache/html/20080926_kawasaki_7.html
20080926_kawasaki_8,2008-09-26,kawasaki,8,https://www.keiba.go.jp/KeibaWeb/TodayRaceInfo/RaceMarkTable?k_raceDate=2008%2F09%2F26&k_raceNo=8&k_babaCode=21,data/cache/html/20080926_kawasaki_8.html
20080926_kawasaki_9,2008-09-26,kawasaki,9,https://www.keiba.go.jp/KeibaWeb/TodayRaceInfo/RaceMarkTable?k_raceDate=2008%2F09%2F26&k_raceNo=9&k_babaCode=21,data/cache/html/20080926_kawasaki_9.html
20080926_kawasaki_10,2008-09-26,kawasaki,10,https://www.keiba.go.jp/KeibaWeb/TodayRaceInfo/RaceMarkTable?k_raceDate=2008%2F09%2F26&k_raceNo=10&k_babaCode=21,data/cache/html/20080926_kawasaki_10.html
20080926_kawasaki_11,2008-09-26,kawasaki,11,https://www.keiba.go.jp/KeibaWeb/TodayRaceInfo/RaceMarkTable?k_raceDate=2008%2F09%2F26&k_raceNo=11&k_babaCode=21,data/cache/html/20080926_kawasaki_11.html
20080926_kawasaki_12,2008-09-26,kawasaki,12,https://www.keiba.go.jp/KeibaWeb/TodayRaceInfo/RaceMarkTable?k_raceDate=2008%2F09%2F26&k_raceNo=12&k_babaCode=21,data/cache/html/20080926_kawasaki_12.html
20080925_kawasaki_1,2008-09-25,kawasaki,1,https://www.keiba.go.jp/KeibaWeb/TodayRaceInfo/RaceMarkTable?k_raceDate=2008%2F09%2F25&k_raceNo=1&k_babaCode=21,data/cache/html/20080925_kawasaki_1.html
20080925_kawasaki_2,2008-09-25,kawasaki,2,https://www.keiba.go.jp/KeibaWeb/TodayRaceInfo/RaceMarkTable?k_raceDate=2008%2F09%2F25&k_raceNo=2&k_babaCode=21,data/cache/html/20080925_kawasaki_2.html
20080925_kawasaki_3,2008-09-25,kawasaki,3,https://www.keiba.go.jp/KeibaWeb/TodayRaceInfo/RaceMarkTable?k_raceDate=2008%2F09%2F25&k_raceNo=3&k_babaCode=21,data/cache/html/20080925_kawasaki_3.html
20080925_kawasaki_4,2008-09-25,kawasaki,4,https://www.keiba.go.jp/KeibaWeb/TodayRaceInfo/RaceMarkTable?k_raceDate=2008%2F09%2F25&k_raceNo=4&k_babaCode=21,data/cache/html/20080925_kawasaki_4.html
20080925_kawasaki_5,2008-09-25,kawasaki,5,https://www.keiba.go.jp/KeibaWeb/TodayRaceInfo/RaceMarkTable?k_raceDate=2008%2F09%2F25&k_raceNo=5&k_babaCode=21,data/cache/html/20080925_kawasaki_5.html
20080925_kawasaki_6,2008-09-25,kawasaki,6,https://www.keiba.go.jp/KeibaWeb/TodayRaceInfo/RaceMarkTable?k_raceDate=2008%2F09%2F25&k_raceNo=6&k_babaCode=21,data/cache/html/20080925_kawasaki_6.html
20080925_kawasaki_7,2008-09-25,kawasaki,7,https://www.keiba.go.jp/KeibaWeb/TodayRaceInfo/RaceMarkTable?k_raceDate=2008%2F09%2F25&k_raceNo=7&k_babaCode=21,data/cache/html/20080925_kawasaki_7.html
20080925_kawasaki_8,2008-09-25,kawasaki,8,https://www.keiba.go.jp/KeibaWeb/TodayRaceInfo/RaceMarkTable?k_raceDate=2008%2F09%2F25&k_raceNo=8&k_babaCode=21,data/cache/html/20080925_kawasaki_8.html
20080925_kawasaki_9,2008-09-25,kawasaki,9,https://www.keiba.go.jp/KeibaWeb/TodayRaceInfo/RaceMarkTable?k_raceDate=2008%2F09%2F25&k_raceNo=9&k_babaCode=21,data/cache/html/20080925_kawasaki_9.html
20080925_kawasaki_10,2008-09-25,kawasaki,10,https://www.keiba.go.jp/KeibaWeb/TodayRaceInfo/RaceMarkTable?k_raceDate=2008%2F09%2F25&k_raceNo=10&k_babaCode=21,data/cache/html/20080925_kawasaki_10.html
20080925_kawasaki_11,2008-09-25,kawasaki,11,https://www.keiba.go.jp/KeibaWeb/TodayRaceInfo/RaceMarkTable?k_raceDate=2008%2F09%2F25&k_raceNo=11&k_babaCode=21,data/cache/html/20080925_kawasaki_11.html
20080925_kawasaki_12,2008-09-25,kawasaki,12,https://www.keiba.go.jp/KeibaWeb/TodayRaceInfo/RaceMarkTable?k_raceDate=2008%2F09%2F25&k_raceNo=12&k_babaCode=21,data/cache/html/20080925_kawasaki_12.html
20080924_kawasaki_1,2008-09-24,kawasaki,1,https://www.keiba.go.jp/KeibaWeb/TodayRaceInfo/RaceMarkTable?k_raceDate=2008%2F09%2F24&k_raceNo=1&k_babaCode=21,data/cache/html/20080924_kawasaki_1.html
20080924_kawasaki_2,2008-09-24,kawasaki,2,https://www.keiba.go.jp/KeibaWeb/TodayRaceInfo/RaceMarkTable?k_raceDate=2008%2F09%2F24&k_raceNo=2&k_babaCode=21,data/cache/html/20080924_kawasaki_2.html
20080924_kawasaki_3,2008-09-24,kawasaki,3,https://www.keiba.go.jp/KeibaWeb/TodayRaceInfo/RaceMarkTable?k_raceDate=2008%2F09%2F24&k_raceNo=3&k_babaCode=21,data/cache/html/20080924_kawasaki_3.html
20080924_kawasaki_4,2008-09-24,kawasaki,4,https://www.keiba.go.jp/KeibaWeb/TodayRaceInfo/RaceMarkTable?k_raceDate=2008%2F09%2F24&k_raceNo=4&k_babaCode=21,data/cache/html/20080924_kawasaki_4.html
20080924_kawasaki_5,2008-09-24,kawasaki,5,https://www.keiba.go.jp/KeibaWeb/TodayRaceInfo/RaceMarkTable?k_raceDate=2008%2F09%2F24&k_raceNo=5&k_babaCode=21,data/cache/html/20080924_kawasaki_5.html
20080924_kawasaki_6,2008-09-24,kawasaki,6,https://www.keiba.go.jp/KeibaWeb/TodayRaceInfo/RaceMarkTable?k_raceDate=2008%2F09%2F24&k_raceNo=6&k_babaCode=21,data/cache/html/20080924_kawasaki_6.html
20080924_kawasaki_7,2008-09-24,kawasaki,7,https://www.keiba.go.jp/KeibaWeb/TodayRaceInfo/RaceMarkTable?k_raceDate=2008%2F09%2F24&k_raceNo=7&k_babaCode=21,data/cache/html/20080924_kawasaki_7.html
20080924_kawasaki_8,2008-09-24,kawasaki,8,https://www.keiba.go.jp/KeibaWeb/TodayRaceInfo/RaceMarkTable?k_raceDate=2008%2F09%2F24&k_raceNo=8&k_babaCode=21,data/cache/html/20080924_kawasaki_8.html
20080924_kawasaki_9,2008-09-24,kawasaki,9,https://www.keiba.go.jp/KeibaWeb/TodayRaceInfo/RaceMarkTable?k_raceDate=2008%2F09%2F24&k_raceNo=9&k_babaCode=21,data/cache/html/20080924_kawasaki_9.html
20080924_kawasaki_10,2008-09-24,kawasaki,10,https://www.keiba.go.jp/KeibaWeb/TodayRaceInfo/RaceMarkTable?k_raceDate=2008%2F09%2F24&k_raceNo=10&k_babaCode=21,data/cache/html/20080924_kawasaki_10.html
20080924_kawasaki_11,2008-09-24,kawasaki,11,https://www.keiba.go.jp/KeibaWeb/TodayRaceInfo/RaceMarkTable?k_raceDate=2008%2F09%2F24&k_raceNo=11&k_babaCode=21,data/cache/html/20080924_kawasaki_11.html
20080924_kawasaki_12,2008-09-24,kawasaki,12,https://www.keiba.go.jp/KeibaWeb/TodayRaceInfo/RaceMarkTable?k_raceDate=2008%2F09%2F24&k_raceNo=12&k_babaCode=21,data/cache/html/20080924_kawasaki_12.html
20080923_kawasaki_1,2008-09-23,kawasaki,1,https://www.keiba.go.jp/KeibaWeb/TodayRaceInfo/RaceMarkTable?k_raceDate=2008%2F09%2F23&k_raceNo=1&k_babaCode=21,data/cache/html/20080923_kawasaki_1.html
20080923_kawasaki_2,2008-09-23,kawasaki,2,https://www.keiba.go.jp/KeibaWeb/TodayRaceInfo/RaceMarkTable?k_raceDate=2008%2F09%2F23&k_raceNo=2&k_babaCode=21,data/cache/html/20080923_kawasaki_2.html
20080923_kawasaki_3,2008-09-23,kawasaki,3,https://www.keiba.go.jp/KeibaWeb/TodayRaceInfo/RaceMarkTable?k_raceDate=2008%2F09%2F23&k_raceNo=3&k_babaCode=21,data/cache/html/20080923_kawasaki_3.html
20080923_kawasaki_4,2008-09-23,kawasaki,4,https://www.keiba.go.jp/KeibaWeb/TodayRaceInfo/RaceMarkTable?k_raceDate=2008%2F09%2F23&k_raceNo=4&k_babaCode=21,data/cache/html/20080923_kawasaki_4.html
20080923_kawasaki_5,2008-09-23,kawasaki,5,https://www.keiba.go.jp/KeibaWeb/TodayRaceInfo/RaceMarkTable?k_raceDate=2008%2F09%2F23&k_raceNo=5&k_babaCode=21,data/cache/html/20080923_kawasaki_5.html
20080923_kawasaki_6,2008-09-23,kawasaki,6,https://www.keiba.go.jp/KeibaWeb/TodayRaceInfo/RaceMarkTable?k_raceDate=2008%2F09%2F23&k_raceNo=6&k_babaCode=21,data/cache/html/20080923_kawasaki_6.html
20080923_kawasaki_7,2008-09-23,kawasaki,7,https://www.keiba.go.jp/KeibaWeb/TodayRaceInfo/RaceMarkTable?k_raceDate=2008%2F09%2F23&k_raceNo=7&k_babaCode=21,data/cache/html/20080923_kawasaki_7.html
20080923_kawasaki_8,2008-09-23,kawasaki,8,https://www.keiba.go.jp/KeibaWeb/TodayRaceInfo/RaceMarkTable?k_raceDate=2008%2F09%2F23&k_raceNo=8&k_babaCode=21,data/cache/html/20080923_kawasaki_8.html
20080923_kawasaki_9,2008-09-23,kawasaki,9,https://www.keiba.go.jp/KeibaWeb/TodayRaceInfo/RaceMarkTable?k_raceDate=2008%2F09%2F23&k_raceNo=9&k_babaCode=21,data/cache/html/20080923_kawasaki_9.html
20080923_kawasaki_10,2008-09-23,kawasaki,10,https://www.keiba.go.jp/KeibaWeb/TodayRaceInfo/RaceMarkTable?k_raceDate=2008%2F09%2F23&k_raceNo=10&k_babaCode=21,data/cache/html/20080923_kawasaki_10.html
20080923_kawasaki_11,2008-09-23,kawasaki,11,https://www.keiba.go.jp/KeibaWeb/TodayRaceInfo/RaceMarkTable?k_raceDate=2008%2F09%2F23&k_raceNo=11&k_babaCode=21,data/cache/html/20080923_kawasaki_11.html
20080923_kawasaki_12,2008-09-23,kawasaki,12,https://www.keiba.go.jp/KeibaWeb/TodayRaceInfo/RaceMarkTable?k_raceDate=2008%2F09%2F23&k_raceNo=12&k_babaCode=21,data/cache/html/20080923_kawasaki_12.html
20080922_kawasaki_1,2008-09-22,kawasaki,1,https://www.keiba.go.jp/KeibaWeb/TodayRaceInfo/RaceMarkTable?k_raceDate=2008%2F09%2F22&k_raceNo=1&k_babaCode=21,data/cache/html/20080922_kawasaki_1.html
20080922_kawasaki_2,2008-09-22,kawasaki,2,https://www.keiba.go.jp/KeibaWeb/TodayRaceInfo/RaceMarkTable?k_raceDate=2008%2F09%2F22&k_raceNo=2&k_babaCode=21,data/cache/html/20080922_kawasaki_2.html
20080922_kawasaki_3,2008-09-22,kawasaki,3,https://www.keiba.go.jp/KeibaWeb/TodayRaceInfo/RaceMarkTable?k_raceDate=2008%2F09%2F22&k_raceNo=3&k_babaCode=21,data/cache/html/20080922_kawasaki_3.html
20080922_kawasaki_4,2008-09-22,kawasaki,4,https://www.keiba.go.jp/KeibaWeb/TodayRaceInfo/RaceMarkTable?k_raceDate=2008%2F09%2F22&k_raceNo=4&k_babaCode=21,data/cache/html/20080922_kawasaki_4.html
20080922_kawasaki_5,2008-09-22,kawasaki,5,https://www.keiba.go.jp/KeibaWeb/TodayRaceInfo/RaceMarkTable?k_raceDate=2008%2F09%2F22&k_raceNo=5&k_babaCode=21,data/cache/html/20080922_kawasaki_5.html
20080922_kawasaki_6,2008-09-22,kawasaki,6,https://www.keiba.go.jp/KeibaWeb/TodayRaceInfo/RaceMarkTable?k_raceDate=2008%2F09%2F22&k_raceNo=6&k_babaCode=21,data/cache/html/20080922_kawasaki_6.html
20080922_kawasaki_7,2008-09-22,kawasaki,7,https://www.keiba.go.jp/KeibaWeb/TodayRaceInfo/RaceMarkTable?k_raceDate=2008%2F09%2F22&k_raceNo=7&k_babaCode=21,data/cache/html/20080922_kawasaki_7.html
20080922_kawasaki_8,2008-09-22,kawasaki,8,https://www.keiba.go.jp/KeibaWeb/TodayRaceInfo/RaceMarkTable?k_raceDate=2008%2F09%2F22&k_raceNo=8&k_babaCode=21,data/cache/html/20080922_kawasaki_8.html
20080922_kawasaki_9,2008-09-22,kawasaki,9,https://www.keiba.go.jp/KeibaWeb/TodayRaceInfo/RaceMarkTable?k_raceDate=2008%2F09%2F22&k_raceNo=9&k_babaCode=21,data/cache/html/20080922_kawasaki_9.html
20080922_kawasaki_10,2008-09-22,kawasaki,10,https://www.keiba.go.jp/KeibaWeb/TodayRaceInfo/RaceMarkTable?k_raceDate=2008%2F09%2F22&k_raceNo=10&k_babaCode=21,data/cache/html/20080922_kawasaki_10.html
20080922_kawasaki_11,2008-09-22,kawasaki,11,https://www.keiba.go.jp/KeibaWeb/TodayRaceInfo/RaceMarkTable?k_raceDate=2008%2F09%2F22&k_raceNo=11&k_babaCode=21,data/cache/html/20080922_kawasaki_11.html
20080922_kawasaki_12,2008-09-22,kawasaki,12,https://www.keiba.go.jp/KeibaWeb/TodayRaceInfo/RaceMarkTable?k_raceDate=2008%2F09%2F22&k_raceNo=12&k_babaCode=21,data/cache/html/20080922_kawasaki_12.html
20080921_kawasaki_1,2008-09-21,kawasaki,1,https://www.keiba.go.jp/KeibaWeb/TodayRaceInfo/RaceMarkTable?k_raceDate=2008%2F09%2F21&k_raceNo=1&k_babaCode=21,data/cache/html/20080921_kawasaki_1.html
20080921_kawasaki_2,2008-09-21,kawasaki,2,https://www.keiba.go.jp/KeibaWeb/TodayRaceInfo/RaceMarkTable?k_raceDate=2008%2F09%2F21&k_raceNo=2&k_babaCode=21,data/cache/html/20080921_kawasaki_2.html
20080921_kawasaki_3,2008-09-21,kawasaki,3,https://www.keiba.go.jp/KeibaWeb/TodayRaceInfo/RaceMarkTable?k_raceDate=2008%2F09%2F21&k_raceNo=3&k_babaCode=21,data/cache/html/20080921_kawasaki_3.html
20080921_kawasaki_4,2008-09-21,kawasaki,4,https://www.keiba.go.jp/KeibaWeb/TodayRaceInfo/RaceMarkTable?k_raceDate=2008%2F09%2F21&k_raceNo=4&k_babaCode=21,data/cache/html/20080921_kawasaki_4.html
20080921_kawasaki_5,2008-09-21,kawasaki,5,https://www.keiba.go.jp/KeibaWeb/TodayRaceInfo/RaceMarkTable?k_raceDate=2008%2F09%2F21&k_raceNo=5&k_babaCode=21,data/cache/html/20080921_kawasaki_5.html
20080921_kawasaki_6,2008-09-21,kawasaki,6,https://www.keiba.go.jp/KeibaWeb/TodayRaceInfo/RaceMarkTable?k_raceDate=2008%2F09%2F21&k_raceNo=6&k_babaCode=21,data/cache/html/20080921_kawasaki_6.html
20080921_kawasaki_7,2008-09-21,kawasaki,7,https://www.keiba.go.jp/KeibaWeb/TodayRaceInfo/RaceMarkTable?k_raceDate=2008%2F09%2F21&k_raceNo=7&k_babaCode=21,data/cache/html/20080921_kawasaki_7.html
20080921_kawasaki_8,2008-09-21,kawasaki,8,https://www.keiba.go.jp/KeibaWeb/TodayRaceInfo/RaceMarkTable?k_raceDate=2008%2F09%2F21&k_raceNo=8&k_babaCode=21,data/cache/html/20080921_kawasaki_8.html
20080921_kawasaki_9,2008-09-21,kawasaki,9,https://www.keiba.go.jp/KeibaWeb/TodayRaceInfo/RaceMarkTable?k_raceDate=2008%2F09%2F21&k_raceNo=9&k_babaCode=21,data/cache/html/20080921_kawasaki_9.html
20080921_kawasaki_10,2008-09-21,kawasaki,10,https://www.keiba.go.jp/KeibaWeb/TodayRaceInfo/RaceMarkTable?k_raceDate=2008%2F09%2F21&k_raceNo=10&k_babaCode=21,data/cache/html/20080921_kawasaki_10.html
20080921_kawasaki_11,2008-09-21,kawasaki,11,https://www.keiba.go.jp/KeibaWeb/TodayRaceInfo/RaceMarkTable?k_raceDate=2008%2F09%2F21&k_raceNo=11&k_babaCode=21,data/cache/html/20080921_kawasaki_11.html
20080921_kawasaki_12,2008-09-21,kawasaki,12,https://www.keiba.go.jp/KeibaWeb/TodayRaceInfo/RaceMarkTable?k_raceDate=2008%2F09%2F21&k_raceNo=12&k_babaCode=21,data/cache/html/20080921_kawasaki_12.html
20080920_kawasaki_1,2008-09-20,kawasaki,1,https://www.keiba.go.jp/KeibaWeb/TodayRaceInfo/RaceMarkTable?k_raceDate=2008%2F09%2F20&k_raceNo=1&k_babaCode=21,data/cache/html/20080920_kawasaki_1.html
20080920_kawasaki_2,2008-09-20,kawasaki,2,https://www.keiba.go.jp/KeibaWeb/TodayRaceInfo/RaceMarkTable?k_raceDate=2008%2F09%2F20&k_raceNo=2&k_babaCode=21,data/cache/html/20080920_kawasaki_2.html
20080920_kawasaki_3,2008-09-20,kawasaki,3,https://www.keiba.go.jp/KeibaWeb/TodayRaceInfo/RaceMarkTable?k_raceDate=2008%2F09%2F20&k_raceNo=3&k_babaCode=21,data/cache/html/20080920_kawasaki_3.html
20080920_kawasaki_4,2008-09-20,kawasaki,4,https://www.keiba.go.jp/KeibaWeb/TodayRaceInfo/RaceMarkTable?k_raceDate=2008%2F09%2F20&k_raceNo=4&k_babaCode=21,data/cache/html/20080920_kawasaki_4.html
20080920_kawasaki_5,2008-09-20,kawasaki,5,https://www.keiba.go.jp/KeibaWeb/TodayRaceInfo/RaceMarkTable?k_raceDate=2008%2F09%2F20&k_raceNo=5&k_babaCode=21,data/cache/html/20080920_kawasaki_5.html
20080920_kawasaki_6,2008-09-20,kawasaki,6,https://www.keiba.go.jp/KeibaWeb/TodayRaceInfo/RaceMarkTable?k_raceDate=2008%2F09%2F20&k_raceNo=6&k_babaCode=21,data/cache/html/20080920_kawasaki_6.html
20080920_kawasaki_7,2008-09-20,kawasaki,7,https://www.keiba.go.jp/KeibaWeb/TodayRaceInfo/RaceMarkTable?k_raceDate=2008%2F09%2F20&k_raceNo=7&k_babaCode=21,data/cache/html/20080920_kawasaki_7.html
20080920_kawasaki_8,2008-09-20,kawasaki,8,https://www.keiba.go.jp/KeibaWeb/TodayRaceInfo/RaceMarkTable?k_raceDate=2008%2F09%2F20&k_raceNo=8&k_babaCode=21,data/cache/html/20080920_kawasaki_8.html
20080920_kawasaki_9,2008-09-20,kawasaki,9,https://www.keiba.go.jp/KeibaWeb/TodayRaceInfo/RaceMarkTable?k_raceDate=2008%2F09%2F20&k_raceNo=9&k_babaCode=21,data/cache/html/20080920_kawasaki_9.html
20080920_kawasaki_10,2008-09-20,kawasaki,10,https://www.keiba.go.jp/KeibaWeb/TodayRaceInfo/RaceMarkTable?k_raceDate=2008%2F09%2F20&k_raceNo=10&k_babaCode=21,data/cache/html/20080920_kawasaki_10.html
20080920_kawasaki_11,2008-09-20,kawasaki,11,https://www.keiba.go.jp/KeibaWeb/TodayRaceInfo/RaceMarkTable?k_raceDate=2008%2F09%2F20&k_raceNo=11&k_babaCode=21,data/cache/html/20080920_kawasaki_11.html
20080920_kawasaki_12,2008-09-20,kawasaki,12,https://www.keiba.go.jp/KeibaWeb/TodayRaceInfo/RaceMarkTable?k_raceDate=2008%2F09%2F20&k_raceNo=12&k_babaCode=21,data/cache/html/20080920_kawasaki_12.html
20080919_kawasaki_1,2008-09-19,kawasaki,1,https://www.keiba.go.jp/KeibaWeb/TodayRaceInfo/RaceMarkTable?k_raceDate=2008%2F09%2F19&k_raceNo=1&k_babaCode=21,data/cache/html/20080919_kawasaki_1.html
20080919_kawasaki_2,2008-09-19,kawasaki,2,https://www.keiba.go.jp/KeibaWeb/TodayRaceInfo/RaceMarkTable?k_raceDate=2008%2F09%2F19&k_raceNo=2&k_babaCode=21,data/cache/html/20080919_kawasaki_2.html
20080919_kawasaki_3,2008-09-19,kawasaki,3,https://www.keiba.go.jp/KeibaWeb/TodayRaceInfo/RaceMarkTable?k_raceDate=2008%2F09%2F19&k_raceNo=3&k_babaCode=21,data/cache/html/20080919_kawasaki_3.html
20080919_kawasaki_4,2008-09-19,kawasaki,4,https://www.keiba.go.jp/KeibaWeb/TodayRaceInfo/RaceMarkTable?k_raceDate=2008%2F09%2F19&k_raceNo=4&k_babaCode=21,data/cache/html/20080919_kawasaki_4.html
20080919_kawasaki_5,2008-09-19,kawasaki,5,https://www.keiba.go.jp/KeibaWeb/TodayRaceInfo/RaceMarkTable?k_raceDate=2008%2F09%2F19&k_raceNo=5&k_babaCode=21,data/cache/html/20080919_kawasaki_5.html
20080919_kawasaki_6,2008-09-19,kawasaki,6,https://www.keiba.go.jp/KeibaWeb/TodayRaceInfo/RaceMarkTable?k_raceDate=2008%2F09%2F19&k_raceNo=6&k_babaCode=21,data/cache/html/20080919_kawasaki_6.html
20080919_kawasaki_7,2008-09-19,kawasaki,7,https://www.keiba.go.jp/KeibaWeb/TodayRaceInfo/RaceMarkTable?k_raceDate=2008%2F09%2F19&k_raceNo=7&k_babaCode=21,data/cache/html/20080919_kawasaki_7.html
20080919_kawasaki_8,2008-09-19,kawasaki,8,https://www.keiba.go.jp/KeibaWeb/TodayRaceInfo/RaceMarkTable?k_raceDate=2008%2F09%2F19&k_raceNo=8&k_babaCode=21,data/cache/html/20080919_kawasaki_8.html
20080919_kawasaki_9,2008-09-19,kawasaki,9,https://www.keiba.go.jp/KeibaWeb/TodayRaceInfo/RaceMarkTable?k_raceDate=2008%2F09%2F19&k_raceNo=9&k_babaCode=21,data/cache/html/20080919_kawasaki_9.html
20080919_kawasaki_10,2008-09-19,kawasaki,10,https://www.keiba.go.jp/KeibaWeb/TodayRaceInfo/RaceMarkTable?k_raceDate=2008%2F09%2F19&k_raceNo=10&k_babaCode=21,data/cache/html/20080919_kawasaki_10.html
20080919_kawasaki_11,2008-09-19,kawasaki,11,https://www.keiba.go.jp/KeibaWeb/TodayRaceInfo/RaceMarkTable?k_raceDate=2008%2F09%2F19&k_raceNo=11&k_babaCode=21,data/cache/html/20080919_kawasaki_11.html
20080919_kawasaki_12,2008-09-19,kawasaki,12,https://www.keiba.go.jp/KeibaWeb/TodayRaceInfo/RaceMarkTable?k_raceDate=2008%2F09%2F19&k_raceNo=12&k_babaCode=21,data/cache/html/20080919_kawasaki_12.html
20080918_kawasaki_1,2008-09-18,kawasaki,1,https://www.keiba.go.jp/KeibaWeb/TodayRaceInfo/RaceMarkTable?k_raceDate=2008%2F09%2F18&k_raceNo=1&k_babaCode=21,data/cache/html/20080918_kawasaki_1.html
20080918_kawasaki_2,2008-09-18,kawasaki,2,https://www.keiba.go.jp/KeibaWeb/TodayRaceInfo/RaceMarkTable?k_raceDate=2008%2F09%2F18&k_raceNo=2&k_babaCode=21,data/cache/html/20080918_kawasaki_2.html
20080918_kawasaki_3,2008-09-18,kawasaki,3,https://www.keiba.go.jp/KeibaWeb/TodayRaceInfo/RaceMarkTable?k_raceDate=2008%2F09%2F18&k_raceNo=3&k_babaCode=21,data/cache/html/20080918_kawasaki_3.html
20080918_kawasaki_4,2008-09-18,kawasaki,4,https://www.keiba.go.jp/KeibaWeb/TodayRaceInfo/RaceMarkTable?k_raceDate=2008%2F09%2F18&k_raceNo=4&k_babaCode=21,data/cache/html/20080918_kawasaki_4.html
20080918_kawasaki_5,2008-09-18,kawasaki,5,https://www.keiba.go.jp/KeibaWeb/TodayRaceInfo/RaceMarkTable?k_raceDate=2008%2F09%2F18&k_raceNo=5&k_babaCode=21,data/cache/html/20080918_kawasaki_5.html
20080918_kawasaki_6,2008-09-18,kawasaki,6,https://www.keiba.go.jp/KeibaWeb/TodayRaceInfo/RaceMarkTable?k_raceDate=2008%2F09%2F18&k_raceNo=6&k_babaCode=21,data/cache/html/20080918_kawasaki_6.html
20080918_kawasaki_7,2008-09-18,kawasaki,7,https://www.keiba.go.jp/KeibaWeb/TodayRaceInfo/RaceMarkTable?k_raceDate=2008%2F09%2F18&k_raceNo=7&k_babaCode=21,data/cache/html/20080918_kawasaki_7.html
20080918_kawasaki_8,2008-09-18,kawasaki,8,https://www.keiba.go.jp/KeibaWeb/TodayRaceInfo/RaceMarkTable?k_raceDate=2008%2F09%2F18&k_raceNo=8&k_babaCode=21,data/cache/html/20080918_kawasaki_8.html
20080918_kawasaki_9,2008-09-18,kawasaki,9,https://www.keiba.go.jp/KeibaWeb/TodayRaceInfo/RaceMarkTable?k_raceDate=2008%2F09%2F18&k_raceNo=9&k_babaCode=21,data/cache/html/20080918_kawasaki_9.html
20080918_kawasaki_10,2008-09-18,kawasaki,10,https://www.keiba.go.jp/KeibaWeb/TodayRaceInfo/RaceMarkTable?k_raceDate=2008%2F09%2F18&k_raceNo=10&k_babaCode=21,data/cache/html/20080918_kawasaki_10.html
20080918_kawasaki_11,2008-09-18,kawasaki,11,https://www.keiba.go.jp/KeibaWeb/TodayRaceInfo/RaceMarkTable?k_raceDate=2008%2F09%2F18&k_raceNo=11&k_babaCode=21,data/cache/html/20080918_kawasaki_11.html
20080918_kawasaki_12,2008-09-18,kawasaki,12,https://www.keiba.go.jp/KeibaWeb/TodayRaceInfo/RaceMarkTable?k_raceDate=2008%2F09%2F18&k_raceNo=12&k_babaCode=21,data/cache/html/20080918_kawasaki_12.html
20080917_kawasaki_1,2008-09-17,kawasaki,1,https://www.keiba.go.jp/KeibaWeb/TodayRaceInfo/RaceMarkTable?k_raceDate=2008%2F09%2F17&k_raceNo=1&k_babaCode=21,data/cache/html/20080917_kawasaki_1.html
20080917_kawasaki_2,2008-09-17,kawasaki,2,https://www.keiba.go.jp/KeibaWeb/TodayRaceInfo/RaceMarkTable?k_raceDate=2008%2F09%2F17&k_raceNo=2&k_babaCode=21,data/cache/html/20080917_kawasaki_2.html
20080917_kawasaki_3,2008-09-17,kawasaki,3,https://www.keiba.go.jp/KeibaWeb/TodayRaceInfo/RaceMarkTable?k_raceDate=2008%2F09%2F17&k_raceNo=3&k_babaCode=21,data/cache/html/20080917_kawasaki_3.html
20080917_kawasaki_4,2008-09-17,kawasaki,4,https://www.keiba.go.jp/KeibaWeb/TodayRaceInfo/RaceMarkTable?k_raceDate=2008%2F09%2F17&k_raceNo=4&k_babaCode=21,data/cache/html/20080917_kawasaki_4.html
20080917_kawasaki_5,2008-09-17,kawasaki,5,https://www.keiba.go.jp/KeibaWeb/TodayRaceInfo/RaceMarkTable?k_raceDate=2008%2F09%2F17&k_raceNo=5&k_babaCode=21,data/cache/html/20080917_kawasaki_5.html
20080917_kawasaki_6,2008-09-17,kawasaki,6,https://www.keiba.go.jp/KeibaWeb/TodayRaceInfo/RaceMarkTable?k_raceDate=2008%2F09%2F17&k_raceNo=6&k_babaCode=21,data/cache/html/20080917_kawasaki_6.html
20080917_kawasaki_7,2008-09-17,kawasaki,7,https://www.keiba.go.jp/KeibaWeb/TodayRaceInfo/RaceMarkTable?k_raceDate=2008%2F09%2F17&k_raceNo=7&k_babaCode=21,data/cache/html/20080917_kawasaki_7.html
20080917_kawasaki_8,2008-09-17,kawasaki,8,https://www.keiba.go.jp/KeibaWeb/TodayRaceInfo/RaceMarkTable?k_raceDate=2008%2F09%2F17&k_raceNo=8&k_babaCode=21,data/cache/html/20080917_kawasaki_8.html
20080917_kawasaki_9,2008-09-17,kawasaki,9,https://www.keiba.go.jp/KeibaWeb/TodayRaceInfo/RaceMarkTable?k_raceDate=2008%2F09%2F17&k_raceNo=9&k_babaCode=21,data/cache/html/20080917_kawasaki_9.html
20080917_kawasaki_10,2008-09-17,kawasaki,10,https://www.keiba.go.jp/KeibaWeb/TodayRaceInfo/RaceMarkTable?k_raceDate=2008%2F09%2F17&k_raceNo=10&k_babaCode=21,data/cache/html/20080917_kawasaki_10.html
20080917_kawasaki_11,2008-09-17,kawasaki,11,https://www.keiba.go.jp/KeibaWeb/TodayRaceInfo/RaceMarkTable?k_raceDate=2008%2F09%2F17&k_raceNo=11&k_babaCode=21,data/cache/html/20080917_kawasaki_11.html
20080917_kawasaki_12,2008-09-17,kawasaki,12,https://www.keiba.go.jp/KeibaWeb/TodayRaceInfo/RaceMarkTable?k_raceDate=2008%2F09%2F17&k_raceNo=12&k_babaCode=21,data/cache/html/20080917_kawasaki_12.html
20080916_kawasaki_1,2008-09-16,kawasaki,1,https://www.keiba.go.jp/KeibaWeb/TodayRaceInfo/RaceMarkTable?k_raceDate=2008%2F09%2F16&k_raceNo=1&k_babaCode=21,data/cache/html/20080916_kawasaki_1.html
20080916_kawasaki_2,2008-09-16,kawasaki,2,https://www.keiba.go.jp/KeibaWeb/TodayRaceInfo/RaceMarkTable?k_raceDate=2008%2F09%2F16&k_raceNo=2&k_babaCode=21,data/cache/html/20080916_kawasaki_2.html
20080916_kawasaki_3,2008-09-16,kawasaki,3,https://www.keiba.go.jp/KeibaWeb/TodayRaceInfo/RaceMarkTable?k_raceDate=2008%2F09%2F16&k_raceNo=3&k_babaCode=21,data/cache/html/20080916_kawasaki_3.html
20080916_kawasaki_4,2008-09-16,kawasaki,4,https://www.keiba.go.jp/KeibaWeb/TodayRaceInfo/RaceMarkTable?k_raceDate=2008%2F09%2F16&k_raceNo=4&k_babaCode=21,data/cache/html/20080916_kawasaki_4.html
20080916_kawasaki_5,2008-09-16,kawasaki,5,https://www.keiba.go.jp/KeibaWeb/TodayRaceInfo/RaceMarkTable?k_raceDate=2008%2F09%2F16&k_raceNo=5&k_babaCode=21,data/cache/html/20080916_kawasaki_5.html
20080916_kawasaki_6,2008-09-16,kawasaki,6,https://www.keiba.go.jp/KeibaWeb/TodayRaceInfo/RaceMarkTable?k_raceDate=2008%2F09%2F16&k_raceNo=6&k_babaCode=21,data/cache/html/20080916_kawasaki_6.html
20080916_kawasaki_7,2008-09-16,kawasaki,7,https://www.keiba.go.jp/KeibaWeb/TodayRaceInfo/RaceMarkTable?k_raceDate=2008%2F09%2F16&k_raceNo=7&k_babaCode=21,data/cache/html/20080916_kawasaki_7.html
20080916_kawasaki_8,2008-09-16,kawasaki,8,https://www.keiba.go.jp/KeibaWeb/TodayRaceInfo/RaceMarkTable?k_raceDate=2008%2F09%2F16&k_raceNo=8&k_babaCode=21,data/cache/html/20080916_kawasaki_8.html
20080916_kawasaki_9,2008-09-16,kawasaki,9,https://www.keiba.go.jp/KeibaWeb/TodayRaceInfo/RaceMarkTable?k_raceDate=2008%2F09%2F16&k_raceNo=9&k_babaCode=21,data/cache/html/20080916_kawasaki_9.html
20080916_kawasaki_10,2008-09-16,kawasaki,10,https://www.keiba.go.jp/KeibaWeb/TodayRaceInfo/RaceMarkTable?k_raceDate=2008%2F09%2F16&k_raceNo=10&k_babaCode=21,data/cache/html/20080916_kawasaki_10.html
20080916_kawasaki_11,2008-09-16,kawasaki,11,https://www.keiba.go.jp/KeibaWeb/TodayRaceInfo/RaceMarkTable?k_raceDate=2008%2F09%2F16&k_raceNo=11&k_babaCode=21,data/cache/html/20080916_kawasaki_11.html
20080916_kawasaki_12,2008-09-16,kawasaki,12,https://www.keiba.go.jp/KeibaWeb/TodayRaceInfo/RaceMarkTable?k_raceDate=2008%2F09%2F16&k_raceNo=12&k_babaCode=21,data/cache/html/20080916_kawasaki_12.html
20080915_kawasaki_1,2008-09-15,kawasaki,1,https://www.keiba.go.jp/KeibaWeb/TodayRaceInfo/RaceMarkTable?k_raceDate=2008%2F09%2F15&k_raceNo=1&k_babaCode=21,data/cache/html/20080915_kawasaki_1.html
20080915_kawasaki_2,2008-09-15,kawasaki,2,https://www.keiba.go.jp/KeibaWeb/TodayRaceInfo/RaceMarkTable?k_raceDate=2008%2F09%2F15&k_raceNo=2&k_babaCode=21,data/cache/html/20080915_kawasaki_2.html
20080915_kawasaki_3,2008-09-15,kawasaki,3,https://www.keiba.go.jp/KeibaWeb/TodayRaceInfo/RaceMarkTable?k_raceDate=2008%2F09%2F15&k_raceNo=3&k_babaCode=21,data/cache/html/20080915_kawasaki_3.html
20080915_kawasaki_4,2008-09-15,kawasaki,4,https://www.keiba.go.jp/KeibaWeb/TodayRaceInfo/RaceMarkTable?k_raceDate=2008%2F09%2F15&k_raceNo=4&k_babaCode=21,data/cache/html/20080915_kawasaki_4.html
20080915_kawasaki_5,2008-09-15,kawasaki,5,https://www.keiba.go.jp/KeibaWeb/TodayRaceInfo/RaceMarkTable?k_raceDate=2008%2F09%2F15&k_raceNo=5&k_babaCode=21,data/cache/html/20080915_kawasaki_5.html
20080915_kawasaki_6,2008-09-15,kawasaki,6,https://www.keiba.go.jp/KeibaWeb/TodayRaceInfo/RaceMarkTable?k_raceDate=2008%2F09%2F15&k_raceNo=6&k_babaCode=21,data/cache/html/20080915_kawasaki_6.html
20080915_kawasaki_7,2008-09-15,kawasaki,7,https://www.keiba.go.jp/KeibaWeb/TodayRaceInfo/RaceMarkTable?k_raceDate=2008%2F09%2F15&k_raceNo=7&k_babaCode=21,data/cache/html/20080915_kawasaki_7.html
20080915_kawasaki_8,2008-09-15,kawasaki,8,https://www.keiba.go.jp/KeibaWeb/TodayRaceInfo/RaceMarkTable?k_raceDate=2008%2F09%2F15&k_raceNo=8&k_babaCode=21,data/cache/html/20080915_kawasaki_8.html
20080915_kawasaki_9,2008-09-15,kawasaki,9,https://www.keiba.go.jp/KeibaWeb/TodayRaceInfo/RaceMarkTable?k_raceDate=2008%2F09%2F15&k_raceNo=9&k_babaCode=21,data/cache/html/20080915_kawasaki_9.html
20080915_kawasaki_10,2008-09-15,kawasaki,10,https://www.keiba.go.jp/KeibaWeb/TodayRaceInfo/RaceMarkTable?k_raceDate=2008%2F09%2F15&k_raceNo=10&k_babaCode=21,data/cache/html/20080915_kawasaki_10.html
20080915_kawasaki_11,2008-09-15,kawasaki,11,https://www.keiba.go.jp/KeibaWeb/TodayRaceInfo/RaceMarkTable?k_raceDate=2008%2F09%2F15&k_raceNo=11&k_babaCode=21,data/cache/html/20080915_kawasaki_11.html
20080915_kawasaki_12,2008-09-15,kawasaki,12,https://www.keiba.go.jp/KeibaWeb/TodayRaceInfo/RaceMarkTable?k_raceDate=2008%2F09%2F15&k_raceNo=12&k_babaCode=21,data/cache/html/20080915_kawasaki_12.html
20080914_kawasaki_1,2008-09-14,kawasaki,1,https://www.keiba.go.jp/KeibaWeb/TodayRaceInfo/RaceMarkTable?k_raceDate=2008%2F09%2F14&k_raceNo=1&k_babaCode=21,data/cache/html/20080914_kawasaki_1.html
20080914_kawasaki_2,2008-09-14,kawasaki,2,https://www.keiba.go.jp/KeibaWeb/TodayRaceInfo/RaceMarkTable?k_raceDate=2008%2F09%2F14&k_raceNo=2&k_babaCode=21,data/cache/html/20080914_kawasaki_2.html
20080914_kawasaki_3,2008-09-14,kawasaki,3,https://www.keiba.go.jp/KeibaWeb/TodayRaceInfo/RaceMarkTable?k_raceDate=2008%2F09%2F14&k_raceNo=3&k_babaCode=21,data/cache/html/20080914_kawasaki_3.html
20080914_kawasaki_4,2008-09-14,kawasaki,4,https://www.keiba.go.jp/KeibaWeb/TodayRaceInfo/RaceMarkTable?k_raceDate=2008%2F09%2F14&k_raceNo=4&k_babaCode=21,data/cache/html/20080914_kawasaki_4.html
20080914_kawasaki_5,2008-09-14,kawasaki,5,https://www.keiba.go.jp/KeibaWeb/TodayRaceInfo/RaceMarkTable?k_raceDate=2008%2F09%2F14&k_raceNo=5&k_babaCode=21,data/cache/html/20080914_kawasaki_5.html
20080914_kawasaki_6,2008-09-14,kawasaki,6,https://www.keiba.go.jp/KeibaWeb/TodayRaceInfo/RaceMarkTable?k_raceDate=2008%2F09%2F14&k_raceNo=6&k_babaCode=21,data/cache/html/20080914_kawasaki_6.html
20080914_kawasaki_7,2008-09-14,kawasaki,7,https://www.keiba.go.jp/KeibaWeb/TodayRaceInfo/RaceMarkTable?k_raceDate=2008%2F09%2F14&k_raceNo=7&k_babaCode=21,data/cache/html/20080914_kawasaki_7.html
20080914_kawasaki_8,2008-09-14,kawasaki,8,https://www.keiba.go.jp/KeibaWeb/TodayRaceInfo/RaceMarkTable?k_raceDate=2008%2F09%2F14&k_raceNo=8&k_babaCode=21,data/cache/html/20080914_kawasaki_8.html
20080914_kawasaki_9,2008-09-14,kawasaki,9,https://www.keiba.go.jp/KeibaWeb/TodayRaceInfo/RaceMarkTable?k_raceDate=2008%2F09%2F14&k_raceNo=9&k_babaCode=21,data/cache/html/20080914_kawasaki_9.html
20080914_kawasaki_10,2008-09-14,kawasaki,10,https://www.keiba.go.jp/KeibaWeb/TodayRaceInfo/RaceMarkTable?k_raceDate=2008%2F09%2F14&k_raceNo=10&k_babaCode=21,data/cache/html/20080914_kawasaki_10.html
20080914_kawasaki_11,2008-09-14,kawasaki,11,https://www.keiba.go.jp/KeibaWeb/TodayRaceInfo/RaceMarkTable?k_raceDate=2008%2F09%2F14&k_raceNo=11&k_babaCode=21,data/cache/html/20080914_kawasaki_11.html
20080914_kawasaki_12,2008-09-14,kawasaki,12,https://www.keiba.go.jp/KeibaWeb/TodayRaceInfo/RaceMarkTable?k_raceDate=2008%2F09%2F14&k_raceNo=12&k_babaCode=21,data/cache/html/20080914_kawasaki_12.html
20080913_kawasaki_1,2008-09-13,kawasaki,1,https://www.keiba.go.jp/KeibaWeb/TodayRaceInfo/RaceMarkTable?k_raceDate=2008%2F09%2F13&k_raceNo=1&k_babaCode=21,data/cache/html/20080913_kawasaki_1.html
20080913_kawasaki_2,2008-09-13,kawasaki,2,https://www.keiba.go.jp/KeibaWeb/TodayRaceInfo/RaceMarkTable?k_raceDate=2008%2F09%2F13&k_raceNo=2&k_babaCode=21,data/cache/html/20080913_kawasaki_2.html
20080913_kawasaki_3,2008-09-13,kawasaki,3,https://www.keiba.go.jp/KeibaWeb/TodayRaceInfo/RaceMarkTable?k_raceDate=2008%2F09%2F13&k_raceNo=3&k_babaCode=21,data/cache/html/20080913_kawasaki_3.html
20080913_kawasaki_4,2008-09-13,kawasaki,4,https://www.keiba.go.jp/KeibaWeb/TodayRaceInfo/RaceMarkTable?k_raceDate=2008%2F09%2F13&k_raceNo=4&k_babaCode=21,data/cache/html/20080913_kawasaki_4.html
20080913_kawasaki_5,2008-09-13,kawasaki,5,https://www.keiba.go.jp/KeibaWeb/TodayRaceInfo/RaceMarkTable?k_raceDate=2008%2F09%2F13&k_raceNo=5&k_babaCode=21,data/cache/html/20080913_kawasaki_5.html
20080913_kawasaki_6,2008-09-13,kawasaki,6,https://www.keiba.go.jp/KeibaWeb/TodayRaceInfo/RaceMarkTable?k_raceDate=2008%2F09%2F13&k_raceNo=6&k_babaCode=21,data/cache/html/20080913_kawasaki_6.html
20080913_kawasaki_7,2008-09-13,kawasaki,7,https://www.keiba.go.jp/KeibaWeb/TodayRaceInfo/RaceMarkTable?k_raceDate=2008%2F09%2F13&k_raceNo=7&k_babaCode=21,data/cache/html/20080913_kawasaki_7.html
20080913_kawasaki_8,2008-09-13,kawasaki,8,https://www.keiba.go.jp/KeibaWeb/TodayRaceInfo/RaceMarkTable?k_raceDate=2008%2F09%2F13&k_raceNo=8&k_babaCode=21,data/cache/html/20080913_kawasaki_8.html
20080913_kawasaki_9,2008-09-13,kawasaki,9,https://www.keiba.go.jp/KeibaWeb/TodayRaceInfo/RaceMarkTable?k_raceDate=2008%2F09%2F13&k_raceNo=9&k_babaCode=21,data/cache/html/20080913_kawasaki_9.html
20080913_kawasaki_10,2008-09-13,kawasaki,10,https://www.keiba.go.jp/KeibaWeb/TodayRaceInfo/RaceMarkTable?k_raceDate=2008%2F09%2F13&k_raceNo=10&k_babaCode=21,data/cache/html/20080913_kawasaki_10.html
20080913_kawasaki_11,2008-09-13,kawasaki,11,https://www.keiba.go.jp/KeibaWeb/TodayRaceInfo/RaceMarkTable?k_raceDate=2008%2F09%2F13&k_raceNo=11&k_babaCode=21,data/cache/html/20080913_kawasaki_11.html
20080913_kawasaki_12,2008-09-13,kawasaki,12,https://www.keiba.go.jp/KeibaWeb/TodayRaceInfo/RaceMarkTable?k_raceDate=2008%2F09%2F13&k_raceNo=12&k_babaCode=21,data/cache/html/20080913_kawasaki_12.html
20080906_kawasaki_1,2008-09-06,kawasaki,1,https://www.keiba.go.jp/KeibaWeb/TodayRaceInfo/RaceMarkTable?k_raceDate=2008%2F09%2F06&k_raceNo=1&k_babaCode=21,data/cache/html/20080906_kawasaki_1.html
20080906_kawasaki_2,2008-09-06,kawasaki,2,https://www.keiba.go.jp/KeibaWeb/TodayRaceInfo/RaceMarkTable?k_raceDate=2008%2F09%2F06&k_raceNo=2&k_babaCode=21,data/cache/html/20080906_kawasaki_2.html
20080906_kawasaki_3,2008-09-06,kawasaki,3,https://www.keiba.go.jp/KeibaWeb/TodayRaceInfo/RaceMarkTable?k_raceDate=2008%2F09%2F06&k_raceNo=3&k_babaCode=21,data/cache/html/20080906_kawasaki_3.html
20080906_kawasaki_4,2008-09-06,kawasaki,4,https://www.keiba.go.jp/KeibaWeb/TodayRaceInfo/RaceMarkTable?k_raceDate=2008%2F09%2F06&k_raceNo=4&k_babaCode=21,data/cache/html/20080906_kawasaki_4.html
20080906_kawasaki_5,2008-09-06,kawasaki,5,https://www.keiba.go.jp/KeibaWeb/TodayRaceInfo/RaceMarkTable?k_raceDate=2008%2F09%2F06&k_raceNo=5&k_babaCode=21,data/cache/html/20080906_kawasaki_5.html
20080906_kawasaki_6,2008-09-06,kawasaki,6,https://www.keiba.go.jp/KeibaWeb/TodayRaceInfo/RaceMarkTable?k_raceDate=2008%2F09%2F06&k_raceNo=6&k_babaCode=21,data/cache/html/20080906_kawasaki_6.html
20080906_kawasaki_7,2008-09-06,kawasaki,7,https://www.keiba.go.jp/KeibaWeb/TodayRaceInfo/RaceMarkTable?k_raceDate=2008%2F09%2F06&k_raceNo=7&k_babaCode=21,data/cache/html/20080906_kawasaki_7.html
20080906_kawasaki_8,2008-09-06,kawasaki,8,https://www.keiba.go.jp/KeibaWeb/TodayRaceInfo/RaceMarkTable?k_raceDate=2008%2F09%2F06&k_raceNo=8&k_babaCode=21,data/cache/html/20080906_kawasaki_8.html
20080906_kawasaki_9,2008-09-06,kawasaki,9,https://www.keiba.go.jp/KeibaWeb/TodayRaceInfo/RaceMarkTable?k_raceDate=2008%2F09%2F06&k_raceNo=9&k_babaCode=21,data/cache/html/20080906_kawasaki_9.html
20080906_kawasaki_10,2008-09-06,kawasaki,10,https://www.keiba.go.jp/KeibaWeb/TodayRaceInfo/RaceMarkTable?k_raceDate=2008%2F09%2F06&k_raceNo=10&k_babaCode=21,data/cache/html/20080906_kawasaki_10.html
20080906_kawasaki_11,2008-09-06,kawasaki,11,https://www.keiba.go.jp/KeibaWeb/TodayRaceInfo/RaceMarkTable?k_raceDate=2008%2F09%2F06&k_raceNo=11&k_babaCode=21,data/cache/html/20080906_kawasaki_11.html
20080906_kawasaki_12,2008-09-06,kawasaki,12,https://www.keiba.go.jp/KeibaWeb/TodayRaceInfo/RaceMarkTable?k_raceDate=2008%2F09%2F06&k_raceNo=12&k_babaCode=21,data/cache/html/20080906_kawasaki_12.html
20080905_kawasaki_1,2008-09-05,kawasaki,1,https://www.keiba.go.jp/KeibaWeb/TodayRaceInfo/RaceMarkTable?k_raceDate=2008%2F09%2F05&k_raceNo=1&k_babaCode=21,data/cache/html/20080905_kawasaki_1.html
20080905_kawasaki_2,2008-09-05,kawasaki,2,https://www.keiba.go.jp/KeibaWeb/TodayRaceInfo/RaceMarkTable?k_raceDate=2008%2F09%2F05&k_raceNo=2&k_babaCode=21,data/cache/html/20080905_kawasaki_2.html
20080905_kawasaki_3,2008-09-05,kawasaki,3,https://www.keiba.go.jp/KeibaWeb/TodayRaceInfo/RaceMarkTable?k_raceDate=2008%2F09%2F05&k_raceNo=3&k_babaCode=21,data/cache/html/20080905_kawasaki_3.html
20080905_kawasaki_4,2008-09-05,kawasaki,4,https://www.keiba.go.jp/KeibaWeb/TodayRaceInfo/RaceMarkTable?k_raceDate=2008%2F09%2F05&k_raceNo=4&k_babaCode=21,data/cache/html/20080905_kawasaki_4.html
20080905_kawasaki_5,2008-09-05,kawasaki,5,https://www.keiba.go.jp/KeibaWeb/TodayRaceInfo/RaceMarkTable?k_raceDate=2008%2F09%2F05&k_raceNo=5&k_babaCode=21,data/cache/html/20080905_kawasaki_5.html
20080905_kawasaki_6,2008-09-05,kawasaki,6,https://www.keiba.go.jp/KeibaWeb/TodayRaceInfo/RaceMarkTable?k_raceDate=2008%2F09%2F05&k_raceNo=6&k_babaCode=21,data/cache/html/20080905_kawasaki_6.html
20080905_kawasaki_7,2008-09-05,kawasaki,7,https://www.keiba.go.jp/KeibaWeb/TodayRaceInfo/RaceMarkTable?k_raceDate=2008%2F09%2F05&k_raceNo=7&k_babaCode=21,data/cache/html/20080905_kawasaki_7.html
20080905_kawasaki_8,2008-09-05,kawasaki,8,https://www.keiba.go.jp/KeibaWeb/TodayRaceInfo/RaceMarkTable?k_raceDate=2008%2F09%2F05&k_raceNo=8&k_babaCode=21,data/cache/html/20080905_kawasaki_8.html
20080905_kawasaki_9,2008-09-05,kawasaki,9,https://www.keiba.go.jp/KeibaWeb/TodayRaceInfo/RaceMarkTable?k_raceDate=2008%2F09%2F05&k_raceNo=9&k_babaCode=21,data/cache/html/20080905_kawasaki_9.html
20080905_kawasaki_10,2008-09-05,kawasaki,10,https://www.keiba.go.jp/KeibaWeb/TodayRaceInfo/RaceMarkTable?k_raceDate=2008%2F09%2F05&k_raceNo=10&k_babaCode=21,data/cache/html/20080905_kawasaki_10.html
20080905_kawasaki_11,2008-09-05,kawasaki,11,https://www.keiba.go.jp/KeibaWeb/TodayRaceInfo/RaceMarkTable?k_raceDate=2008%2F09%2F05&k_raceNo=11&k_babaCode=21,data/cache/html/20080905_kawasaki_11.html
20080905_kawasaki_12,2008-09-05,kawasaki,12,https://www.keiba.go.jp/KeibaWeb/TodayRaceInfo/RaceMarkTable?k_raceDate=2008%2F09%2F05&k_raceNo=12&k_babaCode=21,data/cache/html/20080905_kawasaki_12.html
20080904_kawasaki_1,2008-09-04,kawasaki,1,https://www.keiba.go.jp/KeibaWeb/TodayRaceInfo/RaceMarkTable?k_raceDate=2008%2F09%2F04&k_raceNo=1&k_babaCode=21,data/cache/html/20080904_kawasaki_1.html
20080904_kawasaki_2,2008-09-04,kawasaki,2,https://www.keiba.go.jp/KeibaWeb/TodayRaceInfo/RaceMarkTable?k_raceDate=2008%2F09%2F04&k_raceNo=2&k_babaCode=21,data/cache/html/20080904_kawasaki_2.html
20080904_kawasaki_3,2008-09-04,kawasaki,3,https://www.keiba.go.jp/KeibaWeb/TodayRaceInfo/RaceMarkTable?k_raceDate=2008%2F09%2F04&k_raceNo=3&k_babaCode=21,data/cache/html/20080904_kawasaki_3.html
20080904_kawasaki_4,2008-09-04,kawasaki,4,https://www.keiba.go.jp/KeibaWeb/TodayRaceInfo/RaceMarkTable?k_raceDate=2008%2F09%2F04&k_raceNo=4&k_babaCode=21,data/cache/html/20080904_kawasaki_4.html
20080904_kawasaki_5,2008-09-04,kawasaki,5,https://www.keiba.go.jp/KeibaWeb/TodayRaceInfo/RaceMarkTable?k_raceDate=2008%2F09%2F04&k_raceNo=5&k_babaCode=21,data/cache/html/20080904_kawasaki_5.html
20080904_kawasaki_6,2008-09-04,kawasaki,6,https://www.keiba.go.jp/KeibaWeb/TodayRaceInfo/RaceMarkTable?k_raceDate=2008%2F09%2F04&k_raceNo=6&k_babaCode=21,data/cache/html/20080904_kawasaki_6.html
20080904_kawasaki_7,2008-09-04,kawasaki,7,https://www.keiba.go.jp/KeibaWeb/TodayRaceInfo/RaceMarkTable?k_raceDate=2008%2F09%2F04&k_raceNo=7&k_babaCode=21,data/cache/html/20080904_kawasaki_7.html
20080904_kawasaki_8,2008-09-04,kawasaki,8,https://www.keiba.go.jp/KeibaWeb/TodayRaceInfo/RaceMarkTable?k_raceDate=2008%2F09%2F04&k_raceNo=8&k_babaCode=21,data/cache/html/20080904_kawasaki_8.html
20080904_kawasaki_9,2008-09-04,kawasaki,9,https://www.keiba.go.jp/KeibaWeb/TodayRaceInfo/RaceMarkTable?k_raceDate=2008%2F09%2F04&k_raceNo=9&k_babaCode=21,data/cache/html/20080904_kawasaki_9.html
20080904_kawasaki_10,2008-09-04,kawasaki,10,https://www.keiba.go.jp/KeibaWeb/TodayRaceInfo/RaceMarkTable?k_raceDate=2008%2F09%2F04&k_raceNo=10&k_babaCode=21,data/cache/html/20080904_kawasaki_10.html
20080904_kawasaki_11,2008-09-04,kawasaki,11,https://www.keiba.go.jp/KeibaWeb/TodayRaceInfo/RaceMarkTable?k_raceDate=2008%2F09%2F04&k_raceNo=11&k_babaCode=21,data/cache/html/20080904_kawasaki_11.html
20080904_kawasaki_12,2008-09-04,kawasaki,12,https://www.keiba.go.jp/KeibaWeb/TodayRaceInfo/RaceMarkTable?k_raceDate=2008%2F09%2F04&k_raceNo=12&k_babaCode=21,data/cache/html/20080904_kawasaki_12.html
20080903_kawasaki_1,2008-09-03,kawasaki,1,https://www.keiba.go.jp/KeibaWeb/TodayRaceInfo/RaceMarkTable?k_raceDate=2008%2F09%2F03&k_raceNo=1&k_babaCode=21,data/cache/html/20080903_kawasaki_1.html
20080903_kawasaki_2,2008-09-03,kawasaki,2,https://www.keiba.go.jp/KeibaWeb/TodayRaceInfo/RaceMarkTable?k_raceDate=2008%2F09%2F03&k_raceNo=2&k_babaCode=21,data/cache/html/20080903_kawasaki_2.html
20080903_kawasaki_3,2008-09-03,kawasaki,3,https://www.keiba.go.jp/KeibaWeb/TodayRaceInfo/RaceMarkTable?k_raceDate=2008%2F09%2F03&k_raceNo=3&k_babaCode=21,data/cache/html/20080903_kawasaki_3.html
20080903_kawasaki_4,2008-09-03,kawasaki,4,https://www.keiba.go.jp/KeibaWeb/TodayRaceInfo/RaceMarkTable?k_raceDate=2008%2F09%2F03&k_raceNo=4&k_babaCode=21,data/cache/html/20080903_kawasaki_4.html
20080903_kawasaki_5,2008-09-03,kawasaki,5,https://www.keiba.go.jp/KeibaWeb/TodayRaceInfo/RaceMarkTable?k_raceDate=2008%2F09%2F03&k_raceNo=5&k_babaCode=21,data/cache/html/20080903_kawasaki_5.html
20080903_kawasaki_6,2008-09-03,kawasaki,6,https://www.keiba.go.jp/KeibaWeb/TodayRaceInfo/RaceMarkTable?k_raceDate=2008%2F09%2F03&k_raceNo=6&k_babaCode=21,data/cache/html/20080903_kawasaki_6.html
20080903_kawasaki_7,2008-09-03,kawasaki,7,https://www.keiba.go.jp/KeibaWeb/TodayRaceInfo/RaceMarkTable?k_raceDate=2008%2F09%2F03&k_raceNo=7&k_babaCode=21,data/cache/html/20080903_kawasaki_7.html
20080903_kawasaki_8,2008-09-03,kawasaki,8,https://www.keiba.go.jp/KeibaWeb/TodayRaceInfo/RaceMarkTable?k_raceDate=2008%2F09%2F03&k_raceNo=8&k_babaCode=21,data/cache/html/20080903_kawasaki_8.html
20080903_kawasaki_9,2008-09-03,kawasaki,9,https://www.keiba.go.jp/KeibaWeb/TodayRaceInfo/RaceMarkTable?k_raceDate=2008%2F09%2F03&k_raceNo=9&k_babaCode=21,data/cache/html/20080903_kawasaki_9.html
20080903_kawasaki_10,2008-09-03,kawasaki,10,https://www.keiba.go.jp/KeibaWeb/TodayRaceInfo/RaceMarkTable?k_raceDate=2008%2F09%2F03&k_raceNo=10&k_babaCode=21,data/cache/html/20080903_kawasaki_10.html
20080903_kawasaki_11,2008-09-03,kawasaki,11,https://www.keiba.go.jp/KeibaWeb/TodayRaceInfo/RaceMarkTable?k_raceDate=2008%2F09%2F03&k_raceNo=11&k_babaCode=21,data/cache/html/20080903_kawasaki_11.html
20080903_kawasaki_12,2008-09-03,kawasaki,12,https://www.keiba.go.jp/KeibaWeb/TodayRaceInfo/RaceMarkTable?k_raceDate=2008%2F09%2F03&k_raceNo=12&k_babaCode=21,data/cache/html/20080903_kawasaki_12.html
20080902_kawasaki_1,2008-09-02,kawasaki,1,https://www.keiba.go.jp/KeibaWeb/TodayRaceInfo/RaceMarkTable?k_raceDate=2008%2F09%2F02&k_raceNo=1&k_babaCode=21,data/cache/html/20080902_kawasaki_1.html
20080902_kawasaki_2,2008-09-02,kawasaki,2,https://www.keiba.go.jp/KeibaWeb/TodayRaceInfo/RaceMarkTable?k_raceDate=2008%2F09%2F02&k_raceNo=2&k_babaCode=21,data/cache/html/20080902_kawasaki_2.html
20080902_kawasaki_3,2008-09-02,kawasaki,3,https://www.keiba.go.jp/KeibaWeb/TodayRaceInfo/RaceMarkTable?k_raceDate=2008%2F09%2F02&k_raceNo=3&k_babaCode=21,data/cache/html/20080902_kawasaki_3.html
20080902_kawasaki_4,2008-09-02,kawasaki,4,https://www.keiba.go.jp/KeibaWeb/TodayRaceInfo/RaceMarkTable?k_raceDate=2008%2F09%2F02&k_raceNo=4&k_babaCode=21,data/cache/html/20080902_kawasaki_4.html
20080902_kawasaki_5,2008-09-02,kawasaki,5,https://www.keiba.go.jp/KeibaWeb/TodayRaceInfo/RaceMarkTable?k_raceDate=2008%2F09%2F02&k_raceNo=5&k_babaCode=21,data/cache/html/20080902_kawasaki_5.html
20080902_kawasaki_6,2008-09-02,kawasaki,6,https://www.keiba.go.jp/KeibaWeb/TodayRaceInfo/RaceMarkTable?k_raceDate=2008%2F09%2F02&k_raceNo=6&k_babaCode=21,data/cache/html/20080902_kawasaki_6.html
20080902_kawasaki_7,2008-09-02,kawasaki,7,https://www.keiba.go.jp/KeibaWeb/TodayRaceInfo/RaceMarkTable?k_raceDate=2008%2F09%2F02&k_raceNo=7&k_babaCode=21,data/cache/html/20080902_kawasaki_7.html
20080902_kawasaki_8,2008-09-02,kawasaki,8,https://www.keiba.go.jp/KeibaWeb/TodayRaceInfo/RaceMarkTable?k_raceDate=2008%2F09%2F02&k_raceNo=8&k_babaCode=21,data/cache/html/20080902_kawasaki_8.html
20080902_kawasaki_9,2008-09-02,kawasaki,9,https://www.keiba.go.jp/KeibaWeb/TodayRaceInfo/RaceMarkTable?k_raceDate=2008%2F09%2F02&k_raceNo=9&k_babaCode=21,data/cache/html/20080902_kawasaki_9.html
20080902_kawasaki_10,2008-09-02,kawasaki,10,https://www.keiba.go.jp/KeibaWeb/TodayRaceInfo/RaceMarkTable?k_raceDate=2008%2F09%2F02&k_raceNo=10&k_babaCode=21,data/cache/html/20080902_kawasaki_10.html
20080902_kawasaki_11,2008-09-02,kawasaki,11,https://www.keiba.go.jp/KeibaWeb/TodayRaceInfo/RaceMarkTable?k_raceDate=2008%2F09%2F02&k_raceNo=11&k_babaCode=21,data/cache/html/20080902_kawasaki_11.html
20080902_kawasaki_12,2008-09-02,kawasaki,12,https://www.keiba.go.jp/KeibaWeb/TodayRaceInfo/RaceMarkTable?k_raceDate=2008%2F09%2F02&k_raceNo=12&k_babaCode=21,data/cache/html/20080902_kawasaki_12.html
20080901_kawasaki_1,2008-09-01,kawasaki,1,https://www.keiba.go.jp/KeibaWeb/TodayRaceInfo/RaceMarkTable?k_raceDate=2008%2F09%2F01&k_raceNo=1&k_babaCode=21,data/cache/html/20080901_kawasaki_1.html
20080901_kawasaki_2,2008-09-01,kawasaki,2,https://www.keiba.go.jp/KeibaWeb/TodayRaceInfo/RaceMarkTable?k_raceDate=2008%2F09%2F01&k_raceNo=2&k_babaCode=21,data/cache/html/20080901_kawasaki_2.html
20080901_kawasaki_3,2008-09-01,kawasaki,3,https://www.keiba.go.jp/KeibaWeb/TodayRaceInfo/RaceMarkTable?k_raceDate=2008%2F09%2F01&k_raceNo=3&k_babaCode=21,data/cache/html/20080901_kawasaki_3.html
20080901_kawasaki_4,2008-09-01,kawasaki,4,https://www.keiba.go.jp/KeibaWeb/TodayRaceInfo/RaceMarkTable?k_raceDate=2008%2F09%2F01&k_raceNo=4&k_babaCode=21,data/cache/html/20080901_kawasaki_4.html
20080901_kawasaki_5,2008-09-01,kawasaki,5,https://www.keiba.go.jp/KeibaWeb/TodayRaceInfo/RaceMarkTable?k_raceDate=2008%2F09%2F01&k_raceNo=5&k_babaCode=21,data/cache/html/20080901_kawasaki_5.html
20080901_kawasaki_6,2008-09-01,kawasaki,6,https://www.keiba.go.jp/KeibaWeb/TodayRaceInfo/RaceMarkTable?k_raceDate=2008%2F09%2F01&k_raceNo=6&k_babaCode=21,data/cache/html/20080901_kawasaki_6.html
20080901_kawasaki_7,2008-09-01,kawasaki,7,https://www.keiba.go.jp/KeibaWeb/TodayRaceInfo/RaceMarkTable?k_raceDate=2008%2F09%2F01&k_raceNo=7&k_babaCode=21,data/cache/html/20080901_kawasaki_7.html
20080901_kawasaki_8,2008-09-01,kawasaki,8,https://www.keiba.go.jp/KeibaWeb/TodayRaceInfo/RaceMarkTable?k_raceDate=2008%2F09%2F01&k_raceNo=8&k_babaCode=21,data/cache/html/20080901_kawasaki_8.html
20080901_kawasaki_9,2008-09-01,kawasaki,9,https://www.keiba.go.jp/KeibaWeb/TodayRaceInfo/RaceMarkTable?k_raceDate=2008%2F09%2F01&k_raceNo=9&k_babaCode=21,data/cache/html/20080901_kawasaki_9.html
20080901_kawasaki_10,2008-09-01,kawasaki,10,https://www.keiba.go.jp/KeibaWeb/TodayRaceInfo/RaceMarkTable?k_raceDate=2008%2F09%2F01&k_raceNo=10&k_babaCode=21,data/cache/html/20080901_kawasaki_10.html
20080901_kawasaki_11,2008-09-01,kawasaki,11,https://www.keiba.go.jp/KeibaWeb/TodayRaceInfo/RaceMarkTable?k_raceDate=2008%2F09%2F01&k_raceNo=11&k_babaCode=21,data/cache/html/20080901_kawasaki_11.html
20080901_kawasaki_12,2008-09-01,kawasaki,12,https://www.keiba.go.jp/KeibaWeb/TodayRaceInfo/RaceMarkTable?k_raceDate=2008%2F09%2F01&k_raceNo=12&k_babaCode=21,data/cache/html/20080901_kawasaki_12.html
20080831_kawasaki_1,2008-08-31,kawasaki,1,https://www.keiba.go.jp/KeibaWeb/TodayRaceInfo/RaceMarkTable?k_raceDate=2008%2F08%2F31&k_raceNo=1&k_babaCode=21,data/cache/html/20080831_kawasaki_1.html
20080831_kawasaki_2,2008-08-31,kawasaki,2,https://www.keiba.go.jp/KeibaWeb/TodayRaceInfo/RaceMarkTable?k_raceDate=2008%2F08%2F31&k_raceNo=2&k_babaCode=21,data/cache/html/20080831_kawasaki_2.html
20080831_kawasaki_3,2008-08-31,kawasaki,3,https://www.keiba.go.jp/KeibaWeb/TodayRaceInfo/RaceMarkTable?k_raceDate=2008%2F08%2F31&k_raceNo=3&k_babaCode=21,data/cache/html/20080831_kawasaki_3.html
20080831_kawasaki_4,2008-08-31,kawasaki,4,https://www.keiba.go.jp/KeibaWeb/TodayRaceInfo/RaceMarkTable?k_raceDate=2008%2F08%2F31&k_raceNo=4&k_babaCode=21,data/cache/html/20080831_kawasaki_4.html
20080831_kawasaki_5,2008-08-31,kawasaki,5,https://www.keiba.go.jp/KeibaWeb/TodayRaceInfo/RaceMarkTable?k_raceDate=2008%2F08%2F31&k_raceNo=5&k_babaCode=21,data/cache/html/20080831_kawasaki_5.html
20080831_kawasaki_6,2008-08-31,kawasaki,6,https://www.keiba.go.jp/KeibaWeb/TodayRaceInfo/RaceMarkTable?k_raceDate=2008%2F08%2F31&k_raceNo=6&k_babaCode=21,data/cache/html/20080831_kawasaki_6.html
20080831_kawasaki_7,2008-08-31,kawasaki,7,https://www.keiba.go.jp/KeibaWeb/TodayRaceInfo/RaceMarkTable?k_raceDate=2008%2F08%2F31&k_raceNo=7&k_babaCode=21,data/cache/html/20080831_kawasaki_7.html
20080831_kawasaki_8,2008-08-31,kawasaki,8,https://www.keiba.go.jp/KeibaWeb/TodayRaceInfo/RaceMarkTable?k_raceDate=2008%2F08%2F31&k_raceNo=8&k_babaCode=21,data/cache/html/20080831_kawasaki_8.html
20080831_kawasaki_9,2008-08-31,kawasaki,9,https://www.keiba.go.jp/KeibaWeb/TodayRaceInfo/RaceMarkTable?k_raceDate=2008%2F08%2F31&k_raceNo=9&k_babaCode=21,data/cache/html/20080831_kawasaki_9.html
20080831_kawasaki_10,2008-08-31,kawasaki,10,https://www.keiba.go.jp/KeibaWeb/TodayRaceInfo/RaceMarkTable?k_raceDate=2008%2F08%2F31&k_raceNo=10&k_babaCode=21,data/cache/html/20080831_kawasaki_10.html
20080831_kawasaki_11,2008-08-31,kawasaki,11,https://www.keiba.go.jp/KeibaWeb/TodayRaceInfo/RaceMarkTable?k_raceDate=2008%2F08%2F31&k_raceNo=11&k_babaCode=21,data/cache/html/20080831_kawasaki_11.html
20080831_kawasaki_12,2008-08-31,kawasaki,12,https://www.keiba.go.jp/KeibaWeb/TodayRaceInfo/RaceMarkTable?k_raceDate=2008%2F08%2F31&k_raceNo=12&k_babaCode=21,data/cache/html/20080831_kawasaki_12.html
20080830_kawasaki_1,2008-08-30,kawasaki,1,https://www.keiba.go.jp/KeibaWeb/TodayRaceInfo/RaceMarkTable?k_raceDate=2008%2F08%2F30&k_raceNo=1&k_babaCode=21,data/cache/html/20080830_kawasaki_1.html
20080830_kawasaki_2,2008-08-30,kawasaki,2,https://www.keiba.go.jp/KeibaWeb/TodayRaceInfo/RaceMarkTable?k_raceDate=2008%2F08%2F30&k_raceNo=2&k_babaCode=21,data/cache/html/20080830_kawasaki_2.html
20080830_kawasaki_3,2008-08-30,kawasaki,3,https://www.keiba.go.jp/KeibaWeb/TodayRaceInfo/RaceMarkTable?k_raceDate=2008%2F08%2F30&k_raceNo=3&k_babaCode=21,data/cache/html/20080830_kawasaki_3.html
20080830_kawasaki_4,2008-08-30,kawasaki,4,https://www.keiba.go.jp/KeibaWeb/TodayRaceInfo/RaceMarkTable?k_raceDate=2008%2F08%2F30&k_raceNo=4&k_babaCode=21,data/cache/html/20080830_kawasaki_4.html
20080830_kawasaki_5,2008-08-30,kawasaki,5,https://www.keiba.go.jp/KeibaWeb/TodayRaceInfo/RaceMarkTable?k_raceDate=2008%2F08%2F30&k_raceNo=5&k_babaCode=21,data/cache/html/20080830_kawasaki_5.html
20080830_kawasaki_6,2008-08-30,kawasaki,6,https://www.keiba.go.jp/KeibaWeb/TodayRaceInfo/RaceMarkTable?k_raceDate=2008%2F08%2F30&k_raceNo=6&k_babaCode=21,data/cache/html/20080830_kawasaki_6.html
20080830_kawasaki_7,2008-08-30,kawasaki,7,https://www.keiba.go.jp/KeibaWeb/TodayRaceInfo/RaceMarkTable?k_raceDate=2008%2F08%2F30&k_raceNo=7&k_babaCode=21,data/cache/html/20080830_kawasaki_7.html
20080830_kawasaki_8,2008-08-30,kawasaki,8,https://www.keiba.go.jp/KeibaWeb/TodayRaceInfo/RaceMarkTable?k_raceDate=2008%2F08%2F30&k_raceNo=8&k_babaCode=21,data/cache/html/20080830_kawasaki_8.html
20080830_kawasaki_9,2008-08-30,kawasaki,9,https://www.keiba.go.jp/KeibaWeb/TodayRaceInfo/RaceMarkTable?k_raceDate=2008%2F08%2F30&k_raceNo=9&k_babaCode=21,data/cache/html/20080830_kawasaki_9.html
20080830_kawasaki_10,2008-08-30,kawasaki,10,https://www.keiba.go.jp/KeibaWeb/TodayRaceInfo/RaceMarkTable?k_raceDate=2008%2F08%2F30&k_raceNo=10&k_babaCode=21,data/cache/html/20080830_kawasaki_10.html
20080830_kawasaki_11,2008-08-30,kawasaki,11,https://www.keiba.go.jp/KeibaWeb/TodayRaceInfo/RaceMarkTable?k_raceDate=2008%2F08%2F30&k_raceNo=11&k_babaCode=21,data/cache/html/20080830_kawasaki_11.html
20080830_kawasaki_12,2008-08-30,kawasaki,12,https://www.keiba.go.jp/KeibaWeb/TodayRaceInfo/RaceMarkTable?k_raceDate=2008%2F08%2F30&k_raceNo=12&k_babaCode=21,data/cache/html/20080830_kawasaki_12.html
20080829_kawasaki_1,2008-08-29,kawasaki,1,https://www.keiba.go.jp/KeibaWeb/TodayRaceInfo/RaceMarkTable?k_raceDate=2008%2F08%2F29&k_raceNo=1&k_babaCode=21,data/cache/html/20080829_kawasaki_1.html
20080829_kawasaki_2,2008-08-29,kawasaki,2,https://www.keiba.go.jp/KeibaWeb/TodayRaceInfo/RaceMarkTable?k_raceDate=2008%2F08%2F29&k_raceNo=2&k_babaCode=21,data/cache/html/20080829_kawasaki_2.html
20080829_kawasaki_3,2008-08-29,kawasaki,3,https://www.keiba.go.jp/KeibaWeb/TodayRaceInfo/RaceMarkTable?k_raceDate=2008%2F08%2F29&k_raceNo=3&k_babaCode=21,data/cache/html/20080829_kawasaki_3.html
20080829_kawasaki_4,2008-08-29,kawasaki,4,https://www.keiba.go.jp/KeibaWeb/TodayRaceInfo/RaceMarkTable?k_raceDate=2008%2F08%2F29&k_raceNo=4&k_babaCode=21,data/cache/html/20080829_kawasaki_4.html
20080829_kawasaki_5,2008-08-29,kawasaki,5,https://www.keiba.go.jp/KeibaWeb/TodayRaceInfo/RaceMarkTable?k_raceDate=2008%2F08%2F29&k_raceNo=5&k_babaCode=21,data/cache/html/20080829_kawasaki_5.html
20080829_kawasaki_6,2008-08-29,kawasaki,6,https://www.keiba.go.jp/KeibaWeb/TodayRaceInfo/RaceMarkTable?k_raceDate=2008%2F08%2F29&k_raceNo=6&k_babaCode=21,data/cache/html/20080829_kawasaki_6.html
20080829_kawasaki_7,2008-08-29,kawasaki,7,https://www.keiba.go.jp/KeibaWeb/TodayRaceInfo/RaceMarkTable?k_raceDate=2008%2F08%2F29&k_raceNo=7&k_babaCode=21,data/cache/html/20080829_kawasaki_7.html
20080829_kawasaki_8,2008-08-29,kawasaki,8,https://www.keiba.go.jp/KeibaWeb/TodayRaceInfo/RaceMarkTable?k_raceDate=2008%2F08%2F29&k_raceNo=8&k_babaCode=21,data/cache/html/20080829_kawasaki_8.html
20080829_kawasaki_9,2008-08-29,kawasaki,9,https://www.keiba.go.jp/KeibaWeb/TodayRaceInfo/RaceMarkTable?k_raceDate=2008%2F08%2F29&k_raceNo=9&k_babaCode=21,data/cache/html/20080829_kawasaki_9.html
20080829_kawasaki_10,2008-08-29,kawasaki,10,https://www.keiba.go.jp/KeibaWeb/TodayRaceInfo/RaceMarkTable?k_raceDate=2008%2F08%2F29&k_raceNo=10&k_babaCode=21,data/cache/html/20080829_kawasaki_10.html
20080829_kawasaki_11,2008-08-29,kawasaki,11,https://www.keiba.go.jp/KeibaWeb/TodayRaceInfo/RaceMarkTable?k_raceDate=2008%2F08%2F29&k_raceNo=11&k_babaCode=21,data/cache/html/20080829_kawasaki_11.html
20080829_kawasaki_12,2008-08-29,kawasaki,12,https://www.keiba.go.jp/KeibaWeb/TodayRaceInfo/RaceMarkTable?k_raceDate=2008%2F08%2F29&k_raceNo=12&k_babaCode=21,data/cache/html/20080829_kawasaki_12.html
20080828_kawasaki_1,2008-08-28,kawasaki,1,https://www.keiba.go.jp/KeibaWeb/TodayRaceInfo/RaceMarkTable?k_raceDate=2008%2F08%2F28&k_raceNo=1&k_babaCode=21,data/cache/html/20080828_kawasaki_1.html
20080828_kawasaki_2,2008-08-28,kawasaki,2,https://www.keiba.go.jp/KeibaWeb/TodayRaceInfo/RaceMarkTable?k_raceDate=2008%2F08%2F28&k_raceNo=2&k_babaCode=21,data/cache/html/20080828_kawasaki_2.html
20080828_kawasaki_3,2008-08-28,kawasaki,3,https://www.keiba.go.jp/KeibaWeb/TodayRaceInfo/RaceMarkTable?k_raceDate=2008%2F08%2F28&k_raceNo=3&k_babaCode=21,data/cache/html/20080828_kawasaki_3.html
20080828_kawasaki_4,2008-08-28,kawasaki,4,https://www.keiba.go.jp/KeibaWeb/TodayRaceInfo/RaceMarkTable?k_raceDate=2008%2F08%2F28&k_raceNo=4&k_babaCode=21,data/cache/html/20080828_kawasaki_4.html
20080828_kawasaki_5,2008-08-28,kawasaki,5,https://www.keiba.go.jp/KeibaWeb/TodayRaceInfo/RaceMarkTable?k_raceDate=2008%2F08%2F28&k_raceNo=5&k_babaCode=21,data/cache/html/20080828_kawasaki_5.html
20080828_kawasaki_6,2008-08-28,kawasaki,6,https://www.keiba.go.jp/KeibaWeb/TodayRaceInfo/RaceMarkTable?k_raceDate=2008%2F08%2F28&k_raceNo=6&k_babaCode=21,data/cache/html/20080828_kawasaki_6.html
20080828_kawasaki_7,2008-08-28,kawasaki,7,https://www.keiba.go.jp/KeibaWeb/TodayRaceInfo/RaceMarkTable?k_raceDate=2008%2F08%2F28&k_raceNo=7&k_babaCode=21,data/cache/html/20080828_kawasaki_7.html
20080828_kawasaki_8,2008-08-28,kawasaki,8,https://www.keiba.go.jp/KeibaWeb/TodayRaceInfo/RaceMarkTable?k_raceDate=2008%2F08%2F28&k_raceNo=8&k_babaCode=21,data/cache/html/20080828_kawasaki_8.html
20080828_kawasaki_9,2008-08-28,kawasaki,9,https://www.keiba.go.jp/KeibaWeb/TodayRaceInfo/RaceMarkTable?k_raceDate=2008%2F08%2F28&k_raceNo=9&k_babaCode=21,data/cache/html/20080828_kawasaki_9.html
20080828_kawasaki_10,2008-08-28,kawasaki,10,https://www.keiba.go.jp/KeibaWeb/TodayRaceInfo/RaceMarkTable?k_raceDate=2008%2F08%2F28&k_raceNo=10&k_babaCode=21,data/cache/html/20080828_kawasaki_10.html
20080828_kawasaki_11,2008-08-28,kawasaki,11,https://www.keiba.go.jp/KeibaWeb/TodayRaceInfo/RaceMarkTable?k_raceDate=2008%2F08%2F28&k_raceNo=11&k_babaCode=21,data/cache/html/20080828_kawasaki_11.html
20080828_kawasaki_12,2008-08-28,kawasaki,12,https://www.keiba.go.jp/KeibaWeb/TodayRaceInfo/RaceMarkTable?k_raceDate=2008%2F08%2F28&k_raceNo=12&k_babaCode=21,data/cache/html/20080828_kawasaki_12.html
20080827_kawasaki_1,2008-08-27,kawasaki,1,https://www.keiba.go.jp/KeibaWeb/TodayRaceInfo/RaceMarkTable?k_raceDate=2008%2F08%2F27&k_raceNo=1&k_babaCode=21,data/cache/html/20080827_kawasaki_1.html
20080827_kawasaki_2,2008-08-27,kawasaki,2,https://www.keiba.go.jp/KeibaWeb/TodayRaceInfo/RaceMarkTable?k_raceDate=2008%2F08%2F27&k_raceNo=2&k_babaCode=21,data/cache/html/20080827_kawasaki_2.html
20080827_kawasaki_3,2008-08-27,kawasaki,3,https://www.keiba.go.jp/KeibaWeb/TodayRaceInfo/RaceMarkTable?k_raceDate=2008%2F08%2F27&k_raceNo=3&k_babaCode=21,data/cache/html/20080827_kawasaki_3.html
20080827_kawasaki_4,2008-08-27,kawasaki,4,https://www.keiba.go.jp/KeibaWeb/TodayRaceInfo/RaceMarkTable?k_raceDate=2008%2F08%2F27&k_raceNo=4&k_babaCode=21,data/cache/html/20080827_kawasaki_4.html
20080827_kawasaki_5,2008-08-27,kawasaki,5,https://www.keiba.go.jp/KeibaWeb/TodayRaceInfo/RaceMarkTable?k_raceDate=2008%2F08%2F27&k_raceNo=5&k_babaCode=21,data/cache/html/20080827_kawasaki_5.html
20080827_kawasaki_6,2008-08-27,kawasaki,6,https://www.keiba.go.jp/KeibaWeb/TodayRaceInfo/RaceMarkTable?k_raceDate=2008%2F08%2F27&k_raceNo=6&k_babaCode=21,data/cache/html/20080827_kawasaki_6.html
20080827_kawasaki_7,2008-08-27,kawasaki,7,https://www.keiba.go.jp/KeibaWeb/TodayRaceInfo/RaceMarkTable?k_raceDate=2008%2F08%2F27&k_raceNo=7&k_babaCode=21,data/cache/html/20080827_kawasaki_7.html
20080827_kawasaki_8,2008-08-27,kawasaki,8,https://www.keiba.go.jp/KeibaWeb/TodayRaceInfo/RaceMarkTable?k_raceDate=2008%2F08%2F27&k_raceNo=8&k_babaCode=21,data/cache/html/20080827_kawasaki_8.html
20080827_kawasaki_9,2008-08-27,kawasaki,9,https://www.keiba.go.jp/KeibaWeb/TodayRaceInfo/RaceMarkTable?k_raceDate=2008%2F08%2F27&k_raceNo=9&k_babaCode=21,data/cache/html/20080827_kawasaki_9.html
20080827_kawasaki_10,2008-08-27,kawasaki,10,https://www.keiba.go.jp/KeibaWeb/TodayRaceInfo/RaceMarkTable?k_raceDate=2008%2F08%2F27&k_raceNo=10&k_babaCode=21,data/cache/html/20080827_kawasaki_10.html
20080827_kawasaki_11,2008-08-27,kawasaki,11,https://www.keiba.go.jp/KeibaWeb/TodayRaceInfo/RaceMarkTable?k_raceDate=2008%2F08%2F27&k_raceNo=11&k_babaCode=21,data/cache/html/20080827_kawasaki_11.html
20080827_kawasaki_12,2008-08-27,kawasaki,12,https://www.keiba.go.jp/KeibaWeb/TodayRaceInfo/RaceMarkTable?k_raceDate=2008%2F08%2F27&k_raceNo=12&k_babaCode=21,data/cache/html/20080827_kawasaki_12.html
20080826_kawasaki_1,2008-08-26,kawasaki,1,https://www.keiba.go.jp/KeibaWeb/TodayRaceInfo/RaceMarkTable?k_raceDate=2008%2F08%2F26&k_raceNo=1&k_babaCode=21,data/cache/html/20080826_kawasaki_1.html
20080826_kawasaki_2,2008-08-26,kawasaki,2,https://www.keiba.go.jp/KeibaWeb/TodayRaceInfo/RaceMarkTable?k_raceDate=2008%2F08%2F26&k_raceNo=2&k_babaCode=21,data/cache/html/20080826_kawasaki_2.html
20080826_kawasaki_3,2008-08-26,kawasaki,3,https://www.keiba.go.jp/KeibaWeb/TodayRaceInfo/RaceMarkTable?k_raceDate=2008%2F08%2F26&k_raceNo=3&k_babaCode=21,data/cache/html/20080826_kawasaki_3.html
20080826_kawasaki_4,2008-08-26,kawasaki,4,https://www.keiba.go.jp/KeibaWeb/TodayRaceInfo/RaceMarkTable?k_raceDate=2008%2F08%2F26&k_raceNo=4&k_babaCode=21,data/cache/html/20080826_kawasaki_4.html
20080826_kawasaki_5,2008-08-26,kawasaki,5,https://www.keiba.go.jp/KeibaWeb/TodayRaceInfo/RaceMarkTable?k_raceDate=2008%2F08%2F26&k_raceNo=5&k_babaCode=21,data/cache/html/20080826_kawasaki_5.html
20080826_kawasaki_6,2008-08-26,kawasaki,6,https://www.keiba.go.jp/KeibaWeb/TodayRaceInfo/RaceMarkTable?k_raceDate=2008%2F08%2F26&k_raceNo=6&k_babaCode=21,data/cache/html/20080826_kawasaki_6.html
20080826_kawasaki_7,2008-08-26,kawasaki,7,https://www.keiba.go.jp/KeibaWeb/TodayRaceInfo/RaceMarkTable?k_raceDate=2008%2F08%2F26&k_raceNo=7&k_babaCode=21,data/cache/html/20080826_kawasaki_7.html
20080826_kawasaki_8,2008-08-26,kawasaki,8,https://www.keiba.go.jp/KeibaWeb/TodayRaceInfo/RaceMarkTable?k_raceDate=2008%2F08%2F26&k_raceNo=8&k_babaCode=21,data/cache/html/20080826_kawasaki_8.html
20080826_kawasaki_9,2008-08-26,kawasaki,9,https://www.keiba.go.jp/KeibaWeb/TodayRaceInfo/RaceMarkTable?k_raceDate=2008%2F08%2F26&k_raceNo=9&k_babaCode=21,data/cache/html/20080826_kawasaki_9.html
20080826_kawasaki_10,2008-08-26,kawasaki,10,https://www.keiba.go.jp/KeibaWeb/TodayRaceInfo/RaceMarkTable?k_raceDate=2008%2F08%2F26&k_raceNo=10&k_babaCode=21,data/cache/html/20080826_kawasaki_10.html
20080826_kawasaki_11,2008-08-26,kawasaki,11,https://www.keiba.go.jp/KeibaWeb/TodayRaceInfo/RaceMarkTable?k_raceDate=2008%2F08%2F26&k_raceNo=11&k_babaCode=21,data/cache/html/20080826_kawasaki_11.html
20080826_kawasaki_12,2008-08-26,kawasaki,12,https://www.keiba.go.jp/KeibaWeb/TodayRaceInfo/RaceMarkTable?k_raceDate=2008%2F08%2F26&k_raceNo=12&k_babaCode=21,data/cache/html/20080826_kawasaki_12.html
20080825_kawasaki_1,2008-08-25,kawasaki,1,https://www.keiba.go.jp/KeibaWeb/TodayRaceInfo/RaceMarkTable?k_raceDate=2008%2F08%2F25&k_raceNo=1&k_babaCode=21,data/cache/html/20080825_kawasaki_1.html
20080825_kawasaki_2,2008-08-25,kawasaki,2,https://www.keiba.go.jp/KeibaWeb/TodayRaceInfo/RaceMarkTable?k_raceDate=2008%2F08%2F25&k_raceNo=2&k_babaCode=21,data/cache/html/20080825_kawasaki_2.html
20080825_kawasaki_3,2008-08-25,kawasaki,3,https://www.keiba.go.jp/KeibaWeb/TodayRaceInfo/RaceMarkTable?k_raceDate=2008%2F08%2F25&k_raceNo=3&k_babaCode=21,data/cache/html/20080825_kawasaki_3.html
20080825_kawasaki_4,2008-08-25,kawasaki,4,https://www.keiba.go.jp/KeibaWeb/TodayRaceInfo/RaceMarkTable?k_raceDate=2008%2F08%2F25&k_raceNo=4&k_babaCode=21,data/cache/html/20080825_kawasaki_4.html
20080825_kawasaki_5,2008-08-25,kawasaki,5,https://www.keiba.go.jp/KeibaWeb/TodayRaceInfo/RaceMarkTable?k_raceDate=2008%2F08%2F25&k_raceNo=5&k_babaCode=21,data/cache/html/20080825_kawasaki_5.html
20080825_kawasaki_6,2008-08-25,kawasaki,6,https://www.keiba.go.jp/KeibaWeb/TodayRaceInfo/RaceMarkTable?k_raceDate=2008%2F08%2F25&k_raceNo=6&k_babaCode=21,data/cache/html/20080825_kawasaki_6.html
20080825_kawasaki_7,2008-08-25,kawasaki,7,https://www.keiba.go.jp/KeibaWeb/TodayRaceInfo/RaceMarkTable?k_raceDate=2008%2F08%2F25&k_raceNo=7&k_babaCode=21,data/cache/html/20080825_kawasaki_7.html
20080825_kawasaki_8,2008-08-25,kawasaki,8,https://www.keiba.go.jp/KeibaWeb/TodayRaceInfo/RaceMarkTable?k_raceDate=2008%2F08%2F25&k_raceNo=8&k_babaCode=21,data/cache/html/20080825_kawasaki_8.html
20080825_kawasaki_9,2008-08-25,kawasaki,9,https://www.keiba.go.jp/KeibaWeb/TodayRaceInfo/RaceMarkTable?k_raceDate=2008%2F08%2F25&k_raceNo=9&k_babaCode=21,data/cache/html/20080825_kawasaki_9.html
20080825_kawasaki_10,2008-08-25,kawasaki,10,https://www.keiba.go.jp/KeibaWeb/TodayRaceInfo/RaceMarkTable?k_raceDate=2008%2F08%2F25&k_raceNo=10&k_babaCode=21,data/cache/html/20080825_kawasaki_10.html
20080825_kawasaki_11,2008-08-25,kawasaki,11,https://www.keiba.go.jp/KeibaWeb/TodayRaceInfo/RaceMarkTable?k_raceDate=2008%2F08%2F25&k_raceNo=11&k_babaCode=21,data/cache/html/20080825_kawasaki_11.html
20080825_kawasaki_12,2008-08-25,kawasaki,12,https://www.keiba.go.jp/KeibaWeb/TodayRaceInfo/RaceMarkTable?k_raceDate=2008%2F08%2F25&k_raceNo=12&k_babaCode=21,data/cache/html/20080825_kawasaki_12.html
20080824_kawasaki_1,2008-08-24,kawasaki,1,https://www.keiba.go.jp/KeibaWeb/TodayRaceInfo/RaceMarkTable?k_raceDate=2008%2F08%2F24&k_raceNo=1&k_babaCode=21,data/cache/html/20080824_kawasaki_1.html
20080824_kawasaki_2,2008-08-24,kawasaki,2,https://www.keiba.go.jp/KeibaWeb/TodayRaceInfo/RaceMarkTable?k_raceDate=2008%2F08%2F24&k_raceNo=2&k_babaCode=21,data/cache/html/20080824_kawasaki_2.html
20080824_kawasaki_3,2008-08-24,kawasaki,3,https://www.keiba.go.jp/KeibaWeb/TodayRaceInfo/RaceMarkTable?k_raceDate=2008%2F08%2F24&k_raceNo=3&k_babaCode=21,data/cache/html/20080824_kawasaki_3.html
20080824_kawasaki_4,2008-08-24,kawasaki,4,https://www.keiba.go.jp/KeibaWeb/TodayRaceInfo/RaceMarkTable?k_raceDate=2008%2F08%2F24&k_raceNo=4&k_babaCode=21,data/cache/html/20080824_kawasaki_4.html
20080824_kawasaki_5,2008-08-24,kawasaki,5,https://www.keiba.go.jp/KeibaWeb/TodayRaceInfo/RaceMarkTable?k_raceDate=2008%2F08%2F24&k_raceNo=5&k_babaCode=21,data/cache/html/20080824_kawasaki_5.html
20080824_kawasaki_6,2008-08-24,kawasaki,6,https://www.keiba.go.jp/KeibaWeb/TodayRaceInfo/RaceMarkTable?k_raceDate=2008%2F08%2F24&k_raceNo=6&k_babaCode=21,data/cache/html/20080824_kawasaki_6.html
20080824_kawasaki_7,2008-08-24,kawasaki,7,https://www.keiba.go.jp/KeibaWeb/TodayRaceInfo/RaceMarkTable?k_raceDate=2008%2F08%2F24&k_raceNo=7&k_babaCode=21,data/cache/html/20080824_kawasaki_7.html
20080824_kawasaki_8,2008-08-24,kawasaki,8,https://www.keiba.go.jp/KeibaWeb/TodayRaceInfo/RaceMarkTable?k_raceDate=2008%2F08%2F24&k_raceNo=8&k_babaCode=21,data/cache/html/20080824_kawasaki_8.html
20080824_kawasaki_9,2008-08-24,kawasaki,9,https://www.keiba.go.jp/KeibaWeb/TodayRaceInfo/RaceMarkTable?k_raceDate=2008%2F08%2F24&k_raceNo=9&k_babaCode=21,data/cache/html/20080824_kawasaki_9.html
20080824_kawasaki_10,2008-08-24,kawasaki,10,https://www.keiba.go.jp/KeibaWeb/TodayRaceInfo/RaceMarkTable?k_raceDate=2008%2F08%2F24&k_raceNo=10&k_babaCode=21,data/cache/html/20080824_kawasaki_10.html
20080824_kawasaki_11,2008-08-24,kawasaki,11,https://www.keiba.go.jp/KeibaWeb/TodayRaceInfo/RaceMarkTable?k_raceDate=2008%2F08%2F24&k_raceNo=11&k_babaCode=21,data/cache/html/20080824_kawasaki_11.html
20080824_kawasaki_12,2008-08-24,kawasaki,12,https://www.keiba.go.jp/KeibaWeb/TodayRaceInfo/RaceMarkTable?k_raceDate=2008%2F08%2F24&k_raceNo=12&k_babaCode=21,data/cache/html/20080824_kawasaki_12.html
20080823_kawasaki_1,2008-08-23,kawasaki,1,https://www.keiba.go.jp/KeibaWeb/TodayRaceInfo/RaceMarkTable?k_raceDate=2008%2F08%2F23&k_raceNo=1&k_babaCode=21,data/cache/html/20080823_kawasaki_1.html
20080823_kawasaki_2,2008-08-23,kawasaki,2,https://www.keiba.go.jp/KeibaWeb/TodayRaceInfo/RaceMarkTable?k_raceDate=2008%2F08%2F23&k_raceNo=2&k_babaCode=21,data/cache/html/20080823_kawasaki_2.html
20080823_kawasaki_3,2008-08-23,kawasaki,3,https://www.keiba.go.jp/KeibaWeb/TodayRaceInfo/RaceMarkTable?k_raceDate=2008%2F08%2F23&k_raceNo=3&k_babaCode=21,data/cache/html/20080823_kawasaki_3.html
20080823_kawasaki_4,2008-08-23,kawasaki,4,https://www.keiba.go.jp/KeibaWeb/TodayRaceInfo/RaceMarkTable?k_raceDate=2008%2F08%2F23&k_raceNo=4&k_babaCode=21,data/cache/html/20080823_kawasaki_4.html
20080823_kawasaki_5,2008-08-23,kawasaki,5,https://www.keiba.go.jp/KeibaWeb/TodayRaceInfo/RaceMarkTable?k_raceDate=2008%2F08%2F23&k_raceNo=5&k_babaCode=21,data/cache/html/20080823_kawasaki_5.html
20080823_kawasaki_6,2008-08-23,kawasaki,6,https://www.keiba.go.jp/KeibaWeb/TodayRaceInfo/RaceMarkTable?k_raceDate=2008%2F08%2F23&k_raceNo=6&k_babaCode=21,data/cache/html/20080823_kawasaki_6.html
20080823_kawasaki_7,2008-08-23,kawasaki,7,https://www.keiba.go.jp/KeibaWeb/TodayRaceInfo/RaceMarkTable?k_raceDate=2008%2F08%2F23&k_raceNo=7&k_babaCode=21,data/cache/html/20080823_kawasaki_7.html
20080823_kawasaki_8,2008-08-23,kawasaki,8,https://www.keiba.go.jp/KeibaWeb/TodayRaceInfo/RaceMarkTable?k_raceDate=2008%2F08%2F23&k_raceNo=8&k_babaCode=21,data/cache/html/20080823_kawasaki_8.html
20080823_kawasaki_9,2008-08-23,kawasaki,9,https://www.keiba.go.jp/KeibaWeb/TodayRaceInfo/RaceMarkTable?k_raceDate=2008%2F08%2F23&k_raceNo=9&k_babaCode=21,data/cache/html/20080823_kawasaki_9.html
20080823_kawasaki_10,2008-08-23,kawasaki,10,https://www.keiba.go.jp/KeibaWeb/TodayRaceInfo/RaceMarkTable?k_raceDate=2008%2F08%2F23&k_raceNo=10&k_babaCode=21,data/cache/html/20080823_kawasaki_10.html
20080823_kawasaki_11,2008-08-23,kawasaki,11,https://www.keiba.go.jp/KeibaWeb/TodayRaceInfo/RaceMarkTable?k_raceDate=2008%2F08%2F23&k_raceNo=11&k_babaCode=21,data/cache/html/20080823_kawasaki_11.html
20080823_kawasaki_12,2008-08-23,kawasaki,12,https://www.keiba.go.jp/KeibaWeb/TodayRaceInfo/RaceMarkTable?k_raceDate=2008%2F08%2F23&k_raceNo=12&k_babaCode=21,data/cache/html/20080823_kawasaki_12.html
20080817_kawasaki_1,2008-08-17,kawasaki,1,https://www.keiba.go.jp/KeibaWeb/TodayRaceInfo/RaceMarkTable?k_raceDate=2008%2F08%2F17&k_raceNo=1&k_babaCode=21,data/cache/html/20080817_kawasaki_1.html
20080817_kawasaki_2,2008-08-17,kawasaki,2,https://www.keiba.go.jp/KeibaWeb/TodayRaceInfo/RaceMarkTable?k_raceDate=2008%2F08%2F17&k_raceNo=2&k_babaCode=21,data/cache/html/20080817_kawasaki_2.html
20080817_kawasaki_3,2008-08-17,kawasaki,3,https://www.keiba.go.jp/KeibaWeb/TodayRaceInfo/RaceMarkTable?k_raceDate=2008%2F08%2F17&k_raceNo=3&k_babaCode=21,data/cache/html/20080817_kawasaki_3.html
20080817_kawasaki_4,2008-08-17,kawasaki,4,https://www.keiba.go.jp/KeibaWeb/TodayRaceInfo/RaceMarkTable?k_raceDate=2008%2F08%2F17&k_raceNo=4&k_babaCode=21,data/cache/html/20080817_kawasaki_4.html
20080817_kawasaki_5,2008-08-17,kawasaki,5,https://www.keiba.go.jp/KeibaWeb/TodayRaceInfo/RaceMarkTable?k_raceDate=2008%2F08%2F17&k_raceNo=5&k_babaCode=21,data/cache/html/20080817_kawasaki_5.html
20080817_kawasaki_6,2008-08-17,kawasaki,6,https://www.keiba.go.jp/KeibaWeb/TodayRaceInfo/RaceMarkTable?k_raceDate=2008%2F08%2F17&k_raceNo=6&k_babaCode=21,data/cache/html/20080817_kawasaki_6.html
20080817_kawasaki_7,2008-08-17,kawasaki,7,https://www.keiba.go.jp/KeibaWeb/TodayRaceInfo/RaceMarkTable?k_raceDate=2008%2F08%2F17&k_raceNo=7&k_babaCode=21,data/cache/html/20080817_kawasaki_7.html
20080817_kawasaki_8,2008-08-17,kawasaki,8,https://www.keiba.go.jp/KeibaWeb/TodayRaceInfo/RaceMarkTable?k_raceDate=2008%2F08%2F17&k_raceNo=8&k_babaCode=21,data/cache/html/20080817_kawasaki_8.html
20080817_kawasaki_9,2008-08-17,kawasaki,9,https://www.keiba.go.jp/KeibaWeb/TodayRaceInfo/RaceMarkTable?k_raceDate=2008%2F08%2F17&k_raceNo=9&k_babaCode=21,data/cache/html/20080817_kawasaki_9.html
20080817_kawasaki_10,2008-08-17,kawasaki,10,https://www.keiba.go.jp/KeibaWeb/TodayRaceInfo/RaceMarkTable?k_raceDate=2008%2F08%2F17&k_raceNo=10&k_babaCode=21,data/cache/html/20080817_kawasaki_10.html
20080817_kawasaki_11,2008-08-17,kawasaki,11,https://www.keiba.go.jp/KeibaWeb/TodayRaceInfo/RaceMarkTable?k_raceDate=2008%2F08%2F17&k_raceNo=11&k_babaCode=21,data/cache/html/20080817_kawasaki_11.html
20080817_kawasaki_12,2008-08-17,kawasaki,12,https://www.keiba.go.jp/KeibaWeb/TodayRaceInfo/RaceMarkTable?k_raceDate=2008%2F08%2F17&k_raceNo=12&k_babaCode=21,data/cache/html/20080817_kawasaki_12.html
20080816_kawasaki_1,2008-08-16,kawasaki,1,https://www.keiba.go.jp/KeibaWeb/TodayRaceInfo/RaceMarkTable?k_raceDate=2008%2F08%2F16&k_raceNo=1&k_babaCode=21,data/cache/html/20080816_kawasaki_1.html
20080816_kawasaki_2,2008-08-16,kawasaki,2,https://www.keiba.go.jp/KeibaWeb/TodayRaceInfo/RaceMarkTable?k_raceDate=2008%2F08%2F16&k_raceNo=2&k_babaCode=21,data/cache/html/20080816_kawasaki_2.html
20080816_kawasaki_3,2008-08-16,kawasaki,3,https://www.keiba.go.jp/KeibaWeb/TodayRaceInfo/RaceMarkTable?k_raceDate=2008%2F08%2F16&k_raceNo=3&k_babaCode=21,data/cache/html/20080816_kawasaki_3.html
20080816_kawasaki_4,2008-08-16,kawasaki,4,https://www.keiba.go.jp/KeibaWeb/TodayRaceInfo/RaceMarkTable?k_raceDate=2008%2F08%2F16&k_raceNo=4&k_babaCode=21,data/cache/html/20080816_kawasaki_4.html
20080816_kawasaki_5,2008-08-16,kawasaki,5,https://www.keiba.go.jp/KeibaWeb/TodayRaceInfo/RaceMarkTable?k_raceDate=2008%2F08%2F16&k_raceNo=5&k_babaCode=21,data/cache/html/20080816_kawasaki_5.html
20080816_kawasaki_6,2008-08-16,kawasaki,6,https://www.keiba.go.jp/KeibaWeb/TodayRaceInfo/RaceMarkTable?k_raceDate=2008%2F08%2F16&k_raceNo=6&k_babaCode=21,data/cache/html/20080816_kawasaki_6.html
20080816_kawasaki_7,2008-08-16,kawasaki,7,https://www.keiba.go.jp/KeibaWeb/TodayRaceInfo/RaceMarkTable?k_raceDate=2008%2F08%2F16&k_raceNo=7&k_babaCode=21,data/cache/html/20080816_kawasaki_7.html
20080816_kawasaki_8,2008-08-16,kawasaki,8,https://www.keiba.go.jp/KeibaWeb/TodayRaceInfo/RaceMarkTable?k_raceDate=2008%2F08%2F16&k_raceNo=8&k_babaCode=21,data/cache/html/20080816_kawasaki_8.html
20080816_kawasaki_9,2008-08-16,kawasaki,9,https://www.keiba.go.jp/KeibaWeb/TodayRaceInfo/RaceMarkTable?k_raceDate=2008%2F08%2F16&k_raceNo=9&k_babaCode=21,data/cache/html/20080816_kawasaki_9.html
20080816_kawasaki_10,2008-08-16,kawasaki,10,https://www.keiba.go.jp/KeibaWeb/TodayRaceInfo/RaceMarkTable?k_raceDate=2008%2F08%2F16&k_raceNo=10&k_babaCode=21,data/cache/html/20080816_kawasaki_10.html
20080816_kawasaki_11,2008-08-16,kawasaki,11,https://www.keiba.go.jp/KeibaWeb/TodayRaceInfo/RaceMarkTable?k_raceDate=2008%2F08%2F16&k_raceNo=11&k_babaCode=21,data/cache/html/20080816_kawasaki_11.html
20080816_kawasaki_12,2008-08-16,kawasaki,12,https://www.keiba.go.jp/KeibaWeb/TodayRaceInfo/RaceMarkTable?k_raceDate=2008%2F08%2F16&k_raceNo=12&k_babaCode=21,data/cache/html/20080816_kawasaki_12.html
20080815_kawasaki_1,2008-08-15,kawasaki,1,https://www.keiba.go.jp/KeibaWeb/TodayRaceInfo/RaceMarkTable?k_raceDate=2008%2F08%2F15&k_raceNo=1&k_babaCode=21,data/cache/html/20080815_kawasaki_1.html
20080815_kawasaki_2,2008-08-15,kawasaki,2,https://www.keiba.go.jp/KeibaWeb/TodayRaceInfo/RaceMarkTable?k_raceDate=2008%2F08%2F15&k_raceNo=2&k_babaCode=21,data/cache/html/20080815_kawasaki_2.html
20080815_kawasaki_3,2008-08-15,kawasaki,3,https://www.keiba.go.jp/KeibaWeb/TodayRaceInfo/RaceMarkTable?k_raceDate=2008%2F08%2F15&k_raceNo=3&k_babaCode=21,data/cache/html/20080815_kawasaki_3.html
20080815_kawasaki_4,2008-08-15,kawasaki,4,https://www.keiba.go.jp/KeibaWeb/TodayRaceInfo/RaceMarkTable?k_raceDate=2008%2F08%2F15&k_raceNo=4&k_babaCode=21,data/cache/html/20080815_kawasaki_4.html
20080815_kawasaki_5,2008-08-15,kawasaki,5,https://www.keiba.go.jp/KeibaWeb/TodayRaceInfo/RaceMarkTable?k_raceDate=2008%2F08%2F15&k_raceNo=5&k_babaCode=21,data/cache/html/20080815_kawasaki_5.html
20080815_kawasaki_6,2008-08-15,kawasaki,6,https://www.keiba.go.jp/KeibaWeb/TodayRaceInfo/RaceMarkTable?k_raceDate=2008%2F08%2F15&k_raceNo=6&k_babaCode=21,data/cache/html/20080815_kawasaki_6.html
20080815_kawasaki_7,2008-08-15,kawasaki,7,https://www.keiba.go.jp/KeibaWeb/TodayRaceInfo/RaceMarkTable?k_raceDate=2008%2F08%2F15&k_raceNo=7&k_babaCode=21,data/cache/html/20080815_kawasaki_7.html
20080815_kawasaki_8,2008-08-15,kawasaki,8,https://www.keiba.go.jp/KeibaWeb/TodayRaceInfo/RaceMarkTable?k_raceDate=2008%2F08%2F15&k_raceNo=8&k_babaCode=21,data/cache/html/20080815_kawasaki_8.html
20080815_kawasaki_9,2008-08-15,kawasaki,9,https://www.keiba.go.jp/KeibaWeb/TodayRaceInfo/RaceMarkTable?k_raceDate=2008%2F08%2F15&k_raceNo=9&k_babaCode=21,data/cache/html/20080815_kawasaki_9.html
20080815_kawasaki_10,2008-08-15,kawasaki,10,https://www.keiba.go.jp/KeibaWeb/TodayRaceInfo/RaceMarkTable?k_raceDate=2008%2F08%2F15&k_raceNo=10&k_babaCode=21,data/cache/html/20080815_kawasaki_10.html
20080815_kawasaki_11,2008-08-15,kawasaki,11,https://www.keiba.go.jp/KeibaWeb/TodayRaceInfo/RaceMarkTable?k_raceDate=2008%2F08%2F15&k_raceNo=11&k_babaCode=21,data/cache/html/20080815_kawasaki_11.html
20080815_kawasaki_12,2008-08-15,kawasaki,12,https://www.keiba.go.jp/KeibaWeb/TodayRaceInfo/RaceMarkTable?k_raceDate=2008%2F08%2F15&k_raceNo=12&k_babaCode=21,data/cache/html/20080815_kawasaki_12.html
20080814_kawasaki_1,2008-08-14,kawasaki,1,https://www.keiba.go.jp/KeibaWeb/TodayRaceInfo/RaceMarkTable?k_raceDate=2008%2F08%2F14&k_raceNo=1&k_babaCode=21,data/cache/html/20080814_kawasaki_1.html
20080814_kawasaki_2,2008-08-14,kawasaki,2,https://www.keiba.go.jp/KeibaWeb/TodayRaceInfo/RaceMarkTable?k_raceDate=2008%2F08%2F14&k_raceNo=2&k_babaCode=21,data/cache/html/20080814_kawasaki_2.html
20080814_kawasaki_3,2008-08-14,kawasaki,3,https://www.keiba.go.jp/KeibaWeb/TodayRaceInfo/RaceMarkTable?k_raceDate=2008%2F08%2F14&k_raceNo=3&k_babaCode=21,data/cache/html/20080814_kawasaki_3.html
20080814_kawasaki_4,2008-08-14,kawasaki,4,https://www.keiba.go.jp/KeibaWeb/TodayRaceInfo/RaceMarkTable?k_raceDate=2008%2F08%2F14&k_raceNo=4&k_babaCode=21,data/cache/html/20080814_kawasaki_4.html
20080814_kawasaki_5,2008-08-14,kawasaki,5,https://www.keiba.go.jp/KeibaWeb/TodayRaceInfo/RaceMarkTable?k_raceDate=2008%2F08%2F14&k_raceNo=5&k_babaCode=21,data/cache/html/20080814_kawasaki_5.html
20080814_kawasaki_6,2008-08-14,kawasaki,6,https://www.keiba.go.jp/KeibaWeb/TodayRaceInfo/RaceMarkTable?k_raceDate=2008%2F08%2F14&k_raceNo=6&k_babaCode=21,data/cache/html/20080814_kawasaki_6.html
20080814_kawasaki_7,2008-08-14,kawasaki,7,https://www.keiba.go.jp/KeibaWeb/TodayRaceInfo/RaceMarkTable?k_raceDate=2008%2F08%2F14&k_raceNo=7&k_babaCode=21,data/cache/html/20080814_kawasaki_7.html
20080814_kawasaki_8,2008-08-14,kawasaki,8,https://www.keiba.go.jp/KeibaWeb/TodayRaceInfo/RaceMarkTable?k_raceDate=2008%2F08%2F14&k_raceNo=8&k_babaCode=21,data/cache/html/20080814_kawasaki_8.html
20080814_kawasaki_9,2008-08-14,kawasaki,9,https://www.keiba.go.jp/KeibaWeb/TodayRaceInfo/RaceMarkTable?k_raceDate=2008%2F08%2F14&k_raceNo=9&k_babaCode=21,data/cache/html/20080814_kawasaki_9.html
20080814_kawasaki_10,2008-08-14,kawasaki,10,https://www.keiba.go.jp/KeibaWeb/TodayRaceInfo/RaceMarkTable?k_raceDate=2008%2F08%2F14&k_raceNo=10&k_babaCode=21,data/cache/html/20080814_kawasaki_10.html
20080814_kawasaki_11,2008-08-14,kawasaki,11,https://www.keiba.go.jp/KeibaWeb/TodayRaceInfo/RaceMarkTable?k_raceDate=2008%2F08%2F14&k_raceNo=11&k_babaCode=21,data/cache/html/20080814_kawasaki_11.html
20080814_kawasaki_12,2008-08-14,kawasaki,12,https://www.keiba.go.jp/KeibaWeb/TodayRaceInfo/RaceMarkTable?k_raceDate=2008%2F08%2F14&k_raceNo=12&k_babaCode=21,data/cache/html/20080814_kawasaki_12.html
20080813_kawasaki_1,2008-08-13,kawasaki,1,https://www.keiba.go.jp/KeibaWeb/TodayRaceInfo/RaceMarkTable?k_raceDate=2008%2F08%2F13&k_raceNo=1&k_babaCode=21,data/cache/html/20080813_kawasaki_1.html
20080813_kawasaki_2,2008-08-13,kawasaki,2,https://www.keiba.go.jp/KeibaWeb/TodayRaceInfo/RaceMarkTable?k_raceDate=2008%2F08%2F13&k_raceNo=2&k_babaCode=21,data/cache/html/20080813_kawasaki_2.html
20080813_kawasaki_3,2008-08-13,kawasaki,3,https://www.keiba.go.jp/KeibaWeb/TodayRaceInfo/RaceMarkTable?k_raceDate=2008%2F08%2F13&k_raceNo=3&k_babaCode=21,data/cache/html/20080813_kawasaki_3.html
20080813_kawasaki_4,2008-08-13,kawasaki,4,https://www.keiba.go.jp/KeibaWeb/TodayRaceInfo/RaceMarkTable?k_raceDate=2008%2F08%2F13&k_raceNo=4&k_babaCode=21,data/cache/html/20080813_kawasaki_4.html
20080813_kawasaki_5,2008-08-13,kawasaki,5,https://www.keiba.go.jp/KeibaWeb/TodayRaceInfo/RaceMarkTable?k_raceDate=2008%2F08%2F13&k_raceNo=5&k_babaCode=21,data/cache/html/20080813_kawasaki_5.html
20080813_kawasaki_6,2008-08-13,kawasaki,6,https://www.keiba.go.jp/KeibaWeb/TodayRaceInfo/RaceMarkTable?k_raceDate=2008%2F08%2F13&k_raceNo=6&k_babaCode=21,data/cache/html/20080813_kawasaki_6.html
20080813_kawasaki_7,2008-08-13,kawasaki,7,https://www.keiba.go.jp/KeibaWeb/TodayRaceInfo/RaceMarkTable?k_raceDate=2008%2F08%2F13&k_raceNo=7&k_babaCode=21,data/cache/html/20080813_kawasaki_7.html
20080813_kawasaki_8,2008-08-13,kawasaki,8,https://www.keiba.go.jp/KeibaWeb/TodayRaceInfo/RaceMarkTable?k_raceDate=2008%2F08%2F13&k_raceNo=8&k_babaCode=21,data/cache/html/20080813_kawasaki_8.html
20080813_kawasaki_9,2008-08-13,kawasaki,9,https://www.keiba.go.jp/KeibaWeb/TodayRaceInfo/RaceMarkTable?k_raceDate=2008%2F08%2F13&k_raceNo=9&k_babaCode=21,data/cache/html/20080813_kawasaki_9.html
20080813_kawasaki_10,2008-08-13,kawasaki,10,https://www.keiba.go.jp/KeibaWeb/TodayRaceInfo/RaceMarkTable?k_raceDate=2008%2F08%2F13&k_raceNo=10&k_babaCode=21,data/cache/html/20080813_kawasaki_10.html
20080813_kawasaki_11,2008-08-13,kawasaki,11,https://www.keiba.go.jp/KeibaWeb/TodayRaceInfo/RaceMarkTable?k_raceDate=2008%2F08%2F13&k_raceNo=11&k_babaCode=21,data/cache/html/20080813_kawasaki_11.html
20080813_kawasaki_12,2008-08-13,kawasaki,12,https://www.keiba.go.jp/KeibaWeb/TodayRaceInfo/RaceMarkTable?k_raceDate=2008%2F08%2F13&k_raceNo=12&k_babaCode=21,data/cache/html/20080813_kawasaki_12.html
20080812_kawasaki_1,2008-08-12,kawasaki,1,https://www.keiba.go.jp/KeibaWeb/TodayRaceInfo/RaceMarkTable?k_raceDate=2008%2F08%2F12&k_raceNo=1&k_babaCode=21,data/cache/html/20080812_kawasaki_1.html
20080812_kawasaki_2,2008-08-12,kawasaki,2,https://www.keiba.go.jp/KeibaWeb/TodayRaceInfo/RaceMarkTable?k_raceDate=2008%2F08%2F12&k_raceNo=2&k_babaCode=21,data/cache/html/20080812_kawasaki_2.html
20080812_kawasaki_3,2008-08-12,kawasaki,3,https://www.keiba.go.jp/KeibaWeb/TodayRaceInfo/RaceMarkTable?k_raceDate=2008%2F08%2F12&k_raceNo=3&k_babaCode=21,data/cache/html/20080812_kawasaki_3.html
20080812_kawasaki_4,2008-08-12,kawasaki,4,https://www.keiba.go.jp/KeibaWeb/TodayRaceInfo/RaceMarkTable?k_raceDate=2008%2F08%2F12&k_raceNo=4&k_babaCode=21,data/cache/html/20080812_kawasaki_4.html
20080812_kawasaki_5,2008-08-12,kawasaki,5,https://www.keiba.go.jp/KeibaWeb/TodayRaceInfo/RaceMarkTable?k_raceDate=2008%2F08%2F12&k_raceNo=5&k_babaCode=21,data/cache/html/20080812_kawasaki_5.html
20080812_kawasaki_6,2008-08-12,kawasaki,6,https://www.keiba.go.jp/KeibaWeb/TodayRaceInfo/RaceMarkTable?k_raceDate=2008%2F08%2F12&k_raceNo=6&k_babaCode=21,data/cache/html/20080812_kawasaki_6.html
20080812_kawasaki_7,2008-08-12,kawasaki,7,https://www.keiba.go.jp/KeibaWeb/TodayRaceInfo/RaceMarkTable?k_raceDate=2008%2F08%2F12&k_raceNo=7&k_babaCode=21,data/cache/html/20080812_kawasaki_7.html
20080812_kawasaki_8,2008-08-12,kawasaki,8,https://www.keiba.go.jp/KeibaWeb/TodayRaceInfo/RaceMarkTable?k_raceDate=2008%2F08%2F12&k_raceNo=8&k_babaCode=21,data/cache/html/20080812_kawasaki_8.html
20080812_kawasaki_9,2008-08-12,kawasaki,9,https://www.keiba.go.jp/KeibaWeb/TodayRaceInfo/RaceMarkTable?k_raceDate=2008%2F08%2F12&k_raceNo=9&k_babaCode=21,data/cache/html/20080812_kawasaki_9.html
20080812_kawasaki_10,2008-08-12,kawasaki,10,https://www.keiba.go.jp/KeibaWeb/TodayRaceInfo/RaceMarkTable?k_raceDate=2008%2F08%2F12&k_raceNo=10&k_babaCode=21,data/cache/html/20080812_kawasaki_10.html
20080812_kawasaki_11,2008-08-12,kawasaki,11,https://www.keiba.go.jp/KeibaWeb/TodayRaceInfo/RaceMarkTable?k_raceDate=2008%2F08%2F12&k_raceNo=11&k_babaCode=21,data/cache/html/20080812_kawasaki_11.html
20080812_kawasaki_12,2008-08-12,kawasaki,12,https://www.keiba.go.jp/KeibaWeb/TodayRaceInfo/RaceMarkTable?k_raceDate=2008%2F08%2F12&k_raceNo=12&k_babaCode=21,data/cache/html/20080812_kawasaki_12.html
20080811_kawasaki_1,2008-08-11,kawasaki,1,https://www.keiba.go.jp/KeibaWeb/TodayRaceInfo/RaceMarkTable?k_raceDate=2008%2F08%2F11&k_raceNo=1&k_babaCode=21,data/cache/html/20080811_kawasaki_1.html
20080811_kawasaki_2,2008-08-11,kawasaki,2,https://www.keiba.go.jp/KeibaWeb/TodayRaceInfo/RaceMarkTable?k_raceDate=2008%2F08%2F11&k_raceNo=2&k_babaCode=21,data/cache/html/20080811_kawasaki_2.html
20080811_kawasaki_3,2008-08-11,kawasaki,3,https://www.keiba.go.jp/KeibaWeb/TodayRaceInfo/RaceMarkTable?k_raceDate=2008%2F08%2F11&k_raceNo=3&k_babaCode=21,data/cache/html/20080811_kawasaki_3.html
20080811_kawasaki_4,2008-08-11,kawasaki,4,https://www.keiba.go.jp/KeibaWeb/TodayRaceInfo/RaceMarkTable?k_raceDate=2008%2F08%2F11&k_raceNo=4&k_babaCode=21,data/cache/html/20080811_kawasaki_4.html
20080811_kawasaki_5,2008-08-11,kawasaki,5,https://www.keiba.go.jp/KeibaWeb/TodayRaceInfo/RaceMarkTable?k_raceDate=2008%2F08%2F11&k_raceNo=5&k_babaCode=21,data/cache/html/20080811_kawasaki_5.html
20080811_kawasaki_6,2008-08-11,kawasaki,6,https://www.keiba.go.jp/KeibaWeb/TodayRaceInfo/RaceMarkTable?k_raceDate=2008%2F08%2F11&k_raceNo=6&k_babaCode=21,data/cache/html/20080811_kawasaki_6.html
20080811_kawasaki_7,2008-08-11,kawasaki,7,https://www.keiba.go.jp/KeibaWeb/TodayRaceInfo/RaceMarkTable?k_raceDate=2008%2F08%2F11&k_raceNo=7&k_babaCode=21,data/cache/html/20080811_kawasaki_7.html
20080811_kawasaki_8,2008-08-11,kawasaki,8,https://www.keiba.go.jp/KeibaWeb/TodayRaceInfo/RaceMarkTable?k_raceDate=2008%2F08%2F11&k_raceNo=8&k_babaCode=21,data/cache/html/20080811_kawasaki_8.html
20080811_kawasaki_9,2008-08-11,kawasaki,9,https://www.keiba.go.jp/KeibaWeb/TodayRaceInfo/RaceMarkTable?k_raceDate=2008%2F08%2F11&k_raceNo=9&k_babaCode=21,data/cache/html/20080811_kawasaki_9.html
20080811_kawasaki_10,2008-08-11,kawasaki,10,https://www.keiba.go.jp/KeibaWeb/TodayRaceInfo/RaceMarkTable?k_raceDate=2008%2F08%2F11&k_raceNo=10&k_babaCode=21,data/cache/html/20080811_kawasaki_10.html
20080811_kawasaki_11,2008-08-11,kawasaki,11,https://www.keiba.go.jp/KeibaWeb/TodayRaceInfo/RaceMarkTable?k_raceDate=2008%2F08%2F11&k_raceNo=11&k_babaCode=21,data/cache/html/20080811_kawasaki_11.html
20080811_kawasaki_12,2008-08-11,kawasaki,12,https://www.keiba.go.jp/KeibaWeb/TodayRaceInfo/RaceMarkTable?k_raceDate=2008%2F08%2F11&k_raceNo=12&k_babaCode=21,data/cache/html/20080811_kawasaki_12.html
20080810_kawasaki_1,2008-08-10,kawasaki,1,https://www.keiba.go.jp/KeibaWeb/TodayRaceInfo/RaceMarkTable?k_raceDate=2008%2F08%2F10&k_raceNo=1&k_babaCode=21,data/cache/html/20080810_kawasaki_1.html
20080810_kawasaki_2,2008-08-10,kawasaki,2,https://www.keiba.go.jp/KeibaWeb/TodayRaceInfo/RaceMarkTable?k_raceDate=2008%2F08%2F10&k_raceNo=2&k_babaCode=21,data/cache/html/20080810_kawasaki_2.html
20080810_kawasaki_3,2008-08-10,kawasaki,3,https://www.keiba.go.jp/KeibaWeb/TodayRaceInfo/RaceMarkTable?k_raceDate=2008%2F08%2F10&k_raceNo=3&k_babaCode=21,data/cache/html/20080810_kawasaki_3.html
20080810_kawasaki_4,2008-08-10,kawasaki,4,https://www.keiba.go.jp/KeibaWeb/TodayRaceInfo/RaceMarkTable?k_raceDate=2008%2F08%2F10&k_raceNo=4&k_babaCode=21,data/cache/html/20080810_kawasaki_4.html
20080810_kawasaki_5,2008-08-10,kawasaki,5,https://www.keiba.go.jp/KeibaWeb/TodayRaceInfo/RaceMarkTable?k_raceDate=2008%2F08%2F10&k_raceNo=5&k_babaCode=21,data/cache/html/20080810_kawasaki_5.html
20080810_kawasaki_6,2008-08-10,kawasaki,6,https://www.keiba.go.jp/KeibaWeb/TodayRaceInfo/RaceMarkTable?k_raceDate=2008%2F08%2F10&k_raceNo=6&k_babaCode=21,data/cache/html/20080810_kawasaki_6.html
20080810_kawasaki_7,2008-08-10,kawasaki,7,https://www.keiba.go.jp/KeibaWeb/TodayRaceInfo/RaceMarkTable?k_raceDate=2008%2F08%2F10&k_raceNo=7&k_babaCode=21,data/cache/html/20080810_kawasaki_7.html
20080810_kawasaki_8,2008-08-10,kawasaki,8,https://www.keiba.go.jp/KeibaWeb/TodayRaceInfo/RaceMarkTable?k_raceDate=2008%2F08%2F10&k_raceNo=8&k_babaCode=21,data/cache/html/20080810_kawasaki_8.html
20080810_kawasaki_9,2008-08-10,kawasaki,9,https://www.keiba.go.jp/KeibaWeb/TodayRaceInfo/RaceMarkTable?k_raceDate=2008%2F08%2F10&k_raceNo=9&k_babaCode=21,data/cache/html/20080810_kawasaki_9.html
20080810_kawasaki_10,2008-08-10,kawasaki,10,https://www.keiba.go.jp/KeibaWeb/TodayRaceInfo/RaceMarkTable?k_raceDate=2008%2F08%2F10&k_raceNo=10&k_babaCode=21,data/cache/html/20080810_kawasaki_10.html
20080810_kawasaki_11,2008-08-10,kawasaki,11,https://www.keiba.go.jp/KeibaWeb/TodayRaceInfo/RaceMarkTable?k_raceDate=2008%2F08%2F10&k_raceNo=11&k_babaCode=21,data/cache/html/20080810_kawasaki_11.html
20080810_kawasaki_12,2008-08-10,kawasaki,12,https://www.keiba.go.jp/KeibaWeb/TodayRaceInfo/RaceMarkTable?k_raceDate=2008%2F08%2F10&k_raceNo=12&k_babaCode=21,data/cache/html/20080810_kawasaki_12.html
20080809_kawasaki_1,2008-08-09,kawasaki,1,https://www.keiba.go.jp/KeibaWeb/TodayRaceInfo/RaceMarkTable?k_raceDate=2008%2F08%2F09&k_raceNo=1&k_babaCode=21,data/cache/html/20080809_kawasaki_1.html
20080809_kawasaki_2,2008-08-09,kawasaki,2,https://www.keiba.go.jp/KeibaWeb/TodayRaceInfo/RaceMarkTable?k_raceDate=2008%2F08%2F09&k_raceNo=2&k_babaCode=21,data/cache/html/20080809_kawasaki_2.html
20080809_kawasaki_3,2008-08-09,kawasaki,3,https://www.keiba.go.jp/KeibaWeb/TodayRaceInfo/RaceMarkTable?k_raceDate=2008%2F08%2F09&k_raceNo=3&k_babaCode=21,data/cache/html/20080809_kawasaki_3.html
20080809_kawasaki_4,2008-08-09,kawasaki,4,https://www.keiba.go.jp/KeibaWeb/TodayRaceInfo/RaceMarkTable?k_raceDate=2008%2F08%2F09&k_raceNo=4&k_babaCode=21,data/cache/html/20080809_kawasaki_4.html
20080809_kawasaki_5,2008-08-09,kawasaki,5,https://www.keiba.go.jp/KeibaWeb/TodayRaceInfo/RaceMarkTable?k_raceDate=2008%2F08%2F09&k_raceNo=5&k_babaCode=21,data/cache/html/20080809_kawasaki_5.html
20080809_kawasaki_6,2008-08-09,kawasaki,6,https://www.keiba.go.jp/KeibaWeb/TodayRaceInfo/RaceMarkTable?k_raceDate=2008%2F08%2F09&k_raceNo=6&k_babaCode=21,data/cache/html/20080809_kawasaki_6.html
20080809_kawasaki_7,2008-08-09,kawasaki,7,https://www.keiba.go.jp/KeibaWeb/TodayRaceInfo/RaceMarkTable?k_raceDate=2008%2F08%2F09&k_raceNo=7&k_babaCode=21,data/cache/html/20080809_kawasaki_7.html
20080809_kawasaki_8,2008-08-09,kawasaki,8,https://www.keiba.go.jp/KeibaWeb/TodayRaceInfo/RaceMarkTable?k_raceDate=2008%2F08%2F09&k_raceNo=8&k_babaCode=21,data/cache/html/20080809_kawasaki_8.html
20080809_kawasaki_9,2008-08-09,kawasaki,9,https://www.keiba.go.jp/KeibaWeb/TodayRaceInfo/RaceMarkTable?k_raceDate=2008%2F08%2F09&k_raceNo=9&k_babaCode=21,data/cache/html/20080809_kawasaki_9.html
20080809_kawasaki_10,2008-08-09,kawasaki,10,https://www.keiba.go.jp/KeibaWeb/TodayRaceInfo/RaceMarkTable?k_raceDate=2008%2F08%2F09&k_raceNo=10&k_babaCode=21,data/cache/html/20080809_kawasaki_10.html
20080809_kawasaki_11,2008-08-09,kawasaki,11,https://www.keiba.go.jp/KeibaWeb/TodayRaceInfo/RaceMarkTable?k_raceDate=2008%2F08%2F09&k_raceNo=11&k_babaCode=21,data/cache/html/20080809_kawasaki_11.html
20080809_kawasaki_12,2008-08-09,kawasaki,12,https://www.keiba.go.jp/KeibaWeb/TodayRaceInfo/RaceMarkTable?k_raceDate=2008%2F08%2F09&k_raceNo=12&k_babaCode=21,data/cache/html/20080809_kawasaki_12.html
20080808_kawasaki_1,2008-08-08,kawasaki,1,https://www.keiba.go.jp/KeibaWeb/TodayRaceInfo/RaceMarkTable?k_raceDate=2008%2F08%2F08&k_raceNo=1&k_babaCode=21,data/cache/html/20080808_kawasaki_1.html
20080808_kawasaki_2,2008-08-08,kawasaki,2,https://www.keiba.go.jp/KeibaWeb/TodayRaceInfo/RaceMarkTable?k_raceDate=2008%2F08%2F08&k_raceNo=2&k_babaCode=21,data/cache/html/20080808_kawasaki_2.html
20080808_kawasaki_3,2008-08-08,kawasaki,3,https://www.keiba.go.jp/KeibaWeb/TodayRaceInfo/RaceMarkTable?k_raceDate=2008%2F08%2F08&k_raceNo=3&k_babaCode=21,data/cache/html/20080808_kawasaki_3.html
20080808_kawasaki_4,2008-08-08,kawasaki,4,https://www.keiba.go.jp/KeibaWeb/TodayRaceInfo/RaceMarkTable?k_raceDate=2008%2F08%2F08&k_raceNo=4&k_babaCode=21,data/cache/html/20080808_kawasaki_4.html
20080808_kawasaki_5,2008-08-08,kawasaki,5,https://www.keiba.go.jp/KeibaWeb/TodayRaceInfo/RaceMarkTable?k_raceDate=2008%2F08%2F08&k_raceNo=5&k_babaCode=21,data/cache/html/20080808_kawasaki_5.html
20080808_kawasaki_6,2008-08-08,kawasaki,6,https://www.keiba.go.jp/KeibaWeb/TodayRaceInfo/RaceMarkTable?k_raceDate=2008%2F08%2F08&k_raceNo=6&k_babaCode=21,data/cache/html/20080808_kawasaki_6.html
20080808_kawasaki_7,2008-08-08,kawasaki,7,https://www.keiba.go.jp/KeibaWeb/TodayRaceInfo/RaceMarkTable?k_raceDate=2008%2F08%2F08&k_raceNo=7&k_babaCode=21,data/cache/html/20080808_kawasaki_7.html
20080808_kawasaki_8,2008-08-08,kawasaki,8,https://www.keiba.go.jp/KeibaWeb/TodayRaceInfo/RaceMarkTable?k_raceDate=2008%2F08%2F08&k_raceNo=8&k_babaCode=21,data/cache/html/20080808_kawasaki_8.html
20080808_kawasaki_9,2008-08-08,kawasaki,9,https://www.keiba.go.jp/KeibaWeb/TodayRaceInfo/RaceMarkTable?k_raceDate=2008%2F08%2F08&k_raceNo=9&k_babaCode=21,data/cache/html/20080808_kawasaki_9.html
20080808_kawasaki_10,2008-08-08,kawasaki,10,https://www.keiba.go.jp/KeibaWeb/TodayRaceInfo/RaceMarkTable?k_raceDate=2008%2F08%2F08&k_raceNo=10&k_babaCode=21,data/cache/html/20080808_kawasaki_10.html
20080808_kawasaki_11,2008-08-08,kawasaki,11,https://www.keiba.go.jp/KeibaWeb/TodayRaceInfo/RaceMarkTable?k_raceDate=2008%2F08%2F08&k_raceNo=11&k_babaCode=21,data/cache/html/20080808_kawasaki_11.html
20080808_kawasaki_12,2008-08-08,kawasaki,12,https://www.keiba.go.jp/KeibaWeb/TodayRaceInfo/RaceMarkTable?k_raceDate=2008%2F08%2F08&k_raceNo=12&k_babaCode=21,data/cache/html/20080808_kawasaki_12.html
20080807_kawasaki_1,2008-08-07,kawasaki,1,https://www.keiba.go.jp/KeibaWeb/TodayRaceInfo/RaceMarkTable?k_raceDate=2008%2F08%2F07&k_raceNo=1&k_babaCode=21,data/cache/html/20080807_kawasaki_1.html
20080807_kawasaki_2,2008-08-07,kawasaki,2,https://www.keiba.go.jp/KeibaWeb/TodayRaceInfo/RaceMarkTable?k_raceDate=2008%2F08%2F07&k_raceNo=2&k_babaCode=21,data/cache/html/20080807_kawasaki_2.html
20080807_kawasaki_3,2008-08-07,kawasaki,3,https://www.keiba.go.jp/KeibaWeb/TodayRaceInfo/RaceMarkTable?k_raceDate=2008%2F08%2F07&k_raceNo=3&k_babaCode=21,data/cache/html/20080807_kawasaki_3.html
20080807_kawasaki_4,2008-08-07,kawasaki,4,https://www.keiba.go.jp/KeibaWeb/TodayRaceInfo/RaceMarkTable?k_raceDate=2008%2F08%2F07&k_raceNo=4&k_babaCode=21,data/cache/html/20080807_kawasaki_4.html
20080807_kawasaki_5,2008-08-07,kawasaki,5,https://www.keiba.go.jp/KeibaWeb/TodayRaceInfo/RaceMarkTable?k_raceDate=2008%2F08%2F07&k_raceNo=5&k_babaCode=21,data/cache/html/20080807_kawasaki_5.html
20080807_kawasaki_6,2008-08-07,kawasaki,6,https://www.keiba.go.jp/KeibaWeb/TodayRaceInfo/RaceMarkTable?k_raceDate=2008%2F08%2F07&k_raceNo=6&k_babaCode=21,data/cache/html/20080807_kawasaki_6.html
20080807_kawasaki_7,2008-08-07,kawasaki,7,https://www.keiba.go.jp/KeibaWeb/TodayRaceInfo/RaceMarkTable?k_raceDate=2008%2F08%2F07&k_raceNo=7&k_babaCode=21,data/cache/html/20080807_kawasaki_7.html
20080807_kawasaki_8,2008-08-07,kawasaki,8,https://www.keiba.go.jp/KeibaWeb/TodayRaceInfo/RaceMarkTable?k_raceDate=2008%2F08%2F07&k_raceNo=8&k_babaCode=21,data/cache/html/20080807_kawasaki_8.html
20080807_kawasaki_9,2008-08-07,kawasaki,9,https://www.keiba.go.jp/KeibaWeb/TodayRaceInfo/RaceMarkTable?k_raceDate=2008%2F08%2F07&k_raceNo=9&k_babaCode=21,data/cache/html/20080807_kawasaki_9.html
20080807_kawasaki_10,2008-08-07,kawasaki,10,https://www.keiba.go.jp/KeibaWeb/TodayRaceInfo/RaceMarkTable?k_raceDate=2008%2F08%2F07&k_raceNo=10&k_babaCode=21,data/cache/html/20080807_kawasaki_10.html
20080807_kawasaki_11,2008-08-07,kawasaki,11,https://www.keiba.go.jp/KeibaWeb/TodayRaceInfo/RaceMarkTable?k_raceDate=2008%2F08%2F07&k_raceNo=11&k_babaCode=21,data/cache/html/20080807_kawasaki_11.html
20080807_kawasaki_12,2008-08-07,kawasaki,12,https://www.keiba.go.jp/KeibaWeb/TodayRaceInfo/RaceMarkTable?k_raceDate=2008%2F08%2F07&k_raceNo=12&k_babaCode=21,data/cache/html/20080807_kawasaki_12.html
20080806_kawasaki_1,2008-08-06,kawasaki,1,https://www.keiba.go.jp/KeibaWeb/TodayRaceInfo/RaceMarkTable?k_raceDate=2008%2F08%2F06&k_raceNo=1&k_babaCode=21,data/cache/html/20080806_kawasaki_1.html
20080806_kawasaki_2,2008-08-06,kawasaki,2,https://www.keiba.go.jp/KeibaWeb/TodayRaceInfo/RaceMarkTable?k_raceDate=2008%2F08%2F06&k_raceNo=2&k_babaCode=21,data/cache/html/20080806_kawasaki_2.html
20080806_kawasaki_3,2008-08-06,kawasaki,3,https://www.keiba.go.jp/KeibaWeb/TodayRaceInfo/RaceMarkTable?k_raceDate=2008%2F08%2F06&k_raceNo=3&k_babaCode=21,data/cache/html/20080806_kawasaki_3.html
20080806_kawasaki_4,2008-08-06,kawasaki,4,https://www.keiba.go.jp/KeibaWeb/TodayRaceInfo/RaceMarkTable?k_raceDate=2008%2F08%2F06&k_raceNo=4&k_babaCode=21,data/cache/html/20080806_kawasaki_4.html
20080806_kawasaki_5,2008-08-06,kawasaki,5,https://www.keiba.go.jp/KeibaWeb/TodayRaceInfo/RaceMarkTable?k_raceDate=2008%2F08%2F06&k_raceNo=5&k_babaCode=21,data/cache/html/20080806_kawasaki_5.html
20080806_kawasaki_6,2008-08-06,kawasaki,6,https://www.keiba.go.jp/KeibaWeb/TodayRaceInfo/RaceMarkTable?k_raceDate=2008%2F08%2F06&k_raceNo=6&k_babaCode=21,data/cache/html/20080806_kawasaki_6.html
20080806_kawasaki_7,2008-08-06,kawasaki,7,https://www.keiba.go.jp/KeibaWeb/TodayRaceInfo/RaceMarkTable?k_raceDate=2008%2F08%2F06&k_raceNo=7&k_babaCode=21,data/cache/html/20080806_kawasaki_7.html
20080806_kawasaki_8,2008-08-06,kawasaki,8,https://www.keiba.go.jp/KeibaWeb/TodayRaceInfo/RaceMarkTable?k_raceDate=2008%2F08%2F06&k_raceNo=8&k_babaCode=21,data/cache/html/20080806_kawasaki_8.html
20080806_kawasaki_9,2008-08-06,kawasaki,9,https://www.keiba.go.jp/KeibaWeb/TodayRaceInfo/RaceMarkTable?k_raceDate=2008%2F08%2F06&k_raceNo=9&k_babaCode=21,data/cache/html/20080806_kawasaki_9.html
20080806_kawasaki_10,2008-08-06,kawasaki,10,https://www.keiba.go.jp/KeibaWeb/TodayRaceInfo/RaceMarkTable?k_raceDate=2008%2F08%2F06&k_raceNo=10&k_babaCode=21,data/cache/html/20080806_kawasaki_10.html
20080806_kawasaki_11,2008-08-06,kawasaki,11,https://www.keiba.go.jp/KeibaWeb/TodayRaceInfo/RaceMarkTable?k_raceDate=2008%2F08%2F06&k_raceNo=11&k_babaCode=21,data/cache/html/20080806_kawasaki_11.html
20080806_kawasaki_12,2008-08-06,kawasaki,12,https://www.keiba.go.jp/KeibaWeb/TodayRaceInfo/RaceMarkTable?k_raceDate=2008%2F08%2F06&k_raceNo=12&k_babaCode=21,data/cache/html/20080806_kawasaki_12.html
20080805_kawasaki_1,2008-08-05,kawasaki,1,https://www.keiba.go.jp/KeibaWeb/TodayRaceInfo/RaceMarkTable?k_raceDate=2008%2F08%2F05&k_raceNo=1&k_babaCode=21,data/cache/html/20080805_kawasaki_1.html
20080805_kawasaki_2,2008-08-05,kawasaki,2,https://www.keiba.go.jp/KeibaWeb/TodayRaceInfo/RaceMarkTable?k_raceDate=2008%2F08%2F05&k_raceNo=2&k_babaCode=21,data/cache/html/20080805_kawasaki_2.html
20080805_kawasaki_3,2008-08-05,kawasaki,3,https://www.keiba.go.jp/KeibaWeb/TodayRaceInfo/RaceMarkTable?k_raceDate=2008%2F08%2F05&k_raceNo=3&k_babaCode=21,data/cache/html/20080805_kawasaki_3.html
20080805_kawasaki_4,2008-08-05,kawasaki,4,https://www.keiba.go.jp/KeibaWeb/TodayRaceInfo/RaceMarkTable?k_raceDate=2008%2F08%2F05&k_raceNo=4&k_babaCode=21,data/cache/html/20080805_kawasaki_4.html
20080805_kawasaki_5,2008-08-05,kawasaki,5,https://www.keiba.go.jp/KeibaWeb/TodayRaceInfo/RaceMarkTable?k_raceDate=2008%2F08%2F05&k_raceNo=5&k_babaCode=21,data/cache/html/20080805_kawasaki_5.html
20080805_kawasaki_6,2008-08-05,kawasaki,6,https://www.keiba.go.jp/KeibaWeb/TodayRaceInfo/RaceMarkTable?k_raceDate=2008%2F08%2F05&k_raceNo=6&k_babaCode=21,data/cache/html/20080805_kawasaki_6.html
20080805_kawasaki_7,2008-08-05,kawasaki,7,https://www.keiba.go.jp/KeibaWeb/TodayRaceInfo/RaceMarkTable?k_raceDate=2008%2F08%2F05&k_raceNo=7&k_babaCode=21,data/cache/html/20080805_kawasaki_7.html
20080805_kawasaki_8,2008-08-05,kawasaki,8,https://www.keiba.go.jp/KeibaWeb/TodayRaceInfo/RaceMarkTable?k_raceDate=2008%2F08%2F05&k_raceNo=8&k_babaCode=21,data/cache/html/20080805_kawasaki_8.html
20080805_kawasaki_9,2008-08-05,kawasaki,9,https://www.keiba.go.jp/KeibaWeb/TodayRaceInfo/RaceMarkTable?k_raceDate=2008%2F08%2F05&k_raceNo=9&k_babaCode=21,data/cache/html/20080805_kawasaki_9.html
20080805_kawasaki_10,2008-08-05,kawasaki,10,https://www.keiba.go.jp/KeibaWeb/TodayRaceInfo/RaceMarkTable?k_raceDate=2008%2F08%2F05&k_raceNo=10&k_babaCode=21,data/cache/html/20080805_kawasaki_10.html
20080805_kawasaki_11,2008-08-05,kawasaki,11,https://www.keiba.go.jp/KeibaWeb/TodayRaceInfo/RaceMarkTable?k_raceDate=2008%2F08%2F05&k_raceNo=11&k_babaCode=21,data/cache/html/20080805_kawasaki_11.html
20080805_kawasaki_12,2008-08-05,kawasaki,12,https://www.keiba.go.jp/KeibaWeb/TodayRaceInfo/RaceMarkTable?k_raceDate=2008%2F08%2F05&k_raceNo=12&k_babaCode=21,data/cache/html/20080805_kawasaki_12.html
20080804_kawasaki_1,2008-08-04,kawasaki,1,https://www.keiba.go.jp/KeibaWeb/TodayRaceInfo/RaceMarkTable?k_raceDate=2008%2F08%2F04&k_raceNo=1&k_babaCode=21,data/cache/html/20080804_kawasaki_1.html
20080804_kawasaki_2,2008-08-04,kawasaki,2,https://www.keiba.go.jp/KeibaWeb/TodayRaceInfo/RaceMarkTable?k_raceDate=2008%2F08%2F04&k_raceNo=2&k_babaCode=21,data/cache/html/20080804_kawasaki_2.html
20080804_kawasaki_3,2008-08-04,kawasaki,3,https://www.keiba.go.jp/KeibaWeb/TodayRaceInfo/RaceMarkTable?k_raceDate=2008%2F08%2F04&k_raceNo=3&k_babaCode=21,data/cache/html/20080804_kawasaki_3.html
20080804_kawasaki_4,2008-08-04,kawasaki,4,https://www.keiba.go.jp/KeibaWeb/TodayRaceInfo/RaceMarkTable?k_raceDate=2008%2F08%2F04&k_raceNo=4&k_babaCode=21,data/cache/html/20080804_kawasaki_4.html
20080804_kawasaki_5,2008-08-04,kawasaki,5,https://www.keiba.go.jp/KeibaWeb/TodayRaceInfo/RaceMarkTable?k_raceDate=2008%2F08%2F04&k_raceNo=5&k_babaCode=21,data/cache/html/20080804_kawasaki_5.html
20080804_kawasaki_6,2008-08-04,kawasaki,6,https://www.keiba.go.jp/KeibaWeb/TodayRaceInfo/RaceMarkTable?k_raceDate=2008%2F08%2F04&k_raceNo=6&k_babaCode=21,data/cache/html/20080804_kawasaki_6.html
20080804_kawasaki_7,2008-08-04,kawasaki,7,https://www.keiba.go.jp/KeibaWeb/TodayRaceInfo/RaceMarkTable?k_raceDate=2008%2F08%2F04&k_raceNo=7&k_babaCode=21,data/cache/html/20080804_kawasaki_7.html
20080804_kawasaki_8,2008-08-04,kawasaki,8,https://www.keiba.go.jp/KeibaWeb/TodayRaceInfo/RaceMarkTable?k_raceDate=2008%2F08%2F04&k_raceNo=8&k_babaCode=21,data/cache/html/20080804_kawasaki_8.html
20080804_kawasaki_9,2008-08-04,kawasaki,9,https://www.keiba.go.jp/KeibaWeb/TodayRaceInfo/RaceMarkTable?k_raceDate=2008%2F08%2F04&k_raceNo=9&k_babaCode=21,data/cache/html/20080804_kawasaki_9.html
20080804_kawasaki_10,2008-08-04,kawasaki,10,https://www.keiba.go.jp/KeibaWeb/TodayRaceInfo/RaceMarkTable?k_raceDate=2008%2F08%2F04&k_raceNo=10&k_babaCode=21,data/cache/html/20080804_kawasaki_10.html
20080804_kawasaki_11,2008-08-04,kawasaki,11,https://www.keiba.go.jp/KeibaWeb/TodayRaceInfo/RaceMarkTable?k_raceDate=2008%2F08%2F04&k_raceNo=11&k_babaCode=21,data/cache/html/20080804_kawasaki_11.html
20080804_kawasaki_12,2008-08-04,kawasaki,12,https://www.keiba.go.jp/KeibaWeb/TodayRaceInfo/RaceMarkTable?k_raceDate=2008%2F08%2F04&k_raceNo=12&k_babaCode=21,data/cache/html/20080804_kawasaki_12.html
20080803_kawasaki_1,2008-08-03,kawasaki,1,https://www.keiba.go.jp/KeibaWeb/TodayRaceInfo/RaceMarkTable?k_raceDate=2008%2F08%2F03&k_raceNo=1&k_babaCode=21,data/cache/html/20080803_kawasaki_1.html
20080803_kawasaki_2,2008-08-03,kawasaki,2,https://www.keiba.go.jp/KeibaWeb/TodayRaceInfo/RaceMarkTable?k_raceDate=2008%2F08%2F03&k_raceNo=2&k_babaCode=21,data/cache/html/20080803_kawasaki_2.html
20080803_kawasaki_3,2008-08-03,kawasaki,3,https://www.keiba.go.jp/KeibaWeb/TodayRaceInfo/RaceMarkTable?k_raceDate=2008%2F08%2F03&k_raceNo=3&k_babaCode=21,data/cache/html/20080803_kawasaki_3.html
20080803_kawasaki_4,2008-08-03,kawasaki,4,https://www.keiba.go.jp/KeibaWeb/TodayRaceInfo/RaceMarkTable?k_raceDate=2008%2F08%2F03&k_raceNo=4&k_babaCode=21,data/cache/html/20080803_kawasaki_4.html
20080803_kawasaki_5,2008-08-03,kawasaki,5,https://www.keiba.go.jp/KeibaWeb/TodayRaceInfo/RaceMarkTable?k_raceDate=2008%2F08%2F03&k_raceNo=5&k_babaCode=21,data/cache/html/20080803_kawasaki_5.html
20080803_kawasaki_6,2008-08-03,kawasaki,6,https://www.keiba.go.jp/KeibaWeb/TodayRaceInfo/RaceMarkTable?k_raceDate=2008%2F08%2F03&k_raceNo=6&k_babaCode=21,data/cache/html/20080803_kawasaki_6.html
20080803_kawasaki_7,2008-08-03,kawasaki,7,https://www.keiba.go.jp/KeibaWeb/TodayRaceInfo/RaceMarkTable?k_raceDate=2008%2F08%2F03&k_raceNo=7&k_babaCode=21,data/cache/html/20080803_kawasaki_7.html
20080803_kawasaki_8,2008-08-03,kawasaki,8,https://www.keiba.go.jp/KeibaWeb/TodayRaceInfo/RaceMarkTable?k_raceDate=2008%2F08%2F03&k_raceNo=8&k_babaCode=21,data/cache/html/20080803_kawasaki_8.html
20080803_kawasaki_9,2008-08-03,kawasaki,9,https://www.keiba.go.jp/KeibaWeb/TodayRaceInfo/RaceMarkTable?k_raceDate=2008%2F08%2F03&k_raceNo=9&k_babaCode=21,data/cache/html/20080803_kawasaki_9.html
20080803_kawasaki_10,2008-08-03,kawasaki,10,https://www.keiba.go.jp/KeibaWeb/TodayRaceInfo/RaceMarkTable?k_raceDate=2008%2F08%2F03&k_raceNo=10&k_babaCode=21,data/cache/html/20080803_kawasaki_10.html
20080803_kawasaki_11,2008-08-03,kawasaki,11,https://www.keiba.go.jp/KeibaWeb/TodayRaceInfo/RaceMarkTable?k_raceDate=2008%2F08%2F03&k_raceNo=11&k_babaCode=21,data/cache/html/20080803_kawasaki_11.html
20080803_kawasaki_12,2008-08-03,kawasaki,12,https://www.keiba.go.jp/KeibaWeb/TodayRaceInfo/RaceMarkTable?k_raceDate=2008%2F08%2F03&k_raceNo=12&k_babaCode=21,data/cache/html/20080803_kawasaki_12.html
20080802_kawasaki_1,2008-08-02,kawasaki,1,https://www.keiba.go.jp/KeibaWeb/TodayRaceInfo/RaceMarkTable?k_raceDate=2008%2F08%2F02&k_raceNo=1&k_babaCode=21,data/cache/html/20080802_kawasaki_1.html
20080802_kawasaki_2,2008-08-02,kawasaki,2,https://www.keiba.go.jp/KeibaWeb/TodayRaceInfo/RaceMarkTable?k_raceDate=2008%2F08%2F02&k_raceNo=2&k_babaCode=21,data/cache/html/20080802_kawasaki_2.html
20080802_kawasaki_3,2008-08-02,kawasaki,3,https://www.keiba.go.jp/KeibaWeb/TodayRaceInfo/RaceMarkTable?k_raceDate=2008%2F08%2F02&k_raceNo=3&k_babaCode=21,data/cache/html/20080802_kawasaki_3.html
20080802_kawasaki_4,2008-08-02,kawasaki,4,https://www.keiba.go.jp/KeibaWeb/TodayRaceInfo/RaceMarkTable?k_raceDate=2008%2F08%2F02&k_raceNo=4&k_babaCode=21,data/cache/html/20080802_kawasaki_4.html
20080802_kawasaki_5,2008-08-02,kawasaki,5,https://www.keiba.go.jp/KeibaWeb/TodayRaceInfo/RaceMarkTable?k_raceDate=2008%2F08%2F02&k_raceNo=5&k_babaCode=21,data/cache/html/20080802_kawasaki_5.html
20080802_kawasaki_6,2008-08-02,kawasaki,6,https://www.keiba.go.jp/KeibaWeb/TodayRaceInfo/RaceMarkTable?k_raceDate=2008%2F08%2F02&k_raceNo=6&k_babaCode=21,data/cache/html/20080802_kawasaki_6.html
20080802_kawasaki_7,2008-08-02,kawasaki,7,https://www.keiba.go.jp/KeibaWeb/TodayRaceInfo/RaceMarkTable?k_raceDate=2008%2F08%2F02&k_raceNo=7&k_babaCode=21,data/cache/html/20080802_kawasaki_7.html
20080802_kawasaki_8,2008-08-02,kawasaki,8,https://www.keiba.go.jp/KeibaWeb/TodayRaceInfo/RaceMarkTable?k_raceDate=2008%2F08%2F02&k_raceNo=8&k_babaCode=21,data/cache/html/20080802_kawasaki_8.html
20080802_kawasaki_9,2008-08-02,kawasaki,9,https://www.keiba.go.jp/KeibaWeb/TodayRaceInfo/RaceMarkTable?k_raceDate=2008%2F08%2F02&k_raceNo=9&k_babaCode=21,data/cache/html/20080802_kawasaki_9.html
20080802_kawasaki_10,2008-08-02,kawasaki,10,https://www.keiba.go.jp/KeibaWeb/TodayRaceInfo/RaceMarkTable?k_raceDate=2008%2F08%2F02&k_raceNo=10&k_babaCode=21,data/cache/html/20080802_kawasaki_10.html
20080802_kawasaki_11,2008-08-02,kawasaki,11,https://www.keiba.go.jp/KeibaWeb/TodayRaceInfo/RaceMarkTable?k_raceDate=2008%2F08%2F02&k_raceNo=11&k_babaCode=21,data/cache/html/20080802_kawasaki_11.html
20080802_kawasaki_12,2008-08-02,kawasaki,12,https://www.keiba.go.jp/KeibaWeb/TodayRaceInfo/RaceMarkTable?k_raceDate=2008%2F08%2F02&k_raceNo=12&k_babaCode=21,data/cache/html/20080802_kawasaki_12.html
20080801_kawasaki_1,2008-08-01,kawasaki,1,https://www.keiba.go.jp/KeibaWeb/TodayRaceInfo/RaceMarkTable?k_raceDate=2008%2F08%2F01&k_raceNo=1&k_babaCode=21,data/cache/html/20080801_kawasaki_1.html
20080801_kawasaki_2,2008-08-01,kawasaki,2,https://www.keiba.go.jp/KeibaWeb/TodayRaceInfo/RaceMarkTable?k_raceDate=2008%2F08%2F01&k_raceNo=2&k_babaCode=21,data/cache/html/20080801_kawasaki_2.html
20080801_kawasaki_3,2008-08-01,kawasaki,3,https://www.keiba.go.jp/KeibaWeb/TodayRaceInfo/RaceMarkTable?k_raceDate=2008%2F08%2F01&k_raceNo=3&k_babaCode=21,data/cache/html/20080801_kawasaki_3.html
20080801_kawasaki_4,2008-08-01,kawasaki,4,https://www.keiba.go.jp/KeibaWeb/TodayRaceInfo/RaceMarkTable?k_raceDate=2008%2F08%2F01&k_raceNo=4&k_babaCode=21,data/cache/html/20080801_kawasaki_4.html
20080801_kawasaki_5,2008-08-01,kawasaki,5,https://www.keiba.go.jp/KeibaWeb/TodayRaceInfo/RaceMarkTable?k_raceDate=2008%2F08%2F01&k_raceNo=5&k_babaCode=21,data/cache/html/20080801_kawasaki_5.html
20080801_kawasaki_6,2008-08-01,kawasaki,6,https://www.keiba.go.jp/KeibaWeb/TodayRaceInfo/RaceMarkTable?k_raceDate=2008%2F08%2F01&k_raceNo=6&k_babaCode=21,data/cache/html/20080801_kawasaki_6.html
20080801_kawasaki_7,2008-08-01,kawasaki,7,https://www.keiba.go.jp/KeibaWeb/TodayRaceInfo/RaceMarkTable?k_raceDate=2008%2F08%2F01&k_raceNo=7&k_babaCode=21,data/cache/html/20080801_kawasaki_7.html
20080801_kawasaki_8,2008-08-01,kawasaki,8,https://www.keiba.go.jp/KeibaWeb/TodayRaceInfo/RaceMarkTable?k_raceDate=2008%2F08%2F01&k_raceNo=8&k_babaCode=21,data/cache/html/20080801_kawasaki_8.html
20080801_kawasaki_9,2008-08-01,kawasaki,9,https://www.keiba.go.jp/KeibaWeb/TodayRaceInfo/RaceMarkTable?k_raceDate=2008%2F08%2F01&k_raceNo=9&k_babaCode=21,data/cache/html/20080801_kawasaki_9.html
20080801_kawasaki_10,2008-08-01,kawasaki,10,https://www.keiba.go.jp/KeibaWeb/TodayRaceInfo/RaceMarkTable?k_raceDate=2008%2F08%2F01&k_raceNo=10&k_babaCode=21,data/cache/html/20080801_kawasaki_10.html
20080801_kawasaki_11,2008-08-01,kawasaki,11,https://www.keiba.go.jp/KeibaWeb/TodayRaceInfo/RaceMarkTable?k_raceDate=2008%2F08%2F01&k_raceNo=11&k_babaCode=21,data/cache/html/20080801_kawasaki_11.html
20080801_kawasaki_12,2008-08-01,kawasaki,12,https://www.keiba.go.jp/KeibaWeb/TodayRaceInfo/RaceMarkTable?k_raceDate=2008%2F08%2F01&k_raceNo=12&k_babaCode=21,data/cache/html/20080801_kawasaki_12.html
20080731_kawasaki_1,2008-07-31,kawasaki,1,https://www.keiba.go.jp/KeibaWeb/TodayRaceInfo/RaceMarkTable?k_raceDate=2008%2F07%2F31&k_raceNo=1&k_babaCode=21,data/cache/html/20080731_kawasaki_1.html
20080731_kawasaki_2,2008-07-31,kawasaki,2,https://www.keiba.go.jp/KeibaWeb/TodayRaceInfo/RaceMarkTable?k_raceDate=2008%2F07%2F31&k_raceNo=2&k_babaCode=21,data/cache/html/20080731_kawasaki_2.html
20080731_kawasaki_3,2008-07-31,kawasaki,3,https://www.keiba.go.jp/KeibaWeb/TodayRaceInfo/RaceMarkTable?k_raceDate=2008%2F07%2F31&k_raceNo=3&k_babaCode=21,data/cache/html/20080731_kawasaki_3.html
20080731_kawasaki_4,2008-07-31,kawasaki,4,https://www.keiba.go.jp/KeibaWeb/TodayRaceInfo/RaceMarkTable?k_raceDate=2008%2F07%2F31&k_raceNo=4&k_babaCode=21,data/cache/html/20080731_kawasaki_4.html
20080731_kawasaki_5,2008-07-31,kawasaki,5,https://www.keiba.go.jp/KeibaWeb/TodayRaceInfo/RaceMarkTable?k_raceDate=2008%2F07%2F31&k_raceNo=5&k_babaCode=21,data/cache/html/20080731_kawasaki_5.html
20080731_kawasaki_6,2008-07-31,kawasaki,6,https://www.keiba.go.jp/KeibaWeb/TodayRaceInfo/RaceMarkTable?k_raceDate=2008%2F07%2F31&k_raceNo=6&k_babaCode=21,data/cache/html/20080731_kawasaki_6.html
20080731_kawasaki_7,2008-07-31,kawasaki,7,https://www.keiba.go.jp/KeibaWeb/TodayRaceInfo/RaceMarkTable?k_raceDate=2008%2F07%2F31&k_raceNo=7&k_babaCode=21,data/cache/html/20080731_kawasaki_7.html
20080731_kawasaki_8,2008-07-31,kawasaki,8,https://www.keiba.go.jp/KeibaWeb/TodayRaceInfo/RaceMarkTable?k_raceDate=2008%2F07%2F31&k_raceNo=8&k_babaCode=21,data/cache/html/20080731_kawasaki_8.html
20080731_kawasaki_9,2008-07-31,kawasaki,9,https://www.keiba.go.jp/KeibaWeb/TodayRaceInfo/RaceMarkTable?k_raceDate=2008%2F07%2F31&k_raceNo=9&k_babaCode=21,data/cache/html/20080731_kawasaki_9.html
20080731_kawasaki_10,2008-07-31,kawasaki,10,https://www.keiba.go.jp/KeibaWeb/TodayRaceInfo/RaceMarkTable?k_raceDate=2008%2F07%2F31&k_raceNo=10&k_babaCode=21,data/cache/html/20080731_kawasaki_10.html
20080731_kawasaki_11,2008-07-31,kawasaki,11,https://www.keiba.go.jp/KeibaWeb/TodayRaceInfo/RaceMarkTable?k_raceDate=2008%2F07%2F31&k_raceNo=11&k_babaCode=21,data/cache/html/20080731_kawasaki_11.html
20080731_kawasaki_12,2008-07-31,kawasaki,12,https://www.keiba.go.jp/KeibaWeb/TodayRaceInfo/RaceMarkTable?k_raceDate=2008%2F07%2F31&k_raceNo=12&k_babaCode=21,data/cache/html/20080731_kawasaki_12.html
20080730_kawasaki_1,2008-07-30,kawasaki,1,https://www.keiba.go.jp/KeibaWeb/TodayRaceInfo/RaceMarkTable?k_raceDate=2008%2F07%2F30&k_raceNo=1&k_babaCode=21,data/cache/html/20080730_kawasaki_1.html
20080730_kawasaki_2,2008-07-30,kawasaki,2,https://www.keiba.go.jp/KeibaWeb/TodayRaceInfo/RaceMarkTable?k_raceDate=2008%2F07%2F30&k_raceNo=2&k_babaCode=21,data/cache/html/20080730_kawasaki_2.html
20080730_kawasaki_3,2008-07-30,kawasaki,3,https://www.keiba.go.jp/KeibaWeb/TodayRaceInfo/RaceMarkTable?k_raceDate=2008%2F07%2F30&k_raceNo=3&k_babaCode=21,data/cache/html/20080730_kawasaki_3.html
20080730_kawasaki_4,2008-07-30,kawasaki,4,https://www.keiba.go.jp/KeibaWeb/TodayRaceInfo/RaceMarkTable?k_raceDate=2008%2F07%2F30&k_raceNo=4&k_babaCode=21,data/cache/html/20080730_kawasaki_4.html
20080730_kawasaki_5,2008-07-30,kawasaki,5,https://www.keiba.go.jp/KeibaWeb/TodayRaceInfo/RaceMarkTable?k_raceDate=2008%2F07%2F30&k_raceNo=5&k_babaCode=21,data/cache/html/20080730_kawasaki_5.html
20080730_kawasaki_6,2008-07-30,kawasaki,6,https://www.keiba.go.jp/KeibaWeb/TodayRaceInfo/RaceMarkTable?k_raceDate=2008%2F07%2F30&k_raceNo=6&k_babaCode=21,data/cache/html/20080730_kawasaki_6.html
20080730_kawasaki_7,2008-07-30,kawasaki,7,https://www.keiba.go.jp/KeibaWeb/TodayRaceInfo/RaceMarkTable?k_raceDate=2008%2F07%2F30&k_raceNo=7&k_babaCode=21,data/cache/html/20080730_kawasaki_7.html
20080730_kawasaki_8,2008-07-30,kawasaki,8,https://www.keiba.go.jp/KeibaWeb/TodayRaceInfo/RaceMarkTable?k_raceDate=2008%2F07%2F30&k_raceNo=8&k_babaCode=21,data/cache/html/20080730_kawasaki_8.html
20080730_kawasaki_9,2008-07-30,kawasaki,9,https://www.keiba.go.jp/KeibaWeb/TodayRaceInfo/RaceMarkTable?k_raceDate=2008%2F07%2F30&k_raceNo=9&k_babaCode=21,data/cache/html/20080730_kawasaki_9.html
20080730_kawasaki_10,2008-07-30,kawasaki,10,https://www.keiba.go.jp/KeibaWeb/TodayRaceInfo/RaceMarkTable?k_raceDate=2008%2F07%2F30&k_raceNo=10&k_babaCode=21,data/cache/html/20080730_kawasaki_10.html
20080730_kawasaki_11,2008-07-30,kawasaki,11,https://www.keiba.go.jp/KeibaWeb/TodayRaceInfo/RaceMarkTable?k_raceDate=2008%2F07%2F30&k_raceNo=11&k_babaCode=21,data/cache/html/20080730_kawasaki_11.html
20080730_kawasaki_12,2008-07-30,kawasaki,12,https://www.keiba.go.jp/KeibaWeb/TodayRaceInfo/RaceMarkTable?k_raceDate=2008%2F07%2F30&k_raceNo=12&k_babaCode=21,data/cache/html/20080730_kawasaki_12.html
20080729_kawasaki_1,2008-07-29,kawasaki,1,https://www.keiba.go.jp/KeibaWeb/TodayRaceInfo/RaceMarkTable?k_raceDate=2008%2F07%2F29&k_raceNo=1&k_babaCode=21,data/cache/html/20080729_kawasaki_1.html
20080729_kawasaki_2,2008-07-29,kawasaki,2,https://www.keiba.go.jp/KeibaWeb/TodayRaceInfo/RaceMarkTable?k_raceDate=2008%2F07%2F29&k_raceNo=2&k_babaCode=21,data/cache/html/20080729_kawasaki_2.html
20080729_kawasaki_3,2008-07-29,kawasaki,3,https://www.keiba.go.jp/KeibaWeb/TodayRaceInfo/RaceMarkTable?k_raceDate=2008%2F07%2F29&k_raceNo=3&k_babaCode=21,data/cache/html/20080729_kawasaki_3.html
20080729_kawasaki_4,2008-07-29,kawasaki,4,https://www.keiba.go.jp/KeibaWeb/TodayRaceInfo/RaceMarkTable?k_raceDate=2008%2F07%2F29&k_raceNo=4&k_babaCode=21,data/cache/html/20080729_kawasaki_4.html
20080729_kawasaki_5,2008-07-29,kawasaki,5,https://www.keiba.go.jp/KeibaWeb/TodayRaceInfo/RaceMarkTable?k_raceDate=2008%2F07%2F29&k_raceNo=5&k_babaCode=21,data/cache/html/20080729_kawasaki_5.html
20080729_kawasaki_6,2008-07-29,kawasaki,6,https://www.keiba.go.jp/KeibaWeb/TodayRaceInfo/RaceMarkTable?k_raceDate=2008%2F07%2F29&k_raceNo=6&k_babaCode=21,data/cache/html/20080729_kawasaki_6.html
20080729_kawasaki_7,2008-07-29,kawasaki,7,https://www.keiba.go.jp/KeibaWeb/TodayRaceInfo/RaceMarkTable?k_raceDate=2008%2F07%2F29&k_raceNo=7&k_babaCode=21,data/cache/html/20080729_kawasaki_7.html
20080729_kawasaki_8,2008-07-29,kawasaki,8,https://www.keiba.go.jp/KeibaWeb/TodayRaceInfo/RaceMarkTable?k_raceDate=2008%2F07%2F29&k_raceNo=8&k_babaCode=21,data/cache/html/20080729_kawasaki_8.html
20080729_kawasaki_9,2008-07-29,kawasaki,9,https://www.keiba.go.jp/KeibaWeb/TodayRaceInfo/RaceMarkTable?k_raceDate=2008%2F07%2F29&k_raceNo=9&k_babaCode=21,data/cache/html/20080729_kawasaki_9.html
20080729_kawasaki_10,2008-07-29,kawasaki,10,https://www.keiba.go.jp/KeibaWeb/TodayRaceInfo/RaceMarkTable?k_raceDate=2008%2F07%2F29&k_raceNo=10&k_babaCode=21,data/cache/html/20080729_kawasaki_10.html
20080729_kawasaki_11,2008-07-29,kawasaki,11,https://www.keiba.go.jp/KeibaWeb/TodayRaceInfo/RaceMarkTable?k_raceDate=2008%2F07%2F29&k_raceNo=11&k_babaCode=21,data/cache/html/20080729_kawasaki_11.html
20080729_kawasaki_12,2008-07-29,kawasaki,12,https://www.keiba.go.jp/KeibaWeb/TodayRaceInfo/RaceMarkTable?k_raceDate=2008%2F07%2F29&k_raceNo=12&k_babaCode=21,data/cache/html/20080729_kawasaki_12.html
20080728_kawasaki_1,2008-07-28,kawasaki,1,https://www.keiba.go.jp/KeibaWeb/TodayRaceInfo/RaceMarkTable?k_raceDate=2008%2F07%2F28&k_raceNo=1&k_babaCode=21,data/cache/html/20080728_kawasaki_1.html
20080728_kawasaki_2,2008-07-28,kawasaki,2,https://www.keiba.go.jp/KeibaWeb/TodayRaceInfo/RaceMarkTable?k_raceDate=2008%2F07%2F28&k_raceNo=2&k_babaCode=21,data/cache/html/20080728_kawasaki_2.html
20080728_kawasaki_3,2008-07-28,kawasaki,3,https://www.keiba.go.jp/KeibaWeb/TodayRaceInfo/RaceMarkTable?k_raceDate=2008%2F07%2F28&k_raceNo=3&k_babaCode=21,data/cache/html/20080728_kawasaki_3.html
20080728_kawasaki_4,2008-07-28,kawasaki,4,https://www.keiba.go.jp/KeibaWeb/TodayRaceInfo/RaceMarkTable?k_raceDate=2008%2F07%2F28&k_raceNo=4&k_babaCode=21,data/cache/html/20080728_kawasaki_4.html
20080728_kawasaki_5,2008-07-28,kawasaki,5,https://www.keiba.go.jp/KeibaWeb/TodayRaceInfo/RaceMarkTable?k_raceDate=2008%2F07%2F28&k_raceNo=5&k_babaCode=21,data/cache/html/20080728_kawasaki_5.html
20080728_kawasaki_6,2008-07-28,kawasaki,6,https://www.keiba.go.jp/KeibaWeb/TodayRaceInfo/RaceMarkTable?k_raceDate=2008%2F07%2F28&k_raceNo=6&k_babaCode=21,data/cache/html/20080728_kawasaki_6.html
20080728_kawasaki_7,2008-07-28,kawasaki,7,https://www.keiba.go.jp/KeibaWeb/TodayRaceInfo/RaceMarkTable?k_raceDate=2008%2F07%2F28&k_raceNo=7&k_babaCode=21,data/cache/html/20080728_kawasaki_7.html
20080728_kawasaki_8,2008-07-28,kawasaki,8,https://www.keiba.go.jp/KeibaWeb/TodayRaceInfo/RaceMarkTable?k_raceDate=2008%2F07%2F28&k_raceNo=8&k_babaCode=21,data/cache/html/20080728_kawasaki_8.html
20080728_kawasaki_9,2008-07-28,kawasaki,9,https://www.keiba.go.jp/KeibaWeb/TodayRaceInfo/RaceMarkTable?k_raceDate=2008%2F07%2F28&k_raceNo=9&k_babaCode=21,data/cache/html/20080728_kawasaki_9.html
20080728_kawasaki_10,2008-07-28,kawasaki,10,https://www.keiba.go.jp/KeibaWeb/TodayRaceInfo/RaceMarkTable?k_raceDate=2008%2F07%2F28&k_raceNo=10&k_babaCode=21,data/cache/html/20080728_kawasaki_10.html
20080728_kawasaki_11,2008-07-28,kawasaki,11,https://www.keiba.go.jp/KeibaWeb/TodayRaceInfo/RaceMarkTable?k_raceDate=2008%2F07%2F28&k_raceNo=11&k_babaCode=21,data/cache/html/20080728_kawasaki_11.html
20080728_kawasaki_12,2008-07-28,kawasaki,12,https://www.keiba.go.jp/KeibaWeb/TodayRaceInfo/RaceMarkTable?k_raceDate=2008%2F07%2F28&k_raceNo=12&k_babaCode=21,data/cache/html/20080728_kawasaki_12.html
20080727_kawasaki_1,2008-07-27,kawasaki,1,https://www.keiba.go.jp/KeibaWeb/TodayRaceInfo/RaceMarkTable?k_raceDate=2008%2F07%2F27&k_raceNo=1&k_babaCode=21,data/cache/html/20080727_kawasaki_1.html
20080727_kawasaki_2,2008-07-27,kawasaki,2,https://www.keiba.go.jp/KeibaWeb/TodayRaceInfo/RaceMarkTable?k_raceDate=2008%2F07%2F27&k_raceNo=2&k_babaCode=21,data/cache/html/20080727_kawasaki_2.html
20080727_kawasaki_3,2008-07-27,kawasaki,3,https://www.keiba.go.jp/KeibaWeb/TodayRaceInfo/RaceMarkTable?k_raceDate=2008%2F07%2F27&k_raceNo=3&k_babaCode=21,data/cache/html/20080727_kawasaki_3.html
20080727_kawasaki_4,2008-07-27,kawasaki,4,https://www.keiba.go.jp/KeibaWeb/TodayRaceInfo/RaceMarkTable?k_raceDate=2008%2F07%2F27&k_raceNo=4&k_babaCode=21,data/cache/html/20080727_kawasaki_4.html
20080727_kawasaki_5,2008-07-27,kawasaki,5,https://www.keiba.go.jp/KeibaWeb/TodayRaceInfo/RaceMarkTable?k_raceDate=2008%2F07%2F27&k_raceNo=5&k_babaCode=21,data/cache/html/20080727_kawasaki_5.html
20080727_kawasaki_6,2008-07-27,kawasaki,6,https://www.keiba.go.jp/KeibaWeb/TodayRaceInfo/RaceMarkTable?k_raceDate=2008%2F07%2F27&k_raceNo=6&k_babaCode=21,data/cache/html/20080727_kawasaki_6.html
20080727_kawasaki_7,2008-07-27,kawasaki,7,https://www.keiba.go.jp/KeibaWeb/TodayRaceInfo/RaceMarkTable?k_raceDate=2008%2F07%2F27&k_raceNo=7&k_babaCode=21,data/cache/html/20080727_kawasaki_7.html
20080727_kawasaki_8,2008-07-27,kawasaki,8,https://www.keiba.go.jp/KeibaWeb/TodayRaceInfo/RaceMarkTable?k_raceDate=2008%2F07%2F27&k_raceNo=8&k_babaCode=21,data/cache/html/20080727_kawasaki_8.html
20080727_kawasaki_9,2008-07-27,kawasaki,9,https://www.keiba.go.jp/KeibaWeb/TodayRaceInfo/RaceMarkTable?k_raceDate=2008%2F07%2F27&k_raceNo=9&k_babaCode=21,data/cache/html/20080727_kawasaki_9.html
20080727_kawasaki_10,2008-07-27,kawasaki,10,https://www.keiba.go.jp/KeibaWeb/TodayRaceInfo/RaceMarkTable?k_raceDate=2008%2F07%2F27&k_raceNo=10&k_babaCode=21,data/cache/html/20080727_kawasaki_10.html
20080727_kawasaki_11,2008-07-27,kawasaki,11,https://www.keiba.go.jp/KeibaWeb/TodayRaceInfo/RaceMarkTable?k_raceDate=2008%2F07%2F27&k_raceNo=11&k_babaCode=21,data/cache/html/20080727_kawasaki_11.html
20080727_kawasaki_12,2008-07-27,kawasaki,12,https://www.keiba.go.jp/KeibaWeb/TodayRaceInfo/RaceMarkTable?k_raceDate=2008%2F07%2F27&k_raceNo=12&k_babaCode=21,data/cache/html/20080727_kawasaki_12.html
20080726_kawasaki_1,2008-07-26,kawasaki,1,https://www.keiba.go.jp/KeibaWeb/TodayRaceInfo/RaceMarkTable?k_raceDate=2008%2F07%2F26&k_raceNo=1&k_babaCode=21,data/cache/html/20080726_kawasaki_1.html
20080726_kawasaki_2,2008-07-26,kawasaki,2,https://www.keiba.go.jp/KeibaWeb/TodayRaceInfo/RaceMarkTable?k_raceDate=2008%2F07%2F26&k_raceNo=2&k_babaCode=21,data/cache/html/20080726_kawasaki_2.html
20080726_kawasaki_3,2008-07-26,kawasaki,3,https://www.keiba.go.jp/KeibaWeb/TodayRaceInfo/RaceMarkTable?k_raceDate=2008%2F07%2F26&k_raceNo=3&k_babaCode=21,data/cache/html/20080726_kawasaki_3.html
20080726_kawasaki_4,2008-07-26,kawasaki,4,https://www.keiba.go.jp/KeibaWeb/TodayRaceInfo/RaceMarkTable?k_raceDate=2008%2F07%2F26&k_raceNo=4&k_babaCode=21,data/cache/html/20080726_kawasaki_4.html
20080726_kawasaki_5,2008-07-26,kawasaki,5,https://www.keiba.go.jp/KeibaWeb/TodayRaceInfo/RaceMarkTable?k_raceDate=2008%2F07%2F26&k_raceNo=5&k_babaCode=21,data/cache/html/20080726_kawasaki_5.html
20080726_kawasaki_6,2008-07-26,kawasaki,6,https://www.keiba.go.jp/KeibaWeb/TodayRaceInfo/RaceMarkTable?k_raceDate=2008%2F07%2F26&k_raceNo=6&k_babaCode=21,data/cache/html/20080726_kawasaki_6.html
20080726_kawasaki_7,2008-07-26,kawasaki,7,https://www.keiba.go.jp/KeibaWeb/TodayRaceInfo/RaceMarkTable?k_raceDate=2008%2F07%2F26&k_raceNo=7&k_babaCode=21,data/cache/html/20080726_kawasaki_7.html
20080726_kawasaki_8,2008-07-26,kawasaki,8,https://www.keiba.go.jp/KeibaWeb/TodayRaceInfo/RaceMarkTable?k_raceDate=2008%2F07%2F26&k_raceNo=8&k_babaCode=21,data/cache/html/20080726_kawasaki_8.html
20080726_kawasaki_9,2008-07-26,kawasaki,9,https://www.keiba.go.jp/KeibaWeb/TodayRaceInfo/RaceMarkTable?k_raceDate=2008%2F07%2F26&k_raceNo=9&k_babaCode=21,data/cache/html/20080726_kawasaki_9.html
20080726_kawasaki_10,2008-07-26,kawasaki,10,https://www.keiba.go.jp/KeibaWeb/TodayRaceInfo/RaceMarkTable?k_raceDate=2008%2F07%2F26&k_raceNo=10&k_babaCode=21,data/cache/html/20080726_kawasaki_10.html
20080726_kawasaki_11,2008-07-26,kawasaki,11,https://www.keiba.go.jp/KeibaWeb/TodayRaceInfo/RaceMarkTable?k_raceDate=2008%2F07%2F26&k_raceNo=11&k_babaCode=21,data/cache/html/20080726_kawasaki_11.html
20080726_kawasaki_12,2008-07-26,kawasaki,12,https://www.keiba.go.jp/KeibaWeb/TodayRaceInfo/RaceMarkTable?k_raceDate=2008%2F07%2F26&k_raceNo=12&k_babaCode=21,data/cache/html/20080726_kawasaki_12.html
20080725_kawasaki_1,2008-07-25,kawasaki,1,https://www.keiba.go.jp/KeibaWeb/TodayRaceInfo/RaceMarkTable?k_raceDate=2008%2F07%2F25&k_raceNo=1&k_babaCode=21,data/cache/html/20080725_kawasaki_1.html
20080725_kawasaki_2,2008-07-25,kawasaki,2,https://www.keiba.go.jp/KeibaWeb/TodayRaceInfo/RaceMarkTable?k_raceDate=2008%2F07%2F25&k_raceNo=2&k_babaCode=21,data/cache/html/20080725_kawasaki_2.html
20080725_kawasaki_3,2008-07-25,kawasaki,3,https://www.keiba.go.jp/KeibaWeb/TodayRaceInfo/RaceMarkTable?k_raceDate=2008%2F07%2F25&k_raceNo=3&k_babaCode=21,data/cache/html/20080725_kawasaki_3.html
20080725_kawasaki_4,2008-07-25,kawasaki,4,https://www.keiba.go.jp/KeibaWeb/TodayRaceInfo/RaceMarkTable?k_raceDate=2008%2F07%2F25&k_raceNo=4&k_babaCode=21,data/cache/html/20080725_kawasaki_4.html
20080725_kawasaki_5,2008-07-25,kawasaki,5,https://www.keiba.go.jp/KeibaWeb/TodayRaceInfo/RaceMarkTable?k_raceDate=2008%2F07%2F25&k_raceNo=5&k_babaCode=21,data/cache/html/20080725_kawasaki_5.html
20080725_kawasaki_6,2008-07-25,kawasaki,6,https://www.keiba.go.jp/KeibaWeb/TodayRaceInfo/RaceMarkTable?k_raceDate=2008%2F07%2F25&k_raceNo=6&k_babaCode=21,data/cache/html/20080725_kawasaki_6.html
20080725_kawasaki_7,2008-07-25,kawasaki,7,https://www.keiba.go.jp/KeibaWeb/TodayRaceInfo/RaceMarkTable?k_raceDate=2008%2F07%2F25&k_raceNo=7&k_babaCode=21,data/cache/html/20080725_kawasaki_7.html
20080725_kawasaki_8,2008-07-25,kawasaki,8,https://www.keiba.go.jp/KeibaWeb/TodayRaceInfo/RaceMarkTable?k_raceDate=2008%2F07%2F25&k_raceNo=8&k_babaCode=21,data/cache/html/20080725_kawasaki_8.html
20080725_kawasaki_9,2008-07-25,kawasaki,9,https://www.keiba.go.jp/KeibaWeb/TodayRaceInfo/RaceMarkTable?k_raceDate=2008%2F07%2F25&k_raceNo=9&k_babaCode=21,data/cache/html/20080725_kawasaki_9.html
20080725_kawasaki_10,2008-07-25,kawasaki,10,https://www.keiba.go.jp/KeibaWeb/TodayRaceInfo/RaceMarkTable?k_raceDate=2008%2F07%2F25&k_raceNo=10&k_babaCode=21,data/cache/html/20080725_kawasaki_10.html
20080725_kawasaki_11,2008-07-25,kawasaki,11,https://www.keiba.go.jp/KeibaWeb/TodayRaceInfo/RaceMarkTable?k_raceDate=2008%2F07%2F25&k_raceNo=11&k_babaCode=21,data/cache/html/20080725_kawasaki_11.html
20080725_kawasaki_12,2008-07-25,kawasaki,12,https://www.keiba.go.jp/KeibaWeb/TodayRaceInfo/RaceMarkTable?k_raceDate=2008%2F07%2F25&k_raceNo=12&k_babaCode=21,data/cache/html/20080725_kawasaki_12.html
20080724_kawasaki_1,2008-07-24,kawasaki,1,https://www.keiba.go.jp/KeibaWeb/TodayRaceInfo/RaceMarkTable?k_raceDate=2008%2F07%2F24&k_raceNo=1&k_babaCode=21,data/cache/html/20080724_kawasaki_1.html
20080724_kawasaki_2,2008-07-24,kawasaki,2,https://www.keiba.go.jp/KeibaWeb/TodayRaceInfo/RaceMarkTable?k_raceDate=2008%2F07%2F24&k_raceNo=2&k_babaCode=21,data/cache/html/20080724_kawasaki_2.html
20080724_kawasaki_3,2008-07-24,kawasaki,3,https://www.keiba.go.jp/KeibaWeb/TodayRaceInfo/RaceMarkTable?k_raceDate=2008%2F07%2F24&k_raceNo=3&k_babaCode=21,data/cache/html/20080724_kawasaki_3.html
20080724_kawasaki_4,2008-07-24,kawasaki,4,https://www.keiba.go.jp/KeibaWeb/TodayRaceInfo/RaceMarkTable?k_raceDate=2008%2F07%2F24&k_raceNo=4&k_babaCode=21,data/cache/html/20080724_kawasaki_4.html
20080724_kawasaki_5,2008-07-24,kawasaki,5,https://www.keiba.go.jp/KeibaWeb/TodayRaceInfo/RaceMarkTable?k_raceDate=2008%2F07%2F24&k_raceNo=5&k_babaCode=21,data/cache/html/20080724_kawasaki_5.html
20080724_kawasaki_6,2008-07-24,kawasaki,6,https://www.keiba.go.jp/KeibaWeb/TodayRaceInfo/RaceMarkTable?k_raceDate=2008%2F07%2F24&k_raceNo=6&k_babaCode=21,data/cache/html/20080724_kawasaki_6.html
20080724_kawasaki_7,2008-07-24,kawasaki,7,https://www.keiba.go.jp/KeibaWeb/TodayRaceInfo/RaceMarkTable?k_raceDate=2008%2F07%2F24&k_raceNo=7&k_babaCode=21,data/cache/html/20080724_kawasaki_7.html
20080724_kawasaki_8,2008-07-24,kawasaki,8,https://www.keiba.go.jp/KeibaWeb/TodayRaceInfo/RaceMarkTable?k_raceDate=2008%2F07%2F24&k_raceNo=8&k_babaCode=21,data/cache/html/20080724_kawasaki_8.html
20080724_kawasaki_9,2008-07-24,kawasaki,9,https://www.keiba.go.jp/KeibaWeb/TodayRaceInfo/RaceMarkTable?k_raceDate=2008%2F07%2F24&k_raceNo=9&k_babaCode=21,data/cache/html/20080724_kawasaki_9.html
20080724_kawasaki_10,2008-07-24,kawasaki,10,https://www.keiba.go.jp/KeibaWeb/TodayRaceInfo/RaceMarkTable?k_raceDate=2008%2F07%2F24&k_raceNo=10&k_babaCode=21,data/cache/html/20080724_kawasaki_10.html
20080724_kawasaki_11,2008-07-24,kawasaki,11,https://www.keiba.go.jp/KeibaWeb/TodayRaceInfo/RaceMarkTable?k_raceDate=2008%2F07%2F24&k_raceNo=11&k_babaCode=21,data/cache/html/20080724_kawasaki_11.html
20080724_kawasaki_12,2008-07-24,kawasaki,12,https://www.keiba.go.jp/KeibaWeb/TodayRaceInfo/RaceMarkTable?k_raceDate=2008%2F07%2F24&k_raceNo=12&k_babaCode=21,data/cache/html/20080724_kawasaki_12.html
20080723_kawasaki_1,2008-07-23,kawasaki,1,https://www.keiba.go.jp/KeibaWeb/TodayRaceInfo/RaceMarkTable?k_raceDate=2008%2F07%2F23&k_raceNo=1&k_babaCode=21,data/cache/html/20080723_kawasaki_1.html
20080723_kawasaki_2,2008-07-23,kawasaki,2,https://www.keiba.go.jp/KeibaWeb/TodayRaceInfo/RaceMarkTable?k_raceDate=2008%2F07%2F23&k_raceNo=2&k_babaCode=21,data/cache/html/20080723_kawasaki_2.html
20080723_kawasaki_3,2008-07-23,kawasaki,3,https://www.keiba.go.jp/KeibaWeb/TodayRaceInfo/RaceMarkTable?k_raceDate=2008%2F07%2F23&k_raceNo=3&k_babaCode=21,data/cache/html/20080723_kawasaki_3.html
20080723_kawasaki_4,2008-07-23,kawasaki,4,https://www.keiba.go.jp/KeibaWeb/TodayRaceInfo/RaceMarkTable?k_raceDate=2008%2F07%2F23&k_raceNo=4&k_babaCode=21,data/cache/html/20080723_kawasaki_4.html
20080723_kawasaki_5,2008-07-23,kawasaki,5,https://www.keiba.go.jp/KeibaWeb/TodayRaceInfo/RaceMarkTable?k_raceDate=2008%2F07%2F23&k_raceNo=5&k_babaCode=21,data/cache/html/20080723_kawasaki_5.html
20080723_kawasaki_6,2008-07-23,kawasaki,6,https://www.keiba.go.jp/KeibaWeb/TodayRaceInfo/RaceMarkTable?k_raceDate=2008%2F07%2F23&k_raceNo=6&k_babaCode=21,data/cache/html/20080723_kawasaki_6.html
20080723_kawasaki_7,2008-07-23,kawasaki,7,https://www.keiba.go.jp/KeibaWeb/TodayRaceInfo/RaceMarkTable?k_raceDate=2008%2F07%2F23&k_raceNo=7&k_babaCode=21,data/cache/html/20080723_kawasaki_7.html
20080723_kawasaki_8,2008-07-23,kawasaki,8,https://www.keiba.go.jp/KeibaWeb/TodayRaceInfo/RaceMarkTable?k_raceDate=2008%2F07%2F23&k_raceNo=8&k_babaCode=21,data/cache/html/20080723_kawasaki_8.html
20080723_kawasaki_9,2008-07-23,kawasaki,9,https://www.keiba.go.jp/KeibaWeb/TodayRaceInfo/RaceMarkTable?k_raceDate=2008%2F07%2F23&k_raceNo=9&k_babaCode=21,data/cache/html/20080723_kawasaki_9.html
20080723_kawasaki_10,2008-07-23,kawasaki,10,https://www.keiba.go.jp/KeibaWeb/TodayRaceInfo/RaceMarkTable?k_raceDate=2008%2F07%2F23&k_raceNo=10&k_babaCode=21,data/cache/html/20080723_kawasaki_10.html
20080723_kawasaki_11,2008-07-23,kawasaki,11,https://www.keiba.go.jp/KeibaWeb/TodayRaceInfo/RaceMarkTable?k_raceDate=2008%2F07%2F23&k_raceNo=11&k_babaCode=21,data/cache/html/20080723_kawasaki_11.html
20080723_kawasaki_12,2008-07-23,kawasaki,12,https://www.keiba.go.jp/KeibaWeb/TodayRaceInfo/RaceMarkTable?k_raceDate=2008%2F07%2F23&k_raceNo=12&k_babaCode=21,data/cache/html/20080723_kawasaki_12.html
20080722_kawasaki_1,2008-07-22,kawasaki,1,https://www.keiba.go.jp/KeibaWeb/TodayRaceInfo/RaceMarkTable?k_raceDate=2008%2F07%2F22&k_raceNo=1&k_babaCode=21,data/cache/html/20080722_kawasaki_1.html
20080722_kawasaki_2,2008-07-22,kawasaki,2,https://www.keiba.go.jp/KeibaWeb/TodayRaceInfo/RaceMarkTable?k_raceDate=2008%2F07%2F22&k_raceNo=2&k_babaCode=21,data/cache/html/20080722_kawasaki_2.html
20080722_kawasaki_3,2008-07-22,kawasaki,3,https://www.keiba.go.jp/KeibaWeb/TodayRaceInfo/RaceMarkTable?k_raceDate=2008%2F07%2F22&k_raceNo=3&k_babaCode=21,data/cache/html/20080722_kawasaki_3.html
20080722_kawasaki_4,2008-07-22,kawasaki,4,https://www.keiba.go.jp/KeibaWeb/TodayRaceInfo/RaceMarkTable?k_raceDate=2008%2F07%2F22&k_raceNo=4&k_babaCode=21,data/cache/html/20080722_kawasaki_4.html
20080722_kawasaki_5,2008-07-22,kawasaki,5,https://www.keiba.go.jp/KeibaWeb/TodayRaceInfo/RaceMarkTable?k_raceDate=2008%2F07%2F22&k_raceNo=5&k_babaCode=21,data/cache/html/20080722_kawasaki_5.html
20080722_kawasaki_6,2008-07-22,kawasaki,6,https://www.keiba.go.jp/KeibaWeb/TodayRaceInfo/RaceMarkTable?k_raceDate=2008%2F07%2F22&k_raceNo=6&k_babaCode=21,data/cache/html/20080722_kawasaki_6.html
20080722_kawasaki_7,2008-07-22,kawasaki,7,https://www.keiba.go.jp/KeibaWeb/TodayRaceInfo/RaceMarkTable?k_raceDate=2008%2F07%2F22&k_raceNo=7&k_babaCode=21,data/cache/html/20080722_kawasaki_7.html
20080722_kawasaki_8,2008-07-22,kawasaki,8,https://www.keiba.go.jp/KeibaWeb/TodayRaceInfo/RaceMarkTable?k_raceDate=2008%2F07%2F22&k_raceNo=8&k_babaCode=21,data/cache/html/20080722_kawasaki_8.html
20080722_kawasaki_9,2008-07-22,kawasaki,9,https://www.keiba.go.jp/KeibaWeb/TodayRaceInfo/RaceMarkTable?k_raceDate=2008%2F07%2F22&k_raceNo=9&k_babaCode=21,data/cache/html/20080722_kawasaki_9.html
20080722_kawasaki_10,2008-07-22,kawasaki,10,https://www.keiba.go.jp/KeibaWeb/TodayRaceInfo/RaceMarkTable?k_raceDate=2008%2F07%2F22&k_raceNo=10&k_babaCode=21,data/cache/html/20080722_kawasaki_10.html
20080722_kawasaki_11,2008-07-22,kawasaki,11,https://www.keiba.go.jp/KeibaWeb/TodayRaceInfo/RaceMarkTable?k_raceDate=2008%2F07%2F22&k_raceNo=11&k_babaCode=21,data/cache/html/20080722_kawasaki_11.html
20080722_kawasaki_12,2008-07-22,kawasaki,12,https://www.keiba.go.jp/KeibaWeb/TodayRaceInfo/RaceMarkTable?k_raceDate=2008%2F07%2F22&k_raceNo=12&k_babaCode=21,data/cache/html/20080722_kawasaki_12.html
20080721_kawasaki_1,2008-07-21,kawasaki,1,https://www.keiba.go.jp/KeibaWeb/TodayRaceInfo/RaceMarkTable?k_raceDate=2008%2F07%2F21&k_raceNo=1&k_babaCode=21,data/cache/html/20080721_kawasaki_1.html
20080721_kawasaki_2,2008-07-21,kawasaki,2,https://www.keiba.go.jp/KeibaWeb/TodayRaceInfo/RaceMarkTable?k_raceDate=2008%2F07%2F21&k_raceNo=2&k_babaCode=21,data/cache/html/20080721_kawasaki_2.html
20080721_kawasaki_3,2008-07-21,kawasaki,3,https://www.keiba.go.jp/KeibaWeb/TodayRaceInfo/RaceMarkTable?k_raceDate=2008%2F07%2F21&k_raceNo=3&k_babaCode=21,data/cache/html/20080721_kawasaki_3.html
20080721_kawasaki_4,2008-07-21,kawasaki,4,https://www.keiba.go.jp/KeibaWeb/TodayRaceInfo/RaceMarkTable?k_raceDate=2008%2F07%2F21&k_raceNo=4&k_babaCode=21,data/cache/html/20080721_kawasaki_4.html
20080721_kawasaki_5,2008-07-21,kawasaki,5,https://www.keiba.go.jp/KeibaWeb/TodayRaceInfo/RaceMarkTable?k_raceDate=2008%2F07%2F21&k_raceNo=5&k_babaCode=21,data/cache/html/20080721_kawasaki_5.html
20080721_kawasaki_6,2008-07-21,kawasaki,6,https://www.keiba.go.jp/KeibaWeb/TodayRaceInfo/RaceMarkTable?k_raceDate=2008%2F07%2F21&k_raceNo=6&k_babaCode=21,data/cache/html/20080721_kawasaki_6.html
20080721_kawasaki_7,2008-07-21,kawasaki,7,https://www.keiba.go.jp/KeibaWeb/TodayRaceInfo/RaceMarkTable?k_raceDate=2008%2F07%2F21&k_raceNo=7&k_babaCode=21,data/cache/html/20080721_kawasaki_7.html
20080721_kawasaki_8,2008-07-21,kawasaki,8,https://www.keiba.go.jp/KeibaWeb/TodayRaceInfo/RaceMarkTable?k_raceDate=2008%2F07%2F21&k_raceNo=8&k_babaCode=21,data/cache/html/20080721_kawasaki_8.html
20080721_kawasaki_9,2008-07-21,kawasaki,9,https://www.keiba.go.jp/KeibaWeb/TodayRaceInfo/RaceMarkTable?k_raceDate=2008%2F07%2F21&k_raceNo=9&k_babaCode=21,data/cache/html/20080721_kawasaki_9.html
20080721_kawasaki_10,2008-07-21,kawasaki,10,https://www.keiba.go.jp/KeibaWeb/TodayRaceInfo/RaceMarkTable?k_raceDate=2008%2F07%2F21&k_raceNo=10&k_babaCode=21,data/cache/html/20080721_kawasaki_10.html
20080721_kawasaki_11,2008-07-21,kawasaki,11,https://www.keiba.go.jp/KeibaWeb/TodayRaceInfo/RaceMarkTable?k_raceDate=2008%2F07%2F21&k_raceNo=11&k_babaCode=21,data/cache/html/20080721_kawasaki_11.html
20080721_kawasaki_12,2008-07-21,kawasaki,12,https://www.keiba.go.jp/KeibaWeb/TodayRaceInfo/RaceMarkTable?k_raceDate=2008%2F07%2F21&k_raceNo=12&k_babaCode=21,data/cache/html/20080721_kawasaki_12.html
20080720_kawasaki_1,2008-07-20,kawasaki,1,https://www.keiba.go.jp/KeibaWeb/TodayRaceInfo/RaceMarkTable?k_raceDate=2008%2F07%2F20&k_raceNo=1&k_babaCode=21,data/cache/html/20080720_kawasaki_1.html
20080720_kawasaki_2,2008-07-20,kawasaki,2,https://www.keiba.go.jp/KeibaWeb/TodayRaceInfo/RaceMarkTable?k_raceDate=2008%2F07%2F20&k_raceNo=2&k_babaCode=21,data/cache/html/20080720_kawasaki_2.html
20080720_kawasaki_3,2008-07-20,kawasaki,3,https://www.keiba.go.jp/KeibaWeb/TodayRaceInfo/RaceMarkTable?k_raceDate=2008%2F07%2F20&k_raceNo=3&k_babaCode=21,data/cache/html/20080720_kawasaki_3.html
20080720_kawasaki_4,2008-07-20,kawasaki,4,https://www.keiba.go.jp/KeibaWeb/TodayRaceInfo/RaceMarkTable?k_raceDate=2008%2F07%2F20&k_raceNo=4&k_babaCode=21,data/cache/html/20080720_kawasaki_4.html
20080720_kawasaki_5,2008-07-20,kawasaki,5,https://www.keiba.go.jp/KeibaWeb/TodayRaceInfo/RaceMarkTable?k_raceDate=2008%2F07%2F20&k_raceNo=5&k_babaCode=21,data/cache/html/20080720_kawasaki_5.html
20080720_kawasaki_6,2008-07-20,kawasaki,6,https://www.keiba.go.jp/KeibaWeb/TodayRaceInfo/RaceMarkTable?k_raceDate=2008%2F07%2F20&k_raceNo=6&k_babaCode=21,data/cache/html/20080720_kawasaki_6.html
20080720_kawasaki_7,2008-07-20,kawasaki,7,https://www.keiba.go.jp/KeibaWeb/TodayRaceInfo/RaceMarkTable?k_raceDate=2008%2F07%2F20&k_raceNo=7&k_babaCode=21,data/cache/html/20080720_kawasaki_7.html
20080720_kawasaki_8,2008-07-20,kawasaki,8,https://www.keiba.go.jp/KeibaWeb/TodayRaceInfo/RaceMarkTable?k_raceDate=2008%2F07%2F20&k_raceNo=8&k_babaCode=21,data/cache/html/20080720_kawasaki_8.html
20080720_kawasaki_9,2008-07-20,kawasaki,9,https://www.keiba.go.jp/KeibaWeb/TodayRaceInfo/RaceMarkTable?k_raceDate=2008%2F07%2F20&k_raceNo=9&k_babaCode=21,data/cache/html/20080720_kawasaki_9.html
20080720_kawasaki_10,2008-07-20,kawasaki,10,https://www.keiba.go.jp/KeibaWeb/TodayRaceInfo/RaceMarkTable?k_raceDate=2008%2F07%2F20&k_raceNo=10&k_babaCode=21,data/cache/html/20080720_kawasaki_10.html
20080720_kawasaki_11,2008-07-20,kawasaki,11,https://www.keiba.go.jp/KeibaWeb/TodayRaceInfo/RaceMarkTable?k_raceDate=2008%2F07%2F20&k_raceNo=11&k_babaCode=21,data/cache/html/20080720_kawasaki_11.html
20080720_kawasaki_12,2008-07-20,kawasaki,12,https://www.keiba.go.jp/KeibaWeb/TodayRaceInfo/RaceMarkTable?k_raceDate=2008%2F07%2F20&k_raceNo=12&k_babaCode=21,data/cache/html/20080720_kawasaki_12.html
20080719_kawasaki_1,2008-07-19,kawasaki,1,https://www.keiba.go.jp/KeibaWeb/TodayRaceInfo/RaceMarkTable?k_raceDate=2008%2F07%2F19&k_raceNo=1&k_babaCode=21,data/cache/html/20080719_kawasaki_1.html
20080719_kawasaki_2,2008-07-19,kawasaki,2,https://www.keiba.go.jp/KeibaWeb/TodayRaceInfo/RaceMarkTable?k_raceDate=2008%2F07%2F19&k_raceNo=2&k_babaCode=21,data/cache/html/20080719_kawasaki_2.html
20080719_kawasaki_3,2008-07-19,kawasaki,3,https://www.keiba.go.jp/KeibaWeb/TodayRaceInfo/RaceMarkTable?k_raceDate=2008%2F07%2F19&k_raceNo=3&k_babaCode=21,data/cache/html/20080719_kawasaki_3.html
20080719_kawasaki_4,2008-07-19,kawasaki,4,https://www.keiba.go.jp/KeibaWeb/TodayRaceInfo/RaceMarkTable?k_raceDate=2008%2F07%2F19&k_raceNo=4&k_babaCode=21,data/cache/html/20080719_kawasaki_4.html
20080719_kawasaki_5,2008-07-19,kawasaki,5,https://www.keiba.go.jp/KeibaWeb/TodayRaceInfo/RaceMarkTable?k_raceDate=2008%2F07%2F19&k_raceNo=5&k_babaCode=21,data/cache/html/20080719_kawasaki_5.html
20080719_kawasaki_6,2008-07-19,kawasaki,6,https://www.keiba.go.jp/KeibaWeb/TodayRaceInfo/RaceMarkTable?k_raceDate=2008%2F07%2F19&k_raceNo=6&k_babaCode=21,data/cache/html/20080719_kawasaki_6.html
20080719_kawasaki_7,2008-07-19,kawasaki,7,https://www.keiba.go.jp/KeibaWeb/TodayRaceInfo/RaceMarkTable?k_raceDate=2008%2F07%2F19&k_raceNo=7&k_babaCode=21,data/cache/html/20080719_kawasaki_7.html
20080719_kawasaki_8,2008-07-19,kawasaki,8,https://www.keiba.go.jp/KeibaWeb/TodayRaceInfo/RaceMarkTable?k_raceDate=2008%2F07%2F19&k_raceNo=8&k_babaCode=21,data/cache/html/20080719_kawasaki_8.html
20080719_kawasaki_9,2008-07-19,kawasaki,9,https://www.keiba.go.jp/KeibaWeb/TodayRaceInfo/RaceMarkTable?k_raceDate=2008%2F07%2F19&k_raceNo=9&k_babaCode=21,data/cache/html/20080719_kawasaki_9.html
20080719_kawasaki_10,2008-07-19,kawasaki,10,https://www.keiba.go.jp/KeibaWeb/TodayRaceInfo/RaceMarkTable?k_raceDate=2008%2F07%2F19&k_raceNo=10&k_babaCode=21,data/cache/html/20080719_kawasaki_10.html
20080719_kawasaki_11,2008-07-19,kawasaki,11,https://www.keiba.go.jp/KeibaWeb/TodayRaceInfo/RaceMarkTable?k_raceDate=2008%2F07%2F19&k_raceNo=11&k_babaCode=21,data/cache/html/20080719_kawasaki_11.html
20080719_kawasaki_12,2008-07-19,kawasaki,12,https://www.keiba.go.jp/KeibaWeb/TodayRaceInfo/RaceMarkTable?k_raceDate=2008%2F07%2F19&k_raceNo=12&k_babaCode=21,data/cache/html/20080719_kawasaki_12.html
