race_id,date,track,race_no,official_url,cache_html_path
20061204_kawasaki_1,2006-12-04,kawasaki,1,https://www.keiba.go.jp/KeibaWeb/TodayRaceInfo/RaceMarkTable?k_raceDate=2006%2F12%2F04&k_raceNo=1&k_babaCode=21,data/cache/html/20061204_kawasaki_1.html
20061204_kawasaki_2,2006-12-04,kawasaki,2,https://www.keiba.go.jp/KeibaWeb/TodayRaceInfo/RaceMarkTable?k_raceDate=2006%2F12%2F04&k_raceNo=2&k_babaCode=21,data/cache/html/20061204_kawasaki_2.html
20061204_kawasaki_3,2006-12-04,kawasaki,3,https://www.keiba.go.jp/KeibaWeb/TodayRaceInfo/RaceMarkTable?k_raceDate=2006%2F12%2F04&k_raceNo=3&k_babaCode=21,data/cache/html/20061204_kawasaki_3.html
20061204_kawasaki_4,2006-12-04,kawasaki,4,https://www.keiba.go.jp/KeibaWeb/TodayRaceInfo/RaceMarkTable?k_raceDate=2006%2F12%2F04&k_raceNo=4&k_babaCode=21,data/cache/html/20061204_kawasaki_4.html
20061204_kawasaki_5,2006-12-04,kawasaki,5,https://www.keiba.go.jp/KeibaWeb/TodayRaceInfo/RaceMarkTable?k_raceDate=2006%2F12%2F04&k_raceNo=5&k_babaCode=21,data/cache/html/20061204_kawasaki_5.html
20061204_kawasaki_6,2006-12-04,kawasaki,6,https://www.keiba.go.jp/KeibaWeb/TodayRaceInfo/RaceMarkTable?k_raceDate=2006%2F12%2F04&k_raceNo=6&k_babaCode=21,data/cache/html/20061204_kawasaki_6.html
20061204_kawasaki_7,2006-12-04,kawasaki,7,https://www.keiba.go.jp/KeibaWeb/TodayRaceInfo/RaceMarkTable?k_raceDate=2006%2F12%2F04&k_raceNo=7&k_babaCode=21,data/cache/html/20061204_kawasaki_7.html
20061204_kawasaki_8,2006-12-04,kawasaki,8,https://www.keiba.go.jp/KeibaWeb/TodayRaceInfo/RaceMarkTable?k_raceDate=2006%2F12%2F04&k_raceNo=8&k_babaCode=21,data/cache/html/20061204_kawasaki_8.html
20061204_kawasaki_9,2006-12-04,kawasaki,9,https://www.keiba.go.jp/KeibaWeb/TodayRaceInfo/RaceMarkTable?k_raceDate=2006%2F12%2F04&k_raceNo=9&k_babaCode=21,data/cache/html/20061204_kawasaki_9.html
20061204_kawasaki_10,2006-12-04,kawasaki,10,https://www.keiba.go.jp/KeibaWeb/TodayRaceInfo/RaceMarkTable?k_raceDate=2006%2F12%2F04&k_raceNo=10&k_babaCode=21,data/cache/html/20061204_kawasaki_10.html
20061204_kawasaki_11,2006-12-04,kawasaki,11,https://www.keiba.go.jp/KeibaWeb/TodayRaceInfo/RaceMarkTable?k_raceDate=2006%2F12%2F04&k_raceNo=11&k_babaCode=21,data/cache/html/20061204_kawasaki_11.html
20061204_kawasaki_12,2006-12-04,kawasaki,12,https://www.keiba.go.jp/KeibaWeb/TodayRaceInfo/RaceMarkTable?k_raceDate=2006%2F12%2F04&k_raceNo=12&k_babaCode=21,data/cache/html/20061204_kawasaki_12.html
20061203_kawasaki_1,2006-12-03,kawasaki,1,https://www.keiba.go.jp/KeibaWeb/TodayRaceInfo/RaceMarkTable?k_raceDate=2006%2F12%2F03&k_raceNo=1&k_babaCode=21,data/cache/html/20061203_kawasaki_1.html
20061203_kawasaki_2,2006-12-03,kawasaki,2,https://www.keiba.go.jp/KeibaWeb/TodayRaceInfo/RaceMarkTable?k_raceDate=2006%2F12%2F03&k_raceNo=2&k_babaCode=21,data/cache/html/20061203_kawasaki_2.html
20061203_kawasaki_3,2006-12-03,kawasaki,3,https://www.keiba.go.jp/KeibaWeb/TodayRaceInfo/RaceMarkTable?k_raceDate=2006%2F12%2F03&k_raceNo=3&k_babaCode=21,data/cache/html/20061203_kawasaki_3.html
20061203_kawasaki_4,2006-12-03,kawasaki,4,https://www.keiba.go.jp/KeibaWeb/TodayRaceInfo/RaceMarkTable?k_raceDate=2006%2F12%2F03&k_raceNo=4&k_babaCode=21,data/cache/html/20061203_kawasaki_4.html
20061203_kawasaki_5,2006-12-03,kawasaki,5,https://www.keiba.go.jp/KeibaWeb/TodayRaceInfo/RaceMarkTable?k_raceDate=2006%2F12%2F03&k_raceNo=5&k_babaCode=21,data/cache/html/20061203_kawasaki_5.html
20061203_kawasaki_6,2006-12-03,kawasaki,6,https://www.keiba.go.jp/KeibaWeb/TodayRaceInfo/RaceMarkTable?k_raceDate=2006%2F12%2F03&k_raceNo=6&k_babaCode=21,data/cache/html/20061203_kawasaki_6.html
20061203_kawasaki_7,2006-12-03,kawasaki,7,https://www.keiba.go.jp/KeibaWeb/TodayRaceInfo/RaceMarkTable?k_raceDate=2006%2F12%2F03&k_raceNo=7&k_babaCode=21,data/cache/html/20061203_kawasaki_7.html
20061203_kawasaki_8,2006-12-03,kawasaki,8,https://www.keiba.go.jp/KeibaWeb/TodayRaceInfo/RaceMarkTable?k_raceDate=2006%2F12%2F03&k_raceNo=8&k_babaCode=21,data/cache/html/20061203_kawasaki_8.html
20061203_kawasaki_9,2006-12-03,kawasaki,9,https://www.keiba.go.jp/KeibaWeb/TodayRaceInfo/RaceMarkTable?k_raceDate=2006%2F12%2F03&k_raceNo=9&k_babaCode=21,data/cache/html/20061203_kawasaki_9.html
20061203_kawasaki_10,2006-12-03,kawasaki,10,https://www.keiba.go.jp/KeibaWeb/TodayRaceInfo/RaceMarkTable?k_raceDate=2006%2F12%2F03&k_raceNo=10&k_babaCode=21,data/cache/html/20061203_kawasaki_10.html
20061203_kawasaki_11,2006-12-03,kawasaki,11,https://www.keiba.go.jp/KeibaWeb/TodayRaceInfo/RaceMarkTable?k_raceDate=2006%2F12%2F03&k_raceNo=11&k_babaCode=21,data/cache/html/20061203_kawasaki_11.html
20061203_kawasaki_12,2006-12-03,kawasaki,12,https://www.keiba.go.jp/KeibaWeb/TodayRaceInfo/RaceMarkTable?k_raceDate=2006%2F12%2F03&k_raceNo=12&k_babaCode=21,data/cache/html/20061203_kawasaki_12.html
20061202_kawasaki_1,2006-12-02,kawasaki,1,https://www.keiba.go.jp/KeibaWeb/TodayRaceInfo/RaceMarkTable?k_raceDate=2006%2F12%2F02&k_raceNo=1&k_babaCode=21,data/cache/html/20061202_kawasaki_1.html
20061202_kawasaki_2,2006-12-02,kawasaki,2,https://www.keiba.go.jp/KeibaWeb/TodayRaceInfo/RaceMarkTable?k_raceDate=2006%2F12%2F02&k_raceNo=2&k_babaCode=21,data/cache/html/20061202_kawasaki_2.html
20061202_kawasaki_3,2006-12-02,kawasaki,3,https://www.keiba.go.jp/KeibaWeb/TodayRaceInfo/RaceMarkTable?k_raceDate=2006%2F12%2F02&k_raceNo=3&k_babaCode=21,data/cache/html/20061202_kawasaki_3.html
20061202_kawasaki_4,2006-12-02,kawasaki,4,https://www.keiba.go.jp/KeibaWeb/TodayRaceInfo/RaceMarkTable?k_raceDate=2006%2F12%2F02&k_raceNo=4&k_babaCode=21,data/cache/html/20061202_kawasaki_4.html
20061202_kawasaki_5,2006-12-02,kawasaki,5,https://www.keiba.go.jp/KeibaWeb/TodayRaceInfo/RaceMarkTable?k_raceDate=2006%2F12%2F02&k_raceNo=5&k_babaCode=21,data/cache/html/20061202_kawasaki_5.html
20061202_kawasaki_6,2006-12-02,kawasaki,6,https://www.keiba.go.jp/KeibaWeb/TodayRaceInfo/RaceMarkTable?k_raceDate=2006%2F12%2F02&k_raceNo=6&k_babaCode=21,data/cache/html/20061202_kawasaki_6.html
20061202_kawasaki_7,2006-12-02,kawasaki,7,https://www.keiba.go.jp/KeibaWeb/TodayRaceInfo/RaceMarkTable?k_raceDate=2006%2F12%2F02&k_raceNo=7&k_babaCode=21,data/cache/html/20061202_kawasaki_7.html
20061202_kawasaki_8,2006-12-02,kawasaki,8,https://www.keiba.go.jp/KeibaWeb/TodayRaceInfo/RaceMarkTable?k_raceDate=2006%2F12%2F02&k_raceNo=8&k_babaCode=21,data/cache/html/20061202_kawasaki_8.html
20061202_kawasaki_9,2006-12-02,kawasaki,9,https://www.keiba.go.jp/KeibaWeb/TodayRaceInfo/RaceMarkTable?k_raceDate=2006%2F12%2F02&k_raceNo=9&k_babaCode=21,data/cache/html/20061202_kawasaki_9.html
20061202_kawasaki_10,2006-12-02,kawasaki,10,https://www.keiba.go.jp/KeibaWeb/TodayRaceInfo/RaceMarkTable?k_raceDate=2006%2F12%2F02&k_raceNo=10&k_babaCode=21,data/cache/html/20061202_kawasaki_10.html
20061202_kawasaki_11,2006-12-02,kawasaki,11,https://www.keiba.go.jp/KeibaWeb/TodayRaceInfo/RaceMarkTable?k_raceDate=2006%2F12%2F02&k_raceNo=11&k_babaCode=21,data/cache/html/20061202_kawasaki_11.html
20061202_kawasaki_12,2006-12-02,kawasaki,12,https://www.keiba.go.jp/KeibaWeb/TodayRaceInfo/RaceMarkTable?k_raceDate=2006%2F12%2F02&k_raceNo=12&k_babaCode=21,data/cache/html/20061202_kawasaki_12.html
20061201_kawasaki_1,2006-12-01,kawasaki,1,https://www.keiba.go.jp/KeibaWeb/TodayRaceInfo/RaceMarkTable?k_raceDate=2006%2F12%2F01&k_raceNo=1&k_babaCode=21,data/cache/html/20061201_kawasaki_1.html
20061201_kawasaki_2,2006-12-01,kawasaki,2,https://www.keiba.go.jp/KeibaWeb/TodayRaceInfo/RaceMarkTable?k_raceDate=2006%2F12%2F01&k_raceNo=2&k_babaCode=21,data/cache/html/20061201_kawasaki_2.html
20061201_kawasaki_3,2006-12-01,kawasaki,3,https://www.keiba.go.jp/KeibaWeb/TodayRaceInfo/RaceMarkTable?k_raceDate=2006%2F12%2F01&k_raceNo=3&k_babaCode=21,data/cache/html/20061201_kawasaki_3.html
20061201_kawasaki_4,2006-12-01,kawasaki,4,https://www.keiba.go.jp/KeibaWeb/TodayRaceInfo/RaceMarkTable?k_raceDate=2006%2F12%2F01&k_raceNo=4&k_babaCode=21,data/cache/html/20061201_kawasaki_4.html
20061201_kawasaki_5,2006-12-01,kawasaki,5,https://www.keiba.go.jp/KeibaWeb/TodayRaceInfo/RaceMarkTable?k_raceDate=2006%2F12%2F01&k_raceNo=5&k_babaCode=21,data/cache/html/20061201_kawasaki_5.html
20061201_kawasaki_6,2006-12-01,kawasaki,6,https://www.keiba.go.jp/KeibaWeb/TodayRaceInfo/RaceMarkTable?k_raceDate=2006%2F12%2F01&k_raceNo=6&k_babaCode=21,data/cache/html/20061201_kawasaki_6.html
20061201_kawasaki_7,2006-12-01,kawasaki,7,https://www.keiba.go.jp/KeibaWeb/TodayRaceInfo/RaceMarkTable?k_raceDate=2006%2F12%2F01&k_raceNo=7&k_babaCode=21,data/cache/html/20061201_kawasaki_7.html
20061201_kawasaki_8,2006-12-01,kawasaki,8,https://www.keiba.go.jp/KeibaWeb/TodayRaceInfo/RaceMarkTable?k_raceDate=2006%2F12%2F01&k_raceNo=8&k_babaCode=21,data/cache/html/20061201_kawasaki_8.html
20061201_kawasaki_9,2006-12-01,kawasaki,9,https://www.keiba.go.jp/KeibaWeb/TodayRaceInfo/RaceMarkTable?k_raceDate=2006%2F12%2F01&k_raceNo=9&k_babaCode=21,data/cache/html/20061201_kawasaki_9.html
20061201_kawasaki_10,2006-12-01,kawasaki,10,https://www.keiba.go.jp/KeibaWeb/TodayRaceInfo/RaceMarkTable?k_raceDate=2006%2F12%2F01&k_raceNo=10&k_babaCode=21,data/cache/html/20061201_kawasaki_10.html
20061201_kawasaki_11,2006-12-01,kawasaki,11,https://www.keiba.go.jp/KeibaWeb/TodayRaceInfo/RaceMarkTable?k_raceDate=2006%2F12%2F01&k_raceNo=11&k_babaCode=21,data/cache/html/20061201_kawasaki_11.html
20061201_kawasaki_12,2006-12-01,kawasaki,12,https://www.keiba.go.jp/KeibaWeb/TodayRaceInfo/RaceMarkTable?k_raceDate=2006%2F12%2F01&k_raceNo=12&k_babaCode=21,data/cache/html/20061201_kawasaki_12.html
20061130_kawasaki_1,2006-11-30,kawasaki,1,https://www.keiba.go.jp/KeibaWeb/TodayRaceInfo/RaceMarkTable?k_raceDate=2006%2F11%2F30&k_raceNo=1&k_babaCode=21,data/cache/html/20061130_kawasaki_1.html
20061130_kawasaki_2,2006-11-30,kawasaki,2,https://www.keiba.go.jp/KeibaWeb/TodayRaceInfo/RaceMarkTable?k_raceDate=2006%2F11%2F30&k_raceNo=2&k_babaCode=21,data/cache/html/20061130_kawasaki_2.html
20061130_kawasaki_3,2006-11-30,kawasaki,3,https://www.keiba.go.jp/KeibaWeb/TodayRaceInfo/RaceMarkTable?k_raceDate=2006%2F11%2F30&k_raceNo=3&k_babaCode=21,data/cache/html/20061130_kawasaki_3.html
20061130_kawasaki_4,2006-11-30,kawasaki,4,https://www.keiba.go.jp/KeibaWeb/TodayRaceInfo/RaceMarkTable?k_raceDate=2006%2F11%2F30&k_raceNo=4&k_babaCode=21,data/cache/html/20061130_kawasaki_4.html
20061130_kawasaki_5,2006-11-30,kawasaki,5,https://www.keiba.go.jp/KeibaWeb/TodayRaceInfo/RaceMarkTable?k_raceDate=2006%2F11%2F30&k_raceNo=5&k_babaCode=21,data/cache/html/20061130_kawasaki_5.html
20061130_kawasaki_6,2006-11-30,kawasaki,6,https://www.keiba.go.jp/KeibaWeb/TodayRaceInfo/RaceMarkTable?k_raceDate=2006%2F11%2F30&k_raceNo=6&k_babaCode=21,data/cache/html/20061130_kawasaki_6.html
20061130_kawasaki_7,2006-11-30,kawasaki,7,https://www.keiba.go.jp/KeibaWeb/TodayRaceInfo/RaceMarkTable?k_raceDate=2006%2F11%2F30&k_raceNo=7&k_babaCode=21,data/cache/html/20061130_kawasaki_7.html
20061130_kawasaki_8,2006-11-30,kawasaki,8,https://www.keiba.go.jp/KeibaWeb/TodayRaceInfo/RaceMarkTable?k_raceDate=2006%2F11%2F30&k_raceNo=8&k_babaCode=21,data/cache/html/20061130_kawasaki_8.html
20061130_kawasaki_9,2006-11-30,kawasaki,9,https://www.keiba.go.jp/KeibaWeb/TodayRaceInfo/RaceMarkTable?k_raceDate=2006%2F11%2F30&k_raceNo=9&k_babaCode=21,data/cache/html/20061130_kawasaki_9.html
20061130_kawasaki_10,2006-11-30,kawasaki,10,https://www.keiba.go.jp/KeibaWeb/TodayRaceInfo/RaceMarkTable?k_raceDate=2006%2F11%2F30&k_raceNo=10&k_babaCode=21,data/cache/html/20061130_kawasaki_10.html
20061130_kawasaki_11,2006-11-30,kawasaki,11,https://www.keiba.go.jp/KeibaWeb/TodayRaceInfo/RaceMarkTable?k_raceDate=2006%2F11%2F30&k_raceNo=11&k_babaCode=21,data/cache/html/20061130_kawasaki_11.html
20061130_kawasaki_12,2006-11-30,kawasaki,12,https://www.keiba.go.jp/KeibaWeb/TodayRaceInfo/RaceMarkTable?k_raceDate=2006%2F11%2F30&k_raceNo=12&k_babaCode=21,data/cache/html/20061130_kawasaki_12.html
20061129_kawasaki_1,2006-11-29,kawasaki,1,https://www.keiba.go.jp/KeibaWeb/TodayRaceInfo/RaceMarkTable?k_raceDate=2006%2F11%2F29&k_raceNo=1&k_babaCode=21,data/cache/html/20061129_kawasaki_1.html
20061129_kawasaki_2,2006-11-29,kawasaki,2,https://www.keiba.go.jp/KeibaWeb/TodayRaceInfo/RaceMarkTable?k_raceDate=2006%2F11%2F29&k_raceNo=2&k_babaCode=21,data/cache/html/20061129_kawasaki_2.html
20061129_kawasaki_3,2006-11-29,kawasaki,3,https://www.keiba.go.jp/KeibaWeb/TodayRaceInfo/RaceMarkTable?k_raceDate=2006%2F11%2F29&k_raceNo=3&k_babaCode=21,data/cache/html/20061129_kawasaki_3.html
20061129_kawasaki_4,2006-11-29,kawasaki,4,https://www.keiba.go.jp/KeibaWeb/TodayRaceInfo/RaceMarkTable?k_raceDate=2006%2F11%2F29&k_raceNo=4&k_babaCode=21,data/cache/html/20061129_kawasaki_4.html
20061129_kawasaki_5,2006-11-29,kawasaki,5,https://www.keiba.go.jp/KeibaWeb/TodayRaceInfo/RaceMarkTable?k_raceDate=2006%2F11%2F29&k_raceNo=5&k_babaCode=21,data/cache/html/20061129_kawasaki_5.html
20061129_kawasaki_6,2006-11-29,kawasaki,6,https://www.keiba.go.jp/KeibaWeb/TodayRaceInfo/RaceMarkTable?k_raceDate=2006%2F11%2F29&k_raceNo=6&k_babaCode=21,data/cache/html/20061129_kawasaki_6.html
20061129_kawasaki_7,2006-11-29,kawasaki,7,https://www.keiba.go.jp/KeibaWeb/TodayRaceInfo/RaceMarkTable?k_raceDate=2006%2F11%2F29&k_raceNo=7&k_babaCode=21,data/cache/html/20061129_kawasaki_7.html
20061129_kawasaki_8,2006-11-29,kawasaki,8,https://www.keiba.go.jp/KeibaWeb/TodayRaceInfo/RaceMarkTable?k_raceDate=2006%2F11%2F29&k_raceNo=8&k_babaCode=21,data/cache/html/20061129_kawasaki_8.html
20061129_kawasaki_9,2006-11-29,kawasaki,9,https://www.keiba.go.jp/KeibaWeb/TodayRaceInfo/RaceMarkTable?k_raceDate=2006%2F11%2F29&k_raceNo=9&k_babaCode=21,data/cache/html/20061129_kawasaki_9.html
20061129_kawasaki_10,2006-11-29,kawasaki,10,https://www.keiba.go.jp/KeibaWeb/TodayRaceInfo/RaceMarkTable?k_raceDate=2006%2F11%2F29&k_raceNo=10&k_babaCode=21,data/cache/html/20061129_kawasaki_10.html
20061129_kawasaki_11,2006-11-29,kawasaki,11,https://www.keiba.go.jp/KeibaWeb/TodayRaceInfo/RaceMarkTable?k_raceDate=2006%2F11%2F29&k_raceNo=11&k_babaCode=21,data/cache/html/20061129_kawasaki_11.html
20061129_kawasaki_12,2006-11-29,kawasaki,12,https://www.keiba.go.jp/KeibaWeb/TodayRaceInfo/RaceMarkTable?k_raceDate=2006%2F11%2F29&k_raceNo=12&k_babaCode=21,data/cache/html/20061129_kawasaki_12.html
20061128_kawasaki_1,2006-11-28,kawasaki,1,https://www.keiba.go.jp/KeibaWeb/TodayRaceInfo/RaceMarkTable?k_raceDate=2006%2F11%2F28&k_raceNo=1&k_babaCode=21,data/cache/html/20061128_kawasaki_1.html
20061128_kawasaki_2,2006-11-28,kawasaki,2,https://www.keiba.go.jp/KeibaWeb/TodayRaceInfo/RaceMarkTable?k_raceDate=2006%2F11%2F28&k_raceNo=2&k_babaCode=21,data/cache/html/20061128_kawasaki_2.html
20061128_kawasaki_3,2006-11-28,kawasaki,3,https://www.keiba.go.jp/KeibaWeb/TodayRaceInfo/RaceMarkTable?k_raceDate=2006%2F11%2F28&k_raceNo=3&k_babaCode=21,data/cache/html/20061128_kawasaki_3.html
20061128_kawasaki_4,2006-11-28,kawasaki,4,https://www.keiba.go.jp/KeibaWeb/TodayRaceInfo/RaceMarkTable?k_raceDate=2006%2F11%2F28&k_raceNo=4&k_babaCode=21,data/cache/html/20061128_kawasaki_4.html
20061128_kawasaki_5,2006-11-28,kawasaki,5,https://www.keiba.go.jp/KeibaWeb/TodayRaceInfo/RaceMarkTable?k_raceDate=2006%2F11%2F28&k_raceNo=5&k_babaCode=21,data/cache/html/20061128_kawasaki_5.html
20061128_kawasaki_6,2006-11-28,kawasaki,6,https://www.keiba.go.jp/KeibaWeb/TodayRaceInfo/RaceMarkTable?k_raceDate=2006%2F11%2F28&k_raceNo=6&k_babaCode=21,data/cache/html/20061128_kawasaki_6.html
20061128_kawasaki_7,2006-11-28,kawasaki,7,https://www.keiba.go.jp/KeibaWeb/TodayRaceInfo/RaceMarkTable?k_raceDate=2006%2F11%2F28&k_raceNo=7&k_babaCode=21,data/cache/html/20061128_kawasaki_7.html
20061128_kawasaki_8,2006-11-28,kawasaki,8,https://www.keiba.go.jp/KeibaWeb/TodayRaceInfo/RaceMarkTable?k_raceDate=2006%2F11%2F28&k_raceNo=8&k_babaCode=21,data/cache/html/20061128_kawasaki_8.html
20061128_kawasaki_9,2006-11-28,kawasaki,9,https://www.keiba.go.jp/KeibaWeb/TodayRaceInfo/RaceMarkTable?k_raceDate=2006%2F11%2F28&k_raceNo=9&k_babaCode=21,data/cache/html/20061128_kawasaki_9.html
20061128_kawasaki_10,2006-11-28,kawasaki,10,https://www.keiba.go.jp/KeibaWeb/TodayRaceInfo/RaceMarkTable?k_raceDate=2006%2F11%2F28&k_raceNo=10&k_babaCode=21,data/cache/html/20061128_kawasaki_10.html
20061128_kawasaki_11,2006-11-28,kawasaki,11,https://www.keiba.go.jp/KeibaWeb/TodayRaceInfo/RaceMarkTable?k_raceDate=2006%2F11%2F28&k_raceNo=11&k_babaCode=21,data/cache/html/20061128_kawasaki_11.html
20061128_kawasaki_12,2006-11-28,kawasaki,12,https://www.keiba.go.jp/KeibaWeb/TodayRaceInfo/RaceMarkTable?k_raceDate=2006%2F11%2F28&k_raceNo=12&k_babaCode=21,data/cache/html/20061128_kawasaki_12.html
20061127_kawasaki_1,2006-11-27,kawasaki,1,https://www.keiba.go.jp/KeibaWeb/TodayRaceInfo/RaceMarkTable?k_raceDate=2006%2F11%2F27&k_raceNo=1&k_babaCode=21,data/cache/html/20061127_kawasaki_1.html
20061127_kawasaki_2,2006-11-27,kawasaki,2,https://www.keiba.go.jp/KeibaWeb/TodayRaceInfo/RaceMarkTable?k_raceDate=2006%2F11%2F27&k_raceNo=2&k_babaCode=21,data/cache/html/20061127_kawasaki_2.html
20061127_kawasaki_3,2006-11-27,kawasaki,3,https://www.keiba.go.jp/KeibaWeb/TodayRaceInfo/RaceMarkTable?k_raceDate=2006%2F11%2F27&k_raceNo=3&k_babaCode=21,data/cache/html/20061127_kawasaki_3.html
20061127_kawasaki_4,2006-11-27,kawasaki,4,https://www.keiba.go.jp/KeibaWeb/TodayRaceInfo/RaceMarkTable?k_raceDate=2006%2F11%2F27&k_raceNo=4&k_babaCode=21,data/cache/html/20061127_kawasaki_4.html
20061127_kawasaki_5,2006-11-27,kawasaki,5,https://www.keiba.go.jp/KeibaWeb/TodayRaceInfo/RaceMarkTable?k_raceDate=2006%2F11%2F27&k_raceNo=5&k_babaCode=21,data/cache/html/20061127_kawasaki_5.html
20061127_kawasaki_6,2006-11-27,kawasaki,6,https://www.keiba.go.jp/KeibaWeb/TodayRaceInfo/RaceMarkTable?k_raceDate=2006%2F11%2F27&k_raceNo=6&k_babaCode=21,data/cache/html/20061127_kawasaki_6.html
20061127_kawasaki_7,2006-11-27,kawasaki,7,https://www.keiba.go.jp/KeibaWeb/TodayRaceInfo/RaceMarkTable?k_raceDate=2006%2F11%2F27&k_raceNo=7&k_babaCode=21,data/cache/html/20061127_kawasaki_7.html
20061127_kawasaki_8,2006-11-27,kawasaki,8,https://www.keiba.go.jp/KeibaWeb/TodayRaceInfo/RaceMarkTable?k_raceDate=2006%2F11%2F27&k_raceNo=8&k_babaCode=21,data/cache/html/20061127_kawasaki_8.html
20061127_kawasaki_9,2006-11-27,kawasaki,9,https://www.keiba.go.jp/KeibaWeb/TodayRaceInfo/RaceMarkTable?k_raceDate=2006%2F11%2F27&k_raceNo=9&k_babaCode=21,data/cache/html/20061127_kawasaki_9.html
20061127_kawasaki_10,2006-11-27,kawasaki,10,https://www.keiba.go.jp/KeibaWeb/TodayRaceInfo/RaceMarkTable?k_raceDate=2006%2F11%2F27&k_raceNo=10&k_babaCode=21,data/cache/html/20061127_kawasaki_10.html
20061127_kawasaki_11,2006-11-27,kawasaki,11,https://www.keiba.go.jp/KeibaWeb/TodayRaceInfo/RaceMarkTable?k_raceDate=2006%2F11%2F27&k_raceNo=11&k_babaCode=21,data/cache/html/20061127_kawasaki_11.html
20061127_kawasaki_12,2006-11-27,kawasaki,12,https://www.keiba.go.jp/KeibaWeb/TodayRaceInfo/RaceMarkTable?k_raceDate=2006%2F11%2F27&k_raceNo=12&k_babaCode=21,data/cache/html/20061127_kawasaki_12.html
20061126_kawasaki_1,2006-11-26,kawasaki,1,https://www.keiba.go.jp/KeibaWeb/TodayRaceInfo/RaceMarkTable?k_raceDate=2006%2F11%2F26&k_raceNo=1&k_babaCode=21,data/cache/html/20061126_kawasaki_1.html
20061126_kawasaki_2,2006-11-26,kawasaki,2,https://www.keiba.go.jp/KeibaWeb/TodayRaceInfo/RaceMarkTable?k_raceDate=2006%2F11%2F26&k_raceNo=2&k_babaCode=21,data/cache/html/20061126_kawasaki_2.html
20061126_kawasaki_3,2006-11-26,kawasaki,3,https://www.keiba.go.jp/KeibaWeb/TodayRaceInfo/RaceMarkTable?k_raceDate=2006%2F11%2F26&k_raceNo=3&k_babaCode=21,data/cache/html/20061126_kawasaki_3.html
20061126_kawasaki_4,2006-11-26,kawasaki,4,https://www.keiba.go.jp/KeibaWeb/TodayRaceInfo/RaceMarkTable?k_raceDate=2006%2F11%2F26&k_raceNo=4&k_babaCode=21,data/cache/html/20061126_kawasaki_4.html
20061126_kawasaki_5,2006-11-26,kawasaki,5,https://www.keiba.go.jp/KeibaWeb/TodayRaceInfo/RaceMarkTable?k_raceDate=2006%2F11%2F26&k_raceNo=5&k_babaCode=21,data/cache/html/20061126_kawasaki_5.html
20061126_kawasaki_6,2006-11-26,kawasaki,6,https://www.keiba.go.jp/KeibaWeb/TodayRaceInfo/RaceMarkTable?k_raceDate=2006%2F11%2F26&k_raceNo=6&k_babaCode=21,data/cache/html/20061126_kawasaki_6.html
20061126_kawasaki_7,2006-11-26,kawasaki,7,https://www.keiba.go.jp/KeibaWeb/TodayRaceInfo/RaceMarkTable?k_raceDate=2006%2F11%2F26&k_raceNo=7&k_babaCode=21,data/cache/html/20061126_kawasaki_7.html
20061126_kawasaki_8,2006-11-26,kawasaki,8,https://www.keiba.go.jp/KeibaWeb/TodayRaceInfo/RaceMarkTable?k_raceDate=2006%2F11%2F26&k_raceNo=8&k_babaCode=21,data/cache/html/20061126_kawasaki_8.html
20061126_kawasaki_9,2006-11-26,kawasaki,9,https://www.keiba.go.jp/KeibaWeb/TodayRaceInfo/RaceMarkTable?k_raceDate=2006%2F11%2F26&k_raceNo=9&k_babaCode=21,data/cache/html/20061126_kawasaki_9.html
20061126_kawasaki_10,2006-11-26,kawasaki,10,https://www.keiba.go.jp/KeibaWeb/TodayRaceInfo/RaceMarkTable?k_raceDate=2006%2F11%2F26&k_raceNo=10&k_babaCode=21,data/cache/html/20061126_kawasaki_10.html
20061126_kawasaki_11,2006-11-26,kawasaki,11,https://www.keiba.go.jp/KeibaWeb/TodayRaceInfo/RaceMarkTable?k_raceDate=2006%2F11%2F26&k_raceNo=11&k_babaCode=21,data/cache/html/20061126_kawasaki_11.html
20061126_kawasaki_12,2006-11-26,kawasaki,12,https://www.keiba.go.jp/KeibaWeb/TodayRaceInfo/RaceMarkTable?k_raceDate=2006%2F11%2F26&k_raceNo=12&k_babaCode=21,data/cache/html/20061126_kawasaki_12.html
20061125_kawasaki_1,2006-11-25,kawasaki,1,https://www.keiba.go.jp/KeibaWeb/TodayRaceInfo/RaceMarkTable?k_raceDate=2006%2F11%2F25&k_raceNo=1&k_babaCode=21,data/cache/html/20061125_kawasaki_1.html
20061125_kawasaki_2,2006-11-25,kawasaki,2,https://www.keiba.go.jp/KeibaWeb/TodayRaceInfo/RaceMarkTable?k_raceDate=2006%2F11%2F25&k_raceNo=2&k_babaCode=21,data/cache/html/20061125_kawasaki_2.html
20061125_kawasaki_3,2006-11-25,kawasaki,3,https://www.keiba.go.jp/KeibaWeb/TodayRaceInfo/RaceMarkTable?k_raceDate=2006%2F11%2F25&k_raceNo=3&k_babaCode=21,data/cache/html/20061125_kawasaki_3.html
20061125_kawasaki_4,2006-11-25,kawasaki,4,https://www.keiba.go.jp/KeibaWeb/TodayRaceInfo/RaceMarkTable?k_raceDate=2006%2F11%2F25&k_raceNo=4&k_babaCode=21,data/cache/html/20061125_kawasaki_4.html
20061125_kawasaki_5,2006-11-25,kawasaki,5,https://www.keiba.go.jp/KeibaWeb/TodayRaceInfo/RaceMarkTable?k_raceDate=2006%2F11%2F25&k_raceNo=5&k_babaCode=21,data/cache/html/20061125_kawasaki_5.html
20061125_kawasaki_6,2006-11-25,kawasaki,6,https://www.keiba.go.jp/KeibaWeb/TodayRaceInfo/RaceMarkTable?k_raceDate=2006%2F11%2F25&k_raceNo=6&k_babaCode=21,data/cache/html/20061125_kawasaki_6.html
20061125_kawasaki_7,2006-11-25,kawasaki,7,https://www.keiba.go.jp/KeibaWeb/TodayRaceInfo/RaceMarkTable?k_raceDate=2006%2F11%2F25&k_raceNo=7&k_babaCode=21,data/cache/html/20061125_kawasaki_7.html
20061125_kawasaki_8,2006-11-25,kawasaki,8,https://www.keiba.go.jp/KeibaWeb/TodayRaceInfo/RaceMarkTable?k_raceDate=2006%2F11%2F25&k_raceNo=8&k_babaCode=21,data/cache/html/20061125_kawasaki_8.html
20061125_kawasaki_9,2006-11-25,kawasaki,9,https://www.keiba.go.jp/KeibaWeb/TodayRaceInfo/RaceMarkTable?k_raceDate=2006%2F11%2F25&k_raceNo=9&k_babaCode=21,data/cache/html/20061125_kawasaki_9.html
20061125_kawasaki_10,2006-11-25,kawasaki,10,https://www.keiba.go.jp/KeibaWeb/TodayRaceInfo/RaceMarkTable?k_raceDate=2006%2F11%2F25&k_raceNo=10&k_babaCode=21,data/cache/html/20061125_kawasaki_10.html
20061125_kawasaki_11,2006-11-25,kawasaki,11,https://www.keiba.go.jp/KeibaWeb/TodayRaceInfo/RaceMarkTable?k_raceDate=2006%2F11%2F25&k_raceNo=11&k_babaCode=21,data/cache/html/20061125_kawasaki_11.html
20061125_kawasaki_12,2006-11-25,kawasaki,12,https://www.keiba.go.jp/KeibaWeb/TodayRaceInfo/RaceMarkTable?k_raceDate=2006%2F11%2F25&k_raceNo=12&k_babaCode=21,data/cache/html/20061125_kawasaki_12.html
20061124_kawasaki_1,2006-11-24,kawasaki,1,https://www.keiba.go.jp/KeibaWeb/TodayRaceInfo/RaceMarkTable?k_raceDate=2006%2F11%2F24&k_raceNo=1&k_babaCode=21,data/cache/html/20061124_kawasaki_1.html
20061124_kawasaki_2,2006-11-24,kawasaki,2,https://www.keiba.go.jp/KeibaWeb/TodayRaceInfo/RaceMarkTable?k_raceDate=2006%2F11%2F24&k_raceNo=2&k_babaCode=21,data/cache/html/20061124_kawasaki_2.html
20061124_kawasaki_3,2006-11-24,kawasaki,3,https://www.keiba.go.jp/KeibaWeb/TodayRaceInfo/RaceMarkTable?k_raceDate=2006%2F11%2F24&k_raceNo=3&k_babaCode=21,data/cache/html/20061124_kawasaki_3.html
20061124_kawasaki_4,2006-11-24,kawasaki,4,https://www.keiba.go.jp/KeibaWeb/TodayRaceInfo/RaceMarkTable?k_raceDate=2006%2F11%2F24&k_raceNo=4&k_babaCode=21,data/cache/html/20061124_kawasaki_4.html
20061124_kawasaki_5,2006-11-24,kawasaki,5,https://www.keiba.go.jp/KeibaWeb/TodayRaceInfo/RaceMarkTable?k_raceDate=2006%2F11%2F24&k_raceNo=5&k_babaCode=21,data/cache/html/20061124_kawasaki_5.html
20061124_kawasaki_6,2006-11-24,kawasaki,6,https://www.keiba.go.jp/KeibaWeb/TodayRaceInfo/RaceMarkTable?k_raceDate=2006%2F11%2F24&k_raceNo=6&k_babaCode=21,data/cache/html/20061124_kawasaki_6.html
20061124_kawasaki_7,2006-11-24,kawasaki,7,https://www.keiba.go.jp/KeibaWeb/TodayRaceInfo/RaceMarkTable?k_raceDate=2006%2F11%2F24&k_raceNo=7&k_babaCode=21,data/cache/html/20061124_kawasaki_7.html
20061124_kawasaki_8,2006-11-24,kawasaki,8,https://www.keiba.go.jp/KeibaWeb/TodayRaceInfo/RaceMarkTable?k_raceDate=2006%2F11%2F24&k_raceNo=8&k_babaCode=21,data/cache/html/20061124_kawasaki_8.html
20061124_kawasaki_9,2006-11-24,kawasaki,9,https://www.keiba.go.jp/KeibaWeb/TodayRaceInfo/RaceMarkTable?k_raceDate=2006%2F11%2F24&k_raceNo=9&k_babaCode=21,data/cache/html/20061124_kawasaki_9.html
20061124_kawasaki_10,2006-11-24,kawasaki,10,https://www.keiba.go.jp/KeibaWeb/TodayRaceInfo/RaceMarkTable?k_raceDate=2006%2F11%2F24&k_raceNo=10&k_babaCode=21,data/cache/html/20061124_kawasaki_10.html
20061124_kawasaki_11,2006-11-24,kawasaki,11,https://www.keiba.go.jp/KeibaWeb/TodayRaceInfo/RaceMarkTable?k_raceDate=2006%2F11%2F24&k_raceNo=11&k_babaCode=21,data/cache/html/20061124_kawasaki_11.html
20061124_kawasaki_12,2006-11-24,kawasaki,12,https://www.keiba.go.jp/KeibaWeb/TodayRaceInfo/RaceMarkTable?k_raceDate=2006%2F11%2F24&k_raceNo=12&k_babaCode=21,data/cache/html/20061124_kawasaki_12.html
20061123_kawasaki_1,2006-11-23,kawasaki,1,https://www.keiba.go.jp/KeibaWeb/TodayRaceInfo/RaceMarkTable?k_raceDate=2006%2F11%2F23&k_raceNo=1&k_babaCode=21,data/cache/html/20061123_kawasaki_1.html
20061123_kawasaki_2,2006-11-23,kawasaki,2,https://www.keiba.go.jp/KeibaWeb/TodayRaceInfo/RaceMarkTable?k_raceDate=2006%2F11%2F23&k_raceNo=2&k_babaCode=21,data/cache/html/20061123_kawasaki_2.html
20061123_kawasaki_3,2006-11-23,kawasaki,3,https://www.keiba.go.jp/KeibaWeb/TodayRaceInfo/RaceMarkTable?k_raceDate=2006%2F11%2F23&k_raceNo=3&k_babaCode=21,data/cache/html/20061123_kawasaki_3.html
20061123_kawasaki_4,2006-11-23,kawasaki,4,https://www.keiba.go.jp/KeibaWeb/TodayRaceInfo/RaceMarkTable?k_raceDate=2006%2F11%2F23&k_raceNo=4&k_babaCode=21,data/cache/html/20061123_kawasaki_4.html
20061123_kawasaki_5,2006-11-23,kawasaki,5,https://www.keiba.go.jp/KeibaWeb/TodayRaceInfo/RaceMarkTable?k_raceDate=2006%2F11%2F23&k_raceNo=5&k_babaCode=21,data/cache/html/20061123_kawasaki_5.html
20061123_kawasaki_6,2006-11-23,kawasaki,6,https://www.keiba.go.jp/KeibaWeb/TodayRaceInfo/RaceMarkTable?k_raceDate=2006%2F11%2F23&k_raceNo=6&k_babaCode=21,data/cache/html/20061123_kawasaki_6.html
20061123_kawasaki_7,2006-11-23,kawasaki,7,https://www.keiba.go.jp/KeibaWeb/TodayRaceInfo/RaceMarkTable?k_raceDate=2006%2F11%2F23&k_raceNo=7&k_babaCode=21,data/cache/html/20061123_kawasaki_7.html
20061123_kawasaki_8,2006-11-23,kawasaki,8,https://www.keiba.go.jp/KeibaWeb/TodayRaceInfo/RaceMarkTable?k_raceDate=2006%2F11%2F23&k_raceNo=8&k_babaCode=21,data/cache/html/20061123_kawasaki_8.html
20061123_kawasaki_9,2006-11-23,kawasaki,9,https://www.keiba.go.jp/KeibaWeb/TodayRaceInfo/RaceMarkTable?k_raceDate=2006%2F11%2F23&k_raceNo=9&k_babaCode=21,data/cache/html/20061123_kawasaki_9.html
20061123_kawasaki_10,2006-11-23,kawasaki,10,https://www.keiba.go.jp/KeibaWeb/TodayRaceInfo/RaceMarkTable?k_raceDate=2006%2F11%2F23&k_raceNo=10&k_babaCode=21,data/cache/html/20061123_kawasaki_10.html
20061123_kawasaki_11,2006-11-23,kawasaki,11,https://www.keiba.go.jp/KeibaWeb/TodayRaceInfo/RaceMarkTable?k_raceDate=2006%2F11%2F23&k_raceNo=11&k_babaCode=21,data/cache/html/20061123_kawasaki_11.html
20061123_kawasaki_12,2006-11-23,kawasaki,12,https://www.keiba.go.jp/KeibaWeb/TodayRaceInfo/RaceMarkTable?k_raceDate=2006%2F11%2F23&k_raceNo=12&k_babaCode=21,data/cache/html/20061123_kawasaki_12.html
20061122_kawasaki_1,2006-11-22,kawasaki,1,https://www.keiba.go.jp/KeibaWeb/TodayRaceInfo/RaceMarkTable?k_raceDate=2006%2F11%2F22&k_raceNo=1&k_babaCode=21,data/cache/html/20061122_kawasaki_1.html
20061122_kawasaki_2,2006-11-22,kawasaki,2,https://www.keiba.go.jp/KeibaWeb/TodayRaceInfo/RaceMarkTable?k_raceDate=2006%2F11%2F22&k_raceNo=2&k_babaCode=21,data/cache/html/20061122_kawasaki_2.html
20061122_kawasaki_3,2006-11-22,kawasaki,3,https://www.keiba.go.jp/KeibaWeb/TodayRaceInfo/RaceMarkTable?k_raceDate=2006%2F11%2F22&k_raceNo=3&k_babaCode=21,data/cache/html/20061122_kawasaki_3.html
20061122_kawasaki_4,2006-11-22,kawasaki,4,https://www.keiba.go.jp/KeibaWeb/TodayRaceInfo/RaceMarkTable?k_raceDate=2006%2F11%2F22&k_raceNo=4&k_babaCode=21,data/cache/html/20061122_kawasaki_4.html
20061122_kawasaki_5,2006-11-22,kawasaki,5,https://www.keiba.go.jp/KeibaWeb/TodayRaceInfo/RaceMarkTable?k_raceDate=2006%2F11%2F22&k_raceNo=5&k_babaCode=21,data/cache/html/20061122_kawasaki_5.html
20061122_kawasaki_6,2006-11-22,kawasaki,6,https://www.keiba.go.jp/KeibaWeb/TodayRaceInfo/RaceMarkTable?k_raceDate=2006%2F11%2F22&k_raceNo=6&k_babaCode=21,data/cache/html/20061122_kawasaki_6.html
20061122_kawasaki_7,2006-11-22,kawasaki,7,https://www.keiba.go.jp/KeibaWeb/TodayRaceInfo/RaceMarkTable?k_raceDate=2006%2F11%2F22&k_raceNo=7&k_babaCode=21,data/cache/html/20061122_kawasaki_7.html
20061122_kawasaki_8,2006-11-22,kawasaki,8,https://www.keiba.go.jp/KeibaWeb/TodayRaceInfo/RaceMarkTable?k_raceDate=2006%2F11%2F22&k_raceNo=8&k_babaCode=21,data/cache/html/20061122_kawasaki_8.html
20061122_kawasaki_9,2006-11-22,kawasaki,9,https://www.keiba.go.jp/KeibaWeb/TodayRaceInfo/RaceMarkTable?k_raceDate=2006%2F11%2F22&k_raceNo=9&k_babaCode=21,data/cache/html/20061122_kawasaki_9.html
20061122_kawasaki_10,2006-11-22,kawasaki,10,https://www.keiba.go.jp/KeibaWeb/TodayRaceInfo/RaceMarkTable?k_raceDate=2006%2F11%2F22&k_raceNo=10&k_babaCode=21,data/cache/html/20061122_kawasaki_10.html
20061122_kawasaki_11,2006-11-22,kawasaki,11,https://www.keiba.go.jp/KeibaWeb/TodayRaceInfo/RaceMarkTable?k_raceDate=2006%2F11%2F22&k_raceNo=11&k_babaCode=21,data/cache/html/20061122_kawasaki_11.html
20061122_kawasaki_12,2006-11-22,kawasaki,12,https://www.keiba.go.jp/KeibaWeb/TodayRaceInfo/RaceMarkTable?k_raceDate=2006%2F11%2F22&k_raceNo=12&k_babaCode=21,data/cache/html/20061122_kawasaki_12.html
20061121_kawasaki_1,2006-11-21,kawasaki,1,https://www.keiba.go.jp/KeibaWeb/TodayRaceInfo/RaceMarkTable?k_raceDate=2006%2F11%2F21&k_raceNo=1&k_babaCode=21,data/cache/html/20061121_kawasaki_1.html
20061121_kawasaki_2,2006-11-21,kawasaki,2,https://www.keiba.go.jp/KeibaWeb/TodayRaceInfo/RaceMarkTable?k_raceDate=2006%2F11%2F21&k_raceNo=2&k_babaCode=21,data/cache/html/20061121_kawasaki_2.html
20061121_kawasaki_3,2006-11-21,kawasaki,3,https://www.keiba.go.jp/KeibaWeb/TodayRaceInfo/RaceMarkTable?k_raceDate=2006%2F11%2F21&k_raceNo=3&k_babaCode=21,data/cache/html/20061121_kawasaki_3.html
20061121_kawasaki_4,2006-11-21,kawasaki,4,https://www.keiba.go.jp/KeibaWeb/TodayRaceInfo/RaceMarkTable?k_raceDate=2006%2F11%2F21&k_raceNo=4&k_babaCode=21,data/cache/html/20061121_kawasaki_4.html
20061121_kawasaki_5,2006-11-21,kawasaki,5,https://www.keiba.go.jp/KeibaWeb/TodayRaceInfo/RaceMarkTable?k_raceDate=2006%2F11%2F21&k_raceNo=5&k_babaCode=21,data/cache/html/20061121_kawasaki_5.html
20061121_kawasaki_6,2006-11-21,kawasaki,6,https://www.keiba.go.jp/KeibaWeb/TodayRaceInfo/RaceMarkTable?k_raceDate=2006%2F11%2F21&k_raceNo=6&k_babaCode=21,data/cache/html/20061121_kawasaki_6.html
20061121_kawasaki_7,2006-11-21,kawasaki,7,https://www.keiba.go.jp/KeibaWeb/TodayRaceInfo/RaceMarkTable?k_raceDate=2006%2F11%2F21&k_raceNo=7&k_babaCode=21,data/cache/html/20061121_kawasaki_7.html
20061121_kawasaki_8,2006-11-21,kawasaki,8,https://www.keiba.go.jp/KeibaWeb/TodayRaceInfo/RaceMarkTable?k_raceDate=2006%2F11%2F21&k_raceNo=8&k_babaCode=21,data/cache/html/20061121_kawasaki_8.html
20061121_kawasaki_9,2006-11-21,kawasaki,9,https://www.keiba.go.jp/KeibaWeb/TodayRaceInfo/RaceMarkTable?k_raceDate=2006%2F11%2F21&k_raceNo=9&k_babaCode=21,data/cache/html/20061121_kawasaki_9.html
20061121_kawasaki_10,2006-11-21,kawasaki,10,https://www.keiba.go.jp/KeibaWeb/TodayRaceInfo/RaceMarkTable?k_raceDate=2006%2F11%2F21&k_raceNo=10&k_babaCode=21,data/cache/html/20061121_kawasaki_10.html
20061121_kawasaki_11,2006-11-21,kawasaki,11,https://www.keiba.go.jp/KeibaWeb/TodayRaceInfo/RaceMarkTable?k_raceDate=2006%2F11%2F21&k_raceNo=11&k_babaCode=21,data/cache/html/20061121_kawasaki_11.html
20061121_kawasaki_12,2006-11-21,kawasaki,12,https://www.keiba.go.jp/KeibaWeb/TodayRaceInfo/RaceMarkTable?k_raceDate=2006%2F11%2F21&k_raceNo=12&k_babaCode=21,data/cache/html/20061121_kawasaki_12.html
20061120_kawasaki_1,2006-11-20,kawasaki,1,https://www.keiba.go.jp/KeibaWeb/TodayRaceInfo/RaceMarkTable?k_raceDate=2006%2F11%2F20&k_raceNo=1&k_babaCode=21,data/cache/html/20061120_kawasaki_1.html
20061120_kawasaki_2,2006-11-20,kawasaki,2,https://www.keiba.go.jp/KeibaWeb/TodayRaceInfo/RaceMarkTable?k_raceDate=2006%2F11%2F20&k_raceNo=2&k_babaCode=21,data/cache/html/20061120_kawasaki_2.html
20061120_kawasaki_3,2006-11-20,kawasaki,3,https://www.keiba.go.jp/KeibaWeb/TodayRaceInfo/RaceMarkTable?k_raceDate=2006%2F11%2F20&k_raceNo=3&k_babaCode=21,data/cache/html/20061120_kawasaki_3.html
20061120_kawasaki_4,2006-11-20,kawasaki,4,https://www.keiba.go.jp/KeibaWeb/TodayRaceInfo/RaceMarkTable?k_raceDate=2006%2F11%2F20&k_raceNo=4&k_babaCode=21,data/cache/html/20061120_kawasaki_4.html
20061120_kawasaki_5,2006-11-20,kawasaki,5,https://www.keiba.go.jp/KeibaWeb/TodayRaceInfo/RaceMarkTable?k_raceDate=2006%2F11%2F20&k_raceNo=5&k_babaCode=21,data/cache/html/20061120_kawasaki_5.html
20061120_kawasaki_6,2006-11-20,kawasaki,6,https://www.keiba.go.jp/KeibaWeb/TodayRaceInfo/RaceMarkTable?k_raceDate=2006%2F11%2F20&k_raceNo=6&k_babaCode=21,data/cache/html/20061120_kawasaki_6.html
20061120_kawasaki_7,2006-11-20,kawasaki,7,https://www.keiba.go.jp/KeibaWeb/TodayRaceInfo/RaceMarkTable?k_raceDate=2006%2F11%2F20&k_raceNo=7&k_babaCode=21,data/cache/html/20061120_kawasaki_7.html
20061120_kawasaki_8,2006-11-20,kawasaki,8,https://www.keiba.go.jp/KeibaWeb/TodayRaceInfo/RaceMarkTable?k_raceDate=2006%2F11%2F20&k_raceNo=8&k_babaCode=21,data/cache/html/20061120_kawasaki_8.html
20061120_kawasaki_9,2006-11-20,kawasaki,9,https://www.keiba.go.jp/KeibaWeb/TodayRaceInfo/RaceMarkTable?k_raceDate=2006%2F11%2F20&k_raceNo=9&k_babaCode=21,data/cache/html/20061120_kawasaki_9.html
20061120_kawasaki_10,2006-11-20,kawasaki,10,https://www.keiba.go.jp/KeibaWeb/TodayRaceInfo/RaceMarkTable?k_raceDate=2006%2F11%2F20&k_raceNo=10&k_babaCode=21,data/cache/html/20061120_kawasaki_10.html
20061120_kawasaki_11,2006-11-20,kawasaki,11,https://www.keiba.go.jp/KeibaWeb/TodayRaceInfo/RaceMarkTable?k_raceDate=2006%2F11%2F20&k_raceNo=11&k_babaCode=21,data/cache/html/20061120_kawasaki_11.html
20061120_kawasaki_12,2006-11-20,kawasaki,12,https://www.keiba.go.jp/KeibaWeb/TodayRaceInfo/RaceMarkTable?k_raceDate=2006%2F11%2F20&k_raceNo=12&k_babaCode=21,data/cache/html/20061120_kawasaki_12.html
20061119_kawasaki_1,2006-11-19,kawasaki,1,https://www.keiba.go.jp/KeibaWeb/TodayRaceInfo/RaceMarkTable?k_raceDate=2006%2F11%2F19&k_raceNo=1&k_babaCode=21,data/cache/html/20061119_kawasaki_1.html
20061119_kawasaki_2,2006-11-19,kawasaki,2,https://www.keiba.go.jp/KeibaWeb/TodayRaceInfo/RaceMarkTable?k_raceDate=2006%2F11%2F19&k_raceNo=2&k_babaCode=21,data/cache/html/20061119_kawasaki_2.html
20061119_kawasaki_3,2006-11-19,kawasaki,3,https://www.keiba.go.jp/KeibaWeb/TodayRaceInfo/RaceMarkTable?k_raceDate=2006%2F11%2F19&k_raceNo=3&k_babaCode=21,data/cache/html/20061119_kawasaki_3.html
20061119_kawasaki_4,2006-11-19,kawasaki,4,https://www.keiba.go.jp/KeibaWeb/TodayRaceInfo/RaceMarkTable?k_raceDate=2006%2F11%2F19&k_raceNo=4&k_babaCode=21,data/cache/html/20061119_kawasaki_4.html
20061119_kawasaki_5,2006-11-19,kawasaki,5,https://www.keiba.go.jp/KeibaWeb/TodayRaceInfo/RaceMarkTable?k_raceDate=2006%2F11%2F19&k_raceNo=5&k_babaCode=21,data/cache/html/20061119_kawasaki_5.html
20061119_kawasaki_6,2006-11-19,kawasaki,6,https://www.keiba.go.jp/KeibaWeb/TodayRaceInfo/RaceMarkTable?k_raceDate=2006%2F11%2F19&k_raceNo=6&k_babaCode=21,data/cache/html/20061119_kawasaki_6.html
20061119_kawasaki_7,2006-11-19,kawasaki,7,https://www.keiba.go.jp/KeibaWeb/TodayRaceInfo/RaceMarkTable?k_raceDate=2006%2F11%2F19&k_raceNo=7&k_babaCode=21,data/cache/html/20061119_kawasaki_7.html
20061119_kawasaki_8,2006-11-19,kawasaki,8,https://www.keiba.go.jp/KeibaWeb/TodayRaceInfo/RaceMarkTable?k_raceDate=2006%2F11%2F19&k_raceNo=8&k_babaCode=21,data/cache/html/20061119_kawasaki_8.html
20061119_kawasaki_9,2006-11-19,kawasaki,9,https://www.keiba.go.jp/KeibaWeb/TodayRaceInfo/RaceMarkTable?k_raceDate=2006%2F11%2F19&k_raceNo=9&k_babaCode=21,data/cache/html/20061119_kawasaki_9.html
20061119_kawasaki_10,2006-11-19,kawasaki,10,https://www.keiba.go.jp/KeibaWeb/TodayRaceInfo/RaceMarkTable?k_raceDate=2006%2F11%2F19&k_raceNo=10&k_babaCode=21,data/cache/html/20061119_kawasaki_10.html
20061119_kawasaki_11,2006-11-19,kawasaki,11,https://www.keiba.go.jp/KeibaWeb/TodayRaceInfo/RaceMarkTable?k_raceDate=2006%2F11%2F19&k_raceNo=11&k_babaCode=21,data/cache/html/20061119_kawasaki_11.html
20061119_kawasaki_12,2006-11-19,kawasaki,12,https://www.keiba.go.jp/KeibaWeb/TodayRaceInfo/RaceMarkTable?k_raceDate=2006%2F11%2F19&k_raceNo=12&k_babaCode=21,data/cache/html/20061119_kawasaki_12.html
20061118_kawasaki_1,2006-11-18,kawasaki,1,https://www.keiba.go.jp/KeibaWeb/TodayRaceInfo/RaceMarkTable?k_raceDate=2006%2F11%2F18&k_raceNo=1&k_babaCode=21,data/cache/html/20061118_kawasaki_1.html
20061118_kawasaki_2,2006-11-18,kawasaki,2,https://www.keiba.go.jp/KeibaWeb/TodayRaceInfo/RaceMarkTable?k_raceDate=2006%2F11%2F18&k_raceNo=2&k_babaCode=21,data/cache/html/20061118_kawasaki_2.html
20061118_kawasaki_3,2006-11-18,kawasaki,3,https://www.keiba.go.jp/KeibaWeb/TodayRaceInfo/RaceMarkTable?k_raceDate=2006%2F11%2F18&k_raceNo=3&k_babaCode=21,data/cache/html/20061118_kawasaki_3.html
20061118_kawasaki_4,2006-11-18,kawasaki,4,https://www.keiba.go.jp/KeibaWeb/TodayRaceInfo/RaceMarkTable?k_raceDate=2006%2F11%2F18&k_raceNo=4&k_babaCode=21,data/cache/html/20061118_kawasaki_4.html
20061118_kawasaki_5,2006-11-18,kawasaki,5,https://www.keiba.go.jp/KeibaWeb/TodayRaceInfo/RaceMarkTable?k_raceDate=2006%2F11%2F18&k_raceNo=5&k_babaCode=21,data/cache/html/20061118_kawasaki_5.html
20061118_kawasaki_6,2006-11-18,kawasaki,6,https://www.keiba.go.jp/KeibaWeb/TodayRaceInfo/RaceMarkTable?k_raceDate=2006%2F11%2F18&k_raceNo=6&k_babaCode=21,data/cache/html/20061118_kawasaki_6.html
20061118_kawasaki_7,2006-11-18,kawasaki,7,https://www.keiba.go.jp/KeibaWeb/TodayRaceInfo/RaceMarkTable?k_raceDate=2006%2F11%2F18&k_raceNo=7&k_babaCode=21,data/cache/html/20061118_kawasaki_7.html
20061118_kawasaki_8,2006-11-18,kawasaki,8,https://www.keiba.go.jp/KeibaWeb/TodayRaceInfo/RaceMarkTable?k_raceDate=2006%2F11%2F18&k_raceNo=8&k_babaCode=21,data/cache/html/20061118_kawasaki_8.html
20061118_kawasaki_9,2006-11-18,kawasaki,9,https://www.keiba.go.jp/KeibaWeb/TodayRaceInfo/RaceMarkTable?k_raceDate=2006%2F11%2F18&k_raceNo=9&k_babaCode=21,data/cache/html/20061118_kawasaki_9.html
20061118_kawasaki_10,2006-11-18,kawasaki,10,https://www.keiba.go.jp/KeibaWeb/TodayRaceInfo/RaceMarkTable?k_raceDate=2006%2F11%2F18&k_raceNo=10&k_babaCode=21,data/cache/html/20061118_kawasaki_10.html
20061118_kawasaki_11,2006-11-18,kawasaki,11,https://www.keiba.go.jp/KeibaWeb/TodayRaceInfo/RaceMarkTable?k_raceDate=2006%2F11%2F18&k_raceNo=11&k_babaCode=21,data/cache/html/20061118_kawasaki_11.html
20061118_kawasaki_12,2006-11-18,kawasaki,12,https://www.keiba.go.jp/KeibaWeb/TodayRaceInfo/RaceMarkTable?k_raceDate=2006%2F11%2F18&k_raceNo=12&k_babaCode=21,data/cache/html/20061118_kawasaki_12.html
20061112_kawasaki_1,2006-11-12,kawasaki,1,https://www.keiba.go.jp/KeibaWeb/TodayRaceInfo/RaceMarkTable?k_raceDate=2006%2F11%2F12&k_raceNo=1&k_babaCode=21,data/cache/html/20061112_kawasaki_1.html
20061112_kawasaki_2,2006-11-12,kawasaki,2,https://www.keiba.go.jp/KeibaWeb/TodayRaceInfo/RaceMarkTable?k_raceDate=2006%2F11%2F12&k_raceNo=2&k_babaCode=21,data/cache/html/20061112_kawasaki_2.html
20061112_kawasaki_3,2006-11-12,kawasaki,3,https://www.keiba.go.jp/KeibaWeb/TodayRaceInfo/RaceMarkTable?k_raceDate=2006%2F11%2F12&k_raceNo=3&k_babaCode=21,data/cache/html/20061112_kawasaki_3.html
20061112_kawasaki_4,2006-11-12,kawasaki,4,https://www.keiba.go.jp/KeibaWeb/TodayRaceInfo/RaceMarkTable?k_raceDate=2006%2F11%2F12&k_raceNo=4&k_babaCode=21,data/cache/html/20061112_kawasaki_4.html
20061112_kawasaki_5,2006-11-12,kawasaki,5,https://www.keiba.go.jp/KeibaWeb/TodayRaceInfo/RaceMarkTable?k_raceDate=2006%2F11%2F12&k_raceNo=5&k_babaCode=21,data/cache/html/20061112_kawasaki_5.html
20061112_kawasaki_6,2006-11-12,kawasaki,6,https://www.keiba.go.jp/KeibaWeb/TodayRaceInfo/RaceMarkTable?k_raceDate=2006%2F11%2F12&k_raceNo=6&k_babaCode=21,data/cache/html/20061112_kawasaki_6.html
20061112_kawasaki_7,2006-11-12,kawasaki,7,https://www.keiba.go.jp/KeibaWeb/TodayRaceInfo/RaceMarkTable?k_raceDate=2006%2F11%2F12&k_raceNo=7&k_babaCode=21,data/cache/html/20061112_kawasaki_7.html
20061112_kawasaki_8,2006-11-12,kawasaki,8,https://www.keiba.go.jp/KeibaWeb/TodayRaceInfo/RaceMarkTable?k_raceDate=2006%2F11%2F12&k_raceNo=8&k_babaCode=21,data/cache/html/20061112_kawasaki_8.html
20061112_kawasaki_9,2006-11-12,kawasaki,9,https://www.keiba.go.jp/KeibaWeb/TodayRaceInfo/RaceMarkTable?k_raceDate=2006%2F11%2F12&k_raceNo=9&k_babaCode=21,data/cache/html/20061112_kawasaki_9.html
20061112_kawasaki_10,2006-11-12,kawasaki,10,https://www.keiba.go.jp/KeibaWeb/TodayRaceInfo/RaceMarkTable?k_raceDate=2006%2F11%2F12&k_raceNo=10&k_babaCode=21,data/cache/html/20061112_kawasaki_10.html
20061112_kawasaki_11,2006-11-12,kawasaki,11,https://www.keiba.go.jp/KeibaWeb/TodayRaceInfo/RaceMarkTable?k_raceDate=2006%2F11%2F12&k_raceNo=11&k_babaCode=21,data/cache/html/20061112_kawasaki_11.html
20061112_kawasaki_12,2006-11-12,kawasaki,12,https://www.keiba.go.jp/KeibaWeb/TodayRaceInfo/RaceMarkTable?k_raceDate=2006%2F11%2F12&k_raceNo=12&k_babaCode=21,data/cache/html/20061112_kawasaki_12.html
20061111_kawasaki_1,2006-11-11,kawasaki,1,https://www.keiba.go.jp/KeibaWeb/TodayRaceInfo/RaceMarkTable?k_raceDate=2006%2F11%2F11&k_raceNo=1&k_babaCode=21,data/cache/html/20061111_kawasaki_1.html
20061111_kawasaki_2,2006-11-11,kawasaki,2,https://www.keiba.go.jp/KeibaWeb/TodayRaceInfo/RaceMarkTable?k_raceDate=2006%2F11%2F11&k_raceNo=2&k_babaCode=21,data/cache/html/20061111_kawasaki_2.html
20061111_kawasaki_3,2006-11-11,kawasaki,3,https://www.keiba.go.jp/KeibaWeb/TodayRaceInfo/RaceMarkTable?k_raceDate=2006%2F11%2F11&k_raceNo=3&k_babaCode=21,data/cache/html/20061111_kawasaki_3.html
20061111_kawasaki_4,2006-11-11,kawasaki,4,https://www.keiba.go.jp/KeibaWeb/TodayRaceInfo/RaceMarkTable?k_raceDate=2006%2F11%2F11&k_raceNo=4&k_babaCode=21,data/cache/html/20061111_kawasaki_4.html
20061111_kawasaki_5,2006-11-11,kawasaki,5,https://www.keiba.go.jp/KeibaWeb/TodayRaceInfo/RaceMarkTable?k_raceDate=2006%2F11%2F11&k_raceNo=5&k_babaCode=21,data/cache/html/20061111_kawasaki_5.html
20061111_kawasaki_6,2006-11-11,kawasaki,6,https://www.keiba.go.jp/KeibaWeb/TodayRaceInfo/RaceMarkTable?k_raceDate=2006%2F11%2F11&k_raceNo=6&k_babaCode=21,data/cache/html/20061111_kawasaki_6.html
20061111_kawasaki_7,2006-11-11,kawasaki,7,https://www.keiba.go.jp/KeibaWeb/TodayRaceInfo/RaceMarkTable?k_raceDate=2006%2F11%2F11&k_raceNo=7&k_babaCode=21,data/cache/html/20061111_kawasaki_7.html
20061111_kawasaki_8,2006-11-11,kawasaki,8,https://www.keiba.go.jp/KeibaWeb/TodayRaceInfo/RaceMarkTable?k_raceDate=2006%2F11%2F11&k_raceNo=8&k_babaCode=21,data/cache/html/20061111_kawasaki_8.html
20061111_kawasaki_9,2006-11-11,kawasaki,9,https://www.keiba.go.jp/KeibaWeb/TodayRaceInfo/RaceMarkTable?k_raceDate=2006%2F11%2F11&k_raceNo=9&k_babaCode=21,data/cache/html/20061111_kawasaki_9.html
20061111_kawasaki_10,2006-11-11,kawasaki,10,https://www.keiba.go.jp/KeibaWeb/TodayRaceInfo/RaceMarkTable?k_raceDate=2006%2F11%2F11&k_raceNo=10&k_babaCode=21,data/cache/html/20061111_kawasaki_10.html
20061111_kawasaki_11,2006-11-11,kawasaki,11,https://www.keiba.go.jp/KeibaWeb/TodayRaceInfo/RaceMarkTable?k_raceDate=2006%2F11%2F11&k_raceNo=11&k_babaCode=21,data/cache/html/20061111_kawasaki_11.html
20061111_kawasaki_12,2006-11-11,kawasaki,12,https://www.keiba.go.jp/KeibaWeb/TodayRaceInfo/RaceMarkTable?k_raceDate=2006%2F11%2F11&k_raceNo=12&k_babaCode=21,data/cache/html/20061111_kawasaki_12.html
20061110_kawasaki_1,2006-11-10,kawasaki,1,https://www.keiba.go.jp/KeibaWeb/TodayRaceInfo/RaceMarkTable?k_raceDate=2006%2F11%2F10&k_raceNo=1&k_babaCode=21,data/cache/html/20061110_kawasaki_1.html
20061110_kawasaki_2,2006-11-10,kawasaki,2,https://www.keiba.go.jp/KeibaWeb/TodayRaceInfo/RaceMarkTable?k_raceDate=2006%2F11%2F10&k_raceNo=2&k_babaCode=21,data/cache/html/20061110_kawasaki_2.html
20061110_kawasaki_3,2006-11-10,kawasaki,3,https://www.keiba.go.jp/KeibaWeb/TodayRaceInfo/RaceMarkTable?k_raceDate=2006%2F11%2F10&k_raceNo=3&k_babaCode=21,data/cache/html/20061110_kawasaki_3.html
20061110_kawasaki_4,2006-11-10,kawasaki,4,https://www.keiba.go.jp/KeibaWeb/TodayRaceInfo/RaceMarkTable?k_raceDate=2006%2F11%2F10&k_raceNo=4&k_babaCode=21,data/cache/html/20061110_kawasaki_4.html
20061110_kawasaki_5,2006-11-10,kawasaki,5,https://www.keiba.go.jp/KeibaWeb/TodayRaceInfo/RaceMarkTable?k_raceDate=2006%2F11%2F10&k_raceNo=5&k_babaCode=21,data/cache/html/20061110_kawasaki_5.html
20061110_kawasaki_6,2006-11-10,kawasaki,6,https://www.keiba.go.jp/KeibaWeb/TodayRaceInfo/RaceMarkTable?k_raceDate=2006%2F11%2F10&k_raceNo=6&k_babaCode=21,data/cache/html/20061110_kawasaki_6.html
20061110_kawasaki_7,2006-11-10,kawasaki,7,https://www.keiba.go.jp/KeibaWeb/TodayRaceInfo/RaceMarkTable?k_raceDate=2006%2F11%2F10&k_raceNo=7&k_babaCode=21,data/cache/html/20061110_kawasaki_7.html
20061110_kawasaki_8,2006-11-10,kawasaki,8,https://www.keiba.go.jp/KeibaWeb/TodayRaceInfo/RaceMarkTable?k_raceDate=2006%2F11%2F10&k_raceNo=8&k_babaCode=21,data/cache/html/20061110_kawasaki_8.html
20061110_kawasaki_9,2006-11-10,kawasaki,9,https://www.keiba.go.jp/KeibaWeb/TodayRaceInfo/RaceMarkTable?k_raceDate=2006%2F11%2F10&k_raceNo=9&k_babaCode=21,data/cache/html/20061110_kawasaki_9.html
20061110_kawasaki_10,2006-11-10,kawasaki,10,https://www.keiba.go.jp/KeibaWeb/TodayRaceInfo/RaceMarkTable?k_raceDate=2006%2F11%2F10&k_raceNo=10&k_babaCode=21,data/cache/html/20061110_kawasaki_10.html
20061110_kawasaki_11,2006-11-10,kawasaki,11,https://www.keiba.go.jp/KeibaWeb/TodayRaceInfo/RaceMarkTable?k_raceDate=2006%2F11%2F10&k_raceNo=11&k_babaCode=21,data/cache/html/20061110_kawasaki_11.html
20061110_kawasaki_12,2006-11-10,kawasaki,12,https://www.keiba.go.jp/KeibaWeb/TodayRaceInfo/RaceMarkTable?k_raceDate=2006%2F11%2F10&k_raceNo=12&k_babaCode=21,data/cache/html/20061110_kawasaki_12.html
20061109_kawasaki_1,2006-11-09,kawasaki,1,https://www.keiba.go.jp/KeibaWeb/TodayRaceInfo/RaceMarkTable?k_raceDate=2006%2F11%2F09&k_raceNo=1&k_babaCode=21,data/cache/html/20061109_kawasaki_1.html
20061109_kawasaki_2,2006-11-09,kawasaki,2,https://www.keiba.go.jp/KeibaWeb/TodayRaceInfo/RaceMarkTable?k_raceDate=2006%2F11%2F09&k_raceNo=2&k_babaCode=21,data/cache/html/20061109_kawasaki_2.html
20061109_kawasaki_3,2006-11-09,kawasaki,3,https://www.keiba.go.jp/KeibaWeb/TodayRaceInfo/RaceMarkTable?k_raceDate=2006%2F11%2F09&k_raceNo=3&k_babaCode=21,data/cache/html/20061109_kawasaki_3.html
20061109_kawasaki_4,2006-11-09,kawasaki,4,https://www.keiba.go.jp/KeibaWeb/TodayRaceInfo/RaceMarkTable?k_raceDate=2006%2F11%2F09&k_raceNo=4&k_babaCode=21,data/cache/html/20061109_kawasaki_4.html
20061109_kawasaki_5,2006-11-09,kawasaki,5,https://www.keiba.go.jp/KeibaWeb/TodayRaceInfo/RaceMarkTable?k_raceDate=2006%2F11%2F09&k_raceNo=5&k_babaCode=21,data/cache/html/20061109_kawasaki_5.html
20061109_kawasaki_6,2006-11-09,kawasaki,6,https://www.keiba.go.jp/KeibaWeb/TodayRaceInfo/RaceMarkTable?k_raceDate=2006%2F11%2F09&k_raceNo=6&k_babaCode=21,data/cache/html/20061109_kawasaki_6.html
20061109_kawasaki_7,2006-11-09,kawasaki,7,https://www.keiba.go.jp/KeibaWeb/TodayRaceInfo/RaceMarkTable?k_raceDate=2006%2F11%2F09&k_raceNo=7&k_babaCode=21,data/cache/html/20061109_kawasaki_7.html
20061109_kawasaki_8,2006-11-09,kawasaki,8,https://www.keiba.go.jp/KeibaWeb/TodayRaceInfo/RaceMarkTable?k_raceDate=2006%2F11%2F09&k_raceNo=8&k_babaCode=21,data/cache/html/20061109_kawasaki_8.html
20061109_kawasaki_9,2006-11-09,kawasaki,9,https://www.keiba.go.jp/KeibaWeb/TodayRaceInfo/RaceMarkTable?k_raceDate=2006%2F11%2F09&k_raceNo=9&k_babaCode=21,data/cache/html/20061109_kawasaki_9.html
20061109_kawasaki_10,2006-11-09,kawasaki,10,https://www.keiba.go.jp/KeibaWeb/TodayRaceInfo/RaceMarkTable?k_raceDate=2006%2F11%2F09&k_raceNo=10&k_babaCode=21,data/cache/html/20061109_kawasaki_10.html
20061109_kawasaki_11,2006-11-09,kawasaki,11,https://www.keiba.go.jp/KeibaWeb/TodayRaceInfo/RaceMarkTable?k_raceDate=2006%2F11%2F09&k_raceNo=11&k_babaCode=21,data/cache/html/20061109_kawasaki_11.html
20061109_kawasaki_12,2006-11-09,kawasaki,12,https://www.keiba.go.jp/KeibaWeb/TodayRaceInfo/RaceMarkTable?k_raceDate=2006%2F11%2F09&k_raceNo=12&k_babaCode=21,data/cache/html/20061109_kawasaki_12.html
20061108_kawasaki_1,2006-11-08,kawasaki,1,https://www.keiba.go.jp/KeibaWeb/TodayRaceInfo/RaceMarkTable?k_raceDate=2006%2F11%2F08&k_raceNo=1&k_babaCode=21,data/cache/html/20061108_kawasaki_1.html
20061108_kawasaki_2,2006-11-08,kawasaki,2,https://www.keiba.go.jp/KeibaWeb/TodayRaceInfo/RaceMarkTable?k_raceDate=2006%2F11%2F08&k_raceNo=2&k_babaCode=21,data/cache/html/20061108_kawasaki_2.html
20061108_kawasaki_3,2006-11-08,kawasaki,3,https://www.keiba.go.jp/KeibaWeb/TodayRaceInfo/RaceMarkTable?k_raceDate=2006%2F11%2F08&k_raceNo=3&k_babaCode=21,data/cache/html/20061108_kawasaki_3.html
20061108_kawasaki_4,2006-11-08,kawasaki,4,https://www.keiba.go.jp/KeibaWeb/TodayRaceInfo/RaceMarkTable?k_raceDate=2006%2F11%2F08&k_raceNo=4&k_babaCode=21,data/cache/html/20061108_kawasaki_4.html
20061108_kawasaki_5,2006-11-08,kawasaki,5,https://www.keiba.go.jp/KeibaWeb/TodayRaceInfo/RaceMarkTable?k_raceDate=2006%2F11%2F08&k_raceNo=5&k_babaCode=21,data/cache/html/20061108_kawasaki_5.html
20061108_kawasaki_6,2006-11-08,kawasaki,6,https://www.keiba.go.jp/KeibaWeb/TodayRaceInfo/RaceMarkTable?k_raceDate=2006%2F11%2F08&k_raceNo=6&k_babaCode=21,data/cache/html/20061108_kawasaki_6.html
20061108_kawasaki_7,2006-11-08,kawasaki,7,https://www.keiba.go.jp/KeibaWeb/TodayRaceInfo/RaceMarkTable?k_raceDate=2006%2F11%2F08&k_raceNo=7&k_babaCode=21,data/cache/html/20061108_kawasaki_7.html
20061108_kawasaki_8,2006-11-08,kawasaki,8,https://www.keiba.go.jp/KeibaWeb/TodayRaceInfo/RaceMarkTable?k_raceDate=2006%2F11%2F08&k_raceNo=8&k_babaCode=21,data/cache/html/20061108_kawasaki_8.html
20061108_kawasaki_9,2006-11-08,kawasaki,9,https://www.keiba.go.jp/KeibaWeb/TodayRaceInfo/RaceMarkTable?k_raceDate=2006%2F11%2F08&k_raceNo=9&k_babaCode=21,data/cache/html/20061108_kawasaki_9.html
20061108_kawasaki_10,2006-11-08,kawasaki,10,https://www.keiba.go.jp/KeibaWeb/TodayRaceInfo/RaceMarkTable?k_raceDate=2006%2F11%2F08&k_raceNo=10&k_babaCode=21,data/cache/html/20061108_kawasaki_10.html
20061108_kawasaki_11,2006-11-08,kawasaki,11,https://www.keiba.go.jp/KeibaWeb/TodayRaceInfo/RaceMarkTable?k_raceDate=2006%2F11%2F08&k_raceNo=11&k_babaCode=21,data/cache/html/20061108_kawasaki_11.html
20061108_kawasaki_12,2006-11-08,kawasaki,12,https://www.keiba.go.jp/KeibaWeb/TodayRaceInfo/RaceMarkTable?k_raceDate=2006%2F11%2F08&k_raceNo=12&k_babaCode=21,data/cache/html/20061108_kawasaki_12.html
20061107_kawasaki_1,2006-11-07,kawasaki,1,https://www.keiba.go.jp/KeibaWeb/TodayRaceInfo/RaceMarkTable?k_raceDate=2006%2F11%2F07&k_raceNo=1&k_babaCode=21,data/cache/html/20061107_kawasaki_1.html
20061107_kawasaki_2,2006-11-07,kawasaki,2,https://www.keiba.go.jp/KeibaWeb/TodayRaceInfo/RaceMarkTable?k_raceDate=2006%2F11%2F07&k_raceNo=2&k_babaCode=21,data/cache/html/20061107_kawasaki_2.html
20061107_kawasaki_3,2006-11-07,kawasaki,3,https://www.keiba.go.jp/KeibaWeb/TodayRaceInfo/RaceMarkTable?k_raceDate=2006%2F11%2F07&k_raceNo=3&k_babaCode=21,data/cache/html/20061107_kawasaki_3.html
20061107_kawasaki_4,2006-11-07,kawasaki,4,https://www.keiba.go.jp/KeibaWeb/TodayRaceInfo/RaceMarkTable?k_raceDate=2006%2F11%2F07&k_raceNo=4&k_babaCode=21,data/cache/html/20061107_kawasaki_4.html
20061107_kawasaki_5,2006-11-07,kawasaki,5,https://www.keiba.go.jp/KeibaWeb/TodayRaceInfo/RaceMarkTable?k_raceDate=2006%2F11%2F07&k_raceNo=5&k_babaCode=21,data/cache/html/20061107_kawasaki_5.html
20061107_kawasaki_6,2006-11-07,kawasaki,6,https://www.keiba.go.jp/KeibaWeb/TodayRaceInfo/RaceMarkTable?k_raceDate=2006%2F11%2F07&k_raceNo=6&k_babaCode=21,data/cache/html/20061107_kawasaki_6.html
20061107_kawasaki_7,2006-11-07,kawasaki,7,https://www.keiba.go.jp/KeibaWeb/TodayRaceInfo/RaceMarkTable?k_raceDate=2006%2F11%2F07&k_raceNo=7&k_babaCode=21,data/cache/html/20061107_kawasaki_7.html
20061107_kawasaki_8,2006-11-07,kawasaki,8,https://www.keiba.go.jp/KeibaWeb/TodayRaceInfo/RaceMarkTable?k_raceDate=2006%2F11%2F07&k_raceNo=8&k_babaCode=21,data/cache/html/20061107_kawasaki_8.html
20061107_kawasaki_9,2006-11-07,kawasaki,9,https://www.keiba.go.jp/KeibaWeb/TodayRaceInfo/RaceMarkTable?k_raceDate=2006%2F11%2F07&k_raceNo=9&k_babaCode=21,data/cache/html/20061107_kawasaki_9.html
20061107_kawasaki_10,2006-11-07,kawasaki,10,https://www.keiba.go.jp/KeibaWeb/TodayRaceInfo/RaceMarkTable?k_raceDate=2006%2F11%2F07&k_raceNo=10&k_babaCode=21,data/cache/html/20061107_kawasaki_10.html
20061107_kawasaki_11,2006-11-07,kawasaki,11,https://www.keiba.go.jp/KeibaWeb/TodayRaceInfo/RaceMarkTable?k_raceDate=2006%2F11%2F07&k_raceNo=11&k_babaCode=21,data/cache/html/20061107_kawasaki_11.html
20061107_kawasaki_12,2006-11-07,kawasaki,12,https://www.keiba.go.jp/KeibaWeb/TodayRaceInfo/RaceMarkTable?k_raceDate=2006%2F11%2F07&k_raceNo=12&k_babaCode=21,data/cache/html/20061107_kawasaki_12.html
20061106_kawasaki_1,2006-11-06,kawasaki,1,https://www.keiba.go.jp/KeibaWeb/TodayRaceInfo/RaceMarkTable?k_raceDate=2006%2F11%2F06&k_raceNo=1&k_babaCode=21,data/cache/html/20061106_kawasaki_1.html
20061106_kawasaki_2,2006-11-06,kawasaki,2,https://www.keiba.go.jp/KeibaWeb/TodayRaceInfo/RaceMarkTable?k_raceDate=2006%2F11%2F06&k_raceNo=2&k_babaCode=21,data/cache/html/20061106_kawasaki_2.html
20061106_kawasaki_3,2006-11-06,kawasaki,3,https://www.keiba.go.jp/KeibaWeb/TodayRaceInfo/RaceMarkTable?k_raceDate=2006%2F11%2F06&k_raceNo=3&k_babaCode=21,data/cache/html/20061106_kawasaki_3.html
20061106_kawasaki_4,2006-11-06,kawasaki,4,https://www.keiba.go.jp/KeibaWeb/TodayRaceInfo/RaceMarkTable?k_raceDate=2006%2F11%2F06&k_raceNo=4&k_babaCode=21,data/cache/html/20061106_kawasaki_4.html
20061106_kawasaki_5,2006-11-06,kawasaki,5,https://www.keiba.go.jp/KeibaWeb/TodayRaceInfo/RaceMarkTable?k_raceDate=2006%2F11%2F06&k_raceNo=5&k_babaCode=21,data/cache/html/20061106_kawasaki_5.html
20061106_kawasaki_6,2006-11-06,kawasaki,6,https://www.keiba.go.jp/KeibaWeb/TodayRaceInfo/RaceMarkTable?k_raceDate=2006%2F11%2F06&k_raceNo=6&k_babaCode=21,data/cache/html/20061106_kawasaki_6.html
20061106_kawasaki_7,2006-11-06,kawasaki,7,https://www.keiba.go.jp/KeibaWeb/TodayRaceInfo/RaceMarkTable?k_raceDate=2006%2F11%2F06&k_raceNo=7&k_babaCode=21,data/cache/html/20061106_kawasaki_7.html
20061106_kawasaki_8,2006-11-06,kawasaki,8,https://www.keiba.go.jp/KeibaWeb/TodayRaceInfo/RaceMarkTable?k_raceDate=2006%2F11%2F06&k_raceNo=8&k_babaCode=21,data/cache/html/20061106_kawasaki_8.html
20061106_kawasaki_9,2006-11-06,kawasaki,9,https://www.keiba.go.jp/KeibaWeb/TodayRaceInfo/RaceMarkTable?k_raceDate=2006%2F11%2F06&k_raceNo=9&k_babaCode=21,data/cache/html/20061106_kawasaki_9.html
20061106_kawasaki_10,2006-11-06,kawasaki,10,https://www.keiba.go.jp/KeibaWeb/TodayRaceInfo/RaceMarkTable?k_raceDate=2006%2F11%2F06&k_raceNo=10&k_babaCode=21,data/cache/html/20061106_kawasaki_10.html
20061106_kawasaki_11,2006-11-06,kawasaki,11,https://www.keiba.go.jp/KeibaWeb/TodayRaceInfo/RaceMarkTable?k_raceDate=2006%2F11%2F06&k_raceNo=11&k_babaCode=21,data/cache/html/20061106_kawasaki_11.html
20061106_kawasaki_12,2006-11-06,kawasaki,12,https://www.keiba.go.jp/KeibaWeb/TodayRaceInfo/RaceMarkTable?k_raceDate=2006%2F11%2F06&k_raceNo=12&k_babaCode=21,data/cache/html/20061106_kawasaki_12.html
20061105_kawasaki_1,2006-11-05,kawasaki,1,https://www.keiba.go.jp/KeibaWeb/TodayRaceInfo/RaceMarkTable?k_raceDate=2006%2F11%2F05&k_raceNo=1&k_babaCode=21,data/cache/html/20061105_kawasaki_1.html
20061105_kawasaki_2,2006-11-05,kawasaki,2,https://www.keiba.go.jp/KeibaWeb/TodayRaceInfo/RaceMarkTable?k_raceDate=2006%2F11%2F05&k_raceNo=2&k_babaCode=21,data/cache/html/20061105_kawasaki_2.html
20061105_kawasaki_3,2006-11-05,kawasaki,3,https://www.keiba.go.jp/KeibaWeb/TodayRaceInfo/RaceMarkTable?k_raceDate=2006%2F11%2F05&k_raceNo=3&k_babaCode=21,data/cache/html/20061105_kawasaki_3.html
20061105_kawasaki_4,2006-11-05,kawasaki,4,https://www.keiba.go.jp/KeibaWeb/TodayRaceInfo/RaceMarkTable?k_raceDate=2006%2F11%2F05&k_raceNo=4&k_babaCode=21,data/cache/html/20061105_kawasaki_4.html
20061105_kawasaki_5,2006-11-05,kawasaki,5,https://www.keiba.go.jp/KeibaWeb/TodayRaceInfo/RaceMarkTable?k_raceDate=2006%2F11%2F05&k_raceNo=5&k_babaCode=21,data/cache/html/20061105_kawasaki_5.html
20061105_kawasaki_6,2006-11-05,kawasaki,6,https://www.keiba.go.jp/KeibaWeb/TodayRaceInfo/RaceMarkTable?k_raceDate=2006%2F11%2F05&k_raceNo=6&k_babaCode=21,data/cache/html/20061105_kawasaki_6.html
20061105_kawasaki_7,2006-11-05,kawasaki,7,https://www.keiba.go.jp/KeibaWeb/TodayRaceInfo/RaceMarkTable?k_raceDate=2006%2F11%2F05&k_raceNo=7&k_babaCode=21,data/cache/html/20061105_kawasaki_7.html
20061105_kawasaki_8,2006-11-05,kawasaki,8,https://www.keiba.go.jp/KeibaWeb/TodayRaceInfo/RaceMarkTable?k_raceDate=2006%2F11%2F05&k_raceNo=8&k_babaCode=21,data/cache/html/20061105_kawasaki_8.html
20061105_kawasaki_9,2006-11-05,kawasaki,9,https://www.keiba.go.jp/KeibaWeb/TodayRaceInfo/RaceMarkTable?k_raceDate=2006%2F11%2F05&k_raceNo=9&k_babaCode=21,data/cache/html/20061105_kawasaki_9.html
20061105_kawasaki_10,2006-11-05,kawasaki,10,https://www.keiba.go.jp/KeibaWeb/TodayRaceInfo/RaceMarkTable?k_raceDate=2006%2F11%2F05&k_raceNo=10&k_babaCode=21,data/cache/html/20061105_kawasaki_10.html
20061105_kawasaki_11,2006-11-05,kawasaki,11,https://www.keiba.go.jp/KeibaWeb/TodayRaceInfo/RaceMarkTable?k_raceDate=2006%2F11%2F05&k_raceNo=11&k_babaCode=21,data/cache/html/20061105_kawasaki_11.html
20061105_kawasaki_12,2006-11-05,kawasaki,12,https://www.keiba.go.jp/KeibaWeb/TodayRaceInfo/RaceMarkTable?k_raceDate=2006%2F11%2F05&k_raceNo=12&k_babaCode=21,data/cache/html/20061105_kawasaki_12.html
20061104_kawasaki_1,2006-11-04,kawasaki,1,https://www.keiba.go.jp/KeibaWeb/TodayRaceInfo/RaceMarkTable?k_raceDate=2006%2F11%2F04&k_raceNo=1&k_babaCode=21,data/cache/html/20061104_kawasaki_1.html
20061104_kawasaki_2,2006-11-04,kawasaki,2,https://www.keiba.go.jp/KeibaWeb/TodayRaceInfo/RaceMarkTable?k_raceDate=2006%2F11%2F04&k_raceNo=2&k_babaCode=21,data/cache/html/20061104_kawasaki_2.html
20061104_kawasaki_3,2006-11-04,kawasaki,3,https://www.keiba.go.jp/KeibaWeb/TodayRaceInfo/RaceMarkTable?k_raceDate=2006%2F11%2F04&k_raceNo=3&k_babaCode=21,data/cache/html/20061104_kawasaki_3.html
20061104_kawasaki_4,2006-11-04,kawasaki,4,https://www.keiba.go.jp/KeibaWeb/TodayRaceInfo/RaceMarkTable?k_raceDate=2006%2F11%2F04&k_raceNo=4&k_babaCode=21,data/cache/html/20061104_kawasaki_4.html
20061104_kawasaki_5,2006-11-04,kawasaki,5,https://www.keiba.go.jp/KeibaWeb/TodayRaceInfo/RaceMarkTable?k_raceDate=2006%2F11%2F04&k_raceNo=5&k_babaCode=21,data/cache/html/20061104_kawasaki_5.html
20061104_kawasaki_6,2006-11-04,kawasaki,6,https://www.keiba.go.jp/KeibaWeb/TodayRaceInfo/RaceMarkTable?k_raceDate=2006%2F11%2F04&k_raceNo=6&k_babaCode=21,data/cache/html/20061104_kawasaki_6.html
20061104_kawasaki_7,2006-11-04,kawasaki,7,https://www.keiba.go.jp/KeibaWeb/TodayRaceInfo/RaceMarkTable?k_raceDate=2006%2F11%2F04&k_raceNo=7&k_babaCode=21,data/cache/html/20061104_kawasaki_7.html
20061104_kawasaki_8,2006-11-04,kawasaki,8,https://www.keiba.go.jp/KeibaWeb/TodayRaceInfo/RaceMarkTable?k_raceDate=2006%2F11%2F04&k_raceNo=8&k_babaCode=21,data/cache/html/20061104_kawasaki_8.html
20061104_kawasaki_9,2006-11-04,kawasaki,9,https://www.keiba.go.jp/KeibaWeb/TodayRaceInfo/RaceMarkTable?k_raceDate=2006%2F11%2F04&k_raceNo=9&k_babaCode=21,data/cache/html/20061104_kawasaki_9.html
20061104_kawasaki_10,2006-11-04,kawasaki,10,https://www.keiba.go.jp/KeibaWeb/TodayRaceInfo/RaceMarkTable?k_raceDate=2006%2F11%2F04&k_raceNo=10&k_babaCode=21,data/cache/html/20061104_kawasaki_10.html
20061104_kawasaki_11,2006-11-04,kawasaki,11,https://www.keiba.go.jp/KeibaWeb/TodayRaceInfo/RaceMarkTable?k_raceDate=2006%2F11%2F04&k_raceNo=11&k_babaCode=21,data/cache/html/20061104_kawasaki_11.html
20061104_kawasaki_12,2006-11-04,kawasaki,12,https://www.keiba.go.jp/KeibaWeb/TodayRaceInfo/RaceMarkTable?k_raceDate=2006%2F11%2F04&k_raceNo=12&k_babaCode=21,data/cache/html/20061104_kawasaki_12.html
20061103_kawasaki_1,2006-11-03,kawasaki,1,https://www.keiba.go.jp/KeibaWeb/TodayRaceInfo/RaceMarkTable?k_raceDate=2006%2F11%2F03&k_raceNo=1&k_babaCode=21,data/cache/html/20061103_kawasaki_1.html
20061103_kawasaki_2,2006-11-03,kawasaki,2,https://www.keiba.go.jp/KeibaWeb/TodayRaceInfo/RaceMarkTable?k_raceDate=2006%2F11%2F03&k_raceNo=2&k_babaCode=21,data/cache/html/20061103_kawasaki_2.html
20061103_kawasaki_3,2006-11-03,kawasaki,3,https://www.keiba.go.jp/KeibaWeb/TodayRaceInfo/RaceMarkTable?k_raceDate=2006%2F11%2F03&k_raceNo=3&k_babaCode=21,data/cache/html/20061103_kawasaki_3.html
20061103_kawasaki_4,2006-11-03,kawasaki,4,https://www.keiba.go.jp/KeibaWeb/TodayRaceInfo/RaceMarkTable?k_raceDate=2006%2F11%2F03&k_raceNo=4&k_babaCode=21,data/cache/html/20061103_kawasaki_4.html
20061103_kawasaki_5,2006-11-03,kawasaki,5,https://www.keiba.go.jp/KeibaWeb/TodayRaceInfo/RaceMarkTable?k_raceDate=2006%2F11%2F03&k_raceNo=5&k_babaCode=21,data/cache/html/20061103_kawasaki_5.html
20061103_kawasaki_6,2006-11-03,kawasaki,6,https://www.keiba.go.jp/KeibaWeb/TodayRaceInfo/RaceMarkTable?k_raceDate=2006%2F11%2F03&k_raceNo=6&k_babaCode=21,data/cache/html/20061103_kawasaki_6.html
20061103_kawasaki_7,2006-11-03,kawasaki,7,https://www.keiba.go.jp/KeibaWeb/TodayRaceInfo/RaceMarkTable?k_raceDate=2006%2F11%2F03&k_raceNo=7&k_babaCode=21,data/cache/html/20061103_kawasaki_7.html
20061103_kawasaki_8,2006-11-03,kawasaki,8,https://www.keiba.go.jp/KeibaWeb/TodayRaceInfo/RaceMarkTable?k_raceDate=2006%2F11%2F03&k_raceNo=8&k_babaCode=21,data/cache/html/20061103_kawasaki_8.html
20061103_kawasaki_9,2006-11-03,kawasaki,9,https://www.keiba.go.jp/KeibaWeb/TodayRaceInfo/RaceMarkTable?k_raceDate=2006%2F11%2F03&k_raceNo=9&k_babaCode=21,data/cache/html/20061103_kawasaki_9.html
20061103_kawasaki_10,2006-11-03,kawasaki,10,https://www.keiba.go.jp/KeibaWeb/TodayRaceInfo/RaceMarkTable?k_raceDate=2006%2F11%2F03&k_raceNo=10&k_babaCode=21,data/cache/html/20061103_kawasaki_10.html
20061103_kawasaki_11,2006-11-03,kawasaki,11,https://www.keiba.go.jp/KeibaWeb/TodayRaceInfo/RaceMarkTable?k_raceDate=2006%2F11%2F03&k_raceNo=11&k_babaCode=21,data/cache/html/20061103_kawasaki_11.html
20061103_kawasaki_12,2006-11-03,kawasaki,12,https://www.keiba.go.jp/KeibaWeb/TodayRaceInfo/RaceMarkTable?k_raceDate=2006%2F11%2F03&k_raceNo=12&k_babaCode=21,data/cache/html/20061103_kawasaki_12.html
20061102_kawasaki_1,2006-11-02,kawasaki,1,https://www.keiba.go.jp/KeibaWeb/TodayRaceInfo/RaceMarkTable?k_raceDate=2006%2F11%2F02&k_raceNo=1&k_babaCode=21,data/cache/html/20061102_kawasaki_1.html
20061102_kawasaki_2,2006-11-02,kawasaki,2,https://www.keiba.go.jp/KeibaWeb/TodayRaceInfo/RaceMarkTable?k_raceDate=2006%2F11%2F02&k_raceNo=2&k_babaCode=21,data/cache/html/20061102_kawasaki_2.html
20061102_kawasaki_3,2006-11-02,kawasaki,3,https://www.keiba.go.jp/KeibaWeb/TodayRaceInfo/RaceMarkTable?k_raceDate=2006%2F11%2F02&k_raceNo=3&k_babaCode=21,data/cache/html/20061102_kawasaki_3.html
20061102_kawasaki_4,2006-11-02,kawasaki,4,https://www.keiba.go.jp/KeibaWeb/TodayRaceInfo/RaceMarkTable?k_raceDate=2006%2F11%2F02&k_raceNo=4&k_babaCode=21,data/cache/html/20061102_kawasaki_4.html
20061102_kawasaki_5,2006-11-02,kawasaki,5,https://www.keiba.go.jp/KeibaWeb/TodayRaceInfo/RaceMarkTable?k_raceDate=2006%2F11%2F02&k_raceNo=5&k_babaCode=21,data/cache/html/20061102_kawasaki_5.html
20061102_kawasaki_6,2006-11-02,kawasaki,6,https://www.keiba.go.jp/KeibaWeb/TodayRaceInfo/RaceMarkTable?k_raceDate=2006%2F11%2F02&k_raceNo=6&k_babaCode=21,data/cache/html/20061102_kawasaki_6.html
20061102_kawasaki_7,2006-11-02,kawasaki,7,https://www.keiba.go.jp/KeibaWeb/TodayRaceInfo/RaceMarkTable?k_raceDate=2006%2F11%2F02&k_raceNo=7&k_babaCode=21,data/cache/html/20061102_kawasaki_7.html
20061102_kawasaki_8,2006-11-02,kawasaki,8,https://www.keiba.go.jp/KeibaWeb/TodayRaceInfo/RaceMarkTable?k_raceDate=2006%2F11%2F02&k_raceNo=8&k_babaCode=21,data/cache/html/20061102_kawasaki_8.html
20061102_kawasaki_9,2006-11-02,kawasaki,9,https://www.keiba.go.jp/KeibaWeb/TodayRaceInfo/RaceMarkTable?k_raceDate=2006%2F11%2F02&k_raceNo=9&k_babaCode=21,data/cache/html/20061102_kawasaki_9.html
20061102_kawasaki_10,2006-11-02,kawasaki,10,https://www.keiba.go.jp/KeibaWeb/TodayRaceInfo/RaceMarkTable?k_raceDate=2006%2F11%2F02&k_raceNo=10&k_babaCode=21,data/cache/html/20061102_kawasaki_10.html
20061102_kawasaki_11,2006-11-02,kawasaki,11,https://www.keiba.go.jp/KeibaWeb/TodayRaceInfo/RaceMarkTable?k_raceDate=2006%2F11%2F02&k_raceNo=11&k_babaCode=21,data/cache/html/20061102_kawasaki_11.html
20061102_kawasaki_12,2006-11-02,kawasaki,12,https://www.keiba.go.jp/KeibaWeb/TodayRaceInfo/RaceMarkTable?k_raceDate=2006%2F11%2F02&k_raceNo=12&k_babaCode=21,data/cache/html/20061102_kawasaki_12.html
20061101_kawasaki_1,2006-11-01,kawasaki,1,https://www.keiba.go.jp/KeibaWeb/TodayRaceInfo/RaceMarkTable?k_raceDate=2006%2F11%2F01&k_raceNo=1&k_babaCode=21,data/cache/html/20061101_kawasaki_1.html
20061101_kawasaki_2,2006-11-01,kawasaki,2,https://www.keiba.go.jp/KeibaWeb/TodayRaceInfo/RaceMarkTable?k_raceDate=2006%2F11%2F01&k_raceNo=2&k_babaCode=21,data/cache/html/20061101_kawasaki_2.html
20061101_kawasaki_3,2006-11-01,kawasaki,3,https://www.keiba.go.jp/KeibaWeb/TodayRaceInfo/RaceMarkTable?k_raceDate=2006%2F11%2F01&k_raceNo=3&k_babaCode=21,data/cache/html/20061101_kawasaki_3.html
20061101_kawasaki_4,2006-11-01,kawasaki,4,https://www.keiba.go.jp/KeibaWeb/TodayRaceInfo/RaceMarkTable?k_raceDate=2006%2F11%2F01&k_raceNo=4&k_babaCode=21,data/cache/html/20061101_kawasaki_4.html
20061101_kawasaki_5,2006-11-01,kawasaki,5,https://www.keiba.go.jp/KeibaWeb/TodayRaceInfo/RaceMarkTable?k_raceDate=2006%2F11%2F01&k_raceNo=5&k_babaCode=21,data/cache/html/20061101_kawasaki_5.html
20061101_kawasaki_6,2006-11-01,kawasaki,6,https://www.keiba.go.jp/KeibaWeb/TodayRaceInfo/RaceMarkTable?k_raceDate=2006%2F11%2F01&k_raceNo=6&k_babaCode=21,data/cache/html/20061101_kawasaki_6.html
20061101_kawasaki_7,2006-11-01,kawasaki,7,https://www.keiba.go.jp/KeibaWeb/TodayRaceInfo/RaceMarkTable?k_raceDate=2006%2F11%2F01&k_raceNo=7&k_babaCode=21,data/cache/html/20061101_kawasaki_7.html
20061101_kawasaki_8,2006-11-01,kawasaki,8,https://www.keiba.go.jp/KeibaWeb/TodayRaceInfo/RaceMarkTable?k_raceDate=2006%2F11%2F01&k_raceNo=8&k_babaCode=21,data/cache/html/20061101_kawasaki_8.html
20061101_kawasaki_9,2006-11-01,kawasaki,9,https://www.keiba.go.jp/KeibaWeb/TodayRaceInfo/RaceMarkTable?k_raceDate=2006%2F11%2F01&k_raceNo=9&k_babaCode=21,data/cache/html/20061101_kawasaki_9.html
20061101_kawasaki_10,2006-11-01,kawasaki,10,https://www.keiba.go.jp/KeibaWeb/TodayRaceInfo/RaceMarkTable?k_raceDate=2006%2F11%2F01&k_raceNo=10&k_babaCode=21,data/cache/html/20061101_kawasaki_10.html
20061101_kawasaki_11,2006-11-01,kawasaki,11,https://www.keiba.go.jp/KeibaWeb/TodayRaceInfo/RaceMarkTable?k_raceDate=2006%2F11%2F01&k_raceNo=11&k_babaCode=21,data/cache/html/20061101_kawasaki_11.html
20061101_kawasaki_12,2006-11-01,kawasaki,12,https://www.keiba.go.jp/KeibaWeb/TodayRaceInfo/RaceMarkTable?k_raceDate=2006%2F11%2F01&k_raceNo=12&k_babaCode=21,data/cache/html/20061101_kawasaki_12.html
20061031_kawasaki_1,2006-10-31,kawasaki,1,https://www.keiba.go.jp/KeibaWeb/TodayRaceInfo/RaceMarkTable?k_raceDate=2006%2F10%2F31&k_raceNo=1&k_babaCode=21,data/cache/html/20061031_kawasaki_1.html
20061031_kawasaki_2,2006-10-31,kawasaki,2,https://www.keiba.go.jp/KeibaWeb/TodayRaceInfo/RaceMarkTable?k_raceDate=2006%2F10%2F31&k_raceNo=2&k_babaCode=21,data/cache/html/20061031_kawasaki_2.html
20061031_kawasaki_3,2006-10-31,kawasaki,3,https://www.keiba.go.jp/KeibaWeb/TodayRaceInfo/RaceMarkTable?k_raceDate=2006%2F10%2F31&k_raceNo=3&k_babaCode=21,data/cache/html/20061031_kawasaki_3.html
20061031_kawasaki_4,2006-10-31,kawasaki,4,https://www.keiba.go.jp/KeibaWeb/TodayRaceInfo/RaceMarkTable?k_raceDate=2006%2F10%2F31&k_raceNo=4&k_babaCode=21,data/cache/html/20061031_kawasaki_4.html
20061031_kawasaki_5,2006-10-31,kawasaki,5,https://www.keiba.go.jp/KeibaWeb/TodayRaceInfo/RaceMarkTable?k_raceDate=2006%2F10%2F31&k_raceNo=5&k_babaCode=21,data/cache/html/20061031_kawasaki_5.html
20061031_kawasaki_6,2006-10-31,kawasaki,6,https://www.keiba.go.jp/KeibaWeb/TodayRaceInfo/RaceMarkTable?k_raceDate=2006%2F10%2F31&k_raceNo=6&k_babaCode=21,data/cache/html/20061031_kawasaki_6.html
20061031_kawasaki_7,2006-10-31,kawasaki,7,https://www.keiba.go.jp/KeibaWeb/TodayRaceInfo/RaceMarkTable?k_raceDate=2006%2F10%2F31&k_raceNo=7&k_babaCode=21,data/cache/html/20061031_kawasaki_7.html
20061031_kawasaki_8,2006-10-31,kawasaki,8,https://www.keiba.go.jp/KeibaWeb/TodayRaceInfo/RaceMarkTable?k_raceDate=2006%2F10%2F31&k_raceNo=8&k_babaCode=21,data/cache/html/20061031_kawasaki_8.html
20061031_kawasaki_9,2006-10-31,kawasaki,9,https://www.keiba.go.jp/KeibaWeb/TodayRaceInfo/RaceMarkTable?k_raceDate=2006%2F10%2F31&k_raceNo=9&k_babaCode=21,data/cache/html/20061031_kawasaki_9.html
20061031_kawasaki_10,2006-10-31,kawasaki,10,https://www.keiba.go.jp/KeibaWeb/TodayRaceInfo/RaceMarkTable?k_raceDate=2006%2F10%2F31&k_raceNo=10&k_babaCode=21,data/cache/html/20061031_kawasaki_10.html
20061031_kawasaki_11,2006-10-31,kawasaki,11,https://www.keiba.go.jp/KeibaWeb/TodayRaceInfo/RaceMarkTable?k_raceDate=2006%2F10%2F31&k_raceNo=11&k_babaCode=21,data/cache/html/20061031_kawasaki_11.html
20061031_kawasaki_12,2006-10-31,kawasaki,12,https://www.keiba.go.jp/KeibaWeb/TodayRaceInfo/RaceMarkTable?k_raceDate=2006%2F10%2F31&k_raceNo=12&k_babaCode=21,data/cache/html/20061031_kawasaki_12.html
20061030_kawasaki_1,2006-10-30,kawasaki,1,https://www.keiba.go.jp/KeibaWeb/TodayRaceInfo/RaceMarkTable?k_raceDate=2006%2F10%2F30&k_raceNo=1&k_babaCode=21,data/cache/html/20061030_kawasaki_1.html
20061030_kawasaki_2,2006-10-30,kawasaki,2,https://www.keiba.go.jp/KeibaWeb/TodayRaceInfo/RaceMarkTable?k_raceDate=2006%2F10%2F30&k_raceNo=2&k_babaCode=21,data/cache/html/20061030_kawasaki_2.html
20061030_kawasaki_3,2006-10-30,kawasaki,3,https://www.keiba.go.jp/KeibaWeb/TodayRaceInfo/RaceMarkTable?k_raceDate=2006%2F10%2F30&k_raceNo=3&k_babaCode=21,data/cache/html/20061030_kawasaki_3.html
20061030_kawasaki_4,2006-10-30,kawasaki,4,https://www.keiba.go.jp/KeibaWeb/TodayRaceInfo/RaceMarkTable?k_raceDate=2006%2F10%2F30&k_raceNo=4&k_babaCode=21,data/cache/html/20061030_kawasaki_4.html
20061030_kawasaki_5,2006-10-30,kawasaki,5,https://www.keiba.go.jp/KeibaWeb/TodayRaceInfo/RaceMarkTable?k_raceDate=2006%2F10%2F30&k_raceNo=5&k_babaCode=21,data/cache/html/20061030_kawasaki_5.html
20061030_kawasaki_6,2006-10-30,kawasaki,6,https://www.keiba.go.jp/KeibaWeb/TodayRaceInfo/RaceMarkTable?k_raceDate=2006%2F10%2F30&k_raceNo=6&k_babaCode=21,data/cache/html/20061030_kawasaki_6.html
20061030_kawasaki_7,2006-10-30,kawasaki,7,https://www.keiba.go.jp/KeibaWeb/TodayRaceInfo/RaceMarkTable?k_raceDate=2006%2F10%2F30&k_raceNo=7&k_babaCode=21,data/cache/html/20061030_kawasaki_7.html
20061030_kawasaki_8,2006-10-30,kawasaki,8,https://www.keiba.go.jp/KeibaWeb/TodayRaceInfo/RaceMarkTable?k_raceDate=2006%2F10%2F30&k_raceNo=8&k_babaCode=21,data/cache/html/20061030_kawasaki_8.html
20061030_kawasaki_9,2006-10-30,kawasaki,9,https://www.keiba.go.jp/KeibaWeb/TodayRaceInfo/RaceMarkTable?k_raceDate=2006%2F10%2F30&k_raceNo=9&k_babaCode=21,data/cache/html/20061030_kawasaki_9.html
20061030_kawasaki_10,2006-10-30,kawasaki,10,https://www.keiba.go.jp/KeibaWeb/TodayRaceInfo/RaceMarkTable?k_raceDate=2006%2F10%2F30&k_raceNo=10&k_babaCode=21,data/cache/html/20061030_kawasaki_10.html
20061030_kawasaki_11,2006-10-30,kawasaki,11,https://www.keiba.go.jp/KeibaWeb/TodayRaceInfo/RaceMarkTable?k_raceDate=2006%2F10%2F30&k_raceNo=11&k_babaCode=21,data/cache/html/20061030_kawasaki_11.html
20061030_kawasaki_12,2006-10-30,kawasaki,12,https://www.keiba.go.jp/KeibaWeb/TodayRaceInfo/RaceMarkTable?k_raceDate=2006%2F10%2F30&k_raceNo=12&k_babaCode=21,data/cache/html/20061030_kawasaki_12.html
20061029_kawasaki_1,2006-10-29,kawasaki,1,https://www.keiba.go.jp/KeibaWeb/TodayRaceInfo/RaceMarkTable?k_raceDate=2006%2F10%2F29&k_raceNo=1&k_babaCode=21,data/cache/html/20061029_kawasaki_1.html
20061029_kawasaki_2,2006-10-29,kawasaki,2,https://www.keiba.go.jp/KeibaWeb/TodayRaceInfo/RaceMarkTable?k_raceDate=2006%2F10%2F29&k_raceNo=2&k_babaCode=21,data/cache/html/20061029_kawasaki_2.html
20061029_kawasaki_3,2006-10-29,kawasaki,3,https://www.keiba.go.jp/KeibaWeb/TodayRaceInfo/RaceMarkTable?k_raceDate=2006%2F10%2F29&k_raceNo=3&k_babaCode=21,data/cache/html/20061029_kawasaki_3.html
20061029_kawasaki_4,2006-10-29,kawasaki,4,https://www.keiba.go.jp/KeibaWeb/TodayRaceInfo/RaceMarkTable?k_raceDate=2006%2F10%2F29&k_raceNo=4&k_babaCode=21,data/cache/html/20061029_kawasaki_4.html
20061029_kawasaki_5,2006-10-29,kawasaki,5,https://www.keiba.go.jp/KeibaWeb/TodayRaceInfo/RaceMarkTable?k_raceDate=2006%2F10%2F29&k_raceNo=5&k_babaCode=21,data/cache/html/20061029_kawasaki_5.html
20061029_kawasaki_6,2006-10-29,kawasaki,6,https://www.keiba.go.jp/KeibaWeb/TodayRaceInfo/RaceMarkTable?k_raceDate=2006%2F10%2F29&k_raceNo=6&k_babaCode=21,data/cache/html/20061029_kawasaki_6.html
20061029_kawasaki_7,2006-10-29,kawasaki,7,https://www.keiba.go.jp/KeibaWeb/TodayRaceInfo/RaceMarkTable?k_raceDate=2006%2F10%2F29&k_raceNo=7&k_babaCode=21,data/cache/html/20061029_kawasaki_7.html
20061029_kawasaki_8,2006-10-29,kawasaki,8,https://www.keiba.go.jp/KeibaWeb/TodayRaceInfo/RaceMarkTable?k_raceDate=2006%2F10%2F29&k_raceNo=8&k_babaCode=21,data/cache/html/20061029_kawasaki_8.html
20061029_kawasaki_9,2006-10-29,kawasaki,9,https://www.keiba.go.jp/KeibaWeb/TodayRaceInfo/RaceMarkTable?k_raceDate=2006%2F10%2F29&k_raceNo=9&k_babaCode=21,data/cache/html/20061029_kawasaki_9.html
20061029_kawasaki_10,2006-10-29,kawasaki,10,https://www.keiba.go.jp/KeibaWeb/TodayRaceInfo/RaceMarkTable?k_raceDate=2006%2F10%2F29&k_raceNo=10&k_babaCode=21,data/cache/html/20061029_kawasaki_10.html
20061029_kawasaki_11,2006-10-29,kawasaki,11,https://www.keiba.go.jp/KeibaWeb/TodayRaceInfo/RaceMarkTable?k_raceDate=2006%2F10%2F29&k_raceNo=11&k_babaCode=21,data/cache/html/20061029_kawasaki_11.html
20061029_kawasaki_12,2006-10-29,kawasaki,12,https://www.keiba.go.jp/KeibaWeb/TodayRaceInfo/RaceMarkTable?k_raceDate=2006%2F10%2F29&k_raceNo=12&k_babaCode=21,data/cache/html/20061029_kawasaki_12.html
20061028_kawasaki_1,2006-10-28,kawasaki,1,https://www.keiba.go.jp/KeibaWeb/TodayRaceInfo/RaceMarkTable?k_raceDate=2006%2F10%2F28&k_raceNo=1&k_babaCode=21,data/cache/html/20061028_kawasaki_1.html
20061028_kawasaki_2,2006-10-28,kawasaki,2,https://www.keiba.go.jp/KeibaWeb/TodayRaceInfo/RaceMarkTable?k_raceDate=2006%2F10%2F28&k_raceNo=2&k_babaCode=21,data/cache/html/20061028_kawasaki_2.html
20061028_kawasaki_3,2006-10-28,kawasaki,3,https://www.keiba.go.jp/KeibaWeb/TodayRaceInfo/RaceMarkTable?k_raceDate=2006%2F10%2F28&k_raceNo=3&k_babaCode=21,data/cache/html/20061028_kawasaki_3.html
20061028_kawasaki_4,2006-10-28,kawasaki,4,https://www.keiba.go.jp/KeibaWeb/TodayRaceInfo/RaceMarkTable?k_raceDate=2006%2F10%2F28&k_raceNo=4&k_babaCode=21,data/cache/html/20061028_kawasaki_4.html
20061028_kawasaki_5,2006-10-28,kawasaki,5,https://www.keiba.go.jp/KeibaWeb/TodayRaceInfo/RaceMarkTable?k_raceDate=2006%2F10%2F28&k_raceNo=5&k_babaCode=21,data/cache/html/20061028_kawasaki_5.html
20061028_kawasaki_6,2006-10-28,kawasaki,6,https://www.keiba.go.jp/KeibaWeb/TodayRaceInfo/RaceMarkTable?k_raceDate=2006%2F10%2F28&k_raceNo=6&k_babaCode=21,data/cache/html/20061028_kawasaki_6.html
20061028_kawasaki_7,2006-10-28,kawasaki,7,https://www.keiba.go.jp/KeibaWeb/TodayRaceInfo/RaceMarkTable?k_raceDate=2006%2F10%2F28&k_raceNo=7&k_babaCode=21,data/cache/html/20061028_kawasaki_7.html
20061028_kawasaki_8,2006-10-28,kawasaki,8,https://www.keiba.go.jp/KeibaWeb/TodayRaceInfo/RaceMarkTable?k_raceDate=2006%2F10%2F28&k_raceNo=8&k_babaCode=21,data/cache/html/20061028_kawasaki_8.html
20061028_kawasaki_9,2006-10-28,kawasaki,9,https://www.keiba.go.jp/KeibaWeb/TodayRaceInfo/RaceMarkTable?k_raceDate=2006%2F10%2F28&k_raceNo=9&k_babaCode=21,data/cache/html/20061028_kawasaki_9.html
20061028_kawasaki_10,2006-10-28,kawasaki,10,https://www.keiba.go.jp/KeibaWeb/TodayRaceInfo/RaceMarkTable?k_raceDate=2006%2F10%2F28&k_raceNo=10&k_babaCode=21,data/cache/html/20061028_kawasaki_10.html
20061028_kawasaki_11,2006-10-28,kawasaki,11,https://www.keiba.go.jp/KeibaWeb/TodayRaceInfo/RaceMarkTable?k_raceDate=2006%2F10%2F28&k_raceNo=11&k_babaCode=21,data/cache/html/20061028_kawasaki_11.html
20061028_kawasaki_12,2006-10-28,kawasaki,12,https://www.keiba.go.jp/KeibaWeb/TodayRaceInfo/RaceMarkTable?k_raceDate=2006%2F10%2F28&k_raceNo=12&k_babaCode=21,data/cache/html/20061028_kawasaki_12.html
20061027_kawasaki_1,2006-10-27,kawasaki,1,https://www.keiba.go.jp/KeibaWeb/TodayRaceInfo/RaceMarkTable?k_raceDate=2006%2F10%2F27&k_raceNo=1&k_babaCode=21,data/cache/html/20061027_kawasaki_1.html
20061027_kawasaki_2,2006-10-27,kawasaki,2,https://www.keiba.go.jp/KeibaWeb/TodayRaceInfo/RaceMarkTable?k_raceDate=2006%2F10%2F27&k_raceNo=2&k_babaCode=21,data/cache/html/20061027_kawasaki_2.html
20061027_kawasaki_3,2006-10-27,kawasaki,3,https://www.keiba.go.jp/KeibaWeb/TodayRaceInfo/RaceMarkTable?k_raceDate=2006%2F10%2F27&k_raceNo=3&k_babaCode=21,data/cache/html/20061027_kawasaki_3.html
20061027_kawasaki_4,2006-10-27,kawasaki,4,https://www.keiba.go.jp/KeibaWeb/TodayRaceInfo/RaceMarkTable?k_raceDate=2006%2F10%2F27&k_raceNo=4&k_babaCode=21,data/cache/html/20061027_kawasaki_4.html
20061027_kawasaki_5,2006-10-27,kawasaki,5,https://www.keiba.go.jp/KeibaWeb/TodayRaceInfo/RaceMarkTable?k_raceDate=2006%2F10%2F27&k_raceNo=5&k_babaCode=21,data/cache/html/20061027_kawasaki_5.html
20061027_kawasaki_6,2006-10-27,kawasaki,6,https://www.keiba.go.jp/KeibaWeb/TodayRaceInfo/RaceMarkTable?k_raceDate=2006%2F10%2F27&k_raceNo=6&k_babaCode=21,data/cache/html/20061027_kawasaki_6.html
20061027_kawasaki_7,2006-10-27,kawasaki,7,https://www.keiba.go.jp/KeibaWeb/TodayRaceInfo/RaceMarkTable?k_raceDate=2006%2F10%2F27&k_raceNo=7&k_babaCode=21,data/cache/html/20061027_kawasaki_7.html
20061027_kawasaki_8,2006-10-27,kawasaki,8,https://www.keiba.go.jp/KeibaWeb/TodayRaceInfo/RaceMarkTable?k_raceDate=2006%2F10%2F27&k_raceNo=8&k_babaCode=21,data/cache/html/20061027_kawasaki_8.html
20061027_kawasaki_9,2006-10-27,kawasaki,9,https://www.keiba.go.jp/KeibaWeb/TodayRaceInfo/RaceMarkTable?k_raceDate=2006%2F10%2F27&k_raceNo=9&k_babaCode=21,data/cache/html/20061027_kawasaki_9.html
20061027_kawasaki_10,2006-10-27,kawasaki,10,https://www.keiba.go.jp/KeibaWeb/TodayRaceInfo/RaceMarkTable?k_raceDate=2006%2F10%2F27&k_raceNo=10&k_babaCode=21,data/cache/html/20061027_kawasaki_10.html
20061027_kawasaki_11,2006-10-27,kawasaki,11,https://www.keiba.go.jp/KeibaWeb/TodayRaceInfo/RaceMarkTable?k_raceDate=2006%2F10%2F27&k_raceNo=11&k_babaCode=21,data/cache/html/20061027_kawasaki_11.html
20061027_kawasaki_12,2006-10-27,kawasaki,12,https://www.keiba.go.jp/KeibaWeb/TodayRaceInfo/RaceMarkTable?k_raceDate=2006%2F10%2F27&k_raceNo=12&k_babaCode=21,data/cache/html/20061027_kawasaki_12.html
20061026_kawasaki_1,2006-10-26,kawasaki,1,https://www.keiba.go.jp/KeibaWeb/TodayRaceInfo/RaceMarkTable?k_raceDate=2006%2F10%2F26&k_raceNo=1&k_babaCode=21,data/cache/html/20061026_kawasaki_1.html
20061026_kawasaki_2,2006-10-26,kawasaki,2,https://www.keiba.go.jp/KeibaWeb/TodayRaceInfo/RaceMarkTable?k_raceDate=2006%2F10%2F26&k_raceNo=2&k_babaCode=21,data/cache/html/20061026_kawasaki_2.html
20061026_kawasaki_3,2006-10-26,kawasaki,3,https://www.keiba.go.jp/KeibaWeb/TodayRaceInfo/RaceMarkTable?k_raceDate=2006%2F10%2F26&k_raceNo=3&k_babaCode=21,data/cache/html/20061026_kawasaki_3.html
20061026_kawasaki_4,2006-10-26,kawasaki,4,https://www.keiba.go.jp/KeibaWeb/TodayRaceInfo/RaceMarkTable?k_raceDate=2006%2F10%2F26&k_raceNo=4&k_babaCode=21,data/cache/html/20061026_kawasaki_4.html
20061026_kawasaki_5,2006-10-26,kawasaki,5,https://www.keiba.go.jp/KeibaWeb/TodayRaceInfo/RaceMarkTable?k_raceDate=2006%2F10%2F26&k_raceNo=5&k_babaCode=21,data/cache/html/20061026_kawasaki_5.html
20061026_kawasaki_6,2006-10-26,kawasaki,6,https://www.keiba.go.jp/KeibaWeb/TodayRaceInfo/RaceMarkTable?k_raceDate=2006%2F10%2F26&k_raceNo=6&k_babaCode=21,data/cache/html/20061026_kawasaki_6.html
20061026_kawasaki_7,2006-10-26,kawasaki,7,https://www.keiba.go.jp/KeibaWeb/TodayRaceInfo/RaceMarkTable?k_raceDate=2006%2F10%2F26&k_raceNo=7&k_babaCode=21,data/cache/html/20061026_kawasaki_7.html
20061026_kawasaki_8,2006-10-26,kawasaki,8,https://www.keiba.go.jp/KeibaWeb/TodayRaceInfo/RaceMarkTable?k_raceDate=2006%2F10%2F26&k_raceNo=8&k_babaCode=21,data/cache/html/20061026_kawasaki_8.html
20061026_kawasaki_9,2006-10-26,kawasaki,9,https://www.keiba.go.jp/KeibaWeb/TodayRaceInfo/RaceMarkTable?k_raceDate=2006%2F10%2F26&k_raceNo=9&k_babaCode=21,data/cache/html/20061026_kawasaki_9.html
20061026_kawasaki_10,2006-10-26,kawasaki,10,https://www.keiba.go.jp/KeibaWeb/TodayRaceInfo/RaceMarkTable?k_raceDate=2006%2F10%2F26&k_raceNo=10&k_babaCode=21,data/cache/html/20061026_kawasaki_10.html
20061026_kawasaki_11,2006-10-26,kawasaki,11,https://www.keiba.go.jp/KeibaWeb/TodayRaceInfo/RaceMarkTable?k_raceDate=2006%2F10%2F26&k_raceNo=11&k_babaCode=21,data/cache/html/20061026_kawasaki_11.html
20061026_kawasaki_12,2006-10-26,kawasaki,12,https://www.keiba.go.jp/KeibaWeb/TodayRaceInfo/RaceMarkTable?k_raceDate=2006%2F10%2F26&k_raceNo=12&k_babaCode=21,data/cache/html/20061026_kawasaki_12.html
20061025_kawasaki_1,2006-10-25,kawasaki,1,https://www.keiba.go.jp/KeibaWeb/TodayRaceInfo/RaceMarkTable?k_raceDate=2006%2F10%2F25&k_raceNo=1&k_babaCode=21,data/cache/html/20061025_kawasaki_1.html
20061025_kawasaki_2,2006-10-25,kawasaki,2,https://www.keiba.go.jp/KeibaWeb/TodayRaceInfo/RaceMarkTable?k_raceDate=2006%2F10%2F25&k_raceNo=2&k_babaCode=21,data/cache/html/20061025_kawasaki_2.html
20061025_kawasaki_3,2006-10-25,kawasaki,3,https://www.keiba.go.jp/KeibaWeb/TodayRaceInfo/RaceMarkTable?k_raceDate=2006%2F10%2F25&k_raceNo=3&k_babaCode=21,data/cache/html/20061025_kawasaki_3.html
20061025_kawasaki_4,2006-10-25,kawasaki,4,https://www.keiba.go.jp/KeibaWeb/TodayRaceInfo/RaceMarkTable?k_raceDate=2006%2F10%2F25&k_raceNo=4&k_babaCode=21,data/cache/html/20061025_kawasaki_4.html
20061025_kawasaki_5,2006-10-25,kawasaki,5,https://www.keiba.go.jp/KeibaWeb/TodayRaceInfo/RaceMarkTable?k_raceDate=2006%2F10%2F25&k_raceNo=5&k_babaCode=21,data/cache/html/20061025_kawasaki_5.html
20061025_kawasaki_6,2006-10-25,kawasaki,6,https://www.keiba.go.jp/KeibaWeb/TodayRaceInfo/RaceMarkTable?k_raceDate=2006%2F10%2F25&k_raceNo=6&k_babaCode=21,data/cache/html/20061025_kawasaki_6.html
20061025_kawasaki_7,2006-10-25,kawasaki,7,https://www.keiba.go.jp/KeibaWeb/TodayRaceInfo/RaceMarkTable?k_raceDate=2006%2F10%2F25&k_raceNo=7&k_babaCode=21,data/cache/html/20061025_kawasaki_7.html
20061025_kawasaki_8,2006-10-25,kawasaki,8,https://www.keiba.go.jp/KeibaWeb/TodayRaceInfo/RaceMarkTable?k_raceDate=2006%2F10%2F25&k_raceNo=8&k_babaCode=21,data/cache/html/20061025_kawasaki_8.html
20061025_kawasaki_9,2006-10-25,kawasaki,9,https://www.keiba.go.jp/KeibaWeb/TodayRaceInfo/RaceMarkTable?k_raceDate=2006%2F10%2F25&k_raceNo=9&k_babaCode=21,data/cache/html/20061025_kawasaki_9.html
20061025_kawasaki_10,2006-10-25,kawasaki,10,https://www.keiba.go.jp/KeibaWeb/TodayRaceInfo/RaceMarkTable?k_raceDate=2006%2F10%2F25&k_raceNo=10&k_babaCode=21,data/cache/html/20061025_kawasaki_10.html
20061025_kawasaki_11,2006-10-25,kawasaki,11,https://www.keiba.go.jp/KeibaWeb/TodayRaceInfo/RaceMarkTable?k_raceDate=2006%2F10%2F25&k_raceNo=11&k_babaCode=21,data/cache/html/20061025_kawasaki_11.html
20061025_kawasaki_12,2006-10-25,kawasaki,12,https://www.keiba.go.jp/KeibaWeb/TodayRaceInfo/RaceMarkTable?k_raceDate=2006%2F10%2F25&k_raceNo=12&k_babaCode=21,data/cache/html/20061025_kawasaki_12.html
20061024_kawasaki_1,2006-10-24,kawasaki,1,https://www.keiba.go.jp/KeibaWeb/TodayRaceInfo/RaceMarkTable?k_raceDate=2006%2F10%2F24&k_raceNo=1&k_babaCode=21,data/cache/html/20061024_kawasaki_1.html
20061024_kawasaki_2,2006-10-24,kawasaki,2,https://www.keiba.go.jp/KeibaWeb/TodayRaceInfo/RaceMarkTable?k_raceDate=2006%2F10%2F24&k_raceNo=2&k_babaCode=21,data/cache/html/20061024_kawasaki_2.html
20061024_kawasaki_3,2006-10-24,kawasaki,3,https://www.keiba.go.jp/KeibaWeb/TodayRaceInfo/RaceMarkTable?k_raceDate=2006%2F10%2F24&k_raceNo=3&k_babaCode=21,data/cache/html/20061024_kawasaki_3.html
20061024_kawasaki_4,2006-10-24,kawasaki,4,https://www.keiba.go.jp/KeibaWeb/TodayRaceInfo/RaceMarkTable?k_raceDate=2006%2F10%2F24&k_raceNo=4&k_babaCode=21,data/cache/html/20061024_kawasaki_4.html
20061024_kawasaki_5,2006-10-24,kawasaki,5,https://www.keiba.go.jp/KeibaWeb/TodayRaceInfo/RaceMarkTable?k_raceDate=2006%2F10%2F24&k_raceNo=5&k_babaCode=21,data/cache/html/20061024_kawasaki_5.html
20061024_kawasaki_6,2006-10-24,kawasaki,6,https://www.keiba.go.jp/KeibaWeb/TodayRaceInfo/RaceMarkTable?k_raceDate=2006%2F10%2F24&k_raceNo=6&k_babaCode=21,data/cache/html/20061024_kawasaki_6.html
20061024_kawasaki_7,2006-10-24,kawasaki,7,https://www.keiba.go.jp/KeibaWeb/TodayRaceInfo/RaceMarkTable?k_raceDate=2006%2F10%2F24&k_raceNo=7&k_babaCode=21,data/cache/html/20061024_kawasaki_7.html
20061024_kawasaki_8,2006-10-24,kawasaki,8,https://www.keiba.go.jp/KeibaWeb/TodayRaceInfo/RaceMarkTable?k_raceDate=2006%2F10%2F24&k_raceNo=8&k_babaCode=21,data/cache/html/20061024_kawasaki_8.html
20061024_kawasaki_9,2006-10-24,kawasaki,9,https://www.keiba.go.jp/KeibaWeb/TodayRaceInfo/RaceMarkTable?k_raceDate=2006%2F10%2F24&k_raceNo=9&k_babaCode=21,data/cache/html/20061024_kawasaki_9.html
20061024_kawasaki_10,2006-10-24,kawasaki,10,https://www.keiba.go.jp/KeibaWeb/TodayRaceInfo/RaceMarkTable?k_raceDate=2006%2F10%2F24&k_raceNo=10&k_babaCode=21,data/cache/html/20061024_kawasaki_10.html
20061024_kawasaki_11,2006-10-24,kawasaki,11,https://www.keiba.go.jp/KeibaWeb/TodayRaceInfo/RaceMarkTable?k_raceDate=2006%2F10%2F24&k_raceNo=11&k_babaCode=21,data/cache/html/20061024_kawasaki_11.html
20061024_kawasaki_12,2006-10-24,kawasaki,12,https://www.keiba.go.jp/KeibaWeb/TodayRaceInfo/RaceMarkTable?k_raceDate=2006%2F10%2F24&k_raceNo=12&k_babaCode=21,data/cache/html/20061024_kawasaki_12.html
20061023_kawasaki_1,2006-10-23,kawasaki,1,https://www.keiba.go.jp/KeibaWeb/TodayRaceInfo/RaceMarkTable?k_raceDate=2006%2F10%2F23&k_raceNo=1&k_babaCode=21,data/cache/html/20061023_kawasaki_1.html
20061023_kawasaki_2,2006-10-23,kawasaki,2,https://www.keiba.go.jp/KeibaWeb/TodayRaceInfo/RaceMarkTable?k_raceDate=2006%2F10%2F23&k_raceNo=2&k_babaCode=21,data/cache/html/20061023_kawasaki_2.html
20061023_kawasaki_3,2006-10-23,kawasaki,3,https://www.keiba.go.jp/KeibaWeb/TodayRaceInfo/RaceMarkTable?k_raceDate=2006%2F10%2F23&k_raceNo=3&k_babaCode=21,data/cache/html/20061023_kawasaki_3.html
20061023_kawasaki_4,2006-10-23,kawasaki,4,https://www.keiba.go.jp/KeibaWeb/TodayRaceInfo/RaceMarkTable?k_raceDate=2006%2F10%2F23&k_raceNo=4&k_babaCode=21,data/cache/html/20061023_kawasaki_4.html
20061023_kawasaki_5,2006-10-23,kawasaki,5,https://www.keiba.go.jp/KeibaWeb/TodayRaceInfo/RaceMarkTable?k_raceDate=2006%2F10%2F23&k_raceNo=5&k_babaCode=21,data/cache/html/20061023_kawasaki_5.html
20061023_kawasaki_6,2006-10-23,kawasaki,6,https://www.keiba.go.jp/KeibaWeb/TodayRaceInfo/RaceMarkTable?k_raceDate=2006%2F10%2F23&k_raceNo=6&k_babaCode=21,data/cache/html/20061023_kawasaki_6.html
20061023_kawasaki_7,2006-10-23,kawasaki,7,https://www.keiba.go.jp/KeibaWeb/TodayRaceInfo/RaceMarkTable?k_raceDate=2006%2F10%2F23&k_raceNo=7&k_babaCode=21,data/cache/html/20061023_kawasaki_7.html
20061023_kawasaki_8,2006-10-23,kawasaki,8,https://www.keiba.go.jp/KeibaWeb/TodayRaceInfo/RaceMarkTable?k_raceDate=2006%2F10%2F23&k_raceNo=8&k_babaCode=21,data/cache/html/20061023_kawasaki_8.html
20061023_kawasaki_9,2006-10-23,kawasaki,9,https://www.keiba.go.jp/KeibaWeb/TodayRaceInfo/RaceMarkTable?k_raceDate=2006%2F10%2F23&k_raceNo=9&k_babaCode=21,data/cache/html/20061023_kawasaki_9.html
20061023_kawasaki_10,2006-10-23,kawasaki,10,https://www.keiba.go.jp/KeibaWeb/TodayRaceInfo/RaceMarkTable?k_raceDate=2006%2F10%2F23&k_raceNo=10&k_babaCode=21,data/cache/html/20061023_kawasaki_10.html
20061023_kawasaki_11,2006-10-23,kawasaki,11,https://www.keiba.go.jp/KeibaWeb/TodayRaceInfo/RaceMarkTable?k_raceDate=2006%2F10%2F23&k_raceNo=11&k_babaCode=21,data/cache/html/20061023_kawasaki_11.html
20061023_kawasaki_12,2006-10-23,kawasaki,12,https://www.keiba.go.jp/KeibaWeb/TodayRaceInfo/RaceMarkTable?k_raceDate=2006%2F10%2F23&k_raceNo=12&k_babaCode=21,data/cache/html/20061023_kawasaki_12.html
20061022_kawasaki_1,2006-10-22,kawasaki,1,https://www.keiba.go.jp/KeibaWeb/TodayRaceInfo/RaceMarkTable?k_raceDate=2006%2F10%2F22&k_raceNo=1&k_babaCode=21,data/cache/html/20061022_kawasaki_1.html
20061022_kawasaki_2,2006-10-22,kawasaki,2,https://www.keiba.go.jp/KeibaWeb/TodayRaceInfo/RaceMarkTable?k_raceDate=2006%2F10%2F22&k_raceNo=2&k_babaCode=21,data/cache/html/20061022_kawasaki_2.html
20061022_kawasaki_3,2006-10-22,kawasaki,3,https://www.keiba.go.jp/KeibaWeb/TodayRaceInfo/RaceMarkTable?k_raceDate=2006%2F10%2F22&k_raceNo=3&k_babaCode=21,data/cache/html/20061022_kawasaki_3.html
20061022_kawasaki_4,2006-10-22,kawasaki,4,https://www.keiba.go.jp/KeibaWeb/TodayRaceInfo/RaceMarkTable?k_raceDate=2006%2F10%2F22&k_raceNo=4&k_babaCode=21,data/cache/html/20061022_kawasaki_4.html
20061022_kawasaki_5,2006-10-22,kawasaki,5,https://www.keiba.go.jp/KeibaWeb/TodayRaceInfo/RaceMarkTable?k_raceDate=2006%2F10%2F22&k_raceNo=5&k_babaCode=21,data/cache/html/20061022_kawasaki_5.html
20061022_kawasaki_6,2006-10-22,kawasaki,6,https://www.keiba.go.jp/KeibaWeb/TodayRaceInfo/RaceMarkTable?k_raceDate=2006%2F10%2F22&k_raceNo=6&k_babaCode=21,data/cache/html/20061022_kawasaki_6.html
20061022_kawasaki_7,2006-10-22,kawasaki,7,https://www.keiba.go.jp/KeibaWeb/TodayRaceInfo/RaceMarkTable?k_raceDate=2006%2F10%2F22&k_raceNo=7&k_babaCode=21,data/cache/html/20061022_kawasaki_7.html
20061022_kawasaki_8,2006-10-22,kawasaki,8,https://www.keiba.go.jp/KeibaWeb/TodayRaceInfo/RaceMarkTable?k_raceDate=2006%2F10%2F22&k_raceNo=8&k_babaCode=21,data/cache/html/20061022_kawasaki_8.html
20061022_kawasaki_9,2006-10-22,kawasaki,9,https://www.keiba.go.jp/KeibaWeb/TodayRaceInfo/RaceMarkTable?k_raceDate=2006%2F10%2F22&k_raceNo=9&k_babaCode=21,data/cache/html/20061022_kawasaki_9.html
20061022_kawasaki_10,2006-10-22,kawasaki,10,https://www.keiba.go.jp/KeibaWeb/TodayRaceInfo/RaceMarkTable?k_raceDate=2006%2F10%2F22&k_raceNo=10&k_babaCode=21,data/cache/html/20061022_kawasaki_10.html
20061022_kawasaki_11,2006-10-22,kawasaki,11,https://www.keiba.go.jp/KeibaWeb/TodayRaceInfo/RaceMarkTable?k_raceDate=2006%2F10%2F22&k_raceNo=11&k_babaCode=21,data/cache/html/20061022_kawasaki_11.html
20061022_kawasaki_12,2006-10-22,kawasaki,12,https://www.keiba.go.jp/KeibaWeb/TodayRaceInfo/RaceMarkTable?k_raceDate=2006%2F10%2F22&k_raceNo=12&k_babaCode=21,data/cache/html/20061022_kawasaki_12.html
20061021_kawasaki_1,2006-10-21,kawasaki,1,https://www.keiba.go.jp/KeibaWeb/TodayRaceInfo/RaceMarkTable?k_raceDate=2006%2F10%2F21&k_raceNo=1&k_babaCode=21,data/cache/html/20061021_kawasaki_1.html
20061021_kawasaki_2,2006-10-21,kawasaki,2,https://www.keiba.go.jp/KeibaWeb/TodayRaceInfo/RaceMarkTable?k_raceDate=2006%2F10%2F21&k_raceNo=2&k_babaCode=21,data/cache/html/20061021_kawasaki_2.html
20061021_kawasaki_3,2006-10-21,kawasaki,3,https://www.keiba.go.jp/KeibaWeb/TodayRaceInfo/RaceMarkTable?k_raceDate=2006%2F10%2F21&k_raceNo=3&k_babaCode=21,data/cache/html/20061021_kawasaki_3.html
20061021_kawasaki_4,2006-10-21,kawasaki,4,https://www.keiba.go.jp/KeibaWeb/TodayRaceInfo/RaceMarkTable?k_raceDate=2006%2F10%2F21&k_raceNo=4&k_babaCode=21,data/cache/html/20061021_kawasaki_4.html
20061021_kawasaki_5,2006-10-21,kawasaki,5,https://www.keiba.go.jp/KeibaWeb/TodayRaceInfo/RaceMarkTable?k_raceDate=2006%2F10%2F21&k_raceNo=5&k_babaCode=21,data/cache/html/20061021_kawasaki_5.html
20061021_kawasaki_6,2006-10-21,kawasaki,6,https://www.keiba.go.jp/KeibaWeb/TodayRaceInfo/RaceMarkTable?k_raceDate=2006%2F10%2F21&k_raceNo=6&k_babaCode=21,data/cache/html/20061021_kawasaki_6.html
20061021_kawasaki_7,2006-10-21,kawasaki,7,https://www.keiba.go.jp/KeibaWeb/TodayRaceInfo/RaceMarkTable?k_raceDate=2006%2F10%2F21&k_raceNo=7&k_babaCode=21,data/cache/html/20061021_kawasaki_7.html
20061021_kawasaki_8,2006-10-21,kawasaki,8,https://www.keiba.go.jp/KeibaWeb/TodayRaceInfo/RaceMarkTable?k_raceDate=2006%2F10%2F21&k_raceNo=8&k_babaCode=21,data/cache/html/20061021_kawasaki_8.html
20061021_kawasaki_9,2006-10-21,kawasaki,9,https://www.keiba.go.jp/KeibaWeb/TodayRaceInfo/RaceMarkTable?k_raceDate=2006%2F10%2F21&k_raceNo=9&k_babaCode=21,data/cache/html/20061021_kawasaki_9.html
20061021_kawasaki_10,2006-10-21,kawasaki,10,https://www.keiba.go.jp/KeibaWeb/TodayRaceInfo/RaceMarkTable?k_raceDate=2006%2F10%2F21&k_raceNo=10&k_babaCode=21,data/cache/html/20061021_kawasaki_10.html
20061021_kawasaki_11,2006-10-21,kawasaki,11,https://www.keiba.go.jp/KeibaWeb/TodayRaceInfo/RaceMarkTable?k_raceDate=2006%2F10%2F21&k_raceNo=11&k_babaCode=21,data/cache/html/20061021_kawasaki_11.html
20061021_kawasaki_12,2006-10-21,kawasaki,12,https://www.keiba.go.jp/KeibaWeb/TodayRaceInfo/RaceMarkTable?k_raceDate=2006%2F10%2F21&k_raceNo=12&k_babaCode=21,data/cache/html/20061021_kawasaki_12.html
20061020_kawasaki_1,2006-10-20,kawasaki,1,https://www.keiba.go.jp/KeibaWeb/TodayRaceInfo/RaceMarkTable?k_raceDate=2006%2F10%2F20&k_raceNo=1&k_babaCode=21,data/cache/html/20061020_kawasaki_1.html
20061020_kawasaki_2,2006-10-20,kawasaki,2,https://www.keiba.go.jp/KeibaWeb/TodayRaceInfo/RaceMarkTable?k_raceDate=2006%2F10%2F20&k_raceNo=2&k_babaCode=21,data/cache/html/20061020_kawasaki_2.html
20061020_kawasaki_3,2006-10-20,kawasaki,3,https://www.keiba.go.jp/KeibaWeb/TodayRaceInfo/RaceMarkTable?k_raceDate=2006%2F10%2F20&k_raceNo=3&k_babaCode=21,data/cache/html/20061020_kawasaki_3.html
20061020_kawasaki_4,2006-10-20,kawasaki,4,https://www.keiba.go.jp/KeibaWeb/TodayRaceInfo/RaceMarkTable?k_raceDate=2006%2F10%2F20&k_raceNo=4&k_babaCode=21,data/cache/html/20061020_kawasaki_4.html
20061020_kawasaki_5,2006-10-20,kawasaki,5,https://www.keiba.go.jp/KeibaWeb/TodayRaceInfo/RaceMarkTable?k_raceDate=2006%2F10%2F20&k_raceNo=5&k_babaCode=21,data/cache/html/20061020_kawasaki_5.html
20061020_kawasaki_6,2006-10-20,kawasaki,6,https://www.keiba.go.jp/KeibaWeb/TodayRaceInfo/RaceMarkTable?k_raceDate=2006%2F10%2F20&k_raceNo=6&k_babaCode=21,data/cache/html/20061020_kawasaki_6.html
20061020_kawasaki_7,2006-10-20,kawasaki,7,https://www.keiba.go.jp/KeibaWeb/TodayRaceInfo/RaceMarkTable?k_raceDate=2006%2F10%2F20&k_raceNo=7&k_babaCode=21,data/cache/html/20061020_kawasaki_7.html
20061020_kawasaki_8,2006-10-20,kawasaki,8,https://www.keiba.go.jp/KeibaWeb/TodayRaceInfo/RaceMarkTable?k_raceDate=2006%2F10%2F20&k_raceNo=8&k_babaCode=21,data/cache/html/20061020_kawasaki_8.html
20061020_kawasaki_9,2006-10-20,kawasaki,9,https://www.keiba.go.jp/KeibaWeb/TodayRaceInfo/RaceMarkTable?k_raceDate=2006%2F10%2F20&k_raceNo=9&k_babaCode=21,data/cache/html/20061020_kawasaki_9.html
20061020_kawasaki_10,2006-10-20,kawasaki,10,https://www.keiba.go.jp/KeibaWeb/TodayRaceInfo/RaceMarkTable?k_raceDate=2006%2F10%2F20&k_raceNo=10&k_babaCode=21,data/cache/html/20061020_kawasaki_10.html
20061020_kawasaki_11,2006-10-20,kawasaki,11,https://www.keiba.go.jp/KeibaWeb/TodayRaceInfo/RaceMarkTable?k_raceDate=2006%2F10%2F20&k_raceNo=11&k_babaCode=21,data/cache/html/20061020_kawasaki_11.html
20061020_kawasaki_12,2006-10-20,kawasaki,12,https://www.keiba.go.jp/KeibaWeb/TodayRaceInfo/RaceMarkTable?k_raceDate=2006%2F10%2F20&k_raceNo=12&k_babaCode=21,data/cache/html/20061020_kawasaki_12.html
20061019_kawasaki_1,2006-10-19,kawasaki,1,https://www.keiba.go.jp/KeibaWeb/TodayRaceInfo/RaceMarkTable?k_raceDate=2006%2F10%2F19&k_raceNo=1&k_babaCode=21,data/cache/html/20061019_kawasaki_1.html
20061019_kawasaki_2,2006-10-19,kawasaki,2,https://www.keiba.go.jp/KeibaWeb/TodayRaceInfo/RaceMarkTable?k_raceDate=2006%2F10%2F19&k_raceNo=2&k_babaCode=21,data/cache/html/20061019_kawasaki_2.html
20061019_kawasaki_3,2006-10-19,kawasaki,3,https://www.keiba.go.jp/KeibaWeb/TodayRaceInfo/RaceMarkTable?k_raceDate=2006%2F10%2F19&k_raceNo=3&k_babaCode=21,data/cache/html/20061019_kawasaki_3.html
20061019_kawasaki_4,2006-10-19,kawasaki,4,https://www.keiba.go.jp/KeibaWeb/TodayRaceInfo/RaceMarkTable?k_raceDate=2006%2F10%2F19&k_raceNo=4&k_babaCode=21,data/cache/html/20061019_kawasaki_4.html
20061019_kawasaki_5,2006-10-19,kawasaki,5,https://www.keiba.go.jp/KeibaWeb/TodayRaceInfo/RaceMarkTable?k_raceDate=2006%2F10%2F19&k_raceNo=5&k_babaCode=21,data/cache/html/20061019_kawasaki_5.html
20061019_kawasaki_6,2006-10-19,kawasaki,6,https://www.keiba.go.jp/KeibaWeb/TodayRaceInfo/RaceMarkTable?k_raceDate=2006%2F10%2F19&k_raceNo=6&k_babaCode=21,data/cache/html/20061019_kawasaki_6.html
20061019_kawasaki_7,2006-10-19,kawasaki,7,https://www.keiba.go.jp/KeibaWeb/TodayRaceInfo/RaceMarkTable?k_raceDate=2006%2F10%2F19&k_raceNo=7&k_babaCode=21,data/cache/html/20061019_kawasaki_7.html
20061019_kawasaki_8,2006-10-19,kawasaki,8,https://www.keiba.go.jp/KeibaWeb/TodayRaceInfo/RaceMarkTable?k_raceDate=2006%2F10%2F19&k_raceNo=8&k_babaCode=21,data/cache/html/20061019_kawasaki_8.html
20061019_kawasaki_9,2006-10-19,kawasaki,9,https://www.keiba.go.jp/KeibaWeb/TodayRaceInfo/RaceMarkTable?k_raceDate=2006%2F10%2F19&k_raceNo=9&k_babaCode=21,data/cache/html/20061019_kawasaki_9.html
20061019_kawasaki_10,2006-10-19,kawasaki,10,https://www.keiba.go.jp/KeibaWeb/TodayRaceInfo/RaceMarkTable?k_raceDate=2006%2F10%2F19&k_raceNo=10&k_babaCode=21,data/cache/html/20061019_kawasaki_10.html
20061019_kawasaki_11,2006-10-19,kawasaki,11,https://www.keiba.go.jp/KeibaWeb/TodayRaceInfo/RaceMarkTable?k_raceDate=2006%2F10%2F19&k_raceNo=11&k_babaCode=21,data/cache/html/20061019_kawasaki_11.html
20061019_kawasaki_12,2006-10-19,kawasaki,12,https://www.keiba.go.jp/KeibaWeb/TodayRaceInfo/RaceMarkTable?k_raceDate=2006%2F10%2F19&k_raceNo=12&k_babaCode=21,data/cache/html/20061019_kawasaki_12.html
20061018_kawasaki_1,2006-10-18,kawasaki,1,https://www.keiba.go.jp/KeibaWeb/TodayRaceInfo/RaceMarkTable?k_raceDate=2006%2F10%2F18&k_raceNo=1&k_babaCode=21,data/cache/html/20061018_kawasaki_1.html
20061018_kawasaki_2,2006-10-18,kawasaki,2,https://www.keiba.go.jp/KeibaWeb/TodayRaceInfo/RaceMarkTable?k_raceDate=2006%2F10%2F18&k_raceNo=2&k_babaCode=21,data/cache/html/20061018_kawasaki_2.html
20061018_kawasaki_3,2006-10-18,kawasaki,3,https://www.keiba.go.jp/KeibaWeb/TodayRaceInfo/RaceMarkTable?k_raceDate=2006%2F10%2F18&k_raceNo=3&k_babaCode=21,data/cache/html/20061018_kawasaki_3.html
20061018_kawasaki_4,2006-10-18,kawasaki,4,https://www.keiba.go.jp/KeibaWeb/TodayRaceInfo/RaceMarkTable?k_raceDate=2006%2F10%2F18&k_raceNo=4&k_babaCode=21,data/cache/html/20061018_kawasaki_4.html
20061018_kawasaki_5,2006-10-18,kawasaki,5,https://www.keiba.go.jp/KeibaWeb/TodayRaceInfo/RaceMarkTable?k_raceDate=2006%2F10%2F18&k_raceNo=5&k_babaCode=21,data/cache/html/20061018_kawasaki_5.html
20061018_kawasaki_6,2006-10-18,kawasaki,6,https://www.keiba.go.jp/KeibaWeb/TodayRaceInfo/RaceMarkTable?k_raceDate=2006%2F10%2F18&k_raceNo=6&k_babaCode=21,data/cache/html/20061018_kawasaki_6.html
20061018_kawasaki_7,2006-10-18,kawasaki,7,https://www.keiba.go.jp/KeibaWeb/TodayRaceInfo/RaceMarkTable?k_raceDate=2006%2F10%2F18&k_raceNo=7&k_babaCode=21,data/cache/html/20061018_kawasaki_7.html
20061018_kawasaki_8,2006-10-18,kawasaki,8,https://www.keiba.go.jp/KeibaWeb/TodayRaceInfo/RaceMarkTable?k_raceDate=2006%2F10%2F18&k_raceNo=8&k_babaCode=21,data/cache/html/20061018_kawasaki_8.html
20061018_kawasaki_9,2006-10-18,kawasaki,9,https://www.keiba.go.jp/KeibaWeb/TodayRaceInfo/RaceMarkTable?k_raceDate=2006%2F10%2F18&k_raceNo=9&k_babaCode=21,data/cache/html/20061018_kawasaki_9.html
20061018_kawasaki_10,2006-10-18,kawasaki,10,https://www.keiba.go.jp/KeibaWeb/TodayRaceInfo/RaceMarkTable?k_raceDate=2006%2F10%2F18&k_raceNo=10&k_babaCode=21,data/cache/html/20061018_kawasaki_10.html
20061018_kawasaki_11,2006-10-18,kawasaki,11,https://www.keiba.go.jp/KeibaWeb/TodayRaceInfo/RaceMarkTable?k_raceDate=2006%2F10%2F18&k_raceNo=11&k_babaCode=21,data/cache/html/20061018_kawasaki_11.html
20061018_kawasaki_12,2006-10-18,kawasaki,12,https://www.keiba.go.jp/KeibaWeb/TodayRaceInfo/RaceMarkTable?k_raceDate=2006%2F10%2F18&k_raceNo=12&k_babaCode=21,data/cache/html/20061018_kawasaki_12.html
20061017_kawasaki_1,2006-10-17,kawasaki,1,https://www.keiba.go.jp/KeibaWeb/TodayRaceInfo/RaceMarkTable?k_raceDate=2006%2F10%2F17&k_raceNo=1&k_babaCode=21,data/cache/html/20061017_kawasaki_1.html
20061017_kawasaki_2,2006-10-17,kawasaki,2,https://www.keiba.go.jp/KeibaWeb/TodayRaceInfo/RaceMarkTable?k_raceDate=2006%2F10%2F17&k_raceNo=2&k_babaCode=21,data/cache/html/20061017_kawasaki_2.html
20061017_kawasaki_3,2006-10-17,kawasaki,3,https://www.keiba.go.jp/KeibaWeb/TodayRaceInfo/RaceMarkTable?k_raceDate=2006%2F10%2F17&k_raceNo=3&k_babaCode=21,data/cache/html/20061017_kawasaki_3.html
20061017_kawasaki_4,2006-10-17,kawasaki,4,https://www.keiba.go.jp/KeibaWeb/TodayRaceInfo/RaceMarkTable?k_raceDate=2006%2F10%2F17&k_raceNo=4&k_babaCode=21,data/cache/html/20061017_kawasaki_4.html
20061017_kawasaki_5,2006-10-17,kawasaki,5,https://www.keiba.go.jp/KeibaWeb/TodayRaceInfo/RaceMarkTable?k_raceDate=2006%2F10%2F17&k_raceNo=5&k_babaCode=21,data/cache/html/20061017_kawasaki_5.html
20061017_kawasaki_6,2006-10-17,kawasaki,6,https://www.keiba.go.jp/KeibaWeb/TodayRaceInfo/RaceMarkTable?k_raceDate=2006%2F10%2F17&k_raceNo=6&k_babaCode=21,data/cache/html/20061017_kawasaki_6.html
20061017_kawasaki_7,2006-10-17,kawasaki,7,https://www.keiba.go.jp/KeibaWeb/TodayRaceInfo/RaceMarkTable?k_raceDate=2006%2F10%2F17&k_raceNo=7&k_babaCode=21,data/cache/html/20061017_kawasaki_7.html
20061017_kawasaki_8,2006-10-17,kawasaki,8,https://www.keiba.go.jp/KeibaWeb/TodayRaceInfo/RaceMarkTable?k_raceDate=2006%2F10%2F17&k_raceNo=8&k_babaCode=21,data/cache/html/20061017_kawasaki_8.html
20061017_kawasaki_9,2006-10-17,kawasaki,9,https://www.keiba.go.jp/KeibaWeb/TodayRaceInfo/RaceMarkTable?k_raceDate=2006%2F10%2F17&k_raceNo=9&k_babaCode=21,data/cache/html/20061017_kawasaki_9.html
20061017_kawasaki_10,2006-10-17,kawasaki,10,https://www.keiba.go.jp/KeibaWeb/TodayRaceInfo/RaceMarkTable?k_raceDate=2006%2F10%2F17&k_raceNo=10&k_babaCode=21,data/cache/html/20061017_kawasaki_10.html
20061017_kawasaki_11,2006-10-17,kawasaki,11,https://www.keiba.go.jp/KeibaWeb/TodayRaceInfo/RaceMarkTable?k_raceDate=2006%2F10%2F17&k_raceNo=11&k_babaCode=21,data/cache/html/20061017_kawasaki_11.html
20061017_kawasaki_12,2006-10-17,kawasaki,12,https://www.keiba.go.jp/KeibaWeb/TodayRaceInfo/RaceMarkTable?k_raceDate=2006%2F10%2F17&k_raceNo=12&k_babaCode=21,data/cache/html/20061017_kawasaki_12.html
20061016_kawasaki_1,2006-10-16,kawasaki,1,https://www.keiba.go.jp/KeibaWeb/TodayRaceInfo/RaceMarkTable?k_raceDate=2006%2F10%2F16&k_raceNo=1&k_babaCode=21,data/cache/html/20061016_kawasaki_1.html
20061016_kawasaki_2,2006-10-16,kawasaki,2,https://www.keiba.go.jp/KeibaWeb/TodayRaceInfo/RaceMarkTable?k_raceDate=2006%2F10%2F16&k_raceNo=2&k_babaCode=21,data/cache/html/20061016_kawasaki_2.html
20061016_kawasaki_3,2006-10-16,kawasaki,3,https://www.keiba.go.jp/KeibaWeb/TodayRaceInfo/RaceMarkTable?k_raceDate=2006%2F10%2F16&k_raceNo=3&k_babaCode=21,data/cache/html/20061016_kawasaki_3.html
20061016_kawasaki_4,2006-10-16,kawasaki,4,https://www.keiba.go.jp/KeibaWeb/TodayRaceInfo/RaceMarkTable?k_raceDate=2006%2F10%2F16&k_raceNo=4&k_babaCode=21,data/cache/html/20061016_kawasaki_4.html
20061016_kawasaki_5,2006-10-16,kawasaki,5,https://www.keiba.go.jp/KeibaWeb/TodayRaceInfo/RaceMarkTable?k_raceDate=2006%2F10%2F16&k_raceNo=5&k_babaCode=21,data/cache/html/20061016_kawasaki_5.html
20061016_kawasaki_6,2006-10-16,kawasaki,6,https://www.keiba.go.jp/KeibaWeb/TodayRaceInfo/RaceMarkTable?k_raceDate=2006%2F10%2F16&k_raceNo=6&k_babaCode=21,data/cache/html/20061016_kawasaki_6.html
20061016_kawasaki_7,2006-10-16,kawasaki,7,https://www.keiba.go.jp/KeibaWeb/TodayRaceInfo/RaceMarkTable?k_raceDate=2006%2F10%2F16&k_raceNo=7&k_babaCode=21,data/cache/html/20061016_kawasaki_7.html
20061016_kawasaki_8,2006-10-16,kawasaki,8,https://www.keiba.go.jp/KeibaWeb/TodayRaceInfo/RaceMarkTable?k_raceDate=2006%2F10%2F16&k_raceNo=8&k_babaCode=21,data/cache/html/20061016_kawasaki_8.html
20061016_kawasaki_9,2006-10-16,kawasaki,9,https://www.keiba.go.jp/KeibaWeb/TodayRaceInfo/RaceMarkTable?k_raceDate=2006%2F10%2F16&k_raceNo=9&k_babaCode=21,data/cache/html/20061016_kawasaki_9.html
20061016_kawasaki_10,2006-10-16,kawasaki,10,https://www.keiba.go.jp/KeibaWeb/TodayRaceInfo/RaceMarkTable?k_raceDate=2006%2F10%2F16&k_raceNo=10&k_babaCode=21,data/cache/html/20061016_kawasaki_10.html
20061016_kawasaki_11,2006-10-16,kawasaki,11,https://www.keiba.go.jp/KeibaWeb/TodayRaceInfo/RaceMarkTable?k_raceDate=2006%2F10%2F16&k_raceNo=11&k_babaCode=21,data/cache/html/20061016_kawasaki_11.html
20061016_kawasaki_12,2006-10-16,kawasaki,12,https://www.keiba.go.jp/KeibaWeb/TodayRaceInfo/RaceMarkTable?k_raceDate=2006%2F10%2F16&k_raceNo=12&k_babaCode=21,data/cache/html/20061016_kawasaki_12.html
20061015_kawasaki_1,2006-10-15,kawasaki,1,https://www.keiba.go.jp/KeibaWeb/TodayRaceInfo/RaceMarkTable?k_raceDate=2006%2F10%2F15&k_raceNo=1&k_babaCode=21,data/cache/html/20061015_kawasaki_1.html
20061015_kawasaki_2,2006-10-15,kawasaki,2,https://www.keiba.go.jp/KeibaWeb/TodayRaceInfo/RaceMarkTable?k_raceDate=2006%2F10%2F15&k_raceNo=2&k_babaCode=21,data/cache/html/20061015_kawasaki_2.html
20061015_kawasaki_3,2006-10-15,kawasaki,3,https://www.keiba.go.jp/KeibaWeb/TodayRaceInfo/RaceMarkTable?k_raceDate=2006%2F10%2F15&k_raceNo=3&k_babaCode=21,data/cache/html/20061015_kawasaki_3.html
20061015_kawasaki_4,2006-10-15,kawasaki,4,https://www.keiba.go.jp/KeibaWeb/TodayRaceInfo/RaceMarkTable?k_raceDate=2006%2F10%2F15&k_raceNo=4&k_babaCode=21,data/cache/html/20061015_kawasaki_4.html
20061015_kawasaki_5,2006-10-15,kawasaki,5,https://www.keiba.go.jp/KeibaWeb/TodayRaceInfo/RaceMarkTable?k_raceDate=2006%2F10%2F15&k_raceNo=5&k_babaCode=21,data/cache/html/20061015_kawasaki_5.html
20061015_kawasaki_6,2006-10-15,kawasaki,6,https://www.keiba.go.jp/KeibaWeb/TodayRaceInfo/RaceMarkTable?k_raceDate=2006%2F10%2F15&k_raceNo=6&k_babaCode=21,data/cache/html/20061015_kawasaki_6.html
20061015_kawasaki_7,2006-10-15,kawasaki,7,https://www.keiba.go.jp/KeibaWeb/TodayRaceInfo/RaceMarkTable?k_raceDate=2006%2F10%2F15&k_raceNo=7&k_babaCode=21,data/cache/html/20061015_kawasaki_7.html
20061015_kawasaki_8,2006-10-15,kawasaki,8,https://www.keiba.go.jp/KeibaWeb/TodayRaceInfo/RaceMarkTable?k_raceDate=2006%2F10%2F15&k_raceNo=8&k_babaCode=21,data/cache/html/20061015_kawasaki_8.html
20061015_kawasaki_9,2006-10-15,kawasaki,9,https://www.keiba.go.jp/KeibaWeb/TodayRaceInfo/RaceMarkTable?k_raceDate=2006%2F10%2F15&k_raceNo=9&k_babaCode=21,data/cache/html/20061015_kawasaki_9.html
20061015_kawasaki_10,2006-10-15,kawasaki,10,https://www.keiba.go.jp/KeibaWeb/TodayRaceInfo/RaceMarkTable?k_raceDate=2006%2F10%2F15&k_raceNo=10&k_babaCode=21,data/cache/html/20061015_kawasaki_10.html
20061015_kawasaki_11,2006-10-15,kawasaki,11,https://www.keiba.go.jp/KeibaWeb/TodayRaceInfo/RaceMarkTable?k_raceDate=2006%2F10%2F15&k_raceNo=11&k_babaCode=21,data/cache/html/20061015_kawasaki_11.html
20061015_kawasaki_12,2006-10-15,kawasaki,12,https://www.keiba.go.jp/KeibaWeb/TodayRaceInfo/RaceMarkTable?k_raceDate=2006%2F10%2F15&k_raceNo=12&k_babaCode=21,data/cache/html/20061015_kawasaki_12.html
20061014_kawasaki_1,2006-10-14,kawasaki,1,https://www.keiba.go.jp/KeibaWeb/TodayRaceInfo/RaceMarkTable?k_raceDate=2006%2F10%2F14&k_raceNo=1&k_babaCode=21,data/cache/html/20061014_kawasaki_1.html
20061014_kawasaki_2,2006-10-14,kawasaki,2,https://www.keiba.go.jp/KeibaWeb/TodayRaceInfo/RaceMarkTable?k_raceDate=2006%2F10%2F14&k_raceNo=2&k_babaCode=21,data/cache/html/20061014_kawasaki_2.html
20061014_kawasaki_3,2006-10-14,kawasaki,3,https://www.keiba.go.jp/KeibaWeb/TodayRaceInfo/RaceMarkTable?k_raceDate=2006%2F10%2F14&k_raceNo=3&k_babaCode=21,data/cache/html/20061014_kawasaki_3.html
20061014_kawasaki_4,2006-10-14,kawasaki,4,https://www.keiba.go.jp/KeibaWeb/TodayRaceInfo/RaceMarkTable?k_raceDate=2006%2F10%2F14&k_raceNo=4&k_babaCode=21,data/cache/html/20061014_kawasaki_4.html
20061014_kawasaki_5,2006-10-14,kawasaki,5,https://www.keiba.go.jp/KeibaWeb/TodayRaceInfo/RaceMarkTable?k_raceDate=2006%2F10%2F14&k_raceNo=5&k_babaCode=21,data/cache/html/20061014_kawasaki_5.html
20061014_kawasaki_6,2006-10-14,kawasaki,6,https://www.keiba.go.jp/KeibaWeb/TodayRaceInfo/RaceMarkTable?k_raceDate=2006%2F10%2F14&k_raceNo=6&k_babaCode=21,data/cache/html/20061014_kawasaki_6.html
20061014_kawasaki_7,2006-10-14,kawasaki,7,https://www.keiba.go.jp/KeibaWeb/TodayRaceInfo/RaceMarkTable?k_raceDate=2006%2F10%2F14&k_raceNo=7&k_babaCode=21,data/cache/html/20061014_kawasaki_7.html
20061014_kawasaki_8,2006-10-14,kawasaki,8,https://www.keiba.go.jp/KeibaWeb/TodayRaceInfo/RaceMarkTable?k_raceDate=2006%2F10%2F14&k_raceNo=8&k_babaCode=21,data/cache/html/20061014_kawasaki_8.html
20061014_kawasaki_9,2006-10-14,kawasaki,9,https://www.keiba.go.jp/KeibaWeb/TodayRaceInfo/RaceMarkTable?k_raceDate=2006%2F10%2F14&k_raceNo=9&k_babaCode=21,data/cache/html/20061014_kawasaki_9.html
20061014_kawasaki_10,2006-10-14,kawasaki,10,https://www.keiba.go.jp/KeibaWeb/TodayRaceInfo/RaceMarkTable?k_raceDate=2006%2F10%2F14&k_raceNo=10&k_babaCode=21,data/cache/html/20061014_kawasaki_10.html
20061014_kawasaki_11,2006-10-14,kawasaki,11,https://www.keiba.go.jp/KeibaWeb/TodayRaceInfo/RaceMarkTable?k_raceDate=2006%2F10%2F14&k_raceNo=11&k_babaCode=21,data/cache/html/20061014_kawasaki_11.html
20061014_kawasaki_12,2006-10-14,kawasaki,12,https://www.keiba.go.jp/KeibaWeb/TodayRaceInfo/RaceMarkTable?k_raceDate=2006%2F10%2F14&k_raceNo=12&k_babaCode=21,data/cache/html/20061014_kawasaki_12.html
20061008_kawasaki_1,2006-10-08,kawasaki,1,https://www.keiba.go.jp/KeibaWeb/TodayRaceInfo/RaceMarkTable?k_raceDate=2006%2F10%2F08&k_raceNo=1&k_babaCode=21,data/cache/html/20061008_kawasaki_1.html
20061008_kawasaki_2,2006-10-08,kawasaki,2,https://www.keiba.go.jp/KeibaWeb/TodayRaceInfo/RaceMarkTable?k_raceDate=2006%2F10%2F08&k_raceNo=2&k_babaCode=21,data/cache/html/20061008_kawasaki_2.html
20061008_kawasaki_3,2006-10-08,kawasaki,3,https://www.keiba.go.jp/KeibaWeb/TodayRaceInfo/RaceMarkTable?k_raceDate=2006%2F10%2F08&k_raceNo=3&k_babaCode=21,data/cache/html/20061008_kawasaki_3.html
20061008_kawasaki_4,2006-10-08,kawasaki,4,https://www.keiba.go.jp/KeibaWeb/TodayRaceInfo/RaceMarkTable?k_raceDate=2006%2F10%2F08&k_raceNo=4&k_babaCode=21,data/cache/html/20061008_kawasaki_4.html
20061008_kawasaki_5,2006-10-08,kawasaki,5,https://www.keiba.go.jp/KeibaWeb/TodayRaceInfo/RaceMarkTable?k_raceDate=2006%2F10%2F08&k_raceNo=5&k_babaCode=21,data/cache/html/20061008_kawasaki_5.html
20061008_kawasaki_6,2006-10-08,kawasaki,6,https://www.keiba.go.jp/KeibaWeb/TodayRaceInfo/RaceMarkTable?k_raceDate=2006%2F10%2F08&k_raceNo=6&k_babaCode=21,data/cache/html/20061008_kawasaki_6.html
20061008_kawasaki_7,2006-10-08,kawasaki,7,https://www.keiba.go.jp/KeibaWeb/TodayRaceInfo/RaceMarkTable?k_raceDate=2006%2F10%2F08&k_raceNo=7&k_babaCode=21,data/cache/html/20061008_kawasaki_7.html
20061008_kawasaki_8,2006-10-08,kawasaki,8,https://www.keiba.go.jp/KeibaWeb/TodayRaceInfo/RaceMarkTable?k_raceDate=2006%2F10%2F08&k_raceNo=8&k_babaCode=21,data/cache/html/20061008_kawasaki_8.html
20061008_kawasaki_9,2006-10-08,kawasaki,9,https://www.keiba.go.jp/KeibaWeb/TodayRaceInfo/RaceMarkTable?k_raceDate=2006%2F10%2F08&k_raceNo=9&k_babaCode=21,data/cache/html/20061008_kawasaki_9.html
20061008_kawasaki_10,2006-10-08,kawasaki,10,https://www.keiba.go.jp/KeibaWeb/TodayRaceInfo/RaceMarkTable?k_raceDate=2006%2F10%2F08&k_raceNo=10&k_babaCode=21,data/cache/html/20061008_kawasaki_10.html
20061008_kawasaki_11,2006-10-08,kawasaki,11,https://www.keiba.go.jp/KeibaWeb/TodayRaceInfo/RaceMarkTable?k_raceDate=2006%2F10%2F08&k_raceNo=11&k_babaCode=21,data/cache/html/20061008_kawasaki_11.html
20061008_kawasaki_12,2006-10-08,kawasaki,12,https://www.keiba.go.jp/KeibaWeb/TodayRaceInfo/RaceMarkTable?k_raceDate=2006%2F10%2F08&k_raceNo=12&k_babaCode=21,data/cache/html/20061008_kawasaki_12.html
20061007_kawasaki_1,2006-10-07,kawasaki,1,https://www.keiba.go.jp/KeibaWeb/TodayRaceInfo/RaceMarkTable?k_raceDate=2006%2F10%2F07&k_raceNo=1&k_babaCode=21,data/cache/html/20061007_kawasaki_1.html
20061007_kawasaki_2,2006-10-07,kawasaki,2,https://www.keiba.go.jp/KeibaWeb/TodayRaceInfo/RaceMarkTable?k_raceDate=2006%2F10%2F07&k_raceNo=2&k_babaCode=21,data/cache/html/20061007_kawasaki_2.html
20061007_kawasaki_3,2006-10-07,kawasaki,3,https://www.keiba.go.jp/KeibaWeb/TodayRaceInfo/RaceMarkTable?k_raceDate=2006%2F10%2F07&k_raceNo=3&k_babaCode=21,data/cache/html/20061007_kawasaki_3.html
20061007_kawasaki_4,2006-10-07,kawasaki,4,https://www.keiba.go.jp/KeibaWeb/TodayRaceInfo/RaceMarkTable?k_raceDate=2006%2F10%2F07&k_raceNo=4&k_babaCode=21,data/cache/html/20061007_kawasaki_4.html
20061007_kawasaki_5,2006-10-07,kawasaki,5,https://www.keiba.go.jp/KeibaWeb/TodayRaceInfo/RaceMarkTable?k_raceDate=2006%2F10%2F07&k_raceNo=5&k_babaCode=21,data/cache/html/20061007_kawasaki_5.html
20061007_kawasaki_6,2006-10-07,kawasaki,6,https://www.keiba.go.jp/KeibaWeb/TodayRaceInfo/RaceMarkTable?k_raceDate=2006%2F10%2F07&k_raceNo=6&k_babaCode=21,data/cache/html/20061007_kawasaki_6.html
20061007_kawasaki_7,2006-10-07,kawasaki,7,https://www.keiba.go.jp/KeibaWeb/TodayRaceInfo/RaceMarkTable?k_raceDate=2006%2F10%2F07&k_raceNo=7&k_babaCode=21,data/cache/html/20061007_kawasaki_7.html
20061007_kawasaki_8,2006-10-07,kawasaki,8,https://www.keiba.go.jp/KeibaWeb/TodayRaceInfo/RaceMarkTable?k_raceDate=2006%2F10%2F07&k_raceNo=8&k_babaCode=21,data/cache/html/20061007_kawasaki_8.html
20061007_kawasaki_9,2006-10-07,kawasaki,9,https://www.keiba.go.jp/KeibaWeb/TodayRaceInfo/RaceMarkTable?k_raceDate=2006%2F10%2F07&k_raceNo=9&k_babaCode=21,data/cache/html/20061007_kawasaki_9.html
20061007_kawasaki_10,2006-10-07,kawasaki,10,https://www.keiba.go.jp/KeibaWeb/TodayRaceInfo/RaceMarkTable?k_raceDate=2006%2F10%2F07&k_raceNo=10&k_babaCode=21,data/cache/html/20061007_kawasaki_10.html
20061007_kawasaki_11,2006-10-07,kawasaki,11,https://www.keiba.go.jp/KeibaWeb/TodayRaceInfo/RaceMarkTable?k_raceDate=2006%2F10%2F07&k_raceNo=11&k_babaCode=21,data/cache/html/20061007_kawasaki_11.html
20061007_kawasaki_12,2006-10-07,kawasaki,12,https://www.keiba.go.jp/KeibaWeb/TodayRaceInfo/RaceMarkTable?k_raceDate=2006%2F10%2F07&k_raceNo=12&k_babaCode=21,data/cache/html/20061007_kawasaki_12.html
20061006_kawasaki_1,2006-10-06,kawasaki,1,https://www.keiba.go.jp/KeibaWeb/TodayRaceInfo/RaceMarkTable?k_raceDate=2006%2F10%2F06&k_raceNo=1&k_babaCode=21,data/cache/html/20061006_kawasaki_1.html
20061006_kawasaki_2,2006-10-06,kawasaki,2,https://www.keiba.go.jp/KeibaWeb/TodayRaceInfo/RaceMarkTable?k_raceDate=2006%2F10%2F06&k_raceNo=2&k_babaCode=21,data/cache/html/20061006_kawasaki_2.html
20061006_kawasaki_3,2006-10-06,kawasaki,3,https://www.keiba.go.jp/KeibaWeb/TodayRaceInfo/RaceMarkTable?k_raceDate=2006%2F10%2F06&k_raceNo=3&k_babaCode=21,data/cache/html/20061006_kawasaki_3.html
20061006_kawasaki_4,2006-10-06,kawasaki,4,https://www.keiba.go.jp/KeibaWeb/TodayRaceInfo/RaceMarkTable?k_raceDate=2006%2F10%2F06&k_raceNo=4&k_babaCode=21,data/cache/html/20061006_kawasaki_4.html
20061006_kawasaki_5,2006-10-06,kawasaki,5,https://www.keiba.go.jp/KeibaWeb/TodayRaceInfo/RaceMarkTable?k_raceDate=2006%2F10%2F06&k_raceNo=5&k_babaCode=21,data/cache/html/20061006_kawasaki_5.html
20061006_kawasaki_6,2006-10-06,kawasaki,6,https://www.keiba.go.jp/KeibaWeb/TodayRaceInfo/RaceMarkTable?k_raceDate=2006%2F10%2F06&k_raceNo=6&k_babaCode=21,data/cache/html/20061006_kawasaki_6.html
20061006_kawasaki_7,2006-10-06,kawasaki,7,https://www.keiba.go.jp/KeibaWeb/TodayRaceInfo/RaceMarkTable?k_raceDate=2006%2F10%2F06&k_raceNo=7&k_babaCode=21,data/cache/html/20061006_kawasaki_7.html
20061006_kawasaki_8,2006-10-06,kawasaki,8,https://www.keiba.go.jp/KeibaWeb/TodayRaceInfo/RaceMarkTable?k_raceDate=2006%2F10%2F06&k_raceNo=8&k_babaCode=21,data/cache/html/20061006_kawasaki_8.html
20061006_kawasaki_9,2006-10-06,kawasaki,9,https://www.keiba.go.jp/KeibaWeb/TodayRaceInfo/RaceMarkTable?k_raceDate=2006%2F10%2F06&k_raceNo=9&k_babaCode=21,data/cache/html/20061006_kawasaki_9.html
20061006_kawasaki_10,2006-10-06,kawasaki,10,https://www.keiba.go.jp/KeibaWeb/TodayRaceInfo/RaceMarkTable?k_raceDate=2006%2F10%2F06&k_raceNo=10&k_babaCode=21,data/cache/html/20061006_kawasaki_10.html
20061006_kawasaki_11,2006-10-06,kawasaki,11,https://www.keiba.go.jp/KeibaWeb/TodayRaceInfo/RaceMarkTable?k_raceDate=2006%2F10%2F06&k_raceNo=11&k_babaCode=21,data/cache/html/20061006_kawasaki_11.html
20061006_kawasaki_12,2006-10-06,kawasaki,12,https://www.keiba.go.jp/KeibaWeb/TodayRaceInfo/RaceMarkTable?k_raceDate=2006%2F10%2F06&k_raceNo=12&k_babaCode=21,data/cache/html/20061006_kawasaki_12.html
20061005_kawasaki_1,2006-10-05,kawasaki,1,https://www.keiba.go.jp/KeibaWeb/TodayRaceInfo/RaceMarkTable?k_raceDate=2006%2F10%2F05&k_raceNo=1&k_babaCode=21,data/cache/html/20061005_kawasaki_1.html
20061005_kawasaki_2,2006-10-05,kawasaki,2,https://www.keiba.go.jp/KeibaWeb/TodayRaceInfo/RaceMarkTable?k_raceDate=2006%2F10%2F05&k_raceNo=2&k_babaCode=21,data/cache/html/20061005_kawasaki_2.html
20061005_kawasaki_3,2006-10-05,kawasaki,3,https://www.keiba.go.jp/KeibaWeb/TodayRaceInfo/RaceMarkTable?k_raceDate=2006%2F10%2F05&k_raceNo=3&k_babaCode=21,data/cache/html/20061005_kawasaki_3.html
20061005_kawasaki_4,2006-10-05,kawasaki,4,https://www.keiba.go.jp/KeibaWeb/TodayRaceInfo/RaceMarkTable?k_raceDate=2006%2F10%2F05&k_raceNo=4&k_babaCode=21,data/cache/html/20061005_kawasaki_4.html
20061005_kawasaki_5,2006-10-05,kawasaki,5,https://www.keiba.go.jp/KeibaWeb/TodayRaceInfo/RaceMarkTable?k_raceDate=2006%2F10%2F05&k_raceNo=5&k_babaCode=21,data/cache/html/20061005_kawasaki_5.html
20061005_kawasaki_6,2006-10-05,kawasaki,6,https://www.keiba.go.jp/KeibaWeb/TodayRaceInfo/RaceMarkTable?k_raceDate=2006%2F10%2F05&k_raceNo=6&k_babaCode=21,data/cache/html/20061005_kawasaki_6.html
20061005_kawasaki_7,2006-10-05,kawasaki,7,https://www.keiba.go.jp/KeibaWeb/TodayRaceInfo/RaceMarkTable?k_raceDate=2006%2F10%2F05&k_raceNo=7&k_babaCode=21,data/cache/html/20061005_kawasaki_7.html
20061005_kawasaki_8,2006-10-05,kawasaki,8,https://www.keiba.go.jp/KeibaWeb/TodayRaceInfo/RaceMarkTable?k_raceDate=2006%2F10%2F05&k_raceNo=8&k_babaCode=21,data/cache/html/20061005_kawasaki_8.html
20061005_kawasaki_9,2006-10-05,kawasaki,9,https://www.keiba.go.jp/KeibaWeb/TodayRaceInfo/RaceMarkTable?k_raceDate=2006%2F10%2F05&k_raceNo=9&k_babaCode=21,data/cache/html/20061005_kawasaki_9.html
20061005_kawasaki_10,2006-10-05,kawasaki,10,https://www.keiba.go.jp/KeibaWeb/TodayRaceInfo/RaceMarkTable?k_raceDate=2006%2F10%2F05&k_raceNo=10&k_babaCode=21,data/cache/html/20061005_kawasaki_10.html
20061005_kawasaki_11,2006-10-05,kawasaki,11,https://www.keiba.go.jp/KeibaWeb/TodayRaceInfo/RaceMarkTable?k_raceDate=2006%2F10%2F05&k_raceNo=11&k_babaCode=21,data/cache/html/20061005_kawasaki_11.html
20061005_kawasaki_12,2006-10-05,kawasaki,12,https://www.keiba.go.jp/KeibaWeb/TodayRaceInfo/RaceMarkTable?k_raceDate=2006%2F10%2F05&k_raceNo=12&k_babaCode=21,data/cache/html/20061005_kawasaki_12.html
20061004_kawasaki_1,2006-10-04,kawasaki,1,https://www.keiba.go.jp/KeibaWeb/TodayRaceInfo/RaceMarkTable?k_raceDate=2006%2F10%2F04&k_raceNo=1&k_babaCode=21,data/cache/html/20061004_kawasaki_1.html
20061004_kawasaki_2,2006-10-04,kawasaki,2,https://www.keiba.go.jp/KeibaWeb/TodayRaceInfo/RaceMarkTable?k_raceDate=2006%2F10%2F04&k_raceNo=2&k_babaCode=21,data/cache/html/20061004_kawasaki_2.html
20061004_kawasaki_3,2006-10-04,kawasaki,3,https://www.keiba.go.jp/KeibaWeb/TodayRaceInfo/RaceMarkTable?k_raceDate=2006%2F10%2F04&k_raceNo=3&k_babaCode=21,data/cache/html/20061004_kawasaki_3.html
20061004_kawasaki_4,2006-10-04,kawasaki,4,https://www.keiba.go.jp/KeibaWeb/TodayRaceInfo/RaceMarkTable?k_raceDate=2006%2F10%2F04&k_raceNo=4&k_babaCode=21,data/cache/html/20061004_kawasaki_4.html
20061004_kawasaki_5,2006-10-04,kawasaki,5,https://www.keiba.go.jp/KeibaWeb/TodayRaceInfo/RaceMarkTable?k_raceDate=2006%2F10%2F04&k_raceNo=5&k_babaCode=21,data/cache/html/20061004_kawasaki_5.html
20061004_kawasaki_6,2006-10-04,kawasaki,6,https://www.keiba.go.jp/KeibaWeb/TodayRaceInfo/RaceMarkTable?k_raceDate=2006%2F10%2F04&k_raceNo=6&k_babaCode=21,data/cache/html/20061004_kawasaki_6.html
20061004_kawasaki_7,2006-10-04,kawasaki,7,https://www.keiba.go.jp/KeibaWeb/TodayRaceInfo/RaceMarkTable?k_raceDate=2006%2F10%2F04&k_raceNo=7&k_babaCode=21,data/cache/html/20061004_kawasaki_7.html
20061004_kawasaki_8,2006-10-04,kawasaki,8,https://www.keiba.go.jp/KeibaWeb/TodayRaceInfo/RaceMarkTable?k_raceDate=2006%2F10%2F04&k_raceNo=8&k_babaCode=21,data/cache/html/20061004_kawasaki_8.html
20061004_kawasaki_9,2006-10-04,kawasaki,9,https://www.keiba.go.jp/KeibaWeb/TodayRaceInfo/RaceMarkTable?k_raceDate=2006%2F10%2F04&k_raceNo=9&k_babaCode=21,data/cache/html/20061004_kawasaki_9.html
20061004_kawasaki_10,2006-10-04,kawasaki,10,https://www.keiba.go.jp/KeibaWeb/TodayRaceInfo/RaceMarkTable?k_raceDate=2006%2F10%2F04&k_raceNo=10&k_babaCode=21,data/cache/html/20061004_kawasaki_10.html
20061004_kawasaki_11,2006-10-04,kawasaki,11,https://www.keiba.go.jp/KeibaWeb/TodayRaceInfo/RaceMarkTable?k_raceDate=2006%2F10%2F04&k_raceNo=11&k_babaCode=21,data/cache/html/20061004_kawasaki_11.html
20061004_kawasaki_12,2006-10-04,kawasaki,12,https://www.keiba.go.jp/KeibaWeb/TodayRaceInfo/RaceMarkTable?k_raceDate=2006%2F10%2F04&k_raceNo=12&k_babaCode=21,data/cache/html/20061004_kawasaki_12.html
20061003_kawasaki_1,2006-10-03,kawasaki,1,https://www.keiba.go.jp/KeibaWeb/TodayRaceInfo/RaceMarkTable?k_raceDate=2006%2F10%2F03&k_raceNo=1&k_babaCode=21,data/cache/html/20061003_kawasaki_1.html
20061003_kawasaki_2,2006-10-03,kawasaki,2,https://www.keiba.go.jp/KeibaWeb/TodayRaceInfo/RaceMarkTable?k_raceDate=2006%2F10%2F03&k_raceNo=2&k_babaCode=21,data/cache/html/20061003_kawasaki_2.html
20061003_kawasaki_3,2006-10-03,kawasaki,3,https://www.keiba.go.jp/KeibaWeb/TodayRaceInfo/RaceMarkTable?k_raceDate=2006%2F10%2F03&k_raceNo=3&k_babaCode=21,data/cache/html/20061003_kawasaki_3.html
20061003_kawasaki_4,2006-10-03,kawasaki,4,https://www.keiba.go.jp/KeibaWeb/TodayRaceInfo/RaceMarkTable?k_raceDate=2006%2F10%2F03&k_raceNo=4&k_babaCode=21,data/cache/html/20061003_kawasaki_4.html
20061003_kawasaki_5,2006-10-03,kawasaki,5,https://www.keiba.go.jp/KeibaWeb/TodayRaceInfo/RaceMarkTable?k_raceDate=2006%2F10%2F03&k_raceNo=5&k_babaCode=21,data/cache/html/20061003_kawasaki_5.html
20061003_kawasaki_6,2006-10-03,kawasaki,6,https://www.keiba.go.jp/KeibaWeb/TodayRaceInfo/RaceMarkTable?k_raceDate=2006%2F10%2F03&k_raceNo=6&k_babaCode=21,data/cache/html/20061003_kawasaki_6.html
20061003_kawasaki_7,2006-10-03,kawasaki,7,https://www.keiba.go.jp/KeibaWeb/TodayRaceInfo/RaceMarkTable?k_raceDate=2006%2F10%2F03&k_raceNo=7&k_babaCode=21,data/cache/html/20061003_kawasaki_7.html
20061003_kawasaki_8,2006-10-03,kawasaki,8,https://www.keiba.go.jp/KeibaWeb/TodayRaceInfo/RaceMarkTable?k_raceDate=2006%2F10%2F03&k_raceNo=8&k_babaCode=21,data/cache/html/20061003_kawasaki_8.html
20061003_kawasaki_9,2006-10-03,kawasaki,9,https://www.keiba.go.jp/KeibaWeb/TodayRaceInfo/RaceMarkTable?k_raceDate=2006%2F10%2F03&k_raceNo=9&k_babaCode=21,data/cache/html/20061003_kawasaki_9.html
20061003_kawasaki_10,2006-10-03,kawasaki,10,https://www.keiba.go.jp/KeibaWeb/TodayRaceInfo/RaceMarkTable?k_raceDate=2006%2F10%2F03&k_raceNo=10&k_babaCode=21,data/cache/html/20061003_kawasaki_10.html
20061003_kawasaki_11,2006-10-03,kawasaki,11,https://www.keiba.go.jp/KeibaWeb/TodayRaceInfo/RaceMarkTable?k_raceDate=2006%2F10%2F03&k_raceNo=11&k_babaCode=21,data/cache/html/20061003_kawasaki_11.html
20061003_kawasaki_12,2006-10-03,kawasaki,12,https://www.keiba.go.jp/KeibaWeb/TodayRaceInfo/RaceMarkTable?k_raceDate=2006%2F10%2F03&k_raceNo=12&k_babaCode=21,data/cache/html/20061003_kawasaki_12.html
20061002_kawasaki_1,2006-10-02,kawasaki,1,https://www.keiba.go.jp/KeibaWeb/TodayRaceInfo/RaceMarkTable?k_raceDate=2006%2F10%2F02&k_raceNo=1&k_babaCode=21,data/cache/html/20061002_kawasaki_1.html
20061002_kawasaki_2,2006-10-02,kawasaki,2,https://www.keiba.go.jp/KeibaWeb/TodayRaceInfo/RaceMarkTable?k_raceDate=2006%2F10%2F02&k_raceNo=2&k_babaCode=21,data/cache/html/20061002_kawasaki_2.html
20061002_kawasaki_3,2006-10-02,kawasaki,3,https://www.keiba.go.jp/KeibaWeb/TodayRaceInfo/RaceMarkTable?k_raceDate=2006%2F10%2F02&k_raceNo=3&k_babaCode=21,data/cache/html/20061002_kawasaki_3.html
20061002_kawasaki_4,2006-10-02,kawasaki,4,https://www.keiba.go.jp/KeibaWeb/TodayRaceInfo/RaceMarkTable?k_raceDate=2006%2F10%2F02&k_raceNo=4&k_babaCode=21,data/cache/html/20061002_kawasaki_4.html
20061002_kawasaki_5,2006-10-02,kawasaki,5,https://www.keiba.go.jp/KeibaWeb/TodayRaceInfo/RaceMarkTable?k_raceDate=2006%2F10%2F02&k_raceNo=5&k_babaCode=21,data/cache/html/20061002_kawasaki_5.html
20061002_kawasaki_6,2006-10-02,kawasaki,6,https://www.keiba.go.jp/KeibaWeb/TodayRaceInfo/RaceMarkTable?k_raceDate=2006%2F10%2F02&k_raceNo=6&k_babaCode=21,data/cache/html/20061002_kawasaki_6.html
20061002_kawasaki_7,2006-10-02,kawasaki,7,https://www.keiba.go.jp/KeibaWeb/TodayRaceInfo/RaceMarkTable?k_raceDate=2006%2F10%2F02&k_raceNo=7&k_babaCode=21,data/cache/html/20061002_kawasaki_7.html
20061002_kawasaki_8,2006-10-02,kawasaki,8,https://www.keiba.go.jp/KeibaWeb/TodayRaceInfo/RaceMarkTable?k_raceDate=2006%2F10%2F02&k_raceNo=8&k_babaCode=21,data/cache/html/20061002_kawasaki_8.html
20061002_kawasaki_9,2006-10-02,kawasaki,9,https://www.keiba.go.jp/KeibaWeb/TodayRaceInfo/RaceMarkTable?k_raceDate=2006%2F10%2F02&k_raceNo=9&k_babaCode=21,data/cache/html/20061002_kawasaki_9.html
20061002_kawasaki_10,2006-10-02,kawasaki,10,https://www.keiba.go.jp/KeibaWeb/TodayRaceInfo/RaceMarkTable?k_raceDate=2006%2F10%2F02&k_raceNo=10&k_babaCode=21,data/cache/html/20061002_kawasaki_10.html
20061002_kawasaki_11,2006-10-02,kawasaki,11,https://www.keiba.go.jp/KeibaWeb/TodayRaceInfo/RaceMarkTable?k_raceDate=2006%2F10%2F02&k_raceNo=11&k_babaCode=21,data/cache/html/20061002_kawasaki_11.html
20061002_kawasaki_12,2006-10-02,kawasaki,12,https://www.keiba.go.jp/KeibaWeb/TodayRaceInfo/RaceMarkTable?k_raceDate=2006%2F10%2F02&k_raceNo=12&k_babaCode=21,data/cache/html/20061002_kawasaki_12.html
20061001_kawasaki_1,2006-10-01,kawasaki,1,https://www.keiba.go.jp/KeibaWeb/TodayRaceInfo/RaceMarkTable?k_raceDate=2006%2F10%2F01&k_raceNo=1&k_babaCode=21,data/cache/html/20061001_kawasaki_1.html
20061001_kawasaki_2,2006-10-01,kawasaki,2,https://www.keiba.go.jp/KeibaWeb/TodayRaceInfo/RaceMarkTable?k_raceDate=2006%2F10%2F01&k_raceNo=2&k_babaCode=21,data/cache/html/20061001_kawasaki_2.html
20061001_kawasaki_3,2006-10-01,kawasaki,3,https://www.keiba.go.jp/KeibaWeb/TodayRaceInfo/RaceMarkTable?k_raceDate=2006%2F10%2F01&k_raceNo=3&k_babaCode=21,data/cache/html/20061001_kawasaki_3.html
20061001_kawasaki_4,2006-10-01,kawasaki,4,https://www.keiba.go.jp/KeibaWeb/TodayRaceInfo/RaceMarkTable?k_raceDate=2006%2F10%2F01&k_raceNo=4&k_babaCode=21,data/cache/html/20061001_kawasaki_4.html
20061001_kawasaki_5,2006-10-01,kawasaki,5,https://www.keiba.go.jp/KeibaWeb/TodayRaceInfo/RaceMarkTable?k_raceDate=2006%2F10%2F01&k_raceNo=5&k_babaCode=21,data/cache/html/20061001_kawasaki_5.html
20061001_kawasaki_6,2006-10-01,kawasaki,6,https://www.keiba.go.jp/KeibaWeb/TodayRaceInfo/RaceMarkTable?k_raceDate=2006%2F10%2F01&k_raceNo=6&k_babaCode=21,data/cache/html/20061001_kawasaki_6.html
20061001_kawasaki_7,2006-10-01,kawasaki,7,https://www.keiba.go.jp/KeibaWeb/TodayRaceInfo/RaceMarkTable?k_raceDate=2006%2F10%2F01&k_raceNo=7&k_babaCode=21,data/cache/html/20061001_kawasaki_7.html
20061001_kawasaki_8,2006-10-01,kawasaki,8,https://www.keiba.go.jp/KeibaWeb/TodayRaceInfo/RaceMarkTable?k_raceDate=2006%2F10%2F01&k_raceNo=8&k_babaCode=21,data/cache/html/20061001_kawasaki_8.html
20061001_kawasaki_9,2006-10-01,kawasaki,9,https://www.keiba.go.jp/KeibaWeb/TodayRaceInfo/RaceMarkTable?k_raceDate=2006%2F10%2F01&k_raceNo=9&k_babaCode=21,data/cache/html/20061001_kawasaki_9.html
20061001_kawasaki_10,2006-10-01,kawasaki,10,https://www.keiba.go.jp/KeibaWeb/TodayRaceInfo/RaceMarkTable?k_raceDate=2006%2F10%2F01&k_raceNo=10&k_babaCode=21,data/cache/html/20061001_kawasaki_10.html
20061001_kawasaki_11,2006-10-01,kawasaki,11,https://www.keiba.go.jp/KeibaWeb/TodayRaceInfo/RaceMarkTable?k_raceDate=2006%2F10%2F01&k_raceNo=11&k_babaCode=21,data/cache/html/20061001_kawasaki_11.html
20061001_kawasaki_12,2006-10-01,kawasaki,12,https://www.keiba.go.jp/KeibaWeb/TodayRaceInfo/RaceMarkTable?k_raceDate=2006%2F10%2F01&k_raceNo=12&k_babaCode=21,data/cache/html/20061001_kawasaki_12.html
20060930_kawasaki_1,2006-09-30,kawasaki,1,https://www.keiba.go.jp/KeibaWeb/TodayRaceInfo/RaceMarkTable?k_raceDate=2006%2F09%2F30&k_raceNo=1&k_babaCode=21,data/cache/html/20060930_kawasaki_1.html
20060930_kawasaki_2,2006-09-30,kawasaki,2,https://www.keiba.go.jp/KeibaWeb/TodayRaceInfo/RaceMarkTable?k_raceDate=2006%2F09%2F30&k_raceNo=2&k_babaCode=21,data/cache/html/20060930_kawasaki_2.html
20060930_kawasaki_3,2006-09-30,kawasaki,3,https://www.keiba.go.jp/KeibaWeb/TodayRaceInfo/RaceMarkTable?k_raceDate=2006%2F09%2F30&k_raceNo=3&k_babaCode=21,data/cache/html/20060930_kawasaki_3.html
20060930_kawasaki_4,2006-09-30,kawasaki,4,https://www.keiba.go.jp/KeibaWeb/TodayRaceInfo/RaceMarkTable?k_raceDate=2006%2F09%2F30&k_raceNo=4&k_babaCode=21,data/cache/html/20060930_kawasaki_4.html
20060930_kawasaki_5,2006-09-30,kawasaki,5,https://www.keiba.go.jp/KeibaWeb/TodayRaceInfo/RaceMarkTable?k_raceDate=2006%2F09%2F30&k_raceNo=5&k_babaCode=21,data/cache/html/20060930_kawasaki_5.html
20060930_kawasaki_6,2006-09-30,kawasaki,6,https://www.keiba.go.jp/KeibaWeb/TodayRaceInfo/RaceMarkTable?k_raceDate=2006%2F09%2F30&k_raceNo=6&k_babaCode=21,data/cache/html/20060930_kawasaki_6.html
20060930_kawasaki_7,2006-09-30,kawasaki,7,https://www.keiba.go.jp/KeibaWeb/TodayRaceInfo/RaceMarkTable?k_raceDate=2006%2F09%2F30&k_raceNo=7&k_babaCode=21,data/cache/html/20060930_kawasaki_7.html
20060930_kawasaki_8,2006-09-30,kawasaki,8,https://www.keiba.go.jp/KeibaWeb/TodayRaceInfo/RaceMarkTable?k_raceDate=2006%2F09%2F30&k_raceNo=8&k_babaCode=21,data/cache/html/20060930_kawasaki_8.html
20060930_kawasaki_9,2006-09-30,kawasaki,9,https://www.keiba.go.jp/KeibaWeb/TodayRaceInfo/RaceMarkTable?k_raceDate=2006%2F09%2F30&k_raceNo=9&k_babaCode=21,data/cache/html/20060930_kawasaki_9.html
20060930_kawasaki_10,2006-09-30,kawasaki,10,https://www.keiba.go.jp/KeibaWeb/TodayRaceInfo/RaceMarkTable?k_raceDate=2006%2F09%2F30&k_raceNo=10&k_babaCode=21,data/cache/html/20060930_kawasaki_10.html
20060930_kawasaki_11,2006-09-30,kawasaki,11,https://www.keiba.go.jp/KeibaWeb/TodayRaceInfo/RaceMarkTable?k_raceDate=2006%2F09%2F30&k_raceNo=11&k_babaCode=21,data/cache/html/20060930_kawasaki_11.html
20060930_kawasaki_12,2006-09-30,kawasaki,12,https://www.keiba.go.jp/KeibaWeb/TodayRaceInfo/RaceMarkTable?k_raceDate=2006%2F09%2F30&k_raceNo=12&k_babaCode=21,data/cache/html/20060930_kawasaki_12.html
20060929_kawasaki_1,2006-09-29,kawasaki,1,https://www.keiba.go.jp/KeibaWeb/TodayRaceInfo/RaceMarkTable?k_raceDate=2006%2F09%2F29&k_raceNo=1&k_babaCode=21,data/cache/html/20060929_kawasaki_1.html
20060929_kawasaki_2,2006-09-29,kawasaki,2,https://www.keiba.go.jp/KeibaWeb/TodayRaceInfo/RaceMarkTable?k_raceDate=2006%2F09%2F29&k_raceNo=2&k_babaCode=21,data/cache/html/20060929_kawasaki_2.html
20060929_kawasaki_3,2006-09-29,kawasaki,3,https://www.keiba.go.jp/KeibaWeb/TodayRaceInfo/RaceMarkTable?k_raceDate=2006%2F09%2F29&k_raceNo=3&k_babaCode=21,data/cache/html/20060929_kawasaki_3.html
20060929_kawasaki_4,2006-09-29,kawasaki,4,https://www.keiba.go.jp/KeibaWeb/TodayRaceInfo/RaceMarkTable?k_raceDate=2006%2F09%2F29&k_raceNo=4&k_babaCode=21,data/cache/html/20060929_kawasaki_4.html
20060929_kawasaki_5,2006-09-29,kawasaki,5,https://www.keiba.go.jp/KeibaWeb/TodayRaceInfo/RaceMarkTable?k_raceDate=2006%2F09%2F29&k_raceNo=5&k_babaCode=21,data/cache/html/20060929_kawasaki_5.html
20060929_kawasaki_6,2006-09-29,kawasaki,6,https://www.keiba.go.jp/KeibaWeb/TodayRaceInfo/RaceMarkTable?k_raceDate=2006%2F09%2F29&k_raceNo=6&k_babaCode=21,data/cache/html/20060929_kawasaki_6.html
20060929_kawasaki_7,2006-09-29,kawasaki,7,https://www.keiba.go.jp/KeibaWeb/TodayRaceInfo/RaceMarkTable?k_raceDate=2006%2F09%2F29&k_raceNo=7&k_babaCode=21,data/cache/html/20060929_kawasaki_7.html
20060929_kawasaki_8,2006-09-29,kawasaki,8,https://www.keiba.go.jp/KeibaWeb/TodayRaceInfo/RaceMarkTable?k_raceDate=2006%2F09%2F29&k_raceNo=8&k_babaCode=21,data/cache/html/20060929_kawasaki_8.html
20060929_kawasaki_9,2006-09-29,kawasaki,9,https://www.keiba.go.jp/KeibaWeb/TodayRaceInfo/RaceMarkTable?k_raceDate=2006%2F09%2F29&k_raceNo=9&k_babaCode=21,data/cache/html/20060929_kawasaki_9.html
20060929_kawasaki_10,2006-09-29,kawasaki,10,https://www.keiba.go.jp/KeibaWeb/TodayRaceInfo/RaceMarkTable?k_raceDate=2006%2F09%2F29&k_raceNo=10&k_babaCode=21,data/cache/html/20060929_kawasaki_10.html
20060929_kawasaki_11,2006-09-29,kawasaki,11,https://www.keiba.go.jp/KeibaWeb/TodayRaceInfo/RaceMarkTable?k_raceDate=2006%2F09%2F29&k_raceNo=11&k_babaCode=21,data/cache/html/20060929_kawasaki_11.html
20060929_kawasaki_12,2006-09-29,kawasaki,12,https://www.keiba.go.jp/KeibaWeb/TodayRaceInfo/RaceMarkTable?k_raceDate=2006%2F09%2F29&k_raceNo=12&k_babaCode=21,data/cache/html/20060929_kawasaki_12.html
20060928_kawasaki_1,2006-09-28,kawasaki,1,https://www.keiba.go.jp/KeibaWeb/TodayRaceInfo/RaceMarkTable?k_raceDate=2006%2F09%2F28&k_raceNo=1&k_babaCode=21,data/cache/html/20060928_kawasaki_1.html
20060928_kawasaki_2,2006-09-28,kawasaki,2,https://www.keiba.go.jp/KeibaWeb/TodayRaceInfo/RaceMarkTable?k_raceDate=2006%2F09%2F28&k_raceNo=2&k_babaCode=21,data/cache/html/20060928_kawasaki_2.html
20060928_kawasaki_3,2006-09-28,kawasaki,3,https://www.keiba.go.jp/KeibaWeb/TodayRaceInfo/RaceMarkTable?k_raceDate=2006%2F09%2F28&k_raceNo=3&k_babaCode=21,data/cache/html/20060928_kawasaki_3.html
20060928_kawasaki_4,2006-09-28,kawasaki,4,https://www.keiba.go.jp/KeibaWeb/TodayRaceInfo/RaceMarkTable?k_raceDate=2006%2F09%2F28&k_raceNo=4&k_babaCode=21,data/cache/html/20060928_kawasaki_4.html
20060928_kawasaki_5,2006-09-28,kawasaki,5,https://www.keiba.go.jp/KeibaWeb/TodayRaceInfo/RaceMarkTable?k_raceDate=2006%2F09%2F28&k_raceNo=5&k_babaCode=21,data/cache/html/20060928_kawasaki_5.html
20060928_kawasaki_6,2006-09-28,kawasaki,6,https://www.keiba.go.jp/KeibaWeb/TodayRaceInfo/RaceMarkTable?k_raceDate=2006%2F09%2F28&k_raceNo=6&k_babaCode=21,data/cache/html/20060928_kawasaki_6.html
20060928_kawasaki_7,2006-09-28,kawasaki,7,https://www.keiba.go.jp/KeibaWeb/TodayRaceInfo/RaceMarkTable?k_raceDate=2006%2F09%2F28&k_raceNo=7&k_babaCode=21,data/cache/html/20060928_kawasaki_7.html
20060928_kawasaki_8,2006-09-28,kawasaki,8,https://www.keiba.go.jp/KeibaWeb/TodayRaceInfo/RaceMarkTable?k_raceDate=2006%2F09%2F28&k_raceNo=8&k_babaCode=21,data/cache/html/20060928_kawasaki_8.html
20060928_kawasaki_9,2006-09-28,kawasaki,9,https://www.keiba.go.jp/KeibaWeb/TodayRaceInfo/RaceMarkTable?k_raceDate=2006%2F09%2F28&k_raceNo=9&k_babaCode=21,data/cache/html/20060928_kawasaki_9.html
20060928_kawasaki_10,2006-09-28,kawasaki,10,https://www.keiba.go.jp/KeibaWeb/TodayRaceInfo/RaceMarkTable?k_raceDate=2006%2F09%2F28&k_raceNo=10&k_babaCode=21,data/cache/html/20060928_kawasaki_10.html
20060928_kawasaki_11,2006-09-28,kawasaki,11,https://www.keiba.go.jp/KeibaWeb/TodayRaceInfo/RaceMarkTable?k_raceDate=2006%2F09%2F28&k_raceNo=11&k_babaCode=21,data/cache/html/20060928_kawasaki_11.html
20060928_kawasaki_12,2006-09-28,kawasaki,12,https://www.keiba.go.jp/KeibaWeb/TodayRaceInfo/RaceMarkTable?k_raceDate=2006%2F09%2F28&k_raceNo=12&k_babaCode=21,data/cache/html/20060928_kawasaki_12.html
20060927_kawasaki_1,2006-09-27,kawasaki,1,https://www.keiba.go.jp/KeibaWeb/TodayRaceInfo/RaceMarkTable?k_raceDate=2006%2F09%2F27&k_raceNo=1&k_babaCode=21,data/cache/html/20060927_kawasaki_1.html
20060927_kawasaki_2,2006-09-27,kawasaki,2,https://www.keiba.go.jp/KeibaWeb/TodayRaceInfo/RaceMarkTable?k_raceDate=2006%2F09%2F27&k_raceNo=2&k_babaCode=21,data/cache/html/20060927_kawasaki_2.html
20060927_kawasaki_3,2006-09-27,kawasaki,3,https://www.keiba.go.jp/KeibaWeb/TodayRaceInfo/RaceMarkTable?k_raceDate=2006%2F09%2F27&k_raceNo=3&k_babaCode=21,data/cache/html/20060927_kawasaki_3.html
20060927_kawasaki_4,2006-09-27,kawasaki,4,https://www.keiba.go.jp/KeibaWeb/TodayRaceInfo/RaceMarkTable?k_raceDate=2006%2F09%2F27&k_raceNo=4&k_babaCode=21,data/cache/html/20060927_kawasaki_4.html
20060927_kawasaki_5,2006-09-27,kawasaki,5,https://www.keiba.go.jp/KeibaWeb/TodayRaceInfo/RaceMarkTable?k_raceDate=2006%2F09%2F27&k_raceNo=5&k_babaCode=21,data/cache/html/20060927_kawasaki_5.html
20060927_kawasaki_6,2006-09-27,kawasaki,6,https://www.keiba.go.jp/KeibaWeb/TodayRaceInfo/RaceMarkTable?k_raceDate=2006%2F09%2F27&k_raceNo=6&k_babaCode=21,data/cache/html/20060927_kawasaki_6.html
20060927_kawasaki_7,2006-09-27,kawasaki,7,https://www.keiba.go.jp/KeibaWeb/TodayRaceInfo/RaceMarkTable?k_raceDate=2006%2F09%2F27&k_raceNo=7&k_babaCode=21,data/cache/html/20060927_kawasaki_7.html
20060927_kawasaki_8,2006-09-27,kawasaki,8,https://www.keiba.go.jp/KeibaWeb/TodayRaceInfo/RaceMarkTable?k_raceDate=2006%2F09%2F27&k_raceNo=8&k_babaCode=21,data/cache/html/20060927_kawasaki_8.html
20060927_kawasaki_9,2006-09-27,kawasaki,9,https://www.keiba.go.jp/KeibaWeb/TodayRaceInfo/RaceMarkTable?k_raceDate=2006%2F09%2F27&k_raceNo=9&k_babaCode=21,data/cache/html/20060927_kawasaki_9.html
20060927_kawasaki_10,2006-09-27,kawasaki,10,https://www.keiba.go.jp/KeibaWeb/TodayRaceInfo/RaceMarkTable?k_raceDate=2006%2F09%2F27&k_raceNo=10&k_babaCode=21,data/cache/html/20060927_kawasaki_10.html
20060927_kawasaki_11,2006-09-27,kawasaki,11,https://www.keiba.go.jp/KeibaWeb/TodayRaceInfo/RaceMarkTable?k_raceDate=2006%2F09%2F27&k_raceNo=11&k_babaCode=21,data/cache/html/20060927_kawasaki_11.html
20060927_kawasaki_12,2006-09-27,kawasaki,12,https://www.keiba.go.jp/KeibaWeb/TodayRaceInfo/RaceMarkTable?k_raceDate=2006%2F09%2F27&k_raceNo=12&k_babaCode=21,data/cache/html/20060927_kawasaki_12.html
20060926_kawasaki_1,2006-09-26,kawasaki,1,https://www.keiba.go.jp/KeibaWeb/TodayRaceInfo/RaceMarkTable?k_raceDate=2006%2F09%2F26&k_raceNo=1&k_babaCode=21,data/cache/html/20060926_kawasaki_1.html
20060926_kawasaki_2,2006-09-26,kawasaki,2,https://www.keiba.go.jp/KeibaWeb/TodayRaceInfo/RaceMarkTable?k_raceDate=2006%2F09%2F26&k_raceNo=2&k_babaCode=21,data/cache/html/20060926_kawasaki_2.html
20060926_kawasaki_3,2006-09-26,kawasaki,3,https://www.keiba.go.jp/KeibaWeb/TodayRaceInfo/RaceMarkTable?k_raceDate=2006%2F09%2F26&k_raceNo=3&k_babaCode=21,data/cache/html/20060926_kawasaki_3.html
20060926_kawasaki_4,2006-09-26,kawasaki,4,https://www.keiba.go.jp/KeibaWeb/TodayRaceInfo/RaceMarkTable?k_raceDate=2006%2F09%2F26&k_raceNo=4&k_babaCode=21,data/cache/html/20060926_kawasaki_4.html
20060926_kawasaki_5,2006-09-26,kawasaki,5,https://www.keiba.go.jp/KeibaWeb/TodayRaceInfo/RaceMarkTable?k_raceDate=2006%2F09%2F26&k_raceNo=5&k_babaCode=21,data/cache/html/20060926_kawasaki_5.html
20060926_kawasaki_6,2006-09-26,kawasaki,6,https://www.keiba.go.jp/KeibaWeb/TodayRaceInfo/RaceMarkTable?k_raceDate=2006%2F09%2F26&k_raceNo=6&k_babaCode=21,data/cache/html/20060926_kawasaki_6.html
20060926_kawasaki_7,2006-09-26,kawasaki,7,https://www.keiba.go.jp/KeibaWeb/TodayRaceInfo/RaceMarkTable?k_raceDate=2006%2F09%2F26&k_raceNo=7&k_babaCode=21,data/cache/html/20060926_kawasaki_7.html
20060926_kawasaki_8,2006-09-26,kawasaki,8,https://www.keiba.go.jp/KeibaWeb/TodayRaceInfo/RaceMarkTable?k_raceDate=2006%2F09%2F26&k_raceNo=8&k_babaCode=21,data/cache/html/20060926_kawasaki_8.html
20060926_kawasaki_9,2006-09-26,kawasaki,9,https://www.keiba.go.jp/KeibaWeb/TodayRaceInfo/RaceMarkTable?k_raceDate=2006%2F09%2F26&k_raceNo=9&k_babaCode=21,data/cache/html/20060926_kawasaki_9.html
20060926_kawasaki_10,2006-09-26,kawasaki,10,https://www.keiba.go.jp/KeibaWeb/TodayRaceInfo/RaceMarkTable?k_raceDate=2006%2F09%2F26&k_raceNo=10&k_babaCode=21,data/cache/html/20060926_kawasaki_10.html
20060926_kawasaki_11,2006-09-26,kawasaki,11,https://www.keiba.go.jp/KeibaWeb/TodayRaceInfo/RaceMarkTable?k_raceDate=2006%2F09%2F26&k_raceNo=11&k_babaCode=21,data/cache/html/20060926_kawasaki_11.html
20060926_kawasaki_12,2006-09-26,kawasaki,12,https://www.keiba.go.jp/KeibaWeb/TodayRaceInfo/RaceMarkTable?k_raceDate=2006%2F09%2F26&k_raceNo=12&k_babaCode=21,data/cache/html/20060926_kawasaki_12.html
20060925_kawasaki_1,2006-09-25,kawasaki,1,https://www.keiba.go.jp/KeibaWeb/TodayRaceInfo/RaceMarkTable?k_raceDate=2006%2F09%2F25&k_raceNo=1&k_babaCode=21,data/cache/html/20060925_kawasaki_1.html
20060925_kawasaki_2,2006-09-25,kawasaki,2,https://www.keiba.go.jp/KeibaWeb/TodayRaceInfo/RaceMarkTable?k_raceDate=2006%2F09%2F25&k_raceNo=2&k_babaCode=21,data/cache/html/20060925_kawasaki_2.html
20060925_kawasaki_3,2006-09-25,kawasaki,3,https://www.keiba.go.jp/KeibaWeb/TodayRaceInfo/RaceMarkTable?k_raceDate=2006%2F09%2F25&k_raceNo=3&k_babaCode=21,data/cache/html/20060925_kawasaki_3.html
20060925_kawasaki_4,2006-09-25,kawasaki,4,https://www.keiba.go.jp/KeibaWeb/TodayRaceInfo/RaceMarkTable?k_raceDate=2006%2F09%2F25&k_raceNo=4&k_babaCode=21,data/cache/html/20060925_kawasaki_4.html
20060925_kawasaki_5,2006-09-25,kawasaki,5,https://www.keiba.go.jp/KeibaWeb/TodayRaceInfo/RaceMarkTable?k_raceDate=2006%2F09%2F25&k_raceNo=5&k_babaCode=21,data/cache/html/20060925_kawasaki_5.html
20060925_kawasaki_6,2006-09-25,kawasaki,6,https://www.keiba.go.jp/KeibaWeb/TodayRaceInfo/RaceMarkTable?k_raceDate=2006%2F09%2F25&k_raceNo=6&k_babaCode=21,data/cache/html/20060925_kawasaki_6.html
20060925_kawasaki_7,2006-09-25,kawasaki,7,https://www.keiba.go.jp/KeibaWeb/TodayRaceInfo/RaceMarkTable?k_raceDate=2006%2F09%2F25&k_raceNo=7&k_babaCode=21,data/cache/html/20060925_kawasaki_7.html
20060925_kawasaki_8,2006-09-25,kawasaki,8,https://www.keiba.go.jp/KeibaWeb/TodayRaceInfo/RaceMarkTable?k_raceDate=2006%2F09%2F25&k_raceNo=8&k_babaCode=21,data/cache/html/20060925_kawasaki_8.html
20060925_kawasaki_9,2006-09-25,kawasaki,9,https://www.keiba.go.jp/KeibaWeb/TodayRaceInfo/RaceMarkTable?k_raceDate=2006%2F09%2F25&k_raceNo=9&k_babaCode=21,data/cache/html/20060925_kawasaki_9.html
20060925_kawasaki_10,2006-09-25,kawasaki,10,https://www.keiba.go.jp/KeibaWeb/TodayRaceInfo/RaceMarkTable?k_raceDate=2006%2F09%2F25&k_raceNo=10&k_babaCode=21,data/cache/html/20060925_kawasaki_10.html
20060925_kawasaki_11,2006-09-25,kawasaki,11,https://www.keiba.go.jp/KeibaWeb/TodayRaceInfo/RaceMarkTable?k_raceDate=2006%2F09%2F25&k_raceNo=11&k_babaCode=21,data/cache/html/20060925_kawasaki_11.html
20060925_kawasaki_12,2006-09-25,kawasaki,12,https://www.keiba.go.jp/KeibaWeb/TodayRaceInfo/RaceMarkTable?k_raceDate=2006%2F09%2F25&k_raceNo=12&k_babaCode=21,data/cache/html/20060925_kawasaki_12.html
20060924_kawasaki_1,2006-09-24,kawasaki,1,https://www.keiba.go.jp/KeibaWeb/TodayRaceInfo/RaceMarkTable?k_raceDate=2006%2F09%2F24&k_raceNo=1&k_babaCode=21,data/cache/html/20060924_kawasaki_1.html
20060924_kawasaki_2,2006-09-24,kawasaki,2,https://www.keiba.go.jp/KeibaWeb/TodayRaceInfo/RaceMarkTable?k_raceDate=2006%2F09%2F24&k_raceNo=2&k_babaCode=21,data/cache/html/20060924_kawasaki_2.html
20060924_kawasaki_3,2006-09-24,kawasaki,3,https://www.keiba.go.jp/KeibaWeb/TodayRaceInfo/RaceMarkTable?k_raceDate=2006%2F09%2F24&k_raceNo=3&k_babaCode=21,data/cache/html/20060924_kawasaki_3.html
20060924_kawasaki_4,2006-09-24,kawasaki,4,https://www.keiba.go.jp/KeibaWeb/TodayRaceInfo/RaceMarkTable?k_raceDate=2006%2F09%2F24&k_raceNo=4&k_babaCode=21,data/cache/html/20060924_kawasaki_4.html
20060924_kawasaki_5,2006-09-24,kawasaki,5,https://www.keiba.go.jp/KeibaWeb/TodayRaceInfo/RaceMarkTable?k_raceDate=2006%2F09%2F24&k_raceNo=5&k_babaCode=21,data/cache/html/20060924_kawasaki_5.html
20060924_kawasaki_6,2006-09-24,kawasaki,6,https://www.keiba.go.jp/KeibaWeb/TodayRaceInfo/RaceMarkTable?k_raceDate=2006%2F09%2F24&k_raceNo=6&k_babaCode=21,data/cache/html/20060924_kawasaki_6.html
20060924_kawasaki_7,2006-09-24,kawasaki,7,https://www.keiba.go.jp/KeibaWeb/TodayRaceInfo/RaceMarkTable?k_raceDate=2006%2F09%2F24&k_raceNo=7&k_babaCode=21,data/cache/html/20060924_kawasaki_7.html
20060924_kawasaki_8,2006-09-24,kawasaki,8,https://www.keiba.go.jp/KeibaWeb/TodayRaceInfo/RaceMarkTable?k_raceDate=2006%2F09%2F24&k_raceNo=8&k_babaCode=21,data/cache/html/20060924_kawasaki_8.html
20060924_kawasaki_9,2006-09-24,kawasaki,9,https://www.keiba.go.jp/KeibaWeb/TodayRaceInfo/RaceMarkTable?k_raceDate=2006%2F09%2F24&k_raceNo=9&k_babaCode=21,data/cache/html/20060924_kawasaki_9.html
20060924_kawasaki_10,2006-09-24,kawasaki,10,https://www.keiba.go.jp/KeibaWeb/TodayRaceInfo/RaceMarkTable?k_raceDate=2006%2F09%2F24&k_raceNo=10&k_babaCode=21,data/cache/html/20060924_kawasaki_10.html
20060924_kawasaki_11,2006-09-24,kawasaki,11,https://www.keiba.go.jp/KeibaWeb/TodayRaceInfo/RaceMarkTable?k_raceDate=2006%2F09%2F24&k_raceNo=11&k_babaCode=21,data/cache/html/20060924_kawasaki_11.html
20060924_kawasaki_12,2006-09-24,kawasaki,12,https://www.keiba.go.jp/KeibaWeb/TodayRaceInfo/RaceMarkTable?k_raceDate=2006%2F09%2F24&k_raceNo=12&k_babaCode=21,data/cache/html/20060924_kawasaki_12.html
20060923_kawasaki_1,2006-09-23,kawasaki,1,https://www.keiba.go.jp/KeibaWeb/TodayRaceInfo/RaceMarkTable?k_raceDate=2006%2F09%2F23&k_raceNo=1&k_babaCode=21,data/cache/html/20060923_kawasaki_1.html
20060923_kawasaki_2,2006-09-23,kawasaki,2,https://www.keiba.go.jp/KeibaWeb/TodayRaceInfo/RaceMarkTable?k_raceDate=2006%2F09%2F23&k_raceNo=2&k_babaCode=21,data/cache/html/20060923_kawasaki_2.html
20060923_kawasaki_3,2006-09-23,kawasaki,3,https://www.keiba.go.jp/KeibaWeb/TodayRaceInfo/RaceMarkTable?k_raceDate=2006%2F09%2F23&k_raceNo=3&k_babaCode=21,data/cache/html/20060923_kawasaki_3.html
20060923_kawasaki_4,2006-09-23,kawasaki,4,https://www.keiba.go.jp/KeibaWeb/TodayRaceInfo/RaceMarkTable?k_raceDate=2006%2F09%2F23&k_raceNo=4&k_babaCode=21,data/cache/html/20060923_kawasaki_4.html
20060923_kawasaki_5,2006-09-23,kawasaki,5,https://www.keiba.go.jp/KeibaWeb/TodayRaceInfo/RaceMarkTable?k_raceDate=2006%2F09%2F23&k_raceNo=5&k_babaCode=21,data/cache/html/20060923_kawasaki_5.html
20060923_kawasaki_6,2006-09-23,kawasaki,6,https://www.keiba.go.jp/KeibaWeb/TodayRaceInfo/RaceMarkTable?k_raceDate=2006%2F09%2F23&k_raceNo=6&k_babaCode=21,data/cache/html/20060923_kawasaki_6.html
20060923_kawasaki_7,2006-09-23,kawasaki,7,https://www.keiba.go.jp/KeibaWeb/TodayRaceInfo/RaceMarkTable?k_raceDate=2006%2F09%2F23&k_raceNo=7&k_babaCode=21,data/cache/html/20060923_kawasaki_7.html
20060923_kawasaki_8,2006-09-23,kawasaki,8,https://www.keiba.go.jp/KeibaWeb/TodayRaceInfo/RaceMarkTable?k_raceDate=2006%2F09%2F23&k_raceNo=8&k_babaCode=21,data/cache/html/20060923_kawasaki_8.html
20060923_kawasaki_9,2006-09-23,kawasaki,9,https://www.keiba.go.jp/KeibaWeb/TodayRaceInfo/RaceMarkTable?k_raceDate=2006%2F09%2F23&k_raceNo=9&k_babaCode=21,data/cache/html/20060923_kawasaki_9.html
20060923_kawasaki_10,2006-09-23,kawasaki,10,https://www.keiba.go.jp/KeibaWeb/TodayRaceInfo/RaceMarkTable?k_raceDate=2006%2F09%2F23&k_raceNo=10&k_babaCode=21,data/cache/html/20060923_kawasaki_10.html
20060923_kawasaki_11,2006-09-23,kawasaki,11,https://www.keiba.go.jp/KeibaWeb/TodayRaceInfo/RaceMarkTable?k_raceDate=2006%2F09%2F23&k_raceNo=11&k_babaCode=21,data/cache/html/20060923_kawasaki_11.html
20060923_kawasaki_12,2006-09-23,kawasaki,12,https://www.keiba.go.jp/KeibaWeb/TodayRaceInfo/RaceMarkTable?k_raceDate=2006%2F09%2F23&k_raceNo=12&k_babaCode=21,data/cache/html/20060923_kawasaki_12.html
20060922_kawasaki_1,2006-09-22,kawasaki,1,https://www.keiba.go.jp/KeibaWeb/TodayRaceInfo/RaceMarkTable?k_raceDate=2006%2F09%2F22&k_raceNo=1&k_babaCode=21,data/cache/html/20060922_kawasaki_1.html
20060922_kawasaki_2,2006-09-22,kawasaki,2,https://www.keiba.go.jp/KeibaWeb/TodayRaceInfo/RaceMarkTable?k_raceDate=2006%2F09%2F22&k_raceNo=2&k_babaCode=21,data/cache/html/20060922_kawasaki_2.html
20060922_kawasaki_3,2006-09-22,kawasaki,3,https://www.keiba.go.jp/KeibaWeb/TodayRaceInfo/RaceMarkTable?k_raceDate=2006%2F09%2F22&k_raceNo=3&k_babaCode=21,data/cache/html/20060922_kawasaki_3.html
20060922_kawasaki_4,2006-09-22,kawasaki,4,https://www.keiba.go.jp/KeibaWeb/TodayRaceInfo/RaceMarkTable?k_raceDate=2006%2F09%2F22&k_raceNo=4&k_babaCode=21,data/cache/html/20060922_kawasaki_4.html
20060922_kawasaki_5,2006-09-22,kawasaki,5,https://www.keiba.go.jp/KeibaWeb/TodayRaceInfo/RaceMarkTable?k_raceDate=2006%2F09%2F22&k_raceNo=5&k_babaCode=21,data/cache/html/20060922_kawasaki_5.html
20060922_kawasaki_6,2006-09-22,kawasaki,6,https://www.keiba.go.jp/KeibaWeb/TodayRaceInfo/RaceMarkTable?k_raceDate=2006%2F09%2F22&k_raceNo=6&k_babaCode=21,data/cache/html/20060922_kawasaki_6.html
20060922_kawasaki_7,2006-09-22,kawasaki,7,https://www.keiba.go.jp/KeibaWeb/TodayRaceInfo/RaceMarkTable?k_raceDate=2006%2F09%2F22&k_raceNo=7&k_babaCode=21,data/cache/html/20060922_kawasaki_7.html
20060922_kawasaki_8,2006-09-22,kawasaki,8,https://www.keiba.go.jp/KeibaWeb/TodayRaceInfo/RaceMarkTable?k_raceDate=2006%2F09%2F22&k_raceNo=8&k_babaCode=21,data/cache/html/20060922_kawasaki_8.html
20060922_kawasaki_9,2006-09-22,kawasaki,9,https://www.keiba.go.jp/KeibaWeb/TodayRaceInfo/RaceMarkTable?k_raceDate=2006%2F09%2F22&k_raceNo=9&k_babaCode=21,data/cache/html/20060922_kawasaki_9.html
20060922_kawasaki_10,2006-09-22,kawasaki,10,https://www.keiba.go.jp/KeibaWeb/TodayRaceInfo/RaceMarkTable?k_raceDate=2006%2F09%2F22&k_raceNo=10&k_babaCode=21,data/cache/html/20060922_kawasaki_10.html
20060922_kawasaki_11,2006-09-22,kawasaki,11,https://www.keiba.go.jp/KeibaWeb/TodayRaceInfo/RaceMarkTable?k_raceDate=2006%2F09%2F22&k_raceNo=11&k_babaCode=21,data/cache/html/20060922_kawasaki_11.html
20060922_kawasaki_12,2006-09-22,kawasaki,12,https://www.keiba.go.jp/KeibaWeb/TodayRaceInfo/RaceMarkTable?k_raceDate=2006%2F09%2F22&k_raceNo=12&k_babaCode=21,data/cache/html/20060922_kawasaki_12.html
20060921_kawasaki_1,2006-09-21,kawasaki,1,https://www.keiba.go.jp/KeibaWeb/TodayRaceInfo/RaceMarkTable?k_raceDate=2006%2F09%2F21&k_raceNo=1&k_babaCode=21,data/cache/html/20060921_kawasaki_1.html
20060921_kawasaki_2,2006-09-21,kawasaki,2,https://www.keiba.go.jp/KeibaWeb/TodayRaceInfo/RaceMarkTable?k_raceDate=2006%2F09%2F21&k_raceNo=2&k_babaCode=21,data/cache/html/20060921_kawasaki_2.html
20060921_kawasaki_3,2006-09-21,kawasaki,3,https://www.keiba.go.jp/KeibaWeb/TodayRaceInfo/RaceMarkTable?k_raceDate=2006%2F09%2F21&k_raceNo=3&k_babaCode=21,data/cache/html/20060921_kawasaki_3.html
20060921_kawasaki_4,2006-09-21,kawasaki,4,https://www.keiba.go.jp/KeibaWeb/TodayRaceInfo/RaceMarkTable?k_raceDate=2006%2F09%2F21&k_raceNo=4&k_babaCode=21,data/cache/html/20060921_kawasaki_4.html
20060921_kawasaki_5,2006-09-21,kawasaki,5,https://www.keiba.go.jp/KeibaWeb/TodayRaceInfo/RaceMarkTable?k_raceDate=2006%2F09%2F21&k_raceNo=5&k_babaCode=21,data/cache/html/20060921_kawasaki_5.html
20060921_kawasaki_6,2006-09-21,kawasaki,6,https://www.keiba.go.jp/KeibaWeb/TodayRaceInfo/RaceMarkTable?k_raceDate=2006%2F09%2F21&k_raceNo=6&k_babaCode=21,data/cache/html/20060921_kawasaki_6.html
20060921_kawasaki_7,2006-09-21,kawasaki,7,https://www.keiba.go.jp/KeibaWeb/TodayRaceInfo/RaceMarkTable?k_raceDate=2006%2F09%2F21&k_raceNo=7&k_babaCode=21,data/cache/html/20060921_kawasaki_7.html
20060921_kawasaki_8,2006-09-21,kawasaki,8,https://www.keiba.go.jp/KeibaWeb/TodayRaceInfo/RaceMarkTable?k_raceDate=2006%2F09%2F21&k_raceNo=8&k_babaCode=21,data/cache/html/20060921_kawasaki_8.html
20060921_kawasaki_9,2006-09-21,kawasaki,9,https://www.keiba.go.jp/KeibaWeb/TodayRaceInfo/RaceMarkTable?k_raceDate=2006%2F09%2F21&k_raceNo=9&k_babaCode=21,data/cache/html/20060921_kawasaki_9.html
20060921_kawasaki_10,2006-09-21,kawasaki,10,https://www.keiba.go.jp/KeibaWeb/TodayRaceInfo/RaceMarkTable?k_raceDate=2006%2F09%2F21&k_raceNo=10&k_babaCode=21,data/cache/html/20060921_kawasaki_10.html
20060921_kawasaki_11,2006-09-21,kawasaki,11,https://www.keiba.go.jp/KeibaWeb/TodayRaceInfo/RaceMarkTable?k_raceDate=2006%2F09%2F21&k_raceNo=11&k_babaCode=21,data/cache/html/20060921_kawasaki_11.html
20060921_kawasaki_12,2006-09-21,kawasaki,12,https://www.keiba.go.jp/KeibaWeb/TodayRaceInfo/RaceMarkTable?k_raceDate=2006%2F09%2F21&k_raceNo=12&k_babaCode=21,data/cache/html/20060921_kawasaki_12.html
20060920_kawasaki_1,2006-09-20,kawasaki,1,https://www.keiba.go.jp/KeibaWeb/TodayRaceInfo/RaceMarkTable?k_raceDate=2006%2F09%2F20&k_raceNo=1&k_babaCode=21,data/cache/html/20060920_kawasaki_1.html
20060920_kawasaki_2,2006-09-20,kawasaki,2,https://www.keiba.go.jp/KeibaWeb/TodayRaceInfo/RaceMarkTable?k_raceDate=2006%2F09%2F20&k_raceNo=2&k_babaCode=21,data/cache/html/20060920_kawasaki_2.html
20060920_kawasaki_3,2006-09-20,kawasaki,3,https://www.keiba.go.jp/KeibaWeb/TodayRaceInfo/RaceMarkTable?k_raceDate=2006%2F09%2F20&k_raceNo=3&k_babaCode=21,data/cache/html/20060920_kawasaki_3.html
20060920_kawasaki_4,2006-09-20,kawasaki,4,https://www.keiba.go.jp/KeibaWeb/TodayRaceInfo/RaceMarkTable?k_raceDate=2006%2F09%2F20&k_raceNo=4&k_babaCode=21,data/cache/html/20060920_kawasaki_4.html
20060920_kawasaki_5,2006-09-20,kawasaki,5,https://www.keiba.go.jp/KeibaWeb/TodayRaceInfo/RaceMarkTable?k_raceDate=2006%2F09%2F20&k_raceNo=5&k_babaCode=21,data/cache/html/20060920_kawasaki_5.html
20060920_kawasaki_6,2006-09-20,kawasaki,6,https://www.keiba.go.jp/KeibaWeb/TodayRaceInfo/RaceMarkTable?k_raceDate=2006%2F09%2F20&k_raceNo=6&k_babaCode=21,data/cache/html/20060920_kawasaki_6.html
20060920_kawasaki_7,2006-09-20,kawasaki,7,https://www.keiba.go.jp/KeibaWeb/TodayRaceInfo/RaceMarkTable?k_raceDate=2006%2F09%2F20&k_raceNo=7&k_babaCode=21,data/cache/html/20060920_kawasaki_7.html
20060920_kawasaki_8,2006-09-20,kawasaki,8,https://www.keiba.go.jp/KeibaWeb/TodayRaceInfo/RaceMarkTable?k_raceDate=2006%2F09%2F20&k_raceNo=8&k_babaCode=21,data/cache/html/20060920_kawasaki_8.html
20060920_kawasaki_9,2006-09-20,kawasaki,9,https://www.keiba.go.jp/KeibaWeb/TodayRaceInfo/RaceMarkTable?k_raceDate=2006%2F09%2F20&k_raceNo=9&k_babaCode=21,data/cache/html/20060920_kawasaki_9.html
20060920_kawasaki_10,2006-09-20,kawasaki,10,https://www.keiba.go.jp/KeibaWeb/TodayRaceInfo/RaceMarkTable?k_raceDate=2006%2F09%2F20&k_raceNo=10&k_babaCode=21,data/cache/html/20060920_kawasaki_10.html
20060920_kawasaki_11,2006-09-20,kawasaki,11,https://www.keiba.go.jp/KeibaWeb/TodayRaceInfo/RaceMarkTable?k_raceDate=2006%2F09%2F20&k_raceNo=11&k_babaCode=21,data/cache/html/20060920_kawasaki_11.html
20060920_kawasaki_12,2006-09-20,kawasaki,12,https://www.keiba.go.jp/KeibaWeb/TodayRaceInfo/RaceMarkTable?k_raceDate=2006%2F09%2F20&k_raceNo=12&k_babaCode=21,data/cache/html/20060920_kawasaki_12.html
20060919_kawasaki_1,2006-09-19,kawasaki,1,https://www.keiba.go.jp/KeibaWeb/TodayRaceInfo/RaceMarkTable?k_raceDate=2006%2F09%2F19&k_raceNo=1&k_babaCode=21,data/cache/html/20060919_kawasaki_1.html
20060919_kawasaki_2,2006-09-19,kawasaki,2,https://www.keiba.go.jp/KeibaWeb/TodayRaceInfo/RaceMarkTable?k_raceDate=2006%2F09%2F19&k_raceNo=2&k_babaCode=21,data/cache/html/20060919_kawasaki_2.html
20060919_kawasaki_3,2006-09-19,kawasaki,3,https://www.keiba.go.jp/KeibaWeb/TodayRaceInfo/RaceMarkTable?k_raceDate=2006%2F09%2F19&k_raceNo=3&k_babaCode=21,data/cache/html/20060919_kawasaki_3.html
20060919_kawasaki_4,2006-09-19,kawasaki,4,https://www.keiba.go.jp/KeibaWeb/TodayRaceInfo/RaceMarkTable?k_raceDate=2006%2F09%2F19&k_raceNo=4&k_babaCode=21,data/cache/html/20060919_kawasaki_4.html
20060919_kawasaki_5,2006-09-19,kawasaki,5,https://www.keiba.go.jp/KeibaWeb/TodayRaceInfo/RaceMarkTable?k_raceDate=2006%2F09%2F19&k_raceNo=5&k_babaCode=21,data/cache/html/20060919_kawasaki_5.html
20060919_kawasaki_6,2006-09-19,kawasaki,6,https://www.keiba.go.jp/KeibaWeb/TodayRaceInfo/RaceMarkTable?k_raceDate=2006%2F09%2F19&k_raceNo=6&k_babaCode=21,data/cache/html/20060919_kawasaki_6.html
20060919_kawasaki_7,2006-09-19,kawasaki,7,https://www.keiba.go.jp/KeibaWeb/TodayRaceInfo/RaceMarkTable?k_raceDate=2006%2F09%2F19&k_raceNo=7&k_babaCode=21,data/cache/html/20060919_kawasaki_7.html
20060919_kawasaki_8,2006-09-19,kawasaki,8,https://www.keiba.go.jp/KeibaWeb/TodayRaceInfo/RaceMarkTable?k_raceDate=2006%2F09%2F19&k_raceNo=8&k_babaCode=21,data/cache/html/20060919_kawasaki_8.html
20060919_kawasaki_9,2006-09-19,kawasaki,9,https://www.keiba.go.jp/KeibaWeb/TodayRaceInfo/RaceMarkTable?k_raceDate=2006%2F09%2F19&k_raceNo=9&k_babaCode=21,data/cache/html/20060919_kawasaki_9.html
20060919_kawasaki_10,2006-09-19,kawasaki,10,https://www.keiba.go.jp/KeibaWeb/TodayRaceInfo/RaceMarkTable?k_raceDate=2006%2F09%2F19&k_raceNo=10&k_babaCode=21,data/cache/html/20060919_kawasaki_10.html
20060919_kawasaki_11,2006-09-19,kawasaki,11,https://www.keiba.go.jp/KeibaWeb/TodayRaceInfo/RaceMarkTable?k_raceDate=2006%2F09%2F19&k_raceNo=11&k_babaCode=21,data/cache/html/20060919_kawasaki_11.html
20060919_kawasaki_12,2006-09-19,kawasaki,12,https://www.keiba.go.jp/KeibaWeb/TodayRaceInfo/RaceMarkTable?k_raceDate=2006%2F09%2F19&k_raceNo=12&k_babaCode=21,data/cache/html/20060919_kawasaki_12.html
20060918_kawasaki_1,2006-09-18,kawasaki,1,https://www.keiba.go.jp/KeibaWeb/TodayRaceInfo/RaceMarkTable?k_raceDate=2006%2F09%2F18&k_raceNo=1&k_babaCode=21,data/cache/html/20060918_kawasaki_1.html
20060918_kawasaki_2,2006-09-18,kawasaki,2,https://www.keiba.go.jp/KeibaWeb/TodayRaceInfo/RaceMarkTable?k_raceDate=2006%2F09%2F18&k_raceNo=2&k_babaCode=21,data/cache/html/20060918_kawasaki_2.html
20060918_kawasaki_3,2006-09-18,kawasaki,3,https://www.keiba.go.jp/KeibaWeb/TodayRaceInfo/RaceMarkTable?k_raceDate=2006%2F09%2F18&k_raceNo=3&k_babaCode=21,data/cache/html/20060918_kawasaki_3.html
20060918_kawasaki_4,2006-09-18,kawasaki,4,https://www.keiba.go.jp/KeibaWeb/TodayRaceInfo/RaceMarkTable?k_raceDate=2006%2F09%2F18&k_raceNo=4&k_babaCode=21,data/cache/html/20060918_kawasaki_4.html
20060918_kawasaki_5,2006-09-18,kawasaki,5,https://www.keiba.go.jp/KeibaWeb/TodayRaceInfo/RaceMarkTable?k_raceDate=2006%2F09%2F18&k_raceNo=5&k_babaCode=21,data/cache/html/20060918_kawasaki_5.html
20060918_kawasaki_6,2006-09-18,kawasaki,6,https://www.keiba.go.jp/KeibaWeb/TodayRaceInfo/RaceMarkTable?k_raceDate=2006%2F09%2F18&k_raceNo=6&k_babaCode=21,data/cache/html/20060918_kawasaki_6.html
20060918_kawasaki_7,2006-09-18,kawasaki,7,https://www.keiba.go.jp/KeibaWeb/TodayRaceInfo/RaceMarkTable?k_raceDate=2006%2F09%2F18&k_raceNo=7&k_babaCode=21,data/cache/html/20060918_kawasaki_7.html
20060918_kawasaki_8,2006-09-18,kawasaki,8,https://www.keiba.go.jp/KeibaWeb/TodayRaceInfo/RaceMarkTable?k_raceDate=2006%2F09%2F18&k_raceNo=8&k_babaCode=21,data/cache/html/20060918_kawasaki_8.html
20060918_kawasaki_9,2006-09-18,kawasaki,9,https://www.keiba.go.jp/KeibaWeb/TodayRaceInfo/RaceMarkTable?k_raceDate=2006%2F09%2F18&k_raceNo=9&k_babaCode=21,data/cache/html/20060918_kawasaki_9.html
20060918_kawasaki_10,2006-09-18,kawasaki,10,https://www.keiba.go.jp/KeibaWeb/TodayRaceInfo/RaceMarkTable?k_raceDate=2006%2F09%2F18&k_raceNo=10&k_babaCode=21,data/cache/html/20060918_kawasaki_10.html
20060918_kawasaki_11,2006-09-18,kawasaki,11,https://www.keiba.go.jp/KeibaWeb/TodayRaceInfo/RaceMarkTable?k_raceDate=2006%2F09%2F18&k_raceNo=11&k_babaCode=21,data/cache/html/20060918_kawasaki_11.html
20060918_kawasaki_12,2006-09-18,kawasaki,12,https://www.keiba.go.jp/KeibaWeb/TodayRaceInfo/RaceMarkTable?k_raceDate=2006%2F09%2F18&k_raceNo=12&k_babaCode=21,data/cache/html/20060918_kawasaki_12.html
20060917_kawasaki_1,2006-09-17,kawasaki,1,https://www.keiba.go.jp/KeibaWeb/TodayRaceInfo/RaceMarkTable?k_raceDate=2006%2F09%2F17&k_raceNo=1&k_babaCode=21,data/cache/html/20060917_kawasaki_1.html
20060917_kawasaki_2,2006-09-17,kawasaki,2,https://www.keiba.go.jp/KeibaWeb/TodayRaceInfo/RaceMarkTable?k_raceDate=2006%2F09%2F17&k_raceNo=2&k_babaCode=21,data/cache/html/20060917_kawasaki_2.html
20060917_kawasaki_3,2006-09-17,kawasaki,3,https://www.keiba.go.jp/KeibaWeb/TodayRaceInfo/RaceMarkTable?k_raceDate=2006%2F09%2F17&k_raceNo=3&k_babaCode=21,data/cache/html/20060917_kawasaki_3.html
20060917_kawasaki_4,2006-09-17,kawasaki,4,https://www.keiba.go.jp/KeibaWeb/TodayRaceInfo/RaceMarkTable?k_raceDate=2006%2F09%2F17&k_raceNo=4&k_babaCode=21,data/cache/html/20060917_kawasaki_4.html
20060917_kawasaki_5,2006-09-17,kawasaki,5,https://www.keiba.go.jp/KeibaWeb/TodayRaceInfo/RaceMarkTable?k_raceDate=2006%2F09%2F17&k_raceNo=5&k_babaCode=21,data/cache/html/20060917_kawasaki_5.html
20060917_kawasaki_6,2006-09-17,kawasaki,6,https://www.keiba.go.jp/KeibaWeb/TodayRaceInfo/RaceMarkTable?k_raceDate=2006%2F09%2F17&k_raceNo=6&k_babaCode=21,data/cache/html/20060917_kawasaki_6.html
20060917_kawasaki_7,2006-09-17,kawasaki,7,https://www.keiba.go.jp/KeibaWeb/TodayRaceInfo/RaceMarkTable?k_raceDate=2006%2F09%2F17&k_raceNo=7&k_babaCode=21,data/cache/html/20060917_kawasaki_7.html
20060917_kawasaki_8,2006-09-17,kawasaki,8,https://www.keiba.go.jp/KeibaWeb/TodayRaceInfo/RaceMarkTable?k_raceDate=2006%2F09%2F17&k_raceNo=8&k_babaCode=21,data/cache/html/20060917_kawasaki_8.html
20060917_kawasaki_9,2006-09-17,kawasaki,9,https://www.keiba.go.jp/KeibaWeb/TodayRaceInfo/RaceMarkTable?k_raceDate=2006%2F09%2F17&k_raceNo=9&k_babaCode=21,data/cache/html/20060917_kawasaki_9.html
20060917_kawasaki_10,2006-09-17,kawasaki,10,https://www.keiba.go.jp/KeibaWeb/TodayRaceInfo/RaceMarkTable?k_raceDate=2006%2F09%2F17&k_raceNo=10&k_babaCode=21,data/cache/html/20060917_kawasaki_10.html
20060917_kawasaki_11,2006-09-17,kawasaki,11,https://www.keiba.go.jp/KeibaWeb/TodayRaceInfo/RaceMarkTable?k_raceDate=2006%2F09%2F17&k_raceNo=11&k_babaCode=21,data/cache/html/20060917_kawasaki_11.html
20060917_kawasaki_12,2006-09-17,kawasaki,12,https://www.keiba.go.jp/KeibaWeb/TodayRaceInfo/RaceMarkTable?k_raceDate=2006%2F09%2F17&k_raceNo=12&k_babaCode=21,data/cache/html/20060917_kawasaki_12.html
20060916_kawasaki_1,2006-09-16,kawasaki,1,https://www.keiba.go.jp/KeibaWeb/TodayRaceInfo/RaceMarkTable?k_raceDate=2006%2F09%2F16&k_raceNo=1&k_babaCode=21,data/cache/html/20060916_kawasaki_1.html
20060916_kawasaki_2,2006-09-16,kawasaki,2,https://www.keiba.go.jp/KeibaWeb/TodayRaceInfo/RaceMarkTable?k_raceDate=2006%2F09%2F16&k_raceNo=2&k_babaCode=21,data/cache/html/20060916_kawasaki_2.html
20060916_kawasaki_3,2006-09-16,kawasaki,3,https://www.keiba.go.jp/KeibaWeb/TodayRaceInfo/RaceMarkTable?k_raceDate=2006%2F09%2F16&k_raceNo=3&k_babaCode=21,data/cache/html/20060916_kawasaki_3.html
20060916_kawasaki_4,2006-09-16,kawasaki,4,https://www.keiba.go.jp/KeibaWeb/TodayRaceInfo/RaceMarkTable?k_raceDate=2006%2F09%2F16&k_raceNo=4&k_babaCode=21,data/cache/html/20060916_kawasaki_4.html
20060916_kawasaki_5,2006-09-16,kawasaki,5,https://www.keiba.go.jp/KeibaWeb/TodayRaceInfo/RaceMarkTable?k_raceDate=2006%2F09%2F16&k_raceNo=5&k_babaCode=21,data/cache/html/20060916_kawasaki_5.html
20060916_kawasaki_6,2006-09-16,kawasaki,6,https://www.keiba.go.jp/KeibaWeb/TodayRaceInfo/RaceMarkTable?k_raceDate=2006%2F09%2F16&k_raceNo=6&k_babaCode=21,data/cache/html/20060916_kawasaki_6.html
20060916_kawasaki_7,2006-09-16,kawasaki,7,https://www.keiba.go.jp/KeibaWeb/TodayRaceInfo/RaceMarkTable?k_raceDate=2006%2F09%2F16&k_raceNo=7&k_babaCode=21,data/cache/html/20060916_kawasaki_7.html
20060916_kawasaki_8,2006-09-16,kawasaki,8,https://www.keiba.go.jp/KeibaWeb/TodayRaceInfo/RaceMarkTable?k_raceDate=2006%2F09%2F16&k_raceNo=8&k_babaCode=21,data/cache/html/20060916_kawasaki_8.html
20060916_kawasaki_9,2006-09-16,kawasaki,9,https://www.keiba.go.jp/KeibaWeb/TodayRaceInfo/RaceMarkTable?k_raceDate=2006%2F09%2F16&k_raceNo=9&k_babaCode=21,data/cache/html/20060916_kawasaki_9.html
20060916_kawasaki_10,2006-09-16,kawasaki,10,https://www.keiba.go.jp/KeibaWeb/TodayRaceInfo/RaceMarkTable?k_raceDate=2006%2F09%2F16&k_raceNo=10&k_babaCode=21,data/cache/html/20060916_kawasaki_10.html
20060916_kawasaki_11,2006-09-16,kawasaki,11,https://www.keiba.go.jp/KeibaWeb/TodayRaceInfo/RaceMarkTable?k_raceDate=2006%2F09%2F16&k_raceNo=11&k_babaCode=21,data/cache/html/20060916_kawasaki_11.html
20060916_kawasaki_12,2006-09-16,kawasaki,12,https://www.keiba.go.jp/KeibaWeb/TodayRaceInfo/RaceMarkTable?k_raceDate=2006%2F09%2F16&k_raceNo=12&k_babaCode=21,data/cache/html/20060916_kawasaki_12.html
20060915_kawasaki_1,2006-09-15,kawasaki,1,https://www.keiba.go.jp/KeibaWeb/TodayRaceInfo/RaceMarkTable?k_raceDate=2006%2F09%2F15&k_raceNo=1&k_babaCode=21,data/cache/html/20060915_kawasaki_1.html
20060915_kawasaki_2,2006-09-15,kawasaki,2,https://www.keiba.go.jp/KeibaWeb/TodayRaceInfo/RaceMarkTable?k_raceDate=2006%2F09%2F15&k_raceNo=2&k_babaCode=21,data/cache/html/20060915_kawasaki_2.html
20060915_kawasaki_3,2006-09-15,kawasaki,3,https://www.keiba.go.jp/KeibaWeb/TodayRaceInfo/RaceMarkTable?k_raceDate=2006%2F09%2F15&k_raceNo=3&k_babaCode=21,data/cache/html/20060915_kawasaki_3.html
20060915_kawasaki_4,2006-09-15,kawasaki,4,https://www.keiba.go.jp/KeibaWeb/TodayRaceInfo/RaceMarkTable?k_raceDate=2006%2F09%2F15&k_raceNo=4&k_babaCode=21,data/cache/html/20060915_kawasaki_4.html
20060915_kawasaki_5,2006-09-15,kawasaki,5,https://www.keiba.go.jp/KeibaWeb/TodayRaceInfo/RaceMarkTable?k_raceDate=2006%2F09%2F15&k_raceNo=5&k_babaCode=21,data/cache/html/20060915_kawasaki_5.html
20060915_kawasaki_6,2006-09-15,kawasaki,6,https://www.keiba.go.jp/KeibaWeb/TodayRaceInfo/RaceMarkTable?k_raceDate=2006%2F09%2F15&k_raceNo=6&k_babaCode=21,data/cache/html/20060915_kawasaki_6.html
20060915_kawasaki_7,2006-09-15,kawasaki,7,https://www.keiba.go.jp/KeibaWeb/TodayRaceInfo/RaceMarkTable?k_raceDate=2006%2F09%2F15&k_raceNo=7&k_babaCode=21,data/cache/html/20060915_kawasaki_7.html
20060915_kawasaki_8,2006-09-15,kawasaki,8,https://www.keiba.go.jp/KeibaWeb/TodayRaceInfo/RaceMarkTable?k_raceDate=2006%2F09%2F15&k_raceNo=8&k_babaCode=21,data/cache/html/20060915_kawasaki_8.html
20060915_kawasaki_9,2006-09-15,kawasaki,9,https://www.keiba.go.jp/KeibaWeb/TodayRaceInfo/RaceMarkTable?k_raceDate=2006%2F09%2F15&k_raceNo=9&k_babaCode=21,data/cache/html/20060915_kawasaki_9.html
20060915_kawasaki_10,2006-09-15,kawasaki,10,https://www.keiba.go.jp/KeibaWeb/TodayRaceInfo/RaceMarkTable?k_raceDate=2006%2F09%2F15&k_raceNo=10&k_babaCode=21,data/cache/html/20060915_kawasaki_10.html
20060915_kawasaki_11,2006-09-15,kawasaki,11,https://www.keiba.go.jp/KeibaWeb/TodayRaceInfo/RaceMarkTable?k_raceDate=2006%2F09%2F15&k_raceNo=11&k_babaCode=21,data/cache/html/20060915_kawasaki_11.html
20060915_kawasaki_12,2006-09-15,kawasaki,12,https://www.keiba.go.jp/KeibaWeb/TodayRaceInfo/RaceMarkTable?k_raceDate=2006%2F09%2F15&k_raceNo=12&k_babaCode=21,data/cache/html/20060915_kawasaki_12.html
20060914_kawasaki_1,2006-09-14,kawasaki,1,https://www.keiba.go.jp/KeibaWeb/TodayRaceInfo/RaceMarkTable?k_raceDate=2006%2F09%2F14&k_raceNo=1&k_babaCode=21,data/cache/html/20060914_kawasaki_1.html
20060914_kawasaki_2,2006-09-14,kawasaki,2,https://www.keiba.go.jp/KeibaWeb/TodayRaceInfo/RaceMarkTable?k_raceDate=2006%2F09%2F14&k_raceNo=2&k_babaCode=21,data/cache/html/20060914_kawasaki_2.html
20060914_kawasaki_3,2006-09-14,kawasaki,3,https://www.keiba.go.jp/KeibaWeb/TodayRaceInfo/RaceMarkTable?k_raceDate=2006%2F09%2F14&k_raceNo=3&k_babaCode=21,data/cache/html/20060914_kawasaki_3.html
20060914_kawasaki_4,2006-09-14,kawasaki,4,https://www.keiba.go.jp/KeibaWeb/TodayRaceInfo/RaceMarkTable?k_raceDate=2006%2F09%2F14&k_raceNo=4&k_babaCode=21,data/cache/html/20060914_kawasaki_4.html
20060914_kawasaki_5,2006-09-14,kawasaki,5,https://www.keiba.go.jp/KeibaWeb/TodayRaceInfo/RaceMarkTable?k_raceDate=2006%2F09%2F14&k_raceNo=5&k_babaCode=21,data/cache/html/20060914_kawasaki_5.html
20060914_kawasaki_6,2006-09-14,kawasaki,6,https://www.keiba.go.jp/KeibaWeb/TodayRaceInfo/RaceMarkTable?k_raceDate=2006%2F09%2F14&k_raceNo=6&k_babaCode=21,data/cache/html/20060914_kawasaki_6.html
20060914_kawasaki_7,2006-09-14,kawasaki,7,https://www.keiba.go.jp/KeibaWeb/TodayRaceInfo/RaceMarkTable?k_raceDate=2006%2F09%2F14&k_raceNo=7&k_babaCode=21,data/cache/html/20060914_kawasaki_7.html
20060914_kawasaki_8,2006-09-14,kawasaki,8,https://www.keiba.go.jp/KeibaWeb/TodayRaceInfo/RaceMarkTable?k_raceDate=2006%2F09%2F14&k_raceNo=8&k_babaCode=21,data/cache/html/20060914_kawasaki_8.html
20060914_kawasaki_9,2006-09-14,kawasaki,9,https://www.keiba.go.jp/KeibaWeb/TodayRaceInfo/RaceMarkTable?k_raceDate=2006%2F09%2F14&k_raceNo=9&k_babaCode=21,data/cache/html/20060914_kawasaki_9.html
20060914_kawasaki_10,2006-09-14,kawasaki,10,https://www.keiba.go.jp/KeibaWeb/TodayRaceInfo/RaceMarkTable?k_raceDate=2006%2F09%2F14&k_raceNo=10&k_babaCode=21,data/cache/html/20060914_kawasaki_10.html
20060914_kawasaki_11,2006-09-14,kawasaki,11,https://www.keiba.go.jp/KeibaWeb/TodayRaceInfo/RaceMarkTable?k_raceDate=2006%2F09%2F14&k_raceNo=11&k_babaCode=21,data/cache/html/20060914_kawasaki_11.html
20060914_kawasaki_12,2006-09-14,kawasaki,12,https://www.keiba.go.jp/KeibaWeb/TodayRaceInfo/RaceMarkTable?k_raceDate=2006%2F09%2F14&k_raceNo=12&k_babaCode=21,data/cache/html/20060914_kawasaki_12.html
20060913_kawasaki_1,2006-09-13,kawasaki,1,https://www.keiba.go.jp/KeibaWeb/TodayRaceInfo/RaceMarkTable?k_raceDate=2006%2F09%2F13&k_raceNo=1&k_babaCode=21,data/cache/html/20060913_kawasaki_1.html
20060913_kawasaki_2,2006-09-13,kawasaki,2,https://www.keiba.go.jp/KeibaWeb/TodayRaceInfo/RaceMarkTable?k_raceDate=2006%2F09%2F13&k_raceNo=2&k_babaCode=21,data/cache/html/20060913_kawasaki_2.html
20060913_kawasaki_3,2006-09-13,kawasaki,3,https://www.keiba.go.jp/KeibaWeb/TodayRaceInfo/RaceMarkTable?k_raceDate=2006%2F09%2F13&k_raceNo=3&k_babaCode=21,data/cache/html/20060913_kawasaki_3.html
20060913_kawasaki_4,2006-09-13,kawasaki,4,https://www.keiba.go.jp/KeibaWeb/TodayRaceInfo/RaceMarkTable?k_raceDate=2006%2F09%2F13&k_raceNo=4&k_babaCode=21,data/cache/html/20060913_kawasaki_4.html
20060913_kawasaki_5,2006-09-13,kawasaki,5,https://www.keiba.go.jp/KeibaWeb/TodayRaceInfo/RaceMarkTable?k_raceDate=2006%2F09%2F13&k_raceNo=5&k_babaCode=21,data/cache/html/20060913_kawasaki_5.html
20060913_kawasaki_6,2006-09-13,kawasaki,6,https://www.keiba.go.jp/KeibaWeb/TodayRaceInfo/RaceMarkTable?k_raceDate=2006%2F09%2F13&k_raceNo=6&k_babaCode=21,data/cache/html/20060913_kawasaki_6.html
20060913_kawasaki_7,2006-09-13,kawasaki,7,https://www.keiba.go.jp/KeibaWeb/TodayRaceInfo/RaceMarkTable?k_raceDate=2006%2F09%2F13&k_raceNo=7&k_babaCode=21,data/cache/html/20060913_kawasaki_7.html
20060913_kawasaki_8,2006-09-13,kawasaki,8,https://www.keiba.go.jp/KeibaWeb/TodayRaceInfo/RaceMarkTable?k_raceDate=2006%2F09%2F13&k_raceNo=8&k_babaCode=21,data/cache/html/20060913_kawasaki_8.html
20060913_kawasaki_9,2006-09-13,kawasaki,9,https://www.keiba.go.jp/KeibaWeb/TodayRaceInfo/RaceMarkTable?k_raceDate=2006%2F09%2F13&k_raceNo=9&k_babaCode=21,data/cache/html/20060913_kawasaki_9.html
20060913_kawasaki_10,2006-09-13,kawasaki,10,https://www.keiba.go.jp/KeibaWeb/TodayRaceInfo/RaceMarkTable?k_raceDate=2006%2F09%2F13&k_raceNo=10&k_babaCode=21,data/cache/html/20060913_kawasaki_10.html
20060913_kawasaki_11,2006-09-13,kawasaki,11,https://www.keiba.go.jp/KeibaWeb/TodayRaceInfo/RaceMarkTable?k_raceDate=2006%2F09%2F13&k_raceNo=11&k_babaCode=21,data/cache/html/20060913_kawasaki_11.html
20060913_kawasaki_12,2006-09-13,kawasaki,12,https://www.keiba.go.jp/KeibaWeb/TodayRaceInfo/RaceMarkTable?k_raceDate=2006%2F09%2F13&k_raceNo=12&k_babaCode=21,data/cache/html/20060913_kawasaki_12.html
20060912_kawasaki_1,2006-09-12,kawasaki,1,https://www.keiba.go.jp/KeibaWeb/TodayRaceInfo/RaceMarkTable?k_raceDate=2006%2F09%2F12&k_raceNo=1&k_babaCode=21,data/cache/html/20060912_kawasaki_1.html
20060912_kawasaki_2,2006-09-12,kawasaki,2,https://www.keiba.go.jp/KeibaWeb/TodayRaceInfo/RaceMarkTable?k_raceDate=2006%2F09%2F12&k_raceNo=2&k_babaCode=21,data/cache/html/20060912_kawasaki_2.html
20060912_kawasaki_3,2006-09-12,kawasaki,3,https://www.keiba.go.jp/KeibaWeb/TodayRaceInfo/RaceMarkTable?k_raceDate=2006%2F09%2F12&k_raceNo=3&k_babaCode=21,data/cache/html/20060912_kawasaki_3.html
20060912_kawasaki_4,2006-09-12,kawasaki,4,https://www.keiba.go.jp/KeibaWeb/TodayRaceInfo/RaceMarkTable?k_raceDate=2006%2F09%2F12&k_raceNo=4&k_babaCode=21,data/cache/html/20060912_kawasaki_4.html
20060912_kawasaki_5,2006-09-12,kawasaki,5,https://www.keiba.go.jp/KeibaWeb/TodayRaceInfo/RaceMarkTable?k_raceDate=2006%2F09%2F12&k_raceNo=5&k_babaCode=21,data/cache/html/20060912_kawasaki_5.html
20060912_kawasaki_6,2006-09-12,kawasaki,6,https://www.keiba.go.jp/KeibaWeb/TodayRaceInfo/RaceMarkTable?k_raceDate=2006%2F09%2F12&k_raceNo=6&k_babaCode=21,data/cache/html/20060912_kawasaki_6.html
20060912_kawasaki_7,2006-09-12,kawasaki,7,https://www.keiba.go.jp/KeibaWeb/TodayRaceInfo/RaceMarkTable?k_raceDate=2006%2F09%2F12&k_raceNo=7&k_babaCode=21,data/cache/html/20060912_kawasaki_7.html
20060912_kawasaki_8,2006-09-12,kawasaki,8,https://www.keiba.go.jp/KeibaWeb/TodayRaceInfo/RaceMarkTable?k_raceDate=2006%2F09%2F12&k_raceNo=8&k_babaCode=21,data/cache/html/20060912_kawasaki_8.html
20060912_kawasaki_9,2006-09-12,kawasaki,9,https://www.keiba.go.jp/KeibaWeb/TodayRaceInfo/RaceMarkTable?k_raceDate=2006%2F09%2F12&k_raceNo=9&k_babaCode=21,data/cache/html/20060912_kawasaki_9.html
20060912_kawasaki_10,2006-09-12,kawasaki,10,https://www.keiba.go.jp/KeibaWeb/TodayRaceInfo/RaceMarkTable?k_raceDate=2006%2F09%2F12&k_raceNo=10&k_babaCode=21,data/cache/html/20060912_kawasaki_10.html
20060912_kawasaki_11,2006-09-12,kawasaki,11,https://www.keiba.go.jp/KeibaWeb/TodayRaceInfo/RaceMarkTable?k_raceDate=2006%2F09%2F12&k_raceNo=11&k_babaCode=21,data/cache/html/20060912_kawasaki_11.html
20060912_kawasaki_12,2006-09-12,kawasaki,12,https://www.keiba.go.jp/KeibaWeb/TodayRaceInfo/RaceMarkTable?k_raceDate=2006%2F09%2F12&k_raceNo=12&k_babaCode=21,data/cache/html/20060912_kawasaki_12.html
