race_id,date,track,race_no,official_url,cache_html_path
20180604_kawasaki_1,2018-06-04,kawasaki,1,https://www.keiba.go.jp/KeibaWeb/TodayRaceInfo/RaceMarkTable?k_raceDate=2018%2F06%2F04&k_raceNo=1&k_babaCode=21,data/cache/html/20180604_kawasaki_1.html
20180604_kawasaki_2,2018-06-04,kawasaki,2,https://www.keiba.go.jp/KeibaWeb/TodayRaceInfo/RaceMarkTable?k_raceDate=2018%2F06%2F04&k_raceNo=2&k_babaCode=21,data/cache/html/20180604_kawasaki_2.html
20180604_kawasaki_3,2018-06-04,kawasaki,3,https://www.keiba.go.jp/KeibaWeb/TodayRaceInfo/RaceMarkTable?k_raceDate=2018%2F06%2F04&k_raceNo=3&k_babaCode=21,data/cache/html/20180604_kawasaki_3.html
20180604_kawasaki_4,2018-06-04,kawasaki,4,https://www.keiba.go.jp/KeibaWeb/TodayRaceInfo/RaceMarkTable?k_raceDate=2018%2F06%2F04&k_raceNo=4&k_babaCode=21,data/cache/html/20180604_kawasaki_4.html
20180604_kawasaki_5,2018-06-04,kawasaki,5,https://www.keiba.go.jp/KeibaWeb/TodayRaceInfo/RaceMarkTable?k_raceDate=2018%2F06%2F04&k_raceNo=5&k_babaCode=21,data/cache/html/20180604_kawasaki_5.html
20180604_kawasaki_6,2018-06-04,kawasaki,6,https://www.keiba.go.jp/KeibaWeb/TodayRaceInfo/RaceMarkTable?k_raceDate=2018%2F06%2F04&k_raceNo=6&k_babaCode=21,data/cache/html/20180604_kawasaki_6.html
20180604_kawasaki_7,2018-06-04,kawasaki,7,https://www.keiba.go.jp/KeibaWeb/TodayRaceInfo/RaceMarkTable?k_raceDate=2018%2F06%2F04&k_raceNo=7&k_babaCode=21,data/cache/html/20180604_kawasaki_7.html
20180604_kawasaki_8,2018-06-04,kawasaki,8,https://www.keiba.go.jp/KeibaWeb/TodayRaceInfo/RaceMarkTable?k_raceDate=2018%2F06%2F04&k_raceNo=8&k_babaCode=21,data/cache/html/20180604_kawasaki_8.html
20180604_kawasaki_9,2018-06-04,kawasaki,9,https://www.keiba.go.jp/KeibaWeb/TodayRaceInfo/RaceMarkTable?k_raceDate=2018%2F06%2F04&k_raceNo=9&k_babaCode=21,data/cache/html/20180604_kawasaki_9.html
20180604_kawasaki_10,2018-06-04,kawasaki,10,https://www.keiba.go.jp/KeibaWeb/TodayRaceInfo/RaceMarkTable?k_raceDate=2018%2F06%2F04&k_raceNo=10&k_babaCode=21,data/cache/html/20180604_kawasaki_10.html
20180604_kawasaki_11,2018-06-04,kawasaki,11,https://www.keiba.go.jp/KeibaWeb/TodayRaceInfo/RaceMarkTable?k_raceDate=2018%2F06%2F04&k_raceNo=11&k_babaCode=21,data/cache/html/20180604_kawasaki_11.html
20180604_kawasaki_12,2018-06-04,kawasaki,12,https://www.keiba.go.jp/KeibaWeb/TodayRaceInfo/RaceMarkTable?k_raceDate=2018%2F06%2F04&k_raceNo=12&k_babaCode=21,data/cache/html/20180604_kawasaki_12.html
20180603_kawasaki_1,2018-06-03,kawasaki,1,https://www.keiba.go.jp/KeibaWeb/TodayRaceInfo/RaceMarkTable?k_raceDate=2018%2F06%2F03&k_raceNo=1&k_babaCode=21,data/cache/html/20180603_kawasaki_1.html
20180603_kawasaki_2,2018-06-03,kawasaki,2,https://www.keiba.go.jp/KeibaWeb/TodayRaceInfo/RaceMarkTable?k_raceDate=2018%2F06%2F03&k_raceNo=2&k_babaCode=21,data/cache/html/20180603_kawasaki_2.html
20180603_kawasaki_3,2018-06-03,kawasaki,3,https://www.keiba.go.jp/KeibaWeb/TodayRaceInfo/RaceMarkTable?k_raceDate=2018%2F06%2F03&k_raceNo=3&k_babaCode=21,data/cache/html/20180603_kawasaki_3.html
20180603_kawasaki_4,2018-06-03,kawasaki,4,https://www.keiba.go.jp/KeibaWeb/TodayRaceInfo/RaceMarkTable?k_raceDate=2018%2F06%2F03&k_raceNo=4&k_babaCode=21,data/cache/html/20180603_kawasaki_4.html
20180603_kawasaki_5,2018-06-03,kawasaki,5,https://www.keiba.go.jp/KeibaWeb/TodayRaceInfo/RaceMarkTable?k_raceDate=2018%2F06%2F03&k_raceNo=5&k_babaCode=21,data/cache/html/20180603_kawasaki_5.html
20180603_kawasaki_6,2018-06-03,kawasaki,6,https://www.keiba.go.jp/KeibaWeb/TodayRaceInfo/RaceMarkTable?k_raceDate=2018%2F06%2F03&k_raceNo=6&k_babaCode=21,data/cache/html/20180603_kawasaki_6.html
20180603_kawasaki_7,2018-06-03,kawasaki,7,https://www.keiba.go.jp/KeibaWeb/TodayRaceInfo/RaceMarkTable?k_raceDate=2018%2F06%2F03&k_raceNo=7&k_babaCode=21,data/cache/html/20180603_kawasaki_7.html
20180603_kawasaki_8,2018-06-03,kawasaki,8,https://www.keiba.go.jp/KeibaWeb/TodayRaceInfo/RaceMarkTable?k_raceDate=2018%2F06%2F03&k_raceNo=8&k_babaCode=21,data/cache/html/20180603_kawasaki_8.html
20180603_kawasaki_9,2018-06-03,kawasaki,9,https://www.keiba.go.jp/KeibaWeb/TodayRaceInfo/RaceMarkTable?k_raceDate=2018%2F06%2F03&k_raceNo=9&k_babaCode=21,data/cache/html/20180603_kawasaki_9.html
20180603_kawasaki_10,2018-06-03,kawasaki,10,https://www.keiba.go.jp/KeibaWeb/TodayRaceInfo/RaceMarkTable?k_raceDate=2018%2F06%2F03&k_raceNo=10&k_babaCode=21,data/cache/html/20180603_kawasaki_10.html
20180603_kawasaki_11,2018-06-03,kawasaki,11,https://www.keiba.go.jp/KeibaWeb/TodayRaceInfo/RaceMarkTable?k_raceDate=2018%2F06%2F03&k_raceNo=11&k_babaCode=21,data/cache/html/20180603_kawasaki_11.html
20180603_kawasaki_12,2018-06-03,kawasaki,12,https://www.keiba.go.jp/KeibaWeb/TodayRaceInfo/RaceMarkTable?k_raceDate=2018%2F06%2F03&k_raceNo=12&k_babaCode=21,data/cache/html/20180603_kawasaki_12.html
20180602_kawasaki_1,2018-06-02,kawasaki,1,https://www.keiba.go.jp/KeibaWeb/TodayRaceInfo/RaceMarkTable?k_raceDate=2018%2F06%2F02&k_raceNo=1&k_babaCode=21,data/cache/html/20180602_kawasaki_1.html
20180602_kawasaki_2,2018-06-02,kawasaki,2,https://www.keiba.go.jp/KeibaWeb/TodayRaceInfo/RaceMarkTable?k_raceDate=2018%2F06%2F02&k_raceNo=2&k_babaCode=21,data/cache/html/20180602_kawasaki_2.html
20180602_kawasaki_3,2018-06-02,kawasaki,3,https://www.keiba.go.jp/KeibaWeb/TodayRaceInfo/RaceMarkTable?k_raceDate=2018%2F06%2F02&k_raceNo=3&k_babaCode=21,data/cache/html/20180602_kawasaki_3.html
20180602_kawasaki_4,2018-06-02,kawasaki,4,https://www.keiba.go.jp/KeibaWeb/TodayRaceInfo/RaceMarkTable?k_raceDate=2018%2F06%2F02&k_raceNo=4&k_babaCode=21,data/cache/html/20180602_kawasaki_4.html
20180602_kawasaki_5,2018-06-02,kawasaki,5,https://www.keiba.go.jp/KeibaWeb/TodayRaceInfo/RaceMarkTable?k_raceDate=2018%2F06%2F02&k_raceNo=5&k_babaCode=21,data/cache/html/20180602_kawasaki_5.html
20180602_kawasaki_6,2018-06-02,kawasaki,6,https://www.keiba.go.jp/KeibaWeb/TodayRaceInfo/RaceMarkTable?k_raceDate=2018%2F06%2F02&k_raceNo=6&k_babaCode=21,data/cache/html/20180602_kawasaki_6.html
20180602_kawasaki_7,2018-06-02,kawasaki,7,https://www.keiba.go.jp/KeibaWeb/TodayRaceInfo/RaceMarkTable?k_raceDate=2018%2F06%2F02&k_raceNo=7&k_babaCode=21,data/cache/html/20180602_kawasaki_7.html
20180602_kawasaki_8,2018-06-02,kawasaki,8,https://www.keiba.go.jp/KeibaWeb/TodayRaceInfo/RaceMarkTable?k_raceDate=2018%2F06%2F02&k_raceNo=8&k_babaCode=21,data/cache/html/20180602_kawasaki_8.html
20180602_kawasaki_9,2018-06-02,kawasaki,9,https://www.keiba.go.jp/KeibaWeb/TodayRaceInfo/RaceMarkTable?k_raceDate=2018%2F06%2F02&k_raceNo=9&k_babaCode=21,data/cache/html/20180602_kawasaki_9.html
20180602_kawasaki_10,2018-06-02,kawasaki,10,https://www.keiba.go.jp/KeibaWeb/TodayRaceInfo/RaceMarkTable?k_raceDate=2018%2F06%2F02&k_raceNo=10&k_babaCode=21,data/cache/html/20180602_kawasaki_10.html
20180602_kawasaki_11,2018-06-02,kawasaki,11,https://www.keiba.go.jp/KeibaWeb/TodayRaceInfo/RaceMarkTable?k_raceDate=2018%2F06%2F02&k_raceNo=11&k_babaCode=21,data/cache/html/20180602_kawasaki_11.html
20180602_kawasaki_12,2018-06-02,kawasaki,12,https://www.keiba.go.jp/KeibaWeb/TodayRaceInfo/RaceMarkTable?k_raceDate=2018%2F06%2F02&k_raceNo=12&k_babaCode=21,data/cache/html/20180602_kawasaki_12.html
20180601_kawasaki_1,2018-06-01,kawasaki,1,https://www.keiba.go.jp/KeibaWeb/TodayRaceInfo/RaceMarkTable?k_raceDate=2018%2F06%2F01&k_raceNo=1&k_babaCode=21,data/cache/html/20180601_kawasaki_1.html
20180601_kawasaki_2,2018-06-01,kawasaki,2,https://www.keiba.go.jp/KeibaWeb/TodayRaceInfo/RaceMarkTable?k_raceDate=2018%2F06%2F01&k_raceNo=2&k_babaCode=21,data/cache/html/20180601_kawasaki_2.html
20180601_kawasaki_3,2018-06-01,kawasaki,3,https://www.keiba.go.jp/KeibaWeb/TodayRaceInfo/RaceMarkTable?k_raceDate=2018%2F06%2F01&k_raceNo=3&k_babaCode=21,data/cache/html/20180601_kawasaki_3.html
20180601_kawasaki_4,2018-06-01,kawasaki,4,https://www.keiba.go.jp/KeibaWeb/TodayRaceInfo/RaceMarkTable?k_raceDate=2018%2F06%2F01&k_raceNo=4&k_babaCode=21,data/cache/html/20180601_kawasaki_4.html
20180601_kawasaki_5,2018-06-01,kawasaki,5,https://www.keiba.go.jp/KeibaWeb/TodayRaceInfo/RaceMarkTable?k_raceDate=2018%2F06%2F01&k_raceNo=5&k_babaCode=21,data/cache/html/20180601_kawasaki_5.html
20180601_kawasaki_6,2018-06-01,kawasaki,6,https://www.keiba.go.jp/KeibaWeb/TodayRaceInfo/RaceMarkTable?k_raceDate=2018%2F06%2F01&k_raceNo=6&k_babaCode=21,data/cache/html/20180601_kawasaki_6.html
20180601_kawasaki_7,2018-06-01,kawasaki,7,https://www.keiba.go.jp/KeibaWeb/TodayRaceInfo/RaceMarkTable?k_raceDate=2018%2F06%2F01&k_raceNo=7&k_babaCode=21,data/cache/html/20180601_kawasaki_7.html
20180601_kawasaki_8,2018-06-01,kawasaki,8,https://www.keiba.go.jp/KeibaWeb/TodayRaceInfo/RaceMarkTable?k_raceDate=2018%2F06%2F01&k_raceNo=8&k_babaCode=21,data/cache/html/20180601_kawasaki_8.html
20180601_kawasaki_9,2018-06-01,kawasaki,9,https://www.keiba.go.jp/KeibaWeb/TodayRaceInfo/RaceMarkTable?k_raceDate=2018%2F06%2F01&k_raceNo=9&k_babaCode=21,data/cache/html/20180601_kawasaki_9.html
20180601_kawasaki_10,2018-06-01,kawasaki,10,https://www.keiba.go.jp/KeibaWeb/TodayRaceInfo/RaceMarkTable?k_raceDate=2018%2F06%2F01&k_raceNo=10&k_babaCode=21,data/cache/html/20180601_kawasaki_10.html
20180601_kawasaki_11,2018-06-01,kawasaki,11,https://www.keiba.go.jp/KeibaWeb/TodayRaceInfo/RaceMarkTable?k_raceDate=2018%2F06%2F01&k_raceNo=11&k_babaCode=21,data/cache/html/20180601_kawasaki_11.html
20180601_kawasaki_12,2018-06-01,kawasaki,12,https://www.keiba.go.jp/KeibaWeb/TodayRaceInfo/RaceMarkTable?k_raceDate=2018%2F06%2F01&k_raceNo=12&k_babaCode=21,data/cache/html/20180601_kawasaki_12.html
20180531_kawasaki_1,2018-05-31,kawasaki,1,https://www.keiba.go.jp/KeibaWeb/TodayRaceInfo/RaceMarkTable?k_raceDate=2018%2F05%2F31&k_raceNo=1&k_babaCode=21,data/cache/html/20180531_kawasaki_1.html
20180531_kawasaki_2,2018-05-31,kawasaki,2,https://www.keiba.go.jp/KeibaWeb/TodayRaceInfo/RaceMarkTable?k_raceDate=2018%2F05%2F31&k_raceNo=2&k_babaCode=21,data/cache/html/20180531_kawasaki_2.html
20180531_kawasaki_3,2018-05-31,kawasaki,3,https://www.keiba.go.jp/KeibaWeb/TodayRaceInfo/RaceMarkTable?k_raceDate=2018%2F05%2F31&k_raceNo=3&k_babaCode=21,data/cache/html/20180531_kawasaki_3.html
20180531_kawasaki_4,2018-05-31,kawasaki,4,https://www.keiba.go.jp/KeibaWeb/TodayRaceInfo/RaceMarkTable?k_raceDate=2018%2F05%2F31&k_raceNo=4&k_babaCode=21,data/cache/html/20180531_kawasaki_4.html
20180531_kawasaki_5,2018-05-31,kawasaki,5,https://www.keiba.go.jp/KeibaWeb/TodayRaceInfo/RaceMarkTable?k_raceDate=2018%2F05%2F31&k_raceNo=5&k_babaCode=21,data/cache/html/20180531_kawasaki_5.html
20180531_kawasaki_6,2018-05-31,kawasaki,6,https://www.keiba.go.jp/KeibaWeb/TodayRaceInfo/RaceMarkTable?k_raceDate=2018%2F05%2F31&k_raceNo=6&k_babaCode=21,data/cache/html/20180531_kawasaki_6.html
20180531_kawasaki_7,2018-05-31,kawasaki,7,https://www.keiba.go.jp/KeibaWeb/TodayRaceInfo/RaceMarkTable?k_raceDate=2018%2F05%2F31&k_raceNo=7&k_babaCode=21,data/cache/html/20180531_kawasaki_7.html
20180531_kawasaki_8,2018-05-31,kawasaki,8,https://www.keiba.go.jp/KeibaWeb/TodayRaceInfo/RaceMarkTable?k_raceDate=2018%2F05%2F31&k_raceNo=8&k_babaCode=21,data/cache/html/20180531_kawasaki_8.html
20180531_kawasaki_9,2018-05-31,kawasaki,9,https://www.keiba.go.jp/KeibaWeb/TodayRaceInfo/RaceMarkTable?k_raceDate=2018%2F05%2F31&k_raceNo=9&k_babaCode=21,data/cache/html/20180531_kawasaki_9.html
20180531_kawasaki_10,2018-05-31,kawasaki,10,https://www.keiba.go.jp/KeibaWeb/TodayRaceInfo/RaceMarkTable?k_raceDate=2018%2F05%2F31&k_raceNo=10&k_babaCode=21,data/cache/html/20180531_kawasaki_10.html
20180531_kawasaki_11,2018-05-31,kawasaki,11,https://www.keiba.go.jp/KeibaWeb/TodayRaceInfo/RaceMarkTable?k_raceDate=2018%2F05%2F31&k_raceNo=11&k_babaCode=21,data/cache/html/20180531_kawasaki_11.html
20180531_kawasaki_12,2018-05-31,kawasaki,12,https://www.keiba.go.jp/KeibaWeb/TodayRaceInfo/RaceMarkTable?k_raceDate=2018%2F05%2F31&k_raceNo=12&k_babaCode=21,data/cache/html/20180531_kawasaki_12.html
20180530_kawasaki_1,2018-05-30,kawasaki,1,https://www.keiba.go.jp/KeibaWeb/TodayRaceInfo/RaceMarkTable?k_raceDate=2018%2F05%2F30&k_raceNo=1&k_babaCode=21,data/cache/html/20180530_kawasaki_1.html
20180530_kawasaki_2,2018-05-30,kawasaki,2,https://www.keiba.go.jp/KeibaWeb/TodayRaceInfo/RaceMarkTable?k_raceDate=2018%2F05%2F30&k_raceNo=2&k_babaCode=21,data/cache/html/20180530_kawasaki_2.html
20180530_kawasaki_3,2018-05-30,kawasaki,3,https://www.keiba.go.jp/KeibaWeb/TodayRaceInfo/RaceMarkTable?k_raceDate=2018%2F05%2F30&k_raceNo=3&k_babaCode=21,data/cache/html/20180530_kawasaki_3.html
20180530_kawasaki_4,2018-05-30,kawasaki,4,https://www.keiba.go.jp/KeibaWeb/TodayRaceInfo/RaceMarkTable?k_raceDate=2018%2F05%2F30&k_raceNo=4&k_babaCode=21,data/cache/html/20180530_kawasaki_4.html
20180530_kawasaki_5,2018-05-30,kawasaki,5,https://www.keiba.go.jp/KeibaWeb/TodayRaceInfo/RaceMarkTable?k_raceDate=2018%2F05%2F30&k_raceNo=5&k_babaCode=21,data/cache/html/20180530_kawasaki_5.html
20180530_kawasaki_6,2018-05-30,kawasaki,6,https://www.keiba.go.jp/KeibaWeb/TodayRaceInfo/RaceMarkTable?k_raceDate=2018%2F05%2F30&k_raceNo=6&k_babaCode=21,data/cache/html/20180530_kawasaki_6.html
20180530_kawasaki_7,2018-05-30,kawasaki,7,https://www.keiba.go.jp/KeibaWeb/TodayRaceInfo/RaceMarkTable?k_raceDate=2018%2F05%2F30&k_raceNo=7&k_babaCode=21,data/cache/html/20180530_kawasaki_7.html
20180530_kawasaki_8,2018-05-30,kawasaki,8,https://www.keiba.go.jp/KeibaWeb/TodayRaceInfo/RaceMarkTable?k_raceDate=2018%2F05%2F30&k_raceNo=8&k_babaCode=21,data/cache/html/20180530_kawasaki_8.html
20180530_kawasaki_9,2018-05-30,kawasaki,9,https://www.keiba.go.jp/KeibaWeb/TodayRaceInfo/RaceMarkTable?k_raceDate=2018%2F05%2F30&k_raceNo=9&k_babaCode=21,data/cache/html/20180530_kawasaki_9.html
20180530_kawasaki_10,2018-05-30,kawasaki,10,https://www.keiba.go.jp/KeibaWeb/TodayRaceInfo/RaceMarkTable?k_raceDate=2018%2F05%2F30&k_raceNo=10&k_babaCode=21,data/cache/html/20180530_kawasaki_10.html
20180530_kawasaki_11,2018-05-30,kawasaki,11,https://www.keiba.go.jp/KeibaWeb/TodayRaceInfo/RaceMarkTable?k_raceDate=2018%2F05%2F30&k_raceNo=11&k_babaCode=21,data/cache/html/20180530_kawasaki_11.html
20180530_kawasaki_12,2018-05-30,kawasaki,12,https://www.keiba.go.jp/KeibaWeb/TodayRaceInfo/RaceMarkTable?k_raceDate=2018%2F05%2F30&k_raceNo=12&k_babaCode=21,data/cache/html/20180530_kawasaki_12.html
20180529_kawasaki_1,2018-05-29,kawasaki,1,https://www.keiba.go.jp/KeibaWeb/TodayRaceInfo/RaceMarkTable?k_raceDate=2018%2F05%2F29&k_raceNo=1&k_babaCode=21,data/cache/html/20180529_kawasaki_1.html
20180529_kawasaki_2,2018-05-29,kawasaki,2,https://www.keiba.go.jp/KeibaWeb/TodayRaceInfo/RaceMarkTable?k_raceDate=2018%2F05%2F29&k_raceNo=2&k_babaCode=21,data/cache/html/20180529_kawasaki_2.html
20180529_kawasaki_3,2018-05-29,kawasaki,3,https://www.keiba.go.jp/KeibaWeb/TodayRaceInfo/RaceMarkTable?k_raceDate=2018%2F05%2F29&k_raceNo=3&k_babaCode=21,data/cache/html/20180529_kawasaki_3.html
20180529_kawasaki_4,2018-05-29,kawasaki,4,https://www.keiba.go.jp/KeibaWeb/TodayRaceInfo/RaceMarkTable?k_raceDate=2018%2F05%2F29&k_raceNo=4&k_babaCode=21,data/cache/html/20180529_kawasaki_4.html
20180529_kawasaki_5,2018-05-29,kawasaki,5,https://www.keiba.go.jp/KeibaWeb/TodayRaceInfo/RaceMarkTable?k_raceDate=2018%2F05%2F29&k_raceNo=5&k_babaCode=21,data/cache/html/20180529_kawasaki_5.html
20180529_kawasaki_6,2018-05-29,kawasaki,6,https://www.keiba.go.jp/KeibaWeb/TodayRaceInfo/RaceMarkTable?k_raceDate=2018%2F05%2F29&k_raceNo=6&k_babaCode=21,data/cache/html/20180529_kawasaki_6.html
20180529_kawasaki_7,2018-05-29,kawasaki,7,https://www.keiba.go.jp/KeibaWeb/TodayRaceInfo/RaceMarkTable?k_raceDate=2018%2F05%2F29&k_raceNo=7&k_babaCode=21,data/cache/html/20180529_kawasaki_7.html
20180529_kawasaki_8,2018-05-29,kawasaki,8,https://www.keiba.go.jp/KeibaWeb/TodayRaceInfo/RaceMarkTable?k_raceDate=2018%2F05%2F29&k_raceNo=8&k_babaCode=21,data/cache/html/20180529_kawasaki_8.html
20180529_kawasaki_9,2018-05-29,kawasaki,9,https://www.keiba.go.jp/KeibaWeb/TodayRaceInfo/RaceMarkTable?k_raceDate=2018%2F05%2F29&k_raceNo=9&k_babaCode=21,data/cache/html/20180529_kawasaki_9.html
20180529_kawasaki_10,2018-05-29,kawasaki,10,https://www.keiba.go.jp/KeibaWeb/TodayRaceInfo/RaceMarkTable?k_raceDate=2018%2F05%2F29&k_raceNo=10&k_babaCode=21,data/cache/html/20180529_kawasaki_10.html
20180529_kawasaki_11,2018-05-29,kawasaki,11,https://www.keiba.go.jp/KeibaWeb/TodayRaceInfo/RaceMarkTable?k_raceDate=2018%2F05%2F29&k_raceNo=11&k_babaCode=21,data/cache/html/20180529_kawasaki_11.html
20180529_kawasaki_12,2018-05-29,kawasaki,12,https://www.keiba.go.jp/KeibaWeb/TodayRaceInfo/RaceMarkTable?k_raceDate=2018%2F05%2F29&k_raceNo=12&k_babaCode=21,data/cache/html/20180529_kawasaki_12.html
20180528_kawasaki_1,2018-05-28,kawasaki,1,https://www.keiba.go.jp/KeibaWeb/TodayRaceInfo/RaceMarkTable?k_raceDate=2018%2F05%2F28&k_raceNo=1&k_babaCode=21,data/cache/html/20180528_kawasaki_1.html
20180528_kawasaki_2,2018-05-28,kawasaki,2,https://www.keiba.go.jp/KeibaWeb/TodayRaceInfo/RaceMarkTable?k_raceDate=2018%2F05%2F28&k_raceNo=2&k_babaCode=21,data/cache/html/20180528_kawasaki_2.html
20180528_kawasaki_3,2018-05-28,kawasaki,3,https://www.keiba.go.jp/KeibaWeb/TodayRaceInfo/RaceMarkTable?k_raceDate=2018%2F05%2F28&k_raceNo=3&k_babaCode=21,data/cache/html/20180528_kawasaki_3.html
20180528_kawasaki_4,2018-05-28,kawasaki,4,https://www.keiba.go.jp/KeibaWeb/TodayRaceInfo/RaceMarkTable?k_raceDate=2018%2F05%2F28&k_raceNo=4&k_babaCode=21,data/cache/html/20180528_kawasaki_4.html
20180528_kawasaki_5,2018-05-28,kawasaki,5,https://www.keiba.go.jp/KeibaWeb/TodayRaceInfo/RaceMarkTable?k_raceDate=2018%2F05%2F28&k_raceNo=5&k_babaCode=21,data/cache/html/20180528_kawasaki_5.html
20180528_kawasaki_6,2018-05-28,kawasaki,6,https://www.keiba.go.jp/KeibaWeb/TodayRaceInfo/RaceMarkTable?k_raceDate=2018%2F05%2F28&k_raceNo=6&k_babaCode=21,data/cache/html/20180528_kawasaki_6.html
20180528_kawasaki_7,2018-05-28,kawasaki,7,https://www.keiba.go.jp/KeibaWeb/TodayRaceInfo/RaceMarkTable?k_raceDate=2018%2F05%2F28&k_raceNo=7&k_babaCode=21,data/cache/html/20180528_kawasaki_7.html
20180528_kawasaki_8,2018-05-28,kawasaki,8,https://www.keiba.go.jp/KeibaWeb/TodayRaceInfo/RaceMarkTable?k_raceDate=2018%2F05%2F28&k_raceNo=8&k_babaCode=21,data/cache/html/20180528_kawasaki_8.html
20180528_kawasaki_9,2018-05-28,kawasaki,9,https://www.keiba.go.jp/KeibaWeb/TodayRaceInfo/RaceMarkTable?k_raceDate=2018%2F05%2F28&k_raceNo=9&k_babaCode=21,data/cache/html/20180528_kawasaki_9.html
20180528_kawasaki_10,2018-05-28,kawasaki,10,https://www.keiba.go.jp/KeibaWeb/TodayRaceInfo/RaceMarkTable?k_raceDate=2018%2F05%2F28&k_raceNo=10&k_babaCode=21,data/cache/html/20180528_kawasaki_10.html
20180528_kawasaki_11,2018-05-28,kawasaki,11,https://www.keiba.go.jp/KeibaWeb/TodayRaceInfo/RaceMarkTable?k_raceDate=2018%2F05%2F28&k_raceNo=11&k_babaCode=21,data/cache/html/20180528_kawasaki_11.html
20180528_kawasaki_12,2018-05-28,kawasaki,12,https://www.keiba.go.jp/KeibaWeb/TodayRaceInfo/RaceMarkTable?k_raceDate=2018%2F05%2F28&k_raceNo=12&k_babaCode=21,data/cache/html/20180528_kawasaki_12.html
20180527_kawasaki_1,2018-05-27,kawasaki,1,https://www.keiba.go.jp/KeibaWeb/TodayRaceInfo/RaceMarkTable?k_raceDate=2018%2F05%2F27&k_raceNo=1&k_babaCode=21,data/cache/html/20180527_kawasaki_1.html
20180527_kawasaki_2,2018-05-27,kawasaki,2,https://www.keiba.go.jp/KeibaWeb/TodayRaceInfo/RaceMarkTable?k_raceDate=2018%2F05%2F27&k_raceNo=2&k_babaCode=21,data/cache/html/20180527_kawasaki_2.html
20180527_kawasaki_3,2018-05-27,kawasaki,3,https://www.keiba.go.jp/KeibaWeb/TodayRaceInfo/RaceMarkTable?k_raceDate=2018%2F05%2F27&k_raceNo=3&k_babaCode=21,data/cache/html/20180527_kawasaki_3.html
20180527_kawasaki_4,2018-05-27,kawasaki,4,https://www.keiba.go.jp/KeibaWeb/TodayRaceInfo/RaceMarkTable?k_raceDate=2018%2F05%2F27&k_raceNo=4&k_babaCode=21,data/cache/html/20180527_kawasaki_4.html
20180527_kawasaki_5,2018-05-27,kawasaki,5,https://www.keiba.go.jp/KeibaWeb/TodayRaceInfo/RaceMarkTable?k_raceDate=2018%2F05%2F27&k_raceNo=5&k_babaCode=21,data/cache/html/20180527_kawasaki_5.html
20180527_kawasaki_6,2018-05-27,kawasaki,6,https://www.keiba.go.jp/KeibaWeb/TodayRaceInfo/RaceMarkTable?k_raceDate=2018%2F05%2F27&k_raceNo=6&k_babaCode=21,data/cache/html/20180527_kawasaki_6.html
20180527_kawasaki_7,2018-05-27,kawasaki,7,https://www.keiba.go.jp/KeibaWeb/TodayRaceInfo/RaceMarkTable?k_raceDate=2018%2F05%2F27&k_raceNo=7&k_babaCode=21,data/cache/html/20180527_kawasaki_7.html
20180527_kawasaki_8,2018-05-27,kawasaki,8,https://www.keiba.go.jp/KeibaWeb/TodayRaceInfo/RaceMarkTable?k_raceDate=2018%2F05%2F27&k_raceNo=8&k_babaCode=21,data/cache/html/20180527_kawasaki_8.html
20180527_kawasaki_9,2018-05-27,kawasaki,9,https://www.keiba.go.jp/KeibaWeb/TodayRaceInfo/RaceMarkTable?k_raceDate=2018%2F05%2F27&k_raceNo=9&k_babaCode=21,data/cache/html/20180527_kawasaki_9.html
20180527_kawasaki_10,2018-05-27,kawasaki,10,https://www.keiba.go.jp/KeibaWeb/TodayRaceInfo/RaceMarkTable?k_raceDate=2018%2F05%2F27&k_raceNo=10&k_babaCode=21,data/cache/html/20180527_kawasaki_10.html
20180527_kawasaki_11,2018-05-27,kawasaki,11,https://www.keiba.go.jp/KeibaWeb/TodayRaceInfo/RaceMarkTable?k_raceDate=2018%2F05%2F27&k_raceNo=11&k_babaCode=21,data/cache/html/20180527_kawasaki_11.html
20180527_kawasaki_12,2018-05-27,kawasaki,12,https://www.keiba.go.jp/KeibaWeb/TodayRaceInfo/RaceMarkTable?k_raceDate=2018%2F05%2F27&k_raceNo=12&k_babaCode=21,data/cache/html/20180527_kawasaki_12.html
20180526_kawasaki_1,2018-05-26,kawasaki,1,https://www.keiba.go.jp/KeibaWeb/TodayRaceInfo/RaceMarkTable?k_raceDate=2018%2F05%2F26&k_raceNo=1&k_babaCode=21,data/cache/html/20180526_kawasaki_1.html
20180526_kawasaki_2,2018-05-26,kawasaki,2,https://www.keiba.go.jp/KeibaWeb/TodayRaceInfo/RaceMarkTable?k_raceDate=2018%2F05%2F26&k_raceNo=2&k_babaCode=21,data/cache/html/20180526_kawasaki_2.html
20180526_kawasaki_3,2018-05-26,kawasaki,3,https://www.keiba.go.jp/KeibaWeb/TodayRaceInfo/RaceMarkTable?k_raceDate=2018%2F05%2F26&k_raceNo=3&k_babaCode=21,data/cache/html/20180526_kawasaki_3.html
20180526_kawasaki_4,2018-05-26,kawasaki,4,https://www.keiba.go.jp/KeibaWeb/TodayRaceInfo/RaceMarkTable?k_raceDate=2018%2F05%2F26&k_raceNo=4&k_babaCode=21,data/cache/html/20180526_kawasaki_4.html
20180526_kawasaki_5,2018-05-26,kawasaki,5,https://www.keiba.go.jp/KeibaWeb/TodayRaceInfo/RaceMarkTable?k_raceDate=2018%2F05%2F26&k_raceNo=5&k_babaCode=21,data/cache/html/20180526_kawasaki_5.html
20180526_kawasaki_6,2018-05-26,kawasaki,6,https://www.keiba.go.jp/KeibaWeb/TodayRaceInfo/RaceMarkTable?k_raceDate=2018%2F05%2F26&k_raceNo=6&k_babaCode=21,data/cache/html/20180526_kawasaki_6.html
20180526_kawasaki_7,2018-05-26,kawasaki,7,https://www.keiba.go.jp/KeibaWeb/TodayRaceInfo/RaceMarkTable?k_raceDate=2018%2F05%2F26&k_raceNo=7&k_babaCode=21,data/cache/html/20180526_kawasaki_7.html
20180526_kawasaki_8,2018-05-26,kawasaki,8,https://www.keiba.go.jp/KeibaWeb/TodayRaceInfo/RaceMarkTable?k_raceDate=2018%2F05%2F26&k_raceNo=8&k_babaCode=21,data/cache/html/20180526_kawasaki_8.html
20180526_kawasaki_9,2018-05-26,kawasaki,9,https://www.keiba.go.jp/KeibaWeb/TodayRaceInfo/RaceMarkTable?k_raceDate=2018%2F05%2F26&k_raceNo=9&k_babaCode=21,data/cache/html/20180526_kawasaki_9.html
20180526_kawasaki_10,2018-05-26,kawasaki,10,https://www.keiba.go.jp/KeibaWeb/TodayRaceInfo/RaceMarkTable?k_raceDate=2018%2F05%2F26&k_raceNo=10&k_babaCode=21,data/cache/html/20180526_kawasaki_10.html
20180526_kawasaki_11,2018-05-26,kawasaki,11,https://www.keiba.go.jp/KeibaWeb/TodayRaceInfo/RaceMarkTable?k_raceDate=2018%2F05%2F26&k_raceNo=11&k_babaCode=21,data/cache/html/20180526_kawasaki_11.html
20180526_kawasaki_12,2018-05-26,kawasaki,12,https://www.keiba.go.jp/KeibaWeb/TodayRaceInfo/RaceMarkTable?k_raceDate=2018%2F05%2F26&k_raceNo=12&k_babaCode=21,data/cache/html/20180526_kawasaki_12.html
20180525_kawasaki_1,2018-05-25,kawasaki,1,https://www.keiba.go.jp/KeibaWeb/TodayRaceInfo/RaceMarkTable?k_raceDate=2018%2F05%2F25&k_raceNo=1&k_babaCode=21,data/cache/html/20180525_kawasaki_1.html
20180525_kawasaki_2,2018-05-25,kawasaki,2,https://www.keiba.go.jp/KeibaWeb/TodayRaceInfo/RaceMarkTable?k_raceDate=2018%2F05%2F25&k_raceNo=2&k_babaCode=21,data/cache/html/20180525_kawasaki_2.html
20180525_kawasaki_3,2018-05-25,kawasaki,3,https://www.keiba.go.jp/KeibaWeb/TodayRaceInfo/RaceMarkTable?k_raceDate=2018%2F05%2F25&k_raceNo=3&k_babaCode=21,data/cache/html/20180525_kawasaki_3.html
20180525_kawasaki_4,2018-05-25,kawasaki,4,https://www.keiba.go.jp/KeibaWeb/TodayRaceInfo/RaceMarkTable?k_raceDate=2018%2F05%2F25&k_raceNo=4&k_babaCode=21,data/cache/html/20180525_kawasaki_4.html
20180525_kawasaki_5,2018-05-25,kawasaki,5,https://www.keiba.go.jp/KeibaWeb/TodayRaceInfo/RaceMarkTable?k_raceDate=2018%2F05%2F25&k_raceNo=5&k_babaCode=21,data/cache/html/20180525_kawasaki_5.html
20180525_kawasaki_6,2018-05-25,kawasaki,6,https://www.keiba.go.jp/KeibaWeb/TodayRaceInfo/RaceMarkTable?k_raceDate=2018%2F05%2F25&k_raceNo=6&k_babaCode=21,data/cache/html/20180525_kawasaki_6.html
20180525_kawasaki_7,2018-05-25,kawasaki,7,https://www.keiba.go.jp/KeibaWeb/TodayRaceInfo/RaceMarkTable?k_raceDate=2018%2F05%2F25&k_raceNo=7&k_babaCode=21,data/cache/html/20180525_kawasaki_7.html
20180525_kawasaki_8,2018-05-25,kawasaki,8,https://www.keiba.go.jp/KeibaWeb/TodayRaceInfo/RaceMarkTable?k_raceDate=2018%2F05%2F25&k_raceNo=8&k_babaCode=21,data/cache/html/20180525_kawasaki_8.html
20180525_kawasaki_9,2018-05-25,kawasaki,9,https://www.keiba.go.jp/KeibaWeb/TodayRaceInfo/RaceMarkTable?k_raceDate=2018%2F05%2F25&k_raceNo=9&k_babaCode=21,data/cache/html/20180525_kawasaki_9.html
20180525_kawasaki_10,2018-05-25,kawasaki,10,https://www.keiba.go.jp/KeibaWeb/TodayRaceInfo/RaceMarkTable?k_raceDate=2018%2F05%2F25&k_raceNo=10&k_babaCode=21,data/cache/html/20180525_kawasaki_10.html
20180525_kawasaki_11,2018-05-25,kawasaki,11,https://www.keiba.go.jp/KeibaWeb/TodayRaceInfo/RaceMarkTable?k_raceDate=2018%2F05%2F25&k_raceNo=11&k_babaCode=21,data/cache/html/20180525_kawasaki_11.html
20180525_kawasaki_12,2018-05-25,kawasaki,12,https://www.keiba.go.jp/KeibaWeb/TodayRaceInfo/RaceMarkTable?k_raceDate=2018%2F05%2F25&k_raceNo=12&k_babaCode=21,data/cache/html/20180525_kawasaki_12.html
20180524_kawasaki_1,2018-05-24,kawasaki,1,https://www.keiba.go.jp/KeibaWeb/TodayRaceInfo/RaceMarkTable?k_raceDate=2018%2F05%2F24&k_raceNo=1&k_babaCode=21,data/cache/html/20180524_kawasaki_1.html
20180524_kawasaki_2,2018-05-24,kawasaki,2,https://www.keiba.go.jp/KeibaWeb/TodayRaceInfo/RaceMarkTable?k_raceDate=2018%2F05%2F24&k_raceNo=2&k_babaCode=21,data/cache/html/20180524_kawasaki_2.html
20180524_kawasaki_3,2018-05-24,kawasaki,3,https://www.keiba.go.jp/KeibaWeb/TodayRaceInfo/RaceMarkTable?k_raceDate=2018%2F05%2F24&k_raceNo=3&k_babaCode=21,data/cache/html/20180524_kawasaki_3.html
20180524_kawasaki_4,2018-05-24,kawasaki,4,https://www.keiba.go.jp/KeibaWeb/TodayRaceInfo/RaceMarkTable?k_raceDate=2018%2F05%2F24&k_raceNo=4&k_babaCode=21,data/cache/html/20180524_kawasaki_4.html
20180524_kawasaki_5,2018-05-24,kawasaki,5,https://www.keiba.go.jp/KeibaWeb/TodayRaceInfo/RaceMarkTable?k_raceDate=2018%2F05%2F24&k_raceNo=5&k_babaCode=21,data/cache/html/20180524_kawasaki_5.html
20180524_kawasaki_6,2018-05-24,kawasaki,6,https://www.keiba.go.jp/KeibaWeb/TodayRaceInfo/RaceMarkTable?k_raceDate=2018%2F05%2F24&k_raceNo=6&k_babaCode=21,data/cache/html/20180524_kawasaki_6.html
20180524_kawasaki_7,2018-05-24,kawasaki,7,https://www.keiba.go.jp/KeibaWeb/TodayRaceInfo/RaceMarkTable?k_raceDate=2018%2F05%2F24&k_raceNo=7&k_babaCode=21,data/cache/html/20180524_kawasaki_7.html
20180524_kawasaki_8,2018-05-24,kawasaki,8,https://www.keiba.go.jp/KeibaWeb/TodayRaceInfo/RaceMarkTable?k_raceDate=2018%2F05%2F24&k_raceNo=8&k_babaCode=21,data/cache/html/20180524_kawasaki_8.html
20180524_kawasaki_9,2018-05-24,kawasaki,9,https://www.keiba.go.jp/KeibaWeb/TodayRaceInfo/RaceMarkTable?k_raceDate=2018%2F05%2F24&k_raceNo=9&k_babaCode=21,data/cache/html/20180524_kawasaki_9.html
20180524_kawasaki_10,2018-05-24,kawasaki,10,https://www.keiba.go.jp/KeibaWeb/TodayRaceInfo/RaceMarkTable?k_raceDate=2018%2F05%2F24&k_raceNo=10&k_babaCode=21,data/cache/html/20180524_kawasaki_10.html
20180524_kawasaki_11,2018-05-24,kawasaki,11,https://www.keiba.go.jp/KeibaWeb/TodayRaceInfo/RaceMarkTable?k_raceDate=2018%2F05%2F24&k_raceNo=11&k_babaCode=21,data/cache/html/20180524_kawasaki_11.html
20180524_kawasaki_12,2018-05-24,kawasaki,12,https://www.keiba.go.jp/KeibaWeb/TodayRaceInfo/RaceMarkTable?k_raceDate=2018%2F05%2F24&k_raceNo=12&k_babaCode=21,data/cache/html/20180524_kawasaki_12.html
20180523_kawasaki_1,2018-05-23,kawasaki,1,https://www.keiba.go.jp/KeibaWeb/TodayRaceInfo/RaceMarkTable?k_raceDate=2018%2F05%2F23&k_raceNo=1&k_babaCode=21,data/cache/html/20180523_kawasaki_1.html
20180523_kawasaki_2,2018-05-23,kawasaki,2,https://www.keiba.go.jp/KeibaWeb/TodayRaceInfo/RaceMarkTable?k_raceDate=2018%2F05%2F23&k_raceNo=2&k_babaCode=21,data/cache/html/20180523_kawasaki_2.html
20180523_kawasaki_3,2018-05-23,kawasaki,3,https://www.keiba.go.jp/KeibaWeb/TodayRaceInfo/RaceMarkTable?k_raceDate=2018%2F05%2F23&k_raceNo=3&k_babaCode=21,data/cache/html/20180523_kawasaki_3.html
20180523_kawasaki_4,2018-05-23,kawasaki,4,https://www.keiba.go.jp/KeibaWeb/TodayRaceInfo/RaceMarkTable?k_raceDate=2018%2F05%2F23&k_raceNo=4&k_babaCode=21,data/cache/html/20180523_kawasaki_4.html
20180523_kawasaki_5,2018-05-23,kawasaki,5,https://www.keiba.go.jp/KeibaWeb/TodayRaceInfo/RaceMarkTable?k_raceDate=2018%2F05%2F23&k_raceNo=5&k_babaCode=21,data/cache/html/20180523_kawasaki_5.html
20180523_kawasaki_6,2018-05-23,kawasaki,6,https://www.keiba.go.jp/KeibaWeb/TodayRaceInfo/RaceMarkTable?k_raceDate=2018%2F05%2F23&k_raceNo=6&k_babaCode=21,data/cache/html/20180523_kawasaki_6.html
20180523_kawasaki_7,2018-05-23,kawasaki,7,https://www.keiba.go.jp/KeibaWeb/TodayRaceInfo/RaceMarkTable?k_raceDate=2018%2F05%2F23&k_raceNo=7&k_babaCode=21,data/cache/html/20180523_kawasaki_7.html
20180523_kawasaki_8,2018-05-23,kawasaki,8,https://www.keiba.go.jp/KeibaWeb/TodayRaceInfo/RaceMarkTable?k_raceDate=2018%2F05%2F23&k_raceNo=8&k_babaCode=21,data/cache/html/20180523_kawasaki_8.html
20180523_kawasaki_9,2018-05-23,kawasaki,9,https://www.keiba.go.jp/KeibaWeb/TodayRaceInfo/RaceMarkTable?k_raceDate=2018%2F05%2F23&k_raceNo=9&k_babaCode=21,data/cache/html/20180523_kawasaki_9.html
20180523_kawasaki_10,2018-05-23,kawasaki,10,https://www.keiba.go.jp/KeibaWeb/TodayRaceInfo/RaceMarkTable?k_raceDate=2018%2F05%2F23&k_raceNo=10&k_babaCode=21,data/cache/html/20180523_kawasaki_10.html
20180523_kawasaki_11,2018-05-23,kawasaki,11,https://www.keiba.go.jp/KeibaWeb/TodayRaceInfo/RaceMarkTable?k_raceDate=2018%2F05%2F23&k_raceNo=11&k_babaCode=21,data/cache/html/20180523_kawasaki_11.html
20180523_kawasaki_12,2018-05-23,kawasaki,12,https://www.keiba.go.jp/KeibaWeb/TodayRaceInfo/RaceMarkTable?k_raceDate=2018%2F05%2F23&k_raceNo=12&k_babaCode=21,data/cache/html/20180523_kawasaki_12.html
20180522_kawasaki_1,2018-05-22,kawasaki,1,https://www.keiba.go.jp/KeibaWeb/TodayRaceInfo/RaceMarkTable?k_raceDate=2018%2F05%2F22&k_raceNo=1&k_babaCode=21,data/cache/html/20180522_kawasaki_1.html
20180522_kawasaki_2,2018-05-22,kawasaki,2,https://www.keiba.go.jp/KeibaWeb/TodayRaceInfo/RaceMarkTable?k_raceDate=2018%2F05%2F22&k_raceNo=2&k_babaCode=21,data/cache/html/20180522_kawasaki_2.html
20180522_kawasaki_3,2018-05-22,kawasaki,3,https://www.keiba.go.jp/KeibaWeb/TodayRaceInfo/RaceMarkTable?k_raceDate=2018%2F05%2F22&k_raceNo=3&k_babaCode=21,data/cache/html/20180522_kawasaki_3.html
20180522_kawasaki_4,2018-05-22,kawasaki,4,https://www.keiba.go.jp/KeibaWeb/TodayRaceInfo/RaceMarkTable?k_raceDate=2018%2F05%2F22&k_raceNo=4&k_babaCode=21,data/cache/html/20180522_kawasaki_4.html
20180522_kawasaki_5,2018-05-22,kawasaki,5,https://www.keiba.go.jp/KeibaWeb/TodayRaceInfo/RaceMarkTable?k_raceDate=2018%2F05%2F22&k_raceNo=5&k_babaCode=21,data/cache/html/20180522_kawasaki_5.html
20180522_kawasaki_6,2018-05-22,kawasaki,6,https://www.keiba.go.jp/KeibaWeb/TodayRaceInfo/RaceMarkTable?k_raceDate=2018%2F05%2F22&k_raceNo=6&k_babaCode=21,data/cache/html/20180522_kawasaki_6.html
20180522_kawasaki_7,2018-05-22,kawasaki,7,https://www.keiba.go.jp/KeibaWeb/TodayRaceInfo/RaceMarkTable?k_raceDate=2018%2F05%2F22&k_raceNo=7&k_babaCode=21,data/cache/html/20180522_kawasaki_7.html
20180522_kawasaki_8,2018-05-22,kawasaki,8,https://www.keiba.go.jp/KeibaWeb/TodayRaceInfo/RaceMarkTable?k_raceDate=2018%2F05%2F22&k_raceNo=8&k_babaCode=21,data/cache/html/20180522_kawasaki_8.html
20180522_kawasaki_9,2018-05-22,kawasaki,9,https://www.keiba.go.jp/KeibaWeb/TodayRaceInfo/RaceMarkTable?k_raceDate=2018%2F05%2F22&k_raceNo=9&k_babaCode=21,data/cache/html/20180522_kawasaki_9.html
20180522_kawasaki_10,2018-05-22,kawasaki,10,https://www.keiba.go.jp/KeibaWeb/TodayRaceInfo/RaceMarkTable?k_raceDate=2018%2F05%2F22&k_raceNo=10&k_babaCode=21,data/cache/html/20180522_kawasaki_10.html
20180522_kawasaki_11,2018-05-22,kawasaki,11,https://www.keiba.go.jp/KeibaWeb/TodayRaceInfo/RaceMarkTable?k_raceDate=2018%2F05%2F22&k_raceNo=11&k_babaCode=21,data/cache/html/20180522_kawasaki_11.html
20180522_kawasaki_12,2018-05-22,kawasaki,12,https://www.keiba.go.jp/KeibaWeb/TodayRaceInfo/RaceMarkTable?k_raceDate=2018%2F05%2F22&k_raceNo=12&k_babaCode=21,data/cache/html/20180522_kawasaki_12.html
20180521_kawasaki_1,2018-05-21,kawasaki,1,https://www.keiba.go.jp/KeibaWeb/TodayRaceInfo/RaceMarkTable?k_raceDate=2018%2F05%2F21&k_raceNo=1&k_babaCode=21,data/cache/html/20180521_kawasaki_1.html
20180521_kawasaki_2,2018-05-21,kawasaki,2,https://www.keiba.go.jp/KeibaWeb/TodayRaceInfo/RaceMarkTable?k_raceDate=2018%2F05%2F21&k_raceNo=2&k_babaCode=21,data/cache/html/20180521_kawasaki_2.html
20180521_kawasaki_3,2018-05-21,kawasaki,3,https://www.keiba.go.jp/KeibaWeb/TodayRaceInfo/RaceMarkTable?k_raceDate=2018%2F05%2F21&k_raceNo=3&k_babaCode=21,data/cache/html/20180521_kawasaki_3.html
20180521_kawasaki_4,2018-05-21,kawasaki,4,https://www.keiba.go.jp/KeibaWeb/TodayRaceInfo/RaceMarkTable?k_raceDate=2018%2F05%2F21&k_raceNo=4&k_babaCode=21,data/cache/html/20180521_kawasaki_4.html
20180521_kawasaki_5,2018-05-21,kawasaki,5,https://www.keiba.go.jp/KeibaWeb/TodayRaceInfo/RaceMarkTable?k_raceDate=2018%2F05%2F21&k_raceNo=5&k_babaCode=21,data/cache/html/20180521_kawasaki_5.html
20180521_kawasaki_6,2018-05-21,kawasaki,6,https://www.keiba.go.jp/KeibaWeb/TodayRaceInfo/RaceMarkTable?k_raceDate=2018%2F05%2F21&k_raceNo=6&k_babaCode=21,data/cache/html/20180521_kawasaki_6.html
20180521_kawasaki_7,2018-05-21,kawasaki,7,https://www.keiba.go.jp/KeibaWeb/TodayRaceInfo/RaceMarkTable?k_raceDate=2018%2F05%2F21&k_raceNo=7&k_babaCode=21,data/cache/html/20180521_kawasaki_7.html
20180521_kawasaki_8,2018-05-21,kawasaki,8,https://www.keiba.go.jp/KeibaWeb/TodayRaceInfo/RaceMarkTable?k_raceDate=2018%2F05%2F21&k_raceNo=8&k_babaCode=21,data/cache/html/20180521_kawasaki_8.html
20180521_kawasaki_9,2018-05-21,kawasaki,9,https://www.keiba.go.jp/KeibaWeb/TodayRaceInfo/RaceMarkTable?k_raceDate=2018%2F05%2F21&k_raceNo=9&k_babaCode=21,data/cache/html/20180521_kawasaki_9.html
20180521_kawasaki_10,2018-05-21,kawasaki,10,https://www.keiba.go.jp/KeibaWeb/TodayRaceInfo/RaceMarkTable?k_raceDate=2018%2F05%2F21&k_raceNo=10&k_babaCode=21,data/cache/html/20180521_kawasaki_10.html
20180521_kawasaki_11,2018-05-21,kawasaki,11,https://www.keiba.go.jp/KeibaWeb/TodayRaceInfo/RaceMarkTable?k_raceDate=2018%2F05%2F21&k_raceNo=11&k_babaCode=21,data/cache/html/20180521_kawasaki_11.html
20180521_kawasaki_12,2018-05-21,kawasaki,12,https://www.keiba.go.jp/KeibaWeb/TodayRaceInfo/RaceMarkTable?k_raceDate=2018%2F05%2F21&k_raceNo=12&k_babaCode=21,data/cache/html/20180521_kawasaki_12.html
20180520_kawasaki_1,2018-05-20,kawasaki,1,https://www.keiba.go.jp/KeibaWeb/TodayRaceInfo/RaceMarkTable?k_raceDate=2018%2F05%2F20&k_raceNo=1&k_babaCode=21,data/cache/html/20180520_kawasaki_1.html
20180520_kawasaki_2,2018-05-20,kawasaki,2,https://www.keiba.go.jp/KeibaWeb/TodayRaceInfo/RaceMarkTable?k_raceDate=2018%2F05%2F20&k_raceNo=2&k_babaCode=21,data/cache/html/20180520_kawasaki_2.html
20180520_kawasaki_3,2018-05-20,kawasaki,3,https://www.keiba.go.jp/KeibaWeb/TodayRaceInfo/RaceMarkTable?k_raceDate=2018%2F05%2F20&k_raceNo=3&k_babaCode=21,data/cache/html/20180520_kawasaki_3.html
20180520_kawasaki_4,2018-05-20,kawasaki,4,https://www.keiba.go.jp/KeibaWeb/TodayRaceInfo/RaceMarkTable?k_raceDate=2018%2F05%2F20&k_raceNo=4&k_babaCode=21,data/cache/html/20180520_kawasaki_4.html
20180520_kawasaki_5,2018-05-20,kawasaki,5,https://www.keiba.go.jp/KeibaWeb/TodayRaceInfo/RaceMarkTable?k_raceDate=2018%2F05%2F20&k_raceNo=5&k_babaCode=21,data/cache/html/20180520_kawasaki_5.html
20180520_kawasaki_6,2018-05-20,kawasaki,6,https://www.keiba.go.jp/KeibaWeb/TodayRaceInfo/RaceMarkTable?k_raceDate=2018%2F05%2F20&k_raceNo=6&k_babaCode=21,data/cache/html/20180520_kawasaki_6.html
20180520_kawasaki_7,2018-05-20,kawasaki,7,https://www.keiba.go.jp/KeibaWeb/TodayRaceInfo/RaceMarkTable?k_raceDate=2018%2F05%2F20&k_raceNo=7&k_babaCode=21,data/cache/html/20180520_kawasaki_7.html
20180520_kawasaki_8,2018-05-20,kawasaki,8,https://www.keiba.go.jp/KeibaWeb/TodayRaceInfo/RaceMarkTable?k_raceDate=2018%2F05%2F20&k_raceNo=8&k_babaCode=21,data/cache/html/20180520_kawasaki_8.html
20180520_kawasaki_9,2018-05-20,kawasaki,9,https://www.keiba.go.jp/KeibaWeb/TodayRaceInfo/RaceMarkTable?k_raceDate=2018%2F05%2F20&k_raceNo=9&k_babaCode=21,data/cache/html/20180520_kawasaki_9.html
20180520_kawasaki_10,2018-05-20,kawasaki,10,https://www.keiba.go.jp/KeibaWeb/TodayRaceInfo/RaceMarkTable?k_raceDate=2018%2F05%2F20&k_raceNo=10&k_babaCode=21,data/cache/html/20180520_kawasaki_10.html
20180520_kawasaki_11,2018-05-20,kawasaki,11,https://www.keiba.go.jp/KeibaWeb/TodayRaceInfo/RaceMarkTable?k_raceDate=2018%2F05%2F20&k_raceNo=11&k_babaCode=21,data/cache/html/20180520_kawasaki_11.html
20180520_kawasaki_12,2018-05-20,kawasaki,12,https://www.keiba.go.jp/KeibaWeb/TodayRaceInfo/RaceMarkTable?k_raceDate=2018%2F05%2F20&k_raceNo=12&k_babaCode=21,data/cache/html/20180520_kawasaki_12.html
20180519_kawasaki_1,2018-05-19,kawasaki,1,https://www.keiba.go.jp/KeibaWeb/TodayRaceInfo/RaceMarkTable?k_raceDate=2018%2F05%2F19&k_raceNo=1&k_babaCode=21,data/cache/html/20180519_kawasaki_1.html
20180519_kawasaki_2,2018-05-19,kawasaki,2,https://www.keiba.go.jp/KeibaWeb/TodayRaceInfo/RaceMarkTable?k_raceDate=2018%2F05%2F19&k_raceNo=2&k_babaCode=21,data/cache/html/20180519_kawasaki_2.html
20180519_kawasaki_3,2018-05-19,kawasaki,3,https://www.keiba.go.jp/KeibaWeb/TodayRaceInfo/RaceMarkTable?k_raceDate=2018%2F05%2F19&k_raceNo=3&k_babaCode=21,data/cache/html/20180519_kawasaki_3.html
20180519_kawasaki_4,2018-05-19,kawasaki,4,https://www.keiba.go.jp/KeibaWeb/TodayRaceInfo/RaceMarkTable?k_raceDate=2018%2F05%2F19&k_raceNo=4&k_babaCode=21,data/cache/html/20180519_kawasaki_4.html
20180519_kawasaki_5,2018-05-19,kawasaki,5,https://www.keiba.go.jp/KeibaWeb/TodayRaceInfo/RaceMarkTable?k_raceDate=2018%2F05%2F19&k_raceNo=5&k_babaCode=21,data/cache/html/20180519_kawasaki_5.html
20180519_kawasaki_6,2018-05-19,kawasaki,6,https://www.keiba.go.jp/KeibaWeb/TodayRaceInfo/RaceMarkTable?k_raceDate=2018%2F05%2F19&k_raceNo=6&k_babaCode=21,data/cache/html/20180519_kawasaki_6.html
20180519_kawasaki_7,2018-05-19,kawasaki,7,https://www.keiba.go.jp/KeibaWeb/TodayRaceInfo/RaceMarkTable?k_raceDate=2018%2F05%2F19&k_raceNo=7&k_babaCode=21,data/cache/html/20180519_kawasaki_7.html
20180519_kawasaki_8,2018-05-19,kawasaki,8,https://www.keiba.go.jp/KeibaWeb/TodayRaceInfo/RaceMarkTable?k_raceDate=2018%2F05%2F19&k_raceNo=8&k_babaCode=21,data/cache/html/20180519_kawasaki_8.html
20180519_kawasaki_9,2018-05-19,kawasaki,9,https://www.keiba.go.jp/KeibaWeb/TodayRaceInfo/RaceMarkTable?k_raceDate=2018%2F05%2F19&k_raceNo=9&k_babaCode=21,data/cache/html/20180519_kawasaki_9.html
20180519_kawasaki_10,2018-05-19,kawasaki,10,https://www.keiba.go.jp/KeibaWeb/TodayRaceInfo/RaceMarkTable?k_raceDate=2018%2F05%2F19&k_raceNo=10&k_babaCode=21,data/cache/html/20180519_kawasaki_10.html
20180519_kawasaki_11,2018-05-19,kawasaki,11,https://www.keiba.go.jp/KeibaWeb/TodayRaceInfo/RaceMarkTable?k_raceDate=2018%2F05%2F19&k_raceNo=11&k_babaCode=21,data/cache/html/20180519_kawasaki_11.html
20180519_kawasaki_12,2018-05-19,kawasaki,12,https://www.keiba.go.jp/KeibaWeb/TodayRaceInfo/RaceMarkTable?k_raceDate=2018%2F05%2F19&k_raceNo=12&k_babaCode=21,data/cache/html/20180519_kawasaki_12.html
20180513_kawasaki_1,2018-05-13,kawasaki,1,https://www.keiba.go.jp/KeibaWeb/TodayRaceInfo/RaceMarkTable?k_raceDate=2018%2F05%2F13&k_raceNo=1&k_babaCode=21,data/cache/html/20180513_kawasaki_1.html
20180513_kawasaki_2,2018-05-13,kawasaki,2,https://www.keiba.go.jp/KeibaWeb/TodayRaceInfo/RaceMarkTable?k_raceDate=2018%2F05%2F13&k_raceNo=2&k_babaCode=21,data/cache/html/20180513_kawasaki_2.html
20180513_kawasaki_3,2018-05-13,kawasaki,3,https://www.keiba.go.jp/KeibaWeb/TodayRaceInfo/RaceMarkTable?k_raceDate=2018%2F05%2F13&k_raceNo=3&k_babaCode=21,data/cache/html/20180513_kawasaki_3.html
20180513_kawasaki_4,2018-05-13,kawasaki,4,https://www.keiba.go.jp/KeibaWeb/TodayRaceInfo/RaceMarkTable?k_raceDate=2018%2F05%2F13&k_raceNo=4&k_babaCode=21,data/cache/html/20180513_kawasaki_4.html
20180513_kawasaki_5,2018-05-13,kawasaki,5,https://www.keiba.go.jp/KeibaWeb/TodayRaceInfo/RaceMarkTable?k_raceDate=2018%2F05%2F13&k_raceNo=5&k_babaCode=21,data/cache/html/20180513_kawasaki_5.html
20180513_kawasaki_6,2018-05-13,kawasaki,6,https://www.keiba.go.jp/KeibaWeb/TodayRaceInfo/RaceMarkTable?k_raceDate=2018%2F05%2F13&k_raceNo=6&k_babaCode=21,data/cache/html/20180513_kawasaki_6.html
20180513_kawasaki_7,2018-05-13,kawasaki,7,https://www.keiba.go.jp/KeibaWeb/TodayRaceInfo/RaceMarkTable?k_raceDate=2018%2F05%2F13&k_raceNo=7&k_babaCode=21,data/cache/html/20180513_kawasaki_7.html
20180513_kawasaki_8,2018-05-13,kawasaki,8,https://www.keiba.go.jp/KeibaWeb/TodayRaceInfo/RaceMarkTable?k_raceDate=2018%2F05%2F13&k_raceNo=8&k_babaCode=21,data/cache/html/20180513_kawasaki_8.html
20180513_kawasaki_9,2018-05-13,kawasaki,9,https://www.keiba.go.jp/KeibaWeb/TodayRaceInfo/RaceMarkTable?k_raceDate=2018%2F05%2F13&k_raceNo=9&k_babaCode=21,data/cache/html/20180513_kawasaki_9.html
20180513_kawasaki_10,2018-05-13,kawasaki,10,https://www.keiba.go.jp/KeibaWeb/TodayRaceInfo/RaceMarkTable?k_raceDate=2018%2F05%2F13&k_raceNo=10&k_babaCode=21,data/cache/html/20180513_kawasaki_10.html
20180513_kawasaki_11,2018-05-13,kawasaki,11,https://www.keiba.go.jp/KeibaWeb/TodayRaceInfo/RaceMarkTable?k_raceDate=2018%2F05%2F13&k_raceNo=11&k_babaCode=21,data/cache/html/20180513_kawasaki_11.html
20180513_kawasaki_12,2018-05-13,kawasaki,12,https://www.keiba.go.jp/KeibaWeb/TodayRaceInfo/RaceMarkTable?k_raceDate=2018%2F05%2F13&k_raceNo=12&k_babaCode=21,data/cache/html/20180513_kawasaki_12.html
20180512_kawasaki_1,2018-05-12,kawasaki,1,https://www.keiba.go.jp/KeibaWeb/TodayRaceInfo/RaceMarkTable?k_raceDate=2018%2F05%2F12&k_raceNo=1&k_babaCode=21,data/cache/html/20180512_kawasaki_1.html
20180512_kawasaki_2,2018-05-12,kawasaki,2,https://www.keiba.go.jp/KeibaWeb/TodayRaceInfo/RaceMarkTable?k_raceDate=2018%2F05%2F12&k_raceNo=2&k_babaCode=21,data/cache/html/20180512_kawasaki_2.html
20180512_kawasaki_3,2018-05-12,kawasaki,3,https://www.keiba.go.jp/KeibaWeb/TodayRaceInfo/RaceMarkTable?k_raceDate=2018%2F05%2F12&k_raceNo=3&k_babaCode=21,data/cache/html/20180512_kawasaki_3.html
20180512_kawasaki_4,2018-05-12,kawasaki,4,https://www.keiba.go.jp/KeibaWeb/TodayRaceInfo/RaceMarkTable?k_raceDate=2018%2F05%2F12&k_raceNo=4&k_babaCode=21,data/cache/html/20180512_kawasaki_4.html
20180512_kawasaki_5,2018-05-12,kawasaki,5,https://www.keiba.go.jp/KeibaWeb/TodayRaceInfo/RaceMarkTable?k_raceDate=2018%2F05%2F12&k_raceNo=5&k_babaCode=21,data/cache/html/20180512_kawasaki_5.html
20180512_kawasaki_6,2018-05-12,kawasaki,6,https://www.keiba.go.jp/KeibaWeb/TodayRaceInfo/RaceMarkTable?k_raceDate=2018%2F05%2F12&k_raceNo=6&k_babaCode=21,data/cache/html/20180512_kawasaki_6.html
20180512_kawasaki_7,2018-05-12,kawasaki,7,https://www.keiba.go.jp/KeibaWeb/TodayRaceInfo/RaceMarkTable?k_raceDate=2018%2F05%2F12&k_raceNo=7&k_babaCode=21,data/cache/html/20180512_kawasaki_7.html
20180512_kawasaki_8,2018-05-12,kawasaki,8,https://www.keiba.go.jp/KeibaWeb/TodayRaceInfo/RaceMarkTable?k_raceDate=2018%2F05%2F12&k_raceNo=8&k_babaCode=21,data/cache/html/20180512_kawasaki_8.html
20180512_kawasaki_9,2018-05-12,kawasaki,9,https://www.keiba.go.jp/KeibaWeb/TodayRaceInfo/RaceMarkTable?k_raceDate=2018%2F05%2F12&k_raceNo=9&k_babaCode=21,data/cache/html/20180512_kawasaki_9.html
20180512_kawasaki_10,2018-05-12,kawasaki,10,https://www.keiba.go.jp/KeibaWeb/TodayRaceInfo/RaceMarkTable?k_raceDate=2018%2F05%2F12&k_raceNo=10&k_babaCode=21,data/cache/html/20180512_kawasaki_10.html
20180512_kawasaki_11,2018-05-12,kawasaki,11,https://www.keiba.go.jp/KeibaWeb/TodayRaceInfo/RaceMarkTable?k_raceDate=2018%2F05%2F12&k_raceNo=11&k_babaCode=21,data/cache/html/20180512_kawasaki_11.html
20180512_kawasaki_12,2018-05-12,kawasaki,12,https://www.keiba.go.jp/KeibaWeb/TodayRaceInfo/RaceMarkTable?k_raceDate=2018%2F05%2F12&k_raceNo=12&k_babaCode=21,data/cache/html/20180512_kawasaki_12.html
20180511_kawasaki_1,2018-05-11,kawasaki,1,https://www.keiba.go.jp/KeibaWeb/TodayRaceInfo/RaceMarkTable?k_raceDate=2018%2F05%2F11&k_raceNo=1&k_babaCode=21,data/cache/html/20180511_kawasaki_1.html
20180511_kawasaki_2,2018-05-11,kawasaki,2,https://www.keiba.go.jp/KeibaWeb/TodayRaceInfo/RaceMarkTable?k_raceDate=2018%2F05%2F11&k_raceNo=2&k_babaCode=21,data/cache/html/20180511_kawasaki_2.html
20180511_kawasaki_3,2018-05-11,kawasaki,3,https://www.keiba.go.jp/KeibaWeb/TodayRaceInfo/RaceMarkTable?k_raceDate=2018%2F05%2F11&k_raceNo=3&k_babaCode=21,data/cache/html/20180511_kawasaki_3.html
20180511_kawasaki_4,2018-05-11,kawasaki,4,https://www.keiba.go.jp/KeibaWeb/TodayRaceInfo/RaceMarkTable?k_raceDate=2018%2F05%2F11&k_raceNo=4&k_babaCode=21,data/cache/html/20180511_kawasaki_4.html
20180511_kawasaki_5,2018-05-11,kawasaki,5,https://www.keiba.go.jp/KeibaWeb/TodayRaceInfo/RaceMarkTable?k_raceDate=2018%2F05%2F11&k_raceNo=5&k_babaCode=21,data/cache/html/20180511_kawasaki_5.html
20180511_kawasaki_6,2018-05-11,kawasaki,6,https://www.keiba.go.jp/KeibaWeb/TodayRaceInfo/RaceMarkTable?k_raceDate=2018%2F05%2F11&k_raceNo=6&k_babaCode=21,data/cache/html/20180511_kawasaki_6.html
20180511_kawasaki_7,2018-05-11,kawasaki,7,https://www.keiba.go.jp/KeibaWeb/TodayRaceInfo/RaceMarkTable?k_raceDate=2018%2F05%2F11&k_raceNo=7&k_babaCode=21,data/cache/html/20180511_kawasaki_7.html
20180511_kawasaki_8,2018-05-11,kawasaki,8,https://www.keiba.go.jp/KeibaWeb/TodayRaceInfo/RaceMarkTable?k_raceDate=2018%2F05%2F11&k_raceNo=8&k_babaCode=21,data/cache/html/20180511_kawasaki_8.html
20180511_kawasaki_9,2018-05-11,kawasaki,9,https://www.keiba.go.jp/KeibaWeb/TodayRaceInfo/RaceMarkTable?k_raceDate=2018%2F05%2F11&k_raceNo=9&k_babaCode=21,data/cache/html/20180511_kawasaki_9.html
20180511_kawasaki_10,2018-05-11,kawasaki,10,https://www.keiba.go.jp/KeibaWeb/TodayRaceInfo/RaceMarkTable?k_raceDate=2018%2F05%2F11&k_raceNo=10&k_babaCode=21,data/cache/html/20180511_kawasaki_10.html
20180511_kawasaki_11,2018-05-11,kawasaki,11,https://www.keiba.go.jp/KeibaWeb/TodayRaceInfo/RaceMarkTable?k_raceDate=2018%2F05%2F11&k_raceNo=11&k_babaCode=21,data/cache/html/20180511_kawasaki_11.html
20180511_kawasaki_12,2018-05-11,kawasaki,12,https://www.keiba.go.jp/KeibaWeb/TodayRaceInfo/RaceMarkTable?k_raceDate=2018%2F05%2F11&k_raceNo=12&k_babaCode=21,data/cache/html/20180511_kawasaki_12.html
20180510_kawasaki_1,2018-05-10,kawasaki,1,https://www.keiba.go.jp/KeibaWeb/TodayRaceInfo/RaceMarkTable?k_raceDate=2018%2F05%2F10&k_raceNo=1&k_babaCode=21,data/cache/html/20180510_kawasaki_1.html
20180510_kawasaki_2,2018-05-10,kawasaki,2,https://www.keiba.go.jp/KeibaWeb/TodayRaceInfo/RaceMarkTable?k_raceDate=2018%2F05%2F10&k_raceNo=2&k_babaCode=21,data/cache/html/20180510_kawasaki_2.html
20180510_kawasaki_3,2018-05-10,kawasaki,3,https://www.keiba.go.jp/KeibaWeb/TodayRaceInfo/RaceMarkTable?k_raceDate=2018%2F05%2F10&k_raceNo=3&k_babaCode=21,data/cache/html/20180510_kawasaki_3.html
20180510_kawasaki_4,2018-05-10,kawasaki,4,https://www.keiba.go.jp/KeibaWeb/TodayRaceInfo/RaceMarkTable?k_raceDate=2018%2F05%2F10&k_raceNo=4&k_babaCode=21,data/cache/html/20180510_kawasaki_4.html
20180510_kawasaki_5,2018-05-10,kawasaki,5,https://www.keiba.go.jp/KeibaWeb/TodayRaceInfo/RaceMarkTable?k_raceDate=2018%2F05%2F10&k_raceNo=5&k_babaCode=21,data/cache/html/20180510_kawasaki_5.html
20180510_kawasaki_6,2018-05-10,kawasaki,6,https://www.keiba.go.jp/KeibaWeb/TodayRaceInfo/RaceMarkTable?k_raceDate=2018%2F05%2F10&k_raceNo=6&k_babaCode=21,data/cache/html/20180510_kawasaki_6.html
20180510_kawasaki_7,2018-05-10,kawasaki,7,https://www.keiba.go.jp/KeibaWeb/TodayRaceInfo/RaceMarkTable?k_raceDate=2018%2F05%2F10&k_raceNo=7&k_babaCode=21,data/cache/html/20180510_kawasaki_7.html
20180510_kawasaki_8,2018-05-10,kawasaki,8,https://www.keiba.go.jp/KeibaWeb/TodayRaceInfo/RaceMarkTable?k_raceDate=2018%2F05%2F10&k_raceNo=8&k_babaCode=21,data/cache/html/20180510_kawasaki_8.html
20180510_kawasaki_9,2018-05-10,kawasaki,9,https://www.keiba.go.jp/KeibaWeb/TodayRaceInfo/RaceMarkTable?k_raceDate=2018%2F05%2F10&k_raceNo=9&k_babaCode=21,data/cache/html/20180510_kawasaki_9.html
20180510_kawasaki_10,2018-05-10,kawasaki,10,https://www.keiba.go.jp/KeibaWeb/TodayRaceInfo/RaceMarkTable?k_raceDate=2018%2F05%2F10&k_raceNo=10&k_babaCode=21,data/cache/html/20180510_kawasaki_10.html
20180510_kawasaki_11,2018-05-10,kawasaki,11,https://www.keiba.go.jp/KeibaWeb/TodayRaceInfo/RaceMarkTable?k_raceDate=2018%2F05%2F10&k_raceNo=11&k_babaCode=21,data/cache/html/20180510_kawasaki_11.html
20180510_kawasaki_12,2018-05-10,kawasaki,12,https://www.keiba.go.jp/KeibaWeb/TodayRaceInfo/RaceMarkTable?k_raceDate=2018%2F05%2F10&k_raceNo=12&k_babaCode=21,data/cache/html/20180510_kawasaki_12.html
20180509_kawasaki_1,2018-05-09,kawasaki,1,https://www.keiba.go.jp/KeibaWeb/TodayRaceInfo/RaceMarkTable?k_raceDate=2018%2F05%2F09&k_raceNo=1&k_babaCode=21,data/cache/html/20180509_kawasaki_1.html
20180509_kawasaki_2,2018-05-09,kawasaki,2,https://www.keiba.go.jp/KeibaWeb/TodayRaceInfo/RaceMarkTable?k_raceDate=2018%2F05%2F09&k_raceNo=2&k_babaCode=21,data/cache/html/20180509_kawasaki_2.html
20180509_kawasaki_3,2018-05-09,kawasaki,3,https://www.keiba.go.jp/KeibaWeb/TodayRaceInfo/RaceMarkTable?k_raceDate=2018%2F05%2F09&k_raceNo=3&k_babaCode=21,data/cache/html/20180509_kawasaki_3.html
20180509_kawasaki_4,2018-05-09,kawasaki,4,https://www.keiba.go.jp/KeibaWeb/TodayRaceInfo/RaceMarkTable?k_raceDate=2018%2F05%2F09&k_raceNo=4&k_babaCode=21,data/cache/html/20180509_kawasaki_4.html
20180509_kawasaki_5,2018-05-09,kawasaki,5,https://www.keiba.go.jp/KeibaWeb/TodayRaceInfo/RaceMarkTable?k_raceDate=2018%2F05%2F09&k_raceNo=5&k_babaCode=21,data/cache/html/20180509_kawasaki_5.html
20180509_kawasaki_6,2018-05-09,kawasaki,6,https://www.keiba.go.jp/KeibaWeb/TodayRaceInfo/RaceMarkTable?k_raceDate=2018%2F05%2F09&k_raceNo=6&k_babaCode=21,data/cache/html/20180509_kawasaki_6.html
20180509_kawasaki_7,2018-05-09,kawasaki,7,https://www.keiba.go.jp/KeibaWeb/TodayRaceInfo/RaceMarkTable?k_raceDate=2018%2F05%2F09&k_raceNo=7&k_babaCode=21,data/cache/html/20180509_kawasaki_7.html
20180509_kawasaki_8,2018-05-09,kawasaki,8,https://www.keiba.go.jp/KeibaWeb/TodayRaceInfo/RaceMarkTable?k_raceDate=2018%2F05%2F09&k_raceNo=8&k_babaCode=21,data/cache/html/20180509_kawasaki_8.html
20180509_kawasaki_9,2018-05-09,kawasaki,9,https://www.keiba.go.jp/KeibaWeb/TodayRaceInfo/RaceMarkTable?k_raceDate=2018%2F05%2F09&k_raceNo=9&k_babaCode=21,data/cache/html/20180509_kawasaki_9.html
20180509_kawasaki_10,2018-05-09,kawasaki,10,https://www.keiba.go.jp/KeibaWeb/TodayRaceInfo/RaceMarkTable?k_raceDate=2018%2F05%2F09&k_raceNo=10&k_babaCode=21,data/cache/html/20180509_kawasaki_10.html
20180509_kawasaki_11,2018-05-09,kawasaki,11,https://www.keiba.go.jp/KeibaWeb/TodayRaceInfo/RaceMarkTable?k_raceDate=2018%2F05%2F09&k_raceNo=11&k_babaCode=21,data/cache/html/20180509_kawasaki_11.html
20180509_kawasaki_12,2018-05-09,kawasaki,12,https://www.keiba.go.jp/KeibaWeb/TodayRaceInfo/RaceMarkTable?k_raceDate=2018%2F05%2F09&k_raceNo=12&k_babaCode=21,data/cache/html/20180509_kawasaki_12.html
20180508_kawasaki_1,2018-05-08,kawasaki,1,https://www.keiba.go.jp/KeibaWeb/TodayRaceInfo/RaceMarkTable?k_raceDate=2018%2F05%2F08&k_raceNo=1&k_babaCode=21,data/cache/html/20180508_kawasaki_1.html
20180508_kawasaki_2,2018-05-08,kawasaki,2,https://www.keiba.go.jp/KeibaWeb/TodayRaceInfo/RaceMarkTable?k_raceDate=2018%2F05%2F08&k_raceNo=2&k_babaCode=21,data/cache/html/20180508_kawasaki_2.html
20180508_kawasaki_3,2018-05-08,kawasaki,3,https://www.keiba.go.jp/KeibaWeb/TodayRaceInfo/RaceMarkTable?k_raceDate=2018%2F05%2F08&k_raceNo=3&k_babaCode=21,data/cache/html/20180508_kawasaki_3.html
20180508_kawasaki_4,2018-05-08,kawasaki,4,https://www.keiba.go.jp/KeibaWeb/TodayRaceInfo/RaceMarkTable?k_raceDate=2018%2F05%2F08&k_raceNo=4&k_babaCode=21,data/cache/html/20180508_kawasaki_4.html
20180508_kawasaki_5,2018-05-08,kawasaki,5,https://www.keiba.go.jp/KeibaWeb/TodayRaceInfo/RaceMarkTable?k_raceDate=2018%2F05%2F08&k_raceNo=5&k_babaCode=21,data/cache/html/20180508_kawasaki_5.html
20180508_kawasaki_6,2018-05-08,kawasaki,6,https://www.keiba.go.jp/KeibaWeb/TodayRaceInfo/RaceMarkTable?k_raceDate=2018%2F05%2F08&k_raceNo=6&k_babaCode=21,data/cache/html/20180508_kawasaki_6.html
20180508_kawasaki_7,2018-05-08,kawasaki,7,https://www.keiba.go.jp/KeibaWeb/TodayRaceInfo/RaceMarkTable?k_raceDate=2018%2F05%2F08&k_raceNo=7&k_babaCode=21,data/cache/html/20180508_kawasaki_7.html
20180508_kawasaki_8,2018-05-08,kawasaki,8,https://www.keiba.go.jp/KeibaWeb/TodayRaceInfo/RaceMarkTable?k_raceDate=2018%2F05%2F08&k_raceNo=8&k_babaCode=21,data/cache/html/20180508_kawasaki_8.html
20180508_kawasaki_9,2018-05-08,kawasaki,9,https://www.keiba.go.jp/KeibaWeb/TodayRaceInfo/RaceMarkTable?k_raceDate=2018%2F05%2F08&k_raceNo=9&k_babaCode=21,data/cache/html/20180508_kawasaki_9.html
20180508_kawasaki_10,2018-05-08,kawasaki,10,https://www.keiba.go.jp/KeibaWeb/TodayRaceInfo/RaceMarkTable?k_raceDate=2018%2F05%2F08&k_raceNo=10&k_babaCode=21,data/cache/html/20180508_kawasaki_10.html
20180508_kawasaki_11,2018-05-08,kawasaki,11,https://www.keiba.go.jp/KeibaWeb/TodayRaceInfo/RaceMarkTable?k_raceDate=2018%2F05%2F08&k_raceNo=11&k_babaCode=21,data/cache/html/20180508_kawasaki_11.html
20180508_kawasaki_12,2018-05-08,kawasaki,12,https://www.keiba.go.jp/KeibaWeb/TodayRaceInfo/RaceMarkTable?k_raceDate=2018%2F05%2F08&k_raceNo=12&k_babaCode=21,data/cache/html/20180508_kawasaki_12.html
20180507_kawasaki_1,2018-05-07,kawasaki,1,https://www.keiba.go.jp/KeibaWeb/TodayRaceInfo/RaceMarkTable?k_raceDate=2018%2F05%2F07&k_raceNo=1&k_babaCode=21,data/cache/html/20180507_kawasaki_1.html
20180507_kawasaki_2,2018-05-07,kawasaki,2,https://www.keiba.go.jp/KeibaWeb/TodayRaceInfo/RaceMarkTable?k_raceDate=2018%2F05%2F07&k_raceNo=2&k_babaCode=21,data/cache/html/20180507_kawasaki_2.html
20180507_kawasaki_3,2018-05-07,kawasaki,3,https://www.keiba.go.jp/KeibaWeb/TodayRaceInfo/RaceMarkTable?k_raceDate=2018%2F05%2F07&k_raceNo=3&k_babaCode=21,data/cache/html/20180507_kawasaki_3.html
20180507_kawasaki_4,2018-05-07,kawasaki,4,https://www.keiba.go.jp/KeibaWeb/TodayRaceInfo/RaceMarkTable?k_raceDate=2018%2F05%2F07&k_raceNo=4&k_babaCode=21,data/cache/html/20180507_kawasaki_4.html
20180507_kawasaki_5,2018-05-07,kawasaki,5,https://www.keiba.go.jp/KeibaWeb/TodayRaceInfo/RaceMarkTable?k_raceDate=2018%2F05%2F07&k_raceNo=5&k_babaCode=21,data/cache/html/20180507_kawasaki_5.html
20180507_kawasaki_6,2018-05-07,kawasaki,6,https://www.keiba.go.jp/KeibaWeb/TodayRaceInfo/RaceMarkTable?k_raceDate=2018%2F05%2F07&k_raceNo=6&k_babaCode=21,data/cache/html/20180507_kawasaki_6.html
20180507_kawasaki_7,2018-05-07,kawasaki,7,https://www.keiba.go.jp/KeibaWeb/TodayRaceInfo/RaceMarkTable?k_raceDate=2018%2F05%2F07&k_raceNo=7&k_babaCode=21,data/cache/html/20180507_kawasaki_7.html
20180507_kawasaki_8,2018-05-07,kawasaki,8,https://www.keiba.go.jp/KeibaWeb/TodayRaceInfo/RaceMarkTable?k_raceDate=2018%2F05%2F07&k_raceNo=8&k_babaCode=21,data/cache/html/20180507_kawasaki_8.html
20180507_kawasaki_9,2018-05-07,kawasaki,9,https://www.keiba.go.jp/KeibaWeb/TodayRaceInfo/RaceMarkTable?k_raceDate=2018%2F05%2F07&k_raceNo=9&k_babaCode=21,data/cache/html/20180507_kawasaki_9.html
20180507_kawasaki_10,2018-05-07,kawasaki,10,https://www.keiba.go.jp/KeibaWeb/TodayRaceInfo/RaceMarkTable?k_raceDate=2018%2F05%2F07&k_raceNo=10&k_babaCode=21,data/cache/html/20180507_kawasaki_10.html
20180507_kawasaki_11,2018-05-07,kawasaki,11,https://www.keiba.go.jp/KeibaWeb/TodayRaceInfo/RaceMarkTable?k_raceDate=2018%2F05%2F07&k_raceNo=11&k_babaCode=21,data/cache/html/20180507_kawasaki_11.html
20180507_kawasaki_12,2018-05-07,kawasaki,12,https://www.keiba.go.jp/KeibaWeb/TodayRaceInfo/RaceMarkTable?k_raceDate=2018%2F05%2F07&k_raceNo=12&k_babaCode=21,data/cache/html/20180507_kawasaki_12.html
20180506_kawasaki_1,2018-05-06,kawasaki,1,https://www.keiba.go.jp/KeibaWeb/TodayRaceInfo/RaceMarkTable?k_raceDate=2018%2F05%2F06&k_raceNo=1&k_babaCode=21,data/cache/html/20180506_kawasaki_1.html
20180506_kawasaki_2,2018-05-06,kawasaki,2,https://www.keiba.go.jp/KeibaWeb/TodayRaceInfo/RaceMarkTable?k_raceDate=2018%2F05%2F06&k_raceNo=2&k_babaCode=21,data/cache/html/20180506_kawasaki_2.html
20180506_kawasaki_3,2018-05-06,kawasaki,3,https://www.keiba.go.jp/KeibaWeb/TodayRaceInfo/RaceMarkTable?k_raceDate=2018%2F05%2F06&k_raceNo=3&k_babaCode=21,data/cache/html/20180506_kawasaki_3.html
20180506_kawasaki_4,2018-05-06,kawasaki,4,https://www.keiba.go.jp/KeibaWeb/TodayRaceInfo/RaceMarkTable?k_raceDate=2018%2F05%2F06&k_raceNo=4&k_babaCode=21,data/cache/html/20180506_kawasaki_4.html
20180506_kawasaki_5,2018-05-06,kawasaki,5,https://www.keiba.go.jp/KeibaWeb/TodayRaceInfo/RaceMarkTable?k_raceDate=2018%2F05%2F06&k_raceNo=5&k_babaCode=21,data/cache/html/20180506_kawasaki_5.html
20180506_kawasaki_6,2018-05-06,kawasaki,6,https://www.keiba.go.jp/KeibaWeb/TodayRaceInfo/RaceMarkTable?k_raceDate=2018%2F05%2F06&k_raceNo=6&k_babaCode=21,data/cache/html/20180506_kawasaki_6.html
20180506_kawasaki_7,2018-05-06,kawasaki,7,https://www.keiba.go.jp/KeibaWeb/TodayRaceInfo/RaceMarkTable?k_raceDate=2018%2F05%2F06&k_raceNo=7&k_babaCode=21,data/cache/html/20180506_kawasaki_7.html
20180506_kawasaki_8,2018-05-06,kawasaki,8,https://www.keiba.go.jp/KeibaWeb/TodayRaceInfo/RaceMarkTable?k_raceDate=2018%2F05%2F06&k_raceNo=8&k_babaCode=21,data/cache/html/20180506_kawasaki_8.html
20180506_kawasaki_9,2018-05-06,kawasaki,9,https://www.keiba.go.jp/KeibaWeb/TodayRaceInfo/RaceMarkTable?k_raceDate=2018%2F05%2F06&k_raceNo=9&k_babaCode=21,data/cache/html/20180506_kawasaki_9.html
20180506_kawasaki_10,2018-05-06,kawasaki,10,https://www.keiba.go.jp/KeibaWeb/TodayRaceInfo/RaceMarkTable?k_raceDate=2018%2F05%2F06&k_raceNo=10&k_babaCode=21,data/cache/html/20180506_kawasaki_10.html
20180506_kawasaki_11,2018-05-06,kawasaki,11,https://www.keiba.go.jp/KeibaWeb/TodayRaceInfo/RaceMarkTable?k_raceDate=2018%2F05%2F06&k_raceNo=11&k_babaCode=21,data/cache/html/20180506_kawasaki_11.html
20180506_kawasaki_12,2018-05-06,kawasaki,12,https://www.keiba.go.jp/KeibaWeb/TodayRaceInfo/RaceMarkTable?k_raceDate=2018%2F05%2F06&k_raceNo=12&k_babaCode=21,data/cache/html/20180506_kawasaki_12.html
20180505_kawasaki_1,2018-05-05,kawasaki,1,https://www.keiba.go.jp/KeibaWeb/TodayRaceInfo/RaceMarkTable?k_raceDate=2018%2F05%2F05&k_raceNo=1&k_babaCode=21,data/cache/html/20180505_kawasaki_1.html
20180505_kawasaki_2,2018-05-05,kawasaki,2,https://www.keiba.go.jp/KeibaWeb/TodayRaceInfo/RaceMarkTable?k_raceDate=2018%2F05%2F05&k_raceNo=2&k_babaCode=21,data/cache/html/20180505_kawasaki_2.html
20180505_kawasaki_3,2018-05-05,kawasaki,3,https://www.keiba.go.jp/KeibaWeb/TodayRaceInfo/RaceMarkTable?k_raceDate=2018%2F05%2F05&k_raceNo=3&k_babaCode=21,data/cache/html/20180505_kawasaki_3.html
20180505_kawasaki_4,2018-05-05,kawasaki,4,https://www.keiba.go.jp/KeibaWeb/TodayRaceInfo/RaceMarkTable?k_raceDate=2018%2F05%2F05&k_raceNo=4&k_babaCode=21,data/cache/html/20180505_kawasaki_4.html
20180505_kawasaki_5,2018-05-05,kawasaki,5,https://www.keiba.go.jp/KeibaWeb/TodayRaceInfo/RaceMarkTable?k_raceDate=2018%2F05%2F05&k_raceNo=5&k_babaCode=21,data/cache/html/20180505_kawasaki_5.html
20180505_kawasaki_6,2018-05-05,kawasaki,6,https://www.keiba.go.jp/KeibaWeb/TodayRaceInfo/RaceMarkTable?k_raceDate=2018%2F05%2F05&k_raceNo=6&k_babaCode=21,data/cache/html/20180505_kawasaki_6.html
20180505_kawasaki_7,2018-05-05,kawasaki,7,https://www.keiba.go.jp/KeibaWeb/TodayRaceInfo/RaceMarkTable?k_raceDate=2018%2F05%2F05&k_raceNo=7&k_babaCode=21,data/cache/html/20180505_kawasaki_7.html
20180505_kawasaki_8,2018-05-05,kawasaki,8,https://www.keiba.go.jp/KeibaWeb/TodayRaceInfo/RaceMarkTable?k_raceDate=2018%2F05%2F05&k_raceNo=8&k_babaCode=21,data/cache/html/20180505_kawasaki_8.html
20180505_kawasaki_9,2018-05-05,kawasaki,9,https://www.keiba.go.jp/KeibaWeb/TodayRaceInfo/RaceMarkTable?k_raceDate=2018%2F05%2F05&k_raceNo=9&k_babaCode=21,data/cache/html/20180505_kawasaki_9.html
20180505_kawasaki_10,2018-05-05,kawasaki,10,https://www.keiba.go.jp/KeibaWeb/TodayRaceInfo/RaceMarkTable?k_raceDate=2018%2F05%2F05&k_raceNo=10&k_babaCode=21,data/cache/html/20180505_kawasaki_10.html
20180505_kawasaki_11,2018-05-05,kawasaki,11,https://www.keiba.go.jp/KeibaWeb/TodayRaceInfo/RaceMarkTable?k_raceDate=2018%2F05%2F05&k_raceNo=11&k_babaCode=21,data/cache/html/20180505_kawasaki_11.html
20180505_kawasaki_12,2018-05-05,kawasaki,12,https://www.keiba.go.jp/KeibaWeb/TodayRaceInfo/RaceMarkTable?k_raceDate=2018%2F05%2F05&k_raceNo=12&k_babaCode=21,data/cache/html/20180505_kawasaki_12.html
20180504_kawasaki_1,2018-05-04,kawasaki,1,https://www.keiba.go.jp/KeibaWeb/TodayRaceInfo/RaceMarkTable?k_raceDate=2018%2F05%2F04&k_raceNo=1&k_babaCode=21,data/cache/html/20180504_kawasaki_1.html
20180504_kawasaki_2,2018-05-04,kawasaki,2,https://www.keiba.go.jp/KeibaWeb/TodayRaceInfo/RaceMarkTable?k_raceDate=2018%2F05%2F04&k_raceNo=2&k_babaCode=21,data/cache/html/20180504_kawasaki_2.html
20180504_kawasaki_3,2018-05-04,kawasaki,3,https://www.keiba.go.jp/KeibaWeb/TodayRaceInfo/RaceMarkTable?k_raceDate=2018%2F05%2F04&k_raceNo=3&k_babaCode=21,data/cache/html/20180504_kawasaki_3.html
20180504_kawasaki_4,2018-05-04,kawasaki,4,https://www.keiba.go.jp/KeibaWeb/TodayRaceInfo/RaceMarkTable?k_raceDate=2018%2F05%2F04&k_raceNo=4&k_babaCode=21,data/cache/html/20180504_kawasaki_4.html
20180504_kawasaki_5,2018-05-04,kawasaki,5,https://www.keiba.go.jp/KeibaWeb/TodayRaceInfo/RaceMarkTable?k_raceDate=2018%2F05%2F04&k_raceNo=5&k_babaCode=21,data/cache/html/20180504_kawasaki_5.html
20180504_kawasaki_6,2018-05-04,kawasaki,6,https://www.keiba.go.jp/KeibaWeb/TodayRaceInfo/RaceMarkTable?k_raceDate=2018%2F05%2F04&k_raceNo=6&k_babaCode=21,data/cache/html/20180504_kawasaki_6.html
20180504_kawasaki_7,2018-05-04,kawasaki,7,https://www.keiba.go.jp/KeibaWeb/TodayRaceInfo/RaceMarkTable?k_raceDate=2018%2F05%2F04&k_raceNo=7&k_babaCode=21,data/cache/html/20180504_kawasaki_7.html
20180504_kawasaki_8,2018-05-04,kawasaki,8,https://www.keiba.go.jp/KeibaWeb/TodayRaceInfo/RaceMarkTable?k_raceDate=2018%2F05%2F04&k_raceNo=8&k_babaCode=21,data/cache/html/20180504_kawasaki_8.html
20180504_kawasaki_9,2018-05-04,kawasaki,9,https://www.keiba.go.jp/KeibaWeb/TodayRaceInfo/RaceMarkTable?k_raceDate=2018%2F05%2F04&k_raceNo=9&k_babaCode=21,data/cache/html/20180504_kawasaki_9.html
20180504_kawasaki_10,2018-05-04,kawasaki,10,https://www.keiba.go.jp/KeibaWeb/TodayRaceInfo/RaceMarkTable?k_raceDate=2018%2F05%2F04&k_raceNo=10&k_babaCode=21,data/cache/html/20180504_kawasaki_10.html
20180504_kawasaki_11,2018-05-04,kawasaki,11,https://www.keiba.go.jp/KeibaWeb/TodayRaceInfo/RaceMarkTable?k_raceDate=2018%2F05%2F04&k_raceNo=11&k_babaCode=21,data/cache/html/20180504_kawasaki_11.html
20180504_kawasaki_12,2018-05-04,kawasaki,12,https://www.keiba.go.jp/KeibaWeb/TodayRaceInfo/RaceMarkTable?k_raceDate=2018%2F05%2F04&k_raceNo=12&k_babaCode=21,data/cache/html/20180504_kawasaki_12.html
20180503_kawasaki_1,2018-05-03,kawasaki,1,https://www.keiba.go.jp/KeibaWeb/TodayRaceInfo/RaceMarkTable?k_raceDate=2018%2F05%2F03&k_raceNo=1&k_babaCode=21,data/cache/html/20180503_kawasaki_1.html
20180503_kawasaki_2,2018-05-03,kawasaki,2,https://www.keiba.go.jp/KeibaWeb/TodayRaceInfo/RaceMarkTable?k_raceDate=2018%2F05%2F03&k_raceNo=2&k_babaCode=21,data/cache/html/20180503_kawasaki_2.html
20180503_kawasaki_3,2018-05-03,kawasaki,3,https://www.keiba.go.jp/KeibaWeb/TodayRaceInfo/RaceMarkTable?k_raceDate=2018%2F05%2F03&k_raceNo=3&k_babaCode=21,data/cache/html/20180503_kawasaki_3.html
20180503_kawasaki_4,2018-05-03,kawasaki,4,https://www.keiba.go.jp/KeibaWeb/TodayRaceInfo/RaceMarkTable?k_raceDate=2018%2F05%2F03&k_raceNo=4&k_babaCode=21,data/cache/html/20180503_kawasaki_4.html
20180503_kawasaki_5,2018-05-03,kawasaki,5,https://www.keiba.go.jp/KeibaWeb/TodayRaceInfo/RaceMarkTable?k_raceDate=2018%2F05%2F03&k_raceNo=5&k_babaCode=21,data/cache/html/20180503_kawasaki_5.html
20180503_kawasaki_6,2018-05-03,kawasaki,6,https://www.keiba.go.jp/KeibaWeb/TodayRaceInfo/RaceMarkTable?k_raceDate=2018%2F05%2F03&k_raceNo=6&k_babaCode=21,data/cache/html/20180503_kawasaki_6.html
20180503_kawasaki_7,2018-05-03,kawasaki,7,https://www.keiba.go.jp/KeibaWeb/TodayRaceInfo/RaceMarkTable?k_raceDate=2018%2F05%2F03&k_raceNo=7&k_babaCode=21,data/cache/html/20180503_kawasaki_7.html
20180503_kawasaki_8,2018-05-03,kawasaki,8,https://www.keiba.go.jp/KeibaWeb/TodayRaceInfo/RaceMarkTable?k_raceDate=2018%2F05%2F03&k_raceNo=8&k_babaCode=21,data/cache/html/20180503_kawasaki_8.html
20180503_kawasaki_9,2018-05-03,kawasaki,9,https://www.keiba.go.jp/KeibaWeb/TodayRaceInfo/RaceMarkTable?k_raceDate=2018%2F05%2F03&k_raceNo=9&k_babaCode=21,data/cache/html/20180503_kawasaki_9.html
20180503_kawasaki_10,2018-05-03,kawasaki,10,https://www.keiba.go.jp/KeibaWeb/TodayRaceInfo/RaceMarkTable?k_raceDate=2018%2F05%2F03&k_raceNo=10&k_babaCode=21,data/cache/html/20180503_kawasaki_10.html
20180503_kawasaki_11,2018-05-03,kawasaki,11,https://www.keiba.go.jp/KeibaWeb/TodayRaceInfo/RaceMarkTable?k_raceDate=2018%2F05%2F03&k_raceNo=11&k_babaCode=21,data/cache/html/20180503_kawasaki_11.html
20180503_kawasaki_12,2018-05-03,kawasaki,12,https://www.keiba.go.jp/KeibaWeb/TodayRaceInfo/RaceMarkTable?k_raceDate=2018%2F05%2F03&k_raceNo=12&k_babaCode=21,data/cache/html/20180503_kawasaki_12.html
20180502_kawasaki_1,2018-05-02,kawasaki,1,https://www.keiba.go.jp/KeibaWeb/TodayRaceInfo/RaceMarkTable?k_raceDate=2018%2F05%2F02&k_raceNo=1&k_babaCode=21,data/cache/html/20180502_kawasaki_1.html
20180502_kawasaki_2,2018-05-02,kawasaki,2,https://www.keiba.go.jp/KeibaWeb/TodayRaceInfo/RaceMarkTable?k_raceDate=2018%2F05%2F02&k_raceNo=2&k_babaCode=21,data/cache/html/20180502_kawasaki_2.html
20180502_kawasaki_3,2018-05-02,kawasaki,3,https://www.keiba.go.jp/KeibaWeb/TodayRaceInfo/RaceMarkTable?k_raceDate=2018%2F05%2F02&k_raceNo=3&k_babaCode=21,data/cache/html/20180502_kawasaki_3.html
20180502_kawasaki_4,2018-05-02,kawasaki,4,https://www.keiba.go.jp/KeibaWeb/TodayRaceInfo/RaceMarkTable?k_raceDate=2018%2F05%2F02&k_raceNo=4&k_babaCode=21,data/cache/html/20180502_kawasaki_4.html
20180502_kawasaki_5,2018-05-02,kawasaki,5,https://www.keiba.go.jp/KeibaWeb/TodayRaceInfo/RaceMarkTable?k_raceDate=2018%2F05%2F02&k_raceNo=5&k_babaCode=21,data/cache/html/20180502_kawasaki_5.html
20180502_kawasaki_6,2018-05-02,kawasaki,6,https://www.keiba.go.jp/KeibaWeb/TodayRaceInfo/RaceMarkTable?k_raceDate=2018%2F05%2F02&k_raceNo=6&k_babaCode=21,data/cache/html/20180502_kawasaki_6.html
20180502_kawasaki_7,2018-05-02,kawasaki,7,https://www.keiba.go.jp/KeibaWeb/TodayRaceInfo/RaceMarkTable?k_raceDate=2018%2F05%2F02&k_raceNo=7&k_babaCode=21,data/cache/html/20180502_kawasaki_7.html
20180502_kawasaki_8,2018-05-02,kawasaki,8,https://www.keiba.go.jp/KeibaWeb/TodayRaceInfo/RaceMarkTable?k_raceDate=2018%2F05%2F02&k_raceNo=8&k_babaCode=21,data/cache/html/20180502_kawasaki_8.html
20180502_kawasaki_9,2018-05-02,kawasaki,9,https://www.keiba.go.jp/KeibaWeb/TodayRaceInfo/RaceMarkTable?k_raceDate=2018%2F05%2F02&k_raceNo=9&k_babaCode=21,data/cache/html/20180502_kawasaki_9.html
20180502_kawasaki_10,2018-05-02,kawasaki,10,https://www.keiba.go.jp/KeibaWeb/TodayRaceInfo/RaceMarkTable?k_raceDate=2018%2F05%2F02&k_raceNo=10&k_babaCode=21,data/cache/html/20180502_kawasaki_10.html
20180502_kawasaki_11,2018-05-02,kawasaki,11,https://www.keiba.go.jp/KeibaWeb/TodayRaceInfo/RaceMarkTable?k_raceDate=2018%2F05%2F02&k_raceNo=11&k_babaCode=21,data/cache/html/20180502_kawasaki_11.html
20180502_kawasaki_12,2018-05-02,kawasaki,12,https://www.keiba.go.jp/KeibaWeb/TodayRaceInfo/RaceMarkTable?k_raceDate=2018%2F05%2F02&k_raceNo=12&k_babaCode=21,data/cache/html/20180502_kawasaki_12.html
20180501_kawasaki_1,2018-05-01,kawasaki,1,https://www.keiba.go.jp/KeibaWeb/TodayRaceInfo/RaceMarkTable?k_raceDate=2018%2F05%2F01&k_raceNo=1&k_babaCode=21,data/cache/html/20180501_kawasaki_1.html
20180501_kawasaki_2,2018-05-01,kawasaki,2,https://www.keiba.go.jp/KeibaWeb/TodayRaceInfo/RaceMarkTable?k_raceDate=2018%2F05%2F01&k_raceNo=2&k_babaCode=21,data/cache/html/20180501_kawasaki_2.html
20180501_kawasaki_3,2018-05-01,kawasaki,3,https://www.keiba.go.jp/KeibaWeb/TodayRaceInfo/RaceMarkTable?k_raceDate=2018%2F05%2F01&k_raceNo=3&k_babaCode=21,data/cache/html/20180501_kawasaki_3.html
20180501_kawasaki_4,2018-05-01,kawasaki,4,https://www.keiba.go.jp/KeibaWeb/TodayRaceInfo/RaceMarkTable?k_raceDate=2018%2F05%2F01&k_raceNo=4&k_babaCode=21,data/cache/html/20180501_kawasaki_4.html
20180501_kawasaki_5,2018-05-01,kawasaki,5,https://www.keiba.go.jp/KeibaWeb/TodayRaceInfo/RaceMarkTable?k_raceDate=2018%2F05%2F01&k_raceNo=5&k_babaCode=21,data/cache/html/20180501_kawasaki_5.html
20180501_kawasaki_6,2018-05-01,kawasaki,6,https://www.keiba.go.jp/KeibaWeb/TodayRaceInfo/RaceMarkTable?k_raceDate=2018%2F05%2F01&k_raceNo=6&k_babaCode=21,data/cache/html/20180501_kawasaki_6.html
20180501_kawasaki_7,2018-05-01,kawasaki,7,https://www.keiba.go.jp/KeibaWeb/TodayRaceInfo/RaceMarkTable?k_raceDate=2018%2F05%2F01&k_raceNo=7&k_babaCode=21,data/cache/html/20180501_kawasaki_7.html
20180501_kawasaki_8,2018-05-01,kawasaki,8,https://www.keiba.go.jp/KeibaWeb/TodayRaceInfo/RaceMarkTable?k_raceDate=2018%2F05%2F01&k_raceNo=8&k_babaCode=21,data/cache/html/20180501_kawasaki_8.html
20180501_kawasaki_9,2018-05-01,kawasaki,9,https://www.keiba.go.jp/KeibaWeb/TodayRaceInfo/RaceMarkTable?k_raceDate=2018%2F05%2F01&k_raceNo=9&k_babaCode=21,data/cache/html/20180501_kawasaki_9.html
20180501_kawasaki_10,2018-05-01,kawasaki,10,https://www.keiba.go.jp/KeibaWeb/TodayRaceInfo/RaceMarkTable?k_raceDate=2018%2F05%2F01&k_raceNo=10&k_babaCode=21,data/cache/html/20180501_kawasaki_10.html
20180501_kawasaki_11,2018-05-01,kawasaki,11,https://www.keiba.go.jp/KeibaWeb/TodayRaceInfo/RaceMarkTable?k_raceDate=2018%2F05%2F01&k_raceNo=11&k_babaCode=21,data/cache/html/20180501_kawasaki_11.html
20180501_kawasaki_12,2018-05-01,kawasaki,12,https://www.keiba.go.jp/KeibaWeb/TodayRaceInfo/RaceMarkTable?k_raceDate=2018%2F05%2F01&k_raceNo=12&k_babaCode=21,data/cache/html/20180501_kawasaki_12.html
20180430_kawasaki_1,2018-04-30,kawasaki,1,https://www.keiba.go.jp/KeibaWeb/TodayRaceInfo/RaceMarkTable?k_raceDate=2018%2F04%2F30&k_raceNo=1&k_babaCode=21,data/cache/html/20180430_kawasaki_1.html
20180430_kawasaki_2,2018-04-30,kawasaki,2,https://www.keiba.go.jp/KeibaWeb/TodayRaceInfo/RaceMarkTable?k_raceDate=2018%2F04%2F30&k_raceNo=2&k_babaCode=21,data/cache/html/20180430_kawasaki_2.html
20180430_kawasaki_3,2018-04-30,kawasaki,3,https://www.keiba.go.jp/KeibaWeb/TodayRaceInfo/RaceMarkTable?k_raceDate=2018%2F04%2F30&k_raceNo=3&k_babaCode=21,data/cache/html/20180430_kawasaki_3.html
20180430_kawasaki_4,2018-04-30,kawasaki,4,https://www.keiba.go.jp/KeibaWeb/TodayRaceInfo/RaceMarkTable?k_raceDate=2018%2F04%2F30&k_raceNo=4&k_babaCode=21,data/cache/html/20180430_kawasaki_4.html
20180430_kawasaki_5,2018-04-30,kawasaki,5,https://www.keiba.go.jp/KeibaWeb/TodayRaceInfo/RaceMarkTable?k_raceDate=2018%2F04%2F30&k_raceNo=5&k_babaCode=21,data/cache/html/20180430_kawasaki_5.html
20180430_kawasaki_6,2018-04-30,kawasaki,6,https://www.keiba.go.jp/KeibaWeb/TodayRaceInfo/RaceMarkTable?k_raceDate=2018%2F04%2F30&k_raceNo=6&k_babaCode=21,data/cache/html/20180430_kawasaki_6.html
20180430_kawasaki_7,2018-04-30,kawasaki,7,https://www.keiba.go.jp/KeibaWeb/TodayRaceInfo/RaceMarkTable?k_raceDate=2018%2F04%2F30&k_raceNo=7&k_babaCode=21,data/cache/html/20180430_kawasaki_7.html
20180430_kawasaki_8,2018-04-30,kawasaki,8,https://www.keiba.go.jp/KeibaWeb/TodayRaceInfo/RaceMarkTable?k_raceDate=2018%2F04%2F30&k_raceNo=8&k_babaCode=21,data/cache/html/20180430_kawasaki_8.html
20180430_kawasaki_9,2018-04-30,kawasaki,9,https://www.keiba.go.jp/KeibaWeb/TodayRaceInfo/RaceMarkTable?k_raceDate=2018%2F04%2F30&k_raceNo=9&k_babaCode=21,data/cache/html/20180430_kawasaki_9.html
20180430_kawasaki_10,2018-04-30,kawasaki,10,https://www.keiba.go.jp/KeibaWeb/TodayRaceInfo/RaceMarkTable?k_raceDate=2018%2F04%2F30&k_raceNo=10&k_babaCode=21,data/cache/html/20180430_kawasaki_10.html
20180430_kawasaki_11,2018-04-30,kawasaki,11,https://www.keiba.go.jp/KeibaWeb/TodayRaceInfo/RaceMarkTable?k_raceDate=2018%2F04%2F30&k_raceNo=11&k_babaCode=21,data/cache/html/20180430_kawasaki_11.html
20180430_kawasaki_12,2018-04-30,kawasaki,12,https://www.keiba.go.jp/KeibaWeb/TodayRaceInfo/RaceMarkTable?k_raceDate=2018%2F04%2F30&k_raceNo=12&k_babaCode=21,data/cache/html/20180430_kawasaki_12.html
20180429_kawasaki_1,2018-04-29,kawasaki,1,https://www.keiba.go.jp/KeibaWeb/TodayRaceInfo/RaceMarkTable?k_raceDate=2018%2F04%2F29&k_raceNo=1&k_babaCode=21,data/cache/html/20180429_kawasaki_1.html
20180429_kawasaki_2,2018-04-29,kawasaki,2,https://www.keiba.go.jp/KeibaWeb/TodayRaceInfo/RaceMarkTable?k_raceDate=2018%2F04%2F29&k_raceNo=2&k_babaCode=21,data/cache/html/20180429_kawasaki_2.html
20180429_kawasaki_3,2018-04-29,kawasaki,3,https://www.keiba.go.jp/KeibaWeb/TodayRaceInfo/RaceMarkTable?k_raceDate=2018%2F04%2F29&k_raceNo=3&k_babaCode=21,data/cache/html/20180429_kawasaki_3.html
20180429_kawasaki_4,2018-04-29,kawasaki,4,https://www.keiba.go.jp/KeibaWeb/TodayRaceInfo/RaceMarkTable?k_raceDate=2018%2F04%2F29&k_raceNo=4&k_babaCode=21,data/cache/html/20180429_kawasaki_4.html
20180429_kawasaki_5,2018-04-29,kawasaki,5,https://www.keiba.go.jp/KeibaWeb/TodayRaceInfo/RaceMarkTable?k_raceDate=2018%2F04%2F29&k_raceNo=5&k_babaCode=21,data/cache/html/20180429_kawasaki_5.html
20180429_kawasaki_6,2018-04-29,kawasaki,6,https://www.keiba.go.jp/KeibaWeb/TodayRaceInfo/RaceMarkTable?k_raceDate=2018%2F04%2F29&k_raceNo=6&k_babaCode=21,data/cache/html/20180429_kawasaki_6.html
20180429_kawasaki_7,2018-04-29,kawasaki,7,https://www.keiba.go.jp/KeibaWeb/TodayRaceInfo/RaceMarkTable?k_raceDate=2018%2F04%2F29&k_raceNo=7&k_babaCode=21,data/cache/html/20180429_kawasaki_7.html
20180429_kawasaki_8,2018-04-29,kawasaki,8,https://www.keiba.go.jp/KeibaWeb/TodayRaceInfo/RaceMarkTable?k_raceDate=2018%2F04%2F29&k_raceNo=8&k_babaCode=21,data/cache/html/20180429_kawasaki_8.html
20180429_kawasaki_9,2018-04-29,kawasaki,9,https://www.keiba.go.jp/KeibaWeb/TodayRaceInfo/RaceMarkTable?k_raceDate=2018%2F04%2F29&k_raceNo=9&k_babaCode=21,data/cache/html/20180429_kawasaki_9.html
20180429_kawasaki_10,2018-04-29,kawasaki,10,https://www.keiba.go.jp/KeibaWeb/TodayRaceInfo/RaceMarkTable?k_raceDate=2018%2F04%2F29&k_raceNo=10&k_babaCode=21,data/cache/html/20180429_kawasaki_10.html
20180429_kawasaki_11,2018-04-29,kawasaki,11,https://www.keiba.go.jp/KeibaWeb/TodayRaceInfo/RaceMarkTable?k_raceDate=2018%2F04%2F29&k_raceNo=11&k_babaCode=21,data/cache/html/20180429_kawasaki_11.html
20180429_kawasaki_12,2018-04-29,kawasaki,12,https://www.keiba.go.jp/KeibaWeb/TodayRaceInfo/RaceMarkTable?k_raceDate=2018%2F04%2F29&k_raceNo=12&k_babaCode=21,data/cache/html/20180429_kawasaki_12.html
20180428_kawasaki_1,2018-04-28,kawasaki,1,https://www.keiba.go.jp/KeibaWeb/TodayRaceInfo/RaceMarkTable?k_raceDate=2018%2F04%2F28&k_raceNo=1&k_babaCode=21,data/cache/html/20180428_kawasaki_1.html
20180428_kawasaki_2,2018-04-28,kawasaki,2,https://www.keiba.go.jp/KeibaWeb/TodayRaceInfo/RaceMarkTable?k_raceDate=2018%2F04%2F28&k_raceNo=2&k_babaCode=21,data/cache/html/20180428_kawasaki_2.html
20180428_kawasaki_3,2018-04-28,kawasaki,3,https://www.keiba.go.jp/KeibaWeb/TodayRaceInfo/RaceMarkTable?k_raceDate=2018%2F04%2F28&k_raceNo=3&k_babaCode=21,data/cache/html/20180428_kawasaki_3.html
20180428_kawasaki_4,2018-04-28,kawasaki,4,https://www.keiba.go.jp/KeibaWeb/TodayRaceInfo/RaceMarkTable?k_raceDate=2018%2F04%2F28&k_raceNo=4&k_babaCode=21,data/cache/html/20180428_kawasaki_4.html
20180428_kawasaki_5,2018-04-28,kawasaki,5,https://www.keiba.go.jp/KeibaWeb/TodayRaceInfo/RaceMarkTable?k_raceDate=2018%2F04%2F28&k_raceNo=5&k_babaCode=21,data/cache/html/20180428_kawasaki_5.html
20180428_kawasaki_6,2018-04-28,kawasaki,6,https://www.keiba.go.jp/KeibaWeb/TodayRaceInfo/RaceMarkTable?k_raceDate=2018%2F04%2F28&k_raceNo=6&k_babaCode=21,data/cache/html/20180428_kawasaki_6.html
20180428_kawasaki_7,2018-04-28,kawasaki,7,https://www.keiba.go.jp/KeibaWeb/TodayRaceInfo/RaceMarkTable?k_raceDate=2018%2F04%2F28&k_raceNo=7&k_babaCode=21,data/cache/html/20180428_kawasaki_7.html
20180428_kawasaki_8,2018-04-28,kawasaki,8,https://www.keiba.go.jp/KeibaWeb/TodayRaceInfo/RaceMarkTable?k_raceDate=2018%2F04%2F28&k_raceNo=8&k_babaCode=21,data/cache/html/20180428_kawasaki_8.html
20180428_kawasaki_9,2018-04-28,kawasaki,9,https://www.keiba.go.jp/KeibaWeb/TodayRaceInfo/RaceMarkTable?k_raceDate=2018%2F04%2F28&k_raceNo=9&k_babaCode=21,data/cache/html/20180428_kawasaki_9.html
20180428_kawasaki_10,2018-04-28,kawasaki,10,https://www.keiba.go.jp/KeibaWeb/TodayRaceInfo/RaceMarkTable?k_raceDate=2018%2F04%2F28&k_raceNo=10&k_babaCode=21,data/cache/html/20180428_kawasaki_10.html
20180428_kawasaki_11,2018-04-28,kawasaki,11,https://www.keiba.go.jp/KeibaWeb/TodayRaceInfo/RaceMarkTable?k_raceDate=2018%2F04%2F28&k_raceNo=11&k_babaCode=21,data/cache/html/20180428_kawasaki_11.html
20180428_kawasaki_12,2018-04-28,kawasaki,12,https://www.keiba.go.jp/KeibaWeb/TodayRaceInfo/RaceMarkTable?k_raceDate=2018%2F04%2F28&k_raceNo=12&k_babaCode=21,data/cache/html/20180428_kawasaki_12.html
20180427_kawasaki_1,2018-04-27,kawasaki,1,https://www.keiba.go.jp/KeibaWeb/TodayRaceInfo/RaceMarkTable?k_raceDate=2018%2F04%2F27&k_raceNo=1&k_babaCode=21,data/cache/html/20180427_kawasaki_1.html
20180427_kawasaki_2,2018-04-27,kawasaki,2,https://www.keiba.go.jp/KeibaWeb/TodayRaceInfo/RaceMarkTable?k_raceDate=2018%2F04%2F27&k_raceNo=2&k_babaCode=21,data/cache/html/20180427_kawasaki_2.html
20180427_kawasaki_3,2018-04-27,kawasaki,3,https://www.keiba.go.jp/KeibaWeb/TodayRaceInfo/RaceMarkTable?k_raceDate=2018%2F04%2F27&k_raceNo=3&k_babaCode=21,data/cache/html/20180427_kawasaki_3.html
20180427_kawasaki_4,2018-04-27,kawasaki,4,https://www.keiba.go.jp/KeibaWeb/TodayRaceInfo/RaceMarkTable?k_raceDate=2018%2F04%2F27&k_raceNo=4&k_babaCode=21,data/cache/html/20180427_kawasaki_4.html
20180427_kawasaki_5,2018-04-27,kawasaki,5,https://www.keiba.go.jp/KeibaWeb/TodayRaceInfo/RaceMarkTable?k_raceDate=2018%2F04%2F27&k_raceNo=5&k_babaCode=21,data/cache/html/20180427_kawasaki_5.html
20180427_kawasaki_6,2018-04-27,kawasaki,6,https://www.keiba.go.jp/KeibaWeb/TodayRaceInfo/RaceMarkTable?k_raceDate=2018%2F04%2F27&k_raceNo=6&k_babaCode=21,data/cache/html/20180427_kawasaki_6.html
20180427_kawasaki_7,2018-04-27,kawasaki,7,https://www.keiba.go.jp/KeibaWeb/TodayRaceInfo/RaceMarkTable?k_raceDate=2018%2F04%2F27&k_raceNo=7&k_babaCode=21,data/cache/html/20180427_kawasaki_7.html
20180427_kawasaki_8,2018-04-27,kawasaki,8,https://www.keiba.go.jp/KeibaWeb/TodayRaceInfo/RaceMarkTable?k_raceDate=2018%2F04%2F27&k_raceNo=8&k_babaCode=21,data/cache/html/20180427_kawasaki_8.html
20180427_kawasaki_9,2018-04-27,kawasaki,9,https://www.keiba.go.jp/KeibaWeb/TodayRaceInfo/RaceMarkTable?k_raceDate=2018%2F04%2F27&k_raceNo=9&k_babaCode=21,data/cache/html/20180427_kawasaki_9.html
20180427_kawasaki_10,2018-04-27,kawasaki,10,https://www.keiba.go.jp/KeibaWeb/TodayRaceInfo/RaceMarkTable?k_raceDate=2018%2F04%2F27&k_raceNo=10&k_babaCode=21,data/cache/html/20180427_kawasaki_10.html
20180427_kawasaki_11,2018-04-27,kawasaki,11,https://www.keiba.go.jp/KeibaWeb/TodayRaceInfo/RaceMarkTable?k_raceDate=2018%2F04%2F27&k_raceNo=11&k_babaCode=21,data/cache/html/20180427_kawasaki_11.html
20180427_kawasaki_12,2018-04-27,kawasaki,12,https://www.keiba.go.jp/KeibaWeb/TodayRaceInfo/RaceMarkTable?k_raceDate=2018%2F04%2F27&k_raceNo=12&k_babaCode=21,data/cache/html/20180427_kawasaki_12.html
20180426_kawasaki_1,2018-04-26,kawasaki,1,https://www.keiba.go.jp/KeibaWeb/TodayRaceInfo/RaceMarkTable?k_raceDate=2018%2F04%2F26&k_raceNo=1&k_babaCode=21,data/cache/html/20180426_kawasaki_1.html
20180426_kawasaki_2,2018-04-26,kawasaki,2,https://www.keiba.go.jp/KeibaWeb/TodayRaceInfo/RaceMarkTable?k_raceDate=2018%2F04%2F26&k_raceNo=2&k_babaCode=21,data/cache/html/20180426_kawasaki_2.html
20180426_kawasaki_3,2018-04-26,kawasaki,3,https://www.keiba.go.jp/KeibaWeb/TodayRaceInfo/RaceMarkTable?k_raceDate=2018%2F04%2F26&k_raceNo=3&k_babaCode=21,data/cache/html/20180426_kawasaki_3.html
20180426_kawasaki_4,2018-04-26,kawasaki,4,https://www.keiba.go.jp/KeibaWeb/TodayRaceInfo/RaceMarkTable?k_raceDate=2018%2F04%2F26&k_raceNo=4&k_babaCode=21,data/cache/html/20180426_kawasaki_4.html
20180426_kawasaki_5,2018-04-26,kawasaki,5,https://www.keiba.go.jp/KeibaWeb/TodayRaceInfo/RaceMarkTable?k_raceDate=2018%2F04%2F26&k_raceNo=5&k_babaCode=21,data/cache/html/20180426_kawasaki_5.html
20180426_kawasaki_6,2018-04-26,kawasaki,6,https://www.keiba.go.jp/KeibaWeb/TodayRaceInfo/RaceMarkTable?k_raceDate=2018%2F04%2F26&k_raceNo=6&k_babaCode=21,data/cache/html/20180426_kawasaki_6.html
20180426_kawasaki_7,2018-04-26,kawasaki,7,https://www.keiba.go.jp/KeibaWeb/TodayRaceInfo/RaceMarkTable?k_raceDate=2018%2F04%2F26&k_raceNo=7&k_babaCode=21,data/cache/html/20180426_kawasaki_7.html
20180426_kawasaki_8,2018-04-26,kawasaki,8,https://www.keiba.go.jp/KeibaWeb/TodayRaceInfo/RaceMarkTable?k_raceDate=2018%2F04%2F26&k_raceNo=8&k_babaCode=21,data/cache/html/20180426_kawasaki_8.html
20180426_kawasaki_9,2018-04-26,kawasaki,9,https://www.keiba.go.jp/KeibaWeb/TodayRaceInfo/RaceMarkTable?k_raceDate=2018%2F04%2F26&k_raceNo=9&k_babaCode=21,data/cache/html/20180426_kawasaki_9.html
20180426_kawasaki_10,2018-04-26,kawasaki,10,https://www.keiba.go.jp/KeibaWeb/TodayRaceInfo/RaceMarkTable?k_raceDate=2018%2F04%2F26&k_raceNo=10&k_babaCode=21,data/cache/html/20180426_kawasaki_10.html
20180426_kawasaki_11,2018-04-26,kawasaki,11,https://www.keiba.go.jp/KeibaWeb/TodayRaceInfo/RaceMarkTable?k_raceDate=2018%2F04%2F26&k_raceNo=11&k_babaCode=21,data/cache/html/20180426_kawasaki_11.html
20180426_kawasaki_12,2018-04-26,kawasaki,12,https://www.keiba.go.jp/KeibaWeb/TodayRaceInfo/RaceMarkTable?k_raceDate=2018%2F04%2F26&k_raceNo=12&k_babaCode=21,data/cache/html/20180426_kawasaki_12.html
20180425_kawasaki_1,2018-04-25,kawasaki,1,https://www.keiba.go.jp/KeibaWeb/TodayRaceInfo/RaceMarkTable?k_raceDate=2018%2F04%2F25&k_raceNo=1&k_babaCode=21,data/cache/html/20180425_kawasaki_1.html
20180425_kawasaki_2,2018-04-25,kawasaki,2,https://www.keiba.go.jp/KeibaWeb/TodayRaceInfo/RaceMarkTable?k_raceDate=2018%2F04%2F25&k_raceNo=2&k_babaCode=21,data/cache/html/20180425_kawasaki_2.html
20180425_kawasaki_3,2018-04-25,kawasaki,3,https://www.keiba.go.jp/KeibaWeb/TodayRaceInfo/RaceMarkTable?k_raceDate=2018%2F04%2F25&k_raceNo=3&k_babaCode=21,data/cache/html/20180425_kawasaki_3.html
20180425_kawasaki_4,2018-04-25,kawasaki,4,https://www.keiba.go.jp/KeibaWeb/TodayRaceInfo/RaceMarkTable?k_raceDate=2018%2F04%2F25&k_raceNo=4&k_babaCode=21,data/cache/html/20180425_kawasaki_4.html
20180425_kawasaki_5,2018-04-25,kawasaki,5,https://www.keiba.go.jp/KeibaWeb/TodayRaceInfo/RaceMarkTable?k_raceDate=2018%2F04%2F25&k_raceNo=5&k_babaCode=21,data/cache/html/20180425_kawasaki_5.html
20180425_kawasaki_6,2018-04-25,kawasaki,6,https://www.keiba.go.jp/KeibaWeb/TodayRaceInfo/RaceMarkTable?k_raceDate=2018%2F04%2F25&k_raceNo=6&k_babaCode=21,data/cache/html/20180425_kawasaki_6.html
20180425_kawasaki_7,2018-04-25,kawasaki,7,https://www.keiba.go.jp/KeibaWeb/TodayRaceInfo/RaceMarkTable?k_raceDate=2018%2F04%2F25&k_raceNo=7&k_babaCode=21,data/cache/html/20180425_kawasaki_7.html
20180425_kawasaki_8,2018-04-25,kawasaki,8,https://www.keiba.go.jp/KeibaWeb/TodayRaceInfo/RaceMarkTable?k_raceDate=2018%2F04%2F25&k_raceNo=8&k_babaCode=21,data/cache/html/20180425_kawasaki_8.html
20180425_kawasaki_9,2018-04-25,kawasaki,9,https://www.keiba.go.jp/KeibaWeb/TodayRaceInfo/RaceMarkTable?k_raceDate=2018%2F04%2F25&k_raceNo=9&k_babaCode=21,data/cache/html/20180425_kawasaki_9.html
20180425_kawasaki_10,2018-04-25,kawasaki,10,https://www.keiba.go.jp/KeibaWeb/TodayRaceInfo/RaceMarkTable?k_raceDate=2018%2F04%2F25&k_raceNo=10&k_babaCode=21,data/cache/html/20180425_kawasaki_10.html
20180425_kawasaki_11,2018-04-25,kawasaki,11,https://www.keiba.go.jp/KeibaWeb/TodayRaceInfo/RaceMarkTable?k_raceDate=2018%2F04%2F25&k_raceNo=11&k_babaCode=21,data/cache/html/20180425_kawasaki_11.html
20180425_kawasaki_12,2018-04-25,kawasaki,12,https://www.keiba.go.jp/KeibaWeb/TodayRaceInfo/RaceMarkTable?k_raceDate=2018%2F04%2F25&k_raceNo=12&k_babaCode=21,data/cache/html/20180425_kawasaki_12.html
20180424_kawasaki_1,2018-04-24,kawasaki,1,https://www.keiba.go.jp/KeibaWeb/TodayRaceInfo/RaceMarkTable?k_raceDate=2018%2F04%2F24&k_raceNo=1&k_babaCode=21,data/cache/html/20180424_kawasaki_1.html
20180424_kawasaki_2,2018-04-24,kawasaki,2,https://www.keiba.go.jp/KeibaWeb/TodayRaceInfo/RaceMarkTable?k_raceDate=2018%2F04%2F24&k_raceNo=2&k_babaCode=21,data/cache/html/20180424_kawasaki_2.html
20180424_kawasaki_3,2018-04-24,kawasaki,3,https://www.keiba.go.jp/KeibaWeb/TodayRaceInfo/RaceMarkTable?k_raceDate=2018%2F04%2F24&k_raceNo=3&k_babaCode=21,data/cache/html/20180424_kawasaki_3.html
20180424_kawasaki_4,2018-04-24,kawasaki,4,https://www.keiba.go.jp/KeibaWeb/TodayRaceInfo/RaceMarkTable?k_raceDate=2018%2F04%2F24&k_raceNo=4&k_babaCode=21,data/cache/html/20180424_kawasaki_4.html
20180424_kawasaki_5,2018-04-24,kawasaki,5,https://www.keiba.go.jp/KeibaWeb/TodayRaceInfo/RaceMarkTable?k_raceDate=2018%2F04%2F24&k_raceNo=5&k_babaCode=21,data/cache/html/20180424_kawasaki_5.html
20180424_kawasaki_6,2018-04-24,kawasaki,6,https://www.keiba.go.jp/KeibaWeb/TodayRaceInfo/RaceMarkTable?k_raceDate=2018%2F04%2F24&k_raceNo=6&k_babaCode=21,data/cache/html/20180424_kawasaki_6.html
20180424_kawasaki_7,2018-04-24,kawasaki,7,https://www.keiba.go.jp/KeibaWeb/TodayRaceInfo/RaceMarkTable?k_raceDate=2018%2F04%2F24&k_raceNo=7&k_babaCode=21,data/cache/html/20180424_kawasaki_7.html
20180424_kawasaki_8,2018-04-24,kawasaki,8,https://www.keiba.go.jp/KeibaWeb/TodayRaceInfo/RaceMarkTable?k_raceDate=2018%2F04%2F24&k_raceNo=8&k_babaCode=21,data/cache/html/20180424_kawasaki_8.html
20180424_kawasaki_9,2018-04-24,kawasaki,9,https://www.keiba.go.jp/KeibaWeb/TodayRaceInfo/RaceMarkTable?k_raceDate=2018%2F04%2F24&k_raceNo=9&k_babaCode=21,data/cache/html/20180424_kawasaki_9.html
20180424_kawasaki_10,2018-04-24,kawasaki,10,https://www.keiba.go.jp/KeibaWeb/TodayRaceInfo/RaceMarkTable?k_raceDate=2018%2F04%2F24&k_raceNo=10&k_babaCode=21,data/cache/html/20180424_kawasaki_10.html
20180424_kawasaki_11,2018-04-24,kawasaki,11,https://www.keiba.go.jp/KeibaWeb/TodayRaceInfo/RaceMarkTable?k_raceDate=2018%2F04%2F24&k_raceNo=11&k_babaCode=21,data/cache/html/20180424_kawasaki_11.html
20180424_kawasaki_12,2018-04-24,kawasaki,12,https://www.keiba.go.jp/KeibaWeb/TodayRaceInfo/RaceMarkTable?k_raceDate=2018%2F04%2F24&k_raceNo=12&k_babaCode=21,data/cache/html/20180424_kawasaki_12.html
20180423_kawasaki_1,2018-04-23,kawasaki,1,https://www.keiba.go.jp/KeibaWeb/TodayRaceInfo/RaceMarkTable?k_raceDate=2018%2F04%2F23&k_raceNo=1&k_babaCode=21,data/cache/html/20180423_kawasaki_1.html
20180423_kawasaki_2,2018-04-23,kawasaki,2,https://www.keiba.go.jp/KeibaWeb/TodayRaceInfo/RaceMarkTable?k_raceDate=2018%2F04%2F23&k_raceNo=2&k_babaCode=21,data/cache/html/20180423_kawasaki_2.html
20180423_kawasaki_3,2018-04-23,kawasaki,3,https://www.keiba.go.jp/KeibaWeb/TodayRaceInfo/RaceMarkTable?k_raceDate=2018%2F04%2F23&k_raceNo=3&k_babaCode=21,data/cache/html/20180423_kawasaki_3.html
20180423_kawasaki_4,2018-04-23,kawasaki,4,https://www.keiba.go.jp/KeibaWeb/TodayRaceInfo/RaceMarkTable?k_raceDate=2018%2F04%2F23&k_raceNo=4&k_babaCode=21,data/cache/html/20180423_kawasaki_4.html
20180423_kawasaki_5,2018-04-23,kawasaki,5,https://www.keiba.go.jp/KeibaWeb/TodayRaceInfo/RaceMarkTable?k_raceDate=2018%2F04%2F23&k_raceNo=5&k_babaCode=21,data/cache/html/20180423_kawasaki_5.html
20180423_kawasaki_6,2018-04-23,kawasaki,6,https://www.keiba.go.jp/KeibaWeb/TodayRaceInfo/RaceMarkTable?k_raceDate=2018%2F04%2F23&k_raceNo=6&k_babaCode=21,data/cache/html/20180423_kawasaki_6.html
20180423_kawasaki_7,2018-04-23,kawasaki,7,https://www.keiba.go.jp/KeibaWeb/TodayRaceInfo/RaceMarkTable?k_raceDate=2018%2F04%2F23&k_raceNo=7&k_babaCode=21,data/cache/html/20180423_kawasaki_7.html
20180423_kawasaki_8,2018-04-23,kawasaki,8,https://www.keiba.go.jp/KeibaWeb/TodayRaceInfo/RaceMarkTable?k_raceDate=2018%2F04%2F23&k_raceNo=8&k_babaCode=21,data/cache/html/20180423_kawasaki_8.html
20180423_kawasaki_9,2018-04-23,kawasaki,9,https://www.keiba.go.jp/KeibaWeb/TodayRaceInfo/RaceMarkTable?k_raceDate=2018%2F04%2F23&k_raceNo=9&k_babaCode=21,data/cache/html/20180423_kawasaki_9.html
20180423_kawasaki_10,2018-04-23,kawasaki,10,https://www.keiba.go.jp/KeibaWeb/TodayRaceInfo/RaceMarkTable?k_raceDate=2018%2F04%2F23&k_raceNo=10&k_babaCode=21,data/cache/html/20180423_kawasaki_10.html
20180423_kawasaki_11,2018-04-23,kawasaki,11,https://www.keiba.go.jp/KeibaWeb/TodayRaceInfo/RaceMarkTable?k_raceDate=2018%2F04%2F23&k_raceNo=11&k_babaCode=21,data/cache/html/20180423_kawasaki_11.html
20180423_kawasaki_12,2018-04-23,kawasaki,12,https://www.keiba.go.jp/KeibaWeb/TodayRaceInfo/RaceMarkTable?k_raceDate=2018%2F04%2F23&k_raceNo=12&k_babaCode=21,data/cache/html/20180423_kawasaki_12.html
20180422_kawasaki_1,2018-04-22,kawasaki,1,https://www.keiba.go.jp/KeibaWeb/TodayRaceInfo/RaceMarkTable?k_raceDate=2018%2F04%2F22&k_raceNo=1&k_babaCode=21,data/cache/html/20180422_kawasaki_1.html
20180422_kawasaki_2,2018-04-22,kawasaki,2,https://www.keiba.go.jp/KeibaWeb/TodayRaceInfo/RaceMarkTable?k_raceDate=2018%2F04%2F22&k_raceNo=2&k_babaCode=21,data/cache/html/20180422_kawasaki_2.html
20180422_kawasaki_3,2018-04-22,kawasaki,3,https://www.keiba.go.jp/KeibaWeb/TodayRaceInfo/RaceMarkTable?k_raceDate=2018%2F04%2F22&k_raceNo=3&k_babaCode=21,data/cache/html/20180422_kawasaki_3.html
20180422_kawasaki_4,2018-04-22,kawasaki,4,https://www.keiba.go.jp/KeibaWeb/TodayRaceInfo/RaceMarkTable?k_raceDate=2018%2F04%2F22&k_raceNo=4&k_babaCode=21,data/cache/html/20180422_kawasaki_4.html
20180422_kawasaki_5,2018-04-22,kawasaki,5,https://www.keiba.go.jp/KeibaWeb/TodayRaceInfo/RaceMarkTable?k_raceDate=2018%2F04%2F22&k_raceNo=5&k_babaCode=21,data/cache/html/20180422_kawasaki_5.html
20180422_kawasaki_6,2018-04-22,kawasaki,6,https://www.keiba.go.jp/KeibaWeb/TodayRaceInfo/RaceMarkTable?k_raceDate=2018%2F04%2F22&k_raceNo=6&k_babaCode=21,data/cache/html/20180422_kawasaki_6.html
20180422_kawasaki_7,2018-04-22,kawasaki,7,https://www.keiba.go.jp/KeibaWeb/TodayRaceInfo/RaceMarkTable?k_raceDate=2018%2F04%2F22&k_raceNo=7&k_babaCode=21,data/cache/html/20180422_kawasaki_7.html
20180422_kawasaki_8,2018-04-22,kawasaki,8,https://www.keiba.go.jp/KeibaWeb/TodayRaceInfo/RaceMarkTable?k_raceDate=2018%2F04%2F22&k_raceNo=8&k_babaCode=21,data/cache/html/20180422_kawasaki_8.html
20180422_kawasaki_9,2018-04-22,kawasaki,9,https://www.keiba.go.jp/KeibaWeb/TodayRaceInfo/RaceMarkTable?k_raceDate=2018%2F04%2F22&k_raceNo=9&k_babaCode=21,data/cache/html/20180422_kawasaki_9.html
20180422_kawasaki_10,2018-04-22,kawasaki,10,https://www.keiba.go.jp/KeibaWeb/TodayRaceInfo/RaceMarkTable?k_raceDate=2018%2F04%2F22&k_raceNo=10&k_babaCode=21,data/cache/html/20180422_kawasaki_10.html
20180422_kawasaki_11,2018-04-22,kawasaki,11,https://www.keiba.go.jp/KeibaWeb/TodayRaceInfo/RaceMarkTable?k_raceDate=2018%2F04%2F22&k_raceNo=11&k_babaCode=21,data/cache/html/20180422_kawasaki_11.html
20180422_kawasaki_12,2018-04-22,kawasaki,12,https://www.keiba.go.jp/KeibaWeb/TodayRaceInfo/RaceMarkTable?k_raceDate=2018%2F04%2F22&k_raceNo=12&k_babaCode=21,data/cache/html/20180422_kawasaki_12.html
20180421_kawasaki_1,2018-04-21,kawasaki,1,https://www.keiba.go.jp/KeibaWeb/TodayRaceInfo/RaceMarkTable?k_raceDate=2018%2F04%2F21&k_raceNo=1&k_babaCode=21,data/cache/html/20180421_kawasaki_1.html
20180421_kawasaki_2,2018-04-21,kawasaki,2,https://www.keiba.go.jp/KeibaWeb/TodayRaceInfo/RaceMarkTable?k_raceDate=2018%2F04%2F21&k_raceNo=2&k_babaCode=21,data/cache/html/20180421_kawasaki_2.html
20180421_kawasaki_3,2018-04-21,kawasaki,3,https://www.keiba.go.jp/KeibaWeb/TodayRaceInfo/RaceMarkTable?k_raceDate=2018%2F04%2F21&k_raceNo=3&k_babaCode=21,data/cache/html/20180421_kawasaki_3.html
20180421_kawasaki_4,2018-04-21,kawasaki,4,https://www.keiba.go.jp/KeibaWeb/TodayRaceInfo/RaceMarkTable?k_raceDate=2018%2F04%2F21&k_raceNo=4&k_babaCode=21,data/cache/html/20180421_kawasaki_4.html
20180421_kawasaki_5,2018-04-21,kawasaki,5,https://www.keiba.go.jp/KeibaWeb/TodayRaceInfo/RaceMarkTable?k_raceDate=2018%2F04%2F21&k_raceNo=5&k_babaCode=21,data/cache/html/20180421_kawasaki_5.html
20180421_kawasaki_6,2018-04-21,kawasaki,6,https://www.keiba.go.jp/KeibaWeb/TodayRaceInfo/RaceMarkTable?k_raceDate=2018%2F04%2F21&k_raceNo=6&k_babaCode=21,data/cache/html/20180421_kawasaki_6.html
20180421_kawasaki_7,2018-04-21,kawasaki,7,https://www.keiba.go.jp/KeibaWeb/TodayRaceInfo/RaceMarkTable?k_raceDate=2018%2F04%2F21&k_raceNo=7&k_babaCode=21,data/cache/html/20180421_kawasaki_7.html
20180421_kawasaki_8,2018-04-21,kawasaki,8,https://www.keiba.go.jp/KeibaWeb/TodayRaceInfo/RaceMarkTable?k_raceDate=2018%2F04%2F21&k_raceNo=8&k_babaCode=21,data/cache/html/20180421_kawasaki_8.html
20180421_kawasaki_9,2018-04-21,kawasaki,9,https://www.keiba.go.jp/KeibaWeb/TodayRaceInfo/RaceMarkTable?k_raceDate=2018%2F04%2F21&k_raceNo=9&k_babaCode=21,data/cache/html/20180421_kawasaki_9.html
20180421_kawasaki_10,2018-04-21,kawasaki,10,https://www.keiba.go.jp/KeibaWeb/TodayRaceInfo/RaceMarkTable?k_raceDate=2018%2F04%2F21&k_raceNo=10&k_babaCode=21,data/cache/html/20180421_kawasaki_10.html
20180421_kawasaki_11,2018-04-21,kawasaki,11,https://www.keiba.go.jp/KeibaWeb/TodayRaceInfo/RaceMarkTable?k_raceDate=2018%2F04%2F21&k_raceNo=11&k_babaCode=21,data/cache/html/20180421_kawasaki_11.html
20180421_kawasaki_12,2018-04-21,kawasaki,12,https://www.keiba.go.jp/KeibaWeb/TodayRaceInfo/RaceMarkTable?k_raceDate=2018%2F04%2F21&k_raceNo=12&k_babaCode=21,data/cache/html/20180421_kawasaki_12.html
20180420_kawasaki_1,2018-04-20,kawasaki,1,https://www.keiba.go.jp/KeibaWeb/TodayRaceInfo/RaceMarkTable?k_raceDate=2018%2F04%2F20&k_raceNo=1&k_babaCode=21,data/cache/html/20180420_kawasaki_1.html
20180420_kawasaki_2,2018-04-20,kawasaki,2,https://www.keiba.go.jp/KeibaWeb/TodayRaceInfo/RaceMarkTable?k_raceDate=2018%2F04%2F20&k_raceNo=2&k_babaCode=21,data/cache/html/20180420_kawasaki_2.html
20180420_kawasaki_3,2018-04-20,kawasaki,3,https://www.keiba.go.jp/KeibaWeb/TodayRaceInfo/RaceMarkTable?k_raceDate=2018%2F04%2F20&k_raceNo=3&k_babaCode=21,data/cache/html/20180420_kawasaki_3.html
20180420_kawasaki_4,2018-04-20,kawasaki,4,https://www.keiba.go.jp/KeibaWeb/TodayRaceInfo/RaceMarkTable?k_raceDate=2018%2F04%2F20&k_raceNo=4&k_babaCode=21,data/cache/html/20180420_kawasaki_4.html
20180420_kawasaki_5,2018-04-20,kawasaki,5,https://www.keiba.go.jp/KeibaWeb/TodayRaceInfo/RaceMarkTable?k_raceDate=2018%2F04%2F20&k_raceNo=5&k_babaCode=21,data/cache/html/20180420_kawasaki_5.html
20180420_kawasaki_6,2018-04-20,kawasaki,6,https://www.keiba.go.jp/KeibaWeb/TodayRaceInfo/RaceMarkTable?k_raceDate=2018%2F04%2F20&k_raceNo=6&k_babaCode=21,data/cache/html/20180420_kawasaki_6.html
20180420_kawasaki_7,2018-04-20,kawasaki,7,https://www.keiba.go.jp/KeibaWeb/TodayRaceInfo/RaceMarkTable?k_raceDate=2018%2F04%2F20&k_raceNo=7&k_babaCode=21,data/cache/html/20180420_kawasaki_7.html
20180420_kawasaki_8,2018-04-20,kawasaki,8,https://www.keiba.go.jp/KeibaWeb/TodayRaceInfo/RaceMarkTable?k_raceDate=2018%2F04%2F20&k_raceNo=8&k_babaCode=21,data/cache/html/20180420_kawasaki_8.html
20180420_kawasaki_9,2018-04-20,kawasaki,9,https://www.keiba.go.jp/KeibaWeb/TodayRaceInfo/RaceMarkTable?k_raceDate=2018%2F04%2F20&k_raceNo=9&k_babaCode=21,data/cache/html/20180420_kawasaki_9.html
20180420_kawasaki_10,2018-04-20,kawasaki,10,https://www.keiba.go.jp/KeibaWeb/TodayRaceInfo/RaceMarkTable?k_raceDate=2018%2F04%2F20&k_raceNo=10&k_babaCode=21,data/cache/html/20180420_kawasaki_10.html
20180420_kawasaki_11,2018-04-20,kawasaki,11,https://www.keiba.go.jp/KeibaWeb/TodayRaceInfo/RaceMarkTable?k_raceDate=2018%2F04%2F20&k_raceNo=11&k_babaCode=21,data/cache/html/20180420_kawasaki_11.html
20180420_kawasaki_12,2018-04-20,kawasaki,12,https://www.keiba.go.jp/KeibaWeb/TodayRaceInfo/RaceMarkTable?k_raceDate=2018%2F04%2F20&k_raceNo=12&k_babaCode=21,data/cache/html/20180420_kawasaki_12.html
20180419_kawasaki_1,2018-04-19,kawasaki,1,https://www.keiba.go.jp/KeibaWeb/TodayRaceInfo/RaceMarkTable?k_raceDate=2018%2F04%2F19&k_raceNo=1&k_babaCode=21,data/cache/html/20180419_kawasaki_1.html
20180419_kawasaki_2,2018-04-19,kawasaki,2,https://www.keiba.go.jp/KeibaWeb/TodayRaceInfo/RaceMarkTable?k_raceDate=2018%2F04%2F19&k_raceNo=2&k_babaCode=21,data/cache/html/20180419_kawasaki_2.html
20180419_kawasaki_3,2018-04-19,kawasaki,3,https://www.keiba.go.jp/KeibaWeb/TodayRaceInfo/RaceMarkTable?k_raceDate=2018%2F04%2F19&k_raceNo=3&k_babaCode=21,data/cache/html/20180419_kawasaki_3.html
20180419_kawasaki_4,2018-04-19,kawasaki,4,https://www.keiba.go.jp/KeibaWeb/TodayRaceInfo/RaceMarkTable?k_raceDate=2018%2F04%2F19&k_raceNo=4&k_babaCode=21,data/cache/html/20180419_kawasaki_4.html
20180419_kawasaki_5,2018-04-19,kawasaki,5,https://www.keiba.go.jp/KeibaWeb/TodayRaceInfo/RaceMarkTable?k_raceDate=2018%2F04%2F19&k_raceNo=5&k_babaCode=21,data/cache/html/20180419_kawasaki_5.html
20180419_kawasaki_6,2018-04-19,kawasaki,6,https://www.keiba.go.jp/KeibaWeb/TodayRaceInfo/RaceMarkTable?k_raceDate=2018%2F04%2F19&k_raceNo=6&k_babaCode=21,data/cache/html/20180419_kawasaki_6.html
20180419_kawasaki_7,2018-04-19,kawasaki,7,https://www.keiba.go.jp/KeibaWeb/TodayRaceInfo/RaceMarkTable?k_raceDate=2018%2F04%2F19&k_raceNo=7&k_babaCode=21,data/cache/html/20180419_kawasaki_7.html
20180419_kawasaki_8,2018-04-19,kawasaki,8,https://www.keiba.go.jp/KeibaWeb/TodayRaceInfo/RaceMarkTable?k_raceDate=2018%2F04%2F19&k_raceNo=8&k_babaCode=21,data/cache/html/20180419_kawasaki_8.html
20180419_kawasaki_9,2018-04-19,kawasaki,9,https://www.keiba.go.jp/KeibaWeb/TodayRaceInfo/RaceMarkTable?k_raceDate=2018%2F04%2F19&k_raceNo=9&k_babaCode=21,data/cache/html/20180419_kawasaki_9.html
20180419_kawasaki_10,2018-04-19,kawasaki,10,https://www.keiba.go.jp/KeibaWeb/TodayRaceInfo/RaceMarkTable?k_raceDate=2018%2F04%2F19&k_raceNo=10&k_babaCode=21,data/cache/html/20180419_kawasaki_10.html
20180419_kawasaki_11,2018-04-19,kawasaki,11,https://www.keiba.go.jp/KeibaWeb/TodayRaceInfo/RaceMarkTable?k_raceDate=2018%2F04%2F19&k_raceNo=11&k_babaCode=21,data/cache/html/20180419_kawasaki_11.html
20180419_kawasaki_12,2018-04-19,kawasaki,12,https://www.keiba.go.jp/KeibaWeb/TodayRaceInfo/RaceMarkTable?k_raceDate=2018%2F04%2F19&k_raceNo=12&k_babaCode=21,data/cache/html/20180419_kawasaki_12.html
20180418_kawasaki_1,2018-04-18,kawasaki,1,https://www.keiba.go.jp/KeibaWeb/TodayRaceInfo/RaceMarkTable?k_raceDate=2018%2F04%2F18&k_raceNo=1&k_babaCode=21,data/cache/html/20180418_kawasaki_1.html
20180418_kawasaki_2,2018-04-18,kawasaki,2,https://www.keiba.go.jp/KeibaWeb/TodayRaceInfo/RaceMarkTable?k_raceDate=2018%2F04%2F18&k_raceNo=2&k_babaCode=21,data/cache/html/20180418_kawasaki_2.html
20180418_kawasaki_3,2018-04-18,kawasaki,3,https://www.keiba.go.jp/KeibaWeb/TodayRaceInfo/RaceMarkTable?k_raceDate=2018%2F04%2F18&k_raceNo=3&k_babaCode=21,data/cache/html/20180418_kawasaki_3.html
20180418_kawasaki_4,2018-04-18,kawasaki,4,https://www.keiba.go.jp/KeibaWeb/TodayRaceInfo/RaceMarkTable?k_raceDate=2018%2F04%2F18&k_raceNo=4&k_babaCode=21,data/cache/html/20180418_kawasaki_4.html
20180418_kawasaki_5,2018-04-18,kawasaki,5,https://www.keiba.go.jp/KeibaWeb/TodayRaceInfo/RaceMarkTable?k_raceDate=2018%2F04%2F18&k_raceNo=5&k_babaCode=21,data/cache/html/20180418_kawasaki_5.html
20180418_kawasaki_6,2018-04-18,kawasaki,6,https://www.keiba.go.jp/KeibaWeb/TodayRaceInfo/RaceMarkTable?k_raceDate=2018%2F04%2F18&k_raceNo=6&k_babaCode=21,data/cache/html/20180418_kawasaki_6.html
20180418_kawasaki_7,2018-04-18,kawasaki,7,https://www.keiba.go.jp/KeibaWeb/TodayRaceInfo/RaceMarkTable?k_raceDate=2018%2F04%2F18&k_raceNo=7&k_babaCode=21,data/cache/html/20180418_kawasaki_7.html
20180418_kawasaki_8,2018-04-18,kawasaki,8,https://www.keiba.go.jp/KeibaWeb/TodayRaceInfo/RaceMarkTable?k_raceDate=2018%2F04%2F18&k_raceNo=8&k_babaCode=21,data/cache/html/20180418_kawasaki_8.html
20180418_kawasaki_9,2018-04-18,kawasaki,9,https://www.keiba.go.jp/KeibaWeb/TodayRaceInfo/RaceMarkTable?k_raceDate=2018%2F04%2F18&k_raceNo=9&k_babaCode=21,data/cache/html/20180418_kawasaki_9.html
20180418_kawasaki_10,2018-04-18,kawasaki,10,https://www.keiba.go.jp/KeibaWeb/TodayRaceInfo/RaceMarkTable?k_raceDate=2018%2F04%2F18&k_raceNo=10&k_babaCode=21,data/cache/html/20180418_kawasaki_10.html
20180418_kawasaki_11,2018-04-18,kawasaki,11,https://www.keiba.go.jp/KeibaWeb/TodayRaceInfo/RaceMarkTable?k_raceDate=2018%2F04%2F18&k_raceNo=11&k_babaCode=21,data/cache/html/20180418_kawasaki_11.html
20180418_kawasaki_12,2018-04-18,kawasaki,12,https://www.keiba.go.jp/KeibaWeb/TodayRaceInfo/RaceMarkTable?k_raceDate=2018%2F04%2F18&k_raceNo=12&k_babaCode=21,data/cache/html/20180418_kawasaki_12.html
20180417_kawasaki_1,2018-04-17,kawasaki,1,https://www.keiba.go.jp/KeibaWeb/TodayRaceInfo/RaceMarkTable?k_raceDate=2018%2F04%2F17&k_raceNo=1&k_babaCode=21,data/cache/html/20180417_kawasaki_1.html
20180417_kawasaki_2,2018-04-17,kawasaki,2,https://www.keiba.go.jp/KeibaWeb/TodayRaceInfo/RaceMarkTable?k_raceDate=2018%2F04%2F17&k_raceNo=2&k_babaCode=21,data/cache/html/20180417_kawasaki_2.html
20180417_kawasaki_3,2018-04-17,kawasaki,3,https://www.keiba.go.jp/KeibaWeb/TodayRaceInfo/RaceMarkTable?k_raceDate=2018%2F04%2F17&k_raceNo=3&k_babaCode=21,data/cache/html/20180417_kawasaki_3.html
20180417_kawasaki_4,2018-04-17,kawasaki,4,https://www.keiba.go.jp/KeibaWeb/TodayRaceInfo/RaceMarkTable?k_raceDate=2018%2F04%2F17&k_raceNo=4&k_babaCode=21,data/cache/html/20180417_kawasaki_4.html
20180417_kawasaki_5,2018-04-17,kawasaki,5,https://www.keiba.go.jp/KeibaWeb/TodayRaceInfo/RaceMarkTable?k_raceDate=2018%2F04%2F17&k_raceNo=5&k_babaCode=21,data/cache/html/20180417_kawasaki_5.html
20180417_kawasaki_6,2018-04-17,kawasaki,6,https://www.keiba.go.jp/KeibaWeb/TodayRaceInfo/RaceMarkTable?k_raceDate=2018%2F04%2F17&k_raceNo=6&k_babaCode=21,data/cache/html/20180417_kawasaki_6.html
20180417_kawasaki_7,2018-04-17,kawasaki,7,https://www.keiba.go.jp/KeibaWeb/TodayRaceInfo/RaceMarkTable?k_raceDate=2018%2F04%2F17&k_raceNo=7&k_babaCode=21,data/cache/html/20180417_kawasaki_7.html
20180417_kawasaki_8,2018-04-17,kawasaki,8,https://www.keiba.go.jp/KeibaWeb/TodayRaceInfo/RaceMarkTable?k_raceDate=2018%2F04%2F17&k_raceNo=8&k_babaCode=21,data/cache/html/20180417_kawasaki_8.html
20180417_kawasaki_9,2018-04-17,kawasaki,9,https://www.keiba.go.jp/KeibaWeb/TodayRaceInfo/RaceMarkTable?k_raceDate=2018%2F04%2F17&k_raceNo=9&k_babaCode=21,data/cache/html/20180417_kawasaki_9.html
20180417_kawasaki_10,2018-04-17,kawasaki,10,https://www.keiba.go.jp/KeibaWeb/TodayRaceInfo/RaceMarkTable?k_raceDate=2018%2F04%2F17&k_raceNo=10&k_babaCode=21,data/cache/html/20180417_kawasaki_10.html
20180417_kawasaki_11,2018-04-17,kawasaki,11,https://www.keiba.go.jp/KeibaWeb/TodayRaceInfo/RaceMarkTable?k_raceDate=2018%2F04%2F17&k_raceNo=11&k_babaCode=21,data/cache/html/20180417_kawasaki_11.html
20180417_kawasaki_12,2018-04-17,kawasaki,12,https://www.keiba.go.jp/KeibaWeb/TodayRaceInfo/RaceMarkTable?k_raceDate=2018%2F04%2F17&k_raceNo=12&k_babaCode=21,data/cache/html/20180417_kawasaki_12.html
20180416_kawasaki_1,2018-04-16,kawasaki,1,https://www.keiba.go.jp/KeibaWeb/TodayRaceInfo/RaceMarkTable?k_raceDate=2018%2F04%2F16&k_raceNo=1&k_babaCode=21,data/cache/html/20180416_kawasaki_1.html
20180416_kawasaki_2,2018-04-16,kawasaki,2,https://www.keiba.go.jp/KeibaWeb/TodayRaceInfo/RaceMarkTable?k_raceDate=2018%2F04%2F16&k_raceNo=2&k_babaCode=21,data/cache/html/20180416_kawasaki_2.html
20180416_kawasaki_3,2018-04-16,kawasaki,3,https://www.keiba.go.jp/KeibaWeb/TodayRaceInfo/RaceMarkTable?k_raceDate=2018%2F04%2F16&k_raceNo=3&k_babaCode=21,data/cache/html/20180416_kawasaki_3.html
20180416_kawasaki_4,2018-04-16,kawasaki,4,https://www.keiba.go.jp/KeibaWeb/TodayRaceInfo/RaceMarkTable?k_raceDate=2018%2F04%2F16&k_raceNo=4&k_babaCode=21,data/cache/html/20180416_kawasaki_4.html
20180416_kawasaki_5,2018-04-16,kawasaki,5,https://www.keiba.go.jp/KeibaWeb/TodayRaceInfo/RaceMarkTable?k_raceDate=2018%2F04%2F16&k_raceNo=5&k_babaCode=21,data/cache/html/20180416_kawasaki_5.html
20180416_kawasaki_6,2018-04-16,kawasaki,6,https://www.keiba.go.jp/KeibaWeb/TodayRaceInfo/RaceMarkTable?k_raceDate=2018%2F04%2F16&k_raceNo=6&k_babaCode=21,data/cache/html/20180416_kawasaki_6.html
20180416_kawasaki_7,2018-04-16,kawasaki,7,https://www.keiba.go.jp/KeibaWeb/TodayRaceInfo/RaceMarkTable?k_raceDate=2018%2F04%2F16&k_raceNo=7&k_babaCode=21,data/cache/html/20180416_kawasaki_7.html
20180416_kawasaki_8,2018-04-16,kawasaki,8,https://www.keiba.go.jp/KeibaWeb/TodayRaceInfo/RaceMarkTable?k_raceDate=2018%2F04%2F16&k_raceNo=8&k_babaCode=21,data/cache/html/20180416_kawasaki_8.html
20180416_kawasaki_9,2018-04-16,kawasaki,9,https://www.keiba.go.jp/KeibaWeb/TodayRaceInfo/RaceMarkTable?k_raceDate=2018%2F04%2F16&k_raceNo=9&k_babaCode=21,data/cache/html/20180416_kawasaki_9.html
20180416_kawasaki_10,2018-04-16,kawasaki,10,https://www.keiba.go.jp/KeibaWeb/TodayRaceInfo/RaceMarkTable?k_raceDate=2018%2F04%2F16&k_raceNo=10&k_babaCode=21,data/cache/html/20180416_kawasaki_10.html
20180416_kawasaki_11,2018-04-16,kawasaki,11,https://www.keiba.go.jp/KeibaWeb/TodayRaceInfo/RaceMarkTable?k_raceDate=2018%2F04%2F16&k_raceNo=11&k_babaCode=21,data/cache/html/20180416_kawasaki_11.html
20180416_kawasaki_12,2018-04-16,kawasaki,12,https://www.keiba.go.jp/KeibaWeb/TodayRaceInfo/RaceMarkTable?k_raceDate=2018%2F04%2F16&k_raceNo=12&k_babaCode=21,data/cache/html/20180416_kawasaki_12.html
20180415_kawasaki_1,2018-04-15,kawasaki,1,https://www.keiba.go.jp/KeibaWeb/TodayRaceInfo/RaceMarkTable?k_raceDate=2018%2F04%2F15&k_raceNo=1&k_babaCode=21,data/cache/html/20180415_kawasaki_1.html
20180415_kawasaki_2,2018-04-15,kawasaki,2,https://www.keiba.go.jp/KeibaWeb/TodayRaceInfo/RaceMarkTable?k_raceDate=2018%2F04%2F15&k_raceNo=2&k_babaCode=21,data/cache/html/20180415_kawasaki_2.html
20180415_kawasaki_3,2018-04-15,kawasaki,3,https://www.keiba.go.jp/KeibaWeb/TodayRaceInfo/RaceMarkTable?k_raceDate=2018%2F04%2F15&k_raceNo=3&k_babaCode=21,data/cache/html/20180415_kawasaki_3.html
20180415_kawasaki_4,2018-04-15,kawasaki,4,https://www.keiba.go.jp/KeibaWeb/TodayRaceInfo/RaceMarkTable?k_raceDate=2018%2F04%2F15&k_raceNo=4&k_babaCode=21,data/cache/html/20180415_kawasaki_4.html
20180415_kawasaki_5,2018-04-15,kawasaki,5,https://www.keiba.go.jp/KeibaWeb/TodayRaceInfo/RaceMarkTable?k_raceDate=2018%2F04%2F15&k_raceNo=5&k_babaCode=21,data/cache/html/20180415_kawasaki_5.html
20180415_kawasaki_6,2018-04-15,kawasaki,6,https://www.keiba.go.jp/KeibaWeb/TodayRaceInfo/RaceMarkTable?k_raceDate=2018%2F04%2F15&k_raceNo=6&k_babaCode=21,data/cache/html/20180415_kawasaki_6.html
20180415_kawasaki_7,2018-04-15,kawasaki,7,https://www.keiba.go.jp/KeibaWeb/TodayRaceInfo/RaceMarkTable?k_raceDate=2018%2F04%2F15&k_raceNo=7&k_babaCode=21,data/cache/html/20180415_kawasaki_7.html
20180415_kawasaki_8,2018-04-15,kawasaki,8,https://www.keiba.go.jp/KeibaWeb/TodayRaceInfo/RaceMarkTable?k_raceDate=2018%2F04%2F15&k_raceNo=8&k_babaCode=21,data/cache/html/20180415_kawasaki_8.html
20180415_kawasaki_9,2018-04-15,kawasaki,9,https://www.keiba.go.jp/KeibaWeb/TodayRaceInfo/RaceMarkTable?k_raceDate=2018%2F04%2F15&k_raceNo=9&k_babaCode=21,data/cache/html/20180415_kawasaki_9.html
20180415_kawasaki_10,2018-04-15,kawasaki,10,https://www.keiba.go.jp/KeibaWeb/TodayRaceInfo/RaceMarkTable?k_raceDate=2018%2F04%2F15&k_raceNo=10&k_babaCode=21,data/cache/html/20180415_kawasaki_10.html
20180415_kawasaki_11,2018-04-15,kawasaki,11,https://www.keiba.go.jp/KeibaWeb/TodayRaceInfo/RaceMarkTable?k_raceDate=2018%2F04%2F15&k_raceNo=11&k_babaCode=21,data/cache/html/20180415_kawasaki_11.html
20180415_kawasaki_12,2018-04-15,kawasaki,12,https://www.keiba.go.jp/KeibaWeb/TodayRaceInfo/RaceMarkTable?k_raceDate=2018%2F04%2F15&k_raceNo=12&k_babaCode=21,data/cache/html/20180415_kawasaki_12.html
20180414_kawasaki_1,2018-04-14,kawasaki,1,https://www.keiba.go.jp/KeibaWeb/TodayRaceInfo/RaceMarkTable?k_raceDate=2018%2F04%2F14&k_raceNo=1&k_babaCode=21,data/cache/html/20180414_kawasaki_1.html
20180414_kawasaki_2,2018-04-14,kawasaki,2,https://www.keiba.go.jp/KeibaWeb/TodayRaceInfo/RaceMarkTable?k_raceDate=2018%2F04%2F14&k_raceNo=2&k_babaCode=21,data/cache/html/20180414_kawasaki_2.html
20180414_kawasaki_3,2018-04-14,kawasaki,3,https://www.keiba.go.jp/KeibaWeb/TodayRaceInfo/RaceMarkTable?k_raceDate=2018%2F04%2F14&k_raceNo=3&k_babaCode=21,data/cache/html/20180414_kawasaki_3.html
20180414_kawasaki_4,2018-04-14,kawasaki,4,https://www.keiba.go.jp/KeibaWeb/TodayRaceInfo/RaceMarkTable?k_raceDate=2018%2F04%2F14&k_raceNo=4&k_babaCode=21,data/cache/html/20180414_kawasaki_4.html
20180414_kawasaki_5,2018-04-14,kawasaki,5,https://www.keiba.go.jp/KeibaWeb/TodayRaceInfo/RaceMarkTable?k_raceDate=2018%2F04%2F14&k_raceNo=5&k_babaCode=21,data/cache/html/20180414_kawasaki_5.html
20180414_kawasaki_6,2018-04-14,kawasaki,6,https://www.keiba.go.jp/KeibaWeb/TodayRaceInfo/RaceMarkTable?k_raceDate=2018%2F04%2F14&k_raceNo=6&k_babaCode=21,data/cache/html/20180414_kawasaki_6.html
20180414_kawasaki_7,2018-04-14,kawasaki,7,https://www.keiba.go.jp/KeibaWeb/TodayRaceInfo/RaceMarkTable?k_raceDate=2018%2F04%2F14&k_raceNo=7&k_babaCode=21,data/cache/html/20180414_kawasaki_7.html
20180414_kawasaki_8,2018-04-14,kawasaki,8,https://www.keiba.go.jp/KeibaWeb/TodayRaceInfo/RaceMarkTable?k_raceDate=2018%2F04%2F14&k_raceNo=8&k_babaCode=21,data/cache/html/20180414_kawasaki_8.html
20180414_kawasaki_9,2018-04-14,kawasaki,9,https://www.keiba.go.jp/KeibaWeb/TodayRaceInfo/RaceMarkTable?k_raceDate=2018%2F04%2F14&k_raceNo=9&k_babaCode=21,data/cache/html/20180414_kawasaki_9.html
20180414_kawasaki_10,2018-04-14,kawasaki,10,https://www.keiba.go.jp/KeibaWeb/TodayRaceInfo/RaceMarkTable?k_raceDate=2018%2F04%2F14&k_raceNo=10&k_babaCode=21,data/cache/html/20180414_kawasaki_10.html
20180414_kawasaki_11,2018-04-14,kawasaki,11,https://www.keiba.go.jp/KeibaWeb/TodayRaceInfo/RaceMarkTable?k_raceDate=2018%2F04%2F14&k_raceNo=11&k_babaCode=21,data/cache/html/20180414_kawasaki_11.html
20180414_kawasaki_12,2018-04-14,kawasaki,12,https://www.keiba.go.jp/KeibaWeb/TodayRaceInfo/RaceMarkTable?k_raceDate=2018%2F04%2F14&k_raceNo=12&k_babaCode=21,data/cache/html/20180414_kawasaki_12.html
20180413_kawasaki_1,2018-04-13,kawasaki,1,https://www.keiba.go.jp/KeibaWeb/TodayRaceInfo/RaceMarkTable?k_raceDate=2018%2F04%2F13&k_raceNo=1&k_babaCode=21,data/cache/html/20180413_kawasaki_1.html
20180413_kawasaki_2,2018-04-13,kawasaki,2,https://www.keiba.go.jp/KeibaWeb/TodayRaceInfo/RaceMarkTable?k_raceDate=2018%2F04%2F13&k_raceNo=2&k_babaCode=21,data/cache/html/20180413_kawasaki_2.html
20180413_kawasaki_3,2018-04-13,kawasaki,3,https://www.keiba.go.jp/KeibaWeb/TodayRaceInfo/RaceMarkTable?k_raceDate=2018%2F04%2F13&k_raceNo=3&k_babaCode=21,data/cache/html/20180413_kawasaki_3.html
20180413_kawasaki_4,2018-04-13,kawasaki,4,https://www.keiba.go.jp/KeibaWeb/TodayRaceInfo/RaceMarkTable?k_raceDate=2018%2F04%2F13&k_raceNo=4&k_babaCode=21,data/cache/html/20180413_kawasaki_4.html
20180413_kawasaki_5,2018-04-13,kawasaki,5,https://www.keiba.go.jp/KeibaWeb/TodayRaceInfo/RaceMarkTable?k_raceDate=2018%2F04%2F13&k_raceNo=5&k_babaCode=21,data/cache/html/20180413_kawasaki_5.html
20180413_kawasaki_6,2018-04-13,kawasaki,6,https://www.keiba.go.jp/KeibaWeb/TodayRaceInfo/RaceMarkTable?k_raceDate=2018%2F04%2F13&k_raceNo=6&k_babaCode=21,data/cache/html/20180413_kawasaki_6.html
20180413_kawasaki_7,2018-04-13,kawasaki,7,https://www.keiba.go.jp/KeibaWeb/TodayRaceInfo/RaceMarkTable?k_raceDate=2018%2F04%2F13&k_raceNo=7&k_babaCode=21,data/cache/html/20180413_kawasaki_7.html
20180413_kawasaki_8,2018-04-13,kawasaki,8,https://www.keiba.go.jp/KeibaWeb/TodayRaceInfo/RaceMarkTable?k_raceDate=2018%2F04%2F13&k_raceNo=8&k_babaCode=21,data/cache/html/20180413_kawasaki_8.html
20180413_kawasaki_9,2018-04-13,kawasaki,9,https://www.keiba.go.jp/KeibaWeb/TodayRaceInfo/RaceMarkTable?k_raceDate=2018%2F04%2F13&k_raceNo=9&k_babaCode=21,data/cache/html/20180413_kawasaki_9.html
20180413_kawasaki_10,2018-04-13,kawasaki,10,https://www.keiba.go.jp/KeibaWeb/TodayRaceInfo/RaceMarkTable?k_raceDate=2018%2F04%2F13&k_raceNo=10&k_babaCode=21,data/cache/html/20180413_kawasaki_10.html
20180413_kawasaki_11,2018-04-13,kawasaki,11,https://www.keiba.go.jp/KeibaWeb/TodayRaceInfo/RaceMarkTable?k_raceDate=2018%2F04%2F13&k_raceNo=11&k_babaCode=21,data/cache/html/20180413_kawasaki_11.html
20180413_kawasaki_12,2018-04-13,kawasaki,12,https://www.keiba.go.jp/KeibaWeb/TodayRaceInfo/RaceMarkTable?k_raceDate=2018%2F04%2F13&k_raceNo=12&k_babaCode=21,data/cache/html/20180413_kawasaki_12.html
20180412_kawasaki_1,2018-04-12,kawasaki,1,https://www.keiba.go.jp/KeibaWeb/TodayRaceInfo/RaceMarkTable?k_raceDate=2018%2F04%2F12&k_raceNo=1&k_babaCode=21,data/cache/html/20180412_kawasaki_1.html
20180412_kawasaki_2,2018-04-12,kawasaki,2,https://www.keiba.go.jp/KeibaWeb/TodayRaceInfo/RaceMarkTable?k_raceDate=2018%2F04%2F12&k_raceNo=2&k_babaCode=21,data/cache/html/20180412_kawasaki_2.html
20180412_kawasaki_3,2018-04-12,kawasaki,3,https://www.keiba.go.jp/KeibaWeb/TodayRaceInfo/RaceMarkTable?k_raceDate=2018%2F04%2F12&k_raceNo=3&k_babaCode=21,data/cache/html/20180412_kawasaki_3.html
20180412_kawasaki_4,2018-04-12,kawasaki,4,https://www.keiba.go.jp/KeibaWeb/TodayRaceInfo/RaceMarkTable?k_raceDate=2018%2F04%2F12&k_raceNo=4&k_babaCode=21,data/cache/html/20180412_kawasaki_4.html
20180412_kawasaki_5,2018-04-12,kawasaki,5,https://www.keiba.go.jp/KeibaWeb/TodayRaceInfo/RaceMarkTable?k_raceDate=2018%2F04%2F12&k_raceNo=5&k_babaCode=21,data/cache/html/20180412_kawasaki_5.html
20180412_kawasaki_6,2018-04-12,kawasaki,6,https://www.keiba.go.jp/KeibaWeb/TodayRaceInfo/RaceMarkTable?k_raceDate=2018%2F04%2F12&k_raceNo=6&k_babaCode=21,data/cache/html/20180412_kawasaki_6.html
20180412_kawasaki_7,2018-04-12,kawasaki,7,https://www.keiba.go.jp/KeibaWeb/TodayRaceInfo/RaceMarkTable?k_raceDate=2018%2F04%2F12&k_raceNo=7&k_babaCode=21,data/cache/html/20180412_kawasaki_7.html
20180412_kawasaki_8,2018-04-12,kawasaki,8,https://www.keiba.go.jp/KeibaWeb/TodayRaceInfo/RaceMarkTable?k_raceDate=2018%2F04%2F12&k_raceNo=8&k_babaCode=21,data/cache/html/20180412_kawasaki_8.html
20180412_kawasaki_9,2018-04-12,kawasaki,9,https://www.keiba.go.jp/KeibaWeb/TodayRaceInfo/RaceMarkTable?k_raceDate=2018%2F04%2F12&k_raceNo=9&k_babaCode=21,data/cache/html/20180412_kawasaki_9.html
20180412_kawasaki_10,2018-04-12,kawasaki,10,https://www.keiba.go.jp/KeibaWeb/TodayRaceInfo/RaceMarkTable?k_raceDate=2018%2F04%2F12&k_raceNo=10&k_babaCode=21,data/cache/html/20180412_kawasaki_10.html
20180412_kawasaki_11,2018-04-12,kawasaki,11,https://www.keiba.go.jp/KeibaWeb/TodayRaceInfo/RaceMarkTable?k_raceDate=2018%2F04%2F12&k_raceNo=11&k_babaCode=21,data/cache/html/20180412_kawasaki_11.html
20180412_kawasaki_12,2018-04-12,kawasaki,12,https://www.keiba.go.jp/KeibaWeb/TodayRaceInfo/RaceMarkTable?k_raceDate=2018%2F04%2F12&k_raceNo=12&k_babaCode=21,data/cache/html/20180412_kawasaki_12.html
20180411_kawasaki_1,2018-04-11,kawasaki,1,https://www.keiba.go.jp/KeibaWeb/TodayRaceInfo/RaceMarkTable?k_raceDate=2018%2F04%2F11&k_raceNo=1&k_babaCode=21,data/cache/html/20180411_kawasaki_1.html
20180411_kawasaki_2,2018-04-11,kawasaki,2,https://www.keiba.go.jp/KeibaWeb/TodayRaceInfo/RaceMarkTable?k_raceDate=2018%2F04%2F11&k_raceNo=2&k_babaCode=21,data/cache/html/20180411_kawasaki_2.html
20180411_kawasaki_3,2018-04-11,kawasaki,3,https://www.keiba.go.jp/KeibaWeb/TodayRaceInfo/RaceMarkTable?k_raceDate=2018%2F04%2F11&k_raceNo=3&k_babaCode=21,data/cache/html/20180411_kawasaki_3.html
20180411_kawasaki_4,2018-04-11,kawasaki,4,https://www.keiba.go.jp/KeibaWeb/TodayRaceInfo/RaceMarkTable?k_raceDate=2018%2F04%2F11&k_raceNo=4&k_babaCode=21,data/cache/html/20180411_kawasaki_4.html
20180411_kawasaki_5,2018-04-11,kawasaki,5,https://www.keiba.go.jp/KeibaWeb/TodayRaceInfo/RaceMarkTable?k_raceDate=2018%2F04%2F11&k_raceNo=5&k_babaCode=21,data/cache/html/20180411_kawasaki_5.html
20180411_kawasaki_6,2018-04-11,kawasaki,6,https://www.keiba.go.jp/KeibaWeb/TodayRaceInfo/RaceMarkTable?k_raceDate=2018%2F04%2F11&k_raceNo=6&k_babaCode=21,data/cache/html/20180411_kawasaki_6.html
20180411_kawasaki_7,2018-04-11,kawasaki,7,https://www.keiba.go.jp/KeibaWeb/TodayRaceInfo/RaceMarkTable?k_raceDate=2018%2F04%2F11&k_raceNo=7&k_babaCode=21,data/cache/html/20180411_kawasaki_7.html
20180411_kawasaki_8,2018-04-11,kawasaki,8,https://www.keiba.go.jp/KeibaWeb/TodayRaceInfo/RaceMarkTable?k_raceDate=2018%2F04%2F11&k_raceNo=8&k_babaCode=21,data/cache/html/20180411_kawasaki_8.html
20180411_kawasaki_9,2018-04-11,kawasaki,9,https://www.keiba.go.jp/KeibaWeb/TodayRaceInfo/RaceMarkTable?k_raceDate=2018%2F04%2F11&k_raceNo=9&k_babaCode=21,data/cache/html/20180411_kawasaki_9.html
20180411_kawasaki_10,2018-04-11,kawasaki,10,https://www.keiba.go.jp/KeibaWeb/TodayRaceInfo/RaceMarkTable?k_raceDate=2018%2F04%2F11&k_raceNo=10&k_babaCode=21,data/cache/html/20180411_kawasaki_10.html
20180411_kawasaki_11,2018-04-11,kawasaki,11,https://www.keiba.go.jp/KeibaWeb/TodayRaceInfo/RaceMarkTable?k_raceDate=2018%2F04%2F11&k_raceNo=11&k_babaCode=21,data/cache/html/20180411_kawasaki_11.html
20180411_kawasaki_12,2018-04-11,kawasaki,12,https://www.keiba.go.jp/KeibaWeb/TodayRaceInfo/RaceMarkTable?k_raceDate=2018%2F04%2F11&k_raceNo=12&k_babaCode=21,data/cache/html/20180411_kawasaki_12.html
20180410_kawasaki_1,2018-04-10,kawasaki,1,https://www.keiba.go.jp/KeibaWeb/TodayRaceInfo/RaceMarkTable?k_raceDate=2018%2F04%2F10&k_raceNo=1&k_babaCode=21,data/cache/html/20180410_kawasaki_1.html
20180410_kawasaki_2,2018-04-10,kawasaki,2,https://www.keiba.go.jp/KeibaWeb/TodayRaceInfo/RaceMarkTable?k_raceDate=2018%2F04%2F10&k_raceNo=2&k_babaCode=21,data/cache/html/20180410_kawasaki_2.html
20180410_kawasaki_3,2018-04-10,kawasaki,3,https://www.keiba.go.jp/KeibaWeb/TodayRaceInfo/RaceMarkTable?k_raceDate=2018%2F04%2F10&k_raceNo=3&k_babaCode=21,data/cache/html/20180410_kawasaki_3.html
20180410_kawasaki_4,2018-04-10,kawasaki,4,https://www.keiba.go.jp/KeibaWeb/TodayRaceInfo/RaceMarkTable?k_raceDate=2018%2F04%2F10&k_raceNo=4&k_babaCode=21,data/cache/html/20180410_kawasaki_4.html
20180410_kawasaki_5,2018-04-10,kawasaki,5,https://www.keiba.go.jp/KeibaWeb/TodayRaceInfo/RaceMarkTable?k_raceDate=2018%2F04%2F10&k_raceNo=5&k_babaCode=21,data/cache/html/20180410_kawasaki_5.html
20180410_kawasaki_6,2018-04-10,kawasaki,6,https://www.keiba.go.jp/KeibaWeb/TodayRaceInfo/RaceMarkTable?k_raceDate=2018%2F04%2F10&k_raceNo=6&k_babaCode=21,data/cache/html/20180410_kawasaki_6.html
20180410_kawasaki_7,2018-04-10,kawasaki,7,https://www.keiba.go.jp/KeibaWeb/TodayRaceInfo/RaceMarkTable?k_raceDate=2018%2F04%2F10&k_raceNo=7&k_babaCode=21,data/cache/html/20180410_kawasaki_7.html
20180410_kawasaki_8,2018-04-10,kawasaki,8,https://www.keiba.go.jp/KeibaWeb/TodayRaceInfo/RaceMarkTable?k_raceDate=2018%2F04%2F10&k_raceNo=8&k_babaCode=21,data/cache/html/20180410_kawasaki_8.html
20180410_kawasaki_9,2018-04-10,kawasaki,9,https://www.keiba.go.jp/KeibaWeb/TodayRaceInfo/RaceMarkTable?k_raceDate=2018%2F04%2F10&k_raceNo=9&k_babaCode=21,data/cache/html/20180410_kawasaki_9.html
20180410_kawasaki_10,2018-04-10,kawasaki,10,https://www.keiba.go.jp/KeibaWeb/TodayRaceInfo/RaceMarkTable?k_raceDate=2018%2F04%2F10&k_raceNo=10&k_babaCode=21,data/cache/html/20180410_kawasaki_10.html
20180410_kawasaki_11,2018-04-10,kawasaki,11,https://www.keiba.go.jp/KeibaWeb/TodayRaceInfo/RaceMarkTable?k_raceDate=2018%2F04%2F10&k_raceNo=11&k_babaCode=21,data/cache/html/20180410_kawasaki_11.html
20180410_kawasaki_12,2018-04-10,kawasaki,12,https://www.keiba.go.jp/KeibaWeb/TodayRaceInfo/RaceMarkTable?k_raceDate=2018%2F04%2F10&k_raceNo=12&k_babaCode=21,data/cache/html/20180410_kawasaki_12.html
20180409_kawasaki_1,2018-04-09,kawasaki,1,https://www.keiba.go.jp/KeibaWeb/TodayRaceInfo/RaceMarkTable?k_raceDate=2018%2F04%2F09&k_raceNo=1&k_babaCode=21,data/cache/html/20180409_kawasaki_1.html
20180409_kawasaki_2,2018-04-09,kawasaki,2,https://www.keiba.go.jp/KeibaWeb/TodayRaceInfo/RaceMarkTable?k_raceDate=2018%2F04%2F09&k_raceNo=2&k_babaCode=21,data/cache/html/20180409_kawasaki_2.html
20180409_kawasaki_3,2018-04-09,kawasaki,3,https://www.keiba.go.jp/KeibaWeb/TodayRaceInfo/RaceMarkTable?k_raceDate=2018%2F04%2F09&k_raceNo=3&k_babaCode=21,data/cache/html/20180409_kawasaki_3.html
20180409_kawasaki_4,2018-04-09,kawasaki,4,https://www.keiba.go.jp/KeibaWeb/TodayRaceInfo/RaceMarkTable?k_raceDate=2018%2F04%2F09&k_raceNo=4&k_babaCode=21,data/cache/html/20180409_kawasaki_4.html
20180409_kawasaki_5,2018-04-09,kawasaki,5,https://www.keiba.go.jp/KeibaWeb/TodayRaceInfo/RaceMarkTable?k_raceDate=2018%2F04%2F09&k_raceNo=5&k_babaCode=21,data/cache/html/20180409_kawasaki_5.html
20180409_kawasaki_6,2018-04-09,kawasaki,6,https://www.keiba.go.jp/KeibaWeb/TodayRaceInfo/RaceMarkTable?k_raceDate=2018%2F04%2F09&k_raceNo=6&k_babaCode=21,data/cache/html/20180409_kawasaki_6.html
20180409_kawasaki_7,2018-04-09,kawasaki,7,https://www.keiba.go.jp/KeibaWeb/TodayRaceInfo/RaceMarkTable?k_raceDate=2018%2F04%2F09&k_raceNo=7&k_babaCode=21,data/cache/html/20180409_kawasaki_7.html
20180409_kawasaki_8,2018-04-09,kawasaki,8,https://www.keiba.go.jp/KeibaWeb/TodayRaceInfo/RaceMarkTable?k_raceDate=2018%2F04%2F09&k_raceNo=8&k_babaCode=21,data/cache/html/20180409_kawasaki_8.html
20180409_kawasaki_9,2018-04-09,kawasaki,9,https://www.keiba.go.jp/KeibaWeb/TodayRaceInfo/RaceMarkTable?k_raceDate=2018%2F04%2F09&k_raceNo=9&k_babaCode=21,data/cache/html/20180409_kawasaki_9.html
20180409_kawasaki_10,2018-04-09,kawasaki,10,https://www.keiba.go.jp/KeibaWeb/TodayRaceInfo/RaceMarkTable?k_raceDate=2018%2F04%2F09&k_raceNo=10&k_babaCode=21,data/cache/html/20180409_kawasaki_10.html
20180409_kawasaki_11,2018-04-09,kawasaki,11,https://www.keiba.go.jp/KeibaWeb/TodayRaceInfo/RaceMarkTable?k_raceDate=2018%2F04%2F09&k_raceNo=11&k_babaCode=21,data/cache/html/20180409_kawasaki_11.html
20180409_kawasaki_12,2018-04-09,kawasaki,12,https://www.keiba.go.jp/KeibaWeb/TodayRaceInfo/RaceMarkTable?k_raceDate=2018%2F04%2F09&k_raceNo=12&k_babaCode=21,data/cache/html/20180409_kawasaki_12.html
20180408_kawasaki_1,2018-04-08,kawasaki,1,https://www.keiba.go.jp/KeibaWeb/TodayRaceInfo/RaceMarkTable?k_raceDate=2018%2F04%2F08&k_raceNo=1&k_babaCode=21,data/cache/html/20180408_kawasaki_1.html
20180408_kawasaki_2,2018-04-08,kawasaki,2,https://www.keiba.go.jp/KeibaWeb/TodayRaceInfo/RaceMarkTable?k_raceDate=2018%2F04%2F08&k_raceNo=2&k_babaCode=21,data/cache/html/20180408_kawasaki_2.html
20180408_kawasaki_3,2018-04-08,kawasaki,3,https://www.keiba.go.jp/KeibaWeb/TodayRaceInfo/RaceMarkTable?k_raceDate=2018%2F04%2F08&k_raceNo=3&k_babaCode=21,data/cache/html/20180408_kawasaki_3.html
20180408_kawasaki_4,2018-04-08,kawasaki,4,https://www.keiba.go.jp/KeibaWeb/TodayRaceInfo/RaceMarkTable?k_raceDate=2018%2F04%2F08&k_raceNo=4&k_babaCode=21,data/cache/html/20180408_kawasaki_4.html
20180408_kawasaki_5,2018-04-08,kawasaki,5,https://www.keiba.go.jp/KeibaWeb/TodayRaceInfo/RaceMarkTable?k_raceDate=2018%2F04%2F08&k_raceNo=5&k_babaCode=21,data/cache/html/20180408_kawasaki_5.html
20180408_kawasaki_6,2018-04-08,kawasaki,6,https://www.keiba.go.jp/KeibaWeb/TodayRaceInfo/RaceMarkTable?k_raceDate=2018%2F04%2F08&k_raceNo=6&k_babaCode=21,data/cache/html/20180408_kawasaki_6.html
20180408_kawasaki_7,2018-04-08,kawasaki,7,https://www.keiba.go.jp/KeibaWeb/TodayRaceInfo/RaceMarkTable?k_raceDate=2018%2F04%2F08&k_raceNo=7&k_babaCode=21,data/cache/html/20180408_kawasaki_7.html
20180408_kawasaki_8,2018-04-08,kawasaki,8,https://www.keiba.go.jp/KeibaWeb/TodayRaceInfo/RaceMarkTable?k_raceDate=2018%2F04%2F08&k_raceNo=8&k_babaCode=21,data/cache/html/20180408_kawasaki_8.html
20180408_kawasaki_9,2018-04-08,kawasaki,9,https://www.keiba.go.jp/KeibaWeb/TodayRaceInfo/RaceMarkTable?k_raceDate=2018%2F04%2F08&k_raceNo=9&k_babaCode=21,data/cache/html/20180408_kawasaki_9.html
20180408_kawasaki_10,2018-04-08,kawasaki,10,https://www.keiba.go.jp/KeibaWeb/TodayRaceInfo/RaceMarkTable?k_raceDate=2018%2F04%2F08&k_raceNo=10&k_babaCode=21,data/cache/html/20180408_kawasaki_10.html
20180408_kawasaki_11,2018-04-08,kawasaki,11,https://www.keiba.go.jp/KeibaWeb/TodayRaceInfo/RaceMarkTable?k_raceDate=2018%2F04%2F08&k_raceNo=11&k_babaCode=21,data/cache/html/20180408_kawasaki_11.html
20180408_kawasaki_12,2018-04-08,kawasaki,12,https://www.keiba.go.jp/KeibaWeb/TodayRaceInfo/RaceMarkTable?k_raceDate=2018%2F04%2F08&k_raceNo=12&k_babaCode=21,data/cache/html/20180408_kawasaki_12.html
20180407_kawasaki_1,2018-04-07,kawasaki,1,https://www.keiba.go.jp/KeibaWeb/TodayRaceInfo/RaceMarkTable?k_raceDate=2018%2F04%2F07&k_raceNo=1&k_babaCode=21,data/cache/html/20180407_kawasaki_1.html
20180407_kawasaki_2,2018-04-07,kawasaki,2,https://www.keiba.go.jp/KeibaWeb/TodayRaceInfo/RaceMarkTable?k_raceDate=2018%2F04%2F07&k_raceNo=2&k_babaCode=21,data/cache/html/20180407_kawasaki_2.html
20180407_kawasaki_3,2018-04-07,kawasaki,3,https://www.keiba.go.jp/KeibaWeb/TodayRaceInfo/RaceMarkTable?k_raceDate=2018%2F04%2F07&k_raceNo=3&k_babaCode=21,data/cache/html/20180407_kawasaki_3.html
20180407_kawasaki_4,2018-04-07,kawasaki,4,https://www.keiba.go.jp/KeibaWeb/TodayRaceInfo/RaceMarkTable?k_raceDate=2018%2F04%2F07&k_raceNo=4&k_babaCode=21,data/cache/html/20180407_kawasaki_4.html
20180407_kawasaki_5,2018-04-07,kawasaki,5,https://www.keiba.go.jp/KeibaWeb/TodayRaceInfo/RaceMarkTable?k_raceDate=2018%2F04%2F07&k_raceNo=5&k_babaCode=21,data/cache/html/20180407_kawasaki_5.html
20180407_kawasaki_6,2018-04-07,kawasaki,6,https://www.keiba.go.jp/KeibaWeb/TodayRaceInfo/RaceMarkTable?k_raceDate=2018%2F04%2F07&k_raceNo=6&k_babaCode=21,data/cache/html/20180407_kawasaki_6.html
20180407_kawasaki_7,2018-04-07,kawasaki,7,https://www.keiba.go.jp/KeibaWeb/TodayRaceInfo/RaceMarkTable?k_raceDate=2018%2F04%2F07&k_raceNo=7&k_babaCode=21,data/cache/html/20180407_kawasaki_7.html
20180407_kawasaki_8,2018-04-07,kawasaki,8,https://www.keiba.go.jp/KeibaWeb/TodayRaceInfo/RaceMarkTable?k_raceDate=2018%2F04%2F07&k_raceNo=8&k_babaCode=21,data/cache/html/20180407_kawasaki_8.html
20180407_kawasaki_9,2018-04-07,kawasaki,9,https://www.keiba.go.jp/KeibaWeb/TodayRaceInfo/RaceMarkTable?k_raceDate=2018%2F04%2F07&k_raceNo=9&k_babaCode=21,data/cache/html/20180407_kawasaki_9.html
20180407_kawasaki_10,2018-04-07,kawasaki,10,https://www.keiba.go.jp/KeibaWeb/TodayRaceInfo/RaceMarkTable?k_raceDate=2018%2F04%2F07&k_raceNo=10&k_babaCode=21,data/cache/html/20180407_kawasaki_10.html
20180407_kawasaki_11,2018-04-07,kawasaki,11,https://www.keiba.go.jp/KeibaWeb/TodayRaceInfo/RaceMarkTable?k_raceDate=2018%2F04%2F07&k_raceNo=11&k_babaCode=21,data/cache/html/20180407_kawasaki_11.html
20180407_kawasaki_12,2018-04-07,kawasaki,12,https://www.keiba.go.jp/KeibaWeb/TodayRaceInfo/RaceMarkTable?k_raceDate=2018%2F04%2F07&k_raceNo=12&k_babaCode=21,data/cache/html/20180407_kawasaki_12.html
20180401_kawasaki_1,2018-04-01,kawasaki,1,https://www.keiba.go.jp/KeibaWeb/TodayRaceInfo/RaceMarkTable?k_raceDate=2018%2F04%2F01&k_raceNo=1&k_babaCode=21,data/cache/html/20180401_kawasaki_1.html
20180401_kawasaki_2,2018-04-01,kawasaki,2,https://www.keiba.go.jp/KeibaWeb/TodayRaceInfo/RaceMarkTable?k_raceDate=2018%2F04%2F01&k_raceNo=2&k_babaCode=21,data/cache/html/20180401_kawasaki_2.html
20180401_kawasaki_3,2018-04-01,kawasaki,3,https://www.keiba.go.jp/KeibaWeb/TodayRaceInfo/RaceMarkTable?k_raceDate=2018%2F04%2F01&k_raceNo=3&k_babaCode=21,data/cache/html/20180401_kawasaki_3.html
20180401_kawasaki_4,2018-04-01,kawasaki,4,https://www.keiba.go.jp/KeibaWeb/TodayRaceInfo/RaceMarkTable?k_raceDate=2018%2F04%2F01&k_raceNo=4&k_babaCode=21,data/cache/html/20180401_kawasaki_4.html
20180401_kawasaki_5,2018-04-01,kawasaki,5,https://www.keiba.go.jp/KeibaWeb/TodayRaceInfo/RaceMarkTable?k_raceDate=2018%2F04%2F01&k_raceNo=5&k_babaCode=21,data/cache/html/20180401_kawasaki_5.html
20180401_kawasaki_6,2018-04-01,kawasaki,6,https://www.keiba.go.jp/KeibaWeb/TodayRaceInfo/RaceMarkTable?k_raceDate=2018%2F04%2F01&k_raceNo=6&k_babaCode=21,data/cache/html/20180401_kawasaki_6.html
20180401_kawasaki_7,2018-04-01,kawasaki,7,https://www.keiba.go.jp/KeibaWeb/TodayRaceInfo/RaceMarkTable?k_raceDate=2018%2F04%2F01&k_raceNo=7&k_babaCode=21,data/cache/html/20180401_kawasaki_7.html
20180401_kawasaki_8,2018-04-01,kawasaki,8,https://www.keiba.go.jp/KeibaWeb/TodayRaceInfo/RaceMarkTable?k_raceDate=2018%2F04%2F01&k_raceNo=8&k_babaCode=21,data/cache/html/20180401_kawasaki_8.html
20180401_kawasaki_9,2018-04-01,kawasaki,9,https://www.keiba.go.jp/KeibaWeb/TodayRaceInfo/RaceMarkTable?k_raceDate=2018%2F04%2F01&k_raceNo=9&k_babaCode=21,data/cache/html/20180401_kawasaki_9.html
20180401_kawasaki_10,2018-04-01,kawasaki,10,https://www.keiba.go.jp/KeibaWeb/TodayRaceInfo/RaceMarkTable?k_raceDate=2018%2F04%2F01&k_raceNo=10&k_babaCode=21,data/cache/html/20180401_kawasaki_10.html
20180401_kawasaki_11,2018-04-01,kawasaki,11,https://www.keiba.go.jp/KeibaWeb/TodayRaceInfo/RaceMarkTable?k_raceDate=2018%2F04%2F01&k_raceNo=11&k_babaCode=21,data/cache/html/20180401_kawasaki_11.html
20180401_kawasaki_12,2018-04-01,kawasaki,12,https://www.keiba.go.jp/KeibaWeb/TodayRaceInfo/RaceMarkTable?k_raceDate=2018%2F04%2F01&k_raceNo=12&k_babaCode=21,data/cache/html/20180401_kawasaki_12.html
20180331_kawasaki_1,2018-03-31,kawasaki,1,https://www.keiba.go.jp/KeibaWeb/TodayRaceInfo/RaceMarkTable?k_raceDate=2018%2F03%2F31&k_raceNo=1&k_babaCode=21,data/cache/html/20180331_kawasaki_1.html
20180331_kawasaki_2,2018-03-31,kawasaki,2,https://www.keiba.go.jp/KeibaWeb/TodayRaceInfo/RaceMarkTable?k_raceDate=2018%2F03%2F31&k_raceNo=2&k_babaCode=21,data/cache/html/20180331_kawasaki_2.html
20180331_kawasaki_3,2018-03-31,kawasaki,3,https://www.keiba.go.jp/KeibaWeb/TodayRaceInfo/RaceMarkTable?k_raceDate=2018%2F03%2F31&k_raceNo=3&k_babaCode=21,data/cache/html/20180331_kawasaki_3.html
20180331_kawasaki_4,2018-03-31,kawasaki,4,https://www.keiba.go.jp/KeibaWeb/TodayRaceInfo/RaceMarkTable?k_raceDate=2018%2F03%2F31&k_raceNo=4&k_babaCode=21,data/cache/html/20180331_kawasaki_4.html
20180331_kawasaki_5,2018-03-31,kawasaki,5,https://www.keiba.go.jp/KeibaWeb/TodayRaceInfo/RaceMarkTable?k_raceDate=2018%2F03%2F31&k_raceNo=5&k_babaCode=21,data/cache/html/20180331_kawasaki_5.html
20180331_kawasaki_6,2018-03-31,kawasaki,6,https://www.keiba.go.jp/KeibaWeb/TodayRaceInfo/RaceMarkTable?k_raceDate=2018%2F03%2F31&k_raceNo=6&k_babaCode=21,data/cache/html/20180331_kawasaki_6.html
20180331_kawasaki_7,2018-03-31,kawasaki,7,https://www.keiba.go.jp/KeibaWeb/TodayRaceInfo/RaceMarkTable?k_raceDate=2018%2F03%2F31&k_raceNo=7&k_babaCode=21,data/cache/html/20180331_kawasaki_7.html
20180331_kawasaki_8,2018-03-31,kawasaki,8,https://www.keiba.go.jp/KeibaWeb/TodayRaceInfo/RaceMarkTable?k_raceDate=2018%2F03%2F31&k_raceNo=8&k_babaCode=21,data/cache/html/20180331_kawasaki_8.html
20180331_kawasaki_9,2018-03-31,kawasaki,9,https://www.keiba.go.jp/KeibaWeb/TodayRaceInfo/RaceMarkTable?k_raceDate=2018%2F03%2F31&k_raceNo=9&k_babaCode=21,data/cache/html/20180331_kawasaki_9.html
20180331_kawasaki_10,2018-03-31,kawasaki,10,https://www.keiba.go.jp/KeibaWeb/TodayRaceInfo/RaceMarkTable?k_raceDate=2018%2F03%2F31&k_raceNo=10&k_babaCode=21,data/cache/html/20180331_kawasaki_10.html
20180331_kawasaki_11,2018-03-31,kawasaki,11,https://www.keiba.go.jp/KeibaWeb/TodayRaceInfo/RaceMarkTable?k_raceDate=2018%2F03%2F31&k_raceNo=11&k_babaCode=21,data/cache/html/20180331_kawasaki_11.html
20180331_kawasaki_12,2018-03-31,kawasaki,12,https://www.keiba.go.jp/KeibaWeb/TodayRaceInfo/RaceMarkTable?k_raceDate=2018%2F03%2F31&k_raceNo=12&k_babaCode=21,data/cache/html/20180331_kawasaki_12.html
20180330_kawasaki_1,2018-03-30,kawasaki,1,https://www.keiba.go.jp/KeibaWeb/TodayRaceInfo/RaceMarkTable?k_raceDate=2018%2F03%2F30&k_raceNo=1&k_babaCode=21,data/cache/html/20180330_kawasaki_1.html
20180330_kawasaki_2,2018-03-30,kawasaki,2,https://www.keiba.go.jp/KeibaWeb/TodayRaceInfo/RaceMarkTable?k_raceDate=2018%2F03%2F30&k_raceNo=2&k_babaCode=21,data/cache/html/20180330_kawasaki_2.html
20180330_kawasaki_3,2018-03-30,kawasaki,3,https://www.keiba.go.jp/KeibaWeb/TodayRaceInfo/RaceMarkTable?k_raceDate=2018%2F03%2F30&k_raceNo=3&k_babaCode=21,data/cache/html/20180330_kawasaki_3.html
20180330_kawasaki_4,2018-03-30,kawasaki,4,https://www.keiba.go.jp/KeibaWeb/TodayRaceInfo/RaceMarkTable?k_raceDate=2018%2F03%2F30&k_raceNo=4&k_babaCode=21,data/cache/html/20180330_kawasaki_4.html
20180330_kawasaki_5,2018-03-30,kawasaki,5,https://www.keiba.go.jp/KeibaWeb/TodayRaceInfo/RaceMarkTable?k_raceDate=2018%2F03%2F30&k_raceNo=5&k_babaCode=21,data/cache/html/20180330_kawasaki_5.html
20180330_kawasaki_6,2018-03-30,kawasaki,6,https://www.keiba.go.jp/KeibaWeb/TodayRaceInfo/RaceMarkTable?k_raceDate=2018%2F03%2F30&k_raceNo=6&k_babaCode=21,data/cache/html/20180330_kawasaki_6.html
20180330_kawasaki_7,2018-03-30,kawasaki,7,https://www.keiba.go.jp/KeibaWeb/TodayRaceInfo/RaceMarkTable?k_raceDate=2018%2F03%2F30&k_raceNo=7&k_babaCode=21,data/cache/html/20180330_kawasaki_7.html
20180330_kawasaki_8,2018-03-30,kawasaki,8,https://www.keiba.go.jp/KeibaWeb/TodayRaceInfo/RaceMarkTable?k_raceDate=2018%2F03%2F30&k_raceNo=8&k_babaCode=21,data/cache/html/20180330_kawasaki_8.html
20180330_kawasaki_9,2018-03-30,kawasaki,9,https://www.keiba.go.jp/KeibaWeb/TodayRaceInfo/RaceMarkTable?k_raceDate=2018%2F03%2F30&k_raceNo=9&k_babaCode=21,data/cache/html/20180330_kawasaki_9.html
20180330_kawasaki_10,2018-03-30,kawasaki,10,https://www.keiba.go.jp/KeibaWeb/TodayRaceInfo/RaceMarkTable?k_raceDate=2018%2F03%2F30&k_raceNo=10&k_babaCode=21,data/cache/html/20180330_kawasaki_10.html
20180330_kawasaki_11,2018-03-30,kawasaki,11,https://www.keiba.go.jp/KeibaWeb/TodayRaceInfo/RaceMarkTable?k_raceDate=2018%2F03%2F30&k_raceNo=11&k_babaCode=21,data/cache/html/20180330_kawasaki_11.html
20180330_kawasaki_12,2018-03-30,kawasaki,12,https://www.keiba.go.jp/KeibaWeb/TodayRaceInfo/RaceMarkTable?k_raceDate=2018%2F03%2F30&k_raceNo=12&k_babaCode=21,data/cache/html/20180330_kawasaki_12.html
20180329_kawasaki_1,2018-03-29,kawasaki,1,https://www.keiba.go.jp/KeibaWeb/TodayRaceInfo/RaceMarkTable?k_raceDate=2018%2F03%2F29&k_raceNo=1&k_babaCode=21,data/cache/html/20180329_kawasaki_1.html
20180329_kawasaki_2,2018-03-29,kawasaki,2,https://www.keiba.go.jp/KeibaWeb/TodayRaceInfo/RaceMarkTable?k_raceDate=2018%2F03%2F29&k_raceNo=2&k_babaCode=21,data/cache/html/20180329_kawasaki_2.html
20180329_kawasaki_3,2018-03-29,kawasaki,3,https://www.keiba.go.jp/KeibaWeb/TodayRaceInfo/RaceMarkTable?k_raceDate=2018%2F03%2F29&k_raceNo=3&k_babaCode=21,data/cache/html/20180329_kawasaki_3.html
20180329_kawasaki_4,2018-03-29,kawasaki,4,https://www.keiba.go.jp/KeibaWeb/TodayRaceInfo/RaceMarkTable?k_raceDate=2018%2F03%2F29&k_raceNo=4&k_babaCode=21,data/cache/html/20180329_kawasaki_4.html
20180329_kawasaki_5,2018-03-29,kawasaki,5,https://www.keiba.go.jp/KeibaWeb/TodayRaceInfo/RaceMarkTable?k_raceDate=2018%2F03%2F29&k_raceNo=5&k_babaCode=21,data/cache/html/20180329_kawasaki_5.html
20180329_kawasaki_6,2018-03-29,kawasaki,6,https://www.keiba.go.jp/KeibaWeb/TodayRaceInfo/RaceMarkTable?k_raceDate=2018%2F03%2F29&k_raceNo=6&k_babaCode=21,data/cache/html/20180329_kawasaki_6.html
20180329_kawasaki_7,2018-03-29,kawasaki,7,https://www.keiba.go.jp/KeibaWeb/TodayRaceInfo/RaceMarkTable?k_raceDate=2018%2F03%2F29&k_raceNo=7&k_babaCode=21,data/cache/html/20180329_kawasaki_7.html
20180329_kawasaki_8,2018-03-29,kawasaki,8,https://www.keiba.go.jp/KeibaWeb/TodayRaceInfo/RaceMarkTable?k_raceDate=2018%2F03%2F29&k_raceNo=8&k_babaCode=21,data/cache/html/20180329_kawasaki_8.html
20180329_kawasaki_9,2018-03-29,kawasaki,9,https://www.keiba.go.jp/KeibaWeb/TodayRaceInfo/RaceMarkTable?k_raceDate=2018%2F03%2F29&k_raceNo=9&k_babaCode=21,data/cache/html/20180329_kawasaki_9.html
20180329_kawasaki_10,2018-03-29,kawasaki,10,https://www.keiba.go.jp/KeibaWeb/TodayRaceInfo/RaceMarkTable?k_raceDate=2018%2F03%2F29&k_raceNo=10&k_babaCode=21,data/cache/html/20180329_kawasaki_10.html
20180329_kawasaki_11,2018-03-29,kawasaki,11,https://www.keiba.go.jp/KeibaWeb/TodayRaceInfo/RaceMarkTable?k_raceDate=2018%2F03%2F29&k_raceNo=11&k_babaCode=21,data/cache/html/20180329_kawasaki_11.html
20180329_kawasaki_12,2018-03-29,kawasaki,12,https://www.keiba.go.jp/KeibaWeb/TodayRaceInfo/RaceMarkTable?k_raceDate=2018%2F03%2F29&k_raceNo=12&k_babaCode=21,data/cache/html/20180329_kawasaki_12.html
20180328_kawasaki_1,2018-03-28,kawasaki,1,https://www.keiba.go.jp/KeibaWeb/TodayRaceInfo/RaceMarkTable?k_raceDate=2018%2F03%2F28&k_raceNo=1&k_babaCode=21,data/cache/html/20180328_kawasaki_1.html
20180328_kawasaki_2,2018-03-28,kawasaki,2,https://www.keiba.go.jp/KeibaWeb/TodayRaceInfo/RaceMarkTable?k_raceDate=2018%2F03%2F28&k_raceNo=2&k_babaCode=21,data/cache/html/20180328_kawasaki_2.html
20180328_kawasaki_3,2018-03-28,kawasaki,3,https://www.keiba.go.jp/KeibaWeb/TodayRaceInfo/RaceMarkTable?k_raceDate=2018%2F03%2F28&k_raceNo=3&k_babaCode=21,data/cache/html/20180328_kawasaki_3.html
20180328_kawasaki_4,2018-03-28,kawasaki,4,https://www.keiba.go.jp/KeibaWeb/TodayRaceInfo/RaceMarkTable?k_raceDate=2018%2F03%2F28&k_raceNo=4&k_babaCode=21,data/cache/html/20180328_kawasaki_4.html
20180328_kawasaki_5,2018-03-28,kawasaki,5,https://www.keiba.go.jp/KeibaWeb/TodayRaceInfo/RaceMarkTable?k_raceDate=2018%2F03%2F28&k_raceNo=5&k_babaCode=21,data/cache/html/20180328_kawasaki_5.html
20180328_kawasaki_6,2018-03-28,kawasaki,6,https://www.keiba.go.jp/KeibaWeb/TodayRaceInfo/RaceMarkTable?k_raceDate=2018%2F03%2F28&k_raceNo=6&k_babaCode=21,data/cache/html/20180328_kawasaki_6.html
20180328_kawasaki_7,2018-03-28,kawasaki,7,https://www.keiba.go.jp/KeibaWeb/TodayRaceInfo/RaceMarkTable?k_raceDate=2018%2F03%2F28&k_raceNo=7&k_babaCode=21,data/cache/html/20180328_kawasaki_7.html
20180328_kawasaki_8,2018-03-28,kawasaki,8,https://www.keiba.go.jp/KeibaWeb/TodayRaceInfo/RaceMarkTable?k_raceDate=2018%2F03%2F28&k_raceNo=8&k_babaCode=21,data/cache/html/20180328_kawasaki_8.html
20180328_kawasaki_9,2018-03-28,kawasaki,9,https://www.keiba.go.jp/KeibaWeb/TodayRaceInfo/RaceMarkTable?k_raceDate=2018%2F03%2F28&k_raceNo=9&k_babaCode=21,data/cache/html/20180328_kawasaki_9.html
20180328_kawasaki_10,2018-03-28,kawasaki,10,https://www.keiba.go.jp/KeibaWeb/TodayRaceInfo/RaceMarkTable?k_raceDate=2018%2F03%2F28&k_raceNo=10&k_babaCode=21,data/cache/html/20180328_kawasaki_10.html
20180328_kawasaki_11,2018-03-28,kawasaki,11,https://www.keiba.go.jp/KeibaWeb/TodayRaceInfo/RaceMarkTable?k_raceDate=2018%2F03%2F28&k_raceNo=11&k_babaCode=21,data/cache/html/20180328_kawasaki_11.html
20180328_kawasaki_12,2018-03-28,kawasaki,12,https://www.keiba.go.jp/KeibaWeb/TodayRaceInfo/RaceMarkTable?k_raceDate=2018%2F03%2F28&k_raceNo=12&k_babaCode=21,data/cache/html/20180328_kawasaki_12.html
20180327_kawasaki_1,2018-03-27,kawasaki,1,https://www.keiba.go.jp/KeibaWeb/TodayRaceInfo/RaceMarkTable?k_raceDate=2018%2F03%2F27&k_raceNo=1&k_babaCode=21,data/cache/html/20180327_kawasaki_1.html
20180327_kawasaki_2,2018-03-27,kawasaki,2,https://www.keiba.go.jp/KeibaWeb/TodayRaceInfo/RaceMarkTable?k_raceDate=2018%2F03%2F27&k_raceNo=2&k_babaCode=21,data/cache/html/20180327_kawasaki_2.html
20180327_kawasaki_3,2018-03-27,kawasaki,3,https://www.keiba.go.jp/KeibaWeb/TodayRaceInfo/RaceMarkTable?k_raceDate=2018%2F03%2F27&k_raceNo=3&k_babaCode=21,data/cache/html/20180327_kawasaki_3.html
20180327_kawasaki_4,2018-03-27,kawasaki,4,https://www.keiba.go.jp/KeibaWeb/TodayRaceInfo/RaceMarkTable?k_raceDate=2018%2F03%2F27&k_raceNo=4&k_babaCode=21,data/cache/html/20180327_kawasaki_4.html
20180327_kawasaki_5,2018-03-27,kawasaki,5,https://www.keiba.go.jp/KeibaWeb/TodayRaceInfo/RaceMarkTable?k_raceDate=2018%2F03%2F27&k_raceNo=5&k_babaCode=21,data/cache/html/20180327_kawasaki_5.html
20180327_kawasaki_6,2018-03-27,kawasaki,6,https://www.keiba.go.jp/KeibaWeb/TodayRaceInfo/RaceMarkTable?k_raceDate=2018%2F03%2F27&k_raceNo=6&k_babaCode=21,data/cache/html/20180327_kawasaki_6.html
20180327_kawasaki_7,2018-03-27,kawasaki,7,https://www.keiba.go.jp/KeibaWeb/TodayRaceInfo/RaceMarkTable?k_raceDate=2018%2F03%2F27&k_raceNo=7&k_babaCode=21,data/cache/html/20180327_kawasaki_7.html
20180327_kawasaki_8,2018-03-27,kawasaki,8,https://www.keiba.go.jp/KeibaWeb/TodayRaceInfo/RaceMarkTable?k_raceDate=2018%2F03%2F27&k_raceNo=8&k_babaCode=21,data/cache/html/20180327_kawasaki_8.html
20180327_kawasaki_9,2018-03-27,kawasaki,9,https://www.keiba.go.jp/KeibaWeb/TodayRaceInfo/RaceMarkTable?k_raceDate=2018%2F03%2F27&k_raceNo=9&k_babaCode=21,data/cache/html/20180327_kawasaki_9.html
20180327_kawasaki_10,2018-03-27,kawasaki,10,https://www.keiba.go.jp/KeibaWeb/TodayRaceInfo/RaceMarkTable?k_raceDate=2018%2F03%2F27&k_raceNo=10&k_babaCode=21,data/cache/html/20180327_kawasaki_10.html
20180327_kawasaki_11,2018-03-27,kawasaki,11,https://www.keiba.go.jp/KeibaWeb/TodayRaceInfo/RaceMarkTable?k_raceDate=2018%2F03%2F27&k_raceNo=11&k_babaCode=21,data/cache/html/20180327_kawasaki_11.html
20180327_kawasaki_12,2018-03-27,kawasaki,12,https://www.keiba.go.jp/KeibaWeb/TodayRaceInfo/RaceMarkTable?k_raceDate=2018%2F03%2F27&k_raceNo=12&k_babaCode=21,data/cache/html/20180327_kawasaki_12.html
20180326_kawasaki_1,2018-03-26,kawasaki,1,https://www.keiba.go.jp/KeibaWeb/TodayRaceInfo/RaceMarkTable?k_raceDate=2018%2F03%2F26&k_raceNo=1&k_babaCode=21,data/cache/html/20180326_kawasaki_1.html
20180326_kawasaki_2,2018-03-26,kawasaki,2,https://www.keiba.go.jp/KeibaWeb/TodayRaceInfo/RaceMarkTable?k_raceDate=2018%2F03%2F26&k_raceNo=2&k_babaCode=21,data/cache/html/20180326_kawasaki_2.html
20180326_kawasaki_3,2018-03-26,kawasaki,3,https://www.keiba.go.jp/KeibaWeb/TodayRaceInfo/RaceMarkTable?k_raceDate=2018%2F03%2F26&k_raceNo=3&k_babaCode=21,data/cache/html/20180326_kawasaki_3.html
20180326_kawasaki_4,2018-03-26,kawasaki,4,https://www.keiba.go.jp/KeibaWeb/TodayRaceInfo/RaceMarkTable?k_raceDate=2018%2F03%2F26&k_raceNo=4&k_babaCode=21,data/cache/html/20180326_kawasaki_4.html
20180326_kawasaki_5,2018-03-26,kawasaki,5,https://www.keiba.go.jp/KeibaWeb/TodayRaceInfo/RaceMarkTable?k_raceDate=2018%2F03%2F26&k_raceNo=5&k_babaCode=21,data/cache/html/20180326_kawasaki_5.html
20180326_kawasaki_6,2018-03-26,kawasaki,6,https://www.keiba.go.jp/KeibaWeb/TodayRaceInfo/RaceMarkTable?k_raceDate=2018%2F03%2F26&k_raceNo=6&k_babaCode=21,data/cache/html/20180326_kawasaki_6.html
20180326_kawasaki_7,2018-03-26,kawasaki,7,https://www.keiba.go.jp/KeibaWeb/TodayRaceInfo/RaceMarkTable?k_raceDate=2018%2F03%2F26&k_raceNo=7&k_babaCode=21,data/cache/html/20180326_kawasaki_7.html
20180326_kawasaki_8,2018-03-26,kawasaki,8,https://www.keiba.go.jp/KeibaWeb/TodayRaceInfo/RaceMarkTable?k_raceDate=2018%2F03%2F26&k_raceNo=8&k_babaCode=21,data/cache/html/20180326_kawasaki_8.html
20180326_kawasaki_9,2018-03-26,kawasaki,9,https://www.keiba.go.jp/KeibaWeb/TodayRaceInfo/RaceMarkTable?k_raceDate=2018%2F03%2F26&k_raceNo=9&k_babaCode=21,data/cache/html/20180326_kawasaki_9.html
20180326_kawasaki_10,2018-03-26,kawasaki,10,https://www.keiba.go.jp/KeibaWeb/TodayRaceInfo/RaceMarkTable?k_raceDate=2018%2F03%2F26&k_raceNo=10&k_babaCode=21,data/cache/html/20180326_kawasaki_10.html
20180326_kawasaki_11,2018-03-26,kawasaki,11,https://www.keiba.go.jp/KeibaWeb/TodayRaceInfo/RaceMarkTable?k_raceDate=2018%2F03%2F26&k_raceNo=11&k_babaCode=21,data/cache/html/20180326_kawasaki_11.html
20180326_kawasaki_12,2018-03-26,kawasaki,12,https://www.keiba.go.jp/KeibaWeb/TodayRaceInfo/RaceMarkTable?k_raceDate=2018%2F03%2F26&k_raceNo=12&k_babaCode=21,data/cache/html/20180326_kawasaki_12.html
20180325_kawasaki_1,2018-03-25,kawasaki,1,https://www.keiba.go.jp/KeibaWeb/TodayRaceInfo/RaceMarkTable?k_raceDate=2018%2F03%2F25&k_raceNo=1&k_babaCode=21,data/cache/html/20180325_kawasaki_1.html
20180325_kawasaki_2,2018-03-25,kawasaki,2,https://www.keiba.go.jp/KeibaWeb/TodayRaceInfo/RaceMarkTable?k_raceDate=2018%2F03%2F25&k_raceNo=2&k_babaCode=21,data/cache/html/20180325_kawasaki_2.html
20180325_kawasaki_3,2018-03-25,kawasaki,3,https://www.keiba.go.jp/KeibaWeb/TodayRaceInfo/RaceMarkTable?k_raceDate=2018%2F03%2F25&k_raceNo=3&k_babaCode=21,data/cache/html/20180325_kawasaki_3.html
20180325_kawasaki_4,2018-03-25,kawasaki,4,https://www.keiba.go.jp/KeibaWeb/TodayRaceInfo/RaceMarkTable?k_raceDate=2018%2F03%2F25&k_raceNo=4&k_babaCode=21,data/cache/html/20180325_kawasaki_4.html
20180325_kawasaki_5,2018-03-25,kawasaki,5,https://www.keiba.go.jp/KeibaWeb/TodayRaceInfo/RaceMarkTable?k_raceDate=2018%2F03%2F25&k_raceNo=5&k_babaCode=21,data/cache/html/20180325_kawasaki_5.html
20180325_kawasaki_6,2018-03-25,kawasaki,6,https://www.keiba.go.jp/KeibaWeb/TodayRaceInfo/RaceMarkTable?k_raceDate=2018%2F03%2F25&k_raceNo=6&k_babaCode=21,data/cache/html/20180325_kawasaki_6.html
20180325_kawasaki_7,2018-03-25,kawasaki,7,https://www.keiba.go.jp/KeibaWeb/TodayRaceInfo/RaceMarkTable?k_raceDate=2018%2F03%2F25&k_raceNo=7&k_babaCode=21,data/cache/html/20180325_kawasaki_7.html
20180325_kawasaki_8,2018-03-25,kawasaki,8,https://www.keiba.go.jp/KeibaWeb/TodayRaceInfo/RaceMarkTable?k_raceDate=2018%2F03%2F25&k_raceNo=8&k_babaCode=21,data/cache/html/20180325_kawasaki_8.html
20180325_kawasaki_9,2018-03-25,kawasaki,9,https://www.keiba.go.jp/KeibaWeb/TodayRaceInfo/RaceMarkTable?k_raceDate=2018%2F03%2F25&k_raceNo=9&k_babaCode=21,data/cache/html/20180325_kawasaki_9.html
20180325_kawasaki_10,2018-03-25,kawasaki,10,https://www.keiba.go.jp/KeibaWeb/TodayRaceInfo/RaceMarkTable?k_raceDate=2018%2F03%2F25&k_raceNo=10&k_babaCode=21,data/cache/html/20180325_kawasaki_10.html
20180325_kawasaki_11,2018-03-25,kawasaki,11,https://www.keiba.go.jp/KeibaWeb/TodayRaceInfo/RaceMarkTable?k_raceDate=2018%2F03%2F25&k_raceNo=11&k_babaCode=21,data/cache/html/20180325_kawasaki_11.html
20180325_kawasaki_12,2018-03-25,kawasaki,12,https://www.keiba.go.jp/KeibaWeb/TodayRaceInfo/RaceMarkTable?k_raceDate=2018%2F03%2F25&k_raceNo=12&k_babaCode=21,data/cache/html/20180325_kawasaki_12.html
20180324_kawasaki_1,2018-03-24,kawasaki,1,https://www.keiba.go.jp/KeibaWeb/TodayRaceInfo/RaceMarkTable?k_raceDate=2018%2F03%2F24&k_raceNo=1&k_babaCode=21,data/cache/html/20180324_kawasaki_1.html
20180324_kawasaki_2,2018-03-24,kawasaki,2,https://www.keiba.go.jp/KeibaWeb/TodayRaceInfo/RaceMarkTable?k_raceDate=2018%2F03%2F24&k_raceNo=2&k_babaCode=21,data/cache/html/20180324_kawasaki_2.html
20180324_kawasaki_3,2018-03-24,kawasaki,3,https://www.keiba.go.jp/KeibaWeb/TodayRaceInfo/RaceMarkTable?k_raceDate=2018%2F03%2F24&k_raceNo=3&k_babaCode=21,data/cache/html/20180324_kawasaki_3.html
20180324_kawasaki_4,2018-03-24,kawasaki,4,https://www.keiba.go.jp/KeibaWeb/TodayRaceInfo/RaceMarkTable?k_raceDate=2018%2F03%2F24&k_raceNo=4&k_babaCode=21,data/cache/html/20180324_kawasaki_4.html
20180324_kawasaki_5,2018-03-24,kawasaki,5,https://www.keiba.go.jp/KeibaWeb/TodayRaceInfo/RaceMarkTable?k_raceDate=2018%2F03%2F24&k_raceNo=5&k_babaCode=21,data/cache/html/20180324_kawasaki_5.html
20180324_kawasaki_6,2018-03-24,kawasaki,6,https://www.keiba.go.jp/KeibaWeb/TodayRaceInfo/RaceMarkTable?k_raceDate=2018%2F03%2F24&k_raceNo=6&k_babaCode=21,data/cache/html/20180324_kawasaki_6.html
20180324_kawasaki_7,2018-03-24,kawasaki,7,https://www.keiba.go.jp/KeibaWeb/TodayRaceInfo/RaceMarkTable?k_raceDate=2018%2F03%2F24&k_raceNo=7&k_babaCode=21,data/cache/html/20180324_kawasaki_7.html
20180324_kawasaki_8,2018-03-24,kawasaki,8,https://www.keiba.go.jp/KeibaWeb/TodayRaceInfo/RaceMarkTable?k_raceDate=2018%2F03%2F24&k_raceNo=8&k_babaCode=21,data/cache/html/20180324_kawasaki_8.html
20180324_kawasaki_9,2018-03-24,kawasaki,9,https://www.keiba.go.jp/KeibaWeb/TodayRaceInfo/RaceMarkTable?k_raceDate=2018%2F03%2F24&k_raceNo=9&k_babaCode=21,data/cache/html/20180324_kawasaki_9.html
20180324_kawasaki_10,2018-03-24,kawasaki,10,https://www.keiba.go.jp/KeibaWeb/TodayRaceInfo/RaceMarkTable?k_raceDate=2018%2F03%2F24&k_raceNo=10&k_babaCode=21,data/cache/html/20180324_kawasaki_10.html
20180324_kawasaki_11,2018-03-24,kawasaki,11,https://www.keiba.go.jp/KeibaWeb/TodayRaceInfo/RaceMarkTable?k_raceDate=2018%2F03%2F24&k_raceNo=11&k_babaCode=21,data/cache/html/20180324_kawasaki_11.html
20180324_kawasaki_12,2018-03-24,kawasaki,12,https://www.keiba.go.jp/KeibaWeb/TodayRaceInfo/RaceMarkTable?k_raceDate=2018%2F03%2F24&k_raceNo=12&k_babaCode=21,data/cache/html/20180324_kawasaki_12.html
20180323_kawasaki_1,2018-03-23,kawasaki,1,https://www.keiba.go.jp/KeibaWeb/TodayRaceInfo/RaceMarkTable?k_raceDate=2018%2F03%2F23&k_raceNo=1&k_babaCode=21,data/cache/html/20180323_kawasaki_1.html
20180323_kawasaki_2,2018-03-23,kawasaki,2,https://www.keiba.go.jp/KeibaWeb/TodayRaceInfo/RaceMarkTable?k_raceDate=2018%2F03%2F23&k_raceNo=2&k_babaCode=21,data/cache/html/20180323_kawasaki_2.html
20180323_kawasaki_3,2018-03-23,kawasaki,3,https://www.keiba.go.jp/KeibaWeb/TodayRaceInfo/RaceMarkTable?k_raceDate=2018%2F03%2F23&k_raceNo=3&k_babaCode=21,data/cache/html/20180323_kawasaki_3.html
20180323_kawasaki_4,2018-03-23,kawasaki,4,https://www.keiba.go.jp/KeibaWeb/TodayRaceInfo/RaceMarkTable?k_raceDate=2018%2F03%2F23&k_raceNo=4&k_babaCode=21,data/cache/html/20180323_kawasaki_4.html
20180323_kawasaki_5,2018-03-23,kawasaki,5,https://www.keiba.go.jp/KeibaWeb/TodayRaceInfo/RaceMarkTable?k_raceDate=2018%2F03%2F23&k_raceNo=5&k_babaCode=21,data/cache/html/20180323_kawasaki_5.html
20180323_kawasaki_6,2018-03-23,kawasaki,6,https://www.keiba.go.jp/KeibaWeb/TodayRaceInfo/RaceMarkTable?k_raceDate=2018%2F03%2F23&k_raceNo=6&k_babaCode=21,data/cache/html/20180323_kawasaki_6.html
20180323_kawasaki_7,2018-03-23,kawasaki,7,https://www.keiba.go.jp/KeibaWeb/TodayRaceInfo/RaceMarkTable?k_raceDate=2018%2F03%2F23&k_raceNo=7&k_babaCode=21,data/cache/html/20180323_kawasaki_7.html
20180323_kawasaki_8,2018-03-23,kawasaki,8,https://www.keiba.go.jp/KeibaWeb/TodayRaceInfo/RaceMarkTable?k_raceDate=2018%2F03%2F23&k_raceNo=8&k_babaCode=21,data/cache/html/20180323_kawasaki_8.html
20180323_kawasaki_9,2018-03-23,kawasaki,9,https://www.keiba.go.jp/KeibaWeb/TodayRaceInfo/RaceMarkTable?k_raceDate=2018%2F03%2F23&k_raceNo=9&k_babaCode=21,data/cache/html/20180323_kawasaki_9.html
20180323_kawasaki_10,2018-03-23,kawasaki,10,https://www.keiba.go.jp/KeibaWeb/TodayRaceInfo/RaceMarkTable?k_raceDate=2018%2F03%2F23&k_raceNo=10&k_babaCode=21,data/cache/html/20180323_kawasaki_10.html
20180323_kawasaki_11,2018-03-23,kawasaki,11,https://www.keiba.go.jp/KeibaWeb/TodayRaceInfo/RaceMarkTable?k_raceDate=2018%2F03%2F23&k_raceNo=11&k_babaCode=21,data/cache/html/20180323_kawasaki_11.html
20180323_kawasaki_12,2018-03-23,kawasaki,12,https://www.keiba.go.jp/KeibaWeb/TodayRaceInfo/RaceMarkTable?k_raceDate=2018%2F03%2F23&k_raceNo=12&k_babaCode=21,data/cache/html/20180323_kawasaki_12.html
20180322_kawasaki_1,2018-03-22,kawasaki,1,https://www.keiba.go.jp/KeibaWeb/TodayRaceInfo/RaceMarkTable?k_raceDate=2018%2F03%2F22&k_raceNo=1&k_babaCode=21,data/cache/html/20180322_kawasaki_1.html
20180322_kawasaki_2,2018-03-22,kawasaki,2,https://www.keiba.go.jp/KeibaWeb/TodayRaceInfo/RaceMarkTable?k_raceDate=2018%2F03%2F22&k_raceNo=2&k_babaCode=21,data/cache/html/20180322_kawasaki_2.html
20180322_kawasaki_3,2018-03-22,kawasaki,3,https://www.keiba.go.jp/KeibaWeb/TodayRaceInfo/RaceMarkTable?k_raceDate=2018%2F03%2F22&k_raceNo=3&k_babaCode=21,data/cache/html/20180322_kawasaki_3.html
20180322_kawasaki_4,2018-03-22,kawasaki,4,https://www.keiba.go.jp/KeibaWeb/TodayRaceInfo/RaceMarkTable?k_raceDate=2018%2F03%2F22&k_raceNo=4&k_babaCode=21,data/cache/html/20180322_kawasaki_4.html
20180322_kawasaki_5,2018-03-22,kawasaki,5,https://www.keiba.go.jp/KeibaWeb/TodayRaceInfo/RaceMarkTable?k_raceDate=2018%2F03%2F22&k_raceNo=5&k_babaCode=21,data/cache/html/20180322_kawasaki_5.html
20180322_kawasaki_6,2018-03-22,kawasaki,6,https://www.keiba.go.jp/KeibaWeb/TodayRaceInfo/RaceMarkTable?k_raceDate=2018%2F03%2F22&k_raceNo=6&k_babaCode=21,data/cache/html/20180322_kawasaki_6.html
20180322_kawasaki_7,2018-03-22,kawasaki,7,https://www.keiba.go.jp/KeibaWeb/TodayRaceInfo/RaceMarkTable?k_raceDate=2018%2F03%2F22&k_raceNo=7&k_babaCode=21,data/cache/html/20180322_kawasaki_7.html
20180322_kawasaki_8,2018-03-22,kawasaki,8,https://www.keiba.go.jp/KeibaWeb/TodayRaceInfo/RaceMarkTable?k_raceDate=2018%2F03%2F22&k_raceNo=8&k_babaCode=21,data/cache/html/20180322_kawasaki_8.html
20180322_kawasaki_9,2018-03-22,kawasaki,9,https://www.keiba.go.jp/KeibaWeb/TodayRaceInfo/RaceMarkTable?k_raceDate=2018%2F03%2F22&k_raceNo=9&k_babaCode=21,data/cache/html/20180322_kawasaki_9.html
20180322_kawasaki_10,2018-03-22,kawasaki,10,https://www.keiba.go.jp/KeibaWeb/TodayRaceInfo/RaceMarkTable?k_raceDate=2018%2F03%2F22&k_raceNo=10&k_babaCode=21,data/cache/html/20180322_kawasaki_10.html
20180322_kawasaki_11,2018-03-22,kawasaki,11,https://www.keiba.go.jp/KeibaWeb/TodayRaceInfo/RaceMarkTable?k_raceDate=2018%2F03%2F22&k_raceNo=11&k_babaCode=21,data/cache/html/20180322_kawasaki_11.html
20180322_kawasaki_12,2018-03-22,kawasaki,12,https://www.keiba.go.jp/KeibaWeb/TodayRaceInfo/RaceMarkTable?k_raceDate=2018%2F03%2F22&k_raceNo=12&k_babaCode=21,data/cache/html/20180322_kawasaki_12.html
20180321_kawasaki_1,2018-03-21,kawasaki,1,https://www.keiba.go.jp/KeibaWeb/TodayRaceInfo/RaceMarkTable?k_raceDate=2018%2F03%2F21&k_raceNo=1&k_babaCode=21,data/cache/html/20180321_kawasaki_1.html
20180321_kawasaki_2,2018-03-21,kawasaki,2,https://www.keiba.go.jp/KeibaWeb/TodayRaceInfo/RaceMarkTable?k_raceDate=2018%2F03%2F21&k_raceNo=2&k_babaCode=21,data/cache/html/20180321_kawasaki_2.html
20180321_kawasaki_3,2018-03-21,kawasaki,3,https://www.keiba.go.jp/KeibaWeb/TodayRaceInfo/RaceMarkTable?k_raceDate=2018%2F03%2F21&k_raceNo=3&k_babaCode=21,data/cache/html/20180321_kawasaki_3.html
20180321_kawasaki_4,2018-03-21,kawasaki,4,https://www.keiba.go.jp/KeibaWeb/TodayRaceInfo/RaceMarkTable?k_raceDate=2018%2F03%2F21&k_raceNo=4&k_babaCode=21,data/cache/html/20180321_kawasaki_4.html
20180321_kawasaki_5,2018-03-21,kawasaki,5,https://www.keiba.go.jp/KeibaWeb/TodayRaceInfo/RaceMarkTable?k_raceDate=2018%2F03%2F21&k_raceNo=5&k_babaCode=21,data/cache/html/20180321_kawasaki_5.html
20180321_kawasaki_6,2018-03-21,kawasaki,6,https://www.keiba.go.jp/KeibaWeb/TodayRaceInfo/RaceMarkTable?k_raceDate=2018%2F03%2F21&k_raceNo=6&k_babaCode=21,data/cache/html/20180321_kawasaki_6.html
20180321_kawasaki_7,2018-03-21,kawasaki,7,https://www.keiba.go.jp/KeibaWeb/TodayRaceInfo/RaceMarkTable?k_raceDate=2018%2F03%2F21&k_raceNo=7&k_babaCode=21,data/cache/html/20180321_kawasaki_7.html
20180321_kawasaki_8,2018-03-21,kawasaki,8,https://www.keiba.go.jp/KeibaWeb/TodayRaceInfo/RaceMarkTable?k_raceDate=2018%2F03%2F21&k_raceNo=8&k_babaCode=21,data/cache/html/20180321_kawasaki_8.html
20180321_kawasaki_9,2018-03-21,kawasaki,9,https://www.keiba.go.jp/KeibaWeb/TodayRaceInfo/RaceMarkTable?k_raceDate=2018%2F03%2F21&k_raceNo=9&k_babaCode=21,data/cache/html/20180321_kawasaki_9.html
20180321_kawasaki_10,2018-03-21,kawasaki,10,https://www.keiba.go.jp/KeibaWeb/TodayRaceInfo/RaceMarkTable?k_raceDate=2018%2F03%2F21&k_raceNo=10&k_babaCode=21,data/cache/html/20180321_kawasaki_10.html
20180321_kawasaki_11,2018-03-21,kawasaki,11,https://www.keiba.go.jp/KeibaWeb/TodayRaceInfo/RaceMarkTable?k_raceDate=2018%2F03%2F21&k_raceNo=11&k_babaCode=21,data/cache/html/20180321_kawasaki_11.html
20180321_kawasaki_12,2018-03-21,kawasaki,12,https://www.keiba.go.jp/KeibaWeb/TodayRaceInfo/RaceMarkTable?k_raceDate=2018%2F03%2F21&k_raceNo=12&k_babaCode=21,data/cache/html/20180321_kawasaki_12.html
20180320_kawasaki_1,2018-03-20,kawasaki,1,https://www.keiba.go.jp/KeibaWeb/TodayRaceInfo/RaceMarkTable?k_raceDate=2018%2F03%2F20&k_raceNo=1&k_babaCode=21,data/cache/html/20180320_kawasaki_1.html
20180320_kawasaki_2,2018-03-20,kawasaki,2,https://www.keiba.go.jp/KeibaWeb/TodayRaceInfo/RaceMarkTable?k_raceDate=2018%2F03%2F20&k_raceNo=2&k_babaCode=21,data/cache/html/20180320_kawasaki_2.html
20180320_kawasaki_3,2018-03-20,kawasaki,3,https://www.keiba.go.jp/KeibaWeb/TodayRaceInfo/RaceMarkTable?k_raceDate=2018%2F03%2F20&k_raceNo=3&k_babaCode=21,data/cache/html/20180320_kawasaki_3.html
20180320_kawasaki_4,2018-03-20,kawasaki,4,https://www.keiba.go.jp/KeibaWeb/TodayRaceInfo/RaceMarkTable?k_raceDate=2018%2F03%2F20&k_raceNo=4&k_babaCode=21,data/cache/html/20180320_kawasaki_4.html
20180320_kawasaki_5,2018-03-20,kawasaki,5,https://www.keiba.go.jp/KeibaWeb/TodayRaceInfo/RaceMarkTable?k_raceDate=2018%2F03%2F20&k_raceNo=5&k_babaCode=21,data/cache/html/20180320_kawasaki_5.html
20180320_kawasaki_6,2018-03-20,kawasaki,6,https://www.keiba.go.jp/KeibaWeb/TodayRaceInfo/RaceMarkTable?k_raceDate=2018%2F03%2F20&k_raceNo=6&k_babaCode=21,data/cache/html/20180320_kawasaki_6.html
20180320_kawasaki_7,2018-03-20,kawasaki,7,https://www.keiba.go.jp/KeibaWeb/TodayRaceInfo/RaceMarkTable?k_raceDate=2018%2F03%2F20&k_raceNo=7&k_babaCode=21,data/cache/html/20180320_kawasaki_7.html
20180320_kawasaki_8,2018-03-20,kawasaki,8,https://www.keiba.go.jp/KeibaWeb/TodayRaceInfo/RaceMarkTable?k_raceDate=2018%2F03%2F20&k_raceNo=8&k_babaCode=21,data/cache/html/20180320_kawasaki_8.html
20180320_kawasaki_9,2018-03-20,kawasaki,9,https://www.keiba.go.jp/KeibaWeb/TodayRaceInfo/RaceMarkTable?k_raceDate=2018%2F03%2F20&k_raceNo=9&k_babaCode=21,data/cache/html/20180320_kawasaki_9.html
20180320_kawasaki_10,2018-03-20,kawasaki,10,https://www.keiba.go.jp/KeibaWeb/TodayRaceInfo/RaceMarkTable?k_raceDate=2018%2F03%2F20&k_raceNo=10&k_babaCode=21,data/cache/html/20180320_kawasaki_10.html
20180320_kawasaki_11,2018-03-20,kawasaki,11,https://www.keiba.go.jp/KeibaWeb/TodayRaceInfo/RaceMarkTable?k_raceDate=2018%2F03%2F20&k_raceNo=11&k_babaCode=21,data/cache/html/20180320_kawasaki_11.html
20180320_kawasaki_12,2018-03-20,kawasaki,12,https://www.keiba.go.jp/KeibaWeb/TodayRaceInfo/RaceMarkTable?k_raceDate=2018%2F03%2F20&k_raceNo=12&k_babaCode=21,data/cache/html/20180320_kawasaki_12.html
20180319_kawasaki_1,2018-03-19,kawasaki,1,https://www.keiba.go.jp/KeibaWeb/TodayRaceInfo/RaceMarkTable?k_raceDate=2018%2F03%2F19&k_raceNo=1&k_babaCode=21,data/cache/html/20180319_kawasaki_1.html
20180319_kawasaki_2,2018-03-19,kawasaki,2,https://www.keiba.go.jp/KeibaWeb/TodayRaceInfo/RaceMarkTable?k_raceDate=2018%2F03%2F19&k_raceNo=2&k_babaCode=21,data/cache/html/20180319_kawasaki_2.html
20180319_kawasaki_3,2018-03-19,kawasaki,3,https://www.keiba.go.jp/KeibaWeb/TodayRaceInfo/RaceMarkTable?k_raceDate=2018%2F03%2F19&k_raceNo=3&k_babaCode=21,data/cache/html/20180319_kawasaki_3.html
20180319_kawasaki_4,2018-03-19,kawasaki,4,https://www.keiba.go.jp/KeibaWeb/TodayRaceInfo/RaceMarkTable?k_raceDate=2018%2F03%2F19&k_raceNo=4&k_babaCode=21,data/cache/html/20180319_kawasaki_4.html
20180319_kawasaki_5,2018-03-19,kawasaki,5,https://www.keiba.go.jp/KeibaWeb/TodayRaceInfo/RaceMarkTable?k_raceDate=2018%2F03%2F19&k_raceNo=5&k_babaCode=21,data/cache/html/20180319_kawasaki_5.html
20180319_kawasaki_6,2018-03-19,kawasaki,6,https://www.keiba.go.jp/KeibaWeb/TodayRaceInfo/RaceMarkTable?k_raceDate=2018%2F03%2F19&k_raceNo=6&k_babaCode=21,data/cache/html/20180319_kawasaki_6.html
20180319_kawasaki_7,2018-03-19,kawasaki,7,https://www.keiba.go.jp/KeibaWeb/TodayRaceInfo/RaceMarkTable?k_raceDate=2018%2F03%2F19&k_raceNo=7&k_babaCode=21,data/cache/html/20180319_kawasaki_7.html
20180319_kawasaki_8,2018-03-19,kawasaki,8,https://www.keiba.go.jp/KeibaWeb/TodayRaceInfo/RaceMarkTable?k_raceDate=2018%2F03%2F19&k_raceNo=8&k_babaCode=21,data/cache/html/20180319_kawasaki_8.html
20180319_kawasaki_9,2018-03-19,kawasaki,9,https://www.keiba.go.jp/KeibaWeb/TodayRaceInfo/RaceMarkTable?k_raceDate=2018%2F03%2F19&k_raceNo=9&k_babaCode=21,data/cache/html/20180319_kawasaki_9.html
20180319_kawasaki_10,2018-03-19,kawasaki,10,https://www.keiba.go.jp/KeibaWeb/TodayRaceInfo/RaceMarkTable?k_raceDate=2018%2F03%2F19&k_raceNo=10&k_babaCode=21,data/cache/html/20180319_kawasaki_10.html
20180319_kawasaki_11,2018-03-19,kawasaki,11,https://www.keiba.go.jp/KeibaWeb/TodayRaceInfo/RaceMarkTable?k_raceDate=2018%2F03%2F19&k_raceNo=11&k_babaCode=21,data/cache/html/20180319_kawasaki_11.html
20180319_kawasaki_12,2018-03-19,kawasaki,12,https://www.keiba.go.jp/KeibaWeb/TodayRaceInfo/RaceMarkTable?k_raceDate=2018%2F03%2F19&k_raceNo=12&k_babaCode=21,data/cache/html/20180319_kawasaki_12.html
20180318_kawasaki_1,2018-03-18,kawasaki,1,https://www.keiba.go.jp/KeibaWeb/TodayRaceInfo/RaceMarkTable?k_raceDate=2018%2F03%2F18&k_raceNo=1&k_babaCode=21,data/cache/html/20180318_kawasaki_1.html
20180318_kawasaki_2,2018-03-18,kawasaki,2,https://www.keiba.go.jp/KeibaWeb/TodayRaceInfo/RaceMarkTable?k_raceDate=2018%2F03%2F18&k_raceNo=2&k_babaCode=21,data/cache/html/20180318_kawasaki_2.html
20180318_kawasaki_3,2018-03-18,kawasaki,3,https://www.keiba.go.jp/KeibaWeb/TodayRaceInfo/RaceMarkTable?k_raceDate=2018%2F03%2F18&k_raceNo=3&k_babaCode=21,data/cache/html/20180318_kawasaki_3.html
20180318_kawasaki_4,2018-03-18,kawasaki,4,https://www.keiba.go.jp/KeibaWeb/TodayRaceInfo/RaceMarkTable?k_raceDate=2018%2F03%2F18&k_raceNo=4&k_babaCode=21,data/cache/html/20180318_kawasaki_4.html
20180318_kawasaki_5,2018-03-18,kawasaki,5,https://www.keiba.go.jp/KeibaWeb/TodayRaceInfo/RaceMarkTable?k_raceDate=2018%2F03%2F18&k_raceNo=5&k_babaCode=21,data/cache/html/20180318_kawasaki_5.html
20180318_kawasaki_6,2018-03-18,kawasaki,6,https://www.keiba.go.jp/KeibaWeb/TodayRaceInfo/RaceMarkTable?k_raceDate=2018%2F03%2F18&k_raceNo=6&k_babaCode=21,data/cache/html/20180318_kawasaki_6.html
20180318_kawasaki_7,2018-03-18,kawasaki,7,https://www.keiba.go.jp/KeibaWeb/TodayRaceInfo/RaceMarkTable?k_raceDate=2018%2F03%2F18&k_raceNo=7&k_babaCode=21,data/cache/html/20180318_kawasaki_7.html
20180318_kawasaki_8,2018-03-18,kawasaki,8,https://www.keiba.go.jp/KeibaWeb/TodayRaceInfo/RaceMarkTable?k_raceDate=2018%2F03%2F18&k_raceNo=8&k_babaCode=21,data/cache/html/20180318_kawasaki_8.html
20180318_kawasaki_9,2018-03-18,kawasaki,9,https://www.keiba.go.jp/KeibaWeb/TodayRaceInfo/RaceMarkTable?k_raceDate=2018%2F03%2F18&k_raceNo=9&k_babaCode=21,data/cache/html/20180318_kawasaki_9.html
20180318_kawasaki_10,2018-03-18,kawasaki,10,https://www.keiba.go.jp/KeibaWeb/TodayRaceInfo/RaceMarkTable?k_raceDate=2018%2F03%2F18&k_raceNo=10&k_babaCode=21,data/cache/html/20180318_kawasaki_10.html
20180318_kawasaki_11,2018-03-18,kawasaki,11,https://www.keiba.go.jp/KeibaWeb/TodayRaceInfo/RaceMarkTable?k_raceDate=2018%2F03%2F18&k_raceNo=11&k_babaCode=21,data/cache/html/20180318_kawasaki_11.html
20180318_kawasaki_12,2018-03-18,kawasaki,12,https://www.keiba.go.jp/KeibaWeb/TodayRaceInfo/RaceMarkTable?k_raceDate=2018%2F03%2F18&k_raceNo=12&k_babaCode=21,data/cache/html/20180318_kawasaki_12.html
20180317_kawasaki_1,2018-03-17,kawasaki,1,https://www.keiba.go.jp/KeibaWeb/TodayRaceInfo/RaceMarkTable?k_raceDate=2018%2F03%2F17&k_raceNo=1&k_babaCode=21,data/cache/html/20180317_kawasaki_1.html
20180317_kawasaki_2,2018-03-17,kawasaki,2,https://www.keiba.go.jp/KeibaWeb/TodayRaceInfo/RaceMarkTable?k_raceDate=2018%2F03%2F17&k_raceNo=2&k_babaCode=21,data/cache/html/20180317_kawasaki_2.html
20180317_kawasaki_3,2018-03-17,kawasaki,3,https://www.keiba.go.jp/KeibaWeb/TodayRaceInfo/RaceMarkTable?k_raceDate=2018%2F03%2F17&k_raceNo=3&k_babaCode=21,data/cache/html/20180317_kawasaki_3.html
20180317_kawasaki_4,2018-03-17,kawasaki,4,https://www.keiba.go.jp/KeibaWeb/TodayRaceInfo/RaceMarkTable?k_raceDate=2018%2F03%2F17&k_raceNo=4&k_babaCode=21,data/cache/html/20180317_kawasaki_4.html
20180317_kawasaki_5,2018-03-17,kawasaki,5,https://www.keiba.go.jp/KeibaWeb/TodayRaceInfo/RaceMarkTable?k_raceDate=2018%2F03%2F17&k_raceNo=5&k_babaCode=21,data/cache/html/20180317_kawasaki_5.html
20180317_kawasaki_6,2018-03-17,kawasaki,6,https://www.keiba.go.jp/KeibaWeb/TodayRaceInfo/RaceMarkTable?k_raceDate=2018%2F03%2F17&k_raceNo=6&k_babaCode=21,data/cache/html/20180317_kawasaki_6.html
20180317_kawasaki_7,2018-03-17,kawasaki,7,https://www.keiba.go.jp/KeibaWeb/TodayRaceInfo/RaceMarkTable?k_raceDate=2018%2F03%2F17&k_raceNo=7&k_babaCode=21,data/cache/html/20180317_kawasaki_7.html
20180317_kawasaki_8,2018-03-17,kawasaki,8,https://www.keiba.go.jp/KeibaWeb/TodayRaceInfo/RaceMarkTable?k_raceDate=2018%2F03%2F17&k_raceNo=8&k_babaCode=21,data/cache/html/20180317_kawasaki_8.html
20180317_kawasaki_9,2018-03-17,kawasaki,9,https://www.keiba.go.jp/KeibaWeb/TodayRaceInfo/RaceMarkTable?k_raceDate=2018%2F03%2F17&k_raceNo=9&k_babaCode=21,data/cache/html/20180317_kawasaki_9.html
20180317_kawasaki_10,2018-03-17,kawasaki,10,https://www.keiba.go.jp/KeibaWeb/TodayRaceInfo/RaceMarkTable?k_raceDate=2018%2F03%2F17&k_raceNo=10&k_babaCode=21,data/cache/html/20180317_kawasaki_10.html
20180317_kawasaki_11,2018-03-17,kawasaki,11,https://www.keiba.go.jp/KeibaWeb/TodayRaceInfo/RaceMarkTable?k_raceDate=2018%2F03%2F17&k_raceNo=11&k_babaCode=21,data/cache/html/20180317_kawasaki_11.html
20180317_kawasaki_12,2018-03-17,kawasaki,12,https://www.keiba.go.jp/KeibaWeb/TodayRaceInfo/RaceMarkTable?k_raceDate=2018%2F03%2F17&k_raceNo=12&k_babaCode=21,data/cache/html/20180317_kawasaki_12.html
20180316_kawasaki_1,2018-03-16,kawasaki,1,https://www.keiba.go.jp/KeibaWeb/TodayRaceInfo/RaceMarkTable?k_raceDate=2018%2F03%2F16&k_raceNo=1&k_babaCode=21,data/cache/html/20180316_kawasaki_1.html
20180316_kawasaki_2,2018-03-16,kawasaki,2,https://www.keiba.go.jp/KeibaWeb/TodayRaceInfo/RaceMarkTable?k_raceDate=2018%2F03%2F16&k_raceNo=2&k_babaCode=21,data/cache/html/20180316_kawasaki_2.html
20180316_kawasaki_3,2018-03-16,kawasaki,3,https://www.keiba.go.jp/KeibaWeb/TodayRaceInfo/RaceMarkTable?k_raceDate=2018%2F03%2F16&k_raceNo=3&k_babaCode=21,data/cache/html/20180316_kawasaki_3.html
20180316_kawasaki_4,2018-03-16,kawasaki,4,https://www.keiba.go.jp/KeibaWeb/TodayRaceInfo/RaceMarkTable?k_raceDate=2018%2F03%2F16&k_raceNo=4&k_babaCode=21,data/cache/html/20180316_kawasaki_4.html
20180316_kawasaki_5,2018-03-16,kawasaki,5,https://www.keiba.go.jp/KeibaWeb/TodayRaceInfo/RaceMarkTable?k_raceDate=2018%2F03%2F16&k_raceNo=5&k_babaCode=21,data/cache/html/20180316_kawasaki_5.html
20180316_kawasaki_6,2018-03-16,kawasaki,6,https://www.keiba.go.jp/KeibaWeb/TodayRaceInfo/RaceMarkTable?k_raceDate=2018%2F03%2F16&k_raceNo=6&k_babaCode=21,data/cache/html/20180316_kawasaki_6.html
20180316_kawasaki_7,2018-03-16,kawasaki,7,https://www.keiba.go.jp/KeibaWeb/TodayRaceInfo/RaceMarkTable?k_raceDate=2018%2F03%2F16&k_raceNo=7&k_babaCode=21,data/cache/html/20180316_kawasaki_7.html
20180316_kawasaki_8,2018-03-16,kawasaki,8,https://www.keiba.go.jp/KeibaWeb/TodayRaceInfo/RaceMarkTable?k_raceDate=2018%2F03%2F16&k_raceNo=8&k_babaCode=21,data/cache/html/20180316_kawasaki_8.html
20180316_kawasaki_9,2018-03-16,kawasaki,9,https://www.keiba.go.jp/KeibaWeb/TodayRaceInfo/RaceMarkTable?k_raceDate=2018%2F03%2F16&k_raceNo=9&k_babaCode=21,data/cache/html/20180316_kawasaki_9.html
20180316_kawasaki_10,2018-03-16,kawasaki,10,https://www.keiba.go.jp/KeibaWeb/TodayRaceInfo/RaceMarkTable?k_raceDate=2018%2F03%2F16&k_raceNo=10&k_babaCode=21,data/cache/html/20180316_kawasaki_10.html
20180316_kawasaki_11,2018-03-16,kawasaki,11,https://www.keiba.go.jp/KeibaWeb/TodayRaceInfo/RaceMarkTable?k_raceDate=2018%2F03%2F16&k_raceNo=11&k_babaCode=21,data/cache/html/20180316_kawasaki_11.html
20180316_kawasaki_12,2018-03-16,kawasaki,12,https://www.keiba.go.jp/KeibaWeb/TodayRaceInfo/RaceMarkTable?k_raceDate=2018%2F03%2F16&k_raceNo=12&k_babaCode=21,data/cache/html/20180316_kawasaki_12.html
20180315_kawasaki_1,2018-03-15,kawasaki,1,https://www.keiba.go.jp/KeibaWeb/TodayRaceInfo/RaceMarkTable?k_raceDate=2018%2F03%2F15&k_raceNo=1&k_babaCode=21,data/cache/html/20180315_kawasaki_1.html
20180315_kawasaki_2,2018-03-15,kawasaki,2,https://www.keiba.go.jp/KeibaWeb/TodayRaceInfo/RaceMarkTable?k_raceDate=2018%2F03%2F15&k_raceNo=2&k_babaCode=21,data/cache/html/20180315_kawasaki_2.html
20180315_kawasaki_3,2018-03-15,kawasaki,3,https://www.keiba.go.jp/KeibaWeb/TodayRaceInfo/RaceMarkTable?k_raceDate=2018%2F03%2F15&k_raceNo=3&k_babaCode=21,data/cache/html/20180315_kawasaki_3.html
20180315_kawasaki_4,2018-03-15,kawasaki,4,https://www.keiba.go.jp/KeibaWeb/TodayRaceInfo/RaceMarkTable?k_raceDate=2018%2F03%2F15&k_raceNo=4&k_babaCode=21,data/cache/html/20180315_kawasaki_4.html
20180315_kawasaki_5,2018-03-15,kawasaki,5,https://www.keiba.go.jp/KeibaWeb/TodayRaceInfo/RaceMarkTable?k_raceDate=2018%2F03%2F15&k_raceNo=5&k_babaCode=21,data/cache/html/20180315_kawasaki_5.html
20180315_kawasaki_6,2018-03-15,kawasaki,6,https://www.keiba.go.jp/KeibaWeb/TodayRaceInfo/RaceMarkTable?k_raceDate=2018%2F03%2F15&k_raceNo=6&k_babaCode=21,data/cache/html/20180315_kawasaki_6.html
20180315_kawasaki_7,2018-03-15,kawasaki,7,https://www.keiba.go.jp/KeibaWeb/TodayRaceInfo/RaceMarkTable?k_raceDate=2018%2F03%2F15&k_raceNo=7&k_babaCode=21,data/cache/html/20180315_kawasaki_7.html
20180315_kawasaki_8,2018-03-15,kawasaki,8,https://www.keiba.go.jp/KeibaWeb/TodayRaceInfo/RaceMarkTable?k_raceDate=2018%2F03%2F15&k_raceNo=8&k_babaCode=21,data/cache/html/20180315_kawasaki_8.html
20180315_kawasaki_9,2018-03-15,kawasaki,9,https://www.keiba.go.jp/KeibaWeb/TodayRaceInfo/RaceMarkTable?k_raceDate=2018%2F03%2F15&k_raceNo=9&k_babaCode=21,data/cache/html/20180315_kawasaki_9.html
20180315_kawasaki_10,2018-03-15,kawasaki,10,https://www.keiba.go.jp/KeibaWeb/TodayRaceInfo/RaceMarkTable?k_raceDate=2018%2F03%2F15&k_raceNo=10&k_babaCode=21,data/cache/html/20180315_kawasaki_10.html
20180315_kawasaki_11,2018-03-15,kawasaki,11,https://www.keiba.go.jp/KeibaWeb/TodayRaceInfo/RaceMarkTable?k_raceDate=2018%2F03%2F15&k_raceNo=11&k_babaCode=21,data/cache/html/20180315_kawasaki_11.html
20180315_kawasaki_12,2018-03-15,kawasaki,12,https://www.keiba.go.jp/KeibaWeb/TodayRaceInfo/RaceMarkTable?k_raceDate=2018%2F03%2F15&k_raceNo=12&k_babaCode=21,data/cache/html/20180315_kawasaki_12.html
20180314_kawasaki_1,2018-03-14,kawasaki,1,https://www.keiba.go.jp/KeibaWeb/TodayRaceInfo/RaceMarkTable?k_raceDate=2018%2F03%2F14&k_raceNo=1&k_babaCode=21,data/cache/html/20180314_kawasaki_1.html
20180314_kawasaki_2,2018-03-14,kawasaki,2,https://www.keiba.go.jp/KeibaWeb/TodayRaceInfo/RaceMarkTable?k_raceDate=2018%2F03%2F14&k_raceNo=2&k_babaCode=21,data/cache/html/20180314_kawasaki_2.html
20180314_kawasaki_3,2018-03-14,kawasaki,3,https://www.keiba.go.jp/KeibaWeb/TodayRaceInfo/RaceMarkTable?k_raceDate=2018%2F03%2F14&k_raceNo=3&k_babaCode=21,data/cache/html/20180314_kawasaki_3.html
20180314_kawasaki_4,2018-03-14,kawasaki,4,https://www.keiba.go.jp/KeibaWeb/TodayRaceInfo/RaceMarkTable?k_raceDate=2018%2F03%2F14&k_raceNo=4&k_babaCode=21,data/cache/html/20180314_kawasaki_4.html
20180314_kawasaki_5,2018-03-14,kawasaki,5,https://www.keiba.go.jp/KeibaWeb/TodayRaceInfo/RaceMarkTable?k_raceDate=2018%2F03%2F14&k_raceNo=5&k_babaCode=21,data/cache/html/20180314_kawasaki_5.html
20180314_kawasaki_6,2018-03-14,kawasaki,6,https://www.keiba.go.jp/KeibaWeb/TodayRaceInfo/RaceMarkTable?k_raceDate=2018%2F03%2F14&k_raceNo=6&k_babaCode=21,data/cache/html/20180314_kawasaki_6.html
20180314_kawasaki_7,2018-03-14,kawasaki,7,https://www.keiba.go.jp/KeibaWeb/TodayRaceInfo/RaceMarkTable?k_raceDate=2018%2F03%2F14&k_raceNo=7&k_babaCode=21,data/cache/html/20180314_kawasaki_7.html
20180314_kawasaki_8,2018-03-14,kawasaki,8,https://www.keiba.go.jp/KeibaWeb/TodayRaceInfo/RaceMarkTable?k_raceDate=2018%2F03%2F14&k_raceNo=8&k_babaCode=21,data/cache/html/20180314_kawasaki_8.html
20180314_kawasaki_9,2018-03-14,kawasaki,9,https://www.keiba.go.jp/KeibaWeb/TodayRaceInfo/RaceMarkTable?k_raceDate=2018%2F03%2F14&k_raceNo=9&k_babaCode=21,data/cache/html/20180314_kawasaki_9.html
20180314_kawasaki_10,2018-03-14,kawasaki,10,https://www.keiba.go.jp/KeibaWeb/TodayRaceInfo/RaceMarkTable?k_raceDate=2018%2F03%2F14&k_raceNo=10&k_babaCode=21,data/cache/html/20180314_kawasaki_10.html
20180314_kawasaki_11,2018-03-14,kawasaki,11,https://www.keiba.go.jp/KeibaWeb/TodayRaceInfo/RaceMarkTable?k_raceDate=2018%2F03%2F14&k_raceNo=11&k_babaCode=21,data/cache/html/20180314_kawasaki_11.html
20180314_kawasaki_12,2018-03-14,kawasaki,12,https://www.keiba.go.jp/KeibaWeb/TodayRaceInfo/RaceMarkTable?k_raceDate=2018%2F03%2F14&k_raceNo=12&k_babaCode=21,data/cache/html/20180314_kawasaki_12.html
20180313_kawasaki_1,2018-03-13,kawasaki,1,https://www.keiba.go.jp/KeibaWeb/TodayRaceInfo/RaceMarkTable?k_raceDate=2018%2F03%2F13&k_raceNo=1&k_babaCode=21,data/cache/html/20180313_kawasaki_1.html
20180313_kawasaki_2,2018-03-13,kawasaki,2,https://www.keiba.go.jp/KeibaWeb/TodayRaceInfo/RaceMarkTable?k_raceDate=2018%2F03%2F13&k_raceNo=2&k_babaCode=21,data/cache/html/20180313_kawasaki_2.html
20180313_kawasaki_3,2018-03-13,kawasaki,3,https://www.keiba.go.jp/KeibaWeb/TodayRaceInfo/RaceMarkTable?k_raceDate=2018%2F03%2F13&k_raceNo=3&k_babaCode=21,data/cache/html/20180313_kawasaki_3.html
20180313_kawasaki_4,2018-03-13,kawasaki,4,https://www.keiba.go.jp/KeibaWeb/TodayRaceInfo/RaceMarkTable?k_raceDate=2018%2F03%2F13&k_raceNo=4&k_babaCode=21,data/cache/html/20180313_kawasaki_4.html
20180313_kawasaki_5,2018-03-13,kawasaki,5,https://www.keiba.go.jp/KeibaWeb/TodayRaceInfo/RaceMarkTable?k_raceDate=2018%2F03%2F13&k_raceNo=5&k_babaCode=21,data/cache/html/20180313_kawasaki_5.html
20180313_kawasaki_6,2018-03-13,kawasaki,6,https://www.keiba.go.jp/KeibaWeb/TodayRaceInfo/RaceMarkTable?k_raceDate=2018%2F03%2F13&k_raceNo=6&k_babaCode=21,data/cache/html/20180313_kawasaki_6.html
20180313_kawasaki_7,2018-03-13,kawasaki,7,https://www.keiba.go.jp/KeibaWeb/TodayRaceInfo/RaceMarkTable?k_raceDate=2018%2F03%2F13&k_raceNo=7&k_babaCode=21,data/cache/html/20180313_kawasaki_7.html
20180313_kawasaki_8,2018-03-13,kawasaki,8,https://www.keiba.go.jp/KeibaWeb/TodayRaceInfo/RaceMarkTable?k_raceDate=2018%2F03%2F13&k_raceNo=8&k_babaCode=21,data/cache/html/20180313_kawasaki_8.html
20180313_kawasaki_9,2018-03-13,kawasaki,9,https://www.keiba.go.jp/KeibaWeb/TodayRaceInfo/RaceMarkTable?k_raceDate=2018%2F03%2F13&k_raceNo=9&k_babaCode=21,data/cache/html/20180313_kawasaki_9.html
20180313_kawasaki_10,2018-03-13,kawasaki,10,https://www.keiba.go.jp/KeibaWeb/TodayRaceInfo/RaceMarkTable?k_raceDate=2018%2F03%2F13&k_raceNo=10&k_babaCode=21,data/cache/html/20180313_kawasaki_10.html
20180313_kawasaki_11,2018-03-13,kawasaki,11,https://www.keiba.go.jp/KeibaWeb/TodayRaceInfo/RaceMarkTable?k_raceDate=2018%2F03%2F13&k_raceNo=11&k_babaCode=21,data/cache/html/20180313_kawasaki_11.html
20180313_kawasaki_12,2018-03-13,kawasaki,12,https://www.keiba.go.jp/KeibaWeb/TodayRaceInfo/RaceMarkTable?k_raceDate=2018%2F03%2F13&k_raceNo=12&k_babaCode=21,data/cache/html/20180313_kawasaki_12.html
