race_id,date,track,race_no,official_url,cache_html_path
19811109_kawasaki_1,1981-11-09,kawasaki,1,https://www.keiba.go.jp/KeibaWeb/TodayRaceInfo/RaceMarkTable?k_raceDate=1981%2F11%2F09&k_raceNo=1&k_babaCode=21,data/cache/html/19811109_kawasaki_1.html
19811109_kawasaki_2,1981-11-09,kawasaki,2,https://www.keiba.go.jp/KeibaWeb/TodayRaceInfo/RaceMarkTable?k_raceDate=1981%2F11%2F09&k_raceNo=2&k_babaCode=21,data/cache/html/19811109_kawasaki_2.html
19811109_kawasaki_3,1981-11-09,kawasaki,3,https://www.keiba.go.jp/KeibaWeb/TodayRaceInfo/RaceMarkTable?k_raceDate=1981%2F11%2F09&k_raceNo=3&k_babaCode=21,data/cache/html/19811109_kawasaki_3.html
19811109_kawasaki_4,1981-11-09,kawasaki,4,https://www.keiba.go.jp/KeibaWeb/TodayRaceInfo/RaceMarkTable?k_raceDate=1981%2F11%2F09&k_raceNo=4&k_babaCode=21,data/cache/html/19811109_kawasaki_4.html
19811109_kawasaki_5,1981-11-09,kawasaki,5,https://www.keiba.go.jp/KeibaWeb/TodayRaceInfo/RaceMarkTable?k_raceDate=1981%2F11%2F09&k_raceNo=5&k_babaCode=21,data/cache/html/19811109_kawasaki_5.html
19811109_kawasaki_6,1981-11-09,kawasaki,6,https://www.keiba.go.jp/KeibaWeb/TodayRaceInfo/RaceMarkTable?k_raceDate=1981%2F11%2F09&k_raceNo=6&k_babaCode=21,data/cache/html/19811109_kawasaki_6.html
19811109_kawasaki_7,1981-11-09,kawasaki,7,https://www.keiba.go.jp/KeibaWeb/TodayRaceInfo/RaceMarkTable?k_raceDate=1981%2F11%2F09&k_raceNo=7&k_babaCode=21,data/cache/html/19811109_kawasaki_7.html
19811109_kawasaki_8,1981-11-09,kawasaki,8,https://www.keiba.go.jp/KeibaWeb/TodayRaceInfo/RaceMarkTable?k_raceDate=1981%2F11%2F09&k_raceNo=8&k_babaCode=21,data/cache/html/19811109_kawasaki_8.html
19811109_kawasaki_9,1981-11-09,kawasaki,9,https://www.keiba.go.jp/KeibaWeb/TodayRaceInfo/RaceMarkTable?k_raceDate=1981%2F11%2F09&k_raceNo=9&k_babaCode=21,data/cache/html/19811109_kawasaki_9.html
19811109_kawasaki_10,1981-11-09,kawasaki,10,https://www.keiba.go.jp/KeibaWeb/TodayRaceInfo/RaceMarkTable?k_raceDate=1981%2F11%2F09&k_raceNo=10&k_babaCode=21,data/cache/html/19811109_kawasaki_10.html
19811109_kawasaki_11,1981-11-09,kawasaki,11,https://www.keiba.go.jp/KeibaWeb/TodayRaceInfo/RaceMarkTable?k_raceDate=1981%2F11%2F09&k_raceNo=11&k_babaCode=21,data/cache/html/19811109_kawasaki_11.html
19811109_kawasaki_12,1981-11-09,kawasaki,12,https://www.keiba.go.jp/KeibaWeb/TodayRaceInfo/RaceMarkTable?k_raceDate=1981%2F11%2F09&k_raceNo=12&k_babaCode=21,data/cache/html/19811109_kawasaki_12.html
19811108_kawasaki_1,1981-11-08,kawasaki,1,https://www.keiba.go.jp/KeibaWeb/TodayRaceInfo/RaceMarkTable?k_raceDate=1981%2F11%2F08&k_raceNo=1&k_babaCode=21,data/cache/html/19811108_kawasaki_1.html
19811108_kawasaki_2,1981-11-08,kawasaki,2,https://www.keiba.go.jp/KeibaWeb/TodayRaceInfo/RaceMarkTable?k_raceDate=1981%2F11%2F08&k_raceNo=2&k_babaCode=21,data/cache/html/19811108_kawasaki_2.html
19811108_kawasaki_3,1981-11-08,kawasaki,3,https://www.keiba.go.jp/KeibaWeb/TodayRaceInfo/RaceMarkTable?k_raceDate=1981%2F11%2F08&k_raceNo=3&k_babaCode=21,data/cache/html/19811108_kawasaki_3.html
19811108_kawasaki_4,1981-11-08,kawasaki,4,https://www.keiba.go.jp/KeibaWeb/TodayRaceInfo/RaceMarkTable?k_raceDate=1981%2F11%2F08&k_raceNo=4&k_babaCode=21,data/cache/html/19811108_kawasaki_4.html
19811108_kawasaki_5,1981-11-08,kawasaki,5,https://www.keiba.go.jp/KeibaWeb/TodayRaceInfo/RaceMarkTable?k_raceDate=1981%2F11%2F08&k_raceNo=5&k_babaCode=21,data/cache/html/19811108_kawasaki_5.html
19811108_kawasaki_6,1981-11-08,kawasaki,6,https://www.keiba.go.jp/KeibaWeb/TodayRaceInfo/RaceMarkTable?k_raceDate=1981%2F11%2F08&k_raceNo=6&k_babaCode=21,data/cache/html/19811108_kawasaki_6.html
19811108_kawasaki_7,1981-11-08,kawasaki,7,https://www.keiba.go.jp/KeibaWeb/TodayRaceInfo/RaceMarkTable?k_raceDate=1981%2F11%2F08&k_raceNo=7&k_babaCode=21,data/cache/html/19811108_kawasaki_7.html
19811108_kawasaki_8,1981-11-08,kawasaki,8,https://www.keiba.go.jp/KeibaWeb/TodayRaceInfo/RaceMarkTable?k_raceDate=1981%2F11%2F08&k_raceNo=8&k_babaCode=21,data/cache/html/19811108_kawasaki_8.html
19811108_kawasaki_9,1981-11-08,kawasaki,9,https://www.keiba.go.jp/KeibaWeb/TodayRaceInfo/RaceMarkTable?k_raceDate=1981%2F11%2F08&k_raceNo=9&k_babaCode=21,data/cache/html/19811108_kawasaki_9.html
19811108_kawasaki_10,1981-11-08,kawasaki,10,https://www.keiba.go.jp/KeibaWeb/TodayRaceInfo/RaceMarkTable?k_raceDate=1981%2F11%2F08&k_raceNo=10&k_babaCode=21,data/cache/html/19811108_kawasaki_10.html
19811108_kawasaki_11,1981-11-08,kawasaki,11,https://www.keiba.go.jp/KeibaWeb/TodayRaceInfo/RaceMarkTable?k_raceDate=1981%2F11%2F08&k_raceNo=11&k_babaCode=21,data/cache/html/19811108_kawasaki_11.html
19811108_kawasaki_12,1981-11-08,kawasaki,12,https://www.keiba.go.jp/KeibaWeb/TodayRaceInfo/RaceMarkTable?k_raceDate=1981%2F11%2F08&k_raceNo=12&k_babaCode=21,data/cache/html/19811108_kawasaki_12.html
19811107_kawasaki_1,1981-11-07,kawasaki,1,https://www.keiba.go.jp/KeibaWeb/TodayRaceInfo/RaceMarkTable?k_raceDate=1981%2F11%2F07&k_raceNo=1&k_babaCode=21,data/cache/html/19811107_kawasaki_1.html
19811107_kawasaki_2,1981-11-07,kawasaki,2,https://www.keiba.go.jp/KeibaWeb/TodayRaceInfo/RaceMarkTable?k_raceDate=1981%2F11%2F07&k_raceNo=2&k_babaCode=21,data/cache/html/19811107_kawasaki_2.html
19811107_kawasaki_3,1981-11-07,kawasaki,3,https://www.keiba.go.jp/KeibaWeb/TodayRaceInfo/RaceMarkTable?k_raceDate=1981%2F11%2F07&k_raceNo=3&k_babaCode=21,data/cache/html/19811107_kawasaki_3.html
19811107_kawasaki_4,1981-11-07,kawasaki,4,https://www.keiba.go.jp/KeibaWeb/TodayRaceInfo/RaceMarkTable?k_raceDate=1981%2F11%2F07&k_raceNo=4&k_babaCode=21,data/cache/html/19811107_kawasaki_4.html
19811107_kawasaki_5,1981-11-07,kawasaki,5,https://www.keiba.go.jp/KeibaWeb/TodayRaceInfo/RaceMarkTable?k_raceDate=1981%2F11%2F07&k_raceNo=5&k_babaCode=21,data/cache/html/19811107_kawasaki_5.html
19811107_kawasaki_6,1981-11-07,kawasaki,6,https://www.keiba.go.jp/KeibaWeb/TodayRaceInfo/RaceMarkTable?k_raceDate=1981%2F11%2F07&k_raceNo=6&k_babaCode=21,data/cache/html/19811107_kawasaki_6.html
19811107_kawasaki_7,1981-11-07,kawasaki,7,https://www.keiba.go.jp/KeibaWeb/TodayRaceInfo/RaceMarkTable?k_raceDate=1981%2F11%2F07&k_raceNo=7&k_babaCode=21,data/cache/html/19811107_kawasaki_7.html
19811107_kawasaki_8,1981-11-07,kawasaki,8,https://www.keiba.go.jp/KeibaWeb/TodayRaceInfo/RaceMarkTable?k_raceDate=1981%2F11%2F07&k_raceNo=8&k_babaCode=21,data/cache/html/19811107_kawasaki_8.html
19811107_kawasaki_9,1981-11-07,kawasaki,9,https://www.keiba.go.jp/KeibaWeb/TodayRaceInfo/RaceMarkTable?k_raceDate=1981%2F11%2F07&k_raceNo=9&k_babaCode=21,data/cache/html/19811107_kawasaki_9.html
19811107_kawasaki_10,1981-11-07,kawasaki,10,https://www.keiba.go.jp/KeibaWeb/TodayRaceInfo/RaceMarkTable?k_raceDate=1981%2F11%2F07&k_raceNo=10&k_babaCode=21,data/cache/html/19811107_kawasaki_10.html
19811107_kawasaki_11,1981-11-07,kawasaki,11,https://www.keiba.go.jp/KeibaWeb/TodayRaceInfo/RaceMarkTable?k_raceDate=1981%2F11%2F07&k_raceNo=11&k_babaCode=21,data/cache/html/19811107_kawasaki_11.html
19811107_kawasaki_12,1981-11-07,kawasaki,12,https://www.keiba.go.jp/KeibaWeb/TodayRaceInfo/RaceMarkTable?k_raceDate=1981%2F11%2F07&k_raceNo=12&k_babaCode=21,data/cache/html/19811107_kawasaki_12.html
19811106_kawasaki_1,1981-11-06,kawasaki,1,https://www.keiba.go.jp/KeibaWeb/TodayRaceInfo/RaceMarkTable?k_raceDate=1981%2F11%2F06&k_raceNo=1&k_babaCode=21,data/cache/html/19811106_kawasaki_1.html
19811106_kawasaki_2,1981-11-06,kawasaki,2,https://www.keiba.go.jp/KeibaWeb/TodayRaceInfo/RaceMarkTable?k_raceDate=1981%2F11%2F06&k_raceNo=2&k_babaCode=21,data/cache/html/19811106_kawasaki_2.html
19811106_kawasaki_3,1981-11-06,kawasaki,3,https://www.keiba.go.jp/KeibaWeb/TodayRaceInfo/RaceMarkTable?k_raceDate=1981%2F11%2F06&k_raceNo=3&k_babaCode=21,data/cache/html/19811106_kawasaki_3.html
19811106_kawasaki_4,1981-11-06,kawasaki,4,https://www.keiba.go.jp/KeibaWeb/TodayRaceInfo/RaceMarkTable?k_raceDate=1981%2F11%2F06&k_raceNo=4&k_babaCode=21,data/cache/html/19811106_kawasaki_4.html
19811106_kawasaki_5,1981-11-06,kawasaki,5,https://www.keiba.go.jp/KeibaWeb/TodayRaceInfo/RaceMarkTable?k_raceDate=1981%2F11%2F06&k_raceNo=5&k_babaCode=21,data/cache/html/19811106_kawasaki_5.html
19811106_kawasaki_6,1981-11-06,kawasaki,6,https://www.keiba.go.jp/KeibaWeb/TodayRaceInfo/RaceMarkTable?k_raceDate=1981%2F11%2F06&k_raceNo=6&k_babaCode=21,data/cache/html/19811106_kawasaki_6.html
19811106_kawasaki_7,1981-11-06,kawasaki,7,https://www.keiba.go.jp/KeibaWeb/TodayRaceInfo/RaceMarkTable?k_raceDate=1981%2F11%2F06&k_raceNo=7&k_babaCode=21,data/cache/html/19811106_kawasaki_7.html
19811106_kawasaki_8,1981-11-06,kawasaki,8,https://www.keiba.go.jp/KeibaWeb/TodayRaceInfo/RaceMarkTable?k_raceDate=1981%2F11%2F06&k_raceNo=8&k_babaCode=21,data/cache/html/19811106_kawasaki_8.html
19811106_kawasaki_9,1981-11-06,kawasaki,9,https://www.keiba.go.jp/KeibaWeb/TodayRaceInfo/RaceMarkTable?k_raceDate=1981%2F11%2F06&k_raceNo=9&k_babaCode=21,data/cache/html/19811106_kawasaki_9.html
19811106_kawasaki_10,1981-11-06,kawasaki,10,https://www.keiba.go.jp/KeibaWeb/TodayRaceInfo/RaceMarkTable?k_raceDate=1981%2F11%2F06&k_raceNo=10&k_babaCode=21,data/cache/html/19811106_kawasaki_10.html
19811106_kawasaki_11,1981-11-06,kawasaki,11,https://www.keiba.go.jp/KeibaWeb/TodayRaceInfo/RaceMarkTable?k_raceDate=1981%2F11%2F06&k_raceNo=11&k_babaCode=21,data/cache/html/19811106_kawasaki_11.html
19811106_kawasaki_12,1981-11-06,kawasaki,12,https://www.keiba.go.jp/KeibaWeb/TodayRaceInfo/RaceMarkTable?k_raceDate=1981%2F11%2F06&k_raceNo=12&k_babaCode=21,data/cache/html/19811106_kawasaki_12.html
19811105_kawasaki_1,1981-11-05,kawasaki,1,https://www.keiba.go.jp/KeibaWeb/TodayRaceInfo/RaceMarkTable?k_raceDate=1981%2F11%2F05&k_raceNo=1&k_babaCode=21,data/cache/html/19811105_kawasaki_1.html
19811105_kawasaki_2,1981-11-05,kawasaki,2,https://www.keiba.go.jp/KeibaWeb/TodayRaceInfo/RaceMarkTable?k_raceDate=1981%2F11%2F05&k_raceNo=2&k_babaCode=21,data/cache/html/19811105_kawasaki_2.html
19811105_kawasaki_3,1981-11-05,kawasaki,3,https://www.keiba.go.jp/KeibaWeb/TodayRaceInfo/RaceMarkTable?k_raceDate=1981%2F11%2F05&k_raceNo=3&k_babaCode=21,data/cache/html/19811105_kawasaki_3.html
19811105_kawasaki_4,1981-11-05,kawasaki,4,https://www.keiba.go.jp/KeibaWeb/TodayRaceInfo/RaceMarkTable?k_raceDate=1981%2F11%2F05&k_raceNo=4&k_babaCode=21,data/cache/html/19811105_kawasaki_4.html
19811105_kawasaki_5,1981-11-05,kawasaki,5,https://www.keiba.go.jp/KeibaWeb/TodayRaceInfo/RaceMarkTable?k_raceDate=1981%2F11%2F05&k_raceNo=5&k_babaCode=21,data/cache/html/19811105_kawasaki_5.html
19811105_kawasaki_6,1981-11-05,kawasaki,6,https://www.keiba.go.jp/KeibaWeb/TodayRaceInfo/RaceMarkTable?k_raceDate=1981%2F11%2F05&k_raceNo=6&k_babaCode=21,data/cache/html/19811105_kawasaki_6.html
19811105_kawasaki_7,1981-11-05,kawasaki,7,https://www.keiba.go.jp/KeibaWeb/TodayRaceInfo/RaceMarkTable?k_raceDate=1981%2F11%2F05&k_raceNo=7&k_babaCode=21,data/cache/html/19811105_kawasaki_7.html
19811105_kawasaki_8,1981-11-05,kawasaki,8,https://www.keiba.go.jp/KeibaWeb/TodayRaceInfo/RaceMarkTable?k_raceDate=1981%2F11%2F05&k_raceNo=8&k_babaCode=21,data/cache/html/19811105_kawasaki_8.html
19811105_kawasaki_9,1981-11-05,kawasaki,9,https://www.keiba.go.jp/KeibaWeb/TodayRaceInfo/RaceMarkTable?k_raceDate=1981%2F11%2F05&k_raceNo=9&k_babaCode=21,data/cache/html/19811105_kawasaki_9.html
19811105_kawasaki_10,1981-11-05,kawasaki,10,https://www.keiba.go.jp/KeibaWeb/TodayRaceInfo/RaceMarkTable?k_raceDate=1981%2F11%2F05&k_raceNo=10&k_babaCode=21,data/cache/html/19811105_kawasaki_10.html
19811105_kawasaki_11,1981-11-05,kawasaki,11,https://www.keiba.go.jp/KeibaWeb/TodayRaceInfo/RaceMarkTable?k_raceDate=1981%2F11%2F05&k_raceNo=11&k_babaCode=21,data/cache/html/19811105_kawasaki_11.html
19811105_kawasaki_12,1981-11-05,kawasaki,12,https://www.keiba.go.jp/KeibaWeb/TodayRaceInfo/RaceMarkTable?k_raceDate=1981%2F11%2F05&k_raceNo=12&k_babaCode=21,data/cache/html/19811105_kawasaki_12.html
19811104_kawasaki_1,1981-11-04,kawasaki,1,https://www.keiba.go.jp/KeibaWeb/TodayRaceInfo/RaceMarkTable?k_raceDate=1981%2F11%2F04&k_raceNo=1&k_babaCode=21,data/cache/html/19811104_kawasaki_1.html
19811104_kawasaki_2,1981-11-04,kawasaki,2,https://www.keiba.go.jp/KeibaWeb/TodayRaceInfo/RaceMarkTable?k_raceDate=1981%2F11%2F04&k_raceNo=2&k_babaCode=21,data/cache/html/19811104_kawasaki_2.html
19811104_kawasaki_3,1981-11-04,kawasaki,3,https://www.keiba.go.jp/KeibaWeb/TodayRaceInfo/RaceMarkTable?k_raceDate=1981%2F11%2F04&k_raceNo=3&k_babaCode=21,data/cache/html/19811104_kawasaki_3.html
19811104_kawasaki_4,1981-11-04,kawasaki,4,https://www.keiba.go.jp/KeibaWeb/TodayRaceInfo/RaceMarkTable?k_raceDate=1981%2F11%2F04&k_raceNo=4&k_babaCode=21,data/cache/html/19811104_kawasaki_4.html
19811104_kawasaki_5,1981-11-04,kawasaki,5,https://www.keiba.go.jp/KeibaWeb/TodayRaceInfo/RaceMarkTable?k_raceDate=1981%2F11%2F04&k_raceNo=5&k_babaCode=21,data/cache/html/19811104_kawasaki_5.html
19811104_kawasaki_6,1981-11-04,kawasaki,6,https://www.keiba.go.jp/KeibaWeb/TodayRaceInfo/RaceMarkTable?k_raceDate=1981%2F11%2F04&k_raceNo=6&k_babaCode=21,data/cache/html/19811104_kawasaki_6.html
19811104_kawasaki_7,1981-11-04,kawasaki,7,https://www.keiba.go.jp/KeibaWeb/TodayRaceInfo/RaceMarkTable?k_raceDate=1981%2F11%2F04&k_raceNo=7&k_babaCode=21,data/cache/html/19811104_kawasaki_7.html
19811104_kawasaki_8,1981-11-04,kawasaki,8,https://www.keiba.go.jp/KeibaWeb/TodayRaceInfo/RaceMarkTable?k_raceDate=1981%2F11%2F04&k_raceNo=8&k_babaCode=21,data/cache/html/19811104_kawasaki_8.html
19811104_kawasaki_9,1981-11-04,kawasaki,9,https://www.keiba.go.jp/KeibaWeb/TodayRaceInfo/RaceMarkTable?k_raceDate=1981%2F11%2F04&k_raceNo=9&k_babaCode=21,data/cache/html/19811104_kawasaki_9.html
19811104_kawasaki_10,1981-11-04,kawasaki,10,https://www.keiba.go.jp/KeibaWeb/TodayRaceInfo/RaceMarkTable?k_raceDate=1981%2F11%2F04&k_raceNo=10&k_babaCode=21,data/cache/html/19811104_kawasaki_10.html
19811104_kawasaki_11,1981-11-04,kawasaki,11,https://www.keiba.go.jp/KeibaWeb/TodayRaceInfo/RaceMarkTable?k_raceDate=1981%2F11%2F04&k_raceNo=11&k_babaCode=21,data/cache/html/19811104_kawasaki_11.html
19811104_kawasaki_12,1981-11-04,kawasaki,12,https://www.keiba.go.jp/KeibaWeb/TodayRaceInfo/RaceMarkTable?k_raceDate=1981%2F11%2F04&k_raceNo=12&k_babaCode=21,data/cache/html/19811104_kawasaki_12.html
19811103_kawasaki_1,1981-11-03,kawasaki,1,https://www.keiba.go.jp/KeibaWeb/TodayRaceInfo/RaceMarkTable?k_raceDate=1981%2F11%2F03&k_raceNo=1&k_babaCode=21,data/cache/html/19811103_kawasaki_1.html
19811103_kawasaki_2,1981-11-03,kawasaki,2,https://www.keiba.go.jp/KeibaWeb/TodayRaceInfo/RaceMarkTable?k_raceDate=1981%2F11%2F03&k_raceNo=2&k_babaCode=21,data/cache/html/19811103_kawasaki_2.html
19811103_kawasaki_3,1981-11-03,kawasaki,3,https://www.keiba.go.jp/KeibaWeb/TodayRaceInfo/RaceMarkTable?k_raceDate=1981%2F11%2F03&k_raceNo=3&k_babaCode=21,data/cache/html/19811103_kawasaki_3.html
19811103_kawasaki_4,1981-11-03,kawasaki,4,https://www.keiba.go.jp/KeibaWeb/TodayRaceInfo/RaceMarkTable?k_raceDate=1981%2F11%2F03&k_raceNo=4&k_babaCode=21,data/cache/html/19811103_kawasaki_4.html
19811103_kawasaki_5,1981-11-03,kawasaki,5,https://www.keiba.go.jp/KeibaWeb/TodayRaceInfo/RaceMarkTable?k_raceDate=1981%2F11%2F03&k_raceNo=5&k_babaCode=21,data/cache/html/19811103_kawasaki_5.html
19811103_kawasaki_6,1981-11-03,kawasaki,6,https://www.keiba.go.jp/KeibaWeb/TodayRaceInfo/RaceMarkTable?k_raceDate=1981%2F11%2F03&k_raceNo=6&k_babaCode=21,data/cache/html/19811103_kawasaki_6.html
19811103_kawasaki_7,1981-11-03,kawasaki,7,https://www.keiba.go.jp/KeibaWeb/TodayRaceInfo/RaceMarkTable?k_raceDate=1981%2F11%2F03&k_raceNo=7&k_babaCode=21,data/cache/html/19811103_kawasaki_7.html
19811103_kawasaki_8,1981-11-03,kawasaki,8,https://www.keiba.go.jp/KeibaWeb/TodayRaceInfo/RaceMarkTable?k_raceDate=1981%2F11%2F03&k_raceNo=8&k_babaCode=21,data/cache/html/19811103_kawasaki_8.html
19811103_kawasaki_9,1981-11-03,kawasaki,9,https://www.keiba.go.jp/KeibaWeb/TodayRaceInfo/RaceMarkTable?k_raceDate=1981%2F11%2F03&k_raceNo=9&k_babaCode=21,data/cache/html/19811103_kawasaki_9.html
19811103_kawasaki_10,1981-11-03,kawasaki,10,https://www.keiba.go.jp/KeibaWeb/TodayRaceInfo/RaceMarkTable?k_raceDate=1981%2F11%2F03&k_raceNo=10&k_babaCode=21,data/cache/html/19811103_kawasaki_10.html
19811103_kawasaki_11,1981-11-03,kawasaki,11,https://www.keiba.go.jp/KeibaWeb/TodayRaceInfo/RaceMarkTable?k_raceDate=1981%2F11%2F03&k_raceNo=11&k_babaCode=21,data/cache/html/19811103_kawasaki_11.html
19811103_kawasaki_12,1981-11-03,kawasaki,12,https://www.keiba.go.jp/KeibaWeb/TodayRaceInfo/RaceMarkTable?k_raceDate=1981%2F11%2F03&k_raceNo=12&k_babaCode=21,data/cache/html/19811103_kawasaki_12.html
19811102_kawasaki_1,1981-11-02,kawasaki,1,https://www.keiba.go.jp/KeibaWeb/TodayRaceInfo/RaceMarkTable?k_raceDate=1981%2F11%2F02&k_raceNo=1&k_babaCode=21,data/cache/html/19811102_kawasaki_1.html
19811102_kawasaki_2,1981-11-02,kawasaki,2,https://www.keiba.go.jp/KeibaWeb/TodayRaceInfo/RaceMarkTable?k_raceDate=1981%2F11%2F02&k_raceNo=2&k_babaCode=21,data/cache/html/19811102_kawasaki_2.html
19811102_kawasaki_3,1981-11-02,kawasaki,3,https://www.keiba.go.jp/KeibaWeb/TodayRaceInfo/RaceMarkTable?k_raceDate=1981%2F11%2F02&k_raceNo=3&k_babaCode=21,data/cache/html/19811102_kawasaki_3.html
19811102_kawasaki_4,1981-11-02,kawasaki,4,https://www.keiba.go.jp/KeibaWeb/TodayRaceInfo/RaceMarkTable?k_raceDate=1981%2F11%2F02&k_raceNo=4&k_babaCode=21,data/cache/html/19811102_kawasaki_4.html
19811102_kawasaki_5,1981-11-02,kawasaki,5,https://www.keiba.go.jp/KeibaWeb/TodayRaceInfo/RaceMarkTable?k_raceDate=1981%2F11%2F02&k_raceNo=5&k_babaCode=21,data/cache/html/19811102_kawasaki_5.html
19811102_kawasaki_6,1981-11-02,kawasaki,6,https://www.keiba.go.jp/KeibaWeb/TodayRaceInfo/RaceMarkTable?k_raceDate=1981%2F11%2F02&k_raceNo=6&k_babaCode=21,data/cache/html/19811102_kawasaki_6.html
19811102_kawasaki_7,1981-11-02,kawasaki,7,https://www.keiba.go.jp/KeibaWeb/TodayRaceInfo/RaceMarkTable?k_raceDate=1981%2F11%2F02&k_raceNo=7&k_babaCode=21,data/cache/html/19811102_kawasaki_7.html
19811102_kawasaki_8,1981-11-02,kawasaki,8,https://www.keiba.go.jp/KeibaWeb/TodayRaceInfo/RaceMarkTable?k_raceDate=1981%2F11%2F02&k_raceNo=8&k_babaCode=21,data/cache/html/19811102_kawasaki_8.html
19811102_kawasaki_9,1981-11-02,kawasaki,9,https://www.keiba.go.jp/KeibaWeb/TodayRaceInfo/RaceMarkTable?k_raceDate=1981%2F11%2F02&k_raceNo=9&k_babaCode=21,data/cache/html/19811102_kawasaki_9.html
19811102_kawasaki_10,1981-11-02,kawasaki,10,https://www.keiba.go.jp/KeibaWeb/TodayRaceInfo/RaceMarkTable?k_raceDate=1981%2F11%2F02&k_raceNo=10&k_babaCode=21,data/cache/html/19811102_kawasaki_10.html
19811102_kawasaki_11,1981-11-02,kawasaki,11,https://www.keiba.go.jp/KeibaWeb/TodayRaceInfo/RaceMarkTable?k_raceDate=1981%2F11%2F02&k_raceNo=11&k_babaCode=21,data/cache/html/19811102_kawasaki_11.html
19811102_kawasaki_12,1981-11-02,kawasaki,12,https://www.keiba.go.jp/KeibaWeb/TodayRaceInfo/RaceMarkTable?k_raceDate=1981%2F11%2F02&k_raceNo=12&k_babaCode=21,data/cache/html/19811102_kawasaki_12.html
19811101_kawasaki_1,1981-11-01,kawasaki,1,https://www.keiba.go.jp/KeibaWeb/TodayRaceInfo/RaceMarkTable?k_raceDate=1981%2F11%2F01&k_raceNo=1&k_babaCode=21,data/cache/html/19811101_kawasaki_1.html
19811101_kawasaki_2,1981-11-01,kawasaki,2,https://www.keiba.go.jp/KeibaWeb/TodayRaceInfo/RaceMarkTable?k_raceDate=1981%2F11%2F01&k_raceNo=2&k_babaCode=21,data/cache/html/19811101_kawasaki_2.html
19811101_kawasaki_3,1981-11-01,kawasaki,3,https://www.keiba.go.jp/KeibaWeb/TodayRaceInfo/RaceMarkTable?k_raceDate=1981%2F11%2F01&k_raceNo=3&k_babaCode=21,data/cache/html/19811101_kawasaki_3.html
19811101_kawasaki_4,1981-11-01,kawasaki,4,https://www.keiba.go.jp/KeibaWeb/TodayRaceInfo/RaceMarkTable?k_raceDate=1981%2F11%2F01&k_raceNo=4&k_babaCode=21,data/cache/html/19811101_kawasaki_4.html
19811101_kawasaki_5,1981-11-01,kawasaki,5,https://www.keiba.go.jp/KeibaWeb/TodayRaceInfo/RaceMarkTable?k_raceDate=1981%2F11%2F01&k_raceNo=5&k_babaCode=21,data/cache/html/19811101_kawasaki_5.html
19811101_kawasaki_6,1981-11-01,kawasaki,6,https://www.keiba.go.jp/KeibaWeb/TodayRaceInfo/RaceMarkTable?k_raceDate=1981%2F11%2F01&k_raceNo=6&k_babaCode=21,data/cache/html/19811101_kawasaki_6.html
19811101_kawasaki_7,1981-11-01,kawasaki,7,https://www.keiba.go.jp/KeibaWeb/TodayRaceInfo/RaceMarkTable?k_raceDate=1981%2F11%2F01&k_raceNo=7&k_babaCode=21,data/cache/html/19811101_kawasaki_7.html
19811101_kawasaki_8,1981-11-01,kawasaki,8,https://www.keiba.go.jp/KeibaWeb/TodayRaceInfo/RaceMarkTable?k_raceDate=1981%2F11%2F01&k_raceNo=8&k_babaCode=21,data/cache/html/19811101_kawasaki_8.html
19811101_kawasaki_9,1981-11-01,kawasaki,9,https://www.keiba.go.jp/KeibaWeb/TodayRaceInfo/RaceMarkTable?k_raceDate=1981%2F11%2F01&k_raceNo=9&k_babaCode=21,data/cache/html/19811101_kawasaki_9.html
19811101_kawasaki_10,1981-11-01,kawasaki,10,https://www.keiba.go.jp/KeibaWeb/TodayRaceInfo/RaceMarkTable?k_raceDate=1981%2F11%2F01&k_raceNo=10&k_babaCode=21,data/cache/html/19811101_kawasaki_10.html
19811101_kawasaki_11,1981-11-01,kawasaki,11,https://www.keiba.go.jp/KeibaWeb/TodayRaceInfo/RaceMarkTable?k_raceDate=1981%2F11%2F01&k_raceNo=11&k_babaCode=21,data/cache/html/19811101_kawasaki_11.html
19811101_kawasaki_12,1981-11-01,kawasaki,12,https://www.keiba.go.jp/KeibaWeb/TodayRaceInfo/RaceMarkTable?k_raceDate=1981%2F11%2F01&k_raceNo=12&k_babaCode=21,data/cache/html/19811101_kawasaki_12.html
19811031_kawasaki_1,1981-10-31,kawasaki,1,https://www.keiba.go.jp/KeibaWeb/TodayRaceInfo/RaceMarkTable?k_raceDate=1981%2F10%2F31&k_raceNo=1&k_babaCode=21,data/cache/html/19811031_kawasaki_1.html
19811031_kawasaki_2,1981-10-31,kawasaki,2,https://www.keiba.go.jp/KeibaWeb/TodayRaceInfo/RaceMarkTable?k_raceDate=1981%2F10%2F31&k_raceNo=2&k_babaCode=21,data/cache/html/19811031_kawasaki_2.html
19811031_kawasaki_3,1981-10-31,kawasaki,3,https://www.keiba.go.jp/KeibaWeb/TodayRaceInfo/RaceMarkTable?k_raceDate=1981%2F10%2F31&k_raceNo=3&k_babaCode=21,data/cache/html/19811031_kawasaki_3.html
19811031_kawasaki_4,1981-10-31,kawasaki,4,https://www.keiba.go.jp/KeibaWeb/TodayRaceInfo/RaceMarkTable?k_raceDate=1981%2F10%2F31&k_raceNo=4&k_babaCode=21,data/cache/html/19811031_kawasaki_4.html
19811031_kawasaki_5,1981-10-31,kawasaki,5,https://www.keiba.go.jp/KeibaWeb/TodayRaceInfo/RaceMarkTable?k_raceDate=1981%2F10%2F31&k_raceNo=5&k_babaCode=21,data/cache/html/19811031_kawasaki_5.html
19811031_kawasaki_6,1981-10-31,kawasaki,6,https://www.keiba.go.jp/KeibaWeb/TodayRaceInfo/RaceMarkTable?k_raceDate=1981%2F10%2F31&k_raceNo=6&k_babaCode=21,data/cache/html/19811031_kawasaki_6.html
19811031_kawasaki_7,1981-10-31,kawasaki,7,https://www.keiba.go.jp/KeibaWeb/TodayRaceInfo/RaceMarkTable?k_raceDate=1981%2F10%2F31&k_raceNo=7&k_babaCode=21,data/cache/html/19811031_kawasaki_7.html
19811031_kawasaki_8,1981-10-31,kawasaki,8,https://www.keiba.go.jp/KeibaWeb/TodayRaceInfo/RaceMarkTable?k_raceDate=1981%2F10%2F31&k_raceNo=8&k_babaCode=21,data/cache/html/19811031_kawasaki_8.html
19811031_kawasaki_9,1981-10-31,kawasaki,9,https://www.keiba.go.jp/KeibaWeb/TodayRaceInfo/RaceMarkTable?k_raceDate=1981%2F10%2F31&k_raceNo=9&k_babaCode=21,data/cache/html/19811031_kawasaki_9.html
19811031_kawasaki_10,1981-10-31,kawasaki,10,https://www.keiba.go.jp/KeibaWeb/TodayRaceInfo/RaceMarkTable?k_raceDate=1981%2F10%2F31&k_raceNo=10&k_babaCode=21,data/cache/html/19811031_kawasaki_10.html
19811031_kawasaki_11,1981-10-31,kawasaki,11,https://www.keiba.go.jp/KeibaWeb/TodayRaceInfo/RaceMarkTable?k_raceDate=1981%2F10%2F31&k_raceNo=11&k_babaCode=21,data/cache/html/19811031_kawasaki_11.html
19811031_kawasaki_12,1981-10-31,kawasaki,12,https://www.keiba.go.jp/KeibaWeb/TodayRaceInfo/RaceMarkTable?k_raceDate=1981%2F10%2F31&k_raceNo=12&k_babaCode=21,data/cache/html/19811031_kawasaki_12.html
19811030_kawasaki_1,1981-10-30,kawasaki,1,https://www.keiba.go.jp/KeibaWeb/TodayRaceInfo/RaceMarkTable?k_raceDate=1981%2F10%2F30&k_raceNo=1&k_babaCode=21,data/cache/html/19811030_kawasaki_1.html
19811030_kawasaki_2,1981-10-30,kawasaki,2,https://www.keiba.go.jp/KeibaWeb/TodayRaceInfo/RaceMarkTable?k_raceDate=1981%2F10%2F30&k_raceNo=2&k_babaCode=21,data/cache/html/19811030_kawasaki_2.html
19811030_kawasaki_3,1981-10-30,kawasaki,3,https://www.keiba.go.jp/KeibaWeb/TodayRaceInfo/RaceMarkTable?k_raceDate=1981%2F10%2F30&k_raceNo=3&k_babaCode=21,data/cache/html/19811030_kawasaki_3.html
19811030_kawasaki_4,1981-10-30,kawasaki,4,https://www.keiba.go.jp/KeibaWeb/TodayRaceInfo/RaceMarkTable?k_raceDate=1981%2F10%2F30&k_raceNo=4&k_babaCode=21,data/cache/html/19811030_kawasaki_4.html
19811030_kawasaki_5,1981-10-30,kawasaki,5,https://www.keiba.go.jp/KeibaWeb/TodayRaceInfo/RaceMarkTable?k_raceDate=1981%2F10%2F30&k_raceNo=5&k_babaCode=21,data/cache/html/19811030_kawasaki_5.html
19811030_kawasaki_6,1981-10-30,kawasaki,6,https://www.keiba.go.jp/KeibaWeb/TodayRaceInfo/RaceMarkTable?k_raceDate=1981%2F10%2F30&k_raceNo=6&k_babaCode=21,data/cache/html/19811030_kawasaki_6.html
19811030_kawasaki_7,1981-10-30,kawasaki,7,https://www.keiba.go.jp/KeibaWeb/TodayRaceInfo/RaceMarkTable?k_raceDate=1981%2F10%2F30&k_raceNo=7&k_babaCode=21,data/cache/html/19811030_kawasaki_7.html
19811030_kawasaki_8,1981-10-30,kawasaki,8,https://www.keiba.go.jp/KeibaWeb/TodayRaceInfo/RaceMarkTable?k_raceDate=1981%2F10%2F30&k_raceNo=8&k_babaCode=21,data/cache/html/19811030_kawasaki_8.html
19811030_kawasaki_9,1981-10-30,kawasaki,9,https://www.keiba.go.jp/KeibaWeb/TodayRaceInfo/RaceMarkTable?k_raceDate=1981%2F10%2F30&k_raceNo=9&k_babaCode=21,data/cache/html/19811030_kawasaki_9.html
19811030_kawasaki_10,1981-10-30,kawasaki,10,https://www.keiba.go.jp/KeibaWeb/TodayRaceInfo/RaceMarkTable?k_raceDate=1981%2F10%2F30&k_raceNo=10&k_babaCode=21,data/cache/html/19811030_kawasaki_10.html
19811030_kawasaki_11,1981-10-30,kawasaki,11,https://www.keiba.go.jp/KeibaWeb/TodayRaceInfo/RaceMarkTable?k_raceDate=1981%2F10%2F30&k_raceNo=11&k_babaCode=21,data/cache/html/19811030_kawasaki_11.html
19811030_kawasaki_12,1981-10-30,kawasaki,12,https://www.keiba.go.jp/KeibaWeb/TodayRaceInfo/RaceMarkTable?k_raceDate=1981%2F10%2F30&k_raceNo=12&k_babaCode=21,data/cache/html/19811030_kawasaki_12.html
19811029_kawasaki_1,1981-10-29,kawasaki,1,https://www.keiba.go.jp/KeibaWeb/TodayRaceInfo/RaceMarkTable?k_raceDate=1981%2F10%2F29&k_raceNo=1&k_babaCode=21,data/cache/html/19811029_kawasaki_1.html
19811029_kawasaki_2,1981-10-29,kawasaki,2,https://www.keiba.go.jp/KeibaWeb/TodayRaceInfo/RaceMarkTable?k_raceDate=1981%2F10%2F29&k_raceNo=2&k_babaCode=21,data/cache/html/19811029_kawasaki_2.html
19811029_kawasaki_3,1981-10-29,kawasaki,3,https://www.keiba.go.jp/KeibaWeb/TodayRaceInfo/RaceMarkTable?k_raceDate=1981%2F10%2F29&k_raceNo=3&k_babaCode=21,data/cache/html/19811029_kawasaki_3.html
19811029_kawasaki_4,1981-10-29,kawasaki,4,https://www.keiba.go.jp/KeibaWeb/TodayRaceInfo/RaceMarkTable?k_raceDate=1981%2F10%2F29&k_raceNo=4&k_babaCode=21,data/cache/html/19811029_kawasaki_4.html
19811029_kawasaki_5,1981-10-29,kawasaki,5,https://www.keiba.go.jp/KeibaWeb/TodayRaceInfo/RaceMarkTable?k_raceDate=1981%2F10%2F29&k_raceNo=5&k_babaCode=21,data/cache/html/19811029_kawasaki_5.html
19811029_kawasaki_6,1981-10-29,kawasaki,6,https://www.keiba.go.jp/KeibaWeb/TodayRaceInfo/RaceMarkTable?k_raceDate=1981%2F10%2F29&k_raceNo=6&k_babaCode=21,data/cache/html/19811029_kawasaki_6.html
19811029_kawasaki_7,1981-10-29,kawasaki,7,https://www.keiba.go.jp/KeibaWeb/TodayRaceInfo/RaceMarkTable?k_raceDate=1981%2F10%2F29&k_raceNo=7&k_babaCode=21,data/cache/html/19811029_kawasaki_7.html
19811029_kawasaki_8,1981-10-29,kawasaki,8,https://www.keiba.go.jp/KeibaWeb/TodayRaceInfo/RaceMarkTable?k_raceDate=1981%2F10%2F29&k_raceNo=8&k_babaCode=21,data/cache/html/19811029_kawasaki_8.html
19811029_kawasaki_9,1981-10-29,kawasaki,9,https://www.keiba.go.jp/KeibaWeb/TodayRaceInfo/RaceMarkTable?k_raceDate=1981%2F10%2F29&k_raceNo=9&k_babaCode=21,data/cache/html/19811029_kawasaki_9.html
19811029_kawasaki_10,1981-10-29,kawasaki,10,https://www.keiba.go.jp/KeibaWeb/TodayRaceInfo/RaceMarkTable?k_raceDate=1981%2F10%2F29&k_raceNo=10&k_babaCode=21,data/cache/html/19811029_kawasaki_10.html
19811029_kawasaki_11,1981-10-29,kawasaki,11,https://www.keiba.go.jp/KeibaWeb/TodayRaceInfo/RaceMarkTable?k_raceDate=1981%2F10%2F29&k_raceNo=11&k_babaCode=21,data/cache/html/19811029_kawasaki_11.html
19811029_kawasaki_12,1981-10-29,kawasaki,12,https://www.keiba.go.jp/KeibaWeb/TodayRaceInfo/RaceMarkTable?k_raceDate=1981%2F10%2F29&k_raceNo=12&k_babaCode=21,data/cache/html/19811029_kawasaki_12.html
19811028_kawasaki_1,1981-10-28,kawasaki,1,https://www.keiba.go.jp/KeibaWeb/TodayRaceInfo/RaceMarkTable?k_raceDate=1981%2F10%2F28&k_raceNo=1&k_babaCode=21,data/cache/html/19811028_kawasaki_1.html
19811028_kawasaki_2,1981-10-28,kawasaki,2,https://www.keiba.go.jp/KeibaWeb/TodayRaceInfo/RaceMarkTable?k_raceDate=1981%2F10%2F28&k_raceNo=2&k_babaCode=21,data/cache/html/19811028_kawasaki_2.html
19811028_kawasaki_3,1981-10-28,kawasaki,3,https://www.keiba.go.jp/KeibaWeb/TodayRaceInfo/RaceMarkTable?k_raceDate=1981%2F10%2F28&k_raceNo=3&k_babaCode=21,data/cache/html/19811028_kawasaki_3.html
19811028_kawasaki_4,1981-10-28,kawasaki,4,https://www.keiba.go.jp/KeibaWeb/TodayRaceInfo/RaceMarkTable?k_raceDate=1981%2F10%2F28&k_raceNo=4&k_babaCode=21,data/cache/html/19811028_kawasaki_4.html
19811028_kawasaki_5,1981-10-28,kawasaki,5,https://www.keiba.go.jp/KeibaWeb/TodayRaceInfo/RaceMarkTable?k_raceDate=1981%2F10%2F28&k_raceNo=5&k_babaCode=21,data/cache/html/19811028_kawasaki_5.html
19811028_kawasaki_6,1981-10-28,kawasaki,6,https://www.keiba.go.jp/KeibaWeb/TodayRaceInfo/RaceMarkTable?k_raceDate=1981%2F10%2F28&k_raceNo=6&k_babaCode=21,data/cache/html/19811028_kawasaki_6.html
19811028_kawasaki_7,1981-10-28,kawasaki,7,https://www.keiba.go.jp/KeibaWeb/TodayRaceInfo/RaceMarkTable?k_raceDate=1981%2F10%2F28&k_raceNo=7&k_babaCode=21,data/cache/html/19811028_kawasaki_7.html
19811028_kawasaki_8,1981-10-28,kawasaki,8,https://www.keiba.go.jp/KeibaWeb/TodayRaceInfo/RaceMarkTable?k_raceDate=1981%2F10%2F28&k_raceNo=8&k_babaCode=21,data/cache/html/19811028_kawasaki_8.html
19811028_kawasaki_9,1981-10-28,kawasaki,9,https://www.keiba.go.jp/KeibaWeb/TodayRaceInfo/RaceMarkTable?k_raceDate=1981%2F10%2F28&k_raceNo=9&k_babaCode=21,data/cache/html/19811028_kawasaki_9.html
19811028_kawasaki_10,1981-10-28,kawasaki,10,https://www.keiba.go.jp/KeibaWeb/TodayRaceInfo/RaceMarkTable?k_raceDate=1981%2F10%2F28&k_raceNo=10&k_babaCode=21,data/cache/html/19811028_kawasaki_10.html
19811028_kawasaki_11,1981-10-28,kawasaki,11,https://www.keiba.go.jp/KeibaWeb/TodayRaceInfo/RaceMarkTable?k_raceDate=1981%2F10%2F28&k_raceNo=11&k_babaCode=21,data/cache/html/19811028_kawasaki_11.html
19811028_kawasaki_12,1981-10-28,kawasaki,12,https://www.keiba.go.jp/KeibaWeb/TodayRaceInfo/RaceMarkTable?k_raceDate=1981%2F10%2F28&k_raceNo=12&k_babaCode=21,data/cache/html/19811028_kawasaki_12.html
19811027_kawasaki_1,1981-10-27,kawasaki,1,https://www.keiba.go.jp/KeibaWeb/TodayRaceInfo/RaceMarkTable?k_raceDate=1981%2F10%2F27&k_raceNo=1&k_babaCode=21,data/cache/html/19811027_kawasaki_1.html
19811027_kawasaki_2,1981-10-27,kawasaki,2,https://www.keiba.go.jp/KeibaWeb/TodayRaceInfo/RaceMarkTable?k_raceDate=1981%2F10%2F27&k_raceNo=2&k_babaCode=21,data/cache/html/19811027_kawasaki_2.html
19811027_kawasaki_3,1981-10-27,kawasaki,3,https://www.keiba.go.jp/KeibaWeb/TodayRaceInfo/RaceMarkTable?k_raceDate=1981%2F10%2F27&k_raceNo=3&k_babaCode=21,data/cache/html/19811027_kawasaki_3.html
19811027_kawasaki_4,1981-10-27,kawasaki,4,https://www.keiba.go.jp/KeibaWeb/TodayRaceInfo/RaceMarkTable?k_raceDate=1981%2F10%2F27&k_raceNo=4&k_babaCode=21,data/cache/html/19811027_kawasaki_4.html
19811027_kawasaki_5,1981-10-27,kawasaki,5,https://www.keiba.go.jp/KeibaWeb/TodayRaceInfo/RaceMarkTable?k_raceDate=1981%2F10%2F27&k_raceNo=5&k_babaCode=21,data/cache/html/19811027_kawasaki_5.html
19811027_kawasaki_6,1981-10-27,kawasaki,6,https://www.keiba.go.jp/KeibaWeb/TodayRaceInfo/RaceMarkTable?k_raceDate=1981%2F10%2F27&k_raceNo=6&k_babaCode=21,data/cache/html/19811027_kawasaki_6.html
19811027_kawasaki_7,1981-10-27,kawasaki,7,https://www.keiba.go.jp/KeibaWeb/TodayRaceInfo/RaceMarkTable?k_raceDate=1981%2F10%2F27&k_raceNo=7&k_babaCode=21,data/cache/html/19811027_kawasaki_7.html
19811027_kawasaki_8,1981-10-27,kawasaki,8,https://www.keiba.go.jp/KeibaWeb/TodayRaceInfo/RaceMarkTable?k_raceDate=1981%2F10%2F27&k_raceNo=8&k_babaCode=21,data/cache/html/19811027_kawasaki_8.html
19811027_kawasaki_9,1981-10-27,kawasaki,9,https://www.keiba.go.jp/KeibaWeb/TodayRaceInfo/RaceMarkTable?k_raceDate=1981%2F10%2F27&k_raceNo=9&k_babaCode=21,data/cache/html/19811027_kawasaki_9.html
19811027_kawasaki_10,1981-10-27,kawasaki,10,https://www.keiba.go.jp/KeibaWeb/TodayRaceInfo/RaceMarkTable?k_raceDate=1981%2F10%2F27&k_raceNo=10&k_babaCode=21,data/cache/html/19811027_kawasaki_10.html
19811027_kawasaki_11,1981-10-27,kawasaki,11,https://www.keiba.go.jp/KeibaWeb/TodayRaceInfo/RaceMarkTable?k_raceDate=1981%2F10%2F27&k_raceNo=11&k_babaCode=21,data/cache/html/19811027_kawasaki_11.html
19811027_kawasaki_12,1981-10-27,kawasaki,12,https://www.keiba.go.jp/KeibaWeb/TodayRaceInfo/RaceMarkTable?k_raceDate=1981%2F10%2F27&k_raceNo=12&k_babaCode=21,data/cache/html/19811027_kawasaki_12.html
19811026_kawasaki_1,1981-10-26,kawasaki,1,https://www.keiba.go.jp/KeibaWeb/TodayRaceInfo/RaceMarkTable?k_raceDate=1981%2F10%2F26&k_raceNo=1&k_babaCode=21,data/cache/html/19811026_kawasaki_1.html
19811026_kawasaki_2,1981-10-26,kawasaki,2,https://www.keiba.go.jp/KeibaWeb/TodayRaceInfo/RaceMarkTable?k_raceDate=1981%2F10%2F26&k_raceNo=2&k_babaCode=21,data/cache/html/19811026_kawasaki_2.html
19811026_kawasaki_3,1981-10-26,kawasaki,3,https://www.keiba.go.jp/KeibaWeb/TodayRaceInfo/RaceMarkTable?k_raceDate=1981%2F10%2F26&k_raceNo=3&k_babaCode=21,data/cache/html/19811026_kawasaki_3.html
19811026_kawasaki_4,1981-10-26,kawasaki,4,https://www.keiba.go.jp/KeibaWeb/TodayRaceInfo/RaceMarkTable?k_raceDate=1981%2F10%2F26&k_raceNo=4&k_babaCode=21,data/cache/html/19811026_kawasaki_4.html
19811026_kawasaki_5,1981-10-26,kawasaki,5,https://www.keiba.go.jp/KeibaWeb/TodayRaceInfo/RaceMarkTable?k_raceDate=1981%2F10%2F26&k_raceNo=5&k_babaCode=21,data/cache/html/19811026_kawasaki_5.html
19811026_kawasaki_6,1981-10-26,kawasaki,6,https://www.keiba.go.jp/KeibaWeb/TodayRaceInfo/RaceMarkTable?k_raceDate=1981%2F10%2F26&k_raceNo=6&k_babaCode=21,data/cache/html/19811026_kawasaki_6.html
19811026_kawasaki_7,1981-10-26,kawasaki,7,https://www.keiba.go.jp/KeibaWeb/TodayRaceInfo/RaceMarkTable?k_raceDate=1981%2F10%2F26&k_raceNo=7&k_babaCode=21,data/cache/html/19811026_kawasaki_7.html
19811026_kawasaki_8,1981-10-26,kawasaki,8,https://www.keiba.go.jp/KeibaWeb/TodayRaceInfo/RaceMarkTable?k_raceDate=1981%2F10%2F26&k_raceNo=8&k_babaCode=21,data/cache/html/19811026_kawasaki_8.html
19811026_kawasaki_9,1981-10-26,kawasaki,9,https://www.keiba.go.jp/KeibaWeb/TodayRaceInfo/RaceMarkTable?k_raceDate=1981%2F10%2F26&k_raceNo=9&k_babaCode=21,data/cache/html/19811026_kawasaki_9.html
19811026_kawasaki_10,1981-10-26,kawasaki,10,https://www.keiba.go.jp/KeibaWeb/TodayRaceInfo/RaceMarkTable?k_raceDate=1981%2F10%2F26&k_raceNo=10&k_babaCode=21,data/cache/html/19811026_kawasaki_10.html
19811026_kawasaki_11,1981-10-26,kawasaki,11,https://www.keiba.go.jp/KeibaWeb/TodayRaceInfo/RaceMarkTable?k_raceDate=1981%2F10%2F26&k_raceNo=11&k_babaCode=21,data/cache/html/19811026_kawasaki_11.html
19811026_kawasaki_12,1981-10-26,kawasaki,12,https://www.keiba.go.jp/KeibaWeb/TodayRaceInfo/RaceMarkTable?k_raceDate=1981%2F10%2F26&k_raceNo=12&k_babaCode=21,data/cache/html/19811026_kawasaki_12.html
19811025_kawasaki_1,1981-10-25,kawasaki,1,https://www.keiba.go.jp/KeibaWeb/TodayRaceInfo/RaceMarkTable?k_raceDate=1981%2F10%2F25&k_raceNo=1&k_babaCode=21,data/cache/html/19811025_kawasaki_1.html
19811025_kawasaki_2,1981-10-25,kawasaki,2,https://www.keiba.go.jp/KeibaWeb/TodayRaceInfo/RaceMarkTable?k_raceDate=1981%2F10%2F25&k_raceNo=2&k_babaCode=21,data/cache/html/19811025_kawasaki_2.html
19811025_kawasaki_3,1981-10-25,kawasaki,3,https://www.keiba.go.jp/KeibaWeb/TodayRaceInfo/RaceMarkTable?k_raceDate=1981%2F10%2F25&k_raceNo=3&k_babaCode=21,data/cache/html/19811025_kawasaki_3.html
19811025_kawasaki_4,1981-10-25,kawasaki,4,https://www.keiba.go.jp/KeibaWeb/TodayRaceInfo/RaceMarkTable?k_raceDate=1981%2F10%2F25&k_raceNo=4&k_babaCode=21,data/cache/html/19811025_kawasaki_4.html
19811025_kawasaki_5,1981-10-25,kawasaki,5,https://www.keiba.go.jp/KeibaWeb/TodayRaceInfo/RaceMarkTable?k_raceDate=1981%2F10%2F25&k_raceNo=5&k_babaCode=21,data/cache/html/19811025_kawasaki_5.html
19811025_kawasaki_6,1981-10-25,kawasaki,6,https://www.keiba.go.jp/KeibaWeb/TodayRaceInfo/RaceMarkTable?k_raceDate=1981%2F10%2F25&k_raceNo=6&k_babaCode=21,data/cache/html/19811025_kawasaki_6.html
19811025_kawasaki_7,1981-10-25,kawasaki,7,https://www.keiba.go.jp/KeibaWeb/TodayRaceInfo/RaceMarkTable?k_raceDate=1981%2F10%2F25&k_raceNo=7&k_babaCode=21,data/cache/html/19811025_kawasaki_7.html
19811025_kawasaki_8,1981-10-25,kawasaki,8,https://www.keiba.go.jp/KeibaWeb/TodayRaceInfo/RaceMarkTable?k_raceDate=1981%2F10%2F25&k_raceNo=8&k_babaCode=21,data/cache/html/19811025_kawasaki_8.html
19811025_kawasaki_9,1981-10-25,kawasaki,9,https://www.keiba.go.jp/KeibaWeb/TodayRaceInfo/RaceMarkTable?k_raceDate=1981%2F10%2F25&k_raceNo=9&k_babaCode=21,data/cache/html/19811025_kawasaki_9.html
19811025_kawasaki_10,1981-10-25,kawasaki,10,https://www.keiba.go.jp/KeibaWeb/TodayRaceInfo/RaceMarkTable?k_raceDate=1981%2F10%2F25&k_raceNo=10&k_babaCode=21,data/cache/html/19811025_kawasaki_10.html
19811025_kawasaki_11,1981-10-25,kawasaki,11,https://www.keiba.go.jp/KeibaWeb/TodayRaceInfo/RaceMarkTable?k_raceDate=1981%2F10%2F25&k_raceNo=11&k_babaCode=21,data/cache/html/19811025_kawasaki_11.html
19811025_kawasaki_12,1981-10-25,kawasaki,12,https://www.keiba.go.jp/KeibaWeb/TodayRaceInfo/RaceMarkTable?k_raceDate=1981%2F10%2F25&k_raceNo=12&k_babaCode=21,data/cache/html/19811025_kawasaki_12.html
19811024_kawasaki_1,1981-10-24,kawasaki,1,https://www.keiba.go.jp/KeibaWeb/TodayRaceInfo/RaceMarkTable?k_raceDate=1981%2F10%2F24&k_raceNo=1&k_babaCode=21,data/cache/html/19811024_kawasaki_1.html
19811024_kawasaki_2,1981-10-24,kawasaki,2,https://www.keiba.go.jp/KeibaWeb/TodayRaceInfo/RaceMarkTable?k_raceDate=1981%2F10%2F24&k_raceNo=2&k_babaCode=21,data/cache/html/19811024_kawasaki_2.html
19811024_kawasaki_3,1981-10-24,kawasaki,3,https://www.keiba.go.jp/KeibaWeb/TodayRaceInfo/RaceMarkTable?k_raceDate=1981%2F10%2F24&k_raceNo=3&k_babaCode=21,data/cache/html/19811024_kawasaki_3.html
19811024_kawasaki_4,1981-10-24,kawasaki,4,https://www.keiba.go.jp/KeibaWeb/TodayRaceInfo/RaceMarkTable?k_raceDate=1981%2F10%2F24&k_raceNo=4&k_babaCode=21,data/cache/html/19811024_kawasaki_4.html
19811024_kawasaki_5,1981-10-24,kawasaki,5,https://www.keiba.go.jp/KeibaWeb/TodayRaceInfo/RaceMarkTable?k_raceDate=1981%2F10%2F24&k_raceNo=5&k_babaCode=21,data/cache/html/19811024_kawasaki_5.html
19811024_kawasaki_6,1981-10-24,kawasaki,6,https://www.keiba.go.jp/KeibaWeb/TodayRaceInfo/RaceMarkTable?k_raceDate=1981%2F10%2F24&k_raceNo=6&k_babaCode=21,data/cache/html/19811024_kawasaki_6.html
19811024_kawasaki_7,1981-10-24,kawasaki,7,https://www.keiba.go.jp/KeibaWeb/TodayRaceInfo/RaceMarkTable?k_raceDate=1981%2F10%2F24&k_raceNo=7&k_babaCode=21,data/cache/html/19811024_kawasaki_7.html
19811024_kawasaki_8,1981-10-24,kawasaki,8,https://www.keiba.go.jp/KeibaWeb/TodayRaceInfo/RaceMarkTable?k_raceDate=1981%2F10%2F24&k_raceNo=8&k_babaCode=21,data/cache/html/19811024_kawasaki_8.html
19811024_kawasaki_9,1981-10-24,kawasaki,9,https://www.keiba.go.jp/KeibaWeb/TodayRaceInfo/RaceMarkTable?k_raceDate=1981%2F10%2F24&k_raceNo=9&k_babaCode=21,data/cache/html/19811024_kawasaki_9.html
19811024_kawasaki_10,1981-10-24,kawasaki,10,https://www.keiba.go.jp/KeibaWeb/TodayRaceInfo/RaceMarkTable?k_raceDate=1981%2F10%2F24&k_raceNo=10&k_babaCode=21,data/cache/html/19811024_kawasaki_10.html
19811024_kawasaki_11,1981-10-24,kawasaki,11,https://www.keiba.go.jp/KeibaWeb/TodayRaceInfo/RaceMarkTable?k_raceDate=1981%2F10%2F24&k_raceNo=11&k_babaCode=21,data/cache/html/19811024_kawasaki_11.html
19811024_kawasaki_12,1981-10-24,kawasaki,12,https://www.keiba.go.jp/KeibaWeb/TodayRaceInfo/RaceMarkTable?k_raceDate=1981%2F10%2F24&k_raceNo=12&k_babaCode=21,data/cache/html/19811024_kawasaki_12.html
19811023_kawasaki_1,1981-10-23,kawasaki,1,https://www.keiba.go.jp/KeibaWeb/TodayRaceInfo/RaceMarkTable?k_raceDate=1981%2F10%2F23&k_raceNo=1&k_babaCode=21,data/cache/html/19811023_kawasaki_1.html
19811023_kawasaki_2,1981-10-23,kawasaki,2,https://www.keiba.go.jp/KeibaWeb/TodayRaceInfo/RaceMarkTable?k_raceDate=1981%2F10%2F23&k_raceNo=2&k_babaCode=21,data/cache/html/19811023_kawasaki_2.html
19811023_kawasaki_3,1981-10-23,kawasaki,3,https://www.keiba.go.jp/KeibaWeb/TodayRaceInfo/RaceMarkTable?k_raceDate=1981%2F10%2F23&k_raceNo=3&k_babaCode=21,data/cache/html/19811023_kawasaki_3.html
19811023_kawasaki_4,1981-10-23,kawasaki,4,https://www.keiba.go.jp/KeibaWeb/TodayRaceInfo/RaceMarkTable?k_raceDate=1981%2F10%2F23&k_raceNo=4&k_babaCode=21,data/cache/html/19811023_kawasaki_4.html
19811023_kawasaki_5,1981-10-23,kawasaki,5,https://www.keiba.go.jp/KeibaWeb/TodayRaceInfo/RaceMarkTable?k_raceDate=1981%2F10%2F23&k_raceNo=5&k_babaCode=21,data/cache/html/19811023_kawasaki_5.html
19811023_kawasaki_6,1981-10-23,kawasaki,6,https://www.keiba.go.jp/KeibaWeb/TodayRaceInfo/RaceMarkTable?k_raceDate=1981%2F10%2F23&k_raceNo=6&k_babaCode=21,data/cache/html/19811023_kawasaki_6.html
19811023_kawasaki_7,1981-10-23,kawasaki,7,https://www.keiba.go.jp/KeibaWeb/TodayRaceInfo/RaceMarkTable?k_raceDate=1981%2F10%2F23&k_raceNo=7&k_babaCode=21,data/cache/html/19811023_kawasaki_7.html
19811023_kawasaki_8,1981-10-23,kawasaki,8,https://www.keiba.go.jp/KeibaWeb/TodayRaceInfo/RaceMarkTable?k_raceDate=1981%2F10%2F23&k_raceNo=8&k_babaCode=21,data/cache/html/19811023_kawasaki_8.html
19811023_kawasaki_9,1981-10-23,kawasaki,9,https://www.keiba.go.jp/KeibaWeb/TodayRaceInfo/RaceMarkTable?k_raceDate=1981%2F10%2F23&k_raceNo=9&k_babaCode=21,data/cache/html/19811023_kawasaki_9.html
19811023_kawasaki_10,1981-10-23,kawasaki,10,https://www.keiba.go.jp/KeibaWeb/TodayRaceInfo/RaceMarkTable?k_raceDate=1981%2F10%2F23&k_raceNo=10&k_babaCode=21,data/cache/html/19811023_kawasaki_10.html
19811023_kawasaki_11,1981-10-23,kawasaki,11,https://www.keiba.go.jp/KeibaWeb/TodayRaceInfo/RaceMarkTable?k_raceDate=1981%2F10%2F23&k_raceNo=11&k_babaCode=21,data/cache/html/19811023_kawasaki_11.html
19811023_kawasaki_12,1981-10-23,kawasaki,12,https://www.keiba.go.jp/KeibaWeb/TodayRaceInfo/RaceMarkTable?k_raceDate=1981%2F10%2F23&k_raceNo=12&k_babaCode=21,data/cache/html/19811023_kawasaki_12.html
19811022_kawasaki_1,1981-10-22,kawasaki,1,https://www.keiba.go.jp/KeibaWeb/TodayRaceInfo/RaceMarkTable?k_raceDate=1981%2F10%2F22&k_raceNo=1&k_babaCode=21,data/cache/html/19811022_kawasaki_1.html
19811022_kawasaki_2,1981-10-22,kawasaki,2,https://www.keiba.go.jp/KeibaWeb/TodayRaceInfo/RaceMarkTable?k_raceDate=1981%2F10%2F22&k_raceNo=2&k_babaCode=21,data/cache/html/19811022_kawasaki_2.html
19811022_kawasaki_3,1981-10-22,kawasaki,3,https://www.keiba.go.jp/KeibaWeb/TodayRaceInfo/RaceMarkTable?k_raceDate=1981%2F10%2F22&k_raceNo=3&k_babaCode=21,data/cache/html/19811022_kawasaki_3.html
19811022_kawasaki_4,1981-10-22,kawasaki,4,https://www.keiba.go.jp/KeibaWeb/TodayRaceInfo/RaceMarkTable?k_raceDate=1981%2F10%2F22&k_raceNo=4&k_babaCode=21,data/cache/html/19811022_kawasaki_4.html
19811022_kawasaki_5,1981-10-22,kawasaki,5,https://www.keiba.go.jp/KeibaWeb/TodayRaceInfo/RaceMarkTable?k_raceDate=1981%2F10%2F22&k_raceNo=5&k_babaCode=21,data/cache/html/19811022_kawasaki_5.html
19811022_kawasaki_6,1981-10-22,kawasaki,6,https://www.keiba.go.jp/KeibaWeb/TodayRaceInfo/RaceMarkTable?k_raceDate=1981%2F10%2F22&k_raceNo=6&k_babaCode=21,data/cache/html/19811022_kawasaki_6.html
19811022_kawasaki_7,1981-10-22,kawasaki,7,https://www.keiba.go.jp/KeibaWeb/TodayRaceInfo/RaceMarkTable?k_raceDate=1981%2F10%2F22&k_raceNo=7&k_babaCode=21,data/cache/html/19811022_kawasaki_7.html
19811022_kawasaki_8,1981-10-22,kawasaki,8,https://www.keiba.go.jp/KeibaWeb/TodayRaceInfo/RaceMarkTable?k_raceDate=1981%2F10%2F22&k_raceNo=8&k_babaCode=21,data/cache/html/19811022_kawasaki_8.html
19811022_kawasaki_9,1981-10-22,kawasaki,9,https://www.keiba.go.jp/KeibaWeb/TodayRaceInfo/RaceMarkTable?k_raceDate=1981%2F10%2F22&k_raceNo=9&k_babaCode=21,data/cache/html/19811022_kawasaki_9.html
19811022_kawasaki_10,1981-10-22,kawasaki,10,https://www.keiba.go.jp/KeibaWeb/TodayRaceInfo/RaceMarkTable?k_raceDate=1981%2F10%2F22&k_raceNo=10&k_babaCode=21,data/cache/html/19811022_kawasaki_10.html
19811022_kawasaki_11,1981-10-22,kawasaki,11,https://www.keiba.go.jp/KeibaWeb/TodayRaceInfo/RaceMarkTable?k_raceDate=1981%2F10%2F22&k_raceNo=11&k_babaCode=21,data/cache/html/19811022_kawasaki_11.html
19811022_kawasaki_12,1981-10-22,kawasaki,12,https://www.keiba.go.jp/KeibaWeb/TodayRaceInfo/RaceMarkTable?k_raceDate=1981%2F10%2F22&k_raceNo=12&k_babaCode=21,data/cache/html/19811022_kawasaki_12.html
19811021_kawasaki_1,1981-10-21,kawasaki,1,https://www.keiba.go.jp/KeibaWeb/TodayRaceInfo/RaceMarkTable?k_raceDate=1981%2F10%2F21&k_raceNo=1&k_babaCode=21,data/cache/html/19811021_kawasaki_1.html
19811021_kawasaki_2,1981-10-21,kawasaki,2,https://www.keiba.go.jp/KeibaWeb/TodayRaceInfo/RaceMarkTable?k_raceDate=1981%2F10%2F21&k_raceNo=2&k_babaCode=21,data/cache/html/19811021_kawasaki_2.html
19811021_kawasaki_3,1981-10-21,kawasaki,3,https://www.keiba.go.jp/KeibaWeb/TodayRaceInfo/RaceMarkTable?k_raceDate=1981%2F10%2F21&k_raceNo=3&k_babaCode=21,data/cache/html/19811021_kawasaki_3.html
19811021_kawasaki_4,1981-10-21,kawasaki,4,https://www.keiba.go.jp/KeibaWeb/TodayRaceInfo/RaceMarkTable?k_raceDate=1981%2F10%2F21&k_raceNo=4&k_babaCode=21,data/cache/html/19811021_kawasaki_4.html
19811021_kawasaki_5,1981-10-21,kawasaki,5,https://www.keiba.go.jp/KeibaWeb/TodayRaceInfo/RaceMarkTable?k_raceDate=1981%2F10%2F21&k_raceNo=5&k_babaCode=21,data/cache/html/19811021_kawasaki_5.html
19811021_kawasaki_6,1981-10-21,kawasaki,6,https://www.keiba.go.jp/KeibaWeb/TodayRaceInfo/RaceMarkTable?k_raceDate=1981%2F10%2F21&k_raceNo=6&k_babaCode=21,data/cache/html/19811021_kawasaki_6.html
19811021_kawasaki_7,1981-10-21,kawasaki,7,https://www.keiba.go.jp/KeibaWeb/TodayRaceInfo/RaceMarkTable?k_raceDate=1981%2F10%2F21&k_raceNo=7&k_babaCode=21,data/cache/html/19811021_kawasaki_7.html
19811021_kawasaki_8,1981-10-21,kawasaki,8,https://www.keiba.go.jp/KeibaWeb/TodayRaceInfo/RaceMarkTable?k_raceDate=1981%2F10%2F21&k_raceNo=8&k_babaCode=21,data/cache/html/19811021_kawasaki_8.html
19811021_kawasaki_9,1981-10-21,kawasaki,9,https://www.keiba.go.jp/KeibaWeb/TodayRaceInfo/RaceMarkTable?k_raceDate=1981%2F10%2F21&k_raceNo=9&k_babaCode=21,data/cache/html/19811021_kawasaki_9.html
19811021_kawasaki_10,1981-10-21,kawasaki,10,https://www.keiba.go.jp/KeibaWeb/TodayRaceInfo/RaceMarkTable?k_raceDate=1981%2F10%2F21&k_raceNo=10&k_babaCode=21,data/cache/html/19811021_kawasaki_10.html
19811021_kawasaki_11,1981-10-21,kawasaki,11,https://www.keiba.go.jp/KeibaWeb/TodayRaceInfo/RaceMarkTable?k_raceDate=1981%2F10%2F21&k_raceNo=11&k_babaCode=21,data/cache/html/19811021_kawasaki_11.html
19811021_kawasaki_12,1981-10-21,kawasaki,12,https://www.keiba.go.jp/KeibaWeb/TodayRaceInfo/RaceMarkTable?k_raceDate=1981%2F10%2F21&k_raceNo=12&k_babaCode=21,data/cache/html/19811021_kawasaki_12.html
19811020_kawasaki_1,1981-10-20,kawasaki,1,https://www.keiba.go.jp/KeibaWeb/TodayRaceInfo/RaceMarkTable?k_raceDate=1981%2F10%2F20&k_raceNo=1&k_babaCode=21,data/cache/html/19811020_kawasaki_1.html
19811020_kawasaki_2,1981-10-20,kawasaki,2,https://www.keiba.go.jp/KeibaWeb/TodayRaceInfo/RaceMarkTable?k_raceDate=1981%2F10%2F20&k_raceNo=2&k_babaCode=21,data/cache/html/19811020_kawasaki_2.html
19811020_kawasaki_3,1981-10-20,kawasaki,3,https://www.keiba.go.jp/KeibaWeb/TodayRaceInfo/RaceMarkTable?k_raceDate=1981%2F10%2F20&k_raceNo=3&k_babaCode=21,data/cache/html/19811020_kawasaki_3.html
19811020_kawasaki_4,1981-10-20,kawasaki,4,https://www.keiba.go.jp/KeibaWeb/TodayRaceInfo/RaceMarkTable?k_raceDate=1981%2F10%2F20&k_raceNo=4&k_babaCode=21,data/cache/html/19811020_kawasaki_4.html
19811020_kawasaki_5,1981-10-20,kawasaki,5,https://www.keiba.go.jp/KeibaWeb/TodayRaceInfo/RaceMarkTable?k_raceDate=1981%2F10%2F20&k_raceNo=5&k_babaCode=21,data/cache/html/19811020_kawasaki_5.html
19811020_kawasaki_6,1981-10-20,kawasaki,6,https://www.keiba.go.jp/KeibaWeb/TodayRaceInfo/RaceMarkTable?k_raceDate=1981%2F10%2F20&k_raceNo=6&k_babaCode=21,data/cache/html/19811020_kawasaki_6.html
19811020_kawasaki_7,1981-10-20,kawasaki,7,https://www.keiba.go.jp/KeibaWeb/TodayRaceInfo/RaceMarkTable?k_raceDate=1981%2F10%2F20&k_raceNo=7&k_babaCode=21,data/cache/html/19811020_kawasaki_7.html
19811020_kawasaki_8,1981-10-20,kawasaki,8,https://www.keiba.go.jp/KeibaWeb/TodayRaceInfo/RaceMarkTable?k_raceDate=1981%2F10%2F20&k_raceNo=8&k_babaCode=21,data/cache/html/19811020_kawasaki_8.html
19811020_kawasaki_9,1981-10-20,kawasaki,9,https://www.keiba.go.jp/KeibaWeb/TodayRaceInfo/RaceMarkTable?k_raceDate=1981%2F10%2F20&k_raceNo=9&k_babaCode=21,data/cache/html/19811020_kawasaki_9.html
19811020_kawasaki_10,1981-10-20,kawasaki,10,https://www.keiba.go.jp/KeibaWeb/TodayRaceInfo/RaceMarkTable?k_raceDate=1981%2F10%2F20&k_raceNo=10&k_babaCode=21,data/cache/html/19811020_kawasaki_10.html
19811020_kawasaki_11,1981-10-20,kawasaki,11,https://www.keiba.go.jp/KeibaWeb/TodayRaceInfo/RaceMarkTable?k_raceDate=1981%2F10%2F20&k_raceNo=11&k_babaCode=21,data/cache/html/19811020_kawasaki_11.html
19811020_kawasaki_12,1981-10-20,kawasaki,12,https://www.keiba.go.jp/KeibaWeb/TodayRaceInfo/RaceMarkTable?k_raceDate=1981%2F10%2F20&k_raceNo=12&k_babaCode=21,data/cache/html/19811020_kawasaki_12.html
19811019_kawasaki_1,1981-10-19,kawasaki,1,https://www.keiba.go.jp/KeibaWeb/TodayRaceInfo/RaceMarkTable?k_raceDate=1981%2F10%2F19&k_raceNo=1&k_babaCode=21,data/cache/html/19811019_kawasaki_1.html
19811019_kawasaki_2,1981-10-19,kawasaki,2,https://www.keiba.go.jp/KeibaWeb/TodayRaceInfo/RaceMarkTable?k_raceDate=1981%2F10%2F19&k_raceNo=2&k_babaCode=21,data/cache/html/19811019_kawasaki_2.html
19811019_kawasaki_3,1981-10-19,kawasaki,3,https://www.keiba.go.jp/KeibaWeb/TodayRaceInfo/RaceMarkTable?k_raceDate=1981%2F10%2F19&k_raceNo=3&k_babaCode=21,data/cache/html/19811019_kawasaki_3.html
19811019_kawasaki_4,1981-10-19,kawasaki,4,https://www.keiba.go.jp/KeibaWeb/TodayRaceInfo/RaceMarkTable?k_raceDate=1981%2F10%2F19&k_raceNo=4&k_babaCode=21,data/cache/html/19811019_kawasaki_4.html
19811019_kawasaki_5,1981-10-19,kawasaki,5,https://www.keiba.go.jp/KeibaWeb/TodayRaceInfo/RaceMarkTable?k_raceDate=1981%2F10%2F19&k_raceNo=5&k_babaCode=21,data/cache/html/19811019_kawasaki_5.html
19811019_kawasaki_6,1981-10-19,kawasaki,6,https://www.keiba.go.jp/KeibaWeb/TodayRaceInfo/RaceMarkTable?k_raceDate=1981%2F10%2F19&k_raceNo=6&k_babaCode=21,data/cache/html/19811019_kawasaki_6.html
19811019_kawasaki_7,1981-10-19,kawasaki,7,https://www.keiba.go.jp/KeibaWeb/TodayRaceInfo/RaceMarkTable?k_raceDate=1981%2F10%2F19&k_raceNo=7&k_babaCode=21,data/cache/html/19811019_kawasaki_7.html
19811019_kawasaki_8,1981-10-19,kawasaki,8,https://www.keiba.go.jp/KeibaWeb/TodayRaceInfo/RaceMarkTable?k_raceDate=1981%2F10%2F19&k_raceNo=8&k_babaCode=21,data/cache/html/19811019_kawasaki_8.html
19811019_kawasaki_9,1981-10-19,kawasaki,9,https://www.keiba.go.jp/KeibaWeb/TodayRaceInfo/RaceMarkTable?k_raceDate=1981%2F10%2F19&k_raceNo=9&k_babaCode=21,data/cache/html/19811019_kawasaki_9.html
19811019_kawasaki_10,1981-10-19,kawasaki,10,https://www.keiba.go.jp/KeibaWeb/TodayRaceInfo/RaceMarkTable?k_raceDate=1981%2F10%2F19&k_raceNo=10&k_babaCode=21,data/cache/html/19811019_kawasaki_10.html
19811019_kawasaki_11,1981-10-19,kawasaki,11,https://www.keiba.go.jp/KeibaWeb/TodayRaceInfo/RaceMarkTable?k_raceDate=1981%2F10%2F19&k_raceNo=11&k_babaCode=21,data/cache/html/19811019_kawasaki_11.html
19811019_kawasaki_12,1981-10-19,kawasaki,12,https://www.keiba.go.jp/KeibaWeb/TodayRaceInfo/RaceMarkTable?k_raceDate=1981%2F10%2F19&k_raceNo=12&k_babaCode=21,data/cache/html/19811019_kawasaki_12.html
19811018_kawasaki_1,1981-10-18,kawasaki,1,https://www.keiba.go.jp/KeibaWeb/TodayRaceInfo/RaceMarkTable?k_raceDate=1981%2F10%2F18&k_raceNo=1&k_babaCode=21,data/cache/html/19811018_kawasaki_1.html
19811018_kawasaki_2,1981-10-18,kawasaki,2,https://www.keiba.go.jp/KeibaWeb/TodayRaceInfo/RaceMarkTable?k_raceDate=1981%2F10%2F18&k_raceNo=2&k_babaCode=21,data/cache/html/19811018_kawasaki_2.html
19811018_kawasaki_3,1981-10-18,kawasaki,3,https://www.keiba.go.jp/KeibaWeb/TodayRaceInfo/RaceMarkTable?k_raceDate=1981%2F10%2F18&k_raceNo=3&k_babaCode=21,data/cache/html/19811018_kawasaki_3.html
19811018_kawasaki_4,1981-10-18,kawasaki,4,https://www.keiba.go.jp/KeibaWeb/TodayRaceInfo/RaceMarkTable?k_raceDate=1981%2F10%2F18&k_raceNo=4&k_babaCode=21,data/cache/html/19811018_kawasaki_4.html
19811018_kawasaki_5,1981-10-18,kawasaki,5,https://www.keiba.go.jp/KeibaWeb/TodayRaceInfo/RaceMarkTable?k_raceDate=1981%2F10%2F18&k_raceNo=5&k_babaCode=21,data/cache/html/19811018_kawasaki_5.html
19811018_kawasaki_6,1981-10-18,kawasaki,6,https://www.keiba.go.jp/KeibaWeb/TodayRaceInfo/RaceMarkTable?k_raceDate=1981%2F10%2F18&k_raceNo=6&k_babaCode=21,data/cache/html/19811018_kawasaki_6.html
19811018_kawasaki_7,1981-10-18,kawasaki,7,https://www.keiba.go.jp/KeibaWeb/TodayRaceInfo/RaceMarkTable?k_raceDate=1981%2F10%2F18&k_raceNo=7&k_babaCode=21,data/cache/html/19811018_kawasaki_7.html
19811018_kawasaki_8,1981-10-18,kawasaki,8,https://www.keiba.go.jp/KeibaWeb/TodayRaceInfo/RaceMarkTable?k_raceDate=1981%2F10%2F18&k_raceNo=8&k_babaCode=21,data/cache/html/19811018_kawasaki_8.html
19811018_kawasaki_9,1981-10-18,kawasaki,9,https://www.keiba.go.jp/KeibaWeb/TodayRaceInfo/RaceMarkTable?k_raceDate=1981%2F10%2F18&k_raceNo=9&k_babaCode=21,data/cache/html/19811018_kawasaki_9.html
19811018_kawasaki_10,1981-10-18,kawasaki,10,https://www.keiba.go.jp/KeibaWeb/TodayRaceInfo/RaceMarkTable?k_raceDate=1981%2F10%2F18&k_raceNo=10&k_babaCode=21,data/cache/html/19811018_kawasaki_10.html
19811018_kawasaki_11,1981-10-18,kawasaki,11,https://www.keiba.go.jp/KeibaWeb/TodayRaceInfo/RaceMarkTable?k_raceDate=1981%2F10%2F18&k_raceNo=11&k_babaCode=21,data/cache/html/19811018_kawasaki_11.html
19811018_kawasaki_12,1981-10-18,kawasaki,12,https://www.keiba.go.jp/KeibaWeb/TodayRaceInfo/RaceMarkTable?k_raceDate=1981%2F10%2F18&k_raceNo=12&k_babaCode=21,data/cache/html/19811018_kawasaki_12.html
19811017_kawasaki_1,1981-10-17,kawasaki,1,https://www.keiba.go.jp/KeibaWeb/TodayRaceInfo/RaceMarkTable?k_raceDate=1981%2F10%2F17&k_raceNo=1&k_babaCode=21,data/cache/html/19811017_kawasaki_1.html
19811017_kawasaki_2,1981-10-17,kawasaki,2,https://www.keiba.go.jp/KeibaWeb/TodayRaceInfo/RaceMarkTable?k_raceDate=1981%2F10%2F17&k_raceNo=2&k_babaCode=21,data/cache/html/19811017_kawasaki_2.html
19811017_kawasaki_3,1981-10-17,kawasaki,3,https://www.keiba.go.jp/KeibaWeb/TodayRaceInfo/RaceMarkTable?k_raceDate=1981%2F10%2F17&k_raceNo=3&k_babaCode=21,data/cache/html/19811017_kawasaki_3.html
19811017_kawasaki_4,1981-10-17,kawasaki,4,https://www.keiba.go.jp/KeibaWeb/TodayRaceInfo/RaceMarkTable?k_raceDate=1981%2F10%2F17&k_raceNo=4&k_babaCode=21,data/cache/html/19811017_kawasaki_4.html
19811017_kawasaki_5,1981-10-17,kawasaki,5,https://www.keiba.go.jp/KeibaWeb/TodayRaceInfo/RaceMarkTable?k_raceDate=1981%2F10%2F17&k_raceNo=5&k_babaCode=21,data/cache/html/19811017_kawasaki_5.html
19811017_kawasaki_6,1981-10-17,kawasaki,6,https://www.keiba.go.jp/KeibaWeb/TodayRaceInfo/RaceMarkTable?k_raceDate=1981%2F10%2F17&k_raceNo=6&k_babaCode=21,data/cache/html/19811017_kawasaki_6.html
19811017_kawasaki_7,1981-10-17,kawasaki,7,https://www.keiba.go.jp/KeibaWeb/TodayRaceInfo/RaceMarkTable?k_raceDate=1981%2F10%2F17&k_raceNo=7&k_babaCode=21,data/cache/html/19811017_kawasaki_7.html
19811017_kawasaki_8,1981-10-17,kawasaki,8,https://www.keiba.go.jp/KeibaWeb/TodayRaceInfo/RaceMarkTable?k_raceDate=1981%2F10%2F17&k_raceNo=8&k_babaCode=21,data/cache/html/19811017_kawasaki_8.html
19811017_kawasaki_9,1981-10-17,kawasaki,9,https://www.keiba.go.jp/KeibaWeb/TodayRaceInfo/RaceMarkTable?k_raceDate=1981%2F10%2F17&k_raceNo=9&k_babaCode=21,data/cache/html/19811017_kawasaki_9.html
19811017_kawasaki_10,1981-10-17,kawasaki,10,https://www.keiba.go.jp/KeibaWeb/TodayRaceInfo/RaceMarkTable?k_raceDate=1981%2F10%2F17&k_raceNo=10&k_babaCode=21,data/cache/html/19811017_kawasaki_10.html
19811017_kawasaki_11,1981-10-17,kawasaki,11,https://www.keiba.go.jp/KeibaWeb/TodayRaceInfo/RaceMarkTable?k_raceDate=1981%2F10%2F17&k_raceNo=11&k_babaCode=21,data/cache/html/19811017_kawasaki_11.html
19811017_kawasaki_12,1981-10-17,kawasaki,12,https://www.keiba.go.jp/KeibaWeb/TodayRaceInfo/RaceMarkTable?k_raceDate=1981%2F10%2F17&k_raceNo=12&k_babaCode=21,data/cache/html/19811017_kawasaki_12.html
19811016_kawasaki_1,1981-10-16,kawasaki,1,https://www.keiba.go.jp/KeibaWeb/TodayRaceInfo/RaceMarkTable?k_raceDate=1981%2F10%2F16&k_raceNo=1&k_babaCode=21,data/cache/html/19811016_kawasaki_1.html
19811016_kawasaki_2,1981-10-16,kawasaki,2,https://www.keiba.go.jp/KeibaWeb/TodayRaceInfo/RaceMarkTable?k_raceDate=1981%2F10%2F16&k_raceNo=2&k_babaCode=21,data/cache/html/19811016_kawasaki_2.html
19811016_kawasaki_3,1981-10-16,kawasaki,3,https://www.keiba.go.jp/KeibaWeb/TodayRaceInfo/RaceMarkTable?k_raceDate=1981%2F10%2F16&k_raceNo=3&k_babaCode=21,data/cache/html/19811016_kawasaki_3.html
19811016_kawasaki_4,1981-10-16,kawasaki,4,https://www.keiba.go.jp/KeibaWeb/TodayRaceInfo/RaceMarkTable?k_raceDate=1981%2F10%2F16&k_raceNo=4&k_babaCode=21,data/cache/html/19811016_kawasaki_4.html
19811016_kawasaki_5,1981-10-16,kawasaki,5,https://www.keiba.go.jp/KeibaWeb/TodayRaceInfo/RaceMarkTable?k_raceDate=1981%2F10%2F16&k_raceNo=5&k_babaCode=21,data/cache/html/19811016_kawasaki_5.html
19811016_kawasaki_6,1981-10-16,kawasaki,6,https://www.keiba.go.jp/KeibaWeb/TodayRaceInfo/RaceMarkTable?k_raceDate=1981%2F10%2F16&k_raceNo=6&k_babaCode=21,data/cache/html/19811016_kawasaki_6.html
19811016_kawasaki_7,1981-10-16,kawasaki,7,https://www.keiba.go.jp/KeibaWeb/TodayRaceInfo/RaceMarkTable?k_raceDate=1981%2F10%2F16&k_raceNo=7&k_babaCode=21,data/cache/html/19811016_kawasaki_7.html
19811016_kawasaki_8,1981-10-16,kawasaki,8,https://www.keiba.go.jp/KeibaWeb/TodayRaceInfo/RaceMarkTable?k_raceDate=1981%2F10%2F16&k_raceNo=8&k_babaCode=21,data/cache/html/19811016_kawasaki_8.html
19811016_kawasaki_9,1981-10-16,kawasaki,9,https://www.keiba.go.jp/KeibaWeb/TodayRaceInfo/RaceMarkTable?k_raceDate=1981%2F10%2F16&k_raceNo=9&k_babaCode=21,data/cache/html/19811016_kawasaki_9.html
19811016_kawasaki_10,1981-10-16,kawasaki,10,https://www.keiba.go.jp/KeibaWeb/TodayRaceInfo/RaceMarkTable?k_raceDate=1981%2F10%2F16&k_raceNo=10&k_babaCode=21,data/cache/html/19811016_kawasaki_10.html
19811016_kawasaki_11,1981-10-16,kawasaki,11,https://www.keiba.go.jp/KeibaWeb/TodayRaceInfo/RaceMarkTable?k_raceDate=1981%2F10%2F16&k_raceNo=11&k_babaCode=21,data/cache/html/19811016_kawasaki_11.html
19811016_kawasaki_12,1981-10-16,kawasaki,12,https://www.keiba.go.jp/KeibaWeb/TodayRaceInfo/RaceMarkTable?k_raceDate=1981%2F10%2F16&k_raceNo=12&k_babaCode=21,data/cache/html/19811016_kawasaki_12.html
19811015_kawasaki_1,1981-10-15,kawasaki,1,https://www.keiba.go.jp/KeibaWeb/TodayRaceInfo/RaceMarkTable?k_raceDate=1981%2F10%2F15&k_raceNo=1&k_babaCode=21,data/cache/html/19811015_kawasaki_1.html
19811015_kawasaki_2,1981-10-15,kawasaki,2,https://www.keiba.go.jp/KeibaWeb/TodayRaceInfo/RaceMarkTable?k_raceDate=1981%2F10%2F15&k_raceNo=2&k_babaCode=21,data/cache/html/19811015_kawasaki_2.html
19811015_kawasaki_3,1981-10-15,kawasaki,3,https://www.keiba.go.jp/KeibaWeb/TodayRaceInfo/RaceMarkTable?k_raceDate=1981%2F10%2F15&k_raceNo=3&k_babaCode=21,data/cache/html/19811015_kawasaki_3.html
19811015_kawasaki_4,1981-10-15,kawasaki,4,https://www.keiba.go.jp/KeibaWeb/TodayRaceInfo/RaceMarkTable?k_raceDate=1981%2F10%2F15&k_raceNo=4&k_babaCode=21,data/cache/html/19811015_kawasaki_4.html
19811015_kawasaki_5,1981-10-15,kawasaki,5,https://www.keiba.go.jp/KeibaWeb/TodayRaceInfo/RaceMarkTable?k_raceDate=1981%2F10%2F15&k_raceNo=5&k_babaCode=21,data/cache/html/19811015_kawasaki_5.html
19811015_kawasaki_6,1981-10-15,kawasaki,6,https://www.keiba.go.jp/KeibaWeb/TodayRaceInfo/RaceMarkTable?k_raceDate=1981%2F10%2F15&k_raceNo=6&k_babaCode=21,data/cache/html/19811015_kawasaki_6.html
19811015_kawasaki_7,1981-10-15,kawasaki,7,https://www.keiba.go.jp/KeibaWeb/TodayRaceInfo/RaceMarkTable?k_raceDate=1981%2F10%2F15&k_raceNo=7&k_babaCode=21,data/cache/html/19811015_kawasaki_7.html
19811015_kawasaki_8,1981-10-15,kawasaki,8,https://www.keiba.go.jp/KeibaWeb/TodayRaceInfo/RaceMarkTable?k_raceDate=1981%2F10%2F15&k_raceNo=8&k_babaCode=21,data/cache/html/19811015_kawasaki_8.html
19811015_kawasaki_9,1981-10-15,kawasaki,9,https://www.keiba.go.jp/KeibaWeb/TodayRaceInfo/RaceMarkTable?k_raceDate=1981%2F10%2F15&k_raceNo=9&k_babaCode=21,data/cache/html/19811015_kawasaki_9.html
19811015_kawasaki_10,1981-10-15,kawasaki,10,https://www.keiba.go.jp/KeibaWeb/TodayRaceInfo/RaceMarkTable?k_raceDate=1981%2F10%2F15&k_raceNo=10&k_babaCode=21,data/cache/html/19811015_kawasaki_10.html
19811015_kawasaki_11,1981-10-15,kawasaki,11,https://www.keiba.go.jp/KeibaWeb/TodayRaceInfo/RaceMarkTable?k_raceDate=1981%2F10%2F15&k_raceNo=11&k_babaCode=21,data/cache/html/19811015_kawasaki_11.html
19811015_kawasaki_12,1981-10-15,kawasaki,12,https://www.keiba.go.jp/KeibaWeb/TodayRaceInfo/RaceMarkTable?k_raceDate=1981%2F10%2F15&k_raceNo=12&k_babaCode=21,data/cache/html/19811015_kawasaki_12.html
19811014_kawasaki_1,1981-10-14,kawasaki,1,https://www.keiba.go.jp/KeibaWeb/TodayRaceInfo/RaceMarkTable?k_raceDate=1981%2F10%2F14&k_raceNo=1&k_babaCode=21,data/cache/html/19811014_kawasaki_1.html
19811014_kawasaki_2,1981-10-14,kawasaki,2,https://www.keiba.go.jp/KeibaWeb/TodayRaceInfo/RaceMarkTable?k_raceDate=1981%2F10%2F14&k_raceNo=2&k_babaCode=21,data/cache/html/19811014_kawasaki_2.html
19811014_kawasaki_3,1981-10-14,kawasaki,3,https://www.keiba.go.jp/KeibaWeb/TodayRaceInfo/RaceMarkTable?k_raceDate=1981%2F10%2F14&k_raceNo=3&k_babaCode=21,data/cache/html/19811014_kawasaki_3.html
19811014_kawasaki_4,1981-10-14,kawasaki,4,https://www.keiba.go.jp/KeibaWeb/TodayRaceInfo/RaceMarkTable?k_raceDate=1981%2F10%2F14&k_raceNo=4&k_babaCode=21,data/cache/html/19811014_kawasaki_4.html
19811014_kawasaki_5,1981-10-14,kawasaki,5,https://www.keiba.go.jp/KeibaWeb/TodayRaceInfo/RaceMarkTable?k_raceDate=1981%2F10%2F14&k_raceNo=5&k_babaCode=21,data/cache/html/19811014_kawasaki_5.html
19811014_kawasaki_6,1981-10-14,kawasaki,6,https://www.keiba.go.jp/KeibaWeb/TodayRaceInfo/RaceMarkTable?k_raceDate=1981%2F10%2F14&k_raceNo=6&k_babaCode=21,data/cache/html/19811014_kawasaki_6.html
19811014_kawasaki_7,1981-10-14,kawasaki,7,https://www.keiba.go.jp/KeibaWeb/TodayRaceInfo/RaceMarkTable?k_raceDate=1981%2F10%2F14&k_raceNo=7&k_babaCode=21,data/cache/html/19811014_kawasaki_7.html
19811014_kawasaki_8,1981-10-14,kawasaki,8,https://www.keiba.go.jp/KeibaWeb/TodayRaceInfo/RaceMarkTable?k_raceDate=1981%2F10%2F14&k_raceNo=8&k_babaCode=21,data/cache/html/19811014_kawasaki_8.html
19811014_kawasaki_9,1981-10-14,kawasaki,9,https://www.keiba.go.jp/KeibaWeb/TodayRaceInfo/RaceMarkTable?k_raceDate=1981%2F10%2F14&k_raceNo=9&k_babaCode=21,data/cache/html/19811014_kawasaki_9.html
19811014_kawasaki_10,1981-10-14,kawasaki,10,https://www.keiba.go.jp/KeibaWeb/TodayRaceInfo/RaceMarkTable?k_raceDate=1981%2F10%2F14&k_raceNo=10&k_babaCode=21,data/cache/html/19811014_kawasaki_10.html
19811014_kawasaki_11,1981-10-14,kawasaki,11,https://www.keiba.go.jp/KeibaWeb/TodayRaceInfo/RaceMarkTable?k_raceDate=1981%2F10%2F14&k_raceNo=11&k_babaCode=21,data/cache/html/19811014_kawasaki_11.html
19811014_kawasaki_12,1981-10-14,kawasaki,12,https://www.keiba.go.jp/KeibaWeb/TodayRaceInfo/RaceMarkTable?k_raceDate=1981%2F10%2F14&k_raceNo=12&k_babaCode=21,data/cache/html/19811014_kawasaki_12.html
19811013_kawasaki_1,1981-10-13,kawasaki,1,https://www.keiba.go.jp/KeibaWeb/TodayRaceInfo/RaceMarkTable?k_raceDate=1981%2F10%2F13&k_raceNo=1&k_babaCode=21,data/cache/html/19811013_kawasaki_1.html
19811013_kawasaki_2,1981-10-13,kawasaki,2,https://www.keiba.go.jp/KeibaWeb/TodayRaceInfo/RaceMarkTable?k_raceDate=1981%2F10%2F13&k_raceNo=2&k_babaCode=21,data/cache/html/19811013_kawasaki_2.html
19811013_kawasaki_3,1981-10-13,kawasaki,3,https://www.keiba.go.jp/KeibaWeb/TodayRaceInfo/RaceMarkTable?k_raceDate=1981%2F10%2F13&k_raceNo=3&k_babaCode=21,data/cache/html/19811013_kawasaki_3.html
19811013_kawasaki_4,1981-10-13,kawasaki,4,https://www.keiba.go.jp/KeibaWeb/TodayRaceInfo/RaceMarkTable?k_raceDate=1981%2F10%2F13&k_raceNo=4&k_babaCode=21,data/cache/html/19811013_kawasaki_4.html
19811013_kawasaki_5,1981-10-13,kawasaki,5,https://www.keiba.go.jp/KeibaWeb/TodayRaceInfo/RaceMarkTable?k_raceDate=1981%2F10%2F13&k_raceNo=5&k_babaCode=21,data/cache/html/19811013_kawasaki_5.html
19811013_kawasaki_6,1981-10-13,kawasaki,6,https://www.keiba.go.jp/KeibaWeb/TodayRaceInfo/RaceMarkTable?k_raceDate=1981%2F10%2F13&k_raceNo=6&k_babaCode=21,data/cache/html/19811013_kawasaki_6.html
19811013_kawasaki_7,1981-10-13,kawasaki,7,https://www.keiba.go.jp/KeibaWeb/TodayRaceInfo/RaceMarkTable?k_raceDate=1981%2F10%2F13&k_raceNo=7&k_babaCode=21,data/cache/html/19811013_kawasaki_7.html
19811013_kawasaki_8,1981-10-13,kawasaki,8,https://www.keiba.go.jp/KeibaWeb/TodayRaceInfo/RaceMarkTable?k_raceDate=1981%2F10%2F13&k_raceNo=8&k_babaCode=21,data/cache/html/19811013_kawasaki_8.html
19811013_kawasaki_9,1981-10-13,kawasaki,9,https://www.keiba.go.jp/KeibaWeb/TodayRaceInfo/RaceMarkTable?k_raceDate=1981%2F10%2F13&k_raceNo=9&k_babaCode=21,data/cache/html/19811013_kawasaki_9.html
19811013_kawasaki_10,1981-10-13,kawasaki,10,https://www.keiba.go.jp/KeibaWeb/TodayRaceInfo/RaceMarkTable?k_raceDate=1981%2F10%2F13&k_raceNo=10&k_babaCode=21,data/cache/html/19811013_kawasaki_10.html
19811013_kawasaki_11,1981-10-13,kawasaki,11,https://www.keiba.go.jp/KeibaWeb/TodayRaceInfo/RaceMarkTable?k_raceDate=1981%2F10%2F13&k_raceNo=11&k_babaCode=21,data/cache/html/19811013_kawasaki_11.html
19811013_kawasaki_12,1981-10-13,kawasaki,12,https://www.keiba.go.jp/KeibaWeb/TodayRaceInfo/RaceMarkTable?k_raceDate=1981%2F10%2F13&k_raceNo=12&k_babaCode=21,data/cache/html/19811013_kawasaki_12.html
19811012_kawasaki_1,1981-10-12,kawasaki,1,https://www.keiba.go.jp/KeibaWeb/TodayRaceInfo/RaceMarkTable?k_raceDate=1981%2F10%2F12&k_raceNo=1&k_babaCode=21,data/cache/html/19811012_kawasaki_1.html
19811012_kawasaki_2,1981-10-12,kawasaki,2,https://www.keiba.go.jp/KeibaWeb/TodayRaceInfo/RaceMarkTable?k_raceDate=1981%2F10%2F12&k_raceNo=2&k_babaCode=21,data/cache/html/19811012_kawasaki_2.html
19811012_kawasaki_3,1981-10-12,kawasaki,3,https://www.keiba.go.jp/KeibaWeb/TodayRaceInfo/RaceMarkTable?k_raceDate=1981%2F10%2F12&k_raceNo=3&k_babaCode=21,data/cache/html/19811012_kawasaki_3.html
19811012_kawasaki_4,1981-10-12,kawasaki,4,https://www.keiba.go.jp/KeibaWeb/TodayRaceInfo/RaceMarkTable?k_raceDate=1981%2F10%2F12&k_raceNo=4&k_babaCode=21,data/cache/html/19811012_kawasaki_4.html
19811012_kawasaki_5,1981-10-12,kawasaki,5,https://www.keiba.go.jp/KeibaWeb/TodayRaceInfo/RaceMarkTable?k_raceDate=1981%2F10%2F12&k_raceNo=5&k_babaCode=21,data/cache/html/19811012_kawasaki_5.html
19811012_kawasaki_6,1981-10-12,kawasaki,6,https://www.keiba.go.jp/KeibaWeb/TodayRaceInfo/RaceMarkTable?k_raceDate=1981%2F10%2F12&k_raceNo=6&k_babaCode=21,data/cache/html/19811012_kawasaki_6.html
19811012_kawasaki_7,1981-10-12,kawasaki,7,https://www.keiba.go.jp/KeibaWeb/TodayRaceInfo/RaceMarkTable?k_raceDate=1981%2F10%2F12&k_raceNo=7&k_babaCode=21,data/cache/html/19811012_kawasaki_7.html
19811012_kawasaki_8,1981-10-12,kawasaki,8,https://www.keiba.go.jp/KeibaWeb/TodayRaceInfo/RaceMarkTable?k_raceDate=1981%2F10%2F12&k_raceNo=8&k_babaCode=21,data/cache/html/19811012_kawasaki_8.html
19811012_kawasaki_9,1981-10-12,kawasaki,9,https://www.keiba.go.jp/KeibaWeb/TodayRaceInfo/RaceMarkTable?k_raceDate=1981%2F10%2F12&k_raceNo=9&k_babaCode=21,data/cache/html/19811012_kawasaki_9.html
19811012_kawasaki_10,1981-10-12,kawasaki,10,https://www.keiba.go.jp/KeibaWeb/TodayRaceInfo/RaceMarkTable?k_raceDate=1981%2F10%2F12&k_raceNo=10&k_babaCode=21,data/cache/html/19811012_kawasaki_10.html
19811012_kawasaki_11,1981-10-12,kawasaki,11,https://www.keiba.go.jp/KeibaWeb/TodayRaceInfo/RaceMarkTable?k_raceDate=1981%2F10%2F12&k_raceNo=11&k_babaCode=21,data/cache/html/19811012_kawasaki_11.html
19811012_kawasaki_12,1981-10-12,kawasaki,12,https://www.keiba.go.jp/KeibaWeb/TodayRaceInfo/RaceMarkTable?k_raceDate=1981%2F10%2F12&k_raceNo=12&k_babaCode=21,data/cache/html/19811012_kawasaki_12.html
19811011_kawasaki_1,1981-10-11,kawasaki,1,https://www.keiba.go.jp/KeibaWeb/TodayRaceInfo/RaceMarkTable?k_raceDate=1981%2F10%2F11&k_raceNo=1&k_babaCode=21,data/cache/html/19811011_kawasaki_1.html
19811011_kawasaki_2,1981-10-11,kawasaki,2,https://www.keiba.go.jp/KeibaWeb/TodayRaceInfo/RaceMarkTable?k_raceDate=1981%2F10%2F11&k_raceNo=2&k_babaCode=21,data/cache/html/19811011_kawasaki_2.html
19811011_kawasaki_3,1981-10-11,kawasaki,3,https://www.keiba.go.jp/KeibaWeb/TodayRaceInfo/RaceMarkTable?k_raceDate=1981%2F10%2F11&k_raceNo=3&k_babaCode=21,data/cache/html/19811011_kawasaki_3.html
19811011_kawasaki_4,1981-10-11,kawasaki,4,https://www.keiba.go.jp/KeibaWeb/TodayRaceInfo/RaceMarkTable?k_raceDate=1981%2F10%2F11&k_raceNo=4&k_babaCode=21,data/cache/html/19811011_kawasaki_4.html
19811011_kawasaki_5,1981-10-11,kawasaki,5,https://www.keiba.go.jp/KeibaWeb/TodayRaceInfo/RaceMarkTable?k_raceDate=1981%2F10%2F11&k_raceNo=5&k_babaCode=21,data/cache/html/19811011_kawasaki_5.html
19811011_kawasaki_6,1981-10-11,kawasaki,6,https://www.keiba.go.jp/KeibaWeb/TodayRaceInfo/RaceMarkTable?k_raceDate=1981%2F10%2F11&k_raceNo=6&k_babaCode=21,data/cache/html/19811011_kawasaki_6.html
19811011_kawasaki_7,1981-10-11,kawasaki,7,https://www.keiba.go.jp/KeibaWeb/TodayRaceInfo/RaceMarkTable?k_raceDate=1981%2F10%2F11&k_raceNo=7&k_babaCode=21,data/cache/html/19811011_kawasaki_7.html
19811011_kawasaki_8,1981-10-11,kawasaki,8,https://www.keiba.go.jp/KeibaWeb/TodayRaceInfo/RaceMarkTable?k_raceDate=1981%2F10%2F11&k_raceNo=8&k_babaCode=21,data/cache/html/19811011_kawasaki_8.html
19811011_kawasaki_9,1981-10-11,kawasaki,9,https://www.keiba.go.jp/KeibaWeb/TodayRaceInfo/RaceMarkTable?k_raceDate=1981%2F10%2F11&k_raceNo=9&k_babaCode=21,data/cache/html/19811011_kawasaki_9.html
19811011_kawasaki_10,1981-10-11,kawasaki,10,https://www.keiba.go.jp/KeibaWeb/TodayRaceInfo/RaceMarkTable?k_raceDate=1981%2F10%2F11&k_raceNo=10&k_babaCode=21,data/cache/html/19811011_kawasaki_10.html
19811011_kawasaki_11,1981-10-11,kawasaki,11,https://www.keiba.go.jp/KeibaWeb/TodayRaceInfo/RaceMarkTable?k_raceDate=1981%2F10%2F11&k_raceNo=11&k_babaCode=21,data/cache/html/19811011_kawasaki_11.html
19811011_kawasaki_12,1981-10-11,kawasaki,12,https://www.keiba.go.jp/KeibaWeb/TodayRaceInfo/RaceMarkTable?k_raceDate=1981%2F10%2F11&k_raceNo=12&k_babaCode=21,data/cache/html/19811011_kawasaki_12.html
19811010_kawasaki_1,1981-10-10,kawasaki,1,https://www.keiba.go.jp/KeibaWeb/TodayRaceInfo/RaceMarkTable?k_raceDate=1981%2F10%2F10&k_raceNo=1&k_babaCode=21,data/cache/html/19811010_kawasaki_1.html
19811010_kawasaki_2,1981-10-10,kawasaki,2,https://www.keiba.go.jp/KeibaWeb/TodayRaceInfo/RaceMarkTable?k_raceDate=1981%2F10%2F10&k_raceNo=2&k_babaCode=21,data/cache/html/19811010_kawasaki_2.html
19811010_kawasaki_3,1981-10-10,kawasaki,3,https://www.keiba.go.jp/KeibaWeb/TodayRaceInfo/RaceMarkTable?k_raceDate=1981%2F10%2F10&k_raceNo=3&k_babaCode=21,data/cache/html/19811010_kawasaki_3.html
19811010_kawasaki_4,1981-10-10,kawasaki,4,https://www.keiba.go.jp/KeibaWeb/TodayRaceInfo/RaceMarkTable?k_raceDate=1981%2F10%2F10&k_raceNo=4&k_babaCode=21,data/cache/html/19811010_kawasaki_4.html
19811010_kawasaki_5,1981-10-10,kawasaki,5,https://www.keiba.go.jp/KeibaWeb/TodayRaceInfo/RaceMarkTable?k_raceDate=1981%2F10%2F10&k_raceNo=5&k_babaCode=21,data/cache/html/19811010_kawasaki_5.html
19811010_kawasaki_6,1981-10-10,kawasaki,6,https://www.keiba.go.jp/KeibaWeb/TodayRaceInfo/RaceMarkTable?k_raceDate=1981%2F10%2F10&k_raceNo=6&k_babaCode=21,data/cache/html/19811010_kawasaki_6.html
19811010_kawasaki_7,1981-10-10,kawasaki,7,https://www.keiba.go.jp/KeibaWeb/TodayRaceInfo/RaceMarkTable?k_raceDate=1981%2F10%2F10&k_raceNo=7&k_babaCode=21,data/cache/html/19811010_kawasaki_7.html
19811010_kawasaki_8,1981-10-10,kawasaki,8,https://www.keiba.go.jp/KeibaWeb/TodayRaceInfo/RaceMarkTable?k_raceDate=1981%2F10%2F10&k_raceNo=8&k_babaCode=21,data/cache/html/19811010_kawasaki_8.html
19811010_kawasaki_9,1981-10-10,kawasaki,9,https://www.keiba.go.jp/KeibaWeb/TodayRaceInfo/RaceMarkTable?k_raceDate=1981%2F10%2F10&k_raceNo=9&k_babaCode=21,data/cache/html/19811010_kawasaki_9.html
19811010_kawasaki_10,1981-10-10,kawasaki,10,https://www.keiba.go.jp/KeibaWeb/TodayRaceInfo/RaceMarkTable?k_raceDate=1981%2F10%2F10&k_raceNo=10&k_babaCode=21,data/cache/html/19811010_kawasaki_10.html
19811010_kawasaki_11,1981-10-10,kawasaki,11,https://www.keiba.go.jp/KeibaWeb/TodayRaceInfo/RaceMarkTable?k_raceDate=1981%2F10%2F10&k_raceNo=11&k_babaCode=21,data/cache/html/19811010_kawasaki_11.html
19811010_kawasaki_12,1981-10-10,kawasaki,12,https://www.keiba.go.jp/KeibaWeb/TodayRaceInfo/RaceMarkTable?k_raceDate=1981%2F10%2F10&k_raceNo=12&k_babaCode=21,data/cache/html/19811010_kawasaki_12.html
19811009_kawasaki_1,1981-10-09,kawasaki,1,https://www.keiba.go.jp/KeibaWeb/TodayRaceInfo/RaceMarkTable?k_raceDate=1981%2F10%2F09&k_raceNo=1&k_babaCode=21,data/cache/html/19811009_kawasaki_1.html
19811009_kawasaki_2,1981-10-09,kawasaki,2,https://www.keiba.go.jp/KeibaWeb/TodayRaceInfo/RaceMarkTable?k_raceDate=1981%2F10%2F09&k_raceNo=2&k_babaCode=21,data/cache/html/19811009_kawasaki_2.html
19811009_kawasaki_3,1981-10-09,kawasaki,3,https://www.keiba.go.jp/KeibaWeb/TodayRaceInfo/RaceMarkTable?k_raceDate=1981%2F10%2F09&k_raceNo=3&k_babaCode=21,data/cache/html/19811009_kawasaki_3.html
19811009_kawasaki_4,1981-10-09,kawasaki,4,https://www.keiba.go.jp/KeibaWeb/TodayRaceInfo/RaceMarkTable?k_raceDate=1981%2F10%2F09&k_raceNo=4&k_babaCode=21,data/cache/html/19811009_kawasaki_4.html
19811009_kawasaki_5,1981-10-09,kawasaki,5,https://www.keiba.go.jp/KeibaWeb/TodayRaceInfo/RaceMarkTable?k_raceDate=1981%2F10%2F09&k_raceNo=5&k_babaCode=21,data/cache/html/19811009_kawasaki_5.html
19811009_kawasaki_6,1981-10-09,kawasaki,6,https://www.keiba.go.jp/KeibaWeb/TodayRaceInfo/RaceMarkTable?k_raceDate=1981%2F10%2F09&k_raceNo=6&k_babaCode=21,data/cache/html/19811009_kawasaki_6.html
19811009_kawasaki_7,1981-10-09,kawasaki,7,https://www.keiba.go.jp/KeibaWeb/TodayRaceInfo/RaceMarkTable?k_raceDate=1981%2F10%2F09&k_raceNo=7&k_babaCode=21,data/cache/html/19811009_kawasaki_7.html
19811009_kawasaki_8,1981-10-09,kawasaki,8,https://www.keiba.go.jp/KeibaWeb/TodayRaceInfo/RaceMarkTable?k_raceDate=1981%2F10%2F09&k_raceNo=8&k_babaCode=21,data/cache/html/19811009_kawasaki_8.html
19811009_kawasaki_9,1981-10-09,kawasaki,9,https://www.keiba.go.jp/KeibaWeb/TodayRaceInfo/RaceMarkTable?k_raceDate=1981%2F10%2F09&k_raceNo=9&k_babaCode=21,data/cache/html/19811009_kawasaki_9.html
19811009_kawasaki_10,1981-10-09,kawasaki,10,https://www.keiba.go.jp/KeibaWeb/TodayRaceInfo/RaceMarkTable?k_raceDate=1981%2F10%2F09&k_raceNo=10&k_babaCode=21,data/cache/html/19811009_kawasaki_10.html
19811009_kawasaki_11,1981-10-09,kawasaki,11,https://www.keiba.go.jp/KeibaWeb/TodayRaceInfo/RaceMarkTable?k_raceDate=1981%2F10%2F09&k_raceNo=11&k_babaCode=21,data/cache/html/19811009_kawasaki_11.html
19811009_kawasaki_12,1981-10-09,kawasaki,12,https://www.keiba.go.jp/KeibaWeb/TodayRaceInfo/RaceMarkTable?k_raceDate=1981%2F10%2F09&k_raceNo=12&k_babaCode=21,data/cache/html/19811009_kawasaki_12.html
19811008_kawasaki_1,1981-10-08,kawasaki,1,https://www.keiba.go.jp/KeibaWeb/TodayRaceInfo/RaceMarkTable?k_raceDate=1981%2F10%2F08&k_raceNo=1&k_babaCode=21,data/cache/html/19811008_kawasaki_1.html
19811008_kawasaki_2,1981-10-08,kawasaki,2,https://www.keiba.go.jp/KeibaWeb/TodayRaceInfo/RaceMarkTable?k_raceDate=1981%2F10%2F08&k_raceNo=2&k_babaCode=21,data/cache/html/19811008_kawasaki_2.html
19811008_kawasaki_3,1981-10-08,kawasaki,3,https://www.keiba.go.jp/KeibaWeb/TodayRaceInfo/RaceMarkTable?k_raceDate=1981%2F10%2F08&k_raceNo=3&k_babaCode=21,data/cache/html/19811008_kawasaki_3.html
19811008_kawasaki_4,1981-10-08,kawasaki,4,https://www.keiba.go.jp/KeibaWeb/TodayRaceInfo/RaceMarkTable?k_raceDate=1981%2F10%2F08&k_raceNo=4&k_babaCode=21,data/cache/html/19811008_kawasaki_4.html
19811008_kawasaki_5,1981-10-08,kawasaki,5,https://www.keiba.go.jp/KeibaWeb/TodayRaceInfo/RaceMarkTable?k_raceDate=1981%2F10%2F08&k_raceNo=5&k_babaCode=21,data/cache/html/19811008_kawasaki_5.html
19811008_kawasaki_6,1981-10-08,kawasaki,6,https://www.keiba.go.jp/KeibaWeb/TodayRaceInfo/RaceMarkTable?k_raceDate=1981%2F10%2F08&k_raceNo=6&k_babaCode=21,data/cache/html/19811008_kawasaki_6.html
19811008_kawasaki_7,1981-10-08,kawasaki,7,https://www.keiba.go.jp/KeibaWeb/TodayRaceInfo/RaceMarkTable?k_raceDate=1981%2F10%2F08&k_raceNo=7&k_babaCode=21,data/cache/html/19811008_kawasaki_7.html
19811008_kawasaki_8,1981-10-08,kawasaki,8,https://www.keiba.go.jp/KeibaWeb/TodayRaceInfo/RaceMarkTable?k_raceDate=1981%2F10%2F08&k_raceNo=8&k_babaCode=21,data/cache/html/19811008_kawasaki_8.html
19811008_kawasaki_9,1981-10-08,kawasaki,9,https://www.keiba.go.jp/KeibaWeb/TodayRaceInfo/RaceMarkTable?k_raceDate=1981%2F10%2F08&k_raceNo=9&k_babaCode=21,data/cache/html/19811008_kawasaki_9.html
19811008_kawasaki_10,1981-10-08,kawasaki,10,https://www.keiba.go.jp/KeibaWeb/TodayRaceInfo/RaceMarkTable?k_raceDate=1981%2F10%2F08&k_raceNo=10&k_babaCode=21,data/cache/html/19811008_kawasaki_10.html
19811008_kawasaki_11,1981-10-08,kawasaki,11,https://www.keiba.go.jp/KeibaWeb/TodayRaceInfo/RaceMarkTable?k_raceDate=1981%2F10%2F08&k_raceNo=11&k_babaCode=21,data/cache/html/19811008_kawasaki_11.html
19811008_kawasaki_12,1981-10-08,kawasaki,12,https://www.keiba.go.jp/KeibaWeb/TodayRaceInfo/RaceMarkTable?k_raceDate=1981%2F10%2F08&k_raceNo=12&k_babaCode=21,data/cache/html/19811008_kawasaki_12.html
19811007_kawasaki_1,1981-10-07,kawasaki,1,https://www.keiba.go.jp/KeibaWeb/TodayRaceInfo/RaceMarkTable?k_raceDate=1981%2F10%2F07&k_raceNo=1&k_babaCode=21,data/cache/html/19811007_kawasaki_1.html
19811007_kawasaki_2,1981-10-07,kawasaki,2,https://www.keiba.go.jp/KeibaWeb/TodayRaceInfo/RaceMarkTable?k_raceDate=1981%2F10%2F07&k_raceNo=2&k_babaCode=21,data/cache/html/19811007_kawasaki_2.html
19811007_kawasaki_3,1981-10-07,kawasaki,3,https://www.keiba.go.jp/KeibaWeb/TodayRaceInfo/RaceMarkTable?k_raceDate=1981%2F10%2F07&k_raceNo=3&k_babaCode=21,data/cache/html/19811007_kawasaki_3.html
19811007_kawasaki_4,1981-10-07,kawasaki,4,https://www.keiba.go.jp/KeibaWeb/TodayRaceInfo/RaceMarkTable?k_raceDate=1981%2F10%2F07&k_raceNo=4&k_babaCode=21,data/cache/html/19811007_kawasaki_4.html
19811007_kawasaki_5,1981-10-07,kawasaki,5,https://www.keiba.go.jp/KeibaWeb/TodayRaceInfo/RaceMarkTable?k_raceDate=1981%2F10%2F07&k_raceNo=5&k_babaCode=21,data/cache/html/19811007_kawasaki_5.html
19811007_kawasaki_6,1981-10-07,kawasaki,6,https://www.keiba.go.jp/KeibaWeb/TodayRaceInfo/RaceMarkTable?k_raceDate=1981%2F10%2F07&k_raceNo=6&k_babaCode=21,data/cache/html/19811007_kawasaki_6.html
19811007_kawasaki_7,1981-10-07,kawasaki,7,https://www.keiba.go.jp/KeibaWeb/TodayRaceInfo/RaceMarkTable?k_raceDate=1981%2F10%2F07&k_raceNo=7&k_babaCode=21,data/cache/html/19811007_kawasaki_7.html
19811007_kawasaki_8,1981-10-07,kawasaki,8,https://www.keiba.go.jp/KeibaWeb/TodayRaceInfo/RaceMarkTable?k_raceDate=1981%2F10%2F07&k_raceNo=8&k_babaCode=21,data/cache/html/19811007_kawasaki_8.html
19811007_kawasaki_9,1981-10-07,kawasaki,9,https://www.keiba.go.jp/KeibaWeb/TodayRaceInfo/RaceMarkTable?k_raceDate=1981%2F10%2F07&k_raceNo=9&k_babaCode=21,data/cache/html/19811007_kawasaki_9.html
19811007_kawasaki_10,1981-10-07,kawasaki,10,https://www.keiba.go.jp/KeibaWeb/TodayRaceInfo/RaceMarkTable?k_raceDate=1981%2F10%2F07&k_raceNo=10&k_babaCode=21,data/cache/html/19811007_kawasaki_10.html
19811007_kawasaki_11,1981-10-07,kawasaki,11,https://www.keiba.go.jp/KeibaWeb/TodayRaceInfo/RaceMarkTable?k_raceDate=1981%2F10%2F07&k_raceNo=11&k_babaCode=21,data/cache/html/19811007_kawasaki_11.html
19811007_kawasaki_12,1981-10-07,kawasaki,12,https://www.keiba.go.jp/KeibaWeb/TodayRaceInfo/RaceMarkTable?k_raceDate=1981%2F10%2F07&k_raceNo=12&k_babaCode=21,data/cache/html/19811007_kawasaki_12.html
19811006_kawasaki_1,1981-10-06,kawasaki,1,https://www.keiba.go.jp/KeibaWeb/TodayRaceInfo/RaceMarkTable?k_raceDate=1981%2F10%2F06&k_raceNo=1&k_babaCode=21,data/cache/html/19811006_kawasaki_1.html
19811006_kawasaki_2,1981-10-06,kawasaki,2,https://www.keiba.go.jp/KeibaWeb/TodayRaceInfo/RaceMarkTable?k_raceDate=1981%2F10%2F06&k_raceNo=2&k_babaCode=21,data/cache/html/19811006_kawasaki_2.html
19811006_kawasaki_3,1981-10-06,kawasaki,3,https://www.keiba.go.jp/KeibaWeb/TodayRaceInfo/RaceMarkTable?k_raceDate=1981%2F10%2F06&k_raceNo=3&k_babaCode=21,data/cache/html/19811006_kawasaki_3.html
19811006_kawasaki_4,1981-10-06,kawasaki,4,https://www.keiba.go.jp/KeibaWeb/TodayRaceInfo/RaceMarkTable?k_raceDate=1981%2F10%2F06&k_raceNo=4&k_babaCode=21,data/cache/html/19811006_kawasaki_4.html
19811006_kawasaki_5,1981-10-06,kawasaki,5,https://www.keiba.go.jp/KeibaWeb/TodayRaceInfo/RaceMarkTable?k_raceDate=1981%2F10%2F06&k_raceNo=5&k_babaCode=21,data/cache/html/19811006_kawasaki_5.html
19811006_kawasaki_6,1981-10-06,kawasaki,6,https://www.keiba.go.jp/KeibaWeb/TodayRaceInfo/RaceMarkTable?k_raceDate=1981%2F10%2F06&k_raceNo=6&k_babaCode=21,data/cache/html/19811006_kawasaki_6.html
19811006_kawasaki_7,1981-10-06,kawasaki,7,https://www.keiba.go.jp/KeibaWeb/TodayRaceInfo/RaceMarkTable?k_raceDate=1981%2F10%2F06&k_raceNo=7&k_babaCode=21,data/cache/html/19811006_kawasaki_7.html
19811006_kawasaki_8,1981-10-06,kawasaki,8,https://www.keiba.go.jp/KeibaWeb/TodayRaceInfo/RaceMarkTable?k_raceDate=1981%2F10%2F06&k_raceNo=8&k_babaCode=21,data/cache/html/19811006_kawasaki_8.html
19811006_kawasaki_9,1981-10-06,kawasaki,9,https://www.keiba.go.jp/KeibaWeb/TodayRaceInfo/RaceMarkTable?k_raceDate=1981%2F10%2F06&k_raceNo=9&k_babaCode=21,data/cache/html/19811006_kawasaki_9.html
19811006_kawasaki_10,1981-10-06,kawasaki,10,https://www.keiba.go.jp/KeibaWeb/TodayRaceInfo/RaceMarkTable?k_raceDate=1981%2F10%2F06&k_raceNo=10&k_babaCode=21,data/cache/html/19811006_kawasaki_10.html
19811006_kawasaki_11,1981-10-06,kawasaki,11,https://www.keiba.go.jp/KeibaWeb/TodayRaceInfo/RaceMarkTable?k_raceDate=1981%2F10%2F06&k_raceNo=11&k_babaCode=21,data/cache/html/19811006_kawasaki_11.html
19811006_kawasaki_12,1981-10-06,kawasaki,12,https://www.keiba.go.jp/KeibaWeb/TodayRaceInfo/RaceMarkTable?k_raceDate=1981%2F10%2F06&k_raceNo=12&k_babaCode=21,data/cache/html/19811006_kawasaki_12.html
19811005_kawasaki_1,1981-10-05,kawasaki,1,https://www.keiba.go.jp/KeibaWeb/TodayRaceInfo/RaceMarkTable?k_raceDate=1981%2F10%2F05&k_raceNo=1&k_babaCode=21,data/cache/html/19811005_kawasaki_1.html
19811005_kawasaki_2,1981-10-05,kawasaki,2,https://www.keiba.go.jp/KeibaWeb/TodayRaceInfo/RaceMarkTable?k_raceDate=1981%2F10%2F05&k_raceNo=2&k_babaCode=21,data/cache/html/19811005_kawasaki_2.html
19811005_kawasaki_3,1981-10-05,kawasaki,3,https://www.keiba.go.jp/KeibaWeb/TodayRaceInfo/RaceMarkTable?k_raceDate=1981%2F10%2F05&k_raceNo=3&k_babaCode=21,data/cache/html/19811005_kawasaki_3.html
19811005_kawasaki_4,1981-10-05,kawasaki,4,https://www.keiba.go.jp/KeibaWeb/TodayRaceInfo/RaceMarkTable?k_raceDate=1981%2F10%2F05&k_raceNo=4&k_babaCode=21,data/cache/html/19811005_kawasaki_4.html
19811005_kawasaki_5,1981-10-05,kawasaki,5,https://www.keiba.go.jp/KeibaWeb/TodayRaceInfo/RaceMarkTable?k_raceDate=1981%2F10%2F05&k_raceNo=5&k_babaCode=21,data/cache/html/19811005_kawasaki_5.html
19811005_kawasaki_6,1981-10-05,kawasaki,6,https://www.keiba.go.jp/KeibaWeb/TodayRaceInfo/RaceMarkTable?k_raceDate=1981%2F10%2F05&k_raceNo=6&k_babaCode=21,data/cache/html/19811005_kawasaki_6.html
19811005_kawasaki_7,1981-10-05,kawasaki,7,https://www.keiba.go.jp/KeibaWeb/TodayRaceInfo/RaceMarkTable?k_raceDate=1981%2F10%2F05&k_raceNo=7&k_babaCode=21,data/cache/html/19811005_kawasaki_7.html
19811005_kawasaki_8,1981-10-05,kawasaki,8,https://www.keiba.go.jp/KeibaWeb/TodayRaceInfo/RaceMarkTable?k_raceDate=1981%2F10%2F05&k_raceNo=8&k_babaCode=21,data/cache/html/19811005_kawasaki_8.html
19811005_kawasaki_9,1981-10-05,kawasaki,9,https://www.keiba.go.jp/KeibaWeb/TodayRaceInfo/RaceMarkTable?k_raceDate=1981%2F10%2F05&k_raceNo=9&k_babaCode=21,data/cache/html/19811005_kawasaki_9.html
19811005_kawasaki_10,1981-10-05,kawasaki,10,https://www.keiba.go.jp/KeibaWeb/TodayRaceInfo/RaceMarkTable?k_raceDate=1981%2F10%2F05&k_raceNo=10&k_babaCode=21,data/cache/html/19811005_kawasaki_10.html
19811005_kawasaki_11,1981-10-05,kawasaki,11,https://www.keiba.go.jp/KeibaWeb/TodayRaceInfo/RaceMarkTable?k_raceDate=1981%2F10%2F05&k_raceNo=11&k_babaCode=21,data/cache/html/19811005_kawasaki_11.html
19811005_kawasaki_12,1981-10-05,kawasaki,12,https://www.keiba.go.jp/KeibaWeb/TodayRaceInfo/RaceMarkTable?k_raceDate=1981%2F10%2F05&k_raceNo=12&k_babaCode=21,data/cache/html/19811005_kawasaki_12.html
19811004_kawasaki_1,1981-10-04,kawasaki,1,https://www.keiba.go.jp/KeibaWeb/TodayRaceInfo/RaceMarkTable?k_raceDate=1981%2F10%2F04&k_raceNo=1&k_babaCode=21,data/cache/html/19811004_kawasaki_1.html
19811004_kawasaki_2,1981-10-04,kawasaki,2,https://www.keiba.go.jp/KeibaWeb/TodayRaceInfo/RaceMarkTable?k_raceDate=1981%2F10%2F04&k_raceNo=2&k_babaCode=21,data/cache/html/19811004_kawasaki_2.html
19811004_kawasaki_3,1981-10-04,kawasaki,3,https://www.keiba.go.jp/KeibaWeb/TodayRaceInfo/RaceMarkTable?k_raceDate=1981%2F10%2F04&k_raceNo=3&k_babaCode=21,data/cache/html/19811004_kawasaki_3.html
19811004_kawasaki_4,1981-10-04,kawasaki,4,https://www.keiba.go.jp/KeibaWeb/TodayRaceInfo/RaceMarkTable?k_raceDate=1981%2F10%2F04&k_raceNo=4&k_babaCode=21,data/cache/html/19811004_kawasaki_4.html
19811004_kawasaki_5,1981-10-04,kawasaki,5,https://www.keiba.go.jp/KeibaWeb/TodayRaceInfo/RaceMarkTable?k_raceDate=1981%2F10%2F04&k_raceNo=5&k_babaCode=21,data/cache/html/19811004_kawasaki_5.html
19811004_kawasaki_6,1981-10-04,kawasaki,6,https://www.keiba.go.jp/KeibaWeb/TodayRaceInfo/RaceMarkTable?k_raceDate=1981%2F10%2F04&k_raceNo=6&k_babaCode=21,data/cache/html/19811004_kawasaki_6.html
19811004_kawasaki_7,1981-10-04,kawasaki,7,https://www.keiba.go.jp/KeibaWeb/TodayRaceInfo/RaceMarkTable?k_raceDate=1981%2F10%2F04&k_raceNo=7&k_babaCode=21,data/cache/html/19811004_kawasaki_7.html
19811004_kawasaki_8,1981-10-04,kawasaki,8,https://www.keiba.go.jp/KeibaWeb/TodayRaceInfo/RaceMarkTable?k_raceDate=1981%2F10%2F04&k_raceNo=8&k_babaCode=21,data/cache/html/19811004_kawasaki_8.html
19811004_kawasaki_9,1981-10-04,kawasaki,9,https://www.keiba.go.jp/KeibaWeb/TodayRaceInfo/RaceMarkTable?k_raceDate=1981%2F10%2F04&k_raceNo=9&k_babaCode=21,data/cache/html/19811004_kawasaki_9.html
19811004_kawasaki_10,1981-10-04,kawasaki,10,https://www.keiba.go.jp/KeibaWeb/TodayRaceInfo/RaceMarkTable?k_raceDate=1981%2F10%2F04&k_raceNo=10&k_babaCode=21,data/cache/html/19811004_kawasaki_10.html
19811004_kawasaki_11,1981-10-04,kawasaki,11,https://www.keiba.go.jp/KeibaWeb/TodayRaceInfo/RaceMarkTable?k_raceDate=1981%2F10%2F04&k_raceNo=11&k_babaCode=21,data/cache/html/19811004_kawasaki_11.html
19811004_kawasaki_12,1981-10-04,kawasaki,12,https://www.keiba.go.jp/KeibaWeb/TodayRaceInfo/RaceMarkTable?k_raceDate=1981%2F10%2F04&k_raceNo=12&k_babaCode=21,data/cache/html/19811004_kawasaki_12.html
19811003_kawasaki_1,1981-10-03,kawasaki,1,https://www.keiba.go.jp/KeibaWeb/TodayRaceInfo/RaceMarkTable?k_raceDate=1981%2F10%2F03&k_raceNo=1&k_babaCode=21,data/cache/html/19811003_kawasaki_1.html
19811003_kawasaki_2,1981-10-03,kawasaki,2,https://www.keiba.go.jp/KeibaWeb/TodayRaceInfo/RaceMarkTable?k_raceDate=1981%2F10%2F03&k_raceNo=2&k_babaCode=21,data/cache/html/19811003_kawasaki_2.html
19811003_kawasaki_3,1981-10-03,kawasaki,3,https://www.keiba.go.jp/KeibaWeb/TodayRaceInfo/RaceMarkTable?k_raceDate=1981%2F10%2F03&k_raceNo=3&k_babaCode=21,data/cache/html/19811003_kawasaki_3.html
19811003_kawasaki_4,1981-10-03,kawasaki,4,https://www.keiba.go.jp/KeibaWeb/TodayRaceInfo/RaceMarkTable?k_raceDate=1981%2F10%2F03&k_raceNo=4&k_babaCode=21,data/cache/html/19811003_kawasaki_4.html
19811003_kawasaki_5,1981-10-03,kawasaki,5,https://www.keiba.go.jp/KeibaWeb/TodayRaceInfo/RaceMarkTable?k_raceDate=1981%2F10%2F03&k_raceNo=5&k_babaCode=21,data/cache/html/19811003_kawasaki_5.html
19811003_kawasaki_6,1981-10-03,kawasaki,6,https://www.keiba.go.jp/KeibaWeb/TodayRaceInfo/RaceMarkTable?k_raceDate=1981%2F10%2F03&k_raceNo=6&k_babaCode=21,data/cache/html/19811003_kawasaki_6.html
19811003_kawasaki_7,1981-10-03,kawasaki,7,https://www.keiba.go.jp/KeibaWeb/TodayRaceInfo/RaceMarkTable?k_raceDate=1981%2F10%2F03&k_raceNo=7&k_babaCode=21,data/cache/html/19811003_kawasaki_7.html
19811003_kawasaki_8,1981-10-03,kawasaki,8,https://www.keiba.go.jp/KeibaWeb/TodayRaceInfo/RaceMarkTable?k_raceDate=1981%2F10%2F03&k_raceNo=8&k_babaCode=21,data/cache/html/19811003_kawasaki_8.html
19811003_kawasaki_9,1981-10-03,kawasaki,9,https://www.keiba.go.jp/KeibaWeb/TodayRaceInfo/RaceMarkTable?k_raceDate=1981%2F10%2F03&k_raceNo=9&k_babaCode=21,data/cache/html/19811003_kawasaki_9.html
19811003_kawasaki_10,1981-10-03,kawasaki,10,https://www.keiba.go.jp/KeibaWeb/TodayRaceInfo/RaceMarkTable?k_raceDate=1981%2F10%2F03&k_raceNo=10&k_babaCode=21,data/cache/html/19811003_kawasaki_10.html
19811003_kawasaki_11,1981-10-03,kawasaki,11,https://www.keiba.go.jp/KeibaWeb/TodayRaceInfo/RaceMarkTable?k_raceDate=1981%2F10%2F03&k_raceNo=11&k_babaCode=21,data/cache/html/19811003_kawasaki_11.html
19811003_kawasaki_12,1981-10-03,kawasaki,12,https://www.keiba.go.jp/KeibaWeb/TodayRaceInfo/RaceMarkTable?k_raceDate=1981%2F10%2F03&k_raceNo=12&k_babaCode=21,data/cache/html/19811003_kawasaki_12.html
19811002_kawasaki_1,1981-10-02,kawasaki,1,https://www.keiba.go.jp/KeibaWeb/TodayRaceInfo/RaceMarkTable?k_raceDate=1981%2F10%2F02&k_raceNo=1&k_babaCode=21,data/cache/html/19811002_kawasaki_1.html
19811002_kawasaki_2,1981-10-02,kawasaki,2,https://www.keiba.go.jp/KeibaWeb/TodayRaceInfo/RaceMarkTable?k_raceDate=1981%2F10%2F02&k_raceNo=2&k_babaCode=21,data/cache/html/19811002_kawasaki_2.html
19811002_kawasaki_3,1981-10-02,kawasaki,3,https://www.keiba.go.jp/KeibaWeb/TodayRaceInfo/RaceMarkTable?k_raceDate=1981%2F10%2F02&k_raceNo=3&k_babaCode=21,data/cache/html/19811002_kawasaki_3.html
19811002_kawasaki_4,1981-10-02,kawasaki,4,https://www.keiba.go.jp/KeibaWeb/TodayRaceInfo/RaceMarkTable?k_raceDate=1981%2F10%2F02&k_raceNo=4&k_babaCode=21,data/cache/html/19811002_kawasaki_4.html
19811002_kawasaki_5,1981-10-02,kawasaki,5,https://www.keiba.go.jp/KeibaWeb/TodayRaceInfo/RaceMarkTable?k_raceDate=1981%2F10%2F02&k_raceNo=5&k_babaCode=21,data/cache/html/19811002_kawasaki_5.html
19811002_kawasaki_6,1981-10-02,kawasaki,6,https://www.keiba.go.jp/KeibaWeb/TodayRaceInfo/RaceMarkTable?k_raceDate=1981%2F10%2F02&k_raceNo=6&k_babaCode=21,data/cache/html/19811002_kawasaki_6.html
19811002_kawasaki_7,1981-10-02,kawasaki,7,https://www.keiba.go.jp/KeibaWeb/TodayRaceInfo/RaceMarkTable?k_raceDate=1981%2F10%2F02&k_raceNo=7&k_babaCode=21,data/cache/html/19811002_kawasaki_7.html
19811002_kawasaki_8,1981-10-02,kawasaki,8,https://www.keiba.go.jp/KeibaWeb/TodayRaceInfo/RaceMarkTable?k_raceDate=1981%2F10%2F02&k_raceNo=8&k_babaCode=21,data/cache/html/19811002_kawasaki_8.html
19811002_kawasaki_9,1981-10-02,kawasaki,9,https://www.keiba.go.jp/KeibaWeb/TodayRaceInfo/RaceMarkTable?k_raceDate=1981%2F10%2F02&k_raceNo=9&k_babaCode=21,data/cache/html/19811002_kawasaki_9.html
19811002_kawasaki_10,1981-10-02,kawasaki,10,https://www.keiba.go.jp/KeibaWeb/TodayRaceInfo/RaceMarkTable?k_raceDate=1981%2F10%2F02&k_raceNo=10&k_babaCode=21,data/cache/html/19811002_kawasaki_10.html
19811002_kawasaki_11,1981-10-02,kawasaki,11,https://www.keiba.go.jp/KeibaWeb/TodayRaceInfo/RaceMarkTable?k_raceDate=1981%2F10%2F02&k_raceNo=11&k_babaCode=21,data/cache/html/19811002_kawasaki_11.html
19811002_kawasaki_12,1981-10-02,kawasaki,12,https://www.keiba.go.jp/KeibaWeb/TodayRaceInfo/RaceMarkTable?k_raceDate=1981%2F10%2F02&k_raceNo=12&k_babaCode=21,data/cache/html/19811002_kawasaki_12.html
19811001_kawasaki_1,1981-10-01,kawasaki,1,https://www.keiba.go.jp/KeibaWeb/TodayRaceInfo/RaceMarkTable?k_raceDate=1981%2F10%2F01&k_raceNo=1&k_babaCode=21,data/cache/html/19811001_kawasaki_1.html
19811001_kawasaki_2,1981-10-01,kawasaki,2,https://www.keiba.go.jp/KeibaWeb/TodayRaceInfo/RaceMarkTable?k_raceDate=1981%2F10%2F01&k_raceNo=2&k_babaCode=21,data/cache/html/19811001_kawasaki_2.html
19811001_kawasaki_3,1981-10-01,kawasaki,3,https://www.keiba.go.jp/KeibaWeb/TodayRaceInfo/RaceMarkTable?k_raceDate=1981%2F10%2F01&k_raceNo=3&k_babaCode=21,data/cache/html/19811001_kawasaki_3.html
19811001_kawasaki_4,1981-10-01,kawasaki,4,https://www.keiba.go.jp/KeibaWeb/TodayRaceInfo/RaceMarkTable?k_raceDate=1981%2F10%2F01&k_raceNo=4&k_babaCode=21,data/cache/html/19811001_kawasaki_4.html
19811001_kawasaki_5,1981-10-01,kawasaki,5,https://www.keiba.go.jp/KeibaWeb/TodayRaceInfo/RaceMarkTable?k_raceDate=1981%2F10%2F01&k_raceNo=5&k_babaCode=21,data/cache/html/19811001_kawasaki_5.html
19811001_kawasaki_6,1981-10-01,kawasaki,6,https://www.keiba.go.jp/KeibaWeb/TodayRaceInfo/RaceMarkTable?k_raceDate=1981%2F10%2F01&k_raceNo=6&k_babaCode=21,data/cache/html/19811001_kawasaki_6.html
19811001_kawasaki_7,1981-10-01,kawasaki,7,https://www.keiba.go.jp/KeibaWeb/TodayRaceInfo/RaceMarkTable?k_raceDate=1981%2F10%2F01&k_raceNo=7&k_babaCode=21,data/cache/html/19811001_kawasaki_7.html
19811001_kawasaki_8,1981-10-01,kawasaki,8,https://www.keiba.go.jp/KeibaWeb/TodayRaceInfo/RaceMarkTable?k_raceDate=1981%2F10%2F01&k_raceNo=8&k_babaCode=21,data/cache/html/19811001_kawasaki_8.html
19811001_kawasaki_9,1981-10-01,kawasaki,9,https://www.keiba.go.jp/KeibaWeb/TodayRaceInfo/RaceMarkTable?k_raceDate=1981%2F10%2F01&k_raceNo=9&k_babaCode=21,data/cache/html/19811001_kawasaki_9.html
19811001_kawasaki_10,1981-10-01,kawasaki,10,https://www.keiba.go.jp/KeibaWeb/TodayRaceInfo/RaceMarkTable?k_raceDate=1981%2F10%2F01&k_raceNo=10&k_babaCode=21,data/cache/html/19811001_kawasaki_10.html
19811001_kawasaki_11,1981-10-01,kawasaki,11,https://www.keiba.go.jp/KeibaWeb/TodayRaceInfo/RaceMarkTable?k_raceDate=1981%2F10%2F01&k_raceNo=11&k_babaCode=21,data/cache/html/19811001_kawasaki_11.html
19811001_kawasaki_12,1981-10-01,kawasaki,12,https://www.keiba.go.jp/KeibaWeb/TodayRaceInfo/RaceMarkTable?k_raceDate=1981%2F10%2F01&k_raceNo=12&k_babaCode=21,data/cache/html/19811001_kawasaki_12.html
19810930_kawasaki_1,1981-09-30,kawasaki,1,https://www.keiba.go.jp/KeibaWeb/TodayRaceInfo/RaceMarkTable?k_raceDate=1981%2F09%2F30&k_raceNo=1&k_babaCode=21,data/cache/html/19810930_kawasaki_1.html
19810930_kawasaki_2,1981-09-30,kawasaki,2,https://www.keiba.go.jp/KeibaWeb/TodayRaceInfo/RaceMarkTable?k_raceDate=1981%2F09%2F30&k_raceNo=2&k_babaCode=21,data/cache/html/19810930_kawasaki_2.html
19810930_kawasaki_3,1981-09-30,kawasaki,3,https://www.keiba.go.jp/KeibaWeb/TodayRaceInfo/RaceMarkTable?k_raceDate=1981%2F09%2F30&k_raceNo=3&k_babaCode=21,data/cache/html/19810930_kawasaki_3.html
19810930_kawasaki_4,1981-09-30,kawasaki,4,https://www.keiba.go.jp/KeibaWeb/TodayRaceInfo/RaceMarkTable?k_raceDate=1981%2F09%2F30&k_raceNo=4&k_babaCode=21,data/cache/html/19810930_kawasaki_4.html
19810930_kawasaki_5,1981-09-30,kawasaki,5,https://www.keiba.go.jp/KeibaWeb/TodayRaceInfo/RaceMarkTable?k_raceDate=1981%2F09%2F30&k_raceNo=5&k_babaCode=21,data/cache/html/19810930_kawasaki_5.html
19810930_kawasaki_6,1981-09-30,kawasaki,6,https://www.keiba.go.jp/KeibaWeb/TodayRaceInfo/RaceMarkTable?k_raceDate=1981%2F09%2F30&k_raceNo=6&k_babaCode=21,data/cache/html/19810930_kawasaki_6.html
19810930_kawasaki_7,1981-09-30,kawasaki,7,https://www.keiba.go.jp/KeibaWeb/TodayRaceInfo/RaceMarkTable?k_raceDate=1981%2F09%2F30&k_raceNo=7&k_babaCode=21,data/cache/html/19810930_kawasaki_7.html
19810930_kawasaki_8,1981-09-30,kawasaki,8,https://www.keiba.go.jp/KeibaWeb/TodayRaceInfo/RaceMarkTable?k_raceDate=1981%2F09%2F30&k_raceNo=8&k_babaCode=21,data/cache/html/19810930_kawasaki_8.html
19810930_kawasaki_9,1981-09-30,kawasaki,9,https://www.keiba.go.jp/KeibaWeb/TodayRaceInfo/RaceMarkTable?k_raceDate=1981%2F09%2F30&k_raceNo=9&k_babaCode=21,data/cache/html/19810930_kawasaki_9.html
19810930_kawasaki_10,1981-09-30,kawasaki,10,https://www.keiba.go.jp/KeibaWeb/TodayRaceInfo/RaceMarkTable?k_raceDate=1981%2F09%2F30&k_raceNo=10&k_babaCode=21,data/cache/html/19810930_kawasaki_10.html
19810930_kawasaki_11,1981-09-30,kawasaki,11,https://www.keiba.go.jp/KeibaWeb/TodayRaceInfo/RaceMarkTable?k_raceDate=1981%2F09%2F30&k_raceNo=11&k_babaCode=21,data/cache/html/19810930_kawasaki_11.html
19810930_kawasaki_12,1981-09-30,kawasaki,12,https://www.keiba.go.jp/KeibaWeb/TodayRaceInfo/RaceMarkTable?k_raceDate=1981%2F09%2F30&k_raceNo=12&k_babaCode=21,data/cache/html/19810930_kawasaki_12.html
19810929_kawasaki_1,1981-09-29,kawasaki,1,https://www.keiba.go.jp/KeibaWeb/TodayRaceInfo/RaceMarkTable?k_raceDate=1981%2F09%2F29&k_raceNo=1&k_babaCode=21,data/cache/html/19810929_kawasaki_1.html
19810929_kawasaki_2,1981-09-29,kawasaki,2,https://www.keiba.go.jp/KeibaWeb/TodayRaceInfo/RaceMarkTable?k_raceDate=1981%2F09%2F29&k_raceNo=2&k_babaCode=21,data/cache/html/19810929_kawasaki_2.html
19810929_kawasaki_3,1981-09-29,kawasaki,3,https://www.keiba.go.jp/KeibaWeb/TodayRaceInfo/RaceMarkTable?k_raceDate=1981%2F09%2F29&k_raceNo=3&k_babaCode=21,data/cache/html/19810929_kawasaki_3.html
19810929_kawasaki_4,1981-09-29,kawasaki,4,https://www.keiba.go.jp/KeibaWeb/TodayRaceInfo/RaceMarkTable?k_raceDate=1981%2F09%2F29&k_raceNo=4&k_babaCode=21,data/cache/html/19810929_kawasaki_4.html
19810929_kawasaki_5,1981-09-29,kawasaki,5,https://www.keiba.go.jp/KeibaWeb/TodayRaceInfo/RaceMarkTable?k_raceDate=1981%2F09%2F29&k_raceNo=5&k_babaCode=21,data/cache/html/19810929_kawasaki_5.html
19810929_kawasaki_6,1981-09-29,kawasaki,6,https://www.keiba.go.jp/KeibaWeb/TodayRaceInfo/RaceMarkTable?k_raceDate=1981%2F09%2F29&k_raceNo=6&k_babaCode=21,data/cache/html/19810929_kawasaki_6.html
19810929_kawasaki_7,1981-09-29,kawasaki,7,https://www.keiba.go.jp/KeibaWeb/TodayRaceInfo/RaceMarkTable?k_raceDate=1981%2F09%2F29&k_raceNo=7&k_babaCode=21,data/cache/html/19810929_kawasaki_7.html
19810929_kawasaki_8,1981-09-29,kawasaki,8,https://www.keiba.go.jp/KeibaWeb/TodayRaceInfo/RaceMarkTable?k_raceDate=1981%2F09%2F29&k_raceNo=8&k_babaCode=21,data/cache/html/19810929_kawasaki_8.html
19810929_kawasaki_9,1981-09-29,kawasaki,9,https://www.keiba.go.jp/KeibaWeb/TodayRaceInfo/RaceMarkTable?k_raceDate=1981%2F09%2F29&k_raceNo=9&k_babaCode=21,data/cache/html/19810929_kawasaki_9.html
19810929_kawasaki_10,1981-09-29,kawasaki,10,https://www.keiba.go.jp/KeibaWeb/TodayRaceInfo/RaceMarkTable?k_raceDate=1981%2F09%2F29&k_raceNo=10&k_babaCode=21,data/cache/html/19810929_kawasaki_10.html
19810929_kawasaki_11,1981-09-29,kawasaki,11,https://www.keiba.go.jp/KeibaWeb/TodayRaceInfo/RaceMarkTable?k_raceDate=1981%2F09%2F29&k_raceNo=11&k_babaCode=21,data/cache/html/19810929_kawasaki_11.html
19810929_kawasaki_12,1981-09-29,kawasaki,12,https://www.keiba.go.jp/KeibaWeb/TodayRaceInfo/RaceMarkTable?k_raceDate=1981%2F09%2F29&k_raceNo=12&k_babaCode=21,data/cache/html/19810929_kawasaki_12.html
19810928_kawasaki_1,1981-09-28,kawasaki,1,https://www.keiba.go.jp/KeibaWeb/TodayRaceInfo/RaceMarkTable?k_raceDate=1981%2F09%2F28&k_raceNo=1&k_babaCode=21,data/cache/html/19810928_kawasaki_1.html
19810928_kawasaki_2,1981-09-28,kawasaki,2,https://www.keiba.go.jp/KeibaWeb/TodayRaceInfo/RaceMarkTable?k_raceDate=1981%2F09%2F28&k_raceNo=2&k_babaCode=21,data/cache/html/19810928_kawasaki_2.html
19810928_kawasaki_3,1981-09-28,kawasaki,3,https://www.keiba.go.jp/KeibaWeb/TodayRaceInfo/RaceMarkTable?k_raceDate=1981%2F09%2F28&k_raceNo=3&k_babaCode=21,data/cache/html/19810928_kawasaki_3.html
19810928_kawasaki_4,1981-09-28,kawasaki,4,https://www.keiba.go.jp/KeibaWeb/TodayRaceInfo/RaceMarkTable?k_raceDate=1981%2F09%2F28&k_raceNo=4&k_babaCode=21,data/cache/html/19810928_kawasaki_4.html
19810928_kawasaki_5,1981-09-28,kawasaki,5,https://www.keiba.go.jp/KeibaWeb/TodayRaceInfo/RaceMarkTable?k_raceDate=1981%2F09%2F28&k_raceNo=5&k_babaCode=21,data/cache/html/19810928_kawasaki_5.html
19810928_kawasaki_6,1981-09-28,kawasaki,6,https://www.keiba.go.jp/KeibaWeb/TodayRaceInfo/RaceMarkTable?k_raceDate=1981%2F09%2F28&k_raceNo=6&k_babaCode=21,data/cache/html/19810928_kawasaki_6.html
19810928_kawasaki_7,1981-09-28,kawasaki,7,https://www.keiba.go.jp/KeibaWeb/TodayRaceInfo/RaceMarkTable?k_raceDate=1981%2F09%2F28&k_raceNo=7&k_babaCode=21,data/cache/html/19810928_kawasaki_7.html
19810928_kawasaki_8,1981-09-28,kawasaki,8,https://www.keiba.go.jp/KeibaWeb/TodayRaceInfo/RaceMarkTable?k_raceDate=1981%2F09%2F28&k_raceNo=8&k_babaCode=21,data/cache/html/19810928_kawasaki_8.html
19810928_kawasaki_9,1981-09-28,kawasaki,9,https://www.keiba.go.jp/KeibaWeb/TodayRaceInfo/RaceMarkTable?k_raceDate=1981%2F09%2F28&k_raceNo=9&k_babaCode=21,data/cache/html/19810928_kawasaki_9.html
19810928_kawasaki_10,1981-09-28,kawasaki,10,https://www.keiba.go.jp/KeibaWeb/TodayRaceInfo/RaceMarkTable?k_raceDate=1981%2F09%2F28&k_raceNo=10&k_babaCode=21,data/cache/html/19810928_kawasaki_10.html
19810928_kawasaki_11,1981-09-28,kawasaki,11,https://www.keiba.go.jp/KeibaWeb/TodayRaceInfo/RaceMarkTable?k_raceDate=1981%2F09%2F28&k_raceNo=11&k_babaCode=21,data/cache/html/19810928_kawasaki_11.html
19810928_kawasaki_12,1981-09-28,kawasaki,12,https://www.keiba.go.jp/KeibaWeb/TodayRaceInfo/RaceMarkTable?k_raceDate=1981%2F09%2F28&k_raceNo=12&k_babaCode=21,data/cache/html/19810928_kawasaki_12.html
19810927_kawasaki_1,1981-09-27,kawasaki,1,https://www.keiba.go.jp/KeibaWeb/TodayRaceInfo/RaceMarkTable?k_raceDate=1981%2F09%2F27&k_raceNo=1&k_babaCode=21,data/cache/html/19810927_kawasaki_1.html
19810927_kawasaki_2,1981-09-27,kawasaki,2,https://www.keiba.go.jp/KeibaWeb/TodayRaceInfo/RaceMarkTable?k_raceDate=1981%2F09%2F27&k_raceNo=2&k_babaCode=21,data/cache/html/19810927_kawasaki_2.html
19810927_kawasaki_3,1981-09-27,kawasaki,3,https://www.keiba.go.jp/KeibaWeb/TodayRaceInfo/RaceMarkTable?k_raceDate=1981%2F09%2F27&k_raceNo=3&k_babaCode=21,data/cache/html/19810927_kawasaki_3.html
19810927_kawasaki_4,1981-09-27,kawasaki,4,https://www.keiba.go.jp/KeibaWeb/TodayRaceInfo/RaceMarkTable?k_raceDate=1981%2F09%2F27&k_raceNo=4&k_babaCode=21,data/cache/html/19810927_kawasaki_4.html
19810927_kawasaki_5,1981-09-27,kawasaki,5,https://www.keiba.go.jp/KeibaWeb/TodayRaceInfo/RaceMarkTable?k_raceDate=1981%2F09%2F27&k_raceNo=5&k_babaCode=21,data/cache/html/19810927_kawasaki_5.html
19810927_kawasaki_6,1981-09-27,kawasaki,6,https://www.keiba.go.jp/KeibaWeb/TodayRaceInfo/RaceMarkTable?k_raceDate=1981%2F09%2F27&k_raceNo=6&k_babaCode=21,data/cache/html/19810927_kawasaki_6.html
19810927_kawasaki_7,1981-09-27,kawasaki,7,https://www.keiba.go.jp/KeibaWeb/TodayRaceInfo/RaceMarkTable?k_raceDate=1981%2F09%2F27&k_raceNo=7&k_babaCode=21,data/cache/html/19810927_kawasaki_7.html
19810927_kawasaki_8,1981-09-27,kawasaki,8,https://www.keiba.go.jp/KeibaWeb/TodayRaceInfo/RaceMarkTable?k_raceDate=1981%2F09%2F27&k_raceNo=8&k_babaCode=21,data/cache/html/19810927_kawasaki_8.html
19810927_kawasaki_9,1981-09-27,kawasaki,9,https://www.keiba.go.jp/KeibaWeb/TodayRaceInfo/RaceMarkTable?k_raceDate=1981%2F09%2F27&k_raceNo=9&k_babaCode=21,data/cache/html/19810927_kawasaki_9.html
19810927_kawasaki_10,1981-09-27,kawasaki,10,https://www.keiba.go.jp/KeibaWeb/TodayRaceInfo/RaceMarkTable?k_raceDate=1981%2F09%2F27&k_raceNo=10&k_babaCode=21,data/cache/html/19810927_kawasaki_10.html
19810927_kawasaki_11,1981-09-27,kawasaki,11,https://www.keiba.go.jp/KeibaWeb/TodayRaceInfo/RaceMarkTable?k_raceDate=1981%2F09%2F27&k_raceNo=11&k_babaCode=21,data/cache/html/19810927_kawasaki_11.html
19810927_kawasaki_12,1981-09-27,kawasaki,12,https://www.keiba.go.jp/KeibaWeb/TodayRaceInfo/RaceMarkTable?k_raceDate=1981%2F09%2F27&k_raceNo=12&k_babaCode=21,data/cache/html/19810927_kawasaki_12.html
19810926_kawasaki_1,1981-09-26,kawasaki,1,https://www.keiba.go.jp/KeibaWeb/TodayRaceInfo/RaceMarkTable?k_raceDate=1981%2F09%2F26&k_raceNo=1&k_babaCode=21,data/cache/html/19810926_kawasaki_1.html
19810926_kawasaki_2,1981-09-26,kawasaki,2,https://www.keiba.go.jp/KeibaWeb/TodayRaceInfo/RaceMarkTable?k_raceDate=1981%2F09%2F26&k_raceNo=2&k_babaCode=21,data/cache/html/19810926_kawasaki_2.html
19810926_kawasaki_3,1981-09-26,kawasaki,3,https://www.keiba.go.jp/KeibaWeb/TodayRaceInfo/RaceMarkTable?k_raceDate=1981%2F09%2F26&k_raceNo=3&k_babaCode=21,data/cache/html/19810926_kawasaki_3.html
19810926_kawasaki_4,1981-09-26,kawasaki,4,https://www.keiba.go.jp/KeibaWeb/TodayRaceInfo/RaceMarkTable?k_raceDate=1981%2F09%2F26&k_raceNo=4&k_babaCode=21,data/cache/html/19810926_kawasaki_4.html
19810926_kawasaki_5,1981-09-26,kawasaki,5,https://www.keiba.go.jp/KeibaWeb/TodayRaceInfo/RaceMarkTable?k_raceDate=1981%2F09%2F26&k_raceNo=5&k_babaCode=21,data/cache/html/19810926_kawasaki_5.html
19810926_kawasaki_6,1981-09-26,kawasaki,6,https://www.keiba.go.jp/KeibaWeb/TodayRaceInfo/RaceMarkTable?k_raceDate=1981%2F09%2F26&k_raceNo=6&k_babaCode=21,data/cache/html/19810926_kawasaki_6.html
19810926_kawasaki_7,1981-09-26,kawasaki,7,https://www.keiba.go.jp/KeibaWeb/TodayRaceInfo/RaceMarkTable?k_raceDate=1981%2F09%2F26&k_raceNo=7&k_babaCode=21,data/cache/html/19810926_kawasaki_7.html
19810926_kawasaki_8,1981-09-26,kawasaki,8,https://www.keiba.go.jp/KeibaWeb/TodayRaceInfo/RaceMarkTable?k_raceDate=1981%2F09%2F26&k_raceNo=8&k_babaCode=21,data/cache/html/19810926_kawasaki_8.html
19810926_kawasaki_9,1981-09-26,kawasaki,9,https://www.keiba.go.jp/KeibaWeb/TodayRaceInfo/RaceMarkTable?k_raceDate=1981%2F09%2F26&k_raceNo=9&k_babaCode=21,data/cache/html/19810926_kawasaki_9.html
19810926_kawasaki_10,1981-09-26,kawasaki,10,https://www.keiba.go.jp/KeibaWeb/TodayRaceInfo/RaceMarkTable?k_raceDate=1981%2F09%2F26&k_raceNo=10&k_babaCode=21,data/cache/html/19810926_kawasaki_10.html
19810926_kawasaki_11,1981-09-26,kawasaki,11,https://www.keiba.go.jp/KeibaWeb/TodayRaceInfo/RaceMarkTable?k_raceDate=1981%2F09%2F26&k_raceNo=11&k_babaCode=21,data/cache/html/19810926_kawasaki_11.html
19810926_kawasaki_12,1981-09-26,kawasaki,12,https://www.keiba.go.jp/KeibaWeb/TodayRaceInfo/RaceMarkTable?k_raceDate=1981%2F09%2F26&k_raceNo=12&k_babaCode=21,data/cache/html/19810926_kawasaki_12.html
19810925_kawasaki_1,1981-09-25,kawasaki,1,https://www.keiba.go.jp/KeibaWeb/TodayRaceInfo/RaceMarkTable?k_raceDate=1981%2F09%2F25&k_raceNo=1&k_babaCode=21,data/cache/html/19810925_kawasaki_1.html
19810925_kawasaki_2,1981-09-25,kawasaki,2,https://www.keiba.go.jp/KeibaWeb/TodayRaceInfo/RaceMarkTable?k_raceDate=1981%2F09%2F25&k_raceNo=2&k_babaCode=21,data/cache/html/19810925_kawasaki_2.html
19810925_kawasaki_3,1981-09-25,kawasaki,3,https://www.keiba.go.jp/KeibaWeb/TodayRaceInfo/RaceMarkTable?k_raceDate=1981%2F09%2F25&k_raceNo=3&k_babaCode=21,data/cache/html/19810925_kawasaki_3.html
19810925_kawasaki_4,1981-09-25,kawasaki,4,https://www.keiba.go.jp/KeibaWeb/TodayRaceInfo/RaceMarkTable?k_raceDate=1981%2F09%2F25&k_raceNo=4&k_babaCode=21,data/cache/html/19810925_kawasaki_4.html
19810925_kawasaki_5,1981-09-25,kawasaki,5,https://www.keiba.go.jp/KeibaWeb/TodayRaceInfo/RaceMarkTable?k_raceDate=1981%2F09%2F25&k_raceNo=5&k_babaCode=21,data/cache/html/19810925_kawasaki_5.html
19810925_kawasaki_6,1981-09-25,kawasaki,6,https://www.keiba.go.jp/KeibaWeb/TodayRaceInfo/RaceMarkTable?k_raceDate=1981%2F09%2F25&k_raceNo=6&k_babaCode=21,data/cache/html/19810925_kawasaki_6.html
19810925_kawasaki_7,1981-09-25,kawasaki,7,https://www.keiba.go.jp/KeibaWeb/TodayRaceInfo/RaceMarkTable?k_raceDate=1981%2F09%2F25&k_raceNo=7&k_babaCode=21,data/cache/html/19810925_kawasaki_7.html
19810925_kawasaki_8,1981-09-25,kawasaki,8,https://www.keiba.go.jp/KeibaWeb/TodayRaceInfo/RaceMarkTable?k_raceDate=1981%2F09%2F25&k_raceNo=8&k_babaCode=21,data/cache/html/19810925_kawasaki_8.html
19810925_kawasaki_9,1981-09-25,kawasaki,9,https://www.keiba.go.jp/KeibaWeb/TodayRaceInfo/RaceMarkTable?k_raceDate=1981%2F09%2F25&k_raceNo=9&k_babaCode=21,data/cache/html/19810925_kawasaki_9.html
19810925_kawasaki_10,1981-09-25,kawasaki,10,https://www.keiba.go.jp/KeibaWeb/TodayRaceInfo/RaceMarkTable?k_raceDate=1981%2F09%2F25&k_raceNo=10&k_babaCode=21,data/cache/html/19810925_kawasaki_10.html
19810925_kawasaki_11,1981-09-25,kawasaki,11,https://www.keiba.go.jp/KeibaWeb/TodayRaceInfo/RaceMarkTable?k_raceDate=1981%2F09%2F25&k_raceNo=11&k_babaCode=21,data/cache/html/19810925_kawasaki_11.html
19810925_kawasaki_12,1981-09-25,kawasaki,12,https://www.keiba.go.jp/KeibaWeb/TodayRaceInfo/RaceMarkTable?k_raceDate=1981%2F09%2F25&k_raceNo=12&k_babaCode=21,data/cache/html/19810925_kawasaki_12.html
19810924_kawasaki_1,1981-09-24,kawasaki,1,https://www.keiba.go.jp/KeibaWeb/TodayRaceInfo/RaceMarkTable?k_raceDate=1981%2F09%2F24&k_raceNo=1&k_babaCode=21,data/cache/html/19810924_kawasaki_1.html
19810924_kawasaki_2,1981-09-24,kawasaki,2,https://www.keiba.go.jp/KeibaWeb/TodayRaceInfo/RaceMarkTable?k_raceDate=1981%2F09%2F24&k_raceNo=2&k_babaCode=21,data/cache/html/19810924_kawasaki_2.html
19810924_kawasaki_3,1981-09-24,kawasaki,3,https://www.keiba.go.jp/KeibaWeb/TodayRaceInfo/RaceMarkTable?k_raceDate=1981%2F09%2F24&k_raceNo=3&k_babaCode=21,data/cache/html/19810924_kawasaki_3.html
19810924_kawasaki_4,1981-09-24,kawasaki,4,https://www.keiba.go.jp/KeibaWeb/TodayRaceInfo/RaceMarkTable?k_raceDate=1981%2F09%2F24&k_raceNo=4&k_babaCode=21,data/cache/html/19810924_kawasaki_4.html
19810924_kawasaki_5,1981-09-24,kawasaki,5,https://www.keiba.go.jp/KeibaWeb/TodayRaceInfo/RaceMarkTable?k_raceDate=1981%2F09%2F24&k_raceNo=5&k_babaCode=21,data/cache/html/19810924_kawasaki_5.html
19810924_kawasaki_6,1981-09-24,kawasaki,6,https://www.keiba.go.jp/KeibaWeb/TodayRaceInfo/RaceMarkTable?k_raceDate=1981%2F09%2F24&k_raceNo=6&k_babaCode=21,data/cache/html/19810924_kawasaki_6.html
19810924_kawasaki_7,1981-09-24,kawasaki,7,https://www.keiba.go.jp/KeibaWeb/TodayRaceInfo/RaceMarkTable?k_raceDate=1981%2F09%2F24&k_raceNo=7&k_babaCode=21,data/cache/html/19810924_kawasaki_7.html
19810924_kawasaki_8,1981-09-24,kawasaki,8,https://www.keiba.go.jp/KeibaWeb/TodayRaceInfo/RaceMarkTable?k_raceDate=1981%2F09%2F24&k_raceNo=8&k_babaCode=21,data/cache/html/19810924_kawasaki_8.html
19810924_kawasaki_9,1981-09-24,kawasaki,9,https://www.keiba.go.jp/KeibaWeb/TodayRaceInfo/RaceMarkTable?k_raceDate=1981%2F09%2F24&k_raceNo=9&k_babaCode=21,data/cache/html/19810924_kawasaki_9.html
19810924_kawasaki_10,1981-09-24,kawasaki,10,https://www.keiba.go.jp/KeibaWeb/TodayRaceInfo/RaceMarkTable?k_raceDate=1981%2F09%2F24&k_raceNo=10&k_babaCode=21,data/cache/html/19810924_kawasaki_10.html
19810924_kawasaki_11,1981-09-24,kawasaki,11,https://www.keiba.go.jp/KeibaWeb/TodayRaceInfo/RaceMarkTable?k_raceDate=1981%2F09%2F24&k_raceNo=11&k_babaCode=21,data/cache/html/19810924_kawasaki_11.html
19810924_kawasaki_12,1981-09-24,kawasaki,12,https://www.keiba.go.jp/KeibaWeb/TodayRaceInfo/RaceMarkTable?k_raceDate=1981%2F09%2F24&k_raceNo=12&k_babaCode=21,data/cache/html/19810924_kawasaki_12.html
19810923_kawasaki_1,1981-09-23,kawasaki,1,https://www.keiba.go.jp/KeibaWeb/TodayRaceInfo/RaceMarkTable?k_raceDate=1981%2F09%2F23&k_raceNo=1&k_babaCode=21,data/cache/html/19810923_kawasaki_1.html
19810923_kawasaki_2,1981-09-23,kawasaki,2,https://www.keiba.go.jp/KeibaWeb/TodayRaceInfo/RaceMarkTable?k_raceDate=1981%2F09%2F23&k_raceNo=2&k_babaCode=21,data/cache/html/19810923_kawasaki_2.html
19810923_kawasaki_3,1981-09-23,kawasaki,3,https://www.keiba.go.jp/KeibaWeb/TodayRaceInfo/RaceMarkTable?k_raceDate=1981%2F09%2F23&k_raceNo=3&k_babaCode=21,data/cache/html/19810923_kawasaki_3.html
19810923_kawasaki_4,1981-09-23,kawasaki,4,https://www.keiba.go.jp/KeibaWeb/TodayRaceInfo/RaceMarkTable?k_raceDate=1981%2F09%2F23&k_raceNo=4&k_babaCode=21,data/cache/html/19810923_kawasaki_4.html
19810923_kawasaki_5,1981-09-23,kawasaki,5,https://www.keiba.go.jp/KeibaWeb/TodayRaceInfo/RaceMarkTable?k_raceDate=1981%2F09%2F23&k_raceNo=5&k_babaCode=21,data/cache/html/19810923_kawasaki_5.html
19810923_kawasaki_6,1981-09-23,kawasaki,6,https://www.keiba.go.jp/KeibaWeb/TodayRaceInfo/RaceMarkTable?k_raceDate=1981%2F09%2F23&k_raceNo=6&k_babaCode=21,data/cache/html/19810923_kawasaki_6.html
19810923_kawasaki_7,1981-09-23,kawasaki,7,https://www.keiba.go.jp/KeibaWeb/TodayRaceInfo/RaceMarkTable?k_raceDate=1981%2F09%2F23&k_raceNo=7&k_babaCode=21,data/cache/html/19810923_kawasaki_7.html
19810923_kawasaki_8,1981-09-23,kawasaki,8,https://www.keiba.go.jp/KeibaWeb/TodayRaceInfo/RaceMarkTable?k_raceDate=1981%2F09%2F23&k_raceNo=8&k_babaCode=21,data/cache/html/19810923_kawasaki_8.html
19810923_kawasaki_9,1981-09-23,kawasaki,9,https://www.keiba.go.jp/KeibaWeb/TodayRaceInfo/RaceMarkTable?k_raceDate=1981%2F09%2F23&k_raceNo=9&k_babaCode=21,data/cache/html/19810923_kawasaki_9.html
19810923_kawasaki_10,1981-09-23,kawasaki,10,https://www.keiba.go.jp/KeibaWeb/TodayRaceInfo/RaceMarkTable?k_raceDate=1981%2F09%2F23&k_raceNo=10&k_babaCode=21,data/cache/html/19810923_kawasaki_10.html
19810923_kawasaki_11,1981-09-23,kawasaki,11,https://www.keiba.go.jp/KeibaWeb/TodayRaceInfo/RaceMarkTable?k_raceDate=1981%2F09%2F23&k_raceNo=11&k_babaCode=21,data/cache/html/19810923_kawasaki_11.html
19810923_kawasaki_12,1981-09-23,kawasaki,12,https://www.keiba.go.jp/KeibaWeb/TodayRaceInfo/RaceMarkTable?k_raceDate=1981%2F09%2F23&k_raceNo=12&k_babaCode=21,data/cache/html/19810923_kawasaki_12.html
19810922_kawasaki_1,1981-09-22,kawasaki,1,https://www.keiba.go.jp/KeibaWeb/TodayRaceInfo/RaceMarkTable?k_raceDate=1981%2F09%2F22&k_raceNo=1&k_babaCode=21,data/cache/html/19810922_kawasaki_1.html
19810922_kawasaki_2,1981-09-22,kawasaki,2,https://www.keiba.go.jp/KeibaWeb/TodayRaceInfo/RaceMarkTable?k_raceDate=1981%2F09%2F22&k_raceNo=2&k_babaCode=21,data/cache/html/19810922_kawasaki_2.html
19810922_kawasaki_3,1981-09-22,kawasaki,3,https://www.keiba.go.jp/KeibaWeb/TodayRaceInfo/RaceMarkTable?k_raceDate=1981%2F09%2F22&k_raceNo=3&k_babaCode=21,data/cache/html/19810922_kawasaki_3.html
19810922_kawasaki_4,1981-09-22,kawasaki,4,https://www.keiba.go.jp/KeibaWeb/TodayRaceInfo/RaceMarkTable?k_raceDate=1981%2F09%2F22&k_raceNo=4&k_babaCode=21,data/cache/html/19810922_kawasaki_4.html
19810922_kawasaki_5,1981-09-22,kawasaki,5,https://www.keiba.go.jp/KeibaWeb/TodayRaceInfo/RaceMarkTable?k_raceDate=1981%2F09%2F22&k_raceNo=5&k_babaCode=21,data/cache/html/19810922_kawasaki_5.html
19810922_kawasaki_6,1981-09-22,kawasaki,6,https://www.keiba.go.jp/KeibaWeb/TodayRaceInfo/RaceMarkTable?k_raceDate=1981%2F09%2F22&k_raceNo=6&k_babaCode=21,data/cache/html/19810922_kawasaki_6.html
19810922_kawasaki_7,1981-09-22,kawasaki,7,https://www.keiba.go.jp/KeibaWeb/TodayRaceInfo/RaceMarkTable?k_raceDate=1981%2F09%2F22&k_raceNo=7&k_babaCode=21,data/cache/html/19810922_kawasaki_7.html
19810922_kawasaki_8,1981-09-22,kawasaki,8,https://www.keiba.go.jp/KeibaWeb/TodayRaceInfo/RaceMarkTable?k_raceDate=1981%2F09%2F22&k_raceNo=8&k_babaCode=21,data/cache/html/19810922_kawasaki_8.html
19810922_kawasaki_9,1981-09-22,kawasaki,9,https://www.keiba.go.jp/KeibaWeb/TodayRaceInfo/RaceMarkTable?k_raceDate=1981%2F09%2F22&k_raceNo=9&k_babaCode=21,data/cache/html/19810922_kawasaki_9.html
19810922_kawasaki_10,1981-09-22,kawasaki,10,https://www.keiba.go.jp/KeibaWeb/TodayRaceInfo/RaceMarkTable?k_raceDate=1981%2F09%2F22&k_raceNo=10&k_babaCode=21,data/cache/html/19810922_kawasaki_10.html
19810922_kawasaki_11,1981-09-22,kawasaki,11,https://www.keiba.go.jp/KeibaWeb/TodayRaceInfo/RaceMarkTable?k_raceDate=1981%2F09%2F22&k_raceNo=11&k_babaCode=21,data/cache/html/19810922_kawasaki_11.html
19810922_kawasaki_12,1981-09-22,kawasaki,12,https://www.keiba.go.jp/KeibaWeb/TodayRaceInfo/RaceMarkTable?k_raceDate=1981%2F09%2F22&k_raceNo=12&k_babaCode=21,data/cache/html/19810922_kawasaki_12.html
19810921_kawasaki_1,1981-09-21,kawasaki,1,https://www.keiba.go.jp/KeibaWeb/TodayRaceInfo/RaceMarkTable?k_raceDate=1981%2F09%2F21&k_raceNo=1&k_babaCode=21,data/cache/html/19810921_kawasaki_1.html
19810921_kawasaki_2,1981-09-21,kawasaki,2,https://www.keiba.go.jp/KeibaWeb/TodayRaceInfo/RaceMarkTable?k_raceDate=1981%2F09%2F21&k_raceNo=2&k_babaCode=21,data/cache/html/19810921_kawasaki_2.html
19810921_kawasaki_3,1981-09-21,kawasaki,3,https://www.keiba.go.jp/KeibaWeb/TodayRaceInfo/RaceMarkTable?k_raceDate=1981%2F09%2F21&k_raceNo=3&k_babaCode=21,data/cache/html/19810921_kawasaki_3.html
19810921_kawasaki_4,1981-09-21,kawasaki,4,https://www.keiba.go.jp/KeibaWeb/TodayRaceInfo/RaceMarkTable?k_raceDate=1981%2F09%2F21&k_raceNo=4&k_babaCode=21,data/cache/html/19810921_kawasaki_4.html
19810921_kawasaki_5,1981-09-21,kawasaki,5,https://www.keiba.go.jp/KeibaWeb/TodayRaceInfo/RaceMarkTable?k_raceDate=1981%2F09%2F21&k_raceNo=5&k_babaCode=21,data/cache/html/19810921_kawasaki_5.html
19810921_kawasaki_6,1981-09-21,kawasaki,6,https://www.keiba.go.jp/KeibaWeb/TodayRaceInfo/RaceMarkTable?k_raceDate=1981%2F09%2F21&k_raceNo=6&k_babaCode=21,data/cache/html/19810921_kawasaki_6.html
19810921_kawasaki_7,1981-09-21,kawasaki,7,https://www.keiba.go.jp/KeibaWeb/TodayRaceInfo/RaceMarkTable?k_raceDate=1981%2F09%2F21&k_raceNo=7&k_babaCode=21,data/cache/html/19810921_kawasaki_7.html
19810921_kawasaki_8,1981-09-21,kawasaki,8,https://www.keiba.go.jp/KeibaWeb/TodayRaceInfo/RaceMarkTable?k_raceDate=1981%2F09%2F21&k_raceNo=8&k_babaCode=21,data/cache/html/19810921_kawasaki_8.html
19810921_kawasaki_9,1981-09-21,kawasaki,9,https://www.keiba.go.jp/KeibaWeb/TodayRaceInfo/RaceMarkTable?k_raceDate=1981%2F09%2F21&k_raceNo=9&k_babaCode=21,data/cache/html/19810921_kawasaki_9.html
19810921_kawasaki_10,1981-09-21,kawasaki,10,https://www.keiba.go.jp/KeibaWeb/TodayRaceInfo/RaceMarkTable?k_raceDate=1981%2F09%2F21&k_raceNo=10&k_babaCode=21,data/cache/html/19810921_kawasaki_10.html
19810921_kawasaki_11,1981-09-21,kawasaki,11,https://www.keiba.go.jp/KeibaWeb/TodayRaceInfo/RaceMarkTable?k_raceDate=1981%2F09%2F21&k_raceNo=11&k_babaCode=21,data/cache/html/19810921_kawasaki_11.html
19810921_kawasaki_12,1981-09-21,kawasaki,12,https://www.keiba.go.jp/KeibaWeb/TodayRaceInfo/RaceMarkTable?k_raceDate=1981%2F09%2F21&k_raceNo=12&k_babaCode=21,data/cache/html/19810921_kawasaki_12.html
19810920_kawasaki_1,1981-09-20,kawasaki,1,https://www.keiba.go.jp/KeibaWeb/TodayRaceInfo/RaceMarkTable?k_raceDate=1981%2F09%2F20&k_raceNo=1&k_babaCode=21,data/cache/html/19810920_kawasaki_1.html
19810920_kawasaki_2,1981-09-20,kawasaki,2,https://www.keiba.go.jp/KeibaWeb/TodayRaceInfo/RaceMarkTable?k_raceDate=1981%2F09%2F20&k_raceNo=2&k_babaCode=21,data/cache/html/19810920_kawasaki_2.html
19810920_kawasaki_3,1981-09-20,kawasaki,3,https://www.keiba.go.jp/KeibaWeb/TodayRaceInfo/RaceMarkTable?k_raceDate=1981%2F09%2F20&k_raceNo=3&k_babaCode=21,data/cache/html/19810920_kawasaki_3.html
19810920_kawasaki_4,1981-09-20,kawasaki,4,https://www.keiba.go.jp/KeibaWeb/TodayRaceInfo/RaceMarkTable?k_raceDate=1981%2F09%2F20&k_raceNo=4&k_babaCode=21,data/cache/html/19810920_kawasaki_4.html
19810920_kawasaki_5,1981-09-20,kawasaki,5,https://www.keiba.go.jp/KeibaWeb/TodayRaceInfo/RaceMarkTable?k_raceDate=1981%2F09%2F20&k_raceNo=5&k_babaCode=21,data/cache/html/19810920_kawasaki_5.html
19810920_kawasaki_6,1981-09-20,kawasaki,6,https://www.keiba.go.jp/KeibaWeb/TodayRaceInfo/RaceMarkTable?k_raceDate=1981%2F09%2F20&k_raceNo=6&k_babaCode=21,data/cache/html/19810920_kawasaki_6.html
19810920_kawasaki_7,1981-09-20,kawasaki,7,https://www.keiba.go.jp/KeibaWeb/TodayRaceInfo/RaceMarkTable?k_raceDate=1981%2F09%2F20&k_raceNo=7&k_babaCode=21,data/cache/html/19810920_kawasaki_7.html
19810920_kawasaki_8,1981-09-20,kawasaki,8,https://www.keiba.go.jp/KeibaWeb/TodayRaceInfo/RaceMarkTable?k_raceDate=1981%2F09%2F20&k_raceNo=8&k_babaCode=21,data/cache/html/19810920_kawasaki_8.html
19810920_kawasaki_9,1981-09-20,kawasaki,9,https://www.keiba.go.jp/KeibaWeb/TodayRaceInfo/RaceMarkTable?k_raceDate=1981%2F09%2F20&k_raceNo=9&k_babaCode=21,data/cache/html/19810920_kawasaki_9.html
19810920_kawasaki_10,1981-09-20,kawasaki,10,https://www.keiba.go.jp/KeibaWeb/TodayRaceInfo/RaceMarkTable?k_raceDate=1981%2F09%2F20&k_raceNo=10&k_babaCode=21,data/cache/html/19810920_kawasaki_10.html
19810920_kawasaki_11,1981-09-20,kawasaki,11,https://www.keiba.go.jp/KeibaWeb/TodayRaceInfo/RaceMarkTable?k_raceDate=1981%2F09%2F20&k_raceNo=11&k_babaCode=21,data/cache/html/19810920_kawasaki_11.html
19810920_kawasaki_12,1981-09-20,kawasaki,12,https://www.keiba.go.jp/KeibaWeb/TodayRaceInfo/RaceMarkTable?k_raceDate=1981%2F09%2F20&k_raceNo=12&k_babaCode=21,data/cache/html/19810920_kawasaki_12.html
19810919_kawasaki_1,1981-09-19,kawasaki,1,https://www.keiba.go.jp/KeibaWeb/TodayRaceInfo/RaceMarkTable?k_raceDate=1981%2F09%2F19&k_raceNo=1&k_babaCode=21,data/cache/html/19810919_kawasaki_1.html
19810919_kawasaki_2,1981-09-19,kawasaki,2,https://www.keiba.go.jp/KeibaWeb/TodayRaceInfo/RaceMarkTable?k_raceDate=1981%2F09%2F19&k_raceNo=2&k_babaCode=21,data/cache/html/19810919_kawasaki_2.html
19810919_kawasaki_3,1981-09-19,kawasaki,3,https://www.keiba.go.jp/KeibaWeb/TodayRaceInfo/RaceMarkTable?k_raceDate=1981%2F09%2F19&k_raceNo=3&k_babaCode=21,data/cache/html/19810919_kawasaki_3.html
19810919_kawasaki_4,1981-09-19,kawasaki,4,https://www.keiba.go.jp/KeibaWeb/TodayRaceInfo/RaceMarkTable?k_raceDate=1981%2F09%2F19&k_raceNo=4&k_babaCode=21,data/cache/html/19810919_kawasaki_4.html
19810919_kawasaki_5,1981-09-19,kawasaki,5,https://www.keiba.go.jp/KeibaWeb/TodayRaceInfo/RaceMarkTable?k_raceDate=1981%2F09%2F19&k_raceNo=5&k_babaCode=21,data/cache/html/19810919_kawasaki_5.html
19810919_kawasaki_6,1981-09-19,kawasaki,6,https://www.keiba.go.jp/KeibaWeb/TodayRaceInfo/RaceMarkTable?k_raceDate=1981%2F09%2F19&k_raceNo=6&k_babaCode=21,data/cache/html/19810919_kawasaki_6.html
19810919_kawasaki_7,1981-09-19,kawasaki,7,https://www.keiba.go.jp/KeibaWeb/TodayRaceInfo/RaceMarkTable?k_raceDate=1981%2F09%2F19&k_raceNo=7&k_babaCode=21,data/cache/html/19810919_kawasaki_7.html
19810919_kawasaki_8,1981-09-19,kawasaki,8,https://www.keiba.go.jp/KeibaWeb/TodayRaceInfo/RaceMarkTable?k_raceDate=1981%2F09%2F19&k_raceNo=8&k_babaCode=21,data/cache/html/19810919_kawasaki_8.html
19810919_kawasaki_9,1981-09-19,kawasaki,9,https://www.keiba.go.jp/KeibaWeb/TodayRaceInfo/RaceMarkTable?k_raceDate=1981%2F09%2F19&k_raceNo=9&k_babaCode=21,data/cache/html/19810919_kawasaki_9.html
19810919_kawasaki_10,1981-09-19,kawasaki,10,https://www.keiba.go.jp/KeibaWeb/TodayRaceInfo/RaceMarkTable?k_raceDate=1981%2F09%2F19&k_raceNo=10&k_babaCode=21,data/cache/html/19810919_kawasaki_10.html
19810919_kawasaki_11,1981-09-19,kawasaki,11,https://www.keiba.go.jp/KeibaWeb/TodayRaceInfo/RaceMarkTable?k_raceDate=1981%2F09%2F19&k_raceNo=11&k_babaCode=21,data/cache/html/19810919_kawasaki_11.html
19810919_kawasaki_12,1981-09-19,kawasaki,12,https://www.keiba.go.jp/KeibaWeb/TodayRaceInfo/RaceMarkTable?k_raceDate=1981%2F09%2F19&k_raceNo=12&k_babaCode=21,data/cache/html/19810919_kawasaki_12.html
19810918_kawasaki_1,1981-09-18,kawasaki,1,https://www.keiba.go.jp/KeibaWeb/TodayRaceInfo/RaceMarkTable?k_raceDate=1981%2F09%2F18&k_raceNo=1&k_babaCode=21,data/cache/html/19810918_kawasaki_1.html
19810918_kawasaki_2,1981-09-18,kawasaki,2,https://www.keiba.go.jp/KeibaWeb/TodayRaceInfo/RaceMarkTable?k_raceDate=1981%2F09%2F18&k_raceNo=2&k_babaCode=21,data/cache/html/19810918_kawasaki_2.html
19810918_kawasaki_3,1981-09-18,kawasaki,3,https://www.keiba.go.jp/KeibaWeb/TodayRaceInfo/RaceMarkTable?k_raceDate=1981%2F09%2F18&k_raceNo=3&k_babaCode=21,data/cache/html/19810918_kawasaki_3.html
19810918_kawasaki_4,1981-09-18,kawasaki,4,https://www.keiba.go.jp/KeibaWeb/TodayRaceInfo/RaceMarkTable?k_raceDate=1981%2F09%2F18&k_raceNo=4&k_babaCode=21,data/cache/html/19810918_kawasaki_4.html
19810918_kawasaki_5,1981-09-18,kawasaki,5,https://www.keiba.go.jp/KeibaWeb/TodayRaceInfo/RaceMarkTable?k_raceDate=1981%2F09%2F18&k_raceNo=5&k_babaCode=21,data/cache/html/19810918_kawasaki_5.html
19810918_kawasaki_6,1981-09-18,kawasaki,6,https://www.keiba.go.jp/KeibaWeb/TodayRaceInfo/RaceMarkTable?k_raceDate=1981%2F09%2F18&k_raceNo=6&k_babaCode=21,data/cache/html/19810918_kawasaki_6.html
19810918_kawasaki_7,1981-09-18,kawasaki,7,https://www.keiba.go.jp/KeibaWeb/TodayRaceInfo/RaceMarkTable?k_raceDate=1981%2F09%2F18&k_raceNo=7&k_babaCode=21,data/cache/html/19810918_kawasaki_7.html
19810918_kawasaki_8,1981-09-18,kawasaki,8,https://www.keiba.go.jp/KeibaWeb/TodayRaceInfo/RaceMarkTable?k_raceDate=1981%2F09%2F18&k_raceNo=8&k_babaCode=21,data/cache/html/19810918_kawasaki_8.html
19810918_kawasaki_9,1981-09-18,kawasaki,9,https://www.keiba.go.jp/KeibaWeb/TodayRaceInfo/RaceMarkTable?k_raceDate=1981%2F09%2F18&k_raceNo=9&k_babaCode=21,data/cache/html/19810918_kawasaki_9.html
19810918_kawasaki_10,1981-09-18,kawasaki,10,https://www.keiba.go.jp/KeibaWeb/TodayRaceInfo/RaceMarkTable?k_raceDate=1981%2F09%2F18&k_raceNo=10&k_babaCode=21,data/cache/html/19810918_kawasaki_10.html
19810918_kawasaki_11,1981-09-18,kawasaki,11,https://www.keiba.go.jp/KeibaWeb/TodayRaceInfo/RaceMarkTable?k_raceDate=1981%2F09%2F18&k_raceNo=11&k_babaCode=21,data/cache/html/19810918_kawasaki_11.html
19810918_kawasaki_12,1981-09-18,kawasaki,12,https://www.keiba.go.jp/KeibaWeb/TodayRaceInfo/RaceMarkTable?k_raceDate=1981%2F09%2F18&k_raceNo=12&k_babaCode=21,data/cache/html/19810918_kawasaki_12.html
19810917_kawasaki_1,1981-09-17,kawasaki,1,https://www.keiba.go.jp/KeibaWeb/TodayRaceInfo/RaceMarkTable?k_raceDate=1981%2F09%2F17&k_raceNo=1&k_babaCode=21,data/cache/html/19810917_kawasaki_1.html
19810917_kawasaki_2,1981-09-17,kawasaki,2,https://www.keiba.go.jp/KeibaWeb/TodayRaceInfo/RaceMarkTable?k_raceDate=1981%2F09%2F17&k_raceNo=2&k_babaCode=21,data/cache/html/19810917_kawasaki_2.html
19810917_kawasaki_3,1981-09-17,kawasaki,3,https://www.keiba.go.jp/KeibaWeb/TodayRaceInfo/RaceMarkTable?k_raceDate=1981%2F09%2F17&k_raceNo=3&k_babaCode=21,data/cache/html/19810917_kawasaki_3.html
19810917_kawasaki_4,1981-09-17,kawasaki,4,https://www.keiba.go.jp/KeibaWeb/TodayRaceInfo/RaceMarkTable?k_raceDate=1981%2F09%2F17&k_raceNo=4&k_babaCode=21,data/cache/html/19810917_kawasaki_4.html
19810917_kawasaki_5,1981-09-17,kawasaki,5,https://www.keiba.go.jp/KeibaWeb/TodayRaceInfo/RaceMarkTable?k_raceDate=1981%2F09%2F17&k_raceNo=5&k_babaCode=21,data/cache/html/19810917_kawasaki_5.html
19810917_kawasaki_6,1981-09-17,kawasaki,6,https://www.keiba.go.jp/KeibaWeb/TodayRaceInfo/RaceMarkTable?k_raceDate=1981%2F09%2F17&k_raceNo=6&k_babaCode=21,data/cache/html/19810917_kawasaki_6.html
19810917_kawasaki_7,1981-09-17,kawasaki,7,https://www.keiba.go.jp/KeibaWeb/TodayRaceInfo/RaceMarkTable?k_raceDate=1981%2F09%2F17&k_raceNo=7&k_babaCode=21,data/cache/html/19810917_kawasaki_7.html
19810917_kawasaki_8,1981-09-17,kawasaki,8,https://www.keiba.go.jp/KeibaWeb/TodayRaceInfo/RaceMarkTable?k_raceDate=1981%2F09%2F17&k_raceNo=8&k_babaCode=21,data/cache/html/19810917_kawasaki_8.html
19810917_kawasaki_9,1981-09-17,kawasaki,9,https://www.keiba.go.jp/KeibaWeb/TodayRaceInfo/RaceMarkTable?k_raceDate=1981%2F09%2F17&k_raceNo=9&k_babaCode=21,data/cache/html/19810917_kawasaki_9.html
19810917_kawasaki_10,1981-09-17,kawasaki,10,https://www.keiba.go.jp/KeibaWeb/TodayRaceInfo/RaceMarkTable?k_raceDate=1981%2F09%2F17&k_raceNo=10&k_babaCode=21,data/cache/html/19810917_kawasaki_10.html
19810917_kawasaki_11,1981-09-17,kawasaki,11,https://www.keiba.go.jp/KeibaWeb/TodayRaceInfo/RaceMarkTable?k_raceDate=1981%2F09%2F17&k_raceNo=11&k_babaCode=21,data/cache/html/19810917_kawasaki_11.html
19810917_kawasaki_12,1981-09-17,kawasaki,12,https://www.keiba.go.jp/KeibaWeb/TodayRaceInfo/RaceMarkTable?k_raceDate=1981%2F09%2F17&k_raceNo=12&k_babaCode=21,data/cache/html/19810917_kawasaki_12.html
19810916_kawasaki_1,1981-09-16,kawasaki,1,https://www.keiba.go.jp/KeibaWeb/TodayRaceInfo/RaceMarkTable?k_raceDate=1981%2F09%2F16&k_raceNo=1&k_babaCode=21,data/cache/html/19810916_kawasaki_1.html
19810916_kawasaki_2,1981-09-16,kawasaki,2,https://www.keiba.go.jp/KeibaWeb/TodayRaceInfo/RaceMarkTable?k_raceDate=1981%2F09%2F16&k_raceNo=2&k_babaCode=21,data/cache/html/19810916_kawasaki_2.html
19810916_kawasaki_3,1981-09-16,kawasaki,3,https://www.keiba.go.jp/KeibaWeb/TodayRaceInfo/RaceMarkTable?k_raceDate=1981%2F09%2F16&k_raceNo=3&k_babaCode=21,data/cache/html/19810916_kawasaki_3.html
19810916_kawasaki_4,1981-09-16,kawasaki,4,https://www.keiba.go.jp/KeibaWeb/TodayRaceInfo/RaceMarkTable?k_raceDate=1981%2F09%2F16&k_raceNo=4&k_babaCode=21,data/cache/html/19810916_kawasaki_4.html
19810916_kawasaki_5,1981-09-16,kawasaki,5,https://www.keiba.go.jp/KeibaWeb/TodayRaceInfo/RaceMarkTable?k_raceDate=1981%2F09%2F16&k_raceNo=5&k_babaCode=21,data/cache/html/19810916_kawasaki_5.html
19810916_kawasaki_6,1981-09-16,kawasaki,6,https://www.keiba.go.jp/KeibaWeb/TodayRaceInfo/RaceMarkTable?k_raceDate=1981%2F09%2F16&k_raceNo=6&k_babaCode=21,data/cache/html/19810916_kawasaki_6.html
19810916_kawasaki_7,1981-09-16,kawasaki,7,https://www.keiba.go.jp/KeibaWeb/TodayRaceInfo/RaceMarkTable?k_raceDate=1981%2F09%2F16&k_raceNo=7&k_babaCode=21,data/cache/html/19810916_kawasaki_7.html
19810916_kawasaki_8,1981-09-16,kawasaki,8,https://www.keiba.go.jp/KeibaWeb/TodayRaceInfo/RaceMarkTable?k_raceDate=1981%2F09%2F16&k_raceNo=8&k_babaCode=21,data/cache/html/19810916_kawasaki_8.html
19810916_kawasaki_9,1981-09-16,kawasaki,9,https://www.keiba.go.jp/KeibaWeb/TodayRaceInfo/RaceMarkTable?k_raceDate=1981%2F09%2F16&k_raceNo=9&k_babaCode=21,data/cache/html/19810916_kawasaki_9.html
19810916_kawasaki_10,1981-09-16,kawasaki,10,https://www.keiba.go.jp/KeibaWeb/TodayRaceInfo/RaceMarkTable?k_raceDate=1981%2F09%2F16&k_raceNo=10&k_babaCode=21,data/cache/html/19810916_kawasaki_10.html
19810916_kawasaki_11,1981-09-16,kawasaki,11,https://www.keiba.go.jp/KeibaWeb/TodayRaceInfo/RaceMarkTable?k_raceDate=1981%2F09%2F16&k_raceNo=11&k_babaCode=21,data/cache/html/19810916_kawasaki_11.html
19810916_kawasaki_12,1981-09-16,kawasaki,12,https://www.keiba.go.jp/KeibaWeb/TodayRaceInfo/RaceMarkTable?k_raceDate=1981%2F09%2F16&k_raceNo=12&k_babaCode=21,data/cache/html/19810916_kawasaki_12.html
19810915_kawasaki_1,1981-09-15,kawasaki,1,https://www.keiba.go.jp/KeibaWeb/TodayRaceInfo/RaceMarkTable?k_raceDate=1981%2F09%2F15&k_raceNo=1&k_babaCode=21,data/cache/html/19810915_kawasaki_1.html
19810915_kawasaki_2,1981-09-15,kawasaki,2,https://www.keiba.go.jp/KeibaWeb/TodayRaceInfo/RaceMarkTable?k_raceDate=1981%2F09%2F15&k_raceNo=2&k_babaCode=21,data/cache/html/19810915_kawasaki_2.html
19810915_kawasaki_3,1981-09-15,kawasaki,3,https://www.keiba.go.jp/KeibaWeb/TodayRaceInfo/RaceMarkTable?k_raceDate=1981%2F09%2F15&k_raceNo=3&k_babaCode=21,data/cache/html/19810915_kawasaki_3.html
19810915_kawasaki_4,1981-09-15,kawasaki,4,https://www.keiba.go.jp/KeibaWeb/TodayRaceInfo/RaceMarkTable?k_raceDate=1981%2F09%2F15&k_raceNo=4&k_babaCode=21,data/cache/html/19810915_kawasaki_4.html
19810915_kawasaki_5,1981-09-15,kawasaki,5,https://www.keiba.go.jp/KeibaWeb/TodayRaceInfo/RaceMarkTable?k_raceDate=1981%2F09%2F15&k_raceNo=5&k_babaCode=21,data/cache/html/19810915_kawasaki_5.html
19810915_kawasaki_6,1981-09-15,kawasaki,6,https://www.keiba.go.jp/KeibaWeb/TodayRaceInfo/RaceMarkTable?k_raceDate=1981%2F09%2F15&k_raceNo=6&k_babaCode=21,data/cache/html/19810915_kawasaki_6.html
19810915_kawasaki_7,1981-09-15,kawasaki,7,https://www.keiba.go.jp/KeibaWeb/TodayRaceInfo/RaceMarkTable?k_raceDate=1981%2F09%2F15&k_raceNo=7&k_babaCode=21,data/cache/html/19810915_kawasaki_7.html
19810915_kawasaki_8,1981-09-15,kawasaki,8,https://www.keiba.go.jp/KeibaWeb/TodayRaceInfo/RaceMarkTable?k_raceDate=1981%2F09%2F15&k_raceNo=8&k_babaCode=21,data/cache/html/19810915_kawasaki_8.html
19810915_kawasaki_9,1981-09-15,kawasaki,9,https://www.keiba.go.jp/KeibaWeb/TodayRaceInfo/RaceMarkTable?k_raceDate=1981%2F09%2F15&k_raceNo=9&k_babaCode=21,data/cache/html/19810915_kawasaki_9.html
19810915_kawasaki_10,1981-09-15,kawasaki,10,https://www.keiba.go.jp/KeibaWeb/TodayRaceInfo/RaceMarkTable?k_raceDate=1981%2F09%2F15&k_raceNo=10&k_babaCode=21,data/cache/html/19810915_kawasaki_10.html
19810915_kawasaki_11,1981-09-15,kawasaki,11,https://www.keiba.go.jp/KeibaWeb/TodayRaceInfo/RaceMarkTable?k_raceDate=1981%2F09%2F15&k_raceNo=11&k_babaCode=21,data/cache/html/19810915_kawasaki_11.html
19810915_kawasaki_12,1981-09-15,kawasaki,12,https://www.keiba.go.jp/KeibaWeb/TodayRaceInfo/RaceMarkTable?k_raceDate=1981%2F09%2F15&k_raceNo=12&k_babaCode=21,data/cache/html/19810915_kawasaki_12.html
19810914_kawasaki_1,1981-09-14,kawasaki,1,https://www.keiba.go.jp/KeibaWeb/TodayRaceInfo/RaceMarkTable?k_raceDate=1981%2F09%2F14&k_raceNo=1&k_babaCode=21,data/cache/html/19810914_kawasaki_1.html
19810914_kawasaki_2,1981-09-14,kawasaki,2,https://www.keiba.go.jp/KeibaWeb/TodayRaceInfo/RaceMarkTable?k_raceDate=1981%2F09%2F14&k_raceNo=2&k_babaCode=21,data/cache/html/19810914_kawasaki_2.html
19810914_kawasaki_3,1981-09-14,kawasaki,3,https://www.keiba.go.jp/KeibaWeb/TodayRaceInfo/RaceMarkTable?k_raceDate=1981%2F09%2F14&k_raceNo=3&k_babaCode=21,data/cache/html/19810914_kawasaki_3.html
19810914_kawasaki_4,1981-09-14,kawasaki,4,https://www.keiba.go.jp/KeibaWeb/TodayRaceInfo/RaceMarkTable?k_raceDate=1981%2F09%2F14&k_raceNo=4&k_babaCode=21,data/cache/html/19810914_kawasaki_4.html
19810914_kawasaki_5,1981-09-14,kawasaki,5,https://www.keiba.go.jp/KeibaWeb/TodayRaceInfo/RaceMarkTable?k_raceDate=1981%2F09%2F14&k_raceNo=5&k_babaCode=21,data/cache/html/19810914_kawasaki_5.html
19810914_kawasaki_6,1981-09-14,kawasaki,6,https://www.keiba.go.jp/KeibaWeb/TodayRaceInfo/RaceMarkTable?k_raceDate=1981%2F09%2F14&k_raceNo=6&k_babaCode=21,data/cache/html/19810914_kawasaki_6.html
19810914_kawasaki_7,1981-09-14,kawasaki,7,https://www.keiba.go.jp/KeibaWeb/TodayRaceInfo/RaceMarkTable?k_raceDate=1981%2F09%2F14&k_raceNo=7&k_babaCode=21,data/cache/html/19810914_kawasaki_7.html
19810914_kawasaki_8,1981-09-14,kawasaki,8,https://www.keiba.go.jp/KeibaWeb/TodayRaceInfo/RaceMarkTable?k_raceDate=1981%2F09%2F14&k_raceNo=8&k_babaCode=21,data/cache/html/19810914_kawasaki_8.html
19810914_kawasaki_9,1981-09-14,kawasaki,9,https://www.keiba.go.jp/KeibaWeb/TodayRaceInfo/RaceMarkTable?k_raceDate=1981%2F09%2F14&k_raceNo=9&k_babaCode=21,data/cache/html/19810914_kawasaki_9.html
19810914_kawasaki_10,1981-09-14,kawasaki,10,https://www.keiba.go.jp/KeibaWeb/TodayRaceInfo/RaceMarkTable?k_raceDate=1981%2F09%2F14&k_raceNo=10&k_babaCode=21,data/cache/html/19810914_kawasaki_10.html
19810914_kawasaki_11,1981-09-14,kawasaki,11,https://www.keiba.go.jp/KeibaWeb/TodayRaceInfo/RaceMarkTable?k_raceDate=1981%2F09%2F14&k_raceNo=11&k_babaCode=21,data/cache/html/19810914_kawasaki_11.html
19810914_kawasaki_12,1981-09-14,kawasaki,12,https://www.keiba.go.jp/KeibaWeb/TodayRaceInfo/RaceMarkTable?k_raceDate=1981%2F09%2F14&k_raceNo=12&k_babaCode=21,data/cache/html/19810914_kawasaki_12.html
19810913_kawasaki_1,1981-09-13,kawasaki,1,https://www.keiba.go.jp/KeibaWeb/TodayRaceInfo/RaceMarkTable?k_raceDate=1981%2F09%2F13&k_raceNo=1&k_babaCode=21,data/cache/html/19810913_kawasaki_1.html
19810913_kawasaki_2,1981-09-13,kawasaki,2,https://www.keiba.go.jp/KeibaWeb/TodayRaceInfo/RaceMarkTable?k_raceDate=1981%2F09%2F13&k_raceNo=2&k_babaCode=21,data/cache/html/19810913_kawasaki_2.html
19810913_kawasaki_3,1981-09-13,kawasaki,3,https://www.keiba.go.jp/KeibaWeb/TodayRaceInfo/RaceMarkTable?k_raceDate=1981%2F09%2F13&k_raceNo=3&k_babaCode=21,data/cache/html/19810913_kawasaki_3.html
19810913_kawasaki_4,1981-09-13,kawasaki,4,https://www.keiba.go.jp/KeibaWeb/TodayRaceInfo/RaceMarkTable?k_raceDate=1981%2F09%2F13&k_raceNo=4&k_babaCode=21,data/cache/html/19810913_kawasaki_4.html
19810913_kawasaki_5,1981-09-13,kawasaki,5,https://www.keiba.go.jp/KeibaWeb/TodayRaceInfo/RaceMarkTable?k_raceDate=1981%2F09%2F13&k_raceNo=5&k_babaCode=21,data/cache/html/19810913_kawasaki_5.html
19810913_kawasaki_6,1981-09-13,kawasaki,6,https://www.keiba.go.jp/KeibaWeb/TodayRaceInfo/RaceMarkTable?k_raceDate=1981%2F09%2F13&k_raceNo=6&k_babaCode=21,data/cache/html/19810913_kawasaki_6.html
19810913_kawasaki_7,1981-09-13,kawasaki,7,https://www.keiba.go.jp/KeibaWeb/TodayRaceInfo/RaceMarkTable?k_raceDate=1981%2F09%2F13&k_raceNo=7&k_babaCode=21,data/cache/html/19810913_kawasaki_7.html
19810913_kawasaki_8,1981-09-13,kawasaki,8,https://www.keiba.go.jp/KeibaWeb/TodayRaceInfo/RaceMarkTable?k_raceDate=1981%2F09%2F13&k_raceNo=8&k_babaCode=21,data/cache/html/19810913_kawasaki_8.html
19810913_kawasaki_9,1981-09-13,kawasaki,9,https://www.keiba.go.jp/KeibaWeb/TodayRaceInfo/RaceMarkTable?k_raceDate=1981%2F09%2F13&k_raceNo=9&k_babaCode=21,data/cache/html/19810913_kawasaki_9.html
19810913_kawasaki_10,1981-09-13,kawasaki,10,https://www.keiba.go.jp/KeibaWeb/TodayRaceInfo/RaceMarkTable?k_raceDate=1981%2F09%2F13&k_raceNo=10&k_babaCode=21,data/cache/html/19810913_kawasaki_10.html
19810913_kawasaki_11,1981-09-13,kawasaki,11,https://www.keiba.go.jp/KeibaWeb/TodayRaceInfo/RaceMarkTable?k_raceDate=1981%2F09%2F13&k_raceNo=11&k_babaCode=21,data/cache/html/19810913_kawasaki_11.html
19810913_kawasaki_12,1981-09-13,kawasaki,12,https://www.keiba.go.jp/KeibaWeb/TodayRaceInfo/RaceMarkTable?k_raceDate=1981%2F09%2F13&k_raceNo=12&k_babaCode=21,data/cache/html/19810913_kawasaki_12.html
19810912_kawasaki_1,1981-09-12,kawasaki,1,https://www.keiba.go.jp/KeibaWeb/TodayRaceInfo/RaceMarkTable?k_raceDate=1981%2F09%2F12&k_raceNo=1&k_babaCode=21,data/cache/html/19810912_kawasaki_1.html
19810912_kawasaki_2,1981-09-12,kawasaki,2,https://www.keiba.go.jp/KeibaWeb/TodayRaceInfo/RaceMarkTable?k_raceDate=1981%2F09%2F12&k_raceNo=2&k_babaCode=21,data/cache/html/19810912_kawasaki_2.html
19810912_kawasaki_3,1981-09-12,kawasaki,3,https://www.keiba.go.jp/KeibaWeb/TodayRaceInfo/RaceMarkTable?k_raceDate=1981%2F09%2F12&k_raceNo=3&k_babaCode=21,data/cache/html/19810912_kawasaki_3.html
19810912_kawasaki_4,1981-09-12,kawasaki,4,https://www.keiba.go.jp/KeibaWeb/TodayRaceInfo/RaceMarkTable?k_raceDate=1981%2F09%2F12&k_raceNo=4&k_babaCode=21,data/cache/html/19810912_kawasaki_4.html
19810912_kawasaki_5,1981-09-12,kawasaki,5,https://www.keiba.go.jp/KeibaWeb/TodayRaceInfo/RaceMarkTable?k_raceDate=1981%2F09%2F12&k_raceNo=5&k_babaCode=21,data/cache/html/19810912_kawasaki_5.html
19810912_kawasaki_6,1981-09-12,kawasaki,6,https://www.keiba.go.jp/KeibaWeb/TodayRaceInfo/RaceMarkTable?k_raceDate=1981%2F09%2F12&k_raceNo=6&k_babaCode=21,data/cache/html/19810912_kawasaki_6.html
19810912_kawasaki_7,1981-09-12,kawasaki,7,https://www.keiba.go.jp/KeibaWeb/TodayRaceInfo/RaceMarkTable?k_raceDate=1981%2F09%2F12&k_raceNo=7&k_babaCode=21,data/cache/html/19810912_kawasaki_7.html
19810912_kawasaki_8,1981-09-12,kawasaki,8,https://www.keiba.go.jp/KeibaWeb/TodayRaceInfo/RaceMarkTable?k_raceDate=1981%2F09%2F12&k_raceNo=8&k_babaCode=21,data/cache/html/19810912_kawasaki_8.html
19810912_kawasaki_9,1981-09-12,kawasaki,9,https://www.keiba.go.jp/KeibaWeb/TodayRaceInfo/RaceMarkTable?k_raceDate=1981%2F09%2F12&k_raceNo=9&k_babaCode=21,data/cache/html/19810912_kawasaki_9.html
19810912_kawasaki_10,1981-09-12,kawasaki,10,https://www.keiba.go.jp/KeibaWeb/TodayRaceInfo/RaceMarkTable?k_raceDate=1981%2F09%2F12&k_raceNo=10&k_babaCode=21,data/cache/html/19810912_kawasaki_10.html
19810912_kawasaki_11,1981-09-12,kawasaki,11,https://www.keiba.go.jp/KeibaWeb/TodayRaceInfo/RaceMarkTable?k_raceDate=1981%2F09%2F12&k_raceNo=11&k_babaCode=21,data/cache/html/19810912_kawasaki_11.html
19810912_kawasaki_12,1981-09-12,kawasaki,12,https://www.keiba.go.jp/KeibaWeb/TodayRaceInfo/RaceMarkTable?k_raceDate=1981%2F09%2F12&k_raceNo=12&k_babaCode=21,data/cache/html/19810912_kawasaki_12.html
19810911_kawasaki_1,1981-09-11,kawasaki,1,https://www.keiba.go.jp/KeibaWeb/TodayRaceInfo/RaceMarkTable?k_raceDate=1981%2F09%2F11&k_raceNo=1&k_babaCode=21,data/cache/html/19810911_kawasaki_1.html
19810911_kawasaki_2,1981-09-11,kawasaki,2,https://www.keiba.go.jp/KeibaWeb/TodayRaceInfo/RaceMarkTable?k_raceDate=1981%2F09%2F11&k_raceNo=2&k_babaCode=21,data/cache/html/19810911_kawasaki_2.html
19810911_kawasaki_3,1981-09-11,kawasaki,3,https://www.keiba.go.jp/KeibaWeb/TodayRaceInfo/RaceMarkTable?k_raceDate=1981%2F09%2F11&k_raceNo=3&k_babaCode=21,data/cache/html/19810911_kawasaki_3.html
19810911_kawasaki_4,1981-09-11,kawasaki,4,https://www.keiba.go.jp/KeibaWeb/TodayRaceInfo/RaceMarkTable?k_raceDate=1981%2F09%2F11&k_raceNo=4&k_babaCode=21,data/cache/html/19810911_kawasaki_4.html
19810911_kawasaki_5,1981-09-11,kawasaki,5,https://www.keiba.go.jp/KeibaWeb/TodayRaceInfo/RaceMarkTable?k_raceDate=1981%2F09%2F11&k_raceNo=5&k_babaCode=21,data/cache/html/19810911_kawasaki_5.html
19810911_kawasaki_6,1981-09-11,kawasaki,6,https://www.keiba.go.jp/KeibaWeb/TodayRaceInfo/RaceMarkTable?k_raceDate=1981%2F09%2F11&k_raceNo=6&k_babaCode=21,data/cache/html/19810911_kawasaki_6.html
19810911_kawasaki_7,1981-09-11,kawasaki,7,https://www.keiba.go.jp/KeibaWeb/TodayRaceInfo/RaceMarkTable?k_raceDate=1981%2F09%2F11&k_raceNo=7&k_babaCode=21,data/cache/html/19810911_kawasaki_7.html
19810911_kawasaki_8,1981-09-11,kawasaki,8,https://www.keiba.go.jp/KeibaWeb/TodayRaceInfo/RaceMarkTable?k_raceDate=1981%2F09%2F11&k_raceNo=8&k_babaCode=21,data/cache/html/19810911_kawasaki_8.html
19810911_kawasaki_9,1981-09-11,kawasaki,9,https://www.keiba.go.jp/KeibaWeb/TodayRaceInfo/RaceMarkTable?k_raceDate=1981%2F09%2F11&k_raceNo=9&k_babaCode=21,data/cache/html/19810911_kawasaki_9.html
19810911_kawasaki_10,1981-09-11,kawasaki,10,https://www.keiba.go.jp/KeibaWeb/TodayRaceInfo/RaceMarkTable?k_raceDate=1981%2F09%2F11&k_raceNo=10&k_babaCode=21,data/cache/html/19810911_kawasaki_10.html
19810911_kawasaki_11,1981-09-11,kawasaki,11,https://www.keiba.go.jp/KeibaWeb/TodayRaceInfo/RaceMarkTable?k_raceDate=1981%2F09%2F11&k_raceNo=11&k_babaCode=21,data/cache/html/19810911_kawasaki_11.html
19810911_kawasaki_12,1981-09-11,kawasaki,12,https://www.keiba.go.jp/KeibaWeb/TodayRaceInfo/RaceMarkTable?k_raceDate=1981%2F09%2F11&k_raceNo=12&k_babaCode=21,data/cache/html/19810911_kawasaki_12.html
19810910_kawasaki_1,1981-09-10,kawasaki,1,https://www.keiba.go.jp/KeibaWeb/TodayRaceInfo/RaceMarkTable?k_raceDate=1981%2F09%2F10&k_raceNo=1&k_babaCode=21,data/cache/html/19810910_kawasaki_1.html
19810910_kawasaki_2,1981-09-10,kawasaki,2,https://www.keiba.go.jp/KeibaWeb/TodayRaceInfo/RaceMarkTable?k_raceDate=1981%2F09%2F10&k_raceNo=2&k_babaCode=21,data/cache/html/19810910_kawasaki_2.html
19810910_kawasaki_3,1981-09-10,kawasaki,3,https://www.keiba.go.jp/KeibaWeb/TodayRaceInfo/RaceMarkTable?k_raceDate=1981%2F09%2F10&k_raceNo=3&k_babaCode=21,data/cache/html/19810910_kawasaki_3.html
19810910_kawasaki_4,1981-09-10,kawasaki,4,https://www.keiba.go.jp/KeibaWeb/TodayRaceInfo/RaceMarkTable?k_raceDate=1981%2F09%2F10&k_raceNo=4&k_babaCode=21,data/cache/html/19810910_kawasaki_4.html
19810910_kawasaki_5,1981-09-10,kawasaki,5,https://www.keiba.go.jp/KeibaWeb/TodayRaceInfo/RaceMarkTable?k_raceDate=1981%2F09%2F10&k_raceNo=5&k_babaCode=21,data/cache/html/19810910_kawasaki_5.html
19810910_kawasaki_6,1981-09-10,kawasaki,6,https://www.keiba.go.jp/KeibaWeb/TodayRaceInfo/RaceMarkTable?k_raceDate=1981%2F09%2F10&k_raceNo=6&k_babaCode=21,data/cache/html/19810910_kawasaki_6.html
19810910_kawasaki_7,1981-09-10,kawasaki,7,https://www.keiba.go.jp/KeibaWeb/TodayRaceInfo/RaceMarkTable?k_raceDate=1981%2F09%2F10&k_raceNo=7&k_babaCode=21,data/cache/html/19810910_kawasaki_7.html
19810910_kawasaki_8,1981-09-10,kawasaki,8,https://www.keiba.go.jp/KeibaWeb/TodayRaceInfo/RaceMarkTable?k_raceDate=1981%2F09%2F10&k_raceNo=8&k_babaCode=21,data/cache/html/19810910_kawasaki_8.html
19810910_kawasaki_9,1981-09-10,kawasaki,9,https://www.keiba.go.jp/KeibaWeb/TodayRaceInfo/RaceMarkTable?k_raceDate=1981%2F09%2F10&k_raceNo=9&k_babaCode=21,data/cache/html/19810910_kawasaki_9.html
19810910_kawasaki_10,1981-09-10,kawasaki,10,https://www.keiba.go.jp/KeibaWeb/TodayRaceInfo/RaceMarkTable?k_raceDate=1981%2F09%2F10&k_raceNo=10&k_babaCode=21,data/cache/html/19810910_kawasaki_10.html
19810910_kawasaki_11,1981-09-10,kawasaki,11,https://www.keiba.go.jp/KeibaWeb/TodayRaceInfo/RaceMarkTable?k_raceDate=1981%2F09%2F10&k_raceNo=11&k_babaCode=21,data/cache/html/19810910_kawasaki_11.html
19810910_kawasaki_12,1981-09-10,kawasaki,12,https://www.keiba.go.jp/KeibaWeb/TodayRaceInfo/RaceMarkTable?k_raceDate=1981%2F09%2F10&k_raceNo=12&k_babaCode=21,data/cache/html/19810910_kawasaki_12.html
19810909_kawasaki_1,1981-09-09,kawasaki,1,https://www.keiba.go.jp/KeibaWeb/TodayRaceInfo/RaceMarkTable?k_raceDate=1981%2F09%2F09&k_raceNo=1&k_babaCode=21,data/cache/html/19810909_kawasaki_1.html
19810909_kawasaki_2,1981-09-09,kawasaki,2,https://www.keiba.go.jp/KeibaWeb/TodayRaceInfo/RaceMarkTable?k_raceDate=1981%2F09%2F09&k_raceNo=2&k_babaCode=21,data/cache/html/19810909_kawasaki_2.html
19810909_kawasaki_3,1981-09-09,kawasaki,3,https://www.keiba.go.jp/KeibaWeb/TodayRaceInfo/RaceMarkTable?k_raceDate=1981%2F09%2F09&k_raceNo=3&k_babaCode=21,data/cache/html/19810909_kawasaki_3.html
19810909_kawasaki_4,1981-09-09,kawasaki,4,https://www.keiba.go.jp/KeibaWeb/TodayRaceInfo/RaceMarkTable?k_raceDate=1981%2F09%2F09&k_raceNo=4&k_babaCode=21,data/cache/html/19810909_kawasaki_4.html
19810909_kawasaki_5,1981-09-09,kawasaki,5,https://www.keiba.go.jp/KeibaWeb/TodayRaceInfo/RaceMarkTable?k_raceDate=1981%2F09%2F09&k_raceNo=5&k_babaCode=21,data/cache/html/19810909_kawasaki_5.html
19810909_kawasaki_6,1981-09-09,kawasaki,6,https://www.keiba.go.jp/KeibaWeb/TodayRaceInfo/RaceMarkTable?k_raceDate=1981%2F09%2F09&k_raceNo=6&k_babaCode=21,data/cache/html/19810909_kawasaki_6.html
19810909_kawasaki_7,1981-09-09,kawasaki,7,https://www.keiba.go.jp/KeibaWeb/TodayRaceInfo/RaceMarkTable?k_raceDate=1981%2F09%2F09&k_raceNo=7&k_babaCode=21,data/cache/html/19810909_kawasaki_7.html
19810909_kawasaki_8,1981-09-09,kawasaki,8,https://www.keiba.go.jp/KeibaWeb/TodayRaceInfo/RaceMarkTable?k_raceDate=1981%2F09%2F09&k_raceNo=8&k_babaCode=21,data/cache/html/19810909_kawasaki_8.html
19810909_kawasaki_9,1981-09-09,kawasaki,9,https://www.keiba.go.jp/KeibaWeb/TodayRaceInfo/RaceMarkTable?k_raceDate=1981%2F09%2F09&k_raceNo=9&k_babaCode=21,data/cache/html/19810909_kawasaki_9.html
19810909_kawasaki_10,1981-09-09,kawasaki,10,https://www.keiba.go.jp/KeibaWeb/TodayRaceInfo/RaceMarkTable?k_raceDate=1981%2F09%2F09&k_raceNo=10&k_babaCode=21,data/cache/html/19810909_kawasaki_10.html
19810909_kawasaki_11,1981-09-09,kawasaki,11,https://www.keiba.go.jp/KeibaWeb/TodayRaceInfo/RaceMarkTable?k_raceDate=1981%2F09%2F09&k_raceNo=11&k_babaCode=21,data/cache/html/19810909_kawasaki_11.html
19810909_kawasaki_12,1981-09-09,kawasaki,12,https://www.keiba.go.jp/KeibaWeb/TodayRaceInfo/RaceMarkTable?k_raceDate=1981%2F09%2F09&k_raceNo=12&k_babaCode=21,data/cache/html/19810909_kawasaki_12.html
19810908_kawasaki_1,1981-09-08,kawasaki,1,https://www.keiba.go.jp/KeibaWeb/TodayRaceInfo/RaceMarkTable?k_raceDate=1981%2F09%2F08&k_raceNo=1&k_babaCode=21,data/cache/html/19810908_kawasaki_1.html
19810908_kawasaki_2,1981-09-08,kawasaki,2,https://www.keiba.go.jp/KeibaWeb/TodayRaceInfo/RaceMarkTable?k_raceDate=1981%2F09%2F08&k_raceNo=2&k_babaCode=21,data/cache/html/19810908_kawasaki_2.html
19810908_kawasaki_3,1981-09-08,kawasaki,3,https://www.keiba.go.jp/KeibaWeb/TodayRaceInfo/RaceMarkTable?k_raceDate=1981%2F09%2F08&k_raceNo=3&k_babaCode=21,data/cache/html/19810908_kawasaki_3.html
19810908_kawasaki_4,1981-09-08,kawasaki,4,https://www.keiba.go.jp/KeibaWeb/TodayRaceInfo/RaceMarkTable?k_raceDate=1981%2F09%2F08&k_raceNo=4&k_babaCode=21,data/cache/html/19810908_kawasaki_4.html
19810908_kawasaki_5,1981-09-08,kawasaki,5,https://www.keiba.go.jp/KeibaWeb/TodayRaceInfo/RaceMarkTable?k_raceDate=1981%2F09%2F08&k_raceNo=5&k_babaCode=21,data/cache/html/19810908_kawasaki_5.html
19810908_kawasaki_6,1981-09-08,kawasaki,6,https://www.keiba.go.jp/KeibaWeb/TodayRaceInfo/RaceMarkTable?k_raceDate=1981%2F09%2F08&k_raceNo=6&k_babaCode=21,data/cache/html/19810908_kawasaki_6.html
19810908_kawasaki_7,1981-09-08,kawasaki,7,https://www.keiba.go.jp/KeibaWeb/TodayRaceInfo/RaceMarkTable?k_raceDate=1981%2F09%2F08&k_raceNo=7&k_babaCode=21,data/cache/html/19810908_kawasaki_7.html
19810908_kawasaki_8,1981-09-08,kawasaki,8,https://www.keiba.go.jp/KeibaWeb/TodayRaceInfo/RaceMarkTable?k_raceDate=1981%2F09%2F08&k_raceNo=8&k_babaCode=21,data/cache/html/19810908_kawasaki_8.html
19810908_kawasaki_9,1981-09-08,kawasaki,9,https://www.keiba.go.jp/KeibaWeb/TodayRaceInfo/RaceMarkTable?k_raceDate=1981%2F09%2F08&k_raceNo=9&k_babaCode=21,data/cache/html/19810908_kawasaki_9.html
19810908_kawasaki_10,1981-09-08,kawasaki,10,https://www.keiba.go.jp/KeibaWeb/TodayRaceInfo/RaceMarkTable?k_raceDate=1981%2F09%2F08&k_raceNo=10&k_babaCode=21,data/cache/html/19810908_kawasaki_10.html
19810908_kawasaki_11,1981-09-08,kawasaki,11,https://www.keiba.go.jp/KeibaWeb/TodayRaceInfo/RaceMarkTable?k_raceDate=1981%2F09%2F08&k_raceNo=11&k_babaCode=21,data/cache/html/19810908_kawasaki_11.html
19810908_kawasaki_12,1981-09-08,kawasaki,12,https://www.keiba.go.jp/KeibaWeb/TodayRaceInfo/RaceMarkTable?k_raceDate=1981%2F09%2F08&k_raceNo=12&k_babaCode=21,data/cache/html/19810908_kawasaki_12.html
19810907_kawasaki_1,1981-09-07,kawasaki,1,https://www.keiba.go.jp/KeibaWeb/TodayRaceInfo/RaceMarkTable?k_raceDate=1981%2F09%2F07&k_raceNo=1&k_babaCode=21,data/cache/html/19810907_kawasaki_1.html
19810907_kawasaki_2,1981-09-07,kawasaki,2,https://www.keiba.go.jp/KeibaWeb/TodayRaceInfo/RaceMarkTable?k_raceDate=1981%2F09%2F07&k_raceNo=2&k_babaCode=21,data/cache/html/19810907_kawasaki_2.html
19810907_kawasaki_3,1981-09-07,kawasaki,3,https://www.keiba.go.jp/KeibaWeb/TodayRaceInfo/RaceMarkTable?k_raceDate=1981%2F09%2F07&k_raceNo=3&k_babaCode=21,data/cache/html/19810907_kawasaki_3.html
19810907_kawasaki_4,1981-09-07,kawasaki,4,https://www.keiba.go.jp/KeibaWeb/TodayRaceInfo/RaceMarkTable?k_raceDate=1981%2F09%2F07&k_raceNo=4&k_babaCode=21,data/cache/html/19810907_kawasaki_4.html
19810907_kawasaki_5,1981-09-07,kawasaki,5,https://www.keiba.go.jp/KeibaWeb/TodayRaceInfo/RaceMarkTable?k_raceDate=1981%2F09%2F07&k_raceNo=5&k_babaCode=21,data/cache/html/19810907_kawasaki_5.html
19810907_kawasaki_6,1981-09-07,kawasaki,6,https://www.keiba.go.jp/KeibaWeb/TodayRaceInfo/RaceMarkTable?k_raceDate=1981%2F09%2F07&k_raceNo=6&k_babaCode=21,data/cache/html/19810907_kawasaki_6.html
19810907_kawasaki_7,1981-09-07,kawasaki,7,https://www.keiba.go.jp/KeibaWeb/TodayRaceInfo/RaceMarkTable?k_raceDate=1981%2F09%2F07&k_raceNo=7&k_babaCode=21,data/cache/html/19810907_kawasaki_7.html
19810907_kawasaki_8,1981-09-07,kawasaki,8,https://www.keiba.go.jp/KeibaWeb/TodayRaceInfo/RaceMarkTable?k_raceDate=1981%2F09%2F07&k_raceNo=8&k_babaCode=21,data/cache/html/19810907_kawasaki_8.html
19810907_kawasaki_9,1981-09-07,kawasaki,9,https://www.keiba.go.jp/KeibaWeb/TodayRaceInfo/RaceMarkTable?k_raceDate=1981%2F09%2F07&k_raceNo=9&k_babaCode=21,data/cache/html/19810907_kawasaki_9.html
19810907_kawasaki_10,1981-09-07,kawasaki,10,https://www.keiba.go.jp/KeibaWeb/TodayRaceInfo/RaceMarkTable?k_raceDate=1981%2F09%2F07&k_raceNo=10&k_babaCode=21,data/cache/html/19810907_kawasaki_10.html
19810907_kawasaki_11,1981-09-07,kawasaki,11,https://www.keiba.go.jp/KeibaWeb/TodayRaceInfo/RaceMarkTable?k_raceDate=1981%2F09%2F07&k_raceNo=11&k_babaCode=21,data/cache/html/19810907_kawasaki_11.html
19810907_kawasaki_12,1981-09-07,kawasaki,12,https://www.keiba.go.jp/KeibaWeb/TodayRaceInfo/RaceMarkTable?k_raceDate=1981%2F09%2F07&k_raceNo=12&k_babaCode=21,data/cache/html/19810907_kawasaki_12.html
19810906_kawasaki_1,1981-09-06,kawasaki,1,https://www.keiba.go.jp/KeibaWeb/TodayRaceInfo/RaceMarkTable?k_raceDate=1981%2F09%2F06&k_raceNo=1&k_babaCode=21,data/cache/html/19810906_kawasaki_1.html
19810906_kawasaki_2,1981-09-06,kawasaki,2,https://www.keiba.go.jp/KeibaWeb/TodayRaceInfo/RaceMarkTable?k_raceDate=1981%2F09%2F06&k_raceNo=2&k_babaCode=21,data/cache/html/19810906_kawasaki_2.html
19810906_kawasaki_3,1981-09-06,kawasaki,3,https://www.keiba.go.jp/KeibaWeb/TodayRaceInfo/RaceMarkTable?k_raceDate=1981%2F09%2F06&k_raceNo=3&k_babaCode=21,data/cache/html/19810906_kawasaki_3.html
19810906_kawasaki_4,1981-09-06,kawasaki,4,https://www.keiba.go.jp/KeibaWeb/TodayRaceInfo/RaceMarkTable?k_raceDate=1981%2F09%2F06&k_raceNo=4&k_babaCode=21,data/cache/html/19810906_kawasaki_4.html
19810906_kawasaki_5,1981-09-06,kawasaki,5,https://www.keiba.go.jp/KeibaWeb/TodayRaceInfo/RaceMarkTable?k_raceDate=1981%2F09%2F06&k_raceNo=5&k_babaCode=21,data/cache/html/19810906_kawasaki_5.html
19810906_kawasaki_6,1981-09-06,kawasaki,6,https://www.keiba.go.jp/KeibaWeb/TodayRaceInfo/RaceMarkTable?k_raceDate=1981%2F09%2F06&k_raceNo=6&k_babaCode=21,data/cache/html/19810906_kawasaki_6.html
19810906_kawasaki_7,1981-09-06,kawasaki,7,https://www.keiba.go.jp/KeibaWeb/TodayRaceInfo/RaceMarkTable?k_raceDate=1981%2F09%2F06&k_raceNo=7&k_babaCode=21,data/cache/html/19810906_kawasaki_7.html
19810906_kawasaki_8,1981-09-06,kawasaki,8,https://www.keiba.go.jp/KeibaWeb/TodayRaceInfo/RaceMarkTable?k_raceDate=1981%2F09%2F06&k_raceNo=8&k_babaCode=21,data/cache/html/19810906_kawasaki_8.html
19810906_kawasaki_9,1981-09-06,kawasaki,9,https://www.keiba.go.jp/KeibaWeb/TodayRaceInfo/RaceMarkTable?k_raceDate=1981%2F09%2F06&k_raceNo=9&k_babaCode=21,data/cache/html/19810906_kawasaki_9.html
19810906_kawasaki_10,1981-09-06,kawasaki,10,https://www.keiba.go.jp/KeibaWeb/TodayRaceInfo/RaceMarkTable?k_raceDate=1981%2F09%2F06&k_raceNo=10&k_babaCode=21,data/cache/html/19810906_kawasaki_10.html
19810906_kawasaki_11,1981-09-06,kawasaki,11,https://www.keiba.go.jp/KeibaWeb/TodayRaceInfo/RaceMarkTable?k_raceDate=1981%2F09%2F06&k_raceNo=11&k_babaCode=21,data/cache/html/19810906_kawasaki_11.html
19810906_kawasaki_12,1981-09-06,kawasaki,12,https://www.keiba.go.jp/KeibaWeb/TodayRaceInfo/RaceMarkTable?k_raceDate=1981%2F09%2F06&k_raceNo=12&k_babaCode=21,data/cache/html/19810906_kawasaki_12.html
19810905_kawasaki_1,1981-09-05,kawasaki,1,https://www.keiba.go.jp/KeibaWeb/TodayRaceInfo/RaceMarkTable?k_raceDate=1981%2F09%2F05&k_raceNo=1&k_babaCode=21,data/cache/html/19810905_kawasaki_1.html
19810905_kawasaki_2,1981-09-05,kawasaki,2,https://www.keiba.go.jp/KeibaWeb/TodayRaceInfo/RaceMarkTable?k_raceDate=1981%2F09%2F05&k_raceNo=2&k_babaCode=21,data/cache/html/19810905_kawasaki_2.html
19810905_kawasaki_3,1981-09-05,kawasaki,3,https://www.keiba.go.jp/KeibaWeb/TodayRaceInfo/RaceMarkTable?k_raceDate=1981%2F09%2F05&k_raceNo=3&k_babaCode=21,data/cache/html/19810905_kawasaki_3.html
19810905_kawasaki_4,1981-09-05,kawasaki,4,https://www.keiba.go.jp/KeibaWeb/TodayRaceInfo/RaceMarkTable?k_raceDate=1981%2F09%2F05&k_raceNo=4&k_babaCode=21,data/cache/html/19810905_kawasaki_4.html
19810905_kawasaki_5,1981-09-05,kawasaki,5,https://www.keiba.go.jp/KeibaWeb/TodayRaceInfo/RaceMarkTable?k_raceDate=1981%2F09%2F05&k_raceNo=5&k_babaCode=21,data/cache/html/19810905_kawasaki_5.html
19810905_kawasaki_6,1981-09-05,kawasaki,6,https://www.keiba.go.jp/KeibaWeb/TodayRaceInfo/RaceMarkTable?k_raceDate=1981%2F09%2F05&k_raceNo=6&k_babaCode=21,data/cache/html/19810905_kawasaki_6.html
19810905_kawasaki_7,1981-09-05,kawasaki,7,https://www.keiba.go.jp/KeibaWeb/TodayRaceInfo/RaceMarkTable?k_raceDate=1981%2F09%2F05&k_raceNo=7&k_babaCode=21,data/cache/html/19810905_kawasaki_7.html
19810905_kawasaki_8,1981-09-05,kawasaki,8,https://www.keiba.go.jp/KeibaWeb/TodayRaceInfo/RaceMarkTable?k_raceDate=1981%2F09%2F05&k_raceNo=8&k_babaCode=21,data/cache/html/19810905_kawasaki_8.html
19810905_kawasaki_9,1981-09-05,kawasaki,9,https://www.keiba.go.jp/KeibaWeb/TodayRaceInfo/RaceMarkTable?k_raceDate=1981%2F09%2F05&k_raceNo=9&k_babaCode=21,data/cache/html/19810905_kawasaki_9.html
19810905_kawasaki_10,1981-09-05,kawasaki,10,https://www.keiba.go.jp/KeibaWeb/TodayRaceInfo/RaceMarkTable?k_raceDate=1981%2F09%2F05&k_raceNo=10&k_babaCode=21,data/cache/html/19810905_kawasaki_10.html
19810905_kawasaki_11,1981-09-05,kawasaki,11,https://www.keiba.go.jp/KeibaWeb/TodayRaceInfo/RaceMarkTable?k_raceDate=1981%2F09%2F05&k_raceNo=11&k_babaCode=21,data/cache/html/19810905_kawasaki_11.html
19810905_kawasaki_12,1981-09-05,kawasaki,12,https://www.keiba.go.jp/KeibaWeb/TodayRaceInfo/RaceMarkTable?k_raceDate=1981%2F09%2F05&k_raceNo=12&k_babaCode=21,data/cache/html/19810905_kawasaki_12.html
19810904_kawasaki_1,1981-09-04,kawasaki,1,https://www.keiba.go.jp/KeibaWeb/TodayRaceInfo/RaceMarkTable?k_raceDate=1981%2F09%2F04&k_raceNo=1&k_babaCode=21,data/cache/html/19810904_kawasaki_1.html
19810904_kawasaki_2,1981-09-04,kawasaki,2,https://www.keiba.go.jp/KeibaWeb/TodayRaceInfo/RaceMarkTable?k_raceDate=1981%2F09%2F04&k_raceNo=2&k_babaCode=21,data/cache/html/19810904_kawasaki_2.html
19810904_kawasaki_3,1981-09-04,kawasaki,3,https://www.keiba.go.jp/KeibaWeb/TodayRaceInfo/RaceMarkTable?k_raceDate=1981%2F09%2F04&k_raceNo=3&k_babaCode=21,data/cache/html/19810904_kawasaki_3.html
19810904_kawasaki_4,1981-09-04,kawasaki,4,https://www.keiba.go.jp/KeibaWeb/TodayRaceInfo/RaceMarkTable?k_raceDate=1981%2F09%2F04&k_raceNo=4&k_babaCode=21,data/cache/html/19810904_kawasaki_4.html
19810904_kawasaki_5,1981-09-04,kawasaki,5,https://www.keiba.go.jp/KeibaWeb/TodayRaceInfo/RaceMarkTable?k_raceDate=1981%2F09%2F04&k_raceNo=5&k_babaCode=21,data/cache/html/19810904_kawasaki_5.html
19810904_kawasaki_6,1981-09-04,kawasaki,6,https://www.keiba.go.jp/KeibaWeb/TodayRaceInfo/RaceMarkTable?k_raceDate=1981%2F09%2F04&k_raceNo=6&k_babaCode=21,data/cache/html/19810904_kawasaki_6.html
19810904_kawasaki_7,1981-09-04,kawasaki,7,https://www.keiba.go.jp/KeibaWeb/TodayRaceInfo/RaceMarkTable?k_raceDate=1981%2F09%2F04&k_raceNo=7&k_babaCode=21,data/cache/html/19810904_kawasaki_7.html
19810904_kawasaki_8,1981-09-04,kawasaki,8,https://www.keiba.go.jp/KeibaWeb/TodayRaceInfo/RaceMarkTable?k_raceDate=1981%2F09%2F04&k_raceNo=8&k_babaCode=21,data/cache/html/19810904_kawasaki_8.html
19810904_kawasaki_9,1981-09-04,kawasaki,9,https://www.keiba.go.jp/KeibaWeb/TodayRaceInfo/RaceMarkTable?k_raceDate=1981%2F09%2F04&k_raceNo=9&k_babaCode=21,data/cache/html/19810904_kawasaki_9.html
19810904_kawasaki_10,1981-09-04,kawasaki,10,https://www.keiba.go.jp/KeibaWeb/TodayRaceInfo/RaceMarkTable?k_raceDate=1981%2F09%2F04&k_raceNo=10&k_babaCode=21,data/cache/html/19810904_kawasaki_10.html
19810904_kawasaki_11,1981-09-04,kawasaki,11,https://www.keiba.go.jp/KeibaWeb/TodayRaceInfo/RaceMarkTable?k_raceDate=1981%2F09%2F04&k_raceNo=11&k_babaCode=21,data/cache/html/19810904_kawasaki_11.html
19810904_kawasaki_12,1981-09-04,kawasaki,12,https://www.keiba.go.jp/KeibaWeb/TodayRaceInfo/RaceMarkTable?k_raceDate=1981%2F09%2F04&k_raceNo=12&k_babaCode=21,data/cache/html/19810904_kawasaki_12.html
19810903_kawasaki_1,1981-09-03,kawasaki,1,https://www.keiba.go.jp/KeibaWeb/TodayRaceInfo/RaceMarkTable?k_raceDate=1981%2F09%2F03&k_raceNo=1&k_babaCode=21,data/cache/html/19810903_kawasaki_1.html
19810903_kawasaki_2,1981-09-03,kawasaki,2,https://www.keiba.go.jp/KeibaWeb/TodayRaceInfo/RaceMarkTable?k_raceDate=1981%2F09%2F03&k_raceNo=2&k_babaCode=21,data/cache/html/19810903_kawasaki_2.html
19810903_kawasaki_3,1981-09-03,kawasaki,3,https://www.keiba.go.jp/KeibaWeb/TodayRaceInfo/RaceMarkTable?k_raceDate=1981%2F09%2F03&k_raceNo=3&k_babaCode=21,data/cache/html/19810903_kawasaki_3.html
19810903_kawasaki_4,1981-09-03,kawasaki,4,https://www.keiba.go.jp/KeibaWeb/TodayRaceInfo/RaceMarkTable?k_raceDate=1981%2F09%2F03&k_raceNo=4&k_babaCode=21,data/cache/html/19810903_kawasaki_4.html
19810903_kawasaki_5,1981-09-03,kawasaki,5,https://www.keiba.go.jp/KeibaWeb/TodayRaceInfo/RaceMarkTable?k_raceDate=1981%2F09%2F03&k_raceNo=5&k_babaCode=21,data/cache/html/19810903_kawasaki_5.html
19810903_kawasaki_6,1981-09-03,kawasaki,6,https://www.keiba.go.jp/KeibaWeb/TodayRaceInfo/RaceMarkTable?k_raceDate=1981%2F09%2F03&k_raceNo=6&k_babaCode=21,data/cache/html/19810903_kawasaki_6.html
19810903_kawasaki_7,1981-09-03,kawasaki,7,https://www.keiba.go.jp/KeibaWeb/TodayRaceInfo/RaceMarkTable?k_raceDate=1981%2F09%2F03&k_raceNo=7&k_babaCode=21,data/cache/html/19810903_kawasaki_7.html
19810903_kawasaki_8,1981-09-03,kawasaki,8,https://www.keiba.go.jp/KeibaWeb/TodayRaceInfo/RaceMarkTable?k_raceDate=1981%2F09%2F03&k_raceNo=8&k_babaCode=21,data/cache/html/19810903_kawasaki_8.html
19810903_kawasaki_9,1981-09-03,kawasaki,9,https://www.keiba.go.jp/KeibaWeb/TodayRaceInfo/RaceMarkTable?k_raceDate=1981%2F09%2F03&k_raceNo=9&k_babaCode=21,data/cache/html/19810903_kawasaki_9.html
19810903_kawasaki_10,1981-09-03,kawasaki,10,https://www.keiba.go.jp/KeibaWeb/TodayRaceInfo/RaceMarkTable?k_raceDate=1981%2F09%2F03&k_raceNo=10&k_babaCode=21,data/cache/html/19810903_kawasaki_10.html
19810903_kawasaki_11,1981-09-03,kawasaki,11,https://www.keiba.go.jp/KeibaWeb/TodayRaceInfo/RaceMarkTable?k_raceDate=1981%2F09%2F03&k_raceNo=11&k_babaCode=21,data/cache/html/19810903_kawasaki_11.html
19810903_kawasaki_12,1981-09-03,kawasaki,12,https://www.keiba.go.jp/KeibaWeb/TodayRaceInfo/RaceMarkTable?k_raceDate=1981%2F09%2F03&k_raceNo=12&k_babaCode=21,data/cache/html/19810903_kawasaki_12.html
19810902_kawasaki_1,1981-09-02,kawasaki,1,https://www.keiba.go.jp/KeibaWeb/TodayRaceInfo/RaceMarkTable?k_raceDate=1981%2F09%2F02&k_raceNo=1&k_babaCode=21,data/cache/html/19810902_kawasaki_1.html
19810902_kawasaki_2,1981-09-02,kawasaki,2,https://www.keiba.go.jp/KeibaWeb/TodayRaceInfo/RaceMarkTable?k_raceDate=1981%2F09%2F02&k_raceNo=2&k_babaCode=21,data/cache/html/19810902_kawasaki_2.html
19810902_kawasaki_3,1981-09-02,kawasaki,3,https://www.keiba.go.jp/KeibaWeb/TodayRaceInfo/RaceMarkTable?k_raceDate=1981%2F09%2F02&k_raceNo=3&k_babaCode=21,data/cache/html/19810902_kawasaki_3.html
19810902_kawasaki_4,1981-09-02,kawasaki,4,https://www.keiba.go.jp/KeibaWeb/TodayRaceInfo/RaceMarkTable?k_raceDate=1981%2F09%2F02&k_raceNo=4&k_babaCode=21,data/cache/html/19810902_kawasaki_4.html
19810902_kawasaki_5,1981-09-02,kawasaki,5,https://www.keiba.go.jp/KeibaWeb/TodayRaceInfo/RaceMarkTable?k_raceDate=1981%2F09%2F02&k_raceNo=5&k_babaCode=21,data/cache/html/19810902_kawasaki_5.html
19810902_kawasaki_6,1981-09-02,kawasaki,6,https://www.keiba.go.jp/KeibaWeb/TodayRaceInfo/RaceMarkTable?k_raceDate=1981%2F09%2F02&k_raceNo=6&k_babaCode=21,data/cache/html/19810902_kawasaki_6.html
19810902_kawasaki_7,1981-09-02,kawasaki,7,https://www.keiba.go.jp/KeibaWeb/TodayRaceInfo/RaceMarkTable?k_raceDate=1981%2F09%2F02&k_raceNo=7&k_babaCode=21,data/cache/html/19810902_kawasaki_7.html
19810902_kawasaki_8,1981-09-02,kawasaki,8,https://www.keiba.go.jp/KeibaWeb/TodayRaceInfo/RaceMarkTable?k_raceDate=1981%2F09%2F02&k_raceNo=8&k_babaCode=21,data/cache/html/19810902_kawasaki_8.html
19810902_kawasaki_9,1981-09-02,kawasaki,9,https://www.keiba.go.jp/KeibaWeb/TodayRaceInfo/RaceMarkTable?k_raceDate=1981%2F09%2F02&k_raceNo=9&k_babaCode=21,data/cache/html/19810902_kawasaki_9.html
19810902_kawasaki_10,1981-09-02,kawasaki,10,https://www.keiba.go.jp/KeibaWeb/TodayRaceInfo/RaceMarkTable?k_raceDate=1981%2F09%2F02&k_raceNo=10&k_babaCode=21,data/cache/html/19810902_kawasaki_10.html
19810902_kawasaki_11,1981-09-02,kawasaki,11,https://www.keiba.go.jp/KeibaWeb/TodayRaceInfo/RaceMarkTable?k_raceDate=1981%2F09%2F02&k_raceNo=11&k_babaCode=21,data/cache/html/19810902_kawasaki_11.html
19810902_kawasaki_12,1981-09-02,kawasaki,12,https://www.keiba.go.jp/KeibaWeb/TodayRaceInfo/RaceMarkTable?k_raceDate=1981%2F09%2F02&k_raceNo=12&k_babaCode=21,data/cache/html/19810902_kawasaki_12.html
19810901_kawasaki_1,1981-09-01,kawasaki,1,https://www.keiba.go.jp/KeibaWeb/TodayRaceInfo/RaceMarkTable?k_raceDate=1981%2F09%2F01&k_raceNo=1&k_babaCode=21,data/cache/html/19810901_kawasaki_1.html
19810901_kawasaki_2,1981-09-01,kawasaki,2,https://www.keiba.go.jp/KeibaWeb/TodayRaceInfo/RaceMarkTable?k_raceDate=1981%2F09%2F01&k_raceNo=2&k_babaCode=21,data/cache/html/19810901_kawasaki_2.html
19810901_kawasaki_3,1981-09-01,kawasaki,3,https://www.keiba.go.jp/KeibaWeb/TodayRaceInfo/RaceMarkTable?k_raceDate=1981%2F09%2F01&k_raceNo=3&k_babaCode=21,data/cache/html/19810901_kawasaki_3.html
19810901_kawasaki_4,1981-09-01,kawasaki,4,https://www.keiba.go.jp/KeibaWeb/TodayRaceInfo/RaceMarkTable?k_raceDate=1981%2F09%2F01&k_raceNo=4&k_babaCode=21,data/cache/html/19810901_kawasaki_4.html
19810901_kawasaki_5,1981-09-01,kawasaki,5,https://www.keiba.go.jp/KeibaWeb/TodayRaceInfo/RaceMarkTable?k_raceDate=1981%2F09%2F01&k_raceNo=5&k_babaCode=21,data/cache/html/19810901_kawasaki_5.html
19810901_kawasaki_6,1981-09-01,kawasaki,6,https://www.keiba.go.jp/KeibaWeb/TodayRaceInfo/RaceMarkTable?k_raceDate=1981%2F09%2F01&k_raceNo=6&k_babaCode=21,data/cache/html/19810901_kawasaki_6.html
19810901_kawasaki_7,1981-09-01,kawasaki,7,https://www.keiba.go.jp/KeibaWeb/TodayRaceInfo/RaceMarkTable?k_raceDate=1981%2F09%2F01&k_raceNo=7&k_babaCode=21,data/cache/html/19810901_kawasaki_7.html
19810901_kawasaki_8,1981-09-01,kawasaki,8,https://www.keiba.go.jp/KeibaWeb/TodayRaceInfo/RaceMarkTable?k_raceDate=1981%2F09%2F01&k_raceNo=8&k_babaCode=21,data/cache/html/19810901_kawasaki_8.html
19810901_kawasaki_9,1981-09-01,kawasaki,9,https://www.keiba.go.jp/KeibaWeb/TodayRaceInfo/RaceMarkTable?k_raceDate=1981%2F09%2F01&k_raceNo=9&k_babaCode=21,data/cache/html/19810901_kawasaki_9.html
19810901_kawasaki_10,1981-09-01,kawasaki,10,https://www.keiba.go.jp/KeibaWeb/TodayRaceInfo/RaceMarkTable?k_raceDate=1981%2F09%2F01&k_raceNo=10&k_babaCode=21,data/cache/html/19810901_kawasaki_10.html
19810901_kawasaki_11,1981-09-01,kawasaki,11,https://www.keiba.go.jp/KeibaWeb/TodayRaceInfo/RaceMarkTable?k_raceDate=1981%2F09%2F01&k_raceNo=11&k_babaCode=21,data/cache/html/19810901_kawasaki_11.html
19810901_kawasaki_12,1981-09-01,kawasaki,12,https://www.keiba.go.jp/KeibaWeb/TodayRaceInfo/RaceMarkTable?k_raceDate=1981%2F09%2F01&k_raceNo=12&k_babaCode=21,data/cache/html/19810901_kawasaki_12.html
19810831_kawasaki_1,1981-08-31,kawasaki,1,https://www.keiba.go.jp/KeibaWeb/TodayRaceInfo/RaceMarkTable?k_raceDate=1981%2F08%2F31&k_raceNo=1&k_babaCode=21,data/cache/html/19810831_kawasaki_1.html
19810831_kawasaki_2,1981-08-31,kawasaki,2,https://www.keiba.go.jp/KeibaWeb/TodayRaceInfo/RaceMarkTable?k_raceDate=1981%2F08%2F31&k_raceNo=2&k_babaCode=21,data/cache/html/19810831_kawasaki_2.html
19810831_kawasaki_3,1981-08-31,kawasaki,3,https://www.keiba.go.jp/KeibaWeb/TodayRaceInfo/RaceMarkTable?k_raceDate=1981%2F08%2F31&k_raceNo=3&k_babaCode=21,data/cache/html/19810831_kawasaki_3.html
19810831_kawasaki_4,1981-08-31,kawasaki,4,https://www.keiba.go.jp/KeibaWeb/TodayRaceInfo/RaceMarkTable?k_raceDate=1981%2F08%2F31&k_raceNo=4&k_babaCode=21,data/cache/html/19810831_kawasaki_4.html
19810831_kawasaki_5,1981-08-31,kawasaki,5,https://www.keiba.go.jp/KeibaWeb/TodayRaceInfo/RaceMarkTable?k_raceDate=1981%2F08%2F31&k_raceNo=5&k_babaCode=21,data/cache/html/19810831_kawasaki_5.html
19810831_kawasaki_6,1981-08-31,kawasaki,6,https://www.keiba.go.jp/KeibaWeb/TodayRaceInfo/RaceMarkTable?k_raceDate=1981%2F08%2F31&k_raceNo=6&k_babaCode=21,data/cache/html/19810831_kawasaki_6.html
19810831_kawasaki_7,1981-08-31,kawasaki,7,https://www.keiba.go.jp/KeibaWeb/TodayRaceInfo/RaceMarkTable?k_raceDate=1981%2F08%2F31&k_raceNo=7&k_babaCode=21,data/cache/html/19810831_kawasaki_7.html
19810831_kawasaki_8,1981-08-31,kawasaki,8,https://www.keiba.go.jp/KeibaWeb/TodayRaceInfo/RaceMarkTable?k_raceDate=1981%2F08%2F31&k_raceNo=8&k_babaCode=21,data/cache/html/19810831_kawasaki_8.html
19810831_kawasaki_9,1981-08-31,kawasaki,9,https://www.keiba.go.jp/KeibaWeb/TodayRaceInfo/RaceMarkTable?k_raceDate=1981%2F08%2F31&k_raceNo=9&k_babaCode=21,data/cache/html/19810831_kawasaki_9.html
19810831_kawasaki_10,1981-08-31,kawasaki,10,https://www.keiba.go.jp/KeibaWeb/TodayRaceInfo/RaceMarkTable?k_raceDate=1981%2F08%2F31&k_raceNo=10&k_babaCode=21,data/cache/html/19810831_kawasaki_10.html
19810831_kawasaki_11,1981-08-31,kawasaki,11,https://www.keiba.go.jp/KeibaWeb/TodayRaceInfo/RaceMarkTable?k_raceDate=1981%2F08%2F31&k_raceNo=11&k_babaCode=21,data/cache/html/19810831_kawasaki_11.html
19810831_kawasaki_12,1981-08-31,kawasaki,12,https://www.keiba.go.jp/KeibaWeb/TodayRaceInfo/RaceMarkTable?k_raceDate=1981%2F08%2F31&k_raceNo=12&k_babaCode=21,data/cache/html/19810831_kawasaki_12.html
19810830_kawasaki_1,1981-08-30,kawasaki,1,https://www.keiba.go.jp/KeibaWeb/TodayRaceInfo/RaceMarkTable?k_raceDate=1981%2F08%2F30&k_raceNo=1&k_babaCode=21,data/cache/html/19810830_kawasaki_1.html
19810830_kawasaki_2,1981-08-30,kawasaki,2,https://www.keiba.go.jp/KeibaWeb/TodayRaceInfo/RaceMarkTable?k_raceDate=1981%2F08%2F30&k_raceNo=2&k_babaCode=21,data/cache/html/19810830_kawasaki_2.html
19810830_kawasaki_3,1981-08-30,kawasaki,3,https://www.keiba.go.jp/KeibaWeb/TodayRaceInfo/RaceMarkTable?k_raceDate=1981%2F08%2F30&k_raceNo=3&k_babaCode=21,data/cache/html/19810830_kawasaki_3.html
19810830_kawasaki_4,1981-08-30,kawasaki,4,https://www.keiba.go.jp/KeibaWeb/TodayRaceInfo/RaceMarkTable?k_raceDate=1981%2F08%2F30&k_raceNo=4&k_babaCode=21,data/cache/html/19810830_kawasaki_4.html
19810830_kawasaki_5,1981-08-30,kawasaki,5,https://www.keiba.go.jp/KeibaWeb/TodayRaceInfo/RaceMarkTable?k_raceDate=1981%2F08%2F30&k_raceNo=5&k_babaCode=21,data/cache/html/19810830_kawasaki_5.html
19810830_kawasaki_6,1981-08-30,kawasaki,6,https://www.keiba.go.jp/KeibaWeb/TodayRaceInfo/RaceMarkTable?k_raceDate=1981%2F08%2F30&k_raceNo=6&k_babaCode=21,data/cache/html/19810830_kawasaki_6.html
19810830_kawasaki_7,1981-08-30,kawasaki,7,https://www.keiba.go.jp/KeibaWeb/TodayRaceInfo/RaceMarkTable?k_raceDate=1981%2F08%2F30&k_raceNo=7&k_babaCode=21,data/cache/html/19810830_kawasaki_7.html
19810830_kawasaki_8,1981-08-30,kawasaki,8,https://www.keiba.go.jp/KeibaWeb/TodayRaceInfo/RaceMarkTable?k_raceDate=1981%2F08%2F30&k_raceNo=8&k_babaCode=21,data/cache/html/19810830_kawasaki_8.html
19810830_kawasaki_9,1981-08-30,kawasaki,9,https://www.keiba.go.jp/KeibaWeb/TodayRaceInfo/RaceMarkTable?k_raceDate=1981%2F08%2F30&k_raceNo=9&k_babaCode=21,data/cache/html/19810830_kawasaki_9.html
19810830_kawasaki_10,1981-08-30,kawasaki,10,https://www.keiba.go.jp/KeibaWeb/TodayRaceInfo/RaceMarkTable?k_raceDate=1981%2F08%2F30&k_raceNo=10&k_babaCode=21,data/cache/html/19810830_kawasaki_10.html
19810830_kawasaki_11,1981-08-30,kawasaki,11,https://www.keiba.go.jp/KeibaWeb/TodayRaceInfo/RaceMarkTable?k_raceDate=1981%2F08%2F30&k_raceNo=11&k_babaCode=21,data/cache/html/19810830_kawasaki_11.html
19810830_kawasaki_12,1981-08-30,kawasaki,12,https://www.keiba.go.jp/KeibaWeb/TodayRaceInfo/RaceMarkTable?k_raceDate=1981%2F08%2F30&k_raceNo=12&k_babaCode=21,data/cache/html/19810830_kawasaki_12.html
19810829_kawasaki_1,1981-08-29,kawasaki,1,https://www.keiba.go.jp/KeibaWeb/TodayRaceInfo/RaceMarkTable?k_raceDate=1981%2F08%2F29&k_raceNo=1&k_babaCode=21,data/cache/html/19810829_kawasaki_1.html
19810829_kawasaki_2,1981-08-29,kawasaki,2,https://www.keiba.go.jp/KeibaWeb/TodayRaceInfo/RaceMarkTable?k_raceDate=1981%2F08%2F29&k_raceNo=2&k_babaCode=21,data/cache/html/19810829_kawasaki_2.html
19810829_kawasaki_3,1981-08-29,kawasaki,3,https://www.keiba.go.jp/KeibaWeb/TodayRaceInfo/RaceMarkTable?k_raceDate=1981%2F08%2F29&k_raceNo=3&k_babaCode=21,data/cache/html/19810829_kawasaki_3.html
19810829_kawasaki_4,1981-08-29,kawasaki,4,https://www.keiba.go.jp/KeibaWeb/TodayRaceInfo/RaceMarkTable?k_raceDate=1981%2F08%2F29&k_raceNo=4&k_babaCode=21,data/cache/html/19810829_kawasaki_4.html
19810829_kawasaki_5,1981-08-29,kawasaki,5,https://www.keiba.go.jp/KeibaWeb/TodayRaceInfo/RaceMarkTable?k_raceDate=1981%2F08%2F29&k_raceNo=5&k_babaCode=21,data/cache/html/19810829_kawasaki_5.html
19810829_kawasaki_6,1981-08-29,kawasaki,6,https://www.keiba.go.jp/KeibaWeb/TodayRaceInfo/RaceMarkTable?k_raceDate=1981%2F08%2F29&k_raceNo=6&k_babaCode=21,data/cache/html/19810829_kawasaki_6.html
19810829_kawasaki_7,1981-08-29,kawasaki,7,https://www.keiba.go.jp/KeibaWeb/TodayRaceInfo/RaceMarkTable?k_raceDate=1981%2F08%2F29&k_raceNo=7&k_babaCode=21,data/cache/html/19810829_kawasaki_7.html
19810829_kawasaki_8,1981-08-29,kawasaki,8,https://www.keiba.go.jp/KeibaWeb/TodayRaceInfo/RaceMarkTable?k_raceDate=1981%2F08%2F29&k_raceNo=8&k_babaCode=21,data/cache/html/19810829_kawasaki_8.html
19810829_kawasaki_9,1981-08-29,kawasaki,9,https://www.keiba.go.jp/KeibaWeb/TodayRaceInfo/RaceMarkTable?k_raceDate=1981%2F08%2F29&k_raceNo=9&k_babaCode=21,data/cache/html/19810829_kawasaki_9.html
19810829_kawasaki_10,1981-08-29,kawasaki,10,https://www.keiba.go.jp/KeibaWeb/TodayRaceInfo/RaceMarkTable?k_raceDate=1981%2F08%2F29&k_raceNo=10&k_babaCode=21,data/cache/html/19810829_kawasaki_10.html
19810829_kawasaki_11,1981-08-29,kawasaki,11,https://www.keiba.go.jp/KeibaWeb/TodayRaceInfo/RaceMarkTable?k_raceDate=1981%2F08%2F29&k_raceNo=11&k_babaCode=21,data/cache/html/19810829_kawasaki_11.html
19810829_kawasaki_12,1981-08-29,kawasaki,12,https://www.keiba.go.jp/KeibaWeb/TodayRaceInfo/RaceMarkTable?k_raceDate=1981%2F08%2F29&k_raceNo=12&k_babaCode=21,data/cache/html/19810829_kawasaki_12.html
19810828_kawasaki_1,1981-08-28,kawasaki,1,https://www.keiba.go.jp/KeibaWeb/TodayRaceInfo/RaceMarkTable?k_raceDate=1981%2F08%2F28&k_raceNo=1&k_babaCode=21,data/cache/html/19810828_kawasaki_1.html
19810828_kawasaki_2,1981-08-28,kawasaki,2,https://www.keiba.go.jp/KeibaWeb/TodayRaceInfo/RaceMarkTable?k_raceDate=1981%2F08%2F28&k_raceNo=2&k_babaCode=21,data/cache/html/19810828_kawasaki_2.html
19810828_kawasaki_3,1981-08-28,kawasaki,3,https://www.keiba.go.jp/KeibaWeb/TodayRaceInfo/RaceMarkTable?k_raceDate=1981%2F08%2F28&k_raceNo=3&k_babaCode=21,data/cache/html/19810828_kawasaki_3.html
19810828_kawasaki_4,1981-08-28,kawasaki,4,https://www.keiba.go.jp/KeibaWeb/TodayRaceInfo/RaceMarkTable?k_raceDate=1981%2F08%2F28&k_raceNo=4&k_babaCode=21,data/cache/html/19810828_kawasaki_4.html
19810828_kawasaki_5,1981-08-28,kawasaki,5,https://www.keiba.go.jp/KeibaWeb/TodayRaceInfo/RaceMarkTable?k_raceDate=1981%2F08%2F28&k_raceNo=5&k_babaCode=21,data/cache/html/19810828_kawasaki_5.html
19810828_kawasaki_6,1981-08-28,kawasaki,6,https://www.keiba.go.jp/KeibaWeb/TodayRaceInfo/RaceMarkTable?k_raceDate=1981%2F08%2F28&k_raceNo=6&k_babaCode=21,data/cache/html/19810828_kawasaki_6.html
19810828_kawasaki_7,1981-08-28,kawasaki,7,https://www.keiba.go.jp/KeibaWeb/TodayRaceInfo/RaceMarkTable?k_raceDate=1981%2F08%2F28&k_raceNo=7&k_babaCode=21,data/cache/html/19810828_kawasaki_7.html
19810828_kawasaki_8,1981-08-28,kawasaki,8,https://www.keiba.go.jp/KeibaWeb/TodayRaceInfo/RaceMarkTable?k_raceDate=1981%2F08%2F28&k_raceNo=8&k_babaCode=21,data/cache/html/19810828_kawasaki_8.html
19810828_kawasaki_9,1981-08-28,kawasaki,9,https://www.keiba.go.jp/KeibaWeb/TodayRaceInfo/RaceMarkTable?k_raceDate=1981%2F08%2F28&k_raceNo=9&k_babaCode=21,data/cache/html/19810828_kawasaki_9.html
19810828_kawasaki_10,1981-08-28,kawasaki,10,https://www.keiba.go.jp/KeibaWeb/TodayRaceInfo/RaceMarkTable?k_raceDate=1981%2F08%2F28&k_raceNo=10&k_babaCode=21,data/cache/html/19810828_kawasaki_10.html
19810828_kawasaki_11,1981-08-28,kawasaki,11,https://www.keiba.go.jp/KeibaWeb/TodayRaceInfo/RaceMarkTable?k_raceDate=1981%2F08%2F28&k_raceNo=11&k_babaCode=21,data/cache/html/19810828_kawasaki_11.html
19810828_kawasaki_12,1981-08-28,kawasaki,12,https://www.keiba.go.jp/KeibaWeb/TodayRaceInfo/RaceMarkTable?k_raceDate=1981%2F08%2F28&k_raceNo=12&k_babaCode=21,data/cache/html/19810828_kawasaki_12.html
19810827_kawasaki_1,1981-08-27,kawasaki,1,https://www.keiba.go.jp/KeibaWeb/TodayRaceInfo/RaceMarkTable?k_raceDate=1981%2F08%2F27&k_raceNo=1&k_babaCode=21,data/cache/html/19810827_kawasaki_1.html
19810827_kawasaki_2,1981-08-27,kawasaki,2,https://www.keiba.go.jp/KeibaWeb/TodayRaceInfo/RaceMarkTable?k_raceDate=1981%2F08%2F27&k_raceNo=2&k_babaCode=21,data/cache/html/19810827_kawasaki_2.html
19810827_kawasaki_3,1981-08-27,kawasaki,3,https://www.keiba.go.jp/KeibaWeb/TodayRaceInfo/RaceMarkTable?k_raceDate=1981%2F08%2F27&k_raceNo=3&k_babaCode=21,data/cache/html/19810827_kawasaki_3.html
19810827_kawasaki_4,1981-08-27,kawasaki,4,https://www.keiba.go.jp/KeibaWeb/TodayRaceInfo/RaceMarkTable?k_raceDate=1981%2F08%2F27&k_raceNo=4&k_babaCode=21,data/cache/html/19810827_kawasaki_4.html
19810827_kawasaki_5,1981-08-27,kawasaki,5,https://www.keiba.go.jp/KeibaWeb/TodayRaceInfo/RaceMarkTable?k_raceDate=1981%2F08%2F27&k_raceNo=5&k_babaCode=21,data/cache/html/19810827_kawasaki_5.html
19810827_kawasaki_6,1981-08-27,kawasaki,6,https://www.keiba.go.jp/KeibaWeb/TodayRaceInfo/RaceMarkTable?k_raceDate=1981%2F08%2F27&k_raceNo=6&k_babaCode=21,data/cache/html/19810827_kawasaki_6.html
19810827_kawasaki_7,1981-08-27,kawasaki,7,https://www.keiba.go.jp/KeibaWeb/TodayRaceInfo/RaceMarkTable?k_raceDate=1981%2F08%2F27&k_raceNo=7&k_babaCode=21,data/cache/html/19810827_kawasaki_7.html
19810827_kawasaki_8,1981-08-27,kawasaki,8,https://www.keiba.go.jp/KeibaWeb/TodayRaceInfo/RaceMarkTable?k_raceDate=1981%2F08%2F27&k_raceNo=8&k_babaCode=21,data/cache/html/19810827_kawasaki_8.html
19810827_kawasaki_9,1981-08-27,kawasaki,9,https://www.keiba.go.jp/KeibaWeb/TodayRaceInfo/RaceMarkTable?k_raceDate=1981%2F08%2F27&k_raceNo=9&k_babaCode=21,data/cache/html/19810827_kawasaki_9.html
19810827_kawasaki_10,1981-08-27,kawasaki,10,https://www.keiba.go.jp/KeibaWeb/TodayRaceInfo/RaceMarkTable?k_raceDate=1981%2F08%2F27&k_raceNo=10&k_babaCode=21,data/cache/html/19810827_kawasaki_10.html
19810827_kawasaki_11,1981-08-27,kawasaki,11,https://www.keiba.go.jp/KeibaWeb/TodayRaceInfo/RaceMarkTable?k_raceDate=1981%2F08%2F27&k_raceNo=11&k_babaCode=21,data/cache/html/19810827_kawasaki_11.html
19810827_kawasaki_12,1981-08-27,kawasaki,12,https://www.keiba.go.jp/KeibaWeb/TodayRaceInfo/RaceMarkTable?k_raceDate=1981%2F08%2F27&k_raceNo=12&k_babaCode=21,data/cache/html/19810827_kawasaki_12.html
19810826_kawasaki_1,1981-08-26,kawasaki,1,https://www.keiba.go.jp/KeibaWeb/TodayRaceInfo/RaceMarkTable?k_raceDate=1981%2F08%2F26&k_raceNo=1&k_babaCode=21,data/cache/html/19810826_kawasaki_1.html
19810826_kawasaki_2,1981-08-26,kawasaki,2,https://www.keiba.go.jp/KeibaWeb/TodayRaceInfo/RaceMarkTable?k_raceDate=1981%2F08%2F26&k_raceNo=2&k_babaCode=21,data/cache/html/19810826_kawasaki_2.html
19810826_kawasaki_3,1981-08-26,kawasaki,3,https://www.keiba.go.jp/KeibaWeb/TodayRaceInfo/RaceMarkTable?k_raceDate=1981%2F08%2F26&k_raceNo=3&k_babaCode=21,data/cache/html/19810826_kawasaki_3.html
19810826_kawasaki_4,1981-08-26,kawasaki,4,https://www.keiba.go.jp/KeibaWeb/TodayRaceInfo/RaceMarkTable?k_raceDate=1981%2F08%2F26&k_raceNo=4&k_babaCode=21,data/cache/html/19810826_kawasaki_4.html
19810826_kawasaki_5,1981-08-26,kawasaki,5,https://www.keiba.go.jp/KeibaWeb/TodayRaceInfo/RaceMarkTable?k_raceDate=1981%2F08%2F26&k_raceNo=5&k_babaCode=21,data/cache/html/19810826_kawasaki_5.html
19810826_kawasaki_6,1981-08-26,kawasaki,6,https://www.keiba.go.jp/KeibaWeb/TodayRaceInfo/RaceMarkTable?k_raceDate=1981%2F08%2F26&k_raceNo=6&k_babaCode=21,data/cache/html/19810826_kawasaki_6.html
19810826_kawasaki_7,1981-08-26,kawasaki,7,https://www.keiba.go.jp/KeibaWeb/TodayRaceInfo/RaceMarkTable?k_raceDate=1981%2F08%2F26&k_raceNo=7&k_babaCode=21,data/cache/html/19810826_kawasaki_7.html
19810826_kawasaki_8,1981-08-26,kawasaki,8,https://www.keiba.go.jp/KeibaWeb/TodayRaceInfo/RaceMarkTable?k_raceDate=1981%2F08%2F26&k_raceNo=8&k_babaCode=21,data/cache/html/19810826_kawasaki_8.html
19810826_kawasaki_9,1981-08-26,kawasaki,9,https://www.keiba.go.jp/KeibaWeb/TodayRaceInfo/RaceMarkTable?k_raceDate=1981%2F08%2F26&k_raceNo=9&k_babaCode=21,data/cache/html/19810826_kawasaki_9.html
19810826_kawasaki_10,1981-08-26,kawasaki,10,https://www.keiba.go.jp/KeibaWeb/TodayRaceInfo/RaceMarkTable?k_raceDate=1981%2F08%2F26&k_raceNo=10&k_babaCode=21,data/cache/html/19810826_kawasaki_10.html
19810826_kawasaki_11,1981-08-26,kawasaki,11,https://www.keiba.go.jp/KeibaWeb/TodayRaceInfo/RaceMarkTable?k_raceDate=1981%2F08%2F26&k_raceNo=11&k_babaCode=21,data/cache/html/19810826_kawasaki_11.html
19810826_kawasaki_12,1981-08-26,kawasaki,12,https://www.keiba.go.jp/KeibaWeb/TodayRaceInfo/RaceMarkTable?k_raceDate=1981%2F08%2F26&k_raceNo=12&k_babaCode=21,data/cache/html/19810826_kawasaki_12.html
19810825_kawasaki_1,1981-08-25,kawasaki,1,https://www.keiba.go.jp/KeibaWeb/TodayRaceInfo/RaceMarkTable?k_raceDate=1981%2F08%2F25&k_raceNo=1&k_babaCode=21,data/cache/html/19810825_kawasaki_1.html
19810825_kawasaki_2,1981-08-25,kawasaki,2,https://www.keiba.go.jp/KeibaWeb/TodayRaceInfo/RaceMarkTable?k_raceDate=1981%2F08%2F25&k_raceNo=2&k_babaCode=21,data/cache/html/19810825_kawasaki_2.html
19810825_kawasaki_3,1981-08-25,kawasaki,3,https://www.keiba.go.jp/KeibaWeb/TodayRaceInfo/RaceMarkTable?k_raceDate=1981%2F08%2F25&k_raceNo=3&k_babaCode=21,data/cache/html/19810825_kawasaki_3.html
19810825_kawasaki_4,1981-08-25,kawasaki,4,https://www.keiba.go.jp/KeibaWeb/TodayRaceInfo/RaceMarkTable?k_raceDate=1981%2F08%2F25&k_raceNo=4&k_babaCode=21,data/cache/html/19810825_kawasaki_4.html
19810825_kawasaki_5,1981-08-25,kawasaki,5,https://www.keiba.go.jp/KeibaWeb/TodayRaceInfo/RaceMarkTable?k_raceDate=1981%2F08%2F25&k_raceNo=5&k_babaCode=21,data/cache/html/19810825_kawasaki_5.html
19810825_kawasaki_6,1981-08-25,kawasaki,6,https://www.keiba.go.jp/KeibaWeb/TodayRaceInfo/RaceMarkTable?k_raceDate=1981%2F08%2F25&k_raceNo=6&k_babaCode=21,data/cache/html/19810825_kawasaki_6.html
19810825_kawasaki_7,1981-08-25,kawasaki,7,https://www.keiba.go.jp/KeibaWeb/TodayRaceInfo/RaceMarkTable?k_raceDate=1981%2F08%2F25&k_raceNo=7&k_babaCode=21,data/cache/html/19810825_kawasaki_7.html
19810825_kawasaki_8,1981-08-25,kawasaki,8,https://www.keiba.go.jp/KeibaWeb/TodayRaceInfo/RaceMarkTable?k_raceDate=1981%2F08%2F25&k_raceNo=8&k_babaCode=21,data/cache/html/19810825_kawasaki_8.html
19810825_kawasaki_9,1981-08-25,kawasaki,9,https://www.keiba.go.jp/KeibaWeb/TodayRaceInfo/RaceMarkTable?k_raceDate=1981%2F08%2F25&k_raceNo=9&k_babaCode=21,data/cache/html/19810825_kawasaki_9.html
19810825_kawasaki_10,1981-08-25,kawasaki,10,https://www.keiba.go.jp/KeibaWeb/TodayRaceInfo/RaceMarkTable?k_raceDate=1981%2F08%2F25&k_raceNo=10&k_babaCode=21,data/cache/html/19810825_kawasaki_10.html
19810825_kawasaki_11,1981-08-25,kawasaki,11,https://www.keiba.go.jp/KeibaWeb/TodayRaceInfo/RaceMarkTable?k_raceDate=1981%2F08%2F25&k_raceNo=11&k_babaCode=21,data/cache/html/19810825_kawasaki_11.html
19810825_kawasaki_12,1981-08-25,kawasaki,12,https://www.keiba.go.jp/KeibaWeb/TodayRaceInfo/RaceMarkTable?k_raceDate=1981%2F08%2F25&k_raceNo=12&k_babaCode=21,data/cache/html/19810825_kawasaki_12.html
19810824_kawasaki_1,1981-08-24,kawasaki,1,https://www.keiba.go.jp/KeibaWeb/TodayRaceInfo/RaceMarkTable?k_raceDate=1981%2F08%2F24&k_raceNo=1&k_babaCode=21,data/cache/html/19810824_kawasaki_1.html
19810824_kawasaki_2,1981-08-24,kawasaki,2,https://www.keiba.go.jp/KeibaWeb/TodayRaceInfo/RaceMarkTable?k_raceDate=1981%2F08%2F24&k_raceNo=2&k_babaCode=21,data/cache/html/19810824_kawasaki_2.html
19810824_kawasaki_3,1981-08-24,kawasaki,3,https://www.keiba.go.jp/KeibaWeb/TodayRaceInfo/RaceMarkTable?k_raceDate=1981%2F08%2F24&k_raceNo=3&k_babaCode=21,data/cache/html/19810824_kawasaki_3.html
19810824_kawasaki_4,1981-08-24,kawasaki,4,https://www.keiba.go.jp/KeibaWeb/TodayRaceInfo/RaceMarkTable?k_raceDate=1981%2F08%2F24&k_raceNo=4&k_babaCode=21,data/cache/html/19810824_kawasaki_4.html
19810824_kawasaki_5,1981-08-24,kawasaki,5,https://www.keiba.go.jp/KeibaWeb/TodayRaceInfo/RaceMarkTable?k_raceDate=1981%2F08%2F24&k_raceNo=5&k_babaCode=21,data/cache/html/19810824_kawasaki_5.html
19810824_kawasaki_6,1981-08-24,kawasaki,6,https://www.keiba.go.jp/KeibaWeb/TodayRaceInfo/RaceMarkTable?k_raceDate=1981%2F08%2F24&k_raceNo=6&k_babaCode=21,data/cache/html/19810824_kawasaki_6.html
19810824_kawasaki_7,1981-08-24,kawasaki,7,https://www.keiba.go.jp/KeibaWeb/TodayRaceInfo/RaceMarkTable?k_raceDate=1981%2F08%2F24&k_raceNo=7&k_babaCode=21,data/cache/html/19810824_kawasaki_7.html
19810824_kawasaki_8,1981-08-24,kawasaki,8,https://www.keiba.go.jp/KeibaWeb/TodayRaceInfo/RaceMarkTable?k_raceDate=1981%2F08%2F24&k_raceNo=8&k_babaCode=21,data/cache/html/19810824_kawasaki_8.html
19810824_kawasaki_9,1981-08-24,kawasaki,9,https://www.keiba.go.jp/KeibaWeb/TodayRaceInfo/RaceMarkTable?k_raceDate=1981%2F08%2F24&k_raceNo=9&k_babaCode=21,data/cache/html/19810824_kawasaki_9.html
19810824_kawasaki_10,1981-08-24,kawasaki,10,https://www.keiba.go.jp/KeibaWeb/TodayRaceInfo/RaceMarkTable?k_raceDate=1981%2F08%2F24&k_raceNo=10&k_babaCode=21,data/cache/html/19810824_kawasaki_10.html
19810824_kawasaki_11,1981-08-24,kawasaki,11,https://www.keiba.go.jp/KeibaWeb/TodayRaceInfo/RaceMarkTable?k_raceDate=1981%2F08%2F24&k_raceNo=11&k_babaCode=21,data/cache/html/19810824_kawasaki_11.html
19810824_kawasaki_12,1981-08-24,kawasaki,12,https://www.keiba.go.jp/KeibaWeb/TodayRaceInfo/RaceMarkTable?k_raceDate=1981%2F08%2F24&k_raceNo=12&k_babaCode=21,data/cache/html/19810824_kawasaki_12.html
19810823_kawasaki_1,1981-08-23,kawasaki,1,https://www.keiba.go.jp/KeibaWeb/TodayRaceInfo/RaceMarkTable?k_raceDate=1981%2F08%2F23&k_raceNo=1&k_babaCode=21,data/cache/html/19810823_kawasaki_1.html
19810823_kawasaki_2,1981-08-23,kawasaki,2,https://www.keiba.go.jp/KeibaWeb/TodayRaceInfo/RaceMarkTable?k_raceDate=1981%2F08%2F23&k_raceNo=2&k_babaCode=21,data/cache/html/19810823_kawasaki_2.html
19810823_kawasaki_3,1981-08-23,kawasaki,3,https://www.keiba.go.jp/KeibaWeb/TodayRaceInfo/RaceMarkTable?k_raceDate=1981%2F08%2F23&k_raceNo=3&k_babaCode=21,data/cache/html/19810823_kawasaki_3.html
19810823_kawasaki_4,1981-08-23,kawasaki,4,https://www.keiba.go.jp/KeibaWeb/TodayRaceInfo/RaceMarkTable?k_raceDate=1981%2F08%2F23&k_raceNo=4&k_babaCode=21,data/cache/html/19810823_kawasaki_4.html
19810823_kawasaki_5,1981-08-23,kawasaki,5,https://www.keiba.go.jp/KeibaWeb/TodayRaceInfo/RaceMarkTable?k_raceDate=1981%2F08%2F23&k_raceNo=5&k_babaCode=21,data/cache/html/19810823_kawasaki_5.html
19810823_kawasaki_6,1981-08-23,kawasaki,6,https://www.keiba.go.jp/KeibaWeb/TodayRaceInfo/RaceMarkTable?k_raceDate=1981%2F08%2F23&k_raceNo=6&k_babaCode=21,data/cache/html/19810823_kawasaki_6.html
19810823_kawasaki_7,1981-08-23,kawasaki,7,https://www.keiba.go.jp/KeibaWeb/TodayRaceInfo/RaceMarkTable?k_raceDate=1981%2F08%2F23&k_raceNo=7&k_babaCode=21,data/cache/html/19810823_kawasaki_7.html
19810823_kawasaki_8,1981-08-23,kawasaki,8,https://www.keiba.go.jp/KeibaWeb/TodayRaceInfo/RaceMarkTable?k_raceDate=1981%2F08%2F23&k_raceNo=8&k_babaCode=21,data/cache/html/19810823_kawasaki_8.html
19810823_kawasaki_9,1981-08-23,kawasaki,9,https://www.keiba.go.jp/KeibaWeb/TodayRaceInfo/RaceMarkTable?k_raceDate=1981%2F08%2F23&k_raceNo=9&k_babaCode=21,data/cache/html/19810823_kawasaki_9.html
19810823_kawasaki_10,1981-08-23,kawasaki,10,https://www.keiba.go.jp/KeibaWeb/TodayRaceInfo/RaceMarkTable?k_raceDate=1981%2F08%2F23&k_raceNo=10&k_babaCode=21,data/cache/html/19810823_kawasaki_10.html
19810823_kawasaki_11,1981-08-23,kawasaki,11,https://www.keiba.go.jp/KeibaWeb/TodayRaceInfo/RaceMarkTable?k_raceDate=1981%2F08%2F23&k_raceNo=11&k_babaCode=21,data/cache/html/19810823_kawasaki_11.html
19810823_kawasaki_12,1981-08-23,kawasaki,12,https://www.keiba.go.jp/KeibaWeb/TodayRaceInfo/RaceMarkTable?k_raceDate=1981%2F08%2F23&k_raceNo=12&k_babaCode=21,data/cache/html/19810823_kawasaki_12.html
19810822_kawasaki_1,1981-08-22,kawasaki,1,https://www.keiba.go.jp/KeibaWeb/TodayRaceInfo/RaceMarkTable?k_raceDate=1981%2F08%2F22&k_raceNo=1&k_babaCode=21,data/cache/html/19810822_kawasaki_1.html
19810822_kawasaki_2,1981-08-22,kawasaki,2,https://www.keiba.go.jp/KeibaWeb/TodayRaceInfo/RaceMarkTable?k_raceDate=1981%2F08%2F22&k_raceNo=2&k_babaCode=21,data/cache/html/19810822_kawasaki_2.html
19810822_kawasaki_3,1981-08-22,kawasaki,3,https://www.keiba.go.jp/KeibaWeb/TodayRaceInfo/RaceMarkTable?k_raceDate=1981%2F08%2F22&k_raceNo=3&k_babaCode=21,data/cache/html/19810822_kawasaki_3.html
19810822_kawasaki_4,1981-08-22,kawasaki,4,https://www.keiba.go.jp/KeibaWeb/TodayRaceInfo/RaceMarkTable?k_raceDate=1981%2F08%2F22&k_raceNo=4&k_babaCode=21,data/cache/html/19810822_kawasaki_4.html
19810822_kawasaki_5,1981-08-22,kawasaki,5,https://www.keiba.go.jp/KeibaWeb/TodayRaceInfo/RaceMarkTable?k_raceDate=1981%2F08%2F22&k_raceNo=5&k_babaCode=21,data/cache/html/19810822_kawasaki_5.html
19810822_kawasaki_6,1981-08-22,kawasaki,6,https://www.keiba.go.jp/KeibaWeb/TodayRaceInfo/RaceMarkTable?k_raceDate=1981%2F08%2F22&k_raceNo=6&k_babaCode=21,data/cache/html/19810822_kawasaki_6.html
19810822_kawasaki_7,1981-08-22,kawasaki,7,https://www.keiba.go.jp/KeibaWeb/TodayRaceInfo/RaceMarkTable?k_raceDate=1981%2F08%2F22&k_raceNo=7&k_babaCode=21,data/cache/html/19810822_kawasaki_7.html
19810822_kawasaki_8,1981-08-22,kawasaki,8,https://www.keiba.go.jp/KeibaWeb/TodayRaceInfo/RaceMarkTable?k_raceDate=1981%2F08%2F22&k_raceNo=8&k_babaCode=21,data/cache/html/19810822_kawasaki_8.html
19810822_kawasaki_9,1981-08-22,kawasaki,9,https://www.keiba.go.jp/KeibaWeb/TodayRaceInfo/RaceMarkTable?k_raceDate=1981%2F08%2F22&k_raceNo=9&k_babaCode=21,data/cache/html/19810822_kawasaki_9.html
19810822_kawasaki_10,1981-08-22,kawasaki,10,https://www.keiba.go.jp/KeibaWeb/TodayRaceInfo/RaceMarkTable?k_raceDate=1981%2F08%2F22&k_raceNo=10&k_babaCode=21,data/cache/html/19810822_kawasaki_10.html
19810822_kawasaki_11,1981-08-22,kawasaki,11,https://www.keiba.go.jp/KeibaWeb/TodayRaceInfo/RaceMarkTable?k_raceDate=1981%2F08%2F22&k_raceNo=11&k_babaCode=21,data/cache/html/19810822_kawasaki_11.html
19810822_kawasaki_12,1981-08-22,kawasaki,12,https://www.keiba.go.jp/KeibaWeb/TodayRaceInfo/RaceMarkTable?k_raceDate=1981%2F08%2F22&k_raceNo=12&k_babaCode=21,data/cache/html/19810822_kawasaki_12.html
19810821_kawasaki_1,1981-08-21,kawasaki,1,https://www.keiba.go.jp/KeibaWeb/TodayRaceInfo/RaceMarkTable?k_raceDate=1981%2F08%2F21&k_raceNo=1&k_babaCode=21,data/cache/html/19810821_kawasaki_1.html
19810821_kawasaki_2,1981-08-21,kawasaki,2,https://www.keiba.go.jp/KeibaWeb/TodayRaceInfo/RaceMarkTable?k_raceDate=1981%2F08%2F21&k_raceNo=2&k_babaCode=21,data/cache/html/19810821_kawasaki_2.html
19810821_kawasaki_3,1981-08-21,kawasaki,3,https://www.keiba.go.jp/KeibaWeb/TodayRaceInfo/RaceMarkTable?k_raceDate=1981%2F08%2F21&k_raceNo=3&k_babaCode=21,data/cache/html/19810821_kawasaki_3.html
19810821_kawasaki_4,1981-08-21,kawasaki,4,https://www.keiba.go.jp/KeibaWeb/TodayRaceInfo/RaceMarkTable?k_raceDate=1981%2F08%2F21&k_raceNo=4&k_babaCode=21,data/cache/html/19810821_kawasaki_4.html
19810821_kawasaki_5,1981-08-21,kawasaki,5,https://www.keiba.go.jp/KeibaWeb/TodayRaceInfo/RaceMarkTable?k_raceDate=1981%2F08%2F21&k_raceNo=5&k_babaCode=21,data/cache/html/19810821_kawasaki_5.html
19810821_kawasaki_6,1981-08-21,kawasaki,6,https://www.keiba.go.jp/KeibaWeb/TodayRaceInfo/RaceMarkTable?k_raceDate=1981%2F08%2F21&k_raceNo=6&k_babaCode=21,data/cache/html/19810821_kawasaki_6.html
19810821_kawasaki_7,1981-08-21,kawasaki,7,https://www.keiba.go.jp/KeibaWeb/TodayRaceInfo/RaceMarkTable?k_raceDate=1981%2F08%2F21&k_raceNo=7&k_babaCode=21,data/cache/html/19810821_kawasaki_7.html
19810821_kawasaki_8,1981-08-21,kawasaki,8,https://www.keiba.go.jp/KeibaWeb/TodayRaceInfo/RaceMarkTable?k_raceDate=1981%2F08%2F21&k_raceNo=8&k_babaCode=21,data/cache/html/19810821_kawasaki_8.html
19810821_kawasaki_9,1981-08-21,kawasaki,9,https://www.keiba.go.jp/KeibaWeb/TodayRaceInfo/RaceMarkTable?k_raceDate=1981%2F08%2F21&k_raceNo=9&k_babaCode=21,data/cache/html/19810821_kawasaki_9.html
19810821_kawasaki_10,1981-08-21,kawasaki,10,https://www.keiba.go.jp/KeibaWeb/TodayRaceInfo/RaceMarkTable?k_raceDate=1981%2F08%2F21&k_raceNo=10&k_babaCode=21,data/cache/html/19810821_kawasaki_10.html
19810821_kawasaki_11,1981-08-21,kawasaki,11,https://www.keiba.go.jp/KeibaWeb/TodayRaceInfo/RaceMarkTable?k_raceDate=1981%2F08%2F21&k_raceNo=11&k_babaCode=21,data/cache/html/19810821_kawasaki_11.html
19810821_kawasaki_12,1981-08-21,kawasaki,12,https://www.keiba.go.jp/KeibaWeb/TodayRaceInfo/RaceMarkTable?k_raceDate=1981%2F08%2F21&k_raceNo=12&k_babaCode=21,data/cache/html/19810821_kawasaki_12.html
19810820_kawasaki_1,1981-08-20,kawasaki,1,https://www.keiba.go.jp/KeibaWeb/TodayRaceInfo/RaceMarkTable?k_raceDate=1981%2F08%2F20&k_raceNo=1&k_babaCode=21,data/cache/html/19810820_kawasaki_1.html
19810820_kawasaki_2,1981-08-20,kawasaki,2,https://www.keiba.go.jp/KeibaWeb/TodayRaceInfo/RaceMarkTable?k_raceDate=1981%2F08%2F20&k_raceNo=2&k_babaCode=21,data/cache/html/19810820_kawasaki_2.html
19810820_kawasaki_3,1981-08-20,kawasaki,3,https://www.keiba.go.jp/KeibaWeb/TodayRaceInfo/RaceMarkTable?k_raceDate=1981%2F08%2F20&k_raceNo=3&k_babaCode=21,data/cache/html/19810820_kawasaki_3.html
19810820_kawasaki_4,1981-08-20,kawasaki,4,https://www.keiba.go.jp/KeibaWeb/TodayRaceInfo/RaceMarkTable?k_raceDate=1981%2F08%2F20&k_raceNo=4&k_babaCode=21,data/cache/html/19810820_kawasaki_4.html
19810820_kawasaki_5,1981-08-20,kawasaki,5,https://www.keiba.go.jp/KeibaWeb/TodayRaceInfo/RaceMarkTable?k_raceDate=1981%2F08%2F20&k_raceNo=5&k_babaCode=21,data/cache/html/19810820_kawasaki_5.html
19810820_kawasaki_6,1981-08-20,kawasaki,6,https://www.keiba.go.jp/KeibaWeb/TodayRaceInfo/RaceMarkTable?k_raceDate=1981%2F08%2F20&k_raceNo=6&k_babaCode=21,data/cache/html/19810820_kawasaki_6.html
19810820_kawasaki_7,1981-08-20,kawasaki,7,https://www.keiba.go.jp/KeibaWeb/TodayRaceInfo/RaceMarkTable?k_raceDate=1981%2F08%2F20&k_raceNo=7&k_babaCode=21,data/cache/html/19810820_kawasaki_7.html
19810820_kawasaki_8,1981-08-20,kawasaki,8,https://www.keiba.go.jp/KeibaWeb/TodayRaceInfo/RaceMarkTable?k_raceDate=1981%2F08%2F20&k_raceNo=8&k_babaCode=21,data/cache/html/19810820_kawasaki_8.html
19810820_kawasaki_9,1981-08-20,kawasaki,9,https://www.keiba.go.jp/KeibaWeb/TodayRaceInfo/RaceMarkTable?k_raceDate=1981%2F08%2F20&k_raceNo=9&k_babaCode=21,data/cache/html/19810820_kawasaki_9.html
19810820_kawasaki_10,1981-08-20,kawasaki,10,https://www.keiba.go.jp/KeibaWeb/TodayRaceInfo/RaceMarkTable?k_raceDate=1981%2F08%2F20&k_raceNo=10&k_babaCode=21,data/cache/html/19810820_kawasaki_10.html
19810820_kawasaki_11,1981-08-20,kawasaki,11,https://www.keiba.go.jp/KeibaWeb/TodayRaceInfo/RaceMarkTable?k_raceDate=1981%2F08%2F20&k_raceNo=11&k_babaCode=21,data/cache/html/19810820_kawasaki_11.html
19810820_kawasaki_12,1981-08-20,kawasaki,12,https://www.keiba.go.jp/KeibaWeb/TodayRaceInfo/RaceMarkTable?k_raceDate=1981%2F08%2F20&k_raceNo=12&k_babaCode=21,data/cache/html/19810820_kawasaki_12.html
19810819_kawasaki_1,1981-08-19,kawasaki,1,https://www.keiba.go.jp/KeibaWeb/TodayRaceInfo/RaceMarkTable?k_raceDate=1981%2F08%2F19&k_raceNo=1&k_babaCode=21,data/cache/html/19810819_kawasaki_1.html
19810819_kawasaki_2,1981-08-19,kawasaki,2,https://www.keiba.go.jp/KeibaWeb/TodayRaceInfo/RaceMarkTable?k_raceDate=1981%2F08%2F19&k_raceNo=2&k_babaCode=21,data/cache/html/19810819_kawasaki_2.html
19810819_kawasaki_3,1981-08-19,kawasaki,3,https://www.keiba.go.jp/KeibaWeb/TodayRaceInfo/RaceMarkTable?k_raceDate=1981%2F08%2F19&k_raceNo=3&k_babaCode=21,data/cache/html/19810819_kawasaki_3.html
19810819_kawasaki_4,1981-08-19,kawasaki,4,https://www.keiba.go.jp/KeibaWeb/TodayRaceInfo/RaceMarkTable?k_raceDate=1981%2F08%2F19&k_raceNo=4&k_babaCode=21,data/cache/html/19810819_kawasaki_4.html
19810819_kawasaki_5,1981-08-19,kawasaki,5,https://www.keiba.go.jp/KeibaWeb/TodayRaceInfo/RaceMarkTable?k_raceDate=1981%2F08%2F19&k_raceNo=5&k_babaCode=21,data/cache/html/19810819_kawasaki_5.html
19810819_kawasaki_6,1981-08-19,kawasaki,6,https://www.keiba.go.jp/KeibaWeb/TodayRaceInfo/RaceMarkTable?k_raceDate=1981%2F08%2F19&k_raceNo=6&k_babaCode=21,data/cache/html/19810819_kawasaki_6.html
19810819_kawasaki_7,1981-08-19,kawasaki,7,https://www.keiba.go.jp/KeibaWeb/TodayRaceInfo/RaceMarkTable?k_raceDate=1981%2F08%2F19&k_raceNo=7&k_babaCode=21,data/cache/html/19810819_kawasaki_7.html
19810819_kawasaki_8,1981-08-19,kawasaki,8,https://www.keiba.go.jp/KeibaWeb/TodayRaceInfo/RaceMarkTable?k_raceDate=1981%2F08%2F19&k_raceNo=8&k_babaCode=21,data/cache/html/19810819_kawasaki_8.html
19810819_kawasaki_9,1981-08-19,kawasaki,9,https://www.keiba.go.jp/KeibaWeb/TodayRaceInfo/RaceMarkTable?k_raceDate=1981%2F08%2F19&k_raceNo=9&k_babaCode=21,data/cache/html/19810819_kawasaki_9.html
19810819_kawasaki_10,1981-08-19,kawasaki,10,https://www.keiba.go.jp/KeibaWeb/TodayRaceInfo/RaceMarkTable?k_raceDate=1981%2F08%2F19&k_raceNo=10&k_babaCode=21,data/cache/html/19810819_kawasaki_10.html
19810819_kawasaki_11,1981-08-19,kawasaki,11,https://www.keiba.go.jp/KeibaWeb/TodayRaceInfo/RaceMarkTable?k_raceDate=1981%2F08%2F19&k_raceNo=11&k_babaCode=21,data/cache/html/19810819_kawasaki_11.html
19810819_kawasaki_12,1981-08-19,kawasaki,12,https://www.keiba.go.jp/KeibaWeb/TodayRaceInfo/RaceMarkTable?k_raceDate=1981%2F08%2F19&k_raceNo=12&k_babaCode=21,data/cache/html/19810819_kawasaki_12.html
19810818_kawasaki_1,1981-08-18,kawasaki,1,https://www.keiba.go.jp/KeibaWeb/TodayRaceInfo/RaceMarkTable?k_raceDate=1981%2F08%2F18&k_raceNo=1&k_babaCode=21,data/cache/html/19810818_kawasaki_1.html
19810818_kawasaki_2,1981-08-18,kawasaki,2,https://www.keiba.go.jp/KeibaWeb/TodayRaceInfo/RaceMarkTable?k_raceDate=1981%2F08%2F18&k_raceNo=2&k_babaCode=21,data/cache/html/19810818_kawasaki_2.html
19810818_kawasaki_3,1981-08-18,kawasaki,3,https://www.keiba.go.jp/KeibaWeb/TodayRaceInfo/RaceMarkTable?k_raceDate=1981%2F08%2F18&k_raceNo=3&k_babaCode=21,data/cache/html/19810818_kawasaki_3.html
19810818_kawasaki_4,1981-08-18,kawasaki,4,https://www.keiba.go.jp/KeibaWeb/TodayRaceInfo/RaceMarkTable?k_raceDate=1981%2F08%2F18&k_raceNo=4&k_babaCode=21,data/cache/html/19810818_kawasaki_4.html
19810818_kawasaki_5,1981-08-18,kawasaki,5,https://www.keiba.go.jp/KeibaWeb/TodayRaceInfo/RaceMarkTable?k_raceDate=1981%2F08%2F18&k_raceNo=5&k_babaCode=21,data/cache/html/19810818_kawasaki_5.html
19810818_kawasaki_6,1981-08-18,kawasaki,6,https://www.keiba.go.jp/KeibaWeb/TodayRaceInfo/RaceMarkTable?k_raceDate=1981%2F08%2F18&k_raceNo=6&k_babaCode=21,data/cache/html/19810818_kawasaki_6.html
19810818_kawasaki_7,1981-08-18,kawasaki,7,https://www.keiba.go.jp/KeibaWeb/TodayRaceInfo/RaceMarkTable?k_raceDate=1981%2F08%2F18&k_raceNo=7&k_babaCode=21,data/cache/html/19810818_kawasaki_7.html
19810818_kawasaki_8,1981-08-18,kawasaki,8,https://www.keiba.go.jp/KeibaWeb/TodayRaceInfo/RaceMarkTable?k_raceDate=1981%2F08%2F18&k_raceNo=8&k_babaCode=21,data/cache/html/19810818_kawasaki_8.html
19810818_kawasaki_9,1981-08-18,kawasaki,9,https://www.keiba.go.jp/KeibaWeb/TodayRaceInfo/RaceMarkTable?k_raceDate=1981%2F08%2F18&k_raceNo=9&k_babaCode=21,data/cache/html/19810818_kawasaki_9.html
19810818_kawasaki_10,1981-08-18,kawasaki,10,https://www.keiba.go.jp/KeibaWeb/TodayRaceInfo/RaceMarkTable?k_raceDate=1981%2F08%2F18&k_raceNo=10&k_babaCode=21,data/cache/html/19810818_kawasaki_10.html
19810818_kawasaki_11,1981-08-18,kawasaki,11,https://www.keiba.go.jp/KeibaWeb/TodayRaceInfo/RaceMarkTable?k_raceDate=1981%2F08%2F18&k_raceNo=11&k_babaCode=21,data/cache/html/19810818_kawasaki_11.html
19810818_kawasaki_12,1981-08-18,kawasaki,12,https://www.keiba.go.jp/KeibaWeb/TodayRaceInfo/RaceMarkTable?k_raceDate=1981%2F08%2F18&k_raceNo=12&k_babaCode=21,data/cache/html/19810818_kawasaki_12.html
