race_id,date,track,race_no,official_url,cache_html_path
20260622_kawasaki_1,2026-06-22,kawasaki,1,https://www.keiba.go.jp/KeibaWeb/TodayRaceInfo/RaceMarkTable?k_raceDate=2026%2F06%2F22&k_raceNo=1&k_babaCode=21,data/cache/html/20260622_kawasaki_1.html
20260622_kawasaki_2,2026-06-22,kawasaki,2,https://www.keiba.go.jp/KeibaWeb/TodayRaceInfo/RaceMarkTable?k_raceDate=2026%2F06%2F22&k_raceNo=2&k_babaCode=21,data/cache/html/20260622_kawasaki_2.html
20260622_kawasaki_3,2026-06-22,kawasaki,3,https://www.keiba.go.jp/KeibaWeb/TodayRaceInfo/RaceMarkTable?k_raceDate=2026%2F06%2F22&k_raceNo=3&k_babaCode=21,data/cache/html/20260622_kawasaki_3.html
20260622_kawasaki_4,2026-06-22,kawasaki,4,https://www.keiba.go.jp/KeibaWeb/TodayRaceInfo/RaceMarkTable?k_raceDate=2026%2F06%2F22&k_raceNo=4&k_babaCode=21,data/cache/html/20260622_kawasaki_4.html
20260622_kawasaki_5,2026-06-22,kawasaki,5,https://www.keiba.go.jp/KeibaWeb/TodayRaceInfo/RaceMarkTable?k_raceDate=2026%2F06%2F22&k_raceNo=5&k_babaCode=21,data/cache/html/20260622_kawasaki_5.html
20260622_kawasaki_6,2026-06-22,kawasaki,6,https://www.keiba.go.jp/KeibaWeb/TodayRaceInfo/RaceMarkTable?k_raceDate=2026%2F06%2F22&k_raceNo=6&k_babaCode=21,data/cache/html/20260622_kawasaki_6.html
20260622_kawasaki_7,2026-06-22,kawasaki,7,https://www.keiba.go.jp/KeibaWeb/TodayRaceInfo/RaceMarkTable?k_raceDate=2026%2F06%2F22&k_raceNo=7&k_babaCode=21,data/cache/html/20260622_kawasaki_7.html
20260622_kawasaki_8,2026-06-22,kawasaki,8,https://www.keiba.go.jp/KeibaWeb/TodayRaceInfo/RaceMarkTable?k_raceDate=2026%2F06%2F22&k_raceNo=8&k_babaCode=21,data/cache/html/20260622_kawasaki_8.html
20260622_kawasaki_9,2026-06-22,kawasaki,9,https://www.keiba.go.jp/KeibaWeb/TodayRaceInfo/RaceMarkTable?k_raceDate=2026%2F06%2F22&k_raceNo=9&k_babaCode=21,data/cache/html/20260622_kawasaki_9.html
20260622_kawasaki_10,2026-06-22,kawasaki,10,https://www.keiba.go.jp/KeibaWeb/TodayRaceInfo/RaceMarkTable?k_raceDate=2026%2F06%2F22&k_raceNo=10&k_babaCode=21,data/cache/html/20260622_kawasaki_10.html
20260622_kawasaki_11,2026-06-22,kawasaki,11,https://www.keiba.go.jp/KeibaWeb/TodayRaceInfo/RaceMarkTable?k_raceDate=2026%2F06%2F22&k_raceNo=11&k_babaCode=21,data/cache/html/20260622_kawasaki_11.html
20260622_kawasaki_12,2026-06-22,kawasaki,12,https://www.keiba.go.jp/KeibaWeb/TodayRaceInfo/RaceMarkTable?k_raceDate=2026%2F06%2F22&k_raceNo=12&k_babaCode=21,data/cache/html/20260622_kawasaki_12.html
20260621_kawasaki_1,2026-06-21,kawasaki,1,https://www.keiba.go.jp/KeibaWeb/TodayRaceInfo/RaceMarkTable?k_raceDate=2026%2F06%2F21&k_raceNo=1&k_babaCode=21,data/cache/html/20260621_kawasaki_1.html
20260621_kawasaki_2,2026-06-21,kawasaki,2,https://www.keiba.go.jp/KeibaWeb/TodayRaceInfo/RaceMarkTable?k_raceDate=2026%2F06%2F21&k_raceNo=2&k_babaCode=21,data/cache/html/20260621_kawasaki_2.html
20260621_kawasaki_3,2026-06-21,kawasaki,3,https://www.keiba.go.jp/KeibaWeb/TodayRaceInfo/RaceMarkTable?k_raceDate=2026%2F06%2F21&k_raceNo=3&k_babaCode=21,data/cache/html/20260621_kawasaki_3.html
20260621_kawasaki_4,2026-06-21,kawasaki,4,https://www.keiba.go.jp/KeibaWeb/TodayRaceInfo/RaceMarkTable?k_raceDate=2026%2F06%2F21&k_raceNo=4&k_babaCode=21,data/cache/html/20260621_kawasaki_4.html
20260621_kawasaki_5,2026-06-21,kawasaki,5,https://www.keiba.go.jp/KeibaWeb/TodayRaceInfo/RaceMarkTable?k_raceDate=2026%2F06%2F21&k_raceNo=5&k_babaCode=21,data/cache/html/20260621_kawasaki_5.html
20260621_kawasaki_6,2026-06-21,kawasaki,6,https://www.keiba.go.jp/KeibaWeb/TodayRaceInfo/RaceMarkTable?k_raceDate=2026%2F06%2F21&k_raceNo=6&k_babaCode=21,data/cache/html/20260621_kawasaki_6.html
20260621_kawasaki_7,2026-06-21,kawasaki,7,https://www.keiba.go.jp/KeibaWeb/TodayRaceInfo/RaceMarkTable?k_raceDate=2026%2F06%2F21&k_raceNo=7&k_babaCode=21,data/cache/html/20260621_kawasaki_7.html
20260621_kawasaki_8,2026-06-21,kawasaki,8,https://www.keiba.go.jp/KeibaWeb/TodayRaceInfo/RaceMarkTable?k_raceDate=2026%2F06%2F21&k_raceNo=8&k_babaCode=21,data/cache/html/20260621_kawasaki_8.html
20260621_kawasaki_9,2026-06-21,kawasaki,9,https://www.keiba.go.jp/KeibaWeb/TodayRaceInfo/RaceMarkTable?k_raceDate=2026%2F06%2F21&k_raceNo=9&k_babaCode=21,data/cache/html/20260621_kawasaki_9.html
20260621_kawasaki_10,2026-06-21,kawasaki,10,https://www.keiba.go.jp/KeibaWeb/TodayRaceInfo/RaceMarkTable?k_raceDate=2026%2F06%2F21&k_raceNo=10&k_babaCode=21,data/cache/html/20260621_kawasaki_10.html
20260621_kawasaki_11,2026-06-21,kawasaki,11,https://www.keiba.go.jp/KeibaWeb/TodayRaceInfo/RaceMarkTable?k_raceDate=2026%2F06%2F21&k_raceNo=11&k_babaCode=21,data/cache/html/20260621_kawasaki_11.html
20260621_kawasaki_12,2026-06-21,kawasaki,12,https://www.keiba.go.jp/KeibaWeb/TodayRaceInfo/RaceMarkTable?k_raceDate=2026%2F06%2F21&k_raceNo=12&k_babaCode=21,data/cache/html/20260621_kawasaki_12.html
20260620_kawasaki_1,2026-06-20,kawasaki,1,https://www.keiba.go.jp/KeibaWeb/TodayRaceInfo/RaceMarkTable?k_raceDate=2026%2F06%2F20&k_raceNo=1&k_babaCode=21,data/cache/html/20260620_kawasaki_1.html
20260620_kawasaki_2,2026-06-20,kawasaki,2,https://www.keiba.go.jp/KeibaWeb/TodayRaceInfo/RaceMarkTable?k_raceDate=2026%2F06%2F20&k_raceNo=2&k_babaCode=21,data/cache/html/20260620_kawasaki_2.html
20260620_kawasaki_3,2026-06-20,kawasaki,3,https://www.keiba.go.jp/KeibaWeb/TodayRaceInfo/RaceMarkTable?k_raceDate=2026%2F06%2F20&k_raceNo=3&k_babaCode=21,data/cache/html/20260620_kawasaki_3.html
20260620_kawasaki_4,2026-06-20,kawasaki,4,https://www.keiba.go.jp/KeibaWeb/TodayRaceInfo/RaceMarkTable?k_raceDate=2026%2F06%2F20&k_raceNo=4&k_babaCode=21,data/cache/html/20260620_kawasaki_4.html
20260620_kawasaki_5,2026-06-20,kawasaki,5,https://www.keiba.go.jp/KeibaWeb/TodayRaceInfo/RaceMarkTable?k_raceDate=2026%2F06%2F20&k_raceNo=5&k_babaCode=21,data/cache/html/20260620_kawasaki_5.html
20260620_kawasaki_6,2026-06-20,kawasaki,6,https://www.keiba.go.jp/KeibaWeb/TodayRaceInfo/RaceMarkTable?k_raceDate=2026%2F06%2F20&k_raceNo=6&k_babaCode=21,data/cache/html/20260620_kawasaki_6.html
20260620_kawasaki_7,2026-06-20,kawasaki,7,https://www.keiba.go.jp/KeibaWeb/TodayRaceInfo/RaceMarkTable?k_raceDate=2026%2F06%2F20&k_raceNo=7&k_babaCode=21,data/cache/html/20260620_kawasaki_7.html
20260620_kawasaki_8,2026-06-20,kawasaki,8,https://www.keiba.go.jp/KeibaWeb/TodayRaceInfo/RaceMarkTable?k_raceDate=2026%2F06%2F20&k_raceNo=8&k_babaCode=21,data/cache/html/20260620_kawasaki_8.html
20260620_kawasaki_9,2026-06-20,kawasaki,9,https://www.keiba.go.jp/KeibaWeb/TodayRaceInfo/RaceMarkTable?k_raceDate=2026%2F06%2F20&k_raceNo=9&k_babaCode=21,data/cache/html/20260620_kawasaki_9.html
20260620_kawasaki_10,2026-06-20,kawasaki,10,https://www.keiba.go.jp/KeibaWeb/TodayRaceInfo/RaceMarkTable?k_raceDate=2026%2F06%2F20&k_raceNo=10&k_babaCode=21,data/cache/html/20260620_kawasaki_10.html
20260620_kawasaki_11,2026-06-20,kawasaki,11,https://www.keiba.go.jp/KeibaWeb/TodayRaceInfo/RaceMarkTable?k_raceDate=2026%2F06%2F20&k_raceNo=11&k_babaCode=21,data/cache/html/20260620_kawasaki_11.html
20260620_kawasaki_12,2026-06-20,kawasaki,12,https://www.keiba.go.jp/KeibaWeb/TodayRaceInfo/RaceMarkTable?k_raceDate=2026%2F06%2F20&k_raceNo=12&k_babaCode=21,data/cache/html/20260620_kawasaki_12.html
20260619_kawasaki_1,2026-06-19,kawasaki,1,https://www.keiba.go.jp/KeibaWeb/TodayRaceInfo/RaceMarkTable?k_raceDate=2026%2F06%2F19&k_raceNo=1&k_babaCode=21,data/cache/html/20260619_kawasaki_1.html
20260619_kawasaki_2,2026-06-19,kawasaki,2,https://www.keiba.go.jp/KeibaWeb/TodayRaceInfo/RaceMarkTable?k_raceDate=2026%2F06%2F19&k_raceNo=2&k_babaCode=21,data/cache/html/20260619_kawasaki_2.html
20260619_kawasaki_3,2026-06-19,kawasaki,3,https://www.keiba.go.jp/KeibaWeb/TodayRaceInfo/RaceMarkTable?k_raceDate=2026%2F06%2F19&k_raceNo=3&k_babaCode=21,data/cache/html/20260619_kawasaki_3.html
20260619_kawasaki_4,2026-06-19,kawasaki,4,https://www.keiba.go.jp/KeibaWeb/TodayRaceInfo/RaceMarkTable?k_raceDate=2026%2F06%2F19&k_raceNo=4&k_babaCode=21,data/cache/html/20260619_kawasaki_4.html
20260619_kawasaki_5,2026-06-19,kawasaki,5,https://www.keiba.go.jp/KeibaWeb/TodayRaceInfo/RaceMarkTable?k_raceDate=2026%2F06%2F19&k_raceNo=5&k_babaCode=21,data/cache/html/20260619_kawasaki_5.html
20260619_kawasaki_6,2026-06-19,kawasaki,6,https://www.keiba.go.jp/KeibaWeb/TodayRaceInfo/RaceMarkTable?k_raceDate=2026%2F06%2F19&k_raceNo=6&k_babaCode=21,data/cache/html/20260619_kawasaki_6.html
20260619_kawasaki_7,2026-06-19,kawasaki,7,https://www.keiba.go.jp/KeibaWeb/TodayRaceInfo/RaceMarkTable?k_raceDate=2026%2F06%2F19&k_raceNo=7&k_babaCode=21,data/cache/html/20260619_kawasaki_7.html
20260619_kawasaki_8,2026-06-19,kawasaki,8,https://www.keiba.go.jp/KeibaWeb/TodayRaceInfo/RaceMarkTable?k_raceDate=2026%2F06%2F19&k_raceNo=8&k_babaCode=21,data/cache/html/20260619_kawasaki_8.html
20260619_kawasaki_9,2026-06-19,kawasaki,9,https://www.keiba.go.jp/KeibaWeb/TodayRaceInfo/RaceMarkTable?k_raceDate=2026%2F06%2F19&k_raceNo=9&k_babaCode=21,data/cache/html/20260619_kawasaki_9.html
20260619_kawasaki_10,2026-06-19,kawasaki,10,https://www.keiba.go.jp/KeibaWeb/TodayRaceInfo/RaceMarkTable?k_raceDate=2026%2F06%2F19&k_raceNo=10&k_babaCode=21,data/cache/html/20260619_kawasaki_10.html
20260619_kawasaki_11,2026-06-19,kawasaki,11,https://www.keiba.go.jp/KeibaWeb/TodayRaceInfo/RaceMarkTable?k_raceDate=2026%2F06%2F19&k_raceNo=11&k_babaCode=21,data/cache/html/20260619_kawasaki_11.html
20260619_kawasaki_12,2026-06-19,kawasaki,12,https://www.keiba.go.jp/KeibaWeb/TodayRaceInfo/RaceMarkTable?k_raceDate=2026%2F06%2F19&k_raceNo=12&k_babaCode=21,data/cache/html/20260619_kawasaki_12.html
20260618_kawasaki_1,2026-06-18,kawasaki,1,https://www.keiba.go.jp/KeibaWeb/TodayRaceInfo/RaceMarkTable?k_raceDate=2026%2F06%2F18&k_raceNo=1&k_babaCode=21,data/cache/html/20260618_kawasaki_1.html
20260618_kawasaki_2,2026-06-18,kawasaki,2,https://www.keiba.go.jp/KeibaWeb/TodayRaceInfo/RaceMarkTable?k_raceDate=2026%2F06%2F18&k_raceNo=2&k_babaCode=21,data/cache/html/20260618_kawasaki_2.html
20260618_kawasaki_3,2026-06-18,kawasaki,3,https://www.keiba.go.jp/KeibaWeb/TodayRaceInfo/RaceMarkTable?k_raceDate=2026%2F06%2F18&k_raceNo=3&k_babaCode=21,data/cache/html/20260618_kawasaki_3.html
20260618_kawasaki_4,2026-06-18,kawasaki,4,https://www.keiba.go.jp/KeibaWeb/TodayRaceInfo/RaceMarkTable?k_raceDate=2026%2F06%2F18&k_raceNo=4&k_babaCode=21,data/cache/html/20260618_kawasaki_4.html
20260618_kawasaki_5,2026-06-18,kawasaki,5,https://www.keiba.go.jp/KeibaWeb/TodayRaceInfo/RaceMarkTable?k_raceDate=2026%2F06%2F18&k_raceNo=5&k_babaCode=21,data/cache/html/20260618_kawasaki_5.html
20260618_kawasaki_6,2026-06-18,kawasaki,6,https://www.keiba.go.jp/KeibaWeb/TodayRaceInfo/RaceMarkTable?k_raceDate=2026%2F06%2F18&k_raceNo=6&k_babaCode=21,data/cache/html/20260618_kawasaki_6.html
20260618_kawasaki_7,2026-06-18,kawasaki,7,https://www.keiba.go.jp/KeibaWeb/TodayRaceInfo/RaceMarkTable?k_raceDate=2026%2F06%2F18&k_raceNo=7&k_babaCode=21,data/cache/html/20260618_kawasaki_7.html
20260618_kawasaki_8,2026-06-18,kawasaki,8,https://www.keiba.go.jp/KeibaWeb/TodayRaceInfo/RaceMarkTable?k_raceDate=2026%2F06%2F18&k_raceNo=8&k_babaCode=21,data/cache/html/20260618_kawasaki_8.html
20260618_kawasaki_9,2026-06-18,kawasaki,9,https://www.keiba.go.jp/KeibaWeb/TodayRaceInfo/RaceMarkTable?k_raceDate=2026%2F06%2F18&k_raceNo=9&k_babaCode=21,data/cache/html/20260618_kawasaki_9.html
20260618_kawasaki_10,2026-06-18,kawasaki,10,https://www.keiba.go.jp/KeibaWeb/TodayRaceInfo/RaceMarkTable?k_raceDate=2026%2F06%2F18&k_raceNo=10&k_babaCode=21,data/cache/html/20260618_kawasaki_10.html
20260618_kawasaki_11,2026-06-18,kawasaki,11,https://www.keiba.go.jp/KeibaWeb/TodayRaceInfo/RaceMarkTable?k_raceDate=2026%2F06%2F18&k_raceNo=11&k_babaCode=21,data/cache/html/20260618_kawasaki_11.html
20260618_kawasaki_12,2026-06-18,kawasaki,12,https://www.keiba.go.jp/KeibaWeb/TodayRaceInfo/RaceMarkTable?k_raceDate=2026%2F06%2F18&k_raceNo=12&k_babaCode=21,data/cache/html/20260618_kawasaki_12.html
20260614_kawasaki_1,2026-06-14,kawasaki,1,https://www.keiba.go.jp/KeibaWeb/TodayRaceInfo/RaceMarkTable?k_raceDate=2026%2F06%2F14&k_raceNo=1&k_babaCode=21,data/cache/html/20260614_kawasaki_1.html
20260614_kawasaki_2,2026-06-14,kawasaki,2,https://www.keiba.go.jp/KeibaWeb/TodayRaceInfo/RaceMarkTable?k_raceDate=2026%2F06%2F14&k_raceNo=2&k_babaCode=21,data/cache/html/20260614_kawasaki_2.html
20260614_kawasaki_3,2026-06-14,kawasaki,3,https://www.keiba.go.jp/KeibaWeb/TodayRaceInfo/RaceMarkTable?k_raceDate=2026%2F06%2F14&k_raceNo=3&k_babaCode=21,data/cache/html/20260614_kawasaki_3.html
20260614_kawasaki_4,2026-06-14,kawasaki,4,https://www.keiba.go.jp/KeibaWeb/TodayRaceInfo/RaceMarkTable?k_raceDate=2026%2F06%2F14&k_raceNo=4&k_babaCode=21,data/cache/html/20260614_kawasaki_4.html
20260614_kawasaki_5,2026-06-14,kawasaki,5,https://www.keiba.go.jp/KeibaWeb/TodayRaceInfo/RaceMarkTable?k_raceDate=2026%2F06%2F14&k_raceNo=5&k_babaCode=21,data/cache/html/20260614_kawasaki_5.html
20260614_kawasaki_6,2026-06-14,kawasaki,6,https://www.keiba.go.jp/KeibaWeb/TodayRaceInfo/RaceMarkTable?k_raceDate=2026%2F06%2F14&k_raceNo=6&k_babaCode=21,data/cache/html/20260614_kawasaki_6.html
20260614_kawasaki_7,2026-06-14,kawasaki,7,https://www.keiba.go.jp/KeibaWeb/TodayRaceInfo/RaceMarkTable?k_raceDate=2026%2F06%2F14&k_raceNo=7&k_babaCode=21,data/cache/html/20260614_kawasaki_7.html
20260614_kawasaki_8,2026-06-14,kawasaki,8,https://www.keiba.go.jp/KeibaWeb/TodayRaceInfo/RaceMarkTable?k_raceDate=2026%2F06%2F14&k_raceNo=8&k_babaCode=21,data/cache/html/20260614_kawasaki_8.html
20260614_kawasaki_9,2026-06-14,kawasaki,9,https://www.keiba.go.jp/KeibaWeb/TodayRaceInfo/RaceMarkTable?k_raceDate=2026%2F06%2F14&k_raceNo=9&k_babaCode=21,data/cache/html/20260614_kawasaki_9.html
20260614_kawasaki_10,2026-06-14,kawasaki,10,https://www.keiba.go.jp/KeibaWeb/TodayRaceInfo/RaceMarkTable?k_raceDate=2026%2F06%2F14&k_raceNo=10&k_babaCode=21,data/cache/html/20260614_kawasaki_10.html
20260614_kawasaki_11,2026-06-14,kawasaki,11,https://www.keiba.go.jp/KeibaWeb/TodayRaceInfo/RaceMarkTable?k_raceDate=2026%2F06%2F14&k_raceNo=11&k_babaCode=21,data/cache/html/20260614_kawasaki_11.html
20260614_kawasaki_12,2026-06-14,kawasaki,12,https://www.keiba.go.jp/KeibaWeb/TodayRaceInfo/RaceMarkTable?k_raceDate=2026%2F06%2F14&k_raceNo=12&k_babaCode=21,data/cache/html/20260614_kawasaki_12.html
20260613_kawasaki_1,2026-06-13,kawasaki,1,https://www.keiba.go.jp/KeibaWeb/TodayRaceInfo/RaceMarkTable?k_raceDate=2026%2F06%2F13&k_raceNo=1&k_babaCode=21,data/cache/html/20260613_kawasaki_1.html
20260613_kawasaki_2,2026-06-13,kawasaki,2,https://www.keiba.go.jp/KeibaWeb/TodayRaceInfo/RaceMarkTable?k_raceDate=2026%2F06%2F13&k_raceNo=2&k_babaCode=21,data/cache/html/20260613_kawasaki_2.html
20260613_kawasaki_3,2026-06-13,kawasaki,3,https://www.keiba.go.jp/KeibaWeb/TodayRaceInfo/RaceMarkTable?k_raceDate=2026%2F06%2F13&k_raceNo=3&k_babaCode=21,data/cache/html/20260613_kawasaki_3.html
20260613_kawasaki_4,2026-06-13,kawasaki,4,https://www.keiba.go.jp/KeibaWeb/TodayRaceInfo/RaceMarkTable?k_raceDate=2026%2F06%2F13&k_raceNo=4&k_babaCode=21,data/cache/html/20260613_kawasaki_4.html
20260613_kawasaki_5,2026-06-13,kawasaki,5,https://www.keiba.go.jp/KeibaWeb/TodayRaceInfo/RaceMarkTable?k_raceDate=2026%2F06%2F13&k_raceNo=5&k_babaCode=21,data/cache/html/20260613_kawasaki_5.html
20260613_kawasaki_6,2026-06-13,kawasaki,6,https://www.keiba.go.jp/KeibaWeb/TodayRaceInfo/RaceMarkTable?k_raceDate=2026%2F06%2F13&k_raceNo=6&k_babaCode=21,data/cache/html/20260613_kawasaki_6.html
20260613_kawasaki_7,2026-06-13,kawasaki,7,https://www.keiba.go.jp/KeibaWeb/TodayRaceInfo/RaceMarkTable?k_raceDate=2026%2F06%2F13&k_raceNo=7&k_babaCode=21,data/cache/html/20260613_kawasaki_7.html
20260613_kawasaki_8,2026-06-13,kawasaki,8,https://www.keiba.go.jp/KeibaWeb/TodayRaceInfo/RaceMarkTable?k_raceDate=2026%2F06%2F13&k_raceNo=8&k_babaCode=21,data/cache/html/20260613_kawasaki_8.html
20260613_kawasaki_9,2026-06-13,kawasaki,9,https://www.keiba.go.jp/KeibaWeb/TodayRaceInfo/RaceMarkTable?k_raceDate=2026%2F06%2F13&k_raceNo=9&k_babaCode=21,data/cache/html/20260613_kawasaki_9.html
20260613_kawasaki_10,2026-06-13,kawasaki,10,https://www.keiba.go.jp/KeibaWeb/TodayRaceInfo/RaceMarkTable?k_raceDate=2026%2F06%2F13&k_raceNo=10&k_babaCode=21,data/cache/html/20260613_kawasaki_10.html
20260613_kawasaki_11,2026-06-13,kawasaki,11,https://www.keiba.go.jp/KeibaWeb/TodayRaceInfo/RaceMarkTable?k_raceDate=2026%2F06%2F13&k_raceNo=11&k_babaCode=21,data/cache/html/20260613_kawasaki_11.html
20260613_kawasaki_12,2026-06-13,kawasaki,12,https://www.keiba.go.jp/KeibaWeb/TodayRaceInfo/RaceMarkTable?k_raceDate=2026%2F06%2F13&k_raceNo=12&k_babaCode=21,data/cache/html/20260613_kawasaki_12.html
20260612_kawasaki_1,2026-06-12,kawasaki,1,https://www.keiba.go.jp/KeibaWeb/TodayRaceInfo/RaceMarkTable?k_raceDate=2026%2F06%2F12&k_raceNo=1&k_babaCode=21,data/cache/html/20260612_kawasaki_1.html
20260612_kawasaki_2,2026-06-12,kawasaki,2,https://www.keiba.go.jp/KeibaWeb/TodayRaceInfo/RaceMarkTable?k_raceDate=2026%2F06%2F12&k_raceNo=2&k_babaCode=21,data/cache/html/20260612_kawasaki_2.html
20260612_kawasaki_3,2026-06-12,kawasaki,3,https://www.keiba.go.jp/KeibaWeb/TodayRaceInfo/RaceMarkTable?k_raceDate=2026%2F06%2F12&k_raceNo=3&k_babaCode=21,data/cache/html/20260612_kawasaki_3.html
20260612_kawasaki_4,2026-06-12,kawasaki,4,https://www.keiba.go.jp/KeibaWeb/TodayRaceInfo/RaceMarkTable?k_raceDate=2026%2F06%2F12&k_raceNo=4&k_babaCode=21,data/cache/html/20260612_kawasaki_4.html
20260612_kawasaki_5,2026-06-12,kawasaki,5,https://www.keiba.go.jp/KeibaWeb/TodayRaceInfo/RaceMarkTable?k_raceDate=2026%2F06%2F12&k_raceNo=5&k_babaCode=21,data/cache/html/20260612_kawasaki_5.html
20260612_kawasaki_6,2026-06-12,kawasaki,6,https://www.keiba.go.jp/KeibaWeb/TodayRaceInfo/RaceMarkTable?k_raceDate=2026%2F06%2F12&k_raceNo=6&k_babaCode=21,data/cache/html/20260612_kawasaki_6.html
20260612_kawasaki_7,2026-06-12,kawasaki,7,https://www.keiba.go.jp/KeibaWeb/TodayRaceInfo/RaceMarkTable?k_raceDate=2026%2F06%2F12&k_raceNo=7&k_babaCode=21,data/cache/html/20260612_kawasaki_7.html
20260612_kawasaki_8,2026-06-12,kawasaki,8,https://www.keiba.go.jp/KeibaWeb/TodayRaceInfo/RaceMarkTable?k_raceDate=2026%2F06%2F12&k_raceNo=8&k_babaCode=21,data/cache/html/20260612_kawasaki_8.html
20260612_kawasaki_9,2026-06-12,kawasaki,9,https://www.keiba.go.jp/KeibaWeb/TodayRaceInfo/RaceMarkTable?k_raceDate=2026%2F06%2F12&k_raceNo=9&k_babaCode=21,data/cache/html/20260612_kawasaki_9.html
20260612_kawasaki_10,2026-06-12,kawasaki,10,https://www.keiba.go.jp/KeibaWeb/TodayRaceInfo/RaceMarkTable?k_raceDate=2026%2F06%2F12&k_raceNo=10&k_babaCode=21,data/cache/html/20260612_kawasaki_10.html
20260612_kawasaki_11,2026-06-12,kawasaki,11,https://www.keiba.go.jp/KeibaWeb/TodayRaceInfo/RaceMarkTable?k_raceDate=2026%2F06%2F12&k_raceNo=11&k_babaCode=21,data/cache/html/20260612_kawasaki_11.html
20260612_kawasaki_12,2026-06-12,kawasaki,12,https://www.keiba.go.jp/KeibaWeb/TodayRaceInfo/RaceMarkTable?k_raceDate=2026%2F06%2F12&k_raceNo=12&k_babaCode=21,data/cache/html/20260612_kawasaki_12.html
20260611_kawasaki_1,2026-06-11,kawasaki,1,https://www.keiba.go.jp/KeibaWeb/TodayRaceInfo/RaceMarkTable?k_raceDate=2026%2F06%2F11&k_raceNo=1&k_babaCode=21,data/cache/html/20260611_kawasaki_1.html
20260611_kawasaki_2,2026-06-11,kawasaki,2,https://www.keiba.go.jp/KeibaWeb/TodayRaceInfo/RaceMarkTable?k_raceDate=2026%2F06%2F11&k_raceNo=2&k_babaCode=21,data/cache/html/20260611_kawasaki_2.html
20260611_kawasaki_3,2026-06-11,kawasaki,3,https://www.keiba.go.jp/KeibaWeb/TodayRaceInfo/RaceMarkTable?k_raceDate=2026%2F06%2F11&k_raceNo=3&k_babaCode=21,data/cache/html/20260611_kawasaki_3.html
20260611_kawasaki_4,2026-06-11,kawasaki,4,https://www.keiba.go.jp/KeibaWeb/TodayRaceInfo/RaceMarkTable?k_raceDate=2026%2F06%2F11&k_raceNo=4&k_babaCode=21,data/cache/html/20260611_kawasaki_4.html
20260611_kawasaki_5,2026-06-11,kawasaki,5,https://www.keiba.go.jp/KeibaWeb/TodayRaceInfo/RaceMarkTable?k_raceDate=2026%2F06%2F11&k_raceNo=5&k_babaCode=21,data/cache/html/20260611_kawasaki_5.html
20260611_kawasaki_6,2026-06-11,kawasaki,6,https://www.keiba.go.jp/KeibaWeb/TodayRaceInfo/RaceMarkTable?k_raceDate=2026%2F06%2F11&k_raceNo=6&k_babaCode=21,data/cache/html/20260611_kawasaki_6.html
20260611_kawasaki_7,2026-06-11,kawasaki,7,https://www.keiba.go.jp/KeibaWeb/TodayRaceInfo/RaceMarkTable?k_raceDate=2026%2F06%2F11&k_raceNo=7&k_babaCode=21,data/cache/html/20260611_kawasaki_7.html
20260611_kawasaki_8,2026-06-11,kawasaki,8,https://www.keiba.go.jp/KeibaWeb/TodayRaceInfo/RaceMarkTable?k_raceDate=2026%2F06%2F11&k_raceNo=8&k_babaCode=21,data/cache/html/20260611_kawasaki_8.html
20260611_kawasaki_9,2026-06-11,kawasaki,9,https://www.keiba.go.jp/KeibaWeb/TodayRaceInfo/RaceMarkTable?k_raceDate=2026%2F06%2F11&k_raceNo=9&k_babaCode=21,data/cache/html/20260611_kawasaki_9.html
20260611_kawasaki_10,2026-06-11,kawasaki,10,https://www.keiba.go.jp/KeibaWeb/TodayRaceInfo/RaceMarkTable?k_raceDate=2026%2F06%2F11&k_raceNo=10&k_babaCode=21,data/cache/html/20260611_kawasaki_10.html
20260611_kawasaki_11,2026-06-11,kawasaki,11,https://www.keiba.go.jp/KeibaWeb/TodayRaceInfo/RaceMarkTable?k_raceDate=2026%2F06%2F11&k_raceNo=11&k_babaCode=21,data/cache/html/20260611_kawasaki_11.html
20260611_kawasaki_12,2026-06-11,kawasaki,12,https://www.keiba.go.jp/KeibaWeb/TodayRaceInfo/RaceMarkTable?k_raceDate=2026%2F06%2F11&k_raceNo=12&k_babaCode=21,data/cache/html/20260611_kawasaki_12.html
20260610_kawasaki_1,2026-06-10,kawasaki,1,https://www.keiba.go.jp/KeibaWeb/TodayRaceInfo/RaceMarkTable?k_raceDate=2026%2F06%2F10&k_raceNo=1&k_babaCode=21,data/cache/html/20260610_kawasaki_1.html
20260610_kawasaki_2,2026-06-10,kawasaki,2,https://www.keiba.go.jp/KeibaWeb/TodayRaceInfo/RaceMarkTable?k_raceDate=2026%2F06%2F10&k_raceNo=2&k_babaCode=21,data/cache/html/20260610_kawasaki_2.html
20260610_kawasaki_3,2026-06-10,kawasaki,3,https://www.keiba.go.jp/KeibaWeb/TodayRaceInfo/RaceMarkTable?k_raceDate=2026%2F06%2F10&k_raceNo=3&k_babaCode=21,data/cache/html/20260610_kawasaki_3.html
20260610_kawasaki_4,2026-06-10,kawasaki,4,https://www.keiba.go.jp/KeibaWeb/TodayRaceInfo/RaceMarkTable?k_raceDate=2026%2F06%2F10&k_raceNo=4&k_babaCode=21,data/cache/html/20260610_kawasaki_4.html
20260610_kawasaki_5,2026-06-10,kawasaki,5,https://www.keiba.go.jp/KeibaWeb/TodayRaceInfo/RaceMarkTable?k_raceDate=2026%2F06%2F10&k_raceNo=5&k_babaCode=21,data/cache/html/20260610_kawasaki_5.html
20260610_kawasaki_6,2026-06-10,kawasaki,6,https://www.keiba.go.jp/KeibaWeb/TodayRaceInfo/RaceMarkTable?k_raceDate=2026%2F06%2F10&k_raceNo=6&k_babaCode=21,data/cache/html/20260610_kawasaki_6.html
20260610_kawasaki_7,2026-06-10,kawasaki,7,https://www.keiba.go.jp/KeibaWeb/TodayRaceInfo/RaceMarkTable?k_raceDate=2026%2F06%2F10&k_raceNo=7&k_babaCode=21,data/cache/html/20260610_kawasaki_7.html
20260610_kawasaki_8,2026-06-10,kawasaki,8,https://www.keiba.go.jp/KeibaWeb/TodayRaceInfo/RaceMarkTable?k_raceDate=2026%2F06%2F10&k_raceNo=8&k_babaCode=21,data/cache/html/20260610_kawasaki_8.html
20260610_kawasaki_9,2026-06-10,kawasaki,9,https://www.keiba.go.jp/KeibaWeb/TodayRaceInfo/RaceMarkTable?k_raceDate=2026%2F06%2F10&k_raceNo=9&k_babaCode=21,data/cache/html/20260610_kawasaki_9.html
20260610_kawasaki_10,2026-06-10,kawasaki,10,https://www.keiba.go.jp/KeibaWeb/TodayRaceInfo/RaceMarkTable?k_raceDate=2026%2F06%2F10&k_raceNo=10&k_babaCode=21,data/cache/html/20260610_kawasaki_10.html
20260610_kawasaki_11,2026-06-10,kawasaki,11,https://www.keiba.go.jp/KeibaWeb/TodayRaceInfo/RaceMarkTable?k_raceDate=2026%2F06%2F10&k_raceNo=11&k_babaCode=21,data/cache/html/20260610_kawasaki_11.html
20260610_kawasaki_12,2026-06-10,kawasaki,12,https://www.keiba.go.jp/KeibaWeb/TodayRaceInfo/RaceMarkTable?k_raceDate=2026%2F06%2F10&k_raceNo=12&k_babaCode=21,data/cache/html/20260610_kawasaki_12.html
20260609_kawasaki_1,2026-06-09,kawasaki,1,https://www.keiba.go.jp/KeibaWeb/TodayRaceInfo/RaceMarkTable?k_raceDate=2026%2F06%2F09&k_raceNo=1&k_babaCode=21,data/cache/html/20260609_kawasaki_1.html
20260609_kawasaki_2,2026-06-09,kawasaki,2,https://www.keiba.go.jp/KeibaWeb/TodayRaceInfo/RaceMarkTable?k_raceDate=2026%2F06%2F09&k_raceNo=2&k_babaCode=21,data/cache/html/20260609_kawasaki_2.html
20260609_kawasaki_3,2026-06-09,kawasaki,3,https://www.keiba.go.jp/KeibaWeb/TodayRaceInfo/RaceMarkTable?k_raceDate=2026%2F06%2F09&k_raceNo=3&k_babaCode=21,data/cache/html/20260609_kawasaki_3.html
20260609_kawasaki_4,2026-06-09,kawasaki,4,https://www.keiba.go.jp/KeibaWeb/TodayRaceInfo/RaceMarkTable?k_raceDate=2026%2F06%2F09&k_raceNo=4&k_babaCode=21,data/cache/html/20260609_kawasaki_4.html
20260609_kawasaki_5,2026-06-09,kawasaki,5,https://www.keiba.go.jp/KeibaWeb/TodayRaceInfo/RaceMarkTable?k_raceDate=2026%2F06%2F09&k_raceNo=5&k_babaCode=21,data/cache/html/20260609_kawasaki_5.html
20260609_kawasaki_6,2026-06-09,kawasaki,6,https://www.keiba.go.jp/KeibaWeb/TodayRaceInfo/RaceMarkTable?k_raceDate=2026%2F06%2F09&k_raceNo=6&k_babaCode=21,data/cache/html/20260609_kawasaki_6.html
20260609_kawasaki_7,2026-06-09,kawasaki,7,https://www.keiba.go.jp/KeibaWeb/TodayRaceInfo/RaceMarkTable?k_raceDate=2026%2F06%2F09&k_raceNo=7&k_babaCode=21,data/cache/html/20260609_kawasaki_7.html
20260609_kawasaki_8,2026-06-09,kawasaki,8,https://www.keiba.go.jp/KeibaWeb/TodayRaceInfo/RaceMarkTable?k_raceDate=2026%2F06%2F09&k_raceNo=8&k_babaCode=21,data/cache/html/20260609_kawasaki_8.html
20260609_kawasaki_9,2026-06-09,kawasaki,9,https://www.keiba.go.jp/KeibaWeb/TodayRaceInfo/RaceMarkTable?k_raceDate=2026%2F06%2F09&k_raceNo=9&k_babaCode=21,data/cache/html/20260609_kawasaki_9.html
20260609_kawasaki_10,2026-06-09,kawasaki,10,https://www.keiba.go.jp/KeibaWeb/TodayRaceInfo/RaceMarkTable?k_raceDate=2026%2F06%2F09&k_raceNo=10&k_babaCode=21,data/cache/html/20260609_kawasaki_10.html
20260609_kawasaki_11,2026-06-09,kawasaki,11,https://www.keiba.go.jp/KeibaWeb/TodayRaceInfo/RaceMarkTable?k_raceDate=2026%2F06%2F09&k_raceNo=11&k_babaCode=21,data/cache/html/20260609_kawasaki_11.html
20260609_kawasaki_12,2026-06-09,kawasaki,12,https://www.keiba.go.jp/KeibaWeb/TodayRaceInfo/RaceMarkTable?k_raceDate=2026%2F06%2F09&k_raceNo=12&k_babaCode=21,data/cache/html/20260609_kawasaki_12.html
20260608_kawasaki_1,2026-06-08,kawasaki,1,https://www.keiba.go.jp/KeibaWeb/TodayRaceInfo/RaceMarkTable?k_raceDate=2026%2F06%2F08&k_raceNo=1&k_babaCode=21,data/cache/html/20260608_kawasaki_1.html
20260608_kawasaki_2,2026-06-08,kawasaki,2,https://www.keiba.go.jp/KeibaWeb/TodayRaceInfo/RaceMarkTable?k_raceDate=2026%2F06%2F08&k_raceNo=2&k_babaCode=21,data/cache/html/20260608_kawasaki_2.html
20260608_kawasaki_3,2026-06-08,kawasaki,3,https://www.keiba.go.jp/KeibaWeb/TodayRaceInfo/RaceMarkTable?k_raceDate=2026%2F06%2F08&k_raceNo=3&k_babaCode=21,data/cache/html/20260608_kawasaki_3.html
20260608_kawasaki_4,2026-06-08,kawasaki,4,https://www.keiba.go.jp/KeibaWeb/TodayRaceInfo/RaceMarkTable?k_raceDate=2026%2F06%2F08&k_raceNo=4&k_babaCode=21,data/cache/html/20260608_kawasaki_4.html
20260608_kawasaki_5,2026-06-08,kawasaki,5,https://www.keiba.go.jp/KeibaWeb/TodayRaceInfo/RaceMarkTable?k_raceDate=2026%2F06%2F08&k_raceNo=5&k_babaCode=21,data/cache/html/20260608_kawasaki_5.html
20260608_kawasaki_6,2026-06-08,kawasaki,6,https://www.keiba.go.jp/KeibaWeb/TodayRaceInfo/RaceMarkTable?k_raceDate=2026%2F06%2F08&k_raceNo=6&k_babaCode=21,data/cache/html/20260608_kawasaki_6.html
20260608_kawasaki_7,2026-06-08,kawasaki,7,https://www.keiba.go.jp/KeibaWeb/TodayRaceInfo/RaceMarkTable?k_raceDate=2026%2F06%2F08&k_raceNo=7&k_babaCode=21,data/cache/html/20260608_kawasaki_7.html
20260608_kawasaki_8,2026-06-08,kawasaki,8,https://www.keiba.go.jp/KeibaWeb/TodayRaceInfo/RaceMarkTable?k_raceDate=2026%2F06%2F08&k_raceNo=8&k_babaCode=21,data/cache/html/20260608_kawasaki_8.html
20260608_kawasaki_9,2026-06-08,kawasaki,9,https://www.keiba.go.jp/KeibaWeb/TodayRaceInfo/RaceMarkTable?k_raceDate=2026%2F06%2F08&k_raceNo=9&k_babaCode=21,data/cache/html/20260608_kawasaki_9.html
20260608_kawasaki_10,2026-06-08,kawasaki,10,https://www.keiba.go.jp/KeibaWeb/TodayRaceInfo/RaceMarkTable?k_raceDate=2026%2F06%2F08&k_raceNo=10&k_babaCode=21,data/cache/html/20260608_kawasaki_10.html
20260608_kawasaki_11,2026-06-08,kawasaki,11,https://www.keiba.go.jp/KeibaWeb/TodayRaceInfo/RaceMarkTable?k_raceDate=2026%2F06%2F08&k_raceNo=11&k_babaCode=21,data/cache/html/20260608_kawasaki_11.html
20260608_kawasaki_12,2026-06-08,kawasaki,12,https://www.keiba.go.jp/KeibaWeb/TodayRaceInfo/RaceMarkTable?k_raceDate=2026%2F06%2F08&k_raceNo=12&k_babaCode=21,data/cache/html/20260608_kawasaki_12.html
20260607_kawasaki_1,2026-06-07,kawasaki,1,https://www.keiba.go.jp/KeibaWeb/TodayRaceInfo/RaceMarkTable?k_raceDate=2026%2F06%2F07&k_raceNo=1&k_babaCode=21,data/cache/html/20260607_kawasaki_1.html
20260607_kawasaki_2,2026-06-07,kawasaki,2,https://www.keiba.go.jp/KeibaWeb/TodayRaceInfo/RaceMarkTable?k_raceDate=2026%2F06%2F07&k_raceNo=2&k_babaCode=21,data/cache/html/20260607_kawasaki_2.html
20260607_kawasaki_3,2026-06-07,kawasaki,3,https://www.keiba.go.jp/KeibaWeb/TodayRaceInfo/RaceMarkTable?k_raceDate=2026%2F06%2F07&k_raceNo=3&k_babaCode=21,data/cache/html/20260607_kawasaki_3.html
20260607_kawasaki_4,2026-06-07,kawasaki,4,https://www.keiba.go.jp/KeibaWeb/TodayRaceInfo/RaceMarkTable?k_raceDate=2026%2F06%2F07&k_raceNo=4&k_babaCode=21,data/cache/html/20260607_kawasaki_4.html
20260607_kawasaki_5,2026-06-07,kawasaki,5,https://www.keiba.go.jp/KeibaWeb/TodayRaceInfo/RaceMarkTable?k_raceDate=2026%2F06%2F07&k_raceNo=5&k_babaCode=21,data/cache/html/20260607_kawasaki_5.html
20260607_kawasaki_6,2026-06-07,kawasaki,6,https://www.keiba.go.jp/KeibaWeb/TodayRaceInfo/RaceMarkTable?k_raceDate=2026%2F06%2F07&k_raceNo=6&k_babaCode=21,data/cache/html/20260607_kawasaki_6.html
20260607_kawasaki_7,2026-06-07,kawasaki,7,https://www.keiba.go.jp/KeibaWeb/TodayRaceInfo/RaceMarkTable?k_raceDate=2026%2F06%2F07&k_raceNo=7&k_babaCode=21,data/cache/html/20260607_kawasaki_7.html
20260607_kawasaki_8,2026-06-07,kawasaki,8,https://www.keiba.go.jp/KeibaWeb/TodayRaceInfo/RaceMarkTable?k_raceDate=2026%2F06%2F07&k_raceNo=8&k_babaCode=21,data/cache/html/20260607_kawasaki_8.html
20260607_kawasaki_9,2026-06-07,kawasaki,9,https://www.keiba.go.jp/KeibaWeb/TodayRaceInfo/RaceMarkTable?k_raceDate=2026%2F06%2F07&k_raceNo=9&k_babaCode=21,data/cache/html/20260607_kawasaki_9.html
20260607_kawasaki_10,2026-06-07,kawasaki,10,https://www.keiba.go.jp/KeibaWeb/TodayRaceInfo/RaceMarkTable?k_raceDate=2026%2F06%2F07&k_raceNo=10&k_babaCode=21,data/cache/html/20260607_kawasaki_10.html
20260607_kawasaki_11,2026-06-07,kawasaki,11,https://www.keiba.go.jp/KeibaWeb/TodayRaceInfo/RaceMarkTable?k_raceDate=2026%2F06%2F07&k_raceNo=11&k_babaCode=21,data/cache/html/20260607_kawasaki_11.html
20260607_kawasaki_12,2026-06-07,kawasaki,12,https://www.keiba.go.jp/KeibaWeb/TodayRaceInfo/RaceMarkTable?k_raceDate=2026%2F06%2F07&k_raceNo=12&k_babaCode=21,data/cache/html/20260607_kawasaki_12.html
20260606_kawasaki_1,2026-06-06,kawasaki,1,https://www.keiba.go.jp/KeibaWeb/TodayRaceInfo/RaceMarkTable?k_raceDate=2026%2F06%2F06&k_raceNo=1&k_babaCode=21,data/cache/html/20260606_kawasaki_1.html
20260606_kawasaki_2,2026-06-06,kawasaki,2,https://www.keiba.go.jp/KeibaWeb/TodayRaceInfo/RaceMarkTable?k_raceDate=2026%2F06%2F06&k_raceNo=2&k_babaCode=21,data/cache/html/20260606_kawasaki_2.html
20260606_kawasaki_3,2026-06-06,kawasaki,3,https://www.keiba.go.jp/KeibaWeb/TodayRaceInfo/RaceMarkTable?k_raceDate=2026%2F06%2F06&k_raceNo=3&k_babaCode=21,data/cache/html/20260606_kawasaki_3.html
20260606_kawasaki_4,2026-06-06,kawasaki,4,https://www.keiba.go.jp/KeibaWeb/TodayRaceInfo/RaceMarkTable?k_raceDate=2026%2F06%2F06&k_raceNo=4&k_babaCode=21,data/cache/html/20260606_kawasaki_4.html
20260606_kawasaki_5,2026-06-06,kawasaki,5,https://www.keiba.go.jp/KeibaWeb/TodayRaceInfo/RaceMarkTable?k_raceDate=2026%2F06%2F06&k_raceNo=5&k_babaCode=21,data/cache/html/20260606_kawasaki_5.html
20260606_kawasaki_6,2026-06-06,kawasaki,6,https://www.keiba.go.jp/KeibaWeb/TodayRaceInfo/RaceMarkTable?k_raceDate=2026%2F06%2F06&k_raceNo=6&k_babaCode=21,data/cache/html/20260606_kawasaki_6.html
20260606_kawasaki_7,2026-06-06,kawasaki,7,https://www.keiba.go.jp/KeibaWeb/TodayRaceInfo/RaceMarkTable?k_raceDate=2026%2F06%2F06&k_raceNo=7&k_babaCode=21,data/cache/html/20260606_kawasaki_7.html
20260606_kawasaki_8,2026-06-06,kawasaki,8,https://www.keiba.go.jp/KeibaWeb/TodayRaceInfo/RaceMarkTable?k_raceDate=2026%2F06%2F06&k_raceNo=8&k_babaCode=21,data/cache/html/20260606_kawasaki_8.html
20260606_kawasaki_9,2026-06-06,kawasaki,9,https://www.keiba.go.jp/KeibaWeb/TodayRaceInfo/RaceMarkTable?k_raceDate=2026%2F06%2F06&k_raceNo=9&k_babaCode=21,data/cache/html/20260606_kawasaki_9.html
20260606_kawasaki_10,2026-06-06,kawasaki,10,https://www.keiba.go.jp/KeibaWeb/TodayRaceInfo/RaceMarkTable?k_raceDate=2026%2F06%2F06&k_raceNo=10&k_babaCode=21,data/cache/html/20260606_kawasaki_10.html
20260606_kawasaki_11,2026-06-06,kawasaki,11,https://www.keiba.go.jp/KeibaWeb/TodayRaceInfo/RaceMarkTable?k_raceDate=2026%2F06%2F06&k_raceNo=11&k_babaCode=21,data/cache/html/20260606_kawasaki_11.html
20260606_kawasaki_12,2026-06-06,kawasaki,12,https://www.keiba.go.jp/KeibaWeb/TodayRaceInfo/RaceMarkTable?k_raceDate=2026%2F06%2F06&k_raceNo=12&k_babaCode=21,data/cache/html/20260606_kawasaki_12.html
20260605_kawasaki_1,2026-06-05,kawasaki,1,https://www.keiba.go.jp/KeibaWeb/TodayRaceInfo/RaceMarkTable?k_raceDate=2026%2F06%2F05&k_raceNo=1&k_babaCode=21,data/cache/html/20260605_kawasaki_1.html
20260605_kawasaki_2,2026-06-05,kawasaki,2,https://www.keiba.go.jp/KeibaWeb/TodayRaceInfo/RaceMarkTable?k_raceDate=2026%2F06%2F05&k_raceNo=2&k_babaCode=21,data/cache/html/20260605_kawasaki_2.html
20260605_kawasaki_3,2026-06-05,kawasaki,3,https://www.keiba.go.jp/KeibaWeb/TodayRaceInfo/RaceMarkTable?k_raceDate=2026%2F06%2F05&k_raceNo=3&k_babaCode=21,data/cache/html/20260605_kawasaki_3.html
20260605_kawasaki_4,2026-06-05,kawasaki,4,https://www.keiba.go.jp/KeibaWeb/TodayRaceInfo/RaceMarkTable?k_raceDate=2026%2F06%2F05&k_raceNo=4&k_babaCode=21,data/cache/html/20260605_kawasaki_4.html
20260605_kawasaki_5,2026-06-05,kawasaki,5,https://www.keiba.go.jp/KeibaWeb/TodayRaceInfo/RaceMarkTable?k_raceDate=2026%2F06%2F05&k_raceNo=5&k_babaCode=21,data/cache/html/20260605_kawasaki_5.html
20260605_kawasaki_6,2026-06-05,kawasaki,6,https://www.keiba.go.jp/KeibaWeb/TodayRaceInfo/RaceMarkTable?k_raceDate=2026%2F06%2F05&k_raceNo=6&k_babaCode=21,data/cache/html/20260605_kawasaki_6.html
20260605_kawasaki_7,2026-06-05,kawasaki,7,https://www.keiba.go.jp/KeibaWeb/TodayRaceInfo/RaceMarkTable?k_raceDate=2026%2F06%2F05&k_raceNo=7&k_babaCode=21,data/cache/html/20260605_kawasaki_7.html
20260605_kawasaki_8,2026-06-05,kawasaki,8,https://www.keiba.go.jp/KeibaWeb/TodayRaceInfo/RaceMarkTable?k_raceDate=2026%2F06%2F05&k_raceNo=8&k_babaCode=21,data/cache/html/20260605_kawasaki_8.html
20260605_kawasaki_9,2026-06-05,kawasaki,9,https://www.keiba.go.jp/KeibaWeb/TodayRaceInfo/RaceMarkTable?k_raceDate=2026%2F06%2F05&k_raceNo=9&k_babaCode=21,data/cache/html/20260605_kawasaki_9.html
20260605_kawasaki_10,2026-06-05,kawasaki,10,https://www.keiba.go.jp/KeibaWeb/TodayRaceInfo/RaceMarkTable?k_raceDate=2026%2F06%2F05&k_raceNo=10&k_babaCode=21,data/cache/html/20260605_kawasaki_10.html
20260605_kawasaki_11,2026-06-05,kawasaki,11,https://www.keiba.go.jp/KeibaWeb/TodayRaceInfo/RaceMarkTable?k_raceDate=2026%2F06%2F05&k_raceNo=11&k_babaCode=21,data/cache/html/20260605_kawasaki_11.html
20260605_kawasaki_12,2026-06-05,kawasaki,12,https://www.keiba.go.jp/KeibaWeb/TodayRaceInfo/RaceMarkTable?k_raceDate=2026%2F06%2F05&k_raceNo=12&k_babaCode=21,data/cache/html/20260605_kawasaki_12.html
20260604_kawasaki_1,2026-06-04,kawasaki,1,https://www.keiba.go.jp/KeibaWeb/TodayRaceInfo/RaceMarkTable?k_raceDate=2026%2F06%2F04&k_raceNo=1&k_babaCode=21,data/cache/html/20260604_kawasaki_1.html
20260604_kawasaki_2,2026-06-04,kawasaki,2,https://www.keiba.go.jp/KeibaWeb/TodayRaceInfo/RaceMarkTable?k_raceDate=2026%2F06%2F04&k_raceNo=2&k_babaCode=21,data/cache/html/20260604_kawasaki_2.html
20260604_kawasaki_3,2026-06-04,kawasaki,3,https://www.keiba.go.jp/KeibaWeb/TodayRaceInfo/RaceMarkTable?k_raceDate=2026%2F06%2F04&k_raceNo=3&k_babaCode=21,data/cache/html/20260604_kawasaki_3.html
20260604_kawasaki_4,2026-06-04,kawasaki,4,https://www.keiba.go.jp/KeibaWeb/TodayRaceInfo/RaceMarkTable?k_raceDate=2026%2F06%2F04&k_raceNo=4&k_babaCode=21,data/cache/html/20260604_kawasaki_4.html
20260604_kawasaki_5,2026-06-04,kawasaki,5,https://www.keiba.go.jp/KeibaWeb/TodayRaceInfo/RaceMarkTable?k_raceDate=2026%2F06%2F04&k_raceNo=5&k_babaCode=21,data/cache/html/20260604_kawasaki_5.html
20260604_kawasaki_6,2026-06-04,kawasaki,6,https://www.keiba.go.jp/KeibaWeb/TodayRaceInfo/RaceMarkTable?k_raceDate=2026%2F06%2F04&k_raceNo=6&k_babaCode=21,data/cache/html/20260604_kawasaki_6.html
20260604_kawasaki_7,2026-06-04,kawasaki,7,https://www.keiba.go.jp/KeibaWeb/TodayRaceInfo/RaceMarkTable?k_raceDate=2026%2F06%2F04&k_raceNo=7&k_babaCode=21,data/cache/html/20260604_kawasaki_7.html
20260604_kawasaki_8,2026-06-04,kawasaki,8,https://www.keiba.go.jp/KeibaWeb/TodayRaceInfo/RaceMarkTable?k_raceDate=2026%2F06%2F04&k_raceNo=8&k_babaCode=21,data/cache/html/20260604_kawasaki_8.html
20260604_kawasaki_9,2026-06-04,kawasaki,9,https://www.keiba.go.jp/KeibaWeb/TodayRaceInfo/RaceMarkTable?k_raceDate=2026%2F06%2F04&k_raceNo=9&k_babaCode=21,data/cache/html/20260604_kawasaki_9.html
20260604_kawasaki_10,2026-06-04,kawasaki,10,https://www.keiba.go.jp/KeibaWeb/TodayRaceInfo/RaceMarkTable?k_raceDate=2026%2F06%2F04&k_raceNo=10&k_babaCode=21,data/cache/html/20260604_kawasaki_10.html
20260604_kawasaki_11,2026-06-04,kawasaki,11,https://www.keiba.go.jp/KeibaWeb/TodayRaceInfo/RaceMarkTable?k_raceDate=2026%2F06%2F04&k_raceNo=11&k_babaCode=21,data/cache/html/20260604_kawasaki_11.html
20260604_kawasaki_12,2026-06-04,kawasaki,12,https://www.keiba.go.jp/KeibaWeb/TodayRaceInfo/RaceMarkTable?k_raceDate=2026%2F06%2F04&k_raceNo=12&k_babaCode=21,data/cache/html/20260604_kawasaki_12.html
20260603_kawasaki_1,2026-06-03,kawasaki,1,https://www.keiba.go.jp/KeibaWeb/TodayRaceInfo/RaceMarkTable?k_raceDate=2026%2F06%2F03&k_raceNo=1&k_babaCode=21,data/cache/html/20260603_kawasaki_1.html
20260603_kawasaki_2,2026-06-03,kawasaki,2,https://www.keiba.go.jp/KeibaWeb/TodayRaceInfo/RaceMarkTable?k_raceDate=2026%2F06%2F03&k_raceNo=2&k_babaCode=21,data/cache/html/20260603_kawasaki_2.html
20260603_kawasaki_3,2026-06-03,kawasaki,3,https://www.keiba.go.jp/KeibaWeb/TodayRaceInfo/RaceMarkTable?k_raceDate=2026%2F06%2F03&k_raceNo=3&k_babaCode=21,data/cache/html/20260603_kawasaki_3.html
20260603_kawasaki_4,2026-06-03,kawasaki,4,https://www.keiba.go.jp/KeibaWeb/TodayRaceInfo/RaceMarkTable?k_raceDate=2026%2F06%2F03&k_raceNo=4&k_babaCode=21,data/cache/html/20260603_kawasaki_4.html
20260603_kawasaki_5,2026-06-03,kawasaki,5,https://www.keiba.go.jp/KeibaWeb/TodayRaceInfo/RaceMarkTable?k_raceDate=2026%2F06%2F03&k_raceNo=5&k_babaCode=21,data/cache/html/20260603_kawasaki_5.html
20260603_kawasaki_6,2026-06-03,kawasaki,6,https://www.keiba.go.jp/KeibaWeb/TodayRaceInfo/RaceMarkTable?k_raceDate=2026%2F06%2F03&k_raceNo=6&k_babaCode=21,data/cache/html/20260603_kawasaki_6.html
20260603_kawasaki_7,2026-06-03,kawasaki,7,https://www.keiba.go.jp/KeibaWeb/TodayRaceInfo/RaceMarkTable?k_raceDate=2026%2F06%2F03&k_raceNo=7&k_babaCode=21,data/cache/html/20260603_kawasaki_7.html
20260603_kawasaki_8,2026-06-03,kawasaki,8,https://www.keiba.go.jp/KeibaWeb/TodayRaceInfo/RaceMarkTable?k_raceDate=2026%2F06%2F03&k_raceNo=8&k_babaCode=21,data/cache/html/20260603_kawasaki_8.html
20260603_kawasaki_9,2026-06-03,kawasaki,9,https://www.keiba.go.jp/KeibaWeb/TodayRaceInfo/RaceMarkTable?k_raceDate=2026%2F06%2F03&k_raceNo=9&k_babaCode=21,data/cache/html/20260603_kawasaki_9.html
20260603_kawasaki_10,2026-06-03,kawasaki,10,https://www.keiba.go.jp/KeibaWeb/TodayRaceInfo/RaceMarkTable?k_raceDate=2026%2F06%2F03&k_raceNo=10&k_babaCode=21,data/cache/html/20260603_kawasaki_10.html
20260603_kawasaki_11,2026-06-03,kawasaki,11,https://www.keiba.go.jp/KeibaWeb/TodayRaceInfo/RaceMarkTable?k_raceDate=2026%2F06%2F03&k_raceNo=11&k_babaCode=21,data/cache/html/20260603_kawasaki_11.html
20260603_kawasaki_12,2026-06-03,kawasaki,12,https://www.keiba.go.jp/KeibaWeb/TodayRaceInfo/RaceMarkTable?k_raceDate=2026%2F06%2F03&k_raceNo=12&k_babaCode=21,data/cache/html/20260603_kawasaki_12.html
20260602_kawasaki_1,2026-06-02,kawasaki,1,https://www.keiba.go.jp/KeibaWeb/TodayRaceInfo/RaceMarkTable?k_raceDate=2026%2F06%2F02&k_raceNo=1&k_babaCode=21,data/cache/html/20260602_kawasaki_1.html
20260602_kawasaki_2,2026-06-02,kawasaki,2,https://www.keiba.go.jp/KeibaWeb/TodayRaceInfo/RaceMarkTable?k_raceDate=2026%2F06%2F02&k_raceNo=2&k_babaCode=21,data/cache/html/20260602_kawasaki_2.html
20260602_kawasaki_3,2026-06-02,kawasaki,3,https://www.keiba.go.jp/KeibaWeb/TodayRaceInfo/RaceMarkTable?k_raceDate=2026%2F06%2F02&k_raceNo=3&k_babaCode=21,data/cache/html/20260602_kawasaki_3.html
20260602_kawasaki_4,2026-06-02,kawasaki,4,https://www.keiba.go.jp/KeibaWeb/TodayRaceInfo/RaceMarkTable?k_raceDate=2026%2F06%2F02&k_raceNo=4&k_babaCode=21,data/cache/html/20260602_kawasaki_4.html
20260602_kawasaki_5,2026-06-02,kawasaki,5,https://www.keiba.go.jp/KeibaWeb/TodayRaceInfo/RaceMarkTable?k_raceDate=2026%2F06%2F02&k_raceNo=5&k_babaCode=21,data/cache/html/20260602_kawasaki_5.html
20260602_kawasaki_6,2026-06-02,kawasaki,6,https://www.keiba.go.jp/KeibaWeb/TodayRaceInfo/RaceMarkTable?k_raceDate=2026%2F06%2F02&k_raceNo=6&k_babaCode=21,data/cache/html/20260602_kawasaki_6.html
20260602_kawasaki_7,2026-06-02,kawasaki,7,https://www.keiba.go.jp/KeibaWeb/TodayRaceInfo/RaceMarkTable?k_raceDate=2026%2F06%2F02&k_raceNo=7&k_babaCode=21,data/cache/html/20260602_kawasaki_7.html
20260602_kawasaki_8,2026-06-02,kawasaki,8,https://www.keiba.go.jp/KeibaWeb/TodayRaceInfo/RaceMarkTable?k_raceDate=2026%2F06%2F02&k_raceNo=8&k_babaCode=21,data/cache/html/20260602_kawasaki_8.html
20260602_kawasaki_9,2026-06-02,kawasaki,9,https://www.keiba.go.jp/KeibaWeb/TodayRaceInfo/RaceMarkTable?k_raceDate=2026%2F06%2F02&k_raceNo=9&k_babaCode=21,data/cache/html/20260602_kawasaki_9.html
20260602_kawasaki_10,2026-06-02,kawasaki,10,https://www.keiba.go.jp/KeibaWeb/TodayRaceInfo/RaceMarkTable?k_raceDate=2026%2F06%2F02&k_raceNo=10&k_babaCode=21,data/cache/html/20260602_kawasaki_10.html
20260602_kawasaki_11,2026-06-02,kawasaki,11,https://www.keiba.go.jp/KeibaWeb/TodayRaceInfo/RaceMarkTable?k_raceDate=2026%2F06%2F02&k_raceNo=11&k_babaCode=21,data/cache/html/20260602_kawasaki_11.html
20260602_kawasaki_12,2026-06-02,kawasaki,12,https://www.keiba.go.jp/KeibaWeb/TodayRaceInfo/RaceMarkTable?k_raceDate=2026%2F06%2F02&k_raceNo=12&k_babaCode=21,data/cache/html/20260602_kawasaki_12.html
20260601_kawasaki_1,2026-06-01,kawasaki,1,https://www.keiba.go.jp/KeibaWeb/TodayRaceInfo/RaceMarkTable?k_raceDate=2026%2F06%2F01&k_raceNo=1&k_babaCode=21,data/cache/html/20260601_kawasaki_1.html
20260601_kawasaki_2,2026-06-01,kawasaki,2,https://www.keiba.go.jp/KeibaWeb/TodayRaceInfo/RaceMarkTable?k_raceDate=2026%2F06%2F01&k_raceNo=2&k_babaCode=21,data/cache/html/20260601_kawasaki_2.html
20260601_kawasaki_3,2026-06-01,kawasaki,3,https://www.keiba.go.jp/KeibaWeb/TodayRaceInfo/RaceMarkTable?k_raceDate=2026%2F06%2F01&k_raceNo=3&k_babaCode=21,data/cache/html/20260601_kawasaki_3.html
20260601_kawasaki_4,2026-06-01,kawasaki,4,https://www.keiba.go.jp/KeibaWeb/TodayRaceInfo/RaceMarkTable?k_raceDate=2026%2F06%2F01&k_raceNo=4&k_babaCode=21,data/cache/html/20260601_kawasaki_4.html
20260601_kawasaki_5,2026-06-01,kawasaki,5,https://www.keiba.go.jp/KeibaWeb/TodayRaceInfo/RaceMarkTable?k_raceDate=2026%2F06%2F01&k_raceNo=5&k_babaCode=21,data/cache/html/20260601_kawasaki_5.html
20260601_kawasaki_6,2026-06-01,kawasaki,6,https://www.keiba.go.jp/KeibaWeb/TodayRaceInfo/RaceMarkTable?k_raceDate=2026%2F06%2F01&k_raceNo=6&k_babaCode=21,data/cache/html/20260601_kawasaki_6.html
20260601_kawasaki_7,2026-06-01,kawasaki,7,https://www.keiba.go.jp/KeibaWeb/TodayRaceInfo/RaceMarkTable?k_raceDate=2026%2F06%2F01&k_raceNo=7&k_babaCode=21,data/cache/html/20260601_kawasaki_7.html
20260601_kawasaki_8,2026-06-01,kawasaki,8,https://www.keiba.go.jp/KeibaWeb/TodayRaceInfo/RaceMarkTable?k_raceDate=2026%2F06%2F01&k_raceNo=8&k_babaCode=21,data/cache/html/20260601_kawasaki_8.html
20260601_kawasaki_9,2026-06-01,kawasaki,9,https://www.keiba.go.jp/KeibaWeb/TodayRaceInfo/RaceMarkTable?k_raceDate=2026%2F06%2F01&k_raceNo=9&k_babaCode=21,data/cache/html/20260601_kawasaki_9.html
20260601_kawasaki_10,2026-06-01,kawasaki,10,https://www.keiba.go.jp/KeibaWeb/TodayRaceInfo/RaceMarkTable?k_raceDate=2026%2F06%2F01&k_raceNo=10&k_babaCode=21,data/cache/html/20260601_kawasaki_10.html
20260601_kawasaki_11,2026-06-01,kawasaki,11,https://www.keiba.go.jp/KeibaWeb/TodayRaceInfo/RaceMarkTable?k_raceDate=2026%2F06%2F01&k_raceNo=11&k_babaCode=21,data/cache/html/20260601_kawasaki_11.html
20260601_kawasaki_12,2026-06-01,kawasaki,12,https://www.keiba.go.jp/KeibaWeb/TodayRaceInfo/RaceMarkTable?k_raceDate=2026%2F06%2F01&k_raceNo=12&k_babaCode=21,data/cache/html/20260601_kawasaki_12.html
20260531_kawasaki_1,2026-05-31,kawasaki,1,https://www.keiba.go.jp/KeibaWeb/TodayRaceInfo/RaceMarkTable?k_raceDate=2026%2F05%2F31&k_raceNo=1&k_babaCode=21,data/cache/html/20260531_kawasaki_1.html
20260531_kawasaki_2,2026-05-31,kawasaki,2,https://www.keiba.go.jp/KeibaWeb/TodayRaceInfo/RaceMarkTable?k_raceDate=2026%2F05%2F31&k_raceNo=2&k_babaCode=21,data/cache/html/20260531_kawasaki_2.html
20260531_kawasaki_3,2026-05-31,kawasaki,3,https://www.keiba.go.jp/KeibaWeb/TodayRaceInfo/RaceMarkTable?k_raceDate=2026%2F05%2F31&k_raceNo=3&k_babaCode=21,data/cache/html/20260531_kawasaki_3.html
20260531_kawasaki_4,2026-05-31,kawasaki,4,https://www.keiba.go.jp/KeibaWeb/TodayRaceInfo/RaceMarkTable?k_raceDate=2026%2F05%2F31&k_raceNo=4&k_babaCode=21,data/cache/html/20260531_kawasaki_4.html
20260531_kawasaki_5,2026-05-31,kawasaki,5,https://www.keiba.go.jp/KeibaWeb/TodayRaceInfo/RaceMarkTable?k_raceDate=2026%2F05%2F31&k_raceNo=5&k_babaCode=21,data/cache/html/20260531_kawasaki_5.html
20260531_kawasaki_6,2026-05-31,kawasaki,6,https://www.keiba.go.jp/KeibaWeb/TodayRaceInfo/RaceMarkTable?k_raceDate=2026%2F05%2F31&k_raceNo=6&k_babaCode=21,data/cache/html/20260531_kawasaki_6.html
20260531_kawasaki_7,2026-05-31,kawasaki,7,https://www.keiba.go.jp/KeibaWeb/TodayRaceInfo/RaceMarkTable?k_raceDate=2026%2F05%2F31&k_raceNo=7&k_babaCode=21,data/cache/html/20260531_kawasaki_7.html
20260531_kawasaki_8,2026-05-31,kawasaki,8,https://www.keiba.go.jp/KeibaWeb/TodayRaceInfo/RaceMarkTable?k_raceDate=2026%2F05%2F31&k_raceNo=8&k_babaCode=21,data/cache/html/20260531_kawasaki_8.html
20260531_kawasaki_9,2026-05-31,kawasaki,9,https://www.keiba.go.jp/KeibaWeb/TodayRaceInfo/RaceMarkTable?k_raceDate=2026%2F05%2F31&k_raceNo=9&k_babaCode=21,data/cache/html/20260531_kawasaki_9.html
20260531_kawasaki_10,2026-05-31,kawasaki,10,https://www.keiba.go.jp/KeibaWeb/TodayRaceInfo/RaceMarkTable?k_raceDate=2026%2F05%2F31&k_raceNo=10&k_babaCode=21,data/cache/html/20260531_kawasaki_10.html
20260531_kawasaki_11,2026-05-31,kawasaki,11,https://www.keiba.go.jp/KeibaWeb/TodayRaceInfo/RaceMarkTable?k_raceDate=2026%2F05%2F31&k_raceNo=11&k_babaCode=21,data/cache/html/20260531_kawasaki_11.html
20260531_kawasaki_12,2026-05-31,kawasaki,12,https://www.keiba.go.jp/KeibaWeb/TodayRaceInfo/RaceMarkTable?k_raceDate=2026%2F05%2F31&k_raceNo=12&k_babaCode=21,data/cache/html/20260531_kawasaki_12.html
20260530_kawasaki_1,2026-05-30,kawasaki,1,https://www.keiba.go.jp/KeibaWeb/TodayRaceInfo/RaceMarkTable?k_raceDate=2026%2F05%2F30&k_raceNo=1&k_babaCode=21,data/cache/html/20260530_kawasaki_1.html
20260530_kawasaki_2,2026-05-30,kawasaki,2,https://www.keiba.go.jp/KeibaWeb/TodayRaceInfo/RaceMarkTable?k_raceDate=2026%2F05%2F30&k_raceNo=2&k_babaCode=21,data/cache/html/20260530_kawasaki_2.html
20260530_kawasaki_3,2026-05-30,kawasaki,3,https://www.keiba.go.jp/KeibaWeb/TodayRaceInfo/RaceMarkTable?k_raceDate=2026%2F05%2F30&k_raceNo=3&k_babaCode=21,data/cache/html/20260530_kawasaki_3.html
20260530_kawasaki_4,2026-05-30,kawasaki,4,https://www.keiba.go.jp/KeibaWeb/TodayRaceInfo/RaceMarkTable?k_raceDate=2026%2F05%2F30&k_raceNo=4&k_babaCode=21,data/cache/html/20260530_kawasaki_4.html
20260530_kawasaki_5,2026-05-30,kawasaki,5,https://www.keiba.go.jp/KeibaWeb/TodayRaceInfo/RaceMarkTable?k_raceDate=2026%2F05%2F30&k_raceNo=5&k_babaCode=21,data/cache/html/20260530_kawasaki_5.html
20260530_kawasaki_6,2026-05-30,kawasaki,6,https://www.keiba.go.jp/KeibaWeb/TodayRaceInfo/RaceMarkTable?k_raceDate=2026%2F05%2F30&k_raceNo=6&k_babaCode=21,data/cache/html/20260530_kawasaki_6.html
20260530_kawasaki_7,2026-05-30,kawasaki,7,https://www.keiba.go.jp/KeibaWeb/TodayRaceInfo/RaceMarkTable?k_raceDate=2026%2F05%2F30&k_raceNo=7&k_babaCode=21,data/cache/html/20260530_kawasaki_7.html
20260530_kawasaki_8,2026-05-30,kawasaki,8,https://www.keiba.go.jp/KeibaWeb/TodayRaceInfo/RaceMarkTable?k_raceDate=2026%2F05%2F30&k_raceNo=8&k_babaCode=21,data/cache/html/20260530_kawasaki_8.html
20260530_kawasaki_9,2026-05-30,kawasaki,9,https://www.keiba.go.jp/KeibaWeb/TodayRaceInfo/RaceMarkTable?k_raceDate=2026%2F05%2F30&k_raceNo=9&k_babaCode=21,data/cache/html/20260530_kawasaki_9.html
20260530_kawasaki_10,2026-05-30,kawasaki,10,https://www.keiba.go.jp/KeibaWeb/TodayRaceInfo/RaceMarkTable?k_raceDate=2026%2F05%2F30&k_raceNo=10&k_babaCode=21,data/cache/html/20260530_kawasaki_10.html
20260530_kawasaki_11,2026-05-30,kawasaki,11,https://www.keiba.go.jp/KeibaWeb/TodayRaceInfo/RaceMarkTable?k_raceDate=2026%2F05%2F30&k_raceNo=11&k_babaCode=21,data/cache/html/20260530_kawasaki_11.html
20260530_kawasaki_12,2026-05-30,kawasaki,12,https://www.keiba.go.jp/KeibaWeb/TodayRaceInfo/RaceMarkTable?k_raceDate=2026%2F05%2F30&k_raceNo=12&k_babaCode=21,data/cache/html/20260530_kawasaki_12.html
20260529_kawasaki_1,2026-05-29,kawasaki,1,https://www.keiba.go.jp/KeibaWeb/TodayRaceInfo/RaceMarkTable?k_raceDate=2026%2F05%2F29&k_raceNo=1&k_babaCode=21,data/cache/html/20260529_kawasaki_1.html
20260529_kawasaki_2,2026-05-29,kawasaki,2,https://www.keiba.go.jp/KeibaWeb/TodayRaceInfo/RaceMarkTable?k_raceDate=2026%2F05%2F29&k_raceNo=2&k_babaCode=21,data/cache/html/20260529_kawasaki_2.html
20260529_kawasaki_3,2026-05-29,kawasaki,3,https://www.keiba.go.jp/KeibaWeb/TodayRaceInfo/RaceMarkTable?k_raceDate=2026%2F05%2F29&k_raceNo=3&k_babaCode=21,data/cache/html/20260529_kawasaki_3.html
20260529_kawasaki_4,2026-05-29,kawasaki,4,https://www.keiba.go.jp/KeibaWeb/TodayRaceInfo/RaceMarkTable?k_raceDate=2026%2F05%2F29&k_raceNo=4&k_babaCode=21,data/cache/html/20260529_kawasaki_4.html
20260529_kawasaki_5,2026-05-29,kawasaki,5,https://www.keiba.go.jp/KeibaWeb/TodayRaceInfo/RaceMarkTable?k_raceDate=2026%2F05%2F29&k_raceNo=5&k_babaCode=21,data/cache/html/20260529_kawasaki_5.html
20260529_kawasaki_6,2026-05-29,kawasaki,6,https://www.keiba.go.jp/KeibaWeb/TodayRaceInfo/RaceMarkTable?k_raceDate=2026%2F05%2F29&k_raceNo=6&k_babaCode=21,data/cache/html/20260529_kawasaki_6.html
20260529_kawasaki_7,2026-05-29,kawasaki,7,https://www.keiba.go.jp/KeibaWeb/TodayRaceInfo/RaceMarkTable?k_raceDate=2026%2F05%2F29&k_raceNo=7&k_babaCode=21,data/cache/html/20260529_kawasaki_7.html
20260529_kawasaki_8,2026-05-29,kawasaki,8,https://www.keiba.go.jp/KeibaWeb/TodayRaceInfo/RaceMarkTable?k_raceDate=2026%2F05%2F29&k_raceNo=8&k_babaCode=21,data/cache/html/20260529_kawasaki_8.html
20260529_kawasaki_9,2026-05-29,kawasaki,9,https://www.keiba.go.jp/KeibaWeb/TodayRaceInfo/RaceMarkTable?k_raceDate=2026%2F05%2F29&k_raceNo=9&k_babaCode=21,data/cache/html/20260529_kawasaki_9.html
20260529_kawasaki_10,2026-05-29,kawasaki,10,https://www.keiba.go.jp/KeibaWeb/TodayRaceInfo/RaceMarkTable?k_raceDate=2026%2F05%2F29&k_raceNo=10&k_babaCode=21,data/cache/html/20260529_kawasaki_10.html
20260529_kawasaki_11,2026-05-29,kawasaki,11,https://www.keiba.go.jp/KeibaWeb/TodayRaceInfo/RaceMarkTable?k_raceDate=2026%2F05%2F29&k_raceNo=11&k_babaCode=21,data/cache/html/20260529_kawasaki_11.html
20260529_kawasaki_12,2026-05-29,kawasaki,12,https://www.keiba.go.jp/KeibaWeb/TodayRaceInfo/RaceMarkTable?k_raceDate=2026%2F05%2F29&k_raceNo=12&k_babaCode=21,data/cache/html/20260529_kawasaki_12.html
20260528_kawasaki_1,2026-05-28,kawasaki,1,https://www.keiba.go.jp/KeibaWeb/TodayRaceInfo/RaceMarkTable?k_raceDate=2026%2F05%2F28&k_raceNo=1&k_babaCode=21,data/cache/html/20260528_kawasaki_1.html
20260528_kawasaki_2,2026-05-28,kawasaki,2,https://www.keiba.go.jp/KeibaWeb/TodayRaceInfo/RaceMarkTable?k_raceDate=2026%2F05%2F28&k_raceNo=2&k_babaCode=21,data/cache/html/20260528_kawasaki_2.html
20260528_kawasaki_3,2026-05-28,kawasaki,3,https://www.keiba.go.jp/KeibaWeb/TodayRaceInfo/RaceMarkTable?k_raceDate=2026%2F05%2F28&k_raceNo=3&k_babaCode=21,data/cache/html/20260528_kawasaki_3.html
20260528_kawasaki_4,2026-05-28,kawasaki,4,https://www.keiba.go.jp/KeibaWeb/TodayRaceInfo/RaceMarkTable?k_raceDate=2026%2F05%2F28&k_raceNo=4&k_babaCode=21,data/cache/html/20260528_kawasaki_4.html
20260528_kawasaki_5,2026-05-28,kawasaki,5,https://www.keiba.go.jp/KeibaWeb/TodayRaceInfo/RaceMarkTable?k_raceDate=2026%2F05%2F28&k_raceNo=5&k_babaCode=21,data/cache/html/20260528_kawasaki_5.html
20260528_kawasaki_6,2026-05-28,kawasaki,6,https://www.keiba.go.jp/KeibaWeb/TodayRaceInfo/RaceMarkTable?k_raceDate=2026%2F05%2F28&k_raceNo=6&k_babaCode=21,data/cache/html/20260528_kawasaki_6.html
20260528_kawasaki_7,2026-05-28,kawasaki,7,https://www.keiba.go.jp/KeibaWeb/TodayRaceInfo/RaceMarkTable?k_raceDate=2026%2F05%2F28&k_raceNo=7&k_babaCode=21,data/cache/html/20260528_kawasaki_7.html
20260528_kawasaki_8,2026-05-28,kawasaki,8,https://www.keiba.go.jp/KeibaWeb/TodayRaceInfo/RaceMarkTable?k_raceDate=2026%2F05%2F28&k_raceNo=8&k_babaCode=21,data/cache/html/20260528_kawasaki_8.html
20260528_kawasaki_9,2026-05-28,kawasaki,9,https://www.keiba.go.jp/KeibaWeb/TodayRaceInfo/RaceMarkTable?k_raceDate=2026%2F05%2F28&k_raceNo=9&k_babaCode=21,data/cache/html/20260528_kawasaki_9.html
20260528_kawasaki_10,2026-05-28,kawasaki,10,https://www.keiba.go.jp/KeibaWeb/TodayRaceInfo/RaceMarkTable?k_raceDate=2026%2F05%2F28&k_raceNo=10&k_babaCode=21,data/cache/html/20260528_kawasaki_10.html
20260528_kawasaki_11,2026-05-28,kawasaki,11,https://www.keiba.go.jp/KeibaWeb/TodayRaceInfo/RaceMarkTable?k_raceDate=2026%2F05%2F28&k_raceNo=11&k_babaCode=21,data/cache/html/20260528_kawasaki_11.html
20260528_kawasaki_12,2026-05-28,kawasaki,12,https://www.keiba.go.jp/KeibaWeb/TodayRaceInfo/RaceMarkTable?k_raceDate=2026%2F05%2F28&k_raceNo=12&k_babaCode=21,data/cache/html/20260528_kawasaki_12.html
20260527_kawasaki_1,2026-05-27,kawasaki,1,https://www.keiba.go.jp/KeibaWeb/TodayRaceInfo/RaceMarkTable?k_raceDate=2026%2F05%2F27&k_raceNo=1&k_babaCode=21,data/cache/html/20260527_kawasaki_1.html
20260527_kawasaki_2,2026-05-27,kawasaki,2,https://www.keiba.go.jp/KeibaWeb/TodayRaceInfo/RaceMarkTable?k_raceDate=2026%2F05%2F27&k_raceNo=2&k_babaCode=21,data/cache/html/20260527_kawasaki_2.html
20260527_kawasaki_3,2026-05-27,kawasaki,3,https://www.keiba.go.jp/KeibaWeb/TodayRaceInfo/RaceMarkTable?k_raceDate=2026%2F05%2F27&k_raceNo=3&k_babaCode=21,data/cache/html/20260527_kawasaki_3.html
20260527_kawasaki_4,2026-05-27,kawasaki,4,https://www.keiba.go.jp/KeibaWeb/TodayRaceInfo/RaceMarkTable?k_raceDate=2026%2F05%2F27&k_raceNo=4&k_babaCode=21,data/cache/html/20260527_kawasaki_4.html
20260527_kawasaki_5,2026-05-27,kawasaki,5,https://www.keiba.go.jp/KeibaWeb/TodayRaceInfo/RaceMarkTable?k_raceDate=2026%2F05%2F27&k_raceNo=5&k_babaCode=21,data/cache/html/20260527_kawasaki_5.html
20260527_kawasaki_6,2026-05-27,kawasaki,6,https://www.keiba.go.jp/KeibaWeb/TodayRaceInfo/RaceMarkTable?k_raceDate=2026%2F05%2F27&k_raceNo=6&k_babaCode=21,data/cache/html/20260527_kawasaki_6.html
20260527_kawasaki_7,2026-05-27,kawasaki,7,https://www.keiba.go.jp/KeibaWeb/TodayRaceInfo/RaceMarkTable?k_raceDate=2026%2F05%2F27&k_raceNo=7&k_babaCode=21,data/cache/html/20260527_kawasaki_7.html
20260527_kawasaki_8,2026-05-27,kawasaki,8,https://www.keiba.go.jp/KeibaWeb/TodayRaceInfo/RaceMarkTable?k_raceDate=2026%2F05%2F27&k_raceNo=8&k_babaCode=21,data/cache/html/20260527_kawasaki_8.html
20260527_kawasaki_9,2026-05-27,kawasaki,9,https://www.keiba.go.jp/KeibaWeb/TodayRaceInfo/RaceMarkTable?k_raceDate=2026%2F05%2F27&k_raceNo=9&k_babaCode=21,data/cache/html/20260527_kawasaki_9.html
20260527_kawasaki_10,2026-05-27,kawasaki,10,https://www.keiba.go.jp/KeibaWeb/TodayRaceInfo/RaceMarkTable?k_raceDate=2026%2F05%2F27&k_raceNo=10&k_babaCode=21,data/cache/html/20260527_kawasaki_10.html
20260527_kawasaki_11,2026-05-27,kawasaki,11,https://www.keiba.go.jp/KeibaWeb/TodayRaceInfo/RaceMarkTable?k_raceDate=2026%2F05%2F27&k_raceNo=11&k_babaCode=21,data/cache/html/20260527_kawasaki_11.html
20260527_kawasaki_12,2026-05-27,kawasaki,12,https://www.keiba.go.jp/KeibaWeb/TodayRaceInfo/RaceMarkTable?k_raceDate=2026%2F05%2F27&k_raceNo=12&k_babaCode=21,data/cache/html/20260527_kawasaki_12.html
20260526_kawasaki_1,2026-05-26,kawasaki,1,https://www.keiba.go.jp/KeibaWeb/TodayRaceInfo/RaceMarkTable?k_raceDate=2026%2F05%2F26&k_raceNo=1&k_babaCode=21,data/cache/html/20260526_kawasaki_1.html
20260526_kawasaki_2,2026-05-26,kawasaki,2,https://www.keiba.go.jp/KeibaWeb/TodayRaceInfo/RaceMarkTable?k_raceDate=2026%2F05%2F26&k_raceNo=2&k_babaCode=21,data/cache/html/20260526_kawasaki_2.html
20260526_kawasaki_3,2026-05-26,kawasaki,3,https://www.keiba.go.jp/KeibaWeb/TodayRaceInfo/RaceMarkTable?k_raceDate=2026%2F05%2F26&k_raceNo=3&k_babaCode=21,data/cache/html/20260526_kawasaki_3.html
20260526_kawasaki_4,2026-05-26,kawasaki,4,https://www.keiba.go.jp/KeibaWeb/TodayRaceInfo/RaceMarkTable?k_raceDate=2026%2F05%2F26&k_raceNo=4&k_babaCode=21,data/cache/html/20260526_kawasaki_4.html
20260526_kawasaki_5,2026-05-26,kawasaki,5,https://www.keiba.go.jp/KeibaWeb/TodayRaceInfo/RaceMarkTable?k_raceDate=2026%2F05%2F26&k_raceNo=5&k_babaCode=21,data/cache/html/20260526_kawasaki_5.html
20260526_kawasaki_6,2026-05-26,kawasaki,6,https://www.keiba.go.jp/KeibaWeb/TodayRaceInfo/RaceMarkTable?k_raceDate=2026%2F05%2F26&k_raceNo=6&k_babaCode=21,data/cache/html/20260526_kawasaki_6.html
20260526_kawasaki_7,2026-05-26,kawasaki,7,https://www.keiba.go.jp/KeibaWeb/TodayRaceInfo/RaceMarkTable?k_raceDate=2026%2F05%2F26&k_raceNo=7&k_babaCode=21,data/cache/html/20260526_kawasaki_7.html
20260526_kawasaki_8,2026-05-26,kawasaki,8,https://www.keiba.go.jp/KeibaWeb/TodayRaceInfo/RaceMarkTable?k_raceDate=2026%2F05%2F26&k_raceNo=8&k_babaCode=21,data/cache/html/20260526_kawasaki_8.html
20260526_kawasaki_9,2026-05-26,kawasaki,9,https://www.keiba.go.jp/KeibaWeb/TodayRaceInfo/RaceMarkTable?k_raceDate=2026%2F05%2F26&k_raceNo=9&k_babaCode=21,data/cache/html/20260526_kawasaki_9.html
20260526_kawasaki_10,2026-05-26,kawasaki,10,https://www.keiba.go.jp/KeibaWeb/TodayRaceInfo/RaceMarkTable?k_raceDate=2026%2F05%2F26&k_raceNo=10&k_babaCode=21,data/cache/html/20260526_kawasaki_10.html
20260526_kawasaki_11,2026-05-26,kawasaki,11,https://www.keiba.go.jp/KeibaWeb/TodayRaceInfo/RaceMarkTable?k_raceDate=2026%2F05%2F26&k_raceNo=11&k_babaCode=21,data/cache/html/20260526_kawasaki_11.html
20260526_kawasaki_12,2026-05-26,kawasaki,12,https://www.keiba.go.jp/KeibaWeb/TodayRaceInfo/RaceMarkTable?k_raceDate=2026%2F05%2F26&k_raceNo=12&k_babaCode=21,data/cache/html/20260526_kawasaki_12.html
20260525_kawasaki_1,2026-05-25,kawasaki,1,https://www.keiba.go.jp/KeibaWeb/TodayRaceInfo/RaceMarkTable?k_raceDate=2026%2F05%2F25&k_raceNo=1&k_babaCode=21,data/cache/html/20260525_kawasaki_1.html
20260525_kawasaki_2,2026-05-25,kawasaki,2,https://www.keiba.go.jp/KeibaWeb/TodayRaceInfo/RaceMarkTable?k_raceDate=2026%2F05%2F25&k_raceNo=2&k_babaCode=21,data/cache/html/20260525_kawasaki_2.html
20260525_kawasaki_3,2026-05-25,kawasaki,3,https://www.keiba.go.jp/KeibaWeb/TodayRaceInfo/RaceMarkTable?k_raceDate=2026%2F05%2F25&k_raceNo=3&k_babaCode=21,data/cache/html/20260525_kawasaki_3.html
20260525_kawasaki_4,2026-05-25,kawasaki,4,https://www.keiba.go.jp/KeibaWeb/TodayRaceInfo/RaceMarkTable?k_raceDate=2026%2F05%2F25&k_raceNo=4&k_babaCode=21,data/cache/html/20260525_kawasaki_4.html
20260525_kawasaki_5,2026-05-25,kawasaki,5,https://www.keiba.go.jp/KeibaWeb/TodayRaceInfo/RaceMarkTable?k_raceDate=2026%2F05%2F25&k_raceNo=5&k_babaCode=21,data/cache/html/20260525_kawasaki_5.html
20260525_kawasaki_6,2026-05-25,kawasaki,6,https://www.keiba.go.jp/KeibaWeb/TodayRaceInfo/RaceMarkTable?k_raceDate=2026%2F05%2F25&k_raceNo=6&k_babaCode=21,data/cache/html/20260525_kawasaki_6.html
20260525_kawasaki_7,2026-05-25,kawasaki,7,https://www.keiba.go.jp/KeibaWeb/TodayRaceInfo/RaceMarkTable?k_raceDate=2026%2F05%2F25&k_raceNo=7&k_babaCode=21,data/cache/html/20260525_kawasaki_7.html
20260525_kawasaki_8,2026-05-25,kawasaki,8,https://www.keiba.go.jp/KeibaWeb/TodayRaceInfo/RaceMarkTable?k_raceDate=2026%2F05%2F25&k_raceNo=8&k_babaCode=21,data/cache/html/20260525_kawasaki_8.html
20260525_kawasaki_9,2026-05-25,kawasaki,9,https://www.keiba.go.jp/KeibaWeb/TodayRaceInfo/RaceMarkTable?k_raceDate=2026%2F05%2F25&k_raceNo=9&k_babaCode=21,data/cache/html/20260525_kawasaki_9.html
20260525_kawasaki_10,2026-05-25,kawasaki,10,https://www.keiba.go.jp/KeibaWeb/TodayRaceInfo/RaceMarkTable?k_raceDate=2026%2F05%2F25&k_raceNo=10&k_babaCode=21,data/cache/html/20260525_kawasaki_10.html
20260525_kawasaki_11,2026-05-25,kawasaki,11,https://www.keiba.go.jp/KeibaWeb/TodayRaceInfo/RaceMarkTable?k_raceDate=2026%2F05%2F25&k_raceNo=11&k_babaCode=21,data/cache/html/20260525_kawasaki_11.html
20260525_kawasaki_12,2026-05-25,kawasaki,12,https://www.keiba.go.jp/KeibaWeb/TodayRaceInfo/RaceMarkTable?k_raceDate=2026%2F05%2F25&k_raceNo=12&k_babaCode=21,data/cache/html/20260525_kawasaki_12.html
20260524_kawasaki_1,2026-05-24,kawasaki,1,https://www.keiba.go.jp/KeibaWeb/TodayRaceInfo/RaceMarkTable?k_raceDate=2026%2F05%2F24&k_raceNo=1&k_babaCode=21,data/cache/html/20260524_kawasaki_1.html
20260524_kawasaki_2,2026-05-24,kawasaki,2,https://www.keiba.go.jp/KeibaWeb/TodayRaceInfo/RaceMarkTable?k_raceDate=2026%2F05%2F24&k_raceNo=2&k_babaCode=21,data/cache/html/20260524_kawasaki_2.html
20260524_kawasaki_3,2026-05-24,kawasaki,3,https://www.keiba.go.jp/KeibaWeb/TodayRaceInfo/RaceMarkTable?k_raceDate=2026%2F05%2F24&k_raceNo=3&k_babaCode=21,data/cache/html/20260524_kawasaki_3.html
20260524_kawasaki_4,2026-05-24,kawasaki,4,https://www.keiba.go.jp/KeibaWeb/TodayRaceInfo/RaceMarkTable?k_raceDate=2026%2F05%2F24&k_raceNo=4&k_babaCode=21,data/cache/html/20260524_kawasaki_4.html
20260524_kawasaki_5,2026-05-24,kawasaki,5,https://www.keiba.go.jp/KeibaWeb/TodayRaceInfo/RaceMarkTable?k_raceDate=2026%2F05%2F24&k_raceNo=5&k_babaCode=21,data/cache/html/20260524_kawasaki_5.html
20260524_kawasaki_6,2026-05-24,kawasaki,6,https://www.keiba.go.jp/KeibaWeb/TodayRaceInfo/RaceMarkTable?k_raceDate=2026%2F05%2F24&k_raceNo=6&k_babaCode=21,data/cache/html/20260524_kawasaki_6.html
20260524_kawasaki_7,2026-05-24,kawasaki,7,https://www.keiba.go.jp/KeibaWeb/TodayRaceInfo/RaceMarkTable?k_raceDate=2026%2F05%2F24&k_raceNo=7&k_babaCode=21,data/cache/html/20260524_kawasaki_7.html
20260524_kawasaki_8,2026-05-24,kawasaki,8,https://www.keiba.go.jp/KeibaWeb/TodayRaceInfo/RaceMarkTable?k_raceDate=2026%2F05%2F24&k_raceNo=8&k_babaCode=21,data/cache/html/20260524_kawasaki_8.html
20260524_kawasaki_9,2026-05-24,kawasaki,9,https://www.keiba.go.jp/KeibaWeb/TodayRaceInfo/RaceMarkTable?k_raceDate=2026%2F05%2F24&k_raceNo=9&k_babaCode=21,data/cache/html/20260524_kawasaki_9.html
20260524_kawasaki_10,2026-05-24,kawasaki,10,https://www.keiba.go.jp/KeibaWeb/TodayRaceInfo/RaceMarkTable?k_raceDate=2026%2F05%2F24&k_raceNo=10&k_babaCode=21,data/cache/html/20260524_kawasaki_10.html
20260524_kawasaki_11,2026-05-24,kawasaki,11,https://www.keiba.go.jp/KeibaWeb/TodayRaceInfo/RaceMarkTable?k_raceDate=2026%2F05%2F24&k_raceNo=11&k_babaCode=21,data/cache/html/20260524_kawasaki_11.html
20260524_kawasaki_12,2026-05-24,kawasaki,12,https://www.keiba.go.jp/KeibaWeb/TodayRaceInfo/RaceMarkTable?k_raceDate=2026%2F05%2F24&k_raceNo=12&k_babaCode=21,data/cache/html/20260524_kawasaki_12.html
20260523_kawasaki_1,2026-05-23,kawasaki,1,https://www.keiba.go.jp/KeibaWeb/TodayRaceInfo/RaceMarkTable?k_raceDate=2026%2F05%2F23&k_raceNo=1&k_babaCode=21,data/cache/html/20260523_kawasaki_1.html
20260523_kawasaki_2,2026-05-23,kawasaki,2,https://www.keiba.go.jp/KeibaWeb/TodayRaceInfo/RaceMarkTable?k_raceDate=2026%2F05%2F23&k_raceNo=2&k_babaCode=21,data/cache/html/20260523_kawasaki_2.html
20260523_kawasaki_3,2026-05-23,kawasaki,3,https://www.keiba.go.jp/KeibaWeb/TodayRaceInfo/RaceMarkTable?k_raceDate=2026%2F05%2F23&k_raceNo=3&k_babaCode=21,data/cache/html/20260523_kawasaki_3.html
20260523_kawasaki_4,2026-05-23,kawasaki,4,https://www.keiba.go.jp/KeibaWeb/TodayRaceInfo/RaceMarkTable?k_raceDate=2026%2F05%2F23&k_raceNo=4&k_babaCode=21,data/cache/html/20260523_kawasaki_4.html
20260523_kawasaki_5,2026-05-23,kawasaki,5,https://www.keiba.go.jp/KeibaWeb/TodayRaceInfo/RaceMarkTable?k_raceDate=2026%2F05%2F23&k_raceNo=5&k_babaCode=21,data/cache/html/20260523_kawasaki_5.html
20260523_kawasaki_6,2026-05-23,kawasaki,6,https://www.keiba.go.jp/KeibaWeb/TodayRaceInfo/RaceMarkTable?k_raceDate=2026%2F05%2F23&k_raceNo=6&k_babaCode=21,data/cache/html/20260523_kawasaki_6.html
20260523_kawasaki_7,2026-05-23,kawasaki,7,https://www.keiba.go.jp/KeibaWeb/TodayRaceInfo/RaceMarkTable?k_raceDate=2026%2F05%2F23&k_raceNo=7&k_babaCode=21,data/cache/html/20260523_kawasaki_7.html
20260523_kawasaki_8,2026-05-23,kawasaki,8,https://www.keiba.go.jp/KeibaWeb/TodayRaceInfo/RaceMarkTable?k_raceDate=2026%2F05%2F23&k_raceNo=8&k_babaCode=21,data/cache/html/20260523_kawasaki_8.html
20260523_kawasaki_9,2026-05-23,kawasaki,9,https://www.keiba.go.jp/KeibaWeb/TodayRaceInfo/RaceMarkTable?k_raceDate=2026%2F05%2F23&k_raceNo=9&k_babaCode=21,data/cache/html/20260523_kawasaki_9.html
20260523_kawasaki_10,2026-05-23,kawasaki,10,https://www.keiba.go.jp/KeibaWeb/TodayRaceInfo/RaceMarkTable?k_raceDate=2026%2F05%2F23&k_raceNo=10&k_babaCode=21,data/cache/html/20260523_kawasaki_10.html
20260523_kawasaki_11,2026-05-23,kawasaki,11,https://www.keiba.go.jp/KeibaWeb/TodayRaceInfo/RaceMarkTable?k_raceDate=2026%2F05%2F23&k_raceNo=11&k_babaCode=21,data/cache/html/20260523_kawasaki_11.html
20260523_kawasaki_12,2026-05-23,kawasaki,12,https://www.keiba.go.jp/KeibaWeb/TodayRaceInfo/RaceMarkTable?k_raceDate=2026%2F05%2F23&k_raceNo=12&k_babaCode=21,data/cache/html/20260523_kawasaki_12.html
20260522_kawasaki_1,2026-05-22,kawasaki,1,https://www.keiba.go.jp/KeibaWeb/TodayRaceInfo/RaceMarkTable?k_raceDate=2026%2F05%2F22&k_raceNo=1&k_babaCode=21,data/cache/html/20260522_kawasaki_1.html
20260522_kawasaki_2,2026-05-22,kawasaki,2,https://www.keiba.go.jp/KeibaWeb/TodayRaceInfo/RaceMarkTable?k_raceDate=2026%2F05%2F22&k_raceNo=2&k_babaCode=21,data/cache/html/20260522_kawasaki_2.html
20260522_kawasaki_3,2026-05-22,kawasaki,3,https://www.keiba.go.jp/KeibaWeb/TodayRaceInfo/RaceMarkTable?k_raceDate=2026%2F05%2F22&k_raceNo=3&k_babaCode=21,data/cache/html/20260522_kawasaki_3.html
20260522_kawasaki_4,2026-05-22,kawasaki,4,https://www.keiba.go.jp/KeibaWeb/TodayRaceInfo/RaceMarkTable?k_raceDate=2026%2F05%2F22&k_raceNo=4&k_babaCode=21,data/cache/html/20260522_kawasaki_4.html
20260522_kawasaki_5,2026-05-22,kawasaki,5,https://www.keiba.go.jp/KeibaWeb/TodayRaceInfo/RaceMarkTable?k_raceDate=2026%2F05%2F22&k_raceNo=5&k_babaCode=21,data/cache/html/20260522_kawasaki_5.html
20260522_kawasaki_6,2026-05-22,kawasaki,6,https://www.keiba.go.jp/KeibaWeb/TodayRaceInfo/RaceMarkTable?k_raceDate=2026%2F05%2F22&k_raceNo=6&k_babaCode=21,data/cache/html/20260522_kawasaki_6.html
20260522_kawasaki_7,2026-05-22,kawasaki,7,https://www.keiba.go.jp/KeibaWeb/TodayRaceInfo/RaceMarkTable?k_raceDate=2026%2F05%2F22&k_raceNo=7&k_babaCode=21,data/cache/html/20260522_kawasaki_7.html
20260522_kawasaki_8,2026-05-22,kawasaki,8,https://www.keiba.go.jp/KeibaWeb/TodayRaceInfo/RaceMarkTable?k_raceDate=2026%2F05%2F22&k_raceNo=8&k_babaCode=21,data/cache/html/20260522_kawasaki_8.html
20260522_kawasaki_9,2026-05-22,kawasaki,9,https://www.keiba.go.jp/KeibaWeb/TodayRaceInfo/RaceMarkTable?k_raceDate=2026%2F05%2F22&k_raceNo=9&k_babaCode=21,data/cache/html/20260522_kawasaki_9.html
20260522_kawasaki_10,2026-05-22,kawasaki,10,https://www.keiba.go.jp/KeibaWeb/TodayRaceInfo/RaceMarkTable?k_raceDate=2026%2F05%2F22&k_raceNo=10&k_babaCode=21,data/cache/html/20260522_kawasaki_10.html
20260522_kawasaki_11,2026-05-22,kawasaki,11,https://www.keiba.go.jp/KeibaWeb/TodayRaceInfo/RaceMarkTable?k_raceDate=2026%2F05%2F22&k_raceNo=11&k_babaCode=21,data/cache/html/20260522_kawasaki_11.html
20260522_kawasaki_12,2026-05-22,kawasaki,12,https://www.keiba.go.jp/KeibaWeb/TodayRaceInfo/RaceMarkTable?k_raceDate=2026%2F05%2F22&k_raceNo=12&k_babaCode=21,data/cache/html/20260522_kawasaki_12.html
20260521_kawasaki_1,2026-05-21,kawasaki,1,https://www.keiba.go.jp/KeibaWeb/TodayRaceInfo/RaceMarkTable?k_raceDate=2026%2F05%2F21&k_raceNo=1&k_babaCode=21,data/cache/html/20260521_kawasaki_1.html
20260521_kawasaki_2,2026-05-21,kawasaki,2,https://www.keiba.go.jp/KeibaWeb/TodayRaceInfo/RaceMarkTable?k_raceDate=2026%2F05%2F21&k_raceNo=2&k_babaCode=21,data/cache/html/20260521_kawasaki_2.html
20260521_kawasaki_3,2026-05-21,kawasaki,3,https://www.keiba.go.jp/KeibaWeb/TodayRaceInfo/RaceMarkTable?k_raceDate=2026%2F05%2F21&k_raceNo=3&k_babaCode=21,data/cache/html/20260521_kawasaki_3.html
20260521_kawasaki_4,2026-05-21,kawasaki,4,https://www.keiba.go.jp/KeibaWeb/TodayRaceInfo/RaceMarkTable?k_raceDate=2026%2F05%2F21&k_raceNo=4&k_babaCode=21,data/cache/html/20260521_kawasaki_4.html
20260521_kawasaki_5,2026-05-21,kawasaki,5,https://www.keiba.go.jp/KeibaWeb/TodayRaceInfo/RaceMarkTable?k_raceDate=2026%2F05%2F21&k_raceNo=5&k_babaCode=21,data/cache/html/20260521_kawasaki_5.html
20260521_kawasaki_6,2026-05-21,kawasaki,6,https://www.keiba.go.jp/KeibaWeb/TodayRaceInfo/RaceMarkTable?k_raceDate=2026%2F05%2F21&k_raceNo=6&k_babaCode=21,data/cache/html/20260521_kawasaki_6.html
20260521_kawasaki_7,2026-05-21,kawasaki,7,https://www.keiba.go.jp/KeibaWeb/TodayRaceInfo/RaceMarkTable?k_raceDate=2026%2F05%2F21&k_raceNo=7&k_babaCode=21,data/cache/html/20260521_kawasaki_7.html
20260521_kawasaki_8,2026-05-21,kawasaki,8,https://www.keiba.go.jp/KeibaWeb/TodayRaceInfo/RaceMarkTable?k_raceDate=2026%2F05%2F21&k_raceNo=8&k_babaCode=21,data/cache/html/20260521_kawasaki_8.html
20260521_kawasaki_9,2026-05-21,kawasaki,9,https://www.keiba.go.jp/KeibaWeb/TodayRaceInfo/RaceMarkTable?k_raceDate=2026%2F05%2F21&k_raceNo=9&k_babaCode=21,data/cache/html/20260521_kawasaki_9.html
20260521_kawasaki_10,2026-05-21,kawasaki,10,https://www.keiba.go.jp/KeibaWeb/TodayRaceInfo/RaceMarkTable?k_raceDate=2026%2F05%2F21&k_raceNo=10&k_babaCode=21,data/cache/html/20260521_kawasaki_10.html
20260521_kawasaki_11,2026-05-21,kawasaki,11,https://www.keiba.go.jp/KeibaWeb/TodayRaceInfo/RaceMarkTable?k_raceDate=2026%2F05%2F21&k_raceNo=11&k_babaCode=21,data/cache/html/20260521_kawasaki_11.html
20260521_kawasaki_12,2026-05-21,kawasaki,12,https://www.keiba.go.jp/KeibaWeb/TodayRaceInfo/RaceMarkTable?k_raceDate=2026%2F05%2F21&k_raceNo=12&k_babaCode=21,data/cache/html/20260521_kawasaki_12.html
20260520_kawasaki_1,2026-05-20,kawasaki,1,https://www.keiba.go.jp/KeibaWeb/TodayRaceInfo/RaceMarkTable?k_raceDate=2026%2F05%2F20&k_raceNo=1&k_babaCode=21,data/cache/html/20260520_kawasaki_1.html
20260520_kawasaki_2,2026-05-20,kawasaki,2,https://www.keiba.go.jp/KeibaWeb/TodayRaceInfo/RaceMarkTable?k_raceDate=2026%2F05%2F20&k_raceNo=2&k_babaCode=21,data/cache/html/20260520_kawasaki_2.html
20260520_kawasaki_3,2026-05-20,kawasaki,3,https://www.keiba.go.jp/KeibaWeb/TodayRaceInfo/RaceMarkTable?k_raceDate=2026%2F05%2F20&k_raceNo=3&k_babaCode=21,data/cache/html/20260520_kawasaki_3.html
20260520_kawasaki_4,2026-05-20,kawasaki,4,https://www.keiba.go.jp/KeibaWeb/TodayRaceInfo/RaceMarkTable?k_raceDate=2026%2F05%2F20&k_raceNo=4&k_babaCode=21,data/cache/html/20260520_kawasaki_4.html
20260520_kawasaki_5,2026-05-20,kawasaki,5,https://www.keiba.go.jp/KeibaWeb/TodayRaceInfo/RaceMarkTable?k_raceDate=2026%2F05%2F20&k_raceNo=5&k_babaCode=21,data/cache/html/20260520_kawasaki_5.html
20260520_kawasaki_6,2026-05-20,kawasaki,6,https://www.keiba.go.jp/KeibaWeb/TodayRaceInfo/RaceMarkTable?k_raceDate=2026%2F05%2F20&k_raceNo=6&k_babaCode=21,data/cache/html/20260520_kawasaki_6.html
20260520_kawasaki_7,2026-05-20,kawasaki,7,https://www.keiba.go.jp/KeibaWeb/TodayRaceInfo/RaceMarkTable?k_raceDate=2026%2F05%2F20&k_raceNo=7&k_babaCode=21,data/cache/html/20260520_kawasaki_7.html
20260520_kawasaki_8,2026-05-20,kawasaki,8,https://www.keiba.go.jp/KeibaWeb/TodayRaceInfo/RaceMarkTable?k_raceDate=2026%2F05%2F20&k_raceNo=8&k_babaCode=21,data/cache/html/20260520_kawasaki_8.html
20260520_kawasaki_9,2026-05-20,kawasaki,9,https://www.keiba.go.jp/KeibaWeb/TodayRaceInfo/RaceMarkTable?k_raceDate=2026%2F05%2F20&k_raceNo=9&k_babaCode=21,data/cache/html/20260520_kawasaki_9.html
20260520_kawasaki_10,2026-05-20,kawasaki,10,https://www.keiba.go.jp/KeibaWeb/TodayRaceInfo/RaceMarkTable?k_raceDate=2026%2F05%2F20&k_raceNo=10&k_babaCode=21,data/cache/html/20260520_kawasaki_10.html
20260520_kawasaki_11,2026-05-20,kawasaki,11,https://www.keiba.go.jp/KeibaWeb/TodayRaceInfo/RaceMarkTable?k_raceDate=2026%2F05%2F20&k_raceNo=11&k_babaCode=21,data/cache/html/20260520_kawasaki_11.html
20260520_kawasaki_12,2026-05-20,kawasaki,12,https://www.keiba.go.jp/KeibaWeb/TodayRaceInfo/RaceMarkTable?k_raceDate=2026%2F05%2F20&k_raceNo=12&k_babaCode=21,data/cache/html/20260520_kawasaki_12.html
20260519_kawasaki_1,2026-05-19,kawasaki,1,https://www.keiba.go.jp/KeibaWeb/TodayRaceInfo/RaceMarkTable?k_raceDate=2026%2F05%2F19&k_raceNo=1&k_babaCode=21,data/cache/html/20260519_kawasaki_1.html
20260519_kawasaki_2,2026-05-19,kawasaki,2,https://www.keiba.go.jp/KeibaWeb/TodayRaceInfo/RaceMarkTable?k_raceDate=2026%2F05%2F19&k_raceNo=2&k_babaCode=21,data/cache/html/20260519_kawasaki_2.html
20260519_kawasaki_3,2026-05-19,kawasaki,3,https://www.keiba.go.jp/KeibaWeb/TodayRaceInfo/RaceMarkTable?k_raceDate=2026%2F05%2F19&k_raceNo=3&k_babaCode=21,data/cache/html/20260519_kawasaki_3.html
20260519_kawasaki_4,2026-05-19,kawasaki,4,https://www.keiba.go.jp/KeibaWeb/TodayRaceInfo/RaceMarkTable?k_raceDate=2026%2F05%2F19&k_raceNo=4&k_babaCode=21,data/cache/html/20260519_kawasaki_4.html
20260519_kawasaki_5,2026-05-19,kawasaki,5,https://www.keiba.go.jp/KeibaWeb/TodayRaceInfo/RaceMarkTable?k_raceDate=2026%2F05%2F19&k_raceNo=5&k_babaCode=21,data/cache/html/20260519_kawasaki_5.html
20260519_kawasaki_6,2026-05-19,kawasaki,6,https://www.keiba.go.jp/KeibaWeb/TodayRaceInfo/RaceMarkTable?k_raceDate=2026%2F05%2F19&k_raceNo=6&k_babaCode=21,data/cache/html/20260519_kawasaki_6.html
20260519_kawasaki_7,2026-05-19,kawasaki,7,https://www.keiba.go.jp/KeibaWeb/TodayRaceInfo/RaceMarkTable?k_raceDate=2026%2F05%2F19&k_raceNo=7&k_babaCode=21,data/cache/html/20260519_kawasaki_7.html
20260519_kawasaki_8,2026-05-19,kawasaki,8,https://www.keiba.go.jp/KeibaWeb/TodayRaceInfo/RaceMarkTable?k_raceDate=2026%2F05%2F19&k_raceNo=8&k_babaCode=21,data/cache/html/20260519_kawasaki_8.html
20260519_kawasaki_9,2026-05-19,kawasaki,9,https://www.keiba.go.jp/KeibaWeb/TodayRaceInfo/RaceMarkTable?k_raceDate=2026%2F05%2F19&k_raceNo=9&k_babaCode=21,data/cache/html/20260519_kawasaki_9.html
20260519_kawasaki_10,2026-05-19,kawasaki,10,https://www.keiba.go.jp/KeibaWeb/TodayRaceInfo/RaceMarkTable?k_raceDate=2026%2F05%2F19&k_raceNo=10&k_babaCode=21,data/cache/html/20260519_kawasaki_10.html
20260519_kawasaki_11,2026-05-19,kawasaki,11,https://www.keiba.go.jp/KeibaWeb/TodayRaceInfo/RaceMarkTable?k_raceDate=2026%2F05%2F19&k_raceNo=11&k_babaCode=21,data/cache/html/20260519_kawasaki_11.html
20260519_kawasaki_12,2026-05-19,kawasaki,12,https://www.keiba.go.jp/KeibaWeb/TodayRaceInfo/RaceMarkTable?k_raceDate=2026%2F05%2F19&k_raceNo=12&k_babaCode=21,data/cache/html/20260519_kawasaki_12.html
20260518_kawasaki_1,2026-05-18,kawasaki,1,https://www.keiba.go.jp/KeibaWeb/TodayRaceInfo/RaceMarkTable?k_raceDate=2026%2F05%2F18&k_raceNo=1&k_babaCode=21,data/cache/html/20260518_kawasaki_1.html
20260518_kawasaki_2,2026-05-18,kawasaki,2,https://www.keiba.go.jp/KeibaWeb/TodayRaceInfo/RaceMarkTable?k_raceDate=2026%2F05%2F18&k_raceNo=2&k_babaCode=21,data/cache/html/20260518_kawasaki_2.html
20260518_kawasaki_3,2026-05-18,kawasaki,3,https://www.keiba.go.jp/KeibaWeb/TodayRaceInfo/RaceMarkTable?k_raceDate=2026%2F05%2F18&k_raceNo=3&k_babaCode=21,data/cache/html/20260518_kawasaki_3.html
20260518_kawasaki_4,2026-05-18,kawasaki,4,https://www.keiba.go.jp/KeibaWeb/TodayRaceInfo/RaceMarkTable?k_raceDate=2026%2F05%2F18&k_raceNo=4&k_babaCode=21,data/cache/html/20260518_kawasaki_4.html
20260518_kawasaki_5,2026-05-18,kawasaki,5,https://www.keiba.go.jp/KeibaWeb/TodayRaceInfo/RaceMarkTable?k_raceDate=2026%2F05%2F18&k_raceNo=5&k_babaCode=21,data/cache/html/20260518_kawasaki_5.html
20260518_kawasaki_6,2026-05-18,kawasaki,6,https://www.keiba.go.jp/KeibaWeb/TodayRaceInfo/RaceMarkTable?k_raceDate=2026%2F05%2F18&k_raceNo=6&k_babaCode=21,data/cache/html/20260518_kawasaki_6.html
20260518_kawasaki_7,2026-05-18,kawasaki,7,https://www.keiba.go.jp/KeibaWeb/TodayRaceInfo/RaceMarkTable?k_raceDate=2026%2F05%2F18&k_raceNo=7&k_babaCode=21,data/cache/html/20260518_kawasaki_7.html
20260518_kawasaki_8,2026-05-18,kawasaki,8,https://www.keiba.go.jp/KeibaWeb/TodayRaceInfo/RaceMarkTable?k_raceDate=2026%2F05%2F18&k_raceNo=8&k_babaCode=21,data/cache/html/20260518_kawasaki_8.html
20260518_kawasaki_9,2026-05-18,kawasaki,9,https://www.keiba.go.jp/KeibaWeb/TodayRaceInfo/RaceMarkTable?k_raceDate=2026%2F05%2F18&k_raceNo=9&k_babaCode=21,data/cache/html/20260518_kawasaki_9.html
20260518_kawasaki_10,2026-05-18,kawasaki,10,https://www.keiba.go.jp/KeibaWeb/TodayRaceInfo/RaceMarkTable?k_raceDate=2026%2F05%2F18&k_raceNo=10&k_babaCode=21,data/cache/html/20260518_kawasaki_10.html
20260518_kawasaki_11,2026-05-18,kawasaki,11,https://www.keiba.go.jp/KeibaWeb/TodayRaceInfo/RaceMarkTable?k_raceDate=2026%2F05%2F18&k_raceNo=11&k_babaCode=21,data/cache/html/20260518_kawasaki_11.html
20260518_kawasaki_12,2026-05-18,kawasaki,12,https://www.keiba.go.jp/KeibaWeb/TodayRaceInfo/RaceMarkTable?k_raceDate=2026%2F05%2F18&k_raceNo=12&k_babaCode=21,data/cache/html/20260518_kawasaki_12.html
20260517_kawasaki_1,2026-05-17,kawasaki,1,https://www.keiba.go.jp/KeibaWeb/TodayRaceInfo/RaceMarkTable?k_raceDate=2026%2F05%2F17&k_raceNo=1&k_babaCode=21,data/cache/html/20260517_kawasaki_1.html
20260517_kawasaki_2,2026-05-17,kawasaki,2,https://www.keiba.go.jp/KeibaWeb/TodayRaceInfo/RaceMarkTable?k_raceDate=2026%2F05%2F17&k_raceNo=2&k_babaCode=21,data/cache/html/20260517_kawasaki_2.html
20260517_kawasaki_3,2026-05-17,kawasaki,3,https://www.keiba.go.jp/KeibaWeb/TodayRaceInfo/RaceMarkTable?k_raceDate=2026%2F05%2F17&k_raceNo=3&k_babaCode=21,data/cache/html/20260517_kawasaki_3.html
20260517_kawasaki_4,2026-05-17,kawasaki,4,https://www.keiba.go.jp/KeibaWeb/TodayRaceInfo/RaceMarkTable?k_raceDate=2026%2F05%2F17&k_raceNo=4&k_babaCode=21,data/cache/html/20260517_kawasaki_4.html
20260517_kawasaki_5,2026-05-17,kawasaki,5,https://www.keiba.go.jp/KeibaWeb/TodayRaceInfo/RaceMarkTable?k_raceDate=2026%2F05%2F17&k_raceNo=5&k_babaCode=21,data/cache/html/20260517_kawasaki_5.html
20260517_kawasaki_6,2026-05-17,kawasaki,6,https://www.keiba.go.jp/KeibaWeb/TodayRaceInfo/RaceMarkTable?k_raceDate=2026%2F05%2F17&k_raceNo=6&k_babaCode=21,data/cache/html/20260517_kawasaki_6.html
20260517_kawasaki_7,2026-05-17,kawasaki,7,https://www.keiba.go.jp/KeibaWeb/TodayRaceInfo/RaceMarkTable?k_raceDate=2026%2F05%2F17&k_raceNo=7&k_babaCode=21,data/cache/html/20260517_kawasaki_7.html
20260517_kawasaki_8,2026-05-17,kawasaki,8,https://www.keiba.go.jp/KeibaWeb/TodayRaceInfo/RaceMarkTable?k_raceDate=2026%2F05%2F17&k_raceNo=8&k_babaCode=21,data/cache/html/20260517_kawasaki_8.html
20260517_kawasaki_9,2026-05-17,kawasaki,9,https://www.keiba.go.jp/KeibaWeb/TodayRaceInfo/RaceMarkTable?k_raceDate=2026%2F05%2F17&k_raceNo=9&k_babaCode=21,data/cache/html/20260517_kawasaki_9.html
20260517_kawasaki_10,2026-05-17,kawasaki,10,https://www.keiba.go.jp/KeibaWeb/TodayRaceInfo/RaceMarkTable?k_raceDate=2026%2F05%2F17&k_raceNo=10&k_babaCode=21,data/cache/html/20260517_kawasaki_10.html
20260517_kawasaki_11,2026-05-17,kawasaki,11,https://www.keiba.go.jp/KeibaWeb/TodayRaceInfo/RaceMarkTable?k_raceDate=2026%2F05%2F17&k_raceNo=11&k_babaCode=21,data/cache/html/20260517_kawasaki_11.html
20260517_kawasaki_12,2026-05-17,kawasaki,12,https://www.keiba.go.jp/KeibaWeb/TodayRaceInfo/RaceMarkTable?k_raceDate=2026%2F05%2F17&k_raceNo=12&k_babaCode=21,data/cache/html/20260517_kawasaki_12.html
20260516_kawasaki_1,2026-05-16,kawasaki,1,https://www.keiba.go.jp/KeibaWeb/TodayRaceInfo/RaceMarkTable?k_raceDate=2026%2F05%2F16&k_raceNo=1&k_babaCode=21,data/cache/html/20260516_kawasaki_1.html
20260516_kawasaki_2,2026-05-16,kawasaki,2,https://www.keiba.go.jp/KeibaWeb/TodayRaceInfo/RaceMarkTable?k_raceDate=2026%2F05%2F16&k_raceNo=2&k_babaCode=21,data/cache/html/20260516_kawasaki_2.html
20260516_kawasaki_3,2026-05-16,kawasaki,3,https://www.keiba.go.jp/KeibaWeb/TodayRaceInfo/RaceMarkTable?k_raceDate=2026%2F05%2F16&k_raceNo=3&k_babaCode=21,data/cache/html/20260516_kawasaki_3.html
20260516_kawasaki_4,2026-05-16,kawasaki,4,https://www.keiba.go.jp/KeibaWeb/TodayRaceInfo/RaceMarkTable?k_raceDate=2026%2F05%2F16&k_raceNo=4&k_babaCode=21,data/cache/html/20260516_kawasaki_4.html
20260516_kawasaki_5,2026-05-16,kawasaki,5,https://www.keiba.go.jp/KeibaWeb/TodayRaceInfo/RaceMarkTable?k_raceDate=2026%2F05%2F16&k_raceNo=5&k_babaCode=21,data/cache/html/20260516_kawasaki_5.html
20260516_kawasaki_6,2026-05-16,kawasaki,6,https://www.keiba.go.jp/KeibaWeb/TodayRaceInfo/RaceMarkTable?k_raceDate=2026%2F05%2F16&k_raceNo=6&k_babaCode=21,data/cache/html/20260516_kawasaki_6.html
20260516_kawasaki_7,2026-05-16,kawasaki,7,https://www.keiba.go.jp/KeibaWeb/TodayRaceInfo/RaceMarkTable?k_raceDate=2026%2F05%2F16&k_raceNo=7&k_babaCode=21,data/cache/html/20260516_kawasaki_7.html
20260516_kawasaki_8,2026-05-16,kawasaki,8,https://www.keiba.go.jp/KeibaWeb/TodayRaceInfo/RaceMarkTable?k_raceDate=2026%2F05%2F16&k_raceNo=8&k_babaCode=21,data/cache/html/20260516_kawasaki_8.html
20260516_kawasaki_9,2026-05-16,kawasaki,9,https://www.keiba.go.jp/KeibaWeb/TodayRaceInfo/RaceMarkTable?k_raceDate=2026%2F05%2F16&k_raceNo=9&k_babaCode=21,data/cache/html/20260516_kawasaki_9.html
20260516_kawasaki_10,2026-05-16,kawasaki,10,https://www.keiba.go.jp/KeibaWeb/TodayRaceInfo/RaceMarkTable?k_raceDate=2026%2F05%2F16&k_raceNo=10&k_babaCode=21,data/cache/html/20260516_kawasaki_10.html
20260516_kawasaki_11,2026-05-16,kawasaki,11,https://www.keiba.go.jp/KeibaWeb/TodayRaceInfo/RaceMarkTable?k_raceDate=2026%2F05%2F16&k_raceNo=11&k_babaCode=21,data/cache/html/20260516_kawasaki_11.html
20260516_kawasaki_12,2026-05-16,kawasaki,12,https://www.keiba.go.jp/KeibaWeb/TodayRaceInfo/RaceMarkTable?k_raceDate=2026%2F05%2F16&k_raceNo=12&k_babaCode=21,data/cache/html/20260516_kawasaki_12.html
20260510_kawasaki_1,2026-05-10,kawasaki,1,https://www.keiba.go.jp/KeibaWeb/TodayRaceInfo/RaceMarkTable?k_raceDate=2026%2F05%2F10&k_raceNo=1&k_babaCode=21,data/cache/html/20260510_kawasaki_1.html
20260510_kawasaki_2,2026-05-10,kawasaki,2,https://www.keiba.go.jp/KeibaWeb/TodayRaceInfo/RaceMarkTable?k_raceDate=2026%2F05%2F10&k_raceNo=2&k_babaCode=21,data/cache/html/20260510_kawasaki_2.html
20260510_kawasaki_3,2026-05-10,kawasaki,3,https://www.keiba.go.jp/KeibaWeb/TodayRaceInfo/RaceMarkTable?k_raceDate=2026%2F05%2F10&k_raceNo=3&k_babaCode=21,data/cache/html/20260510_kawasaki_3.html
20260510_kawasaki_4,2026-05-10,kawasaki,4,https://www.keiba.go.jp/KeibaWeb/TodayRaceInfo/RaceMarkTable?k_raceDate=2026%2F05%2F10&k_raceNo=4&k_babaCode=21,data/cache/html/20260510_kawasaki_4.html
20260510_kawasaki_5,2026-05-10,kawasaki,5,https://www.keiba.go.jp/KeibaWeb/TodayRaceInfo/RaceMarkTable?k_raceDate=2026%2F05%2F10&k_raceNo=5&k_babaCode=21,data/cache/html/20260510_kawasaki_5.html
20260510_kawasaki_6,2026-05-10,kawasaki,6,https://www.keiba.go.jp/KeibaWeb/TodayRaceInfo/RaceMarkTable?k_raceDate=2026%2F05%2F10&k_raceNo=6&k_babaCode=21,data/cache/html/20260510_kawasaki_6.html
20260510_kawasaki_7,2026-05-10,kawasaki,7,https://www.keiba.go.jp/KeibaWeb/TodayRaceInfo/RaceMarkTable?k_raceDate=2026%2F05%2F10&k_raceNo=7&k_babaCode=21,data/cache/html/20260510_kawasaki_7.html
20260510_kawasaki_8,2026-05-10,kawasaki,8,https://www.keiba.go.jp/KeibaWeb/TodayRaceInfo/RaceMarkTable?k_raceDate=2026%2F05%2F10&k_raceNo=8&k_babaCode=21,data/cache/html/20260510_kawasaki_8.html
20260510_kawasaki_9,2026-05-10,kawasaki,9,https://www.keiba.go.jp/KeibaWeb/TodayRaceInfo/RaceMarkTable?k_raceDate=2026%2F05%2F10&k_raceNo=9&k_babaCode=21,data/cache/html/20260510_kawasaki_9.html
20260510_kawasaki_10,2026-05-10,kawasaki,10,https://www.keiba.go.jp/KeibaWeb/TodayRaceInfo/RaceMarkTable?k_raceDate=2026%2F05%2F10&k_raceNo=10&k_babaCode=21,data/cache/html/20260510_kawasaki_10.html
20260510_kawasaki_11,2026-05-10,kawasaki,11,https://www.keiba.go.jp/KeibaWeb/TodayRaceInfo/RaceMarkTable?k_raceDate=2026%2F05%2F10&k_raceNo=11&k_babaCode=21,data/cache/html/20260510_kawasaki_11.html
20260510_kawasaki_12,2026-05-10,kawasaki,12,https://www.keiba.go.jp/KeibaWeb/TodayRaceInfo/RaceMarkTable?k_raceDate=2026%2F05%2F10&k_raceNo=12&k_babaCode=21,data/cache/html/20260510_kawasaki_12.html
20260509_kawasaki_1,2026-05-09,kawasaki,1,https://www.keiba.go.jp/KeibaWeb/TodayRaceInfo/RaceMarkTable?k_raceDate=2026%2F05%2F09&k_raceNo=1&k_babaCode=21,data/cache/html/20260509_kawasaki_1.html
20260509_kawasaki_2,2026-05-09,kawasaki,2,https://www.keiba.go.jp/KeibaWeb/TodayRaceInfo/RaceMarkTable?k_raceDate=2026%2F05%2F09&k_raceNo=2&k_babaCode=21,data/cache/html/20260509_kawasaki_2.html
20260509_kawasaki_3,2026-05-09,kawasaki,3,https://www.keiba.go.jp/KeibaWeb/TodayRaceInfo/RaceMarkTable?k_raceDate=2026%2F05%2F09&k_raceNo=3&k_babaCode=21,data/cache/html/20260509_kawasaki_3.html
20260509_kawasaki_4,2026-05-09,kawasaki,4,https://www.keiba.go.jp/KeibaWeb/TodayRaceInfo/RaceMarkTable?k_raceDate=2026%2F05%2F09&k_raceNo=4&k_babaCode=21,data/cache/html/20260509_kawasaki_4.html
20260509_kawasaki_5,2026-05-09,kawasaki,5,https://www.keiba.go.jp/KeibaWeb/TodayRaceInfo/RaceMarkTable?k_raceDate=2026%2F05%2F09&k_raceNo=5&k_babaCode=21,data/cache/html/20260509_kawasaki_5.html
20260509_kawasaki_6,2026-05-09,kawasaki,6,https://www.keiba.go.jp/KeibaWeb/TodayRaceInfo/RaceMarkTable?k_raceDate=2026%2F05%2F09&k_raceNo=6&k_babaCode=21,data/cache/html/20260509_kawasaki_6.html
20260509_kawasaki_7,2026-05-09,kawasaki,7,https://www.keiba.go.jp/KeibaWeb/TodayRaceInfo/RaceMarkTable?k_raceDate=2026%2F05%2F09&k_raceNo=7&k_babaCode=21,data/cache/html/20260509_kawasaki_7.html
20260509_kawasaki_8,2026-05-09,kawasaki,8,https://www.keiba.go.jp/KeibaWeb/TodayRaceInfo/RaceMarkTable?k_raceDate=2026%2F05%2F09&k_raceNo=8&k_babaCode=21,data/cache/html/20260509_kawasaki_8.html
20260509_kawasaki_9,2026-05-09,kawasaki,9,https://www.keiba.go.jp/KeibaWeb/TodayRaceInfo/RaceMarkTable?k_raceDate=2026%2F05%2F09&k_raceNo=9&k_babaCode=21,data/cache/html/20260509_kawasaki_9.html
20260509_kawasaki_10,2026-05-09,kawasaki,10,https://www.keiba.go.jp/KeibaWeb/TodayRaceInfo/RaceMarkTable?k_raceDate=2026%2F05%2F09&k_raceNo=10&k_babaCode=21,data/cache/html/20260509_kawasaki_10.html
20260509_kawasaki_11,2026-05-09,kawasaki,11,https://www.keiba.go.jp/KeibaWeb/TodayRaceInfo/RaceMarkTable?k_raceDate=2026%2F05%2F09&k_raceNo=11&k_babaCode=21,data/cache/html/20260509_kawasaki_11.html
20260509_kawasaki_12,2026-05-09,kawasaki,12,https://www.keiba.go.jp/KeibaWeb/TodayRaceInfo/RaceMarkTable?k_raceDate=2026%2F05%2F09&k_raceNo=12&k_babaCode=21,data/cache/html/20260509_kawasaki_12.html
20260508_kawasaki_1,2026-05-08,kawasaki,1,https://www.keiba.go.jp/KeibaWeb/TodayRaceInfo/RaceMarkTable?k_raceDate=2026%2F05%2F08&k_raceNo=1&k_babaCode=21,data/cache/html/20260508_kawasaki_1.html
20260508_kawasaki_2,2026-05-08,kawasaki,2,https://www.keiba.go.jp/KeibaWeb/TodayRaceInfo/RaceMarkTable?k_raceDate=2026%2F05%2F08&k_raceNo=2&k_babaCode=21,data/cache/html/20260508_kawasaki_2.html
20260508_kawasaki_3,2026-05-08,kawasaki,3,https://www.keiba.go.jp/KeibaWeb/TodayRaceInfo/RaceMarkTable?k_raceDate=2026%2F05%2F08&k_raceNo=3&k_babaCode=21,data/cache/html/20260508_kawasaki_3.html
20260508_kawasaki_4,2026-05-08,kawasaki,4,https://www.keiba.go.jp/KeibaWeb/TodayRaceInfo/RaceMarkTable?k_raceDate=2026%2F05%2F08&k_raceNo=4&k_babaCode=21,data/cache/html/20260508_kawasaki_4.html
20260508_kawasaki_5,2026-05-08,kawasaki,5,https://www.keiba.go.jp/KeibaWeb/TodayRaceInfo/RaceMarkTable?k_raceDate=2026%2F05%2F08&k_raceNo=5&k_babaCode=21,data/cache/html/20260508_kawasaki_5.html
20260508_kawasaki_6,2026-05-08,kawasaki,6,https://www.keiba.go.jp/KeibaWeb/TodayRaceInfo/RaceMarkTable?k_raceDate=2026%2F05%2F08&k_raceNo=6&k_babaCode=21,data/cache/html/20260508_kawasaki_6.html
20260508_kawasaki_7,2026-05-08,kawasaki,7,https://www.keiba.go.jp/KeibaWeb/TodayRaceInfo/RaceMarkTable?k_raceDate=2026%2F05%2F08&k_raceNo=7&k_babaCode=21,data/cache/html/20260508_kawasaki_7.html
20260508_kawasaki_8,2026-05-08,kawasaki,8,https://www.keiba.go.jp/KeibaWeb/TodayRaceInfo/RaceMarkTable?k_raceDate=2026%2F05%2F08&k_raceNo=8&k_babaCode=21,data/cache/html/20260508_kawasaki_8.html
20260508_kawasaki_9,2026-05-08,kawasaki,9,https://www.keiba.go.jp/KeibaWeb/TodayRaceInfo/RaceMarkTable?k_raceDate=2026%2F05%2F08&k_raceNo=9&k_babaCode=21,data/cache/html/20260508_kawasaki_9.html
20260508_kawasaki_10,2026-05-08,kawasaki,10,https://www.keiba.go.jp/KeibaWeb/TodayRaceInfo/RaceMarkTable?k_raceDate=2026%2F05%2F08&k_raceNo=10&k_babaCode=21,data/cache/html/20260508_kawasaki_10.html
20260508_kawasaki_11,2026-05-08,kawasaki,11,https://www.keiba.go.jp/KeibaWeb/TodayRaceInfo/RaceMarkTable?k_raceDate=2026%2F05%2F08&k_raceNo=11&k_babaCode=21,data/cache/html/20260508_kawasaki_11.html
20260508_kawasaki_12,2026-05-08,kawasaki,12,https://www.keiba.go.jp/KeibaWeb/TodayRaceInfo/RaceMarkTable?k_raceDate=2026%2F05%2F08&k_raceNo=12&k_babaCode=21,data/cache/html/20260508_kawasaki_12.html
20260507_kawasaki_1,2026-05-07,kawasaki,1,https://www.keiba.go.jp/KeibaWeb/TodayRaceInfo/RaceMarkTable?k_raceDate=2026%2F05%2F07&k_raceNo=1&k_babaCode=21,data/cache/html/20260507_kawasaki_1.html
20260507_kawasaki_2,2026-05-07,kawasaki,2,https://www.keiba.go.jp/KeibaWeb/TodayRaceInfo/RaceMarkTable?k_raceDate=2026%2F05%2F07&k_raceNo=2&k_babaCode=21,data/cache/html/20260507_kawasaki_2.html
20260507_kawasaki_3,2026-05-07,kawasaki,3,https://www.keiba.go.jp/KeibaWeb/TodayRaceInfo/RaceMarkTable?k_raceDate=2026%2F05%2F07&k_raceNo=3&k_babaCode=21,data/cache/html/20260507_kawasaki_3.html
20260507_kawasaki_4,2026-05-07,kawasaki,4,https://www.keiba.go.jp/KeibaWeb/TodayRaceInfo/RaceMarkTable?k_raceDate=2026%2F05%2F07&k_raceNo=4&k_babaCode=21,data/cache/html/20260507_kawasaki_4.html
20260507_kawasaki_5,2026-05-07,kawasaki,5,https://www.keiba.go.jp/KeibaWeb/TodayRaceInfo/RaceMarkTable?k_raceDate=2026%2F05%2F07&k_raceNo=5&k_babaCode=21,data/cache/html/20260507_kawasaki_5.html
20260507_kawasaki_6,2026-05-07,kawasaki,6,https://www.keiba.go.jp/KeibaWeb/TodayRaceInfo/RaceMarkTable?k_raceDate=2026%2F05%2F07&k_raceNo=6&k_babaCode=21,data/cache/html/20260507_kawasaki_6.html
20260507_kawasaki_7,2026-05-07,kawasaki,7,https://www.keiba.go.jp/KeibaWeb/TodayRaceInfo/RaceMarkTable?k_raceDate=2026%2F05%2F07&k_raceNo=7&k_babaCode=21,data/cache/html/20260507_kawasaki_7.html
20260507_kawasaki_8,2026-05-07,kawasaki,8,https://www.keiba.go.jp/KeibaWeb/TodayRaceInfo/RaceMarkTable?k_raceDate=2026%2F05%2F07&k_raceNo=8&k_babaCode=21,data/cache/html/20260507_kawasaki_8.html
20260507_kawasaki_9,2026-05-07,kawasaki,9,https://www.keiba.go.jp/KeibaWeb/TodayRaceInfo/RaceMarkTable?k_raceDate=2026%2F05%2F07&k_raceNo=9&k_babaCode=21,data/cache/html/20260507_kawasaki_9.html
20260507_kawasaki_10,2026-05-07,kawasaki,10,https://www.keiba.go.jp/KeibaWeb/TodayRaceInfo/RaceMarkTable?k_raceDate=2026%2F05%2F07&k_raceNo=10&k_babaCode=21,data/cache/html/20260507_kawasaki_10.html
20260507_kawasaki_11,2026-05-07,kawasaki,11,https://www.keiba.go.jp/KeibaWeb/TodayRaceInfo/RaceMarkTable?k_raceDate=2026%2F05%2F07&k_raceNo=11&k_babaCode=21,data/cache/html/20260507_kawasaki_11.html
20260507_kawasaki_12,2026-05-07,kawasaki,12,https://www.keiba.go.jp/KeibaWeb/TodayRaceInfo/RaceMarkTable?k_raceDate=2026%2F05%2F07&k_raceNo=12&k_babaCode=21,data/cache/html/20260507_kawasaki_12.html
20260506_kawasaki_1,2026-05-06,kawasaki,1,https://www.keiba.go.jp/KeibaWeb/TodayRaceInfo/RaceMarkTable?k_raceDate=2026%2F05%2F06&k_raceNo=1&k_babaCode=21,data/cache/html/20260506_kawasaki_1.html
20260506_kawasaki_2,2026-05-06,kawasaki,2,https://www.keiba.go.jp/KeibaWeb/TodayRaceInfo/RaceMarkTable?k_raceDate=2026%2F05%2F06&k_raceNo=2&k_babaCode=21,data/cache/html/20260506_kawasaki_2.html
20260506_kawasaki_3,2026-05-06,kawasaki,3,https://www.keiba.go.jp/KeibaWeb/TodayRaceInfo/RaceMarkTable?k_raceDate=2026%2F05%2F06&k_raceNo=3&k_babaCode=21,data/cache/html/20260506_kawasaki_3.html
20260506_kawasaki_4,2026-05-06,kawasaki,4,https://www.keiba.go.jp/KeibaWeb/TodayRaceInfo/RaceMarkTable?k_raceDate=2026%2F05%2F06&k_raceNo=4&k_babaCode=21,data/cache/html/20260506_kawasaki_4.html
20260506_kawasaki_5,2026-05-06,kawasaki,5,https://www.keiba.go.jp/KeibaWeb/TodayRaceInfo/RaceMarkTable?k_raceDate=2026%2F05%2F06&k_raceNo=5&k_babaCode=21,data/cache/html/20260506_kawasaki_5.html
20260506_kawasaki_6,2026-05-06,kawasaki,6,https://www.keiba.go.jp/KeibaWeb/TodayRaceInfo/RaceMarkTable?k_raceDate=2026%2F05%2F06&k_raceNo=6&k_babaCode=21,data/cache/html/20260506_kawasaki_6.html
20260506_kawasaki_7,2026-05-06,kawasaki,7,https://www.keiba.go.jp/KeibaWeb/TodayRaceInfo/RaceMarkTable?k_raceDate=2026%2F05%2F06&k_raceNo=7&k_babaCode=21,data/cache/html/20260506_kawasaki_7.html
20260506_kawasaki_8,2026-05-06,kawasaki,8,https://www.keiba.go.jp/KeibaWeb/TodayRaceInfo/RaceMarkTable?k_raceDate=2026%2F05%2F06&k_raceNo=8&k_babaCode=21,data/cache/html/20260506_kawasaki_8.html
20260506_kawasaki_9,2026-05-06,kawasaki,9,https://www.keiba.go.jp/KeibaWeb/TodayRaceInfo/RaceMarkTable?k_raceDate=2026%2F05%2F06&k_raceNo=9&k_babaCode=21,data/cache/html/20260506_kawasaki_9.html
20260506_kawasaki_10,2026-05-06,kawasaki,10,https://www.keiba.go.jp/KeibaWeb/TodayRaceInfo/RaceMarkTable?k_raceDate=2026%2F05%2F06&k_raceNo=10&k_babaCode=21,data/cache/html/20260506_kawasaki_10.html
20260506_kawasaki_11,2026-05-06,kawasaki,11,https://www.keiba.go.jp/KeibaWeb/TodayRaceInfo/RaceMarkTable?k_raceDate=2026%2F05%2F06&k_raceNo=11&k_babaCode=21,data/cache/html/20260506_kawasaki_11.html
20260506_kawasaki_12,2026-05-06,kawasaki,12,https://www.keiba.go.jp/KeibaWeb/TodayRaceInfo/RaceMarkTable?k_raceDate=2026%2F05%2F06&k_raceNo=12&k_babaCode=21,data/cache/html/20260506_kawasaki_12.html
20260505_kawasaki_1,2026-05-05,kawasaki,1,https://www.keiba.go.jp/KeibaWeb/TodayRaceInfo/RaceMarkTable?k_raceDate=2026%2F05%2F05&k_raceNo=1&k_babaCode=21,data/cache/html/20260505_kawasaki_1.html
20260505_kawasaki_2,2026-05-05,kawasaki,2,https://www.keiba.go.jp/KeibaWeb/TodayRaceInfo/RaceMarkTable?k_raceDate=2026%2F05%2F05&k_raceNo=2&k_babaCode=21,data/cache/html/20260505_kawasaki_2.html
20260505_kawasaki_3,2026-05-05,kawasaki,3,https://www.keiba.go.jp/KeibaWeb/TodayRaceInfo/RaceMarkTable?k_raceDate=2026%2F05%2F05&k_raceNo=3&k_babaCode=21,data/cache/html/20260505_kawasaki_3.html
20260505_kawasaki_4,2026-05-05,kawasaki,4,https://www.keiba.go.jp/KeibaWeb/TodayRaceInfo/RaceMarkTable?k_raceDate=2026%2F05%2F05&k_raceNo=4&k_babaCode=21,data/cache/html/20260505_kawasaki_4.html
20260505_kawasaki_5,2026-05-05,kawasaki,5,https://www.keiba.go.jp/KeibaWeb/TodayRaceInfo/RaceMarkTable?k_raceDate=2026%2F05%2F05&k_raceNo=5&k_babaCode=21,data/cache/html/20260505_kawasaki_5.html
20260505_kawasaki_6,2026-05-05,kawasaki,6,https://www.keiba.go.jp/KeibaWeb/TodayRaceInfo/RaceMarkTable?k_raceDate=2026%2F05%2F05&k_raceNo=6&k_babaCode=21,data/cache/html/20260505_kawasaki_6.html
20260505_kawasaki_7,2026-05-05,kawasaki,7,https://www.keiba.go.jp/KeibaWeb/TodayRaceInfo/RaceMarkTable?k_raceDate=2026%2F05%2F05&k_raceNo=7&k_babaCode=21,data/cache/html/20260505_kawasaki_7.html
20260505_kawasaki_8,2026-05-05,kawasaki,8,https://www.keiba.go.jp/KeibaWeb/TodayRaceInfo/RaceMarkTable?k_raceDate=2026%2F05%2F05&k_raceNo=8&k_babaCode=21,data/cache/html/20260505_kawasaki_8.html
20260505_kawasaki_9,2026-05-05,kawasaki,9,https://www.keiba.go.jp/KeibaWeb/TodayRaceInfo/RaceMarkTable?k_raceDate=2026%2F05%2F05&k_raceNo=9&k_babaCode=21,data/cache/html/20260505_kawasaki_9.html
20260505_kawasaki_10,2026-05-05,kawasaki,10,https://www.keiba.go.jp/KeibaWeb/TodayRaceInfo/RaceMarkTable?k_raceDate=2026%2F05%2F05&k_raceNo=10&k_babaCode=21,data/cache/html/20260505_kawasaki_10.html
20260505_kawasaki_11,2026-05-05,kawasaki,11,https://www.keiba.go.jp/KeibaWeb/TodayRaceInfo/RaceMarkTable?k_raceDate=2026%2F05%2F05&k_raceNo=11&k_babaCode=21,data/cache/html/20260505_kawasaki_11.html
20260505_kawasaki_12,2026-05-05,kawasaki,12,https://www.keiba.go.jp/KeibaWeb/TodayRaceInfo/RaceMarkTable?k_raceDate=2026%2F05%2F05&k_raceNo=12&k_babaCode=21,data/cache/html/20260505_kawasaki_12.html
20260504_kawasaki_1,2026-05-04,kawasaki,1,https://www.keiba.go.jp/KeibaWeb/TodayRaceInfo/RaceMarkTable?k_raceDate=2026%2F05%2F04&k_raceNo=1&k_babaCode=21,data/cache/html/20260504_kawasaki_1.html
20260504_kawasaki_2,2026-05-04,kawasaki,2,https://www.keiba.go.jp/KeibaWeb/TodayRaceInfo/RaceMarkTable?k_raceDate=2026%2F05%2F04&k_raceNo=2&k_babaCode=21,data/cache/html/20260504_kawasaki_2.html
20260504_kawasaki_3,2026-05-04,kawasaki,3,https://www.keiba.go.jp/KeibaWeb/TodayRaceInfo/RaceMarkTable?k_raceDate=2026%2F05%2F04&k_raceNo=3&k_babaCode=21,data/cache/html/20260504_kawasaki_3.html
20260504_kawasaki_4,2026-05-04,kawasaki,4,https://www.keiba.go.jp/KeibaWeb/TodayRaceInfo/RaceMarkTable?k_raceDate=2026%2F05%2F04&k_raceNo=4&k_babaCode=21,data/cache/html/20260504_kawasaki_4.html
20260504_kawasaki_5,2026-05-04,kawasaki,5,https://www.keiba.go.jp/KeibaWeb/TodayRaceInfo/RaceMarkTable?k_raceDate=2026%2F05%2F04&k_raceNo=5&k_babaCode=21,data/cache/html/20260504_kawasaki_5.html
20260504_kawasaki_6,2026-05-04,kawasaki,6,https://www.keiba.go.jp/KeibaWeb/TodayRaceInfo/RaceMarkTable?k_raceDate=2026%2F05%2F04&k_raceNo=6&k_babaCode=21,data/cache/html/20260504_kawasaki_6.html
20260504_kawasaki_7,2026-05-04,kawasaki,7,https://www.keiba.go.jp/KeibaWeb/TodayRaceInfo/RaceMarkTable?k_raceDate=2026%2F05%2F04&k_raceNo=7&k_babaCode=21,data/cache/html/20260504_kawasaki_7.html
20260504_kawasaki_8,2026-05-04,kawasaki,8,https://www.keiba.go.jp/KeibaWeb/TodayRaceInfo/RaceMarkTable?k_raceDate=2026%2F05%2F04&k_raceNo=8&k_babaCode=21,data/cache/html/20260504_kawasaki_8.html
20260504_kawasaki_9,2026-05-04,kawasaki,9,https://www.keiba.go.jp/KeibaWeb/TodayRaceInfo/RaceMarkTable?k_raceDate=2026%2F05%2F04&k_raceNo=9&k_babaCode=21,data/cache/html/20260504_kawasaki_9.html
20260504_kawasaki_10,2026-05-04,kawasaki,10,https://www.keiba.go.jp/KeibaWeb/TodayRaceInfo/RaceMarkTable?k_raceDate=2026%2F05%2F04&k_raceNo=10&k_babaCode=21,data/cache/html/20260504_kawasaki_10.html
20260504_kawasaki_11,2026-05-04,kawasaki,11,https://www.keiba.go.jp/KeibaWeb/TodayRaceInfo/RaceMarkTable?k_raceDate=2026%2F05%2F04&k_raceNo=11&k_babaCode=21,data/cache/html/20260504_kawasaki_11.html
20260504_kawasaki_12,2026-05-04,kawasaki,12,https://www.keiba.go.jp/KeibaWeb/TodayRaceInfo/RaceMarkTable?k_raceDate=2026%2F05%2F04&k_raceNo=12&k_babaCode=21,data/cache/html/20260504_kawasaki_12.html
20260503_kawasaki_1,2026-05-03,kawasaki,1,https://www.keiba.go.jp/KeibaWeb/TodayRaceInfo/RaceMarkTable?k_raceDate=2026%2F05%2F03&k_raceNo=1&k_babaCode=21,data/cache/html/20260503_kawasaki_1.html
20260503_kawasaki_2,2026-05-03,kawasaki,2,https://www.keiba.go.jp/KeibaWeb/TodayRaceInfo/RaceMarkTable?k_raceDate=2026%2F05%2F03&k_raceNo=2&k_babaCode=21,data/cache/html/20260503_kawasaki_2.html
20260503_kawasaki_3,2026-05-03,kawasaki,3,https://www.keiba.go.jp/KeibaWeb/TodayRaceInfo/RaceMarkTable?k_raceDate=2026%2F05%2F03&k_raceNo=3&k_babaCode=21,data/cache/html/20260503_kawasaki_3.html
20260503_kawasaki_4,2026-05-03,kawasaki,4,https://www.keiba.go.jp/KeibaWeb/TodayRaceInfo/RaceMarkTable?k_raceDate=2026%2F05%2F03&k_raceNo=4&k_babaCode=21,data/cache/html/20260503_kawasaki_4.html
20260503_kawasaki_5,2026-05-03,kawasaki,5,https://www.keiba.go.jp/KeibaWeb/TodayRaceInfo/RaceMarkTable?k_raceDate=2026%2F05%2F03&k_raceNo=5&k_babaCode=21,data/cache/html/20260503_kawasaki_5.html
20260503_kawasaki_6,2026-05-03,kawasaki,6,https://www.keiba.go.jp/KeibaWeb/TodayRaceInfo/RaceMarkTable?k_raceDate=2026%2F05%2F03&k_raceNo=6&k_babaCode=21,data/cache/html/20260503_kawasaki_6.html
20260503_kawasaki_7,2026-05-03,kawasaki,7,https://www.keiba.go.jp/KeibaWeb/TodayRaceInfo/RaceMarkTable?k_raceDate=2026%2F05%2F03&k_raceNo=7&k_babaCode=21,data/cache/html/20260503_kawasaki_7.html
20260503_kawasaki_8,2026-05-03,kawasaki,8,https://www.keiba.go.jp/KeibaWeb/TodayRaceInfo/RaceMarkTable?k_raceDate=2026%2F05%2F03&k_raceNo=8&k_babaCode=21,data/cache/html/20260503_kawasaki_8.html
20260503_kawasaki_9,2026-05-03,kawasaki,9,https://www.keiba.go.jp/KeibaWeb/TodayRaceInfo/RaceMarkTable?k_raceDate=2026%2F05%2F03&k_raceNo=9&k_babaCode=21,data/cache/html/20260503_kawasaki_9.html
20260503_kawasaki_10,2026-05-03,kawasaki,10,https://www.keiba.go.jp/KeibaWeb/TodayRaceInfo/RaceMarkTable?k_raceDate=2026%2F05%2F03&k_raceNo=10&k_babaCode=21,data/cache/html/20260503_kawasaki_10.html
20260503_kawasaki_11,2026-05-03,kawasaki,11,https://www.keiba.go.jp/KeibaWeb/TodayRaceInfo/RaceMarkTable?k_raceDate=2026%2F05%2F03&k_raceNo=11&k_babaCode=21,data/cache/html/20260503_kawasaki_11.html
20260503_kawasaki_12,2026-05-03,kawasaki,12,https://www.keiba.go.jp/KeibaWeb/TodayRaceInfo/RaceMarkTable?k_raceDate=2026%2F05%2F03&k_raceNo=12&k_babaCode=21,data/cache/html/20260503_kawasaki_12.html
20260502_kawasaki_1,2026-05-02,kawasaki,1,https://www.keiba.go.jp/KeibaWeb/TodayRaceInfo/RaceMarkTable?k_raceDate=2026%2F05%2F02&k_raceNo=1&k_babaCode=21,data/cache/html/20260502_kawasaki_1.html
20260502_kawasaki_2,2026-05-02,kawasaki,2,https://www.keiba.go.jp/KeibaWeb/TodayRaceInfo/RaceMarkTable?k_raceDate=2026%2F05%2F02&k_raceNo=2&k_babaCode=21,data/cache/html/20260502_kawasaki_2.html
20260502_kawasaki_3,2026-05-02,kawasaki,3,https://www.keiba.go.jp/KeibaWeb/TodayRaceInfo/RaceMarkTable?k_raceDate=2026%2F05%2F02&k_raceNo=3&k_babaCode=21,data/cache/html/20260502_kawasaki_3.html
20260502_kawasaki_4,2026-05-02,kawasaki,4,https://www.keiba.go.jp/KeibaWeb/TodayRaceInfo/RaceMarkTable?k_raceDate=2026%2F05%2F02&k_raceNo=4&k_babaCode=21,data/cache/html/20260502_kawasaki_4.html
20260502_kawasaki_5,2026-05-02,kawasaki,5,https://www.keiba.go.jp/KeibaWeb/TodayRaceInfo/RaceMarkTable?k_raceDate=2026%2F05%2F02&k_raceNo=5&k_babaCode=21,data/cache/html/20260502_kawasaki_5.html
20260502_kawasaki_6,2026-05-02,kawasaki,6,https://www.keiba.go.jp/KeibaWeb/TodayRaceInfo/RaceMarkTable?k_raceDate=2026%2F05%2F02&k_raceNo=6&k_babaCode=21,data/cache/html/20260502_kawasaki_6.html
20260502_kawasaki_7,2026-05-02,kawasaki,7,https://www.keiba.go.jp/KeibaWeb/TodayRaceInfo/RaceMarkTable?k_raceDate=2026%2F05%2F02&k_raceNo=7&k_babaCode=21,data/cache/html/20260502_kawasaki_7.html
20260502_kawasaki_8,2026-05-02,kawasaki,8,https://www.keiba.go.jp/KeibaWeb/TodayRaceInfo/RaceMarkTable?k_raceDate=2026%2F05%2F02&k_raceNo=8&k_babaCode=21,data/cache/html/20260502_kawasaki_8.html
20260502_kawasaki_9,2026-05-02,kawasaki,9,https://www.keiba.go.jp/KeibaWeb/TodayRaceInfo/RaceMarkTable?k_raceDate=2026%2F05%2F02&k_raceNo=9&k_babaCode=21,data/cache/html/20260502_kawasaki_9.html
20260502_kawasaki_10,2026-05-02,kawasaki,10,https://www.keiba.go.jp/KeibaWeb/TodayRaceInfo/RaceMarkTable?k_raceDate=2026%2F05%2F02&k_raceNo=10&k_babaCode=21,data/cache/html/20260502_kawasaki_10.html
20260502_kawasaki_11,2026-05-02,kawasaki,11,https://www.keiba.go.jp/KeibaWeb/TodayRaceInfo/RaceMarkTable?k_raceDate=2026%2F05%2F02&k_raceNo=11&k_babaCode=21,data/cache/html/20260502_kawasaki_11.html
20260502_kawasaki_12,2026-05-02,kawasaki,12,https://www.keiba.go.jp/KeibaWeb/TodayRaceInfo/RaceMarkTable?k_raceDate=2026%2F05%2F02&k_raceNo=12&k_babaCode=21,data/cache/html/20260502_kawasaki_12.html
20260501_kawasaki_1,2026-05-01,kawasaki,1,https://www.keiba.go.jp/KeibaWeb/TodayRaceInfo/RaceMarkTable?k_raceDate=2026%2F05%2F01&k_raceNo=1&k_babaCode=21,data/cache/html/20260501_kawasaki_1.html
20260501_kawasaki_2,2026-05-01,kawasaki,2,https://www.keiba.go.jp/KeibaWeb/TodayRaceInfo/RaceMarkTable?k_raceDate=2026%2F05%2F01&k_raceNo=2&k_babaCode=21,data/cache/html/20260501_kawasaki_2.html
20260501_kawasaki_3,2026-05-01,kawasaki,3,https://www.keiba.go.jp/KeibaWeb/TodayRaceInfo/RaceMarkTable?k_raceDate=2026%2F05%2F01&k_raceNo=3&k_babaCode=21,data/cache/html/20260501_kawasaki_3.html
20260501_kawasaki_4,2026-05-01,kawasaki,4,https://www.keiba.go.jp/KeibaWeb/TodayRaceInfo/RaceMarkTable?k_raceDate=2026%2F05%2F01&k_raceNo=4&k_babaCode=21,data/cache/html/20260501_kawasaki_4.html
20260501_kawasaki_5,2026-05-01,kawasaki,5,https://www.keiba.go.jp/KeibaWeb/TodayRaceInfo/RaceMarkTable?k_raceDate=2026%2F05%2F01&k_raceNo=5&k_babaCode=21,data/cache/html/20260501_kawasaki_5.html
20260501_kawasaki_6,2026-05-01,kawasaki,6,https://www.keiba.go.jp/KeibaWeb/TodayRaceInfo/RaceMarkTable?k_raceDate=2026%2F05%2F01&k_raceNo=6&k_babaCode=21,data/cache/html/20260501_kawasaki_6.html
20260501_kawasaki_7,2026-05-01,kawasaki,7,https://www.keiba.go.jp/KeibaWeb/TodayRaceInfo/RaceMarkTable?k_raceDate=2026%2F05%2F01&k_raceNo=7&k_babaCode=21,data/cache/html/20260501_kawasaki_7.html
20260501_kawasaki_8,2026-05-01,kawasaki,8,https://www.keiba.go.jp/KeibaWeb/TodayRaceInfo/RaceMarkTable?k_raceDate=2026%2F05%2F01&k_raceNo=8&k_babaCode=21,data/cache/html/20260501_kawasaki_8.html
20260501_kawasaki_9,2026-05-01,kawasaki,9,https://www.keiba.go.jp/KeibaWeb/TodayRaceInfo/RaceMarkTable?k_raceDate=2026%2F05%2F01&k_raceNo=9&k_babaCode=21,data/cache/html/20260501_kawasaki_9.html
20260501_kawasaki_10,2026-05-01,kawasaki,10,https://www.keiba.go.jp/KeibaWeb/TodayRaceInfo/RaceMarkTable?k_raceDate=2026%2F05%2F01&k_raceNo=10&k_babaCode=21,data/cache/html/20260501_kawasaki_10.html
20260501_kawasaki_11,2026-05-01,kawasaki,11,https://www.keiba.go.jp/KeibaWeb/TodayRaceInfo/RaceMarkTable?k_raceDate=2026%2F05%2F01&k_raceNo=11&k_babaCode=21,data/cache/html/20260501_kawasaki_11.html
20260501_kawasaki_12,2026-05-01,kawasaki,12,https://www.keiba.go.jp/KeibaWeb/TodayRaceInfo/RaceMarkTable?k_raceDate=2026%2F05%2F01&k_raceNo=12&k_babaCode=21,data/cache/html/20260501_kawasaki_12.html
20260430_kawasaki_1,2026-04-30,kawasaki,1,https://www.keiba.go.jp/KeibaWeb/TodayRaceInfo/RaceMarkTable?k_raceDate=2026%2F04%2F30&k_raceNo=1&k_babaCode=21,data/cache/html/20260430_kawasaki_1.html
20260430_kawasaki_2,2026-04-30,kawasaki,2,https://www.keiba.go.jp/KeibaWeb/TodayRaceInfo/RaceMarkTable?k_raceDate=2026%2F04%2F30&k_raceNo=2&k_babaCode=21,data/cache/html/20260430_kawasaki_2.html
20260430_kawasaki_3,2026-04-30,kawasaki,3,https://www.keiba.go.jp/KeibaWeb/TodayRaceInfo/RaceMarkTable?k_raceDate=2026%2F04%2F30&k_raceNo=3&k_babaCode=21,data/cache/html/20260430_kawasaki_3.html
20260430_kawasaki_4,2026-04-30,kawasaki,4,https://www.keiba.go.jp/KeibaWeb/TodayRaceInfo/RaceMarkTable?k_raceDate=2026%2F04%2F30&k_raceNo=4&k_babaCode=21,data/cache/html/20260430_kawasaki_4.html
20260430_kawasaki_5,2026-04-30,kawasaki,5,https://www.keiba.go.jp/KeibaWeb/TodayRaceInfo/RaceMarkTable?k_raceDate=2026%2F04%2F30&k_raceNo=5&k_babaCode=21,data/cache/html/20260430_kawasaki_5.html
20260430_kawasaki_6,2026-04-30,kawasaki,6,https://www.keiba.go.jp/KeibaWeb/TodayRaceInfo/RaceMarkTable?k_raceDate=2026%2F04%2F30&k_raceNo=6&k_babaCode=21,data/cache/html/20260430_kawasaki_6.html
20260430_kawasaki_7,2026-04-30,kawasaki,7,https://www.keiba.go.jp/KeibaWeb/TodayRaceInfo/RaceMarkTable?k_raceDate=2026%2F04%2F30&k_raceNo=7&k_babaCode=21,data/cache/html/20260430_kawasaki_7.html
20260430_kawasaki_8,2026-04-30,kawasaki,8,https://www.keiba.go.jp/KeibaWeb/TodayRaceInfo/RaceMarkTable?k_raceDate=2026%2F04%2F30&k_raceNo=8&k_babaCode=21,data/cache/html/20260430_kawasaki_8.html
20260430_kawasaki_9,2026-04-30,kawasaki,9,https://www.keiba.go.jp/KeibaWeb/TodayRaceInfo/RaceMarkTable?k_raceDate=2026%2F04%2F30&k_raceNo=9&k_babaCode=21,data/cache/html/20260430_kawasaki_9.html
20260430_kawasaki_10,2026-04-30,kawasaki,10,https://www.keiba.go.jp/KeibaWeb/TodayRaceInfo/RaceMarkTable?k_raceDate=2026%2F04%2F30&k_raceNo=10&k_babaCode=21,data/cache/html/20260430_kawasaki_10.html
20260430_kawasaki_11,2026-04-30,kawasaki,11,https://www.keiba.go.jp/KeibaWeb/TodayRaceInfo/RaceMarkTable?k_raceDate=2026%2F04%2F30&k_raceNo=11&k_babaCode=21,data/cache/html/20260430_kawasaki_11.html
20260430_kawasaki_12,2026-04-30,kawasaki,12,https://www.keiba.go.jp/KeibaWeb/TodayRaceInfo/RaceMarkTable?k_raceDate=2026%2F04%2F30&k_raceNo=12&k_babaCode=21,data/cache/html/20260430_kawasaki_12.html
20260429_kawasaki_1,2026-04-29,kawasaki,1,https://www.keiba.go.jp/KeibaWeb/TodayRaceInfo/RaceMarkTable?k_raceDate=2026%2F04%2F29&k_raceNo=1&k_babaCode=21,data/cache/html/20260429_kawasaki_1.html
20260429_kawasaki_2,2026-04-29,kawasaki,2,https://www.keiba.go.jp/KeibaWeb/TodayRaceInfo/RaceMarkTable?k_raceDate=2026%2F04%2F29&k_raceNo=2&k_babaCode=21,data/cache/html/20260429_kawasaki_2.html
20260429_kawasaki_3,2026-04-29,kawasaki,3,https://www.keiba.go.jp/KeibaWeb/TodayRaceInfo/RaceMarkTable?k_raceDate=2026%2F04%2F29&k_raceNo=3&k_babaCode=21,data/cache/html/20260429_kawasaki_3.html
20260429_kawasaki_4,2026-04-29,kawasaki,4,https://www.keiba.go.jp/KeibaWeb/TodayRaceInfo/RaceMarkTable?k_raceDate=2026%2F04%2F29&k_raceNo=4&k_babaCode=21,data/cache/html/20260429_kawasaki_4.html
20260429_kawasaki_5,2026-04-29,kawasaki,5,https://www.keiba.go.jp/KeibaWeb/TodayRaceInfo/RaceMarkTable?k_raceDate=2026%2F04%2F29&k_raceNo=5&k_babaCode=21,data/cache/html/20260429_kawasaki_5.html
20260429_kawasaki_6,2026-04-29,kawasaki,6,https://www.keiba.go.jp/KeibaWeb/TodayRaceInfo/RaceMarkTable?k_raceDate=2026%2F04%2F29&k_raceNo=6&k_babaCode=21,data/cache/html/20260429_kawasaki_6.html
20260429_kawasaki_7,2026-04-29,kawasaki,7,https://www.keiba.go.jp/KeibaWeb/TodayRaceInfo/RaceMarkTable?k_raceDate=2026%2F04%2F29&k_raceNo=7&k_babaCode=21,data/cache/html/20260429_kawasaki_7.html
20260429_kawasaki_8,2026-04-29,kawasaki,8,https://www.keiba.go.jp/KeibaWeb/TodayRaceInfo/RaceMarkTable?k_raceDate=2026%2F04%2F29&k_raceNo=8&k_babaCode=21,data/cache/html/20260429_kawasaki_8.html
20260429_kawasaki_9,2026-04-29,kawasaki,9,https://www.keiba.go.jp/KeibaWeb/TodayRaceInfo/RaceMarkTable?k_raceDate=2026%2F04%2F29&k_raceNo=9&k_babaCode=21,data/cache/html/20260429_kawasaki_9.html
20260429_kawasaki_10,2026-04-29,kawasaki,10,https://www.keiba.go.jp/KeibaWeb/TodayRaceInfo/RaceMarkTable?k_raceDate=2026%2F04%2F29&k_raceNo=10&k_babaCode=21,data/cache/html/20260429_kawasaki_10.html
20260429_kawasaki_11,2026-04-29,kawasaki,11,https://www.keiba.go.jp/KeibaWeb/TodayRaceInfo/RaceMarkTable?k_raceDate=2026%2F04%2F29&k_raceNo=11&k_babaCode=21,data/cache/html/20260429_kawasaki_11.html
20260429_kawasaki_12,2026-04-29,kawasaki,12,https://www.keiba.go.jp/KeibaWeb/TodayRaceInfo/RaceMarkTable?k_raceDate=2026%2F04%2F29&k_raceNo=12&k_babaCode=21,data/cache/html/20260429_kawasaki_12.html
20260428_kawasaki_1,2026-04-28,kawasaki,1,https://www.keiba.go.jp/KeibaWeb/TodayRaceInfo/RaceMarkTable?k_raceDate=2026%2F04%2F28&k_raceNo=1&k_babaCode=21,data/cache/html/20260428_kawasaki_1.html
20260428_kawasaki_2,2026-04-28,kawasaki,2,https://www.keiba.go.jp/KeibaWeb/TodayRaceInfo/RaceMarkTable?k_raceDate=2026%2F04%2F28&k_raceNo=2&k_babaCode=21,data/cache/html/20260428_kawasaki_2.html
20260428_kawasaki_3,2026-04-28,kawasaki,3,https://www.keiba.go.jp/KeibaWeb/TodayRaceInfo/RaceMarkTable?k_raceDate=2026%2F04%2F28&k_raceNo=3&k_babaCode=21,data/cache/html/20260428_kawasaki_3.html
20260428_kawasaki_4,2026-04-28,kawasaki,4,https://www.keiba.go.jp/KeibaWeb/TodayRaceInfo/RaceMarkTable?k_raceDate=2026%2F04%2F28&k_raceNo=4&k_babaCode=21,data/cache/html/20260428_kawasaki_4.html
20260428_kawasaki_5,2026-04-28,kawasaki,5,https://www.keiba.go.jp/KeibaWeb/TodayRaceInfo/RaceMarkTable?k_raceDate=2026%2F04%2F28&k_raceNo=5&k_babaCode=21,data/cache/html/20260428_kawasaki_5.html
20260428_kawasaki_6,2026-04-28,kawasaki,6,https://www.keiba.go.jp/KeibaWeb/TodayRaceInfo/RaceMarkTable?k_raceDate=2026%2F04%2F28&k_raceNo=6&k_babaCode=21,data/cache/html/20260428_kawasaki_6.html
20260428_kawasaki_7,2026-04-28,kawasaki,7,https://www.keiba.go.jp/KeibaWeb/TodayRaceInfo/RaceMarkTable?k_raceDate=2026%2F04%2F28&k_raceNo=7&k_babaCode=21,data/cache/html/20260428_kawasaki_7.html
20260428_kawasaki_8,2026-04-28,kawasaki,8,https://www.keiba.go.jp/KeibaWeb/TodayRaceInfo/RaceMarkTable?k_raceDate=2026%2F04%2F28&k_raceNo=8&k_babaCode=21,data/cache/html/20260428_kawasaki_8.html
20260428_kawasaki_9,2026-04-28,kawasaki,9,https://www.keiba.go.jp/KeibaWeb/TodayRaceInfo/RaceMarkTable?k_raceDate=2026%2F04%2F28&k_raceNo=9&k_babaCode=21,data/cache/html/20260428_kawasaki_9.html
20260428_kawasaki_10,2026-04-28,kawasaki,10,https://www.keiba.go.jp/KeibaWeb/TodayRaceInfo/RaceMarkTable?k_raceDate=2026%2F04%2F28&k_raceNo=10&k_babaCode=21,data/cache/html/20260428_kawasaki_10.html
20260428_kawasaki_11,2026-04-28,kawasaki,11,https://www.keiba.go.jp/KeibaWeb/TodayRaceInfo/RaceMarkTable?k_raceDate=2026%2F04%2F28&k_raceNo=11&k_babaCode=21,data/cache/html/20260428_kawasaki_11.html
20260428_kawasaki_12,2026-04-28,kawasaki,12,https://www.keiba.go.jp/KeibaWeb/TodayRaceInfo/RaceMarkTable?k_raceDate=2026%2F04%2F28&k_raceNo=12&k_babaCode=21,data/cache/html/20260428_kawasaki_12.html
20260427_kawasaki_1,2026-04-27,kawasaki,1,https://www.keiba.go.jp/KeibaWeb/TodayRaceInfo/RaceMarkTable?k_raceDate=2026%2F04%2F27&k_raceNo=1&k_babaCode=21,data/cache/html/20260427_kawasaki_1.html
20260427_kawasaki_2,2026-04-27,kawasaki,2,https://www.keiba.go.jp/KeibaWeb/TodayRaceInfo/RaceMarkTable?k_raceDate=2026%2F04%2F27&k_raceNo=2&k_babaCode=21,data/cache/html/20260427_kawasaki_2.html
20260427_kawasaki_3,2026-04-27,kawasaki,3,https://www.keiba.go.jp/KeibaWeb/TodayRaceInfo/RaceMarkTable?k_raceDate=2026%2F04%2F27&k_raceNo=3&k_babaCode=21,data/cache/html/20260427_kawasaki_3.html
20260427_kawasaki_4,2026-04-27,kawasaki,4,https://www.keiba.go.jp/KeibaWeb/TodayRaceInfo/RaceMarkTable?k_raceDate=2026%2F04%2F27&k_raceNo=4&k_babaCode=21,data/cache/html/20260427_kawasaki_4.html
20260427_kawasaki_5,2026-04-27,kawasaki,5,https://www.keiba.go.jp/KeibaWeb/TodayRaceInfo/RaceMarkTable?k_raceDate=2026%2F04%2F27&k_raceNo=5&k_babaCode=21,data/cache/html/20260427_kawasaki_5.html
20260427_kawasaki_6,2026-04-27,kawasaki,6,https://www.keiba.go.jp/KeibaWeb/TodayRaceInfo/RaceMarkTable?k_raceDate=2026%2F04%2F27&k_raceNo=6&k_babaCode=21,data/cache/html/20260427_kawasaki_6.html
20260427_kawasaki_7,2026-04-27,kawasaki,7,https://www.keiba.go.jp/KeibaWeb/TodayRaceInfo/RaceMarkTable?k_raceDate=2026%2F04%2F27&k_raceNo=7&k_babaCode=21,data/cache/html/20260427_kawasaki_7.html
20260427_kawasaki_8,2026-04-27,kawasaki,8,https://www.keiba.go.jp/KeibaWeb/TodayRaceInfo/RaceMarkTable?k_raceDate=2026%2F04%2F27&k_raceNo=8&k_babaCode=21,data/cache/html/20260427_kawasaki_8.html
20260427_kawasaki_9,2026-04-27,kawasaki,9,https://www.keiba.go.jp/KeibaWeb/TodayRaceInfo/RaceMarkTable?k_raceDate=2026%2F04%2F27&k_raceNo=9&k_babaCode=21,data/cache/html/20260427_kawasaki_9.html
20260427_kawasaki_10,2026-04-27,kawasaki,10,https://www.keiba.go.jp/KeibaWeb/TodayRaceInfo/RaceMarkTable?k_raceDate=2026%2F04%2F27&k_raceNo=10&k_babaCode=21,data/cache/html/20260427_kawasaki_10.html
20260427_kawasaki_11,2026-04-27,kawasaki,11,https://www.keiba.go.jp/KeibaWeb/TodayRaceInfo/RaceMarkTable?k_raceDate=2026%2F04%2F27&k_raceNo=11&k_babaCode=21,data/cache/html/20260427_kawasaki_11.html
20260427_kawasaki_12,2026-04-27,kawasaki,12,https://www.keiba.go.jp/KeibaWeb/TodayRaceInfo/RaceMarkTable?k_raceDate=2026%2F04%2F27&k_raceNo=12&k_babaCode=21,data/cache/html/20260427_kawasaki_12.html
20260426_kawasaki_1,2026-04-26,kawasaki,1,https://www.keiba.go.jp/KeibaWeb/TodayRaceInfo/RaceMarkTable?k_raceDate=2026%2F04%2F26&k_raceNo=1&k_babaCode=21,data/cache/html/20260426_kawasaki_1.html
20260426_kawasaki_2,2026-04-26,kawasaki,2,https://www.keiba.go.jp/KeibaWeb/TodayRaceInfo/RaceMarkTable?k_raceDate=2026%2F04%2F26&k_raceNo=2&k_babaCode=21,data/cache/html/20260426_kawasaki_2.html
20260426_kawasaki_3,2026-04-26,kawasaki,3,https://www.keiba.go.jp/KeibaWeb/TodayRaceInfo/RaceMarkTable?k_raceDate=2026%2F04%2F26&k_raceNo=3&k_babaCode=21,data/cache/html/20260426_kawasaki_3.html
20260426_kawasaki_4,2026-04-26,kawasaki,4,https://www.keiba.go.jp/KeibaWeb/TodayRaceInfo/RaceMarkTable?k_raceDate=2026%2F04%2F26&k_raceNo=4&k_babaCode=21,data/cache/html/20260426_kawasaki_4.html
20260426_kawasaki_5,2026-04-26,kawasaki,5,https://www.keiba.go.jp/KeibaWeb/TodayRaceInfo/RaceMarkTable?k_raceDate=2026%2F04%2F26&k_raceNo=5&k_babaCode=21,data/cache/html/20260426_kawasaki_5.html
20260426_kawasaki_6,2026-04-26,kawasaki,6,https://www.keiba.go.jp/KeibaWeb/TodayRaceInfo/RaceMarkTable?k_raceDate=2026%2F04%2F26&k_raceNo=6&k_babaCode=21,data/cache/html/20260426_kawasaki_6.html
20260426_kawasaki_7,2026-04-26,kawasaki,7,https://www.keiba.go.jp/KeibaWeb/TodayRaceInfo/RaceMarkTable?k_raceDate=2026%2F04%2F26&k_raceNo=7&k_babaCode=21,data/cache/html/20260426_kawasaki_7.html
20260426_kawasaki_8,2026-04-26,kawasaki,8,https://www.keiba.go.jp/KeibaWeb/TodayRaceInfo/RaceMarkTable?k_raceDate=2026%2F04%2F26&k_raceNo=8&k_babaCode=21,data/cache/html/20260426_kawasaki_8.html
20260426_kawasaki_9,2026-04-26,kawasaki,9,https://www.keiba.go.jp/KeibaWeb/TodayRaceInfo/RaceMarkTable?k_raceDate=2026%2F04%2F26&k_raceNo=9&k_babaCode=21,data/cache/html/20260426_kawasaki_9.html
20260426_kawasaki_10,2026-04-26,kawasaki,10,https://www.keiba.go.jp/KeibaWeb/TodayRaceInfo/RaceMarkTable?k_raceDate=2026%2F04%2F26&k_raceNo=10&k_babaCode=21,data/cache/html/20260426_kawasaki_10.html
20260426_kawasaki_11,2026-04-26,kawasaki,11,https://www.keiba.go.jp/KeibaWeb/TodayRaceInfo/RaceMarkTable?k_raceDate=2026%2F04%2F26&k_raceNo=11&k_babaCode=21,data/cache/html/20260426_kawasaki_11.html
20260426_kawasaki_12,2026-04-26,kawasaki,12,https://www.keiba.go.jp/KeibaWeb/TodayRaceInfo/RaceMarkTable?k_raceDate=2026%2F04%2F26&k_raceNo=12&k_babaCode=21,data/cache/html/20260426_kawasaki_12.html
20260425_kawasaki_1,2026-04-25,kawasaki,1,https://www.keiba.go.jp/KeibaWeb/TodayRaceInfo/RaceMarkTable?k_raceDate=2026%2F04%2F25&k_raceNo=1&k_babaCode=21,data/cache/html/20260425_kawasaki_1.html
20260425_kawasaki_2,2026-04-25,kawasaki,2,https://www.keiba.go.jp/KeibaWeb/TodayRaceInfo/RaceMarkTable?k_raceDate=2026%2F04%2F25&k_raceNo=2&k_babaCode=21,data/cache/html/20260425_kawasaki_2.html
20260425_kawasaki_3,2026-04-25,kawasaki,3,https://www.keiba.go.jp/KeibaWeb/TodayRaceInfo/RaceMarkTable?k_raceDate=2026%2F04%2F25&k_raceNo=3&k_babaCode=21,data/cache/html/20260425_kawasaki_3.html
20260425_kawasaki_4,2026-04-25,kawasaki,4,https://www.keiba.go.jp/KeibaWeb/TodayRaceInfo/RaceMarkTable?k_raceDate=2026%2F04%2F25&k_raceNo=4&k_babaCode=21,data/cache/html/20260425_kawasaki_4.html
20260425_kawasaki_5,2026-04-25,kawasaki,5,https://www.keiba.go.jp/KeibaWeb/TodayRaceInfo/RaceMarkTable?k_raceDate=2026%2F04%2F25&k_raceNo=5&k_babaCode=21,data/cache/html/20260425_kawasaki_5.html
20260425_kawasaki_6,2026-04-25,kawasaki,6,https://www.keiba.go.jp/KeibaWeb/TodayRaceInfo/RaceMarkTable?k_raceDate=2026%2F04%2F25&k_raceNo=6&k_babaCode=21,data/cache/html/20260425_kawasaki_6.html
20260425_kawasaki_7,2026-04-25,kawasaki,7,https://www.keiba.go.jp/KeibaWeb/TodayRaceInfo/RaceMarkTable?k_raceDate=2026%2F04%2F25&k_raceNo=7&k_babaCode=21,data/cache/html/20260425_kawasaki_7.html
20260425_kawasaki_8,2026-04-25,kawasaki,8,https://www.keiba.go.jp/KeibaWeb/TodayRaceInfo/RaceMarkTable?k_raceDate=2026%2F04%2F25&k_raceNo=8&k_babaCode=21,data/cache/html/20260425_kawasaki_8.html
20260425_kawasaki_9,2026-04-25,kawasaki,9,https://www.keiba.go.jp/KeibaWeb/TodayRaceInfo/RaceMarkTable?k_raceDate=2026%2F04%2F25&k_raceNo=9&k_babaCode=21,data/cache/html/20260425_kawasaki_9.html
20260425_kawasaki_10,2026-04-25,kawasaki,10,https://www.keiba.go.jp/KeibaWeb/TodayRaceInfo/RaceMarkTable?k_raceDate=2026%2F04%2F25&k_raceNo=10&k_babaCode=21,data/cache/html/20260425_kawasaki_10.html
20260425_kawasaki_11,2026-04-25,kawasaki,11,https://www.keiba.go.jp/KeibaWeb/TodayRaceInfo/RaceMarkTable?k_raceDate=2026%2F04%2F25&k_raceNo=11&k_babaCode=21,data/cache/html/20260425_kawasaki_11.html
20260425_kawasaki_12,2026-04-25,kawasaki,12,https://www.keiba.go.jp/KeibaWeb/TodayRaceInfo/RaceMarkTable?k_raceDate=2026%2F04%2F25&k_raceNo=12&k_babaCode=21,data/cache/html/20260425_kawasaki_12.html
20260424_kawasaki_1,2026-04-24,kawasaki,1,https://www.keiba.go.jp/KeibaWeb/TodayRaceInfo/RaceMarkTable?k_raceDate=2026%2F04%2F24&k_raceNo=1&k_babaCode=21,data/cache/html/20260424_kawasaki_1.html
20260424_kawasaki_2,2026-04-24,kawasaki,2,https://www.keiba.go.jp/KeibaWeb/TodayRaceInfo/RaceMarkTable?k_raceDate=2026%2F04%2F24&k_raceNo=2&k_babaCode=21,data/cache/html/20260424_kawasaki_2.html
20260424_kawasaki_3,2026-04-24,kawasaki,3,https://www.keiba.go.jp/KeibaWeb/TodayRaceInfo/RaceMarkTable?k_raceDate=2026%2F04%2F24&k_raceNo=3&k_babaCode=21,data/cache/html/20260424_kawasaki_3.html
20260424_kawasaki_4,2026-04-24,kawasaki,4,https://www.keiba.go.jp/KeibaWeb/TodayRaceInfo/RaceMarkTable?k_raceDate=2026%2F04%2F24&k_raceNo=4&k_babaCode=21,data/cache/html/20260424_kawasaki_4.html
20260424_kawasaki_5,2026-04-24,kawasaki,5,https://www.keiba.go.jp/KeibaWeb/TodayRaceInfo/RaceMarkTable?k_raceDate=2026%2F04%2F24&k_raceNo=5&k_babaCode=21,data/cache/html/20260424_kawasaki_5.html
20260424_kawasaki_6,2026-04-24,kawasaki,6,https://www.keiba.go.jp/KeibaWeb/TodayRaceInfo/RaceMarkTable?k_raceDate=2026%2F04%2F24&k_raceNo=6&k_babaCode=21,data/cache/html/20260424_kawasaki_6.html
20260424_kawasaki_7,2026-04-24,kawasaki,7,https://www.keiba.go.jp/KeibaWeb/TodayRaceInfo/RaceMarkTable?k_raceDate=2026%2F04%2F24&k_raceNo=7&k_babaCode=21,data/cache/html/20260424_kawasaki_7.html
20260424_kawasaki_8,2026-04-24,kawasaki,8,https://www.keiba.go.jp/KeibaWeb/TodayRaceInfo/RaceMarkTable?k_raceDate=2026%2F04%2F24&k_raceNo=8&k_babaCode=21,data/cache/html/20260424_kawasaki_8.html
20260424_kawasaki_9,2026-04-24,kawasaki,9,https://www.keiba.go.jp/KeibaWeb/TodayRaceInfo/RaceMarkTable?k_raceDate=2026%2F04%2F24&k_raceNo=9&k_babaCode=21,data/cache/html/20260424_kawasaki_9.html
20260424_kawasaki_10,2026-04-24,kawasaki,10,https://www.keiba.go.jp/KeibaWeb/TodayRaceInfo/RaceMarkTable?k_raceDate=2026%2F04%2F24&k_raceNo=10&k_babaCode=21,data/cache/html/20260424_kawasaki_10.html
20260424_kawasaki_11,2026-04-24,kawasaki,11,https://www.keiba.go.jp/KeibaWeb/TodayRaceInfo/RaceMarkTable?k_raceDate=2026%2F04%2F24&k_raceNo=11&k_babaCode=21,data/cache/html/20260424_kawasaki_11.html
20260424_kawasaki_12,2026-04-24,kawasaki,12,https://www.keiba.go.jp/KeibaWeb/TodayRaceInfo/RaceMarkTable?k_raceDate=2026%2F04%2F24&k_raceNo=12&k_babaCode=21,data/cache/html/20260424_kawasaki_12.html
20260423_kawasaki_1,2026-04-23,kawasaki,1,https://www.keiba.go.jp/KeibaWeb/TodayRaceInfo/RaceMarkTable?k_raceDate=2026%2F04%2F23&k_raceNo=1&k_babaCode=21,data/cache/html/20260423_kawasaki_1.html
20260423_kawasaki_2,2026-04-23,kawasaki,2,https://www.keiba.go.jp/KeibaWeb/TodayRaceInfo/RaceMarkTable?k_raceDate=2026%2F04%2F23&k_raceNo=2&k_babaCode=21,data/cache/html/20260423_kawasaki_2.html
20260423_kawasaki_3,2026-04-23,kawasaki,3,https://www.keiba.go.jp/KeibaWeb/TodayRaceInfo/RaceMarkTable?k_raceDate=2026%2F04%2F23&k_raceNo=3&k_babaCode=21,data/cache/html/20260423_kawasaki_3.html
20260423_kawasaki_4,2026-04-23,kawasaki,4,https://www.keiba.go.jp/KeibaWeb/TodayRaceInfo/RaceMarkTable?k_raceDate=2026%2F04%2F23&k_raceNo=4&k_babaCode=21,data/cache/html/20260423_kawasaki_4.html
20260423_kawasaki_5,2026-04-23,kawasaki,5,https://www.keiba.go.jp/KeibaWeb/TodayRaceInfo/RaceMarkTable?k_raceDate=2026%2F04%2F23&k_raceNo=5&k_babaCode=21,data/cache/html/20260423_kawasaki_5.html
20260423_kawasaki_6,2026-04-23,kawasaki,6,https://www.keiba.go.jp/KeibaWeb/TodayRaceInfo/RaceMarkTable?k_raceDate=2026%2F04%2F23&k_raceNo=6&k_babaCode=21,data/cache/html/20260423_kawasaki_6.html
20260423_kawasaki_7,2026-04-23,kawasaki,7,https://www.keiba.go.jp/KeibaWeb/TodayRaceInfo/RaceMarkTable?k_raceDate=2026%2F04%2F23&k_raceNo=7&k_babaCode=21,data/cache/html/20260423_kawasaki_7.html
20260423_kawasaki_8,2026-04-23,kawasaki,8,https://www.keiba.go.jp/KeibaWeb/TodayRaceInfo/RaceMarkTable?k_raceDate=2026%2F04%2F23&k_raceNo=8&k_babaCode=21,data/cache/html/20260423_kawasaki_8.html
20260423_kawasaki_9,2026-04-23,kawasaki,9,https://www.keiba.go.jp/KeibaWeb/TodayRaceInfo/RaceMarkTable?k_raceDate=2026%2F04%2F23&k_raceNo=9&k_babaCode=21,data/cache/html/20260423_kawasaki_9.html
20260423_kawasaki_10,2026-04-23,kawasaki,10,https://www.keiba.go.jp/KeibaWeb/TodayRaceInfo/RaceMarkTable?k_raceDate=2026%2F04%2F23&k_raceNo=10&k_babaCode=21,data/cache/html/20260423_kawasaki_10.html
20260423_kawasaki_11,2026-04-23,kawasaki,11,https://www.keiba.go.jp/KeibaWeb/TodayRaceInfo/RaceMarkTable?k_raceDate=2026%2F04%2F23&k_raceNo=11&k_babaCode=21,data/cache/html/20260423_kawasaki_11.html
20260423_kawasaki_12,2026-04-23,kawasaki,12,https://www.keiba.go.jp/KeibaWeb/TodayRaceInfo/RaceMarkTable?k_raceDate=2026%2F04%2F23&k_raceNo=12&k_babaCode=21,data/cache/html/20260423_kawasaki_12.html
20260422_kawasaki_1,2026-04-22,kawasaki,1,https://www.keiba.go.jp/KeibaWeb/TodayRaceInfo/RaceMarkTable?k_raceDate=2026%2F04%2F22&k_raceNo=1&k_babaCode=21,data/cache/html/20260422_kawasaki_1.html
20260422_kawasaki_2,2026-04-22,kawasaki,2,https://www.keiba.go.jp/KeibaWeb/TodayRaceInfo/RaceMarkTable?k_raceDate=2026%2F04%2F22&k_raceNo=2&k_babaCode=21,data/cache/html/20260422_kawasaki_2.html
20260422_kawasaki_3,2026-04-22,kawasaki,3,https://www.keiba.go.jp/KeibaWeb/TodayRaceInfo/RaceMarkTable?k_raceDate=2026%2F04%2F22&k_raceNo=3&k_babaCode=21,data/cache/html/20260422_kawasaki_3.html
20260422_kawasaki_4,2026-04-22,kawasaki,4,https://www.keiba.go.jp/KeibaWeb/TodayRaceInfo/RaceMarkTable?k_raceDate=2026%2F04%2F22&k_raceNo=4&k_babaCode=21,data/cache/html/20260422_kawasaki_4.html
20260422_kawasaki_5,2026-04-22,kawasaki,5,https://www.keiba.go.jp/KeibaWeb/TodayRaceInfo/RaceMarkTable?k_raceDate=2026%2F04%2F22&k_raceNo=5&k_babaCode=21,data/cache/html/20260422_kawasaki_5.html
20260422_kawasaki_6,2026-04-22,kawasaki,6,https://www.keiba.go.jp/KeibaWeb/TodayRaceInfo/RaceMarkTable?k_raceDate=2026%2F04%2F22&k_raceNo=6&k_babaCode=21,data/cache/html/20260422_kawasaki_6.html
20260422_kawasaki_7,2026-04-22,kawasaki,7,https://www.keiba.go.jp/KeibaWeb/TodayRaceInfo/RaceMarkTable?k_raceDate=2026%2F04%2F22&k_raceNo=7&k_babaCode=21,data/cache/html/20260422_kawasaki_7.html
20260422_kawasaki_8,2026-04-22,kawasaki,8,https://www.keiba.go.jp/KeibaWeb/TodayRaceInfo/RaceMarkTable?k_raceDate=2026%2F04%2F22&k_raceNo=8&k_babaCode=21,data/cache/html/20260422_kawasaki_8.html
20260422_kawasaki_9,2026-04-22,kawasaki,9,https://www.keiba.go.jp/KeibaWeb/TodayRaceInfo/RaceMarkTable?k_raceDate=2026%2F04%2F22&k_raceNo=9&k_babaCode=21,data/cache/html/20260422_kawasaki_9.html
20260422_kawasaki_10,2026-04-22,kawasaki,10,https://www.keiba.go.jp/KeibaWeb/TodayRaceInfo/RaceMarkTable?k_raceDate=2026%2F04%2F22&k_raceNo=10&k_babaCode=21,data/cache/html/20260422_kawasaki_10.html
20260422_kawasaki_11,2026-04-22,kawasaki,11,https://www.keiba.go.jp/KeibaWeb/TodayRaceInfo/RaceMarkTable?k_raceDate=2026%2F04%2F22&k_raceNo=11&k_babaCode=21,data/cache/html/20260422_kawasaki_11.html
20260422_kawasaki_12,2026-04-22,kawasaki,12,https://www.keiba.go.jp/KeibaWeb/TodayRaceInfo/RaceMarkTable?k_raceDate=2026%2F04%2F22&k_raceNo=12&k_babaCode=21,data/cache/html/20260422_kawasaki_12.html
20260421_kawasaki_1,2026-04-21,kawasaki,1,https://www.keiba.go.jp/KeibaWeb/TodayRaceInfo/RaceMarkTable?k_raceDate=2026%2F04%2F21&k_raceNo=1&k_babaCode=21,data/cache/html/20260421_kawasaki_1.html
20260421_kawasaki_2,2026-04-21,kawasaki,2,https://www.keiba.go.jp/KeibaWeb/TodayRaceInfo/RaceMarkTable?k_raceDate=2026%2F04%2F21&k_raceNo=2&k_babaCode=21,data/cache/html/20260421_kawasaki_2.html
20260421_kawasaki_3,2026-04-21,kawasaki,3,https://www.keiba.go.jp/KeibaWeb/TodayRaceInfo/RaceMarkTable?k_raceDate=2026%2F04%2F21&k_raceNo=3&k_babaCode=21,data/cache/html/20260421_kawasaki_3.html
20260421_kawasaki_4,2026-04-21,kawasaki,4,https://www.keiba.go.jp/KeibaWeb/TodayRaceInfo/RaceMarkTable?k_raceDate=2026%2F04%2F21&k_raceNo=4&k_babaCode=21,data/cache/html/20260421_kawasaki_4.html
20260421_kawasaki_5,2026-04-21,kawasaki,5,https://www.keiba.go.jp/KeibaWeb/TodayRaceInfo/RaceMarkTable?k_raceDate=2026%2F04%2F21&k_raceNo=5&k_babaCode=21,data/cache/html/20260421_kawasaki_5.html
20260421_kawasaki_6,2026-04-21,kawasaki,6,https://www.keiba.go.jp/KeibaWeb/TodayRaceInfo/RaceMarkTable?k_raceDate=2026%2F04%2F21&k_raceNo=6&k_babaCode=21,data/cache/html/20260421_kawasaki_6.html
20260421_kawasaki_7,2026-04-21,kawasaki,7,https://www.keiba.go.jp/KeibaWeb/TodayRaceInfo/RaceMarkTable?k_raceDate=2026%2F04%2F21&k_raceNo=7&k_babaCode=21,data/cache/html/20260421_kawasaki_7.html
20260421_kawasaki_8,2026-04-21,kawasaki,8,https://www.keiba.go.jp/KeibaWeb/TodayRaceInfo/RaceMarkTable?k_raceDate=2026%2F04%2F21&k_raceNo=8&k_babaCode=21,data/cache/html/20260421_kawasaki_8.html
20260421_kawasaki_9,2026-04-21,kawasaki,9,https://www.keiba.go.jp/KeibaWeb/TodayRaceInfo/RaceMarkTable?k_raceDate=2026%2F04%2F21&k_raceNo=9&k_babaCode=21,data/cache/html/20260421_kawasaki_9.html
20260421_kawasaki_10,2026-04-21,kawasaki,10,https://www.keiba.go.jp/KeibaWeb/TodayRaceInfo/RaceMarkTable?k_raceDate=2026%2F04%2F21&k_raceNo=10&k_babaCode=21,data/cache/html/20260421_kawasaki_10.html
20260421_kawasaki_11,2026-04-21,kawasaki,11,https://www.keiba.go.jp/KeibaWeb/TodayRaceInfo/RaceMarkTable?k_raceDate=2026%2F04%2F21&k_raceNo=11&k_babaCode=21,data/cache/html/20260421_kawasaki_11.html
20260421_kawasaki_12,2026-04-21,kawasaki,12,https://www.keiba.go.jp/KeibaWeb/TodayRaceInfo/RaceMarkTable?k_raceDate=2026%2F04%2F21&k_raceNo=12&k_babaCode=21,data/cache/html/20260421_kawasaki_12.html
20260420_kawasaki_1,2026-04-20,kawasaki,1,https://www.keiba.go.jp/KeibaWeb/TodayRaceInfo/RaceMarkTable?k_raceDate=2026%2F04%2F20&k_raceNo=1&k_babaCode=21,data/cache/html/20260420_kawasaki_1.html
20260420_kawasaki_2,2026-04-20,kawasaki,2,https://www.keiba.go.jp/KeibaWeb/TodayRaceInfo/RaceMarkTable?k_raceDate=2026%2F04%2F20&k_raceNo=2&k_babaCode=21,data/cache/html/20260420_kawasaki_2.html
20260420_kawasaki_3,2026-04-20,kawasaki,3,https://www.keiba.go.jp/KeibaWeb/TodayRaceInfo/RaceMarkTable?k_raceDate=2026%2F04%2F20&k_raceNo=3&k_babaCode=21,data/cache/html/20260420_kawasaki_3.html
20260420_kawasaki_4,2026-04-20,kawasaki,4,https://www.keiba.go.jp/KeibaWeb/TodayRaceInfo/RaceMarkTable?k_raceDate=2026%2F04%2F20&k_raceNo=4&k_babaCode=21,data/cache/html/20260420_kawasaki_4.html
20260420_kawasaki_5,2026-04-20,kawasaki,5,https://www.keiba.go.jp/KeibaWeb/TodayRaceInfo/RaceMarkTable?k_raceDate=2026%2F04%2F20&k_raceNo=5&k_babaCode=21,data/cache/html/20260420_kawasaki_5.html
20260420_kawasaki_6,2026-04-20,kawasaki,6,https://www.keiba.go.jp/KeibaWeb/TodayRaceInfo/RaceMarkTable?k_raceDate=2026%2F04%2F20&k_raceNo=6&k_babaCode=21,data/cache/html/20260420_kawasaki_6.html
20260420_kawasaki_7,2026-04-20,kawasaki,7,https://www.keiba.go.jp/KeibaWeb/TodayRaceInfo/RaceMarkTable?k_raceDate=2026%2F04%2F20&k_raceNo=7&k_babaCode=21,data/cache/html/20260420_kawasaki_7.html
20260420_kawasaki_8,2026-04-20,kawasaki,8,https://www.keiba.go.jp/KeibaWeb/TodayRaceInfo/RaceMarkTable?k_raceDate=2026%2F04%2F20&k_raceNo=8&k_babaCode=21,data/cache/html/20260420_kawasaki_8.html
20260420_kawasaki_9,2026-04-20,kawasaki,9,https://www.keiba.go.jp/KeibaWeb/TodayRaceInfo/RaceMarkTable?k_raceDate=2026%2F04%2F20&k_raceNo=9&k_babaCode=21,data/cache/html/20260420_kawasaki_9.html
20260420_kawasaki_10,2026-04-20,kawasaki,10,https://www.keiba.go.jp/KeibaWeb/TodayRaceInfo/RaceMarkTable?k_raceDate=2026%2F04%2F20&k_raceNo=10&k_babaCode=21,data/cache/html/20260420_kawasaki_10.html
20260420_kawasaki_11,2026-04-20,kawasaki,11,https://www.keiba.go.jp/KeibaWeb/TodayRaceInfo/RaceMarkTable?k_raceDate=2026%2F04%2F20&k_raceNo=11&k_babaCode=21,data/cache/html/20260420_kawasaki_11.html
20260420_kawasaki_12,2026-04-20,kawasaki,12,https://www.keiba.go.jp/KeibaWeb/TodayRaceInfo/RaceMarkTable?k_raceDate=2026%2F04%2F20&k_raceNo=12&k_babaCode=21,data/cache/html/20260420_kawasaki_12.html
20260419_kawasaki_1,2026-04-19,kawasaki,1,https://www.keiba.go.jp/KeibaWeb/TodayRaceInfo/RaceMarkTable?k_raceDate=2026%2F04%2F19&k_raceNo=1&k_babaCode=21,data/cache/html/20260419_kawasaki_1.html
20260419_kawasaki_2,2026-04-19,kawasaki,2,https://www.keiba.go.jp/KeibaWeb/TodayRaceInfo/RaceMarkTable?k_raceDate=2026%2F04%2F19&k_raceNo=2&k_babaCode=21,data/cache/html/20260419_kawasaki_2.html
20260419_kawasaki_3,2026-04-19,kawasaki,3,https://www.keiba.go.jp/KeibaWeb/TodayRaceInfo/RaceMarkTable?k_raceDate=2026%2F04%2F19&k_raceNo=3&k_babaCode=21,data/cache/html/20260419_kawasaki_3.html
20260419_kawasaki_4,2026-04-19,kawasaki,4,https://www.keiba.go.jp/KeibaWeb/TodayRaceInfo/RaceMarkTable?k_raceDate=2026%2F04%2F19&k_raceNo=4&k_babaCode=21,data/cache/html/20260419_kawasaki_4.html
20260419_kawasaki_5,2026-04-19,kawasaki,5,https://www.keiba.go.jp/KeibaWeb/TodayRaceInfo/RaceMarkTable?k_raceDate=2026%2F04%2F19&k_raceNo=5&k_babaCode=21,data/cache/html/20260419_kawasaki_5.html
20260419_kawasaki_6,2026-04-19,kawasaki,6,https://www.keiba.go.jp/KeibaWeb/TodayRaceInfo/RaceMarkTable?k_raceDate=2026%2F04%2F19&k_raceNo=6&k_babaCode=21,data/cache/html/20260419_kawasaki_6.html
20260419_kawasaki_7,2026-04-19,kawasaki,7,https://www.keiba.go.jp/KeibaWeb/TodayRaceInfo/RaceMarkTable?k_raceDate=2026%2F04%2F19&k_raceNo=7&k_babaCode=21,data/cache/html/20260419_kawasaki_7.html
20260419_kawasaki_8,2026-04-19,kawasaki,8,https://www.keiba.go.jp/KeibaWeb/TodayRaceInfo/RaceMarkTable?k_raceDate=2026%2F04%2F19&k_raceNo=8&k_babaCode=21,data/cache/html/20260419_kawasaki_8.html
20260419_kawasaki_9,2026-04-19,kawasaki,9,https://www.keiba.go.jp/KeibaWeb/TodayRaceInfo/RaceMarkTable?k_raceDate=2026%2F04%2F19&k_raceNo=9&k_babaCode=21,data/cache/html/20260419_kawasaki_9.html
20260419_kawasaki_10,2026-04-19,kawasaki,10,https://www.keiba.go.jp/KeibaWeb/TodayRaceInfo/RaceMarkTable?k_raceDate=2026%2F04%2F19&k_raceNo=10&k_babaCode=21,data/cache/html/20260419_kawasaki_10.html
20260419_kawasaki_11,2026-04-19,kawasaki,11,https://www.keiba.go.jp/KeibaWeb/TodayRaceInfo/RaceMarkTable?k_raceDate=2026%2F04%2F19&k_raceNo=11&k_babaCode=21,data/cache/html/20260419_kawasaki_11.html
20260419_kawasaki_12,2026-04-19,kawasaki,12,https://www.keiba.go.jp/KeibaWeb/TodayRaceInfo/RaceMarkTable?k_raceDate=2026%2F04%2F19&k_raceNo=12&k_babaCode=21,data/cache/html/20260419_kawasaki_12.html
20260418_kawasaki_1,2026-04-18,kawasaki,1,https://www.keiba.go.jp/KeibaWeb/TodayRaceInfo/RaceMarkTable?k_raceDate=2026%2F04%2F18&k_raceNo=1&k_babaCode=21,data/cache/html/20260418_kawasaki_1.html
20260418_kawasaki_2,2026-04-18,kawasaki,2,https://www.keiba.go.jp/KeibaWeb/TodayRaceInfo/RaceMarkTable?k_raceDate=2026%2F04%2F18&k_raceNo=2&k_babaCode=21,data/cache/html/20260418_kawasaki_2.html
20260418_kawasaki_3,2026-04-18,kawasaki,3,https://www.keiba.go.jp/KeibaWeb/TodayRaceInfo/RaceMarkTable?k_raceDate=2026%2F04%2F18&k_raceNo=3&k_babaCode=21,data/cache/html/20260418_kawasaki_3.html
20260418_kawasaki_4,2026-04-18,kawasaki,4,https://www.keiba.go.jp/KeibaWeb/TodayRaceInfo/RaceMarkTable?k_raceDate=2026%2F04%2F18&k_raceNo=4&k_babaCode=21,data/cache/html/20260418_kawasaki_4.html
20260418_kawasaki_5,2026-04-18,kawasaki,5,https://www.keiba.go.jp/KeibaWeb/TodayRaceInfo/RaceMarkTable?k_raceDate=2026%2F04%2F18&k_raceNo=5&k_babaCode=21,data/cache/html/20260418_kawasaki_5.html
20260418_kawasaki_6,2026-04-18,kawasaki,6,https://www.keiba.go.jp/KeibaWeb/TodayRaceInfo/RaceMarkTable?k_raceDate=2026%2F04%2F18&k_raceNo=6&k_babaCode=21,data/cache/html/20260418_kawasaki_6.html
20260418_kawasaki_7,2026-04-18,kawasaki,7,https://www.keiba.go.jp/KeibaWeb/TodayRaceInfo/RaceMarkTable?k_raceDate=2026%2F04%2F18&k_raceNo=7&k_babaCode=21,data/cache/html/20260418_kawasaki_7.html
20260418_kawasaki_8,2026-04-18,kawasaki,8,https://www.keiba.go.jp/KeibaWeb/TodayRaceInfo/RaceMarkTable?k_raceDate=2026%2F04%2F18&k_raceNo=8&k_babaCode=21,data/cache/html/20260418_kawasaki_8.html
20260418_kawasaki_9,2026-04-18,kawasaki,9,https://www.keiba.go.jp/KeibaWeb/TodayRaceInfo/RaceMarkTable?k_raceDate=2026%2F04%2F18&k_raceNo=9&k_babaCode=21,data/cache/html/20260418_kawasaki_9.html
20260418_kawasaki_10,2026-04-18,kawasaki,10,https://www.keiba.go.jp/KeibaWeb/TodayRaceInfo/RaceMarkTable?k_raceDate=2026%2F04%2F18&k_raceNo=10&k_babaCode=21,data/cache/html/20260418_kawasaki_10.html
20260418_kawasaki_11,2026-04-18,kawasaki,11,https://www.keiba.go.jp/KeibaWeb/TodayRaceInfo/RaceMarkTable?k_raceDate=2026%2F04%2F18&k_raceNo=11&k_babaCode=21,data/cache/html/20260418_kawasaki_11.html
20260418_kawasaki_12,2026-04-18,kawasaki,12,https://www.keiba.go.jp/KeibaWeb/TodayRaceInfo/RaceMarkTable?k_raceDate=2026%2F04%2F18&k_raceNo=12&k_babaCode=21,data/cache/html/20260418_kawasaki_12.html
20260417_kawasaki_1,2026-04-17,kawasaki,1,https://www.keiba.go.jp/KeibaWeb/TodayRaceInfo/RaceMarkTable?k_raceDate=2026%2F04%2F17&k_raceNo=1&k_babaCode=21,data/cache/html/20260417_kawasaki_1.html
20260417_kawasaki_2,2026-04-17,kawasaki,2,https://www.keiba.go.jp/KeibaWeb/TodayRaceInfo/RaceMarkTable?k_raceDate=2026%2F04%2F17&k_raceNo=2&k_babaCode=21,data/cache/html/20260417_kawasaki_2.html
20260417_kawasaki_3,2026-04-17,kawasaki,3,https://www.keiba.go.jp/KeibaWeb/TodayRaceInfo/RaceMarkTable?k_raceDate=2026%2F04%2F17&k_raceNo=3&k_babaCode=21,data/cache/html/20260417_kawasaki_3.html
20260417_kawasaki_4,2026-04-17,kawasaki,4,https://www.keiba.go.jp/KeibaWeb/TodayRaceInfo/RaceMarkTable?k_raceDate=2026%2F04%2F17&k_raceNo=4&k_babaCode=21,data/cache/html/20260417_kawasaki_4.html
20260417_kawasaki_5,2026-04-17,kawasaki,5,https://www.keiba.go.jp/KeibaWeb/TodayRaceInfo/RaceMarkTable?k_raceDate=2026%2F04%2F17&k_raceNo=5&k_babaCode=21,data/cache/html/20260417_kawasaki_5.html
20260417_kawasaki_6,2026-04-17,kawasaki,6,https://www.keiba.go.jp/KeibaWeb/TodayRaceInfo/RaceMarkTable?k_raceDate=2026%2F04%2F17&k_raceNo=6&k_babaCode=21,data/cache/html/20260417_kawasaki_6.html
20260417_kawasaki_7,2026-04-17,kawasaki,7,https://www.keiba.go.jp/KeibaWeb/TodayRaceInfo/RaceMarkTable?k_raceDate=2026%2F04%2F17&k_raceNo=7&k_babaCode=21,data/cache/html/20260417_kawasaki_7.html
20260417_kawasaki_8,2026-04-17,kawasaki,8,https://www.keiba.go.jp/KeibaWeb/TodayRaceInfo/RaceMarkTable?k_raceDate=2026%2F04%2F17&k_raceNo=8&k_babaCode=21,data/cache/html/20260417_kawasaki_8.html
20260417_kawasaki_9,2026-04-17,kawasaki,9,https://www.keiba.go.jp/KeibaWeb/TodayRaceInfo/RaceMarkTable?k_raceDate=2026%2F04%2F17&k_raceNo=9&k_babaCode=21,data/cache/html/20260417_kawasaki_9.html
20260417_kawasaki_10,2026-04-17,kawasaki,10,https://www.keiba.go.jp/KeibaWeb/TodayRaceInfo/RaceMarkTable?k_raceDate=2026%2F04%2F17&k_raceNo=10&k_babaCode=21,data/cache/html/20260417_kawasaki_10.html
20260417_kawasaki_11,2026-04-17,kawasaki,11,https://www.keiba.go.jp/KeibaWeb/TodayRaceInfo/RaceMarkTable?k_raceDate=2026%2F04%2F17&k_raceNo=11&k_babaCode=21,data/cache/html/20260417_kawasaki_11.html
20260417_kawasaki_12,2026-04-17,kawasaki,12,https://www.keiba.go.jp/KeibaWeb/TodayRaceInfo/RaceMarkTable?k_raceDate=2026%2F04%2F17&k_raceNo=12&k_babaCode=21,data/cache/html/20260417_kawasaki_12.html
20260416_kawasaki_1,2026-04-16,kawasaki,1,https://www.keiba.go.jp/KeibaWeb/TodayRaceInfo/RaceMarkTable?k_raceDate=2026%2F04%2F16&k_raceNo=1&k_babaCode=21,data/cache/html/20260416_kawasaki_1.html
20260416_kawasaki_2,2026-04-16,kawasaki,2,https://www.keiba.go.jp/KeibaWeb/TodayRaceInfo/RaceMarkTable?k_raceDate=2026%2F04%2F16&k_raceNo=2&k_babaCode=21,data/cache/html/20260416_kawasaki_2.html
20260416_kawasaki_3,2026-04-16,kawasaki,3,https://www.keiba.go.jp/KeibaWeb/TodayRaceInfo/RaceMarkTable?k_raceDate=2026%2F04%2F16&k_raceNo=3&k_babaCode=21,data/cache/html/20260416_kawasaki_3.html
20260416_kawasaki_4,2026-04-16,kawasaki,4,https://www.keiba.go.jp/KeibaWeb/TodayRaceInfo/RaceMarkTable?k_raceDate=2026%2F04%2F16&k_raceNo=4&k_babaCode=21,data/cache/html/20260416_kawasaki_4.html
20260416_kawasaki_5,2026-04-16,kawasaki,5,https://www.keiba.go.jp/KeibaWeb/TodayRaceInfo/RaceMarkTable?k_raceDate=2026%2F04%2F16&k_raceNo=5&k_babaCode=21,data/cache/html/20260416_kawasaki_5.html
20260416_kawasaki_6,2026-04-16,kawasaki,6,https://www.keiba.go.jp/KeibaWeb/TodayRaceInfo/RaceMarkTable?k_raceDate=2026%2F04%2F16&k_raceNo=6&k_babaCode=21,data/cache/html/20260416_kawasaki_6.html
20260416_kawasaki_7,2026-04-16,kawasaki,7,https://www.keiba.go.jp/KeibaWeb/TodayRaceInfo/RaceMarkTable?k_raceDate=2026%2F04%2F16&k_raceNo=7&k_babaCode=21,data/cache/html/20260416_kawasaki_7.html
20260416_kawasaki_8,2026-04-16,kawasaki,8,https://www.keiba.go.jp/KeibaWeb/TodayRaceInfo/RaceMarkTable?k_raceDate=2026%2F04%2F16&k_raceNo=8&k_babaCode=21,data/cache/html/20260416_kawasaki_8.html
20260416_kawasaki_9,2026-04-16,kawasaki,9,https://www.keiba.go.jp/KeibaWeb/TodayRaceInfo/RaceMarkTable?k_raceDate=2026%2F04%2F16&k_raceNo=9&k_babaCode=21,data/cache/html/20260416_kawasaki_9.html
20260416_kawasaki_10,2026-04-16,kawasaki,10,https://www.keiba.go.jp/KeibaWeb/TodayRaceInfo/RaceMarkTable?k_raceDate=2026%2F04%2F16&k_raceNo=10&k_babaCode=21,data/cache/html/20260416_kawasaki_10.html
20260416_kawasaki_11,2026-04-16,kawasaki,11,https://www.keiba.go.jp/KeibaWeb/TodayRaceInfo/RaceMarkTable?k_raceDate=2026%2F04%2F16&k_raceNo=11&k_babaCode=21,data/cache/html/20260416_kawasaki_11.html
20260416_kawasaki_12,2026-04-16,kawasaki,12,https://www.keiba.go.jp/KeibaWeb/TodayRaceInfo/RaceMarkTable?k_raceDate=2026%2F04%2F16&k_raceNo=12&k_babaCode=21,data/cache/html/20260416_kawasaki_12.html
20260415_kawasaki_1,2026-04-15,kawasaki,1,https://www.keiba.go.jp/KeibaWeb/TodayRaceInfo/RaceMarkTable?k_raceDate=2026%2F04%2F15&k_raceNo=1&k_babaCode=21,data/cache/html/20260415_kawasaki_1.html
20260415_kawasaki_2,2026-04-15,kawasaki,2,https://www.keiba.go.jp/KeibaWeb/TodayRaceInfo/RaceMarkTable?k_raceDate=2026%2F04%2F15&k_raceNo=2&k_babaCode=21,data/cache/html/20260415_kawasaki_2.html
20260415_kawasaki_3,2026-04-15,kawasaki,3,https://www.keiba.go.jp/KeibaWeb/TodayRaceInfo/RaceMarkTable?k_raceDate=2026%2F04%2F15&k_raceNo=3&k_babaCode=21,data/cache/html/20260415_kawasaki_3.html
20260415_kawasaki_4,2026-04-15,kawasaki,4,https://www.keiba.go.jp/KeibaWeb/TodayRaceInfo/RaceMarkTable?k_raceDate=2026%2F04%2F15&k_raceNo=4&k_babaCode=21,data/cache/html/20260415_kawasaki_4.html
20260415_kawasaki_5,2026-04-15,kawasaki,5,https://www.keiba.go.jp/KeibaWeb/TodayRaceInfo/RaceMarkTable?k_raceDate=2026%2F04%2F15&k_raceNo=5&k_babaCode=21,data/cache/html/20260415_kawasaki_5.html
20260415_kawasaki_6,2026-04-15,kawasaki,6,https://www.keiba.go.jp/KeibaWeb/TodayRaceInfo/RaceMarkTable?k_raceDate=2026%2F04%2F15&k_raceNo=6&k_babaCode=21,data/cache/html/20260415_kawasaki_6.html
20260415_kawasaki_7,2026-04-15,kawasaki,7,https://www.keiba.go.jp/KeibaWeb/TodayRaceInfo/RaceMarkTable?k_raceDate=2026%2F04%2F15&k_raceNo=7&k_babaCode=21,data/cache/html/20260415_kawasaki_7.html
20260415_kawasaki_8,2026-04-15,kawasaki,8,https://www.keiba.go.jp/KeibaWeb/TodayRaceInfo/RaceMarkTable?k_raceDate=2026%2F04%2F15&k_raceNo=8&k_babaCode=21,data/cache/html/20260415_kawasaki_8.html
20260415_kawasaki_9,2026-04-15,kawasaki,9,https://www.keiba.go.jp/KeibaWeb/TodayRaceInfo/RaceMarkTable?k_raceDate=2026%2F04%2F15&k_raceNo=9&k_babaCode=21,data/cache/html/20260415_kawasaki_9.html
20260415_kawasaki_10,2026-04-15,kawasaki,10,https://www.keiba.go.jp/KeibaWeb/TodayRaceInfo/RaceMarkTable?k_raceDate=2026%2F04%2F15&k_raceNo=10&k_babaCode=21,data/cache/html/20260415_kawasaki_10.html
20260415_kawasaki_11,2026-04-15,kawasaki,11,https://www.keiba.go.jp/KeibaWeb/TodayRaceInfo/RaceMarkTable?k_raceDate=2026%2F04%2F15&k_raceNo=11&k_babaCode=21,data/cache/html/20260415_kawasaki_11.html
20260415_kawasaki_12,2026-04-15,kawasaki,12,https://www.keiba.go.jp/KeibaWeb/TodayRaceInfo/RaceMarkTable?k_raceDate=2026%2F04%2F15&k_raceNo=12&k_babaCode=21,data/cache/html/20260415_kawasaki_12.html
20260414_kawasaki_1,2026-04-14,kawasaki,1,https://www.keiba.go.jp/KeibaWeb/TodayRaceInfo/RaceMarkTable?k_raceDate=2026%2F04%2F14&k_raceNo=1&k_babaCode=21,data/cache/html/20260414_kawasaki_1.html
20260414_kawasaki_2,2026-04-14,kawasaki,2,https://www.keiba.go.jp/KeibaWeb/TodayRaceInfo/RaceMarkTable?k_raceDate=2026%2F04%2F14&k_raceNo=2&k_babaCode=21,data/cache/html/20260414_kawasaki_2.html
20260414_kawasaki_3,2026-04-14,kawasaki,3,https://www.keiba.go.jp/KeibaWeb/TodayRaceInfo/RaceMarkTable?k_raceDate=2026%2F04%2F14&k_raceNo=3&k_babaCode=21,data/cache/html/20260414_kawasaki_3.html
20260414_kawasaki_4,2026-04-14,kawasaki,4,https://www.keiba.go.jp/KeibaWeb/TodayRaceInfo/RaceMarkTable?k_raceDate=2026%2F04%2F14&k_raceNo=4&k_babaCode=21,data/cache/html/20260414_kawasaki_4.html
20260414_kawasaki_5,2026-04-14,kawasaki,5,https://www.keiba.go.jp/KeibaWeb/TodayRaceInfo/RaceMarkTable?k_raceDate=2026%2F04%2F14&k_raceNo=5&k_babaCode=21,data/cache/html/20260414_kawasaki_5.html
20260414_kawasaki_6,2026-04-14,kawasaki,6,https://www.keiba.go.jp/KeibaWeb/TodayRaceInfo/RaceMarkTable?k_raceDate=2026%2F04%2F14&k_raceNo=6&k_babaCode=21,data/cache/html/20260414_kawasaki_6.html
20260414_kawasaki_7,2026-04-14,kawasaki,7,https://www.keiba.go.jp/KeibaWeb/TodayRaceInfo/RaceMarkTable?k_raceDate=2026%2F04%2F14&k_raceNo=7&k_babaCode=21,data/cache/html/20260414_kawasaki_7.html
20260414_kawasaki_8,2026-04-14,kawasaki,8,https://www.keiba.go.jp/KeibaWeb/TodayRaceInfo/RaceMarkTable?k_raceDate=2026%2F04%2F14&k_raceNo=8&k_babaCode=21,data/cache/html/20260414_kawasaki_8.html
20260414_kawasaki_9,2026-04-14,kawasaki,9,https://www.keiba.go.jp/KeibaWeb/TodayRaceInfo/RaceMarkTable?k_raceDate=2026%2F04%2F14&k_raceNo=9&k_babaCode=21,data/cache/html/20260414_kawasaki_9.html
20260414_kawasaki_10,2026-04-14,kawasaki,10,https://www.keiba.go.jp/KeibaWeb/TodayRaceInfo/RaceMarkTable?k_raceDate=2026%2F04%2F14&k_raceNo=10&k_babaCode=21,data/cache/html/20260414_kawasaki_10.html
20260414_kawasaki_11,2026-04-14,kawasaki,11,https://www.keiba.go.jp/KeibaWeb/TodayRaceInfo/RaceMarkTable?k_raceDate=2026%2F04%2F14&k_raceNo=11&k_babaCode=21,data/cache/html/20260414_kawasaki_11.html
20260414_kawasaki_12,2026-04-14,kawasaki,12,https://www.keiba.go.jp/KeibaWeb/TodayRaceInfo/RaceMarkTable?k_raceDate=2026%2F04%2F14&k_raceNo=12&k_babaCode=21,data/cache/html/20260414_kawasaki_12.html
20260413_kawasaki_1,2026-04-13,kawasaki,1,https://www.keiba.go.jp/KeibaWeb/TodayRaceInfo/RaceMarkTable?k_raceDate=2026%2F04%2F13&k_raceNo=1&k_babaCode=21,data/cache/html/20260413_kawasaki_1.html
20260413_kawasaki_2,2026-04-13,kawasaki,2,https://www.keiba.go.jp/KeibaWeb/TodayRaceInfo/RaceMarkTable?k_raceDate=2026%2F04%2F13&k_raceNo=2&k_babaCode=21,data/cache/html/20260413_kawasaki_2.html
20260413_kawasaki_3,2026-04-13,kawasaki,3,https://www.keiba.go.jp/KeibaWeb/TodayRaceInfo/RaceMarkTable?k_raceDate=2026%2F04%2F13&k_raceNo=3&k_babaCode=21,data/cache/html/20260413_kawasaki_3.html
20260413_kawasaki_4,2026-04-13,kawasaki,4,https://www.keiba.go.jp/KeibaWeb/TodayRaceInfo/RaceMarkTable?k_raceDate=2026%2F04%2F13&k_raceNo=4&k_babaCode=21,data/cache/html/20260413_kawasaki_4.html
20260413_kawasaki_5,2026-04-13,kawasaki,5,https://www.keiba.go.jp/KeibaWeb/TodayRaceInfo/RaceMarkTable?k_raceDate=2026%2F04%2F13&k_raceNo=5&k_babaCode=21,data/cache/html/20260413_kawasaki_5.html
20260413_kawasaki_6,2026-04-13,kawasaki,6,https://www.keiba.go.jp/KeibaWeb/TodayRaceInfo/RaceMarkTable?k_raceDate=2026%2F04%2F13&k_raceNo=6&k_babaCode=21,data/cache/html/20260413_kawasaki_6.html
20260413_kawasaki_7,2026-04-13,kawasaki,7,https://www.keiba.go.jp/KeibaWeb/TodayRaceInfo/RaceMarkTable?k_raceDate=2026%2F04%2F13&k_raceNo=7&k_babaCode=21,data/cache/html/20260413_kawasaki_7.html
20260413_kawasaki_8,2026-04-13,kawasaki,8,https://www.keiba.go.jp/KeibaWeb/TodayRaceInfo/RaceMarkTable?k_raceDate=2026%2F04%2F13&k_raceNo=8&k_babaCode=21,data/cache/html/20260413_kawasaki_8.html
20260413_kawasaki_9,2026-04-13,kawasaki,9,https://www.keiba.go.jp/KeibaWeb/TodayRaceInfo/RaceMarkTable?k_raceDate=2026%2F04%2F13&k_raceNo=9&k_babaCode=21,data/cache/html/20260413_kawasaki_9.html
20260413_kawasaki_10,2026-04-13,kawasaki,10,https://www.keiba.go.jp/KeibaWeb/TodayRaceInfo/RaceMarkTable?k_raceDate=2026%2F04%2F13&k_raceNo=10&k_babaCode=21,data/cache/html/20260413_kawasaki_10.html
20260413_kawasaki_11,2026-04-13,kawasaki,11,https://www.keiba.go.jp/KeibaWeb/TodayRaceInfo/RaceMarkTable?k_raceDate=2026%2F04%2F13&k_raceNo=11&k_babaCode=21,data/cache/html/20260413_kawasaki_11.html
20260413_kawasaki_12,2026-04-13,kawasaki,12,https://www.keiba.go.jp/KeibaWeb/TodayRaceInfo/RaceMarkTable?k_raceDate=2026%2F04%2F13&k_raceNo=12&k_babaCode=21,data/cache/html/20260413_kawasaki_12.html
20260412_kawasaki_1,2026-04-12,kawasaki,1,https://www.keiba.go.jp/KeibaWeb/TodayRaceInfo/RaceMarkTable?k_raceDate=2026%2F04%2F12&k_raceNo=1&k_babaCode=21,data/cache/html/20260412_kawasaki_1.html
20260412_kawasaki_2,2026-04-12,kawasaki,2,https://www.keiba.go.jp/KeibaWeb/TodayRaceInfo/RaceMarkTable?k_raceDate=2026%2F04%2F12&k_raceNo=2&k_babaCode=21,data/cache/html/20260412_kawasaki_2.html
20260412_kawasaki_3,2026-04-12,kawasaki,3,https://www.keiba.go.jp/KeibaWeb/TodayRaceInfo/RaceMarkTable?k_raceDate=2026%2F04%2F12&k_raceNo=3&k_babaCode=21,data/cache/html/20260412_kawasaki_3.html
20260412_kawasaki_4,2026-04-12,kawasaki,4,https://www.keiba.go.jp/KeibaWeb/TodayRaceInfo/RaceMarkTable?k_raceDate=2026%2F04%2F12&k_raceNo=4&k_babaCode=21,data/cache/html/20260412_kawasaki_4.html
20260412_kawasaki_5,2026-04-12,kawasaki,5,https://www.keiba.go.jp/KeibaWeb/TodayRaceInfo/RaceMarkTable?k_raceDate=2026%2F04%2F12&k_raceNo=5&k_babaCode=21,data/cache/html/20260412_kawasaki_5.html
20260412_kawasaki_6,2026-04-12,kawasaki,6,https://www.keiba.go.jp/KeibaWeb/TodayRaceInfo/RaceMarkTable?k_raceDate=2026%2F04%2F12&k_raceNo=6&k_babaCode=21,data/cache/html/20260412_kawasaki_6.html
20260412_kawasaki_7,2026-04-12,kawasaki,7,https://www.keiba.go.jp/KeibaWeb/TodayRaceInfo/RaceMarkTable?k_raceDate=2026%2F04%2F12&k_raceNo=7&k_babaCode=21,data/cache/html/20260412_kawasaki_7.html
20260412_kawasaki_8,2026-04-12,kawasaki,8,https://www.keiba.go.jp/KeibaWeb/TodayRaceInfo/RaceMarkTable?k_raceDate=2026%2F04%2F12&k_raceNo=8&k_babaCode=21,data/cache/html/20260412_kawasaki_8.html
20260412_kawasaki_9,2026-04-12,kawasaki,9,https://www.keiba.go.jp/KeibaWeb/TodayRaceInfo/RaceMarkTable?k_raceDate=2026%2F04%2F12&k_raceNo=9&k_babaCode=21,data/cache/html/20260412_kawasaki_9.html
20260412_kawasaki_10,2026-04-12,kawasaki,10,https://www.keiba.go.jp/KeibaWeb/TodayRaceInfo/RaceMarkTable?k_raceDate=2026%2F04%2F12&k_raceNo=10&k_babaCode=21,data/cache/html/20260412_kawasaki_10.html
20260412_kawasaki_11,2026-04-12,kawasaki,11,https://www.keiba.go.jp/KeibaWeb/TodayRaceInfo/RaceMarkTable?k_raceDate=2026%2F04%2F12&k_raceNo=11&k_babaCode=21,data/cache/html/20260412_kawasaki_11.html
20260412_kawasaki_12,2026-04-12,kawasaki,12,https://www.keiba.go.jp/KeibaWeb/TodayRaceInfo/RaceMarkTable?k_raceDate=2026%2F04%2F12&k_raceNo=12&k_babaCode=21,data/cache/html/20260412_kawasaki_12.html
20260411_kawasaki_1,2026-04-11,kawasaki,1,https://www.keiba.go.jp/KeibaWeb/TodayRaceInfo/RaceMarkTable?k_raceDate=2026%2F04%2F11&k_raceNo=1&k_babaCode=21,data/cache/html/20260411_kawasaki_1.html
20260411_kawasaki_2,2026-04-11,kawasaki,2,https://www.keiba.go.jp/KeibaWeb/TodayRaceInfo/RaceMarkTable?k_raceDate=2026%2F04%2F11&k_raceNo=2&k_babaCode=21,data/cache/html/20260411_kawasaki_2.html
20260411_kawasaki_3,2026-04-11,kawasaki,3,https://www.keiba.go.jp/KeibaWeb/TodayRaceInfo/RaceMarkTable?k_raceDate=2026%2F04%2F11&k_raceNo=3&k_babaCode=21,data/cache/html/20260411_kawasaki_3.html
20260411_kawasaki_4,2026-04-11,kawasaki,4,https://www.keiba.go.jp/KeibaWeb/TodayRaceInfo/RaceMarkTable?k_raceDate=2026%2F04%2F11&k_raceNo=4&k_babaCode=21,data/cache/html/20260411_kawasaki_4.html
20260411_kawasaki_5,2026-04-11,kawasaki,5,https://www.keiba.go.jp/KeibaWeb/TodayRaceInfo/RaceMarkTable?k_raceDate=2026%2F04%2F11&k_raceNo=5&k_babaCode=21,data/cache/html/20260411_kawasaki_5.html
20260411_kawasaki_6,2026-04-11,kawasaki,6,https://www.keiba.go.jp/KeibaWeb/TodayRaceInfo/RaceMarkTable?k_raceDate=2026%2F04%2F11&k_raceNo=6&k_babaCode=21,data/cache/html/20260411_kawasaki_6.html
20260411_kawasaki_7,2026-04-11,kawasaki,7,https://www.keiba.go.jp/KeibaWeb/TodayRaceInfo/RaceMarkTable?k_raceDate=2026%2F04%2F11&k_raceNo=7&k_babaCode=21,data/cache/html/20260411_kawasaki_7.html
20260411_kawasaki_8,2026-04-11,kawasaki,8,https://www.keiba.go.jp/KeibaWeb/TodayRaceInfo/RaceMarkTable?k_raceDate=2026%2F04%2F11&k_raceNo=8&k_babaCode=21,data/cache/html/20260411_kawasaki_8.html
20260411_kawasaki_9,2026-04-11,kawasaki,9,https://www.keiba.go.jp/KeibaWeb/TodayRaceInfo/RaceMarkTable?k_raceDate=2026%2F04%2F11&k_raceNo=9&k_babaCode=21,data/cache/html/20260411_kawasaki_9.html
20260411_kawasaki_10,2026-04-11,kawasaki,10,https://www.keiba.go.jp/KeibaWeb/TodayRaceInfo/RaceMarkTable?k_raceDate=2026%2F04%2F11&k_raceNo=10&k_babaCode=21,data/cache/html/20260411_kawasaki_10.html
20260411_kawasaki_11,2026-04-11,kawasaki,11,https://www.keiba.go.jp/KeibaWeb/TodayRaceInfo/RaceMarkTable?k_raceDate=2026%2F04%2F11&k_raceNo=11&k_babaCode=21,data/cache/html/20260411_kawasaki_11.html
20260411_kawasaki_12,2026-04-11,kawasaki,12,https://www.keiba.go.jp/KeibaWeb/TodayRaceInfo/RaceMarkTable?k_raceDate=2026%2F04%2F11&k_raceNo=12&k_babaCode=21,data/cache/html/20260411_kawasaki_12.html
20260405_kawasaki_1,2026-04-05,kawasaki,1,https://www.keiba.go.jp/KeibaWeb/TodayRaceInfo/RaceMarkTable?k_raceDate=2026%2F04%2F05&k_raceNo=1&k_babaCode=21,data/cache/html/20260405_kawasaki_1.html
20260405_kawasaki_2,2026-04-05,kawasaki,2,https://www.keiba.go.jp/KeibaWeb/TodayRaceInfo/RaceMarkTable?k_raceDate=2026%2F04%2F05&k_raceNo=2&k_babaCode=21,data/cache/html/20260405_kawasaki_2.html
20260405_kawasaki_3,2026-04-05,kawasaki,3,https://www.keiba.go.jp/KeibaWeb/TodayRaceInfo/RaceMarkTable?k_raceDate=2026%2F04%2F05&k_raceNo=3&k_babaCode=21,data/cache/html/20260405_kawasaki_3.html
20260405_kawasaki_4,2026-04-05,kawasaki,4,https://www.keiba.go.jp/KeibaWeb/TodayRaceInfo/RaceMarkTable?k_raceDate=2026%2F04%2F05&k_raceNo=4&k_babaCode=21,data/cache/html/20260405_kawasaki_4.html
20260405_kawasaki_5,2026-04-05,kawasaki,5,https://www.keiba.go.jp/KeibaWeb/TodayRaceInfo/RaceMarkTable?k_raceDate=2026%2F04%2F05&k_raceNo=5&k_babaCode=21,data/cache/html/20260405_kawasaki_5.html
20260405_kawasaki_6,2026-04-05,kawasaki,6,https://www.keiba.go.jp/KeibaWeb/TodayRaceInfo/RaceMarkTable?k_raceDate=2026%2F04%2F05&k_raceNo=6&k_babaCode=21,data/cache/html/20260405_kawasaki_6.html
20260405_kawasaki_7,2026-04-05,kawasaki,7,https://www.keiba.go.jp/KeibaWeb/TodayRaceInfo/RaceMarkTable?k_raceDate=2026%2F04%2F05&k_raceNo=7&k_babaCode=21,data/cache/html/20260405_kawasaki_7.html
20260405_kawasaki_8,2026-04-05,kawasaki,8,https://www.keiba.go.jp/KeibaWeb/TodayRaceInfo/RaceMarkTable?k_raceDate=2026%2F04%2F05&k_raceNo=8&k_babaCode=21,data/cache/html/20260405_kawasaki_8.html
20260405_kawasaki_9,2026-04-05,kawasaki,9,https://www.keiba.go.jp/KeibaWeb/TodayRaceInfo/RaceMarkTable?k_raceDate=2026%2F04%2F05&k_raceNo=9&k_babaCode=21,data/cache/html/20260405_kawasaki_9.html
20260405_kawasaki_10,2026-04-05,kawasaki,10,https://www.keiba.go.jp/KeibaWeb/TodayRaceInfo/RaceMarkTable?k_raceDate=2026%2F04%2F05&k_raceNo=10&k_babaCode=21,data/cache/html/20260405_kawasaki_10.html
20260405_kawasaki_11,2026-04-05,kawasaki,11,https://www.keiba.go.jp/KeibaWeb/TodayRaceInfo/RaceMarkTable?k_raceDate=2026%2F04%2F05&k_raceNo=11&k_babaCode=21,data/cache/html/20260405_kawasaki_11.html
20260405_kawasaki_12,2026-04-05,kawasaki,12,https://www.keiba.go.jp/KeibaWeb/TodayRaceInfo/RaceMarkTable?k_raceDate=2026%2F04%2F05&k_raceNo=12&k_babaCode=21,data/cache/html/20260405_kawasaki_12.html
20260404_kawasaki_1,2026-04-04,kawasaki,1,https://www.keiba.go.jp/KeibaWeb/TodayRaceInfo/RaceMarkTable?k_raceDate=2026%2F04%2F04&k_raceNo=1&k_babaCode=21,data/cache/html/20260404_kawasaki_1.html
20260404_kawasaki_2,2026-04-04,kawasaki,2,https://www.keiba.go.jp/KeibaWeb/TodayRaceInfo/RaceMarkTable?k_raceDate=2026%2F04%2F04&k_raceNo=2&k_babaCode=21,data/cache/html/20260404_kawasaki_2.html
20260404_kawasaki_3,2026-04-04,kawasaki,3,https://www.keiba.go.jp/KeibaWeb/TodayRaceInfo/RaceMarkTable?k_raceDate=2026%2F04%2F04&k_raceNo=3&k_babaCode=21,data/cache/html/20260404_kawasaki_3.html
20260404_kawasaki_4,2026-04-04,kawasaki,4,https://www.keiba.go.jp/KeibaWeb/TodayRaceInfo/RaceMarkTable?k_raceDate=2026%2F04%2F04&k_raceNo=4&k_babaCode=21,data/cache/html/20260404_kawasaki_4.html
20260404_kawasaki_5,2026-04-04,kawasaki,5,https://www.keiba.go.jp/KeibaWeb/TodayRaceInfo/RaceMarkTable?k_raceDate=2026%2F04%2F04&k_raceNo=5&k_babaCode=21,data/cache/html/20260404_kawasaki_5.html
20260404_kawasaki_6,2026-04-04,kawasaki,6,https://www.keiba.go.jp/KeibaWeb/TodayRaceInfo/RaceMarkTable?k_raceDate=2026%2F04%2F04&k_raceNo=6&k_babaCode=21,data/cache/html/20260404_kawasaki_6.html
20260404_kawasaki_7,2026-04-04,kawasaki,7,https://www.keiba.go.jp/KeibaWeb/TodayRaceInfo/RaceMarkTable?k_raceDate=2026%2F04%2F04&k_raceNo=7&k_babaCode=21,data/cache/html/20260404_kawasaki_7.html
20260404_kawasaki_8,2026-04-04,kawasaki,8,https://www.keiba.go.jp/KeibaWeb/TodayRaceInfo/RaceMarkTable?k_raceDate=2026%2F04%2F04&k_raceNo=8&k_babaCode=21,data/cache/html/20260404_kawasaki_8.html
20260404_kawasaki_9,2026-04-04,kawasaki,9,https://www.keiba.go.jp/KeibaWeb/TodayRaceInfo/RaceMarkTable?k_raceDate=2026%2F04%2F04&k_raceNo=9&k_babaCode=21,data/cache/html/20260404_kawasaki_9.html
20260404_kawasaki_10,2026-04-04,kawasaki,10,https://www.keiba.go.jp/KeibaWeb/TodayRaceInfo/RaceMarkTable?k_raceDate=2026%2F04%2F04&k_raceNo=10&k_babaCode=21,data/cache/html/20260404_kawasaki_10.html
20260404_kawasaki_11,2026-04-04,kawasaki,11,https://www.keiba.go.jp/KeibaWeb/TodayRaceInfo/RaceMarkTable?k_raceDate=2026%2F04%2F04&k_raceNo=11&k_babaCode=21,data/cache/html/20260404_kawasaki_11.html
20260404_kawasaki_12,2026-04-04,kawasaki,12,https://www.keiba.go.jp/KeibaWeb/TodayRaceInfo/RaceMarkTable?k_raceDate=2026%2F04%2F04&k_raceNo=12&k_babaCode=21,data/cache/html/20260404_kawasaki_12.html
20260403_kawasaki_1,2026-04-03,kawasaki,1,https://www.keiba.go.jp/KeibaWeb/TodayRaceInfo/RaceMarkTable?k_raceDate=2026%2F04%2F03&k_raceNo=1&k_babaCode=21,data/cache/html/20260403_kawasaki_1.html
20260403_kawasaki_2,2026-04-03,kawasaki,2,https://www.keiba.go.jp/KeibaWeb/TodayRaceInfo/RaceMarkTable?k_raceDate=2026%2F04%2F03&k_raceNo=2&k_babaCode=21,data/cache/html/20260403_kawasaki_2.html
20260403_kawasaki_3,2026-04-03,kawasaki,3,https://www.keiba.go.jp/KeibaWeb/TodayRaceInfo/RaceMarkTable?k_raceDate=2026%2F04%2F03&k_raceNo=3&k_babaCode=21,data/cache/html/20260403_kawasaki_3.html
20260403_kawasaki_4,2026-04-03,kawasaki,4,https://www.keiba.go.jp/KeibaWeb/TodayRaceInfo/RaceMarkTable?k_raceDate=2026%2F04%2F03&k_raceNo=4&k_babaCode=21,data/cache/html/20260403_kawasaki_4.html
20260403_kawasaki_5,2026-04-03,kawasaki,5,https://www.keiba.go.jp/KeibaWeb/TodayRaceInfo/RaceMarkTable?k_raceDate=2026%2F04%2F03&k_raceNo=5&k_babaCode=21,data/cache/html/20260403_kawasaki_5.html
20260403_kawasaki_6,2026-04-03,kawasaki,6,https://www.keiba.go.jp/KeibaWeb/TodayRaceInfo/RaceMarkTable?k_raceDate=2026%2F04%2F03&k_raceNo=6&k_babaCode=21,data/cache/html/20260403_kawasaki_6.html
20260403_kawasaki_7,2026-04-03,kawasaki,7,https://www.keiba.go.jp/KeibaWeb/TodayRaceInfo/RaceMarkTable?k_raceDate=2026%2F04%2F03&k_raceNo=7&k_babaCode=21,data/cache/html/20260403_kawasaki_7.html
20260403_kawasaki_8,2026-04-03,kawasaki,8,https://www.keiba.go.jp/KeibaWeb/TodayRaceInfo/RaceMarkTable?k_raceDate=2026%2F04%2F03&k_raceNo=8&k_babaCode=21,data/cache/html/20260403_kawasaki_8.html
20260403_kawasaki_9,2026-04-03,kawasaki,9,https://www.keiba.go.jp/KeibaWeb/TodayRaceInfo/RaceMarkTable?k_raceDate=2026%2F04%2F03&k_raceNo=9&k_babaCode=21,data/cache/html/20260403_kawasaki_9.html
20260403_kawasaki_10,2026-04-03,kawasaki,10,https://www.keiba.go.jp/KeibaWeb/TodayRaceInfo/RaceMarkTable?k_raceDate=2026%2F04%2F03&k_raceNo=10&k_babaCode=21,data/cache/html/20260403_kawasaki_10.html
20260403_kawasaki_11,2026-04-03,kawasaki,11,https://www.keiba.go.jp/KeibaWeb/TodayRaceInfo/RaceMarkTable?k_raceDate=2026%2F04%2F03&k_raceNo=11&k_babaCode=21,data/cache/html/20260403_kawasaki_11.html
20260403_kawasaki_12,2026-04-03,kawasaki,12,https://www.keiba.go.jp/KeibaWeb/TodayRaceInfo/RaceMarkTable?k_raceDate=2026%2F04%2F03&k_raceNo=12&k_babaCode=21,data/cache/html/20260403_kawasaki_12.html
20260402_kawasaki_1,2026-04-02,kawasaki,1,https://www.keiba.go.jp/KeibaWeb/TodayRaceInfo/RaceMarkTable?k_raceDate=2026%2F04%2F02&k_raceNo=1&k_babaCode=21,data/cache/html/20260402_kawasaki_1.html
20260402_kawasaki_2,2026-04-02,kawasaki,2,https://www.keiba.go.jp/KeibaWeb/TodayRaceInfo/RaceMarkTable?k_raceDate=2026%2F04%2F02&k_raceNo=2&k_babaCode=21,data/cache/html/20260402_kawasaki_2.html
20260402_kawasaki_3,2026-04-02,kawasaki,3,https://www.keiba.go.jp/KeibaWeb/TodayRaceInfo/RaceMarkTable?k_raceDate=2026%2F04%2F02&k_raceNo=3&k_babaCode=21,data/cache/html/20260402_kawasaki_3.html
20260402_kawasaki_4,2026-04-02,kawasaki,4,https://www.keiba.go.jp/KeibaWeb/TodayRaceInfo/RaceMarkTable?k_raceDate=2026%2F04%2F02&k_raceNo=4&k_babaCode=21,data/cache/html/20260402_kawasaki_4.html
20260402_kawasaki_5,2026-04-02,kawasaki,5,https://www.keiba.go.jp/KeibaWeb/TodayRaceInfo/RaceMarkTable?k_raceDate=2026%2F04%2F02&k_raceNo=5&k_babaCode=21,data/cache/html/20260402_kawasaki_5.html
20260402_kawasaki_6,2026-04-02,kawasaki,6,https://www.keiba.go.jp/KeibaWeb/TodayRaceInfo/RaceMarkTable?k_raceDate=2026%2F04%2F02&k_raceNo=6&k_babaCode=21,data/cache/html/20260402_kawasaki_6.html
20260402_kawasaki_7,2026-04-02,kawasaki,7,https://www.keiba.go.jp/KeibaWeb/TodayRaceInfo/RaceMarkTable?k_raceDate=2026%2F04%2F02&k_raceNo=7&k_babaCode=21,data/cache/html/20260402_kawasaki_7.html
20260402_kawasaki_8,2026-04-02,kawasaki,8,https://www.keiba.go.jp/KeibaWeb/TodayRaceInfo/RaceMarkTable?k_raceDate=2026%2F04%2F02&k_raceNo=8&k_babaCode=21,data/cache/html/20260402_kawasaki_8.html
20260402_kawasaki_9,2026-04-02,kawasaki,9,https://www.keiba.go.jp/KeibaWeb/TodayRaceInfo/RaceMarkTable?k_raceDate=2026%2F04%2F02&k_raceNo=9&k_babaCode=21,data/cache/html/20260402_kawasaki_9.html
20260402_kawasaki_10,2026-04-02,kawasaki,10,https://www.keiba.go.jp/KeibaWeb/TodayRaceInfo/RaceMarkTable?k_raceDate=2026%2F04%2F02&k_raceNo=10&k_babaCode=21,data/cache/html/20260402_kawasaki_10.html
20260402_kawasaki_11,2026-04-02,kawasaki,11,https://www.keiba.go.jp/KeibaWeb/TodayRaceInfo/RaceMarkTable?k_raceDate=2026%2F04%2F02&k_raceNo=11&k_babaCode=21,data/cache/html/20260402_kawasaki_11.html
20260402_kawasaki_12,2026-04-02,kawasaki,12,https://www.keiba.go.jp/KeibaWeb/TodayRaceInfo/RaceMarkTable?k_raceDate=2026%2F04%2F02&k_raceNo=12&k_babaCode=21,data/cache/html/20260402_kawasaki_12.html
20260401_kawasaki_1,2026-04-01,kawasaki,1,https://www.keiba.go.jp/KeibaWeb/TodayRaceInfo/RaceMarkTable?k_raceDate=2026%2F04%2F01&k_raceNo=1&k_babaCode=21,data/cache/html/20260401_kawasaki_1.html
20260401_kawasaki_2,2026-04-01,kawasaki,2,https://www.keiba.go.jp/KeibaWeb/TodayRaceInfo/RaceMarkTable?k_raceDate=2026%2F04%2F01&k_raceNo=2&k_babaCode=21,data/cache/html/20260401_kawasaki_2.html
20260401_kawasaki_3,2026-04-01,kawasaki,3,https://www.keiba.go.jp/KeibaWeb/TodayRaceInfo/RaceMarkTable?k_raceDate=2026%2F04%2F01&k_raceNo=3&k_babaCode=21,data/cache/html/20260401_kawasaki_3.html
20260401_kawasaki_4,2026-04-01,kawasaki,4,https://www.keiba.go.jp/KeibaWeb/TodayRaceInfo/RaceMarkTable?k_raceDate=2026%2F04%2F01&k_raceNo=4&k_babaCode=21,data/cache/html/20260401_kawasaki_4.html
20260401_kawasaki_5,2026-04-01,kawasaki,5,https://www.keiba.go.jp/KeibaWeb/TodayRaceInfo/RaceMarkTable?k_raceDate=2026%2F04%2F01&k_raceNo=5&k_babaCode=21,data/cache/html/20260401_kawasaki_5.html
20260401_kawasaki_6,2026-04-01,kawasaki,6,https://www.keiba.go.jp/KeibaWeb/TodayRaceInfo/RaceMarkTable?k_raceDate=2026%2F04%2F01&k_raceNo=6&k_babaCode=21,data/cache/html/20260401_kawasaki_6.html
20260401_kawasaki_7,2026-04-01,kawasaki,7,https://www.keiba.go.jp/KeibaWeb/TodayRaceInfo/RaceMarkTable?k_raceDate=2026%2F04%2F01&k_raceNo=7&k_babaCode=21,data/cache/html/20260401_kawasaki_7.html
20260401_kawasaki_8,2026-04-01,kawasaki,8,https://www.keiba.go.jp/KeibaWeb/TodayRaceInfo/RaceMarkTable?k_raceDate=2026%2F04%2F01&k_raceNo=8&k_babaCode=21,data/cache/html/20260401_kawasaki_8.html
20260401_kawasaki_9,2026-04-01,kawasaki,9,https://www.keiba.go.jp/KeibaWeb/TodayRaceInfo/RaceMarkTable?k_raceDate=2026%2F04%2F01&k_raceNo=9&k_babaCode=21,data/cache/html/20260401_kawasaki_9.html
20260401_kawasaki_10,2026-04-01,kawasaki,10,https://www.keiba.go.jp/KeibaWeb/TodayRaceInfo/RaceMarkTable?k_raceDate=2026%2F04%2F01&k_raceNo=10&k_babaCode=21,data/cache/html/20260401_kawasaki_10.html
20260401_kawasaki_11,2026-04-01,kawasaki,11,https://www.keiba.go.jp/KeibaWeb/TodayRaceInfo/RaceMarkTable?k_raceDate=2026%2F04%2F01&k_raceNo=11&k_babaCode=21,data/cache/html/20260401_kawasaki_11.html
20260401_kawasaki_12,2026-04-01,kawasaki,12,https://www.keiba.go.jp/KeibaWeb/TodayRaceInfo/RaceMarkTable?k_raceDate=2026%2F04%2F01&k_raceNo=12&k_babaCode=21,data/cache/html/20260401_kawasaki_12.html
20260331_kawasaki_1,2026-03-31,kawasaki,1,https://www.keiba.go.jp/KeibaWeb/TodayRaceInfo/RaceMarkTable?k_raceDate=2026%2F03%2F31&k_raceNo=1&k_babaCode=21,data/cache/html/20260331_kawasaki_1.html
20260331_kawasaki_2,2026-03-31,kawasaki,2,https://www.keiba.go.jp/KeibaWeb/TodayRaceInfo/RaceMarkTable?k_raceDate=2026%2F03%2F31&k_raceNo=2&k_babaCode=21,data/cache/html/20260331_kawasaki_2.html
20260331_kawasaki_3,2026-03-31,kawasaki,3,https://www.keiba.go.jp/KeibaWeb/TodayRaceInfo/RaceMarkTable?k_raceDate=2026%2F03%2F31&k_raceNo=3&k_babaCode=21,data/cache/html/20260331_kawasaki_3.html
20260331_kawasaki_4,2026-03-31,kawasaki,4,https://www.keiba.go.jp/KeibaWeb/TodayRaceInfo/RaceMarkTable?k_raceDate=2026%2F03%2F31&k_raceNo=4&k_babaCode=21,data/cache/html/20260331_kawasaki_4.html
20260331_kawasaki_5,2026-03-31,kawasaki,5,https://www.keiba.go.jp/KeibaWeb/TodayRaceInfo/RaceMarkTable?k_raceDate=2026%2F03%2F31&k_raceNo=5&k_babaCode=21,data/cache/html/20260331_kawasaki_5.html
20260331_kawasaki_6,2026-03-31,kawasaki,6,https://www.keiba.go.jp/KeibaWeb/TodayRaceInfo/RaceMarkTable?k_raceDate=2026%2F03%2F31&k_raceNo=6&k_babaCode=21,data/cache/html/20260331_kawasaki_6.html
20260331_kawasaki_7,2026-03-31,kawasaki,7,https://www.keiba.go.jp/KeibaWeb/TodayRaceInfo/RaceMarkTable?k_raceDate=2026%2F03%2F31&k_raceNo=7&k_babaCode=21,data/cache/html/20260331_kawasaki_7.html
20260331_kawasaki_8,2026-03-31,kawasaki,8,https://www.keiba.go.jp/KeibaWeb/TodayRaceInfo/RaceMarkTable?k_raceDate=2026%2F03%2F31&k_raceNo=8&k_babaCode=21,data/cache/html/20260331_kawasaki_8.html
20260331_kawasaki_9,2026-03-31,kawasaki,9,https://www.keiba.go.jp/KeibaWeb/TodayRaceInfo/RaceMarkTable?k_raceDate=2026%2F03%2F31&k_raceNo=9&k_babaCode=21,data/cache/html/20260331_kawasaki_9.html
20260331_kawasaki_10,2026-03-31,kawasaki,10,https://www.keiba.go.jp/KeibaWeb/TodayRaceInfo/RaceMarkTable?k_raceDate=2026%2F03%2F31&k_raceNo=10&k_babaCode=21,data/cache/html/20260331_kawasaki_10.html
20260331_kawasaki_11,2026-03-31,kawasaki,11,https://www.keiba.go.jp/KeibaWeb/TodayRaceInfo/RaceMarkTable?k_raceDate=2026%2F03%2F31&k_raceNo=11&k_babaCode=21,data/cache/html/20260331_kawasaki_11.html
20260331_kawasaki_12,2026-03-31,kawasaki,12,https://www.keiba.go.jp/KeibaWeb/TodayRaceInfo/RaceMarkTable?k_raceDate=2026%2F03%2F31&k_raceNo=12&k_babaCode=21,data/cache/html/20260331_kawasaki_12.html
