race_id,date,track,race_no,official_url,cache_html_path
19771212_kawasaki_1,1977-12-12,kawasaki,1,https://www.keiba.go.jp/KeibaWeb/TodayRaceInfo/RaceMarkTable?k_raceDate=1977%2F12%2F12&k_raceNo=1&k_babaCode=21,data/cache/html/19771212_kawasaki_1.html
19771212_kawasaki_2,1977-12-12,kawasaki,2,https://www.keiba.go.jp/KeibaWeb/TodayRaceInfo/RaceMarkTable?k_raceDate=1977%2F12%2F12&k_raceNo=2&k_babaCode=21,data/cache/html/19771212_kawasaki_2.html
19771212_kawasaki_3,1977-12-12,kawasaki,3,https://www.keiba.go.jp/KeibaWeb/TodayRaceInfo/RaceMarkTable?k_raceDate=1977%2F12%2F12&k_raceNo=3&k_babaCode=21,data/cache/html/19771212_kawasaki_3.html
19771212_kawasaki_4,1977-12-12,kawasaki,4,https://www.keiba.go.jp/KeibaWeb/TodayRaceInfo/RaceMarkTable?k_raceDate=1977%2F12%2F12&k_raceNo=4&k_babaCode=21,data/cache/html/19771212_kawasaki_4.html
19771212_kawasaki_5,1977-12-12,kawasaki,5,https://www.keiba.go.jp/KeibaWeb/TodayRaceInfo/RaceMarkTable?k_raceDate=1977%2F12%2F12&k_raceNo=5&k_babaCode=21,data/cache/html/19771212_kawasaki_5.html
19771212_kawasaki_6,1977-12-12,kawasaki,6,https://www.keiba.go.jp/KeibaWeb/TodayRaceInfo/RaceMarkTable?k_raceDate=1977%2F12%2F12&k_raceNo=6&k_babaCode=21,data/cache/html/19771212_kawasaki_6.html
19771212_kawasaki_7,1977-12-12,kawasaki,7,https://www.keiba.go.jp/KeibaWeb/TodayRaceInfo/RaceMarkTable?k_raceDate=1977%2F12%2F12&k_raceNo=7&k_babaCode=21,data/cache/html/19771212_kawasaki_7.html
19771212_kawasaki_8,1977-12-12,kawasaki,8,https://www.keiba.go.jp/KeibaWeb/TodayRaceInfo/RaceMarkTable?k_raceDate=1977%2F12%2F12&k_raceNo=8&k_babaCode=21,data/cache/html/19771212_kawasaki_8.html
19771212_kawasaki_9,1977-12-12,kawasaki,9,https://www.keiba.go.jp/KeibaWeb/TodayRaceInfo/RaceMarkTable?k_raceDate=1977%2F12%2F12&k_raceNo=9&k_babaCode=21,data/cache/html/19771212_kawasaki_9.html
19771212_kawasaki_10,1977-12-12,kawasaki,10,https://www.keiba.go.jp/KeibaWeb/TodayRaceInfo/RaceMarkTable?k_raceDate=1977%2F12%2F12&k_raceNo=10&k_babaCode=21,data/cache/html/19771212_kawasaki_10.html
19771212_kawasaki_11,1977-12-12,kawasaki,11,https://www.keiba.go.jp/KeibaWeb/TodayRaceInfo/RaceMarkTable?k_raceDate=1977%2F12%2F12&k_raceNo=11&k_babaCode=21,data/cache/html/19771212_kawasaki_11.html
19771212_kawasaki_12,1977-12-12,kawasaki,12,https://www.keiba.go.jp/KeibaWeb/TodayRaceInfo/RaceMarkTable?k_raceDate=1977%2F12%2F12&k_raceNo=12&k_babaCode=21,data/cache/html/19771212_kawasaki_12.html
19771211_kawasaki_1,1977-12-11,kawasaki,1,https://www.keiba.go.jp/KeibaWeb/TodayRaceInfo/RaceMarkTable?k_raceDate=1977%2F12%2F11&k_raceNo=1&k_babaCode=21,data/cache/html/19771211_kawasaki_1.html
19771211_kawasaki_2,1977-12-11,kawasaki,2,https://www.keiba.go.jp/KeibaWeb/TodayRaceInfo/RaceMarkTable?k_raceDate=1977%2F12%2F11&k_raceNo=2&k_babaCode=21,data/cache/html/19771211_kawasaki_2.html
19771211_kawasaki_3,1977-12-11,kawasaki,3,https://www.keiba.go.jp/KeibaWeb/TodayRaceInfo/RaceMarkTable?k_raceDate=1977%2F12%2F11&k_raceNo=3&k_babaCode=21,data/cache/html/19771211_kawasaki_3.html
19771211_kawasaki_4,1977-12-11,kawasaki,4,https://www.keiba.go.jp/KeibaWeb/TodayRaceInfo/RaceMarkTable?k_raceDate=1977%2F12%2F11&k_raceNo=4&k_babaCode=21,data/cache/html/19771211_kawasaki_4.html
19771211_kawasaki_5,1977-12-11,kawasaki,5,https://www.keiba.go.jp/KeibaWeb/TodayRaceInfo/RaceMarkTable?k_raceDate=1977%2F12%2F11&k_raceNo=5&k_babaCode=21,data/cache/html/19771211_kawasaki_5.html
19771211_kawasaki_6,1977-12-11,kawasaki,6,https://www.keiba.go.jp/KeibaWeb/TodayRaceInfo/RaceMarkTable?k_raceDate=1977%2F12%2F11&k_raceNo=6&k_babaCode=21,data/cache/html/19771211_kawasaki_6.html
19771211_kawasaki_7,1977-12-11,kawasaki,7,https://www.keiba.go.jp/KeibaWeb/TodayRaceInfo/RaceMarkTable?k_raceDate=1977%2F12%2F11&k_raceNo=7&k_babaCode=21,data/cache/html/19771211_kawasaki_7.html
19771211_kawasaki_8,1977-12-11,kawasaki,8,https://www.keiba.go.jp/KeibaWeb/TodayRaceInfo/RaceMarkTable?k_raceDate=1977%2F12%2F11&k_raceNo=8&k_babaCode=21,data/cache/html/19771211_kawasaki_8.html
19771211_kawasaki_9,1977-12-11,kawasaki,9,https://www.keiba.go.jp/KeibaWeb/TodayRaceInfo/RaceMarkTable?k_raceDate=1977%2F12%2F11&k_raceNo=9&k_babaCode=21,data/cache/html/19771211_kawasaki_9.html
19771211_kawasaki_10,1977-12-11,kawasaki,10,https://www.keiba.go.jp/KeibaWeb/TodayRaceInfo/RaceMarkTable?k_raceDate=1977%2F12%2F11&k_raceNo=10&k_babaCode=21,data/cache/html/19771211_kawasaki_10.html
19771211_kawasaki_11,1977-12-11,kawasaki,11,https://www.keiba.go.jp/KeibaWeb/TodayRaceInfo/RaceMarkTable?k_raceDate=1977%2F12%2F11&k_raceNo=11&k_babaCode=21,data/cache/html/19771211_kawasaki_11.html
19771211_kawasaki_12,1977-12-11,kawasaki,12,https://www.keiba.go.jp/KeibaWeb/TodayRaceInfo/RaceMarkTable?k_raceDate=1977%2F12%2F11&k_raceNo=12&k_babaCode=21,data/cache/html/19771211_kawasaki_12.html
19771210_kawasaki_1,1977-12-10,kawasaki,1,https://www.keiba.go.jp/KeibaWeb/TodayRaceInfo/RaceMarkTable?k_raceDate=1977%2F12%2F10&k_raceNo=1&k_babaCode=21,data/cache/html/19771210_kawasaki_1.html
19771210_kawasaki_2,1977-12-10,kawasaki,2,https://www.keiba.go.jp/KeibaWeb/TodayRaceInfo/RaceMarkTable?k_raceDate=1977%2F12%2F10&k_raceNo=2&k_babaCode=21,data/cache/html/19771210_kawasaki_2.html
19771210_kawasaki_3,1977-12-10,kawasaki,3,https://www.keiba.go.jp/KeibaWeb/TodayRaceInfo/RaceMarkTable?k_raceDate=1977%2F12%2F10&k_raceNo=3&k_babaCode=21,data/cache/html/19771210_kawasaki_3.html
19771210_kawasaki_4,1977-12-10,kawasaki,4,https://www.keiba.go.jp/KeibaWeb/TodayRaceInfo/RaceMarkTable?k_raceDate=1977%2F12%2F10&k_raceNo=4&k_babaCode=21,data/cache/html/19771210_kawasaki_4.html
19771210_kawasaki_5,1977-12-10,kawasaki,5,https://www.keiba.go.jp/KeibaWeb/TodayRaceInfo/RaceMarkTable?k_raceDate=1977%2F12%2F10&k_raceNo=5&k_babaCode=21,data/cache/html/19771210_kawasaki_5.html
19771210_kawasaki_6,1977-12-10,kawasaki,6,https://www.keiba.go.jp/KeibaWeb/TodayRaceInfo/RaceMarkTable?k_raceDate=1977%2F12%2F10&k_raceNo=6&k_babaCode=21,data/cache/html/19771210_kawasaki_6.html
19771210_kawasaki_7,1977-12-10,kawasaki,7,https://www.keiba.go.jp/KeibaWeb/TodayRaceInfo/RaceMarkTable?k_raceDate=1977%2F12%2F10&k_raceNo=7&k_babaCode=21,data/cache/html/19771210_kawasaki_7.html
19771210_kawasaki_8,1977-12-10,kawasaki,8,https://www.keiba.go.jp/KeibaWeb/TodayRaceInfo/RaceMarkTable?k_raceDate=1977%2F12%2F10&k_raceNo=8&k_babaCode=21,data/cache/html/19771210_kawasaki_8.html
19771210_kawasaki_9,1977-12-10,kawasaki,9,https://www.keiba.go.jp/KeibaWeb/TodayRaceInfo/RaceMarkTable?k_raceDate=1977%2F12%2F10&k_raceNo=9&k_babaCode=21,data/cache/html/19771210_kawasaki_9.html
19771210_kawasaki_10,1977-12-10,kawasaki,10,https://www.keiba.go.jp/KeibaWeb/TodayRaceInfo/RaceMarkTable?k_raceDate=1977%2F12%2F10&k_raceNo=10&k_babaCode=21,data/cache/html/19771210_kawasaki_10.html
19771210_kawasaki_11,1977-12-10,kawasaki,11,https://www.keiba.go.jp/KeibaWeb/TodayRaceInfo/RaceMarkTable?k_raceDate=1977%2F12%2F10&k_raceNo=11&k_babaCode=21,data/cache/html/19771210_kawasaki_11.html
19771210_kawasaki_12,1977-12-10,kawasaki,12,https://www.keiba.go.jp/KeibaWeb/TodayRaceInfo/RaceMarkTable?k_raceDate=1977%2F12%2F10&k_raceNo=12&k_babaCode=21,data/cache/html/19771210_kawasaki_12.html
19771209_kawasaki_1,1977-12-09,kawasaki,1,https://www.keiba.go.jp/KeibaWeb/TodayRaceInfo/RaceMarkTable?k_raceDate=1977%2F12%2F09&k_raceNo=1&k_babaCode=21,data/cache/html/19771209_kawasaki_1.html
19771209_kawasaki_2,1977-12-09,kawasaki,2,https://www.keiba.go.jp/KeibaWeb/TodayRaceInfo/RaceMarkTable?k_raceDate=1977%2F12%2F09&k_raceNo=2&k_babaCode=21,data/cache/html/19771209_kawasaki_2.html
19771209_kawasaki_3,1977-12-09,kawasaki,3,https://www.keiba.go.jp/KeibaWeb/TodayRaceInfo/RaceMarkTable?k_raceDate=1977%2F12%2F09&k_raceNo=3&k_babaCode=21,data/cache/html/19771209_kawasaki_3.html
19771209_kawasaki_4,1977-12-09,kawasaki,4,https://www.keiba.go.jp/KeibaWeb/TodayRaceInfo/RaceMarkTable?k_raceDate=1977%2F12%2F09&k_raceNo=4&k_babaCode=21,data/cache/html/19771209_kawasaki_4.html
19771209_kawasaki_5,1977-12-09,kawasaki,5,https://www.keiba.go.jp/KeibaWeb/TodayRaceInfo/RaceMarkTable?k_raceDate=1977%2F12%2F09&k_raceNo=5&k_babaCode=21,data/cache/html/19771209_kawasaki_5.html
19771209_kawasaki_6,1977-12-09,kawasaki,6,https://www.keiba.go.jp/KeibaWeb/TodayRaceInfo/RaceMarkTable?k_raceDate=1977%2F12%2F09&k_raceNo=6&k_babaCode=21,data/cache/html/19771209_kawasaki_6.html
19771209_kawasaki_7,1977-12-09,kawasaki,7,https://www.keiba.go.jp/KeibaWeb/TodayRaceInfo/RaceMarkTable?k_raceDate=1977%2F12%2F09&k_raceNo=7&k_babaCode=21,data/cache/html/19771209_kawasaki_7.html
19771209_kawasaki_8,1977-12-09,kawasaki,8,https://www.keiba.go.jp/KeibaWeb/TodayRaceInfo/RaceMarkTable?k_raceDate=1977%2F12%2F09&k_raceNo=8&k_babaCode=21,data/cache/html/19771209_kawasaki_8.html
19771209_kawasaki_9,1977-12-09,kawasaki,9,https://www.keiba.go.jp/KeibaWeb/TodayRaceInfo/RaceMarkTable?k_raceDate=1977%2F12%2F09&k_raceNo=9&k_babaCode=21,data/cache/html/19771209_kawasaki_9.html
19771209_kawasaki_10,1977-12-09,kawasaki,10,https://www.keiba.go.jp/KeibaWeb/TodayRaceInfo/RaceMarkTable?k_raceDate=1977%2F12%2F09&k_raceNo=10&k_babaCode=21,data/cache/html/19771209_kawasaki_10.html
19771209_kawasaki_11,1977-12-09,kawasaki,11,https://www.keiba.go.jp/KeibaWeb/TodayRaceInfo/RaceMarkTable?k_raceDate=1977%2F12%2F09&k_raceNo=11&k_babaCode=21,data/cache/html/19771209_kawasaki_11.html
19771209_kawasaki_12,1977-12-09,kawasaki,12,https://www.keiba.go.jp/KeibaWeb/TodayRaceInfo/RaceMarkTable?k_raceDate=1977%2F12%2F09&k_raceNo=12&k_babaCode=21,data/cache/html/19771209_kawasaki_12.html
19771208_kawasaki_1,1977-12-08,kawasaki,1,https://www.keiba.go.jp/KeibaWeb/TodayRaceInfo/RaceMarkTable?k_raceDate=1977%2F12%2F08&k_raceNo=1&k_babaCode=21,data/cache/html/19771208_kawasaki_1.html
19771208_kawasaki_2,1977-12-08,kawasaki,2,https://www.keiba.go.jp/KeibaWeb/TodayRaceInfo/RaceMarkTable?k_raceDate=1977%2F12%2F08&k_raceNo=2&k_babaCode=21,data/cache/html/19771208_kawasaki_2.html
19771208_kawasaki_3,1977-12-08,kawasaki,3,https://www.keiba.go.jp/KeibaWeb/TodayRaceInfo/RaceMarkTable?k_raceDate=1977%2F12%2F08&k_raceNo=3&k_babaCode=21,data/cache/html/19771208_kawasaki_3.html
19771208_kawasaki_4,1977-12-08,kawasaki,4,https://www.keiba.go.jp/KeibaWeb/TodayRaceInfo/RaceMarkTable?k_raceDate=1977%2F12%2F08&k_raceNo=4&k_babaCode=21,data/cache/html/19771208_kawasaki_4.html
19771208_kawasaki_5,1977-12-08,kawasaki,5,https://www.keiba.go.jp/KeibaWeb/TodayRaceInfo/RaceMarkTable?k_raceDate=1977%2F12%2F08&k_raceNo=5&k_babaCode=21,data/cache/html/19771208_kawasaki_5.html
19771208_kawasaki_6,1977-12-08,kawasaki,6,https://www.keiba.go.jp/KeibaWeb/TodayRaceInfo/RaceMarkTable?k_raceDate=1977%2F12%2F08&k_raceNo=6&k_babaCode=21,data/cache/html/19771208_kawasaki_6.html
19771208_kawasaki_7,1977-12-08,kawasaki,7,https://www.keiba.go.jp/KeibaWeb/TodayRaceInfo/RaceMarkTable?k_raceDate=1977%2F12%2F08&k_raceNo=7&k_babaCode=21,data/cache/html/19771208_kawasaki_7.html
19771208_kawasaki_8,1977-12-08,kawasaki,8,https://www.keiba.go.jp/KeibaWeb/TodayRaceInfo/RaceMarkTable?k_raceDate=1977%2F12%2F08&k_raceNo=8&k_babaCode=21,data/cache/html/19771208_kawasaki_8.html
19771208_kawasaki_9,1977-12-08,kawasaki,9,https://www.keiba.go.jp/KeibaWeb/TodayRaceInfo/RaceMarkTable?k_raceDate=1977%2F12%2F08&k_raceNo=9&k_babaCode=21,data/cache/html/19771208_kawasaki_9.html
19771208_kawasaki_10,1977-12-08,kawasaki,10,https://www.keiba.go.jp/KeibaWeb/TodayRaceInfo/RaceMarkTable?k_raceDate=1977%2F12%2F08&k_raceNo=10&k_babaCode=21,data/cache/html/19771208_kawasaki_10.html
19771208_kawasaki_11,1977-12-08,kawasaki,11,https://www.keiba.go.jp/KeibaWeb/TodayRaceInfo/RaceMarkTable?k_raceDate=1977%2F12%2F08&k_raceNo=11&k_babaCode=21,data/cache/html/19771208_kawasaki_11.html
19771208_kawasaki_12,1977-12-08,kawasaki,12,https://www.keiba.go.jp/KeibaWeb/TodayRaceInfo/RaceMarkTable?k_raceDate=1977%2F12%2F08&k_raceNo=12&k_babaCode=21,data/cache/html/19771208_kawasaki_12.html
19771207_kawasaki_1,1977-12-07,kawasaki,1,https://www.keiba.go.jp/KeibaWeb/TodayRaceInfo/RaceMarkTable?k_raceDate=1977%2F12%2F07&k_raceNo=1&k_babaCode=21,data/cache/html/19771207_kawasaki_1.html
19771207_kawasaki_2,1977-12-07,kawasaki,2,https://www.keiba.go.jp/KeibaWeb/TodayRaceInfo/RaceMarkTable?k_raceDate=1977%2F12%2F07&k_raceNo=2&k_babaCode=21,data/cache/html/19771207_kawasaki_2.html
19771207_kawasaki_3,1977-12-07,kawasaki,3,https://www.keiba.go.jp/KeibaWeb/TodayRaceInfo/RaceMarkTable?k_raceDate=1977%2F12%2F07&k_raceNo=3&k_babaCode=21,data/cache/html/19771207_kawasaki_3.html
19771207_kawasaki_4,1977-12-07,kawasaki,4,https://www.keiba.go.jp/KeibaWeb/TodayRaceInfo/RaceMarkTable?k_raceDate=1977%2F12%2F07&k_raceNo=4&k_babaCode=21,data/cache/html/19771207_kawasaki_4.html
19771207_kawasaki_5,1977-12-07,kawasaki,5,https://www.keiba.go.jp/KeibaWeb/TodayRaceInfo/RaceMarkTable?k_raceDate=1977%2F12%2F07&k_raceNo=5&k_babaCode=21,data/cache/html/19771207_kawasaki_5.html
19771207_kawasaki_6,1977-12-07,kawasaki,6,https://www.keiba.go.jp/KeibaWeb/TodayRaceInfo/RaceMarkTable?k_raceDate=1977%2F12%2F07&k_raceNo=6&k_babaCode=21,data/cache/html/19771207_kawasaki_6.html
19771207_kawasaki_7,1977-12-07,kawasaki,7,https://www.keiba.go.jp/KeibaWeb/TodayRaceInfo/RaceMarkTable?k_raceDate=1977%2F12%2F07&k_raceNo=7&k_babaCode=21,data/cache/html/19771207_kawasaki_7.html
19771207_kawasaki_8,1977-12-07,kawasaki,8,https://www.keiba.go.jp/KeibaWeb/TodayRaceInfo/RaceMarkTable?k_raceDate=1977%2F12%2F07&k_raceNo=8&k_babaCode=21,data/cache/html/19771207_kawasaki_8.html
19771207_kawasaki_9,1977-12-07,kawasaki,9,https://www.keiba.go.jp/KeibaWeb/TodayRaceInfo/RaceMarkTable?k_raceDate=1977%2F12%2F07&k_raceNo=9&k_babaCode=21,data/cache/html/19771207_kawasaki_9.html
19771207_kawasaki_10,1977-12-07,kawasaki,10,https://www.keiba.go.jp/KeibaWeb/TodayRaceInfo/RaceMarkTable?k_raceDate=1977%2F12%2F07&k_raceNo=10&k_babaCode=21,data/cache/html/19771207_kawasaki_10.html
19771207_kawasaki_11,1977-12-07,kawasaki,11,https://www.keiba.go.jp/KeibaWeb/TodayRaceInfo/RaceMarkTable?k_raceDate=1977%2F12%2F07&k_raceNo=11&k_babaCode=21,data/cache/html/19771207_kawasaki_11.html
19771207_kawasaki_12,1977-12-07,kawasaki,12,https://www.keiba.go.jp/KeibaWeb/TodayRaceInfo/RaceMarkTable?k_raceDate=1977%2F12%2F07&k_raceNo=12&k_babaCode=21,data/cache/html/19771207_kawasaki_12.html
19771206_kawasaki_1,1977-12-06,kawasaki,1,https://www.keiba.go.jp/KeibaWeb/TodayRaceInfo/RaceMarkTable?k_raceDate=1977%2F12%2F06&k_raceNo=1&k_babaCode=21,data/cache/html/19771206_kawasaki_1.html
19771206_kawasaki_2,1977-12-06,kawasaki,2,https://www.keiba.go.jp/KeibaWeb/TodayRaceInfo/RaceMarkTable?k_raceDate=1977%2F12%2F06&k_raceNo=2&k_babaCode=21,data/cache/html/19771206_kawasaki_2.html
19771206_kawasaki_3,1977-12-06,kawasaki,3,https://www.keiba.go.jp/KeibaWeb/TodayRaceInfo/RaceMarkTable?k_raceDate=1977%2F12%2F06&k_raceNo=3&k_babaCode=21,data/cache/html/19771206_kawasaki_3.html
19771206_kawasaki_4,1977-12-06,kawasaki,4,https://www.keiba.go.jp/KeibaWeb/TodayRaceInfo/RaceMarkTable?k_raceDate=1977%2F12%2F06&k_raceNo=4&k_babaCode=21,data/cache/html/19771206_kawasaki_4.html
19771206_kawasaki_5,1977-12-06,kawasaki,5,https://www.keiba.go.jp/KeibaWeb/TodayRaceInfo/RaceMarkTable?k_raceDate=1977%2F12%2F06&k_raceNo=5&k_babaCode=21,data/cache/html/19771206_kawasaki_5.html
19771206_kawasaki_6,1977-12-06,kawasaki,6,https://www.keiba.go.jp/KeibaWeb/TodayRaceInfo/RaceMarkTable?k_raceDate=1977%2F12%2F06&k_raceNo=6&k_babaCode=21,data/cache/html/19771206_kawasaki_6.html
19771206_kawasaki_7,1977-12-06,kawasaki,7,https://www.keiba.go.jp/KeibaWeb/TodayRaceInfo/RaceMarkTable?k_raceDate=1977%2F12%2F06&k_raceNo=7&k_babaCode=21,data/cache/html/19771206_kawasaki_7.html
19771206_kawasaki_8,1977-12-06,kawasaki,8,https://www.keiba.go.jp/KeibaWeb/TodayRaceInfo/RaceMarkTable?k_raceDate=1977%2F12%2F06&k_raceNo=8&k_babaCode=21,data/cache/html/19771206_kawasaki_8.html
19771206_kawasaki_9,1977-12-06,kawasaki,9,https://www.keiba.go.jp/KeibaWeb/TodayRaceInfo/RaceMarkTable?k_raceDate=1977%2F12%2F06&k_raceNo=9&k_babaCode=21,data/cache/html/19771206_kawasaki_9.html
19771206_kawasaki_10,1977-12-06,kawasaki,10,https://www.keiba.go.jp/KeibaWeb/TodayRaceInfo/RaceMarkTable?k_raceDate=1977%2F12%2F06&k_raceNo=10&k_babaCode=21,data/cache/html/19771206_kawasaki_10.html
19771206_kawasaki_11,1977-12-06,kawasaki,11,https://www.keiba.go.jp/KeibaWeb/TodayRaceInfo/RaceMarkTable?k_raceDate=1977%2F12%2F06&k_raceNo=11&k_babaCode=21,data/cache/html/19771206_kawasaki_11.html
19771206_kawasaki_12,1977-12-06,kawasaki,12,https://www.keiba.go.jp/KeibaWeb/TodayRaceInfo/RaceMarkTable?k_raceDate=1977%2F12%2F06&k_raceNo=12&k_babaCode=21,data/cache/html/19771206_kawasaki_12.html
19771205_kawasaki_1,1977-12-05,kawasaki,1,https://www.keiba.go.jp/KeibaWeb/TodayRaceInfo/RaceMarkTable?k_raceDate=1977%2F12%2F05&k_raceNo=1&k_babaCode=21,data/cache/html/19771205_kawasaki_1.html
19771205_kawasaki_2,1977-12-05,kawasaki,2,https://www.keiba.go.jp/KeibaWeb/TodayRaceInfo/RaceMarkTable?k_raceDate=1977%2F12%2F05&k_raceNo=2&k_babaCode=21,data/cache/html/19771205_kawasaki_2.html
19771205_kawasaki_3,1977-12-05,kawasaki,3,https://www.keiba.go.jp/KeibaWeb/TodayRaceInfo/RaceMarkTable?k_raceDate=1977%2F12%2F05&k_raceNo=3&k_babaCode=21,data/cache/html/19771205_kawasaki_3.html
19771205_kawasaki_4,1977-12-05,kawasaki,4,https://www.keiba.go.jp/KeibaWeb/TodayRaceInfo/RaceMarkTable?k_raceDate=1977%2F12%2F05&k_raceNo=4&k_babaCode=21,data/cache/html/19771205_kawasaki_4.html
19771205_kawasaki_5,1977-12-05,kawasaki,5,https://www.keiba.go.jp/KeibaWeb/TodayRaceInfo/RaceMarkTable?k_raceDate=1977%2F12%2F05&k_raceNo=5&k_babaCode=21,data/cache/html/19771205_kawasaki_5.html
19771205_kawasaki_6,1977-12-05,kawasaki,6,https://www.keiba.go.jp/KeibaWeb/TodayRaceInfo/RaceMarkTable?k_raceDate=1977%2F12%2F05&k_raceNo=6&k_babaCode=21,data/cache/html/19771205_kawasaki_6.html
19771205_kawasaki_7,1977-12-05,kawasaki,7,https://www.keiba.go.jp/KeibaWeb/TodayRaceInfo/RaceMarkTable?k_raceDate=1977%2F12%2F05&k_raceNo=7&k_babaCode=21,data/cache/html/19771205_kawasaki_7.html
19771205_kawasaki_8,1977-12-05,kawasaki,8,https://www.keiba.go.jp/KeibaWeb/TodayRaceInfo/RaceMarkTable?k_raceDate=1977%2F12%2F05&k_raceNo=8&k_babaCode=21,data/cache/html/19771205_kawasaki_8.html
19771205_kawasaki_9,1977-12-05,kawasaki,9,https://www.keiba.go.jp/KeibaWeb/TodayRaceInfo/RaceMarkTable?k_raceDate=1977%2F12%2F05&k_raceNo=9&k_babaCode=21,data/cache/html/19771205_kawasaki_9.html
19771205_kawasaki_10,1977-12-05,kawasaki,10,https://www.keiba.go.jp/KeibaWeb/TodayRaceInfo/RaceMarkTable?k_raceDate=1977%2F12%2F05&k_raceNo=10&k_babaCode=21,data/cache/html/19771205_kawasaki_10.html
19771205_kawasaki_11,1977-12-05,kawasaki,11,https://www.keiba.go.jp/KeibaWeb/TodayRaceInfo/RaceMarkTable?k_raceDate=1977%2F12%2F05&k_raceNo=11&k_babaCode=21,data/cache/html/19771205_kawasaki_11.html
19771205_kawasaki_12,1977-12-05,kawasaki,12,https://www.keiba.go.jp/KeibaWeb/TodayRaceInfo/RaceMarkTable?k_raceDate=1977%2F12%2F05&k_raceNo=12&k_babaCode=21,data/cache/html/19771205_kawasaki_12.html
19771204_kawasaki_1,1977-12-04,kawasaki,1,https://www.keiba.go.jp/KeibaWeb/TodayRaceInfo/RaceMarkTable?k_raceDate=1977%2F12%2F04&k_raceNo=1&k_babaCode=21,data/cache/html/19771204_kawasaki_1.html
19771204_kawasaki_2,1977-12-04,kawasaki,2,https://www.keiba.go.jp/KeibaWeb/TodayRaceInfo/RaceMarkTable?k_raceDate=1977%2F12%2F04&k_raceNo=2&k_babaCode=21,data/cache/html/19771204_kawasaki_2.html
19771204_kawasaki_3,1977-12-04,kawasaki,3,https://www.keiba.go.jp/KeibaWeb/TodayRaceInfo/RaceMarkTable?k_raceDate=1977%2F12%2F04&k_raceNo=3&k_babaCode=21,data/cache/html/19771204_kawasaki_3.html
19771204_kawasaki_4,1977-12-04,kawasaki,4,https://www.keiba.go.jp/KeibaWeb/TodayRaceInfo/RaceMarkTable?k_raceDate=1977%2F12%2F04&k_raceNo=4&k_babaCode=21,data/cache/html/19771204_kawasaki_4.html
19771204_kawasaki_5,1977-12-04,kawasaki,5,https://www.keiba.go.jp/KeibaWeb/TodayRaceInfo/RaceMarkTable?k_raceDate=1977%2F12%2F04&k_raceNo=5&k_babaCode=21,data/cache/html/19771204_kawasaki_5.html
19771204_kawasaki_6,1977-12-04,kawasaki,6,https://www.keiba.go.jp/KeibaWeb/TodayRaceInfo/RaceMarkTable?k_raceDate=1977%2F12%2F04&k_raceNo=6&k_babaCode=21,data/cache/html/19771204_kawasaki_6.html
19771204_kawasaki_7,1977-12-04,kawasaki,7,https://www.keiba.go.jp/KeibaWeb/TodayRaceInfo/RaceMarkTable?k_raceDate=1977%2F12%2F04&k_raceNo=7&k_babaCode=21,data/cache/html/19771204_kawasaki_7.html
19771204_kawasaki_8,1977-12-04,kawasaki,8,https://www.keiba.go.jp/KeibaWeb/TodayRaceInfo/RaceMarkTable?k_raceDate=1977%2F12%2F04&k_raceNo=8&k_babaCode=21,data/cache/html/19771204_kawasaki_8.html
19771204_kawasaki_9,1977-12-04,kawasaki,9,https://www.keiba.go.jp/KeibaWeb/TodayRaceInfo/RaceMarkTable?k_raceDate=1977%2F12%2F04&k_raceNo=9&k_babaCode=21,data/cache/html/19771204_kawasaki_9.html
19771204_kawasaki_10,1977-12-04,kawasaki,10,https://www.keiba.go.jp/KeibaWeb/TodayRaceInfo/RaceMarkTable?k_raceDate=1977%2F12%2F04&k_raceNo=10&k_babaCode=21,data/cache/html/19771204_kawasaki_10.html
19771204_kawasaki_11,1977-12-04,kawasaki,11,https://www.keiba.go.jp/KeibaWeb/TodayRaceInfo/RaceMarkTable?k_raceDate=1977%2F12%2F04&k_raceNo=11&k_babaCode=21,data/cache/html/19771204_kawasaki_11.html
19771204_kawasaki_12,1977-12-04,kawasaki,12,https://www.keiba.go.jp/KeibaWeb/TodayRaceInfo/RaceMarkTable?k_raceDate=1977%2F12%2F04&k_raceNo=12&k_babaCode=21,data/cache/html/19771204_kawasaki_12.html
19771203_kawasaki_1,1977-12-03,kawasaki,1,https://www.keiba.go.jp/KeibaWeb/TodayRaceInfo/RaceMarkTable?k_raceDate=1977%2F12%2F03&k_raceNo=1&k_babaCode=21,data/cache/html/19771203_kawasaki_1.html
19771203_kawasaki_2,1977-12-03,kawasaki,2,https://www.keiba.go.jp/KeibaWeb/TodayRaceInfo/RaceMarkTable?k_raceDate=1977%2F12%2F03&k_raceNo=2&k_babaCode=21,data/cache/html/19771203_kawasaki_2.html
19771203_kawasaki_3,1977-12-03,kawasaki,3,https://www.keiba.go.jp/KeibaWeb/TodayRaceInfo/RaceMarkTable?k_raceDate=1977%2F12%2F03&k_raceNo=3&k_babaCode=21,data/cache/html/19771203_kawasaki_3.html
19771203_kawasaki_4,1977-12-03,kawasaki,4,https://www.keiba.go.jp/KeibaWeb/TodayRaceInfo/RaceMarkTable?k_raceDate=1977%2F12%2F03&k_raceNo=4&k_babaCode=21,data/cache/html/19771203_kawasaki_4.html
19771203_kawasaki_5,1977-12-03,kawasaki,5,https://www.keiba.go.jp/KeibaWeb/TodayRaceInfo/RaceMarkTable?k_raceDate=1977%2F12%2F03&k_raceNo=5&k_babaCode=21,data/cache/html/19771203_kawasaki_5.html
19771203_kawasaki_6,1977-12-03,kawasaki,6,https://www.keiba.go.jp/KeibaWeb/TodayRaceInfo/RaceMarkTable?k_raceDate=1977%2F12%2F03&k_raceNo=6&k_babaCode=21,data/cache/html/19771203_kawasaki_6.html
19771203_kawasaki_7,1977-12-03,kawasaki,7,https://www.keiba.go.jp/KeibaWeb/TodayRaceInfo/RaceMarkTable?k_raceDate=1977%2F12%2F03&k_raceNo=7&k_babaCode=21,data/cache/html/19771203_kawasaki_7.html
19771203_kawasaki_8,1977-12-03,kawasaki,8,https://www.keiba.go.jp/KeibaWeb/TodayRaceInfo/RaceMarkTable?k_raceDate=1977%2F12%2F03&k_raceNo=8&k_babaCode=21,data/cache/html/19771203_kawasaki_8.html
19771203_kawasaki_9,1977-12-03,kawasaki,9,https://www.keiba.go.jp/KeibaWeb/TodayRaceInfo/RaceMarkTable?k_raceDate=1977%2F12%2F03&k_raceNo=9&k_babaCode=21,data/cache/html/19771203_kawasaki_9.html
19771203_kawasaki_10,1977-12-03,kawasaki,10,https://www.keiba.go.jp/KeibaWeb/TodayRaceInfo/RaceMarkTable?k_raceDate=1977%2F12%2F03&k_raceNo=10&k_babaCode=21,data/cache/html/19771203_kawasaki_10.html
19771203_kawasaki_11,1977-12-03,kawasaki,11,https://www.keiba.go.jp/KeibaWeb/TodayRaceInfo/RaceMarkTable?k_raceDate=1977%2F12%2F03&k_raceNo=11&k_babaCode=21,data/cache/html/19771203_kawasaki_11.html
19771203_kawasaki_12,1977-12-03,kawasaki,12,https://www.keiba.go.jp/KeibaWeb/TodayRaceInfo/RaceMarkTable?k_raceDate=1977%2F12%2F03&k_raceNo=12&k_babaCode=21,data/cache/html/19771203_kawasaki_12.html
19771202_kawasaki_1,1977-12-02,kawasaki,1,https://www.keiba.go.jp/KeibaWeb/TodayRaceInfo/RaceMarkTable?k_raceDate=1977%2F12%2F02&k_raceNo=1&k_babaCode=21,data/cache/html/19771202_kawasaki_1.html
19771202_kawasaki_2,1977-12-02,kawasaki,2,https://www.keiba.go.jp/KeibaWeb/TodayRaceInfo/RaceMarkTable?k_raceDate=1977%2F12%2F02&k_raceNo=2&k_babaCode=21,data/cache/html/19771202_kawasaki_2.html
19771202_kawasaki_3,1977-12-02,kawasaki,3,https://www.keiba.go.jp/KeibaWeb/TodayRaceInfo/RaceMarkTable?k_raceDate=1977%2F12%2F02&k_raceNo=3&k_babaCode=21,data/cache/html/19771202_kawasaki_3.html
19771202_kawasaki_4,1977-12-02,kawasaki,4,https://www.keiba.go.jp/KeibaWeb/TodayRaceInfo/RaceMarkTable?k_raceDate=1977%2F12%2F02&k_raceNo=4&k_babaCode=21,data/cache/html/19771202_kawasaki_4.html
19771202_kawasaki_5,1977-12-02,kawasaki,5,https://www.keiba.go.jp/KeibaWeb/TodayRaceInfo/RaceMarkTable?k_raceDate=1977%2F12%2F02&k_raceNo=5&k_babaCode=21,data/cache/html/19771202_kawasaki_5.html
19771202_kawasaki_6,1977-12-02,kawasaki,6,https://www.keiba.go.jp/KeibaWeb/TodayRaceInfo/RaceMarkTable?k_raceDate=1977%2F12%2F02&k_raceNo=6&k_babaCode=21,data/cache/html/19771202_kawasaki_6.html
19771202_kawasaki_7,1977-12-02,kawasaki,7,https://www.keiba.go.jp/KeibaWeb/TodayRaceInfo/RaceMarkTable?k_raceDate=1977%2F12%2F02&k_raceNo=7&k_babaCode=21,data/cache/html/19771202_kawasaki_7.html
19771202_kawasaki_8,1977-12-02,kawasaki,8,https://www.keiba.go.jp/KeibaWeb/TodayRaceInfo/RaceMarkTable?k_raceDate=1977%2F12%2F02&k_raceNo=8&k_babaCode=21,data/cache/html/19771202_kawasaki_8.html
19771202_kawasaki_9,1977-12-02,kawasaki,9,https://www.keiba.go.jp/KeibaWeb/TodayRaceInfo/RaceMarkTable?k_raceDate=1977%2F12%2F02&k_raceNo=9&k_babaCode=21,data/cache/html/19771202_kawasaki_9.html
19771202_kawasaki_10,1977-12-02,kawasaki,10,https://www.keiba.go.jp/KeibaWeb/TodayRaceInfo/RaceMarkTable?k_raceDate=1977%2F12%2F02&k_raceNo=10&k_babaCode=21,data/cache/html/19771202_kawasaki_10.html
19771202_kawasaki_11,1977-12-02,kawasaki,11,https://www.keiba.go.jp/KeibaWeb/TodayRaceInfo/RaceMarkTable?k_raceDate=1977%2F12%2F02&k_raceNo=11&k_babaCode=21,data/cache/html/19771202_kawasaki_11.html
19771202_kawasaki_12,1977-12-02,kawasaki,12,https://www.keiba.go.jp/KeibaWeb/TodayRaceInfo/RaceMarkTable?k_raceDate=1977%2F12%2F02&k_raceNo=12&k_babaCode=21,data/cache/html/19771202_kawasaki_12.html
19771201_kawasaki_1,1977-12-01,kawasaki,1,https://www.keiba.go.jp/KeibaWeb/TodayRaceInfo/RaceMarkTable?k_raceDate=1977%2F12%2F01&k_raceNo=1&k_babaCode=21,data/cache/html/19771201_kawasaki_1.html
19771201_kawasaki_2,1977-12-01,kawasaki,2,https://www.keiba.go.jp/KeibaWeb/TodayRaceInfo/RaceMarkTable?k_raceDate=1977%2F12%2F01&k_raceNo=2&k_babaCode=21,data/cache/html/19771201_kawasaki_2.html
19771201_kawasaki_3,1977-12-01,kawasaki,3,https://www.keiba.go.jp/KeibaWeb/TodayRaceInfo/RaceMarkTable?k_raceDate=1977%2F12%2F01&k_raceNo=3&k_babaCode=21,data/cache/html/19771201_kawasaki_3.html
19771201_kawasaki_4,1977-12-01,kawasaki,4,https://www.keiba.go.jp/KeibaWeb/TodayRaceInfo/RaceMarkTable?k_raceDate=1977%2F12%2F01&k_raceNo=4&k_babaCode=21,data/cache/html/19771201_kawasaki_4.html
19771201_kawasaki_5,1977-12-01,kawasaki,5,https://www.keiba.go.jp/KeibaWeb/TodayRaceInfo/RaceMarkTable?k_raceDate=1977%2F12%2F01&k_raceNo=5&k_babaCode=21,data/cache/html/19771201_kawasaki_5.html
19771201_kawasaki_6,1977-12-01,kawasaki,6,https://www.keiba.go.jp/KeibaWeb/TodayRaceInfo/RaceMarkTable?k_raceDate=1977%2F12%2F01&k_raceNo=6&k_babaCode=21,data/cache/html/19771201_kawasaki_6.html
19771201_kawasaki_7,1977-12-01,kawasaki,7,https://www.keiba.go.jp/KeibaWeb/TodayRaceInfo/RaceMarkTable?k_raceDate=1977%2F12%2F01&k_raceNo=7&k_babaCode=21,data/cache/html/19771201_kawasaki_7.html
19771201_kawasaki_8,1977-12-01,kawasaki,8,https://www.keiba.go.jp/KeibaWeb/TodayRaceInfo/RaceMarkTable?k_raceDate=1977%2F12%2F01&k_raceNo=8&k_babaCode=21,data/cache/html/19771201_kawasaki_8.html
19771201_kawasaki_9,1977-12-01,kawasaki,9,https://www.keiba.go.jp/KeibaWeb/TodayRaceInfo/RaceMarkTable?k_raceDate=1977%2F12%2F01&k_raceNo=9&k_babaCode=21,data/cache/html/19771201_kawasaki_9.html
19771201_kawasaki_10,1977-12-01,kawasaki,10,https://www.keiba.go.jp/KeibaWeb/TodayRaceInfo/RaceMarkTable?k_raceDate=1977%2F12%2F01&k_raceNo=10&k_babaCode=21,data/cache/html/19771201_kawasaki_10.html
19771201_kawasaki_11,1977-12-01,kawasaki,11,https://www.keiba.go.jp/KeibaWeb/TodayRaceInfo/RaceMarkTable?k_raceDate=1977%2F12%2F01&k_raceNo=11&k_babaCode=21,data/cache/html/19771201_kawasaki_11.html
19771201_kawasaki_12,1977-12-01,kawasaki,12,https://www.keiba.go.jp/KeibaWeb/TodayRaceInfo/RaceMarkTable?k_raceDate=1977%2F12%2F01&k_raceNo=12&k_babaCode=21,data/cache/html/19771201_kawasaki_12.html
19771130_kawasaki_1,1977-11-30,kawasaki,1,https://www.keiba.go.jp/KeibaWeb/TodayRaceInfo/RaceMarkTable?k_raceDate=1977%2F11%2F30&k_raceNo=1&k_babaCode=21,data/cache/html/19771130_kawasaki_1.html
19771130_kawasaki_2,1977-11-30,kawasaki,2,https://www.keiba.go.jp/KeibaWeb/TodayRaceInfo/RaceMarkTable?k_raceDate=1977%2F11%2F30&k_raceNo=2&k_babaCode=21,data/cache/html/19771130_kawasaki_2.html
19771130_kawasaki_3,1977-11-30,kawasaki,3,https://www.keiba.go.jp/KeibaWeb/TodayRaceInfo/RaceMarkTable?k_raceDate=1977%2F11%2F30&k_raceNo=3&k_babaCode=21,data/cache/html/19771130_kawasaki_3.html
19771130_kawasaki_4,1977-11-30,kawasaki,4,https://www.keiba.go.jp/KeibaWeb/TodayRaceInfo/RaceMarkTable?k_raceDate=1977%2F11%2F30&k_raceNo=4&k_babaCode=21,data/cache/html/19771130_kawasaki_4.html
19771130_kawasaki_5,1977-11-30,kawasaki,5,https://www.keiba.go.jp/KeibaWeb/TodayRaceInfo/RaceMarkTable?k_raceDate=1977%2F11%2F30&k_raceNo=5&k_babaCode=21,data/cache/html/19771130_kawasaki_5.html
19771130_kawasaki_6,1977-11-30,kawasaki,6,https://www.keiba.go.jp/KeibaWeb/TodayRaceInfo/RaceMarkTable?k_raceDate=1977%2F11%2F30&k_raceNo=6&k_babaCode=21,data/cache/html/19771130_kawasaki_6.html
19771130_kawasaki_7,1977-11-30,kawasaki,7,https://www.keiba.go.jp/KeibaWeb/TodayRaceInfo/RaceMarkTable?k_raceDate=1977%2F11%2F30&k_raceNo=7&k_babaCode=21,data/cache/html/19771130_kawasaki_7.html
19771130_kawasaki_8,1977-11-30,kawasaki,8,https://www.keiba.go.jp/KeibaWeb/TodayRaceInfo/RaceMarkTable?k_raceDate=1977%2F11%2F30&k_raceNo=8&k_babaCode=21,data/cache/html/19771130_kawasaki_8.html
19771130_kawasaki_9,1977-11-30,kawasaki,9,https://www.keiba.go.jp/KeibaWeb/TodayRaceInfo/RaceMarkTable?k_raceDate=1977%2F11%2F30&k_raceNo=9&k_babaCode=21,data/cache/html/19771130_kawasaki_9.html
19771130_kawasaki_10,1977-11-30,kawasaki,10,https://www.keiba.go.jp/KeibaWeb/TodayRaceInfo/RaceMarkTable?k_raceDate=1977%2F11%2F30&k_raceNo=10&k_babaCode=21,data/cache/html/19771130_kawasaki_10.html
19771130_kawasaki_11,1977-11-30,kawasaki,11,https://www.keiba.go.jp/KeibaWeb/TodayRaceInfo/RaceMarkTable?k_raceDate=1977%2F11%2F30&k_raceNo=11&k_babaCode=21,data/cache/html/19771130_kawasaki_11.html
19771130_kawasaki_12,1977-11-30,kawasaki,12,https://www.keiba.go.jp/KeibaWeb/TodayRaceInfo/RaceMarkTable?k_raceDate=1977%2F11%2F30&k_raceNo=12&k_babaCode=21,data/cache/html/19771130_kawasaki_12.html
19771129_kawasaki_1,1977-11-29,kawasaki,1,https://www.keiba.go.jp/KeibaWeb/TodayRaceInfo/RaceMarkTable?k_raceDate=1977%2F11%2F29&k_raceNo=1&k_babaCode=21,data/cache/html/19771129_kawasaki_1.html
19771129_kawasaki_2,1977-11-29,kawasaki,2,https://www.keiba.go.jp/KeibaWeb/TodayRaceInfo/RaceMarkTable?k_raceDate=1977%2F11%2F29&k_raceNo=2&k_babaCode=21,data/cache/html/19771129_kawasaki_2.html
19771129_kawasaki_3,1977-11-29,kawasaki,3,https://www.keiba.go.jp/KeibaWeb/TodayRaceInfo/RaceMarkTable?k_raceDate=1977%2F11%2F29&k_raceNo=3&k_babaCode=21,data/cache/html/19771129_kawasaki_3.html
19771129_kawasaki_4,1977-11-29,kawasaki,4,https://www.keiba.go.jp/KeibaWeb/TodayRaceInfo/RaceMarkTable?k_raceDate=1977%2F11%2F29&k_raceNo=4&k_babaCode=21,data/cache/html/19771129_kawasaki_4.html
19771129_kawasaki_5,1977-11-29,kawasaki,5,https://www.keiba.go.jp/KeibaWeb/TodayRaceInfo/RaceMarkTable?k_raceDate=1977%2F11%2F29&k_raceNo=5&k_babaCode=21,data/cache/html/19771129_kawasaki_5.html
19771129_kawasaki_6,1977-11-29,kawasaki,6,https://www.keiba.go.jp/KeibaWeb/TodayRaceInfo/RaceMarkTable?k_raceDate=1977%2F11%2F29&k_raceNo=6&k_babaCode=21,data/cache/html/19771129_kawasaki_6.html
19771129_kawasaki_7,1977-11-29,kawasaki,7,https://www.keiba.go.jp/KeibaWeb/TodayRaceInfo/RaceMarkTable?k_raceDate=1977%2F11%2F29&k_raceNo=7&k_babaCode=21,data/cache/html/19771129_kawasaki_7.html
19771129_kawasaki_8,1977-11-29,kawasaki,8,https://www.keiba.go.jp/KeibaWeb/TodayRaceInfo/RaceMarkTable?k_raceDate=1977%2F11%2F29&k_raceNo=8&k_babaCode=21,data/cache/html/19771129_kawasaki_8.html
19771129_kawasaki_9,1977-11-29,kawasaki,9,https://www.keiba.go.jp/KeibaWeb/TodayRaceInfo/RaceMarkTable?k_raceDate=1977%2F11%2F29&k_raceNo=9&k_babaCode=21,data/cache/html/19771129_kawasaki_9.html
19771129_kawasaki_10,1977-11-29,kawasaki,10,https://www.keiba.go.jp/KeibaWeb/TodayRaceInfo/RaceMarkTable?k_raceDate=1977%2F11%2F29&k_raceNo=10&k_babaCode=21,data/cache/html/19771129_kawasaki_10.html
19771129_kawasaki_11,1977-11-29,kawasaki,11,https://www.keiba.go.jp/KeibaWeb/TodayRaceInfo/RaceMarkTable?k_raceDate=1977%2F11%2F29&k_raceNo=11&k_babaCode=21,data/cache/html/19771129_kawasaki_11.html
19771129_kawasaki_12,1977-11-29,kawasaki,12,https://www.keiba.go.jp/KeibaWeb/TodayRaceInfo/RaceMarkTable?k_raceDate=1977%2F11%2F29&k_raceNo=12&k_babaCode=21,data/cache/html/19771129_kawasaki_12.html
19771128_kawasaki_1,1977-11-28,kawasaki,1,https://www.keiba.go.jp/KeibaWeb/TodayRaceInfo/RaceMarkTable?k_raceDate=1977%2F11%2F28&k_raceNo=1&k_babaCode=21,data/cache/html/19771128_kawasaki_1.html
19771128_kawasaki_2,1977-11-28,kawasaki,2,https://www.keiba.go.jp/KeibaWeb/TodayRaceInfo/RaceMarkTable?k_raceDate=1977%2F11%2F28&k_raceNo=2&k_babaCode=21,data/cache/html/19771128_kawasaki_2.html
19771128_kawasaki_3,1977-11-28,kawasaki,3,https://www.keiba.go.jp/KeibaWeb/TodayRaceInfo/RaceMarkTable?k_raceDate=1977%2F11%2F28&k_raceNo=3&k_babaCode=21,data/cache/html/19771128_kawasaki_3.html
19771128_kawasaki_4,1977-11-28,kawasaki,4,https://www.keiba.go.jp/KeibaWeb/TodayRaceInfo/RaceMarkTable?k_raceDate=1977%2F11%2F28&k_raceNo=4&k_babaCode=21,data/cache/html/19771128_kawasaki_4.html
19771128_kawasaki_5,1977-11-28,kawasaki,5,https://www.keiba.go.jp/KeibaWeb/TodayRaceInfo/RaceMarkTable?k_raceDate=1977%2F11%2F28&k_raceNo=5&k_babaCode=21,data/cache/html/19771128_kawasaki_5.html
19771128_kawasaki_6,1977-11-28,kawasaki,6,https://www.keiba.go.jp/KeibaWeb/TodayRaceInfo/RaceMarkTable?k_raceDate=1977%2F11%2F28&k_raceNo=6&k_babaCode=21,data/cache/html/19771128_kawasaki_6.html
19771128_kawasaki_7,1977-11-28,kawasaki,7,https://www.keiba.go.jp/KeibaWeb/TodayRaceInfo/RaceMarkTable?k_raceDate=1977%2F11%2F28&k_raceNo=7&k_babaCode=21,data/cache/html/19771128_kawasaki_7.html
19771128_kawasaki_8,1977-11-28,kawasaki,8,https://www.keiba.go.jp/KeibaWeb/TodayRaceInfo/RaceMarkTable?k_raceDate=1977%2F11%2F28&k_raceNo=8&k_babaCode=21,data/cache/html/19771128_kawasaki_8.html
19771128_kawasaki_9,1977-11-28,kawasaki,9,https://www.keiba.go.jp/KeibaWeb/TodayRaceInfo/RaceMarkTable?k_raceDate=1977%2F11%2F28&k_raceNo=9&k_babaCode=21,data/cache/html/19771128_kawasaki_9.html
19771128_kawasaki_10,1977-11-28,kawasaki,10,https://www.keiba.go.jp/KeibaWeb/TodayRaceInfo/RaceMarkTable?k_raceDate=1977%2F11%2F28&k_raceNo=10&k_babaCode=21,data/cache/html/19771128_kawasaki_10.html
19771128_kawasaki_11,1977-11-28,kawasaki,11,https://www.keiba.go.jp/KeibaWeb/TodayRaceInfo/RaceMarkTable?k_raceDate=1977%2F11%2F28&k_raceNo=11&k_babaCode=21,data/cache/html/19771128_kawasaki_11.html
19771128_kawasaki_12,1977-11-28,kawasaki,12,https://www.keiba.go.jp/KeibaWeb/TodayRaceInfo/RaceMarkTable?k_raceDate=1977%2F11%2F28&k_raceNo=12&k_babaCode=21,data/cache/html/19771128_kawasaki_12.html
19771127_kawasaki_1,1977-11-27,kawasaki,1,https://www.keiba.go.jp/KeibaWeb/TodayRaceInfo/RaceMarkTable?k_raceDate=1977%2F11%2F27&k_raceNo=1&k_babaCode=21,data/cache/html/19771127_kawasaki_1.html
19771127_kawasaki_2,1977-11-27,kawasaki,2,https://www.keiba.go.jp/KeibaWeb/TodayRaceInfo/RaceMarkTable?k_raceDate=1977%2F11%2F27&k_raceNo=2&k_babaCode=21,data/cache/html/19771127_kawasaki_2.html
19771127_kawasaki_3,1977-11-27,kawasaki,3,https://www.keiba.go.jp/KeibaWeb/TodayRaceInfo/RaceMarkTable?k_raceDate=1977%2F11%2F27&k_raceNo=3&k_babaCode=21,data/cache/html/19771127_kawasaki_3.html
19771127_kawasaki_4,1977-11-27,kawasaki,4,https://www.keiba.go.jp/KeibaWeb/TodayRaceInfo/RaceMarkTable?k_raceDate=1977%2F11%2F27&k_raceNo=4&k_babaCode=21,data/cache/html/19771127_kawasaki_4.html
19771127_kawasaki_5,1977-11-27,kawasaki,5,https://www.keiba.go.jp/KeibaWeb/TodayRaceInfo/RaceMarkTable?k_raceDate=1977%2F11%2F27&k_raceNo=5&k_babaCode=21,data/cache/html/19771127_kawasaki_5.html
19771127_kawasaki_6,1977-11-27,kawasaki,6,https://www.keiba.go.jp/KeibaWeb/TodayRaceInfo/RaceMarkTable?k_raceDate=1977%2F11%2F27&k_raceNo=6&k_babaCode=21,data/cache/html/19771127_kawasaki_6.html
19771127_kawasaki_7,1977-11-27,kawasaki,7,https://www.keiba.go.jp/KeibaWeb/TodayRaceInfo/RaceMarkTable?k_raceDate=1977%2F11%2F27&k_raceNo=7&k_babaCode=21,data/cache/html/19771127_kawasaki_7.html
19771127_kawasaki_8,1977-11-27,kawasaki,8,https://www.keiba.go.jp/KeibaWeb/TodayRaceInfo/RaceMarkTable?k_raceDate=1977%2F11%2F27&k_raceNo=8&k_babaCode=21,data/cache/html/19771127_kawasaki_8.html
19771127_kawasaki_9,1977-11-27,kawasaki,9,https://www.keiba.go.jp/KeibaWeb/TodayRaceInfo/RaceMarkTable?k_raceDate=1977%2F11%2F27&k_raceNo=9&k_babaCode=21,data/cache/html/19771127_kawasaki_9.html
19771127_kawasaki_10,1977-11-27,kawasaki,10,https://www.keiba.go.jp/KeibaWeb/TodayRaceInfo/RaceMarkTable?k_raceDate=1977%2F11%2F27&k_raceNo=10&k_babaCode=21,data/cache/html/19771127_kawasaki_10.html
19771127_kawasaki_11,1977-11-27,kawasaki,11,https://www.keiba.go.jp/KeibaWeb/TodayRaceInfo/RaceMarkTable?k_raceDate=1977%2F11%2F27&k_raceNo=11&k_babaCode=21,data/cache/html/19771127_kawasaki_11.html
19771127_kawasaki_12,1977-11-27,kawasaki,12,https://www.keiba.go.jp/KeibaWeb/TodayRaceInfo/RaceMarkTable?k_raceDate=1977%2F11%2F27&k_raceNo=12&k_babaCode=21,data/cache/html/19771127_kawasaki_12.html
19771126_kawasaki_1,1977-11-26,kawasaki,1,https://www.keiba.go.jp/KeibaWeb/TodayRaceInfo/RaceMarkTable?k_raceDate=1977%2F11%2F26&k_raceNo=1&k_babaCode=21,data/cache/html/19771126_kawasaki_1.html
19771126_kawasaki_2,1977-11-26,kawasaki,2,https://www.keiba.go.jp/KeibaWeb/TodayRaceInfo/RaceMarkTable?k_raceDate=1977%2F11%2F26&k_raceNo=2&k_babaCode=21,data/cache/html/19771126_kawasaki_2.html
19771126_kawasaki_3,1977-11-26,kawasaki,3,https://www.keiba.go.jp/KeibaWeb/TodayRaceInfo/RaceMarkTable?k_raceDate=1977%2F11%2F26&k_raceNo=3&k_babaCode=21,data/cache/html/19771126_kawasaki_3.html
19771126_kawasaki_4,1977-11-26,kawasaki,4,https://www.keiba.go.jp/KeibaWeb/TodayRaceInfo/RaceMarkTable?k_raceDate=1977%2F11%2F26&k_raceNo=4&k_babaCode=21,data/cache/html/19771126_kawasaki_4.html
19771126_kawasaki_5,1977-11-26,kawasaki,5,https://www.keiba.go.jp/KeibaWeb/TodayRaceInfo/RaceMarkTable?k_raceDate=1977%2F11%2F26&k_raceNo=5&k_babaCode=21,data/cache/html/19771126_kawasaki_5.html
19771126_kawasaki_6,1977-11-26,kawasaki,6,https://www.keiba.go.jp/KeibaWeb/TodayRaceInfo/RaceMarkTable?k_raceDate=1977%2F11%2F26&k_raceNo=6&k_babaCode=21,data/cache/html/19771126_kawasaki_6.html
19771126_kawasaki_7,1977-11-26,kawasaki,7,https://www.keiba.go.jp/KeibaWeb/TodayRaceInfo/RaceMarkTable?k_raceDate=1977%2F11%2F26&k_raceNo=7&k_babaCode=21,data/cache/html/19771126_kawasaki_7.html
19771126_kawasaki_8,1977-11-26,kawasaki,8,https://www.keiba.go.jp/KeibaWeb/TodayRaceInfo/RaceMarkTable?k_raceDate=1977%2F11%2F26&k_raceNo=8&k_babaCode=21,data/cache/html/19771126_kawasaki_8.html
19771126_kawasaki_9,1977-11-26,kawasaki,9,https://www.keiba.go.jp/KeibaWeb/TodayRaceInfo/RaceMarkTable?k_raceDate=1977%2F11%2F26&k_raceNo=9&k_babaCode=21,data/cache/html/19771126_kawasaki_9.html
19771126_kawasaki_10,1977-11-26,kawasaki,10,https://www.keiba.go.jp/KeibaWeb/TodayRaceInfo/RaceMarkTable?k_raceDate=1977%2F11%2F26&k_raceNo=10&k_babaCode=21,data/cache/html/19771126_kawasaki_10.html
19771126_kawasaki_11,1977-11-26,kawasaki,11,https://www.keiba.go.jp/KeibaWeb/TodayRaceInfo/RaceMarkTable?k_raceDate=1977%2F11%2F26&k_raceNo=11&k_babaCode=21,data/cache/html/19771126_kawasaki_11.html
19771126_kawasaki_12,1977-11-26,kawasaki,12,https://www.keiba.go.jp/KeibaWeb/TodayRaceInfo/RaceMarkTable?k_raceDate=1977%2F11%2F26&k_raceNo=12&k_babaCode=21,data/cache/html/19771126_kawasaki_12.html
19771125_kawasaki_1,1977-11-25,kawasaki,1,https://www.keiba.go.jp/KeibaWeb/TodayRaceInfo/RaceMarkTable?k_raceDate=1977%2F11%2F25&k_raceNo=1&k_babaCode=21,data/cache/html/19771125_kawasaki_1.html
19771125_kawasaki_2,1977-11-25,kawasaki,2,https://www.keiba.go.jp/KeibaWeb/TodayRaceInfo/RaceMarkTable?k_raceDate=1977%2F11%2F25&k_raceNo=2&k_babaCode=21,data/cache/html/19771125_kawasaki_2.html
19771125_kawasaki_3,1977-11-25,kawasaki,3,https://www.keiba.go.jp/KeibaWeb/TodayRaceInfo/RaceMarkTable?k_raceDate=1977%2F11%2F25&k_raceNo=3&k_babaCode=21,data/cache/html/19771125_kawasaki_3.html
19771125_kawasaki_4,1977-11-25,kawasaki,4,https://www.keiba.go.jp/KeibaWeb/TodayRaceInfo/RaceMarkTable?k_raceDate=1977%2F11%2F25&k_raceNo=4&k_babaCode=21,data/cache/html/19771125_kawasaki_4.html
19771125_kawasaki_5,1977-11-25,kawasaki,5,https://www.keiba.go.jp/KeibaWeb/TodayRaceInfo/RaceMarkTable?k_raceDate=1977%2F11%2F25&k_raceNo=5&k_babaCode=21,data/cache/html/19771125_kawasaki_5.html
19771125_kawasaki_6,1977-11-25,kawasaki,6,https://www.keiba.go.jp/KeibaWeb/TodayRaceInfo/RaceMarkTable?k_raceDate=1977%2F11%2F25&k_raceNo=6&k_babaCode=21,data/cache/html/19771125_kawasaki_6.html
19771125_kawasaki_7,1977-11-25,kawasaki,7,https://www.keiba.go.jp/KeibaWeb/TodayRaceInfo/RaceMarkTable?k_raceDate=1977%2F11%2F25&k_raceNo=7&k_babaCode=21,data/cache/html/19771125_kawasaki_7.html
19771125_kawasaki_8,1977-11-25,kawasaki,8,https://www.keiba.go.jp/KeibaWeb/TodayRaceInfo/RaceMarkTable?k_raceDate=1977%2F11%2F25&k_raceNo=8&k_babaCode=21,data/cache/html/19771125_kawasaki_8.html
19771125_kawasaki_9,1977-11-25,kawasaki,9,https://www.keiba.go.jp/KeibaWeb/TodayRaceInfo/RaceMarkTable?k_raceDate=1977%2F11%2F25&k_raceNo=9&k_babaCode=21,data/cache/html/19771125_kawasaki_9.html
19771125_kawasaki_10,1977-11-25,kawasaki,10,https://www.keiba.go.jp/KeibaWeb/TodayRaceInfo/RaceMarkTable?k_raceDate=1977%2F11%2F25&k_raceNo=10&k_babaCode=21,data/cache/html/19771125_kawasaki_10.html
19771125_kawasaki_11,1977-11-25,kawasaki,11,https://www.keiba.go.jp/KeibaWeb/TodayRaceInfo/RaceMarkTable?k_raceDate=1977%2F11%2F25&k_raceNo=11&k_babaCode=21,data/cache/html/19771125_kawasaki_11.html
19771125_kawasaki_12,1977-11-25,kawasaki,12,https://www.keiba.go.jp/KeibaWeb/TodayRaceInfo/RaceMarkTable?k_raceDate=1977%2F11%2F25&k_raceNo=12&k_babaCode=21,data/cache/html/19771125_kawasaki_12.html
19771124_kawasaki_1,1977-11-24,kawasaki,1,https://www.keiba.go.jp/KeibaWeb/TodayRaceInfo/RaceMarkTable?k_raceDate=1977%2F11%2F24&k_raceNo=1&k_babaCode=21,data/cache/html/19771124_kawasaki_1.html
19771124_kawasaki_2,1977-11-24,kawasaki,2,https://www.keiba.go.jp/KeibaWeb/TodayRaceInfo/RaceMarkTable?k_raceDate=1977%2F11%2F24&k_raceNo=2&k_babaCode=21,data/cache/html/19771124_kawasaki_2.html
19771124_kawasaki_3,1977-11-24,kawasaki,3,https://www.keiba.go.jp/KeibaWeb/TodayRaceInfo/RaceMarkTable?k_raceDate=1977%2F11%2F24&k_raceNo=3&k_babaCode=21,data/cache/html/19771124_kawasaki_3.html
19771124_kawasaki_4,1977-11-24,kawasaki,4,https://www.keiba.go.jp/KeibaWeb/TodayRaceInfo/RaceMarkTable?k_raceDate=1977%2F11%2F24&k_raceNo=4&k_babaCode=21,data/cache/html/19771124_kawasaki_4.html
19771124_kawasaki_5,1977-11-24,kawasaki,5,https://www.keiba.go.jp/KeibaWeb/TodayRaceInfo/RaceMarkTable?k_raceDate=1977%2F11%2F24&k_raceNo=5&k_babaCode=21,data/cache/html/19771124_kawasaki_5.html
19771124_kawasaki_6,1977-11-24,kawasaki,6,https://www.keiba.go.jp/KeibaWeb/TodayRaceInfo/RaceMarkTable?k_raceDate=1977%2F11%2F24&k_raceNo=6&k_babaCode=21,data/cache/html/19771124_kawasaki_6.html
19771124_kawasaki_7,1977-11-24,kawasaki,7,https://www.keiba.go.jp/KeibaWeb/TodayRaceInfo/RaceMarkTable?k_raceDate=1977%2F11%2F24&k_raceNo=7&k_babaCode=21,data/cache/html/19771124_kawasaki_7.html
19771124_kawasaki_8,1977-11-24,kawasaki,8,https://www.keiba.go.jp/KeibaWeb/TodayRaceInfo/RaceMarkTable?k_raceDate=1977%2F11%2F24&k_raceNo=8&k_babaCode=21,data/cache/html/19771124_kawasaki_8.html
19771124_kawasaki_9,1977-11-24,kawasaki,9,https://www.keiba.go.jp/KeibaWeb/TodayRaceInfo/RaceMarkTable?k_raceDate=1977%2F11%2F24&k_raceNo=9&k_babaCode=21,data/cache/html/19771124_kawasaki_9.html
19771124_kawasaki_10,1977-11-24,kawasaki,10,https://www.keiba.go.jp/KeibaWeb/TodayRaceInfo/RaceMarkTable?k_raceDate=1977%2F11%2F24&k_raceNo=10&k_babaCode=21,data/cache/html/19771124_kawasaki_10.html
19771124_kawasaki_11,1977-11-24,kawasaki,11,https://www.keiba.go.jp/KeibaWeb/TodayRaceInfo/RaceMarkTable?k_raceDate=1977%2F11%2F24&k_raceNo=11&k_babaCode=21,data/cache/html/19771124_kawasaki_11.html
19771124_kawasaki_12,1977-11-24,kawasaki,12,https://www.keiba.go.jp/KeibaWeb/TodayRaceInfo/RaceMarkTable?k_raceDate=1977%2F11%2F24&k_raceNo=12&k_babaCode=21,data/cache/html/19771124_kawasaki_12.html
19771123_kawasaki_1,1977-11-23,kawasaki,1,https://www.keiba.go.jp/KeibaWeb/TodayRaceInfo/RaceMarkTable?k_raceDate=1977%2F11%2F23&k_raceNo=1&k_babaCode=21,data/cache/html/19771123_kawasaki_1.html
19771123_kawasaki_2,1977-11-23,kawasaki,2,https://www.keiba.go.jp/KeibaWeb/TodayRaceInfo/RaceMarkTable?k_raceDate=1977%2F11%2F23&k_raceNo=2&k_babaCode=21,data/cache/html/19771123_kawasaki_2.html
19771123_kawasaki_3,1977-11-23,kawasaki,3,https://www.keiba.go.jp/KeibaWeb/TodayRaceInfo/RaceMarkTable?k_raceDate=1977%2F11%2F23&k_raceNo=3&k_babaCode=21,data/cache/html/19771123_kawasaki_3.html
19771123_kawasaki_4,1977-11-23,kawasaki,4,https://www.keiba.go.jp/KeibaWeb/TodayRaceInfo/RaceMarkTable?k_raceDate=1977%2F11%2F23&k_raceNo=4&k_babaCode=21,data/cache/html/19771123_kawasaki_4.html
19771123_kawasaki_5,1977-11-23,kawasaki,5,https://www.keiba.go.jp/KeibaWeb/TodayRaceInfo/RaceMarkTable?k_raceDate=1977%2F11%2F23&k_raceNo=5&k_babaCode=21,data/cache/html/19771123_kawasaki_5.html
19771123_kawasaki_6,1977-11-23,kawasaki,6,https://www.keiba.go.jp/KeibaWeb/TodayRaceInfo/RaceMarkTable?k_raceDate=1977%2F11%2F23&k_raceNo=6&k_babaCode=21,data/cache/html/19771123_kawasaki_6.html
19771123_kawasaki_7,1977-11-23,kawasaki,7,https://www.keiba.go.jp/KeibaWeb/TodayRaceInfo/RaceMarkTable?k_raceDate=1977%2F11%2F23&k_raceNo=7&k_babaCode=21,data/cache/html/19771123_kawasaki_7.html
19771123_kawasaki_8,1977-11-23,kawasaki,8,https://www.keiba.go.jp/KeibaWeb/TodayRaceInfo/RaceMarkTable?k_raceDate=1977%2F11%2F23&k_raceNo=8&k_babaCode=21,data/cache/html/19771123_kawasaki_8.html
19771123_kawasaki_9,1977-11-23,kawasaki,9,https://www.keiba.go.jp/KeibaWeb/TodayRaceInfo/RaceMarkTable?k_raceDate=1977%2F11%2F23&k_raceNo=9&k_babaCode=21,data/cache/html/19771123_kawasaki_9.html
19771123_kawasaki_10,1977-11-23,kawasaki,10,https://www.keiba.go.jp/KeibaWeb/TodayRaceInfo/RaceMarkTable?k_raceDate=1977%2F11%2F23&k_raceNo=10&k_babaCode=21,data/cache/html/19771123_kawasaki_10.html
19771123_kawasaki_11,1977-11-23,kawasaki,11,https://www.keiba.go.jp/KeibaWeb/TodayRaceInfo/RaceMarkTable?k_raceDate=1977%2F11%2F23&k_raceNo=11&k_babaCode=21,data/cache/html/19771123_kawasaki_11.html
19771123_kawasaki_12,1977-11-23,kawasaki,12,https://www.keiba.go.jp/KeibaWeb/TodayRaceInfo/RaceMarkTable?k_raceDate=1977%2F11%2F23&k_raceNo=12&k_babaCode=21,data/cache/html/19771123_kawasaki_12.html
19771122_kawasaki_1,1977-11-22,kawasaki,1,https://www.keiba.go.jp/KeibaWeb/TodayRaceInfo/RaceMarkTable?k_raceDate=1977%2F11%2F22&k_raceNo=1&k_babaCode=21,data/cache/html/19771122_kawasaki_1.html
19771122_kawasaki_2,1977-11-22,kawasaki,2,https://www.keiba.go.jp/KeibaWeb/TodayRaceInfo/RaceMarkTable?k_raceDate=1977%2F11%2F22&k_raceNo=2&k_babaCode=21,data/cache/html/19771122_kawasaki_2.html
19771122_kawasaki_3,1977-11-22,kawasaki,3,https://www.keiba.go.jp/KeibaWeb/TodayRaceInfo/RaceMarkTable?k_raceDate=1977%2F11%2F22&k_raceNo=3&k_babaCode=21,data/cache/html/19771122_kawasaki_3.html
19771122_kawasaki_4,1977-11-22,kawasaki,4,https://www.keiba.go.jp/KeibaWeb/TodayRaceInfo/RaceMarkTable?k_raceDate=1977%2F11%2F22&k_raceNo=4&k_babaCode=21,data/cache/html/19771122_kawasaki_4.html
19771122_kawasaki_5,1977-11-22,kawasaki,5,https://www.keiba.go.jp/KeibaWeb/TodayRaceInfo/RaceMarkTable?k_raceDate=1977%2F11%2F22&k_raceNo=5&k_babaCode=21,data/cache/html/19771122_kawasaki_5.html
19771122_kawasaki_6,1977-11-22,kawasaki,6,https://www.keiba.go.jp/KeibaWeb/TodayRaceInfo/RaceMarkTable?k_raceDate=1977%2F11%2F22&k_raceNo=6&k_babaCode=21,data/cache/html/19771122_kawasaki_6.html
19771122_kawasaki_7,1977-11-22,kawasaki,7,https://www.keiba.go.jp/KeibaWeb/TodayRaceInfo/RaceMarkTable?k_raceDate=1977%2F11%2F22&k_raceNo=7&k_babaCode=21,data/cache/html/19771122_kawasaki_7.html
19771122_kawasaki_8,1977-11-22,kawasaki,8,https://www.keiba.go.jp/KeibaWeb/TodayRaceInfo/RaceMarkTable?k_raceDate=1977%2F11%2F22&k_raceNo=8&k_babaCode=21,data/cache/html/19771122_kawasaki_8.html
19771122_kawasaki_9,1977-11-22,kawasaki,9,https://www.keiba.go.jp/KeibaWeb/TodayRaceInfo/RaceMarkTable?k_raceDate=1977%2F11%2F22&k_raceNo=9&k_babaCode=21,data/cache/html/19771122_kawasaki_9.html
19771122_kawasaki_10,1977-11-22,kawasaki,10,https://www.keiba.go.jp/KeibaWeb/TodayRaceInfo/RaceMarkTable?k_raceDate=1977%2F11%2F22&k_raceNo=10&k_babaCode=21,data/cache/html/19771122_kawasaki_10.html
19771122_kawasaki_11,1977-11-22,kawasaki,11,https://www.keiba.go.jp/KeibaWeb/TodayRaceInfo/RaceMarkTable?k_raceDate=1977%2F11%2F22&k_raceNo=11&k_babaCode=21,data/cache/html/19771122_kawasaki_11.html
19771122_kawasaki_12,1977-11-22,kawasaki,12,https://www.keiba.go.jp/KeibaWeb/TodayRaceInfo/RaceMarkTable?k_raceDate=1977%2F11%2F22&k_raceNo=12&k_babaCode=21,data/cache/html/19771122_kawasaki_12.html
19771121_kawasaki_1,1977-11-21,kawasaki,1,https://www.keiba.go.jp/KeibaWeb/TodayRaceInfo/RaceMarkTable?k_raceDate=1977%2F11%2F21&k_raceNo=1&k_babaCode=21,data/cache/html/19771121_kawasaki_1.html
19771121_kawasaki_2,1977-11-21,kawasaki,2,https://www.keiba.go.jp/KeibaWeb/TodayRaceInfo/RaceMarkTable?k_raceDate=1977%2F11%2F21&k_raceNo=2&k_babaCode=21,data/cache/html/19771121_kawasaki_2.html
19771121_kawasaki_3,1977-11-21,kawasaki,3,https://www.keiba.go.jp/KeibaWeb/TodayRaceInfo/RaceMarkTable?k_raceDate=1977%2F11%2F21&k_raceNo=3&k_babaCode=21,data/cache/html/19771121_kawasaki_3.html
19771121_kawasaki_4,1977-11-21,kawasaki,4,https://www.keiba.go.jp/KeibaWeb/TodayRaceInfo/RaceMarkTable?k_raceDate=1977%2F11%2F21&k_raceNo=4&k_babaCode=21,data/cache/html/19771121_kawasaki_4.html
19771121_kawasaki_5,1977-11-21,kawasaki,5,https://www.keiba.go.jp/KeibaWeb/TodayRaceInfo/RaceMarkTable?k_raceDate=1977%2F11%2F21&k_raceNo=5&k_babaCode=21,data/cache/html/19771121_kawasaki_5.html
19771121_kawasaki_6,1977-11-21,kawasaki,6,https://www.keiba.go.jp/KeibaWeb/TodayRaceInfo/RaceMarkTable?k_raceDate=1977%2F11%2F21&k_raceNo=6&k_babaCode=21,data/cache/html/19771121_kawasaki_6.html
19771121_kawasaki_7,1977-11-21,kawasaki,7,https://www.keiba.go.jp/KeibaWeb/TodayRaceInfo/RaceMarkTable?k_raceDate=1977%2F11%2F21&k_raceNo=7&k_babaCode=21,data/cache/html/19771121_kawasaki_7.html
19771121_kawasaki_8,1977-11-21,kawasaki,8,https://www.keiba.go.jp/KeibaWeb/TodayRaceInfo/RaceMarkTable?k_raceDate=1977%2F11%2F21&k_raceNo=8&k_babaCode=21,data/cache/html/19771121_kawasaki_8.html
19771121_kawasaki_9,1977-11-21,kawasaki,9,https://www.keiba.go.jp/KeibaWeb/TodayRaceInfo/RaceMarkTable?k_raceDate=1977%2F11%2F21&k_raceNo=9&k_babaCode=21,data/cache/html/19771121_kawasaki_9.html
19771121_kawasaki_10,1977-11-21,kawasaki,10,https://www.keiba.go.jp/KeibaWeb/TodayRaceInfo/RaceMarkTable?k_raceDate=1977%2F11%2F21&k_raceNo=10&k_babaCode=21,data/cache/html/19771121_kawasaki_10.html
19771121_kawasaki_11,1977-11-21,kawasaki,11,https://www.keiba.go.jp/KeibaWeb/TodayRaceInfo/RaceMarkTable?k_raceDate=1977%2F11%2F21&k_raceNo=11&k_babaCode=21,data/cache/html/19771121_kawasaki_11.html
19771121_kawasaki_12,1977-11-21,kawasaki,12,https://www.keiba.go.jp/KeibaWeb/TodayRaceInfo/RaceMarkTable?k_raceDate=1977%2F11%2F21&k_raceNo=12&k_babaCode=21,data/cache/html/19771121_kawasaki_12.html
19771120_kawasaki_1,1977-11-20,kawasaki,1,https://www.keiba.go.jp/KeibaWeb/TodayRaceInfo/RaceMarkTable?k_raceDate=1977%2F11%2F20&k_raceNo=1&k_babaCode=21,data/cache/html/19771120_kawasaki_1.html
19771120_kawasaki_2,1977-11-20,kawasaki,2,https://www.keiba.go.jp/KeibaWeb/TodayRaceInfo/RaceMarkTable?k_raceDate=1977%2F11%2F20&k_raceNo=2&k_babaCode=21,data/cache/html/19771120_kawasaki_2.html
19771120_kawasaki_3,1977-11-20,kawasaki,3,https://www.keiba.go.jp/KeibaWeb/TodayRaceInfo/RaceMarkTable?k_raceDate=1977%2F11%2F20&k_raceNo=3&k_babaCode=21,data/cache/html/19771120_kawasaki_3.html
19771120_kawasaki_4,1977-11-20,kawasaki,4,https://www.keiba.go.jp/KeibaWeb/TodayRaceInfo/RaceMarkTable?k_raceDate=1977%2F11%2F20&k_raceNo=4&k_babaCode=21,data/cache/html/19771120_kawasaki_4.html
19771120_kawasaki_5,1977-11-20,kawasaki,5,https://www.keiba.go.jp/KeibaWeb/TodayRaceInfo/RaceMarkTable?k_raceDate=1977%2F11%2F20&k_raceNo=5&k_babaCode=21,data/cache/html/19771120_kawasaki_5.html
19771120_kawasaki_6,1977-11-20,kawasaki,6,https://www.keiba.go.jp/KeibaWeb/TodayRaceInfo/RaceMarkTable?k_raceDate=1977%2F11%2F20&k_raceNo=6&k_babaCode=21,data/cache/html/19771120_kawasaki_6.html
19771120_kawasaki_7,1977-11-20,kawasaki,7,https://www.keiba.go.jp/KeibaWeb/TodayRaceInfo/RaceMarkTable?k_raceDate=1977%2F11%2F20&k_raceNo=7&k_babaCode=21,data/cache/html/19771120_kawasaki_7.html
19771120_kawasaki_8,1977-11-20,kawasaki,8,https://www.keiba.go.jp/KeibaWeb/TodayRaceInfo/RaceMarkTable?k_raceDate=1977%2F11%2F20&k_raceNo=8&k_babaCode=21,data/cache/html/19771120_kawasaki_8.html
19771120_kawasaki_9,1977-11-20,kawasaki,9,https://www.keiba.go.jp/KeibaWeb/TodayRaceInfo/RaceMarkTable?k_raceDate=1977%2F11%2F20&k_raceNo=9&k_babaCode=21,data/cache/html/19771120_kawasaki_9.html
19771120_kawasaki_10,1977-11-20,kawasaki,10,https://www.keiba.go.jp/KeibaWeb/TodayRaceInfo/RaceMarkTable?k_raceDate=1977%2F11%2F20&k_raceNo=10&k_babaCode=21,data/cache/html/19771120_kawasaki_10.html
19771120_kawasaki_11,1977-11-20,kawasaki,11,https://www.keiba.go.jp/KeibaWeb/TodayRaceInfo/RaceMarkTable?k_raceDate=1977%2F11%2F20&k_raceNo=11&k_babaCode=21,data/cache/html/19771120_kawasaki_11.html
19771120_kawasaki_12,1977-11-20,kawasaki,12,https://www.keiba.go.jp/KeibaWeb/TodayRaceInfo/RaceMarkTable?k_raceDate=1977%2F11%2F20&k_raceNo=12&k_babaCode=21,data/cache/html/19771120_kawasaki_12.html
19771119_kawasaki_1,1977-11-19,kawasaki,1,https://www.keiba.go.jp/KeibaWeb/TodayRaceInfo/RaceMarkTable?k_raceDate=1977%2F11%2F19&k_raceNo=1&k_babaCode=21,data/cache/html/19771119_kawasaki_1.html
19771119_kawasaki_2,1977-11-19,kawasaki,2,https://www.keiba.go.jp/KeibaWeb/TodayRaceInfo/RaceMarkTable?k_raceDate=1977%2F11%2F19&k_raceNo=2&k_babaCode=21,data/cache/html/19771119_kawasaki_2.html
19771119_kawasaki_3,1977-11-19,kawasaki,3,https://www.keiba.go.jp/KeibaWeb/TodayRaceInfo/RaceMarkTable?k_raceDate=1977%2F11%2F19&k_raceNo=3&k_babaCode=21,data/cache/html/19771119_kawasaki_3.html
19771119_kawasaki_4,1977-11-19,kawasaki,4,https://www.keiba.go.jp/KeibaWeb/TodayRaceInfo/RaceMarkTable?k_raceDate=1977%2F11%2F19&k_raceNo=4&k_babaCode=21,data/cache/html/19771119_kawasaki_4.html
19771119_kawasaki_5,1977-11-19,kawasaki,5,https://www.keiba.go.jp/KeibaWeb/TodayRaceInfo/RaceMarkTable?k_raceDate=1977%2F11%2F19&k_raceNo=5&k_babaCode=21,data/cache/html/19771119_kawasaki_5.html
19771119_kawasaki_6,1977-11-19,kawasaki,6,https://www.keiba.go.jp/KeibaWeb/TodayRaceInfo/RaceMarkTable?k_raceDate=1977%2F11%2F19&k_raceNo=6&k_babaCode=21,data/cache/html/19771119_kawasaki_6.html
19771119_kawasaki_7,1977-11-19,kawasaki,7,https://www.keiba.go.jp/KeibaWeb/TodayRaceInfo/RaceMarkTable?k_raceDate=1977%2F11%2F19&k_raceNo=7&k_babaCode=21,data/cache/html/19771119_kawasaki_7.html
19771119_kawasaki_8,1977-11-19,kawasaki,8,https://www.keiba.go.jp/KeibaWeb/TodayRaceInfo/RaceMarkTable?k_raceDate=1977%2F11%2F19&k_raceNo=8&k_babaCode=21,data/cache/html/19771119_kawasaki_8.html
19771119_kawasaki_9,1977-11-19,kawasaki,9,https://www.keiba.go.jp/KeibaWeb/TodayRaceInfo/RaceMarkTable?k_raceDate=1977%2F11%2F19&k_raceNo=9&k_babaCode=21,data/cache/html/19771119_kawasaki_9.html
19771119_kawasaki_10,1977-11-19,kawasaki,10,https://www.keiba.go.jp/KeibaWeb/TodayRaceInfo/RaceMarkTable?k_raceDate=1977%2F11%2F19&k_raceNo=10&k_babaCode=21,data/cache/html/19771119_kawasaki_10.html
19771119_kawasaki_11,1977-11-19,kawasaki,11,https://www.keiba.go.jp/KeibaWeb/TodayRaceInfo/RaceMarkTable?k_raceDate=1977%2F11%2F19&k_raceNo=11&k_babaCode=21,data/cache/html/19771119_kawasaki_11.html
19771119_kawasaki_12,1977-11-19,kawasaki,12,https://www.keiba.go.jp/KeibaWeb/TodayRaceInfo/RaceMarkTable?k_raceDate=1977%2F11%2F19&k_raceNo=12&k_babaCode=21,data/cache/html/19771119_kawasaki_12.html
19771118_kawasaki_1,1977-11-18,kawasaki,1,https://www.keiba.go.jp/KeibaWeb/TodayRaceInfo/RaceMarkTable?k_raceDate=1977%2F11%2F18&k_raceNo=1&k_babaCode=21,data/cache/html/19771118_kawasaki_1.html
19771118_kawasaki_2,1977-11-18,kawasaki,2,https://www.keiba.go.jp/KeibaWeb/TodayRaceInfo/RaceMarkTable?k_raceDate=1977%2F11%2F18&k_raceNo=2&k_babaCode=21,data/cache/html/19771118_kawasaki_2.html
19771118_kawasaki_3,1977-11-18,kawasaki,3,https://www.keiba.go.jp/KeibaWeb/TodayRaceInfo/RaceMarkTable?k_raceDate=1977%2F11%2F18&k_raceNo=3&k_babaCode=21,data/cache/html/19771118_kawasaki_3.html
19771118_kawasaki_4,1977-11-18,kawasaki,4,https://www.keiba.go.jp/KeibaWeb/TodayRaceInfo/RaceMarkTable?k_raceDate=1977%2F11%2F18&k_raceNo=4&k_babaCode=21,data/cache/html/19771118_kawasaki_4.html
19771118_kawasaki_5,1977-11-18,kawasaki,5,https://www.keiba.go.jp/KeibaWeb/TodayRaceInfo/RaceMarkTable?k_raceDate=1977%2F11%2F18&k_raceNo=5&k_babaCode=21,data/cache/html/19771118_kawasaki_5.html
19771118_kawasaki_6,1977-11-18,kawasaki,6,https://www.keiba.go.jp/KeibaWeb/TodayRaceInfo/RaceMarkTable?k_raceDate=1977%2F11%2F18&k_raceNo=6&k_babaCode=21,data/cache/html/19771118_kawasaki_6.html
19771118_kawasaki_7,1977-11-18,kawasaki,7,https://www.keiba.go.jp/KeibaWeb/TodayRaceInfo/RaceMarkTable?k_raceDate=1977%2F11%2F18&k_raceNo=7&k_babaCode=21,data/cache/html/19771118_kawasaki_7.html
19771118_kawasaki_8,1977-11-18,kawasaki,8,https://www.keiba.go.jp/KeibaWeb/TodayRaceInfo/RaceMarkTable?k_raceDate=1977%2F11%2F18&k_raceNo=8&k_babaCode=21,data/cache/html/19771118_kawasaki_8.html
19771118_kawasaki_9,1977-11-18,kawasaki,9,https://www.keiba.go.jp/KeibaWeb/TodayRaceInfo/RaceMarkTable?k_raceDate=1977%2F11%2F18&k_raceNo=9&k_babaCode=21,data/cache/html/19771118_kawasaki_9.html
19771118_kawasaki_10,1977-11-18,kawasaki,10,https://www.keiba.go.jp/KeibaWeb/TodayRaceInfo/RaceMarkTable?k_raceDate=1977%2F11%2F18&k_raceNo=10&k_babaCode=21,data/cache/html/19771118_kawasaki_10.html
19771118_kawasaki_11,1977-11-18,kawasaki,11,https://www.keiba.go.jp/KeibaWeb/TodayRaceInfo/RaceMarkTable?k_raceDate=1977%2F11%2F18&k_raceNo=11&k_babaCode=21,data/cache/html/19771118_kawasaki_11.html
19771118_kawasaki_12,1977-11-18,kawasaki,12,https://www.keiba.go.jp/KeibaWeb/TodayRaceInfo/RaceMarkTable?k_raceDate=1977%2F11%2F18&k_raceNo=12&k_babaCode=21,data/cache/html/19771118_kawasaki_12.html
19771117_kawasaki_1,1977-11-17,kawasaki,1,https://www.keiba.go.jp/KeibaWeb/TodayRaceInfo/RaceMarkTable?k_raceDate=1977%2F11%2F17&k_raceNo=1&k_babaCode=21,data/cache/html/19771117_kawasaki_1.html
19771117_kawasaki_2,1977-11-17,kawasaki,2,https://www.keiba.go.jp/KeibaWeb/TodayRaceInfo/RaceMarkTable?k_raceDate=1977%2F11%2F17&k_raceNo=2&k_babaCode=21,data/cache/html/19771117_kawasaki_2.html
19771117_kawasaki_3,1977-11-17,kawasaki,3,https://www.keiba.go.jp/KeibaWeb/TodayRaceInfo/RaceMarkTable?k_raceDate=1977%2F11%2F17&k_raceNo=3&k_babaCode=21,data/cache/html/19771117_kawasaki_3.html
19771117_kawasaki_4,1977-11-17,kawasaki,4,https://www.keiba.go.jp/KeibaWeb/TodayRaceInfo/RaceMarkTable?k_raceDate=1977%2F11%2F17&k_raceNo=4&k_babaCode=21,data/cache/html/19771117_kawasaki_4.html
19771117_kawasaki_5,1977-11-17,kawasaki,5,https://www.keiba.go.jp/KeibaWeb/TodayRaceInfo/RaceMarkTable?k_raceDate=1977%2F11%2F17&k_raceNo=5&k_babaCode=21,data/cache/html/19771117_kawasaki_5.html
19771117_kawasaki_6,1977-11-17,kawasaki,6,https://www.keiba.go.jp/KeibaWeb/TodayRaceInfo/RaceMarkTable?k_raceDate=1977%2F11%2F17&k_raceNo=6&k_babaCode=21,data/cache/html/19771117_kawasaki_6.html
19771117_kawasaki_7,1977-11-17,kawasaki,7,https://www.keiba.go.jp/KeibaWeb/TodayRaceInfo/RaceMarkTable?k_raceDate=1977%2F11%2F17&k_raceNo=7&k_babaCode=21,data/cache/html/19771117_kawasaki_7.html
19771117_kawasaki_8,1977-11-17,kawasaki,8,https://www.keiba.go.jp/KeibaWeb/TodayRaceInfo/RaceMarkTable?k_raceDate=1977%2F11%2F17&k_raceNo=8&k_babaCode=21,data/cache/html/19771117_kawasaki_8.html
19771117_kawasaki_9,1977-11-17,kawasaki,9,https://www.keiba.go.jp/KeibaWeb/TodayRaceInfo/RaceMarkTable?k_raceDate=1977%2F11%2F17&k_raceNo=9&k_babaCode=21,data/cache/html/19771117_kawasaki_9.html
19771117_kawasaki_10,1977-11-17,kawasaki,10,https://www.keiba.go.jp/KeibaWeb/TodayRaceInfo/RaceMarkTable?k_raceDate=1977%2F11%2F17&k_raceNo=10&k_babaCode=21,data/cache/html/19771117_kawasaki_10.html
19771117_kawasaki_11,1977-11-17,kawasaki,11,https://www.keiba.go.jp/KeibaWeb/TodayRaceInfo/RaceMarkTable?k_raceDate=1977%2F11%2F17&k_raceNo=11&k_babaCode=21,data/cache/html/19771117_kawasaki_11.html
19771117_kawasaki_12,1977-11-17,kawasaki,12,https://www.keiba.go.jp/KeibaWeb/TodayRaceInfo/RaceMarkTable?k_raceDate=1977%2F11%2F17&k_raceNo=12&k_babaCode=21,data/cache/html/19771117_kawasaki_12.html
19771116_kawasaki_1,1977-11-16,kawasaki,1,https://www.keiba.go.jp/KeibaWeb/TodayRaceInfo/RaceMarkTable?k_raceDate=1977%2F11%2F16&k_raceNo=1&k_babaCode=21,data/cache/html/19771116_kawasaki_1.html
19771116_kawasaki_2,1977-11-16,kawasaki,2,https://www.keiba.go.jp/KeibaWeb/TodayRaceInfo/RaceMarkTable?k_raceDate=1977%2F11%2F16&k_raceNo=2&k_babaCode=21,data/cache/html/19771116_kawasaki_2.html
19771116_kawasaki_3,1977-11-16,kawasaki,3,https://www.keiba.go.jp/KeibaWeb/TodayRaceInfo/RaceMarkTable?k_raceDate=1977%2F11%2F16&k_raceNo=3&k_babaCode=21,data/cache/html/19771116_kawasaki_3.html
19771116_kawasaki_4,1977-11-16,kawasaki,4,https://www.keiba.go.jp/KeibaWeb/TodayRaceInfo/RaceMarkTable?k_raceDate=1977%2F11%2F16&k_raceNo=4&k_babaCode=21,data/cache/html/19771116_kawasaki_4.html
19771116_kawasaki_5,1977-11-16,kawasaki,5,https://www.keiba.go.jp/KeibaWeb/TodayRaceInfo/RaceMarkTable?k_raceDate=1977%2F11%2F16&k_raceNo=5&k_babaCode=21,data/cache/html/19771116_kawasaki_5.html
19771116_kawasaki_6,1977-11-16,kawasaki,6,https://www.keiba.go.jp/KeibaWeb/TodayRaceInfo/RaceMarkTable?k_raceDate=1977%2F11%2F16&k_raceNo=6&k_babaCode=21,data/cache/html/19771116_kawasaki_6.html
19771116_kawasaki_7,1977-11-16,kawasaki,7,https://www.keiba.go.jp/KeibaWeb/TodayRaceInfo/RaceMarkTable?k_raceDate=1977%2F11%2F16&k_raceNo=7&k_babaCode=21,data/cache/html/19771116_kawasaki_7.html
19771116_kawasaki_8,1977-11-16,kawasaki,8,https://www.keiba.go.jp/KeibaWeb/TodayRaceInfo/RaceMarkTable?k_raceDate=1977%2F11%2F16&k_raceNo=8&k_babaCode=21,data/cache/html/19771116_kawasaki_8.html
19771116_kawasaki_9,1977-11-16,kawasaki,9,https://www.keiba.go.jp/KeibaWeb/TodayRaceInfo/RaceMarkTable?k_raceDate=1977%2F11%2F16&k_raceNo=9&k_babaCode=21,data/cache/html/19771116_kawasaki_9.html
19771116_kawasaki_10,1977-11-16,kawasaki,10,https://www.keiba.go.jp/KeibaWeb/TodayRaceInfo/RaceMarkTable?k_raceDate=1977%2F11%2F16&k_raceNo=10&k_babaCode=21,data/cache/html/19771116_kawasaki_10.html
19771116_kawasaki_11,1977-11-16,kawasaki,11,https://www.keiba.go.jp/KeibaWeb/TodayRaceInfo/RaceMarkTable?k_raceDate=1977%2F11%2F16&k_raceNo=11&k_babaCode=21,data/cache/html/19771116_kawasaki_11.html
19771116_kawasaki_12,1977-11-16,kawasaki,12,https://www.keiba.go.jp/KeibaWeb/TodayRaceInfo/RaceMarkTable?k_raceDate=1977%2F11%2F16&k_raceNo=12&k_babaCode=21,data/cache/html/19771116_kawasaki_12.html
19771115_kawasaki_1,1977-11-15,kawasaki,1,https://www.keiba.go.jp/KeibaWeb/TodayRaceInfo/RaceMarkTable?k_raceDate=1977%2F11%2F15&k_raceNo=1&k_babaCode=21,data/cache/html/19771115_kawasaki_1.html
19771115_kawasaki_2,1977-11-15,kawasaki,2,https://www.keiba.go.jp/KeibaWeb/TodayRaceInfo/RaceMarkTable?k_raceDate=1977%2F11%2F15&k_raceNo=2&k_babaCode=21,data/cache/html/19771115_kawasaki_2.html
19771115_kawasaki_3,1977-11-15,kawasaki,3,https://www.keiba.go.jp/KeibaWeb/TodayRaceInfo/RaceMarkTable?k_raceDate=1977%2F11%2F15&k_raceNo=3&k_babaCode=21,data/cache/html/19771115_kawasaki_3.html
19771115_kawasaki_4,1977-11-15,kawasaki,4,https://www.keiba.go.jp/KeibaWeb/TodayRaceInfo/RaceMarkTable?k_raceDate=1977%2F11%2F15&k_raceNo=4&k_babaCode=21,data/cache/html/19771115_kawasaki_4.html
19771115_kawasaki_5,1977-11-15,kawasaki,5,https://www.keiba.go.jp/KeibaWeb/TodayRaceInfo/RaceMarkTable?k_raceDate=1977%2F11%2F15&k_raceNo=5&k_babaCode=21,data/cache/html/19771115_kawasaki_5.html
19771115_kawasaki_6,1977-11-15,kawasaki,6,https://www.keiba.go.jp/KeibaWeb/TodayRaceInfo/RaceMarkTable?k_raceDate=1977%2F11%2F15&k_raceNo=6&k_babaCode=21,data/cache/html/19771115_kawasaki_6.html
19771115_kawasaki_7,1977-11-15,kawasaki,7,https://www.keiba.go.jp/KeibaWeb/TodayRaceInfo/RaceMarkTable?k_raceDate=1977%2F11%2F15&k_raceNo=7&k_babaCode=21,data/cache/html/19771115_kawasaki_7.html
19771115_kawasaki_8,1977-11-15,kawasaki,8,https://www.keiba.go.jp/KeibaWeb/TodayRaceInfo/RaceMarkTable?k_raceDate=1977%2F11%2F15&k_raceNo=8&k_babaCode=21,data/cache/html/19771115_kawasaki_8.html
19771115_kawasaki_9,1977-11-15,kawasaki,9,https://www.keiba.go.jp/KeibaWeb/TodayRaceInfo/RaceMarkTable?k_raceDate=1977%2F11%2F15&k_raceNo=9&k_babaCode=21,data/cache/html/19771115_kawasaki_9.html
19771115_kawasaki_10,1977-11-15,kawasaki,10,https://www.keiba.go.jp/KeibaWeb/TodayRaceInfo/RaceMarkTable?k_raceDate=1977%2F11%2F15&k_raceNo=10&k_babaCode=21,data/cache/html/19771115_kawasaki_10.html
19771115_kawasaki_11,1977-11-15,kawasaki,11,https://www.keiba.go.jp/KeibaWeb/TodayRaceInfo/RaceMarkTable?k_raceDate=1977%2F11%2F15&k_raceNo=11&k_babaCode=21,data/cache/html/19771115_kawasaki_11.html
19771115_kawasaki_12,1977-11-15,kawasaki,12,https://www.keiba.go.jp/KeibaWeb/TodayRaceInfo/RaceMarkTable?k_raceDate=1977%2F11%2F15&k_raceNo=12&k_babaCode=21,data/cache/html/19771115_kawasaki_12.html
19771114_kawasaki_1,1977-11-14,kawasaki,1,https://www.keiba.go.jp/KeibaWeb/TodayRaceInfo/RaceMarkTable?k_raceDate=1977%2F11%2F14&k_raceNo=1&k_babaCode=21,data/cache/html/19771114_kawasaki_1.html
19771114_kawasaki_2,1977-11-14,kawasaki,2,https://www.keiba.go.jp/KeibaWeb/TodayRaceInfo/RaceMarkTable?k_raceDate=1977%2F11%2F14&k_raceNo=2&k_babaCode=21,data/cache/html/19771114_kawasaki_2.html
19771114_kawasaki_3,1977-11-14,kawasaki,3,https://www.keiba.go.jp/KeibaWeb/TodayRaceInfo/RaceMarkTable?k_raceDate=1977%2F11%2F14&k_raceNo=3&k_babaCode=21,data/cache/html/19771114_kawasaki_3.html
19771114_kawasaki_4,1977-11-14,kawasaki,4,https://www.keiba.go.jp/KeibaWeb/TodayRaceInfo/RaceMarkTable?k_raceDate=1977%2F11%2F14&k_raceNo=4&k_babaCode=21,data/cache/html/19771114_kawasaki_4.html
19771114_kawasaki_5,1977-11-14,kawasaki,5,https://www.keiba.go.jp/KeibaWeb/TodayRaceInfo/RaceMarkTable?k_raceDate=1977%2F11%2F14&k_raceNo=5&k_babaCode=21,data/cache/html/19771114_kawasaki_5.html
19771114_kawasaki_6,1977-11-14,kawasaki,6,https://www.keiba.go.jp/KeibaWeb/TodayRaceInfo/RaceMarkTable?k_raceDate=1977%2F11%2F14&k_raceNo=6&k_babaCode=21,data/cache/html/19771114_kawasaki_6.html
19771114_kawasaki_7,1977-11-14,kawasaki,7,https://www.keiba.go.jp/KeibaWeb/TodayRaceInfo/RaceMarkTable?k_raceDate=1977%2F11%2F14&k_raceNo=7&k_babaCode=21,data/cache/html/19771114_kawasaki_7.html
19771114_kawasaki_8,1977-11-14,kawasaki,8,https://www.keiba.go.jp/KeibaWeb/TodayRaceInfo/RaceMarkTable?k_raceDate=1977%2F11%2F14&k_raceNo=8&k_babaCode=21,data/cache/html/19771114_kawasaki_8.html
19771114_kawasaki_9,1977-11-14,kawasaki,9,https://www.keiba.go.jp/KeibaWeb/TodayRaceInfo/RaceMarkTable?k_raceDate=1977%2F11%2F14&k_raceNo=9&k_babaCode=21,data/cache/html/19771114_kawasaki_9.html
19771114_kawasaki_10,1977-11-14,kawasaki,10,https://www.keiba.go.jp/KeibaWeb/TodayRaceInfo/RaceMarkTable?k_raceDate=1977%2F11%2F14&k_raceNo=10&k_babaCode=21,data/cache/html/19771114_kawasaki_10.html
19771114_kawasaki_11,1977-11-14,kawasaki,11,https://www.keiba.go.jp/KeibaWeb/TodayRaceInfo/RaceMarkTable?k_raceDate=1977%2F11%2F14&k_raceNo=11&k_babaCode=21,data/cache/html/19771114_kawasaki_11.html
19771114_kawasaki_12,1977-11-14,kawasaki,12,https://www.keiba.go.jp/KeibaWeb/TodayRaceInfo/RaceMarkTable?k_raceDate=1977%2F11%2F14&k_raceNo=12&k_babaCode=21,data/cache/html/19771114_kawasaki_12.html
19771113_kawasaki_1,1977-11-13,kawasaki,1,https://www.keiba.go.jp/KeibaWeb/TodayRaceInfo/RaceMarkTable?k_raceDate=1977%2F11%2F13&k_raceNo=1&k_babaCode=21,data/cache/html/19771113_kawasaki_1.html
19771113_kawasaki_2,1977-11-13,kawasaki,2,https://www.keiba.go.jp/KeibaWeb/TodayRaceInfo/RaceMarkTable?k_raceDate=1977%2F11%2F13&k_raceNo=2&k_babaCode=21,data/cache/html/19771113_kawasaki_2.html
19771113_kawasaki_3,1977-11-13,kawasaki,3,https://www.keiba.go.jp/KeibaWeb/TodayRaceInfo/RaceMarkTable?k_raceDate=1977%2F11%2F13&k_raceNo=3&k_babaCode=21,data/cache/html/19771113_kawasaki_3.html
19771113_kawasaki_4,1977-11-13,kawasaki,4,https://www.keiba.go.jp/KeibaWeb/TodayRaceInfo/RaceMarkTable?k_raceDate=1977%2F11%2F13&k_raceNo=4&k_babaCode=21,data/cache/html/19771113_kawasaki_4.html
19771113_kawasaki_5,1977-11-13,kawasaki,5,https://www.keiba.go.jp/KeibaWeb/TodayRaceInfo/RaceMarkTable?k_raceDate=1977%2F11%2F13&k_raceNo=5&k_babaCode=21,data/cache/html/19771113_kawasaki_5.html
19771113_kawasaki_6,1977-11-13,kawasaki,6,https://www.keiba.go.jp/KeibaWeb/TodayRaceInfo/RaceMarkTable?k_raceDate=1977%2F11%2F13&k_raceNo=6&k_babaCode=21,data/cache/html/19771113_kawasaki_6.html
19771113_kawasaki_7,1977-11-13,kawasaki,7,https://www.keiba.go.jp/KeibaWeb/TodayRaceInfo/RaceMarkTable?k_raceDate=1977%2F11%2F13&k_raceNo=7&k_babaCode=21,data/cache/html/19771113_kawasaki_7.html
19771113_kawasaki_8,1977-11-13,kawasaki,8,https://www.keiba.go.jp/KeibaWeb/TodayRaceInfo/RaceMarkTable?k_raceDate=1977%2F11%2F13&k_raceNo=8&k_babaCode=21,data/cache/html/19771113_kawasaki_8.html
19771113_kawasaki_9,1977-11-13,kawasaki,9,https://www.keiba.go.jp/KeibaWeb/TodayRaceInfo/RaceMarkTable?k_raceDate=1977%2F11%2F13&k_raceNo=9&k_babaCode=21,data/cache/html/19771113_kawasaki_9.html
19771113_kawasaki_10,1977-11-13,kawasaki,10,https://www.keiba.go.jp/KeibaWeb/TodayRaceInfo/RaceMarkTable?k_raceDate=1977%2F11%2F13&k_raceNo=10&k_babaCode=21,data/cache/html/19771113_kawasaki_10.html
19771113_kawasaki_11,1977-11-13,kawasaki,11,https://www.keiba.go.jp/KeibaWeb/TodayRaceInfo/RaceMarkTable?k_raceDate=1977%2F11%2F13&k_raceNo=11&k_babaCode=21,data/cache/html/19771113_kawasaki_11.html
19771113_kawasaki_12,1977-11-13,kawasaki,12,https://www.keiba.go.jp/KeibaWeb/TodayRaceInfo/RaceMarkTable?k_raceDate=1977%2F11%2F13&k_raceNo=12&k_babaCode=21,data/cache/html/19771113_kawasaki_12.html
19771112_kawasaki_1,1977-11-12,kawasaki,1,https://www.keiba.go.jp/KeibaWeb/TodayRaceInfo/RaceMarkTable?k_raceDate=1977%2F11%2F12&k_raceNo=1&k_babaCode=21,data/cache/html/19771112_kawasaki_1.html
19771112_kawasaki_2,1977-11-12,kawasaki,2,https://www.keiba.go.jp/KeibaWeb/TodayRaceInfo/RaceMarkTable?k_raceDate=1977%2F11%2F12&k_raceNo=2&k_babaCode=21,data/cache/html/19771112_kawasaki_2.html
19771112_kawasaki_3,1977-11-12,kawasaki,3,https://www.keiba.go.jp/KeibaWeb/TodayRaceInfo/RaceMarkTable?k_raceDate=1977%2F11%2F12&k_raceNo=3&k_babaCode=21,data/cache/html/19771112_kawasaki_3.html
19771112_kawasaki_4,1977-11-12,kawasaki,4,https://www.keiba.go.jp/KeibaWeb/TodayRaceInfo/RaceMarkTable?k_raceDate=1977%2F11%2F12&k_raceNo=4&k_babaCode=21,data/cache/html/19771112_kawasaki_4.html
19771112_kawasaki_5,1977-11-12,kawasaki,5,https://www.keiba.go.jp/KeibaWeb/TodayRaceInfo/RaceMarkTable?k_raceDate=1977%2F11%2F12&k_raceNo=5&k_babaCode=21,data/cache/html/19771112_kawasaki_5.html
19771112_kawasaki_6,1977-11-12,kawasaki,6,https://www.keiba.go.jp/KeibaWeb/TodayRaceInfo/RaceMarkTable?k_raceDate=1977%2F11%2F12&k_raceNo=6&k_babaCode=21,data/cache/html/19771112_kawasaki_6.html
19771112_kawasaki_7,1977-11-12,kawasaki,7,https://www.keiba.go.jp/KeibaWeb/TodayRaceInfo/RaceMarkTable?k_raceDate=1977%2F11%2F12&k_raceNo=7&k_babaCode=21,data/cache/html/19771112_kawasaki_7.html
19771112_kawasaki_8,1977-11-12,kawasaki,8,https://www.keiba.go.jp/KeibaWeb/TodayRaceInfo/RaceMarkTable?k_raceDate=1977%2F11%2F12&k_raceNo=8&k_babaCode=21,data/cache/html/19771112_kawasaki_8.html
19771112_kawasaki_9,1977-11-12,kawasaki,9,https://www.keiba.go.jp/KeibaWeb/TodayRaceInfo/RaceMarkTable?k_raceDate=1977%2F11%2F12&k_raceNo=9&k_babaCode=21,data/cache/html/19771112_kawasaki_9.html
19771112_kawasaki_10,1977-11-12,kawasaki,10,https://www.keiba.go.jp/KeibaWeb/TodayRaceInfo/RaceMarkTable?k_raceDate=1977%2F11%2F12&k_raceNo=10&k_babaCode=21,data/cache/html/19771112_kawasaki_10.html
19771112_kawasaki_11,1977-11-12,kawasaki,11,https://www.keiba.go.jp/KeibaWeb/TodayRaceInfo/RaceMarkTable?k_raceDate=1977%2F11%2F12&k_raceNo=11&k_babaCode=21,data/cache/html/19771112_kawasaki_11.html
19771112_kawasaki_12,1977-11-12,kawasaki,12,https://www.keiba.go.jp/KeibaWeb/TodayRaceInfo/RaceMarkTable?k_raceDate=1977%2F11%2F12&k_raceNo=12&k_babaCode=21,data/cache/html/19771112_kawasaki_12.html
19771111_kawasaki_1,1977-11-11,kawasaki,1,https://www.keiba.go.jp/KeibaWeb/TodayRaceInfo/RaceMarkTable?k_raceDate=1977%2F11%2F11&k_raceNo=1&k_babaCode=21,data/cache/html/19771111_kawasaki_1.html
19771111_kawasaki_2,1977-11-11,kawasaki,2,https://www.keiba.go.jp/KeibaWeb/TodayRaceInfo/RaceMarkTable?k_raceDate=1977%2F11%2F11&k_raceNo=2&k_babaCode=21,data/cache/html/19771111_kawasaki_2.html
19771111_kawasaki_3,1977-11-11,kawasaki,3,https://www.keiba.go.jp/KeibaWeb/TodayRaceInfo/RaceMarkTable?k_raceDate=1977%2F11%2F11&k_raceNo=3&k_babaCode=21,data/cache/html/19771111_kawasaki_3.html
19771111_kawasaki_4,1977-11-11,kawasaki,4,https://www.keiba.go.jp/KeibaWeb/TodayRaceInfo/RaceMarkTable?k_raceDate=1977%2F11%2F11&k_raceNo=4&k_babaCode=21,data/cache/html/19771111_kawasaki_4.html
19771111_kawasaki_5,1977-11-11,kawasaki,5,https://www.keiba.go.jp/KeibaWeb/TodayRaceInfo/RaceMarkTable?k_raceDate=1977%2F11%2F11&k_raceNo=5&k_babaCode=21,data/cache/html/19771111_kawasaki_5.html
19771111_kawasaki_6,1977-11-11,kawasaki,6,https://www.keiba.go.jp/KeibaWeb/TodayRaceInfo/RaceMarkTable?k_raceDate=1977%2F11%2F11&k_raceNo=6&k_babaCode=21,data/cache/html/19771111_kawasaki_6.html
19771111_kawasaki_7,1977-11-11,kawasaki,7,https://www.keiba.go.jp/KeibaWeb/TodayRaceInfo/RaceMarkTable?k_raceDate=1977%2F11%2F11&k_raceNo=7&k_babaCode=21,data/cache/html/19771111_kawasaki_7.html
19771111_kawasaki_8,1977-11-11,kawasaki,8,https://www.keiba.go.jp/KeibaWeb/TodayRaceInfo/RaceMarkTable?k_raceDate=1977%2F11%2F11&k_raceNo=8&k_babaCode=21,data/cache/html/19771111_kawasaki_8.html
19771111_kawasaki_9,1977-11-11,kawasaki,9,https://www.keiba.go.jp/KeibaWeb/TodayRaceInfo/RaceMarkTable?k_raceDate=1977%2F11%2F11&k_raceNo=9&k_babaCode=21,data/cache/html/19771111_kawasaki_9.html
19771111_kawasaki_10,1977-11-11,kawasaki,10,https://www.keiba.go.jp/KeibaWeb/TodayRaceInfo/RaceMarkTable?k_raceDate=1977%2F11%2F11&k_raceNo=10&k_babaCode=21,data/cache/html/19771111_kawasaki_10.html
19771111_kawasaki_11,1977-11-11,kawasaki,11,https://www.keiba.go.jp/KeibaWeb/TodayRaceInfo/RaceMarkTable?k_raceDate=1977%2F11%2F11&k_raceNo=11&k_babaCode=21,data/cache/html/19771111_kawasaki_11.html
19771111_kawasaki_12,1977-11-11,kawasaki,12,https://www.keiba.go.jp/KeibaWeb/TodayRaceInfo/RaceMarkTable?k_raceDate=1977%2F11%2F11&k_raceNo=12&k_babaCode=21,data/cache/html/19771111_kawasaki_12.html
19771110_kawasaki_1,1977-11-10,kawasaki,1,https://www.keiba.go.jp/KeibaWeb/TodayRaceInfo/RaceMarkTable?k_raceDate=1977%2F11%2F10&k_raceNo=1&k_babaCode=21,data/cache/html/19771110_kawasaki_1.html
19771110_kawasaki_2,1977-11-10,kawasaki,2,https://www.keiba.go.jp/KeibaWeb/TodayRaceInfo/RaceMarkTable?k_raceDate=1977%2F11%2F10&k_raceNo=2&k_babaCode=21,data/cache/html/19771110_kawasaki_2.html
19771110_kawasaki_3,1977-11-10,kawasaki,3,https://www.keiba.go.jp/KeibaWeb/TodayRaceInfo/RaceMarkTable?k_raceDate=1977%2F11%2F10&k_raceNo=3&k_babaCode=21,data/cache/html/19771110_kawasaki_3.html
19771110_kawasaki_4,1977-11-10,kawasaki,4,https://www.keiba.go.jp/KeibaWeb/TodayRaceInfo/RaceMarkTable?k_raceDate=1977%2F11%2F10&k_raceNo=4&k_babaCode=21,data/cache/html/19771110_kawasaki_4.html
19771110_kawasaki_5,1977-11-10,kawasaki,5,https://www.keiba.go.jp/KeibaWeb/TodayRaceInfo/RaceMarkTable?k_raceDate=1977%2F11%2F10&k_raceNo=5&k_babaCode=21,data/cache/html/19771110_kawasaki_5.html
19771110_kawasaki_6,1977-11-10,kawasaki,6,https://www.keiba.go.jp/KeibaWeb/TodayRaceInfo/RaceMarkTable?k_raceDate=1977%2F11%2F10&k_raceNo=6&k_babaCode=21,data/cache/html/19771110_kawasaki_6.html
19771110_kawasaki_7,1977-11-10,kawasaki,7,https://www.keiba.go.jp/KeibaWeb/TodayRaceInfo/RaceMarkTable?k_raceDate=1977%2F11%2F10&k_raceNo=7&k_babaCode=21,data/cache/html/19771110_kawasaki_7.html
19771110_kawasaki_8,1977-11-10,kawasaki,8,https://www.keiba.go.jp/KeibaWeb/TodayRaceInfo/RaceMarkTable?k_raceDate=1977%2F11%2F10&k_raceNo=8&k_babaCode=21,data/cache/html/19771110_kawasaki_8.html
19771110_kawasaki_9,1977-11-10,kawasaki,9,https://www.keiba.go.jp/KeibaWeb/TodayRaceInfo/RaceMarkTable?k_raceDate=1977%2F11%2F10&k_raceNo=9&k_babaCode=21,data/cache/html/19771110_kawasaki_9.html
19771110_kawasaki_10,1977-11-10,kawasaki,10,https://www.keiba.go.jp/KeibaWeb/TodayRaceInfo/RaceMarkTable?k_raceDate=1977%2F11%2F10&k_raceNo=10&k_babaCode=21,data/cache/html/19771110_kawasaki_10.html
19771110_kawasaki_11,1977-11-10,kawasaki,11,https://www.keiba.go.jp/KeibaWeb/TodayRaceInfo/RaceMarkTable?k_raceDate=1977%2F11%2F10&k_raceNo=11&k_babaCode=21,data/cache/html/19771110_kawasaki_11.html
19771110_kawasaki_12,1977-11-10,kawasaki,12,https://www.keiba.go.jp/KeibaWeb/TodayRaceInfo/RaceMarkTable?k_raceDate=1977%2F11%2F10&k_raceNo=12&k_babaCode=21,data/cache/html/19771110_kawasaki_12.html
19771109_kawasaki_1,1977-11-09,kawasaki,1,https://www.keiba.go.jp/KeibaWeb/TodayRaceInfo/RaceMarkTable?k_raceDate=1977%2F11%2F09&k_raceNo=1&k_babaCode=21,data/cache/html/19771109_kawasaki_1.html
19771109_kawasaki_2,1977-11-09,kawasaki,2,https://www.keiba.go.jp/KeibaWeb/TodayRaceInfo/RaceMarkTable?k_raceDate=1977%2F11%2F09&k_raceNo=2&k_babaCode=21,data/cache/html/19771109_kawasaki_2.html
19771109_kawasaki_3,1977-11-09,kawasaki,3,https://www.keiba.go.jp/KeibaWeb/TodayRaceInfo/RaceMarkTable?k_raceDate=1977%2F11%2F09&k_raceNo=3&k_babaCode=21,data/cache/html/19771109_kawasaki_3.html
19771109_kawasaki_4,1977-11-09,kawasaki,4,https://www.keiba.go.jp/KeibaWeb/TodayRaceInfo/RaceMarkTable?k_raceDate=1977%2F11%2F09&k_raceNo=4&k_babaCode=21,data/cache/html/19771109_kawasaki_4.html
19771109_kawasaki_5,1977-11-09,kawasaki,5,https://www.keiba.go.jp/KeibaWeb/TodayRaceInfo/RaceMarkTable?k_raceDate=1977%2F11%2F09&k_raceNo=5&k_babaCode=21,data/cache/html/19771109_kawasaki_5.html
19771109_kawasaki_6,1977-11-09,kawasaki,6,https://www.keiba.go.jp/KeibaWeb/TodayRaceInfo/RaceMarkTable?k_raceDate=1977%2F11%2F09&k_raceNo=6&k_babaCode=21,data/cache/html/19771109_kawasaki_6.html
19771109_kawasaki_7,1977-11-09,kawasaki,7,https://www.keiba.go.jp/KeibaWeb/TodayRaceInfo/RaceMarkTable?k_raceDate=1977%2F11%2F09&k_raceNo=7&k_babaCode=21,data/cache/html/19771109_kawasaki_7.html
19771109_kawasaki_8,1977-11-09,kawasaki,8,https://www.keiba.go.jp/KeibaWeb/TodayRaceInfo/RaceMarkTable?k_raceDate=1977%2F11%2F09&k_raceNo=8&k_babaCode=21,data/cache/html/19771109_kawasaki_8.html
19771109_kawasaki_9,1977-11-09,kawasaki,9,https://www.keiba.go.jp/KeibaWeb/TodayRaceInfo/RaceMarkTable?k_raceDate=1977%2F11%2F09&k_raceNo=9&k_babaCode=21,data/cache/html/19771109_kawasaki_9.html
19771109_kawasaki_10,1977-11-09,kawasaki,10,https://www.keiba.go.jp/KeibaWeb/TodayRaceInfo/RaceMarkTable?k_raceDate=1977%2F11%2F09&k_raceNo=10&k_babaCode=21,data/cache/html/19771109_kawasaki_10.html
19771109_kawasaki_11,1977-11-09,kawasaki,11,https://www.keiba.go.jp/KeibaWeb/TodayRaceInfo/RaceMarkTable?k_raceDate=1977%2F11%2F09&k_raceNo=11&k_babaCode=21,data/cache/html/19771109_kawasaki_11.html
19771109_kawasaki_12,1977-11-09,kawasaki,12,https://www.keiba.go.jp/KeibaWeb/TodayRaceInfo/RaceMarkTable?k_raceDate=1977%2F11%2F09&k_raceNo=12&k_babaCode=21,data/cache/html/19771109_kawasaki_12.html
19771108_kawasaki_1,1977-11-08,kawasaki,1,https://www.keiba.go.jp/KeibaWeb/TodayRaceInfo/RaceMarkTable?k_raceDate=1977%2F11%2F08&k_raceNo=1&k_babaCode=21,data/cache/html/19771108_kawasaki_1.html
19771108_kawasaki_2,1977-11-08,kawasaki,2,https://www.keiba.go.jp/KeibaWeb/TodayRaceInfo/RaceMarkTable?k_raceDate=1977%2F11%2F08&k_raceNo=2&k_babaCode=21,data/cache/html/19771108_kawasaki_2.html
19771108_kawasaki_3,1977-11-08,kawasaki,3,https://www.keiba.go.jp/KeibaWeb/TodayRaceInfo/RaceMarkTable?k_raceDate=1977%2F11%2F08&k_raceNo=3&k_babaCode=21,data/cache/html/19771108_kawasaki_3.html
19771108_kawasaki_4,1977-11-08,kawasaki,4,https://www.keiba.go.jp/KeibaWeb/TodayRaceInfo/RaceMarkTable?k_raceDate=1977%2F11%2F08&k_raceNo=4&k_babaCode=21,data/cache/html/19771108_kawasaki_4.html
19771108_kawasaki_5,1977-11-08,kawasaki,5,https://www.keiba.go.jp/KeibaWeb/TodayRaceInfo/RaceMarkTable?k_raceDate=1977%2F11%2F08&k_raceNo=5&k_babaCode=21,data/cache/html/19771108_kawasaki_5.html
19771108_kawasaki_6,1977-11-08,kawasaki,6,https://www.keiba.go.jp/KeibaWeb/TodayRaceInfo/RaceMarkTable?k_raceDate=1977%2F11%2F08&k_raceNo=6&k_babaCode=21,data/cache/html/19771108_kawasaki_6.html
19771108_kawasaki_7,1977-11-08,kawasaki,7,https://www.keiba.go.jp/KeibaWeb/TodayRaceInfo/RaceMarkTable?k_raceDate=1977%2F11%2F08&k_raceNo=7&k_babaCode=21,data/cache/html/19771108_kawasaki_7.html
19771108_kawasaki_8,1977-11-08,kawasaki,8,https://www.keiba.go.jp/KeibaWeb/TodayRaceInfo/RaceMarkTable?k_raceDate=1977%2F11%2F08&k_raceNo=8&k_babaCode=21,data/cache/html/19771108_kawasaki_8.html
19771108_kawasaki_9,1977-11-08,kawasaki,9,https://www.keiba.go.jp/KeibaWeb/TodayRaceInfo/RaceMarkTable?k_raceDate=1977%2F11%2F08&k_raceNo=9&k_babaCode=21,data/cache/html/19771108_kawasaki_9.html
19771108_kawasaki_10,1977-11-08,kawasaki,10,https://www.keiba.go.jp/KeibaWeb/TodayRaceInfo/RaceMarkTable?k_raceDate=1977%2F11%2F08&k_raceNo=10&k_babaCode=21,data/cache/html/19771108_kawasaki_10.html
19771108_kawasaki_11,1977-11-08,kawasaki,11,https://www.keiba.go.jp/KeibaWeb/TodayRaceInfo/RaceMarkTable?k_raceDate=1977%2F11%2F08&k_raceNo=11&k_babaCode=21,data/cache/html/19771108_kawasaki_11.html
19771108_kawasaki_12,1977-11-08,kawasaki,12,https://www.keiba.go.jp/KeibaWeb/TodayRaceInfo/RaceMarkTable?k_raceDate=1977%2F11%2F08&k_raceNo=12&k_babaCode=21,data/cache/html/19771108_kawasaki_12.html
19771107_kawasaki_1,1977-11-07,kawasaki,1,https://www.keiba.go.jp/KeibaWeb/TodayRaceInfo/RaceMarkTable?k_raceDate=1977%2F11%2F07&k_raceNo=1&k_babaCode=21,data/cache/html/19771107_kawasaki_1.html
19771107_kawasaki_2,1977-11-07,kawasaki,2,https://www.keiba.go.jp/KeibaWeb/TodayRaceInfo/RaceMarkTable?k_raceDate=1977%2F11%2F07&k_raceNo=2&k_babaCode=21,data/cache/html/19771107_kawasaki_2.html
19771107_kawasaki_3,1977-11-07,kawasaki,3,https://www.keiba.go.jp/KeibaWeb/TodayRaceInfo/RaceMarkTable?k_raceDate=1977%2F11%2F07&k_raceNo=3&k_babaCode=21,data/cache/html/19771107_kawasaki_3.html
19771107_kawasaki_4,1977-11-07,kawasaki,4,https://www.keiba.go.jp/KeibaWeb/TodayRaceInfo/RaceMarkTable?k_raceDate=1977%2F11%2F07&k_raceNo=4&k_babaCode=21,data/cache/html/19771107_kawasaki_4.html
19771107_kawasaki_5,1977-11-07,kawasaki,5,https://www.keiba.go.jp/KeibaWeb/TodayRaceInfo/RaceMarkTable?k_raceDate=1977%2F11%2F07&k_raceNo=5&k_babaCode=21,data/cache/html/19771107_kawasaki_5.html
19771107_kawasaki_6,1977-11-07,kawasaki,6,https://www.keiba.go.jp/KeibaWeb/TodayRaceInfo/RaceMarkTable?k_raceDate=1977%2F11%2F07&k_raceNo=6&k_babaCode=21,data/cache/html/19771107_kawasaki_6.html
19771107_kawasaki_7,1977-11-07,kawasaki,7,https://www.keiba.go.jp/KeibaWeb/TodayRaceInfo/RaceMarkTable?k_raceDate=1977%2F11%2F07&k_raceNo=7&k_babaCode=21,data/cache/html/19771107_kawasaki_7.html
19771107_kawasaki_8,1977-11-07,kawasaki,8,https://www.keiba.go.jp/KeibaWeb/TodayRaceInfo/RaceMarkTable?k_raceDate=1977%2F11%2F07&k_raceNo=8&k_babaCode=21,data/cache/html/19771107_kawasaki_8.html
19771107_kawasaki_9,1977-11-07,kawasaki,9,https://www.keiba.go.jp/KeibaWeb/TodayRaceInfo/RaceMarkTable?k_raceDate=1977%2F11%2F07&k_raceNo=9&k_babaCode=21,data/cache/html/19771107_kawasaki_9.html
19771107_kawasaki_10,1977-11-07,kawasaki,10,https://www.keiba.go.jp/KeibaWeb/TodayRaceInfo/RaceMarkTable?k_raceDate=1977%2F11%2F07&k_raceNo=10&k_babaCode=21,data/cache/html/19771107_kawasaki_10.html
19771107_kawasaki_11,1977-11-07,kawasaki,11,https://www.keiba.go.jp/KeibaWeb/TodayRaceInfo/RaceMarkTable?k_raceDate=1977%2F11%2F07&k_raceNo=11&k_babaCode=21,data/cache/html/19771107_kawasaki_11.html
19771107_kawasaki_12,1977-11-07,kawasaki,12,https://www.keiba.go.jp/KeibaWeb/TodayRaceInfo/RaceMarkTable?k_raceDate=1977%2F11%2F07&k_raceNo=12&k_babaCode=21,data/cache/html/19771107_kawasaki_12.html
19771106_kawasaki_1,1977-11-06,kawasaki,1,https://www.keiba.go.jp/KeibaWeb/TodayRaceInfo/RaceMarkTable?k_raceDate=1977%2F11%2F06&k_raceNo=1&k_babaCode=21,data/cache/html/19771106_kawasaki_1.html
19771106_kawasaki_2,1977-11-06,kawasaki,2,https://www.keiba.go.jp/KeibaWeb/TodayRaceInfo/RaceMarkTable?k_raceDate=1977%2F11%2F06&k_raceNo=2&k_babaCode=21,data/cache/html/19771106_kawasaki_2.html
19771106_kawasaki_3,1977-11-06,kawasaki,3,https://www.keiba.go.jp/KeibaWeb/TodayRaceInfo/RaceMarkTable?k_raceDate=1977%2F11%2F06&k_raceNo=3&k_babaCode=21,data/cache/html/19771106_kawasaki_3.html
19771106_kawasaki_4,1977-11-06,kawasaki,4,https://www.keiba.go.jp/KeibaWeb/TodayRaceInfo/RaceMarkTable?k_raceDate=1977%2F11%2F06&k_raceNo=4&k_babaCode=21,data/cache/html/19771106_kawasaki_4.html
19771106_kawasaki_5,1977-11-06,kawasaki,5,https://www.keiba.go.jp/KeibaWeb/TodayRaceInfo/RaceMarkTable?k_raceDate=1977%2F11%2F06&k_raceNo=5&k_babaCode=21,data/cache/html/19771106_kawasaki_5.html
19771106_kawasaki_6,1977-11-06,kawasaki,6,https://www.keiba.go.jp/KeibaWeb/TodayRaceInfo/RaceMarkTable?k_raceDate=1977%2F11%2F06&k_raceNo=6&k_babaCode=21,data/cache/html/19771106_kawasaki_6.html
19771106_kawasaki_7,1977-11-06,kawasaki,7,https://www.keiba.go.jp/KeibaWeb/TodayRaceInfo/RaceMarkTable?k_raceDate=1977%2F11%2F06&k_raceNo=7&k_babaCode=21,data/cache/html/19771106_kawasaki_7.html
19771106_kawasaki_8,1977-11-06,kawasaki,8,https://www.keiba.go.jp/KeibaWeb/TodayRaceInfo/RaceMarkTable?k_raceDate=1977%2F11%2F06&k_raceNo=8&k_babaCode=21,data/cache/html/19771106_kawasaki_8.html
19771106_kawasaki_9,1977-11-06,kawasaki,9,https://www.keiba.go.jp/KeibaWeb/TodayRaceInfo/RaceMarkTable?k_raceDate=1977%2F11%2F06&k_raceNo=9&k_babaCode=21,data/cache/html/19771106_kawasaki_9.html
19771106_kawasaki_10,1977-11-06,kawasaki,10,https://www.keiba.go.jp/KeibaWeb/TodayRaceInfo/RaceMarkTable?k_raceDate=1977%2F11%2F06&k_raceNo=10&k_babaCode=21,data/cache/html/19771106_kawasaki_10.html
19771106_kawasaki_11,1977-11-06,kawasaki,11,https://www.keiba.go.jp/KeibaWeb/TodayRaceInfo/RaceMarkTable?k_raceDate=1977%2F11%2F06&k_raceNo=11&k_babaCode=21,data/cache/html/19771106_kawasaki_11.html
19771106_kawasaki_12,1977-11-06,kawasaki,12,https://www.keiba.go.jp/KeibaWeb/TodayRaceInfo/RaceMarkTable?k_raceDate=1977%2F11%2F06&k_raceNo=12&k_babaCode=21,data/cache/html/19771106_kawasaki_12.html
19771105_kawasaki_1,1977-11-05,kawasaki,1,https://www.keiba.go.jp/KeibaWeb/TodayRaceInfo/RaceMarkTable?k_raceDate=1977%2F11%2F05&k_raceNo=1&k_babaCode=21,data/cache/html/19771105_kawasaki_1.html
19771105_kawasaki_2,1977-11-05,kawasaki,2,https://www.keiba.go.jp/KeibaWeb/TodayRaceInfo/RaceMarkTable?k_raceDate=1977%2F11%2F05&k_raceNo=2&k_babaCode=21,data/cache/html/19771105_kawasaki_2.html
19771105_kawasaki_3,1977-11-05,kawasaki,3,https://www.keiba.go.jp/KeibaWeb/TodayRaceInfo/RaceMarkTable?k_raceDate=1977%2F11%2F05&k_raceNo=3&k_babaCode=21,data/cache/html/19771105_kawasaki_3.html
19771105_kawasaki_4,1977-11-05,kawasaki,4,https://www.keiba.go.jp/KeibaWeb/TodayRaceInfo/RaceMarkTable?k_raceDate=1977%2F11%2F05&k_raceNo=4&k_babaCode=21,data/cache/html/19771105_kawasaki_4.html
19771105_kawasaki_5,1977-11-05,kawasaki,5,https://www.keiba.go.jp/KeibaWeb/TodayRaceInfo/RaceMarkTable?k_raceDate=1977%2F11%2F05&k_raceNo=5&k_babaCode=21,data/cache/html/19771105_kawasaki_5.html
19771105_kawasaki_6,1977-11-05,kawasaki,6,https://www.keiba.go.jp/KeibaWeb/TodayRaceInfo/RaceMarkTable?k_raceDate=1977%2F11%2F05&k_raceNo=6&k_babaCode=21,data/cache/html/19771105_kawasaki_6.html
19771105_kawasaki_7,1977-11-05,kawasaki,7,https://www.keiba.go.jp/KeibaWeb/TodayRaceInfo/RaceMarkTable?k_raceDate=1977%2F11%2F05&k_raceNo=7&k_babaCode=21,data/cache/html/19771105_kawasaki_7.html
19771105_kawasaki_8,1977-11-05,kawasaki,8,https://www.keiba.go.jp/KeibaWeb/TodayRaceInfo/RaceMarkTable?k_raceDate=1977%2F11%2F05&k_raceNo=8&k_babaCode=21,data/cache/html/19771105_kawasaki_8.html
19771105_kawasaki_9,1977-11-05,kawasaki,9,https://www.keiba.go.jp/KeibaWeb/TodayRaceInfo/RaceMarkTable?k_raceDate=1977%2F11%2F05&k_raceNo=9&k_babaCode=21,data/cache/html/19771105_kawasaki_9.html
19771105_kawasaki_10,1977-11-05,kawasaki,10,https://www.keiba.go.jp/KeibaWeb/TodayRaceInfo/RaceMarkTable?k_raceDate=1977%2F11%2F05&k_raceNo=10&k_babaCode=21,data/cache/html/19771105_kawasaki_10.html
19771105_kawasaki_11,1977-11-05,kawasaki,11,https://www.keiba.go.jp/KeibaWeb/TodayRaceInfo/RaceMarkTable?k_raceDate=1977%2F11%2F05&k_raceNo=11&k_babaCode=21,data/cache/html/19771105_kawasaki_11.html
19771105_kawasaki_12,1977-11-05,kawasaki,12,https://www.keiba.go.jp/KeibaWeb/TodayRaceInfo/RaceMarkTable?k_raceDate=1977%2F11%2F05&k_raceNo=12&k_babaCode=21,data/cache/html/19771105_kawasaki_12.html
19771104_kawasaki_1,1977-11-04,kawasaki,1,https://www.keiba.go.jp/KeibaWeb/TodayRaceInfo/RaceMarkTable?k_raceDate=1977%2F11%2F04&k_raceNo=1&k_babaCode=21,data/cache/html/19771104_kawasaki_1.html
19771104_kawasaki_2,1977-11-04,kawasaki,2,https://www.keiba.go.jp/KeibaWeb/TodayRaceInfo/RaceMarkTable?k_raceDate=1977%2F11%2F04&k_raceNo=2&k_babaCode=21,data/cache/html/19771104_kawasaki_2.html
19771104_kawasaki_3,1977-11-04,kawasaki,3,https://www.keiba.go.jp/KeibaWeb/TodayRaceInfo/RaceMarkTable?k_raceDate=1977%2F11%2F04&k_raceNo=3&k_babaCode=21,data/cache/html/19771104_kawasaki_3.html
19771104_kawasaki_4,1977-11-04,kawasaki,4,https://www.keiba.go.jp/KeibaWeb/TodayRaceInfo/RaceMarkTable?k_raceDate=1977%2F11%2F04&k_raceNo=4&k_babaCode=21,data/cache/html/19771104_kawasaki_4.html
19771104_kawasaki_5,1977-11-04,kawasaki,5,https://www.keiba.go.jp/KeibaWeb/TodayRaceInfo/RaceMarkTable?k_raceDate=1977%2F11%2F04&k_raceNo=5&k_babaCode=21,data/cache/html/19771104_kawasaki_5.html
19771104_kawasaki_6,1977-11-04,kawasaki,6,https://www.keiba.go.jp/KeibaWeb/TodayRaceInfo/RaceMarkTable?k_raceDate=1977%2F11%2F04&k_raceNo=6&k_babaCode=21,data/cache/html/19771104_kawasaki_6.html
19771104_kawasaki_7,1977-11-04,kawasaki,7,https://www.keiba.go.jp/KeibaWeb/TodayRaceInfo/RaceMarkTable?k_raceDate=1977%2F11%2F04&k_raceNo=7&k_babaCode=21,data/cache/html/19771104_kawasaki_7.html
19771104_kawasaki_8,1977-11-04,kawasaki,8,https://www.keiba.go.jp/KeibaWeb/TodayRaceInfo/RaceMarkTable?k_raceDate=1977%2F11%2F04&k_raceNo=8&k_babaCode=21,data/cache/html/19771104_kawasaki_8.html
19771104_kawasaki_9,1977-11-04,kawasaki,9,https://www.keiba.go.jp/KeibaWeb/TodayRaceInfo/RaceMarkTable?k_raceDate=1977%2F11%2F04&k_raceNo=9&k_babaCode=21,data/cache/html/19771104_kawasaki_9.html
19771104_kawasaki_10,1977-11-04,kawasaki,10,https://www.keiba.go.jp/KeibaWeb/TodayRaceInfo/RaceMarkTable?k_raceDate=1977%2F11%2F04&k_raceNo=10&k_babaCode=21,data/cache/html/19771104_kawasaki_10.html
19771104_kawasaki_11,1977-11-04,kawasaki,11,https://www.keiba.go.jp/KeibaWeb/TodayRaceInfo/RaceMarkTable?k_raceDate=1977%2F11%2F04&k_raceNo=11&k_babaCode=21,data/cache/html/19771104_kawasaki_11.html
19771104_kawasaki_12,1977-11-04,kawasaki,12,https://www.keiba.go.jp/KeibaWeb/TodayRaceInfo/RaceMarkTable?k_raceDate=1977%2F11%2F04&k_raceNo=12&k_babaCode=21,data/cache/html/19771104_kawasaki_12.html
19771103_kawasaki_1,1977-11-03,kawasaki,1,https://www.keiba.go.jp/KeibaWeb/TodayRaceInfo/RaceMarkTable?k_raceDate=1977%2F11%2F03&k_raceNo=1&k_babaCode=21,data/cache/html/19771103_kawasaki_1.html
19771103_kawasaki_2,1977-11-03,kawasaki,2,https://www.keiba.go.jp/KeibaWeb/TodayRaceInfo/RaceMarkTable?k_raceDate=1977%2F11%2F03&k_raceNo=2&k_babaCode=21,data/cache/html/19771103_kawasaki_2.html
19771103_kawasaki_3,1977-11-03,kawasaki,3,https://www.keiba.go.jp/KeibaWeb/TodayRaceInfo/RaceMarkTable?k_raceDate=1977%2F11%2F03&k_raceNo=3&k_babaCode=21,data/cache/html/19771103_kawasaki_3.html
19771103_kawasaki_4,1977-11-03,kawasaki,4,https://www.keiba.go.jp/KeibaWeb/TodayRaceInfo/RaceMarkTable?k_raceDate=1977%2F11%2F03&k_raceNo=4&k_babaCode=21,data/cache/html/19771103_kawasaki_4.html
19771103_kawasaki_5,1977-11-03,kawasaki,5,https://www.keiba.go.jp/KeibaWeb/TodayRaceInfo/RaceMarkTable?k_raceDate=1977%2F11%2F03&k_raceNo=5&k_babaCode=21,data/cache/html/19771103_kawasaki_5.html
19771103_kawasaki_6,1977-11-03,kawasaki,6,https://www.keiba.go.jp/KeibaWeb/TodayRaceInfo/RaceMarkTable?k_raceDate=1977%2F11%2F03&k_raceNo=6&k_babaCode=21,data/cache/html/19771103_kawasaki_6.html
19771103_kawasaki_7,1977-11-03,kawasaki,7,https://www.keiba.go.jp/KeibaWeb/TodayRaceInfo/RaceMarkTable?k_raceDate=1977%2F11%2F03&k_raceNo=7&k_babaCode=21,data/cache/html/19771103_kawasaki_7.html
19771103_kawasaki_8,1977-11-03,kawasaki,8,https://www.keiba.go.jp/KeibaWeb/TodayRaceInfo/RaceMarkTable?k_raceDate=1977%2F11%2F03&k_raceNo=8&k_babaCode=21,data/cache/html/19771103_kawasaki_8.html
19771103_kawasaki_9,1977-11-03,kawasaki,9,https://www.keiba.go.jp/KeibaWeb/TodayRaceInfo/RaceMarkTable?k_raceDate=1977%2F11%2F03&k_raceNo=9&k_babaCode=21,data/cache/html/19771103_kawasaki_9.html
19771103_kawasaki_10,1977-11-03,kawasaki,10,https://www.keiba.go.jp/KeibaWeb/TodayRaceInfo/RaceMarkTable?k_raceDate=1977%2F11%2F03&k_raceNo=10&k_babaCode=21,data/cache/html/19771103_kawasaki_10.html
19771103_kawasaki_11,1977-11-03,kawasaki,11,https://www.keiba.go.jp/KeibaWeb/TodayRaceInfo/RaceMarkTable?k_raceDate=1977%2F11%2F03&k_raceNo=11&k_babaCode=21,data/cache/html/19771103_kawasaki_11.html
19771103_kawasaki_12,1977-11-03,kawasaki,12,https://www.keiba.go.jp/KeibaWeb/TodayRaceInfo/RaceMarkTable?k_raceDate=1977%2F11%2F03&k_raceNo=12&k_babaCode=21,data/cache/html/19771103_kawasaki_12.html
19771102_kawasaki_1,1977-11-02,kawasaki,1,https://www.keiba.go.jp/KeibaWeb/TodayRaceInfo/RaceMarkTable?k_raceDate=1977%2F11%2F02&k_raceNo=1&k_babaCode=21,data/cache/html/19771102_kawasaki_1.html
19771102_kawasaki_2,1977-11-02,kawasaki,2,https://www.keiba.go.jp/KeibaWeb/TodayRaceInfo/RaceMarkTable?k_raceDate=1977%2F11%2F02&k_raceNo=2&k_babaCode=21,data/cache/html/19771102_kawasaki_2.html
19771102_kawasaki_3,1977-11-02,kawasaki,3,https://www.keiba.go.jp/KeibaWeb/TodayRaceInfo/RaceMarkTable?k_raceDate=1977%2F11%2F02&k_raceNo=3&k_babaCode=21,data/cache/html/19771102_kawasaki_3.html
19771102_kawasaki_4,1977-11-02,kawasaki,4,https://www.keiba.go.jp/KeibaWeb/TodayRaceInfo/RaceMarkTable?k_raceDate=1977%2F11%2F02&k_raceNo=4&k_babaCode=21,data/cache/html/19771102_kawasaki_4.html
19771102_kawasaki_5,1977-11-02,kawasaki,5,https://www.keiba.go.jp/KeibaWeb/TodayRaceInfo/RaceMarkTable?k_raceDate=1977%2F11%2F02&k_raceNo=5&k_babaCode=21,data/cache/html/19771102_kawasaki_5.html
19771102_kawasaki_6,1977-11-02,kawasaki,6,https://www.keiba.go.jp/KeibaWeb/TodayRaceInfo/RaceMarkTable?k_raceDate=1977%2F11%2F02&k_raceNo=6&k_babaCode=21,data/cache/html/19771102_kawasaki_6.html
19771102_kawasaki_7,1977-11-02,kawasaki,7,https://www.keiba.go.jp/KeibaWeb/TodayRaceInfo/RaceMarkTable?k_raceDate=1977%2F11%2F02&k_raceNo=7&k_babaCode=21,data/cache/html/19771102_kawasaki_7.html
19771102_kawasaki_8,1977-11-02,kawasaki,8,https://www.keiba.go.jp/KeibaWeb/TodayRaceInfo/RaceMarkTable?k_raceDate=1977%2F11%2F02&k_raceNo=8&k_babaCode=21,data/cache/html/19771102_kawasaki_8.html
19771102_kawasaki_9,1977-11-02,kawasaki,9,https://www.keiba.go.jp/KeibaWeb/TodayRaceInfo/RaceMarkTable?k_raceDate=1977%2F11%2F02&k_raceNo=9&k_babaCode=21,data/cache/html/19771102_kawasaki_9.html
19771102_kawasaki_10,1977-11-02,kawasaki,10,https://www.keiba.go.jp/KeibaWeb/TodayRaceInfo/RaceMarkTable?k_raceDate=1977%2F11%2F02&k_raceNo=10&k_babaCode=21,data/cache/html/19771102_kawasaki_10.html
19771102_kawasaki_11,1977-11-02,kawasaki,11,https://www.keiba.go.jp/KeibaWeb/TodayRaceInfo/RaceMarkTable?k_raceDate=1977%2F11%2F02&k_raceNo=11&k_babaCode=21,data/cache/html/19771102_kawasaki_11.html
19771102_kawasaki_12,1977-11-02,kawasaki,12,https://www.keiba.go.jp/KeibaWeb/TodayRaceInfo/RaceMarkTable?k_raceDate=1977%2F11%2F02&k_raceNo=12&k_babaCode=21,data/cache/html/19771102_kawasaki_12.html
19771101_kawasaki_1,1977-11-01,kawasaki,1,https://www.keiba.go.jp/KeibaWeb/TodayRaceInfo/RaceMarkTable?k_raceDate=1977%2F11%2F01&k_raceNo=1&k_babaCode=21,data/cache/html/19771101_kawasaki_1.html
19771101_kawasaki_2,1977-11-01,kawasaki,2,https://www.keiba.go.jp/KeibaWeb/TodayRaceInfo/RaceMarkTable?k_raceDate=1977%2F11%2F01&k_raceNo=2&k_babaCode=21,data/cache/html/19771101_kawasaki_2.html
19771101_kawasaki_3,1977-11-01,kawasaki,3,https://www.keiba.go.jp/KeibaWeb/TodayRaceInfo/RaceMarkTable?k_raceDate=1977%2F11%2F01&k_raceNo=3&k_babaCode=21,data/cache/html/19771101_kawasaki_3.html
19771101_kawasaki_4,1977-11-01,kawasaki,4,https://www.keiba.go.jp/KeibaWeb/TodayRaceInfo/RaceMarkTable?k_raceDate=1977%2F11%2F01&k_raceNo=4&k_babaCode=21,data/cache/html/19771101_kawasaki_4.html
19771101_kawasaki_5,1977-11-01,kawasaki,5,https://www.keiba.go.jp/KeibaWeb/TodayRaceInfo/RaceMarkTable?k_raceDate=1977%2F11%2F01&k_raceNo=5&k_babaCode=21,data/cache/html/19771101_kawasaki_5.html
19771101_kawasaki_6,1977-11-01,kawasaki,6,https://www.keiba.go.jp/KeibaWeb/TodayRaceInfo/RaceMarkTable?k_raceDate=1977%2F11%2F01&k_raceNo=6&k_babaCode=21,data/cache/html/19771101_kawasaki_6.html
19771101_kawasaki_7,1977-11-01,kawasaki,7,https://www.keiba.go.jp/KeibaWeb/TodayRaceInfo/RaceMarkTable?k_raceDate=1977%2F11%2F01&k_raceNo=7&k_babaCode=21,data/cache/html/19771101_kawasaki_7.html
19771101_kawasaki_8,1977-11-01,kawasaki,8,https://www.keiba.go.jp/KeibaWeb/TodayRaceInfo/RaceMarkTable?k_raceDate=1977%2F11%2F01&k_raceNo=8&k_babaCode=21,data/cache/html/19771101_kawasaki_8.html
19771101_kawasaki_9,1977-11-01,kawasaki,9,https://www.keiba.go.jp/KeibaWeb/TodayRaceInfo/RaceMarkTable?k_raceDate=1977%2F11%2F01&k_raceNo=9&k_babaCode=21,data/cache/html/19771101_kawasaki_9.html
19771101_kawasaki_10,1977-11-01,kawasaki,10,https://www.keiba.go.jp/KeibaWeb/TodayRaceInfo/RaceMarkTable?k_raceDate=1977%2F11%2F01&k_raceNo=10&k_babaCode=21,data/cache/html/19771101_kawasaki_10.html
19771101_kawasaki_11,1977-11-01,kawasaki,11,https://www.keiba.go.jp/KeibaWeb/TodayRaceInfo/RaceMarkTable?k_raceDate=1977%2F11%2F01&k_raceNo=11&k_babaCode=21,data/cache/html/19771101_kawasaki_11.html
19771101_kawasaki_12,1977-11-01,kawasaki,12,https://www.keiba.go.jp/KeibaWeb/TodayRaceInfo/RaceMarkTable?k_raceDate=1977%2F11%2F01&k_raceNo=12&k_babaCode=21,data/cache/html/19771101_kawasaki_12.html
19771031_kawasaki_1,1977-10-31,kawasaki,1,https://www.keiba.go.jp/KeibaWeb/TodayRaceInfo/RaceMarkTable?k_raceDate=1977%2F10%2F31&k_raceNo=1&k_babaCode=21,data/cache/html/19771031_kawasaki_1.html
19771031_kawasaki_2,1977-10-31,kawasaki,2,https://www.keiba.go.jp/KeibaWeb/TodayRaceInfo/RaceMarkTable?k_raceDate=1977%2F10%2F31&k_raceNo=2&k_babaCode=21,data/cache/html/19771031_kawasaki_2.html
19771031_kawasaki_3,1977-10-31,kawasaki,3,https://www.keiba.go.jp/KeibaWeb/TodayRaceInfo/RaceMarkTable?k_raceDate=1977%2F10%2F31&k_raceNo=3&k_babaCode=21,data/cache/html/19771031_kawasaki_3.html
19771031_kawasaki_4,1977-10-31,kawasaki,4,https://www.keiba.go.jp/KeibaWeb/TodayRaceInfo/RaceMarkTable?k_raceDate=1977%2F10%2F31&k_raceNo=4&k_babaCode=21,data/cache/html/19771031_kawasaki_4.html
19771031_kawasaki_5,1977-10-31,kawasaki,5,https://www.keiba.go.jp/KeibaWeb/TodayRaceInfo/RaceMarkTable?k_raceDate=1977%2F10%2F31&k_raceNo=5&k_babaCode=21,data/cache/html/19771031_kawasaki_5.html
19771031_kawasaki_6,1977-10-31,kawasaki,6,https://www.keiba.go.jp/KeibaWeb/TodayRaceInfo/RaceMarkTable?k_raceDate=1977%2F10%2F31&k_raceNo=6&k_babaCode=21,data/cache/html/19771031_kawasaki_6.html
19771031_kawasaki_7,1977-10-31,kawasaki,7,https://www.keiba.go.jp/KeibaWeb/TodayRaceInfo/RaceMarkTable?k_raceDate=1977%2F10%2F31&k_raceNo=7&k_babaCode=21,data/cache/html/19771031_kawasaki_7.html
19771031_kawasaki_8,1977-10-31,kawasaki,8,https://www.keiba.go.jp/KeibaWeb/TodayRaceInfo/RaceMarkTable?k_raceDate=1977%2F10%2F31&k_raceNo=8&k_babaCode=21,data/cache/html/19771031_kawasaki_8.html
19771031_kawasaki_9,1977-10-31,kawasaki,9,https://www.keiba.go.jp/KeibaWeb/TodayRaceInfo/RaceMarkTable?k_raceDate=1977%2F10%2F31&k_raceNo=9&k_babaCode=21,data/cache/html/19771031_kawasaki_9.html
19771031_kawasaki_10,1977-10-31,kawasaki,10,https://www.keiba.go.jp/KeibaWeb/TodayRaceInfo/RaceMarkTable?k_raceDate=1977%2F10%2F31&k_raceNo=10&k_babaCode=21,data/cache/html/19771031_kawasaki_10.html
19771031_kawasaki_11,1977-10-31,kawasaki,11,https://www.keiba.go.jp/KeibaWeb/TodayRaceInfo/RaceMarkTable?k_raceDate=1977%2F10%2F31&k_raceNo=11&k_babaCode=21,data/cache/html/19771031_kawasaki_11.html
19771031_kawasaki_12,1977-10-31,kawasaki,12,https://www.keiba.go.jp/KeibaWeb/TodayRaceInfo/RaceMarkTable?k_raceDate=1977%2F10%2F31&k_raceNo=12&k_babaCode=21,data/cache/html/19771031_kawasaki_12.html
19771030_kawasaki_1,1977-10-30,kawasaki,1,https://www.keiba.go.jp/KeibaWeb/TodayRaceInfo/RaceMarkTable?k_raceDate=1977%2F10%2F30&k_raceNo=1&k_babaCode=21,data/cache/html/19771030_kawasaki_1.html
19771030_kawasaki_2,1977-10-30,kawasaki,2,https://www.keiba.go.jp/KeibaWeb/TodayRaceInfo/RaceMarkTable?k_raceDate=1977%2F10%2F30&k_raceNo=2&k_babaCode=21,data/cache/html/19771030_kawasaki_2.html
19771030_kawasaki_3,1977-10-30,kawasaki,3,https://www.keiba.go.jp/KeibaWeb/TodayRaceInfo/RaceMarkTable?k_raceDate=1977%2F10%2F30&k_raceNo=3&k_babaCode=21,data/cache/html/19771030_kawasaki_3.html
19771030_kawasaki_4,1977-10-30,kawasaki,4,https://www.keiba.go.jp/KeibaWeb/TodayRaceInfo/RaceMarkTable?k_raceDate=1977%2F10%2F30&k_raceNo=4&k_babaCode=21,data/cache/html/19771030_kawasaki_4.html
19771030_kawasaki_5,1977-10-30,kawasaki,5,https://www.keiba.go.jp/KeibaWeb/TodayRaceInfo/RaceMarkTable?k_raceDate=1977%2F10%2F30&k_raceNo=5&k_babaCode=21,data/cache/html/19771030_kawasaki_5.html
19771030_kawasaki_6,1977-10-30,kawasaki,6,https://www.keiba.go.jp/KeibaWeb/TodayRaceInfo/RaceMarkTable?k_raceDate=1977%2F10%2F30&k_raceNo=6&k_babaCode=21,data/cache/html/19771030_kawasaki_6.html
19771030_kawasaki_7,1977-10-30,kawasaki,7,https://www.keiba.go.jp/KeibaWeb/TodayRaceInfo/RaceMarkTable?k_raceDate=1977%2F10%2F30&k_raceNo=7&k_babaCode=21,data/cache/html/19771030_kawasaki_7.html
19771030_kawasaki_8,1977-10-30,kawasaki,8,https://www.keiba.go.jp/KeibaWeb/TodayRaceInfo/RaceMarkTable?k_raceDate=1977%2F10%2F30&k_raceNo=8&k_babaCode=21,data/cache/html/19771030_kawasaki_8.html
19771030_kawasaki_9,1977-10-30,kawasaki,9,https://www.keiba.go.jp/KeibaWeb/TodayRaceInfo/RaceMarkTable?k_raceDate=1977%2F10%2F30&k_raceNo=9&k_babaCode=21,data/cache/html/19771030_kawasaki_9.html
19771030_kawasaki_10,1977-10-30,kawasaki,10,https://www.keiba.go.jp/KeibaWeb/TodayRaceInfo/RaceMarkTable?k_raceDate=1977%2F10%2F30&k_raceNo=10&k_babaCode=21,data/cache/html/19771030_kawasaki_10.html
19771030_kawasaki_11,1977-10-30,kawasaki,11,https://www.keiba.go.jp/KeibaWeb/TodayRaceInfo/RaceMarkTable?k_raceDate=1977%2F10%2F30&k_raceNo=11&k_babaCode=21,data/cache/html/19771030_kawasaki_11.html
19771030_kawasaki_12,1977-10-30,kawasaki,12,https://www.keiba.go.jp/KeibaWeb/TodayRaceInfo/RaceMarkTable?k_raceDate=1977%2F10%2F30&k_raceNo=12&k_babaCode=21,data/cache/html/19771030_kawasaki_12.html
19771029_kawasaki_1,1977-10-29,kawasaki,1,https://www.keiba.go.jp/KeibaWeb/TodayRaceInfo/RaceMarkTable?k_raceDate=1977%2F10%2F29&k_raceNo=1&k_babaCode=21,data/cache/html/19771029_kawasaki_1.html
19771029_kawasaki_2,1977-10-29,kawasaki,2,https://www.keiba.go.jp/KeibaWeb/TodayRaceInfo/RaceMarkTable?k_raceDate=1977%2F10%2F29&k_raceNo=2&k_babaCode=21,data/cache/html/19771029_kawasaki_2.html
19771029_kawasaki_3,1977-10-29,kawasaki,3,https://www.keiba.go.jp/KeibaWeb/TodayRaceInfo/RaceMarkTable?k_raceDate=1977%2F10%2F29&k_raceNo=3&k_babaCode=21,data/cache/html/19771029_kawasaki_3.html
19771029_kawasaki_4,1977-10-29,kawasaki,4,https://www.keiba.go.jp/KeibaWeb/TodayRaceInfo/RaceMarkTable?k_raceDate=1977%2F10%2F29&k_raceNo=4&k_babaCode=21,data/cache/html/19771029_kawasaki_4.html
19771029_kawasaki_5,1977-10-29,kawasaki,5,https://www.keiba.go.jp/KeibaWeb/TodayRaceInfo/RaceMarkTable?k_raceDate=1977%2F10%2F29&k_raceNo=5&k_babaCode=21,data/cache/html/19771029_kawasaki_5.html
19771029_kawasaki_6,1977-10-29,kawasaki,6,https://www.keiba.go.jp/KeibaWeb/TodayRaceInfo/RaceMarkTable?k_raceDate=1977%2F10%2F29&k_raceNo=6&k_babaCode=21,data/cache/html/19771029_kawasaki_6.html
19771029_kawasaki_7,1977-10-29,kawasaki,7,https://www.keiba.go.jp/KeibaWeb/TodayRaceInfo/RaceMarkTable?k_raceDate=1977%2F10%2F29&k_raceNo=7&k_babaCode=21,data/cache/html/19771029_kawasaki_7.html
19771029_kawasaki_8,1977-10-29,kawasaki,8,https://www.keiba.go.jp/KeibaWeb/TodayRaceInfo/RaceMarkTable?k_raceDate=1977%2F10%2F29&k_raceNo=8&k_babaCode=21,data/cache/html/19771029_kawasaki_8.html
19771029_kawasaki_9,1977-10-29,kawasaki,9,https://www.keiba.go.jp/KeibaWeb/TodayRaceInfo/RaceMarkTable?k_raceDate=1977%2F10%2F29&k_raceNo=9&k_babaCode=21,data/cache/html/19771029_kawasaki_9.html
19771029_kawasaki_10,1977-10-29,kawasaki,10,https://www.keiba.go.jp/KeibaWeb/TodayRaceInfo/RaceMarkTable?k_raceDate=1977%2F10%2F29&k_raceNo=10&k_babaCode=21,data/cache/html/19771029_kawasaki_10.html
19771029_kawasaki_11,1977-10-29,kawasaki,11,https://www.keiba.go.jp/KeibaWeb/TodayRaceInfo/RaceMarkTable?k_raceDate=1977%2F10%2F29&k_raceNo=11&k_babaCode=21,data/cache/html/19771029_kawasaki_11.html
19771029_kawasaki_12,1977-10-29,kawasaki,12,https://www.keiba.go.jp/KeibaWeb/TodayRaceInfo/RaceMarkTable?k_raceDate=1977%2F10%2F29&k_raceNo=12&k_babaCode=21,data/cache/html/19771029_kawasaki_12.html
19771028_kawasaki_1,1977-10-28,kawasaki,1,https://www.keiba.go.jp/KeibaWeb/TodayRaceInfo/RaceMarkTable?k_raceDate=1977%2F10%2F28&k_raceNo=1&k_babaCode=21,data/cache/html/19771028_kawasaki_1.html
19771028_kawasaki_2,1977-10-28,kawasaki,2,https://www.keiba.go.jp/KeibaWeb/TodayRaceInfo/RaceMarkTable?k_raceDate=1977%2F10%2F28&k_raceNo=2&k_babaCode=21,data/cache/html/19771028_kawasaki_2.html
19771028_kawasaki_3,1977-10-28,kawasaki,3,https://www.keiba.go.jp/KeibaWeb/TodayRaceInfo/RaceMarkTable?k_raceDate=1977%2F10%2F28&k_raceNo=3&k_babaCode=21,data/cache/html/19771028_kawasaki_3.html
19771028_kawasaki_4,1977-10-28,kawasaki,4,https://www.keiba.go.jp/KeibaWeb/TodayRaceInfo/RaceMarkTable?k_raceDate=1977%2F10%2F28&k_raceNo=4&k_babaCode=21,data/cache/html/19771028_kawasaki_4.html
19771028_kawasaki_5,1977-10-28,kawasaki,5,https://www.keiba.go.jp/KeibaWeb/TodayRaceInfo/RaceMarkTable?k_raceDate=1977%2F10%2F28&k_raceNo=5&k_babaCode=21,data/cache/html/19771028_kawasaki_5.html
19771028_kawasaki_6,1977-10-28,kawasaki,6,https://www.keiba.go.jp/KeibaWeb/TodayRaceInfo/RaceMarkTable?k_raceDate=1977%2F10%2F28&k_raceNo=6&k_babaCode=21,data/cache/html/19771028_kawasaki_6.html
19771028_kawasaki_7,1977-10-28,kawasaki,7,https://www.keiba.go.jp/KeibaWeb/TodayRaceInfo/RaceMarkTable?k_raceDate=1977%2F10%2F28&k_raceNo=7&k_babaCode=21,data/cache/html/19771028_kawasaki_7.html
19771028_kawasaki_8,1977-10-28,kawasaki,8,https://www.keiba.go.jp/KeibaWeb/TodayRaceInfo/RaceMarkTable?k_raceDate=1977%2F10%2F28&k_raceNo=8&k_babaCode=21,data/cache/html/19771028_kawasaki_8.html
19771028_kawasaki_9,1977-10-28,kawasaki,9,https://www.keiba.go.jp/KeibaWeb/TodayRaceInfo/RaceMarkTable?k_raceDate=1977%2F10%2F28&k_raceNo=9&k_babaCode=21,data/cache/html/19771028_kawasaki_9.html
19771028_kawasaki_10,1977-10-28,kawasaki,10,https://www.keiba.go.jp/KeibaWeb/TodayRaceInfo/RaceMarkTable?k_raceDate=1977%2F10%2F28&k_raceNo=10&k_babaCode=21,data/cache/html/19771028_kawasaki_10.html
19771028_kawasaki_11,1977-10-28,kawasaki,11,https://www.keiba.go.jp/KeibaWeb/TodayRaceInfo/RaceMarkTable?k_raceDate=1977%2F10%2F28&k_raceNo=11&k_babaCode=21,data/cache/html/19771028_kawasaki_11.html
19771028_kawasaki_12,1977-10-28,kawasaki,12,https://www.keiba.go.jp/KeibaWeb/TodayRaceInfo/RaceMarkTable?k_raceDate=1977%2F10%2F28&k_raceNo=12&k_babaCode=21,data/cache/html/19771028_kawasaki_12.html
19771027_kawasaki_1,1977-10-27,kawasaki,1,https://www.keiba.go.jp/KeibaWeb/TodayRaceInfo/RaceMarkTable?k_raceDate=1977%2F10%2F27&k_raceNo=1&k_babaCode=21,data/cache/html/19771027_kawasaki_1.html
19771027_kawasaki_2,1977-10-27,kawasaki,2,https://www.keiba.go.jp/KeibaWeb/TodayRaceInfo/RaceMarkTable?k_raceDate=1977%2F10%2F27&k_raceNo=2&k_babaCode=21,data/cache/html/19771027_kawasaki_2.html
19771027_kawasaki_3,1977-10-27,kawasaki,3,https://www.keiba.go.jp/KeibaWeb/TodayRaceInfo/RaceMarkTable?k_raceDate=1977%2F10%2F27&k_raceNo=3&k_babaCode=21,data/cache/html/19771027_kawasaki_3.html
19771027_kawasaki_4,1977-10-27,kawasaki,4,https://www.keiba.go.jp/KeibaWeb/TodayRaceInfo/RaceMarkTable?k_raceDate=1977%2F10%2F27&k_raceNo=4&k_babaCode=21,data/cache/html/19771027_kawasaki_4.html
19771027_kawasaki_5,1977-10-27,kawasaki,5,https://www.keiba.go.jp/KeibaWeb/TodayRaceInfo/RaceMarkTable?k_raceDate=1977%2F10%2F27&k_raceNo=5&k_babaCode=21,data/cache/html/19771027_kawasaki_5.html
19771027_kawasaki_6,1977-10-27,kawasaki,6,https://www.keiba.go.jp/KeibaWeb/TodayRaceInfo/RaceMarkTable?k_raceDate=1977%2F10%2F27&k_raceNo=6&k_babaCode=21,data/cache/html/19771027_kawasaki_6.html
19771027_kawasaki_7,1977-10-27,kawasaki,7,https://www.keiba.go.jp/KeibaWeb/TodayRaceInfo/RaceMarkTable?k_raceDate=1977%2F10%2F27&k_raceNo=7&k_babaCode=21,data/cache/html/19771027_kawasaki_7.html
19771027_kawasaki_8,1977-10-27,kawasaki,8,https://www.keiba.go.jp/KeibaWeb/TodayRaceInfo/RaceMarkTable?k_raceDate=1977%2F10%2F27&k_raceNo=8&k_babaCode=21,data/cache/html/19771027_kawasaki_8.html
19771027_kawasaki_9,1977-10-27,kawasaki,9,https://www.keiba.go.jp/KeibaWeb/TodayRaceInfo/RaceMarkTable?k_raceDate=1977%2F10%2F27&k_raceNo=9&k_babaCode=21,data/cache/html/19771027_kawasaki_9.html
19771027_kawasaki_10,1977-10-27,kawasaki,10,https://www.keiba.go.jp/KeibaWeb/TodayRaceInfo/RaceMarkTable?k_raceDate=1977%2F10%2F27&k_raceNo=10&k_babaCode=21,data/cache/html/19771027_kawasaki_10.html
19771027_kawasaki_11,1977-10-27,kawasaki,11,https://www.keiba.go.jp/KeibaWeb/TodayRaceInfo/RaceMarkTable?k_raceDate=1977%2F10%2F27&k_raceNo=11&k_babaCode=21,data/cache/html/19771027_kawasaki_11.html
19771027_kawasaki_12,1977-10-27,kawasaki,12,https://www.keiba.go.jp/KeibaWeb/TodayRaceInfo/RaceMarkTable?k_raceDate=1977%2F10%2F27&k_raceNo=12&k_babaCode=21,data/cache/html/19771027_kawasaki_12.html
19771026_kawasaki_1,1977-10-26,kawasaki,1,https://www.keiba.go.jp/KeibaWeb/TodayRaceInfo/RaceMarkTable?k_raceDate=1977%2F10%2F26&k_raceNo=1&k_babaCode=21,data/cache/html/19771026_kawasaki_1.html
19771026_kawasaki_2,1977-10-26,kawasaki,2,https://www.keiba.go.jp/KeibaWeb/TodayRaceInfo/RaceMarkTable?k_raceDate=1977%2F10%2F26&k_raceNo=2&k_babaCode=21,data/cache/html/19771026_kawasaki_2.html
19771026_kawasaki_3,1977-10-26,kawasaki,3,https://www.keiba.go.jp/KeibaWeb/TodayRaceInfo/RaceMarkTable?k_raceDate=1977%2F10%2F26&k_raceNo=3&k_babaCode=21,data/cache/html/19771026_kawasaki_3.html
19771026_kawasaki_4,1977-10-26,kawasaki,4,https://www.keiba.go.jp/KeibaWeb/TodayRaceInfo/RaceMarkTable?k_raceDate=1977%2F10%2F26&k_raceNo=4&k_babaCode=21,data/cache/html/19771026_kawasaki_4.html
19771026_kawasaki_5,1977-10-26,kawasaki,5,https://www.keiba.go.jp/KeibaWeb/TodayRaceInfo/RaceMarkTable?k_raceDate=1977%2F10%2F26&k_raceNo=5&k_babaCode=21,data/cache/html/19771026_kawasaki_5.html
19771026_kawasaki_6,1977-10-26,kawasaki,6,https://www.keiba.go.jp/KeibaWeb/TodayRaceInfo/RaceMarkTable?k_raceDate=1977%2F10%2F26&k_raceNo=6&k_babaCode=21,data/cache/html/19771026_kawasaki_6.html
19771026_kawasaki_7,1977-10-26,kawasaki,7,https://www.keiba.go.jp/KeibaWeb/TodayRaceInfo/RaceMarkTable?k_raceDate=1977%2F10%2F26&k_raceNo=7&k_babaCode=21,data/cache/html/19771026_kawasaki_7.html
19771026_kawasaki_8,1977-10-26,kawasaki,8,https://www.keiba.go.jp/KeibaWeb/TodayRaceInfo/RaceMarkTable?k_raceDate=1977%2F10%2F26&k_raceNo=8&k_babaCode=21,data/cache/html/19771026_kawasaki_8.html
19771026_kawasaki_9,1977-10-26,kawasaki,9,https://www.keiba.go.jp/KeibaWeb/TodayRaceInfo/RaceMarkTable?k_raceDate=1977%2F10%2F26&k_raceNo=9&k_babaCode=21,data/cache/html/19771026_kawasaki_9.html
19771026_kawasaki_10,1977-10-26,kawasaki,10,https://www.keiba.go.jp/KeibaWeb/TodayRaceInfo/RaceMarkTable?k_raceDate=1977%2F10%2F26&k_raceNo=10&k_babaCode=21,data/cache/html/19771026_kawasaki_10.html
19771026_kawasaki_11,1977-10-26,kawasaki,11,https://www.keiba.go.jp/KeibaWeb/TodayRaceInfo/RaceMarkTable?k_raceDate=1977%2F10%2F26&k_raceNo=11&k_babaCode=21,data/cache/html/19771026_kawasaki_11.html
19771026_kawasaki_12,1977-10-26,kawasaki,12,https://www.keiba.go.jp/KeibaWeb/TodayRaceInfo/RaceMarkTable?k_raceDate=1977%2F10%2F26&k_raceNo=12&k_babaCode=21,data/cache/html/19771026_kawasaki_12.html
19771025_kawasaki_1,1977-10-25,kawasaki,1,https://www.keiba.go.jp/KeibaWeb/TodayRaceInfo/RaceMarkTable?k_raceDate=1977%2F10%2F25&k_raceNo=1&k_babaCode=21,data/cache/html/19771025_kawasaki_1.html
19771025_kawasaki_2,1977-10-25,kawasaki,2,https://www.keiba.go.jp/KeibaWeb/TodayRaceInfo/RaceMarkTable?k_raceDate=1977%2F10%2F25&k_raceNo=2&k_babaCode=21,data/cache/html/19771025_kawasaki_2.html
19771025_kawasaki_3,1977-10-25,kawasaki,3,https://www.keiba.go.jp/KeibaWeb/TodayRaceInfo/RaceMarkTable?k_raceDate=1977%2F10%2F25&k_raceNo=3&k_babaCode=21,data/cache/html/19771025_kawasaki_3.html
19771025_kawasaki_4,1977-10-25,kawasaki,4,https://www.keiba.go.jp/KeibaWeb/TodayRaceInfo/RaceMarkTable?k_raceDate=1977%2F10%2F25&k_raceNo=4&k_babaCode=21,data/cache/html/19771025_kawasaki_4.html
19771025_kawasaki_5,1977-10-25,kawasaki,5,https://www.keiba.go.jp/KeibaWeb/TodayRaceInfo/RaceMarkTable?k_raceDate=1977%2F10%2F25&k_raceNo=5&k_babaCode=21,data/cache/html/19771025_kawasaki_5.html
19771025_kawasaki_6,1977-10-25,kawasaki,6,https://www.keiba.go.jp/KeibaWeb/TodayRaceInfo/RaceMarkTable?k_raceDate=1977%2F10%2F25&k_raceNo=6&k_babaCode=21,data/cache/html/19771025_kawasaki_6.html
19771025_kawasaki_7,1977-10-25,kawasaki,7,https://www.keiba.go.jp/KeibaWeb/TodayRaceInfo/RaceMarkTable?k_raceDate=1977%2F10%2F25&k_raceNo=7&k_babaCode=21,data/cache/html/19771025_kawasaki_7.html
19771025_kawasaki_8,1977-10-25,kawasaki,8,https://www.keiba.go.jp/KeibaWeb/TodayRaceInfo/RaceMarkTable?k_raceDate=1977%2F10%2F25&k_raceNo=8&k_babaCode=21,data/cache/html/19771025_kawasaki_8.html
19771025_kawasaki_9,1977-10-25,kawasaki,9,https://www.keiba.go.jp/KeibaWeb/TodayRaceInfo/RaceMarkTable?k_raceDate=1977%2F10%2F25&k_raceNo=9&k_babaCode=21,data/cache/html/19771025_kawasaki_9.html
19771025_kawasaki_10,1977-10-25,kawasaki,10,https://www.keiba.go.jp/KeibaWeb/TodayRaceInfo/RaceMarkTable?k_raceDate=1977%2F10%2F25&k_raceNo=10&k_babaCode=21,data/cache/html/19771025_kawasaki_10.html
19771025_kawasaki_11,1977-10-25,kawasaki,11,https://www.keiba.go.jp/KeibaWeb/TodayRaceInfo/RaceMarkTable?k_raceDate=1977%2F10%2F25&k_raceNo=11&k_babaCode=21,data/cache/html/19771025_kawasaki_11.html
19771025_kawasaki_12,1977-10-25,kawasaki,12,https://www.keiba.go.jp/KeibaWeb/TodayRaceInfo/RaceMarkTable?k_raceDate=1977%2F10%2F25&k_raceNo=12&k_babaCode=21,data/cache/html/19771025_kawasaki_12.html
19771024_kawasaki_1,1977-10-24,kawasaki,1,https://www.keiba.go.jp/KeibaWeb/TodayRaceInfo/RaceMarkTable?k_raceDate=1977%2F10%2F24&k_raceNo=1&k_babaCode=21,data/cache/html/19771024_kawasaki_1.html
19771024_kawasaki_2,1977-10-24,kawasaki,2,https://www.keiba.go.jp/KeibaWeb/TodayRaceInfo/RaceMarkTable?k_raceDate=1977%2F10%2F24&k_raceNo=2&k_babaCode=21,data/cache/html/19771024_kawasaki_2.html
19771024_kawasaki_3,1977-10-24,kawasaki,3,https://www.keiba.go.jp/KeibaWeb/TodayRaceInfo/RaceMarkTable?k_raceDate=1977%2F10%2F24&k_raceNo=3&k_babaCode=21,data/cache/html/19771024_kawasaki_3.html
19771024_kawasaki_4,1977-10-24,kawasaki,4,https://www.keiba.go.jp/KeibaWeb/TodayRaceInfo/RaceMarkTable?k_raceDate=1977%2F10%2F24&k_raceNo=4&k_babaCode=21,data/cache/html/19771024_kawasaki_4.html
19771024_kawasaki_5,1977-10-24,kawasaki,5,https://www.keiba.go.jp/KeibaWeb/TodayRaceInfo/RaceMarkTable?k_raceDate=1977%2F10%2F24&k_raceNo=5&k_babaCode=21,data/cache/html/19771024_kawasaki_5.html
19771024_kawasaki_6,1977-10-24,kawasaki,6,https://www.keiba.go.jp/KeibaWeb/TodayRaceInfo/RaceMarkTable?k_raceDate=1977%2F10%2F24&k_raceNo=6&k_babaCode=21,data/cache/html/19771024_kawasaki_6.html
19771024_kawasaki_7,1977-10-24,kawasaki,7,https://www.keiba.go.jp/KeibaWeb/TodayRaceInfo/RaceMarkTable?k_raceDate=1977%2F10%2F24&k_raceNo=7&k_babaCode=21,data/cache/html/19771024_kawasaki_7.html
19771024_kawasaki_8,1977-10-24,kawasaki,8,https://www.keiba.go.jp/KeibaWeb/TodayRaceInfo/RaceMarkTable?k_raceDate=1977%2F10%2F24&k_raceNo=8&k_babaCode=21,data/cache/html/19771024_kawasaki_8.html
19771024_kawasaki_9,1977-10-24,kawasaki,9,https://www.keiba.go.jp/KeibaWeb/TodayRaceInfo/RaceMarkTable?k_raceDate=1977%2F10%2F24&k_raceNo=9&k_babaCode=21,data/cache/html/19771024_kawasaki_9.html
19771024_kawasaki_10,1977-10-24,kawasaki,10,https://www.keiba.go.jp/KeibaWeb/TodayRaceInfo/RaceMarkTable?k_raceDate=1977%2F10%2F24&k_raceNo=10&k_babaCode=21,data/cache/html/19771024_kawasaki_10.html
19771024_kawasaki_11,1977-10-24,kawasaki,11,https://www.keiba.go.jp/KeibaWeb/TodayRaceInfo/RaceMarkTable?k_raceDate=1977%2F10%2F24&k_raceNo=11&k_babaCode=21,data/cache/html/19771024_kawasaki_11.html
19771024_kawasaki_12,1977-10-24,kawasaki,12,https://www.keiba.go.jp/KeibaWeb/TodayRaceInfo/RaceMarkTable?k_raceDate=1977%2F10%2F24&k_raceNo=12&k_babaCode=21,data/cache/html/19771024_kawasaki_12.html
19771023_kawasaki_1,1977-10-23,kawasaki,1,https://www.keiba.go.jp/KeibaWeb/TodayRaceInfo/RaceMarkTable?k_raceDate=1977%2F10%2F23&k_raceNo=1&k_babaCode=21,data/cache/html/19771023_kawasaki_1.html
19771023_kawasaki_2,1977-10-23,kawasaki,2,https://www.keiba.go.jp/KeibaWeb/TodayRaceInfo/RaceMarkTable?k_raceDate=1977%2F10%2F23&k_raceNo=2&k_babaCode=21,data/cache/html/19771023_kawasaki_2.html
19771023_kawasaki_3,1977-10-23,kawasaki,3,https://www.keiba.go.jp/KeibaWeb/TodayRaceInfo/RaceMarkTable?k_raceDate=1977%2F10%2F23&k_raceNo=3&k_babaCode=21,data/cache/html/19771023_kawasaki_3.html
19771023_kawasaki_4,1977-10-23,kawasaki,4,https://www.keiba.go.jp/KeibaWeb/TodayRaceInfo/RaceMarkTable?k_raceDate=1977%2F10%2F23&k_raceNo=4&k_babaCode=21,data/cache/html/19771023_kawasaki_4.html
19771023_kawasaki_5,1977-10-23,kawasaki,5,https://www.keiba.go.jp/KeibaWeb/TodayRaceInfo/RaceMarkTable?k_raceDate=1977%2F10%2F23&k_raceNo=5&k_babaCode=21,data/cache/html/19771023_kawasaki_5.html
19771023_kawasaki_6,1977-10-23,kawasaki,6,https://www.keiba.go.jp/KeibaWeb/TodayRaceInfo/RaceMarkTable?k_raceDate=1977%2F10%2F23&k_raceNo=6&k_babaCode=21,data/cache/html/19771023_kawasaki_6.html
19771023_kawasaki_7,1977-10-23,kawasaki,7,https://www.keiba.go.jp/KeibaWeb/TodayRaceInfo/RaceMarkTable?k_raceDate=1977%2F10%2F23&k_raceNo=7&k_babaCode=21,data/cache/html/19771023_kawasaki_7.html
19771023_kawasaki_8,1977-10-23,kawasaki,8,https://www.keiba.go.jp/KeibaWeb/TodayRaceInfo/RaceMarkTable?k_raceDate=1977%2F10%2F23&k_raceNo=8&k_babaCode=21,data/cache/html/19771023_kawasaki_8.html
19771023_kawasaki_9,1977-10-23,kawasaki,9,https://www.keiba.go.jp/KeibaWeb/TodayRaceInfo/RaceMarkTable?k_raceDate=1977%2F10%2F23&k_raceNo=9&k_babaCode=21,data/cache/html/19771023_kawasaki_9.html
19771023_kawasaki_10,1977-10-23,kawasaki,10,https://www.keiba.go.jp/KeibaWeb/TodayRaceInfo/RaceMarkTable?k_raceDate=1977%2F10%2F23&k_raceNo=10&k_babaCode=21,data/cache/html/19771023_kawasaki_10.html
19771023_kawasaki_11,1977-10-23,kawasaki,11,https://www.keiba.go.jp/KeibaWeb/TodayRaceInfo/RaceMarkTable?k_raceDate=1977%2F10%2F23&k_raceNo=11&k_babaCode=21,data/cache/html/19771023_kawasaki_11.html
19771023_kawasaki_12,1977-10-23,kawasaki,12,https://www.keiba.go.jp/KeibaWeb/TodayRaceInfo/RaceMarkTable?k_raceDate=1977%2F10%2F23&k_raceNo=12&k_babaCode=21,data/cache/html/19771023_kawasaki_12.html
19771022_kawasaki_1,1977-10-22,kawasaki,1,https://www.keiba.go.jp/KeibaWeb/TodayRaceInfo/RaceMarkTable?k_raceDate=1977%2F10%2F22&k_raceNo=1&k_babaCode=21,data/cache/html/19771022_kawasaki_1.html
19771022_kawasaki_2,1977-10-22,kawasaki,2,https://www.keiba.go.jp/KeibaWeb/TodayRaceInfo/RaceMarkTable?k_raceDate=1977%2F10%2F22&k_raceNo=2&k_babaCode=21,data/cache/html/19771022_kawasaki_2.html
19771022_kawasaki_3,1977-10-22,kawasaki,3,https://www.keiba.go.jp/KeibaWeb/TodayRaceInfo/RaceMarkTable?k_raceDate=1977%2F10%2F22&k_raceNo=3&k_babaCode=21,data/cache/html/19771022_kawasaki_3.html
19771022_kawasaki_4,1977-10-22,kawasaki,4,https://www.keiba.go.jp/KeibaWeb/TodayRaceInfo/RaceMarkTable?k_raceDate=1977%2F10%2F22&k_raceNo=4&k_babaCode=21,data/cache/html/19771022_kawasaki_4.html
19771022_kawasaki_5,1977-10-22,kawasaki,5,https://www.keiba.go.jp/KeibaWeb/TodayRaceInfo/RaceMarkTable?k_raceDate=1977%2F10%2F22&k_raceNo=5&k_babaCode=21,data/cache/html/19771022_kawasaki_5.html
19771022_kawasaki_6,1977-10-22,kawasaki,6,https://www.keiba.go.jp/KeibaWeb/TodayRaceInfo/RaceMarkTable?k_raceDate=1977%2F10%2F22&k_raceNo=6&k_babaCode=21,data/cache/html/19771022_kawasaki_6.html
19771022_kawasaki_7,1977-10-22,kawasaki,7,https://www.keiba.go.jp/KeibaWeb/TodayRaceInfo/RaceMarkTable?k_raceDate=1977%2F10%2F22&k_raceNo=7&k_babaCode=21,data/cache/html/19771022_kawasaki_7.html
19771022_kawasaki_8,1977-10-22,kawasaki,8,https://www.keiba.go.jp/KeibaWeb/TodayRaceInfo/RaceMarkTable?k_raceDate=1977%2F10%2F22&k_raceNo=8&k_babaCode=21,data/cache/html/19771022_kawasaki_8.html
19771022_kawasaki_9,1977-10-22,kawasaki,9,https://www.keiba.go.jp/KeibaWeb/TodayRaceInfo/RaceMarkTable?k_raceDate=1977%2F10%2F22&k_raceNo=9&k_babaCode=21,data/cache/html/19771022_kawasaki_9.html
19771022_kawasaki_10,1977-10-22,kawasaki,10,https://www.keiba.go.jp/KeibaWeb/TodayRaceInfo/RaceMarkTable?k_raceDate=1977%2F10%2F22&k_raceNo=10&k_babaCode=21,data/cache/html/19771022_kawasaki_10.html
19771022_kawasaki_11,1977-10-22,kawasaki,11,https://www.keiba.go.jp/KeibaWeb/TodayRaceInfo/RaceMarkTable?k_raceDate=1977%2F10%2F22&k_raceNo=11&k_babaCode=21,data/cache/html/19771022_kawasaki_11.html
19771022_kawasaki_12,1977-10-22,kawasaki,12,https://www.keiba.go.jp/KeibaWeb/TodayRaceInfo/RaceMarkTable?k_raceDate=1977%2F10%2F22&k_raceNo=12&k_babaCode=21,data/cache/html/19771022_kawasaki_12.html
19771021_kawasaki_1,1977-10-21,kawasaki,1,https://www.keiba.go.jp/KeibaWeb/TodayRaceInfo/RaceMarkTable?k_raceDate=1977%2F10%2F21&k_raceNo=1&k_babaCode=21,data/cache/html/19771021_kawasaki_1.html
19771021_kawasaki_2,1977-10-21,kawasaki,2,https://www.keiba.go.jp/KeibaWeb/TodayRaceInfo/RaceMarkTable?k_raceDate=1977%2F10%2F21&k_raceNo=2&k_babaCode=21,data/cache/html/19771021_kawasaki_2.html
19771021_kawasaki_3,1977-10-21,kawasaki,3,https://www.keiba.go.jp/KeibaWeb/TodayRaceInfo/RaceMarkTable?k_raceDate=1977%2F10%2F21&k_raceNo=3&k_babaCode=21,data/cache/html/19771021_kawasaki_3.html
19771021_kawasaki_4,1977-10-21,kawasaki,4,https://www.keiba.go.jp/KeibaWeb/TodayRaceInfo/RaceMarkTable?k_raceDate=1977%2F10%2F21&k_raceNo=4&k_babaCode=21,data/cache/html/19771021_kawasaki_4.html
19771021_kawasaki_5,1977-10-21,kawasaki,5,https://www.keiba.go.jp/KeibaWeb/TodayRaceInfo/RaceMarkTable?k_raceDate=1977%2F10%2F21&k_raceNo=5&k_babaCode=21,data/cache/html/19771021_kawasaki_5.html
19771021_kawasaki_6,1977-10-21,kawasaki,6,https://www.keiba.go.jp/KeibaWeb/TodayRaceInfo/RaceMarkTable?k_raceDate=1977%2F10%2F21&k_raceNo=6&k_babaCode=21,data/cache/html/19771021_kawasaki_6.html
19771021_kawasaki_7,1977-10-21,kawasaki,7,https://www.keiba.go.jp/KeibaWeb/TodayRaceInfo/RaceMarkTable?k_raceDate=1977%2F10%2F21&k_raceNo=7&k_babaCode=21,data/cache/html/19771021_kawasaki_7.html
19771021_kawasaki_8,1977-10-21,kawasaki,8,https://www.keiba.go.jp/KeibaWeb/TodayRaceInfo/RaceMarkTable?k_raceDate=1977%2F10%2F21&k_raceNo=8&k_babaCode=21,data/cache/html/19771021_kawasaki_8.html
19771021_kawasaki_9,1977-10-21,kawasaki,9,https://www.keiba.go.jp/KeibaWeb/TodayRaceInfo/RaceMarkTable?k_raceDate=1977%2F10%2F21&k_raceNo=9&k_babaCode=21,data/cache/html/19771021_kawasaki_9.html
19771021_kawasaki_10,1977-10-21,kawasaki,10,https://www.keiba.go.jp/KeibaWeb/TodayRaceInfo/RaceMarkTable?k_raceDate=1977%2F10%2F21&k_raceNo=10&k_babaCode=21,data/cache/html/19771021_kawasaki_10.html
19771021_kawasaki_11,1977-10-21,kawasaki,11,https://www.keiba.go.jp/KeibaWeb/TodayRaceInfo/RaceMarkTable?k_raceDate=1977%2F10%2F21&k_raceNo=11&k_babaCode=21,data/cache/html/19771021_kawasaki_11.html
19771021_kawasaki_12,1977-10-21,kawasaki,12,https://www.keiba.go.jp/KeibaWeb/TodayRaceInfo/RaceMarkTable?k_raceDate=1977%2F10%2F21&k_raceNo=12&k_babaCode=21,data/cache/html/19771021_kawasaki_12.html
19771020_kawasaki_1,1977-10-20,kawasaki,1,https://www.keiba.go.jp/KeibaWeb/TodayRaceInfo/RaceMarkTable?k_raceDate=1977%2F10%2F20&k_raceNo=1&k_babaCode=21,data/cache/html/19771020_kawasaki_1.html
19771020_kawasaki_2,1977-10-20,kawasaki,2,https://www.keiba.go.jp/KeibaWeb/TodayRaceInfo/RaceMarkTable?k_raceDate=1977%2F10%2F20&k_raceNo=2&k_babaCode=21,data/cache/html/19771020_kawasaki_2.html
19771020_kawasaki_3,1977-10-20,kawasaki,3,https://www.keiba.go.jp/KeibaWeb/TodayRaceInfo/RaceMarkTable?k_raceDate=1977%2F10%2F20&k_raceNo=3&k_babaCode=21,data/cache/html/19771020_kawasaki_3.html
19771020_kawasaki_4,1977-10-20,kawasaki,4,https://www.keiba.go.jp/KeibaWeb/TodayRaceInfo/RaceMarkTable?k_raceDate=1977%2F10%2F20&k_raceNo=4&k_babaCode=21,data/cache/html/19771020_kawasaki_4.html
19771020_kawasaki_5,1977-10-20,kawasaki,5,https://www.keiba.go.jp/KeibaWeb/TodayRaceInfo/RaceMarkTable?k_raceDate=1977%2F10%2F20&k_raceNo=5&k_babaCode=21,data/cache/html/19771020_kawasaki_5.html
19771020_kawasaki_6,1977-10-20,kawasaki,6,https://www.keiba.go.jp/KeibaWeb/TodayRaceInfo/RaceMarkTable?k_raceDate=1977%2F10%2F20&k_raceNo=6&k_babaCode=21,data/cache/html/19771020_kawasaki_6.html
19771020_kawasaki_7,1977-10-20,kawasaki,7,https://www.keiba.go.jp/KeibaWeb/TodayRaceInfo/RaceMarkTable?k_raceDate=1977%2F10%2F20&k_raceNo=7&k_babaCode=21,data/cache/html/19771020_kawasaki_7.html
19771020_kawasaki_8,1977-10-20,kawasaki,8,https://www.keiba.go.jp/KeibaWeb/TodayRaceInfo/RaceMarkTable?k_raceDate=1977%2F10%2F20&k_raceNo=8&k_babaCode=21,data/cache/html/19771020_kawasaki_8.html
19771020_kawasaki_9,1977-10-20,kawasaki,9,https://www.keiba.go.jp/KeibaWeb/TodayRaceInfo/RaceMarkTable?k_raceDate=1977%2F10%2F20&k_raceNo=9&k_babaCode=21,data/cache/html/19771020_kawasaki_9.html
19771020_kawasaki_10,1977-10-20,kawasaki,10,https://www.keiba.go.jp/KeibaWeb/TodayRaceInfo/RaceMarkTable?k_raceDate=1977%2F10%2F20&k_raceNo=10&k_babaCode=21,data/cache/html/19771020_kawasaki_10.html
19771020_kawasaki_11,1977-10-20,kawasaki,11,https://www.keiba.go.jp/KeibaWeb/TodayRaceInfo/RaceMarkTable?k_raceDate=1977%2F10%2F20&k_raceNo=11&k_babaCode=21,data/cache/html/19771020_kawasaki_11.html
19771020_kawasaki_12,1977-10-20,kawasaki,12,https://www.keiba.go.jp/KeibaWeb/TodayRaceInfo/RaceMarkTable?k_raceDate=1977%2F10%2F20&k_raceNo=12&k_babaCode=21,data/cache/html/19771020_kawasaki_12.html
19771019_kawasaki_1,1977-10-19,kawasaki,1,https://www.keiba.go.jp/KeibaWeb/TodayRaceInfo/RaceMarkTable?k_raceDate=1977%2F10%2F19&k_raceNo=1&k_babaCode=21,data/cache/html/19771019_kawasaki_1.html
19771019_kawasaki_2,1977-10-19,kawasaki,2,https://www.keiba.go.jp/KeibaWeb/TodayRaceInfo/RaceMarkTable?k_raceDate=1977%2F10%2F19&k_raceNo=2&k_babaCode=21,data/cache/html/19771019_kawasaki_2.html
19771019_kawasaki_3,1977-10-19,kawasaki,3,https://www.keiba.go.jp/KeibaWeb/TodayRaceInfo/RaceMarkTable?k_raceDate=1977%2F10%2F19&k_raceNo=3&k_babaCode=21,data/cache/html/19771019_kawasaki_3.html
19771019_kawasaki_4,1977-10-19,kawasaki,4,https://www.keiba.go.jp/KeibaWeb/TodayRaceInfo/RaceMarkTable?k_raceDate=1977%2F10%2F19&k_raceNo=4&k_babaCode=21,data/cache/html/19771019_kawasaki_4.html
19771019_kawasaki_5,1977-10-19,kawasaki,5,https://www.keiba.go.jp/KeibaWeb/TodayRaceInfo/RaceMarkTable?k_raceDate=1977%2F10%2F19&k_raceNo=5&k_babaCode=21,data/cache/html/19771019_kawasaki_5.html
19771019_kawasaki_6,1977-10-19,kawasaki,6,https://www.keiba.go.jp/KeibaWeb/TodayRaceInfo/RaceMarkTable?k_raceDate=1977%2F10%2F19&k_raceNo=6&k_babaCode=21,data/cache/html/19771019_kawasaki_6.html
19771019_kawasaki_7,1977-10-19,kawasaki,7,https://www.keiba.go.jp/KeibaWeb/TodayRaceInfo/RaceMarkTable?k_raceDate=1977%2F10%2F19&k_raceNo=7&k_babaCode=21,data/cache/html/19771019_kawasaki_7.html
19771019_kawasaki_8,1977-10-19,kawasaki,8,https://www.keiba.go.jp/KeibaWeb/TodayRaceInfo/RaceMarkTable?k_raceDate=1977%2F10%2F19&k_raceNo=8&k_babaCode=21,data/cache/html/19771019_kawasaki_8.html
19771019_kawasaki_9,1977-10-19,kawasaki,9,https://www.keiba.go.jp/KeibaWeb/TodayRaceInfo/RaceMarkTable?k_raceDate=1977%2F10%2F19&k_raceNo=9&k_babaCode=21,data/cache/html/19771019_kawasaki_9.html
19771019_kawasaki_10,1977-10-19,kawasaki,10,https://www.keiba.go.jp/KeibaWeb/TodayRaceInfo/RaceMarkTable?k_raceDate=1977%2F10%2F19&k_raceNo=10&k_babaCode=21,data/cache/html/19771019_kawasaki_10.html
19771019_kawasaki_11,1977-10-19,kawasaki,11,https://www.keiba.go.jp/KeibaWeb/TodayRaceInfo/RaceMarkTable?k_raceDate=1977%2F10%2F19&k_raceNo=11&k_babaCode=21,data/cache/html/19771019_kawasaki_11.html
19771019_kawasaki_12,1977-10-19,kawasaki,12,https://www.keiba.go.jp/KeibaWeb/TodayRaceInfo/RaceMarkTable?k_raceDate=1977%2F10%2F19&k_raceNo=12&k_babaCode=21,data/cache/html/19771019_kawasaki_12.html
19771018_kawasaki_1,1977-10-18,kawasaki,1,https://www.keiba.go.jp/KeibaWeb/TodayRaceInfo/RaceMarkTable?k_raceDate=1977%2F10%2F18&k_raceNo=1&k_babaCode=21,data/cache/html/19771018_kawasaki_1.html
19771018_kawasaki_2,1977-10-18,kawasaki,2,https://www.keiba.go.jp/KeibaWeb/TodayRaceInfo/RaceMarkTable?k_raceDate=1977%2F10%2F18&k_raceNo=2&k_babaCode=21,data/cache/html/19771018_kawasaki_2.html
19771018_kawasaki_3,1977-10-18,kawasaki,3,https://www.keiba.go.jp/KeibaWeb/TodayRaceInfo/RaceMarkTable?k_raceDate=1977%2F10%2F18&k_raceNo=3&k_babaCode=21,data/cache/html/19771018_kawasaki_3.html
19771018_kawasaki_4,1977-10-18,kawasaki,4,https://www.keiba.go.jp/KeibaWeb/TodayRaceInfo/RaceMarkTable?k_raceDate=1977%2F10%2F18&k_raceNo=4&k_babaCode=21,data/cache/html/19771018_kawasaki_4.html
19771018_kawasaki_5,1977-10-18,kawasaki,5,https://www.keiba.go.jp/KeibaWeb/TodayRaceInfo/RaceMarkTable?k_raceDate=1977%2F10%2F18&k_raceNo=5&k_babaCode=21,data/cache/html/19771018_kawasaki_5.html
19771018_kawasaki_6,1977-10-18,kawasaki,6,https://www.keiba.go.jp/KeibaWeb/TodayRaceInfo/RaceMarkTable?k_raceDate=1977%2F10%2F18&k_raceNo=6&k_babaCode=21,data/cache/html/19771018_kawasaki_6.html
19771018_kawasaki_7,1977-10-18,kawasaki,7,https://www.keiba.go.jp/KeibaWeb/TodayRaceInfo/RaceMarkTable?k_raceDate=1977%2F10%2F18&k_raceNo=7&k_babaCode=21,data/cache/html/19771018_kawasaki_7.html
19771018_kawasaki_8,1977-10-18,kawasaki,8,https://www.keiba.go.jp/KeibaWeb/TodayRaceInfo/RaceMarkTable?k_raceDate=1977%2F10%2F18&k_raceNo=8&k_babaCode=21,data/cache/html/19771018_kawasaki_8.html
19771018_kawasaki_9,1977-10-18,kawasaki,9,https://www.keiba.go.jp/KeibaWeb/TodayRaceInfo/RaceMarkTable?k_raceDate=1977%2F10%2F18&k_raceNo=9&k_babaCode=21,data/cache/html/19771018_kawasaki_9.html
19771018_kawasaki_10,1977-10-18,kawasaki,10,https://www.keiba.go.jp/KeibaWeb/TodayRaceInfo/RaceMarkTable?k_raceDate=1977%2F10%2F18&k_raceNo=10&k_babaCode=21,data/cache/html/19771018_kawasaki_10.html
19771018_kawasaki_11,1977-10-18,kawasaki,11,https://www.keiba.go.jp/KeibaWeb/TodayRaceInfo/RaceMarkTable?k_raceDate=1977%2F10%2F18&k_raceNo=11&k_babaCode=21,data/cache/html/19771018_kawasaki_11.html
19771018_kawasaki_12,1977-10-18,kawasaki,12,https://www.keiba.go.jp/KeibaWeb/TodayRaceInfo/RaceMarkTable?k_raceDate=1977%2F10%2F18&k_raceNo=12&k_babaCode=21,data/cache/html/19771018_kawasaki_12.html
19771017_kawasaki_1,1977-10-17,kawasaki,1,https://www.keiba.go.jp/KeibaWeb/TodayRaceInfo/RaceMarkTable?k_raceDate=1977%2F10%2F17&k_raceNo=1&k_babaCode=21,data/cache/html/19771017_kawasaki_1.html
19771017_kawasaki_2,1977-10-17,kawasaki,2,https://www.keiba.go.jp/KeibaWeb/TodayRaceInfo/RaceMarkTable?k_raceDate=1977%2F10%2F17&k_raceNo=2&k_babaCode=21,data/cache/html/19771017_kawasaki_2.html
19771017_kawasaki_3,1977-10-17,kawasaki,3,https://www.keiba.go.jp/KeibaWeb/TodayRaceInfo/RaceMarkTable?k_raceDate=1977%2F10%2F17&k_raceNo=3&k_babaCode=21,data/cache/html/19771017_kawasaki_3.html
19771017_kawasaki_4,1977-10-17,kawasaki,4,https://www.keiba.go.jp/KeibaWeb/TodayRaceInfo/RaceMarkTable?k_raceDate=1977%2F10%2F17&k_raceNo=4&k_babaCode=21,data/cache/html/19771017_kawasaki_4.html
19771017_kawasaki_5,1977-10-17,kawasaki,5,https://www.keiba.go.jp/KeibaWeb/TodayRaceInfo/RaceMarkTable?k_raceDate=1977%2F10%2F17&k_raceNo=5&k_babaCode=21,data/cache/html/19771017_kawasaki_5.html
19771017_kawasaki_6,1977-10-17,kawasaki,6,https://www.keiba.go.jp/KeibaWeb/TodayRaceInfo/RaceMarkTable?k_raceDate=1977%2F10%2F17&k_raceNo=6&k_babaCode=21,data/cache/html/19771017_kawasaki_6.html
19771017_kawasaki_7,1977-10-17,kawasaki,7,https://www.keiba.go.jp/KeibaWeb/TodayRaceInfo/RaceMarkTable?k_raceDate=1977%2F10%2F17&k_raceNo=7&k_babaCode=21,data/cache/html/19771017_kawasaki_7.html
19771017_kawasaki_8,1977-10-17,kawasaki,8,https://www.keiba.go.jp/KeibaWeb/TodayRaceInfo/RaceMarkTable?k_raceDate=1977%2F10%2F17&k_raceNo=8&k_babaCode=21,data/cache/html/19771017_kawasaki_8.html
19771017_kawasaki_9,1977-10-17,kawasaki,9,https://www.keiba.go.jp/KeibaWeb/TodayRaceInfo/RaceMarkTable?k_raceDate=1977%2F10%2F17&k_raceNo=9&k_babaCode=21,data/cache/html/19771017_kawasaki_9.html
19771017_kawasaki_10,1977-10-17,kawasaki,10,https://www.keiba.go.jp/KeibaWeb/TodayRaceInfo/RaceMarkTable?k_raceDate=1977%2F10%2F17&k_raceNo=10&k_babaCode=21,data/cache/html/19771017_kawasaki_10.html
19771017_kawasaki_11,1977-10-17,kawasaki,11,https://www.keiba.go.jp/KeibaWeb/TodayRaceInfo/RaceMarkTable?k_raceDate=1977%2F10%2F17&k_raceNo=11&k_babaCode=21,data/cache/html/19771017_kawasaki_11.html
19771017_kawasaki_12,1977-10-17,kawasaki,12,https://www.keiba.go.jp/KeibaWeb/TodayRaceInfo/RaceMarkTable?k_raceDate=1977%2F10%2F17&k_raceNo=12&k_babaCode=21,data/cache/html/19771017_kawasaki_12.html
19771016_kawasaki_1,1977-10-16,kawasaki,1,https://www.keiba.go.jp/KeibaWeb/TodayRaceInfo/RaceMarkTable?k_raceDate=1977%2F10%2F16&k_raceNo=1&k_babaCode=21,data/cache/html/19771016_kawasaki_1.html
19771016_kawasaki_2,1977-10-16,kawasaki,2,https://www.keiba.go.jp/KeibaWeb/TodayRaceInfo/RaceMarkTable?k_raceDate=1977%2F10%2F16&k_raceNo=2&k_babaCode=21,data/cache/html/19771016_kawasaki_2.html
19771016_kawasaki_3,1977-10-16,kawasaki,3,https://www.keiba.go.jp/KeibaWeb/TodayRaceInfo/RaceMarkTable?k_raceDate=1977%2F10%2F16&k_raceNo=3&k_babaCode=21,data/cache/html/19771016_kawasaki_3.html
19771016_kawasaki_4,1977-10-16,kawasaki,4,https://www.keiba.go.jp/KeibaWeb/TodayRaceInfo/RaceMarkTable?k_raceDate=1977%2F10%2F16&k_raceNo=4&k_babaCode=21,data/cache/html/19771016_kawasaki_4.html
19771016_kawasaki_5,1977-10-16,kawasaki,5,https://www.keiba.go.jp/KeibaWeb/TodayRaceInfo/RaceMarkTable?k_raceDate=1977%2F10%2F16&k_raceNo=5&k_babaCode=21,data/cache/html/19771016_kawasaki_5.html
19771016_kawasaki_6,1977-10-16,kawasaki,6,https://www.keiba.go.jp/KeibaWeb/TodayRaceInfo/RaceMarkTable?k_raceDate=1977%2F10%2F16&k_raceNo=6&k_babaCode=21,data/cache/html/19771016_kawasaki_6.html
19771016_kawasaki_7,1977-10-16,kawasaki,7,https://www.keiba.go.jp/KeibaWeb/TodayRaceInfo/RaceMarkTable?k_raceDate=1977%2F10%2F16&k_raceNo=7&k_babaCode=21,data/cache/html/19771016_kawasaki_7.html
19771016_kawasaki_8,1977-10-16,kawasaki,8,https://www.keiba.go.jp/KeibaWeb/TodayRaceInfo/RaceMarkTable?k_raceDate=1977%2F10%2F16&k_raceNo=8&k_babaCode=21,data/cache/html/19771016_kawasaki_8.html
19771016_kawasaki_9,1977-10-16,kawasaki,9,https://www.keiba.go.jp/KeibaWeb/TodayRaceInfo/RaceMarkTable?k_raceDate=1977%2F10%2F16&k_raceNo=9&k_babaCode=21,data/cache/html/19771016_kawasaki_9.html
19771016_kawasaki_10,1977-10-16,kawasaki,10,https://www.keiba.go.jp/KeibaWeb/TodayRaceInfo/RaceMarkTable?k_raceDate=1977%2F10%2F16&k_raceNo=10&k_babaCode=21,data/cache/html/19771016_kawasaki_10.html
19771016_kawasaki_11,1977-10-16,kawasaki,11,https://www.keiba.go.jp/KeibaWeb/TodayRaceInfo/RaceMarkTable?k_raceDate=1977%2F10%2F16&k_raceNo=11&k_babaCode=21,data/cache/html/19771016_kawasaki_11.html
19771016_kawasaki_12,1977-10-16,kawasaki,12,https://www.keiba.go.jp/KeibaWeb/TodayRaceInfo/RaceMarkTable?k_raceDate=1977%2F10%2F16&k_raceNo=12&k_babaCode=21,data/cache/html/19771016_kawasaki_12.html
19771015_kawasaki_1,1977-10-15,kawasaki,1,https://www.keiba.go.jp/KeibaWeb/TodayRaceInfo/RaceMarkTable?k_raceDate=1977%2F10%2F15&k_raceNo=1&k_babaCode=21,data/cache/html/19771015_kawasaki_1.html
19771015_kawasaki_2,1977-10-15,kawasaki,2,https://www.keiba.go.jp/KeibaWeb/TodayRaceInfo/RaceMarkTable?k_raceDate=1977%2F10%2F15&k_raceNo=2&k_babaCode=21,data/cache/html/19771015_kawasaki_2.html
19771015_kawasaki_3,1977-10-15,kawasaki,3,https://www.keiba.go.jp/KeibaWeb/TodayRaceInfo/RaceMarkTable?k_raceDate=1977%2F10%2F15&k_raceNo=3&k_babaCode=21,data/cache/html/19771015_kawasaki_3.html
19771015_kawasaki_4,1977-10-15,kawasaki,4,https://www.keiba.go.jp/KeibaWeb/TodayRaceInfo/RaceMarkTable?k_raceDate=1977%2F10%2F15&k_raceNo=4&k_babaCode=21,data/cache/html/19771015_kawasaki_4.html
19771015_kawasaki_5,1977-10-15,kawasaki,5,https://www.keiba.go.jp/KeibaWeb/TodayRaceInfo/RaceMarkTable?k_raceDate=1977%2F10%2F15&k_raceNo=5&k_babaCode=21,data/cache/html/19771015_kawasaki_5.html
19771015_kawasaki_6,1977-10-15,kawasaki,6,https://www.keiba.go.jp/KeibaWeb/TodayRaceInfo/RaceMarkTable?k_raceDate=1977%2F10%2F15&k_raceNo=6&k_babaCode=21,data/cache/html/19771015_kawasaki_6.html
19771015_kawasaki_7,1977-10-15,kawasaki,7,https://www.keiba.go.jp/KeibaWeb/TodayRaceInfo/RaceMarkTable?k_raceDate=1977%2F10%2F15&k_raceNo=7&k_babaCode=21,data/cache/html/19771015_kawasaki_7.html
19771015_kawasaki_8,1977-10-15,kawasaki,8,https://www.keiba.go.jp/KeibaWeb/TodayRaceInfo/RaceMarkTable?k_raceDate=1977%2F10%2F15&k_raceNo=8&k_babaCode=21,data/cache/html/19771015_kawasaki_8.html
19771015_kawasaki_9,1977-10-15,kawasaki,9,https://www.keiba.go.jp/KeibaWeb/TodayRaceInfo/RaceMarkTable?k_raceDate=1977%2F10%2F15&k_raceNo=9&k_babaCode=21,data/cache/html/19771015_kawasaki_9.html
19771015_kawasaki_10,1977-10-15,kawasaki,10,https://www.keiba.go.jp/KeibaWeb/TodayRaceInfo/RaceMarkTable?k_raceDate=1977%2F10%2F15&k_raceNo=10&k_babaCode=21,data/cache/html/19771015_kawasaki_10.html
19771015_kawasaki_11,1977-10-15,kawasaki,11,https://www.keiba.go.jp/KeibaWeb/TodayRaceInfo/RaceMarkTable?k_raceDate=1977%2F10%2F15&k_raceNo=11&k_babaCode=21,data/cache/html/19771015_kawasaki_11.html
19771015_kawasaki_12,1977-10-15,kawasaki,12,https://www.keiba.go.jp/KeibaWeb/TodayRaceInfo/RaceMarkTable?k_raceDate=1977%2F10%2F15&k_raceNo=12&k_babaCode=21,data/cache/html/19771015_kawasaki_12.html
19771014_kawasaki_1,1977-10-14,kawasaki,1,https://www.keiba.go.jp/KeibaWeb/TodayRaceInfo/RaceMarkTable?k_raceDate=1977%2F10%2F14&k_raceNo=1&k_babaCode=21,data/cache/html/19771014_kawasaki_1.html
19771014_kawasaki_2,1977-10-14,kawasaki,2,https://www.keiba.go.jp/KeibaWeb/TodayRaceInfo/RaceMarkTable?k_raceDate=1977%2F10%2F14&k_raceNo=2&k_babaCode=21,data/cache/html/19771014_kawasaki_2.html
19771014_kawasaki_3,1977-10-14,kawasaki,3,https://www.keiba.go.jp/KeibaWeb/TodayRaceInfo/RaceMarkTable?k_raceDate=1977%2F10%2F14&k_raceNo=3&k_babaCode=21,data/cache/html/19771014_kawasaki_3.html
19771014_kawasaki_4,1977-10-14,kawasaki,4,https://www.keiba.go.jp/KeibaWeb/TodayRaceInfo/RaceMarkTable?k_raceDate=1977%2F10%2F14&k_raceNo=4&k_babaCode=21,data/cache/html/19771014_kawasaki_4.html
19771014_kawasaki_5,1977-10-14,kawasaki,5,https://www.keiba.go.jp/KeibaWeb/TodayRaceInfo/RaceMarkTable?k_raceDate=1977%2F10%2F14&k_raceNo=5&k_babaCode=21,data/cache/html/19771014_kawasaki_5.html
19771014_kawasaki_6,1977-10-14,kawasaki,6,https://www.keiba.go.jp/KeibaWeb/TodayRaceInfo/RaceMarkTable?k_raceDate=1977%2F10%2F14&k_raceNo=6&k_babaCode=21,data/cache/html/19771014_kawasaki_6.html
19771014_kawasaki_7,1977-10-14,kawasaki,7,https://www.keiba.go.jp/KeibaWeb/TodayRaceInfo/RaceMarkTable?k_raceDate=1977%2F10%2F14&k_raceNo=7&k_babaCode=21,data/cache/html/19771014_kawasaki_7.html
19771014_kawasaki_8,1977-10-14,kawasaki,8,https://www.keiba.go.jp/KeibaWeb/TodayRaceInfo/RaceMarkTable?k_raceDate=1977%2F10%2F14&k_raceNo=8&k_babaCode=21,data/cache/html/19771014_kawasaki_8.html
19771014_kawasaki_9,1977-10-14,kawasaki,9,https://www.keiba.go.jp/KeibaWeb/TodayRaceInfo/RaceMarkTable?k_raceDate=1977%2F10%2F14&k_raceNo=9&k_babaCode=21,data/cache/html/19771014_kawasaki_9.html
19771014_kawasaki_10,1977-10-14,kawasaki,10,https://www.keiba.go.jp/KeibaWeb/TodayRaceInfo/RaceMarkTable?k_raceDate=1977%2F10%2F14&k_raceNo=10&k_babaCode=21,data/cache/html/19771014_kawasaki_10.html
19771014_kawasaki_11,1977-10-14,kawasaki,11,https://www.keiba.go.jp/KeibaWeb/TodayRaceInfo/RaceMarkTable?k_raceDate=1977%2F10%2F14&k_raceNo=11&k_babaCode=21,data/cache/html/19771014_kawasaki_11.html
19771014_kawasaki_12,1977-10-14,kawasaki,12,https://www.keiba.go.jp/KeibaWeb/TodayRaceInfo/RaceMarkTable?k_raceDate=1977%2F10%2F14&k_raceNo=12&k_babaCode=21,data/cache/html/19771014_kawasaki_12.html
19771013_kawasaki_1,1977-10-13,kawasaki,1,https://www.keiba.go.jp/KeibaWeb/TodayRaceInfo/RaceMarkTable?k_raceDate=1977%2F10%2F13&k_raceNo=1&k_babaCode=21,data/cache/html/19771013_kawasaki_1.html
19771013_kawasaki_2,1977-10-13,kawasaki,2,https://www.keiba.go.jp/KeibaWeb/TodayRaceInfo/RaceMarkTable?k_raceDate=1977%2F10%2F13&k_raceNo=2&k_babaCode=21,data/cache/html/19771013_kawasaki_2.html
19771013_kawasaki_3,1977-10-13,kawasaki,3,https://www.keiba.go.jp/KeibaWeb/TodayRaceInfo/RaceMarkTable?k_raceDate=1977%2F10%2F13&k_raceNo=3&k_babaCode=21,data/cache/html/19771013_kawasaki_3.html
19771013_kawasaki_4,1977-10-13,kawasaki,4,https://www.keiba.go.jp/KeibaWeb/TodayRaceInfo/RaceMarkTable?k_raceDate=1977%2F10%2F13&k_raceNo=4&k_babaCode=21,data/cache/html/19771013_kawasaki_4.html
19771013_kawasaki_5,1977-10-13,kawasaki,5,https://www.keiba.go.jp/KeibaWeb/TodayRaceInfo/RaceMarkTable?k_raceDate=1977%2F10%2F13&k_raceNo=5&k_babaCode=21,data/cache/html/19771013_kawasaki_5.html
19771013_kawasaki_6,1977-10-13,kawasaki,6,https://www.keiba.go.jp/KeibaWeb/TodayRaceInfo/RaceMarkTable?k_raceDate=1977%2F10%2F13&k_raceNo=6&k_babaCode=21,data/cache/html/19771013_kawasaki_6.html
19771013_kawasaki_7,1977-10-13,kawasaki,7,https://www.keiba.go.jp/KeibaWeb/TodayRaceInfo/RaceMarkTable?k_raceDate=1977%2F10%2F13&k_raceNo=7&k_babaCode=21,data/cache/html/19771013_kawasaki_7.html
19771013_kawasaki_8,1977-10-13,kawasaki,8,https://www.keiba.go.jp/KeibaWeb/TodayRaceInfo/RaceMarkTable?k_raceDate=1977%2F10%2F13&k_raceNo=8&k_babaCode=21,data/cache/html/19771013_kawasaki_8.html
19771013_kawasaki_9,1977-10-13,kawasaki,9,https://www.keiba.go.jp/KeibaWeb/TodayRaceInfo/RaceMarkTable?k_raceDate=1977%2F10%2F13&k_raceNo=9&k_babaCode=21,data/cache/html/19771013_kawasaki_9.html
19771013_kawasaki_10,1977-10-13,kawasaki,10,https://www.keiba.go.jp/KeibaWeb/TodayRaceInfo/RaceMarkTable?k_raceDate=1977%2F10%2F13&k_raceNo=10&k_babaCode=21,data/cache/html/19771013_kawasaki_10.html
19771013_kawasaki_11,1977-10-13,kawasaki,11,https://www.keiba.go.jp/KeibaWeb/TodayRaceInfo/RaceMarkTable?k_raceDate=1977%2F10%2F13&k_raceNo=11&k_babaCode=21,data/cache/html/19771013_kawasaki_11.html
19771013_kawasaki_12,1977-10-13,kawasaki,12,https://www.keiba.go.jp/KeibaWeb/TodayRaceInfo/RaceMarkTable?k_raceDate=1977%2F10%2F13&k_raceNo=12&k_babaCode=21,data/cache/html/19771013_kawasaki_12.html
19771012_kawasaki_1,1977-10-12,kawasaki,1,https://www.keiba.go.jp/KeibaWeb/TodayRaceInfo/RaceMarkTable?k_raceDate=1977%2F10%2F12&k_raceNo=1&k_babaCode=21,data/cache/html/19771012_kawasaki_1.html
19771012_kawasaki_2,1977-10-12,kawasaki,2,https://www.keiba.go.jp/KeibaWeb/TodayRaceInfo/RaceMarkTable?k_raceDate=1977%2F10%2F12&k_raceNo=2&k_babaCode=21,data/cache/html/19771012_kawasaki_2.html
19771012_kawasaki_3,1977-10-12,kawasaki,3,https://www.keiba.go.jp/KeibaWeb/TodayRaceInfo/RaceMarkTable?k_raceDate=1977%2F10%2F12&k_raceNo=3&k_babaCode=21,data/cache/html/19771012_kawasaki_3.html
19771012_kawasaki_4,1977-10-12,kawasaki,4,https://www.keiba.go.jp/KeibaWeb/TodayRaceInfo/RaceMarkTable?k_raceDate=1977%2F10%2F12&k_raceNo=4&k_babaCode=21,data/cache/html/19771012_kawasaki_4.html
19771012_kawasaki_5,1977-10-12,kawasaki,5,https://www.keiba.go.jp/KeibaWeb/TodayRaceInfo/RaceMarkTable?k_raceDate=1977%2F10%2F12&k_raceNo=5&k_babaCode=21,data/cache/html/19771012_kawasaki_5.html
19771012_kawasaki_6,1977-10-12,kawasaki,6,https://www.keiba.go.jp/KeibaWeb/TodayRaceInfo/RaceMarkTable?k_raceDate=1977%2F10%2F12&k_raceNo=6&k_babaCode=21,data/cache/html/19771012_kawasaki_6.html
19771012_kawasaki_7,1977-10-12,kawasaki,7,https://www.keiba.go.jp/KeibaWeb/TodayRaceInfo/RaceMarkTable?k_raceDate=1977%2F10%2F12&k_raceNo=7&k_babaCode=21,data/cache/html/19771012_kawasaki_7.html
19771012_kawasaki_8,1977-10-12,kawasaki,8,https://www.keiba.go.jp/KeibaWeb/TodayRaceInfo/RaceMarkTable?k_raceDate=1977%2F10%2F12&k_raceNo=8&k_babaCode=21,data/cache/html/19771012_kawasaki_8.html
19771012_kawasaki_9,1977-10-12,kawasaki,9,https://www.keiba.go.jp/KeibaWeb/TodayRaceInfo/RaceMarkTable?k_raceDate=1977%2F10%2F12&k_raceNo=9&k_babaCode=21,data/cache/html/19771012_kawasaki_9.html
19771012_kawasaki_10,1977-10-12,kawasaki,10,https://www.keiba.go.jp/KeibaWeb/TodayRaceInfo/RaceMarkTable?k_raceDate=1977%2F10%2F12&k_raceNo=10&k_babaCode=21,data/cache/html/19771012_kawasaki_10.html
19771012_kawasaki_11,1977-10-12,kawasaki,11,https://www.keiba.go.jp/KeibaWeb/TodayRaceInfo/RaceMarkTable?k_raceDate=1977%2F10%2F12&k_raceNo=11&k_babaCode=21,data/cache/html/19771012_kawasaki_11.html
19771012_kawasaki_12,1977-10-12,kawasaki,12,https://www.keiba.go.jp/KeibaWeb/TodayRaceInfo/RaceMarkTable?k_raceDate=1977%2F10%2F12&k_raceNo=12&k_babaCode=21,data/cache/html/19771012_kawasaki_12.html
19771011_kawasaki_1,1977-10-11,kawasaki,1,https://www.keiba.go.jp/KeibaWeb/TodayRaceInfo/RaceMarkTable?k_raceDate=1977%2F10%2F11&k_raceNo=1&k_babaCode=21,data/cache/html/19771011_kawasaki_1.html
19771011_kawasaki_2,1977-10-11,kawasaki,2,https://www.keiba.go.jp/KeibaWeb/TodayRaceInfo/RaceMarkTable?k_raceDate=1977%2F10%2F11&k_raceNo=2&k_babaCode=21,data/cache/html/19771011_kawasaki_2.html
19771011_kawasaki_3,1977-10-11,kawasaki,3,https://www.keiba.go.jp/KeibaWeb/TodayRaceInfo/RaceMarkTable?k_raceDate=1977%2F10%2F11&k_raceNo=3&k_babaCode=21,data/cache/html/19771011_kawasaki_3.html
19771011_kawasaki_4,1977-10-11,kawasaki,4,https://www.keiba.go.jp/KeibaWeb/TodayRaceInfo/RaceMarkTable?k_raceDate=1977%2F10%2F11&k_raceNo=4&k_babaCode=21,data/cache/html/19771011_kawasaki_4.html
19771011_kawasaki_5,1977-10-11,kawasaki,5,https://www.keiba.go.jp/KeibaWeb/TodayRaceInfo/RaceMarkTable?k_raceDate=1977%2F10%2F11&k_raceNo=5&k_babaCode=21,data/cache/html/19771011_kawasaki_5.html
19771011_kawasaki_6,1977-10-11,kawasaki,6,https://www.keiba.go.jp/KeibaWeb/TodayRaceInfo/RaceMarkTable?k_raceDate=1977%2F10%2F11&k_raceNo=6&k_babaCode=21,data/cache/html/19771011_kawasaki_6.html
19771011_kawasaki_7,1977-10-11,kawasaki,7,https://www.keiba.go.jp/KeibaWeb/TodayRaceInfo/RaceMarkTable?k_raceDate=1977%2F10%2F11&k_raceNo=7&k_babaCode=21,data/cache/html/19771011_kawasaki_7.html
19771011_kawasaki_8,1977-10-11,kawasaki,8,https://www.keiba.go.jp/KeibaWeb/TodayRaceInfo/RaceMarkTable?k_raceDate=1977%2F10%2F11&k_raceNo=8&k_babaCode=21,data/cache/html/19771011_kawasaki_8.html
19771011_kawasaki_9,1977-10-11,kawasaki,9,https://www.keiba.go.jp/KeibaWeb/TodayRaceInfo/RaceMarkTable?k_raceDate=1977%2F10%2F11&k_raceNo=9&k_babaCode=21,data/cache/html/19771011_kawasaki_9.html
19771011_kawasaki_10,1977-10-11,kawasaki,10,https://www.keiba.go.jp/KeibaWeb/TodayRaceInfo/RaceMarkTable?k_raceDate=1977%2F10%2F11&k_raceNo=10&k_babaCode=21,data/cache/html/19771011_kawasaki_10.html
19771011_kawasaki_11,1977-10-11,kawasaki,11,https://www.keiba.go.jp/KeibaWeb/TodayRaceInfo/RaceMarkTable?k_raceDate=1977%2F10%2F11&k_raceNo=11&k_babaCode=21,data/cache/html/19771011_kawasaki_11.html
19771011_kawasaki_12,1977-10-11,kawasaki,12,https://www.keiba.go.jp/KeibaWeb/TodayRaceInfo/RaceMarkTable?k_raceDate=1977%2F10%2F11&k_raceNo=12&k_babaCode=21,data/cache/html/19771011_kawasaki_12.html
19771010_kawasaki_1,1977-10-10,kawasaki,1,https://www.keiba.go.jp/KeibaWeb/TodayRaceInfo/RaceMarkTable?k_raceDate=1977%2F10%2F10&k_raceNo=1&k_babaCode=21,data/cache/html/19771010_kawasaki_1.html
19771010_kawasaki_2,1977-10-10,kawasaki,2,https://www.keiba.go.jp/KeibaWeb/TodayRaceInfo/RaceMarkTable?k_raceDate=1977%2F10%2F10&k_raceNo=2&k_babaCode=21,data/cache/html/19771010_kawasaki_2.html
19771010_kawasaki_3,1977-10-10,kawasaki,3,https://www.keiba.go.jp/KeibaWeb/TodayRaceInfo/RaceMarkTable?k_raceDate=1977%2F10%2F10&k_raceNo=3&k_babaCode=21,data/cache/html/19771010_kawasaki_3.html
19771010_kawasaki_4,1977-10-10,kawasaki,4,https://www.keiba.go.jp/KeibaWeb/TodayRaceInfo/RaceMarkTable?k_raceDate=1977%2F10%2F10&k_raceNo=4&k_babaCode=21,data/cache/html/19771010_kawasaki_4.html
19771010_kawasaki_5,1977-10-10,kawasaki,5,https://www.keiba.go.jp/KeibaWeb/TodayRaceInfo/RaceMarkTable?k_raceDate=1977%2F10%2F10&k_raceNo=5&k_babaCode=21,data/cache/html/19771010_kawasaki_5.html
19771010_kawasaki_6,1977-10-10,kawasaki,6,https://www.keiba.go.jp/KeibaWeb/TodayRaceInfo/RaceMarkTable?k_raceDate=1977%2F10%2F10&k_raceNo=6&k_babaCode=21,data/cache/html/19771010_kawasaki_6.html
19771010_kawasaki_7,1977-10-10,kawasaki,7,https://www.keiba.go.jp/KeibaWeb/TodayRaceInfo/RaceMarkTable?k_raceDate=1977%2F10%2F10&k_raceNo=7&k_babaCode=21,data/cache/html/19771010_kawasaki_7.html
19771010_kawasaki_8,1977-10-10,kawasaki,8,https://www.keiba.go.jp/KeibaWeb/TodayRaceInfo/RaceMarkTable?k_raceDate=1977%2F10%2F10&k_raceNo=8&k_babaCode=21,data/cache/html/19771010_kawasaki_8.html
19771010_kawasaki_9,1977-10-10,kawasaki,9,https://www.keiba.go.jp/KeibaWeb/TodayRaceInfo/RaceMarkTable?k_raceDate=1977%2F10%2F10&k_raceNo=9&k_babaCode=21,data/cache/html/19771010_kawasaki_9.html
19771010_kawasaki_10,1977-10-10,kawasaki,10,https://www.keiba.go.jp/KeibaWeb/TodayRaceInfo/RaceMarkTable?k_raceDate=1977%2F10%2F10&k_raceNo=10&k_babaCode=21,data/cache/html/19771010_kawasaki_10.html
19771010_kawasaki_11,1977-10-10,kawasaki,11,https://www.keiba.go.jp/KeibaWeb/TodayRaceInfo/RaceMarkTable?k_raceDate=1977%2F10%2F10&k_raceNo=11&k_babaCode=21,data/cache/html/19771010_kawasaki_11.html
19771010_kawasaki_12,1977-10-10,kawasaki,12,https://www.keiba.go.jp/KeibaWeb/TodayRaceInfo/RaceMarkTable?k_raceDate=1977%2F10%2F10&k_raceNo=12&k_babaCode=21,data/cache/html/19771010_kawasaki_12.html
19771009_kawasaki_1,1977-10-09,kawasaki,1,https://www.keiba.go.jp/KeibaWeb/TodayRaceInfo/RaceMarkTable?k_raceDate=1977%2F10%2F09&k_raceNo=1&k_babaCode=21,data/cache/html/19771009_kawasaki_1.html
19771009_kawasaki_2,1977-10-09,kawasaki,2,https://www.keiba.go.jp/KeibaWeb/TodayRaceInfo/RaceMarkTable?k_raceDate=1977%2F10%2F09&k_raceNo=2&k_babaCode=21,data/cache/html/19771009_kawasaki_2.html
19771009_kawasaki_3,1977-10-09,kawasaki,3,https://www.keiba.go.jp/KeibaWeb/TodayRaceInfo/RaceMarkTable?k_raceDate=1977%2F10%2F09&k_raceNo=3&k_babaCode=21,data/cache/html/19771009_kawasaki_3.html
19771009_kawasaki_4,1977-10-09,kawasaki,4,https://www.keiba.go.jp/KeibaWeb/TodayRaceInfo/RaceMarkTable?k_raceDate=1977%2F10%2F09&k_raceNo=4&k_babaCode=21,data/cache/html/19771009_kawasaki_4.html
19771009_kawasaki_5,1977-10-09,kawasaki,5,https://www.keiba.go.jp/KeibaWeb/TodayRaceInfo/RaceMarkTable?k_raceDate=1977%2F10%2F09&k_raceNo=5&k_babaCode=21,data/cache/html/19771009_kawasaki_5.html
19771009_kawasaki_6,1977-10-09,kawasaki,6,https://www.keiba.go.jp/KeibaWeb/TodayRaceInfo/RaceMarkTable?k_raceDate=1977%2F10%2F09&k_raceNo=6&k_babaCode=21,data/cache/html/19771009_kawasaki_6.html
19771009_kawasaki_7,1977-10-09,kawasaki,7,https://www.keiba.go.jp/KeibaWeb/TodayRaceInfo/RaceMarkTable?k_raceDate=1977%2F10%2F09&k_raceNo=7&k_babaCode=21,data/cache/html/19771009_kawasaki_7.html
19771009_kawasaki_8,1977-10-09,kawasaki,8,https://www.keiba.go.jp/KeibaWeb/TodayRaceInfo/RaceMarkTable?k_raceDate=1977%2F10%2F09&k_raceNo=8&k_babaCode=21,data/cache/html/19771009_kawasaki_8.html
19771009_kawasaki_9,1977-10-09,kawasaki,9,https://www.keiba.go.jp/KeibaWeb/TodayRaceInfo/RaceMarkTable?k_raceDate=1977%2F10%2F09&k_raceNo=9&k_babaCode=21,data/cache/html/19771009_kawasaki_9.html
19771009_kawasaki_10,1977-10-09,kawasaki,10,https://www.keiba.go.jp/KeibaWeb/TodayRaceInfo/RaceMarkTable?k_raceDate=1977%2F10%2F09&k_raceNo=10&k_babaCode=21,data/cache/html/19771009_kawasaki_10.html
19771009_kawasaki_11,1977-10-09,kawasaki,11,https://www.keiba.go.jp/KeibaWeb/TodayRaceInfo/RaceMarkTable?k_raceDate=1977%2F10%2F09&k_raceNo=11&k_babaCode=21,data/cache/html/19771009_kawasaki_11.html
19771009_kawasaki_12,1977-10-09,kawasaki,12,https://www.keiba.go.jp/KeibaWeb/TodayRaceInfo/RaceMarkTable?k_raceDate=1977%2F10%2F09&k_raceNo=12&k_babaCode=21,data/cache/html/19771009_kawasaki_12.html
19771008_kawasaki_1,1977-10-08,kawasaki,1,https://www.keiba.go.jp/KeibaWeb/TodayRaceInfo/RaceMarkTable?k_raceDate=1977%2F10%2F08&k_raceNo=1&k_babaCode=21,data/cache/html/19771008_kawasaki_1.html
19771008_kawasaki_2,1977-10-08,kawasaki,2,https://www.keiba.go.jp/KeibaWeb/TodayRaceInfo/RaceMarkTable?k_raceDate=1977%2F10%2F08&k_raceNo=2&k_babaCode=21,data/cache/html/19771008_kawasaki_2.html
19771008_kawasaki_3,1977-10-08,kawasaki,3,https://www.keiba.go.jp/KeibaWeb/TodayRaceInfo/RaceMarkTable?k_raceDate=1977%2F10%2F08&k_raceNo=3&k_babaCode=21,data/cache/html/19771008_kawasaki_3.html
19771008_kawasaki_4,1977-10-08,kawasaki,4,https://www.keiba.go.jp/KeibaWeb/TodayRaceInfo/RaceMarkTable?k_raceDate=1977%2F10%2F08&k_raceNo=4&k_babaCode=21,data/cache/html/19771008_kawasaki_4.html
19771008_kawasaki_5,1977-10-08,kawasaki,5,https://www.keiba.go.jp/KeibaWeb/TodayRaceInfo/RaceMarkTable?k_raceDate=1977%2F10%2F08&k_raceNo=5&k_babaCode=21,data/cache/html/19771008_kawasaki_5.html
19771008_kawasaki_6,1977-10-08,kawasaki,6,https://www.keiba.go.jp/KeibaWeb/TodayRaceInfo/RaceMarkTable?k_raceDate=1977%2F10%2F08&k_raceNo=6&k_babaCode=21,data/cache/html/19771008_kawasaki_6.html
19771008_kawasaki_7,1977-10-08,kawasaki,7,https://www.keiba.go.jp/KeibaWeb/TodayRaceInfo/RaceMarkTable?k_raceDate=1977%2F10%2F08&k_raceNo=7&k_babaCode=21,data/cache/html/19771008_kawasaki_7.html
19771008_kawasaki_8,1977-10-08,kawasaki,8,https://www.keiba.go.jp/KeibaWeb/TodayRaceInfo/RaceMarkTable?k_raceDate=1977%2F10%2F08&k_raceNo=8&k_babaCode=21,data/cache/html/19771008_kawasaki_8.html
19771008_kawasaki_9,1977-10-08,kawasaki,9,https://www.keiba.go.jp/KeibaWeb/TodayRaceInfo/RaceMarkTable?k_raceDate=1977%2F10%2F08&k_raceNo=9&k_babaCode=21,data/cache/html/19771008_kawasaki_9.html
19771008_kawasaki_10,1977-10-08,kawasaki,10,https://www.keiba.go.jp/KeibaWeb/TodayRaceInfo/RaceMarkTable?k_raceDate=1977%2F10%2F08&k_raceNo=10&k_babaCode=21,data/cache/html/19771008_kawasaki_10.html
19771008_kawasaki_11,1977-10-08,kawasaki,11,https://www.keiba.go.jp/KeibaWeb/TodayRaceInfo/RaceMarkTable?k_raceDate=1977%2F10%2F08&k_raceNo=11&k_babaCode=21,data/cache/html/19771008_kawasaki_11.html
19771008_kawasaki_12,1977-10-08,kawasaki,12,https://www.keiba.go.jp/KeibaWeb/TodayRaceInfo/RaceMarkTable?k_raceDate=1977%2F10%2F08&k_raceNo=12&k_babaCode=21,data/cache/html/19771008_kawasaki_12.html
19771007_kawasaki_1,1977-10-07,kawasaki,1,https://www.keiba.go.jp/KeibaWeb/TodayRaceInfo/RaceMarkTable?k_raceDate=1977%2F10%2F07&k_raceNo=1&k_babaCode=21,data/cache/html/19771007_kawasaki_1.html
19771007_kawasaki_2,1977-10-07,kawasaki,2,https://www.keiba.go.jp/KeibaWeb/TodayRaceInfo/RaceMarkTable?k_raceDate=1977%2F10%2F07&k_raceNo=2&k_babaCode=21,data/cache/html/19771007_kawasaki_2.html
19771007_kawasaki_3,1977-10-07,kawasaki,3,https://www.keiba.go.jp/KeibaWeb/TodayRaceInfo/RaceMarkTable?k_raceDate=1977%2F10%2F07&k_raceNo=3&k_babaCode=21,data/cache/html/19771007_kawasaki_3.html
19771007_kawasaki_4,1977-10-07,kawasaki,4,https://www.keiba.go.jp/KeibaWeb/TodayRaceInfo/RaceMarkTable?k_raceDate=1977%2F10%2F07&k_raceNo=4&k_babaCode=21,data/cache/html/19771007_kawasaki_4.html
19771007_kawasaki_5,1977-10-07,kawasaki,5,https://www.keiba.go.jp/KeibaWeb/TodayRaceInfo/RaceMarkTable?k_raceDate=1977%2F10%2F07&k_raceNo=5&k_babaCode=21,data/cache/html/19771007_kawasaki_5.html
19771007_kawasaki_6,1977-10-07,kawasaki,6,https://www.keiba.go.jp/KeibaWeb/TodayRaceInfo/RaceMarkTable?k_raceDate=1977%2F10%2F07&k_raceNo=6&k_babaCode=21,data/cache/html/19771007_kawasaki_6.html
19771007_kawasaki_7,1977-10-07,kawasaki,7,https://www.keiba.go.jp/KeibaWeb/TodayRaceInfo/RaceMarkTable?k_raceDate=1977%2F10%2F07&k_raceNo=7&k_babaCode=21,data/cache/html/19771007_kawasaki_7.html
19771007_kawasaki_8,1977-10-07,kawasaki,8,https://www.keiba.go.jp/KeibaWeb/TodayRaceInfo/RaceMarkTable?k_raceDate=1977%2F10%2F07&k_raceNo=8&k_babaCode=21,data/cache/html/19771007_kawasaki_8.html
19771007_kawasaki_9,1977-10-07,kawasaki,9,https://www.keiba.go.jp/KeibaWeb/TodayRaceInfo/RaceMarkTable?k_raceDate=1977%2F10%2F07&k_raceNo=9&k_babaCode=21,data/cache/html/19771007_kawasaki_9.html
19771007_kawasaki_10,1977-10-07,kawasaki,10,https://www.keiba.go.jp/KeibaWeb/TodayRaceInfo/RaceMarkTable?k_raceDate=1977%2F10%2F07&k_raceNo=10&k_babaCode=21,data/cache/html/19771007_kawasaki_10.html
19771007_kawasaki_11,1977-10-07,kawasaki,11,https://www.keiba.go.jp/KeibaWeb/TodayRaceInfo/RaceMarkTable?k_raceDate=1977%2F10%2F07&k_raceNo=11&k_babaCode=21,data/cache/html/19771007_kawasaki_11.html
19771007_kawasaki_12,1977-10-07,kawasaki,12,https://www.keiba.go.jp/KeibaWeb/TodayRaceInfo/RaceMarkTable?k_raceDate=1977%2F10%2F07&k_raceNo=12&k_babaCode=21,data/cache/html/19771007_kawasaki_12.html
19771006_kawasaki_1,1977-10-06,kawasaki,1,https://www.keiba.go.jp/KeibaWeb/TodayRaceInfo/RaceMarkTable?k_raceDate=1977%2F10%2F06&k_raceNo=1&k_babaCode=21,data/cache/html/19771006_kawasaki_1.html
19771006_kawasaki_2,1977-10-06,kawasaki,2,https://www.keiba.go.jp/KeibaWeb/TodayRaceInfo/RaceMarkTable?k_raceDate=1977%2F10%2F06&k_raceNo=2&k_babaCode=21,data/cache/html/19771006_kawasaki_2.html
19771006_kawasaki_3,1977-10-06,kawasaki,3,https://www.keiba.go.jp/KeibaWeb/TodayRaceInfo/RaceMarkTable?k_raceDate=1977%2F10%2F06&k_raceNo=3&k_babaCode=21,data/cache/html/19771006_kawasaki_3.html
19771006_kawasaki_4,1977-10-06,kawasaki,4,https://www.keiba.go.jp/KeibaWeb/TodayRaceInfo/RaceMarkTable?k_raceDate=1977%2F10%2F06&k_raceNo=4&k_babaCode=21,data/cache/html/19771006_kawasaki_4.html
19771006_kawasaki_5,1977-10-06,kawasaki,5,https://www.keiba.go.jp/KeibaWeb/TodayRaceInfo/RaceMarkTable?k_raceDate=1977%2F10%2F06&k_raceNo=5&k_babaCode=21,data/cache/html/19771006_kawasaki_5.html
19771006_kawasaki_6,1977-10-06,kawasaki,6,https://www.keiba.go.jp/KeibaWeb/TodayRaceInfo/RaceMarkTable?k_raceDate=1977%2F10%2F06&k_raceNo=6&k_babaCode=21,data/cache/html/19771006_kawasaki_6.html
19771006_kawasaki_7,1977-10-06,kawasaki,7,https://www.keiba.go.jp/KeibaWeb/TodayRaceInfo/RaceMarkTable?k_raceDate=1977%2F10%2F06&k_raceNo=7&k_babaCode=21,data/cache/html/19771006_kawasaki_7.html
19771006_kawasaki_8,1977-10-06,kawasaki,8,https://www.keiba.go.jp/KeibaWeb/TodayRaceInfo/RaceMarkTable?k_raceDate=1977%2F10%2F06&k_raceNo=8&k_babaCode=21,data/cache/html/19771006_kawasaki_8.html
19771006_kawasaki_9,1977-10-06,kawasaki,9,https://www.keiba.go.jp/KeibaWeb/TodayRaceInfo/RaceMarkTable?k_raceDate=1977%2F10%2F06&k_raceNo=9&k_babaCode=21,data/cache/html/19771006_kawasaki_9.html
19771006_kawasaki_10,1977-10-06,kawasaki,10,https://www.keiba.go.jp/KeibaWeb/TodayRaceInfo/RaceMarkTable?k_raceDate=1977%2F10%2F06&k_raceNo=10&k_babaCode=21,data/cache/html/19771006_kawasaki_10.html
19771006_kawasaki_11,1977-10-06,kawasaki,11,https://www.keiba.go.jp/KeibaWeb/TodayRaceInfo/RaceMarkTable?k_raceDate=1977%2F10%2F06&k_raceNo=11&k_babaCode=21,data/cache/html/19771006_kawasaki_11.html
19771006_kawasaki_12,1977-10-06,kawasaki,12,https://www.keiba.go.jp/KeibaWeb/TodayRaceInfo/RaceMarkTable?k_raceDate=1977%2F10%2F06&k_raceNo=12&k_babaCode=21,data/cache/html/19771006_kawasaki_12.html
19771005_kawasaki_1,1977-10-05,kawasaki,1,https://www.keiba.go.jp/KeibaWeb/TodayRaceInfo/RaceMarkTable?k_raceDate=1977%2F10%2F05&k_raceNo=1&k_babaCode=21,data/cache/html/19771005_kawasaki_1.html
19771005_kawasaki_2,1977-10-05,kawasaki,2,https://www.keiba.go.jp/KeibaWeb/TodayRaceInfo/RaceMarkTable?k_raceDate=1977%2F10%2F05&k_raceNo=2&k_babaCode=21,data/cache/html/19771005_kawasaki_2.html
19771005_kawasaki_3,1977-10-05,kawasaki,3,https://www.keiba.go.jp/KeibaWeb/TodayRaceInfo/RaceMarkTable?k_raceDate=1977%2F10%2F05&k_raceNo=3&k_babaCode=21,data/cache/html/19771005_kawasaki_3.html
19771005_kawasaki_4,1977-10-05,kawasaki,4,https://www.keiba.go.jp/KeibaWeb/TodayRaceInfo/RaceMarkTable?k_raceDate=1977%2F10%2F05&k_raceNo=4&k_babaCode=21,data/cache/html/19771005_kawasaki_4.html
19771005_kawasaki_5,1977-10-05,kawasaki,5,https://www.keiba.go.jp/KeibaWeb/TodayRaceInfo/RaceMarkTable?k_raceDate=1977%2F10%2F05&k_raceNo=5&k_babaCode=21,data/cache/html/19771005_kawasaki_5.html
19771005_kawasaki_6,1977-10-05,kawasaki,6,https://www.keiba.go.jp/KeibaWeb/TodayRaceInfo/RaceMarkTable?k_raceDate=1977%2F10%2F05&k_raceNo=6&k_babaCode=21,data/cache/html/19771005_kawasaki_6.html
19771005_kawasaki_7,1977-10-05,kawasaki,7,https://www.keiba.go.jp/KeibaWeb/TodayRaceInfo/RaceMarkTable?k_raceDate=1977%2F10%2F05&k_raceNo=7&k_babaCode=21,data/cache/html/19771005_kawasaki_7.html
19771005_kawasaki_8,1977-10-05,kawasaki,8,https://www.keiba.go.jp/KeibaWeb/TodayRaceInfo/RaceMarkTable?k_raceDate=1977%2F10%2F05&k_raceNo=8&k_babaCode=21,data/cache/html/19771005_kawasaki_8.html
19771005_kawasaki_9,1977-10-05,kawasaki,9,https://www.keiba.go.jp/KeibaWeb/TodayRaceInfo/RaceMarkTable?k_raceDate=1977%2F10%2F05&k_raceNo=9&k_babaCode=21,data/cache/html/19771005_kawasaki_9.html
19771005_kawasaki_10,1977-10-05,kawasaki,10,https://www.keiba.go.jp/KeibaWeb/TodayRaceInfo/RaceMarkTable?k_raceDate=1977%2F10%2F05&k_raceNo=10&k_babaCode=21,data/cache/html/19771005_kawasaki_10.html
19771005_kawasaki_11,1977-10-05,kawasaki,11,https://www.keiba.go.jp/KeibaWeb/TodayRaceInfo/RaceMarkTable?k_raceDate=1977%2F10%2F05&k_raceNo=11&k_babaCode=21,data/cache/html/19771005_kawasaki_11.html
19771005_kawasaki_12,1977-10-05,kawasaki,12,https://www.keiba.go.jp/KeibaWeb/TodayRaceInfo/RaceMarkTable?k_raceDate=1977%2F10%2F05&k_raceNo=12&k_babaCode=21,data/cache/html/19771005_kawasaki_12.html
19771004_kawasaki_1,1977-10-04,kawasaki,1,https://www.keiba.go.jp/KeibaWeb/TodayRaceInfo/RaceMarkTable?k_raceDate=1977%2F10%2F04&k_raceNo=1&k_babaCode=21,data/cache/html/19771004_kawasaki_1.html
19771004_kawasaki_2,1977-10-04,kawasaki,2,https://www.keiba.go.jp/KeibaWeb/TodayRaceInfo/RaceMarkTable?k_raceDate=1977%2F10%2F04&k_raceNo=2&k_babaCode=21,data/cache/html/19771004_kawasaki_2.html
19771004_kawasaki_3,1977-10-04,kawasaki,3,https://www.keiba.go.jp/KeibaWeb/TodayRaceInfo/RaceMarkTable?k_raceDate=1977%2F10%2F04&k_raceNo=3&k_babaCode=21,data/cache/html/19771004_kawasaki_3.html
19771004_kawasaki_4,1977-10-04,kawasaki,4,https://www.keiba.go.jp/KeibaWeb/TodayRaceInfo/RaceMarkTable?k_raceDate=1977%2F10%2F04&k_raceNo=4&k_babaCode=21,data/cache/html/19771004_kawasaki_4.html
19771004_kawasaki_5,1977-10-04,kawasaki,5,https://www.keiba.go.jp/KeibaWeb/TodayRaceInfo/RaceMarkTable?k_raceDate=1977%2F10%2F04&k_raceNo=5&k_babaCode=21,data/cache/html/19771004_kawasaki_5.html
19771004_kawasaki_6,1977-10-04,kawasaki,6,https://www.keiba.go.jp/KeibaWeb/TodayRaceInfo/RaceMarkTable?k_raceDate=1977%2F10%2F04&k_raceNo=6&k_babaCode=21,data/cache/html/19771004_kawasaki_6.html
19771004_kawasaki_7,1977-10-04,kawasaki,7,https://www.keiba.go.jp/KeibaWeb/TodayRaceInfo/RaceMarkTable?k_raceDate=1977%2F10%2F04&k_raceNo=7&k_babaCode=21,data/cache/html/19771004_kawasaki_7.html
19771004_kawasaki_8,1977-10-04,kawasaki,8,https://www.keiba.go.jp/KeibaWeb/TodayRaceInfo/RaceMarkTable?k_raceDate=1977%2F10%2F04&k_raceNo=8&k_babaCode=21,data/cache/html/19771004_kawasaki_8.html
19771004_kawasaki_9,1977-10-04,kawasaki,9,https://www.keiba.go.jp/KeibaWeb/TodayRaceInfo/RaceMarkTable?k_raceDate=1977%2F10%2F04&k_raceNo=9&k_babaCode=21,data/cache/html/19771004_kawasaki_9.html
19771004_kawasaki_10,1977-10-04,kawasaki,10,https://www.keiba.go.jp/KeibaWeb/TodayRaceInfo/RaceMarkTable?k_raceDate=1977%2F10%2F04&k_raceNo=10&k_babaCode=21,data/cache/html/19771004_kawasaki_10.html
19771004_kawasaki_11,1977-10-04,kawasaki,11,https://www.keiba.go.jp/KeibaWeb/TodayRaceInfo/RaceMarkTable?k_raceDate=1977%2F10%2F04&k_raceNo=11&k_babaCode=21,data/cache/html/19771004_kawasaki_11.html
19771004_kawasaki_12,1977-10-04,kawasaki,12,https://www.keiba.go.jp/KeibaWeb/TodayRaceInfo/RaceMarkTable?k_raceDate=1977%2F10%2F04&k_raceNo=12&k_babaCode=21,data/cache/html/19771004_kawasaki_12.html
19771003_kawasaki_1,1977-10-03,kawasaki,1,https://www.keiba.go.jp/KeibaWeb/TodayRaceInfo/RaceMarkTable?k_raceDate=1977%2F10%2F03&k_raceNo=1&k_babaCode=21,data/cache/html/19771003_kawasaki_1.html
19771003_kawasaki_2,1977-10-03,kawasaki,2,https://www.keiba.go.jp/KeibaWeb/TodayRaceInfo/RaceMarkTable?k_raceDate=1977%2F10%2F03&k_raceNo=2&k_babaCode=21,data/cache/html/19771003_kawasaki_2.html
19771003_kawasaki_3,1977-10-03,kawasaki,3,https://www.keiba.go.jp/KeibaWeb/TodayRaceInfo/RaceMarkTable?k_raceDate=1977%2F10%2F03&k_raceNo=3&k_babaCode=21,data/cache/html/19771003_kawasaki_3.html
19771003_kawasaki_4,1977-10-03,kawasaki,4,https://www.keiba.go.jp/KeibaWeb/TodayRaceInfo/RaceMarkTable?k_raceDate=1977%2F10%2F03&k_raceNo=4&k_babaCode=21,data/cache/html/19771003_kawasaki_4.html
19771003_kawasaki_5,1977-10-03,kawasaki,5,https://www.keiba.go.jp/KeibaWeb/TodayRaceInfo/RaceMarkTable?k_raceDate=1977%2F10%2F03&k_raceNo=5&k_babaCode=21,data/cache/html/19771003_kawasaki_5.html
19771003_kawasaki_6,1977-10-03,kawasaki,6,https://www.keiba.go.jp/KeibaWeb/TodayRaceInfo/RaceMarkTable?k_raceDate=1977%2F10%2F03&k_raceNo=6&k_babaCode=21,data/cache/html/19771003_kawasaki_6.html
19771003_kawasaki_7,1977-10-03,kawasaki,7,https://www.keiba.go.jp/KeibaWeb/TodayRaceInfo/RaceMarkTable?k_raceDate=1977%2F10%2F03&k_raceNo=7&k_babaCode=21,data/cache/html/19771003_kawasaki_7.html
19771003_kawasaki_8,1977-10-03,kawasaki,8,https://www.keiba.go.jp/KeibaWeb/TodayRaceInfo/RaceMarkTable?k_raceDate=1977%2F10%2F03&k_raceNo=8&k_babaCode=21,data/cache/html/19771003_kawasaki_8.html
19771003_kawasaki_9,1977-10-03,kawasaki,9,https://www.keiba.go.jp/KeibaWeb/TodayRaceInfo/RaceMarkTable?k_raceDate=1977%2F10%2F03&k_raceNo=9&k_babaCode=21,data/cache/html/19771003_kawasaki_9.html
19771003_kawasaki_10,1977-10-03,kawasaki,10,https://www.keiba.go.jp/KeibaWeb/TodayRaceInfo/RaceMarkTable?k_raceDate=1977%2F10%2F03&k_raceNo=10&k_babaCode=21,data/cache/html/19771003_kawasaki_10.html
19771003_kawasaki_11,1977-10-03,kawasaki,11,https://www.keiba.go.jp/KeibaWeb/TodayRaceInfo/RaceMarkTable?k_raceDate=1977%2F10%2F03&k_raceNo=11&k_babaCode=21,data/cache/html/19771003_kawasaki_11.html
19771003_kawasaki_12,1977-10-03,kawasaki,12,https://www.keiba.go.jp/KeibaWeb/TodayRaceInfo/RaceMarkTable?k_raceDate=1977%2F10%2F03&k_raceNo=12&k_babaCode=21,data/cache/html/19771003_kawasaki_12.html
19771002_kawasaki_1,1977-10-02,kawasaki,1,https://www.keiba.go.jp/KeibaWeb/TodayRaceInfo/RaceMarkTable?k_raceDate=1977%2F10%2F02&k_raceNo=1&k_babaCode=21,data/cache/html/19771002_kawasaki_1.html
19771002_kawasaki_2,1977-10-02,kawasaki,2,https://www.keiba.go.jp/KeibaWeb/TodayRaceInfo/RaceMarkTable?k_raceDate=1977%2F10%2F02&k_raceNo=2&k_babaCode=21,data/cache/html/19771002_kawasaki_2.html
19771002_kawasaki_3,1977-10-02,kawasaki,3,https://www.keiba.go.jp/KeibaWeb/TodayRaceInfo/RaceMarkTable?k_raceDate=1977%2F10%2F02&k_raceNo=3&k_babaCode=21,data/cache/html/19771002_kawasaki_3.html
19771002_kawasaki_4,1977-10-02,kawasaki,4,https://www.keiba.go.jp/KeibaWeb/TodayRaceInfo/RaceMarkTable?k_raceDate=1977%2F10%2F02&k_raceNo=4&k_babaCode=21,data/cache/html/19771002_kawasaki_4.html
19771002_kawasaki_5,1977-10-02,kawasaki,5,https://www.keiba.go.jp/KeibaWeb/TodayRaceInfo/RaceMarkTable?k_raceDate=1977%2F10%2F02&k_raceNo=5&k_babaCode=21,data/cache/html/19771002_kawasaki_5.html
19771002_kawasaki_6,1977-10-02,kawasaki,6,https://www.keiba.go.jp/KeibaWeb/TodayRaceInfo/RaceMarkTable?k_raceDate=1977%2F10%2F02&k_raceNo=6&k_babaCode=21,data/cache/html/19771002_kawasaki_6.html
19771002_kawasaki_7,1977-10-02,kawasaki,7,https://www.keiba.go.jp/KeibaWeb/TodayRaceInfo/RaceMarkTable?k_raceDate=1977%2F10%2F02&k_raceNo=7&k_babaCode=21,data/cache/html/19771002_kawasaki_7.html
19771002_kawasaki_8,1977-10-02,kawasaki,8,https://www.keiba.go.jp/KeibaWeb/TodayRaceInfo/RaceMarkTable?k_raceDate=1977%2F10%2F02&k_raceNo=8&k_babaCode=21,data/cache/html/19771002_kawasaki_8.html
19771002_kawasaki_9,1977-10-02,kawasaki,9,https://www.keiba.go.jp/KeibaWeb/TodayRaceInfo/RaceMarkTable?k_raceDate=1977%2F10%2F02&k_raceNo=9&k_babaCode=21,data/cache/html/19771002_kawasaki_9.html
19771002_kawasaki_10,1977-10-02,kawasaki,10,https://www.keiba.go.jp/KeibaWeb/TodayRaceInfo/RaceMarkTable?k_raceDate=1977%2F10%2F02&k_raceNo=10&k_babaCode=21,data/cache/html/19771002_kawasaki_10.html
19771002_kawasaki_11,1977-10-02,kawasaki,11,https://www.keiba.go.jp/KeibaWeb/TodayRaceInfo/RaceMarkTable?k_raceDate=1977%2F10%2F02&k_raceNo=11&k_babaCode=21,data/cache/html/19771002_kawasaki_11.html
19771002_kawasaki_12,1977-10-02,kawasaki,12,https://www.keiba.go.jp/KeibaWeb/TodayRaceInfo/RaceMarkTable?k_raceDate=1977%2F10%2F02&k_raceNo=12&k_babaCode=21,data/cache/html/19771002_kawasaki_12.html
19771001_kawasaki_1,1977-10-01,kawasaki,1,https://www.keiba.go.jp/KeibaWeb/TodayRaceInfo/RaceMarkTable?k_raceDate=1977%2F10%2F01&k_raceNo=1&k_babaCode=21,data/cache/html/19771001_kawasaki_1.html
19771001_kawasaki_2,1977-10-01,kawasaki,2,https://www.keiba.go.jp/KeibaWeb/TodayRaceInfo/RaceMarkTable?k_raceDate=1977%2F10%2F01&k_raceNo=2&k_babaCode=21,data/cache/html/19771001_kawasaki_2.html
19771001_kawasaki_3,1977-10-01,kawasaki,3,https://www.keiba.go.jp/KeibaWeb/TodayRaceInfo/RaceMarkTable?k_raceDate=1977%2F10%2F01&k_raceNo=3&k_babaCode=21,data/cache/html/19771001_kawasaki_3.html
19771001_kawasaki_4,1977-10-01,kawasaki,4,https://www.keiba.go.jp/KeibaWeb/TodayRaceInfo/RaceMarkTable?k_raceDate=1977%2F10%2F01&k_raceNo=4&k_babaCode=21,data/cache/html/19771001_kawasaki_4.html
19771001_kawasaki_5,1977-10-01,kawasaki,5,https://www.keiba.go.jp/KeibaWeb/TodayRaceInfo/RaceMarkTable?k_raceDate=1977%2F10%2F01&k_raceNo=5&k_babaCode=21,data/cache/html/19771001_kawasaki_5.html
19771001_kawasaki_6,1977-10-01,kawasaki,6,https://www.keiba.go.jp/KeibaWeb/TodayRaceInfo/RaceMarkTable?k_raceDate=1977%2F10%2F01&k_raceNo=6&k_babaCode=21,data/cache/html/19771001_kawasaki_6.html
19771001_kawasaki_7,1977-10-01,kawasaki,7,https://www.keiba.go.jp/KeibaWeb/TodayRaceInfo/RaceMarkTable?k_raceDate=1977%2F10%2F01&k_raceNo=7&k_babaCode=21,data/cache/html/19771001_kawasaki_7.html
19771001_kawasaki_8,1977-10-01,kawasaki,8,https://www.keiba.go.jp/KeibaWeb/TodayRaceInfo/RaceMarkTable?k_raceDate=1977%2F10%2F01&k_raceNo=8&k_babaCode=21,data/cache/html/19771001_kawasaki_8.html
19771001_kawasaki_9,1977-10-01,kawasaki,9,https://www.keiba.go.jp/KeibaWeb/TodayRaceInfo/RaceMarkTable?k_raceDate=1977%2F10%2F01&k_raceNo=9&k_babaCode=21,data/cache/html/19771001_kawasaki_9.html
19771001_kawasaki_10,1977-10-01,kawasaki,10,https://www.keiba.go.jp/KeibaWeb/TodayRaceInfo/RaceMarkTable?k_raceDate=1977%2F10%2F01&k_raceNo=10&k_babaCode=21,data/cache/html/19771001_kawasaki_10.html
19771001_kawasaki_11,1977-10-01,kawasaki,11,https://www.keiba.go.jp/KeibaWeb/TodayRaceInfo/RaceMarkTable?k_raceDate=1977%2F10%2F01&k_raceNo=11&k_babaCode=21,data/cache/html/19771001_kawasaki_11.html
19771001_kawasaki_12,1977-10-01,kawasaki,12,https://www.keiba.go.jp/KeibaWeb/TodayRaceInfo/RaceMarkTable?k_raceDate=1977%2F10%2F01&k_raceNo=12&k_babaCode=21,data/cache/html/19771001_kawasaki_12.html
19770930_kawasaki_1,1977-09-30,kawasaki,1,https://www.keiba.go.jp/KeibaWeb/TodayRaceInfo/RaceMarkTable?k_raceDate=1977%2F09%2F30&k_raceNo=1&k_babaCode=21,data/cache/html/19770930_kawasaki_1.html
19770930_kawasaki_2,1977-09-30,kawasaki,2,https://www.keiba.go.jp/KeibaWeb/TodayRaceInfo/RaceMarkTable?k_raceDate=1977%2F09%2F30&k_raceNo=2&k_babaCode=21,data/cache/html/19770930_kawasaki_2.html
19770930_kawasaki_3,1977-09-30,kawasaki,3,https://www.keiba.go.jp/KeibaWeb/TodayRaceInfo/RaceMarkTable?k_raceDate=1977%2F09%2F30&k_raceNo=3&k_babaCode=21,data/cache/html/19770930_kawasaki_3.html
19770930_kawasaki_4,1977-09-30,kawasaki,4,https://www.keiba.go.jp/KeibaWeb/TodayRaceInfo/RaceMarkTable?k_raceDate=1977%2F09%2F30&k_raceNo=4&k_babaCode=21,data/cache/html/19770930_kawasaki_4.html
19770930_kawasaki_5,1977-09-30,kawasaki,5,https://www.keiba.go.jp/KeibaWeb/TodayRaceInfo/RaceMarkTable?k_raceDate=1977%2F09%2F30&k_raceNo=5&k_babaCode=21,data/cache/html/19770930_kawasaki_5.html
19770930_kawasaki_6,1977-09-30,kawasaki,6,https://www.keiba.go.jp/KeibaWeb/TodayRaceInfo/RaceMarkTable?k_raceDate=1977%2F09%2F30&k_raceNo=6&k_babaCode=21,data/cache/html/19770930_kawasaki_6.html
19770930_kawasaki_7,1977-09-30,kawasaki,7,https://www.keiba.go.jp/KeibaWeb/TodayRaceInfo/RaceMarkTable?k_raceDate=1977%2F09%2F30&k_raceNo=7&k_babaCode=21,data/cache/html/19770930_kawasaki_7.html
19770930_kawasaki_8,1977-09-30,kawasaki,8,https://www.keiba.go.jp/KeibaWeb/TodayRaceInfo/RaceMarkTable?k_raceDate=1977%2F09%2F30&k_raceNo=8&k_babaCode=21,data/cache/html/19770930_kawasaki_8.html
19770930_kawasaki_9,1977-09-30,kawasaki,9,https://www.keiba.go.jp/KeibaWeb/TodayRaceInfo/RaceMarkTable?k_raceDate=1977%2F09%2F30&k_raceNo=9&k_babaCode=21,data/cache/html/19770930_kawasaki_9.html
19770930_kawasaki_10,1977-09-30,kawasaki,10,https://www.keiba.go.jp/KeibaWeb/TodayRaceInfo/RaceMarkTable?k_raceDate=1977%2F09%2F30&k_raceNo=10&k_babaCode=21,data/cache/html/19770930_kawasaki_10.html
19770930_kawasaki_11,1977-09-30,kawasaki,11,https://www.keiba.go.jp/KeibaWeb/TodayRaceInfo/RaceMarkTable?k_raceDate=1977%2F09%2F30&k_raceNo=11&k_babaCode=21,data/cache/html/19770930_kawasaki_11.html
19770930_kawasaki_12,1977-09-30,kawasaki,12,https://www.keiba.go.jp/KeibaWeb/TodayRaceInfo/RaceMarkTable?k_raceDate=1977%2F09%2F30&k_raceNo=12&k_babaCode=21,data/cache/html/19770930_kawasaki_12.html
19770929_kawasaki_1,1977-09-29,kawasaki,1,https://www.keiba.go.jp/KeibaWeb/TodayRaceInfo/RaceMarkTable?k_raceDate=1977%2F09%2F29&k_raceNo=1&k_babaCode=21,data/cache/html/19770929_kawasaki_1.html
19770929_kawasaki_2,1977-09-29,kawasaki,2,https://www.keiba.go.jp/KeibaWeb/TodayRaceInfo/RaceMarkTable?k_raceDate=1977%2F09%2F29&k_raceNo=2&k_babaCode=21,data/cache/html/19770929_kawasaki_2.html
19770929_kawasaki_3,1977-09-29,kawasaki,3,https://www.keiba.go.jp/KeibaWeb/TodayRaceInfo/RaceMarkTable?k_raceDate=1977%2F09%2F29&k_raceNo=3&k_babaCode=21,data/cache/html/19770929_kawasaki_3.html
19770929_kawasaki_4,1977-09-29,kawasaki,4,https://www.keiba.go.jp/KeibaWeb/TodayRaceInfo/RaceMarkTable?k_raceDate=1977%2F09%2F29&k_raceNo=4&k_babaCode=21,data/cache/html/19770929_kawasaki_4.html
19770929_kawasaki_5,1977-09-29,kawasaki,5,https://www.keiba.go.jp/KeibaWeb/TodayRaceInfo/RaceMarkTable?k_raceDate=1977%2F09%2F29&k_raceNo=5&k_babaCode=21,data/cache/html/19770929_kawasaki_5.html
19770929_kawasaki_6,1977-09-29,kawasaki,6,https://www.keiba.go.jp/KeibaWeb/TodayRaceInfo/RaceMarkTable?k_raceDate=1977%2F09%2F29&k_raceNo=6&k_babaCode=21,data/cache/html/19770929_kawasaki_6.html
19770929_kawasaki_7,1977-09-29,kawasaki,7,https://www.keiba.go.jp/KeibaWeb/TodayRaceInfo/RaceMarkTable?k_raceDate=1977%2F09%2F29&k_raceNo=7&k_babaCode=21,data/cache/html/19770929_kawasaki_7.html
19770929_kawasaki_8,1977-09-29,kawasaki,8,https://www.keiba.go.jp/KeibaWeb/TodayRaceInfo/RaceMarkTable?k_raceDate=1977%2F09%2F29&k_raceNo=8&k_babaCode=21,data/cache/html/19770929_kawasaki_8.html
19770929_kawasaki_9,1977-09-29,kawasaki,9,https://www.keiba.go.jp/KeibaWeb/TodayRaceInfo/RaceMarkTable?k_raceDate=1977%2F09%2F29&k_raceNo=9&k_babaCode=21,data/cache/html/19770929_kawasaki_9.html
19770929_kawasaki_10,1977-09-29,kawasaki,10,https://www.keiba.go.jp/KeibaWeb/TodayRaceInfo/RaceMarkTable?k_raceDate=1977%2F09%2F29&k_raceNo=10&k_babaCode=21,data/cache/html/19770929_kawasaki_10.html
19770929_kawasaki_11,1977-09-29,kawasaki,11,https://www.keiba.go.jp/KeibaWeb/TodayRaceInfo/RaceMarkTable?k_raceDate=1977%2F09%2F29&k_raceNo=11&k_babaCode=21,data/cache/html/19770929_kawasaki_11.html
19770929_kawasaki_12,1977-09-29,kawasaki,12,https://www.keiba.go.jp/KeibaWeb/TodayRaceInfo/RaceMarkTable?k_raceDate=1977%2F09%2F29&k_raceNo=12&k_babaCode=21,data/cache/html/19770929_kawasaki_12.html
19770928_kawasaki_1,1977-09-28,kawasaki,1,https://www.keiba.go.jp/KeibaWeb/TodayRaceInfo/RaceMarkTable?k_raceDate=1977%2F09%2F28&k_raceNo=1&k_babaCode=21,data/cache/html/19770928_kawasaki_1.html
19770928_kawasaki_2,1977-09-28,kawasaki,2,https://www.keiba.go.jp/KeibaWeb/TodayRaceInfo/RaceMarkTable?k_raceDate=1977%2F09%2F28&k_raceNo=2&k_babaCode=21,data/cache/html/19770928_kawasaki_2.html
19770928_kawasaki_3,1977-09-28,kawasaki,3,https://www.keiba.go.jp/KeibaWeb/TodayRaceInfo/RaceMarkTable?k_raceDate=1977%2F09%2F28&k_raceNo=3&k_babaCode=21,data/cache/html/19770928_kawasaki_3.html
19770928_kawasaki_4,1977-09-28,kawasaki,4,https://www.keiba.go.jp/KeibaWeb/TodayRaceInfo/RaceMarkTable?k_raceDate=1977%2F09%2F28&k_raceNo=4&k_babaCode=21,data/cache/html/19770928_kawasaki_4.html
19770928_kawasaki_5,1977-09-28,kawasaki,5,https://www.keiba.go.jp/KeibaWeb/TodayRaceInfo/RaceMarkTable?k_raceDate=1977%2F09%2F28&k_raceNo=5&k_babaCode=21,data/cache/html/19770928_kawasaki_5.html
19770928_kawasaki_6,1977-09-28,kawasaki,6,https://www.keiba.go.jp/KeibaWeb/TodayRaceInfo/RaceMarkTable?k_raceDate=1977%2F09%2F28&k_raceNo=6&k_babaCode=21,data/cache/html/19770928_kawasaki_6.html
19770928_kawasaki_7,1977-09-28,kawasaki,7,https://www.keiba.go.jp/KeibaWeb/TodayRaceInfo/RaceMarkTable?k_raceDate=1977%2F09%2F28&k_raceNo=7&k_babaCode=21,data/cache/html/19770928_kawasaki_7.html
19770928_kawasaki_8,1977-09-28,kawasaki,8,https://www.keiba.go.jp/KeibaWeb/TodayRaceInfo/RaceMarkTable?k_raceDate=1977%2F09%2F28&k_raceNo=8&k_babaCode=21,data/cache/html/19770928_kawasaki_8.html
19770928_kawasaki_9,1977-09-28,kawasaki,9,https://www.keiba.go.jp/KeibaWeb/TodayRaceInfo/RaceMarkTable?k_raceDate=1977%2F09%2F28&k_raceNo=9&k_babaCode=21,data/cache/html/19770928_kawasaki_9.html
19770928_kawasaki_10,1977-09-28,kawasaki,10,https://www.keiba.go.jp/KeibaWeb/TodayRaceInfo/RaceMarkTable?k_raceDate=1977%2F09%2F28&k_raceNo=10&k_babaCode=21,data/cache/html/19770928_kawasaki_10.html
19770928_kawasaki_11,1977-09-28,kawasaki,11,https://www.keiba.go.jp/KeibaWeb/TodayRaceInfo/RaceMarkTable?k_raceDate=1977%2F09%2F28&k_raceNo=11&k_babaCode=21,data/cache/html/19770928_kawasaki_11.html
19770928_kawasaki_12,1977-09-28,kawasaki,12,https://www.keiba.go.jp/KeibaWeb/TodayRaceInfo/RaceMarkTable?k_raceDate=1977%2F09%2F28&k_raceNo=12&k_babaCode=21,data/cache/html/19770928_kawasaki_12.html
19770927_kawasaki_1,1977-09-27,kawasaki,1,https://www.keiba.go.jp/KeibaWeb/TodayRaceInfo/RaceMarkTable?k_raceDate=1977%2F09%2F27&k_raceNo=1&k_babaCode=21,data/cache/html/19770927_kawasaki_1.html
19770927_kawasaki_2,1977-09-27,kawasaki,2,https://www.keiba.go.jp/KeibaWeb/TodayRaceInfo/RaceMarkTable?k_raceDate=1977%2F09%2F27&k_raceNo=2&k_babaCode=21,data/cache/html/19770927_kawasaki_2.html
19770927_kawasaki_3,1977-09-27,kawasaki,3,https://www.keiba.go.jp/KeibaWeb/TodayRaceInfo/RaceMarkTable?k_raceDate=1977%2F09%2F27&k_raceNo=3&k_babaCode=21,data/cache/html/19770927_kawasaki_3.html
19770927_kawasaki_4,1977-09-27,kawasaki,4,https://www.keiba.go.jp/KeibaWeb/TodayRaceInfo/RaceMarkTable?k_raceDate=1977%2F09%2F27&k_raceNo=4&k_babaCode=21,data/cache/html/19770927_kawasaki_4.html
19770927_kawasaki_5,1977-09-27,kawasaki,5,https://www.keiba.go.jp/KeibaWeb/TodayRaceInfo/RaceMarkTable?k_raceDate=1977%2F09%2F27&k_raceNo=5&k_babaCode=21,data/cache/html/19770927_kawasaki_5.html
19770927_kawasaki_6,1977-09-27,kawasaki,6,https://www.keiba.go.jp/KeibaWeb/TodayRaceInfo/RaceMarkTable?k_raceDate=1977%2F09%2F27&k_raceNo=6&k_babaCode=21,data/cache/html/19770927_kawasaki_6.html
19770927_kawasaki_7,1977-09-27,kawasaki,7,https://www.keiba.go.jp/KeibaWeb/TodayRaceInfo/RaceMarkTable?k_raceDate=1977%2F09%2F27&k_raceNo=7&k_babaCode=21,data/cache/html/19770927_kawasaki_7.html
19770927_kawasaki_8,1977-09-27,kawasaki,8,https://www.keiba.go.jp/KeibaWeb/TodayRaceInfo/RaceMarkTable?k_raceDate=1977%2F09%2F27&k_raceNo=8&k_babaCode=21,data/cache/html/19770927_kawasaki_8.html
19770927_kawasaki_9,1977-09-27,kawasaki,9,https://www.keiba.go.jp/KeibaWeb/TodayRaceInfo/RaceMarkTable?k_raceDate=1977%2F09%2F27&k_raceNo=9&k_babaCode=21,data/cache/html/19770927_kawasaki_9.html
19770927_kawasaki_10,1977-09-27,kawasaki,10,https://www.keiba.go.jp/KeibaWeb/TodayRaceInfo/RaceMarkTable?k_raceDate=1977%2F09%2F27&k_raceNo=10&k_babaCode=21,data/cache/html/19770927_kawasaki_10.html
19770927_kawasaki_11,1977-09-27,kawasaki,11,https://www.keiba.go.jp/KeibaWeb/TodayRaceInfo/RaceMarkTable?k_raceDate=1977%2F09%2F27&k_raceNo=11&k_babaCode=21,data/cache/html/19770927_kawasaki_11.html
19770927_kawasaki_12,1977-09-27,kawasaki,12,https://www.keiba.go.jp/KeibaWeb/TodayRaceInfo/RaceMarkTable?k_raceDate=1977%2F09%2F27&k_raceNo=12&k_babaCode=21,data/cache/html/19770927_kawasaki_12.html
19770926_kawasaki_1,1977-09-26,kawasaki,1,https://www.keiba.go.jp/KeibaWeb/TodayRaceInfo/RaceMarkTable?k_raceDate=1977%2F09%2F26&k_raceNo=1&k_babaCode=21,data/cache/html/19770926_kawasaki_1.html
19770926_kawasaki_2,1977-09-26,kawasaki,2,https://www.keiba.go.jp/KeibaWeb/TodayRaceInfo/RaceMarkTable?k_raceDate=1977%2F09%2F26&k_raceNo=2&k_babaCode=21,data/cache/html/19770926_kawasaki_2.html
19770926_kawasaki_3,1977-09-26,kawasaki,3,https://www.keiba.go.jp/KeibaWeb/TodayRaceInfo/RaceMarkTable?k_raceDate=1977%2F09%2F26&k_raceNo=3&k_babaCode=21,data/cache/html/19770926_kawasaki_3.html
19770926_kawasaki_4,1977-09-26,kawasaki,4,https://www.keiba.go.jp/KeibaWeb/TodayRaceInfo/RaceMarkTable?k_raceDate=1977%2F09%2F26&k_raceNo=4&k_babaCode=21,data/cache/html/19770926_kawasaki_4.html
19770926_kawasaki_5,1977-09-26,kawasaki,5,https://www.keiba.go.jp/KeibaWeb/TodayRaceInfo/RaceMarkTable?k_raceDate=1977%2F09%2F26&k_raceNo=5&k_babaCode=21,data/cache/html/19770926_kawasaki_5.html
19770926_kawasaki_6,1977-09-26,kawasaki,6,https://www.keiba.go.jp/KeibaWeb/TodayRaceInfo/RaceMarkTable?k_raceDate=1977%2F09%2F26&k_raceNo=6&k_babaCode=21,data/cache/html/19770926_kawasaki_6.html
19770926_kawasaki_7,1977-09-26,kawasaki,7,https://www.keiba.go.jp/KeibaWeb/TodayRaceInfo/RaceMarkTable?k_raceDate=1977%2F09%2F26&k_raceNo=7&k_babaCode=21,data/cache/html/19770926_kawasaki_7.html
19770926_kawasaki_8,1977-09-26,kawasaki,8,https://www.keiba.go.jp/KeibaWeb/TodayRaceInfo/RaceMarkTable?k_raceDate=1977%2F09%2F26&k_raceNo=8&k_babaCode=21,data/cache/html/19770926_kawasaki_8.html
19770926_kawasaki_9,1977-09-26,kawasaki,9,https://www.keiba.go.jp/KeibaWeb/TodayRaceInfo/RaceMarkTable?k_raceDate=1977%2F09%2F26&k_raceNo=9&k_babaCode=21,data/cache/html/19770926_kawasaki_9.html
19770926_kawasaki_10,1977-09-26,kawasaki,10,https://www.keiba.go.jp/KeibaWeb/TodayRaceInfo/RaceMarkTable?k_raceDate=1977%2F09%2F26&k_raceNo=10&k_babaCode=21,data/cache/html/19770926_kawasaki_10.html
19770926_kawasaki_11,1977-09-26,kawasaki,11,https://www.keiba.go.jp/KeibaWeb/TodayRaceInfo/RaceMarkTable?k_raceDate=1977%2F09%2F26&k_raceNo=11&k_babaCode=21,data/cache/html/19770926_kawasaki_11.html
19770926_kawasaki_12,1977-09-26,kawasaki,12,https://www.keiba.go.jp/KeibaWeb/TodayRaceInfo/RaceMarkTable?k_raceDate=1977%2F09%2F26&k_raceNo=12&k_babaCode=21,data/cache/html/19770926_kawasaki_12.html
19770925_kawasaki_1,1977-09-25,kawasaki,1,https://www.keiba.go.jp/KeibaWeb/TodayRaceInfo/RaceMarkTable?k_raceDate=1977%2F09%2F25&k_raceNo=1&k_babaCode=21,data/cache/html/19770925_kawasaki_1.html
19770925_kawasaki_2,1977-09-25,kawasaki,2,https://www.keiba.go.jp/KeibaWeb/TodayRaceInfo/RaceMarkTable?k_raceDate=1977%2F09%2F25&k_raceNo=2&k_babaCode=21,data/cache/html/19770925_kawasaki_2.html
19770925_kawasaki_3,1977-09-25,kawasaki,3,https://www.keiba.go.jp/KeibaWeb/TodayRaceInfo/RaceMarkTable?k_raceDate=1977%2F09%2F25&k_raceNo=3&k_babaCode=21,data/cache/html/19770925_kawasaki_3.html
19770925_kawasaki_4,1977-09-25,kawasaki,4,https://www.keiba.go.jp/KeibaWeb/TodayRaceInfo/RaceMarkTable?k_raceDate=1977%2F09%2F25&k_raceNo=4&k_babaCode=21,data/cache/html/19770925_kawasaki_4.html
19770925_kawasaki_5,1977-09-25,kawasaki,5,https://www.keiba.go.jp/KeibaWeb/TodayRaceInfo/RaceMarkTable?k_raceDate=1977%2F09%2F25&k_raceNo=5&k_babaCode=21,data/cache/html/19770925_kawasaki_5.html
19770925_kawasaki_6,1977-09-25,kawasaki,6,https://www.keiba.go.jp/KeibaWeb/TodayRaceInfo/RaceMarkTable?k_raceDate=1977%2F09%2F25&k_raceNo=6&k_babaCode=21,data/cache/html/19770925_kawasaki_6.html
19770925_kawasaki_7,1977-09-25,kawasaki,7,https://www.keiba.go.jp/KeibaWeb/TodayRaceInfo/RaceMarkTable?k_raceDate=1977%2F09%2F25&k_raceNo=7&k_babaCode=21,data/cache/html/19770925_kawasaki_7.html
19770925_kawasaki_8,1977-09-25,kawasaki,8,https://www.keiba.go.jp/KeibaWeb/TodayRaceInfo/RaceMarkTable?k_raceDate=1977%2F09%2F25&k_raceNo=8&k_babaCode=21,data/cache/html/19770925_kawasaki_8.html
19770925_kawasaki_9,1977-09-25,kawasaki,9,https://www.keiba.go.jp/KeibaWeb/TodayRaceInfo/RaceMarkTable?k_raceDate=1977%2F09%2F25&k_raceNo=9&k_babaCode=21,data/cache/html/19770925_kawasaki_9.html
19770925_kawasaki_10,1977-09-25,kawasaki,10,https://www.keiba.go.jp/KeibaWeb/TodayRaceInfo/RaceMarkTable?k_raceDate=1977%2F09%2F25&k_raceNo=10&k_babaCode=21,data/cache/html/19770925_kawasaki_10.html
19770925_kawasaki_11,1977-09-25,kawasaki,11,https://www.keiba.go.jp/KeibaWeb/TodayRaceInfo/RaceMarkTable?k_raceDate=1977%2F09%2F25&k_raceNo=11&k_babaCode=21,data/cache/html/19770925_kawasaki_11.html
19770925_kawasaki_12,1977-09-25,kawasaki,12,https://www.keiba.go.jp/KeibaWeb/TodayRaceInfo/RaceMarkTable?k_raceDate=1977%2F09%2F25&k_raceNo=12&k_babaCode=21,data/cache/html/19770925_kawasaki_12.html
19770924_kawasaki_1,1977-09-24,kawasaki,1,https://www.keiba.go.jp/KeibaWeb/TodayRaceInfo/RaceMarkTable?k_raceDate=1977%2F09%2F24&k_raceNo=1&k_babaCode=21,data/cache/html/19770924_kawasaki_1.html
19770924_kawasaki_2,1977-09-24,kawasaki,2,https://www.keiba.go.jp/KeibaWeb/TodayRaceInfo/RaceMarkTable?k_raceDate=1977%2F09%2F24&k_raceNo=2&k_babaCode=21,data/cache/html/19770924_kawasaki_2.html
19770924_kawasaki_3,1977-09-24,kawasaki,3,https://www.keiba.go.jp/KeibaWeb/TodayRaceInfo/RaceMarkTable?k_raceDate=1977%2F09%2F24&k_raceNo=3&k_babaCode=21,data/cache/html/19770924_kawasaki_3.html
19770924_kawasaki_4,1977-09-24,kawasaki,4,https://www.keiba.go.jp/KeibaWeb/TodayRaceInfo/RaceMarkTable?k_raceDate=1977%2F09%2F24&k_raceNo=4&k_babaCode=21,data/cache/html/19770924_kawasaki_4.html
19770924_kawasaki_5,1977-09-24,kawasaki,5,https://www.keiba.go.jp/KeibaWeb/TodayRaceInfo/RaceMarkTable?k_raceDate=1977%2F09%2F24&k_raceNo=5&k_babaCode=21,data/cache/html/19770924_kawasaki_5.html
19770924_kawasaki_6,1977-09-24,kawasaki,6,https://www.keiba.go.jp/KeibaWeb/TodayRaceInfo/RaceMarkTable?k_raceDate=1977%2F09%2F24&k_raceNo=6&k_babaCode=21,data/cache/html/19770924_kawasaki_6.html
19770924_kawasaki_7,1977-09-24,kawasaki,7,https://www.keiba.go.jp/KeibaWeb/TodayRaceInfo/RaceMarkTable?k_raceDate=1977%2F09%2F24&k_raceNo=7&k_babaCode=21,data/cache/html/19770924_kawasaki_7.html
19770924_kawasaki_8,1977-09-24,kawasaki,8,https://www.keiba.go.jp/KeibaWeb/TodayRaceInfo/RaceMarkTable?k_raceDate=1977%2F09%2F24&k_raceNo=8&k_babaCode=21,data/cache/html/19770924_kawasaki_8.html
19770924_kawasaki_9,1977-09-24,kawasaki,9,https://www.keiba.go.jp/KeibaWeb/TodayRaceInfo/RaceMarkTable?k_raceDate=1977%2F09%2F24&k_raceNo=9&k_babaCode=21,data/cache/html/19770924_kawasaki_9.html
19770924_kawasaki_10,1977-09-24,kawasaki,10,https://www.keiba.go.jp/KeibaWeb/TodayRaceInfo/RaceMarkTable?k_raceDate=1977%2F09%2F24&k_raceNo=10&k_babaCode=21,data/cache/html/19770924_kawasaki_10.html
19770924_kawasaki_11,1977-09-24,kawasaki,11,https://www.keiba.go.jp/KeibaWeb/TodayRaceInfo/RaceMarkTable?k_raceDate=1977%2F09%2F24&k_raceNo=11&k_babaCode=21,data/cache/html/19770924_kawasaki_11.html
19770924_kawasaki_12,1977-09-24,kawasaki,12,https://www.keiba.go.jp/KeibaWeb/TodayRaceInfo/RaceMarkTable?k_raceDate=1977%2F09%2F24&k_raceNo=12&k_babaCode=21,data/cache/html/19770924_kawasaki_12.html
19770923_kawasaki_1,1977-09-23,kawasaki,1,https://www.keiba.go.jp/KeibaWeb/TodayRaceInfo/RaceMarkTable?k_raceDate=1977%2F09%2F23&k_raceNo=1&k_babaCode=21,data/cache/html/19770923_kawasaki_1.html
19770923_kawasaki_2,1977-09-23,kawasaki,2,https://www.keiba.go.jp/KeibaWeb/TodayRaceInfo/RaceMarkTable?k_raceDate=1977%2F09%2F23&k_raceNo=2&k_babaCode=21,data/cache/html/19770923_kawasaki_2.html
19770923_kawasaki_3,1977-09-23,kawasaki,3,https://www.keiba.go.jp/KeibaWeb/TodayRaceInfo/RaceMarkTable?k_raceDate=1977%2F09%2F23&k_raceNo=3&k_babaCode=21,data/cache/html/19770923_kawasaki_3.html
19770923_kawasaki_4,1977-09-23,kawasaki,4,https://www.keiba.go.jp/KeibaWeb/TodayRaceInfo/RaceMarkTable?k_raceDate=1977%2F09%2F23&k_raceNo=4&k_babaCode=21,data/cache/html/19770923_kawasaki_4.html
19770923_kawasaki_5,1977-09-23,kawasaki,5,https://www.keiba.go.jp/KeibaWeb/TodayRaceInfo/RaceMarkTable?k_raceDate=1977%2F09%2F23&k_raceNo=5&k_babaCode=21,data/cache/html/19770923_kawasaki_5.html
19770923_kawasaki_6,1977-09-23,kawasaki,6,https://www.keiba.go.jp/KeibaWeb/TodayRaceInfo/RaceMarkTable?k_raceDate=1977%2F09%2F23&k_raceNo=6&k_babaCode=21,data/cache/html/19770923_kawasaki_6.html
19770923_kawasaki_7,1977-09-23,kawasaki,7,https://www.keiba.go.jp/KeibaWeb/TodayRaceInfo/RaceMarkTable?k_raceDate=1977%2F09%2F23&k_raceNo=7&k_babaCode=21,data/cache/html/19770923_kawasaki_7.html
19770923_kawasaki_8,1977-09-23,kawasaki,8,https://www.keiba.go.jp/KeibaWeb/TodayRaceInfo/RaceMarkTable?k_raceDate=1977%2F09%2F23&k_raceNo=8&k_babaCode=21,data/cache/html/19770923_kawasaki_8.html
19770923_kawasaki_9,1977-09-23,kawasaki,9,https://www.keiba.go.jp/KeibaWeb/TodayRaceInfo/RaceMarkTable?k_raceDate=1977%2F09%2F23&k_raceNo=9&k_babaCode=21,data/cache/html/19770923_kawasaki_9.html
19770923_kawasaki_10,1977-09-23,kawasaki,10,https://www.keiba.go.jp/KeibaWeb/TodayRaceInfo/RaceMarkTable?k_raceDate=1977%2F09%2F23&k_raceNo=10&k_babaCode=21,data/cache/html/19770923_kawasaki_10.html
19770923_kawasaki_11,1977-09-23,kawasaki,11,https://www.keiba.go.jp/KeibaWeb/TodayRaceInfo/RaceMarkTable?k_raceDate=1977%2F09%2F23&k_raceNo=11&k_babaCode=21,data/cache/html/19770923_kawasaki_11.html
19770923_kawasaki_12,1977-09-23,kawasaki,12,https://www.keiba.go.jp/KeibaWeb/TodayRaceInfo/RaceMarkTable?k_raceDate=1977%2F09%2F23&k_raceNo=12&k_babaCode=21,data/cache/html/19770923_kawasaki_12.html
19770922_kawasaki_1,1977-09-22,kawasaki,1,https://www.keiba.go.jp/KeibaWeb/TodayRaceInfo/RaceMarkTable?k_raceDate=1977%2F09%2F22&k_raceNo=1&k_babaCode=21,data/cache/html/19770922_kawasaki_1.html
19770922_kawasaki_2,1977-09-22,kawasaki,2,https://www.keiba.go.jp/KeibaWeb/TodayRaceInfo/RaceMarkTable?k_raceDate=1977%2F09%2F22&k_raceNo=2&k_babaCode=21,data/cache/html/19770922_kawasaki_2.html
19770922_kawasaki_3,1977-09-22,kawasaki,3,https://www.keiba.go.jp/KeibaWeb/TodayRaceInfo/RaceMarkTable?k_raceDate=1977%2F09%2F22&k_raceNo=3&k_babaCode=21,data/cache/html/19770922_kawasaki_3.html
19770922_kawasaki_4,1977-09-22,kawasaki,4,https://www.keiba.go.jp/KeibaWeb/TodayRaceInfo/RaceMarkTable?k_raceDate=1977%2F09%2F22&k_raceNo=4&k_babaCode=21,data/cache/html/19770922_kawasaki_4.html
19770922_kawasaki_5,1977-09-22,kawasaki,5,https://www.keiba.go.jp/KeibaWeb/TodayRaceInfo/RaceMarkTable?k_raceDate=1977%2F09%2F22&k_raceNo=5&k_babaCode=21,data/cache/html/19770922_kawasaki_5.html
19770922_kawasaki_6,1977-09-22,kawasaki,6,https://www.keiba.go.jp/KeibaWeb/TodayRaceInfo/RaceMarkTable?k_raceDate=1977%2F09%2F22&k_raceNo=6&k_babaCode=21,data/cache/html/19770922_kawasaki_6.html
19770922_kawasaki_7,1977-09-22,kawasaki,7,https://www.keiba.go.jp/KeibaWeb/TodayRaceInfo/RaceMarkTable?k_raceDate=1977%2F09%2F22&k_raceNo=7&k_babaCode=21,data/cache/html/19770922_kawasaki_7.html
19770922_kawasaki_8,1977-09-22,kawasaki,8,https://www.keiba.go.jp/KeibaWeb/TodayRaceInfo/RaceMarkTable?k_raceDate=1977%2F09%2F22&k_raceNo=8&k_babaCode=21,data/cache/html/19770922_kawasaki_8.html
19770922_kawasaki_9,1977-09-22,kawasaki,9,https://www.keiba.go.jp/KeibaWeb/TodayRaceInfo/RaceMarkTable?k_raceDate=1977%2F09%2F22&k_raceNo=9&k_babaCode=21,data/cache/html/19770922_kawasaki_9.html
19770922_kawasaki_10,1977-09-22,kawasaki,10,https://www.keiba.go.jp/KeibaWeb/TodayRaceInfo/RaceMarkTable?k_raceDate=1977%2F09%2F22&k_raceNo=10&k_babaCode=21,data/cache/html/19770922_kawasaki_10.html
19770922_kawasaki_11,1977-09-22,kawasaki,11,https://www.keiba.go.jp/KeibaWeb/TodayRaceInfo/RaceMarkTable?k_raceDate=1977%2F09%2F22&k_raceNo=11&k_babaCode=21,data/cache/html/19770922_kawasaki_11.html
19770922_kawasaki_12,1977-09-22,kawasaki,12,https://www.keiba.go.jp/KeibaWeb/TodayRaceInfo/RaceMarkTable?k_raceDate=1977%2F09%2F22&k_raceNo=12&k_babaCode=21,data/cache/html/19770922_kawasaki_12.html
19770921_kawasaki_1,1977-09-21,kawasaki,1,https://www.keiba.go.jp/KeibaWeb/TodayRaceInfo/RaceMarkTable?k_raceDate=1977%2F09%2F21&k_raceNo=1&k_babaCode=21,data/cache/html/19770921_kawasaki_1.html
19770921_kawasaki_2,1977-09-21,kawasaki,2,https://www.keiba.go.jp/KeibaWeb/TodayRaceInfo/RaceMarkTable?k_raceDate=1977%2F09%2F21&k_raceNo=2&k_babaCode=21,data/cache/html/19770921_kawasaki_2.html
19770921_kawasaki_3,1977-09-21,kawasaki,3,https://www.keiba.go.jp/KeibaWeb/TodayRaceInfo/RaceMarkTable?k_raceDate=1977%2F09%2F21&k_raceNo=3&k_babaCode=21,data/cache/html/19770921_kawasaki_3.html
19770921_kawasaki_4,1977-09-21,kawasaki,4,https://www.keiba.go.jp/KeibaWeb/TodayRaceInfo/RaceMarkTable?k_raceDate=1977%2F09%2F21&k_raceNo=4&k_babaCode=21,data/cache/html/19770921_kawasaki_4.html
19770921_kawasaki_5,1977-09-21,kawasaki,5,https://www.keiba.go.jp/KeibaWeb/TodayRaceInfo/RaceMarkTable?k_raceDate=1977%2F09%2F21&k_raceNo=5&k_babaCode=21,data/cache/html/19770921_kawasaki_5.html
19770921_kawasaki_6,1977-09-21,kawasaki,6,https://www.keiba.go.jp/KeibaWeb/TodayRaceInfo/RaceMarkTable?k_raceDate=1977%2F09%2F21&k_raceNo=6&k_babaCode=21,data/cache/html/19770921_kawasaki_6.html
19770921_kawasaki_7,1977-09-21,kawasaki,7,https://www.keiba.go.jp/KeibaWeb/TodayRaceInfo/RaceMarkTable?k_raceDate=1977%2F09%2F21&k_raceNo=7&k_babaCode=21,data/cache/html/19770921_kawasaki_7.html
19770921_kawasaki_8,1977-09-21,kawasaki,8,https://www.keiba.go.jp/KeibaWeb/TodayRaceInfo/RaceMarkTable?k_raceDate=1977%2F09%2F21&k_raceNo=8&k_babaCode=21,data/cache/html/19770921_kawasaki_8.html
19770921_kawasaki_9,1977-09-21,kawasaki,9,https://www.keiba.go.jp/KeibaWeb/TodayRaceInfo/RaceMarkTable?k_raceDate=1977%2F09%2F21&k_raceNo=9&k_babaCode=21,data/cache/html/19770921_kawasaki_9.html
19770921_kawasaki_10,1977-09-21,kawasaki,10,https://www.keiba.go.jp/KeibaWeb/TodayRaceInfo/RaceMarkTable?k_raceDate=1977%2F09%2F21&k_raceNo=10&k_babaCode=21,data/cache/html/19770921_kawasaki_10.html
19770921_kawasaki_11,1977-09-21,kawasaki,11,https://www.keiba.go.jp/KeibaWeb/TodayRaceInfo/RaceMarkTable?k_raceDate=1977%2F09%2F21&k_raceNo=11&k_babaCode=21,data/cache/html/19770921_kawasaki_11.html
19770921_kawasaki_12,1977-09-21,kawasaki,12,https://www.keiba.go.jp/KeibaWeb/TodayRaceInfo/RaceMarkTable?k_raceDate=1977%2F09%2F21&k_raceNo=12&k_babaCode=21,data/cache/html/19770921_kawasaki_12.html
19770920_kawasaki_1,1977-09-20,kawasaki,1,https://www.keiba.go.jp/KeibaWeb/TodayRaceInfo/RaceMarkTable?k_raceDate=1977%2F09%2F20&k_raceNo=1&k_babaCode=21,data/cache/html/19770920_kawasaki_1.html
19770920_kawasaki_2,1977-09-20,kawasaki,2,https://www.keiba.go.jp/KeibaWeb/TodayRaceInfo/RaceMarkTable?k_raceDate=1977%2F09%2F20&k_raceNo=2&k_babaCode=21,data/cache/html/19770920_kawasaki_2.html
19770920_kawasaki_3,1977-09-20,kawasaki,3,https://www.keiba.go.jp/KeibaWeb/TodayRaceInfo/RaceMarkTable?k_raceDate=1977%2F09%2F20&k_raceNo=3&k_babaCode=21,data/cache/html/19770920_kawasaki_3.html
19770920_kawasaki_4,1977-09-20,kawasaki,4,https://www.keiba.go.jp/KeibaWeb/TodayRaceInfo/RaceMarkTable?k_raceDate=1977%2F09%2F20&k_raceNo=4&k_babaCode=21,data/cache/html/19770920_kawasaki_4.html
19770920_kawasaki_5,1977-09-20,kawasaki,5,https://www.keiba.go.jp/KeibaWeb/TodayRaceInfo/RaceMarkTable?k_raceDate=1977%2F09%2F20&k_raceNo=5&k_babaCode=21,data/cache/html/19770920_kawasaki_5.html
19770920_kawasaki_6,1977-09-20,kawasaki,6,https://www.keiba.go.jp/KeibaWeb/TodayRaceInfo/RaceMarkTable?k_raceDate=1977%2F09%2F20&k_raceNo=6&k_babaCode=21,data/cache/html/19770920_kawasaki_6.html
19770920_kawasaki_7,1977-09-20,kawasaki,7,https://www.keiba.go.jp/KeibaWeb/TodayRaceInfo/RaceMarkTable?k_raceDate=1977%2F09%2F20&k_raceNo=7&k_babaCode=21,data/cache/html/19770920_kawasaki_7.html
19770920_kawasaki_8,1977-09-20,kawasaki,8,https://www.keiba.go.jp/KeibaWeb/TodayRaceInfo/RaceMarkTable?k_raceDate=1977%2F09%2F20&k_raceNo=8&k_babaCode=21,data/cache/html/19770920_kawasaki_8.html
19770920_kawasaki_9,1977-09-20,kawasaki,9,https://www.keiba.go.jp/KeibaWeb/TodayRaceInfo/RaceMarkTable?k_raceDate=1977%2F09%2F20&k_raceNo=9&k_babaCode=21,data/cache/html/19770920_kawasaki_9.html
19770920_kawasaki_10,1977-09-20,kawasaki,10,https://www.keiba.go.jp/KeibaWeb/TodayRaceInfo/RaceMarkTable?k_raceDate=1977%2F09%2F20&k_raceNo=10&k_babaCode=21,data/cache/html/19770920_kawasaki_10.html
19770920_kawasaki_11,1977-09-20,kawasaki,11,https://www.keiba.go.jp/KeibaWeb/TodayRaceInfo/RaceMarkTable?k_raceDate=1977%2F09%2F20&k_raceNo=11&k_babaCode=21,data/cache/html/19770920_kawasaki_11.html
19770920_kawasaki_12,1977-09-20,kawasaki,12,https://www.keiba.go.jp/KeibaWeb/TodayRaceInfo/RaceMarkTable?k_raceDate=1977%2F09%2F20&k_raceNo=12&k_babaCode=21,data/cache/html/19770920_kawasaki_12.html
