race_id,date,track,race_no,official_url,cache_html_path
20140120_kawasaki_1,2014-01-20,kawasaki,1,https://www.keiba.go.jp/KeibaWeb/TodayRaceInfo/RaceMarkTable?k_raceDate=2014%2F01%2F20&k_raceNo=1&k_babaCode=21,data/cache/html/20140120_kawasaki_1.html
20140120_kawasaki_2,2014-01-20,kawasaki,2,https://www.keiba.go.jp/KeibaWeb/TodayRaceInfo/RaceMarkTable?k_raceDate=2014%2F01%2F20&k_raceNo=2&k_babaCode=21,data/cache/html/20140120_kawasaki_2.html
20140120_kawasaki_3,2014-01-20,kawasaki,3,https://www.keiba.go.jp/KeibaWeb/TodayRaceInfo/RaceMarkTable?k_raceDate=2014%2F01%2F20&k_raceNo=3&k_babaCode=21,data/cache/html/20140120_kawasaki_3.html
20140120_kawasaki_4,2014-01-20,kawasaki,4,https://www.keiba.go.jp/KeibaWeb/TodayRaceInfo/RaceMarkTable?k_raceDate=2014%2F01%2F20&k_raceNo=4&k_babaCode=21,data/cache/html/20140120_kawasaki_4.html
20140120_kawasaki_5,2014-01-20,kawasaki,5,https://www.keiba.go.jp/KeibaWeb/TodayRaceInfo/RaceMarkTable?k_raceDate=2014%2F01%2F20&k_raceNo=5&k_babaCode=21,data/cache/html/20140120_kawasaki_5.html
20140120_kawasaki_6,2014-01-20,kawasaki,6,https://www.keiba.go.jp/KeibaWeb/TodayRaceInfo/RaceMarkTable?k_raceDate=2014%2F01%2F20&k_raceNo=6&k_babaCode=21,data/cache/html/20140120_kawasaki_6.html
20140120_kawasaki_7,2014-01-20,kawasaki,7,https://www.keiba.go.jp/KeibaWeb/TodayRaceInfo/RaceMarkTable?k_raceDate=2014%2F01%2F20&k_raceNo=7&k_babaCode=21,data/cache/html/20140120_kawasaki_7.html
20140120_kawasaki_8,2014-01-20,kawasaki,8,https://www.keiba.go.jp/KeibaWeb/TodayRaceInfo/RaceMarkTable?k_raceDate=2014%2F01%2F20&k_raceNo=8&k_babaCode=21,data/cache/html/20140120_kawasaki_8.html
20140120_kawasaki_9,2014-01-20,kawasaki,9,https://www.keiba.go.jp/KeibaWeb/TodayRaceInfo/RaceMarkTable?k_raceDate=2014%2F01%2F20&k_raceNo=9&k_babaCode=21,data/cache/html/20140120_kawasaki_9.html
20140120_kawasaki_10,2014-01-20,kawasaki,10,https://www.keiba.go.jp/KeibaWeb/TodayRaceInfo/RaceMarkTable?k_raceDate=2014%2F01%2F20&k_raceNo=10&k_babaCode=21,data/cache/html/20140120_kawasaki_10.html
20140120_kawasaki_11,2014-01-20,kawasaki,11,https://www.keiba.go.jp/KeibaWeb/TodayRaceInfo/RaceMarkTable?k_raceDate=2014%2F01%2F20&k_raceNo=11&k_babaCode=21,data/cache/html/20140120_kawasaki_11.html
20140120_kawasaki_12,2014-01-20,kawasaki,12,https://www.keiba.go.jp/KeibaWeb/TodayRaceInfo/RaceMarkTable?k_raceDate=2014%2F01%2F20&k_raceNo=12&k_babaCode=21,data/cache/html/20140120_kawasaki_12.html
20140119_kawasaki_1,2014-01-19,kawasaki,1,https://www.keiba.go.jp/KeibaWeb/TodayRaceInfo/RaceMarkTable?k_raceDate=2014%2F01%2F19&k_raceNo=1&k_babaCode=21,data/cache/html/20140119_kawasaki_1.html
20140119_kawasaki_2,2014-01-19,kawasaki,2,https://www.keiba.go.jp/KeibaWeb/TodayRaceInfo/RaceMarkTable?k_raceDate=2014%2F01%2F19&k_raceNo=2&k_babaCode=21,data/cache/html/20140119_kawasaki_2.html
20140119_kawasaki_3,2014-01-19,kawasaki,3,https://www.keiba.go.jp/KeibaWeb/TodayRaceInfo/RaceMarkTable?k_raceDate=2014%2F01%2F19&k_raceNo=3&k_babaCode=21,data/cache/html/20140119_kawasaki_3.html
20140119_kawasaki_4,2014-01-19,kawasaki,4,https://www.keiba.go.jp/KeibaWeb/TodayRaceInfo/RaceMarkTable?k_raceDate=2014%2F01%2F19&k_raceNo=4&k_babaCode=21,data/cache/html/20140119_kawasaki_4.html
20140119_kawasaki_5,2014-01-19,kawasaki,5,https://www.keiba.go.jp/KeibaWeb/TodayRaceInfo/RaceMarkTable?k_raceDate=2014%2F01%2F19&k_raceNo=5&k_babaCode=21,data/cache/html/20140119_kawasaki_5.html
20140119_kawasaki_6,2014-01-19,kawasaki,6,https://www.keiba.go.jp/KeibaWeb/TodayRaceInfo/RaceMarkTable?k_raceDate=2014%2F01%2F19&k_raceNo=6&k_babaCode=21,data/cache/html/20140119_kawasaki_6.html
20140119_kawasaki_7,2014-01-19,kawasaki,7,https://www.keiba.go.jp/KeibaWeb/TodayRaceInfo/RaceMarkTable?k_raceDate=2014%2F01%2F19&k_raceNo=7&k_babaCode=21,data/cache/html/20140119_kawasaki_7.html
20140119_kawasaki_8,2014-01-19,kawasaki,8,https://www.keiba.go.jp/KeibaWeb/TodayRaceInfo/RaceMarkTable?k_raceDate=2014%2F01%2F19&k_raceNo=8&k_babaCode=21,data/cache/html/20140119_kawasaki_8.html
20140119_kawasaki_9,2014-01-19,kawasaki,9,https://www.keiba.go.jp/KeibaWeb/TodayRaceInfo/RaceMarkTable?k_raceDate=2014%2F01%2F19&k_raceNo=9&k_babaCode=21,data/cache/html/20140119_kawasaki_9.html
20140119_kawasaki_10,2014-01-19,kawasaki,10,https://www.keiba.go.jp/KeibaWeb/TodayRaceInfo/RaceMarkTable?k_raceDate=2014%2F01%2F19&k_raceNo=10&k_babaCode=21,data/cache/html/20140119_kawasaki_10.html
20140119_kawasaki_11,2014-01-19,kawasaki,11,https://www.keiba.go.jp/KeibaWeb/TodayRaceInfo/RaceMarkTable?k_raceDate=2014%2F01%2F19&k_raceNo=11&k_babaCode=21,data/cache/html/20140119_kawasaki_11.html
20140119_kawasaki_12,2014-01-19,kawasaki,12,https://www.keiba.go.jp/KeibaWeb/TodayRaceInfo/RaceMarkTable?k_raceDate=2014%2F01%2F19&k_raceNo=12&k_babaCode=21,data/cache/html/20140119_kawasaki_12.html
20140118_kawasaki_1,2014-01-18,kawasaki,1,https://www.keiba.go.jp/KeibaWeb/TodayRaceInfo/RaceMarkTable?k_raceDate=2014%2F01%2F18&k_raceNo=1&k_babaCode=21,data/cache/html/20140118_kawasaki_1.html
20140118_kawasaki_2,2014-01-18,kawasaki,2,https://www.keiba.go.jp/KeibaWeb/TodayRaceInfo/RaceMarkTable?k_raceDate=2014%2F01%2F18&k_raceNo=2&k_babaCode=21,data/cache/html/20140118_kawasaki_2.html
20140118_kawasaki_3,2014-01-18,kawasaki,3,https://www.keiba.go.jp/KeibaWeb/TodayRaceInfo/RaceMarkTable?k_raceDate=2014%2F01%2F18&k_raceNo=3&k_babaCode=21,data/cache/html/20140118_kawasaki_3.html
20140118_kawasaki_4,2014-01-18,kawasaki,4,https://www.keiba.go.jp/KeibaWeb/TodayRaceInfo/RaceMarkTable?k_raceDate=2014%2F01%2F18&k_raceNo=4&k_babaCode=21,data/cache/html/20140118_kawasaki_4.html
20140118_kawasaki_5,2014-01-18,kawasaki,5,https://www.keiba.go.jp/KeibaWeb/TodayRaceInfo/RaceMarkTable?k_raceDate=2014%2F01%2F18&k_raceNo=5&k_babaCode=21,data/cache/html/20140118_kawasaki_5.html
20140118_kawasaki_6,2014-01-18,kawasaki,6,https://www.keiba.go.jp/KeibaWeb/TodayRaceInfo/RaceMarkTable?k_raceDate=2014%2F01%2F18&k_raceNo=6&k_babaCode=21,data/cache/html/20140118_kawasaki_6.html
20140118_kawasaki_7,2014-01-18,kawasaki,7,https://www.keiba.go.jp/KeibaWeb/TodayRaceInfo/RaceMarkTable?k_raceDate=2014%2F01%2F18&k_raceNo=7&k_babaCode=21,data/cache/html/20140118_kawasaki_7.html
20140118_kawasaki_8,2014-01-18,kawasaki,8,https://www.keiba.go.jp/KeibaWeb/TodayRaceInfo/RaceMarkTable?k_raceDate=2014%2F01%2F18&k_raceNo=8&k_babaCode=21,data/cache/html/20140118_kawasaki_8.html
20140118_kawasaki_9,2014-01-18,kawasaki,9,https://www.keiba.go.jp/KeibaWeb/TodayRaceInfo/RaceMarkTable?k_raceDate=2014%2F01%2F18&k_raceNo=9&k_babaCode=21,data/cache/html/20140118_kawasaki_9.html
20140118_kawasaki_10,2014-01-18,kawasaki,10,https://www.keiba.go.jp/KeibaWeb/TodayRaceInfo/RaceMarkTable?k_raceDate=2014%2F01%2F18&k_raceNo=10&k_babaCode=21,data/cache/html/20140118_kawasaki_10.html
20140118_kawasaki_11,2014-01-18,kawasaki,11,https://www.keiba.go.jp/KeibaWeb/TodayRaceInfo/RaceMarkTable?k_raceDate=2014%2F01%2F18&k_raceNo=11&k_babaCode=21,data/cache/html/20140118_kawasaki_11.html
20140118_kawasaki_12,2014-01-18,kawasaki,12,https://www.keiba.go.jp/KeibaWeb/TodayRaceInfo/RaceMarkTable?k_raceDate=2014%2F01%2F18&k_raceNo=12&k_babaCode=21,data/cache/html/20140118_kawasaki_12.html
20140117_kawasaki_1,2014-01-17,kawasaki,1,https://www.keiba.go.jp/KeibaWeb/TodayRaceInfo/RaceMarkTable?k_raceDate=2014%2F01%2F17&k_raceNo=1&k_babaCode=21,data/cache/html/20140117_kawasaki_1.html
20140117_kawasaki_2,2014-01-17,kawasaki,2,https://www.keiba.go.jp/KeibaWeb/TodayRaceInfo/RaceMarkTable?k_raceDate=2014%2F01%2F17&k_raceNo=2&k_babaCode=21,data/cache/html/20140117_kawasaki_2.html
20140117_kawasaki_3,2014-01-17,kawasaki,3,https://www.keiba.go.jp/KeibaWeb/TodayRaceInfo/RaceMarkTable?k_raceDate=2014%2F01%2F17&k_raceNo=3&k_babaCode=21,data/cache/html/20140117_kawasaki_3.html
20140117_kawasaki_4,2014-01-17,kawasaki,4,https://www.keiba.go.jp/KeibaWeb/TodayRaceInfo/RaceMarkTable?k_raceDate=2014%2F01%2F17&k_raceNo=4&k_babaCode=21,data/cache/html/20140117_kawasaki_4.html
20140117_kawasaki_5,2014-01-17,kawasaki,5,https://www.keiba.go.jp/KeibaWeb/TodayRaceInfo/RaceMarkTable?k_raceDate=2014%2F01%2F17&k_raceNo=5&k_babaCode=21,data/cache/html/20140117_kawasaki_5.html
20140117_kawasaki_6,2014-01-17,kawasaki,6,https://www.keiba.go.jp/KeibaWeb/TodayRaceInfo/RaceMarkTable?k_raceDate=2014%2F01%2F17&k_raceNo=6&k_babaCode=21,data/cache/html/20140117_kawasaki_6.html
20140117_kawasaki_7,2014-01-17,kawasaki,7,https://www.keiba.go.jp/KeibaWeb/TodayRaceInfo/RaceMarkTable?k_raceDate=2014%2F01%2F17&k_raceNo=7&k_babaCode=21,data/cache/html/20140117_kawasaki_7.html
20140117_kawasaki_8,2014-01-17,kawasaki,8,https://www.keiba.go.jp/KeibaWeb/TodayRaceInfo/RaceMarkTable?k_raceDate=2014%2F01%2F17&k_raceNo=8&k_babaCode=21,data/cache/html/20140117_kawasaki_8.html
20140117_kawasaki_9,2014-01-17,kawasaki,9,https://www.keiba.go.jp/KeibaWeb/TodayRaceInfo/RaceMarkTable?k_raceDate=2014%2F01%2F17&k_raceNo=9&k_babaCode=21,data/cache/html/20140117_kawasaki_9.html
20140117_kawasaki_10,2014-01-17,kawasaki,10,https://www.keiba.go.jp/KeibaWeb/TodayRaceInfo/RaceMarkTable?k_raceDate=2014%2F01%2F17&k_raceNo=10&k_babaCode=21,data/cache/html/20140117_kawasaki_10.html
20140117_kawasaki_11,2014-01-17,kawasaki,11,https://www.keiba.go.jp/KeibaWeb/TodayRaceInfo/RaceMarkTable?k_raceDate=2014%2F01%2F17&k_raceNo=11&k_babaCode=21,data/cache/html/20140117_kawasaki_11.html
20140117_kawasaki_12,2014-01-17,kawasaki,12,https://www.keiba.go.jp/KeibaWeb/TodayRaceInfo/RaceMarkTable?k_raceDate=2014%2F01%2F17&k_raceNo=12&k_babaCode=21,data/cache/html/20140117_kawasaki_12.html
20140116_kawasaki_1,2014-01-16,kawasaki,1,https://www.keiba.go.jp/KeibaWeb/TodayRaceInfo/RaceMarkTable?k_raceDate=2014%2F01%2F16&k_raceNo=1&k_babaCode=21,data/cache/html/20140116_kawasaki_1.html
20140116_kawasaki_2,2014-01-16,kawasaki,2,https://www.keiba.go.jp/KeibaWeb/TodayRaceInfo/RaceMarkTable?k_raceDate=2014%2F01%2F16&k_raceNo=2&k_babaCode=21,data/cache/html/20140116_kawasaki_2.html
20140116_kawasaki_3,2014-01-16,kawasaki,3,https://www.keiba.go.jp/KeibaWeb/TodayRaceInfo/RaceMarkTable?k_raceDate=2014%2F01%2F16&k_raceNo=3&k_babaCode=21,data/cache/html/20140116_kawasaki_3.html
20140116_kawasaki_4,2014-01-16,kawasaki,4,https://www.keiba.go.jp/KeibaWeb/TodayRaceInfo/RaceMarkTable?k_raceDate=2014%2F01%2F16&k_raceNo=4&k_babaCode=21,data/cache/html/20140116_kawasaki_4.html
20140116_kawasaki_5,2014-01-16,kawasaki,5,https://www.keiba.go.jp/KeibaWeb/TodayRaceInfo/RaceMarkTable?k_raceDate=2014%2F01%2F16&k_raceNo=5&k_babaCode=21,data/cache/html/20140116_kawasaki_5.html
20140116_kawasaki_6,2014-01-16,kawasaki,6,https://www.keiba.go.jp/KeibaWeb/TodayRaceInfo/RaceMarkTable?k_raceDate=2014%2F01%2F16&k_raceNo=6&k_babaCode=21,data/cache/html/20140116_kawasaki_6.html
20140116_kawasaki_7,2014-01-16,kawasaki,7,https://www.keiba.go.jp/KeibaWeb/TodayRaceInfo/RaceMarkTable?k_raceDate=2014%2F01%2F16&k_raceNo=7&k_babaCode=21,data/cache/html/20140116_kawasaki_7.html
20140116_kawasaki_8,2014-01-16,kawasaki,8,https://www.keiba.go.jp/KeibaWeb/TodayRaceInfo/RaceMarkTable?k_raceDate=2014%2F01%2F16&k_raceNo=8&k_babaCode=21,data/cache/html/20140116_kawasaki_8.html
20140116_kawasaki_9,2014-01-16,kawasaki,9,https://www.keiba.go.jp/KeibaWeb/TodayRaceInfo/RaceMarkTable?k_raceDate=2014%2F01%2F16&k_raceNo=9&k_babaCode=21,data/cache/html/20140116_kawasaki_9.html
20140116_kawasaki_10,2014-01-16,kawasaki,10,https://www.keiba.go.jp/KeibaWeb/TodayRaceInfo/RaceMarkTable?k_raceDate=2014%2F01%2F16&k_raceNo=10&k_babaCode=21,data/cache/html/20140116_kawasaki_10.html
20140116_kawasaki_11,2014-01-16,kawasaki,11,https://www.keiba.go.jp/KeibaWeb/TodayRaceInfo/RaceMarkTable?k_raceDate=2014%2F01%2F16&k_raceNo=11&k_babaCode=21,data/cache/html/20140116_kawasaki_11.html
20140116_kawasaki_12,2014-01-16,kawasaki,12,https://www.keiba.go.jp/KeibaWeb/TodayRaceInfo/RaceMarkTable?k_raceDate=2014%2F01%2F16&k_raceNo=12&k_babaCode=21,data/cache/html/20140116_kawasaki_12.html
20140115_kawasaki_1,2014-01-15,kawasaki,1,https://www.keiba.go.jp/KeibaWeb/TodayRaceInfo/RaceMarkTable?k_raceDate=2014%2F01%2F15&k_raceNo=1&k_babaCode=21,data/cache/html/20140115_kawasaki_1.html
20140115_kawasaki_2,2014-01-15,kawasaki,2,https://www.keiba.go.jp/KeibaWeb/TodayRaceInfo/RaceMarkTable?k_raceDate=2014%2F01%2F15&k_raceNo=2&k_babaCode=21,data/cache/html/20140115_kawasaki_2.html
20140115_kawasaki_3,2014-01-15,kawasaki,3,https://www.keiba.go.jp/KeibaWeb/TodayRaceInfo/RaceMarkTable?k_raceDate=2014%2F01%2F15&k_raceNo=3&k_babaCode=21,data/cache/html/20140115_kawasaki_3.html
20140115_kawasaki_4,2014-01-15,kawasaki,4,https://www.keiba.go.jp/KeibaWeb/TodayRaceInfo/RaceMarkTable?k_raceDate=2014%2F01%2F15&k_raceNo=4&k_babaCode=21,data/cache/html/20140115_kawasaki_4.html
20140115_kawasaki_5,2014-01-15,kawasaki,5,https://www.keiba.go.jp/KeibaWeb/TodayRaceInfo/RaceMarkTable?k_raceDate=2014%2F01%2F15&k_raceNo=5&k_babaCode=21,data/cache/html/20140115_kawasaki_5.html
20140115_kawasaki_6,2014-01-15,kawasaki,6,https://www.keiba.go.jp/KeibaWeb/TodayRaceInfo/RaceMarkTable?k_raceDate=2014%2F01%2F15&k_raceNo=6&k_babaCode=21,data/cache/html/20140115_kawasaki_6.html
20140115_kawasaki_7,2014-01-15,kawasaki,7,https://www.keiba.go.jp/KeibaWeb/TodayRaceInfo/RaceMarkTable?k_raceDate=2014%2F01%2F15&k_raceNo=7&k_babaCode=21,data/cache/html/20140115_kawasaki_7.html
20140115_kawasaki_8,2014-01-15,kawasaki,8,https://www.keiba.go.jp/KeibaWeb/TodayRaceInfo/RaceMarkTable?k_raceDate=2014%2F01%2F15&k_raceNo=8&k_babaCode=21,data/cache/html/20140115_kawasaki_8.html
20140115_kawasaki_9,2014-01-15,kawasaki,9,https://www.keiba.go.jp/KeibaWeb/TodayRaceInfo/RaceMarkTable?k_raceDate=2014%2F01%2F15&k_raceNo=9&k_babaCode=21,data/cache/html/20140115_kawasaki_9.html
20140115_kawasaki_10,2014-01-15,kawasaki,10,https://www.keiba.go.jp/KeibaWeb/TodayRaceInfo/RaceMarkTable?k_raceDate=2014%2F01%2F15&k_raceNo=10&k_babaCode=21,data/cache/html/20140115_kawasaki_10.html
20140115_kawasaki_11,2014-01-15,kawasaki,11,https://www.keiba.go.jp/KeibaWeb/TodayRaceInfo/RaceMarkTable?k_raceDate=2014%2F01%2F15&k_raceNo=11&k_babaCode=21,data/cache/html/20140115_kawasaki_11.html
20140115_kawasaki_12,2014-01-15,kawasaki,12,https://www.keiba.go.jp/KeibaWeb/TodayRaceInfo/RaceMarkTable?k_raceDate=2014%2F01%2F15&k_raceNo=12&k_babaCode=21,data/cache/html/20140115_kawasaki_12.html
20140114_kawasaki_1,2014-01-14,kawasaki,1,https://www.keiba.go.jp/KeibaWeb/TodayRaceInfo/RaceMarkTable?k_raceDate=2014%2F01%2F14&k_raceNo=1&k_babaCode=21,data/cache/html/20140114_kawasaki_1.html
20140114_kawasaki_2,2014-01-14,kawasaki,2,https://www.keiba.go.jp/KeibaWeb/TodayRaceInfo/RaceMarkTable?k_raceDate=2014%2F01%2F14&k_raceNo=2&k_babaCode=21,data/cache/html/20140114_kawasaki_2.html
20140114_kawasaki_3,2014-01-14,kawasaki,3,https://www.keiba.go.jp/KeibaWeb/TodayRaceInfo/RaceMarkTable?k_raceDate=2014%2F01%2F14&k_raceNo=3&k_babaCode=21,data/cache/html/20140114_kawasaki_3.html
20140114_kawasaki_4,2014-01-14,kawasaki,4,https://www.keiba.go.jp/KeibaWeb/TodayRaceInfo/RaceMarkTable?k_raceDate=2014%2F01%2F14&k_raceNo=4&k_babaCode=21,data/cache/html/20140114_kawasaki_4.html
20140114_kawasaki_5,2014-01-14,kawasaki,5,https://www.keiba.go.jp/KeibaWeb/TodayRaceInfo/RaceMarkTable?k_raceDate=2014%2F01%2F14&k_raceNo=5&k_babaCode=21,data/cache/html/20140114_kawasaki_5.html
20140114_kawasaki_6,2014-01-14,kawasaki,6,https://www.keiba.go.jp/KeibaWeb/TodayRaceInfo/RaceMarkTable?k_raceDate=2014%2F01%2F14&k_raceNo=6&k_babaCode=21,data/cache/html/20140114_kawasaki_6.html
20140114_kawasaki_7,2014-01-14,kawasaki,7,https://www.keiba.go.jp/KeibaWeb/TodayRaceInfo/RaceMarkTable?k_raceDate=2014%2F01%2F14&k_raceNo=7&k_babaCode=21,data/cache/html/20140114_kawasaki_7.html
20140114_kawasaki_8,2014-01-14,kawasaki,8,https://www.keiba.go.jp/KeibaWeb/TodayRaceInfo/RaceMarkTable?k_raceDate=2014%2F01%2F14&k_raceNo=8&k_babaCode=21,data/cache/html/20140114_kawasaki_8.html
20140114_kawasaki_9,2014-01-14,kawasaki,9,https://www.keiba.go.jp/KeibaWeb/TodayRaceInfo/RaceMarkTable?k_raceDate=2014%2F01%2F14&k_raceNo=9&k_babaCode=21,data/cache/html/20140114_kawasaki_9.html
20140114_kawasaki_10,2014-01-14,kawasaki,10,https://www.keiba.go.jp/KeibaWeb/TodayRaceInfo/RaceMarkTable?k_raceDate=2014%2F01%2F14&k_raceNo=10&k_babaCode=21,data/cache/html/20140114_kawasaki_10.html
20140114_kawasaki_11,2014-01-14,kawasaki,11,https://www.keiba.go.jp/KeibaWeb/TodayRaceInfo/RaceMarkTable?k_raceDate=2014%2F01%2F14&k_raceNo=11&k_babaCode=21,data/cache/html/20140114_kawasaki_11.html
20140114_kawasaki_12,2014-01-14,kawasaki,12,https://www.keiba.go.jp/KeibaWeb/TodayRaceInfo/RaceMarkTable?k_raceDate=2014%2F01%2F14&k_raceNo=12&k_babaCode=21,data/cache/html/20140114_kawasaki_12.html
20140113_kawasaki_1,2014-01-13,kawasaki,1,https://www.keiba.go.jp/KeibaWeb/TodayRaceInfo/RaceMarkTable?k_raceDate=2014%2F01%2F13&k_raceNo=1&k_babaCode=21,data/cache/html/20140113_kawasaki_1.html
20140113_kawasaki_2,2014-01-13,kawasaki,2,https://www.keiba.go.jp/KeibaWeb/TodayRaceInfo/RaceMarkTable?k_raceDate=2014%2F01%2F13&k_raceNo=2&k_babaCode=21,data/cache/html/20140113_kawasaki_2.html
20140113_kawasaki_3,2014-01-13,kawasaki,3,https://www.keiba.go.jp/KeibaWeb/TodayRaceInfo/RaceMarkTable?k_raceDate=2014%2F01%2F13&k_raceNo=3&k_babaCode=21,data/cache/html/20140113_kawasaki_3.html
20140113_kawasaki_4,2014-01-13,kawasaki,4,https://www.keiba.go.jp/KeibaWeb/TodayRaceInfo/RaceMarkTable?k_raceDate=2014%2F01%2F13&k_raceNo=4&k_babaCode=21,data/cache/html/20140113_kawasaki_4.html
20140113_kawasaki_5,2014-01-13,kawasaki,5,https://www.keiba.go.jp/KeibaWeb/TodayRaceInfo/RaceMarkTable?k_raceDate=2014%2F01%2F13&k_raceNo=5&k_babaCode=21,data/cache/html/20140113_kawasaki_5.html
20140113_kawasaki_6,2014-01-13,kawasaki,6,https://www.keiba.go.jp/KeibaWeb/TodayRaceInfo/RaceMarkTable?k_raceDate=2014%2F01%2F13&k_raceNo=6&k_babaCode=21,data/cache/html/20140113_kawasaki_6.html
20140113_kawasaki_7,2014-01-13,kawasaki,7,https://www.keiba.go.jp/KeibaWeb/TodayRaceInfo/RaceMarkTable?k_raceDate=2014%2F01%2F13&k_raceNo=7&k_babaCode=21,data/cache/html/20140113_kawasaki_7.html
20140113_kawasaki_8,2014-01-13,kawasaki,8,https://www.keiba.go.jp/KeibaWeb/TodayRaceInfo/RaceMarkTable?k_raceDate=2014%2F01%2F13&k_raceNo=8&k_babaCode=21,data/cache/html/20140113_kawasaki_8.html
20140113_kawasaki_9,2014-01-13,kawasaki,9,https://www.keiba.go.jp/KeibaWeb/TodayRaceInfo/RaceMarkTable?k_raceDate=2014%2F01%2F13&k_raceNo=9&k_babaCode=21,data/cache/html/20140113_kawasaki_9.html
20140113_kawasaki_10,2014-01-13,kawasaki,10,https://www.keiba.go.jp/KeibaWeb/TodayRaceInfo/RaceMarkTable?k_raceDate=2014%2F01%2F13&k_raceNo=10&k_babaCode=21,data/cache/html/20140113_kawasaki_10.html
20140113_kawasaki_11,2014-01-13,kawasaki,11,https://www.keiba.go.jp/KeibaWeb/TodayRaceInfo/RaceMarkTable?k_raceDate=2014%2F01%2F13&k_raceNo=11&k_babaCode=21,data/cache/html/20140113_kawasaki_11.html
20140113_kawasaki_12,2014-01-13,kawasaki,12,https://www.keiba.go.jp/KeibaWeb/TodayRaceInfo/RaceMarkTable?k_raceDate=2014%2F01%2F13&k_raceNo=12&k_babaCode=21,data/cache/html/20140113_kawasaki_12.html
20140112_kawasaki_1,2014-01-12,kawasaki,1,https://www.keiba.go.jp/KeibaWeb/TodayRaceInfo/RaceMarkTable?k_raceDate=2014%2F01%2F12&k_raceNo=1&k_babaCode=21,data/cache/html/20140112_kawasaki_1.html
20140112_kawasaki_2,2014-01-12,kawasaki,2,https://www.keiba.go.jp/KeibaWeb/TodayRaceInfo/RaceMarkTable?k_raceDate=2014%2F01%2F12&k_raceNo=2&k_babaCode=21,data/cache/html/20140112_kawasaki_2.html
20140112_kawasaki_3,2014-01-12,kawasaki,3,https://www.keiba.go.jp/KeibaWeb/TodayRaceInfo/RaceMarkTable?k_raceDate=2014%2F01%2F12&k_raceNo=3&k_babaCode=21,data/cache/html/20140112_kawasaki_3.html
20140112_kawasaki_4,2014-01-12,kawasaki,4,https://www.keiba.go.jp/KeibaWeb/TodayRaceInfo/RaceMarkTable?k_raceDate=2014%2F01%2F12&k_raceNo=4&k_babaCode=21,data/cache/html/20140112_kawasaki_4.html
20140112_kawasaki_5,2014-01-12,kawasaki,5,https://www.keiba.go.jp/KeibaWeb/TodayRaceInfo/RaceMarkTable?k_raceDate=2014%2F01%2F12&k_raceNo=5&k_babaCode=21,data/cache/html/20140112_kawasaki_5.html
20140112_kawasaki_6,2014-01-12,kawasaki,6,https://www.keiba.go.jp/KeibaWeb/TodayRaceInfo/RaceMarkTable?k_raceDate=2014%2F01%2F12&k_raceNo=6&k_babaCode=21,data/cache/html/20140112_kawasaki_6.html
20140112_kawasaki_7,2014-01-12,kawasaki,7,https://www.keiba.go.jp/KeibaWeb/TodayRaceInfo/RaceMarkTable?k_raceDate=2014%2F01%2F12&k_raceNo=7&k_babaCode=21,data/cache/html/20140112_kawasaki_7.html
20140112_kawasaki_8,2014-01-12,kawasaki,8,https://www.keiba.go.jp/KeibaWeb/TodayRaceInfo/RaceMarkTable?k_raceDate=2014%2F01%2F12&k_raceNo=8&k_babaCode=21,data/cache/html/20140112_kawasaki_8.html
20140112_kawasaki_9,2014-01-12,kawasaki,9,https://www.keiba.go.jp/KeibaWeb/TodayRaceInfo/RaceMarkTable?k_raceDate=2014%2F01%2F12&k_raceNo=9&k_babaCode=21,data/cache/html/20140112_kawasaki_9.html
20140112_kawasaki_10,2014-01-12,kawasaki,10,https://www.keiba.go.jp/KeibaWeb/TodayRaceInfo/RaceMarkTable?k_raceDate=2014%2F01%2F12&k_raceNo=10&k_babaCode=21,data/cache/html/20140112_kawasaki_10.html
20140112_kawasaki_11,2014-01-12,kawasaki,11,https://www.keiba.go.jp/KeibaWeb/TodayRaceInfo/RaceMarkTable?k_raceDate=2014%2F01%2F12&k_raceNo=11&k_babaCode=21,data/cache/html/20140112_kawasaki_11.html
20140112_kawasaki_12,2014-01-12,kawasaki,12,https://www.keiba.go.jp/KeibaWeb/TodayRaceInfo/RaceMarkTable?k_raceDate=2014%2F01%2F12&k_raceNo=12&k_babaCode=21,data/cache/html/20140112_kawasaki_12.html
20140111_kawasaki_1,2014-01-11,kawasaki,1,https://www.keiba.go.jp/KeibaWeb/TodayRaceInfo/RaceMarkTable?k_raceDate=2014%2F01%2F11&k_raceNo=1&k_babaCode=21,data/cache/html/20140111_kawasaki_1.html
20140111_kawasaki_2,2014-01-11,kawasaki,2,https://www.keiba.go.jp/KeibaWeb/TodayRaceInfo/RaceMarkTable?k_raceDate=2014%2F01%2F11&k_raceNo=2&k_babaCode=21,data/cache/html/20140111_kawasaki_2.html
20140111_kawasaki_3,2014-01-11,kawasaki,3,https://www.keiba.go.jp/KeibaWeb/TodayRaceInfo/RaceMarkTable?k_raceDate=2014%2F01%2F11&k_raceNo=3&k_babaCode=21,data/cache/html/20140111_kawasaki_3.html
20140111_kawasaki_4,2014-01-11,kawasaki,4,https://www.keiba.go.jp/KeibaWeb/TodayRaceInfo/RaceMarkTable?k_raceDate=2014%2F01%2F11&k_raceNo=4&k_babaCode=21,data/cache/html/20140111_kawasaki_4.html
20140111_kawasaki_5,2014-01-11,kawasaki,5,https://www.keiba.go.jp/KeibaWeb/TodayRaceInfo/RaceMarkTable?k_raceDate=2014%2F01%2F11&k_raceNo=5&k_babaCode=21,data/cache/html/20140111_kawasaki_5.html
20140111_kawasaki_6,2014-01-11,kawasaki,6,https://www.keiba.go.jp/KeibaWeb/TodayRaceInfo/RaceMarkTable?k_raceDate=2014%2F01%2F11&k_raceNo=6&k_babaCode=21,data/cache/html/20140111_kawasaki_6.html
20140111_kawasaki_7,2014-01-11,kawasaki,7,https://www.keiba.go.jp/KeibaWeb/TodayRaceInfo/RaceMarkTable?k_raceDate=2014%2F01%2F11&k_raceNo=7&k_babaCode=21,data/cache/html/20140111_kawasaki_7.html
20140111_kawasaki_8,2014-01-11,kawasaki,8,https://www.keiba.go.jp/KeibaWeb/TodayRaceInfo/RaceMarkTable?k_raceDate=2014%2F01%2F11&k_raceNo=8&k_babaCode=21,data/cache/html/20140111_kawasaki_8.html
20140111_kawasaki_9,2014-01-11,kawasaki,9,https://www.keiba.go.jp/KeibaWeb/TodayRaceInfo/RaceMarkTable?k_raceDate=2014%2F01%2F11&k_raceNo=9&k_babaCode=21,data/cache/html/20140111_kawasaki_9.html
20140111_kawasaki_10,2014-01-11,kawasaki,10,https://www.keiba.go.jp/KeibaWeb/TodayRaceInfo/RaceMarkTable?k_raceDate=2014%2F01%2F11&k_raceNo=10&k_babaCode=21,data/cache/html/20140111_kawasaki_10.html
20140111_kawasaki_11,2014-01-11,kawasaki,11,https://www.keiba.go.jp/KeibaWeb/TodayRaceInfo/RaceMarkTable?k_raceDate=2014%2F01%2F11&k_raceNo=11&k_babaCode=21,data/cache/html/20140111_kawasaki_11.html
20140111_kawasaki_12,2014-01-11,kawasaki,12,https://www.keiba.go.jp/KeibaWeb/TodayRaceInfo/RaceMarkTable?k_raceDate=2014%2F01%2F11&k_raceNo=12&k_babaCode=21,data/cache/html/20140111_kawasaki_12.html
20140110_kawasaki_1,2014-01-10,kawasaki,1,https://www.keiba.go.jp/KeibaWeb/TodayRaceInfo/RaceMarkTable?k_raceDate=2014%2F01%2F10&k_raceNo=1&k_babaCode=21,data/cache/html/20140110_kawasaki_1.html
20140110_kawasaki_2,2014-01-10,kawasaki,2,https://www.keiba.go.jp/KeibaWeb/TodayRaceInfo/RaceMarkTable?k_raceDate=2014%2F01%2F10&k_raceNo=2&k_babaCode=21,data/cache/html/20140110_kawasaki_2.html
20140110_kawasaki_3,2014-01-10,kawasaki,3,https://www.keiba.go.jp/KeibaWeb/TodayRaceInfo/RaceMarkTable?k_raceDate=2014%2F01%2F10&k_raceNo=3&k_babaCode=21,data/cache/html/20140110_kawasaki_3.html
20140110_kawasaki_4,2014-01-10,kawasaki,4,https://www.keiba.go.jp/KeibaWeb/TodayRaceInfo/RaceMarkTable?k_raceDate=2014%2F01%2F10&k_raceNo=4&k_babaCode=21,data/cache/html/20140110_kawasaki_4.html
20140110_kawasaki_5,2014-01-10,kawasaki,5,https://www.keiba.go.jp/KeibaWeb/TodayRaceInfo/RaceMarkTable?k_raceDate=2014%2F01%2F10&k_raceNo=5&k_babaCode=21,data/cache/html/20140110_kawasaki_5.html
20140110_kawasaki_6,2014-01-10,kawasaki,6,https://www.keiba.go.jp/KeibaWeb/TodayRaceInfo/RaceMarkTable?k_raceDate=2014%2F01%2F10&k_raceNo=6&k_babaCode=21,data/cache/html/20140110_kawasaki_6.html
20140110_kawasaki_7,2014-01-10,kawasaki,7,https://www.keiba.go.jp/KeibaWeb/TodayRaceInfo/RaceMarkTable?k_raceDate=2014%2F01%2F10&k_raceNo=7&k_babaCode=21,data/cache/html/20140110_kawasaki_7.html
20140110_kawasaki_8,2014-01-10,kawasaki,8,https://www.keiba.go.jp/KeibaWeb/TodayRaceInfo/RaceMarkTable?k_raceDate=2014%2F01%2F10&k_raceNo=8&k_babaCode=21,data/cache/html/20140110_kawasaki_8.html
20140110_kawasaki_9,2014-01-10,kawasaki,9,https://www.keiba.go.jp/KeibaWeb/TodayRaceInfo/RaceMarkTable?k_raceDate=2014%2F01%2F10&k_raceNo=9&k_babaCode=21,data/cache/html/20140110_kawasaki_9.html
20140110_kawasaki_10,2014-01-10,kawasaki,10,https://www.keiba.go.jp/KeibaWeb/TodayRaceInfo/RaceMarkTable?k_raceDate=2014%2F01%2F10&k_raceNo=10&k_babaCode=21,data/cache/html/20140110_kawasaki_10.html
20140110_kawasaki_11,2014-01-10,kawasaki,11,https://www.keiba.go.jp/KeibaWeb/TodayRaceInfo/RaceMarkTable?k_raceDate=2014%2F01%2F10&k_raceNo=11&k_babaCode=21,data/cache/html/20140110_kawasaki_11.html
20140110_kawasaki_12,2014-01-10,kawasaki,12,https://www.keiba.go.jp/KeibaWeb/TodayRaceInfo/RaceMarkTable?k_raceDate=2014%2F01%2F10&k_raceNo=12&k_babaCode=21,data/cache/html/20140110_kawasaki_12.html
20140109_kawasaki_1,2014-01-09,kawasaki,1,https://www.keiba.go.jp/KeibaWeb/TodayRaceInfo/RaceMarkTable?k_raceDate=2014%2F01%2F09&k_raceNo=1&k_babaCode=21,data/cache/html/20140109_kawasaki_1.html
20140109_kawasaki_2,2014-01-09,kawasaki,2,https://www.keiba.go.jp/KeibaWeb/TodayRaceInfo/RaceMarkTable?k_raceDate=2014%2F01%2F09&k_raceNo=2&k_babaCode=21,data/cache/html/20140109_kawasaki_2.html
20140109_kawasaki_3,2014-01-09,kawasaki,3,https://www.keiba.go.jp/KeibaWeb/TodayRaceInfo/RaceMarkTable?k_raceDate=2014%2F01%2F09&k_raceNo=3&k_babaCode=21,data/cache/html/20140109_kawasaki_3.html
20140109_kawasaki_4,2014-01-09,kawasaki,4,https://www.keiba.go.jp/KeibaWeb/TodayRaceInfo/RaceMarkTable?k_raceDate=2014%2F01%2F09&k_raceNo=4&k_babaCode=21,data/cache/html/20140109_kawasaki_4.html
20140109_kawasaki_5,2014-01-09,kawasaki,5,https://www.keiba.go.jp/KeibaWeb/TodayRaceInfo/RaceMarkTable?k_raceDate=2014%2F01%2F09&k_raceNo=5&k_babaCode=21,data/cache/html/20140109_kawasaki_5.html
20140109_kawasaki_6,2014-01-09,kawasaki,6,https://www.keiba.go.jp/KeibaWeb/TodayRaceInfo/RaceMarkTable?k_raceDate=2014%2F01%2F09&k_raceNo=6&k_babaCode=21,data/cache/html/20140109_kawasaki_6.html
20140109_kawasaki_7,2014-01-09,kawasaki,7,https://www.keiba.go.jp/KeibaWeb/TodayRaceInfo/RaceMarkTable?k_raceDate=2014%2F01%2F09&k_raceNo=7&k_babaCode=21,data/cache/html/20140109_kawasaki_7.html
20140109_kawasaki_8,2014-01-09,kawasaki,8,https://www.keiba.go.jp/KeibaWeb/TodayRaceInfo/RaceMarkTable?k_raceDate=2014%2F01%2F09&k_raceNo=8&k_babaCode=21,data/cache/html/20140109_kawasaki_8.html
20140109_kawasaki_9,2014-01-09,kawasaki,9,https://www.keiba.go.jp/KeibaWeb/TodayRaceInfo/RaceMarkTable?k_raceDate=2014%2F01%2F09&k_raceNo=9&k_babaCode=21,data/cache/html/20140109_kawasaki_9.html
20140109_kawasaki_10,2014-01-09,kawasaki,10,https://www.keiba.go.jp/KeibaWeb/TodayRaceInfo/RaceMarkTable?k_raceDate=2014%2F01%2F09&k_raceNo=10&k_babaCode=21,data/cache/html/20140109_kawasaki_10.html
20140109_kawasaki_11,2014-01-09,kawasaki,11,https://www.keiba.go.jp/KeibaWeb/TodayRaceInfo/RaceMarkTable?k_raceDate=2014%2F01%2F09&k_raceNo=11&k_babaCode=21,data/cache/html/20140109_kawasaki_11.html
20140109_kawasaki_12,2014-01-09,kawasaki,12,https://www.keiba.go.jp/KeibaWeb/TodayRaceInfo/RaceMarkTable?k_raceDate=2014%2F01%2F09&k_raceNo=12&k_babaCode=21,data/cache/html/20140109_kawasaki_12.html
20140108_kawasaki_1,2014-01-08,kawasaki,1,https://www.keiba.go.jp/KeibaWeb/TodayRaceInfo/RaceMarkTable?k_raceDate=2014%2F01%2F08&k_raceNo=1&k_babaCode=21,data/cache/html/20140108_kawasaki_1.html
20140108_kawasaki_2,2014-01-08,kawasaki,2,https://www.keiba.go.jp/KeibaWeb/TodayRaceInfo/RaceMarkTable?k_raceDate=2014%2F01%2F08&k_raceNo=2&k_babaCode=21,data/cache/html/20140108_kawasaki_2.html
20140108_kawasaki_3,2014-01-08,kawasaki,3,https://www.keiba.go.jp/KeibaWeb/TodayRaceInfo/RaceMarkTable?k_raceDate=2014%2F01%2F08&k_raceNo=3&k_babaCode=21,data/cache/html/20140108_kawasaki_3.html
20140108_kawasaki_4,2014-01-08,kawasaki,4,https://www.keiba.go.jp/KeibaWeb/TodayRaceInfo/RaceMarkTable?k_raceDate=2014%2F01%2F08&k_raceNo=4&k_babaCode=21,data/cache/html/20140108_kawasaki_4.html
20140108_kawasaki_5,2014-01-08,kawasaki,5,https://www.keiba.go.jp/KeibaWeb/TodayRaceInfo/RaceMarkTable?k_raceDate=2014%2F01%2F08&k_raceNo=5&k_babaCode=21,data/cache/html/20140108_kawasaki_5.html
20140108_kawasaki_6,2014-01-08,kawasaki,6,https://www.keiba.go.jp/KeibaWeb/TodayRaceInfo/RaceMarkTable?k_raceDate=2014%2F01%2F08&k_raceNo=6&k_babaCode=21,data/cache/html/20140108_kawasaki_6.html
20140108_kawasaki_7,2014-01-08,kawasaki,7,https://www.keiba.go.jp/KeibaWeb/TodayRaceInfo/RaceMarkTable?k_raceDate=2014%2F01%2F08&k_raceNo=7&k_babaCode=21,data/cache/html/20140108_kawasaki_7.html
20140108_kawasaki_8,2014-01-08,kawasaki,8,https://www.keiba.go.jp/KeibaWeb/TodayRaceInfo/RaceMarkTable?k_raceDate=2014%2F01%2F08&k_raceNo=8&k_babaCode=21,data/cache/html/20140108_kawasaki_8.html
20140108_kawasaki_9,2014-01-08,kawasaki,9,https://www.keiba.go.jp/KeibaWeb/TodayRaceInfo/RaceMarkTable?k_raceDate=2014%2F01%2F08&k_raceNo=9&k_babaCode=21,data/cache/html/20140108_kawasaki_9.html
20140108_kawasaki_10,2014-01-08,kawasaki,10,https://www.keiba.go.jp/KeibaWeb/TodayRaceInfo/RaceMarkTable?k_raceDate=2014%2F01%2F08&k_raceNo=10&k_babaCode=21,data/cache/html/20140108_kawasaki_10.html
20140108_kawasaki_11,2014-01-08,kawasaki,11,https://www.keiba.go.jp/KeibaWeb/TodayRaceInfo/RaceMarkTable?k_raceDate=2014%2F01%2F08&k_raceNo=11&k_babaCode=21,data/cache/html/20140108_kawasaki_11.html
20140108_kawasaki_12,2014-01-08,kawasaki,12,https://www.keiba.go.jp/KeibaWeb/TodayRaceInfo/RaceMarkTable?k_raceDate=2014%2F01%2F08&k_raceNo=12&k_babaCode=21,data/cache/html/20140108_kawasaki_12.html
20140107_kawasaki_1,2014-01-07,kawasaki,1,https://www.keiba.go.jp/KeibaWeb/TodayRaceInfo/RaceMarkTable?k_raceDate=2014%2F01%2F07&k_raceNo=1&k_babaCode=21,data/cache/html/20140107_kawasaki_1.html
20140107_kawasaki_2,2014-01-07,kawasaki,2,https://www.keiba.go.jp/KeibaWeb/TodayRaceInfo/RaceMarkTable?k_raceDate=2014%2F01%2F07&k_raceNo=2&k_babaCode=21,data/cache/html/20140107_kawasaki_2.html
20140107_kawasaki_3,2014-01-07,kawasaki,3,https://www.keiba.go.jp/KeibaWeb/TodayRaceInfo/RaceMarkTable?k_raceDate=2014%2F01%2F07&k_raceNo=3&k_babaCode=21,data/cache/html/20140107_kawasaki_3.html
20140107_kawasaki_4,2014-01-07,kawasaki,4,https://www.keiba.go.jp/KeibaWeb/TodayRaceInfo/RaceMarkTable?k_raceDate=2014%2F01%2F07&k_raceNo=4&k_babaCode=21,data/cache/html/20140107_kawasaki_4.html
20140107_kawasaki_5,2014-01-07,kawasaki,5,https://www.keiba.go.jp/KeibaWeb/TodayRaceInfo/RaceMarkTable?k_raceDate=2014%2F01%2F07&k_raceNo=5&k_babaCode=21,data/cache/html/20140107_kawasaki_5.html
20140107_kawasaki_6,2014-01-07,kawasaki,6,https://www.keiba.go.jp/KeibaWeb/TodayRaceInfo/RaceMarkTable?k_raceDate=2014%2F01%2F07&k_raceNo=6&k_babaCode=21,data/cache/html/20140107_kawasaki_6.html
20140107_kawasaki_7,2014-01-07,kawasaki,7,https://www.keiba.go.jp/KeibaWeb/TodayRaceInfo/RaceMarkTable?k_raceDate=2014%2F01%2F07&k_raceNo=7&k_babaCode=21,data/cache/html/20140107_kawasaki_7.html
20140107_kawasaki_8,2014-01-07,kawasaki,8,https://www.keiba.go.jp/KeibaWeb/TodayRaceInfo/RaceMarkTable?k_raceDate=2014%2F01%2F07&k_raceNo=8&k_babaCode=21,data/cache/html/20140107_kawasaki_8.html
20140107_kawasaki_9,2014-01-07,kawasaki,9,https://www.keiba.go.jp/KeibaWeb/TodayRaceInfo/RaceMarkTable?k_raceDate=2014%2F01%2F07&k_raceNo=9&k_babaCode=21,data/cache/html/20140107_kawasaki_9.html
20140107_kawasaki_10,2014-01-07,kawasaki,10,https://www.keiba.go.jp/KeibaWeb/TodayRaceInfo/RaceMarkTable?k_raceDate=2014%2F01%2F07&k_raceNo=10&k_babaCode=21,data/cache/html/20140107_kawasaki_10.html
20140107_kawasaki_11,2014-01-07,kawasaki,11,https://www.keiba.go.jp/KeibaWeb/TodayRaceInfo/RaceMarkTable?k_raceDate=2014%2F01%2F07&k_raceNo=11&k_babaCode=21,data/cache/html/20140107_kawasaki_11.html
20140107_kawasaki_12,2014-01-07,kawasaki,12,https://www.keiba.go.jp/KeibaWeb/TodayRaceInfo/RaceMarkTable?k_raceDate=2014%2F01%2F07&k_raceNo=12&k_babaCode=21,data/cache/html/20140107_kawasaki_12.html
20140106_kawasaki_1,2014-01-06,kawasaki,1,https://www.keiba.go.jp/KeibaWeb/TodayRaceInfo/RaceMarkTable?k_raceDate=2014%2F01%2F06&k_raceNo=1&k_babaCode=21,data/cache/html/20140106_kawasaki_1.html
20140106_kawasaki_2,2014-01-06,kawasaki,2,https://www.keiba.go.jp/KeibaWeb/TodayRaceInfo/RaceMarkTable?k_raceDate=2014%2F01%2F06&k_raceNo=2&k_babaCode=21,data/cache/html/20140106_kawasaki_2.html
20140106_kawasaki_3,2014-01-06,kawasaki,3,https://www.keiba.go.jp/KeibaWeb/TodayRaceInfo/RaceMarkTable?k_raceDate=2014%2F01%2F06&k_raceNo=3&k_babaCode=21,data/cache/html/20140106_kawasaki_3.html
20140106_kawasaki_4,2014-01-06,kawasaki,4,https://www.keiba.go.jp/KeibaWeb/TodayRaceInfo/RaceMarkTable?k_raceDate=2014%2F01%2F06&k_raceNo=4&k_babaCode=21,data/cache/html/20140106_kawasaki_4.html
20140106_kawasaki_5,2014-01-06,kawasaki,5,https://www.keiba.go.jp/KeibaWeb/TodayRaceInfo/RaceMarkTable?k_raceDate=2014%2F01%2F06&k_raceNo=5&k_babaCode=21,data/cache/html/20140106_kawasaki_5.html
20140106_kawasaki_6,2014-01-06,kawasaki,6,https://www.keiba.go.jp/KeibaWeb/TodayRaceInfo/RaceMarkTable?k_raceDate=2014%2F01%2F06&k_raceNo=6&k_babaCode=21,data/cache/html/20140106_kawasaki_6.html
20140106_kawasaki_7,2014-01-06,kawasaki,7,https://www.keiba.go.jp/KeibaWeb/TodayRaceInfo/RaceMarkTable?k_raceDate=2014%2F01%2F06&k_raceNo=7&k_babaCode=21,data/cache/html/20140106_kawasaki_7.html
20140106_kawasaki_8,2014-01-06,kawasaki,8,https://www.keiba.go.jp/KeibaWeb/TodayRaceInfo/RaceMarkTable?k_raceDate=2014%2F01%2F06&k_raceNo=8&k_babaCode=21,data/cache/html/20140106_kawasaki_8.html
20140106_kawasaki_9,2014-01-06,kawasaki,9,https://www.keiba.go.jp/KeibaWeb/TodayRaceInfo/RaceMarkTable?k_raceDate=2014%2F01%2F06&k_raceNo=9&k_babaCode=21,data/cache/html/20140106_kawasaki_9.html
20140106_kawasaki_10,2014-01-06,kawasaki,10,https://www.keiba.go.jp/KeibaWeb/TodayRaceInfo/RaceMarkTable?k_raceDate=2014%2F01%2F06&k_raceNo=10&k_babaCode=21,data/cache/html/20140106_kawasaki_10.html
20140106_kawasaki_11,2014-01-06,kawasaki,11,https://www.keiba.go.jp/KeibaWeb/TodayRaceInfo/RaceMarkTable?k_raceDate=2014%2F01%2F06&k_raceNo=11&k_babaCode=21,data/cache/html/20140106_kawasaki_11.html
20140106_kawasaki_12,2014-01-06,kawasaki,12,https://www.keiba.go.jp/KeibaWeb/TodayRaceInfo/RaceMarkTable?k_raceDate=2014%2F01%2F06&k_raceNo=12&k_babaCode=21,data/cache/html/20140106_kawasaki_12.html
20140105_kawasaki_1,2014-01-05,kawasaki,1,https://www.keiba.go.jp/KeibaWeb/TodayRaceInfo/RaceMarkTable?k_raceDate=2014%2F01%2F05&k_raceNo=1&k_babaCode=21,data/cache/html/20140105_kawasaki_1.html
20140105_kawasaki_2,2014-01-05,kawasaki,2,https://www.keiba.go.jp/KeibaWeb/TodayRaceInfo/RaceMarkTable?k_raceDate=2014%2F01%2F05&k_raceNo=2&k_babaCode=21,data/cache/html/20140105_kawasaki_2.html
20140105_kawasaki_3,2014-01-05,kawasaki,3,https://www.keiba.go.jp/KeibaWeb/TodayRaceInfo/RaceMarkTable?k_raceDate=2014%2F01%2F05&k_raceNo=3&k_babaCode=21,data/cache/html/20140105_kawasaki_3.html
20140105_kawasaki_4,2014-01-05,kawasaki,4,https://www.keiba.go.jp/KeibaWeb/TodayRaceInfo/RaceMarkTable?k_raceDate=2014%2F01%2F05&k_raceNo=4&k_babaCode=21,data/cache/html/20140105_kawasaki_4.html
20140105_kawasaki_5,2014-01-05,kawasaki,5,https://www.keiba.go.jp/KeibaWeb/TodayRaceInfo/RaceMarkTable?k_raceDate=2014%2F01%2F05&k_raceNo=5&k_babaCode=21,data/cache/html/20140105_kawasaki_5.html
20140105_kawasaki_6,2014-01-05,kawasaki,6,https://www.keiba.go.jp/KeibaWeb/TodayRaceInfo/RaceMarkTable?k_raceDate=2014%2F01%2F05&k_raceNo=6&k_babaCode=21,data/cache/html/20140105_kawasaki_6.html
20140105_kawasaki_7,2014-01-05,kawasaki,7,https://www.keiba.go.jp/KeibaWeb/TodayRaceInfo/RaceMarkTable?k_raceDate=2014%2F01%2F05&k_raceNo=7&k_babaCode=21,data/cache/html/20140105_kawasaki_7.html
20140105_kawasaki_8,2014-01-05,kawasaki,8,https://www.keiba.go.jp/KeibaWeb/TodayRaceInfo/RaceMarkTable?k_raceDate=2014%2F01%2F05&k_raceNo=8&k_babaCode=21,data/cache/html/20140105_kawasaki_8.html
20140105_kawasaki_9,2014-01-05,kawasaki,9,https://www.keiba.go.jp/KeibaWeb/TodayRaceInfo/RaceMarkTable?k_raceDate=2014%2F01%2F05&k_raceNo=9&k_babaCode=21,data/cache/html/20140105_kawasaki_9.html
20140105_kawasaki_10,2014-01-05,kawasaki,10,https://www.keiba.go.jp/KeibaWeb/TodayRaceInfo/RaceMarkTable?k_raceDate=2014%2F01%2F05&k_raceNo=10&k_babaCode=21,data/cache/html/20140105_kawasaki_10.html
20140105_kawasaki_11,2014-01-05,kawasaki,11,https://www.keiba.go.jp/KeibaWeb/TodayRaceInfo/RaceMarkTable?k_raceDate=2014%2F01%2F05&k_raceNo=11&k_babaCode=21,data/cache/html/20140105_kawasaki_11.html
20140105_kawasaki_12,2014-01-05,kawasaki,12,https://www.keiba.go.jp/KeibaWeb/TodayRaceInfo/RaceMarkTable?k_raceDate=2014%2F01%2F05&k_raceNo=12&k_babaCode=21,data/cache/html/20140105_kawasaki_12.html
20131231_kawasaki_1,2013-12-31,kawasaki,1,https://www.keiba.go.jp/KeibaWeb/TodayRaceInfo/RaceMarkTable?k_raceDate=2013%2F12%2F31&k_raceNo=1&k_babaCode=21,data/cache/html/20131231_kawasaki_1.html
20131231_kawasaki_2,2013-12-31,kawasaki,2,https://www.keiba.go.jp/KeibaWeb/TodayRaceInfo/RaceMarkTable?k_raceDate=2013%2F12%2F31&k_raceNo=2&k_babaCode=21,data/cache/html/20131231_kawasaki_2.html
20131231_kawasaki_3,2013-12-31,kawasaki,3,https://www.keiba.go.jp/KeibaWeb/TodayRaceInfo/RaceMarkTable?k_raceDate=2013%2F12%2F31&k_raceNo=3&k_babaCode=21,data/cache/html/20131231_kawasaki_3.html
20131231_kawasaki_4,2013-12-31,kawasaki,4,https://www.keiba.go.jp/KeibaWeb/TodayRaceInfo/RaceMarkTable?k_raceDate=2013%2F12%2F31&k_raceNo=4&k_babaCode=21,data/cache/html/20131231_kawasaki_4.html
20131231_kawasaki_5,2013-12-31,kawasaki,5,https://www.keiba.go.jp/KeibaWeb/TodayRaceInfo/RaceMarkTable?k_raceDate=2013%2F12%2F31&k_raceNo=5&k_babaCode=21,data/cache/html/20131231_kawasaki_5.html
20131231_kawasaki_6,2013-12-31,kawasaki,6,https://www.keiba.go.jp/KeibaWeb/TodayRaceInfo/RaceMarkTable?k_raceDate=2013%2F12%2F31&k_raceNo=6&k_babaCode=21,data/cache/html/20131231_kawasaki_6.html
20131231_kawasaki_7,2013-12-31,kawasaki,7,https://www.keiba.go.jp/KeibaWeb/TodayRaceInfo/RaceMarkTable?k_raceDate=2013%2F12%2F31&k_raceNo=7&k_babaCode=21,data/cache/html/20131231_kawasaki_7.html
20131231_kawasaki_8,2013-12-31,kawasaki,8,https://www.keiba.go.jp/KeibaWeb/TodayRaceInfo/RaceMarkTable?k_raceDate=2013%2F12%2F31&k_raceNo=8&k_babaCode=21,data/cache/html/20131231_kawasaki_8.html
20131231_kawasaki_9,2013-12-31,kawasaki,9,https://www.keiba.go.jp/KeibaWeb/TodayRaceInfo/RaceMarkTable?k_raceDate=2013%2F12%2F31&k_raceNo=9&k_babaCode=21,data/cache/html/20131231_kawasaki_9.html
20131231_kawasaki_10,2013-12-31,kawasaki,10,https://www.keiba.go.jp/KeibaWeb/TodayRaceInfo/RaceMarkTable?k_raceDate=2013%2F12%2F31&k_raceNo=10&k_babaCode=21,data/cache/html/20131231_kawasaki_10.html
20131231_kawasaki_11,2013-12-31,kawasaki,11,https://www.keiba.go.jp/KeibaWeb/TodayRaceInfo/RaceMarkTable?k_raceDate=2013%2F12%2F31&k_raceNo=11&k_babaCode=21,data/cache/html/20131231_kawasaki_11.html
20131231_kawasaki_12,2013-12-31,kawasaki,12,https://www.keiba.go.jp/KeibaWeb/TodayRaceInfo/RaceMarkTable?k_raceDate=2013%2F12%2F31&k_raceNo=12&k_babaCode=21,data/cache/html/20131231_kawasaki_12.html
20131230_kawasaki_1,2013-12-30,kawasaki,1,https://www.keiba.go.jp/KeibaWeb/TodayRaceInfo/RaceMarkTable?k_raceDate=2013%2F12%2F30&k_raceNo=1&k_babaCode=21,data/cache/html/20131230_kawasaki_1.html
20131230_kawasaki_2,2013-12-30,kawasaki,2,https://www.keiba.go.jp/KeibaWeb/TodayRaceInfo/RaceMarkTable?k_raceDate=2013%2F12%2F30&k_raceNo=2&k_babaCode=21,data/cache/html/20131230_kawasaki_2.html
20131230_kawasaki_3,2013-12-30,kawasaki,3,https://www.keiba.go.jp/KeibaWeb/TodayRaceInfo/RaceMarkTable?k_raceDate=2013%2F12%2F30&k_raceNo=3&k_babaCode=21,data/cache/html/20131230_kawasaki_3.html
20131230_kawasaki_4,2013-12-30,kawasaki,4,https://www.keiba.go.jp/KeibaWeb/TodayRaceInfo/RaceMarkTable?k_raceDate=2013%2F12%2F30&k_raceNo=4&k_babaCode=21,data/cache/html/20131230_kawasaki_4.html
20131230_kawasaki_5,2013-12-30,kawasaki,5,https://www.keiba.go.jp/KeibaWeb/TodayRaceInfo/RaceMarkTable?k_raceDate=2013%2F12%2F30&k_raceNo=5&k_babaCode=21,data/cache/html/20131230_kawasaki_5.html
20131230_kawasaki_6,2013-12-30,kawasaki,6,https://www.keiba.go.jp/KeibaWeb/TodayRaceInfo/RaceMarkTable?k_raceDate=2013%2F12%2F30&k_raceNo=6&k_babaCode=21,data/cache/html/20131230_kawasaki_6.html
20131230_kawasaki_7,2013-12-30,kawasaki,7,https://www.keiba.go.jp/KeibaWeb/TodayRaceInfo/RaceMarkTable?k_raceDate=2013%2F12%2F30&k_raceNo=7&k_babaCode=21,data/cache/html/20131230_kawasaki_7.html
20131230_kawasaki_8,2013-12-30,kawasaki,8,https://www.keiba.go.jp/KeibaWeb/TodayRaceInfo/RaceMarkTable?k_raceDate=2013%2F12%2F30&k_raceNo=8&k_babaCode=21,data/cache/html/20131230_kawasaki_8.html
20131230_kawasaki_9,2013-12-30,kawasaki,9,https://www.keiba.go.jp/KeibaWeb/TodayRaceInfo/RaceMarkTable?k_raceDate=2013%2F12%2F30&k_raceNo=9&k_babaCode=21,data/cache/html/20131230_kawasaki_9.html
20131230_kawasaki_10,2013-12-30,kawasaki,10,https://www.keiba.go.jp/KeibaWeb/TodayRaceInfo/RaceMarkTable?k_raceDate=2013%2F12%2F30&k_raceNo=10&k_babaCode=21,data/cache/html/20131230_kawasaki_10.html
20131230_kawasaki_11,2013-12-30,kawasaki,11,https://www.keiba.go.jp/KeibaWeb/TodayRaceInfo/RaceMarkTable?k_raceDate=2013%2F12%2F30&k_raceNo=11&k_babaCode=21,data/cache/html/20131230_kawasaki_11.html
20131230_kawasaki_12,2013-12-30,kawasaki,12,https://www.keiba.go.jp/KeibaWeb/TodayRaceInfo/RaceMarkTable?k_raceDate=2013%2F12%2F30&k_raceNo=12&k_babaCode=21,data/cache/html/20131230_kawasaki_12.html
20131229_kawasaki_1,2013-12-29,kawasaki,1,https://www.keiba.go.jp/KeibaWeb/TodayRaceInfo/RaceMarkTable?k_raceDate=2013%2F12%2F29&k_raceNo=1&k_babaCode=21,data/cache/html/20131229_kawasaki_1.html
20131229_kawasaki_2,2013-12-29,kawasaki,2,https://www.keiba.go.jp/KeibaWeb/TodayRaceInfo/RaceMarkTable?k_raceDate=2013%2F12%2F29&k_raceNo=2&k_babaCode=21,data/cache/html/20131229_kawasaki_2.html
20131229_kawasaki_3,2013-12-29,kawasaki,3,https://www.keiba.go.jp/KeibaWeb/TodayRaceInfo/RaceMarkTable?k_raceDate=2013%2F12%2F29&k_raceNo=3&k_babaCode=21,data/cache/html/20131229_kawasaki_3.html
20131229_kawasaki_4,2013-12-29,kawasaki,4,https://www.keiba.go.jp/KeibaWeb/TodayRaceInfo/RaceMarkTable?k_raceDate=2013%2F12%2F29&k_raceNo=4&k_babaCode=21,data/cache/html/20131229_kawasaki_4.html
20131229_kawasaki_5,2013-12-29,kawasaki,5,https://www.keiba.go.jp/KeibaWeb/TodayRaceInfo/RaceMarkTable?k_raceDate=2013%2F12%2F29&k_raceNo=5&k_babaCode=21,data/cache/html/20131229_kawasaki_5.html
20131229_kawasaki_6,2013-12-29,kawasaki,6,https://www.keiba.go.jp/KeibaWeb/TodayRaceInfo/RaceMarkTable?k_raceDate=2013%2F12%2F29&k_raceNo=6&k_babaCode=21,data/cache/html/20131229_kawasaki_6.html
20131229_kawasaki_7,2013-12-29,kawasaki,7,https://www.keiba.go.jp/KeibaWeb/TodayRaceInfo/RaceMarkTable?k_raceDate=2013%2F12%2F29&k_raceNo=7&k_babaCode=21,data/cache/html/20131229_kawasaki_7.html
20131229_kawasaki_8,2013-12-29,kawasaki,8,https://www.keiba.go.jp/KeibaWeb/TodayRaceInfo/RaceMarkTable?k_raceDate=2013%2F12%2F29&k_raceNo=8&k_babaCode=21,data/cache/html/20131229_kawasaki_8.html
20131229_kawasaki_9,2013-12-29,kawasaki,9,https://www.keiba.go.jp/KeibaWeb/TodayRaceInfo/RaceMarkTable?k_raceDate=2013%2F12%2F29&k_raceNo=9&k_babaCode=21,data/cache/html/20131229_kawasaki_9.html
20131229_kawasaki_10,2013-12-29,kawasaki,10,https://www.keiba.go.jp/KeibaWeb/TodayRaceInfo/RaceMarkTable?k_raceDate=2013%2F12%2F29&k_raceNo=10&k_babaCode=21,data/cache/html/20131229_kawasaki_10.html
20131229_kawasaki_11,2013-12-29,kawasaki,11,https://www.keiba.go.jp/KeibaWeb/TodayRaceInfo/RaceMarkTable?k_raceDate=2013%2F12%2F29&k_raceNo=11&k_babaCode=21,data/cache/html/20131229_kawasaki_11.html
20131229_kawasaki_12,2013-12-29,kawasaki,12,https://www.keiba.go.jp/KeibaWeb/TodayRaceInfo/RaceMarkTable?k_raceDate=2013%2F12%2F29&k_raceNo=12&k_babaCode=21,data/cache/html/20131229_kawasaki_12.html
20131228_kawasaki_1,2013-12-28,kawasaki,1,https://www.keiba.go.jp/KeibaWeb/TodayRaceInfo/RaceMarkTable?k_raceDate=2013%2F12%2F28&k_raceNo=1&k_babaCode=21,data/cache/html/20131228_kawasaki_1.html
20131228_kawasaki_2,2013-12-28,kawasaki,2,https://www.keiba.go.jp/KeibaWeb/TodayRaceInfo/RaceMarkTable?k_raceDate=2013%2F12%2F28&k_raceNo=2&k_babaCode=21,data/cache/html/20131228_kawasaki_2.html
20131228_kawasaki_3,2013-12-28,kawasaki,3,https://www.keiba.go.jp/KeibaWeb/TodayRaceInfo/RaceMarkTable?k_raceDate=2013%2F12%2F28&k_raceNo=3&k_babaCode=21,data/cache/html/20131228_kawasaki_3.html
20131228_kawasaki_4,2013-12-28,kawasaki,4,https://www.keiba.go.jp/KeibaWeb/TodayRaceInfo/RaceMarkTable?k_raceDate=2013%2F12%2F28&k_raceNo=4&k_babaCode=21,data/cache/html/20131228_kawasaki_4.html
20131228_kawasaki_5,2013-12-28,kawasaki,5,https://www.keiba.go.jp/KeibaWeb/TodayRaceInfo/RaceMarkTable?k_raceDate=2013%2F12%2F28&k_raceNo=5&k_babaCode=21,data/cache/html/20131228_kawasaki_5.html
20131228_kawasaki_6,2013-12-28,kawasaki,6,https://www.keiba.go.jp/KeibaWeb/TodayRaceInfo/RaceMarkTable?k_raceDate=2013%2F12%2F28&k_raceNo=6&k_babaCode=21,data/cache/html/20131228_kawasaki_6.html
20131228_kawasaki_7,2013-12-28,kawasaki,7,https://www.keiba.go.jp/KeibaWeb/TodayRaceInfo/RaceMarkTable?k_raceDate=2013%2F12%2F28&k_raceNo=7&k_babaCode=21,data/cache/html/20131228_kawasaki_7.html
20131228_kawasaki_8,2013-12-28,kawasaki,8,https://www.keiba.go.jp/KeibaWeb/TodayRaceInfo/RaceMarkTable?k_raceDate=2013%2F12%2F28&k_raceNo=8&k_babaCode=21,data/cache/html/20131228_kawasaki_8.html
20131228_kawasaki_9,2013-12-28,kawasaki,9,https://www.keiba.go.jp/KeibaWeb/TodayRaceInfo/RaceMarkTable?k_raceDate=2013%2F12%2F28&k_raceNo=9&k_babaCode=21,data/cache/html/20131228_kawasaki_9.html
20131228_kawasaki_10,2013-12-28,kawasaki,10,https://www.keiba.go.jp/KeibaWeb/TodayRaceInfo/RaceMarkTable?k_raceDate=2013%2F12%2F28&k_raceNo=10&k_babaCode=21,data/cache/html/20131228_kawasaki_10.html
20131228_kawasaki_11,2013-12-28,kawasaki,11,https://www.keiba.go.jp/KeibaWeb/TodayRaceInfo/RaceMarkTable?k_raceDate=2013%2F12%2F28&k_raceNo=11&k_babaCode=21,data/cache/html/20131228_kawasaki_11.html
20131228_kawasaki_12,2013-12-28,kawasaki,12,https://www.keiba.go.jp/KeibaWeb/TodayRaceInfo/RaceMarkTable?k_raceDate=2013%2F12%2F28&k_raceNo=12&k_babaCode=21,data/cache/html/20131228_kawasaki_12.html
20131227_kawasaki_1,2013-12-27,kawasaki,1,https://www.keiba.go.jp/KeibaWeb/TodayRaceInfo/RaceMarkTable?k_raceDate=2013%2F12%2F27&k_raceNo=1&k_babaCode=21,data/cache/html/20131227_kawasaki_1.html
20131227_kawasaki_2,2013-12-27,kawasaki,2,https://www.keiba.go.jp/KeibaWeb/TodayRaceInfo/RaceMarkTable?k_raceDate=2013%2F12%2F27&k_raceNo=2&k_babaCode=21,data/cache/html/20131227_kawasaki_2.html
20131227_kawasaki_3,2013-12-27,kawasaki,3,https://www.keiba.go.jp/KeibaWeb/TodayRaceInfo/RaceMarkTable?k_raceDate=2013%2F12%2F27&k_raceNo=3&k_babaCode=21,data/cache/html/20131227_kawasaki_3.html
20131227_kawasaki_4,2013-12-27,kawasaki,4,https://www.keiba.go.jp/KeibaWeb/TodayRaceInfo/RaceMarkTable?k_raceDate=2013%2F12%2F27&k_raceNo=4&k_babaCode=21,data/cache/html/20131227_kawasaki_4.html
20131227_kawasaki_5,2013-12-27,kawasaki,5,https://www.keiba.go.jp/KeibaWeb/TodayRaceInfo/RaceMarkTable?k_raceDate=2013%2F12%2F27&k_raceNo=5&k_babaCode=21,data/cache/html/20131227_kawasaki_5.html
20131227_kawasaki_6,2013-12-27,kawasaki,6,https://www.keiba.go.jp/KeibaWeb/TodayRaceInfo/RaceMarkTable?k_raceDate=2013%2F12%2F27&k_raceNo=6&k_babaCode=21,data/cache/html/20131227_kawasaki_6.html
20131227_kawasaki_7,2013-12-27,kawasaki,7,https://www.keiba.go.jp/KeibaWeb/TodayRaceInfo/RaceMarkTable?k_raceDate=2013%2F12%2F27&k_raceNo=7&k_babaCode=21,data/cache/html/20131227_kawasaki_7.html
20131227_kawasaki_8,2013-12-27,kawasaki,8,https://www.keiba.go.jp/KeibaWeb/TodayRaceInfo/RaceMarkTable?k_raceDate=2013%2F12%2F27&k_raceNo=8&k_babaCode=21,data/cache/html/20131227_kawasaki_8.html
20131227_kawasaki_9,2013-12-27,kawasaki,9,https://www.keiba.go.jp/KeibaWeb/TodayRaceInfo/RaceMarkTable?k_raceDate=2013%2F12%2F27&k_raceNo=9&k_babaCode=21,data/cache/html/20131227_kawasaki_9.html
20131227_kawasaki_10,2013-12-27,kawasaki,10,https://www.keiba.go.jp/KeibaWeb/TodayRaceInfo/RaceMarkTable?k_raceDate=2013%2F12%2F27&k_raceNo=10&k_babaCode=21,data/cache/html/20131227_kawasaki_10.html
20131227_kawasaki_11,2013-12-27,kawasaki,11,https://www.keiba.go.jp/KeibaWeb/TodayRaceInfo/RaceMarkTable?k_raceDate=2013%2F12%2F27&k_raceNo=11&k_babaCode=21,data/cache/html/20131227_kawasaki_11.html
20131227_kawasaki_12,2013-12-27,kawasaki,12,https://www.keiba.go.jp/KeibaWeb/TodayRaceInfo/RaceMarkTable?k_raceDate=2013%2F12%2F27&k_raceNo=12&k_babaCode=21,data/cache/html/20131227_kawasaki_12.html
20131226_kawasaki_1,2013-12-26,kawasaki,1,https://www.keiba.go.jp/KeibaWeb/TodayRaceInfo/RaceMarkTable?k_raceDate=2013%2F12%2F26&k_raceNo=1&k_babaCode=21,data/cache/html/20131226_kawasaki_1.html
20131226_kawasaki_2,2013-12-26,kawasaki,2,https://www.keiba.go.jp/KeibaWeb/TodayRaceInfo/RaceMarkTable?k_raceDate=2013%2F12%2F26&k_raceNo=2&k_babaCode=21,data/cache/html/20131226_kawasaki_2.html
20131226_kawasaki_3,2013-12-26,kawasaki,3,https://www.keiba.go.jp/KeibaWeb/TodayRaceInfo/RaceMarkTable?k_raceDate=2013%2F12%2F26&k_raceNo=3&k_babaCode=21,data/cache/html/20131226_kawasaki_3.html
20131226_kawasaki_4,2013-12-26,kawasaki,4,https://www.keiba.go.jp/KeibaWeb/TodayRaceInfo/RaceMarkTable?k_raceDate=2013%2F12%2F26&k_raceNo=4&k_babaCode=21,data/cache/html/20131226_kawasaki_4.html
20131226_kawasaki_5,2013-12-26,kawasaki,5,https://www.keiba.go.jp/KeibaWeb/TodayRaceInfo/RaceMarkTable?k_raceDate=2013%2F12%2F26&k_raceNo=5&k_babaCode=21,data/cache/html/20131226_kawasaki_5.html
20131226_kawasaki_6,2013-12-26,kawasaki,6,https://www.keiba.go.jp/KeibaWeb/TodayRaceInfo/RaceMarkTable?k_raceDate=2013%2F12%2F26&k_raceNo=6&k_babaCode=21,data/cache/html/20131226_kawasaki_6.html
20131226_kawasaki_7,2013-12-26,kawasaki,7,https://www.keiba.go.jp/KeibaWeb/TodayRaceInfo/RaceMarkTable?k_raceDate=2013%2F12%2F26&k_raceNo=7&k_babaCode=21,data/cache/html/20131226_kawasaki_7.html
20131226_kawasaki_8,2013-12-26,kawasaki,8,https://www.keiba.go.jp/KeibaWeb/TodayRaceInfo/RaceMarkTable?k_raceDate=2013%2F12%2F26&k_raceNo=8&k_babaCode=21,data/cache/html/20131226_kawasaki_8.html
20131226_kawasaki_9,2013-12-26,kawasaki,9,https://www.keiba.go.jp/KeibaWeb/TodayRaceInfo/RaceMarkTable?k_raceDate=2013%2F12%2F26&k_raceNo=9&k_babaCode=21,data/cache/html/20131226_kawasaki_9.html
20131226_kawasaki_10,2013-12-26,kawasaki,10,https://www.keiba.go.jp/KeibaWeb/TodayRaceInfo/RaceMarkTable?k_raceDate=2013%2F12%2F26&k_raceNo=10&k_babaCode=21,data/cache/html/20131226_kawasaki_10.html
20131226_kawasaki_11,2013-12-26,kawasaki,11,https://www.keiba.go.jp/KeibaWeb/TodayRaceInfo/RaceMarkTable?k_raceDate=2013%2F12%2F26&k_raceNo=11&k_babaCode=21,data/cache/html/20131226_kawasaki_11.html
20131226_kawasaki_12,2013-12-26,kawasaki,12,https://www.keiba.go.jp/KeibaWeb/TodayRaceInfo/RaceMarkTable?k_raceDate=2013%2F12%2F26&k_raceNo=12&k_babaCode=21,data/cache/html/20131226_kawasaki_12.html
20131225_kawasaki_1,2013-12-25,kawasaki,1,https://www.keiba.go.jp/KeibaWeb/TodayRaceInfo/RaceMarkTable?k_raceDate=2013%2F12%2F25&k_raceNo=1&k_babaCode=21,data/cache/html/20131225_kawasaki_1.html
20131225_kawasaki_2,2013-12-25,kawasaki,2,https://www.keiba.go.jp/KeibaWeb/TodayRaceInfo/RaceMarkTable?k_raceDate=2013%2F12%2F25&k_raceNo=2&k_babaCode=21,data/cache/html/20131225_kawasaki_2.html
20131225_kawasaki_3,2013-12-25,kawasaki,3,https://www.keiba.go.jp/KeibaWeb/TodayRaceInfo/RaceMarkTable?k_raceDate=2013%2F12%2F25&k_raceNo=3&k_babaCode=21,data/cache/html/20131225_kawasaki_3.html
20131225_kawasaki_4,2013-12-25,kawasaki,4,https://www.keiba.go.jp/KeibaWeb/TodayRaceInfo/RaceMarkTable?k_raceDate=2013%2F12%2F25&k_raceNo=4&k_babaCode=21,data/cache/html/20131225_kawasaki_4.html
20131225_kawasaki_5,2013-12-25,kawasaki,5,https://www.keiba.go.jp/KeibaWeb/TodayRaceInfo/RaceMarkTable?k_raceDate=2013%2F12%2F25&k_raceNo=5&k_babaCode=21,data/cache/html/20131225_kawasaki_5.html
20131225_kawasaki_6,2013-12-25,kawasaki,6,https://www.keiba.go.jp/KeibaWeb/TodayRaceInfo/RaceMarkTable?k_raceDate=2013%2F12%2F25&k_raceNo=6&k_babaCode=21,data/cache/html/20131225_kawasaki_6.html
20131225_kawasaki_7,2013-12-25,kawasaki,7,https://www.keiba.go.jp/KeibaWeb/TodayRaceInfo/RaceMarkTable?k_raceDate=2013%2F12%2F25&k_raceNo=7&k_babaCode=21,data/cache/html/20131225_kawasaki_7.html
20131225_kawasaki_8,2013-12-25,kawasaki,8,https://www.keiba.go.jp/KeibaWeb/TodayRaceInfo/RaceMarkTable?k_raceDate=2013%2F12%2F25&k_raceNo=8&k_babaCode=21,data/cache/html/20131225_kawasaki_8.html
20131225_kawasaki_9,2013-12-25,kawasaki,9,https://www.keiba.go.jp/KeibaWeb/TodayRaceInfo/RaceMarkTable?k_raceDate=2013%2F12%2F25&k_raceNo=9&k_babaCode=21,data/cache/html/20131225_kawasaki_9.html
20131225_kawasaki_10,2013-12-25,kawasaki,10,https://www.keiba.go.jp/KeibaWeb/TodayRaceInfo/RaceMarkTable?k_raceDate=2013%2F12%2F25&k_raceNo=10&k_babaCode=21,data/cache/html/20131225_kawasaki_10.html
20131225_kawasaki_11,2013-12-25,kawasaki,11,https://www.keiba.go.jp/KeibaWeb/TodayRaceInfo/RaceMarkTable?k_raceDate=2013%2F12%2F25&k_raceNo=11&k_babaCode=21,data/cache/html/20131225_kawasaki_11.html
20131225_kawasaki_12,2013-12-25,kawasaki,12,https://www.keiba.go.jp/KeibaWeb/TodayRaceInfo/RaceMarkTable?k_raceDate=2013%2F12%2F25&k_raceNo=12&k_babaCode=21,data/cache/html/20131225_kawasaki_12.html
20131224_kawasaki_1,2013-12-24,kawasaki,1,https://www.keiba.go.jp/KeibaWeb/TodayRaceInfo/RaceMarkTable?k_raceDate=2013%2F12%2F24&k_raceNo=1&k_babaCode=21,data/cache/html/20131224_kawasaki_1.html
20131224_kawasaki_2,2013-12-24,kawasaki,2,https://www.keiba.go.jp/KeibaWeb/TodayRaceInfo/RaceMarkTable?k_raceDate=2013%2F12%2F24&k_raceNo=2&k_babaCode=21,data/cache/html/20131224_kawasaki_2.html
20131224_kawasaki_3,2013-12-24,kawasaki,3,https://www.keiba.go.jp/KeibaWeb/TodayRaceInfo/RaceMarkTable?k_raceDate=2013%2F12%2F24&k_raceNo=3&k_babaCode=21,data/cache/html/20131224_kawasaki_3.html
20131224_kawasaki_4,2013-12-24,kawasaki,4,https://www.keiba.go.jp/KeibaWeb/TodayRaceInfo/RaceMarkTable?k_raceDate=2013%2F12%2F24&k_raceNo=4&k_babaCode=21,data/cache/html/20131224_kawasaki_4.html
20131224_kawasaki_5,2013-12-24,kawasaki,5,https://www.keiba.go.jp/KeibaWeb/TodayRaceInfo/RaceMarkTable?k_raceDate=2013%2F12%2F24&k_raceNo=5&k_babaCode=21,data/cache/html/20131224_kawasaki_5.html
20131224_kawasaki_6,2013-12-24,kawasaki,6,https://www.keiba.go.jp/KeibaWeb/TodayRaceInfo/RaceMarkTable?k_raceDate=2013%2F12%2F24&k_raceNo=6&k_babaCode=21,data/cache/html/20131224_kawasaki_6.html
20131224_kawasaki_7,2013-12-24,kawasaki,7,https://www.keiba.go.jp/KeibaWeb/TodayRaceInfo/RaceMarkTable?k_raceDate=2013%2F12%2F24&k_raceNo=7&k_babaCode=21,data/cache/html/20131224_kawasaki_7.html
20131224_kawasaki_8,2013-12-24,kawasaki,8,https://www.keiba.go.jp/KeibaWeb/TodayRaceInfo/RaceMarkTable?k_raceDate=2013%2F12%2F24&k_raceNo=8&k_babaCode=21,data/cache/html/20131224_kawasaki_8.html
20131224_kawasaki_9,2013-12-24,kawasaki,9,https://www.keiba.go.jp/KeibaWeb/TodayRaceInfo/RaceMarkTable?k_raceDate=2013%2F12%2F24&k_raceNo=9&k_babaCode=21,data/cache/html/20131224_kawasaki_9.html
20131224_kawasaki_10,2013-12-24,kawasaki,10,https://www.keiba.go.jp/KeibaWeb/TodayRaceInfo/RaceMarkTable?k_raceDate=2013%2F12%2F24&k_raceNo=10&k_babaCode=21,data/cache/html/20131224_kawasaki_10.html
20131224_kawasaki_11,2013-12-24,kawasaki,11,https://www.keiba.go.jp/KeibaWeb/TodayRaceInfo/RaceMarkTable?k_raceDate=2013%2F12%2F24&k_raceNo=11&k_babaCode=21,data/cache/html/20131224_kawasaki_11.html
20131224_kawasaki_12,2013-12-24,kawasaki,12,https://www.keiba.go.jp/KeibaWeb/TodayRaceInfo/RaceMarkTable?k_raceDate=2013%2F12%2F24&k_raceNo=12&k_babaCode=21,data/cache/html/20131224_kawasaki_12.html
20131223_kawasaki_1,2013-12-23,kawasaki,1,https://www.keiba.go.jp/KeibaWeb/TodayRaceInfo/RaceMarkTable?k_raceDate=2013%2F12%2F23&k_raceNo=1&k_babaCode=21,data/cache/html/20131223_kawasaki_1.html
20131223_kawasaki_2,2013-12-23,kawasaki,2,https://www.keiba.go.jp/KeibaWeb/TodayRaceInfo/RaceMarkTable?k_raceDate=2013%2F12%2F23&k_raceNo=2&k_babaCode=21,data/cache/html/20131223_kawasaki_2.html
20131223_kawasaki_3,2013-12-23,kawasaki,3,https://www.keiba.go.jp/KeibaWeb/TodayRaceInfo/RaceMarkTable?k_raceDate=2013%2F12%2F23&k_raceNo=3&k_babaCode=21,data/cache/html/20131223_kawasaki_3.html
20131223_kawasaki_4,2013-12-23,kawasaki,4,https://www.keiba.go.jp/KeibaWeb/TodayRaceInfo/RaceMarkTable?k_raceDate=2013%2F12%2F23&k_raceNo=4&k_babaCode=21,data/cache/html/20131223_kawasaki_4.html
20131223_kawasaki_5,2013-12-23,kawasaki,5,https://www.keiba.go.jp/KeibaWeb/TodayRaceInfo/RaceMarkTable?k_raceDate=2013%2F12%2F23&k_raceNo=5&k_babaCode=21,data/cache/html/20131223_kawasaki_5.html
20131223_kawasaki_6,2013-12-23,kawasaki,6,https://www.keiba.go.jp/KeibaWeb/TodayRaceInfo/RaceMarkTable?k_raceDate=2013%2F12%2F23&k_raceNo=6&k_babaCode=21,data/cache/html/20131223_kawasaki_6.html
20131223_kawasaki_7,2013-12-23,kawasaki,7,https://www.keiba.go.jp/KeibaWeb/TodayRaceInfo/RaceMarkTable?k_raceDate=2013%2F12%2F23&k_raceNo=7&k_babaCode=21,data/cache/html/20131223_kawasaki_7.html
20131223_kawasaki_8,2013-12-23,kawasaki,8,https://www.keiba.go.jp/KeibaWeb/TodayRaceInfo/RaceMarkTable?k_raceDate=2013%2F12%2F23&k_raceNo=8&k_babaCode=21,data/cache/html/20131223_kawasaki_8.html
20131223_kawasaki_9,2013-12-23,kawasaki,9,https://www.keiba.go.jp/KeibaWeb/TodayRaceInfo/RaceMarkTable?k_raceDate=2013%2F12%2F23&k_raceNo=9&k_babaCode=21,data/cache/html/20131223_kawasaki_9.html
20131223_kawasaki_10,2013-12-23,kawasaki,10,https://www.keiba.go.jp/KeibaWeb/TodayRaceInfo/RaceMarkTable?k_raceDate=2013%2F12%2F23&k_raceNo=10&k_babaCode=21,data/cache/html/20131223_kawasaki_10.html
20131223_kawasaki_11,2013-12-23,kawasaki,11,https://www.keiba.go.jp/KeibaWeb/TodayRaceInfo/RaceMarkTable?k_raceDate=2013%2F12%2F23&k_raceNo=11&k_babaCode=21,data/cache/html/20131223_kawasaki_11.html
20131223_kawasaki_12,2013-12-23,kawasaki,12,https://www.keiba.go.jp/KeibaWeb/TodayRaceInfo/RaceMarkTable?k_raceDate=2013%2F12%2F23&k_raceNo=12&k_babaCode=21,data/cache/html/20131223_kawasaki_12.html
20131222_kawasaki_1,2013-12-22,kawasaki,1,https://www.keiba.go.jp/KeibaWeb/TodayRaceInfo/RaceMarkTable?k_raceDate=2013%2F12%2F22&k_raceNo=1&k_babaCode=21,data/cache/html/20131222_kawasaki_1.html
20131222_kawasaki_2,2013-12-22,kawasaki,2,https://www.keiba.go.jp/KeibaWeb/TodayRaceInfo/RaceMarkTable?k_raceDate=2013%2F12%2F22&k_raceNo=2&k_babaCode=21,data/cache/html/20131222_kawasaki_2.html
20131222_kawasaki_3,2013-12-22,kawasaki,3,https://www.keiba.go.jp/KeibaWeb/TodayRaceInfo/RaceMarkTable?k_raceDate=2013%2F12%2F22&k_raceNo=3&k_babaCode=21,data/cache/html/20131222_kawasaki_3.html
20131222_kawasaki_4,2013-12-22,kawasaki,4,https://www.keiba.go.jp/KeibaWeb/TodayRaceInfo/RaceMarkTable?k_raceDate=2013%2F12%2F22&k_raceNo=4&k_babaCode=21,data/cache/html/20131222_kawasaki_4.html
20131222_kawasaki_5,2013-12-22,kawasaki,5,https://www.keiba.go.jp/KeibaWeb/TodayRaceInfo/RaceMarkTable?k_raceDate=2013%2F12%2F22&k_raceNo=5&k_babaCode=21,data/cache/html/20131222_kawasaki_5.html
20131222_kawasaki_6,2013-12-22,kawasaki,6,https://www.keiba.go.jp/KeibaWeb/TodayRaceInfo/RaceMarkTable?k_raceDate=2013%2F12%2F22&k_raceNo=6&k_babaCode=21,data/cache/html/20131222_kawasaki_6.html
20131222_kawasaki_7,2013-12-22,kawasaki,7,https://www.keiba.go.jp/KeibaWeb/TodayRaceInfo/RaceMarkTable?k_raceDate=2013%2F12%2F22&k_raceNo=7&k_babaCode=21,data/cache/html/20131222_kawasaki_7.html
20131222_kawasaki_8,2013-12-22,kawasaki,8,https://www.keiba.go.jp/KeibaWeb/TodayRaceInfo/RaceMarkTable?k_raceDate=2013%2F12%2F22&k_raceNo=8&k_babaCode=21,data/cache/html/20131222_kawasaki_8.html
20131222_kawasaki_9,2013-12-22,kawasaki,9,https://www.keiba.go.jp/KeibaWeb/TodayRaceInfo/RaceMarkTable?k_raceDate=2013%2F12%2F22&k_raceNo=9&k_babaCode=21,data/cache/html/20131222_kawasaki_9.html
20131222_kawasaki_10,2013-12-22,kawasaki,10,https://www.keiba.go.jp/KeibaWeb/TodayRaceInfo/RaceMarkTable?k_raceDate=2013%2F12%2F22&k_raceNo=10&k_babaCode=21,data/cache/html/20131222_kawasaki_10.html
20131222_kawasaki_11,2013-12-22,kawasaki,11,https://www.keiba.go.jp/KeibaWeb/TodayRaceInfo/RaceMarkTable?k_raceDate=2013%2F12%2F22&k_raceNo=11&k_babaCode=21,data/cache/html/20131222_kawasaki_11.html
20131222_kawasaki_12,2013-12-22,kawasaki,12,https://www.keiba.go.jp/KeibaWeb/TodayRaceInfo/RaceMarkTable?k_raceDate=2013%2F12%2F22&k_raceNo=12&k_babaCode=21,data/cache/html/20131222_kawasaki_12.html
20131221_kawasaki_1,2013-12-21,kawasaki,1,https://www.keiba.go.jp/KeibaWeb/TodayRaceInfo/RaceMarkTable?k_raceDate=2013%2F12%2F21&k_raceNo=1&k_babaCode=21,data/cache/html/20131221_kawasaki_1.html
20131221_kawasaki_2,2013-12-21,kawasaki,2,https://www.keiba.go.jp/KeibaWeb/TodayRaceInfo/RaceMarkTable?k_raceDate=2013%2F12%2F21&k_raceNo=2&k_babaCode=21,data/cache/html/20131221_kawasaki_2.html
20131221_kawasaki_3,2013-12-21,kawasaki,3,https://www.keiba.go.jp/KeibaWeb/TodayRaceInfo/RaceMarkTable?k_raceDate=2013%2F12%2F21&k_raceNo=3&k_babaCode=21,data/cache/html/20131221_kawasaki_3.html
20131221_kawasaki_4,2013-12-21,kawasaki,4,https://www.keiba.go.jp/KeibaWeb/TodayRaceInfo/RaceMarkTable?k_raceDate=2013%2F12%2F21&k_raceNo=4&k_babaCode=21,data/cache/html/20131221_kawasaki_4.html
20131221_kawasaki_5,2013-12-21,kawasaki,5,https://www.keiba.go.jp/KeibaWeb/TodayRaceInfo/RaceMarkTable?k_raceDate=2013%2F12%2F21&k_raceNo=5&k_babaCode=21,data/cache/html/20131221_kawasaki_5.html
20131221_kawasaki_6,2013-12-21,kawasaki,6,https://www.keiba.go.jp/KeibaWeb/TodayRaceInfo/RaceMarkTable?k_raceDate=2013%2F12%2F21&k_raceNo=6&k_babaCode=21,data/cache/html/20131221_kawasaki_6.html
20131221_kawasaki_7,2013-12-21,kawasaki,7,https://www.keiba.go.jp/KeibaWeb/TodayRaceInfo/RaceMarkTable?k_raceDate=2013%2F12%2F21&k_raceNo=7&k_babaCode=21,data/cache/html/20131221_kawasaki_7.html
20131221_kawasaki_8,2013-12-21,kawasaki,8,https://www.keiba.go.jp/KeibaWeb/TodayRaceInfo/RaceMarkTable?k_raceDate=2013%2F12%2F21&k_raceNo=8&k_babaCode=21,data/cache/html/20131221_kawasaki_8.html
20131221_kawasaki_9,2013-12-21,kawasaki,9,https://www.keiba.go.jp/KeibaWeb/TodayRaceInfo/RaceMarkTable?k_raceDate=2013%2F12%2F21&k_raceNo=9&k_babaCode=21,data/cache/html/20131221_kawasaki_9.html
20131221_kawasaki_10,2013-12-21,kawasaki,10,https://www.keiba.go.jp/KeibaWeb/TodayRaceInfo/RaceMarkTable?k_raceDate=2013%2F12%2F21&k_raceNo=10&k_babaCode=21,data/cache/html/20131221_kawasaki_10.html
20131221_kawasaki_11,2013-12-21,kawasaki,11,https://www.keiba.go.jp/KeibaWeb/TodayRaceInfo/RaceMarkTable?k_raceDate=2013%2F12%2F21&k_raceNo=11&k_babaCode=21,data/cache/html/20131221_kawasaki_11.html
20131221_kawasaki_12,2013-12-21,kawasaki,12,https://www.keiba.go.jp/KeibaWeb/TodayRaceInfo/RaceMarkTable?k_raceDate=2013%2F12%2F21&k_raceNo=12&k_babaCode=21,data/cache/html/20131221_kawasaki_12.html
20131215_kawasaki_1,2013-12-15,kawasaki,1,https://www.keiba.go.jp/KeibaWeb/TodayRaceInfo/RaceMarkTable?k_raceDate=2013%2F12%2F15&k_raceNo=1&k_babaCode=21,data/cache/html/20131215_kawasaki_1.html
20131215_kawasaki_2,2013-12-15,kawasaki,2,https://www.keiba.go.jp/KeibaWeb/TodayRaceInfo/RaceMarkTable?k_raceDate=2013%2F12%2F15&k_raceNo=2&k_babaCode=21,data/cache/html/20131215_kawasaki_2.html
20131215_kawasaki_3,2013-12-15,kawasaki,3,https://www.keiba.go.jp/KeibaWeb/TodayRaceInfo/RaceMarkTable?k_raceDate=2013%2F12%2F15&k_raceNo=3&k_babaCode=21,data/cache/html/20131215_kawasaki_3.html
20131215_kawasaki_4,2013-12-15,kawasaki,4,https://www.keiba.go.jp/KeibaWeb/TodayRaceInfo/RaceMarkTable?k_raceDate=2013%2F12%2F15&k_raceNo=4&k_babaCode=21,data/cache/html/20131215_kawasaki_4.html
20131215_kawasaki_5,2013-12-15,kawasaki,5,https://www.keiba.go.jp/KeibaWeb/TodayRaceInfo/RaceMarkTable?k_raceDate=2013%2F12%2F15&k_raceNo=5&k_babaCode=21,data/cache/html/20131215_kawasaki_5.html
20131215_kawasaki_6,2013-12-15,kawasaki,6,https://www.keiba.go.jp/KeibaWeb/TodayRaceInfo/RaceMarkTable?k_raceDate=2013%2F12%2F15&k_raceNo=6&k_babaCode=21,data/cache/html/20131215_kawasaki_6.html
20131215_kawasaki_7,2013-12-15,kawasaki,7,https://www.keiba.go.jp/KeibaWeb/TodayRaceInfo/RaceMarkTable?k_raceDate=2013%2F12%2F15&k_raceNo=7&k_babaCode=21,data/cache/html/20131215_kawasaki_7.html
20131215_kawasaki_8,2013-12-15,kawasaki,8,https://www.keiba.go.jp/KeibaWeb/TodayRaceInfo/RaceMarkTable?k_raceDate=2013%2F12%2F15&k_raceNo=8&k_babaCode=21,data/cache/html/20131215_kawasaki_8.html
20131215_kawasaki_9,2013-12-15,kawasaki,9,https://www.keiba.go.jp/KeibaWeb/TodayRaceInfo/RaceMarkTable?k_raceDate=2013%2F12%2F15&k_raceNo=9&k_babaCode=21,data/cache/html/20131215_kawasaki_9.html
20131215_kawasaki_10,2013-12-15,kawasaki,10,https://www.keiba.go.jp/KeibaWeb/TodayRaceInfo/RaceMarkTable?k_raceDate=2013%2F12%2F15&k_raceNo=10&k_babaCode=21,data/cache/html/20131215_kawasaki_10.html
20131215_kawasaki_11,2013-12-15,kawasaki,11,https://www.keiba.go.jp/KeibaWeb/TodayRaceInfo/RaceMarkTable?k_raceDate=2013%2F12%2F15&k_raceNo=11&k_babaCode=21,data/cache/html/20131215_kawasaki_11.html
20131215_kawasaki_12,2013-12-15,kawasaki,12,https://www.keiba.go.jp/KeibaWeb/TodayRaceInfo/RaceMarkTable?k_raceDate=2013%2F12%2F15&k_raceNo=12&k_babaCode=21,data/cache/html/20131215_kawasaki_12.html
20131214_kawasaki_1,2013-12-14,kawasaki,1,https://www.keiba.go.jp/KeibaWeb/TodayRaceInfo/RaceMarkTable?k_raceDate=2013%2F12%2F14&k_raceNo=1&k_babaCode=21,data/cache/html/20131214_kawasaki_1.html
20131214_kawasaki_2,2013-12-14,kawasaki,2,https://www.keiba.go.jp/KeibaWeb/TodayRaceInfo/RaceMarkTable?k_raceDate=2013%2F12%2F14&k_raceNo=2&k_babaCode=21,data/cache/html/20131214_kawasaki_2.html
20131214_kawasaki_3,2013-12-14,kawasaki,3,https://www.keiba.go.jp/KeibaWeb/TodayRaceInfo/RaceMarkTable?k_raceDate=2013%2F12%2F14&k_raceNo=3&k_babaCode=21,data/cache/html/20131214_kawasaki_3.html
20131214_kawasaki_4,2013-12-14,kawasaki,4,https://www.keiba.go.jp/KeibaWeb/TodayRaceInfo/RaceMarkTable?k_raceDate=2013%2F12%2F14&k_raceNo=4&k_babaCode=21,data/cache/html/20131214_kawasaki_4.html
20131214_kawasaki_5,2013-12-14,kawasaki,5,https://www.keiba.go.jp/KeibaWeb/TodayRaceInfo/RaceMarkTable?k_raceDate=2013%2F12%2F14&k_raceNo=5&k_babaCode=21,data/cache/html/20131214_kawasaki_5.html
20131214_kawasaki_6,2013-12-14,kawasaki,6,https://www.keiba.go.jp/KeibaWeb/TodayRaceInfo/RaceMarkTable?k_raceDate=2013%2F12%2F14&k_raceNo=6&k_babaCode=21,data/cache/html/20131214_kawasaki_6.html
20131214_kawasaki_7,2013-12-14,kawasaki,7,https://www.keiba.go.jp/KeibaWeb/TodayRaceInfo/RaceMarkTable?k_raceDate=2013%2F12%2F14&k_raceNo=7&k_babaCode=21,data/cache/html/20131214_kawasaki_7.html
20131214_kawasaki_8,2013-12-14,kawasaki,8,https://www.keiba.go.jp/KeibaWeb/TodayRaceInfo/RaceMarkTable?k_raceDate=2013%2F12%2F14&k_raceNo=8&k_babaCode=21,data/cache/html/20131214_kawasaki_8.html
20131214_kawasaki_9,2013-12-14,kawasaki,9,https://www.keiba.go.jp/KeibaWeb/TodayRaceInfo/RaceMarkTable?k_raceDate=2013%2F12%2F14&k_raceNo=9&k_babaCode=21,data/cache/html/20131214_kawasaki_9.html
20131214_kawasaki_10,2013-12-14,kawasaki,10,https://www.keiba.go.jp/KeibaWeb/TodayRaceInfo/RaceMarkTable?k_raceDate=2013%2F12%2F14&k_raceNo=10&k_babaCode=21,data/cache/html/20131214_kawasaki_10.html
20131214_kawasaki_11,2013-12-14,kawasaki,11,https://www.keiba.go.jp/KeibaWeb/TodayRaceInfo/RaceMarkTable?k_raceDate=2013%2F12%2F14&k_raceNo=11&k_babaCode=21,data/cache/html/20131214_kawasaki_11.html
20131214_kawasaki_12,2013-12-14,kawasaki,12,https://www.keiba.go.jp/KeibaWeb/TodayRaceInfo/RaceMarkTable?k_raceDate=2013%2F12%2F14&k_raceNo=12&k_babaCode=21,data/cache/html/20131214_kawasaki_12.html
20131213_kawasaki_1,2013-12-13,kawasaki,1,https://www.keiba.go.jp/KeibaWeb/TodayRaceInfo/RaceMarkTable?k_raceDate=2013%2F12%2F13&k_raceNo=1&k_babaCode=21,data/cache/html/20131213_kawasaki_1.html
20131213_kawasaki_2,2013-12-13,kawasaki,2,https://www.keiba.go.jp/KeibaWeb/TodayRaceInfo/RaceMarkTable?k_raceDate=2013%2F12%2F13&k_raceNo=2&k_babaCode=21,data/cache/html/20131213_kawasaki_2.html
20131213_kawasaki_3,2013-12-13,kawasaki,3,https://www.keiba.go.jp/KeibaWeb/TodayRaceInfo/RaceMarkTable?k_raceDate=2013%2F12%2F13&k_raceNo=3&k_babaCode=21,data/cache/html/20131213_kawasaki_3.html
20131213_kawasaki_4,2013-12-13,kawasaki,4,https://www.keiba.go.jp/KeibaWeb/TodayRaceInfo/RaceMarkTable?k_raceDate=2013%2F12%2F13&k_raceNo=4&k_babaCode=21,data/cache/html/20131213_kawasaki_4.html
20131213_kawasaki_5,2013-12-13,kawasaki,5,https://www.keiba.go.jp/KeibaWeb/TodayRaceInfo/RaceMarkTable?k_raceDate=2013%2F12%2F13&k_raceNo=5&k_babaCode=21,data/cache/html/20131213_kawasaki_5.html
20131213_kawasaki_6,2013-12-13,kawasaki,6,https://www.keiba.go.jp/KeibaWeb/TodayRaceInfo/RaceMarkTable?k_raceDate=2013%2F12%2F13&k_raceNo=6&k_babaCode=21,data/cache/html/20131213_kawasaki_6.html
20131213_kawasaki_7,2013-12-13,kawasaki,7,https://www.keiba.go.jp/KeibaWeb/TodayRaceInfo/RaceMarkTable?k_raceDate=2013%2F12%2F13&k_raceNo=7&k_babaCode=21,data/cache/html/20131213_kawasaki_7.html
20131213_kawasaki_8,2013-12-13,kawasaki,8,https://www.keiba.go.jp/KeibaWeb/TodayRaceInfo/RaceMarkTable?k_raceDate=2013%2F12%2F13&k_raceNo=8&k_babaCode=21,data/cache/html/20131213_kawasaki_8.html
20131213_kawasaki_9,2013-12-13,kawasaki,9,https://www.keiba.go.jp/KeibaWeb/TodayRaceInfo/RaceMarkTable?k_raceDate=2013%2F12%2F13&k_raceNo=9&k_babaCode=21,data/cache/html/20131213_kawasaki_9.html
20131213_kawasaki_10,2013-12-13,kawasaki,10,https://www.keiba.go.jp/KeibaWeb/TodayRaceInfo/RaceMarkTable?k_raceDate=2013%2F12%2F13&k_raceNo=10&k_babaCode=21,data/cache/html/20131213_kawasaki_10.html
20131213_kawasaki_11,2013-12-13,kawasaki,11,https://www.keiba.go.jp/KeibaWeb/TodayRaceInfo/RaceMarkTable?k_raceDate=2013%2F12%2F13&k_raceNo=11&k_babaCode=21,data/cache/html/20131213_kawasaki_11.html
20131213_kawasaki_12,2013-12-13,kawasaki,12,https://www.keiba.go.jp/KeibaWeb/TodayRaceInfo/RaceMarkTable?k_raceDate=2013%2F12%2F13&k_raceNo=12&k_babaCode=21,data/cache/html/20131213_kawasaki_12.html
20131212_kawasaki_1,2013-12-12,kawasaki,1,https://www.keiba.go.jp/KeibaWeb/TodayRaceInfo/RaceMarkTable?k_raceDate=2013%2F12%2F12&k_raceNo=1&k_babaCode=21,data/cache/html/20131212_kawasaki_1.html
20131212_kawasaki_2,2013-12-12,kawasaki,2,https://www.keiba.go.jp/KeibaWeb/TodayRaceInfo/RaceMarkTable?k_raceDate=2013%2F12%2F12&k_raceNo=2&k_babaCode=21,data/cache/html/20131212_kawasaki_2.html
20131212_kawasaki_3,2013-12-12,kawasaki,3,https://www.keiba.go.jp/KeibaWeb/TodayRaceInfo/RaceMarkTable?k_raceDate=2013%2F12%2F12&k_raceNo=3&k_babaCode=21,data/cache/html/20131212_kawasaki_3.html
20131212_kawasaki_4,2013-12-12,kawasaki,4,https://www.keiba.go.jp/KeibaWeb/TodayRaceInfo/RaceMarkTable?k_raceDate=2013%2F12%2F12&k_raceNo=4&k_babaCode=21,data/cache/html/20131212_kawasaki_4.html
20131212_kawasaki_5,2013-12-12,kawasaki,5,https://www.keiba.go.jp/KeibaWeb/TodayRaceInfo/RaceMarkTable?k_raceDate=2013%2F12%2F12&k_raceNo=5&k_babaCode=21,data/cache/html/20131212_kawasaki_5.html
20131212_kawasaki_6,2013-12-12,kawasaki,6,https://www.keiba.go.jp/KeibaWeb/TodayRaceInfo/RaceMarkTable?k_raceDate=2013%2F12%2F12&k_raceNo=6&k_babaCode=21,data/cache/html/20131212_kawasaki_6.html
20131212_kawasaki_7,2013-12-12,kawasaki,7,https://www.keiba.go.jp/KeibaWeb/TodayRaceInfo/RaceMarkTable?k_raceDate=2013%2F12%2F12&k_raceNo=7&k_babaCode=21,data/cache/html/20131212_kawasaki_7.html
20131212_kawasaki_8,2013-12-12,kawasaki,8,https://www.keiba.go.jp/KeibaWeb/TodayRaceInfo/RaceMarkTable?k_raceDate=2013%2F12%2F12&k_raceNo=8&k_babaCode=21,data/cache/html/20131212_kawasaki_8.html
20131212_kawasaki_9,2013-12-12,kawasaki,9,https://www.keiba.go.jp/KeibaWeb/TodayRaceInfo/RaceMarkTable?k_raceDate=2013%2F12%2F12&k_raceNo=9&k_babaCode=21,data/cache/html/20131212_kawasaki_9.html
20131212_kawasaki_10,2013-12-12,kawasaki,10,https://www.keiba.go.jp/KeibaWeb/TodayRaceInfo/RaceMarkTable?k_raceDate=2013%2F12%2F12&k_raceNo=10&k_babaCode=21,data/cache/html/20131212_kawasaki_10.html
20131212_kawasaki_11,2013-12-12,kawasaki,11,https://www.keiba.go.jp/KeibaWeb/TodayRaceInfo/RaceMarkTable?k_raceDate=2013%2F12%2F12&k_raceNo=11&k_babaCode=21,data/cache/html/20131212_kawasaki_11.html
20131212_kawasaki_12,2013-12-12,kawasaki,12,https://www.keiba.go.jp/KeibaWeb/TodayRaceInfo/RaceMarkTable?k_raceDate=2013%2F12%2F12&k_raceNo=12&k_babaCode=21,data/cache/html/20131212_kawasaki_12.html
20131211_kawasaki_1,2013-12-11,kawasaki,1,https://www.keiba.go.jp/KeibaWeb/TodayRaceInfo/RaceMarkTable?k_raceDate=2013%2F12%2F11&k_raceNo=1&k_babaCode=21,data/cache/html/20131211_kawasaki_1.html
20131211_kawasaki_2,2013-12-11,kawasaki,2,https://www.keiba.go.jp/KeibaWeb/TodayRaceInfo/RaceMarkTable?k_raceDate=2013%2F12%2F11&k_raceNo=2&k_babaCode=21,data/cache/html/20131211_kawasaki_2.html
20131211_kawasaki_3,2013-12-11,kawasaki,3,https://www.keiba.go.jp/KeibaWeb/TodayRaceInfo/RaceMarkTable?k_raceDate=2013%2F12%2F11&k_raceNo=3&k_babaCode=21,data/cache/html/20131211_kawasaki_3.html
20131211_kawasaki_4,2013-12-11,kawasaki,4,https://www.keiba.go.jp/KeibaWeb/TodayRaceInfo/RaceMarkTable?k_raceDate=2013%2F12%2F11&k_raceNo=4&k_babaCode=21,data/cache/html/20131211_kawasaki_4.html
20131211_kawasaki_5,2013-12-11,kawasaki,5,https://www.keiba.go.jp/KeibaWeb/TodayRaceInfo/RaceMarkTable?k_raceDate=2013%2F12%2F11&k_raceNo=5&k_babaCode=21,data/cache/html/20131211_kawasaki_5.html
20131211_kawasaki_6,2013-12-11,kawasaki,6,https://www.keiba.go.jp/KeibaWeb/TodayRaceInfo/RaceMarkTable?k_raceDate=2013%2F12%2F11&k_raceNo=6&k_babaCode=21,data/cache/html/20131211_kawasaki_6.html
20131211_kawasaki_7,2013-12-11,kawasaki,7,https://www.keiba.go.jp/KeibaWeb/TodayRaceInfo/RaceMarkTable?k_raceDate=2013%2F12%2F11&k_raceNo=7&k_babaCode=21,data/cache/html/20131211_kawasaki_7.html
20131211_kawasaki_8,2013-12-11,kawasaki,8,https://www.keiba.go.jp/KeibaWeb/TodayRaceInfo/RaceMarkTable?k_raceDate=2013%2F12%2F11&k_raceNo=8&k_babaCode=21,data/cache/html/20131211_kawasaki_8.html
20131211_kawasaki_9,2013-12-11,kawasaki,9,https://www.keiba.go.jp/KeibaWeb/TodayRaceInfo/RaceMarkTable?k_raceDate=2013%2F12%2F11&k_raceNo=9&k_babaCode=21,data/cache/html/20131211_kawasaki_9.html
20131211_kawasaki_10,2013-12-11,kawasaki,10,https://www.keiba.go.jp/KeibaWeb/TodayRaceInfo/RaceMarkTable?k_raceDate=2013%2F12%2F11&k_raceNo=10&k_babaCode=21,data/cache/html/20131211_kawasaki_10.html
20131211_kawasaki_11,2013-12-11,kawasaki,11,https://www.keiba.go.jp/KeibaWeb/TodayRaceInfo/RaceMarkTable?k_raceDate=2013%2F12%2F11&k_raceNo=11&k_babaCode=21,data/cache/html/20131211_kawasaki_11.html
20131211_kawasaki_12,2013-12-11,kawasaki,12,https://www.keiba.go.jp/KeibaWeb/TodayRaceInfo/RaceMarkTable?k_raceDate=2013%2F12%2F11&k_raceNo=12&k_babaCode=21,data/cache/html/20131211_kawasaki_12.html
20131210_kawasaki_1,2013-12-10,kawasaki,1,https://www.keiba.go.jp/KeibaWeb/TodayRaceInfo/RaceMarkTable?k_raceDate=2013%2F12%2F10&k_raceNo=1&k_babaCode=21,data/cache/html/20131210_kawasaki_1.html
20131210_kawasaki_2,2013-12-10,kawasaki,2,https://www.keiba.go.jp/KeibaWeb/TodayRaceInfo/RaceMarkTable?k_raceDate=2013%2F12%2F10&k_raceNo=2&k_babaCode=21,data/cache/html/20131210_kawasaki_2.html
20131210_kawasaki_3,2013-12-10,kawasaki,3,https://www.keiba.go.jp/KeibaWeb/TodayRaceInfo/RaceMarkTable?k_raceDate=2013%2F12%2F10&k_raceNo=3&k_babaCode=21,data/cache/html/20131210_kawasaki_3.html
20131210_kawasaki_4,2013-12-10,kawasaki,4,https://www.keiba.go.jp/KeibaWeb/TodayRaceInfo/RaceMarkTable?k_raceDate=2013%2F12%2F10&k_raceNo=4&k_babaCode=21,data/cache/html/20131210_kawasaki_4.html
20131210_kawasaki_5,2013-12-10,kawasaki,5,https://www.keiba.go.jp/KeibaWeb/TodayRaceInfo/RaceMarkTable?k_raceDate=2013%2F12%2F10&k_raceNo=5&k_babaCode=21,data/cache/html/20131210_kawasaki_5.html
20131210_kawasaki_6,2013-12-10,kawasaki,6,https://www.keiba.go.jp/KeibaWeb/TodayRaceInfo/RaceMarkTable?k_raceDate=2013%2F12%2F10&k_raceNo=6&k_babaCode=21,data/cache/html/20131210_kawasaki_6.html
20131210_kawasaki_7,2013-12-10,kawasaki,7,https://www.keiba.go.jp/KeibaWeb/TodayRaceInfo/RaceMarkTable?k_raceDate=2013%2F12%2F10&k_raceNo=7&k_babaCode=21,data/cache/html/20131210_kawasaki_7.html
20131210_kawasaki_8,2013-12-10,kawasaki,8,https://www.keiba.go.jp/KeibaWeb/TodayRaceInfo/RaceMarkTable?k_raceDate=2013%2F12%2F10&k_raceNo=8&k_babaCode=21,data/cache/html/20131210_kawasaki_8.html
20131210_kawasaki_9,2013-12-10,kawasaki,9,https://www.keiba.go.jp/KeibaWeb/TodayRaceInfo/RaceMarkTable?k_raceDate=2013%2F12%2F10&k_raceNo=9&k_babaCode=21,data/cache/html/20131210_kawasaki_9.html
20131210_kawasaki_10,2013-12-10,kawasaki,10,https://www.keiba.go.jp/KeibaWeb/TodayRaceInfo/RaceMarkTable?k_raceDate=2013%2F12%2F10&k_raceNo=10&k_babaCode=21,data/cache/html/20131210_kawasaki_10.html
20131210_kawasaki_11,2013-12-10,kawasaki,11,https://www.keiba.go.jp/KeibaWeb/TodayRaceInfo/RaceMarkTable?k_raceDate=2013%2F12%2F10&k_raceNo=11&k_babaCode=21,data/cache/html/20131210_kawasaki_11.html
20131210_kawasaki_12,2013-12-10,kawasaki,12,https://www.keiba.go.jp/KeibaWeb/TodayRaceInfo/RaceMarkTable?k_raceDate=2013%2F12%2F10&k_raceNo=12&k_babaCode=21,data/cache/html/20131210_kawasaki_12.html
20131209_kawasaki_1,2013-12-09,kawasaki,1,https://www.keiba.go.jp/KeibaWeb/TodayRaceInfo/RaceMarkTable?k_raceDate=2013%2F12%2F09&k_raceNo=1&k_babaCode=21,data/cache/html/20131209_kawasaki_1.html
20131209_kawasaki_2,2013-12-09,kawasaki,2,https://www.keiba.go.jp/KeibaWeb/TodayRaceInfo/RaceMarkTable?k_raceDate=2013%2F12%2F09&k_raceNo=2&k_babaCode=21,data/cache/html/20131209_kawasaki_2.html
20131209_kawasaki_3,2013-12-09,kawasaki,3,https://www.keiba.go.jp/KeibaWeb/TodayRaceInfo/RaceMarkTable?k_raceDate=2013%2F12%2F09&k_raceNo=3&k_babaCode=21,data/cache/html/20131209_kawasaki_3.html
20131209_kawasaki_4,2013-12-09,kawasaki,4,https://www.keiba.go.jp/KeibaWeb/TodayRaceInfo/RaceMarkTable?k_raceDate=2013%2F12%2F09&k_raceNo=4&k_babaCode=21,data/cache/html/20131209_kawasaki_4.html
20131209_kawasaki_5,2013-12-09,kawasaki,5,https://www.keiba.go.jp/KeibaWeb/TodayRaceInfo/RaceMarkTable?k_raceDate=2013%2F12%2F09&k_raceNo=5&k_babaCode=21,data/cache/html/20131209_kawasaki_5.html
20131209_kawasaki_6,2013-12-09,kawasaki,6,https://www.keiba.go.jp/KeibaWeb/TodayRaceInfo/RaceMarkTable?k_raceDate=2013%2F12%2F09&k_raceNo=6&k_babaCode=21,data/cache/html/20131209_kawasaki_6.html
20131209_kawasaki_7,2013-12-09,kawasaki,7,https://www.keiba.go.jp/KeibaWeb/TodayRaceInfo/RaceMarkTable?k_raceDate=2013%2F12%2F09&k_raceNo=7&k_babaCode=21,data/cache/html/20131209_kawasaki_7.html
20131209_kawasaki_8,2013-12-09,kawasaki,8,https://www.keiba.go.jp/KeibaWeb/TodayRaceInfo/RaceMarkTable?k_raceDate=2013%2F12%2F09&k_raceNo=8&k_babaCode=21,data/cache/html/20131209_kawasaki_8.html
20131209_kawasaki_9,2013-12-09,kawasaki,9,https://www.keiba.go.jp/KeibaWeb/TodayRaceInfo/RaceMarkTable?k_raceDate=2013%2F12%2F09&k_raceNo=9&k_babaCode=21,data/cache/html/20131209_kawasaki_9.html
20131209_kawasaki_10,2013-12-09,kawasaki,10,https://www.keiba.go.jp/KeibaWeb/TodayRaceInfo/RaceMarkTable?k_raceDate=2013%2F12%2F09&k_raceNo=10&k_babaCode=21,data/cache/html/20131209_kawasaki_10.html
20131209_kawasaki_11,2013-12-09,kawasaki,11,https://www.keiba.go.jp/KeibaWeb/TodayRaceInfo/RaceMarkTable?k_raceDate=2013%2F12%2F09&k_raceNo=11&k_babaCode=21,data/cache/html/20131209_kawasaki_11.html
20131209_kawasaki_12,2013-12-09,kawasaki,12,https://www.keiba.go.jp/KeibaWeb/TodayRaceInfo/RaceMarkTable?k_raceDate=2013%2F12%2F09&k_raceNo=12&k_babaCode=21,data/cache/html/20131209_kawasaki_12.html
20131208_kawasaki_1,2013-12-08,kawasaki,1,https://www.keiba.go.jp/KeibaWeb/TodayRaceInfo/RaceMarkTable?k_raceDate=2013%2F12%2F08&k_raceNo=1&k_babaCode=21,data/cache/html/20131208_kawasaki_1.html
20131208_kawasaki_2,2013-12-08,kawasaki,2,https://www.keiba.go.jp/KeibaWeb/TodayRaceInfo/RaceMarkTable?k_raceDate=2013%2F12%2F08&k_raceNo=2&k_babaCode=21,data/cache/html/20131208_kawasaki_2.html
20131208_kawasaki_3,2013-12-08,kawasaki,3,https://www.keiba.go.jp/KeibaWeb/TodayRaceInfo/RaceMarkTable?k_raceDate=2013%2F12%2F08&k_raceNo=3&k_babaCode=21,data/cache/html/20131208_kawasaki_3.html
20131208_kawasaki_4,2013-12-08,kawasaki,4,https://www.keiba.go.jp/KeibaWeb/TodayRaceInfo/RaceMarkTable?k_raceDate=2013%2F12%2F08&k_raceNo=4&k_babaCode=21,data/cache/html/20131208_kawasaki_4.html
20131208_kawasaki_5,2013-12-08,kawasaki,5,https://www.keiba.go.jp/KeibaWeb/TodayRaceInfo/RaceMarkTable?k_raceDate=2013%2F12%2F08&k_raceNo=5&k_babaCode=21,data/cache/html/20131208_kawasaki_5.html
20131208_kawasaki_6,2013-12-08,kawasaki,6,https://www.keiba.go.jp/KeibaWeb/TodayRaceInfo/RaceMarkTable?k_raceDate=2013%2F12%2F08&k_raceNo=6&k_babaCode=21,data/cache/html/20131208_kawasaki_6.html
20131208_kawasaki_7,2013-12-08,kawasaki,7,https://www.keiba.go.jp/KeibaWeb/TodayRaceInfo/RaceMarkTable?k_raceDate=2013%2F12%2F08&k_raceNo=7&k_babaCode=21,data/cache/html/20131208_kawasaki_7.html
20131208_kawasaki_8,2013-12-08,kawasaki,8,https://www.keiba.go.jp/KeibaWeb/TodayRaceInfo/RaceMarkTable?k_raceDate=2013%2F12%2F08&k_raceNo=8&k_babaCode=21,data/cache/html/20131208_kawasaki_8.html
20131208_kawasaki_9,2013-12-08,kawasaki,9,https://www.keiba.go.jp/KeibaWeb/TodayRaceInfo/RaceMarkTable?k_raceDate=2013%2F12%2F08&k_raceNo=9&k_babaCode=21,data/cache/html/20131208_kawasaki_9.html
20131208_kawasaki_10,2013-12-08,kawasaki,10,https://www.keiba.go.jp/KeibaWeb/TodayRaceInfo/RaceMarkTable?k_raceDate=2013%2F12%2F08&k_raceNo=10&k_babaCode=21,data/cache/html/20131208_kawasaki_10.html
20131208_kawasaki_11,2013-12-08,kawasaki,11,https://www.keiba.go.jp/KeibaWeb/TodayRaceInfo/RaceMarkTable?k_raceDate=2013%2F12%2F08&k_raceNo=11&k_babaCode=21,data/cache/html/20131208_kawasaki_11.html
20131208_kawasaki_12,2013-12-08,kawasaki,12,https://www.keiba.go.jp/KeibaWeb/TodayRaceInfo/RaceMarkTable?k_raceDate=2013%2F12%2F08&k_raceNo=12&k_babaCode=21,data/cache/html/20131208_kawasaki_12.html
20131207_kawasaki_1,2013-12-07,kawasaki,1,https://www.keiba.go.jp/KeibaWeb/TodayRaceInfo/RaceMarkTable?k_raceDate=2013%2F12%2F07&k_raceNo=1&k_babaCode=21,data/cache/html/20131207_kawasaki_1.html
20131207_kawasaki_2,2013-12-07,kawasaki,2,https://www.keiba.go.jp/KeibaWeb/TodayRaceInfo/RaceMarkTable?k_raceDate=2013%2F12%2F07&k_raceNo=2&k_babaCode=21,data/cache/html/20131207_kawasaki_2.html
20131207_kawasaki_3,2013-12-07,kawasaki,3,https://www.keiba.go.jp/KeibaWeb/TodayRaceInfo/RaceMarkTable?k_raceDate=2013%2F12%2F07&k_raceNo=3&k_babaCode=21,data/cache/html/20131207_kawasaki_3.html
20131207_kawasaki_4,2013-12-07,kawasaki,4,https://www.keiba.go.jp/KeibaWeb/TodayRaceInfo/RaceMarkTable?k_raceDate=2013%2F12%2F07&k_raceNo=4&k_babaCode=21,data/cache/html/20131207_kawasaki_4.html
20131207_kawasaki_5,2013-12-07,kawasaki,5,https://www.keiba.go.jp/KeibaWeb/TodayRaceInfo/RaceMarkTable?k_raceDate=2013%2F12%2F07&k_raceNo=5&k_babaCode=21,data/cache/html/20131207_kawasaki_5.html
20131207_kawasaki_6,2013-12-07,kawasaki,6,https://www.keiba.go.jp/KeibaWeb/TodayRaceInfo/RaceMarkTable?k_raceDate=2013%2F12%2F07&k_raceNo=6&k_babaCode=21,data/cache/html/20131207_kawasaki_6.html
20131207_kawasaki_7,2013-12-07,kawasaki,7,https://www.keiba.go.jp/KeibaWeb/TodayRaceInfo/RaceMarkTable?k_raceDate=2013%2F12%2F07&k_raceNo=7&k_babaCode=21,data/cache/html/20131207_kawasaki_7.html
20131207_kawasaki_8,2013-12-07,kawasaki,8,https://www.keiba.go.jp/KeibaWeb/TodayRaceInfo/RaceMarkTable?k_raceDate=2013%2F12%2F07&k_raceNo=8&k_babaCode=21,data/cache/html/20131207_kawasaki_8.html
20131207_kawasaki_9,2013-12-07,kawasaki,9,https://www.keiba.go.jp/KeibaWeb/TodayRaceInfo/RaceMarkTable?k_raceDate=2013%2F12%2F07&k_raceNo=9&k_babaCode=21,data/cache/html/20131207_kawasaki_9.html
20131207_kawasaki_10,2013-12-07,kawasaki,10,https://www.keiba.go.jp/KeibaWeb/TodayRaceInfo/RaceMarkTable?k_raceDate=2013%2F12%2F07&k_raceNo=10&k_babaCode=21,data/cache/html/20131207_kawasaki_10.html
20131207_kawasaki_11,2013-12-07,kawasaki,11,https://www.keiba.go.jp/KeibaWeb/TodayRaceInfo/RaceMarkTable?k_raceDate=2013%2F12%2F07&k_raceNo=11&k_babaCode=21,data/cache/html/20131207_kawasaki_11.html
20131207_kawasaki_12,2013-12-07,kawasaki,12,https://www.keiba.go.jp/KeibaWeb/TodayRaceInfo/RaceMarkTable?k_raceDate=2013%2F12%2F07&k_raceNo=12&k_babaCode=21,data/cache/html/20131207_kawasaki_12.html
20131206_kawasaki_1,2013-12-06,kawasaki,1,https://www.keiba.go.jp/KeibaWeb/TodayRaceInfo/RaceMarkTable?k_raceDate=2013%2F12%2F06&k_raceNo=1&k_babaCode=21,data/cache/html/20131206_kawasaki_1.html
20131206_kawasaki_2,2013-12-06,kawasaki,2,https://www.keiba.go.jp/KeibaWeb/TodayRaceInfo/RaceMarkTable?k_raceDate=2013%2F12%2F06&k_raceNo=2&k_babaCode=21,data/cache/html/20131206_kawasaki_2.html
20131206_kawasaki_3,2013-12-06,kawasaki,3,https://www.keiba.go.jp/KeibaWeb/TodayRaceInfo/RaceMarkTable?k_raceDate=2013%2F12%2F06&k_raceNo=3&k_babaCode=21,data/cache/html/20131206_kawasaki_3.html
20131206_kawasaki_4,2013-12-06,kawasaki,4,https://www.keiba.go.jp/KeibaWeb/TodayRaceInfo/RaceMarkTable?k_raceDate=2013%2F12%2F06&k_raceNo=4&k_babaCode=21,data/cache/html/20131206_kawasaki_4.html
20131206_kawasaki_5,2013-12-06,kawasaki,5,https://www.keiba.go.jp/KeibaWeb/TodayRaceInfo/RaceMarkTable?k_raceDate=2013%2F12%2F06&k_raceNo=5&k_babaCode=21,data/cache/html/20131206_kawasaki_5.html
20131206_kawasaki_6,2013-12-06,kawasaki,6,https://www.keiba.go.jp/KeibaWeb/TodayRaceInfo/RaceMarkTable?k_raceDate=2013%2F12%2F06&k_raceNo=6&k_babaCode=21,data/cache/html/20131206_kawasaki_6.html
20131206_kawasaki_7,2013-12-06,kawasaki,7,https://www.keiba.go.jp/KeibaWeb/TodayRaceInfo/RaceMarkTable?k_raceDate=2013%2F12%2F06&k_raceNo=7&k_babaCode=21,data/cache/html/20131206_kawasaki_7.html
20131206_kawasaki_8,2013-12-06,kawasaki,8,https://www.keiba.go.jp/KeibaWeb/TodayRaceInfo/RaceMarkTable?k_raceDate=2013%2F12%2F06&k_raceNo=8&k_babaCode=21,data/cache/html/20131206_kawasaki_8.html
20131206_kawasaki_9,2013-12-06,kawasaki,9,https://www.keiba.go.jp/KeibaWeb/TodayRaceInfo/RaceMarkTable?k_raceDate=2013%2F12%2F06&k_raceNo=9&k_babaCode=21,data/cache/html/20131206_kawasaki_9.html
20131206_kawasaki_10,2013-12-06,kawasaki,10,https://www.keiba.go.jp/KeibaWeb/TodayRaceInfo/RaceMarkTable?k_raceDate=2013%2F12%2F06&k_raceNo=10&k_babaCode=21,data/cache/html/20131206_kawasaki_10.html
20131206_kawasaki_11,2013-12-06,kawasaki,11,https://www.keiba.go.jp/KeibaWeb/TodayRaceInfo/RaceMarkTable?k_raceDate=2013%2F12%2F06&k_raceNo=11&k_babaCode=21,data/cache/html/20131206_kawasaki_11.html
20131206_kawasaki_12,2013-12-06,kawasaki,12,https://www.keiba.go.jp/KeibaWeb/TodayRaceInfo/RaceMarkTable?k_raceDate=2013%2F12%2F06&k_raceNo=12&k_babaCode=21,data/cache/html/20131206_kawasaki_12.html
20131205_kawasaki_1,2013-12-05,kawasaki,1,https://www.keiba.go.jp/KeibaWeb/TodayRaceInfo/RaceMarkTable?k_raceDate=2013%2F12%2F05&k_raceNo=1&k_babaCode=21,data/cache/html/20131205_kawasaki_1.html
20131205_kawasaki_2,2013-12-05,kawasaki,2,https://www.keiba.go.jp/KeibaWeb/TodayRaceInfo/RaceMarkTable?k_raceDate=2013%2F12%2F05&k_raceNo=2&k_babaCode=21,data/cache/html/20131205_kawasaki_2.html
20131205_kawasaki_3,2013-12-05,kawasaki,3,https://www.keiba.go.jp/KeibaWeb/TodayRaceInfo/RaceMarkTable?k_raceDate=2013%2F12%2F05&k_raceNo=3&k_babaCode=21,data/cache/html/20131205_kawasaki_3.html
20131205_kawasaki_4,2013-12-05,kawasaki,4,https://www.keiba.go.jp/KeibaWeb/TodayRaceInfo/RaceMarkTable?k_raceDate=2013%2F12%2F05&k_raceNo=4&k_babaCode=21,data/cache/html/20131205_kawasaki_4.html
20131205_kawasaki_5,2013-12-05,kawasaki,5,https://www.keiba.go.jp/KeibaWeb/TodayRaceInfo/RaceMarkTable?k_raceDate=2013%2F12%2F05&k_raceNo=5&k_babaCode=21,data/cache/html/20131205_kawasaki_5.html
20131205_kawasaki_6,2013-12-05,kawasaki,6,https://www.keiba.go.jp/KeibaWeb/TodayRaceInfo/RaceMarkTable?k_raceDate=2013%2F12%2F05&k_raceNo=6&k_babaCode=21,data/cache/html/20131205_kawasaki_6.html
20131205_kawasaki_7,2013-12-05,kawasaki,7,https://www.keiba.go.jp/KeibaWeb/TodayRaceInfo/RaceMarkTable?k_raceDate=2013%2F12%2F05&k_raceNo=7&k_babaCode=21,data/cache/html/20131205_kawasaki_7.html
20131205_kawasaki_8,2013-12-05,kawasaki,8,https://www.keiba.go.jp/KeibaWeb/TodayRaceInfo/RaceMarkTable?k_raceDate=2013%2F12%2F05&k_raceNo=8&k_babaCode=21,data/cache/html/20131205_kawasaki_8.html
20131205_kawasaki_9,2013-12-05,kawasaki,9,https://www.keiba.go.jp/KeibaWeb/TodayRaceInfo/RaceMarkTable?k_raceDate=2013%2F12%2F05&k_raceNo=9&k_babaCode=21,data/cache/html/20131205_kawasaki_9.html
20131205_kawasaki_10,2013-12-05,kawasaki,10,https://www.keiba.go.jp/KeibaWeb/TodayRaceInfo/RaceMarkTable?k_raceDate=2013%2F12%2F05&k_raceNo=10&k_babaCode=21,data/cache/html/20131205_kawasaki_10.html
20131205_kawasaki_11,2013-12-05,kawasaki,11,https://www.keiba.go.jp/KeibaWeb/TodayRaceInfo/RaceMarkTable?k_raceDate=2013%2F12%2F05&k_raceNo=11&k_babaCode=21,data/cache/html/20131205_kawasaki_11.html
20131205_kawasaki_12,2013-12-05,kawasaki,12,https://www.keiba.go.jp/KeibaWeb/TodayRaceInfo/RaceMarkTable?k_raceDate=2013%2F12%2F05&k_raceNo=12&k_babaCode=21,data/cache/html/20131205_kawasaki_12.html
20131204_kawasaki_1,2013-12-04,kawasaki,1,https://www.keiba.go.jp/KeibaWeb/TodayRaceInfo/RaceMarkTable?k_raceDate=2013%2F12%2F04&k_raceNo=1&k_babaCode=21,data/cache/html/20131204_kawasaki_1.html
20131204_kawasaki_2,2013-12-04,kawasaki,2,https://www.keiba.go.jp/KeibaWeb/TodayRaceInfo/RaceMarkTable?k_raceDate=2013%2F12%2F04&k_raceNo=2&k_babaCode=21,data/cache/html/20131204_kawasaki_2.html
20131204_kawasaki_3,2013-12-04,kawasaki,3,https://www.keiba.go.jp/KeibaWeb/TodayRaceInfo/RaceMarkTable?k_raceDate=2013%2F12%2F04&k_raceNo=3&k_babaCode=21,data/cache/html/20131204_kawasaki_3.html
20131204_kawasaki_4,2013-12-04,kawasaki,4,https://www.keiba.go.jp/KeibaWeb/TodayRaceInfo/RaceMarkTable?k_raceDate=2013%2F12%2F04&k_raceNo=4&k_babaCode=21,data/cache/html/20131204_kawasaki_4.html
20131204_kawasaki_5,2013-12-04,kawasaki,5,https://www.keiba.go.jp/KeibaWeb/TodayRaceInfo/RaceMarkTable?k_raceDate=2013%2F12%2F04&k_raceNo=5&k_babaCode=21,data/cache/html/20131204_kawasaki_5.html
20131204_kawasaki_6,2013-12-04,kawasaki,6,https://www.keiba.go.jp/KeibaWeb/TodayRaceInfo/RaceMarkTable?k_raceDate=2013%2F12%2F04&k_raceNo=6&k_babaCode=21,data/cache/html/20131204_kawasaki_6.html
20131204_kawasaki_7,2013-12-04,kawasaki,7,https://www.keiba.go.jp/KeibaWeb/TodayRaceInfo/RaceMarkTable?k_raceDate=2013%2F12%2F04&k_raceNo=7&k_babaCode=21,data/cache/html/20131204_kawasaki_7.html
20131204_kawasaki_8,2013-12-04,kawasaki,8,https://www.keiba.go.jp/KeibaWeb/TodayRaceInfo/RaceMarkTable?k_raceDate=2013%2F12%2F04&k_raceNo=8&k_babaCode=21,data/cache/html/20131204_kawasaki_8.html
20131204_kawasaki_9,2013-12-04,kawasaki,9,https://www.keiba.go.jp/KeibaWeb/TodayRaceInfo/RaceMarkTable?k_raceDate=2013%2F12%2F04&k_raceNo=9&k_babaCode=21,data/cache/html/20131204_kawasaki_9.html
20131204_kawasaki_10,2013-12-04,kawasaki,10,https://www.keiba.go.jp/KeibaWeb/TodayRaceInfo/RaceMarkTable?k_raceDate=2013%2F12%2F04&k_raceNo=10&k_babaCode=21,data/cache/html/20131204_kawasaki_10.html
20131204_kawasaki_11,2013-12-04,kawasaki,11,https://www.keiba.go.jp/KeibaWeb/TodayRaceInfo/RaceMarkTable?k_raceDate=2013%2F12%2F04&k_raceNo=11&k_babaCode=21,data/cache/html/20131204_kawasaki_11.html
20131204_kawasaki_12,2013-12-04,kawasaki,12,https://www.keiba.go.jp/KeibaWeb/TodayRaceInfo/RaceMarkTable?k_raceDate=2013%2F12%2F04&k_raceNo=12&k_babaCode=21,data/cache/html/20131204_kawasaki_12.html
20131203_kawasaki_1,2013-12-03,kawasaki,1,https://www.keiba.go.jp/KeibaWeb/TodayRaceInfo/RaceMarkTable?k_raceDate=2013%2F12%2F03&k_raceNo=1&k_babaCode=21,data/cache/html/20131203_kawasaki_1.html
20131203_kawasaki_2,2013-12-03,kawasaki,2,https://www.keiba.go.jp/KeibaWeb/TodayRaceInfo/RaceMarkTable?k_raceDate=2013%2F12%2F03&k_raceNo=2&k_babaCode=21,data/cache/html/20131203_kawasaki_2.html
20131203_kawasaki_3,2013-12-03,kawasaki,3,https://www.keiba.go.jp/KeibaWeb/TodayRaceInfo/RaceMarkTable?k_raceDate=2013%2F12%2F03&k_raceNo=3&k_babaCode=21,data/cache/html/20131203_kawasaki_3.html
20131203_kawasaki_4,2013-12-03,kawasaki,4,https://www.keiba.go.jp/KeibaWeb/TodayRaceInfo/RaceMarkTable?k_raceDate=2013%2F12%2F03&k_raceNo=4&k_babaCode=21,data/cache/html/20131203_kawasaki_4.html
20131203_kawasaki_5,2013-12-03,kawasaki,5,https://www.keiba.go.jp/KeibaWeb/TodayRaceInfo/RaceMarkTable?k_raceDate=2013%2F12%2F03&k_raceNo=5&k_babaCode=21,data/cache/html/20131203_kawasaki_5.html
20131203_kawasaki_6,2013-12-03,kawasaki,6,https://www.keiba.go.jp/KeibaWeb/TodayRaceInfo/RaceMarkTable?k_raceDate=2013%2F12%2F03&k_raceNo=6&k_babaCode=21,data/cache/html/20131203_kawasaki_6.html
20131203_kawasaki_7,2013-12-03,kawasaki,7,https://www.keiba.go.jp/KeibaWeb/TodayRaceInfo/RaceMarkTable?k_raceDate=2013%2F12%2F03&k_raceNo=7&k_babaCode=21,data/cache/html/20131203_kawasaki_7.html
20131203_kawasaki_8,2013-12-03,kawasaki,8,https://www.keiba.go.jp/KeibaWeb/TodayRaceInfo/RaceMarkTable?k_raceDate=2013%2F12%2F03&k_raceNo=8&k_babaCode=21,data/cache/html/20131203_kawasaki_8.html
20131203_kawasaki_9,2013-12-03,kawasaki,9,https://www.keiba.go.jp/KeibaWeb/TodayRaceInfo/RaceMarkTable?k_raceDate=2013%2F12%2F03&k_raceNo=9&k_babaCode=21,data/cache/html/20131203_kawasaki_9.html
20131203_kawasaki_10,2013-12-03,kawasaki,10,https://www.keiba.go.jp/KeibaWeb/TodayRaceInfo/RaceMarkTable?k_raceDate=2013%2F12%2F03&k_raceNo=10&k_babaCode=21,data/cache/html/20131203_kawasaki_10.html
20131203_kawasaki_11,2013-12-03,kawasaki,11,https://www.keiba.go.jp/KeibaWeb/TodayRaceInfo/RaceMarkTable?k_raceDate=2013%2F12%2F03&k_raceNo=11&k_babaCode=21,data/cache/html/20131203_kawasaki_11.html
20131203_kawasaki_12,2013-12-03,kawasaki,12,https://www.keiba.go.jp/KeibaWeb/TodayRaceInfo/RaceMarkTable?k_raceDate=2013%2F12%2F03&k_raceNo=12&k_babaCode=21,data/cache/html/20131203_kawasaki_12.html
20131202_kawasaki_1,2013-12-02,kawasaki,1,https://www.keiba.go.jp/KeibaWeb/TodayRaceInfo/RaceMarkTable?k_raceDate=2013%2F12%2F02&k_raceNo=1&k_babaCode=21,data/cache/html/20131202_kawasaki_1.html
20131202_kawasaki_2,2013-12-02,kawasaki,2,https://www.keiba.go.jp/KeibaWeb/TodayRaceInfo/RaceMarkTable?k_raceDate=2013%2F12%2F02&k_raceNo=2&k_babaCode=21,data/cache/html/20131202_kawasaki_2.html
20131202_kawasaki_3,2013-12-02,kawasaki,3,https://www.keiba.go.jp/KeibaWeb/TodayRaceInfo/RaceMarkTable?k_raceDate=2013%2F12%2F02&k_raceNo=3&k_babaCode=21,data/cache/html/20131202_kawasaki_3.html
20131202_kawasaki_4,2013-12-02,kawasaki,4,https://www.keiba.go.jp/KeibaWeb/TodayRaceInfo/RaceMarkTable?k_raceDate=2013%2F12%2F02&k_raceNo=4&k_babaCode=21,data/cache/html/20131202_kawasaki_4.html
20131202_kawasaki_5,2013-12-02,kawasaki,5,https://www.keiba.go.jp/KeibaWeb/TodayRaceInfo/RaceMarkTable?k_raceDate=2013%2F12%2F02&k_raceNo=5&k_babaCode=21,data/cache/html/20131202_kawasaki_5.html
20131202_kawasaki_6,2013-12-02,kawasaki,6,https://www.keiba.go.jp/KeibaWeb/TodayRaceInfo/RaceMarkTable?k_raceDate=2013%2F12%2F02&k_raceNo=6&k_babaCode=21,data/cache/html/20131202_kawasaki_6.html
20131202_kawasaki_7,2013-12-02,kawasaki,7,https://www.keiba.go.jp/KeibaWeb/TodayRaceInfo/RaceMarkTable?k_raceDate=2013%2F12%2F02&k_raceNo=7&k_babaCode=21,data/cache/html/20131202_kawasaki_7.html
20131202_kawasaki_8,2013-12-02,kawasaki,8,https://www.keiba.go.jp/KeibaWeb/TodayRaceInfo/RaceMarkTable?k_raceDate=2013%2F12%2F02&k_raceNo=8&k_babaCode=21,data/cache/html/20131202_kawasaki_8.html
20131202_kawasaki_9,2013-12-02,kawasaki,9,https://www.keiba.go.jp/KeibaWeb/TodayRaceInfo/RaceMarkTable?k_raceDate=2013%2F12%2F02&k_raceNo=9&k_babaCode=21,data/cache/html/20131202_kawasaki_9.html
20131202_kawasaki_10,2013-12-02,kawasaki,10,https://www.keiba.go.jp/KeibaWeb/TodayRaceInfo/RaceMarkTable?k_raceDate=2013%2F12%2F02&k_raceNo=10&k_babaCode=21,data/cache/html/20131202_kawasaki_10.html
20131202_kawasaki_11,2013-12-02,kawasaki,11,https://www.keiba.go.jp/KeibaWeb/TodayRaceInfo/RaceMarkTable?k_raceDate=2013%2F12%2F02&k_raceNo=11&k_babaCode=21,data/cache/html/20131202_kawasaki_11.html
20131202_kawasaki_12,2013-12-02,kawasaki,12,https://www.keiba.go.jp/KeibaWeb/TodayRaceInfo/RaceMarkTable?k_raceDate=2013%2F12%2F02&k_raceNo=12&k_babaCode=21,data/cache/html/20131202_kawasaki_12.html
20131201_kawasaki_1,2013-12-01,kawasaki,1,https://www.keiba.go.jp/KeibaWeb/TodayRaceInfo/RaceMarkTable?k_raceDate=2013%2F12%2F01&k_raceNo=1&k_babaCode=21,data/cache/html/20131201_kawasaki_1.html
20131201_kawasaki_2,2013-12-01,kawasaki,2,https://www.keiba.go.jp/KeibaWeb/TodayRaceInfo/RaceMarkTable?k_raceDate=2013%2F12%2F01&k_raceNo=2&k_babaCode=21,data/cache/html/20131201_kawasaki_2.html
20131201_kawasaki_3,2013-12-01,kawasaki,3,https://www.keiba.go.jp/KeibaWeb/TodayRaceInfo/RaceMarkTable?k_raceDate=2013%2F12%2F01&k_raceNo=3&k_babaCode=21,data/cache/html/20131201_kawasaki_3.html
20131201_kawasaki_4,2013-12-01,kawasaki,4,https://www.keiba.go.jp/KeibaWeb/TodayRaceInfo/RaceMarkTable?k_raceDate=2013%2F12%2F01&k_raceNo=4&k_babaCode=21,data/cache/html/20131201_kawasaki_4.html
20131201_kawasaki_5,2013-12-01,kawasaki,5,https://www.keiba.go.jp/KeibaWeb/TodayRaceInfo/RaceMarkTable?k_raceDate=2013%2F12%2F01&k_raceNo=5&k_babaCode=21,data/cache/html/20131201_kawasaki_5.html
20131201_kawasaki_6,2013-12-01,kawasaki,6,https://www.keiba.go.jp/KeibaWeb/TodayRaceInfo/RaceMarkTable?k_raceDate=2013%2F12%2F01&k_raceNo=6&k_babaCode=21,data/cache/html/20131201_kawasaki_6.html
20131201_kawasaki_7,2013-12-01,kawasaki,7,https://www.keiba.go.jp/KeibaWeb/TodayRaceInfo/RaceMarkTable?k_raceDate=2013%2F12%2F01&k_raceNo=7&k_babaCode=21,data/cache/html/20131201_kawasaki_7.html
20131201_kawasaki_8,2013-12-01,kawasaki,8,https://www.keiba.go.jp/KeibaWeb/TodayRaceInfo/RaceMarkTable?k_raceDate=2013%2F12%2F01&k_raceNo=8&k_babaCode=21,data/cache/html/20131201_kawasaki_8.html
20131201_kawasaki_9,2013-12-01,kawasaki,9,https://www.keiba.go.jp/KeibaWeb/TodayRaceInfo/RaceMarkTable?k_raceDate=2013%2F12%2F01&k_raceNo=9&k_babaCode=21,data/cache/html/20131201_kawasaki_9.html
20131201_kawasaki_10,2013-12-01,kawasaki,10,https://www.keiba.go.jp/KeibaWeb/TodayRaceInfo/RaceMarkTable?k_raceDate=2013%2F12%2F01&k_raceNo=10&k_babaCode=21,data/cache/html/20131201_kawasaki_10.html
20131201_kawasaki_11,2013-12-01,kawasaki,11,https://www.keiba.go.jp/KeibaWeb/TodayRaceInfo/RaceMarkTable?k_raceDate=2013%2F12%2F01&k_raceNo=11&k_babaCode=21,data/cache/html/20131201_kawasaki_11.html
20131201_kawasaki_12,2013-12-01,kawasaki,12,https://www.keiba.go.jp/KeibaWeb/TodayRaceInfo/RaceMarkTable?k_raceDate=2013%2F12%2F01&k_raceNo=12&k_babaCode=21,data/cache/html/20131201_kawasaki_12.html
20131130_kawasaki_1,2013-11-30,kawasaki,1,https://www.keiba.go.jp/KeibaWeb/TodayRaceInfo/RaceMarkTable?k_raceDate=2013%2F11%2F30&k_raceNo=1&k_babaCode=21,data/cache/html/20131130_kawasaki_1.html
20131130_kawasaki_2,2013-11-30,kawasaki,2,https://www.keiba.go.jp/KeibaWeb/TodayRaceInfo/RaceMarkTable?k_raceDate=2013%2F11%2F30&k_raceNo=2&k_babaCode=21,data/cache/html/20131130_kawasaki_2.html
20131130_kawasaki_3,2013-11-30,kawasaki,3,https://www.keiba.go.jp/KeibaWeb/TodayRaceInfo/RaceMarkTable?k_raceDate=2013%2F11%2F30&k_raceNo=3&k_babaCode=21,data/cache/html/20131130_kawasaki_3.html
20131130_kawasaki_4,2013-11-30,kawasaki,4,https://www.keiba.go.jp/KeibaWeb/TodayRaceInfo/RaceMarkTable?k_raceDate=2013%2F11%2F30&k_raceNo=4&k_babaCode=21,data/cache/html/20131130_kawasaki_4.html
20131130_kawasaki_5,2013-11-30,kawasaki,5,https://www.keiba.go.jp/KeibaWeb/TodayRaceInfo/RaceMarkTable?k_raceDate=2013%2F11%2F30&k_raceNo=5&k_babaCode=21,data/cache/html/20131130_kawasaki_5.html
20131130_kawasaki_6,2013-11-30,kawasaki,6,https://www.keiba.go.jp/KeibaWeb/TodayRaceInfo/RaceMarkTable?k_raceDate=2013%2F11%2F30&k_raceNo=6&k_babaCode=21,data/cache/html/20131130_kawasaki_6.html
20131130_kawasaki_7,2013-11-30,kawasaki,7,https://www.keiba.go.jp/KeibaWeb/TodayRaceInfo/RaceMarkTable?k_raceDate=2013%2F11%2F30&k_raceNo=7&k_babaCode=21,data/cache/html/20131130_kawasaki_7.html
20131130_kawasaki_8,2013-11-30,kawasaki,8,https://www.keiba.go.jp/KeibaWeb/TodayRaceInfo/RaceMarkTable?k_raceDate=2013%2F11%2F30&k_raceNo=8&k_babaCode=21,data/cache/html/20131130_kawasaki_8.html
20131130_kawasaki_9,2013-11-30,kawasaki,9,https://www.keiba.go.jp/KeibaWeb/TodayRaceInfo/RaceMarkTable?k_raceDate=2013%2F11%2F30&k_raceNo=9&k_babaCode=21,data/cache/html/20131130_kawasaki_9.html
20131130_kawasaki_10,2013-11-30,kawasaki,10,https://www.keiba.go.jp/KeibaWeb/TodayRaceInfo/RaceMarkTable?k_raceDate=2013%2F11%2F30&k_raceNo=10&k_babaCode=21,data/cache/html/20131130_kawasaki_10.html
20131130_kawasaki_11,2013-11-30,kawasaki,11,https://www.keiba.go.jp/KeibaWeb/TodayRaceInfo/RaceMarkTable?k_raceDate=2013%2F11%2F30&k_raceNo=11&k_babaCode=21,data/cache/html/20131130_kawasaki_11.html
20131130_kawasaki_12,2013-11-30,kawasaki,12,https://www.keiba.go.jp/KeibaWeb/TodayRaceInfo/RaceMarkTable?k_raceDate=2013%2F11%2F30&k_raceNo=12&k_babaCode=21,data/cache/html/20131130_kawasaki_12.html
20131129_kawasaki_1,2013-11-29,kawasaki,1,https://www.keiba.go.jp/KeibaWeb/TodayRaceInfo/RaceMarkTable?k_raceDate=2013%2F11%2F29&k_raceNo=1&k_babaCode=21,data/cache/html/20131129_kawasaki_1.html
20131129_kawasaki_2,2013-11-29,kawasaki,2,https://www.keiba.go.jp/KeibaWeb/TodayRaceInfo/RaceMarkTable?k_raceDate=2013%2F11%2F29&k_raceNo=2&k_babaCode=21,data/cache/html/20131129_kawasaki_2.html
20131129_kawasaki_3,2013-11-29,kawasaki,3,https://www.keiba.go.jp/KeibaWeb/TodayRaceInfo/RaceMarkTable?k_raceDate=2013%2F11%2F29&k_raceNo=3&k_babaCode=21,data/cache/html/20131129_kawasaki_3.html
20131129_kawasaki_4,2013-11-29,kawasaki,4,https://www.keiba.go.jp/KeibaWeb/TodayRaceInfo/RaceMarkTable?k_raceDate=2013%2F11%2F29&k_raceNo=4&k_babaCode=21,data/cache/html/20131129_kawasaki_4.html
20131129_kawasaki_5,2013-11-29,kawasaki,5,https://www.keiba.go.jp/KeibaWeb/TodayRaceInfo/RaceMarkTable?k_raceDate=2013%2F11%2F29&k_raceNo=5&k_babaCode=21,data/cache/html/20131129_kawasaki_5.html
20131129_kawasaki_6,2013-11-29,kawasaki,6,https://www.keiba.go.jp/KeibaWeb/TodayRaceInfo/RaceMarkTable?k_raceDate=2013%2F11%2F29&k_raceNo=6&k_babaCode=21,data/cache/html/20131129_kawasaki_6.html
20131129_kawasaki_7,2013-11-29,kawasaki,7,https://www.keiba.go.jp/KeibaWeb/TodayRaceInfo/RaceMarkTable?k_raceDate=2013%2F11%2F29&k_raceNo=7&k_babaCode=21,data/cache/html/20131129_kawasaki_7.html
20131129_kawasaki_8,2013-11-29,kawasaki,8,https://www.keiba.go.jp/KeibaWeb/TodayRaceInfo/RaceMarkTable?k_raceDate=2013%2F11%2F29&k_raceNo=8&k_babaCode=21,data/cache/html/20131129_kawasaki_8.html
20131129_kawasaki_9,2013-11-29,kawasaki,9,https://www.keiba.go.jp/KeibaWeb/TodayRaceInfo/RaceMarkTable?k_raceDate=2013%2F11%2F29&k_raceNo=9&k_babaCode=21,data/cache/html/20131129_kawasaki_9.html
20131129_kawasaki_10,2013-11-29,kawasaki,10,https://www.keiba.go.jp/KeibaWeb/TodayRaceInfo/RaceMarkTable?k_raceDate=2013%2F11%2F29&k_raceNo=10&k_babaCode=21,data/cache/html/20131129_kawasaki_10.html
20131129_kawasaki_11,2013-11-29,kawasaki,11,https://www.keiba.go.jp/KeibaWeb/TodayRaceInfo/RaceMarkTable?k_raceDate=2013%2F11%2F29&k_raceNo=11&k_babaCode=21,data/cache/html/20131129_kawasaki_11.html
20131129_kawasaki_12,2013-11-29,kawasaki,12,https://www.keiba.go.jp/KeibaWeb/TodayRaceInfo/RaceMarkTable?k_raceDate=2013%2F11%2F29&k_raceNo=12&k_babaCode=21,data/cache/html/20131129_kawasaki_12.html
20131128_kawasaki_1,2013-11-28,kawasaki,1,https://www.keiba.go.jp/KeibaWeb/TodayRaceInfo/RaceMarkTable?k_raceDate=2013%2F11%2F28&k_raceNo=1&k_babaCode=21,data/cache/html/20131128_kawasaki_1.html
20131128_kawasaki_2,2013-11-28,kawasaki,2,https://www.keiba.go.jp/KeibaWeb/TodayRaceInfo/RaceMarkTable?k_raceDate=2013%2F11%2F28&k_raceNo=2&k_babaCode=21,data/cache/html/20131128_kawasaki_2.html
20131128_kawasaki_3,2013-11-28,kawasaki,3,https://www.keiba.go.jp/KeibaWeb/TodayRaceInfo/RaceMarkTable?k_raceDate=2013%2F11%2F28&k_raceNo=3&k_babaCode=21,data/cache/html/20131128_kawasaki_3.html
20131128_kawasaki_4,2013-11-28,kawasaki,4,https://www.keiba.go.jp/KeibaWeb/TodayRaceInfo/RaceMarkTable?k_raceDate=2013%2F11%2F28&k_raceNo=4&k_babaCode=21,data/cache/html/20131128_kawasaki_4.html
20131128_kawasaki_5,2013-11-28,kawasaki,5,https://www.keiba.go.jp/KeibaWeb/TodayRaceInfo/RaceMarkTable?k_raceDate=2013%2F11%2F28&k_raceNo=5&k_babaCode=21,data/cache/html/20131128_kawasaki_5.html
20131128_kawasaki_6,2013-11-28,kawasaki,6,https://www.keiba.go.jp/KeibaWeb/TodayRaceInfo/RaceMarkTable?k_raceDate=2013%2F11%2F28&k_raceNo=6&k_babaCode=21,data/cache/html/20131128_kawasaki_6.html
20131128_kawasaki_7,2013-11-28,kawasaki,7,https://www.keiba.go.jp/KeibaWeb/TodayRaceInfo/RaceMarkTable?k_raceDate=2013%2F11%2F28&k_raceNo=7&k_babaCode=21,data/cache/html/20131128_kawasaki_7.html
20131128_kawasaki_8,2013-11-28,kawasaki,8,https://www.keiba.go.jp/KeibaWeb/TodayRaceInfo/RaceMarkTable?k_raceDate=2013%2F11%2F28&k_raceNo=8&k_babaCode=21,data/cache/html/20131128_kawasaki_8.html
20131128_kawasaki_9,2013-11-28,kawasaki,9,https://www.keiba.go.jp/KeibaWeb/TodayRaceInfo/RaceMarkTable?k_raceDate=2013%2F11%2F28&k_raceNo=9&k_babaCode=21,data/cache/html/20131128_kawasaki_9.html
20131128_kawasaki_10,2013-11-28,kawasaki,10,https://www.keiba.go.jp/KeibaWeb/TodayRaceInfo/RaceMarkTable?k_raceDate=2013%2F11%2F28&k_raceNo=10&k_babaCode=21,data/cache/html/20131128_kawasaki_10.html
20131128_kawasaki_11,2013-11-28,kawasaki,11,https://www.keiba.go.jp/KeibaWeb/TodayRaceInfo/RaceMarkTable?k_raceDate=2013%2F11%2F28&k_raceNo=11&k_babaCode=21,data/cache/html/20131128_kawasaki_11.html
20131128_kawasaki_12,2013-11-28,kawasaki,12,https://www.keiba.go.jp/KeibaWeb/TodayRaceInfo/RaceMarkTable?k_raceDate=2013%2F11%2F28&k_raceNo=12&k_babaCode=21,data/cache/html/20131128_kawasaki_12.html
20131127_kawasaki_1,2013-11-27,kawasaki,1,https://www.keiba.go.jp/KeibaWeb/TodayRaceInfo/RaceMarkTable?k_raceDate=2013%2F11%2F27&k_raceNo=1&k_babaCode=21,data/cache/html/20131127_kawasaki_1.html
20131127_kawasaki_2,2013-11-27,kawasaki,2,https://www.keiba.go.jp/KeibaWeb/TodayRaceInfo/RaceMarkTable?k_raceDate=2013%2F11%2F27&k_raceNo=2&k_babaCode=21,data/cache/html/20131127_kawasaki_2.html
20131127_kawasaki_3,2013-11-27,kawasaki,3,https://www.keiba.go.jp/KeibaWeb/TodayRaceInfo/RaceMarkTable?k_raceDate=2013%2F11%2F27&k_raceNo=3&k_babaCode=21,data/cache/html/20131127_kawasaki_3.html
20131127_kawasaki_4,2013-11-27,kawasaki,4,https://www.keiba.go.jp/KeibaWeb/TodayRaceInfo/RaceMarkTable?k_raceDate=2013%2F11%2F27&k_raceNo=4&k_babaCode=21,data/cache/html/20131127_kawasaki_4.html
20131127_kawasaki_5,2013-11-27,kawasaki,5,https://www.keiba.go.jp/KeibaWeb/TodayRaceInfo/RaceMarkTable?k_raceDate=2013%2F11%2F27&k_raceNo=5&k_babaCode=21,data/cache/html/20131127_kawasaki_5.html
20131127_kawasaki_6,2013-11-27,kawasaki,6,https://www.keiba.go.jp/KeibaWeb/TodayRaceInfo/RaceMarkTable?k_raceDate=2013%2F11%2F27&k_raceNo=6&k_babaCode=21,data/cache/html/20131127_kawasaki_6.html
20131127_kawasaki_7,2013-11-27,kawasaki,7,https://www.keiba.go.jp/KeibaWeb/TodayRaceInfo/RaceMarkTable?k_raceDate=2013%2F11%2F27&k_raceNo=7&k_babaCode=21,data/cache/html/20131127_kawasaki_7.html
20131127_kawasaki_8,2013-11-27,kawasaki,8,https://www.keiba.go.jp/KeibaWeb/TodayRaceInfo/RaceMarkTable?k_raceDate=2013%2F11%2F27&k_raceNo=8&k_babaCode=21,data/cache/html/20131127_kawasaki_8.html
20131127_kawasaki_9,2013-11-27,kawasaki,9,https://www.keiba.go.jp/KeibaWeb/TodayRaceInfo/RaceMarkTable?k_raceDate=2013%2F11%2F27&k_raceNo=9&k_babaCode=21,data/cache/html/20131127_kawasaki_9.html
20131127_kawasaki_10,2013-11-27,kawasaki,10,https://www.keiba.go.jp/KeibaWeb/TodayRaceInfo/RaceMarkTable?k_raceDate=2013%2F11%2F27&k_raceNo=10&k_babaCode=21,data/cache/html/20131127_kawasaki_10.html
20131127_kawasaki_11,2013-11-27,kawasaki,11,https://www.keiba.go.jp/KeibaWeb/TodayRaceInfo/RaceMarkTable?k_raceDate=2013%2F11%2F27&k_raceNo=11&k_babaCode=21,data/cache/html/20131127_kawasaki_11.html
20131127_kawasaki_12,2013-11-27,kawasaki,12,https://www.keiba.go.jp/KeibaWeb/TodayRaceInfo/RaceMarkTable?k_raceDate=2013%2F11%2F27&k_raceNo=12&k_babaCode=21,data/cache/html/20131127_kawasaki_12.html
20131126_kawasaki_1,2013-11-26,kawasaki,1,https://www.keiba.go.jp/KeibaWeb/TodayRaceInfo/RaceMarkTable?k_raceDate=2013%2F11%2F26&k_raceNo=1&k_babaCode=21,data/cache/html/20131126_kawasaki_1.html
20131126_kawasaki_2,2013-11-26,kawasaki,2,https://www.keiba.go.jp/KeibaWeb/TodayRaceInfo/RaceMarkTable?k_raceDate=2013%2F11%2F26&k_raceNo=2&k_babaCode=21,data/cache/html/20131126_kawasaki_2.html
20131126_kawasaki_3,2013-11-26,kawasaki,3,https://www.keiba.go.jp/KeibaWeb/TodayRaceInfo/RaceMarkTable?k_raceDate=2013%2F11%2F26&k_raceNo=3&k_babaCode=21,data/cache/html/20131126_kawasaki_3.html
20131126_kawasaki_4,2013-11-26,kawasaki,4,https://www.keiba.go.jp/KeibaWeb/TodayRaceInfo/RaceMarkTable?k_raceDate=2013%2F11%2F26&k_raceNo=4&k_babaCode=21,data/cache/html/20131126_kawasaki_4.html
20131126_kawasaki_5,2013-11-26,kawasaki,5,https://www.keiba.go.jp/KeibaWeb/TodayRaceInfo/RaceMarkTable?k_raceDate=2013%2F11%2F26&k_raceNo=5&k_babaCode=21,data/cache/html/20131126_kawasaki_5.html
20131126_kawasaki_6,2013-11-26,kawasaki,6,https://www.keiba.go.jp/KeibaWeb/TodayRaceInfo/RaceMarkTable?k_raceDate=2013%2F11%2F26&k_raceNo=6&k_babaCode=21,data/cache/html/20131126_kawasaki_6.html
20131126_kawasaki_7,2013-11-26,kawasaki,7,https://www.keiba.go.jp/KeibaWeb/TodayRaceInfo/RaceMarkTable?k_raceDate=2013%2F11%2F26&k_raceNo=7&k_babaCode=21,data/cache/html/20131126_kawasaki_7.html
20131126_kawasaki_8,2013-11-26,kawasaki,8,https://www.keiba.go.jp/KeibaWeb/TodayRaceInfo/RaceMarkTable?k_raceDate=2013%2F11%2F26&k_raceNo=8&k_babaCode=21,data/cache/html/20131126_kawasaki_8.html
20131126_kawasaki_9,2013-11-26,kawasaki,9,https://www.keiba.go.jp/KeibaWeb/TodayRaceInfo/RaceMarkTable?k_raceDate=2013%2F11%2F26&k_raceNo=9&k_babaCode=21,data/cache/html/20131126_kawasaki_9.html
20131126_kawasaki_10,2013-11-26,kawasaki,10,https://www.keiba.go.jp/KeibaWeb/TodayRaceInfo/RaceMarkTable?k_raceDate=2013%2F11%2F26&k_raceNo=10&k_babaCode=21,data/cache/html/20131126_kawasaki_10.html
20131126_kawasaki_11,2013-11-26,kawasaki,11,https://www.keiba.go.jp/KeibaWeb/TodayRaceInfo/RaceMarkTable?k_raceDate=2013%2F11%2F26&k_raceNo=11&k_babaCode=21,data/cache/html/20131126_kawasaki_11.html
20131126_kawasaki_12,2013-11-26,kawasaki,12,https://www.keiba.go.jp/KeibaWeb/TodayRaceInfo/RaceMarkTable?k_raceDate=2013%2F11%2F26&k_raceNo=12&k_babaCode=21,data/cache/html/20131126_kawasaki_12.html
20131125_kawasaki_1,2013-11-25,kawasaki,1,https://www.keiba.go.jp/KeibaWeb/TodayRaceInfo/RaceMarkTable?k_raceDate=2013%2F11%2F25&k_raceNo=1&k_babaCode=21,data/cache/html/20131125_kawasaki_1.html
20131125_kawasaki_2,2013-11-25,kawasaki,2,https://www.keiba.go.jp/KeibaWeb/TodayRaceInfo/RaceMarkTable?k_raceDate=2013%2F11%2F25&k_raceNo=2&k_babaCode=21,data/cache/html/20131125_kawasaki_2.html
20131125_kawasaki_3,2013-11-25,kawasaki,3,https://www.keiba.go.jp/KeibaWeb/TodayRaceInfo/RaceMarkTable?k_raceDate=2013%2F11%2F25&k_raceNo=3&k_babaCode=21,data/cache/html/20131125_kawasaki_3.html
20131125_kawasaki_4,2013-11-25,kawasaki,4,https://www.keiba.go.jp/KeibaWeb/TodayRaceInfo/RaceMarkTable?k_raceDate=2013%2F11%2F25&k_raceNo=4&k_babaCode=21,data/cache/html/20131125_kawasaki_4.html
20131125_kawasaki_5,2013-11-25,kawasaki,5,https://www.keiba.go.jp/KeibaWeb/TodayRaceInfo/RaceMarkTable?k_raceDate=2013%2F11%2F25&k_raceNo=5&k_babaCode=21,data/cache/html/20131125_kawasaki_5.html
20131125_kawasaki_6,2013-11-25,kawasaki,6,https://www.keiba.go.jp/KeibaWeb/TodayRaceInfo/RaceMarkTable?k_raceDate=2013%2F11%2F25&k_raceNo=6&k_babaCode=21,data/cache/html/20131125_kawasaki_6.html
20131125_kawasaki_7,2013-11-25,kawasaki,7,https://www.keiba.go.jp/KeibaWeb/TodayRaceInfo/RaceMarkTable?k_raceDate=2013%2F11%2F25&k_raceNo=7&k_babaCode=21,data/cache/html/20131125_kawasaki_7.html
20131125_kawasaki_8,2013-11-25,kawasaki,8,https://www.keiba.go.jp/KeibaWeb/TodayRaceInfo/RaceMarkTable?k_raceDate=2013%2F11%2F25&k_raceNo=8&k_babaCode=21,data/cache/html/20131125_kawasaki_8.html
20131125_kawasaki_9,2013-11-25,kawasaki,9,https://www.keiba.go.jp/KeibaWeb/TodayRaceInfo/RaceMarkTable?k_raceDate=2013%2F11%2F25&k_raceNo=9&k_babaCode=21,data/cache/html/20131125_kawasaki_9.html
20131125_kawasaki_10,2013-11-25,kawasaki,10,https://www.keiba.go.jp/KeibaWeb/TodayRaceInfo/RaceMarkTable?k_raceDate=2013%2F11%2F25&k_raceNo=10&k_babaCode=21,data/cache/html/20131125_kawasaki_10.html
20131125_kawasaki_11,2013-11-25,kawasaki,11,https://www.keiba.go.jp/KeibaWeb/TodayRaceInfo/RaceMarkTable?k_raceDate=2013%2F11%2F25&k_raceNo=11&k_babaCode=21,data/cache/html/20131125_kawasaki_11.html
20131125_kawasaki_12,2013-11-25,kawasaki,12,https://www.keiba.go.jp/KeibaWeb/TodayRaceInfo/RaceMarkTable?k_raceDate=2013%2F11%2F25&k_raceNo=12&k_babaCode=21,data/cache/html/20131125_kawasaki_12.html
20131124_kawasaki_1,2013-11-24,kawasaki,1,https://www.keiba.go.jp/KeibaWeb/TodayRaceInfo/RaceMarkTable?k_raceDate=2013%2F11%2F24&k_raceNo=1&k_babaCode=21,data/cache/html/20131124_kawasaki_1.html
20131124_kawasaki_2,2013-11-24,kawasaki,2,https://www.keiba.go.jp/KeibaWeb/TodayRaceInfo/RaceMarkTable?k_raceDate=2013%2F11%2F24&k_raceNo=2&k_babaCode=21,data/cache/html/20131124_kawasaki_2.html
20131124_kawasaki_3,2013-11-24,kawasaki,3,https://www.keiba.go.jp/KeibaWeb/TodayRaceInfo/RaceMarkTable?k_raceDate=2013%2F11%2F24&k_raceNo=3&k_babaCode=21,data/cache/html/20131124_kawasaki_3.html
20131124_kawasaki_4,2013-11-24,kawasaki,4,https://www.keiba.go.jp/KeibaWeb/TodayRaceInfo/RaceMarkTable?k_raceDate=2013%2F11%2F24&k_raceNo=4&k_babaCode=21,data/cache/html/20131124_kawasaki_4.html
20131124_kawasaki_5,2013-11-24,kawasaki,5,https://www.keiba.go.jp/KeibaWeb/TodayRaceInfo/RaceMarkTable?k_raceDate=2013%2F11%2F24&k_raceNo=5&k_babaCode=21,data/cache/html/20131124_kawasaki_5.html
20131124_kawasaki_6,2013-11-24,kawasaki,6,https://www.keiba.go.jp/KeibaWeb/TodayRaceInfo/RaceMarkTable?k_raceDate=2013%2F11%2F24&k_raceNo=6&k_babaCode=21,data/cache/html/20131124_kawasaki_6.html
20131124_kawasaki_7,2013-11-24,kawasaki,7,https://www.keiba.go.jp/KeibaWeb/TodayRaceInfo/RaceMarkTable?k_raceDate=2013%2F11%2F24&k_raceNo=7&k_babaCode=21,data/cache/html/20131124_kawasaki_7.html
20131124_kawasaki_8,2013-11-24,kawasaki,8,https://www.keiba.go.jp/KeibaWeb/TodayRaceInfo/RaceMarkTable?k_raceDate=2013%2F11%2F24&k_raceNo=8&k_babaCode=21,data/cache/html/20131124_kawasaki_8.html
20131124_kawasaki_9,2013-11-24,kawasaki,9,https://www.keiba.go.jp/KeibaWeb/TodayRaceInfo/RaceMarkTable?k_raceDate=2013%2F11%2F24&k_raceNo=9&k_babaCode=21,data/cache/html/20131124_kawasaki_9.html
20131124_kawasaki_10,2013-11-24,kawasaki,10,https://www.keiba.go.jp/KeibaWeb/TodayRaceInfo/RaceMarkTable?k_raceDate=2013%2F11%2F24&k_raceNo=10&k_babaCode=21,data/cache/html/20131124_kawasaki_10.html
20131124_kawasaki_11,2013-11-24,kawasaki,11,https://www.keiba.go.jp/KeibaWeb/TodayRaceInfo/RaceMarkTable?k_raceDate=2013%2F11%2F24&k_raceNo=11&k_babaCode=21,data/cache/html/20131124_kawasaki_11.html
20131124_kawasaki_12,2013-11-24,kawasaki,12,https://www.keiba.go.jp/KeibaWeb/TodayRaceInfo/RaceMarkTable?k_raceDate=2013%2F11%2F24&k_raceNo=12&k_babaCode=21,data/cache/html/20131124_kawasaki_12.html
20131123_kawasaki_1,2013-11-23,kawasaki,1,https://www.keiba.go.jp/KeibaWeb/TodayRaceInfo/RaceMarkTable?k_raceDate=2013%2F11%2F23&k_raceNo=1&k_babaCode=21,data/cache/html/20131123_kawasaki_1.html
20131123_kawasaki_2,2013-11-23,kawasaki,2,https://www.keiba.go.jp/KeibaWeb/TodayRaceInfo/RaceMarkTable?k_raceDate=2013%2F11%2F23&k_raceNo=2&k_babaCode=21,data/cache/html/20131123_kawasaki_2.html
20131123_kawasaki_3,2013-11-23,kawasaki,3,https://www.keiba.go.jp/KeibaWeb/TodayRaceInfo/RaceMarkTable?k_raceDate=2013%2F11%2F23&k_raceNo=3&k_babaCode=21,data/cache/html/20131123_kawasaki_3.html
20131123_kawasaki_4,2013-11-23,kawasaki,4,https://www.keiba.go.jp/KeibaWeb/TodayRaceInfo/RaceMarkTable?k_raceDate=2013%2F11%2F23&k_raceNo=4&k_babaCode=21,data/cache/html/20131123_kawasaki_4.html
20131123_kawasaki_5,2013-11-23,kawasaki,5,https://www.keiba.go.jp/KeibaWeb/TodayRaceInfo/RaceMarkTable?k_raceDate=2013%2F11%2F23&k_raceNo=5&k_babaCode=21,data/cache/html/20131123_kawasaki_5.html
20131123_kawasaki_6,2013-11-23,kawasaki,6,https://www.keiba.go.jp/KeibaWeb/TodayRaceInfo/RaceMarkTable?k_raceDate=2013%2F11%2F23&k_raceNo=6&k_babaCode=21,data/cache/html/20131123_kawasaki_6.html
20131123_kawasaki_7,2013-11-23,kawasaki,7,https://www.keiba.go.jp/KeibaWeb/TodayRaceInfo/RaceMarkTable?k_raceDate=2013%2F11%2F23&k_raceNo=7&k_babaCode=21,data/cache/html/20131123_kawasaki_7.html
20131123_kawasaki_8,2013-11-23,kawasaki,8,https://www.keiba.go.jp/KeibaWeb/TodayRaceInfo/RaceMarkTable?k_raceDate=2013%2F11%2F23&k_raceNo=8&k_babaCode=21,data/cache/html/20131123_kawasaki_8.html
20131123_kawasaki_9,2013-11-23,kawasaki,9,https://www.keiba.go.jp/KeibaWeb/TodayRaceInfo/RaceMarkTable?k_raceDate=2013%2F11%2F23&k_raceNo=9&k_babaCode=21,data/cache/html/20131123_kawasaki_9.html
20131123_kawasaki_10,2013-11-23,kawasaki,10,https://www.keiba.go.jp/KeibaWeb/TodayRaceInfo/RaceMarkTable?k_raceDate=2013%2F11%2F23&k_raceNo=10&k_babaCode=21,data/cache/html/20131123_kawasaki_10.html
20131123_kawasaki_11,2013-11-23,kawasaki,11,https://www.keiba.go.jp/KeibaWeb/TodayRaceInfo/RaceMarkTable?k_raceDate=2013%2F11%2F23&k_raceNo=11&k_babaCode=21,data/cache/html/20131123_kawasaki_11.html
20131123_kawasaki_12,2013-11-23,kawasaki,12,https://www.keiba.go.jp/KeibaWeb/TodayRaceInfo/RaceMarkTable?k_raceDate=2013%2F11%2F23&k_raceNo=12&k_babaCode=21,data/cache/html/20131123_kawasaki_12.html
20131122_kawasaki_1,2013-11-22,kawasaki,1,https://www.keiba.go.jp/KeibaWeb/TodayRaceInfo/RaceMarkTable?k_raceDate=2013%2F11%2F22&k_raceNo=1&k_babaCode=21,data/cache/html/20131122_kawasaki_1.html
20131122_kawasaki_2,2013-11-22,kawasaki,2,https://www.keiba.go.jp/KeibaWeb/TodayRaceInfo/RaceMarkTable?k_raceDate=2013%2F11%2F22&k_raceNo=2&k_babaCode=21,data/cache/html/20131122_kawasaki_2.html
20131122_kawasaki_3,2013-11-22,kawasaki,3,https://www.keiba.go.jp/KeibaWeb/TodayRaceInfo/RaceMarkTable?k_raceDate=2013%2F11%2F22&k_raceNo=3&k_babaCode=21,data/cache/html/20131122_kawasaki_3.html
20131122_kawasaki_4,2013-11-22,kawasaki,4,https://www.keiba.go.jp/KeibaWeb/TodayRaceInfo/RaceMarkTable?k_raceDate=2013%2F11%2F22&k_raceNo=4&k_babaCode=21,data/cache/html/20131122_kawasaki_4.html
20131122_kawasaki_5,2013-11-22,kawasaki,5,https://www.keiba.go.jp/KeibaWeb/TodayRaceInfo/RaceMarkTable?k_raceDate=2013%2F11%2F22&k_raceNo=5&k_babaCode=21,data/cache/html/20131122_kawasaki_5.html
20131122_kawasaki_6,2013-11-22,kawasaki,6,https://www.keiba.go.jp/KeibaWeb/TodayRaceInfo/RaceMarkTable?k_raceDate=2013%2F11%2F22&k_raceNo=6&k_babaCode=21,data/cache/html/20131122_kawasaki_6.html
20131122_kawasaki_7,2013-11-22,kawasaki,7,https://www.keiba.go.jp/KeibaWeb/TodayRaceInfo/RaceMarkTable?k_raceDate=2013%2F11%2F22&k_raceNo=7&k_babaCode=21,data/cache/html/20131122_kawasaki_7.html
20131122_kawasaki_8,2013-11-22,kawasaki,8,https://www.keiba.go.jp/KeibaWeb/TodayRaceInfo/RaceMarkTable?k_raceDate=2013%2F11%2F22&k_raceNo=8&k_babaCode=21,data/cache/html/20131122_kawasaki_8.html
20131122_kawasaki_9,2013-11-22,kawasaki,9,https://www.keiba.go.jp/KeibaWeb/TodayRaceInfo/RaceMarkTable?k_raceDate=2013%2F11%2F22&k_raceNo=9&k_babaCode=21,data/cache/html/20131122_kawasaki_9.html
20131122_kawasaki_10,2013-11-22,kawasaki,10,https://www.keiba.go.jp/KeibaWeb/TodayRaceInfo/RaceMarkTable?k_raceDate=2013%2F11%2F22&k_raceNo=10&k_babaCode=21,data/cache/html/20131122_kawasaki_10.html
20131122_kawasaki_11,2013-11-22,kawasaki,11,https://www.keiba.go.jp/KeibaWeb/TodayRaceInfo/RaceMarkTable?k_raceDate=2013%2F11%2F22&k_raceNo=11&k_babaCode=21,data/cache/html/20131122_kawasaki_11.html
20131122_kawasaki_12,2013-11-22,kawasaki,12,https://www.keiba.go.jp/KeibaWeb/TodayRaceInfo/RaceMarkTable?k_raceDate=2013%2F11%2F22&k_raceNo=12&k_babaCode=21,data/cache/html/20131122_kawasaki_12.html
20131121_kawasaki_1,2013-11-21,kawasaki,1,https://www.keiba.go.jp/KeibaWeb/TodayRaceInfo/RaceMarkTable?k_raceDate=2013%2F11%2F21&k_raceNo=1&k_babaCode=21,data/cache/html/20131121_kawasaki_1.html
20131121_kawasaki_2,2013-11-21,kawasaki,2,https://www.keiba.go.jp/KeibaWeb/TodayRaceInfo/RaceMarkTable?k_raceDate=2013%2F11%2F21&k_raceNo=2&k_babaCode=21,data/cache/html/20131121_kawasaki_2.html
20131121_kawasaki_3,2013-11-21,kawasaki,3,https://www.keiba.go.jp/KeibaWeb/TodayRaceInfo/RaceMarkTable?k_raceDate=2013%2F11%2F21&k_raceNo=3&k_babaCode=21,data/cache/html/20131121_kawasaki_3.html
20131121_kawasaki_4,2013-11-21,kawasaki,4,https://www.keiba.go.jp/KeibaWeb/TodayRaceInfo/RaceMarkTable?k_raceDate=2013%2F11%2F21&k_raceNo=4&k_babaCode=21,data/cache/html/20131121_kawasaki_4.html
20131121_kawasaki_5,2013-11-21,kawasaki,5,https://www.keiba.go.jp/KeibaWeb/TodayRaceInfo/RaceMarkTable?k_raceDate=2013%2F11%2F21&k_raceNo=5&k_babaCode=21,data/cache/html/20131121_kawasaki_5.html
20131121_kawasaki_6,2013-11-21,kawasaki,6,https://www.keiba.go.jp/KeibaWeb/TodayRaceInfo/RaceMarkTable?k_raceDate=2013%2F11%2F21&k_raceNo=6&k_babaCode=21,data/cache/html/20131121_kawasaki_6.html
20131121_kawasaki_7,2013-11-21,kawasaki,7,https://www.keiba.go.jp/KeibaWeb/TodayRaceInfo/RaceMarkTable?k_raceDate=2013%2F11%2F21&k_raceNo=7&k_babaCode=21,data/cache/html/20131121_kawasaki_7.html
20131121_kawasaki_8,2013-11-21,kawasaki,8,https://www.keiba.go.jp/KeibaWeb/TodayRaceInfo/RaceMarkTable?k_raceDate=2013%2F11%2F21&k_raceNo=8&k_babaCode=21,data/cache/html/20131121_kawasaki_8.html
20131121_kawasaki_9,2013-11-21,kawasaki,9,https://www.keiba.go.jp/KeibaWeb/TodayRaceInfo/RaceMarkTable?k_raceDate=2013%2F11%2F21&k_raceNo=9&k_babaCode=21,data/cache/html/20131121_kawasaki_9.html
20131121_kawasaki_10,2013-11-21,kawasaki,10,https://www.keiba.go.jp/KeibaWeb/TodayRaceInfo/RaceMarkTable?k_raceDate=2013%2F11%2F21&k_raceNo=10&k_babaCode=21,data/cache/html/20131121_kawasaki_10.html
20131121_kawasaki_11,2013-11-21,kawasaki,11,https://www.keiba.go.jp/KeibaWeb/TodayRaceInfo/RaceMarkTable?k_raceDate=2013%2F11%2F21&k_raceNo=11&k_babaCode=21,data/cache/html/20131121_kawasaki_11.html
20131121_kawasaki_12,2013-11-21,kawasaki,12,https://www.keiba.go.jp/KeibaWeb/TodayRaceInfo/RaceMarkTable?k_raceDate=2013%2F11%2F21&k_raceNo=12&k_babaCode=21,data/cache/html/20131121_kawasaki_12.html
20131120_kawasaki_1,2013-11-20,kawasaki,1,https://www.keiba.go.jp/KeibaWeb/TodayRaceInfo/RaceMarkTable?k_raceDate=2013%2F11%2F20&k_raceNo=1&k_babaCode=21,data/cache/html/20131120_kawasaki_1.html
20131120_kawasaki_2,2013-11-20,kawasaki,2,https://www.keiba.go.jp/KeibaWeb/TodayRaceInfo/RaceMarkTable?k_raceDate=2013%2F11%2F20&k_raceNo=2&k_babaCode=21,data/cache/html/20131120_kawasaki_2.html
20131120_kawasaki_3,2013-11-20,kawasaki,3,https://www.keiba.go.jp/KeibaWeb/TodayRaceInfo/RaceMarkTable?k_raceDate=2013%2F11%2F20&k_raceNo=3&k_babaCode=21,data/cache/html/20131120_kawasaki_3.html
20131120_kawasaki_4,2013-11-20,kawasaki,4,https://www.keiba.go.jp/KeibaWeb/TodayRaceInfo/RaceMarkTable?k_raceDate=2013%2F11%2F20&k_raceNo=4&k_babaCode=21,data/cache/html/20131120_kawasaki_4.html
20131120_kawasaki_5,2013-11-20,kawasaki,5,https://www.keiba.go.jp/KeibaWeb/TodayRaceInfo/RaceMarkTable?k_raceDate=2013%2F11%2F20&k_raceNo=5&k_babaCode=21,data/cache/html/20131120_kawasaki_5.html
20131120_kawasaki_6,2013-11-20,kawasaki,6,https://www.keiba.go.jp/KeibaWeb/TodayRaceInfo/RaceMarkTable?k_raceDate=2013%2F11%2F20&k_raceNo=6&k_babaCode=21,data/cache/html/20131120_kawasaki_6.html
20131120_kawasaki_7,2013-11-20,kawasaki,7,https://www.keiba.go.jp/KeibaWeb/TodayRaceInfo/RaceMarkTable?k_raceDate=2013%2F11%2F20&k_raceNo=7&k_babaCode=21,data/cache/html/20131120_kawasaki_7.html
20131120_kawasaki_8,2013-11-20,kawasaki,8,https://www.keiba.go.jp/KeibaWeb/TodayRaceInfo/RaceMarkTable?k_raceDate=2013%2F11%2F20&k_raceNo=8&k_babaCode=21,data/cache/html/20131120_kawasaki_8.html
20131120_kawasaki_9,2013-11-20,kawasaki,9,https://www.keiba.go.jp/KeibaWeb/TodayRaceInfo/RaceMarkTable?k_raceDate=2013%2F11%2F20&k_raceNo=9&k_babaCode=21,data/cache/html/20131120_kawasaki_9.html
20131120_kawasaki_10,2013-11-20,kawasaki,10,https://www.keiba.go.jp/KeibaWeb/TodayRaceInfo/RaceMarkTable?k_raceDate=2013%2F11%2F20&k_raceNo=10&k_babaCode=21,data/cache/html/20131120_kawasaki_10.html
20131120_kawasaki_11,2013-11-20,kawasaki,11,https://www.keiba.go.jp/KeibaWeb/TodayRaceInfo/RaceMarkTable?k_raceDate=2013%2F11%2F20&k_raceNo=11&k_babaCode=21,data/cache/html/20131120_kawasaki_11.html
20131120_kawasaki_12,2013-11-20,kawasaki,12,https://www.keiba.go.jp/KeibaWeb/TodayRaceInfo/RaceMarkTable?k_raceDate=2013%2F11%2F20&k_raceNo=12&k_babaCode=21,data/cache/html/20131120_kawasaki_12.html
20131119_kawasaki_1,2013-11-19,kawasaki,1,https://www.keiba.go.jp/KeibaWeb/TodayRaceInfo/RaceMarkTable?k_raceDate=2013%2F11%2F19&k_raceNo=1&k_babaCode=21,data/cache/html/20131119_kawasaki_1.html
20131119_kawasaki_2,2013-11-19,kawasaki,2,https://www.keiba.go.jp/KeibaWeb/TodayRaceInfo/RaceMarkTable?k_raceDate=2013%2F11%2F19&k_raceNo=2&k_babaCode=21,data/cache/html/20131119_kawasaki_2.html
20131119_kawasaki_3,2013-11-19,kawasaki,3,https://www.keiba.go.jp/KeibaWeb/TodayRaceInfo/RaceMarkTable?k_raceDate=2013%2F11%2F19&k_raceNo=3&k_babaCode=21,data/cache/html/20131119_kawasaki_3.html
20131119_kawasaki_4,2013-11-19,kawasaki,4,https://www.keiba.go.jp/KeibaWeb/TodayRaceInfo/RaceMarkTable?k_raceDate=2013%2F11%2F19&k_raceNo=4&k_babaCode=21,data/cache/html/20131119_kawasaki_4.html
20131119_kawasaki_5,2013-11-19,kawasaki,5,https://www.keiba.go.jp/KeibaWeb/TodayRaceInfo/RaceMarkTable?k_raceDate=2013%2F11%2F19&k_raceNo=5&k_babaCode=21,data/cache/html/20131119_kawasaki_5.html
20131119_kawasaki_6,2013-11-19,kawasaki,6,https://www.keiba.go.jp/KeibaWeb/TodayRaceInfo/RaceMarkTable?k_raceDate=2013%2F11%2F19&k_raceNo=6&k_babaCode=21,data/cache/html/20131119_kawasaki_6.html
20131119_kawasaki_7,2013-11-19,kawasaki,7,https://www.keiba.go.jp/KeibaWeb/TodayRaceInfo/RaceMarkTable?k_raceDate=2013%2F11%2F19&k_raceNo=7&k_babaCode=21,data/cache/html/20131119_kawasaki_7.html
20131119_kawasaki_8,2013-11-19,kawasaki,8,https://www.keiba.go.jp/KeibaWeb/TodayRaceInfo/RaceMarkTable?k_raceDate=2013%2F11%2F19&k_raceNo=8&k_babaCode=21,data/cache/html/20131119_kawasaki_8.html
20131119_kawasaki_9,2013-11-19,kawasaki,9,https://www.keiba.go.jp/KeibaWeb/TodayRaceInfo/RaceMarkTable?k_raceDate=2013%2F11%2F19&k_raceNo=9&k_babaCode=21,data/cache/html/20131119_kawasaki_9.html
20131119_kawasaki_10,2013-11-19,kawasaki,10,https://www.keiba.go.jp/KeibaWeb/TodayRaceInfo/RaceMarkTable?k_raceDate=2013%2F11%2F19&k_raceNo=10&k_babaCode=21,data/cache/html/20131119_kawasaki_10.html
20131119_kawasaki_11,2013-11-19,kawasaki,11,https://www.keiba.go.jp/KeibaWeb/TodayRaceInfo/RaceMarkTable?k_raceDate=2013%2F11%2F19&k_raceNo=11&k_babaCode=21,data/cache/html/20131119_kawasaki_11.html
20131119_kawasaki_12,2013-11-19,kawasaki,12,https://www.keiba.go.jp/KeibaWeb/TodayRaceInfo/RaceMarkTable?k_raceDate=2013%2F11%2F19&k_raceNo=12&k_babaCode=21,data/cache/html/20131119_kawasaki_12.html
20131118_kawasaki_1,2013-11-18,kawasaki,1,https://www.keiba.go.jp/KeibaWeb/TodayRaceInfo/RaceMarkTable?k_raceDate=2013%2F11%2F18&k_raceNo=1&k_babaCode=21,data/cache/html/20131118_kawasaki_1.html
20131118_kawasaki_2,2013-11-18,kawasaki,2,https://www.keiba.go.jp/KeibaWeb/TodayRaceInfo/RaceMarkTable?k_raceDate=2013%2F11%2F18&k_raceNo=2&k_babaCode=21,data/cache/html/20131118_kawasaki_2.html
20131118_kawasaki_3,2013-11-18,kawasaki,3,https://www.keiba.go.jp/KeibaWeb/TodayRaceInfo/RaceMarkTable?k_raceDate=2013%2F11%2F18&k_raceNo=3&k_babaCode=21,data/cache/html/20131118_kawasaki_3.html
20131118_kawasaki_4,2013-11-18,kawasaki,4,https://www.keiba.go.jp/KeibaWeb/TodayRaceInfo/RaceMarkTable?k_raceDate=2013%2F11%2F18&k_raceNo=4&k_babaCode=21,data/cache/html/20131118_kawasaki_4.html
20131118_kawasaki_5,2013-11-18,kawasaki,5,https://www.keiba.go.jp/KeibaWeb/TodayRaceInfo/RaceMarkTable?k_raceDate=2013%2F11%2F18&k_raceNo=5&k_babaCode=21,data/cache/html/20131118_kawasaki_5.html
20131118_kawasaki_6,2013-11-18,kawasaki,6,https://www.keiba.go.jp/KeibaWeb/TodayRaceInfo/RaceMarkTable?k_raceDate=2013%2F11%2F18&k_raceNo=6&k_babaCode=21,data/cache/html/20131118_kawasaki_6.html
20131118_kawasaki_7,2013-11-18,kawasaki,7,https://www.keiba.go.jp/KeibaWeb/TodayRaceInfo/RaceMarkTable?k_raceDate=2013%2F11%2F18&k_raceNo=7&k_babaCode=21,data/cache/html/20131118_kawasaki_7.html
20131118_kawasaki_8,2013-11-18,kawasaki,8,https://www.keiba.go.jp/KeibaWeb/TodayRaceInfo/RaceMarkTable?k_raceDate=2013%2F11%2F18&k_raceNo=8&k_babaCode=21,data/cache/html/20131118_kawasaki_8.html
20131118_kawasaki_9,2013-11-18,kawasaki,9,https://www.keiba.go.jp/KeibaWeb/TodayRaceInfo/RaceMarkTable?k_raceDate=2013%2F11%2F18&k_raceNo=9&k_babaCode=21,data/cache/html/20131118_kawasaki_9.html
20131118_kawasaki_10,2013-11-18,kawasaki,10,https://www.keiba.go.jp/KeibaWeb/TodayRaceInfo/RaceMarkTable?k_raceDate=2013%2F11%2F18&k_raceNo=10&k_babaCode=21,data/cache/html/20131118_kawasaki_10.html
20131118_kawasaki_11,2013-11-18,kawasaki,11,https://www.keiba.go.jp/KeibaWeb/TodayRaceInfo/RaceMarkTable?k_raceDate=2013%2F11%2F18&k_raceNo=11&k_babaCode=21,data/cache/html/20131118_kawasaki_11.html
20131118_kawasaki_12,2013-11-18,kawasaki,12,https://www.keiba.go.jp/KeibaWeb/TodayRaceInfo/RaceMarkTable?k_raceDate=2013%2F11%2F18&k_raceNo=12&k_babaCode=21,data/cache/html/20131118_kawasaki_12.html
20131117_kawasaki_1,2013-11-17,kawasaki,1,https://www.keiba.go.jp/KeibaWeb/TodayRaceInfo/RaceMarkTable?k_raceDate=2013%2F11%2F17&k_raceNo=1&k_babaCode=21,data/cache/html/20131117_kawasaki_1.html
20131117_kawasaki_2,2013-11-17,kawasaki,2,https://www.keiba.go.jp/KeibaWeb/TodayRaceInfo/RaceMarkTable?k_raceDate=2013%2F11%2F17&k_raceNo=2&k_babaCode=21,data/cache/html/20131117_kawasaki_2.html
20131117_kawasaki_3,2013-11-17,kawasaki,3,https://www.keiba.go.jp/KeibaWeb/TodayRaceInfo/RaceMarkTable?k_raceDate=2013%2F11%2F17&k_raceNo=3&k_babaCode=21,data/cache/html/20131117_kawasaki_3.html
20131117_kawasaki_4,2013-11-17,kawasaki,4,https://www.keiba.go.jp/KeibaWeb/TodayRaceInfo/RaceMarkTable?k_raceDate=2013%2F11%2F17&k_raceNo=4&k_babaCode=21,data/cache/html/20131117_kawasaki_4.html
20131117_kawasaki_5,2013-11-17,kawasaki,5,https://www.keiba.go.jp/KeibaWeb/TodayRaceInfo/RaceMarkTable?k_raceDate=2013%2F11%2F17&k_raceNo=5&k_babaCode=21,data/cache/html/20131117_kawasaki_5.html
20131117_kawasaki_6,2013-11-17,kawasaki,6,https://www.keiba.go.jp/KeibaWeb/TodayRaceInfo/RaceMarkTable?k_raceDate=2013%2F11%2F17&k_raceNo=6&k_babaCode=21,data/cache/html/20131117_kawasaki_6.html
20131117_kawasaki_7,2013-11-17,kawasaki,7,https://www.keiba.go.jp/KeibaWeb/TodayRaceInfo/RaceMarkTable?k_raceDate=2013%2F11%2F17&k_raceNo=7&k_babaCode=21,data/cache/html/20131117_kawasaki_7.html
20131117_kawasaki_8,2013-11-17,kawasaki,8,https://www.keiba.go.jp/KeibaWeb/TodayRaceInfo/RaceMarkTable?k_raceDate=2013%2F11%2F17&k_raceNo=8&k_babaCode=21,data/cache/html/20131117_kawasaki_8.html
20131117_kawasaki_9,2013-11-17,kawasaki,9,https://www.keiba.go.jp/KeibaWeb/TodayRaceInfo/RaceMarkTable?k_raceDate=2013%2F11%2F17&k_raceNo=9&k_babaCode=21,data/cache/html/20131117_kawasaki_9.html
20131117_kawasaki_10,2013-11-17,kawasaki,10,https://www.keiba.go.jp/KeibaWeb/TodayRaceInfo/RaceMarkTable?k_raceDate=2013%2F11%2F17&k_raceNo=10&k_babaCode=21,data/cache/html/20131117_kawasaki_10.html
20131117_kawasaki_11,2013-11-17,kawasaki,11,https://www.keiba.go.jp/KeibaWeb/TodayRaceInfo/RaceMarkTable?k_raceDate=2013%2F11%2F17&k_raceNo=11&k_babaCode=21,data/cache/html/20131117_kawasaki_11.html
20131117_kawasaki_12,2013-11-17,kawasaki,12,https://www.keiba.go.jp/KeibaWeb/TodayRaceInfo/RaceMarkTable?k_raceDate=2013%2F11%2F17&k_raceNo=12&k_babaCode=21,data/cache/html/20131117_kawasaki_12.html
20131116_kawasaki_1,2013-11-16,kawasaki,1,https://www.keiba.go.jp/KeibaWeb/TodayRaceInfo/RaceMarkTable?k_raceDate=2013%2F11%2F16&k_raceNo=1&k_babaCode=21,data/cache/html/20131116_kawasaki_1.html
20131116_kawasaki_2,2013-11-16,kawasaki,2,https://www.keiba.go.jp/KeibaWeb/TodayRaceInfo/RaceMarkTable?k_raceDate=2013%2F11%2F16&k_raceNo=2&k_babaCode=21,data/cache/html/20131116_kawasaki_2.html
20131116_kawasaki_3,2013-11-16,kawasaki,3,https://www.keiba.go.jp/KeibaWeb/TodayRaceInfo/RaceMarkTable?k_raceDate=2013%2F11%2F16&k_raceNo=3&k_babaCode=21,data/cache/html/20131116_kawasaki_3.html
20131116_kawasaki_4,2013-11-16,kawasaki,4,https://www.keiba.go.jp/KeibaWeb/TodayRaceInfo/RaceMarkTable?k_raceDate=2013%2F11%2F16&k_raceNo=4&k_babaCode=21,data/cache/html/20131116_kawasaki_4.html
20131116_kawasaki_5,2013-11-16,kawasaki,5,https://www.keiba.go.jp/KeibaWeb/TodayRaceInfo/RaceMarkTable?k_raceDate=2013%2F11%2F16&k_raceNo=5&k_babaCode=21,data/cache/html/20131116_kawasaki_5.html
20131116_kawasaki_6,2013-11-16,kawasaki,6,https://www.keiba.go.jp/KeibaWeb/TodayRaceInfo/RaceMarkTable?k_raceDate=2013%2F11%2F16&k_raceNo=6&k_babaCode=21,data/cache/html/20131116_kawasaki_6.html
20131116_kawasaki_7,2013-11-16,kawasaki,7,https://www.keiba.go.jp/KeibaWeb/TodayRaceInfo/RaceMarkTable?k_raceDate=2013%2F11%2F16&k_raceNo=7&k_babaCode=21,data/cache/html/20131116_kawasaki_7.html
20131116_kawasaki_8,2013-11-16,kawasaki,8,https://www.keiba.go.jp/KeibaWeb/TodayRaceInfo/RaceMarkTable?k_raceDate=2013%2F11%2F16&k_raceNo=8&k_babaCode=21,data/cache/html/20131116_kawasaki_8.html
20131116_kawasaki_9,2013-11-16,kawasaki,9,https://www.keiba.go.jp/KeibaWeb/TodayRaceInfo/RaceMarkTable?k_raceDate=2013%2F11%2F16&k_raceNo=9&k_babaCode=21,data/cache/html/20131116_kawasaki_9.html
20131116_kawasaki_10,2013-11-16,kawasaki,10,https://www.keiba.go.jp/KeibaWeb/TodayRaceInfo/RaceMarkTable?k_raceDate=2013%2F11%2F16&k_raceNo=10&k_babaCode=21,data/cache/html/20131116_kawasaki_10.html
20131116_kawasaki_11,2013-11-16,kawasaki,11,https://www.keiba.go.jp/KeibaWeb/TodayRaceInfo/RaceMarkTable?k_raceDate=2013%2F11%2F16&k_raceNo=11&k_babaCode=21,data/cache/html/20131116_kawasaki_11.html
20131116_kawasaki_12,2013-11-16,kawasaki,12,https://www.keiba.go.jp/KeibaWeb/TodayRaceInfo/RaceMarkTable?k_raceDate=2013%2F11%2F16&k_raceNo=12&k_babaCode=21,data/cache/html/20131116_kawasaki_12.html
20131110_kawasaki_1,2013-11-10,kawasaki,1,https://www.keiba.go.jp/KeibaWeb/TodayRaceInfo/RaceMarkTable?k_raceDate=2013%2F11%2F10&k_raceNo=1&k_babaCode=21,data/cache/html/20131110_kawasaki_1.html
20131110_kawasaki_2,2013-11-10,kawasaki,2,https://www.keiba.go.jp/KeibaWeb/TodayRaceInfo/RaceMarkTable?k_raceDate=2013%2F11%2F10&k_raceNo=2&k_babaCode=21,data/cache/html/20131110_kawasaki_2.html
20131110_kawasaki_3,2013-11-10,kawasaki,3,https://www.keiba.go.jp/KeibaWeb/TodayRaceInfo/RaceMarkTable?k_raceDate=2013%2F11%2F10&k_raceNo=3&k_babaCode=21,data/cache/html/20131110_kawasaki_3.html
20131110_kawasaki_4,2013-11-10,kawasaki,4,https://www.keiba.go.jp/KeibaWeb/TodayRaceInfo/RaceMarkTable?k_raceDate=2013%2F11%2F10&k_raceNo=4&k_babaCode=21,data/cache/html/20131110_kawasaki_4.html
20131110_kawasaki_5,2013-11-10,kawasaki,5,https://www.keiba.go.jp/KeibaWeb/TodayRaceInfo/RaceMarkTable?k_raceDate=2013%2F11%2F10&k_raceNo=5&k_babaCode=21,data/cache/html/20131110_kawasaki_5.html
20131110_kawasaki_6,2013-11-10,kawasaki,6,https://www.keiba.go.jp/KeibaWeb/TodayRaceInfo/RaceMarkTable?k_raceDate=2013%2F11%2F10&k_raceNo=6&k_babaCode=21,data/cache/html/20131110_kawasaki_6.html
20131110_kawasaki_7,2013-11-10,kawasaki,7,https://www.keiba.go.jp/KeibaWeb/TodayRaceInfo/RaceMarkTable?k_raceDate=2013%2F11%2F10&k_raceNo=7&k_babaCode=21,data/cache/html/20131110_kawasaki_7.html
20131110_kawasaki_8,2013-11-10,kawasaki,8,https://www.keiba.go.jp/KeibaWeb/TodayRaceInfo/RaceMarkTable?k_raceDate=2013%2F11%2F10&k_raceNo=8&k_babaCode=21,data/cache/html/20131110_kawasaki_8.html
20131110_kawasaki_9,2013-11-10,kawasaki,9,https://www.keiba.go.jp/KeibaWeb/TodayRaceInfo/RaceMarkTable?k_raceDate=2013%2F11%2F10&k_raceNo=9&k_babaCode=21,data/cache/html/20131110_kawasaki_9.html
20131110_kawasaki_10,2013-11-10,kawasaki,10,https://www.keiba.go.jp/KeibaWeb/TodayRaceInfo/RaceMarkTable?k_raceDate=2013%2F11%2F10&k_raceNo=10&k_babaCode=21,data/cache/html/20131110_kawasaki_10.html
20131110_kawasaki_11,2013-11-10,kawasaki,11,https://www.keiba.go.jp/KeibaWeb/TodayRaceInfo/RaceMarkTable?k_raceDate=2013%2F11%2F10&k_raceNo=11&k_babaCode=21,data/cache/html/20131110_kawasaki_11.html
20131110_kawasaki_12,2013-11-10,kawasaki,12,https://www.keiba.go.jp/KeibaWeb/TodayRaceInfo/RaceMarkTable?k_raceDate=2013%2F11%2F10&k_raceNo=12&k_babaCode=21,data/cache/html/20131110_kawasaki_12.html
20131109_kawasaki_1,2013-11-09,kawasaki,1,https://www.keiba.go.jp/KeibaWeb/TodayRaceInfo/RaceMarkTable?k_raceDate=2013%2F11%2F09&k_raceNo=1&k_babaCode=21,data/cache/html/20131109_kawasaki_1.html
20131109_kawasaki_2,2013-11-09,kawasaki,2,https://www.keiba.go.jp/KeibaWeb/TodayRaceInfo/RaceMarkTable?k_raceDate=2013%2F11%2F09&k_raceNo=2&k_babaCode=21,data/cache/html/20131109_kawasaki_2.html
20131109_kawasaki_3,2013-11-09,kawasaki,3,https://www.keiba.go.jp/KeibaWeb/TodayRaceInfo/RaceMarkTable?k_raceDate=2013%2F11%2F09&k_raceNo=3&k_babaCode=21,data/cache/html/20131109_kawasaki_3.html
20131109_kawasaki_4,2013-11-09,kawasaki,4,https://www.keiba.go.jp/KeibaWeb/TodayRaceInfo/RaceMarkTable?k_raceDate=2013%2F11%2F09&k_raceNo=4&k_babaCode=21,data/cache/html/20131109_kawasaki_4.html
20131109_kawasaki_5,2013-11-09,kawasaki,5,https://www.keiba.go.jp/KeibaWeb/TodayRaceInfo/RaceMarkTable?k_raceDate=2013%2F11%2F09&k_raceNo=5&k_babaCode=21,data/cache/html/20131109_kawasaki_5.html
20131109_kawasaki_6,2013-11-09,kawasaki,6,https://www.keiba.go.jp/KeibaWeb/TodayRaceInfo/RaceMarkTable?k_raceDate=2013%2F11%2F09&k_raceNo=6&k_babaCode=21,data/cache/html/20131109_kawasaki_6.html
20131109_kawasaki_7,2013-11-09,kawasaki,7,https://www.keiba.go.jp/KeibaWeb/TodayRaceInfo/RaceMarkTable?k_raceDate=2013%2F11%2F09&k_raceNo=7&k_babaCode=21,data/cache/html/20131109_kawasaki_7.html
20131109_kawasaki_8,2013-11-09,kawasaki,8,https://www.keiba.go.jp/KeibaWeb/TodayRaceInfo/RaceMarkTable?k_raceDate=2013%2F11%2F09&k_raceNo=8&k_babaCode=21,data/cache/html/20131109_kawasaki_8.html
20131109_kawasaki_9,2013-11-09,kawasaki,9,https://www.keiba.go.jp/KeibaWeb/TodayRaceInfo/RaceMarkTable?k_raceDate=2013%2F11%2F09&k_raceNo=9&k_babaCode=21,data/cache/html/20131109_kawasaki_9.html
20131109_kawasaki_10,2013-11-09,kawasaki,10,https://www.keiba.go.jp/KeibaWeb/TodayRaceInfo/RaceMarkTable?k_raceDate=2013%2F11%2F09&k_raceNo=10&k_babaCode=21,data/cache/html/20131109_kawasaki_10.html
20131109_kawasaki_11,2013-11-09,kawasaki,11,https://www.keiba.go.jp/KeibaWeb/TodayRaceInfo/RaceMarkTable?k_raceDate=2013%2F11%2F09&k_raceNo=11&k_babaCode=21,data/cache/html/20131109_kawasaki_11.html
20131109_kawasaki_12,2013-11-09,kawasaki,12,https://www.keiba.go.jp/KeibaWeb/TodayRaceInfo/RaceMarkTable?k_raceDate=2013%2F11%2F09&k_raceNo=12&k_babaCode=21,data/cache/html/20131109_kawasaki_12.html
20131108_kawasaki_1,2013-11-08,kawasaki,1,https://www.keiba.go.jp/KeibaWeb/TodayRaceInfo/RaceMarkTable?k_raceDate=2013%2F11%2F08&k_raceNo=1&k_babaCode=21,data/cache/html/20131108_kawasaki_1.html
20131108_kawasaki_2,2013-11-08,kawasaki,2,https://www.keiba.go.jp/KeibaWeb/TodayRaceInfo/RaceMarkTable?k_raceDate=2013%2F11%2F08&k_raceNo=2&k_babaCode=21,data/cache/html/20131108_kawasaki_2.html
20131108_kawasaki_3,2013-11-08,kawasaki,3,https://www.keiba.go.jp/KeibaWeb/TodayRaceInfo/RaceMarkTable?k_raceDate=2013%2F11%2F08&k_raceNo=3&k_babaCode=21,data/cache/html/20131108_kawasaki_3.html
20131108_kawasaki_4,2013-11-08,kawasaki,4,https://www.keiba.go.jp/KeibaWeb/TodayRaceInfo/RaceMarkTable?k_raceDate=2013%2F11%2F08&k_raceNo=4&k_babaCode=21,data/cache/html/20131108_kawasaki_4.html
20131108_kawasaki_5,2013-11-08,kawasaki,5,https://www.keiba.go.jp/KeibaWeb/TodayRaceInfo/RaceMarkTable?k_raceDate=2013%2F11%2F08&k_raceNo=5&k_babaCode=21,data/cache/html/20131108_kawasaki_5.html
20131108_kawasaki_6,2013-11-08,kawasaki,6,https://www.keiba.go.jp/KeibaWeb/TodayRaceInfo/RaceMarkTable?k_raceDate=2013%2F11%2F08&k_raceNo=6&k_babaCode=21,data/cache/html/20131108_kawasaki_6.html
20131108_kawasaki_7,2013-11-08,kawasaki,7,https://www.keiba.go.jp/KeibaWeb/TodayRaceInfo/RaceMarkTable?k_raceDate=2013%2F11%2F08&k_raceNo=7&k_babaCode=21,data/cache/html/20131108_kawasaki_7.html
20131108_kawasaki_8,2013-11-08,kawasaki,8,https://www.keiba.go.jp/KeibaWeb/TodayRaceInfo/RaceMarkTable?k_raceDate=2013%2F11%2F08&k_raceNo=8&k_babaCode=21,data/cache/html/20131108_kawasaki_8.html
20131108_kawasaki_9,2013-11-08,kawasaki,9,https://www.keiba.go.jp/KeibaWeb/TodayRaceInfo/RaceMarkTable?k_raceDate=2013%2F11%2F08&k_raceNo=9&k_babaCode=21,data/cache/html/20131108_kawasaki_9.html
20131108_kawasaki_10,2013-11-08,kawasaki,10,https://www.keiba.go.jp/KeibaWeb/TodayRaceInfo/RaceMarkTable?k_raceDate=2013%2F11%2F08&k_raceNo=10&k_babaCode=21,data/cache/html/20131108_kawasaki_10.html
20131108_kawasaki_11,2013-11-08,kawasaki,11,https://www.keiba.go.jp/KeibaWeb/TodayRaceInfo/RaceMarkTable?k_raceDate=2013%2F11%2F08&k_raceNo=11&k_babaCode=21,data/cache/html/20131108_kawasaki_11.html
20131108_kawasaki_12,2013-11-08,kawasaki,12,https://www.keiba.go.jp/KeibaWeb/TodayRaceInfo/RaceMarkTable?k_raceDate=2013%2F11%2F08&k_raceNo=12&k_babaCode=21,data/cache/html/20131108_kawasaki_12.html
20131107_kawasaki_1,2013-11-07,kawasaki,1,https://www.keiba.go.jp/KeibaWeb/TodayRaceInfo/RaceMarkTable?k_raceDate=2013%2F11%2F07&k_raceNo=1&k_babaCode=21,data/cache/html/20131107_kawasaki_1.html
20131107_kawasaki_2,2013-11-07,kawasaki,2,https://www.keiba.go.jp/KeibaWeb/TodayRaceInfo/RaceMarkTable?k_raceDate=2013%2F11%2F07&k_raceNo=2&k_babaCode=21,data/cache/html/20131107_kawasaki_2.html
20131107_kawasaki_3,2013-11-07,kawasaki,3,https://www.keiba.go.jp/KeibaWeb/TodayRaceInfo/RaceMarkTable?k_raceDate=2013%2F11%2F07&k_raceNo=3&k_babaCode=21,data/cache/html/20131107_kawasaki_3.html
20131107_kawasaki_4,2013-11-07,kawasaki,4,https://www.keiba.go.jp/KeibaWeb/TodayRaceInfo/RaceMarkTable?k_raceDate=2013%2F11%2F07&k_raceNo=4&k_babaCode=21,data/cache/html/20131107_kawasaki_4.html
20131107_kawasaki_5,2013-11-07,kawasaki,5,https://www.keiba.go.jp/KeibaWeb/TodayRaceInfo/RaceMarkTable?k_raceDate=2013%2F11%2F07&k_raceNo=5&k_babaCode=21,data/cache/html/20131107_kawasaki_5.html
20131107_kawasaki_6,2013-11-07,kawasaki,6,https://www.keiba.go.jp/KeibaWeb/TodayRaceInfo/RaceMarkTable?k_raceDate=2013%2F11%2F07&k_raceNo=6&k_babaCode=21,data/cache/html/20131107_kawasaki_6.html
20131107_kawasaki_7,2013-11-07,kawasaki,7,https://www.keiba.go.jp/KeibaWeb/TodayRaceInfo/RaceMarkTable?k_raceDate=2013%2F11%2F07&k_raceNo=7&k_babaCode=21,data/cache/html/20131107_kawasaki_7.html
20131107_kawasaki_8,2013-11-07,kawasaki,8,https://www.keiba.go.jp/KeibaWeb/TodayRaceInfo/RaceMarkTable?k_raceDate=2013%2F11%2F07&k_raceNo=8&k_babaCode=21,data/cache/html/20131107_kawasaki_8.html
20131107_kawasaki_9,2013-11-07,kawasaki,9,https://www.keiba.go.jp/KeibaWeb/TodayRaceInfo/RaceMarkTable?k_raceDate=2013%2F11%2F07&k_raceNo=9&k_babaCode=21,data/cache/html/20131107_kawasaki_9.html
20131107_kawasaki_10,2013-11-07,kawasaki,10,https://www.keiba.go.jp/KeibaWeb/TodayRaceInfo/RaceMarkTable?k_raceDate=2013%2F11%2F07&k_raceNo=10&k_babaCode=21,data/cache/html/20131107_kawasaki_10.html
20131107_kawasaki_11,2013-11-07,kawasaki,11,https://www.keiba.go.jp/KeibaWeb/TodayRaceInfo/RaceMarkTable?k_raceDate=2013%2F11%2F07&k_raceNo=11&k_babaCode=21,data/cache/html/20131107_kawasaki_11.html
20131107_kawasaki_12,2013-11-07,kawasaki,12,https://www.keiba.go.jp/KeibaWeb/TodayRaceInfo/RaceMarkTable?k_raceDate=2013%2F11%2F07&k_raceNo=12&k_babaCode=21,data/cache/html/20131107_kawasaki_12.html
20131106_kawasaki_1,2013-11-06,kawasaki,1,https://www.keiba.go.jp/KeibaWeb/TodayRaceInfo/RaceMarkTable?k_raceDate=2013%2F11%2F06&k_raceNo=1&k_babaCode=21,data/cache/html/20131106_kawasaki_1.html
20131106_kawasaki_2,2013-11-06,kawasaki,2,https://www.keiba.go.jp/KeibaWeb/TodayRaceInfo/RaceMarkTable?k_raceDate=2013%2F11%2F06&k_raceNo=2&k_babaCode=21,data/cache/html/20131106_kawasaki_2.html
20131106_kawasaki_3,2013-11-06,kawasaki,3,https://www.keiba.go.jp/KeibaWeb/TodayRaceInfo/RaceMarkTable?k_raceDate=2013%2F11%2F06&k_raceNo=3&k_babaCode=21,data/cache/html/20131106_kawasaki_3.html
20131106_kawasaki_4,2013-11-06,kawasaki,4,https://www.keiba.go.jp/KeibaWeb/TodayRaceInfo/RaceMarkTable?k_raceDate=2013%2F11%2F06&k_raceNo=4&k_babaCode=21,data/cache/html/20131106_kawasaki_4.html
20131106_kawasaki_5,2013-11-06,kawasaki,5,https://www.keiba.go.jp/KeibaWeb/TodayRaceInfo/RaceMarkTable?k_raceDate=2013%2F11%2F06&k_raceNo=5&k_babaCode=21,data/cache/html/20131106_kawasaki_5.html
20131106_kawasaki_6,2013-11-06,kawasaki,6,https://www.keiba.go.jp/KeibaWeb/TodayRaceInfo/RaceMarkTable?k_raceDate=2013%2F11%2F06&k_raceNo=6&k_babaCode=21,data/cache/html/20131106_kawasaki_6.html
20131106_kawasaki_7,2013-11-06,kawasaki,7,https://www.keiba.go.jp/KeibaWeb/TodayRaceInfo/RaceMarkTable?k_raceDate=2013%2F11%2F06&k_raceNo=7&k_babaCode=21,data/cache/html/20131106_kawasaki_7.html
20131106_kawasaki_8,2013-11-06,kawasaki,8,https://www.keiba.go.jp/KeibaWeb/TodayRaceInfo/RaceMarkTable?k_raceDate=2013%2F11%2F06&k_raceNo=8&k_babaCode=21,data/cache/html/20131106_kawasaki_8.html
20131106_kawasaki_9,2013-11-06,kawasaki,9,https://www.keiba.go.jp/KeibaWeb/TodayRaceInfo/RaceMarkTable?k_raceDate=2013%2F11%2F06&k_raceNo=9&k_babaCode=21,data/cache/html/20131106_kawasaki_9.html
20131106_kawasaki_10,2013-11-06,kawasaki,10,https://www.keiba.go.jp/KeibaWeb/TodayRaceInfo/RaceMarkTable?k_raceDate=2013%2F11%2F06&k_raceNo=10&k_babaCode=21,data/cache/html/20131106_kawasaki_10.html
20131106_kawasaki_11,2013-11-06,kawasaki,11,https://www.keiba.go.jp/KeibaWeb/TodayRaceInfo/RaceMarkTable?k_raceDate=2013%2F11%2F06&k_raceNo=11&k_babaCode=21,data/cache/html/20131106_kawasaki_11.html
20131106_kawasaki_12,2013-11-06,kawasaki,12,https://www.keiba.go.jp/KeibaWeb/TodayRaceInfo/RaceMarkTable?k_raceDate=2013%2F11%2F06&k_raceNo=12&k_babaCode=21,data/cache/html/20131106_kawasaki_12.html
20131105_kawasaki_1,2013-11-05,kawasaki,1,https://www.keiba.go.jp/KeibaWeb/TodayRaceInfo/RaceMarkTable?k_raceDate=2013%2F11%2F05&k_raceNo=1&k_babaCode=21,data/cache/html/20131105_kawasaki_1.html
20131105_kawasaki_2,2013-11-05,kawasaki,2,https://www.keiba.go.jp/KeibaWeb/TodayRaceInfo/RaceMarkTable?k_raceDate=2013%2F11%2F05&k_raceNo=2&k_babaCode=21,data/cache/html/20131105_kawasaki_2.html
20131105_kawasaki_3,2013-11-05,kawasaki,3,https://www.keiba.go.jp/KeibaWeb/TodayRaceInfo/RaceMarkTable?k_raceDate=2013%2F11%2F05&k_raceNo=3&k_babaCode=21,data/cache/html/20131105_kawasaki_3.html
20131105_kawasaki_4,2013-11-05,kawasaki,4,https://www.keiba.go.jp/KeibaWeb/TodayRaceInfo/RaceMarkTable?k_raceDate=2013%2F11%2F05&k_raceNo=4&k_babaCode=21,data/cache/html/20131105_kawasaki_4.html
20131105_kawasaki_5,2013-11-05,kawasaki,5,https://www.keiba.go.jp/KeibaWeb/TodayRaceInfo/RaceMarkTable?k_raceDate=2013%2F11%2F05&k_raceNo=5&k_babaCode=21,data/cache/html/20131105_kawasaki_5.html
20131105_kawasaki_6,2013-11-05,kawasaki,6,https://www.keiba.go.jp/KeibaWeb/TodayRaceInfo/RaceMarkTable?k_raceDate=2013%2F11%2F05&k_raceNo=6&k_babaCode=21,data/cache/html/20131105_kawasaki_6.html
20131105_kawasaki_7,2013-11-05,kawasaki,7,https://www.keiba.go.jp/KeibaWeb/TodayRaceInfo/RaceMarkTable?k_raceDate=2013%2F11%2F05&k_raceNo=7&k_babaCode=21,data/cache/html/20131105_kawasaki_7.html
20131105_kawasaki_8,2013-11-05,kawasaki,8,https://www.keiba.go.jp/KeibaWeb/TodayRaceInfo/RaceMarkTable?k_raceDate=2013%2F11%2F05&k_raceNo=8&k_babaCode=21,data/cache/html/20131105_kawasaki_8.html
20131105_kawasaki_9,2013-11-05,kawasaki,9,https://www.keiba.go.jp/KeibaWeb/TodayRaceInfo/RaceMarkTable?k_raceDate=2013%2F11%2F05&k_raceNo=9&k_babaCode=21,data/cache/html/20131105_kawasaki_9.html
20131105_kawasaki_10,2013-11-05,kawasaki,10,https://www.keiba.go.jp/KeibaWeb/TodayRaceInfo/RaceMarkTable?k_raceDate=2013%2F11%2F05&k_raceNo=10&k_babaCode=21,data/cache/html/20131105_kawasaki_10.html
20131105_kawasaki_11,2013-11-05,kawasaki,11,https://www.keiba.go.jp/KeibaWeb/TodayRaceInfo/RaceMarkTable?k_raceDate=2013%2F11%2F05&k_raceNo=11&k_babaCode=21,data/cache/html/20131105_kawasaki_11.html
20131105_kawasaki_12,2013-11-05,kawasaki,12,https://www.keiba.go.jp/KeibaWeb/TodayRaceInfo/RaceMarkTable?k_raceDate=2013%2F11%2F05&k_raceNo=12&k_babaCode=21,data/cache/html/20131105_kawasaki_12.html
20131104_kawasaki_1,2013-11-04,kawasaki,1,https://www.keiba.go.jp/KeibaWeb/TodayRaceInfo/RaceMarkTable?k_raceDate=2013%2F11%2F04&k_raceNo=1&k_babaCode=21,data/cache/html/20131104_kawasaki_1.html
20131104_kawasaki_2,2013-11-04,kawasaki,2,https://www.keiba.go.jp/KeibaWeb/TodayRaceInfo/RaceMarkTable?k_raceDate=2013%2F11%2F04&k_raceNo=2&k_babaCode=21,data/cache/html/20131104_kawasaki_2.html
20131104_kawasaki_3,2013-11-04,kawasaki,3,https://www.keiba.go.jp/KeibaWeb/TodayRaceInfo/RaceMarkTable?k_raceDate=2013%2F11%2F04&k_raceNo=3&k_babaCode=21,data/cache/html/20131104_kawasaki_3.html
20131104_kawasaki_4,2013-11-04,kawasaki,4,https://www.keiba.go.jp/KeibaWeb/TodayRaceInfo/RaceMarkTable?k_raceDate=2013%2F11%2F04&k_raceNo=4&k_babaCode=21,data/cache/html/20131104_kawasaki_4.html
20131104_kawasaki_5,2013-11-04,kawasaki,5,https://www.keiba.go.jp/KeibaWeb/TodayRaceInfo/RaceMarkTable?k_raceDate=2013%2F11%2F04&k_raceNo=5&k_babaCode=21,data/cache/html/20131104_kawasaki_5.html
20131104_kawasaki_6,2013-11-04,kawasaki,6,https://www.keiba.go.jp/KeibaWeb/TodayRaceInfo/RaceMarkTable?k_raceDate=2013%2F11%2F04&k_raceNo=6&k_babaCode=21,data/cache/html/20131104_kawasaki_6.html
20131104_kawasaki_7,2013-11-04,kawasaki,7,https://www.keiba.go.jp/KeibaWeb/TodayRaceInfo/RaceMarkTable?k_raceDate=2013%2F11%2F04&k_raceNo=7&k_babaCode=21,data/cache/html/20131104_kawasaki_7.html
20131104_kawasaki_8,2013-11-04,kawasaki,8,https://www.keiba.go.jp/KeibaWeb/TodayRaceInfo/RaceMarkTable?k_raceDate=2013%2F11%2F04&k_raceNo=8&k_babaCode=21,data/cache/html/20131104_kawasaki_8.html
20131104_kawasaki_9,2013-11-04,kawasaki,9,https://www.keiba.go.jp/KeibaWeb/TodayRaceInfo/RaceMarkTable?k_raceDate=2013%2F11%2F04&k_raceNo=9&k_babaCode=21,data/cache/html/20131104_kawasaki_9.html
20131104_kawasaki_10,2013-11-04,kawasaki,10,https://www.keiba.go.jp/KeibaWeb/TodayRaceInfo/RaceMarkTable?k_raceDate=2013%2F11%2F04&k_raceNo=10&k_babaCode=21,data/cache/html/20131104_kawasaki_10.html
20131104_kawasaki_11,2013-11-04,kawasaki,11,https://www.keiba.go.jp/KeibaWeb/TodayRaceInfo/RaceMarkTable?k_raceDate=2013%2F11%2F04&k_raceNo=11&k_babaCode=21,data/cache/html/20131104_kawasaki_11.html
20131104_kawasaki_12,2013-11-04,kawasaki,12,https://www.keiba.go.jp/KeibaWeb/TodayRaceInfo/RaceMarkTable?k_raceDate=2013%2F11%2F04&k_raceNo=12&k_babaCode=21,data/cache/html/20131104_kawasaki_12.html
20131103_kawasaki_1,2013-11-03,kawasaki,1,https://www.keiba.go.jp/KeibaWeb/TodayRaceInfo/RaceMarkTable?k_raceDate=2013%2F11%2F03&k_raceNo=1&k_babaCode=21,data/cache/html/20131103_kawasaki_1.html
20131103_kawasaki_2,2013-11-03,kawasaki,2,https://www.keiba.go.jp/KeibaWeb/TodayRaceInfo/RaceMarkTable?k_raceDate=2013%2F11%2F03&k_raceNo=2&k_babaCode=21,data/cache/html/20131103_kawasaki_2.html
20131103_kawasaki_3,2013-11-03,kawasaki,3,https://www.keiba.go.jp/KeibaWeb/TodayRaceInfo/RaceMarkTable?k_raceDate=2013%2F11%2F03&k_raceNo=3&k_babaCode=21,data/cache/html/20131103_kawasaki_3.html
20131103_kawasaki_4,2013-11-03,kawasaki,4,https://www.keiba.go.jp/KeibaWeb/TodayRaceInfo/RaceMarkTable?k_raceDate=2013%2F11%2F03&k_raceNo=4&k_babaCode=21,data/cache/html/20131103_kawasaki_4.html
20131103_kawasaki_5,2013-11-03,kawasaki,5,https://www.keiba.go.jp/KeibaWeb/TodayRaceInfo/RaceMarkTable?k_raceDate=2013%2F11%2F03&k_raceNo=5&k_babaCode=21,data/cache/html/20131103_kawasaki_5.html
20131103_kawasaki_6,2013-11-03,kawasaki,6,https://www.keiba.go.jp/KeibaWeb/TodayRaceInfo/RaceMarkTable?k_raceDate=2013%2F11%2F03&k_raceNo=6&k_babaCode=21,data/cache/html/20131103_kawasaki_6.html
20131103_kawasaki_7,2013-11-03,kawasaki,7,https://www.keiba.go.jp/KeibaWeb/TodayRaceInfo/RaceMarkTable?k_raceDate=2013%2F11%2F03&k_raceNo=7&k_babaCode=21,data/cache/html/20131103_kawasaki_7.html
20131103_kawasaki_8,2013-11-03,kawasaki,8,https://www.keiba.go.jp/KeibaWeb/TodayRaceInfo/RaceMarkTable?k_raceDate=2013%2F11%2F03&k_raceNo=8&k_babaCode=21,data/cache/html/20131103_kawasaki_8.html
20131103_kawasaki_9,2013-11-03,kawasaki,9,https://www.keiba.go.jp/KeibaWeb/TodayRaceInfo/RaceMarkTable?k_raceDate=2013%2F11%2F03&k_raceNo=9&k_babaCode=21,data/cache/html/20131103_kawasaki_9.html
20131103_kawasaki_10,2013-11-03,kawasaki,10,https://www.keiba.go.jp/KeibaWeb/TodayRaceInfo/RaceMarkTable?k_raceDate=2013%2F11%2F03&k_raceNo=10&k_babaCode=21,data/cache/html/20131103_kawasaki_10.html
20131103_kawasaki_11,2013-11-03,kawasaki,11,https://www.keiba.go.jp/KeibaWeb/TodayRaceInfo/RaceMarkTable?k_raceDate=2013%2F11%2F03&k_raceNo=11&k_babaCode=21,data/cache/html/20131103_kawasaki_11.html
20131103_kawasaki_12,2013-11-03,kawasaki,12,https://www.keiba.go.jp/KeibaWeb/TodayRaceInfo/RaceMarkTable?k_raceDate=2013%2F11%2F03&k_raceNo=12&k_babaCode=21,data/cache/html/20131103_kawasaki_12.html
20131102_kawasaki_1,2013-11-02,kawasaki,1,https://www.keiba.go.jp/KeibaWeb/TodayRaceInfo/RaceMarkTable?k_raceDate=2013%2F11%2F02&k_raceNo=1&k_babaCode=21,data/cache/html/20131102_kawasaki_1.html
20131102_kawasaki_2,2013-11-02,kawasaki,2,https://www.keiba.go.jp/KeibaWeb/TodayRaceInfo/RaceMarkTable?k_raceDate=2013%2F11%2F02&k_raceNo=2&k_babaCode=21,data/cache/html/20131102_kawasaki_2.html
20131102_kawasaki_3,2013-11-02,kawasaki,3,https://www.keiba.go.jp/KeibaWeb/TodayRaceInfo/RaceMarkTable?k_raceDate=2013%2F11%2F02&k_raceNo=3&k_babaCode=21,data/cache/html/20131102_kawasaki_3.html
20131102_kawasaki_4,2013-11-02,kawasaki,4,https://www.keiba.go.jp/KeibaWeb/TodayRaceInfo/RaceMarkTable?k_raceDate=2013%2F11%2F02&k_raceNo=4&k_babaCode=21,data/cache/html/20131102_kawasaki_4.html
20131102_kawasaki_5,2013-11-02,kawasaki,5,https://www.keiba.go.jp/KeibaWeb/TodayRaceInfo/RaceMarkTable?k_raceDate=2013%2F11%2F02&k_raceNo=5&k_babaCode=21,data/cache/html/20131102_kawasaki_5.html
20131102_kawasaki_6,2013-11-02,kawasaki,6,https://www.keiba.go.jp/KeibaWeb/TodayRaceInfo/RaceMarkTable?k_raceDate=2013%2F11%2F02&k_raceNo=6&k_babaCode=21,data/cache/html/20131102_kawasaki_6.html
20131102_kawasaki_7,2013-11-02,kawasaki,7,https://www.keiba.go.jp/KeibaWeb/TodayRaceInfo/RaceMarkTable?k_raceDate=2013%2F11%2F02&k_raceNo=7&k_babaCode=21,data/cache/html/20131102_kawasaki_7.html
20131102_kawasaki_8,2013-11-02,kawasaki,8,https://www.keiba.go.jp/KeibaWeb/TodayRaceInfo/RaceMarkTable?k_raceDate=2013%2F11%2F02&k_raceNo=8&k_babaCode=21,data/cache/html/20131102_kawasaki_8.html
20131102_kawasaki_9,2013-11-02,kawasaki,9,https://www.keiba.go.jp/KeibaWeb/TodayRaceInfo/RaceMarkTable?k_raceDate=2013%2F11%2F02&k_raceNo=9&k_babaCode=21,data/cache/html/20131102_kawasaki_9.html
20131102_kawasaki_10,2013-11-02,kawasaki,10,https://www.keiba.go.jp/KeibaWeb/TodayRaceInfo/RaceMarkTable?k_raceDate=2013%2F11%2F02&k_raceNo=10&k_babaCode=21,data/cache/html/20131102_kawasaki_10.html
20131102_kawasaki_11,2013-11-02,kawasaki,11,https://www.keiba.go.jp/KeibaWeb/TodayRaceInfo/RaceMarkTable?k_raceDate=2013%2F11%2F02&k_raceNo=11&k_babaCode=21,data/cache/html/20131102_kawasaki_11.html
20131102_kawasaki_12,2013-11-02,kawasaki,12,https://www.keiba.go.jp/KeibaWeb/TodayRaceInfo/RaceMarkTable?k_raceDate=2013%2F11%2F02&k_raceNo=12&k_babaCode=21,data/cache/html/20131102_kawasaki_12.html
20131101_kawasaki_1,2013-11-01,kawasaki,1,https://www.keiba.go.jp/KeibaWeb/TodayRaceInfo/RaceMarkTable?k_raceDate=2013%2F11%2F01&k_raceNo=1&k_babaCode=21,data/cache/html/20131101_kawasaki_1.html
20131101_kawasaki_2,2013-11-01,kawasaki,2,https://www.keiba.go.jp/KeibaWeb/TodayRaceInfo/RaceMarkTable?k_raceDate=2013%2F11%2F01&k_raceNo=2&k_babaCode=21,data/cache/html/20131101_kawasaki_2.html
20131101_kawasaki_3,2013-11-01,kawasaki,3,https://www.keiba.go.jp/KeibaWeb/TodayRaceInfo/RaceMarkTable?k_raceDate=2013%2F11%2F01&k_raceNo=3&k_babaCode=21,data/cache/html/20131101_kawasaki_3.html
20131101_kawasaki_4,2013-11-01,kawasaki,4,https://www.keiba.go.jp/KeibaWeb/TodayRaceInfo/RaceMarkTable?k_raceDate=2013%2F11%2F01&k_raceNo=4&k_babaCode=21,data/cache/html/20131101_kawasaki_4.html
20131101_kawasaki_5,2013-11-01,kawasaki,5,https://www.keiba.go.jp/KeibaWeb/TodayRaceInfo/RaceMarkTable?k_raceDate=2013%2F11%2F01&k_raceNo=5&k_babaCode=21,data/cache/html/20131101_kawasaki_5.html
20131101_kawasaki_6,2013-11-01,kawasaki,6,https://www.keiba.go.jp/KeibaWeb/TodayRaceInfo/RaceMarkTable?k_raceDate=2013%2F11%2F01&k_raceNo=6&k_babaCode=21,data/cache/html/20131101_kawasaki_6.html
20131101_kawasaki_7,2013-11-01,kawasaki,7,https://www.keiba.go.jp/KeibaWeb/TodayRaceInfo/RaceMarkTable?k_raceDate=2013%2F11%2F01&k_raceNo=7&k_babaCode=21,data/cache/html/20131101_kawasaki_7.html
20131101_kawasaki_8,2013-11-01,kawasaki,8,https://www.keiba.go.jp/KeibaWeb/TodayRaceInfo/RaceMarkTable?k_raceDate=2013%2F11%2F01&k_raceNo=8&k_babaCode=21,data/cache/html/20131101_kawasaki_8.html
20131101_kawasaki_9,2013-11-01,kawasaki,9,https://www.keiba.go.jp/KeibaWeb/TodayRaceInfo/RaceMarkTable?k_raceDate=2013%2F11%2F01&k_raceNo=9&k_babaCode=21,data/cache/html/20131101_kawasaki_9.html
20131101_kawasaki_10,2013-11-01,kawasaki,10,https://www.keiba.go.jp/KeibaWeb/TodayRaceInfo/RaceMarkTable?k_raceDate=2013%2F11%2F01&k_raceNo=10&k_babaCode=21,data/cache/html/20131101_kawasaki_10.html
20131101_kawasaki_11,2013-11-01,kawasaki,11,https://www.keiba.go.jp/KeibaWeb/TodayRaceInfo/RaceMarkTable?k_raceDate=2013%2F11%2F01&k_raceNo=11&k_babaCode=21,data/cache/html/20131101_kawasaki_11.html
20131101_kawasaki_12,2013-11-01,kawasaki,12,https://www.keiba.go.jp/KeibaWeb/TodayRaceInfo/RaceMarkTable?k_raceDate=2013%2F11%2F01&k_raceNo=12&k_babaCode=21,data/cache/html/20131101_kawasaki_12.html
20131031_kawasaki_1,2013-10-31,kawasaki,1,https://www.keiba.go.jp/KeibaWeb/TodayRaceInfo/RaceMarkTable?k_raceDate=2013%2F10%2F31&k_raceNo=1&k_babaCode=21,data/cache/html/20131031_kawasaki_1.html
20131031_kawasaki_2,2013-10-31,kawasaki,2,https://www.keiba.go.jp/KeibaWeb/TodayRaceInfo/RaceMarkTable?k_raceDate=2013%2F10%2F31&k_raceNo=2&k_babaCode=21,data/cache/html/20131031_kawasaki_2.html
20131031_kawasaki_3,2013-10-31,kawasaki,3,https://www.keiba.go.jp/KeibaWeb/TodayRaceInfo/RaceMarkTable?k_raceDate=2013%2F10%2F31&k_raceNo=3&k_babaCode=21,data/cache/html/20131031_kawasaki_3.html
20131031_kawasaki_4,2013-10-31,kawasaki,4,https://www.keiba.go.jp/KeibaWeb/TodayRaceInfo/RaceMarkTable?k_raceDate=2013%2F10%2F31&k_raceNo=4&k_babaCode=21,data/cache/html/20131031_kawasaki_4.html
20131031_kawasaki_5,2013-10-31,kawasaki,5,https://www.keiba.go.jp/KeibaWeb/TodayRaceInfo/RaceMarkTable?k_raceDate=2013%2F10%2F31&k_raceNo=5&k_babaCode=21,data/cache/html/20131031_kawasaki_5.html
20131031_kawasaki_6,2013-10-31,kawasaki,6,https://www.keiba.go.jp/KeibaWeb/TodayRaceInfo/RaceMarkTable?k_raceDate=2013%2F10%2F31&k_raceNo=6&k_babaCode=21,data/cache/html/20131031_kawasaki_6.html
20131031_kawasaki_7,2013-10-31,kawasaki,7,https://www.keiba.go.jp/KeibaWeb/TodayRaceInfo/RaceMarkTable?k_raceDate=2013%2F10%2F31&k_raceNo=7&k_babaCode=21,data/cache/html/20131031_kawasaki_7.html
20131031_kawasaki_8,2013-10-31,kawasaki,8,https://www.keiba.go.jp/KeibaWeb/TodayRaceInfo/RaceMarkTable?k_raceDate=2013%2F10%2F31&k_raceNo=8&k_babaCode=21,data/cache/html/20131031_kawasaki_8.html
20131031_kawasaki_9,2013-10-31,kawasaki,9,https://www.keiba.go.jp/KeibaWeb/TodayRaceInfo/RaceMarkTable?k_raceDate=2013%2F10%2F31&k_raceNo=9&k_babaCode=21,data/cache/html/20131031_kawasaki_9.html
20131031_kawasaki_10,2013-10-31,kawasaki,10,https://www.keiba.go.jp/KeibaWeb/TodayRaceInfo/RaceMarkTable?k_raceDate=2013%2F10%2F31&k_raceNo=10&k_babaCode=21,data/cache/html/20131031_kawasaki_10.html
20131031_kawasaki_11,2013-10-31,kawasaki,11,https://www.keiba.go.jp/KeibaWeb/TodayRaceInfo/RaceMarkTable?k_raceDate=2013%2F10%2F31&k_raceNo=11&k_babaCode=21,data/cache/html/20131031_kawasaki_11.html
20131031_kawasaki_12,2013-10-31,kawasaki,12,https://www.keiba.go.jp/KeibaWeb/TodayRaceInfo/RaceMarkTable?k_raceDate=2013%2F10%2F31&k_raceNo=12&k_babaCode=21,data/cache/html/20131031_kawasaki_12.html
20131030_kawasaki_1,2013-10-30,kawasaki,1,https://www.keiba.go.jp/KeibaWeb/TodayRaceInfo/RaceMarkTable?k_raceDate=2013%2F10%2F30&k_raceNo=1&k_babaCode=21,data/cache/html/20131030_kawasaki_1.html
20131030_kawasaki_2,2013-10-30,kawasaki,2,https://www.keiba.go.jp/KeibaWeb/TodayRaceInfo/RaceMarkTable?k_raceDate=2013%2F10%2F30&k_raceNo=2&k_babaCode=21,data/cache/html/20131030_kawasaki_2.html
20131030_kawasaki_3,2013-10-30,kawasaki,3,https://www.keiba.go.jp/KeibaWeb/TodayRaceInfo/RaceMarkTable?k_raceDate=2013%2F10%2F30&k_raceNo=3&k_babaCode=21,data/cache/html/20131030_kawasaki_3.html
20131030_kawasaki_4,2013-10-30,kawasaki,4,https://www.keiba.go.jp/KeibaWeb/TodayRaceInfo/RaceMarkTable?k_raceDate=2013%2F10%2F30&k_raceNo=4&k_babaCode=21,data/cache/html/20131030_kawasaki_4.html
20131030_kawasaki_5,2013-10-30,kawasaki,5,https://www.keiba.go.jp/KeibaWeb/TodayRaceInfo/RaceMarkTable?k_raceDate=2013%2F10%2F30&k_raceNo=5&k_babaCode=21,data/cache/html/20131030_kawasaki_5.html
20131030_kawasaki_6,2013-10-30,kawasaki,6,https://www.keiba.go.jp/KeibaWeb/TodayRaceInfo/RaceMarkTable?k_raceDate=2013%2F10%2F30&k_raceNo=6&k_babaCode=21,data/cache/html/20131030_kawasaki_6.html
20131030_kawasaki_7,2013-10-30,kawasaki,7,https://www.keiba.go.jp/KeibaWeb/TodayRaceInfo/RaceMarkTable?k_raceDate=2013%2F10%2F30&k_raceNo=7&k_babaCode=21,data/cache/html/20131030_kawasaki_7.html
20131030_kawasaki_8,2013-10-30,kawasaki,8,https://www.keiba.go.jp/KeibaWeb/TodayRaceInfo/RaceMarkTable?k_raceDate=2013%2F10%2F30&k_raceNo=8&k_babaCode=21,data/cache/html/20131030_kawasaki_8.html
20131030_kawasaki_9,2013-10-30,kawasaki,9,https://www.keiba.go.jp/KeibaWeb/TodayRaceInfo/RaceMarkTable?k_raceDate=2013%2F10%2F30&k_raceNo=9&k_babaCode=21,data/cache/html/20131030_kawasaki_9.html
20131030_kawasaki_10,2013-10-30,kawasaki,10,https://www.keiba.go.jp/KeibaWeb/TodayRaceInfo/RaceMarkTable?k_raceDate=2013%2F10%2F30&k_raceNo=10&k_babaCode=21,data/cache/html/20131030_kawasaki_10.html
20131030_kawasaki_11,2013-10-30,kawasaki,11,https://www.keiba.go.jp/KeibaWeb/TodayRaceInfo/RaceMarkTable?k_raceDate=2013%2F10%2F30&k_raceNo=11&k_babaCode=21,data/cache/html/20131030_kawasaki_11.html
20131030_kawasaki_12,2013-10-30,kawasaki,12,https://www.keiba.go.jp/KeibaWeb/TodayRaceInfo/RaceMarkTable?k_raceDate=2013%2F10%2F30&k_raceNo=12&k_babaCode=21,data/cache/html/20131030_kawasaki_12.html
20131029_kawasaki_1,2013-10-29,kawasaki,1,https://www.keiba.go.jp/KeibaWeb/TodayRaceInfo/RaceMarkTable?k_raceDate=2013%2F10%2F29&k_raceNo=1&k_babaCode=21,data/cache/html/20131029_kawasaki_1.html
20131029_kawasaki_2,2013-10-29,kawasaki,2,https://www.keiba.go.jp/KeibaWeb/TodayRaceInfo/RaceMarkTable?k_raceDate=2013%2F10%2F29&k_raceNo=2&k_babaCode=21,data/cache/html/20131029_kawasaki_2.html
20131029_kawasaki_3,2013-10-29,kawasaki,3,https://www.keiba.go.jp/KeibaWeb/TodayRaceInfo/RaceMarkTable?k_raceDate=2013%2F10%2F29&k_raceNo=3&k_babaCode=21,data/cache/html/20131029_kawasaki_3.html
20131029_kawasaki_4,2013-10-29,kawasaki,4,https://www.keiba.go.jp/KeibaWeb/TodayRaceInfo/RaceMarkTable?k_raceDate=2013%2F10%2F29&k_raceNo=4&k_babaCode=21,data/cache/html/20131029_kawasaki_4.html
20131029_kawasaki_5,2013-10-29,kawasaki,5,https://www.keiba.go.jp/KeibaWeb/TodayRaceInfo/RaceMarkTable?k_raceDate=2013%2F10%2F29&k_raceNo=5&k_babaCode=21,data/cache/html/20131029_kawasaki_5.html
20131029_kawasaki_6,2013-10-29,kawasaki,6,https://www.keiba.go.jp/KeibaWeb/TodayRaceInfo/RaceMarkTable?k_raceDate=2013%2F10%2F29&k_raceNo=6&k_babaCode=21,data/cache/html/20131029_kawasaki_6.html
20131029_kawasaki_7,2013-10-29,kawasaki,7,https://www.keiba.go.jp/KeibaWeb/TodayRaceInfo/RaceMarkTable?k_raceDate=2013%2F10%2F29&k_raceNo=7&k_babaCode=21,data/cache/html/20131029_kawasaki_7.html
20131029_kawasaki_8,2013-10-29,kawasaki,8,https://www.keiba.go.jp/KeibaWeb/TodayRaceInfo/RaceMarkTable?k_raceDate=2013%2F10%2F29&k_raceNo=8&k_babaCode=21,data/cache/html/20131029_kawasaki_8.html
20131029_kawasaki_9,2013-10-29,kawasaki,9,https://www.keiba.go.jp/KeibaWeb/TodayRaceInfo/RaceMarkTable?k_raceDate=2013%2F10%2F29&k_raceNo=9&k_babaCode=21,data/cache/html/20131029_kawasaki_9.html
20131029_kawasaki_10,2013-10-29,kawasaki,10,https://www.keiba.go.jp/KeibaWeb/TodayRaceInfo/RaceMarkTable?k_raceDate=2013%2F10%2F29&k_raceNo=10&k_babaCode=21,data/cache/html/20131029_kawasaki_10.html
20131029_kawasaki_11,2013-10-29,kawasaki,11,https://www.keiba.go.jp/KeibaWeb/TodayRaceInfo/RaceMarkTable?k_raceDate=2013%2F10%2F29&k_raceNo=11&k_babaCode=21,data/cache/html/20131029_kawasaki_11.html
20131029_kawasaki_12,2013-10-29,kawasaki,12,https://www.keiba.go.jp/KeibaWeb/TodayRaceInfo/RaceMarkTable?k_raceDate=2013%2F10%2F29&k_raceNo=12&k_babaCode=21,data/cache/html/20131029_kawasaki_12.html
