race_id,date,track,race_no,official_url,cache_html_path
19851007_kawasaki_1,1985-10-07,kawasaki,1,https://www.keiba.go.jp/KeibaWeb/TodayRaceInfo/RaceMarkTable?k_raceDate=1985%2F10%2F07&k_raceNo=1&k_babaCode=21,data/cache/html/19851007_kawasaki_1.html
19851007_kawasaki_2,1985-10-07,kawasaki,2,https://www.keiba.go.jp/KeibaWeb/TodayRaceInfo/RaceMarkTable?k_raceDate=1985%2F10%2F07&k_raceNo=2&k_babaCode=21,data/cache/html/19851007_kawasaki_2.html
19851007_kawasaki_3,1985-10-07,kawasaki,3,https://www.keiba.go.jp/KeibaWeb/TodayRaceInfo/RaceMarkTable?k_raceDate=1985%2F10%2F07&k_raceNo=3&k_babaCode=21,data/cache/html/19851007_kawasaki_3.html
19851007_kawasaki_4,1985-10-07,kawasaki,4,https://www.keiba.go.jp/KeibaWeb/TodayRaceInfo/RaceMarkTable?k_raceDate=1985%2F10%2F07&k_raceNo=4&k_babaCode=21,data/cache/html/19851007_kawasaki_4.html
19851007_kawasaki_5,1985-10-07,kawasaki,5,https://www.keiba.go.jp/KeibaWeb/TodayRaceInfo/RaceMarkTable?k_raceDate=1985%2F10%2F07&k_raceNo=5&k_babaCode=21,data/cache/html/19851007_kawasaki_5.html
19851007_kawasaki_6,1985-10-07,kawasaki,6,https://www.keiba.go.jp/KeibaWeb/TodayRaceInfo/RaceMarkTable?k_raceDate=1985%2F10%2F07&k_raceNo=6&k_babaCode=21,data/cache/html/19851007_kawasaki_6.html
19851007_kawasaki_7,1985-10-07,kawasaki,7,https://www.keiba.go.jp/KeibaWeb/TodayRaceInfo/RaceMarkTable?k_raceDate=1985%2F10%2F07&k_raceNo=7&k_babaCode=21,data/cache/html/19851007_kawasaki_7.html
19851007_kawasaki_8,1985-10-07,kawasaki,8,https://www.keiba.go.jp/KeibaWeb/TodayRaceInfo/RaceMarkTable?k_raceDate=1985%2F10%2F07&k_raceNo=8&k_babaCode=21,data/cache/html/19851007_kawasaki_8.html
19851007_kawasaki_9,1985-10-07,kawasaki,9,https://www.keiba.go.jp/KeibaWeb/TodayRaceInfo/RaceMarkTable?k_raceDate=1985%2F10%2F07&k_raceNo=9&k_babaCode=21,data/cache/html/19851007_kawasaki_9.html
19851007_kawasaki_10,1985-10-07,kawasaki,10,https://www.keiba.go.jp/KeibaWeb/TodayRaceInfo/RaceMarkTable?k_raceDate=1985%2F10%2F07&k_raceNo=10&k_babaCode=21,data/cache/html/19851007_kawasaki_10.html
19851007_kawasaki_11,1985-10-07,kawasaki,11,https://www.keiba.go.jp/KeibaWeb/TodayRaceInfo/RaceMarkTable?k_raceDate=1985%2F10%2F07&k_raceNo=11&k_babaCode=21,data/cache/html/19851007_kawasaki_11.html
19851007_kawasaki_12,1985-10-07,kawasaki,12,https://www.keiba.go.jp/KeibaWeb/TodayRaceInfo/RaceMarkTable?k_raceDate=1985%2F10%2F07&k_raceNo=12&k_babaCode=21,data/cache/html/19851007_kawasaki_12.html
19851006_kawasaki_1,1985-10-06,kawasaki,1,https://www.keiba.go.jp/KeibaWeb/TodayRaceInfo/RaceMarkTable?k_raceDate=1985%2F10%2F06&k_raceNo=1&k_babaCode=21,data/cache/html/19851006_kawasaki_1.html
19851006_kawasaki_2,1985-10-06,kawasaki,2,https://www.keiba.go.jp/KeibaWeb/TodayRaceInfo/RaceMarkTable?k_raceDate=1985%2F10%2F06&k_raceNo=2&k_babaCode=21,data/cache/html/19851006_kawasaki_2.html
19851006_kawasaki_3,1985-10-06,kawasaki,3,https://www.keiba.go.jp/KeibaWeb/TodayRaceInfo/RaceMarkTable?k_raceDate=1985%2F10%2F06&k_raceNo=3&k_babaCode=21,data/cache/html/19851006_kawasaki_3.html
19851006_kawasaki_4,1985-10-06,kawasaki,4,https://www.keiba.go.jp/KeibaWeb/TodayRaceInfo/RaceMarkTable?k_raceDate=1985%2F10%2F06&k_raceNo=4&k_babaCode=21,data/cache/html/19851006_kawasaki_4.html
19851006_kawasaki_5,1985-10-06,kawasaki,5,https://www.keiba.go.jp/KeibaWeb/TodayRaceInfo/RaceMarkTable?k_raceDate=1985%2F10%2F06&k_raceNo=5&k_babaCode=21,data/cache/html/19851006_kawasaki_5.html
19851006_kawasaki_6,1985-10-06,kawasaki,6,https://www.keiba.go.jp/KeibaWeb/TodayRaceInfo/RaceMarkTable?k_raceDate=1985%2F10%2F06&k_raceNo=6&k_babaCode=21,data/cache/html/19851006_kawasaki_6.html
19851006_kawasaki_7,1985-10-06,kawasaki,7,https://www.keiba.go.jp/KeibaWeb/TodayRaceInfo/RaceMarkTable?k_raceDate=1985%2F10%2F06&k_raceNo=7&k_babaCode=21,data/cache/html/19851006_kawasaki_7.html
19851006_kawasaki_8,1985-10-06,kawasaki,8,https://www.keiba.go.jp/KeibaWeb/TodayRaceInfo/RaceMarkTable?k_raceDate=1985%2F10%2F06&k_raceNo=8&k_babaCode=21,data/cache/html/19851006_kawasaki_8.html
19851006_kawasaki_9,1985-10-06,kawasaki,9,https://www.keiba.go.jp/KeibaWeb/TodayRaceInfo/RaceMarkTable?k_raceDate=1985%2F10%2F06&k_raceNo=9&k_babaCode=21,data/cache/html/19851006_kawasaki_9.html
19851006_kawasaki_10,1985-10-06,kawasaki,10,https://www.keiba.go.jp/KeibaWeb/TodayRaceInfo/RaceMarkTable?k_raceDate=1985%2F10%2F06&k_raceNo=10&k_babaCode=21,data/cache/html/19851006_kawasaki_10.html
19851006_kawasaki_11,1985-10-06,kawasaki,11,https://www.keiba.go.jp/KeibaWeb/TodayRaceInfo/RaceMarkTable?k_raceDate=1985%2F10%2F06&k_raceNo=11&k_babaCode=21,data/cache/html/19851006_kawasaki_11.html
19851006_kawasaki_12,1985-10-06,kawasaki,12,https://www.keiba.go.jp/KeibaWeb/TodayRaceInfo/RaceMarkTable?k_raceDate=1985%2F10%2F06&k_raceNo=12&k_babaCode=21,data/cache/html/19851006_kawasaki_12.html
19851005_kawasaki_1,1985-10-05,kawasaki,1,https://www.keiba.go.jp/KeibaWeb/TodayRaceInfo/RaceMarkTable?k_raceDate=1985%2F10%2F05&k_raceNo=1&k_babaCode=21,data/cache/html/19851005_kawasaki_1.html
19851005_kawasaki_2,1985-10-05,kawasaki,2,https://www.keiba.go.jp/KeibaWeb/TodayRaceInfo/RaceMarkTable?k_raceDate=1985%2F10%2F05&k_raceNo=2&k_babaCode=21,data/cache/html/19851005_kawasaki_2.html
19851005_kawasaki_3,1985-10-05,kawasaki,3,https://www.keiba.go.jp/KeibaWeb/TodayRaceInfo/RaceMarkTable?k_raceDate=1985%2F10%2F05&k_raceNo=3&k_babaCode=21,data/cache/html/19851005_kawasaki_3.html
19851005_kawasaki_4,1985-10-05,kawasaki,4,https://www.keiba.go.jp/KeibaWeb/TodayRaceInfo/RaceMarkTable?k_raceDate=1985%2F10%2F05&k_raceNo=4&k_babaCode=21,data/cache/html/19851005_kawasaki_4.html
19851005_kawasaki_5,1985-10-05,kawasaki,5,https://www.keiba.go.jp/KeibaWeb/TodayRaceInfo/RaceMarkTable?k_raceDate=1985%2F10%2F05&k_raceNo=5&k_babaCode=21,data/cache/html/19851005_kawasaki_5.html
19851005_kawasaki_6,1985-10-05,kawasaki,6,https://www.keiba.go.jp/KeibaWeb/TodayRaceInfo/RaceMarkTable?k_raceDate=1985%2F10%2F05&k_raceNo=6&k_babaCode=21,data/cache/html/19851005_kawasaki_6.html
19851005_kawasaki_7,1985-10-05,kawasaki,7,https://www.keiba.go.jp/KeibaWeb/TodayRaceInfo/RaceMarkTable?k_raceDate=1985%2F10%2F05&k_raceNo=7&k_babaCode=21,data/cache/html/19851005_kawasaki_7.html
19851005_kawasaki_8,1985-10-05,kawasaki,8,https://www.keiba.go.jp/KeibaWeb/TodayRaceInfo/RaceMarkTable?k_raceDate=1985%2F10%2F05&k_raceNo=8&k_babaCode=21,data/cache/html/19851005_kawasaki_8.html
19851005_kawasaki_9,1985-10-05,kawasaki,9,https://www.keiba.go.jp/KeibaWeb/TodayRaceInfo/RaceMarkTable?k_raceDate=1985%2F10%2F05&k_raceNo=9&k_babaCode=21,data/cache/html/19851005_kawasaki_9.html
19851005_kawasaki_10,1985-10-05,kawasaki,10,https://www.keiba.go.jp/KeibaWeb/TodayRaceInfo/RaceMarkTable?k_raceDate=1985%2F10%2F05&k_raceNo=10&k_babaCode=21,data/cache/html/19851005_kawasaki_10.html
19851005_kawasaki_11,1985-10-05,kawasaki,11,https://www.keiba.go.jp/KeibaWeb/TodayRaceInfo/RaceMarkTable?k_raceDate=1985%2F10%2F05&k_raceNo=11&k_babaCode=21,data/cache/html/19851005_kawasaki_11.html
19851005_kawasaki_12,1985-10-05,kawasaki,12,https://www.keiba.go.jp/KeibaWeb/TodayRaceInfo/RaceMarkTable?k_raceDate=1985%2F10%2F05&k_raceNo=12&k_babaCode=21,data/cache/html/19851005_kawasaki_12.html
19851004_kawasaki_1,1985-10-04,kawasaki,1,https://www.keiba.go.jp/KeibaWeb/TodayRaceInfo/RaceMarkTable?k_raceDate=1985%2F10%2F04&k_raceNo=1&k_babaCode=21,data/cache/html/19851004_kawasaki_1.html
19851004_kawasaki_2,1985-10-04,kawasaki,2,https://www.keiba.go.jp/KeibaWeb/TodayRaceInfo/RaceMarkTable?k_raceDate=1985%2F10%2F04&k_raceNo=2&k_babaCode=21,data/cache/html/19851004_kawasaki_2.html
19851004_kawasaki_3,1985-10-04,kawasaki,3,https://www.keiba.go.jp/KeibaWeb/TodayRaceInfo/RaceMarkTable?k_raceDate=1985%2F10%2F04&k_raceNo=3&k_babaCode=21,data/cache/html/19851004_kawasaki_3.html
19851004_kawasaki_4,1985-10-04,kawasaki,4,https://www.keiba.go.jp/KeibaWeb/TodayRaceInfo/RaceMarkTable?k_raceDate=1985%2F10%2F04&k_raceNo=4&k_babaCode=21,data/cache/html/19851004_kawasaki_4.html
19851004_kawasaki_5,1985-10-04,kawasaki,5,https://www.keiba.go.jp/KeibaWeb/TodayRaceInfo/RaceMarkTable?k_raceDate=1985%2F10%2F04&k_raceNo=5&k_babaCode=21,data/cache/html/19851004_kawasaki_5.html
19851004_kawasaki_6,1985-10-04,kawasaki,6,https://www.keiba.go.jp/KeibaWeb/TodayRaceInfo/RaceMarkTable?k_raceDate=1985%2F10%2F04&k_raceNo=6&k_babaCode=21,data/cache/html/19851004_kawasaki_6.html
19851004_kawasaki_7,1985-10-04,kawasaki,7,https://www.keiba.go.jp/KeibaWeb/TodayRaceInfo/RaceMarkTable?k_raceDate=1985%2F10%2F04&k_raceNo=7&k_babaCode=21,data/cache/html/19851004_kawasaki_7.html
19851004_kawasaki_8,1985-10-04,kawasaki,8,https://www.keiba.go.jp/KeibaWeb/TodayRaceInfo/RaceMarkTable?k_raceDate=1985%2F10%2F04&k_raceNo=8&k_babaCode=21,data/cache/html/19851004_kawasaki_8.html
19851004_kawasaki_9,1985-10-04,kawasaki,9,https://www.keiba.go.jp/KeibaWeb/TodayRaceInfo/RaceMarkTable?k_raceDate=1985%2F10%2F04&k_raceNo=9&k_babaCode=21,data/cache/html/19851004_kawasaki_9.html
19851004_kawasaki_10,1985-10-04,kawasaki,10,https://www.keiba.go.jp/KeibaWeb/TodayRaceInfo/RaceMarkTable?k_raceDate=1985%2F10%2F04&k_raceNo=10&k_babaCode=21,data/cache/html/19851004_kawasaki_10.html
19851004_kawasaki_11,1985-10-04,kawasaki,11,https://www.keiba.go.jp/KeibaWeb/TodayRaceInfo/RaceMarkTable?k_raceDate=1985%2F10%2F04&k_raceNo=11&k_babaCode=21,data/cache/html/19851004_kawasaki_11.html
19851004_kawasaki_12,1985-10-04,kawasaki,12,https://www.keiba.go.jp/KeibaWeb/TodayRaceInfo/RaceMarkTable?k_raceDate=1985%2F10%2F04&k_raceNo=12&k_babaCode=21,data/cache/html/19851004_kawasaki_12.html
19851003_kawasaki_1,1985-10-03,kawasaki,1,https://www.keiba.go.jp/KeibaWeb/TodayRaceInfo/RaceMarkTable?k_raceDate=1985%2F10%2F03&k_raceNo=1&k_babaCode=21,data/cache/html/19851003_kawasaki_1.html
19851003_kawasaki_2,1985-10-03,kawasaki,2,https://www.keiba.go.jp/KeibaWeb/TodayRaceInfo/RaceMarkTable?k_raceDate=1985%2F10%2F03&k_raceNo=2&k_babaCode=21,data/cache/html/19851003_kawasaki_2.html
19851003_kawasaki_3,1985-10-03,kawasaki,3,https://www.keiba.go.jp/KeibaWeb/TodayRaceInfo/RaceMarkTable?k_raceDate=1985%2F10%2F03&k_raceNo=3&k_babaCode=21,data/cache/html/19851003_kawasaki_3.html
19851003_kawasaki_4,1985-10-03,kawasaki,4,https://www.keiba.go.jp/KeibaWeb/TodayRaceInfo/RaceMarkTable?k_raceDate=1985%2F10%2F03&k_raceNo=4&k_babaCode=21,data/cache/html/19851003_kawasaki_4.html
19851003_kawasaki_5,1985-10-03,kawasaki,5,https://www.keiba.go.jp/KeibaWeb/TodayRaceInfo/RaceMarkTable?k_raceDate=1985%2F10%2F03&k_raceNo=5&k_babaCode=21,data/cache/html/19851003_kawasaki_5.html
19851003_kawasaki_6,1985-10-03,kawasaki,6,https://www.keiba.go.jp/KeibaWeb/TodayRaceInfo/RaceMarkTable?k_raceDate=1985%2F10%2F03&k_raceNo=6&k_babaCode=21,data/cache/html/19851003_kawasaki_6.html
19851003_kawasaki_7,1985-10-03,kawasaki,7,https://www.keiba.go.jp/KeibaWeb/TodayRaceInfo/RaceMarkTable?k_raceDate=1985%2F10%2F03&k_raceNo=7&k_babaCode=21,data/cache/html/19851003_kawasaki_7.html
19851003_kawasaki_8,1985-10-03,kawasaki,8,https://www.keiba.go.jp/KeibaWeb/TodayRaceInfo/RaceMarkTable?k_raceDate=1985%2F10%2F03&k_raceNo=8&k_babaCode=21,data/cache/html/19851003_kawasaki_8.html
19851003_kawasaki_9,1985-10-03,kawasaki,9,https://www.keiba.go.jp/KeibaWeb/TodayRaceInfo/RaceMarkTable?k_raceDate=1985%2F10%2F03&k_raceNo=9&k_babaCode=21,data/cache/html/19851003_kawasaki_9.html
19851003_kawasaki_10,1985-10-03,kawasaki,10,https://www.keiba.go.jp/KeibaWeb/TodayRaceInfo/RaceMarkTable?k_raceDate=1985%2F10%2F03&k_raceNo=10&k_babaCode=21,data/cache/html/19851003_kawasaki_10.html
19851003_kawasaki_11,1985-10-03,kawasaki,11,https://www.keiba.go.jp/KeibaWeb/TodayRaceInfo/RaceMarkTable?k_raceDate=1985%2F10%2F03&k_raceNo=11&k_babaCode=21,data/cache/html/19851003_kawasaki_11.html
19851003_kawasaki_12,1985-10-03,kawasaki,12,https://www.keiba.go.jp/KeibaWeb/TodayRaceInfo/RaceMarkTable?k_raceDate=1985%2F10%2F03&k_raceNo=12&k_babaCode=21,data/cache/html/19851003_kawasaki_12.html
19851002_kawasaki_1,1985-10-02,kawasaki,1,https://www.keiba.go.jp/KeibaWeb/TodayRaceInfo/RaceMarkTable?k_raceDate=1985%2F10%2F02&k_raceNo=1&k_babaCode=21,data/cache/html/19851002_kawasaki_1.html
19851002_kawasaki_2,1985-10-02,kawasaki,2,https://www.keiba.go.jp/KeibaWeb/TodayRaceInfo/RaceMarkTable?k_raceDate=1985%2F10%2F02&k_raceNo=2&k_babaCode=21,data/cache/html/19851002_kawasaki_2.html
19851002_kawasaki_3,1985-10-02,kawasaki,3,https://www.keiba.go.jp/KeibaWeb/TodayRaceInfo/RaceMarkTable?k_raceDate=1985%2F10%2F02&k_raceNo=3&k_babaCode=21,data/cache/html/19851002_kawasaki_3.html
19851002_kawasaki_4,1985-10-02,kawasaki,4,https://www.keiba.go.jp/KeibaWeb/TodayRaceInfo/RaceMarkTable?k_raceDate=1985%2F10%2F02&k_raceNo=4&k_babaCode=21,data/cache/html/19851002_kawasaki_4.html
19851002_kawasaki_5,1985-10-02,kawasaki,5,https://www.keiba.go.jp/KeibaWeb/TodayRaceInfo/RaceMarkTable?k_raceDate=1985%2F10%2F02&k_raceNo=5&k_babaCode=21,data/cache/html/19851002_kawasaki_5.html
19851002_kawasaki_6,1985-10-02,kawasaki,6,https://www.keiba.go.jp/KeibaWeb/TodayRaceInfo/RaceMarkTable?k_raceDate=1985%2F10%2F02&k_raceNo=6&k_babaCode=21,data/cache/html/19851002_kawasaki_6.html
19851002_kawasaki_7,1985-10-02,kawasaki,7,https://www.keiba.go.jp/KeibaWeb/TodayRaceInfo/RaceMarkTable?k_raceDate=1985%2F10%2F02&k_raceNo=7&k_babaCode=21,data/cache/html/19851002_kawasaki_7.html
19851002_kawasaki_8,1985-10-02,kawasaki,8,https://www.keiba.go.jp/KeibaWeb/TodayRaceInfo/RaceMarkTable?k_raceDate=1985%2F10%2F02&k_raceNo=8&k_babaCode=21,data/cache/html/19851002_kawasaki_8.html
19851002_kawasaki_9,1985-10-02,kawasaki,9,https://www.keiba.go.jp/KeibaWeb/TodayRaceInfo/RaceMarkTable?k_raceDate=1985%2F10%2F02&k_raceNo=9&k_babaCode=21,data/cache/html/19851002_kawasaki_9.html
19851002_kawasaki_10,1985-10-02,kawasaki,10,https://www.keiba.go.jp/KeibaWeb/TodayRaceInfo/RaceMarkTable?k_raceDate=1985%2F10%2F02&k_raceNo=10&k_babaCode=21,data/cache/html/19851002_kawasaki_10.html
19851002_kawasaki_11,1985-10-02,kawasaki,11,https://www.keiba.go.jp/KeibaWeb/TodayRaceInfo/RaceMarkTable?k_raceDate=1985%2F10%2F02&k_raceNo=11&k_babaCode=21,data/cache/html/19851002_kawasaki_11.html
19851002_kawasaki_12,1985-10-02,kawasaki,12,https://www.keiba.go.jp/KeibaWeb/TodayRaceInfo/RaceMarkTable?k_raceDate=1985%2F10%2F02&k_raceNo=12&k_babaCode=21,data/cache/html/19851002_kawasaki_12.html
19851001_kawasaki_1,1985-10-01,kawasaki,1,https://www.keiba.go.jp/KeibaWeb/TodayRaceInfo/RaceMarkTable?k_raceDate=1985%2F10%2F01&k_raceNo=1&k_babaCode=21,data/cache/html/19851001_kawasaki_1.html
19851001_kawasaki_2,1985-10-01,kawasaki,2,https://www.keiba.go.jp/KeibaWeb/TodayRaceInfo/RaceMarkTable?k_raceDate=1985%2F10%2F01&k_raceNo=2&k_babaCode=21,data/cache/html/19851001_kawasaki_2.html
19851001_kawasaki_3,1985-10-01,kawasaki,3,https://www.keiba.go.jp/KeibaWeb/TodayRaceInfo/RaceMarkTable?k_raceDate=1985%2F10%2F01&k_raceNo=3&k_babaCode=21,data/cache/html/19851001_kawasaki_3.html
19851001_kawasaki_4,1985-10-01,kawasaki,4,https://www.keiba.go.jp/KeibaWeb/TodayRaceInfo/RaceMarkTable?k_raceDate=1985%2F10%2F01&k_raceNo=4&k_babaCode=21,data/cache/html/19851001_kawasaki_4.html
19851001_kawasaki_5,1985-10-01,kawasaki,5,https://www.keiba.go.jp/KeibaWeb/TodayRaceInfo/RaceMarkTable?k_raceDate=1985%2F10%2F01&k_raceNo=5&k_babaCode=21,data/cache/html/19851001_kawasaki_5.html
19851001_kawasaki_6,1985-10-01,kawasaki,6,https://www.keiba.go.jp/KeibaWeb/TodayRaceInfo/RaceMarkTable?k_raceDate=1985%2F10%2F01&k_raceNo=6&k_babaCode=21,data/cache/html/19851001_kawasaki_6.html
19851001_kawasaki_7,1985-10-01,kawasaki,7,https://www.keiba.go.jp/KeibaWeb/TodayRaceInfo/RaceMarkTable?k_raceDate=1985%2F10%2F01&k_raceNo=7&k_babaCode=21,data/cache/html/19851001_kawasaki_7.html
19851001_kawasaki_8,1985-10-01,kawasaki,8,https://www.keiba.go.jp/KeibaWeb/TodayRaceInfo/RaceMarkTable?k_raceDate=1985%2F10%2F01&k_raceNo=8&k_babaCode=21,data/cache/html/19851001_kawasaki_8.html
19851001_kawasaki_9,1985-10-01,kawasaki,9,https://www.keiba.go.jp/KeibaWeb/TodayRaceInfo/RaceMarkTable?k_raceDate=1985%2F10%2F01&k_raceNo=9&k_babaCode=21,data/cache/html/19851001_kawasaki_9.html
19851001_kawasaki_10,1985-10-01,kawasaki,10,https://www.keiba.go.jp/KeibaWeb/TodayRaceInfo/RaceMarkTable?k_raceDate=1985%2F10%2F01&k_raceNo=10&k_babaCode=21,data/cache/html/19851001_kawasaki_10.html
19851001_kawasaki_11,1985-10-01,kawasaki,11,https://www.keiba.go.jp/KeibaWeb/TodayRaceInfo/RaceMarkTable?k_raceDate=1985%2F10%2F01&k_raceNo=11&k_babaCode=21,data/cache/html/19851001_kawasaki_11.html
19851001_kawasaki_12,1985-10-01,kawasaki,12,https://www.keiba.go.jp/KeibaWeb/TodayRaceInfo/RaceMarkTable?k_raceDate=1985%2F10%2F01&k_raceNo=12&k_babaCode=21,data/cache/html/19851001_kawasaki_12.html
19850930_kawasaki_1,1985-09-30,kawasaki,1,https://www.keiba.go.jp/KeibaWeb/TodayRaceInfo/RaceMarkTable?k_raceDate=1985%2F09%2F30&k_raceNo=1&k_babaCode=21,data/cache/html/19850930_kawasaki_1.html
19850930_kawasaki_2,1985-09-30,kawasaki,2,https://www.keiba.go.jp/KeibaWeb/TodayRaceInfo/RaceMarkTable?k_raceDate=1985%2F09%2F30&k_raceNo=2&k_babaCode=21,data/cache/html/19850930_kawasaki_2.html
19850930_kawasaki_3,1985-09-30,kawasaki,3,https://www.keiba.go.jp/KeibaWeb/TodayRaceInfo/RaceMarkTable?k_raceDate=1985%2F09%2F30&k_raceNo=3&k_babaCode=21,data/cache/html/19850930_kawasaki_3.html
19850930_kawasaki_4,1985-09-30,kawasaki,4,https://www.keiba.go.jp/KeibaWeb/TodayRaceInfo/RaceMarkTable?k_raceDate=1985%2F09%2F30&k_raceNo=4&k_babaCode=21,data/cache/html/19850930_kawasaki_4.html
19850930_kawasaki_5,1985-09-30,kawasaki,5,https://www.keiba.go.jp/KeibaWeb/TodayRaceInfo/RaceMarkTable?k_raceDate=1985%2F09%2F30&k_raceNo=5&k_babaCode=21,data/cache/html/19850930_kawasaki_5.html
19850930_kawasaki_6,1985-09-30,kawasaki,6,https://www.keiba.go.jp/KeibaWeb/TodayRaceInfo/RaceMarkTable?k_raceDate=1985%2F09%2F30&k_raceNo=6&k_babaCode=21,data/cache/html/19850930_kawasaki_6.html
19850930_kawasaki_7,1985-09-30,kawasaki,7,https://www.keiba.go.jp/KeibaWeb/TodayRaceInfo/RaceMarkTable?k_raceDate=1985%2F09%2F30&k_raceNo=7&k_babaCode=21,data/cache/html/19850930_kawasaki_7.html
19850930_kawasaki_8,1985-09-30,kawasaki,8,https://www.keiba.go.jp/KeibaWeb/TodayRaceInfo/RaceMarkTable?k_raceDate=1985%2F09%2F30&k_raceNo=8&k_babaCode=21,data/cache/html/19850930_kawasaki_8.html
19850930_kawasaki_9,1985-09-30,kawasaki,9,https://www.keiba.go.jp/KeibaWeb/TodayRaceInfo/RaceMarkTable?k_raceDate=1985%2F09%2F30&k_raceNo=9&k_babaCode=21,data/cache/html/19850930_kawasaki_9.html
19850930_kawasaki_10,1985-09-30,kawasaki,10,https://www.keiba.go.jp/KeibaWeb/TodayRaceInfo/RaceMarkTable?k_raceDate=1985%2F09%2F30&k_raceNo=10&k_babaCode=21,data/cache/html/19850930_kawasaki_10.html
19850930_kawasaki_11,1985-09-30,kawasaki,11,https://www.keiba.go.jp/KeibaWeb/TodayRaceInfo/RaceMarkTable?k_raceDate=1985%2F09%2F30&k_raceNo=11&k_babaCode=21,data/cache/html/19850930_kawasaki_11.html
19850930_kawasaki_12,1985-09-30,kawasaki,12,https://www.keiba.go.jp/KeibaWeb/TodayRaceInfo/RaceMarkTable?k_raceDate=1985%2F09%2F30&k_raceNo=12&k_babaCode=21,data/cache/html/19850930_kawasaki_12.html
19850929_kawasaki_1,1985-09-29,kawasaki,1,https://www.keiba.go.jp/KeibaWeb/TodayRaceInfo/RaceMarkTable?k_raceDate=1985%2F09%2F29&k_raceNo=1&k_babaCode=21,data/cache/html/19850929_kawasaki_1.html
19850929_kawasaki_2,1985-09-29,kawasaki,2,https://www.keiba.go.jp/KeibaWeb/TodayRaceInfo/RaceMarkTable?k_raceDate=1985%2F09%2F29&k_raceNo=2&k_babaCode=21,data/cache/html/19850929_kawasaki_2.html
19850929_kawasaki_3,1985-09-29,kawasaki,3,https://www.keiba.go.jp/KeibaWeb/TodayRaceInfo/RaceMarkTable?k_raceDate=1985%2F09%2F29&k_raceNo=3&k_babaCode=21,data/cache/html/19850929_kawasaki_3.html
19850929_kawasaki_4,1985-09-29,kawasaki,4,https://www.keiba.go.jp/KeibaWeb/TodayRaceInfo/RaceMarkTable?k_raceDate=1985%2F09%2F29&k_raceNo=4&k_babaCode=21,data/cache/html/19850929_kawasaki_4.html
19850929_kawasaki_5,1985-09-29,kawasaki,5,https://www.keiba.go.jp/KeibaWeb/TodayRaceInfo/RaceMarkTable?k_raceDate=1985%2F09%2F29&k_raceNo=5&k_babaCode=21,data/cache/html/19850929_kawasaki_5.html
19850929_kawasaki_6,1985-09-29,kawasaki,6,https://www.keiba.go.jp/KeibaWeb/TodayRaceInfo/RaceMarkTable?k_raceDate=1985%2F09%2F29&k_raceNo=6&k_babaCode=21,data/cache/html/19850929_kawasaki_6.html
19850929_kawasaki_7,1985-09-29,kawasaki,7,https://www.keiba.go.jp/KeibaWeb/TodayRaceInfo/RaceMarkTable?k_raceDate=1985%2F09%2F29&k_raceNo=7&k_babaCode=21,data/cache/html/19850929_kawasaki_7.html
19850929_kawasaki_8,1985-09-29,kawasaki,8,https://www.keiba.go.jp/KeibaWeb/TodayRaceInfo/RaceMarkTable?k_raceDate=1985%2F09%2F29&k_raceNo=8&k_babaCode=21,data/cache/html/19850929_kawasaki_8.html
19850929_kawasaki_9,1985-09-29,kawasaki,9,https://www.keiba.go.jp/KeibaWeb/TodayRaceInfo/RaceMarkTable?k_raceDate=1985%2F09%2F29&k_raceNo=9&k_babaCode=21,data/cache/html/19850929_kawasaki_9.html
19850929_kawasaki_10,1985-09-29,kawasaki,10,https://www.keiba.go.jp/KeibaWeb/TodayRaceInfo/RaceMarkTable?k_raceDate=1985%2F09%2F29&k_raceNo=10&k_babaCode=21,data/cache/html/19850929_kawasaki_10.html
19850929_kawasaki_11,1985-09-29,kawasaki,11,https://www.keiba.go.jp/KeibaWeb/TodayRaceInfo/RaceMarkTable?k_raceDate=1985%2F09%2F29&k_raceNo=11&k_babaCode=21,data/cache/html/19850929_kawasaki_11.html
19850929_kawasaki_12,1985-09-29,kawasaki,12,https://www.keiba.go.jp/KeibaWeb/TodayRaceInfo/RaceMarkTable?k_raceDate=1985%2F09%2F29&k_raceNo=12&k_babaCode=21,data/cache/html/19850929_kawasaki_12.html
19850928_kawasaki_1,1985-09-28,kawasaki,1,https://www.keiba.go.jp/KeibaWeb/TodayRaceInfo/RaceMarkTable?k_raceDate=1985%2F09%2F28&k_raceNo=1&k_babaCode=21,data/cache/html/19850928_kawasaki_1.html
19850928_kawasaki_2,1985-09-28,kawasaki,2,https://www.keiba.go.jp/KeibaWeb/TodayRaceInfo/RaceMarkTable?k_raceDate=1985%2F09%2F28&k_raceNo=2&k_babaCode=21,data/cache/html/19850928_kawasaki_2.html
19850928_kawasaki_3,1985-09-28,kawasaki,3,https://www.keiba.go.jp/KeibaWeb/TodayRaceInfo/RaceMarkTable?k_raceDate=1985%2F09%2F28&k_raceNo=3&k_babaCode=21,data/cache/html/19850928_kawasaki_3.html
19850928_kawasaki_4,1985-09-28,kawasaki,4,https://www.keiba.go.jp/KeibaWeb/TodayRaceInfo/RaceMarkTable?k_raceDate=1985%2F09%2F28&k_raceNo=4&k_babaCode=21,data/cache/html/19850928_kawasaki_4.html
19850928_kawasaki_5,1985-09-28,kawasaki,5,https://www.keiba.go.jp/KeibaWeb/TodayRaceInfo/RaceMarkTable?k_raceDate=1985%2F09%2F28&k_raceNo=5&k_babaCode=21,data/cache/html/19850928_kawasaki_5.html
19850928_kawasaki_6,1985-09-28,kawasaki,6,https://www.keiba.go.jp/KeibaWeb/TodayRaceInfo/RaceMarkTable?k_raceDate=1985%2F09%2F28&k_raceNo=6&k_babaCode=21,data/cache/html/19850928_kawasaki_6.html
19850928_kawasaki_7,1985-09-28,kawasaki,7,https://www.keiba.go.jp/KeibaWeb/TodayRaceInfo/RaceMarkTable?k_raceDate=1985%2F09%2F28&k_raceNo=7&k_babaCode=21,data/cache/html/19850928_kawasaki_7.html
19850928_kawasaki_8,1985-09-28,kawasaki,8,https://www.keiba.go.jp/KeibaWeb/TodayRaceInfo/RaceMarkTable?k_raceDate=1985%2F09%2F28&k_raceNo=8&k_babaCode=21,data/cache/html/19850928_kawasaki_8.html
19850928_kawasaki_9,1985-09-28,kawasaki,9,https://www.keiba.go.jp/KeibaWeb/TodayRaceInfo/RaceMarkTable?k_raceDate=1985%2F09%2F28&k_raceNo=9&k_babaCode=21,data/cache/html/19850928_kawasaki_9.html
19850928_kawasaki_10,1985-09-28,kawasaki,10,https://www.keiba.go.jp/KeibaWeb/TodayRaceInfo/RaceMarkTable?k_raceDate=1985%2F09%2F28&k_raceNo=10&k_babaCode=21,data/cache/html/19850928_kawasaki_10.html
19850928_kawasaki_11,1985-09-28,kawasaki,11,https://www.keiba.go.jp/KeibaWeb/TodayRaceInfo/RaceMarkTable?k_raceDate=1985%2F09%2F28&k_raceNo=11&k_babaCode=21,data/cache/html/19850928_kawasaki_11.html
19850928_kawasaki_12,1985-09-28,kawasaki,12,https://www.keiba.go.jp/KeibaWeb/TodayRaceInfo/RaceMarkTable?k_raceDate=1985%2F09%2F28&k_raceNo=12&k_babaCode=21,data/cache/html/19850928_kawasaki_12.html
19850927_kawasaki_1,1985-09-27,kawasaki,1,https://www.keiba.go.jp/KeibaWeb/TodayRaceInfo/RaceMarkTable?k_raceDate=1985%2F09%2F27&k_raceNo=1&k_babaCode=21,data/cache/html/19850927_kawasaki_1.html
19850927_kawasaki_2,1985-09-27,kawasaki,2,https://www.keiba.go.jp/KeibaWeb/TodayRaceInfo/RaceMarkTable?k_raceDate=1985%2F09%2F27&k_raceNo=2&k_babaCode=21,data/cache/html/19850927_kawasaki_2.html
19850927_kawasaki_3,1985-09-27,kawasaki,3,https://www.keiba.go.jp/KeibaWeb/TodayRaceInfo/RaceMarkTable?k_raceDate=1985%2F09%2F27&k_raceNo=3&k_babaCode=21,data/cache/html/19850927_kawasaki_3.html
19850927_kawasaki_4,1985-09-27,kawasaki,4,https://www.keiba.go.jp/KeibaWeb/TodayRaceInfo/RaceMarkTable?k_raceDate=1985%2F09%2F27&k_raceNo=4&k_babaCode=21,data/cache/html/19850927_kawasaki_4.html
19850927_kawasaki_5,1985-09-27,kawasaki,5,https://www.keiba.go.jp/KeibaWeb/TodayRaceInfo/RaceMarkTable?k_raceDate=1985%2F09%2F27&k_raceNo=5&k_babaCode=21,data/cache/html/19850927_kawasaki_5.html
19850927_kawasaki_6,1985-09-27,kawasaki,6,https://www.keiba.go.jp/KeibaWeb/TodayRaceInfo/RaceMarkTable?k_raceDate=1985%2F09%2F27&k_raceNo=6&k_babaCode=21,data/cache/html/19850927_kawasaki_6.html
19850927_kawasaki_7,1985-09-27,kawasaki,7,https://www.keiba.go.jp/KeibaWeb/TodayRaceInfo/RaceMarkTable?k_raceDate=1985%2F09%2F27&k_raceNo=7&k_babaCode=21,data/cache/html/19850927_kawasaki_7.html
19850927_kawasaki_8,1985-09-27,kawasaki,8,https://www.keiba.go.jp/KeibaWeb/TodayRaceInfo/RaceMarkTable?k_raceDate=1985%2F09%2F27&k_raceNo=8&k_babaCode=21,data/cache/html/19850927_kawasaki_8.html
19850927_kawasaki_9,1985-09-27,kawasaki,9,https://www.keiba.go.jp/KeibaWeb/TodayRaceInfo/RaceMarkTable?k_raceDate=1985%2F09%2F27&k_raceNo=9&k_babaCode=21,data/cache/html/19850927_kawasaki_9.html
19850927_kawasaki_10,1985-09-27,kawasaki,10,https://www.keiba.go.jp/KeibaWeb/TodayRaceInfo/RaceMarkTable?k_raceDate=1985%2F09%2F27&k_raceNo=10&k_babaCode=21,data/cache/html/19850927_kawasaki_10.html
19850927_kawasaki_11,1985-09-27,kawasaki,11,https://www.keiba.go.jp/KeibaWeb/TodayRaceInfo/RaceMarkTable?k_raceDate=1985%2F09%2F27&k_raceNo=11&k_babaCode=21,data/cache/html/19850927_kawasaki_11.html
19850927_kawasaki_12,1985-09-27,kawasaki,12,https://www.keiba.go.jp/KeibaWeb/TodayRaceInfo/RaceMarkTable?k_raceDate=1985%2F09%2F27&k_raceNo=12&k_babaCode=21,data/cache/html/19850927_kawasaki_12.html
19850926_kawasaki_1,1985-09-26,kawasaki,1,https://www.keiba.go.jp/KeibaWeb/TodayRaceInfo/RaceMarkTable?k_raceDate=1985%2F09%2F26&k_raceNo=1&k_babaCode=21,data/cache/html/19850926_kawasaki_1.html
19850926_kawasaki_2,1985-09-26,kawasaki,2,https://www.keiba.go.jp/KeibaWeb/TodayRaceInfo/RaceMarkTable?k_raceDate=1985%2F09%2F26&k_raceNo=2&k_babaCode=21,data/cache/html/19850926_kawasaki_2.html
19850926_kawasaki_3,1985-09-26,kawasaki,3,https://www.keiba.go.jp/KeibaWeb/TodayRaceInfo/RaceMarkTable?k_raceDate=1985%2F09%2F26&k_raceNo=3&k_babaCode=21,data/cache/html/19850926_kawasaki_3.html
19850926_kawasaki_4,1985-09-26,kawasaki,4,https://www.keiba.go.jp/KeibaWeb/TodayRaceInfo/RaceMarkTable?k_raceDate=1985%2F09%2F26&k_raceNo=4&k_babaCode=21,data/cache/html/19850926_kawasaki_4.html
19850926_kawasaki_5,1985-09-26,kawasaki,5,https://www.keiba.go.jp/KeibaWeb/TodayRaceInfo/RaceMarkTable?k_raceDate=1985%2F09%2F26&k_raceNo=5&k_babaCode=21,data/cache/html/19850926_kawasaki_5.html
19850926_kawasaki_6,1985-09-26,kawasaki,6,https://www.keiba.go.jp/KeibaWeb/TodayRaceInfo/RaceMarkTable?k_raceDate=1985%2F09%2F26&k_raceNo=6&k_babaCode=21,data/cache/html/19850926_kawasaki_6.html
19850926_kawasaki_7,1985-09-26,kawasaki,7,https://www.keiba.go.jp/KeibaWeb/TodayRaceInfo/RaceMarkTable?k_raceDate=1985%2F09%2F26&k_raceNo=7&k_babaCode=21,data/cache/html/19850926_kawasaki_7.html
19850926_kawasaki_8,1985-09-26,kawasaki,8,https://www.keiba.go.jp/KeibaWeb/TodayRaceInfo/RaceMarkTable?k_raceDate=1985%2F09%2F26&k_raceNo=8&k_babaCode=21,data/cache/html/19850926_kawasaki_8.html
19850926_kawasaki_9,1985-09-26,kawasaki,9,https://www.keiba.go.jp/KeibaWeb/TodayRaceInfo/RaceMarkTable?k_raceDate=1985%2F09%2F26&k_raceNo=9&k_babaCode=21,data/cache/html/19850926_kawasaki_9.html
19850926_kawasaki_10,1985-09-26,kawasaki,10,https://www.keiba.go.jp/KeibaWeb/TodayRaceInfo/RaceMarkTable?k_raceDate=1985%2F09%2F26&k_raceNo=10&k_babaCode=21,data/cache/html/19850926_kawasaki_10.html
19850926_kawasaki_11,1985-09-26,kawasaki,11,https://www.keiba.go.jp/KeibaWeb/TodayRaceInfo/RaceMarkTable?k_raceDate=1985%2F09%2F26&k_raceNo=11&k_babaCode=21,data/cache/html/19850926_kawasaki_11.html
19850926_kawasaki_12,1985-09-26,kawasaki,12,https://www.keiba.go.jp/KeibaWeb/TodayRaceInfo/RaceMarkTable?k_raceDate=1985%2F09%2F26&k_raceNo=12&k_babaCode=21,data/cache/html/19850926_kawasaki_12.html
19850925_kawasaki_1,1985-09-25,kawasaki,1,https://www.keiba.go.jp/KeibaWeb/TodayRaceInfo/RaceMarkTable?k_raceDate=1985%2F09%2F25&k_raceNo=1&k_babaCode=21,data/cache/html/19850925_kawasaki_1.html
19850925_kawasaki_2,1985-09-25,kawasaki,2,https://www.keiba.go.jp/KeibaWeb/TodayRaceInfo/RaceMarkTable?k_raceDate=1985%2F09%2F25&k_raceNo=2&k_babaCode=21,data/cache/html/19850925_kawasaki_2.html
19850925_kawasaki_3,1985-09-25,kawasaki,3,https://www.keiba.go.jp/KeibaWeb/TodayRaceInfo/RaceMarkTable?k_raceDate=1985%2F09%2F25&k_raceNo=3&k_babaCode=21,data/cache/html/19850925_kawasaki_3.html
19850925_kawasaki_4,1985-09-25,kawasaki,4,https://www.keiba.go.jp/KeibaWeb/TodayRaceInfo/RaceMarkTable?k_raceDate=1985%2F09%2F25&k_raceNo=4&k_babaCode=21,data/cache/html/19850925_kawasaki_4.html
19850925_kawasaki_5,1985-09-25,kawasaki,5,https://www.keiba.go.jp/KeibaWeb/TodayRaceInfo/RaceMarkTable?k_raceDate=1985%2F09%2F25&k_raceNo=5&k_babaCode=21,data/cache/html/19850925_kawasaki_5.html
19850925_kawasaki_6,1985-09-25,kawasaki,6,https://www.keiba.go.jp/KeibaWeb/TodayRaceInfo/RaceMarkTable?k_raceDate=1985%2F09%2F25&k_raceNo=6&k_babaCode=21,data/cache/html/19850925_kawasaki_6.html
19850925_kawasaki_7,1985-09-25,kawasaki,7,https://www.keiba.go.jp/KeibaWeb/TodayRaceInfo/RaceMarkTable?k_raceDate=1985%2F09%2F25&k_raceNo=7&k_babaCode=21,data/cache/html/19850925_kawasaki_7.html
19850925_kawasaki_8,1985-09-25,kawasaki,8,https://www.keiba.go.jp/KeibaWeb/TodayRaceInfo/RaceMarkTable?k_raceDate=1985%2F09%2F25&k_raceNo=8&k_babaCode=21,data/cache/html/19850925_kawasaki_8.html
19850925_kawasaki_9,1985-09-25,kawasaki,9,https://www.keiba.go.jp/KeibaWeb/TodayRaceInfo/RaceMarkTable?k_raceDate=1985%2F09%2F25&k_raceNo=9&k_babaCode=21,data/cache/html/19850925_kawasaki_9.html
19850925_kawasaki_10,1985-09-25,kawasaki,10,https://www.keiba.go.jp/KeibaWeb/TodayRaceInfo/RaceMarkTable?k_raceDate=1985%2F09%2F25&k_raceNo=10&k_babaCode=21,data/cache/html/19850925_kawasaki_10.html
19850925_kawasaki_11,1985-09-25,kawasaki,11,https://www.keiba.go.jp/KeibaWeb/TodayRaceInfo/RaceMarkTable?k_raceDate=1985%2F09%2F25&k_raceNo=11&k_babaCode=21,data/cache/html/19850925_kawasaki_11.html
19850925_kawasaki_12,1985-09-25,kawasaki,12,https://www.keiba.go.jp/KeibaWeb/TodayRaceInfo/RaceMarkTable?k_raceDate=1985%2F09%2F25&k_raceNo=12&k_babaCode=21,data/cache/html/19850925_kawasaki_12.html
19850924_kawasaki_1,1985-09-24,kawasaki,1,https://www.keiba.go.jp/KeibaWeb/TodayRaceInfo/RaceMarkTable?k_raceDate=1985%2F09%2F24&k_raceNo=1&k_babaCode=21,data/cache/html/19850924_kawasaki_1.html
19850924_kawasaki_2,1985-09-24,kawasaki,2,https://www.keiba.go.jp/KeibaWeb/TodayRaceInfo/RaceMarkTable?k_raceDate=1985%2F09%2F24&k_raceNo=2&k_babaCode=21,data/cache/html/19850924_kawasaki_2.html
19850924_kawasaki_3,1985-09-24,kawasaki,3,https://www.keiba.go.jp/KeibaWeb/TodayRaceInfo/RaceMarkTable?k_raceDate=1985%2F09%2F24&k_raceNo=3&k_babaCode=21,data/cache/html/19850924_kawasaki_3.html
19850924_kawasaki_4,1985-09-24,kawasaki,4,https://www.keiba.go.jp/KeibaWeb/TodayRaceInfo/RaceMarkTable?k_raceDate=1985%2F09%2F24&k_raceNo=4&k_babaCode=21,data/cache/html/19850924_kawasaki_4.html
19850924_kawasaki_5,1985-09-24,kawasaki,5,https://www.keiba.go.jp/KeibaWeb/TodayRaceInfo/RaceMarkTable?k_raceDate=1985%2F09%2F24&k_raceNo=5&k_babaCode=21,data/cache/html/19850924_kawasaki_5.html
19850924_kawasaki_6,1985-09-24,kawasaki,6,https://www.keiba.go.jp/KeibaWeb/TodayRaceInfo/RaceMarkTable?k_raceDate=1985%2F09%2F24&k_raceNo=6&k_babaCode=21,data/cache/html/19850924_kawasaki_6.html
19850924_kawasaki_7,1985-09-24,kawasaki,7,https://www.keiba.go.jp/KeibaWeb/TodayRaceInfo/RaceMarkTable?k_raceDate=1985%2F09%2F24&k_raceNo=7&k_babaCode=21,data/cache/html/19850924_kawasaki_7.html
19850924_kawasaki_8,1985-09-24,kawasaki,8,https://www.keiba.go.jp/KeibaWeb/TodayRaceInfo/RaceMarkTable?k_raceDate=1985%2F09%2F24&k_raceNo=8&k_babaCode=21,data/cache/html/19850924_kawasaki_8.html
19850924_kawasaki_9,1985-09-24,kawasaki,9,https://www.keiba.go.jp/KeibaWeb/TodayRaceInfo/RaceMarkTable?k_raceDate=1985%2F09%2F24&k_raceNo=9&k_babaCode=21,data/cache/html/19850924_kawasaki_9.html
19850924_kawasaki_10,1985-09-24,kawasaki,10,https://www.keiba.go.jp/KeibaWeb/TodayRaceInfo/RaceMarkTable?k_raceDate=1985%2F09%2F24&k_raceNo=10&k_babaCode=21,data/cache/html/19850924_kawasaki_10.html
19850924_kawasaki_11,1985-09-24,kawasaki,11,https://www.keiba.go.jp/KeibaWeb/TodayRaceInfo/RaceMarkTable?k_raceDate=1985%2F09%2F24&k_raceNo=11&k_babaCode=21,data/cache/html/19850924_kawasaki_11.html
19850924_kawasaki_12,1985-09-24,kawasaki,12,https://www.keiba.go.jp/KeibaWeb/TodayRaceInfo/RaceMarkTable?k_raceDate=1985%2F09%2F24&k_raceNo=12&k_babaCode=21,data/cache/html/19850924_kawasaki_12.html
19850923_kawasaki_1,1985-09-23,kawasaki,1,https://www.keiba.go.jp/KeibaWeb/TodayRaceInfo/RaceMarkTable?k_raceDate=1985%2F09%2F23&k_raceNo=1&k_babaCode=21,data/cache/html/19850923_kawasaki_1.html
19850923_kawasaki_2,1985-09-23,kawasaki,2,https://www.keiba.go.jp/KeibaWeb/TodayRaceInfo/RaceMarkTable?k_raceDate=1985%2F09%2F23&k_raceNo=2&k_babaCode=21,data/cache/html/19850923_kawasaki_2.html
19850923_kawasaki_3,1985-09-23,kawasaki,3,https://www.keiba.go.jp/KeibaWeb/TodayRaceInfo/RaceMarkTable?k_raceDate=1985%2F09%2F23&k_raceNo=3&k_babaCode=21,data/cache/html/19850923_kawasaki_3.html
19850923_kawasaki_4,1985-09-23,kawasaki,4,https://www.keiba.go.jp/KeibaWeb/TodayRaceInfo/RaceMarkTable?k_raceDate=1985%2F09%2F23&k_raceNo=4&k_babaCode=21,data/cache/html/19850923_kawasaki_4.html
19850923_kawasaki_5,1985-09-23,kawasaki,5,https://www.keiba.go.jp/KeibaWeb/TodayRaceInfo/RaceMarkTable?k_raceDate=1985%2F09%2F23&k_raceNo=5&k_babaCode=21,data/cache/html/19850923_kawasaki_5.html
19850923_kawasaki_6,1985-09-23,kawasaki,6,https://www.keiba.go.jp/KeibaWeb/TodayRaceInfo/RaceMarkTable?k_raceDate=1985%2F09%2F23&k_raceNo=6&k_babaCode=21,data/cache/html/19850923_kawasaki_6.html
19850923_kawasaki_7,1985-09-23,kawasaki,7,https://www.keiba.go.jp/KeibaWeb/TodayRaceInfo/RaceMarkTable?k_raceDate=1985%2F09%2F23&k_raceNo=7&k_babaCode=21,data/cache/html/19850923_kawasaki_7.html
19850923_kawasaki_8,1985-09-23,kawasaki,8,https://www.keiba.go.jp/KeibaWeb/TodayRaceInfo/RaceMarkTable?k_raceDate=1985%2F09%2F23&k_raceNo=8&k_babaCode=21,data/cache/html/19850923_kawasaki_8.html
19850923_kawasaki_9,1985-09-23,kawasaki,9,https://www.keiba.go.jp/KeibaWeb/TodayRaceInfo/RaceMarkTable?k_raceDate=1985%2F09%2F23&k_raceNo=9&k_babaCode=21,data/cache/html/19850923_kawasaki_9.html
19850923_kawasaki_10,1985-09-23,kawasaki,10,https://www.keiba.go.jp/KeibaWeb/TodayRaceInfo/RaceMarkTable?k_raceDate=1985%2F09%2F23&k_raceNo=10&k_babaCode=21,data/cache/html/19850923_kawasaki_10.html
19850923_kawasaki_11,1985-09-23,kawasaki,11,https://www.keiba.go.jp/KeibaWeb/TodayRaceInfo/RaceMarkTable?k_raceDate=1985%2F09%2F23&k_raceNo=11&k_babaCode=21,data/cache/html/19850923_kawasaki_11.html
19850923_kawasaki_12,1985-09-23,kawasaki,12,https://www.keiba.go.jp/KeibaWeb/TodayRaceInfo/RaceMarkTable?k_raceDate=1985%2F09%2F23&k_raceNo=12&k_babaCode=21,data/cache/html/19850923_kawasaki_12.html
19850922_kawasaki_1,1985-09-22,kawasaki,1,https://www.keiba.go.jp/KeibaWeb/TodayRaceInfo/RaceMarkTable?k_raceDate=1985%2F09%2F22&k_raceNo=1&k_babaCode=21,data/cache/html/19850922_kawasaki_1.html
19850922_kawasaki_2,1985-09-22,kawasaki,2,https://www.keiba.go.jp/KeibaWeb/TodayRaceInfo/RaceMarkTable?k_raceDate=1985%2F09%2F22&k_raceNo=2&k_babaCode=21,data/cache/html/19850922_kawasaki_2.html
19850922_kawasaki_3,1985-09-22,kawasaki,3,https://www.keiba.go.jp/KeibaWeb/TodayRaceInfo/RaceMarkTable?k_raceDate=1985%2F09%2F22&k_raceNo=3&k_babaCode=21,data/cache/html/19850922_kawasaki_3.html
19850922_kawasaki_4,1985-09-22,kawasaki,4,https://www.keiba.go.jp/KeibaWeb/TodayRaceInfo/RaceMarkTable?k_raceDate=1985%2F09%2F22&k_raceNo=4&k_babaCode=21,data/cache/html/19850922_kawasaki_4.html
19850922_kawasaki_5,1985-09-22,kawasaki,5,https://www.keiba.go.jp/KeibaWeb/TodayRaceInfo/RaceMarkTable?k_raceDate=1985%2F09%2F22&k_raceNo=5&k_babaCode=21,data/cache/html/19850922_kawasaki_5.html
19850922_kawasaki_6,1985-09-22,kawasaki,6,https://www.keiba.go.jp/KeibaWeb/TodayRaceInfo/RaceMarkTable?k_raceDate=1985%2F09%2F22&k_raceNo=6&k_babaCode=21,data/cache/html/19850922_kawasaki_6.html
19850922_kawasaki_7,1985-09-22,kawasaki,7,https://www.keiba.go.jp/KeibaWeb/TodayRaceInfo/RaceMarkTable?k_raceDate=1985%2F09%2F22&k_raceNo=7&k_babaCode=21,data/cache/html/19850922_kawasaki_7.html
19850922_kawasaki_8,1985-09-22,kawasaki,8,https://www.keiba.go.jp/KeibaWeb/TodayRaceInfo/RaceMarkTable?k_raceDate=1985%2F09%2F22&k_raceNo=8&k_babaCode=21,data/cache/html/19850922_kawasaki_8.html
19850922_kawasaki_9,1985-09-22,kawasaki,9,https://www.keiba.go.jp/KeibaWeb/TodayRaceInfo/RaceMarkTable?k_raceDate=1985%2F09%2F22&k_raceNo=9&k_babaCode=21,data/cache/html/19850922_kawasaki_9.html
19850922_kawasaki_10,1985-09-22,kawasaki,10,https://www.keiba.go.jp/KeibaWeb/TodayRaceInfo/RaceMarkTable?k_raceDate=1985%2F09%2F22&k_raceNo=10&k_babaCode=21,data/cache/html/19850922_kawasaki_10.html
19850922_kawasaki_11,1985-09-22,kawasaki,11,https://www.keiba.go.jp/KeibaWeb/TodayRaceInfo/RaceMarkTable?k_raceDate=1985%2F09%2F22&k_raceNo=11&k_babaCode=21,data/cache/html/19850922_kawasaki_11.html
19850922_kawasaki_12,1985-09-22,kawasaki,12,https://www.keiba.go.jp/KeibaWeb/TodayRaceInfo/RaceMarkTable?k_raceDate=1985%2F09%2F22&k_raceNo=12&k_babaCode=21,data/cache/html/19850922_kawasaki_12.html
19850921_kawasaki_1,1985-09-21,kawasaki,1,https://www.keiba.go.jp/KeibaWeb/TodayRaceInfo/RaceMarkTable?k_raceDate=1985%2F09%2F21&k_raceNo=1&k_babaCode=21,data/cache/html/19850921_kawasaki_1.html
19850921_kawasaki_2,1985-09-21,kawasaki,2,https://www.keiba.go.jp/KeibaWeb/TodayRaceInfo/RaceMarkTable?k_raceDate=1985%2F09%2F21&k_raceNo=2&k_babaCode=21,data/cache/html/19850921_kawasaki_2.html
19850921_kawasaki_3,1985-09-21,kawasaki,3,https://www.keiba.go.jp/KeibaWeb/TodayRaceInfo/RaceMarkTable?k_raceDate=1985%2F09%2F21&k_raceNo=3&k_babaCode=21,data/cache/html/19850921_kawasaki_3.html
19850921_kawasaki_4,1985-09-21,kawasaki,4,https://www.keiba.go.jp/KeibaWeb/TodayRaceInfo/RaceMarkTable?k_raceDate=1985%2F09%2F21&k_raceNo=4&k_babaCode=21,data/cache/html/19850921_kawasaki_4.html
19850921_kawasaki_5,1985-09-21,kawasaki,5,https://www.keiba.go.jp/KeibaWeb/TodayRaceInfo/RaceMarkTable?k_raceDate=1985%2F09%2F21&k_raceNo=5&k_babaCode=21,data/cache/html/19850921_kawasaki_5.html
19850921_kawasaki_6,1985-09-21,kawasaki,6,https://www.keiba.go.jp/KeibaWeb/TodayRaceInfo/RaceMarkTable?k_raceDate=1985%2F09%2F21&k_raceNo=6&k_babaCode=21,data/cache/html/19850921_kawasaki_6.html
19850921_kawasaki_7,1985-09-21,kawasaki,7,https://www.keiba.go.jp/KeibaWeb/TodayRaceInfo/RaceMarkTable?k_raceDate=1985%2F09%2F21&k_raceNo=7&k_babaCode=21,data/cache/html/19850921_kawasaki_7.html
19850921_kawasaki_8,1985-09-21,kawasaki,8,https://www.keiba.go.jp/KeibaWeb/TodayRaceInfo/RaceMarkTable?k_raceDate=1985%2F09%2F21&k_raceNo=8&k_babaCode=21,data/cache/html/19850921_kawasaki_8.html
19850921_kawasaki_9,1985-09-21,kawasaki,9,https://www.keiba.go.jp/KeibaWeb/TodayRaceInfo/RaceMarkTable?k_raceDate=1985%2F09%2F21&k_raceNo=9&k_babaCode=21,data/cache/html/19850921_kawasaki_9.html
19850921_kawasaki_10,1985-09-21,kawasaki,10,https://www.keiba.go.jp/KeibaWeb/TodayRaceInfo/RaceMarkTable?k_raceDate=1985%2F09%2F21&k_raceNo=10&k_babaCode=21,data/cache/html/19850921_kawasaki_10.html
19850921_kawasaki_11,1985-09-21,kawasaki,11,https://www.keiba.go.jp/KeibaWeb/TodayRaceInfo/RaceMarkTable?k_raceDate=1985%2F09%2F21&k_raceNo=11&k_babaCode=21,data/cache/html/19850921_kawasaki_11.html
19850921_kawasaki_12,1985-09-21,kawasaki,12,https://www.keiba.go.jp/KeibaWeb/TodayRaceInfo/RaceMarkTable?k_raceDate=1985%2F09%2F21&k_raceNo=12&k_babaCode=21,data/cache/html/19850921_kawasaki_12.html
19850920_kawasaki_1,1985-09-20,kawasaki,1,https://www.keiba.go.jp/KeibaWeb/TodayRaceInfo/RaceMarkTable?k_raceDate=1985%2F09%2F20&k_raceNo=1&k_babaCode=21,data/cache/html/19850920_kawasaki_1.html
19850920_kawasaki_2,1985-09-20,kawasaki,2,https://www.keiba.go.jp/KeibaWeb/TodayRaceInfo/RaceMarkTable?k_raceDate=1985%2F09%2F20&k_raceNo=2&k_babaCode=21,data/cache/html/19850920_kawasaki_2.html
19850920_kawasaki_3,1985-09-20,kawasaki,3,https://www.keiba.go.jp/KeibaWeb/TodayRaceInfo/RaceMarkTable?k_raceDate=1985%2F09%2F20&k_raceNo=3&k_babaCode=21,data/cache/html/19850920_kawasaki_3.html
19850920_kawasaki_4,1985-09-20,kawasaki,4,https://www.keiba.go.jp/KeibaWeb/TodayRaceInfo/RaceMarkTable?k_raceDate=1985%2F09%2F20&k_raceNo=4&k_babaCode=21,data/cache/html/19850920_kawasaki_4.html
19850920_kawasaki_5,1985-09-20,kawasaki,5,https://www.keiba.go.jp/KeibaWeb/TodayRaceInfo/RaceMarkTable?k_raceDate=1985%2F09%2F20&k_raceNo=5&k_babaCode=21,data/cache/html/19850920_kawasaki_5.html
19850920_kawasaki_6,1985-09-20,kawasaki,6,https://www.keiba.go.jp/KeibaWeb/TodayRaceInfo/RaceMarkTable?k_raceDate=1985%2F09%2F20&k_raceNo=6&k_babaCode=21,data/cache/html/19850920_kawasaki_6.html
19850920_kawasaki_7,1985-09-20,kawasaki,7,https://www.keiba.go.jp/KeibaWeb/TodayRaceInfo/RaceMarkTable?k_raceDate=1985%2F09%2F20&k_raceNo=7&k_babaCode=21,data/cache/html/19850920_kawasaki_7.html
19850920_kawasaki_8,1985-09-20,kawasaki,8,https://www.keiba.go.jp/KeibaWeb/TodayRaceInfo/RaceMarkTable?k_raceDate=1985%2F09%2F20&k_raceNo=8&k_babaCode=21,data/cache/html/19850920_kawasaki_8.html
19850920_kawasaki_9,1985-09-20,kawasaki,9,https://www.keiba.go.jp/KeibaWeb/TodayRaceInfo/RaceMarkTable?k_raceDate=1985%2F09%2F20&k_raceNo=9&k_babaCode=21,data/cache/html/19850920_kawasaki_9.html
19850920_kawasaki_10,1985-09-20,kawasaki,10,https://www.keiba.go.jp/KeibaWeb/TodayRaceInfo/RaceMarkTable?k_raceDate=1985%2F09%2F20&k_raceNo=10&k_babaCode=21,data/cache/html/19850920_kawasaki_10.html
19850920_kawasaki_11,1985-09-20,kawasaki,11,https://www.keiba.go.jp/KeibaWeb/TodayRaceInfo/RaceMarkTable?k_raceDate=1985%2F09%2F20&k_raceNo=11&k_babaCode=21,data/cache/html/19850920_kawasaki_11.html
19850920_kawasaki_12,1985-09-20,kawasaki,12,https://www.keiba.go.jp/KeibaWeb/TodayRaceInfo/RaceMarkTable?k_raceDate=1985%2F09%2F20&k_raceNo=12&k_babaCode=21,data/cache/html/19850920_kawasaki_12.html
19850919_kawasaki_1,1985-09-19,kawasaki,1,https://www.keiba.go.jp/KeibaWeb/TodayRaceInfo/RaceMarkTable?k_raceDate=1985%2F09%2F19&k_raceNo=1&k_babaCode=21,data/cache/html/19850919_kawasaki_1.html
19850919_kawasaki_2,1985-09-19,kawasaki,2,https://www.keiba.go.jp/KeibaWeb/TodayRaceInfo/RaceMarkTable?k_raceDate=1985%2F09%2F19&k_raceNo=2&k_babaCode=21,data/cache/html/19850919_kawasaki_2.html
19850919_kawasaki_3,1985-09-19,kawasaki,3,https://www.keiba.go.jp/KeibaWeb/TodayRaceInfo/RaceMarkTable?k_raceDate=1985%2F09%2F19&k_raceNo=3&k_babaCode=21,data/cache/html/19850919_kawasaki_3.html
19850919_kawasaki_4,1985-09-19,kawasaki,4,https://www.keiba.go.jp/KeibaWeb/TodayRaceInfo/RaceMarkTable?k_raceDate=1985%2F09%2F19&k_raceNo=4&k_babaCode=21,data/cache/html/19850919_kawasaki_4.html
19850919_kawasaki_5,1985-09-19,kawasaki,5,https://www.keiba.go.jp/KeibaWeb/TodayRaceInfo/RaceMarkTable?k_raceDate=1985%2F09%2F19&k_raceNo=5&k_babaCode=21,data/cache/html/19850919_kawasaki_5.html
19850919_kawasaki_6,1985-09-19,kawasaki,6,https://www.keiba.go.jp/KeibaWeb/TodayRaceInfo/RaceMarkTable?k_raceDate=1985%2F09%2F19&k_raceNo=6&k_babaCode=21,data/cache/html/19850919_kawasaki_6.html
19850919_kawasaki_7,1985-09-19,kawasaki,7,https://www.keiba.go.jp/KeibaWeb/TodayRaceInfo/RaceMarkTable?k_raceDate=1985%2F09%2F19&k_raceNo=7&k_babaCode=21,data/cache/html/19850919_kawasaki_7.html
19850919_kawasaki_8,1985-09-19,kawasaki,8,https://www.keiba.go.jp/KeibaWeb/TodayRaceInfo/RaceMarkTable?k_raceDate=1985%2F09%2F19&k_raceNo=8&k_babaCode=21,data/cache/html/19850919_kawasaki_8.html
19850919_kawasaki_9,1985-09-19,kawasaki,9,https://www.keiba.go.jp/KeibaWeb/TodayRaceInfo/RaceMarkTable?k_raceDate=1985%2F09%2F19&k_raceNo=9&k_babaCode=21,data/cache/html/19850919_kawasaki_9.html
19850919_kawasaki_10,1985-09-19,kawasaki,10,https://www.keiba.go.jp/KeibaWeb/TodayRaceInfo/RaceMarkTable?k_raceDate=1985%2F09%2F19&k_raceNo=10&k_babaCode=21,data/cache/html/19850919_kawasaki_10.html
19850919_kawasaki_11,1985-09-19,kawasaki,11,https://www.keiba.go.jp/KeibaWeb/TodayRaceInfo/RaceMarkTable?k_raceDate=1985%2F09%2F19&k_raceNo=11&k_babaCode=21,data/cache/html/19850919_kawasaki_11.html
19850919_kawasaki_12,1985-09-19,kawasaki,12,https://www.keiba.go.jp/KeibaWeb/TodayRaceInfo/RaceMarkTable?k_raceDate=1985%2F09%2F19&k_raceNo=12&k_babaCode=21,data/cache/html/19850919_kawasaki_12.html
19850918_kawasaki_1,1985-09-18,kawasaki,1,https://www.keiba.go.jp/KeibaWeb/TodayRaceInfo/RaceMarkTable?k_raceDate=1985%2F09%2F18&k_raceNo=1&k_babaCode=21,data/cache/html/19850918_kawasaki_1.html
19850918_kawasaki_2,1985-09-18,kawasaki,2,https://www.keiba.go.jp/KeibaWeb/TodayRaceInfo/RaceMarkTable?k_raceDate=1985%2F09%2F18&k_raceNo=2&k_babaCode=21,data/cache/html/19850918_kawasaki_2.html
19850918_kawasaki_3,1985-09-18,kawasaki,3,https://www.keiba.go.jp/KeibaWeb/TodayRaceInfo/RaceMarkTable?k_raceDate=1985%2F09%2F18&k_raceNo=3&k_babaCode=21,data/cache/html/19850918_kawasaki_3.html
19850918_kawasaki_4,1985-09-18,kawasaki,4,https://www.keiba.go.jp/KeibaWeb/TodayRaceInfo/RaceMarkTable?k_raceDate=1985%2F09%2F18&k_raceNo=4&k_babaCode=21,data/cache/html/19850918_kawasaki_4.html
19850918_kawasaki_5,1985-09-18,kawasaki,5,https://www.keiba.go.jp/KeibaWeb/TodayRaceInfo/RaceMarkTable?k_raceDate=1985%2F09%2F18&k_raceNo=5&k_babaCode=21,data/cache/html/19850918_kawasaki_5.html
19850918_kawasaki_6,1985-09-18,kawasaki,6,https://www.keiba.go.jp/KeibaWeb/TodayRaceInfo/RaceMarkTable?k_raceDate=1985%2F09%2F18&k_raceNo=6&k_babaCode=21,data/cache/html/19850918_kawasaki_6.html
19850918_kawasaki_7,1985-09-18,kawasaki,7,https://www.keiba.go.jp/KeibaWeb/TodayRaceInfo/RaceMarkTable?k_raceDate=1985%2F09%2F18&k_raceNo=7&k_babaCode=21,data/cache/html/19850918_kawasaki_7.html
19850918_kawasaki_8,1985-09-18,kawasaki,8,https://www.keiba.go.jp/KeibaWeb/TodayRaceInfo/RaceMarkTable?k_raceDate=1985%2F09%2F18&k_raceNo=8&k_babaCode=21,data/cache/html/19850918_kawasaki_8.html
19850918_kawasaki_9,1985-09-18,kawasaki,9,https://www.keiba.go.jp/KeibaWeb/TodayRaceInfo/RaceMarkTable?k_raceDate=1985%2F09%2F18&k_raceNo=9&k_babaCode=21,data/cache/html/19850918_kawasaki_9.html
19850918_kawasaki_10,1985-09-18,kawasaki,10,https://www.keiba.go.jp/KeibaWeb/TodayRaceInfo/RaceMarkTable?k_raceDate=1985%2F09%2F18&k_raceNo=10&k_babaCode=21,data/cache/html/19850918_kawasaki_10.html
19850918_kawasaki_11,1985-09-18,kawasaki,11,https://www.keiba.go.jp/KeibaWeb/TodayRaceInfo/RaceMarkTable?k_raceDate=1985%2F09%2F18&k_raceNo=11&k_babaCode=21,data/cache/html/19850918_kawasaki_11.html
19850918_kawasaki_12,1985-09-18,kawasaki,12,https://www.keiba.go.jp/KeibaWeb/TodayRaceInfo/RaceMarkTable?k_raceDate=1985%2F09%2F18&k_raceNo=12&k_babaCode=21,data/cache/html/19850918_kawasaki_12.html
19850917_kawasaki_1,1985-09-17,kawasaki,1,https://www.keiba.go.jp/KeibaWeb/TodayRaceInfo/RaceMarkTable?k_raceDate=1985%2F09%2F17&k_raceNo=1&k_babaCode=21,data/cache/html/19850917_kawasaki_1.html
19850917_kawasaki_2,1985-09-17,kawasaki,2,https://www.keiba.go.jp/KeibaWeb/TodayRaceInfo/RaceMarkTable?k_raceDate=1985%2F09%2F17&k_raceNo=2&k_babaCode=21,data/cache/html/19850917_kawasaki_2.html
19850917_kawasaki_3,1985-09-17,kawasaki,3,https://www.keiba.go.jp/KeibaWeb/TodayRaceInfo/RaceMarkTable?k_raceDate=1985%2F09%2F17&k_raceNo=3&k_babaCode=21,data/cache/html/19850917_kawasaki_3.html
19850917_kawasaki_4,1985-09-17,kawasaki,4,https://www.keiba.go.jp/KeibaWeb/TodayRaceInfo/RaceMarkTable?k_raceDate=1985%2F09%2F17&k_raceNo=4&k_babaCode=21,data/cache/html/19850917_kawasaki_4.html
19850917_kawasaki_5,1985-09-17,kawasaki,5,https://www.keiba.go.jp/KeibaWeb/TodayRaceInfo/RaceMarkTable?k_raceDate=1985%2F09%2F17&k_raceNo=5&k_babaCode=21,data/cache/html/19850917_kawasaki_5.html
19850917_kawasaki_6,1985-09-17,kawasaki,6,https://www.keiba.go.jp/KeibaWeb/TodayRaceInfo/RaceMarkTable?k_raceDate=1985%2F09%2F17&k_raceNo=6&k_babaCode=21,data/cache/html/19850917_kawasaki_6.html
19850917_kawasaki_7,1985-09-17,kawasaki,7,https://www.keiba.go.jp/KeibaWeb/TodayRaceInfo/RaceMarkTable?k_raceDate=1985%2F09%2F17&k_raceNo=7&k_babaCode=21,data/cache/html/19850917_kawasaki_7.html
19850917_kawasaki_8,1985-09-17,kawasaki,8,https://www.keiba.go.jp/KeibaWeb/TodayRaceInfo/RaceMarkTable?k_raceDate=1985%2F09%2F17&k_raceNo=8&k_babaCode=21,data/cache/html/19850917_kawasaki_8.html
19850917_kawasaki_9,1985-09-17,kawasaki,9,https://www.keiba.go.jp/KeibaWeb/TodayRaceInfo/RaceMarkTable?k_raceDate=1985%2F09%2F17&k_raceNo=9&k_babaCode=21,data/cache/html/19850917_kawasaki_9.html
19850917_kawasaki_10,1985-09-17,kawasaki,10,https://www.keiba.go.jp/KeibaWeb/TodayRaceInfo/RaceMarkTable?k_raceDate=1985%2F09%2F17&k_raceNo=10&k_babaCode=21,data/cache/html/19850917_kawasaki_10.html
19850917_kawasaki_11,1985-09-17,kawasaki,11,https://www.keiba.go.jp/KeibaWeb/TodayRaceInfo/RaceMarkTable?k_raceDate=1985%2F09%2F17&k_raceNo=11&k_babaCode=21,data/cache/html/19850917_kawasaki_11.html
19850917_kawasaki_12,1985-09-17,kawasaki,12,https://www.keiba.go.jp/KeibaWeb/TodayRaceInfo/RaceMarkTable?k_raceDate=1985%2F09%2F17&k_raceNo=12&k_babaCode=21,data/cache/html/19850917_kawasaki_12.html
19850916_kawasaki_1,1985-09-16,kawasaki,1,https://www.keiba.go.jp/KeibaWeb/TodayRaceInfo/RaceMarkTable?k_raceDate=1985%2F09%2F16&k_raceNo=1&k_babaCode=21,data/cache/html/19850916_kawasaki_1.html
19850916_kawasaki_2,1985-09-16,kawasaki,2,https://www.keiba.go.jp/KeibaWeb/TodayRaceInfo/RaceMarkTable?k_raceDate=1985%2F09%2F16&k_raceNo=2&k_babaCode=21,data/cache/html/19850916_kawasaki_2.html
19850916_kawasaki_3,1985-09-16,kawasaki,3,https://www.keiba.go.jp/KeibaWeb/TodayRaceInfo/RaceMarkTable?k_raceDate=1985%2F09%2F16&k_raceNo=3&k_babaCode=21,data/cache/html/19850916_kawasaki_3.html
19850916_kawasaki_4,1985-09-16,kawasaki,4,https://www.keiba.go.jp/KeibaWeb/TodayRaceInfo/RaceMarkTable?k_raceDate=1985%2F09%2F16&k_raceNo=4&k_babaCode=21,data/cache/html/19850916_kawasaki_4.html
19850916_kawasaki_5,1985-09-16,kawasaki,5,https://www.keiba.go.jp/KeibaWeb/TodayRaceInfo/RaceMarkTable?k_raceDate=1985%2F09%2F16&k_raceNo=5&k_babaCode=21,data/cache/html/19850916_kawasaki_5.html
19850916_kawasaki_6,1985-09-16,kawasaki,6,https://www.keiba.go.jp/KeibaWeb/TodayRaceInfo/RaceMarkTable?k_raceDate=1985%2F09%2F16&k_raceNo=6&k_babaCode=21,data/cache/html/19850916_kawasaki_6.html
19850916_kawasaki_7,1985-09-16,kawasaki,7,https://www.keiba.go.jp/KeibaWeb/TodayRaceInfo/RaceMarkTable?k_raceDate=1985%2F09%2F16&k_raceNo=7&k_babaCode=21,data/cache/html/19850916_kawasaki_7.html
19850916_kawasaki_8,1985-09-16,kawasaki,8,https://www.keiba.go.jp/KeibaWeb/TodayRaceInfo/RaceMarkTable?k_raceDate=1985%2F09%2F16&k_raceNo=8&k_babaCode=21,data/cache/html/19850916_kawasaki_8.html
19850916_kawasaki_9,1985-09-16,kawasaki,9,https://www.keiba.go.jp/KeibaWeb/TodayRaceInfo/RaceMarkTable?k_raceDate=1985%2F09%2F16&k_raceNo=9&k_babaCode=21,data/cache/html/19850916_kawasaki_9.html
19850916_kawasaki_10,1985-09-16,kawasaki,10,https://www.keiba.go.jp/KeibaWeb/TodayRaceInfo/RaceMarkTable?k_raceDate=1985%2F09%2F16&k_raceNo=10&k_babaCode=21,data/cache/html/19850916_kawasaki_10.html
19850916_kawasaki_11,1985-09-16,kawasaki,11,https://www.keiba.go.jp/KeibaWeb/TodayRaceInfo/RaceMarkTable?k_raceDate=1985%2F09%2F16&k_raceNo=11&k_babaCode=21,data/cache/html/19850916_kawasaki_11.html
19850916_kawasaki_12,1985-09-16,kawasaki,12,https://www.keiba.go.jp/KeibaWeb/TodayRaceInfo/RaceMarkTable?k_raceDate=1985%2F09%2F16&k_raceNo=12&k_babaCode=21,data/cache/html/19850916_kawasaki_12.html
19850915_kawasaki_1,1985-09-15,kawasaki,1,https://www.keiba.go.jp/KeibaWeb/TodayRaceInfo/RaceMarkTable?k_raceDate=1985%2F09%2F15&k_raceNo=1&k_babaCode=21,data/cache/html/19850915_kawasaki_1.html
19850915_kawasaki_2,1985-09-15,kawasaki,2,https://www.keiba.go.jp/KeibaWeb/TodayRaceInfo/RaceMarkTable?k_raceDate=1985%2F09%2F15&k_raceNo=2&k_babaCode=21,data/cache/html/19850915_kawasaki_2.html
19850915_kawasaki_3,1985-09-15,kawasaki,3,https://www.keiba.go.jp/KeibaWeb/TodayRaceInfo/RaceMarkTable?k_raceDate=1985%2F09%2F15&k_raceNo=3&k_babaCode=21,data/cache/html/19850915_kawasaki_3.html
19850915_kawasaki_4,1985-09-15,kawasaki,4,https://www.keiba.go.jp/KeibaWeb/TodayRaceInfo/RaceMarkTable?k_raceDate=1985%2F09%2F15&k_raceNo=4&k_babaCode=21,data/cache/html/19850915_kawasaki_4.html
19850915_kawasaki_5,1985-09-15,kawasaki,5,https://www.keiba.go.jp/KeibaWeb/TodayRaceInfo/RaceMarkTable?k_raceDate=1985%2F09%2F15&k_raceNo=5&k_babaCode=21,data/cache/html/19850915_kawasaki_5.html
19850915_kawasaki_6,1985-09-15,kawasaki,6,https://www.keiba.go.jp/KeibaWeb/TodayRaceInfo/RaceMarkTable?k_raceDate=1985%2F09%2F15&k_raceNo=6&k_babaCode=21,data/cache/html/19850915_kawasaki_6.html
19850915_kawasaki_7,1985-09-15,kawasaki,7,https://www.keiba.go.jp/KeibaWeb/TodayRaceInfo/RaceMarkTable?k_raceDate=1985%2F09%2F15&k_raceNo=7&k_babaCode=21,data/cache/html/19850915_kawasaki_7.html
19850915_kawasaki_8,1985-09-15,kawasaki,8,https://www.keiba.go.jp/KeibaWeb/TodayRaceInfo/RaceMarkTable?k_raceDate=1985%2F09%2F15&k_raceNo=8&k_babaCode=21,data/cache/html/19850915_kawasaki_8.html
19850915_kawasaki_9,1985-09-15,kawasaki,9,https://www.keiba.go.jp/KeibaWeb/TodayRaceInfo/RaceMarkTable?k_raceDate=1985%2F09%2F15&k_raceNo=9&k_babaCode=21,data/cache/html/19850915_kawasaki_9.html
19850915_kawasaki_10,1985-09-15,kawasaki,10,https://www.keiba.go.jp/KeibaWeb/TodayRaceInfo/RaceMarkTable?k_raceDate=1985%2F09%2F15&k_raceNo=10&k_babaCode=21,data/cache/html/19850915_kawasaki_10.html
19850915_kawasaki_11,1985-09-15,kawasaki,11,https://www.keiba.go.jp/KeibaWeb/TodayRaceInfo/RaceMarkTable?k_raceDate=1985%2F09%2F15&k_raceNo=11&k_babaCode=21,data/cache/html/19850915_kawasaki_11.html
19850915_kawasaki_12,1985-09-15,kawasaki,12,https://www.keiba.go.jp/KeibaWeb/TodayRaceInfo/RaceMarkTable?k_raceDate=1985%2F09%2F15&k_raceNo=12&k_babaCode=21,data/cache/html/19850915_kawasaki_12.html
19850914_kawasaki_1,1985-09-14,kawasaki,1,https://www.keiba.go.jp/KeibaWeb/TodayRaceInfo/RaceMarkTable?k_raceDate=1985%2F09%2F14&k_raceNo=1&k_babaCode=21,data/cache/html/19850914_kawasaki_1.html
19850914_kawasaki_2,1985-09-14,kawasaki,2,https://www.keiba.go.jp/KeibaWeb/TodayRaceInfo/RaceMarkTable?k_raceDate=1985%2F09%2F14&k_raceNo=2&k_babaCode=21,data/cache/html/19850914_kawasaki_2.html
19850914_kawasaki_3,1985-09-14,kawasaki,3,https://www.keiba.go.jp/KeibaWeb/TodayRaceInfo/RaceMarkTable?k_raceDate=1985%2F09%2F14&k_raceNo=3&k_babaCode=21,data/cache/html/19850914_kawasaki_3.html
19850914_kawasaki_4,1985-09-14,kawasaki,4,https://www.keiba.go.jp/KeibaWeb/TodayRaceInfo/RaceMarkTable?k_raceDate=1985%2F09%2F14&k_raceNo=4&k_babaCode=21,data/cache/html/19850914_kawasaki_4.html
19850914_kawasaki_5,1985-09-14,kawasaki,5,https://www.keiba.go.jp/KeibaWeb/TodayRaceInfo/RaceMarkTable?k_raceDate=1985%2F09%2F14&k_raceNo=5&k_babaCode=21,data/cache/html/19850914_kawasaki_5.html
19850914_kawasaki_6,1985-09-14,kawasaki,6,https://www.keiba.go.jp/KeibaWeb/TodayRaceInfo/RaceMarkTable?k_raceDate=1985%2F09%2F14&k_raceNo=6&k_babaCode=21,data/cache/html/19850914_kawasaki_6.html
19850914_kawasaki_7,1985-09-14,kawasaki,7,https://www.keiba.go.jp/KeibaWeb/TodayRaceInfo/RaceMarkTable?k_raceDate=1985%2F09%2F14&k_raceNo=7&k_babaCode=21,data/cache/html/19850914_kawasaki_7.html
19850914_kawasaki_8,1985-09-14,kawasaki,8,https://www.keiba.go.jp/KeibaWeb/TodayRaceInfo/RaceMarkTable?k_raceDate=1985%2F09%2F14&k_raceNo=8&k_babaCode=21,data/cache/html/19850914_kawasaki_8.html
19850914_kawasaki_9,1985-09-14,kawasaki,9,https://www.keiba.go.jp/KeibaWeb/TodayRaceInfo/RaceMarkTable?k_raceDate=1985%2F09%2F14&k_raceNo=9&k_babaCode=21,data/cache/html/19850914_kawasaki_9.html
19850914_kawasaki_10,1985-09-14,kawasaki,10,https://www.keiba.go.jp/KeibaWeb/TodayRaceInfo/RaceMarkTable?k_raceDate=1985%2F09%2F14&k_raceNo=10&k_babaCode=21,data/cache/html/19850914_kawasaki_10.html
19850914_kawasaki_11,1985-09-14,kawasaki,11,https://www.keiba.go.jp/KeibaWeb/TodayRaceInfo/RaceMarkTable?k_raceDate=1985%2F09%2F14&k_raceNo=11&k_babaCode=21,data/cache/html/19850914_kawasaki_11.html
19850914_kawasaki_12,1985-09-14,kawasaki,12,https://www.keiba.go.jp/KeibaWeb/TodayRaceInfo/RaceMarkTable?k_raceDate=1985%2F09%2F14&k_raceNo=12&k_babaCode=21,data/cache/html/19850914_kawasaki_12.html
19850913_kawasaki_1,1985-09-13,kawasaki,1,https://www.keiba.go.jp/KeibaWeb/TodayRaceInfo/RaceMarkTable?k_raceDate=1985%2F09%2F13&k_raceNo=1&k_babaCode=21,data/cache/html/19850913_kawasaki_1.html
19850913_kawasaki_2,1985-09-13,kawasaki,2,https://www.keiba.go.jp/KeibaWeb/TodayRaceInfo/RaceMarkTable?k_raceDate=1985%2F09%2F13&k_raceNo=2&k_babaCode=21,data/cache/html/19850913_kawasaki_2.html
19850913_kawasaki_3,1985-09-13,kawasaki,3,https://www.keiba.go.jp/KeibaWeb/TodayRaceInfo/RaceMarkTable?k_raceDate=1985%2F09%2F13&k_raceNo=3&k_babaCode=21,data/cache/html/19850913_kawasaki_3.html
19850913_kawasaki_4,1985-09-13,kawasaki,4,https://www.keiba.go.jp/KeibaWeb/TodayRaceInfo/RaceMarkTable?k_raceDate=1985%2F09%2F13&k_raceNo=4&k_babaCode=21,data/cache/html/19850913_kawasaki_4.html
19850913_kawasaki_5,1985-09-13,kawasaki,5,https://www.keiba.go.jp/KeibaWeb/TodayRaceInfo/RaceMarkTable?k_raceDate=1985%2F09%2F13&k_raceNo=5&k_babaCode=21,data/cache/html/19850913_kawasaki_5.html
19850913_kawasaki_6,1985-09-13,kawasaki,6,https://www.keiba.go.jp/KeibaWeb/TodayRaceInfo/RaceMarkTable?k_raceDate=1985%2F09%2F13&k_raceNo=6&k_babaCode=21,data/cache/html/19850913_kawasaki_6.html
19850913_kawasaki_7,1985-09-13,kawasaki,7,https://www.keiba.go.jp/KeibaWeb/TodayRaceInfo/RaceMarkTable?k_raceDate=1985%2F09%2F13&k_raceNo=7&k_babaCode=21,data/cache/html/19850913_kawasaki_7.html
19850913_kawasaki_8,1985-09-13,kawasaki,8,https://www.keiba.go.jp/KeibaWeb/TodayRaceInfo/RaceMarkTable?k_raceDate=1985%2F09%2F13&k_raceNo=8&k_babaCode=21,data/cache/html/19850913_kawasaki_8.html
19850913_kawasaki_9,1985-09-13,kawasaki,9,https://www.keiba.go.jp/KeibaWeb/TodayRaceInfo/RaceMarkTable?k_raceDate=1985%2F09%2F13&k_raceNo=9&k_babaCode=21,data/cache/html/19850913_kawasaki_9.html
19850913_kawasaki_10,1985-09-13,kawasaki,10,https://www.keiba.go.jp/KeibaWeb/TodayRaceInfo/RaceMarkTable?k_raceDate=1985%2F09%2F13&k_raceNo=10&k_babaCode=21,data/cache/html/19850913_kawasaki_10.html
19850913_kawasaki_11,1985-09-13,kawasaki,11,https://www.keiba.go.jp/KeibaWeb/TodayRaceInfo/RaceMarkTable?k_raceDate=1985%2F09%2F13&k_raceNo=11&k_babaCode=21,data/cache/html/19850913_kawasaki_11.html
19850913_kawasaki_12,1985-09-13,kawasaki,12,https://www.keiba.go.jp/KeibaWeb/TodayRaceInfo/RaceMarkTable?k_raceDate=1985%2F09%2F13&k_raceNo=12&k_babaCode=21,data/cache/html/19850913_kawasaki_12.html
19850912_kawasaki_1,1985-09-12,kawasaki,1,https://www.keiba.go.jp/KeibaWeb/TodayRaceInfo/RaceMarkTable?k_raceDate=1985%2F09%2F12&k_raceNo=1&k_babaCode=21,data/cache/html/19850912_kawasaki_1.html
19850912_kawasaki_2,1985-09-12,kawasaki,2,https://www.keiba.go.jp/KeibaWeb/TodayRaceInfo/RaceMarkTable?k_raceDate=1985%2F09%2F12&k_raceNo=2&k_babaCode=21,data/cache/html/19850912_kawasaki_2.html
19850912_kawasaki_3,1985-09-12,kawasaki,3,https://www.keiba.go.jp/KeibaWeb/TodayRaceInfo/RaceMarkTable?k_raceDate=1985%2F09%2F12&k_raceNo=3&k_babaCode=21,data/cache/html/19850912_kawasaki_3.html
19850912_kawasaki_4,1985-09-12,kawasaki,4,https://www.keiba.go.jp/KeibaWeb/TodayRaceInfo/RaceMarkTable?k_raceDate=1985%2F09%2F12&k_raceNo=4&k_babaCode=21,data/cache/html/19850912_kawasaki_4.html
19850912_kawasaki_5,1985-09-12,kawasaki,5,https://www.keiba.go.jp/KeibaWeb/TodayRaceInfo/RaceMarkTable?k_raceDate=1985%2F09%2F12&k_raceNo=5&k_babaCode=21,data/cache/html/19850912_kawasaki_5.html
19850912_kawasaki_6,1985-09-12,kawasaki,6,https://www.keiba.go.jp/KeibaWeb/TodayRaceInfo/RaceMarkTable?k_raceDate=1985%2F09%2F12&k_raceNo=6&k_babaCode=21,data/cache/html/19850912_kawasaki_6.html
19850912_kawasaki_7,1985-09-12,kawasaki,7,https://www.keiba.go.jp/KeibaWeb/TodayRaceInfo/RaceMarkTable?k_raceDate=1985%2F09%2F12&k_raceNo=7&k_babaCode=21,data/cache/html/19850912_kawasaki_7.html
19850912_kawasaki_8,1985-09-12,kawasaki,8,https://www.keiba.go.jp/KeibaWeb/TodayRaceInfo/RaceMarkTable?k_raceDate=1985%2F09%2F12&k_raceNo=8&k_babaCode=21,data/cache/html/19850912_kawasaki_8.html
19850912_kawasaki_9,1985-09-12,kawasaki,9,https://www.keiba.go.jp/KeibaWeb/TodayRaceInfo/RaceMarkTable?k_raceDate=1985%2F09%2F12&k_raceNo=9&k_babaCode=21,data/cache/html/19850912_kawasaki_9.html
19850912_kawasaki_10,1985-09-12,kawasaki,10,https://www.keiba.go.jp/KeibaWeb/TodayRaceInfo/RaceMarkTable?k_raceDate=1985%2F09%2F12&k_raceNo=10&k_babaCode=21,data/cache/html/19850912_kawasaki_10.html
19850912_kawasaki_11,1985-09-12,kawasaki,11,https://www.keiba.go.jp/KeibaWeb/TodayRaceInfo/RaceMarkTable?k_raceDate=1985%2F09%2F12&k_raceNo=11&k_babaCode=21,data/cache/html/19850912_kawasaki_11.html
19850912_kawasaki_12,1985-09-12,kawasaki,12,https://www.keiba.go.jp/KeibaWeb/TodayRaceInfo/RaceMarkTable?k_raceDate=1985%2F09%2F12&k_raceNo=12&k_babaCode=21,data/cache/html/19850912_kawasaki_12.html
19850911_kawasaki_1,1985-09-11,kawasaki,1,https://www.keiba.go.jp/KeibaWeb/TodayRaceInfo/RaceMarkTable?k_raceDate=1985%2F09%2F11&k_raceNo=1&k_babaCode=21,data/cache/html/19850911_kawasaki_1.html
19850911_kawasaki_2,1985-09-11,kawasaki,2,https://www.keiba.go.jp/KeibaWeb/TodayRaceInfo/RaceMarkTable?k_raceDate=1985%2F09%2F11&k_raceNo=2&k_babaCode=21,data/cache/html/19850911_kawasaki_2.html
19850911_kawasaki_3,1985-09-11,kawasaki,3,https://www.keiba.go.jp/KeibaWeb/TodayRaceInfo/RaceMarkTable?k_raceDate=1985%2F09%2F11&k_raceNo=3&k_babaCode=21,data/cache/html/19850911_kawasaki_3.html
19850911_kawasaki_4,1985-09-11,kawasaki,4,https://www.keiba.go.jp/KeibaWeb/TodayRaceInfo/RaceMarkTable?k_raceDate=1985%2F09%2F11&k_raceNo=4&k_babaCode=21,data/cache/html/19850911_kawasaki_4.html
19850911_kawasaki_5,1985-09-11,kawasaki,5,https://www.keiba.go.jp/KeibaWeb/TodayRaceInfo/RaceMarkTable?k_raceDate=1985%2F09%2F11&k_raceNo=5&k_babaCode=21,data/cache/html/19850911_kawasaki_5.html
19850911_kawasaki_6,1985-09-11,kawasaki,6,https://www.keiba.go.jp/KeibaWeb/TodayRaceInfo/RaceMarkTable?k_raceDate=1985%2F09%2F11&k_raceNo=6&k_babaCode=21,data/cache/html/19850911_kawasaki_6.html
19850911_kawasaki_7,1985-09-11,kawasaki,7,https://www.keiba.go.jp/KeibaWeb/TodayRaceInfo/RaceMarkTable?k_raceDate=1985%2F09%2F11&k_raceNo=7&k_babaCode=21,data/cache/html/19850911_kawasaki_7.html
19850911_kawasaki_8,1985-09-11,kawasaki,8,https://www.keiba.go.jp/KeibaWeb/TodayRaceInfo/RaceMarkTable?k_raceDate=1985%2F09%2F11&k_raceNo=8&k_babaCode=21,data/cache/html/19850911_kawasaki_8.html
19850911_kawasaki_9,1985-09-11,kawasaki,9,https://www.keiba.go.jp/KeibaWeb/TodayRaceInfo/RaceMarkTable?k_raceDate=1985%2F09%2F11&k_raceNo=9&k_babaCode=21,data/cache/html/19850911_kawasaki_9.html
19850911_kawasaki_10,1985-09-11,kawasaki,10,https://www.keiba.go.jp/KeibaWeb/TodayRaceInfo/RaceMarkTable?k_raceDate=1985%2F09%2F11&k_raceNo=10&k_babaCode=21,data/cache/html/19850911_kawasaki_10.html
19850911_kawasaki_11,1985-09-11,kawasaki,11,https://www.keiba.go.jp/KeibaWeb/TodayRaceInfo/RaceMarkTable?k_raceDate=1985%2F09%2F11&k_raceNo=11&k_babaCode=21,data/cache/html/19850911_kawasaki_11.html
19850911_kawasaki_12,1985-09-11,kawasaki,12,https://www.keiba.go.jp/KeibaWeb/TodayRaceInfo/RaceMarkTable?k_raceDate=1985%2F09%2F11&k_raceNo=12&k_babaCode=21,data/cache/html/19850911_kawasaki_12.html
19850910_kawasaki_1,1985-09-10,kawasaki,1,https://www.keiba.go.jp/KeibaWeb/TodayRaceInfo/RaceMarkTable?k_raceDate=1985%2F09%2F10&k_raceNo=1&k_babaCode=21,data/cache/html/19850910_kawasaki_1.html
19850910_kawasaki_2,1985-09-10,kawasaki,2,https://www.keiba.go.jp/KeibaWeb/TodayRaceInfo/RaceMarkTable?k_raceDate=1985%2F09%2F10&k_raceNo=2&k_babaCode=21,data/cache/html/19850910_kawasaki_2.html
19850910_kawasaki_3,1985-09-10,kawasaki,3,https://www.keiba.go.jp/KeibaWeb/TodayRaceInfo/RaceMarkTable?k_raceDate=1985%2F09%2F10&k_raceNo=3&k_babaCode=21,data/cache/html/19850910_kawasaki_3.html
19850910_kawasaki_4,1985-09-10,kawasaki,4,https://www.keiba.go.jp/KeibaWeb/TodayRaceInfo/RaceMarkTable?k_raceDate=1985%2F09%2F10&k_raceNo=4&k_babaCode=21,data/cache/html/19850910_kawasaki_4.html
19850910_kawasaki_5,1985-09-10,kawasaki,5,https://www.keiba.go.jp/KeibaWeb/TodayRaceInfo/RaceMarkTable?k_raceDate=1985%2F09%2F10&k_raceNo=5&k_babaCode=21,data/cache/html/19850910_kawasaki_5.html
19850910_kawasaki_6,1985-09-10,kawasaki,6,https://www.keiba.go.jp/KeibaWeb/TodayRaceInfo/RaceMarkTable?k_raceDate=1985%2F09%2F10&k_raceNo=6&k_babaCode=21,data/cache/html/19850910_kawasaki_6.html
19850910_kawasaki_7,1985-09-10,kawasaki,7,https://www.keiba.go.jp/KeibaWeb/TodayRaceInfo/RaceMarkTable?k_raceDate=1985%2F09%2F10&k_raceNo=7&k_babaCode=21,data/cache/html/19850910_kawasaki_7.html
19850910_kawasaki_8,1985-09-10,kawasaki,8,https://www.keiba.go.jp/KeibaWeb/TodayRaceInfo/RaceMarkTable?k_raceDate=1985%2F09%2F10&k_raceNo=8&k_babaCode=21,data/cache/html/19850910_kawasaki_8.html
19850910_kawasaki_9,1985-09-10,kawasaki,9,https://www.keiba.go.jp/KeibaWeb/TodayRaceInfo/RaceMarkTable?k_raceDate=1985%2F09%2F10&k_raceNo=9&k_babaCode=21,data/cache/html/19850910_kawasaki_9.html
19850910_kawasaki_10,1985-09-10,kawasaki,10,https://www.keiba.go.jp/KeibaWeb/TodayRaceInfo/RaceMarkTable?k_raceDate=1985%2F09%2F10&k_raceNo=10&k_babaCode=21,data/cache/html/19850910_kawasaki_10.html
19850910_kawasaki_11,1985-09-10,kawasaki,11,https://www.keiba.go.jp/KeibaWeb/TodayRaceInfo/RaceMarkTable?k_raceDate=1985%2F09%2F10&k_raceNo=11&k_babaCode=21,data/cache/html/19850910_kawasaki_11.html
19850910_kawasaki_12,1985-09-10,kawasaki,12,https://www.keiba.go.jp/KeibaWeb/TodayRaceInfo/RaceMarkTable?k_raceDate=1985%2F09%2F10&k_raceNo=12&k_babaCode=21,data/cache/html/19850910_kawasaki_12.html
19850909_kawasaki_1,1985-09-09,kawasaki,1,https://www.keiba.go.jp/KeibaWeb/TodayRaceInfo/RaceMarkTable?k_raceDate=1985%2F09%2F09&k_raceNo=1&k_babaCode=21,data/cache/html/19850909_kawasaki_1.html
19850909_kawasaki_2,1985-09-09,kawasaki,2,https://www.keiba.go.jp/KeibaWeb/TodayRaceInfo/RaceMarkTable?k_raceDate=1985%2F09%2F09&k_raceNo=2&k_babaCode=21,data/cache/html/19850909_kawasaki_2.html
19850909_kawasaki_3,1985-09-09,kawasaki,3,https://www.keiba.go.jp/KeibaWeb/TodayRaceInfo/RaceMarkTable?k_raceDate=1985%2F09%2F09&k_raceNo=3&k_babaCode=21,data/cache/html/19850909_kawasaki_3.html
19850909_kawasaki_4,1985-09-09,kawasaki,4,https://www.keiba.go.jp/KeibaWeb/TodayRaceInfo/RaceMarkTable?k_raceDate=1985%2F09%2F09&k_raceNo=4&k_babaCode=21,data/cache/html/19850909_kawasaki_4.html
19850909_kawasaki_5,1985-09-09,kawasaki,5,https://www.keiba.go.jp/KeibaWeb/TodayRaceInfo/RaceMarkTable?k_raceDate=1985%2F09%2F09&k_raceNo=5&k_babaCode=21,data/cache/html/19850909_kawasaki_5.html
19850909_kawasaki_6,1985-09-09,kawasaki,6,https://www.keiba.go.jp/KeibaWeb/TodayRaceInfo/RaceMarkTable?k_raceDate=1985%2F09%2F09&k_raceNo=6&k_babaCode=21,data/cache/html/19850909_kawasaki_6.html
19850909_kawasaki_7,1985-09-09,kawasaki,7,https://www.keiba.go.jp/KeibaWeb/TodayRaceInfo/RaceMarkTable?k_raceDate=1985%2F09%2F09&k_raceNo=7&k_babaCode=21,data/cache/html/19850909_kawasaki_7.html
19850909_kawasaki_8,1985-09-09,kawasaki,8,https://www.keiba.go.jp/KeibaWeb/TodayRaceInfo/RaceMarkTable?k_raceDate=1985%2F09%2F09&k_raceNo=8&k_babaCode=21,data/cache/html/19850909_kawasaki_8.html
19850909_kawasaki_9,1985-09-09,kawasaki,9,https://www.keiba.go.jp/KeibaWeb/TodayRaceInfo/RaceMarkTable?k_raceDate=1985%2F09%2F09&k_raceNo=9&k_babaCode=21,data/cache/html/19850909_kawasaki_9.html
19850909_kawasaki_10,1985-09-09,kawasaki,10,https://www.keiba.go.jp/KeibaWeb/TodayRaceInfo/RaceMarkTable?k_raceDate=1985%2F09%2F09&k_raceNo=10&k_babaCode=21,data/cache/html/19850909_kawasaki_10.html
19850909_kawasaki_11,1985-09-09,kawasaki,11,https://www.keiba.go.jp/KeibaWeb/TodayRaceInfo/RaceMarkTable?k_raceDate=1985%2F09%2F09&k_raceNo=11&k_babaCode=21,data/cache/html/19850909_kawasaki_11.html
19850909_kawasaki_12,1985-09-09,kawasaki,12,https://www.keiba.go.jp/KeibaWeb/TodayRaceInfo/RaceMarkTable?k_raceDate=1985%2F09%2F09&k_raceNo=12&k_babaCode=21,data/cache/html/19850909_kawasaki_12.html
19850908_kawasaki_1,1985-09-08,kawasaki,1,https://www.keiba.go.jp/KeibaWeb/TodayRaceInfo/RaceMarkTable?k_raceDate=1985%2F09%2F08&k_raceNo=1&k_babaCode=21,data/cache/html/19850908_kawasaki_1.html
19850908_kawasaki_2,1985-09-08,kawasaki,2,https://www.keiba.go.jp/KeibaWeb/TodayRaceInfo/RaceMarkTable?k_raceDate=1985%2F09%2F08&k_raceNo=2&k_babaCode=21,data/cache/html/19850908_kawasaki_2.html
19850908_kawasaki_3,1985-09-08,kawasaki,3,https://www.keiba.go.jp/KeibaWeb/TodayRaceInfo/RaceMarkTable?k_raceDate=1985%2F09%2F08&k_raceNo=3&k_babaCode=21,data/cache/html/19850908_kawasaki_3.html
19850908_kawasaki_4,1985-09-08,kawasaki,4,https://www.keiba.go.jp/KeibaWeb/TodayRaceInfo/RaceMarkTable?k_raceDate=1985%2F09%2F08&k_raceNo=4&k_babaCode=21,data/cache/html/19850908_kawasaki_4.html
19850908_kawasaki_5,1985-09-08,kawasaki,5,https://www.keiba.go.jp/KeibaWeb/TodayRaceInfo/RaceMarkTable?k_raceDate=1985%2F09%2F08&k_raceNo=5&k_babaCode=21,data/cache/html/19850908_kawasaki_5.html
19850908_kawasaki_6,1985-09-08,kawasaki,6,https://www.keiba.go.jp/KeibaWeb/TodayRaceInfo/RaceMarkTable?k_raceDate=1985%2F09%2F08&k_raceNo=6&k_babaCode=21,data/cache/html/19850908_kawasaki_6.html
19850908_kawasaki_7,1985-09-08,kawasaki,7,https://www.keiba.go.jp/KeibaWeb/TodayRaceInfo/RaceMarkTable?k_raceDate=1985%2F09%2F08&k_raceNo=7&k_babaCode=21,data/cache/html/19850908_kawasaki_7.html
19850908_kawasaki_8,1985-09-08,kawasaki,8,https://www.keiba.go.jp/KeibaWeb/TodayRaceInfo/RaceMarkTable?k_raceDate=1985%2F09%2F08&k_raceNo=8&k_babaCode=21,data/cache/html/19850908_kawasaki_8.html
19850908_kawasaki_9,1985-09-08,kawasaki,9,https://www.keiba.go.jp/KeibaWeb/TodayRaceInfo/RaceMarkTable?k_raceDate=1985%2F09%2F08&k_raceNo=9&k_babaCode=21,data/cache/html/19850908_kawasaki_9.html
19850908_kawasaki_10,1985-09-08,kawasaki,10,https://www.keiba.go.jp/KeibaWeb/TodayRaceInfo/RaceMarkTable?k_raceDate=1985%2F09%2F08&k_raceNo=10&k_babaCode=21,data/cache/html/19850908_kawasaki_10.html
19850908_kawasaki_11,1985-09-08,kawasaki,11,https://www.keiba.go.jp/KeibaWeb/TodayRaceInfo/RaceMarkTable?k_raceDate=1985%2F09%2F08&k_raceNo=11&k_babaCode=21,data/cache/html/19850908_kawasaki_11.html
19850908_kawasaki_12,1985-09-08,kawasaki,12,https://www.keiba.go.jp/KeibaWeb/TodayRaceInfo/RaceMarkTable?k_raceDate=1985%2F09%2F08&k_raceNo=12&k_babaCode=21,data/cache/html/19850908_kawasaki_12.html
19850907_kawasaki_1,1985-09-07,kawasaki,1,https://www.keiba.go.jp/KeibaWeb/TodayRaceInfo/RaceMarkTable?k_raceDate=1985%2F09%2F07&k_raceNo=1&k_babaCode=21,data/cache/html/19850907_kawasaki_1.html
19850907_kawasaki_2,1985-09-07,kawasaki,2,https://www.keiba.go.jp/KeibaWeb/TodayRaceInfo/RaceMarkTable?k_raceDate=1985%2F09%2F07&k_raceNo=2&k_babaCode=21,data/cache/html/19850907_kawasaki_2.html
19850907_kawasaki_3,1985-09-07,kawasaki,3,https://www.keiba.go.jp/KeibaWeb/TodayRaceInfo/RaceMarkTable?k_raceDate=1985%2F09%2F07&k_raceNo=3&k_babaCode=21,data/cache/html/19850907_kawasaki_3.html
19850907_kawasaki_4,1985-09-07,kawasaki,4,https://www.keiba.go.jp/KeibaWeb/TodayRaceInfo/RaceMarkTable?k_raceDate=1985%2F09%2F07&k_raceNo=4&k_babaCode=21,data/cache/html/19850907_kawasaki_4.html
19850907_kawasaki_5,1985-09-07,kawasaki,5,https://www.keiba.go.jp/KeibaWeb/TodayRaceInfo/RaceMarkTable?k_raceDate=1985%2F09%2F07&k_raceNo=5&k_babaCode=21,data/cache/html/19850907_kawasaki_5.html
19850907_kawasaki_6,1985-09-07,kawasaki,6,https://www.keiba.go.jp/KeibaWeb/TodayRaceInfo/RaceMarkTable?k_raceDate=1985%2F09%2F07&k_raceNo=6&k_babaCode=21,data/cache/html/19850907_kawasaki_6.html
19850907_kawasaki_7,1985-09-07,kawasaki,7,https://www.keiba.go.jp/KeibaWeb/TodayRaceInfo/RaceMarkTable?k_raceDate=1985%2F09%2F07&k_raceNo=7&k_babaCode=21,data/cache/html/19850907_kawasaki_7.html
19850907_kawasaki_8,1985-09-07,kawasaki,8,https://www.keiba.go.jp/KeibaWeb/TodayRaceInfo/RaceMarkTable?k_raceDate=1985%2F09%2F07&k_raceNo=8&k_babaCode=21,data/cache/html/19850907_kawasaki_8.html
19850907_kawasaki_9,1985-09-07,kawasaki,9,https://www.keiba.go.jp/KeibaWeb/TodayRaceInfo/RaceMarkTable?k_raceDate=1985%2F09%2F07&k_raceNo=9&k_babaCode=21,data/cache/html/19850907_kawasaki_9.html
19850907_kawasaki_10,1985-09-07,kawasaki,10,https://www.keiba.go.jp/KeibaWeb/TodayRaceInfo/RaceMarkTable?k_raceDate=1985%2F09%2F07&k_raceNo=10&k_babaCode=21,data/cache/html/19850907_kawasaki_10.html
19850907_kawasaki_11,1985-09-07,kawasaki,11,https://www.keiba.go.jp/KeibaWeb/TodayRaceInfo/RaceMarkTable?k_raceDate=1985%2F09%2F07&k_raceNo=11&k_babaCode=21,data/cache/html/19850907_kawasaki_11.html
19850907_kawasaki_12,1985-09-07,kawasaki,12,https://www.keiba.go.jp/KeibaWeb/TodayRaceInfo/RaceMarkTable?k_raceDate=1985%2F09%2F07&k_raceNo=12&k_babaCode=21,data/cache/html/19850907_kawasaki_12.html
19850906_kawasaki_1,1985-09-06,kawasaki,1,https://www.keiba.go.jp/KeibaWeb/TodayRaceInfo/RaceMarkTable?k_raceDate=1985%2F09%2F06&k_raceNo=1&k_babaCode=21,data/cache/html/19850906_kawasaki_1.html
19850906_kawasaki_2,1985-09-06,kawasaki,2,https://www.keiba.go.jp/KeibaWeb/TodayRaceInfo/RaceMarkTable?k_raceDate=1985%2F09%2F06&k_raceNo=2&k_babaCode=21,data/cache/html/19850906_kawasaki_2.html
19850906_kawasaki_3,1985-09-06,kawasaki,3,https://www.keiba.go.jp/KeibaWeb/TodayRaceInfo/RaceMarkTable?k_raceDate=1985%2F09%2F06&k_raceNo=3&k_babaCode=21,data/cache/html/19850906_kawasaki_3.html
19850906_kawasaki_4,1985-09-06,kawasaki,4,https://www.keiba.go.jp/KeibaWeb/TodayRaceInfo/RaceMarkTable?k_raceDate=1985%2F09%2F06&k_raceNo=4&k_babaCode=21,data/cache/html/19850906_kawasaki_4.html
19850906_kawasaki_5,1985-09-06,kawasaki,5,https://www.keiba.go.jp/KeibaWeb/TodayRaceInfo/RaceMarkTable?k_raceDate=1985%2F09%2F06&k_raceNo=5&k_babaCode=21,data/cache/html/19850906_kawasaki_5.html
19850906_kawasaki_6,1985-09-06,kawasaki,6,https://www.keiba.go.jp/KeibaWeb/TodayRaceInfo/RaceMarkTable?k_raceDate=1985%2F09%2F06&k_raceNo=6&k_babaCode=21,data/cache/html/19850906_kawasaki_6.html
19850906_kawasaki_7,1985-09-06,kawasaki,7,https://www.keiba.go.jp/KeibaWeb/TodayRaceInfo/RaceMarkTable?k_raceDate=1985%2F09%2F06&k_raceNo=7&k_babaCode=21,data/cache/html/19850906_kawasaki_7.html
19850906_kawasaki_8,1985-09-06,kawasaki,8,https://www.keiba.go.jp/KeibaWeb/TodayRaceInfo/RaceMarkTable?k_raceDate=1985%2F09%2F06&k_raceNo=8&k_babaCode=21,data/cache/html/19850906_kawasaki_8.html
19850906_kawasaki_9,1985-09-06,kawasaki,9,https://www.keiba.go.jp/KeibaWeb/TodayRaceInfo/RaceMarkTable?k_raceDate=1985%2F09%2F06&k_raceNo=9&k_babaCode=21,data/cache/html/19850906_kawasaki_9.html
19850906_kawasaki_10,1985-09-06,kawasaki,10,https://www.keiba.go.jp/KeibaWeb/TodayRaceInfo/RaceMarkTable?k_raceDate=1985%2F09%2F06&k_raceNo=10&k_babaCode=21,data/cache/html/19850906_kawasaki_10.html
19850906_kawasaki_11,1985-09-06,kawasaki,11,https://www.keiba.go.jp/KeibaWeb/TodayRaceInfo/RaceMarkTable?k_raceDate=1985%2F09%2F06&k_raceNo=11&k_babaCode=21,data/cache/html/19850906_kawasaki_11.html
19850906_kawasaki_12,1985-09-06,kawasaki,12,https://www.keiba.go.jp/KeibaWeb/TodayRaceInfo/RaceMarkTable?k_raceDate=1985%2F09%2F06&k_raceNo=12&k_babaCode=21,data/cache/html/19850906_kawasaki_12.html
19850905_kawasaki_1,1985-09-05,kawasaki,1,https://www.keiba.go.jp/KeibaWeb/TodayRaceInfo/RaceMarkTable?k_raceDate=1985%2F09%2F05&k_raceNo=1&k_babaCode=21,data/cache/html/19850905_kawasaki_1.html
19850905_kawasaki_2,1985-09-05,kawasaki,2,https://www.keiba.go.jp/KeibaWeb/TodayRaceInfo/RaceMarkTable?k_raceDate=1985%2F09%2F05&k_raceNo=2&k_babaCode=21,data/cache/html/19850905_kawasaki_2.html
19850905_kawasaki_3,1985-09-05,kawasaki,3,https://www.keiba.go.jp/KeibaWeb/TodayRaceInfo/RaceMarkTable?k_raceDate=1985%2F09%2F05&k_raceNo=3&k_babaCode=21,data/cache/html/19850905_kawasaki_3.html
19850905_kawasaki_4,1985-09-05,kawasaki,4,https://www.keiba.go.jp/KeibaWeb/TodayRaceInfo/RaceMarkTable?k_raceDate=1985%2F09%2F05&k_raceNo=4&k_babaCode=21,data/cache/html/19850905_kawasaki_4.html
19850905_kawasaki_5,1985-09-05,kawasaki,5,https://www.keiba.go.jp/KeibaWeb/TodayRaceInfo/RaceMarkTable?k_raceDate=1985%2F09%2F05&k_raceNo=5&k_babaCode=21,data/cache/html/19850905_kawasaki_5.html
19850905_kawasaki_6,1985-09-05,kawasaki,6,https://www.keiba.go.jp/KeibaWeb/TodayRaceInfo/RaceMarkTable?k_raceDate=1985%2F09%2F05&k_raceNo=6&k_babaCode=21,data/cache/html/19850905_kawasaki_6.html
19850905_kawasaki_7,1985-09-05,kawasaki,7,https://www.keiba.go.jp/KeibaWeb/TodayRaceInfo/RaceMarkTable?k_raceDate=1985%2F09%2F05&k_raceNo=7&k_babaCode=21,data/cache/html/19850905_kawasaki_7.html
19850905_kawasaki_8,1985-09-05,kawasaki,8,https://www.keiba.go.jp/KeibaWeb/TodayRaceInfo/RaceMarkTable?k_raceDate=1985%2F09%2F05&k_raceNo=8&k_babaCode=21,data/cache/html/19850905_kawasaki_8.html
19850905_kawasaki_9,1985-09-05,kawasaki,9,https://www.keiba.go.jp/KeibaWeb/TodayRaceInfo/RaceMarkTable?k_raceDate=1985%2F09%2F05&k_raceNo=9&k_babaCode=21,data/cache/html/19850905_kawasaki_9.html
19850905_kawasaki_10,1985-09-05,kawasaki,10,https://www.keiba.go.jp/KeibaWeb/TodayRaceInfo/RaceMarkTable?k_raceDate=1985%2F09%2F05&k_raceNo=10&k_babaCode=21,data/cache/html/19850905_kawasaki_10.html
19850905_kawasaki_11,1985-09-05,kawasaki,11,https://www.keiba.go.jp/KeibaWeb/TodayRaceInfo/RaceMarkTable?k_raceDate=1985%2F09%2F05&k_raceNo=11&k_babaCode=21,data/cache/html/19850905_kawasaki_11.html
19850905_kawasaki_12,1985-09-05,kawasaki,12,https://www.keiba.go.jp/KeibaWeb/TodayRaceInfo/RaceMarkTable?k_raceDate=1985%2F09%2F05&k_raceNo=12&k_babaCode=21,data/cache/html/19850905_kawasaki_12.html
19850904_kawasaki_1,1985-09-04,kawasaki,1,https://www.keiba.go.jp/KeibaWeb/TodayRaceInfo/RaceMarkTable?k_raceDate=1985%2F09%2F04&k_raceNo=1&k_babaCode=21,data/cache/html/19850904_kawasaki_1.html
19850904_kawasaki_2,1985-09-04,kawasaki,2,https://www.keiba.go.jp/KeibaWeb/TodayRaceInfo/RaceMarkTable?k_raceDate=1985%2F09%2F04&k_raceNo=2&k_babaCode=21,data/cache/html/19850904_kawasaki_2.html
19850904_kawasaki_3,1985-09-04,kawasaki,3,https://www.keiba.go.jp/KeibaWeb/TodayRaceInfo/RaceMarkTable?k_raceDate=1985%2F09%2F04&k_raceNo=3&k_babaCode=21,data/cache/html/19850904_kawasaki_3.html
19850904_kawasaki_4,1985-09-04,kawasaki,4,https://www.keiba.go.jp/KeibaWeb/TodayRaceInfo/RaceMarkTable?k_raceDate=1985%2F09%2F04&k_raceNo=4&k_babaCode=21,data/cache/html/19850904_kawasaki_4.html
19850904_kawasaki_5,1985-09-04,kawasaki,5,https://www.keiba.go.jp/KeibaWeb/TodayRaceInfo/RaceMarkTable?k_raceDate=1985%2F09%2F04&k_raceNo=5&k_babaCode=21,data/cache/html/19850904_kawasaki_5.html
19850904_kawasaki_6,1985-09-04,kawasaki,6,https://www.keiba.go.jp/KeibaWeb/TodayRaceInfo/RaceMarkTable?k_raceDate=1985%2F09%2F04&k_raceNo=6&k_babaCode=21,data/cache/html/19850904_kawasaki_6.html
19850904_kawasaki_7,1985-09-04,kawasaki,7,https://www.keiba.go.jp/KeibaWeb/TodayRaceInfo/RaceMarkTable?k_raceDate=1985%2F09%2F04&k_raceNo=7&k_babaCode=21,data/cache/html/19850904_kawasaki_7.html
19850904_kawasaki_8,1985-09-04,kawasaki,8,https://www.keiba.go.jp/KeibaWeb/TodayRaceInfo/RaceMarkTable?k_raceDate=1985%2F09%2F04&k_raceNo=8&k_babaCode=21,data/cache/html/19850904_kawasaki_8.html
19850904_kawasaki_9,1985-09-04,kawasaki,9,https://www.keiba.go.jp/KeibaWeb/TodayRaceInfo/RaceMarkTable?k_raceDate=1985%2F09%2F04&k_raceNo=9&k_babaCode=21,data/cache/html/19850904_kawasaki_9.html
19850904_kawasaki_10,1985-09-04,kawasaki,10,https://www.keiba.go.jp/KeibaWeb/TodayRaceInfo/RaceMarkTable?k_raceDate=1985%2F09%2F04&k_raceNo=10&k_babaCode=21,data/cache/html/19850904_kawasaki_10.html
19850904_kawasaki_11,1985-09-04,kawasaki,11,https://www.keiba.go.jp/KeibaWeb/TodayRaceInfo/RaceMarkTable?k_raceDate=1985%2F09%2F04&k_raceNo=11&k_babaCode=21,data/cache/html/19850904_kawasaki_11.html
19850904_kawasaki_12,1985-09-04,kawasaki,12,https://www.keiba.go.jp/KeibaWeb/TodayRaceInfo/RaceMarkTable?k_raceDate=1985%2F09%2F04&k_raceNo=12&k_babaCode=21,data/cache/html/19850904_kawasaki_12.html
19850903_kawasaki_1,1985-09-03,kawasaki,1,https://www.keiba.go.jp/KeibaWeb/TodayRaceInfo/RaceMarkTable?k_raceDate=1985%2F09%2F03&k_raceNo=1&k_babaCode=21,data/cache/html/19850903_kawasaki_1.html
19850903_kawasaki_2,1985-09-03,kawasaki,2,https://www.keiba.go.jp/KeibaWeb/TodayRaceInfo/RaceMarkTable?k_raceDate=1985%2F09%2F03&k_raceNo=2&k_babaCode=21,data/cache/html/19850903_kawasaki_2.html
19850903_kawasaki_3,1985-09-03,kawasaki,3,https://www.keiba.go.jp/KeibaWeb/TodayRaceInfo/RaceMarkTable?k_raceDate=1985%2F09%2F03&k_raceNo=3&k_babaCode=21,data/cache/html/19850903_kawasaki_3.html
19850903_kawasaki_4,1985-09-03,kawasaki,4,https://www.keiba.go.jp/KeibaWeb/TodayRaceInfo/RaceMarkTable?k_raceDate=1985%2F09%2F03&k_raceNo=4&k_babaCode=21,data/cache/html/19850903_kawasaki_4.html
19850903_kawasaki_5,1985-09-03,kawasaki,5,https://www.keiba.go.jp/KeibaWeb/TodayRaceInfo/RaceMarkTable?k_raceDate=1985%2F09%2F03&k_raceNo=5&k_babaCode=21,data/cache/html/19850903_kawasaki_5.html
19850903_kawasaki_6,1985-09-03,kawasaki,6,https://www.keiba.go.jp/KeibaWeb/TodayRaceInfo/RaceMarkTable?k_raceDate=1985%2F09%2F03&k_raceNo=6&k_babaCode=21,data/cache/html/19850903_kawasaki_6.html
19850903_kawasaki_7,1985-09-03,kawasaki,7,https://www.keiba.go.jp/KeibaWeb/TodayRaceInfo/RaceMarkTable?k_raceDate=1985%2F09%2F03&k_raceNo=7&k_babaCode=21,data/cache/html/19850903_kawasaki_7.html
19850903_kawasaki_8,1985-09-03,kawasaki,8,https://www.keiba.go.jp/KeibaWeb/TodayRaceInfo/RaceMarkTable?k_raceDate=1985%2F09%2F03&k_raceNo=8&k_babaCode=21,data/cache/html/19850903_kawasaki_8.html
19850903_kawasaki_9,1985-09-03,kawasaki,9,https://www.keiba.go.jp/KeibaWeb/TodayRaceInfo/RaceMarkTable?k_raceDate=1985%2F09%2F03&k_raceNo=9&k_babaCode=21,data/cache/html/19850903_kawasaki_9.html
19850903_kawasaki_10,1985-09-03,kawasaki,10,https://www.keiba.go.jp/KeibaWeb/TodayRaceInfo/RaceMarkTable?k_raceDate=1985%2F09%2F03&k_raceNo=10&k_babaCode=21,data/cache/html/19850903_kawasaki_10.html
19850903_kawasaki_11,1985-09-03,kawasaki,11,https://www.keiba.go.jp/KeibaWeb/TodayRaceInfo/RaceMarkTable?k_raceDate=1985%2F09%2F03&k_raceNo=11&k_babaCode=21,data/cache/html/19850903_kawasaki_11.html
19850903_kawasaki_12,1985-09-03,kawasaki,12,https://www.keiba.go.jp/KeibaWeb/TodayRaceInfo/RaceMarkTable?k_raceDate=1985%2F09%2F03&k_raceNo=12&k_babaCode=21,data/cache/html/19850903_kawasaki_12.html
19850902_kawasaki_1,1985-09-02,kawasaki,1,https://www.keiba.go.jp/KeibaWeb/TodayRaceInfo/RaceMarkTable?k_raceDate=1985%2F09%2F02&k_raceNo=1&k_babaCode=21,data/cache/html/19850902_kawasaki_1.html
19850902_kawasaki_2,1985-09-02,kawasaki,2,https://www.keiba.go.jp/KeibaWeb/TodayRaceInfo/RaceMarkTable?k_raceDate=1985%2F09%2F02&k_raceNo=2&k_babaCode=21,data/cache/html/19850902_kawasaki_2.html
19850902_kawasaki_3,1985-09-02,kawasaki,3,https://www.keiba.go.jp/KeibaWeb/TodayRaceInfo/RaceMarkTable?k_raceDate=1985%2F09%2F02&k_raceNo=3&k_babaCode=21,data/cache/html/19850902_kawasaki_3.html
19850902_kawasaki_4,1985-09-02,kawasaki,4,https://www.keiba.go.jp/KeibaWeb/TodayRaceInfo/RaceMarkTable?k_raceDate=1985%2F09%2F02&k_raceNo=4&k_babaCode=21,data/cache/html/19850902_kawasaki_4.html
19850902_kawasaki_5,1985-09-02,kawasaki,5,https://www.keiba.go.jp/KeibaWeb/TodayRaceInfo/RaceMarkTable?k_raceDate=1985%2F09%2F02&k_raceNo=5&k_babaCode=21,data/cache/html/19850902_kawasaki_5.html
19850902_kawasaki_6,1985-09-02,kawasaki,6,https://www.keiba.go.jp/KeibaWeb/TodayRaceInfo/RaceMarkTable?k_raceDate=1985%2F09%2F02&k_raceNo=6&k_babaCode=21,data/cache/html/19850902_kawasaki_6.html
19850902_kawasaki_7,1985-09-02,kawasaki,7,https://www.keiba.go.jp/KeibaWeb/TodayRaceInfo/RaceMarkTable?k_raceDate=1985%2F09%2F02&k_raceNo=7&k_babaCode=21,data/cache/html/19850902_kawasaki_7.html
19850902_kawasaki_8,1985-09-02,kawasaki,8,https://www.keiba.go.jp/KeibaWeb/TodayRaceInfo/RaceMarkTable?k_raceDate=1985%2F09%2F02&k_raceNo=8&k_babaCode=21,data/cache/html/19850902_kawasaki_8.html
19850902_kawasaki_9,1985-09-02,kawasaki,9,https://www.keiba.go.jp/KeibaWeb/TodayRaceInfo/RaceMarkTable?k_raceDate=1985%2F09%2F02&k_raceNo=9&k_babaCode=21,data/cache/html/19850902_kawasaki_9.html
19850902_kawasaki_10,1985-09-02,kawasaki,10,https://www.keiba.go.jp/KeibaWeb/TodayRaceInfo/RaceMarkTable?k_raceDate=1985%2F09%2F02&k_raceNo=10&k_babaCode=21,data/cache/html/19850902_kawasaki_10.html
19850902_kawasaki_11,1985-09-02,kawasaki,11,https://www.keiba.go.jp/KeibaWeb/TodayRaceInfo/RaceMarkTable?k_raceDate=1985%2F09%2F02&k_raceNo=11&k_babaCode=21,data/cache/html/19850902_kawasaki_11.html
19850902_kawasaki_12,1985-09-02,kawasaki,12,https://www.keiba.go.jp/KeibaWeb/TodayRaceInfo/RaceMarkTable?k_raceDate=1985%2F09%2F02&k_raceNo=12&k_babaCode=21,data/cache/html/19850902_kawasaki_12.html
19850901_kawasaki_1,1985-09-01,kawasaki,1,https://www.keiba.go.jp/KeibaWeb/TodayRaceInfo/RaceMarkTable?k_raceDate=1985%2F09%2F01&k_raceNo=1&k_babaCode=21,data/cache/html/19850901_kawasaki_1.html
19850901_kawasaki_2,1985-09-01,kawasaki,2,https://www.keiba.go.jp/KeibaWeb/TodayRaceInfo/RaceMarkTable?k_raceDate=1985%2F09%2F01&k_raceNo=2&k_babaCode=21,data/cache/html/19850901_kawasaki_2.html
19850901_kawasaki_3,1985-09-01,kawasaki,3,https://www.keiba.go.jp/KeibaWeb/TodayRaceInfo/RaceMarkTable?k_raceDate=1985%2F09%2F01&k_raceNo=3&k_babaCode=21,data/cache/html/19850901_kawasaki_3.html
19850901_kawasaki_4,1985-09-01,kawasaki,4,https://www.keiba.go.jp/KeibaWeb/TodayRaceInfo/RaceMarkTable?k_raceDate=1985%2F09%2F01&k_raceNo=4&k_babaCode=21,data/cache/html/19850901_kawasaki_4.html
19850901_kawasaki_5,1985-09-01,kawasaki,5,https://www.keiba.go.jp/KeibaWeb/TodayRaceInfo/RaceMarkTable?k_raceDate=1985%2F09%2F01&k_raceNo=5&k_babaCode=21,data/cache/html/19850901_kawasaki_5.html
19850901_kawasaki_6,1985-09-01,kawasaki,6,https://www.keiba.go.jp/KeibaWeb/TodayRaceInfo/RaceMarkTable?k_raceDate=1985%2F09%2F01&k_raceNo=6&k_babaCode=21,data/cache/html/19850901_kawasaki_6.html
19850901_kawasaki_7,1985-09-01,kawasaki,7,https://www.keiba.go.jp/KeibaWeb/TodayRaceInfo/RaceMarkTable?k_raceDate=1985%2F09%2F01&k_raceNo=7&k_babaCode=21,data/cache/html/19850901_kawasaki_7.html
19850901_kawasaki_8,1985-09-01,kawasaki,8,https://www.keiba.go.jp/KeibaWeb/TodayRaceInfo/RaceMarkTable?k_raceDate=1985%2F09%2F01&k_raceNo=8&k_babaCode=21,data/cache/html/19850901_kawasaki_8.html
19850901_kawasaki_9,1985-09-01,kawasaki,9,https://www.keiba.go.jp/KeibaWeb/TodayRaceInfo/RaceMarkTable?k_raceDate=1985%2F09%2F01&k_raceNo=9&k_babaCode=21,data/cache/html/19850901_kawasaki_9.html
19850901_kawasaki_10,1985-09-01,kawasaki,10,https://www.keiba.go.jp/KeibaWeb/TodayRaceInfo/RaceMarkTable?k_raceDate=1985%2F09%2F01&k_raceNo=10&k_babaCode=21,data/cache/html/19850901_kawasaki_10.html
19850901_kawasaki_11,1985-09-01,kawasaki,11,https://www.keiba.go.jp/KeibaWeb/TodayRaceInfo/RaceMarkTable?k_raceDate=1985%2F09%2F01&k_raceNo=11&k_babaCode=21,data/cache/html/19850901_kawasaki_11.html
19850901_kawasaki_12,1985-09-01,kawasaki,12,https://www.keiba.go.jp/KeibaWeb/TodayRaceInfo/RaceMarkTable?k_raceDate=1985%2F09%2F01&k_raceNo=12&k_babaCode=21,data/cache/html/19850901_kawasaki_12.html
19850831_kawasaki_1,1985-08-31,kawasaki,1,https://www.keiba.go.jp/KeibaWeb/TodayRaceInfo/RaceMarkTable?k_raceDate=1985%2F08%2F31&k_raceNo=1&k_babaCode=21,data/cache/html/19850831_kawasaki_1.html
19850831_kawasaki_2,1985-08-31,kawasaki,2,https://www.keiba.go.jp/KeibaWeb/TodayRaceInfo/RaceMarkTable?k_raceDate=1985%2F08%2F31&k_raceNo=2&k_babaCode=21,data/cache/html/19850831_kawasaki_2.html
19850831_kawasaki_3,1985-08-31,kawasaki,3,https://www.keiba.go.jp/KeibaWeb/TodayRaceInfo/RaceMarkTable?k_raceDate=1985%2F08%2F31&k_raceNo=3&k_babaCode=21,data/cache/html/19850831_kawasaki_3.html
19850831_kawasaki_4,1985-08-31,kawasaki,4,https://www.keiba.go.jp/KeibaWeb/TodayRaceInfo/RaceMarkTable?k_raceDate=1985%2F08%2F31&k_raceNo=4&k_babaCode=21,data/cache/html/19850831_kawasaki_4.html
19850831_kawasaki_5,1985-08-31,kawasaki,5,https://www.keiba.go.jp/KeibaWeb/TodayRaceInfo/RaceMarkTable?k_raceDate=1985%2F08%2F31&k_raceNo=5&k_babaCode=21,data/cache/html/19850831_kawasaki_5.html
19850831_kawasaki_6,1985-08-31,kawasaki,6,https://www.keiba.go.jp/KeibaWeb/TodayRaceInfo/RaceMarkTable?k_raceDate=1985%2F08%2F31&k_raceNo=6&k_babaCode=21,data/cache/html/19850831_kawasaki_6.html
19850831_kawasaki_7,1985-08-31,kawasaki,7,https://www.keiba.go.jp/KeibaWeb/TodayRaceInfo/RaceMarkTable?k_raceDate=1985%2F08%2F31&k_raceNo=7&k_babaCode=21,data/cache/html/19850831_kawasaki_7.html
19850831_kawasaki_8,1985-08-31,kawasaki,8,https://www.keiba.go.jp/KeibaWeb/TodayRaceInfo/RaceMarkTable?k_raceDate=1985%2F08%2F31&k_raceNo=8&k_babaCode=21,data/cache/html/19850831_kawasaki_8.html
19850831_kawasaki_9,1985-08-31,kawasaki,9,https://www.keiba.go.jp/KeibaWeb/TodayRaceInfo/RaceMarkTable?k_raceDate=1985%2F08%2F31&k_raceNo=9&k_babaCode=21,data/cache/html/19850831_kawasaki_9.html
19850831_kawasaki_10,1985-08-31,kawasaki,10,https://www.keiba.go.jp/KeibaWeb/TodayRaceInfo/RaceMarkTable?k_raceDate=1985%2F08%2F31&k_raceNo=10&k_babaCode=21,data/cache/html/19850831_kawasaki_10.html
19850831_kawasaki_11,1985-08-31,kawasaki,11,https://www.keiba.go.jp/KeibaWeb/TodayRaceInfo/RaceMarkTable?k_raceDate=1985%2F08%2F31&k_raceNo=11&k_babaCode=21,data/cache/html/19850831_kawasaki_11.html
19850831_kawasaki_12,1985-08-31,kawasaki,12,https://www.keiba.go.jp/KeibaWeb/TodayRaceInfo/RaceMarkTable?k_raceDate=1985%2F08%2F31&k_raceNo=12&k_babaCode=21,data/cache/html/19850831_kawasaki_12.html
19850830_kawasaki_1,1985-08-30,kawasaki,1,https://www.keiba.go.jp/KeibaWeb/TodayRaceInfo/RaceMarkTable?k_raceDate=1985%2F08%2F30&k_raceNo=1&k_babaCode=21,data/cache/html/19850830_kawasaki_1.html
19850830_kawasaki_2,1985-08-30,kawasaki,2,https://www.keiba.go.jp/KeibaWeb/TodayRaceInfo/RaceMarkTable?k_raceDate=1985%2F08%2F30&k_raceNo=2&k_babaCode=21,data/cache/html/19850830_kawasaki_2.html
19850830_kawasaki_3,1985-08-30,kawasaki,3,https://www.keiba.go.jp/KeibaWeb/TodayRaceInfo/RaceMarkTable?k_raceDate=1985%2F08%2F30&k_raceNo=3&k_babaCode=21,data/cache/html/19850830_kawasaki_3.html
19850830_kawasaki_4,1985-08-30,kawasaki,4,https://www.keiba.go.jp/KeibaWeb/TodayRaceInfo/RaceMarkTable?k_raceDate=1985%2F08%2F30&k_raceNo=4&k_babaCode=21,data/cache/html/19850830_kawasaki_4.html
19850830_kawasaki_5,1985-08-30,kawasaki,5,https://www.keiba.go.jp/KeibaWeb/TodayRaceInfo/RaceMarkTable?k_raceDate=1985%2F08%2F30&k_raceNo=5&k_babaCode=21,data/cache/html/19850830_kawasaki_5.html
19850830_kawasaki_6,1985-08-30,kawasaki,6,https://www.keiba.go.jp/KeibaWeb/TodayRaceInfo/RaceMarkTable?k_raceDate=1985%2F08%2F30&k_raceNo=6&k_babaCode=21,data/cache/html/19850830_kawasaki_6.html
19850830_kawasaki_7,1985-08-30,kawasaki,7,https://www.keiba.go.jp/KeibaWeb/TodayRaceInfo/RaceMarkTable?k_raceDate=1985%2F08%2F30&k_raceNo=7&k_babaCode=21,data/cache/html/19850830_kawasaki_7.html
19850830_kawasaki_8,1985-08-30,kawasaki,8,https://www.keiba.go.jp/KeibaWeb/TodayRaceInfo/RaceMarkTable?k_raceDate=1985%2F08%2F30&k_raceNo=8&k_babaCode=21,data/cache/html/19850830_kawasaki_8.html
19850830_kawasaki_9,1985-08-30,kawasaki,9,https://www.keiba.go.jp/KeibaWeb/TodayRaceInfo/RaceMarkTable?k_raceDate=1985%2F08%2F30&k_raceNo=9&k_babaCode=21,data/cache/html/19850830_kawasaki_9.html
19850830_kawasaki_10,1985-08-30,kawasaki,10,https://www.keiba.go.jp/KeibaWeb/TodayRaceInfo/RaceMarkTable?k_raceDate=1985%2F08%2F30&k_raceNo=10&k_babaCode=21,data/cache/html/19850830_kawasaki_10.html
19850830_kawasaki_11,1985-08-30,kawasaki,11,https://www.keiba.go.jp/KeibaWeb/TodayRaceInfo/RaceMarkTable?k_raceDate=1985%2F08%2F30&k_raceNo=11&k_babaCode=21,data/cache/html/19850830_kawasaki_11.html
19850830_kawasaki_12,1985-08-30,kawasaki,12,https://www.keiba.go.jp/KeibaWeb/TodayRaceInfo/RaceMarkTable?k_raceDate=1985%2F08%2F30&k_raceNo=12&k_babaCode=21,data/cache/html/19850830_kawasaki_12.html
19850829_kawasaki_1,1985-08-29,kawasaki,1,https://www.keiba.go.jp/KeibaWeb/TodayRaceInfo/RaceMarkTable?k_raceDate=1985%2F08%2F29&k_raceNo=1&k_babaCode=21,data/cache/html/19850829_kawasaki_1.html
19850829_kawasaki_2,1985-08-29,kawasaki,2,https://www.keiba.go.jp/KeibaWeb/TodayRaceInfo/RaceMarkTable?k_raceDate=1985%2F08%2F29&k_raceNo=2&k_babaCode=21,data/cache/html/19850829_kawasaki_2.html
19850829_kawasaki_3,1985-08-29,kawasaki,3,https://www.keiba.go.jp/KeibaWeb/TodayRaceInfo/RaceMarkTable?k_raceDate=1985%2F08%2F29&k_raceNo=3&k_babaCode=21,data/cache/html/19850829_kawasaki_3.html
19850829_kawasaki_4,1985-08-29,kawasaki,4,https://www.keiba.go.jp/KeibaWeb/TodayRaceInfo/RaceMarkTable?k_raceDate=1985%2F08%2F29&k_raceNo=4&k_babaCode=21,data/cache/html/19850829_kawasaki_4.html
19850829_kawasaki_5,1985-08-29,kawasaki,5,https://www.keiba.go.jp/KeibaWeb/TodayRaceInfo/RaceMarkTable?k_raceDate=1985%2F08%2F29&k_raceNo=5&k_babaCode=21,data/cache/html/19850829_kawasaki_5.html
19850829_kawasaki_6,1985-08-29,kawasaki,6,https://www.keiba.go.jp/KeibaWeb/TodayRaceInfo/RaceMarkTable?k_raceDate=1985%2F08%2F29&k_raceNo=6&k_babaCode=21,data/cache/html/19850829_kawasaki_6.html
19850829_kawasaki_7,1985-08-29,kawasaki,7,https://www.keiba.go.jp/KeibaWeb/TodayRaceInfo/RaceMarkTable?k_raceDate=1985%2F08%2F29&k_raceNo=7&k_babaCode=21,data/cache/html/19850829_kawasaki_7.html
19850829_kawasaki_8,1985-08-29,kawasaki,8,https://www.keiba.go.jp/KeibaWeb/TodayRaceInfo/RaceMarkTable?k_raceDate=1985%2F08%2F29&k_raceNo=8&k_babaCode=21,data/cache/html/19850829_kawasaki_8.html
19850829_kawasaki_9,1985-08-29,kawasaki,9,https://www.keiba.go.jp/KeibaWeb/TodayRaceInfo/RaceMarkTable?k_raceDate=1985%2F08%2F29&k_raceNo=9&k_babaCode=21,data/cache/html/19850829_kawasaki_9.html
19850829_kawasaki_10,1985-08-29,kawasaki,10,https://www.keiba.go.jp/KeibaWeb/TodayRaceInfo/RaceMarkTable?k_raceDate=1985%2F08%2F29&k_raceNo=10&k_babaCode=21,data/cache/html/19850829_kawasaki_10.html
19850829_kawasaki_11,1985-08-29,kawasaki,11,https://www.keiba.go.jp/KeibaWeb/TodayRaceInfo/RaceMarkTable?k_raceDate=1985%2F08%2F29&k_raceNo=11&k_babaCode=21,data/cache/html/19850829_kawasaki_11.html
19850829_kawasaki_12,1985-08-29,kawasaki,12,https://www.keiba.go.jp/KeibaWeb/TodayRaceInfo/RaceMarkTable?k_raceDate=1985%2F08%2F29&k_raceNo=12&k_babaCode=21,data/cache/html/19850829_kawasaki_12.html
19850828_kawasaki_1,1985-08-28,kawasaki,1,https://www.keiba.go.jp/KeibaWeb/TodayRaceInfo/RaceMarkTable?k_raceDate=1985%2F08%2F28&k_raceNo=1&k_babaCode=21,data/cache/html/19850828_kawasaki_1.html
19850828_kawasaki_2,1985-08-28,kawasaki,2,https://www.keiba.go.jp/KeibaWeb/TodayRaceInfo/RaceMarkTable?k_raceDate=1985%2F08%2F28&k_raceNo=2&k_babaCode=21,data/cache/html/19850828_kawasaki_2.html
19850828_kawasaki_3,1985-08-28,kawasaki,3,https://www.keiba.go.jp/KeibaWeb/TodayRaceInfo/RaceMarkTable?k_raceDate=1985%2F08%2F28&k_raceNo=3&k_babaCode=21,data/cache/html/19850828_kawasaki_3.html
19850828_kawasaki_4,1985-08-28,kawasaki,4,https://www.keiba.go.jp/KeibaWeb/TodayRaceInfo/RaceMarkTable?k_raceDate=1985%2F08%2F28&k_raceNo=4&k_babaCode=21,data/cache/html/19850828_kawasaki_4.html
19850828_kawasaki_5,1985-08-28,kawasaki,5,https://www.keiba.go.jp/KeibaWeb/TodayRaceInfo/RaceMarkTable?k_raceDate=1985%2F08%2F28&k_raceNo=5&k_babaCode=21,data/cache/html/19850828_kawasaki_5.html
19850828_kawasaki_6,1985-08-28,kawasaki,6,https://www.keiba.go.jp/KeibaWeb/TodayRaceInfo/RaceMarkTable?k_raceDate=1985%2F08%2F28&k_raceNo=6&k_babaCode=21,data/cache/html/19850828_kawasaki_6.html
19850828_kawasaki_7,1985-08-28,kawasaki,7,https://www.keiba.go.jp/KeibaWeb/TodayRaceInfo/RaceMarkTable?k_raceDate=1985%2F08%2F28&k_raceNo=7&k_babaCode=21,data/cache/html/19850828_kawasaki_7.html
19850828_kawasaki_8,1985-08-28,kawasaki,8,https://www.keiba.go.jp/KeibaWeb/TodayRaceInfo/RaceMarkTable?k_raceDate=1985%2F08%2F28&k_raceNo=8&k_babaCode=21,data/cache/html/19850828_kawasaki_8.html
19850828_kawasaki_9,1985-08-28,kawasaki,9,https://www.keiba.go.jp/KeibaWeb/TodayRaceInfo/RaceMarkTable?k_raceDate=1985%2F08%2F28&k_raceNo=9&k_babaCode=21,data/cache/html/19850828_kawasaki_9.html
19850828_kawasaki_10,1985-08-28,kawasaki,10,https://www.keiba.go.jp/KeibaWeb/TodayRaceInfo/RaceMarkTable?k_raceDate=1985%2F08%2F28&k_raceNo=10&k_babaCode=21,data/cache/html/19850828_kawasaki_10.html
19850828_kawasaki_11,1985-08-28,kawasaki,11,https://www.keiba.go.jp/KeibaWeb/TodayRaceInfo/RaceMarkTable?k_raceDate=1985%2F08%2F28&k_raceNo=11&k_babaCode=21,data/cache/html/19850828_kawasaki_11.html
19850828_kawasaki_12,1985-08-28,kawasaki,12,https://www.keiba.go.jp/KeibaWeb/TodayRaceInfo/RaceMarkTable?k_raceDate=1985%2F08%2F28&k_raceNo=12&k_babaCode=21,data/cache/html/19850828_kawasaki_12.html
19850827_kawasaki_1,1985-08-27,kawasaki,1,https://www.keiba.go.jp/KeibaWeb/TodayRaceInfo/RaceMarkTable?k_raceDate=1985%2F08%2F27&k_raceNo=1&k_babaCode=21,data/cache/html/19850827_kawasaki_1.html
19850827_kawasaki_2,1985-08-27,kawasaki,2,https://www.keiba.go.jp/KeibaWeb/TodayRaceInfo/RaceMarkTable?k_raceDate=1985%2F08%2F27&k_raceNo=2&k_babaCode=21,data/cache/html/19850827_kawasaki_2.html
19850827_kawasaki_3,1985-08-27,kawasaki,3,https://www.keiba.go.jp/KeibaWeb/TodayRaceInfo/RaceMarkTable?k_raceDate=1985%2F08%2F27&k_raceNo=3&k_babaCode=21,data/cache/html/19850827_kawasaki_3.html
19850827_kawasaki_4,1985-08-27,kawasaki,4,https://www.keiba.go.jp/KeibaWeb/TodayRaceInfo/RaceMarkTable?k_raceDate=1985%2F08%2F27&k_raceNo=4&k_babaCode=21,data/cache/html/19850827_kawasaki_4.html
19850827_kawasaki_5,1985-08-27,kawasaki,5,https://www.keiba.go.jp/KeibaWeb/TodayRaceInfo/RaceMarkTable?k_raceDate=1985%2F08%2F27&k_raceNo=5&k_babaCode=21,data/cache/html/19850827_kawasaki_5.html
19850827_kawasaki_6,1985-08-27,kawasaki,6,https://www.keiba.go.jp/KeibaWeb/TodayRaceInfo/RaceMarkTable?k_raceDate=1985%2F08%2F27&k_raceNo=6&k_babaCode=21,data/cache/html/19850827_kawasaki_6.html
19850827_kawasaki_7,1985-08-27,kawasaki,7,https://www.keiba.go.jp/KeibaWeb/TodayRaceInfo/RaceMarkTable?k_raceDate=1985%2F08%2F27&k_raceNo=7&k_babaCode=21,data/cache/html/19850827_kawasaki_7.html
19850827_kawasaki_8,1985-08-27,kawasaki,8,https://www.keiba.go.jp/KeibaWeb/TodayRaceInfo/RaceMarkTable?k_raceDate=1985%2F08%2F27&k_raceNo=8&k_babaCode=21,data/cache/html/19850827_kawasaki_8.html
19850827_kawasaki_9,1985-08-27,kawasaki,9,https://www.keiba.go.jp/KeibaWeb/TodayRaceInfo/RaceMarkTable?k_raceDate=1985%2F08%2F27&k_raceNo=9&k_babaCode=21,data/cache/html/19850827_kawasaki_9.html
19850827_kawasaki_10,1985-08-27,kawasaki,10,https://www.keiba.go.jp/KeibaWeb/TodayRaceInfo/RaceMarkTable?k_raceDate=1985%2F08%2F27&k_raceNo=10&k_babaCode=21,data/cache/html/19850827_kawasaki_10.html
19850827_kawasaki_11,1985-08-27,kawasaki,11,https://www.keiba.go.jp/KeibaWeb/TodayRaceInfo/RaceMarkTable?k_raceDate=1985%2F08%2F27&k_raceNo=11&k_babaCode=21,data/cache/html/19850827_kawasaki_11.html
19850827_kawasaki_12,1985-08-27,kawasaki,12,https://www.keiba.go.jp/KeibaWeb/TodayRaceInfo/RaceMarkTable?k_raceDate=1985%2F08%2F27&k_raceNo=12&k_babaCode=21,data/cache/html/19850827_kawasaki_12.html
19850826_kawasaki_1,1985-08-26,kawasaki,1,https://www.keiba.go.jp/KeibaWeb/TodayRaceInfo/RaceMarkTable?k_raceDate=1985%2F08%2F26&k_raceNo=1&k_babaCode=21,data/cache/html/19850826_kawasaki_1.html
19850826_kawasaki_2,1985-08-26,kawasaki,2,https://www.keiba.go.jp/KeibaWeb/TodayRaceInfo/RaceMarkTable?k_raceDate=1985%2F08%2F26&k_raceNo=2&k_babaCode=21,data/cache/html/19850826_kawasaki_2.html
19850826_kawasaki_3,1985-08-26,kawasaki,3,https://www.keiba.go.jp/KeibaWeb/TodayRaceInfo/RaceMarkTable?k_raceDate=1985%2F08%2F26&k_raceNo=3&k_babaCode=21,data/cache/html/19850826_kawasaki_3.html
19850826_kawasaki_4,1985-08-26,kawasaki,4,https://www.keiba.go.jp/KeibaWeb/TodayRaceInfo/RaceMarkTable?k_raceDate=1985%2F08%2F26&k_raceNo=4&k_babaCode=21,data/cache/html/19850826_kawasaki_4.html
19850826_kawasaki_5,1985-08-26,kawasaki,5,https://www.keiba.go.jp/KeibaWeb/TodayRaceInfo/RaceMarkTable?k_raceDate=1985%2F08%2F26&k_raceNo=5&k_babaCode=21,data/cache/html/19850826_kawasaki_5.html
19850826_kawasaki_6,1985-08-26,kawasaki,6,https://www.keiba.go.jp/KeibaWeb/TodayRaceInfo/RaceMarkTable?k_raceDate=1985%2F08%2F26&k_raceNo=6&k_babaCode=21,data/cache/html/19850826_kawasaki_6.html
19850826_kawasaki_7,1985-08-26,kawasaki,7,https://www.keiba.go.jp/KeibaWeb/TodayRaceInfo/RaceMarkTable?k_raceDate=1985%2F08%2F26&k_raceNo=7&k_babaCode=21,data/cache/html/19850826_kawasaki_7.html
19850826_kawasaki_8,1985-08-26,kawasaki,8,https://www.keiba.go.jp/KeibaWeb/TodayRaceInfo/RaceMarkTable?k_raceDate=1985%2F08%2F26&k_raceNo=8&k_babaCode=21,data/cache/html/19850826_kawasaki_8.html
19850826_kawasaki_9,1985-08-26,kawasaki,9,https://www.keiba.go.jp/KeibaWeb/TodayRaceInfo/RaceMarkTable?k_raceDate=1985%2F08%2F26&k_raceNo=9&k_babaCode=21,data/cache/html/19850826_kawasaki_9.html
19850826_kawasaki_10,1985-08-26,kawasaki,10,https://www.keiba.go.jp/KeibaWeb/TodayRaceInfo/RaceMarkTable?k_raceDate=1985%2F08%2F26&k_raceNo=10&k_babaCode=21,data/cache/html/19850826_kawasaki_10.html
19850826_kawasaki_11,1985-08-26,kawasaki,11,https://www.keiba.go.jp/KeibaWeb/TodayRaceInfo/RaceMarkTable?k_raceDate=1985%2F08%2F26&k_raceNo=11&k_babaCode=21,data/cache/html/19850826_kawasaki_11.html
19850826_kawasaki_12,1985-08-26,kawasaki,12,https://www.keiba.go.jp/KeibaWeb/TodayRaceInfo/RaceMarkTable?k_raceDate=1985%2F08%2F26&k_raceNo=12&k_babaCode=21,data/cache/html/19850826_kawasaki_12.html
19850825_kawasaki_1,1985-08-25,kawasaki,1,https://www.keiba.go.jp/KeibaWeb/TodayRaceInfo/RaceMarkTable?k_raceDate=1985%2F08%2F25&k_raceNo=1&k_babaCode=21,data/cache/html/19850825_kawasaki_1.html
19850825_kawasaki_2,1985-08-25,kawasaki,2,https://www.keiba.go.jp/KeibaWeb/TodayRaceInfo/RaceMarkTable?k_raceDate=1985%2F08%2F25&k_raceNo=2&k_babaCode=21,data/cache/html/19850825_kawasaki_2.html
19850825_kawasaki_3,1985-08-25,kawasaki,3,https://www.keiba.go.jp/KeibaWeb/TodayRaceInfo/RaceMarkTable?k_raceDate=1985%2F08%2F25&k_raceNo=3&k_babaCode=21,data/cache/html/19850825_kawasaki_3.html
19850825_kawasaki_4,1985-08-25,kawasaki,4,https://www.keiba.go.jp/KeibaWeb/TodayRaceInfo/RaceMarkTable?k_raceDate=1985%2F08%2F25&k_raceNo=4&k_babaCode=21,data/cache/html/19850825_kawasaki_4.html
19850825_kawasaki_5,1985-08-25,kawasaki,5,https://www.keiba.go.jp/KeibaWeb/TodayRaceInfo/RaceMarkTable?k_raceDate=1985%2F08%2F25&k_raceNo=5&k_babaCode=21,data/cache/html/19850825_kawasaki_5.html
19850825_kawasaki_6,1985-08-25,kawasaki,6,https://www.keiba.go.jp/KeibaWeb/TodayRaceInfo/RaceMarkTable?k_raceDate=1985%2F08%2F25&k_raceNo=6&k_babaCode=21,data/cache/html/19850825_kawasaki_6.html
19850825_kawasaki_7,1985-08-25,kawasaki,7,https://www.keiba.go.jp/KeibaWeb/TodayRaceInfo/RaceMarkTable?k_raceDate=1985%2F08%2F25&k_raceNo=7&k_babaCode=21,data/cache/html/19850825_kawasaki_7.html
19850825_kawasaki_8,1985-08-25,kawasaki,8,https://www.keiba.go.jp/KeibaWeb/TodayRaceInfo/RaceMarkTable?k_raceDate=1985%2F08%2F25&k_raceNo=8&k_babaCode=21,data/cache/html/19850825_kawasaki_8.html
19850825_kawasaki_9,1985-08-25,kawasaki,9,https://www.keiba.go.jp/KeibaWeb/TodayRaceInfo/RaceMarkTable?k_raceDate=1985%2F08%2F25&k_raceNo=9&k_babaCode=21,data/cache/html/19850825_kawasaki_9.html
19850825_kawasaki_10,1985-08-25,kawasaki,10,https://www.keiba.go.jp/KeibaWeb/TodayRaceInfo/RaceMarkTable?k_raceDate=1985%2F08%2F25&k_raceNo=10&k_babaCode=21,data/cache/html/19850825_kawasaki_10.html
19850825_kawasaki_11,1985-08-25,kawasaki,11,https://www.keiba.go.jp/KeibaWeb/TodayRaceInfo/RaceMarkTable?k_raceDate=1985%2F08%2F25&k_raceNo=11&k_babaCode=21,data/cache/html/19850825_kawasaki_11.html
19850825_kawasaki_12,1985-08-25,kawasaki,12,https://www.keiba.go.jp/KeibaWeb/TodayRaceInfo/RaceMarkTable?k_raceDate=1985%2F08%2F25&k_raceNo=12&k_babaCode=21,data/cache/html/19850825_kawasaki_12.html
19850824_kawasaki_1,1985-08-24,kawasaki,1,https://www.keiba.go.jp/KeibaWeb/TodayRaceInfo/RaceMarkTable?k_raceDate=1985%2F08%2F24&k_raceNo=1&k_babaCode=21,data/cache/html/19850824_kawasaki_1.html
19850824_kawasaki_2,1985-08-24,kawasaki,2,https://www.keiba.go.jp/KeibaWeb/TodayRaceInfo/RaceMarkTable?k_raceDate=1985%2F08%2F24&k_raceNo=2&k_babaCode=21,data/cache/html/19850824_kawasaki_2.html
19850824_kawasaki_3,1985-08-24,kawasaki,3,https://www.keiba.go.jp/KeibaWeb/TodayRaceInfo/RaceMarkTable?k_raceDate=1985%2F08%2F24&k_raceNo=3&k_babaCode=21,data/cache/html/19850824_kawasaki_3.html
19850824_kawasaki_4,1985-08-24,kawasaki,4,https://www.keiba.go.jp/KeibaWeb/TodayRaceInfo/RaceMarkTable?k_raceDate=1985%2F08%2F24&k_raceNo=4&k_babaCode=21,data/cache/html/19850824_kawasaki_4.html
19850824_kawasaki_5,1985-08-24,kawasaki,5,https://www.keiba.go.jp/KeibaWeb/TodayRaceInfo/RaceMarkTable?k_raceDate=1985%2F08%2F24&k_raceNo=5&k_babaCode=21,data/cache/html/19850824_kawasaki_5.html
19850824_kawasaki_6,1985-08-24,kawasaki,6,https://www.keiba.go.jp/KeibaWeb/TodayRaceInfo/RaceMarkTable?k_raceDate=1985%2F08%2F24&k_raceNo=6&k_babaCode=21,data/cache/html/19850824_kawasaki_6.html
19850824_kawasaki_7,1985-08-24,kawasaki,7,https://www.keiba.go.jp/KeibaWeb/TodayRaceInfo/RaceMarkTable?k_raceDate=1985%2F08%2F24&k_raceNo=7&k_babaCode=21,data/cache/html/19850824_kawasaki_7.html
19850824_kawasaki_8,1985-08-24,kawasaki,8,https://www.keiba.go.jp/KeibaWeb/TodayRaceInfo/RaceMarkTable?k_raceDate=1985%2F08%2F24&k_raceNo=8&k_babaCode=21,data/cache/html/19850824_kawasaki_8.html
19850824_kawasaki_9,1985-08-24,kawasaki,9,https://www.keiba.go.jp/KeibaWeb/TodayRaceInfo/RaceMarkTable?k_raceDate=1985%2F08%2F24&k_raceNo=9&k_babaCode=21,data/cache/html/19850824_kawasaki_9.html
19850824_kawasaki_10,1985-08-24,kawasaki,10,https://www.keiba.go.jp/KeibaWeb/TodayRaceInfo/RaceMarkTable?k_raceDate=1985%2F08%2F24&k_raceNo=10&k_babaCode=21,data/cache/html/19850824_kawasaki_10.html
19850824_kawasaki_11,1985-08-24,kawasaki,11,https://www.keiba.go.jp/KeibaWeb/TodayRaceInfo/RaceMarkTable?k_raceDate=1985%2F08%2F24&k_raceNo=11&k_babaCode=21,data/cache/html/19850824_kawasaki_11.html
19850824_kawasaki_12,1985-08-24,kawasaki,12,https://www.keiba.go.jp/KeibaWeb/TodayRaceInfo/RaceMarkTable?k_raceDate=1985%2F08%2F24&k_raceNo=12&k_babaCode=21,data/cache/html/19850824_kawasaki_12.html
19850823_kawasaki_1,1985-08-23,kawasaki,1,https://www.keiba.go.jp/KeibaWeb/TodayRaceInfo/RaceMarkTable?k_raceDate=1985%2F08%2F23&k_raceNo=1&k_babaCode=21,data/cache/html/19850823_kawasaki_1.html
19850823_kawasaki_2,1985-08-23,kawasaki,2,https://www.keiba.go.jp/KeibaWeb/TodayRaceInfo/RaceMarkTable?k_raceDate=1985%2F08%2F23&k_raceNo=2&k_babaCode=21,data/cache/html/19850823_kawasaki_2.html
19850823_kawasaki_3,1985-08-23,kawasaki,3,https://www.keiba.go.jp/KeibaWeb/TodayRaceInfo/RaceMarkTable?k_raceDate=1985%2F08%2F23&k_raceNo=3&k_babaCode=21,data/cache/html/19850823_kawasaki_3.html
19850823_kawasaki_4,1985-08-23,kawasaki,4,https://www.keiba.go.jp/KeibaWeb/TodayRaceInfo/RaceMarkTable?k_raceDate=1985%2F08%2F23&k_raceNo=4&k_babaCode=21,data/cache/html/19850823_kawasaki_4.html
19850823_kawasaki_5,1985-08-23,kawasaki,5,https://www.keiba.go.jp/KeibaWeb/TodayRaceInfo/RaceMarkTable?k_raceDate=1985%2F08%2F23&k_raceNo=5&k_babaCode=21,data/cache/html/19850823_kawasaki_5.html
19850823_kawasaki_6,1985-08-23,kawasaki,6,https://www.keiba.go.jp/KeibaWeb/TodayRaceInfo/RaceMarkTable?k_raceDate=1985%2F08%2F23&k_raceNo=6&k_babaCode=21,data/cache/html/19850823_kawasaki_6.html
19850823_kawasaki_7,1985-08-23,kawasaki,7,https://www.keiba.go.jp/KeibaWeb/TodayRaceInfo/RaceMarkTable?k_raceDate=1985%2F08%2F23&k_raceNo=7&k_babaCode=21,data/cache/html/19850823_kawasaki_7.html
19850823_kawasaki_8,1985-08-23,kawasaki,8,https://www.keiba.go.jp/KeibaWeb/TodayRaceInfo/RaceMarkTable?k_raceDate=1985%2F08%2F23&k_raceNo=8&k_babaCode=21,data/cache/html/19850823_kawasaki_8.html
19850823_kawasaki_9,1985-08-23,kawasaki,9,https://www.keiba.go.jp/KeibaWeb/TodayRaceInfo/RaceMarkTable?k_raceDate=1985%2F08%2F23&k_raceNo=9&k_babaCode=21,data/cache/html/19850823_kawasaki_9.html
19850823_kawasaki_10,1985-08-23,kawasaki,10,https://www.keiba.go.jp/KeibaWeb/TodayRaceInfo/RaceMarkTable?k_raceDate=1985%2F08%2F23&k_raceNo=10&k_babaCode=21,data/cache/html/19850823_kawasaki_10.html
19850823_kawasaki_11,1985-08-23,kawasaki,11,https://www.keiba.go.jp/KeibaWeb/TodayRaceInfo/RaceMarkTable?k_raceDate=1985%2F08%2F23&k_raceNo=11&k_babaCode=21,data/cache/html/19850823_kawasaki_11.html
19850823_kawasaki_12,1985-08-23,kawasaki,12,https://www.keiba.go.jp/KeibaWeb/TodayRaceInfo/RaceMarkTable?k_raceDate=1985%2F08%2F23&k_raceNo=12&k_babaCode=21,data/cache/html/19850823_kawasaki_12.html
19850822_kawasaki_1,1985-08-22,kawasaki,1,https://www.keiba.go.jp/KeibaWeb/TodayRaceInfo/RaceMarkTable?k_raceDate=1985%2F08%2F22&k_raceNo=1&k_babaCode=21,data/cache/html/19850822_kawasaki_1.html
19850822_kawasaki_2,1985-08-22,kawasaki,2,https://www.keiba.go.jp/KeibaWeb/TodayRaceInfo/RaceMarkTable?k_raceDate=1985%2F08%2F22&k_raceNo=2&k_babaCode=21,data/cache/html/19850822_kawasaki_2.html
19850822_kawasaki_3,1985-08-22,kawasaki,3,https://www.keiba.go.jp/KeibaWeb/TodayRaceInfo/RaceMarkTable?k_raceDate=1985%2F08%2F22&k_raceNo=3&k_babaCode=21,data/cache/html/19850822_kawasaki_3.html
19850822_kawasaki_4,1985-08-22,kawasaki,4,https://www.keiba.go.jp/KeibaWeb/TodayRaceInfo/RaceMarkTable?k_raceDate=1985%2F08%2F22&k_raceNo=4&k_babaCode=21,data/cache/html/19850822_kawasaki_4.html
19850822_kawasaki_5,1985-08-22,kawasaki,5,https://www.keiba.go.jp/KeibaWeb/TodayRaceInfo/RaceMarkTable?k_raceDate=1985%2F08%2F22&k_raceNo=5&k_babaCode=21,data/cache/html/19850822_kawasaki_5.html
19850822_kawasaki_6,1985-08-22,kawasaki,6,https://www.keiba.go.jp/KeibaWeb/TodayRaceInfo/RaceMarkTable?k_raceDate=1985%2F08%2F22&k_raceNo=6&k_babaCode=21,data/cache/html/19850822_kawasaki_6.html
19850822_kawasaki_7,1985-08-22,kawasaki,7,https://www.keiba.go.jp/KeibaWeb/TodayRaceInfo/RaceMarkTable?k_raceDate=1985%2F08%2F22&k_raceNo=7&k_babaCode=21,data/cache/html/19850822_kawasaki_7.html
19850822_kawasaki_8,1985-08-22,kawasaki,8,https://www.keiba.go.jp/KeibaWeb/TodayRaceInfo/RaceMarkTable?k_raceDate=1985%2F08%2F22&k_raceNo=8&k_babaCode=21,data/cache/html/19850822_kawasaki_8.html
19850822_kawasaki_9,1985-08-22,kawasaki,9,https://www.keiba.go.jp/KeibaWeb/TodayRaceInfo/RaceMarkTable?k_raceDate=1985%2F08%2F22&k_raceNo=9&k_babaCode=21,data/cache/html/19850822_kawasaki_9.html
19850822_kawasaki_10,1985-08-22,kawasaki,10,https://www.keiba.go.jp/KeibaWeb/TodayRaceInfo/RaceMarkTable?k_raceDate=1985%2F08%2F22&k_raceNo=10&k_babaCode=21,data/cache/html/19850822_kawasaki_10.html
19850822_kawasaki_11,1985-08-22,kawasaki,11,https://www.keiba.go.jp/KeibaWeb/TodayRaceInfo/RaceMarkTable?k_raceDate=1985%2F08%2F22&k_raceNo=11&k_babaCode=21,data/cache/html/19850822_kawasaki_11.html
19850822_kawasaki_12,1985-08-22,kawasaki,12,https://www.keiba.go.jp/KeibaWeb/TodayRaceInfo/RaceMarkTable?k_raceDate=1985%2F08%2F22&k_raceNo=12&k_babaCode=21,data/cache/html/19850822_kawasaki_12.html
19850821_kawasaki_1,1985-08-21,kawasaki,1,https://www.keiba.go.jp/KeibaWeb/TodayRaceInfo/RaceMarkTable?k_raceDate=1985%2F08%2F21&k_raceNo=1&k_babaCode=21,data/cache/html/19850821_kawasaki_1.html
19850821_kawasaki_2,1985-08-21,kawasaki,2,https://www.keiba.go.jp/KeibaWeb/TodayRaceInfo/RaceMarkTable?k_raceDate=1985%2F08%2F21&k_raceNo=2&k_babaCode=21,data/cache/html/19850821_kawasaki_2.html
19850821_kawasaki_3,1985-08-21,kawasaki,3,https://www.keiba.go.jp/KeibaWeb/TodayRaceInfo/RaceMarkTable?k_raceDate=1985%2F08%2F21&k_raceNo=3&k_babaCode=21,data/cache/html/19850821_kawasaki_3.html
19850821_kawasaki_4,1985-08-21,kawasaki,4,https://www.keiba.go.jp/KeibaWeb/TodayRaceInfo/RaceMarkTable?k_raceDate=1985%2F08%2F21&k_raceNo=4&k_babaCode=21,data/cache/html/19850821_kawasaki_4.html
19850821_kawasaki_5,1985-08-21,kawasaki,5,https://www.keiba.go.jp/KeibaWeb/TodayRaceInfo/RaceMarkTable?k_raceDate=1985%2F08%2F21&k_raceNo=5&k_babaCode=21,data/cache/html/19850821_kawasaki_5.html
19850821_kawasaki_6,1985-08-21,kawasaki,6,https://www.keiba.go.jp/KeibaWeb/TodayRaceInfo/RaceMarkTable?k_raceDate=1985%2F08%2F21&k_raceNo=6&k_babaCode=21,data/cache/html/19850821_kawasaki_6.html
19850821_kawasaki_7,1985-08-21,kawasaki,7,https://www.keiba.go.jp/KeibaWeb/TodayRaceInfo/RaceMarkTable?k_raceDate=1985%2F08%2F21&k_raceNo=7&k_babaCode=21,data/cache/html/19850821_kawasaki_7.html
19850821_kawasaki_8,1985-08-21,kawasaki,8,https://www.keiba.go.jp/KeibaWeb/TodayRaceInfo/RaceMarkTable?k_raceDate=1985%2F08%2F21&k_raceNo=8&k_babaCode=21,data/cache/html/19850821_kawasaki_8.html
19850821_kawasaki_9,1985-08-21,kawasaki,9,https://www.keiba.go.jp/KeibaWeb/TodayRaceInfo/RaceMarkTable?k_raceDate=1985%2F08%2F21&k_raceNo=9&k_babaCode=21,data/cache/html/19850821_kawasaki_9.html
19850821_kawasaki_10,1985-08-21,kawasaki,10,https://www.keiba.go.jp/KeibaWeb/TodayRaceInfo/RaceMarkTable?k_raceDate=1985%2F08%2F21&k_raceNo=10&k_babaCode=21,data/cache/html/19850821_kawasaki_10.html
19850821_kawasaki_11,1985-08-21,kawasaki,11,https://www.keiba.go.jp/KeibaWeb/TodayRaceInfo/RaceMarkTable?k_raceDate=1985%2F08%2F21&k_raceNo=11&k_babaCode=21,data/cache/html/19850821_kawasaki_11.html
19850821_kawasaki_12,1985-08-21,kawasaki,12,https://www.keiba.go.jp/KeibaWeb/TodayRaceInfo/RaceMarkTable?k_raceDate=1985%2F08%2F21&k_raceNo=12&k_babaCode=21,data/cache/html/19850821_kawasaki_12.html
19850820_kawasaki_1,1985-08-20,kawasaki,1,https://www.keiba.go.jp/KeibaWeb/TodayRaceInfo/RaceMarkTable?k_raceDate=1985%2F08%2F20&k_raceNo=1&k_babaCode=21,data/cache/html/19850820_kawasaki_1.html
19850820_kawasaki_2,1985-08-20,kawasaki,2,https://www.keiba.go.jp/KeibaWeb/TodayRaceInfo/RaceMarkTable?k_raceDate=1985%2F08%2F20&k_raceNo=2&k_babaCode=21,data/cache/html/19850820_kawasaki_2.html
19850820_kawasaki_3,1985-08-20,kawasaki,3,https://www.keiba.go.jp/KeibaWeb/TodayRaceInfo/RaceMarkTable?k_raceDate=1985%2F08%2F20&k_raceNo=3&k_babaCode=21,data/cache/html/19850820_kawasaki_3.html
19850820_kawasaki_4,1985-08-20,kawasaki,4,https://www.keiba.go.jp/KeibaWeb/TodayRaceInfo/RaceMarkTable?k_raceDate=1985%2F08%2F20&k_raceNo=4&k_babaCode=21,data/cache/html/19850820_kawasaki_4.html
19850820_kawasaki_5,1985-08-20,kawasaki,5,https://www.keiba.go.jp/KeibaWeb/TodayRaceInfo/RaceMarkTable?k_raceDate=1985%2F08%2F20&k_raceNo=5&k_babaCode=21,data/cache/html/19850820_kawasaki_5.html
19850820_kawasaki_6,1985-08-20,kawasaki,6,https://www.keiba.go.jp/KeibaWeb/TodayRaceInfo/RaceMarkTable?k_raceDate=1985%2F08%2F20&k_raceNo=6&k_babaCode=21,data/cache/html/19850820_kawasaki_6.html
19850820_kawasaki_7,1985-08-20,kawasaki,7,https://www.keiba.go.jp/KeibaWeb/TodayRaceInfo/RaceMarkTable?k_raceDate=1985%2F08%2F20&k_raceNo=7&k_babaCode=21,data/cache/html/19850820_kawasaki_7.html
19850820_kawasaki_8,1985-08-20,kawasaki,8,https://www.keiba.go.jp/KeibaWeb/TodayRaceInfo/RaceMarkTable?k_raceDate=1985%2F08%2F20&k_raceNo=8&k_babaCode=21,data/cache/html/19850820_kawasaki_8.html
19850820_kawasaki_9,1985-08-20,kawasaki,9,https://www.keiba.go.jp/KeibaWeb/TodayRaceInfo/RaceMarkTable?k_raceDate=1985%2F08%2F20&k_raceNo=9&k_babaCode=21,data/cache/html/19850820_kawasaki_9.html
19850820_kawasaki_10,1985-08-20,kawasaki,10,https://www.keiba.go.jp/KeibaWeb/TodayRaceInfo/RaceMarkTable?k_raceDate=1985%2F08%2F20&k_raceNo=10&k_babaCode=21,data/cache/html/19850820_kawasaki_10.html
19850820_kawasaki_11,1985-08-20,kawasaki,11,https://www.keiba.go.jp/KeibaWeb/TodayRaceInfo/RaceMarkTable?k_raceDate=1985%2F08%2F20&k_raceNo=11&k_babaCode=21,data/cache/html/19850820_kawasaki_11.html
19850820_kawasaki_12,1985-08-20,kawasaki,12,https://www.keiba.go.jp/KeibaWeb/TodayRaceInfo/RaceMarkTable?k_raceDate=1985%2F08%2F20&k_raceNo=12&k_babaCode=21,data/cache/html/19850820_kawasaki_12.html
19850819_kawasaki_1,1985-08-19,kawasaki,1,https://www.keiba.go.jp/KeibaWeb/TodayRaceInfo/RaceMarkTable?k_raceDate=1985%2F08%2F19&k_raceNo=1&k_babaCode=21,data/cache/html/19850819_kawasaki_1.html
19850819_kawasaki_2,1985-08-19,kawasaki,2,https://www.keiba.go.jp/KeibaWeb/TodayRaceInfo/RaceMarkTable?k_raceDate=1985%2F08%2F19&k_raceNo=2&k_babaCode=21,data/cache/html/19850819_kawasaki_2.html
19850819_kawasaki_3,1985-08-19,kawasaki,3,https://www.keiba.go.jp/KeibaWeb/TodayRaceInfo/RaceMarkTable?k_raceDate=1985%2F08%2F19&k_raceNo=3&k_babaCode=21,data/cache/html/19850819_kawasaki_3.html
19850819_kawasaki_4,1985-08-19,kawasaki,4,https://www.keiba.go.jp/KeibaWeb/TodayRaceInfo/RaceMarkTable?k_raceDate=1985%2F08%2F19&k_raceNo=4&k_babaCode=21,data/cache/html/19850819_kawasaki_4.html
19850819_kawasaki_5,1985-08-19,kawasaki,5,https://www.keiba.go.jp/KeibaWeb/TodayRaceInfo/RaceMarkTable?k_raceDate=1985%2F08%2F19&k_raceNo=5&k_babaCode=21,data/cache/html/19850819_kawasaki_5.html
19850819_kawasaki_6,1985-08-19,kawasaki,6,https://www.keiba.go.jp/KeibaWeb/TodayRaceInfo/RaceMarkTable?k_raceDate=1985%2F08%2F19&k_raceNo=6&k_babaCode=21,data/cache/html/19850819_kawasaki_6.html
19850819_kawasaki_7,1985-08-19,kawasaki,7,https://www.keiba.go.jp/KeibaWeb/TodayRaceInfo/RaceMarkTable?k_raceDate=1985%2F08%2F19&k_raceNo=7&k_babaCode=21,data/cache/html/19850819_kawasaki_7.html
19850819_kawasaki_8,1985-08-19,kawasaki,8,https://www.keiba.go.jp/KeibaWeb/TodayRaceInfo/RaceMarkTable?k_raceDate=1985%2F08%2F19&k_raceNo=8&k_babaCode=21,data/cache/html/19850819_kawasaki_8.html
19850819_kawasaki_9,1985-08-19,kawasaki,9,https://www.keiba.go.jp/KeibaWeb/TodayRaceInfo/RaceMarkTable?k_raceDate=1985%2F08%2F19&k_raceNo=9&k_babaCode=21,data/cache/html/19850819_kawasaki_9.html
19850819_kawasaki_10,1985-08-19,kawasaki,10,https://www.keiba.go.jp/KeibaWeb/TodayRaceInfo/RaceMarkTable?k_raceDate=1985%2F08%2F19&k_raceNo=10&k_babaCode=21,data/cache/html/19850819_kawasaki_10.html
19850819_kawasaki_11,1985-08-19,kawasaki,11,https://www.keiba.go.jp/KeibaWeb/TodayRaceInfo/RaceMarkTable?k_raceDate=1985%2F08%2F19&k_raceNo=11&k_babaCode=21,data/cache/html/19850819_kawasaki_11.html
19850819_kawasaki_12,1985-08-19,kawasaki,12,https://www.keiba.go.jp/KeibaWeb/TodayRaceInfo/RaceMarkTable?k_raceDate=1985%2F08%2F19&k_raceNo=12&k_babaCode=21,data/cache/html/19850819_kawasaki_12.html
19850818_kawasaki_1,1985-08-18,kawasaki,1,https://www.keiba.go.jp/KeibaWeb/TodayRaceInfo/RaceMarkTable?k_raceDate=1985%2F08%2F18&k_raceNo=1&k_babaCode=21,data/cache/html/19850818_kawasaki_1.html
19850818_kawasaki_2,1985-08-18,kawasaki,2,https://www.keiba.go.jp/KeibaWeb/TodayRaceInfo/RaceMarkTable?k_raceDate=1985%2F08%2F18&k_raceNo=2&k_babaCode=21,data/cache/html/19850818_kawasaki_2.html
19850818_kawasaki_3,1985-08-18,kawasaki,3,https://www.keiba.go.jp/KeibaWeb/TodayRaceInfo/RaceMarkTable?k_raceDate=1985%2F08%2F18&k_raceNo=3&k_babaCode=21,data/cache/html/19850818_kawasaki_3.html
19850818_kawasaki_4,1985-08-18,kawasaki,4,https://www.keiba.go.jp/KeibaWeb/TodayRaceInfo/RaceMarkTable?k_raceDate=1985%2F08%2F18&k_raceNo=4&k_babaCode=21,data/cache/html/19850818_kawasaki_4.html
19850818_kawasaki_5,1985-08-18,kawasaki,5,https://www.keiba.go.jp/KeibaWeb/TodayRaceInfo/RaceMarkTable?k_raceDate=1985%2F08%2F18&k_raceNo=5&k_babaCode=21,data/cache/html/19850818_kawasaki_5.html
19850818_kawasaki_6,1985-08-18,kawasaki,6,https://www.keiba.go.jp/KeibaWeb/TodayRaceInfo/RaceMarkTable?k_raceDate=1985%2F08%2F18&k_raceNo=6&k_babaCode=21,data/cache/html/19850818_kawasaki_6.html
19850818_kawasaki_7,1985-08-18,kawasaki,7,https://www.keiba.go.jp/KeibaWeb/TodayRaceInfo/RaceMarkTable?k_raceDate=1985%2F08%2F18&k_raceNo=7&k_babaCode=21,data/cache/html/19850818_kawasaki_7.html
19850818_kawasaki_8,1985-08-18,kawasaki,8,https://www.keiba.go.jp/KeibaWeb/TodayRaceInfo/RaceMarkTable?k_raceDate=1985%2F08%2F18&k_raceNo=8&k_babaCode=21,data/cache/html/19850818_kawasaki_8.html
19850818_kawasaki_9,1985-08-18,kawasaki,9,https://www.keiba.go.jp/KeibaWeb/TodayRaceInfo/RaceMarkTable?k_raceDate=1985%2F08%2F18&k_raceNo=9&k_babaCode=21,data/cache/html/19850818_kawasaki_9.html
19850818_kawasaki_10,1985-08-18,kawasaki,10,https://www.keiba.go.jp/KeibaWeb/TodayRaceInfo/RaceMarkTable?k_raceDate=1985%2F08%2F18&k_raceNo=10&k_babaCode=21,data/cache/html/19850818_kawasaki_10.html
19850818_kawasaki_11,1985-08-18,kawasaki,11,https://www.keiba.go.jp/KeibaWeb/TodayRaceInfo/RaceMarkTable?k_raceDate=1985%2F08%2F18&k_raceNo=11&k_babaCode=21,data/cache/html/19850818_kawasaki_11.html
19850818_kawasaki_12,1985-08-18,kawasaki,12,https://www.keiba.go.jp/KeibaWeb/TodayRaceInfo/RaceMarkTable?k_raceDate=1985%2F08%2F18&k_raceNo=12&k_babaCode=21,data/cache/html/19850818_kawasaki_12.html
19850817_kawasaki_1,1985-08-17,kawasaki,1,https://www.keiba.go.jp/KeibaWeb/TodayRaceInfo/RaceMarkTable?k_raceDate=1985%2F08%2F17&k_raceNo=1&k_babaCode=21,data/cache/html/19850817_kawasaki_1.html
19850817_kawasaki_2,1985-08-17,kawasaki,2,https://www.keiba.go.jp/KeibaWeb/TodayRaceInfo/RaceMarkTable?k_raceDate=1985%2F08%2F17&k_raceNo=2&k_babaCode=21,data/cache/html/19850817_kawasaki_2.html
19850817_kawasaki_3,1985-08-17,kawasaki,3,https://www.keiba.go.jp/KeibaWeb/TodayRaceInfo/RaceMarkTable?k_raceDate=1985%2F08%2F17&k_raceNo=3&k_babaCode=21,data/cache/html/19850817_kawasaki_3.html
19850817_kawasaki_4,1985-08-17,kawasaki,4,https://www.keiba.go.jp/KeibaWeb/TodayRaceInfo/RaceMarkTable?k_raceDate=1985%2F08%2F17&k_raceNo=4&k_babaCode=21,data/cache/html/19850817_kawasaki_4.html
19850817_kawasaki_5,1985-08-17,kawasaki,5,https://www.keiba.go.jp/KeibaWeb/TodayRaceInfo/RaceMarkTable?k_raceDate=1985%2F08%2F17&k_raceNo=5&k_babaCode=21,data/cache/html/19850817_kawasaki_5.html
19850817_kawasaki_6,1985-08-17,kawasaki,6,https://www.keiba.go.jp/KeibaWeb/TodayRaceInfo/RaceMarkTable?k_raceDate=1985%2F08%2F17&k_raceNo=6&k_babaCode=21,data/cache/html/19850817_kawasaki_6.html
19850817_kawasaki_7,1985-08-17,kawasaki,7,https://www.keiba.go.jp/KeibaWeb/TodayRaceInfo/RaceMarkTable?k_raceDate=1985%2F08%2F17&k_raceNo=7&k_babaCode=21,data/cache/html/19850817_kawasaki_7.html
19850817_kawasaki_8,1985-08-17,kawasaki,8,https://www.keiba.go.jp/KeibaWeb/TodayRaceInfo/RaceMarkTable?k_raceDate=1985%2F08%2F17&k_raceNo=8&k_babaCode=21,data/cache/html/19850817_kawasaki_8.html
19850817_kawasaki_9,1985-08-17,kawasaki,9,https://www.keiba.go.jp/KeibaWeb/TodayRaceInfo/RaceMarkTable?k_raceDate=1985%2F08%2F17&k_raceNo=9&k_babaCode=21,data/cache/html/19850817_kawasaki_9.html
19850817_kawasaki_10,1985-08-17,kawasaki,10,https://www.keiba.go.jp/KeibaWeb/TodayRaceInfo/RaceMarkTable?k_raceDate=1985%2F08%2F17&k_raceNo=10&k_babaCode=21,data/cache/html/19850817_kawasaki_10.html
19850817_kawasaki_11,1985-08-17,kawasaki,11,https://www.keiba.go.jp/KeibaWeb/TodayRaceInfo/RaceMarkTable?k_raceDate=1985%2F08%2F17&k_raceNo=11&k_babaCode=21,data/cache/html/19850817_kawasaki_11.html
19850817_kawasaki_12,1985-08-17,kawasaki,12,https://www.keiba.go.jp/KeibaWeb/TodayRaceInfo/RaceMarkTable?k_raceDate=1985%2F08%2F17&k_raceNo=12&k_babaCode=21,data/cache/html/19850817_kawasaki_12.html
19850816_kawasaki_1,1985-08-16,kawasaki,1,https://www.keiba.go.jp/KeibaWeb/TodayRaceInfo/RaceMarkTable?k_raceDate=1985%2F08%2F16&k_raceNo=1&k_babaCode=21,data/cache/html/19850816_kawasaki_1.html
19850816_kawasaki_2,1985-08-16,kawasaki,2,https://www.keiba.go.jp/KeibaWeb/TodayRaceInfo/RaceMarkTable?k_raceDate=1985%2F08%2F16&k_raceNo=2&k_babaCode=21,data/cache/html/19850816_kawasaki_2.html
19850816_kawasaki_3,1985-08-16,kawasaki,3,https://www.keiba.go.jp/KeibaWeb/TodayRaceInfo/RaceMarkTable?k_raceDate=1985%2F08%2F16&k_raceNo=3&k_babaCode=21,data/cache/html/19850816_kawasaki_3.html
19850816_kawasaki_4,1985-08-16,kawasaki,4,https://www.keiba.go.jp/KeibaWeb/TodayRaceInfo/RaceMarkTable?k_raceDate=1985%2F08%2F16&k_raceNo=4&k_babaCode=21,data/cache/html/19850816_kawasaki_4.html
19850816_kawasaki_5,1985-08-16,kawasaki,5,https://www.keiba.go.jp/KeibaWeb/TodayRaceInfo/RaceMarkTable?k_raceDate=1985%2F08%2F16&k_raceNo=5&k_babaCode=21,data/cache/html/19850816_kawasaki_5.html
19850816_kawasaki_6,1985-08-16,kawasaki,6,https://www.keiba.go.jp/KeibaWeb/TodayRaceInfo/RaceMarkTable?k_raceDate=1985%2F08%2F16&k_raceNo=6&k_babaCode=21,data/cache/html/19850816_kawasaki_6.html
19850816_kawasaki_7,1985-08-16,kawasaki,7,https://www.keiba.go.jp/KeibaWeb/TodayRaceInfo/RaceMarkTable?k_raceDate=1985%2F08%2F16&k_raceNo=7&k_babaCode=21,data/cache/html/19850816_kawasaki_7.html
19850816_kawasaki_8,1985-08-16,kawasaki,8,https://www.keiba.go.jp/KeibaWeb/TodayRaceInfo/RaceMarkTable?k_raceDate=1985%2F08%2F16&k_raceNo=8&k_babaCode=21,data/cache/html/19850816_kawasaki_8.html
19850816_kawasaki_9,1985-08-16,kawasaki,9,https://www.keiba.go.jp/KeibaWeb/TodayRaceInfo/RaceMarkTable?k_raceDate=1985%2F08%2F16&k_raceNo=9&k_babaCode=21,data/cache/html/19850816_kawasaki_9.html
19850816_kawasaki_10,1985-08-16,kawasaki,10,https://www.keiba.go.jp/KeibaWeb/TodayRaceInfo/RaceMarkTable?k_raceDate=1985%2F08%2F16&k_raceNo=10&k_babaCode=21,data/cache/html/19850816_kawasaki_10.html
19850816_kawasaki_11,1985-08-16,kawasaki,11,https://www.keiba.go.jp/KeibaWeb/TodayRaceInfo/RaceMarkTable?k_raceDate=1985%2F08%2F16&k_raceNo=11&k_babaCode=21,data/cache/html/19850816_kawasaki_11.html
19850816_kawasaki_12,1985-08-16,kawasaki,12,https://www.keiba.go.jp/KeibaWeb/TodayRaceInfo/RaceMarkTable?k_raceDate=1985%2F08%2F16&k_raceNo=12&k_babaCode=21,data/cache/html/19850816_kawasaki_12.html
19850815_kawasaki_1,1985-08-15,kawasaki,1,https://www.keiba.go.jp/KeibaWeb/TodayRaceInfo/RaceMarkTable?k_raceDate=1985%2F08%2F15&k_raceNo=1&k_babaCode=21,data/cache/html/19850815_kawasaki_1.html
19850815_kawasaki_2,1985-08-15,kawasaki,2,https://www.keiba.go.jp/KeibaWeb/TodayRaceInfo/RaceMarkTable?k_raceDate=1985%2F08%2F15&k_raceNo=2&k_babaCode=21,data/cache/html/19850815_kawasaki_2.html
19850815_kawasaki_3,1985-08-15,kawasaki,3,https://www.keiba.go.jp/KeibaWeb/TodayRaceInfo/RaceMarkTable?k_raceDate=1985%2F08%2F15&k_raceNo=3&k_babaCode=21,data/cache/html/19850815_kawasaki_3.html
19850815_kawasaki_4,1985-08-15,kawasaki,4,https://www.keiba.go.jp/KeibaWeb/TodayRaceInfo/RaceMarkTable?k_raceDate=1985%2F08%2F15&k_raceNo=4&k_babaCode=21,data/cache/html/19850815_kawasaki_4.html
19850815_kawasaki_5,1985-08-15,kawasaki,5,https://www.keiba.go.jp/KeibaWeb/TodayRaceInfo/RaceMarkTable?k_raceDate=1985%2F08%2F15&k_raceNo=5&k_babaCode=21,data/cache/html/19850815_kawasaki_5.html
19850815_kawasaki_6,1985-08-15,kawasaki,6,https://www.keiba.go.jp/KeibaWeb/TodayRaceInfo/RaceMarkTable?k_raceDate=1985%2F08%2F15&k_raceNo=6&k_babaCode=21,data/cache/html/19850815_kawasaki_6.html
19850815_kawasaki_7,1985-08-15,kawasaki,7,https://www.keiba.go.jp/KeibaWeb/TodayRaceInfo/RaceMarkTable?k_raceDate=1985%2F08%2F15&k_raceNo=7&k_babaCode=21,data/cache/html/19850815_kawasaki_7.html
19850815_kawasaki_8,1985-08-15,kawasaki,8,https://www.keiba.go.jp/KeibaWeb/TodayRaceInfo/RaceMarkTable?k_raceDate=1985%2F08%2F15&k_raceNo=8&k_babaCode=21,data/cache/html/19850815_kawasaki_8.html
19850815_kawasaki_9,1985-08-15,kawasaki,9,https://www.keiba.go.jp/KeibaWeb/TodayRaceInfo/RaceMarkTable?k_raceDate=1985%2F08%2F15&k_raceNo=9&k_babaCode=21,data/cache/html/19850815_kawasaki_9.html
19850815_kawasaki_10,1985-08-15,kawasaki,10,https://www.keiba.go.jp/KeibaWeb/TodayRaceInfo/RaceMarkTable?k_raceDate=1985%2F08%2F15&k_raceNo=10&k_babaCode=21,data/cache/html/19850815_kawasaki_10.html
19850815_kawasaki_11,1985-08-15,kawasaki,11,https://www.keiba.go.jp/KeibaWeb/TodayRaceInfo/RaceMarkTable?k_raceDate=1985%2F08%2F15&k_raceNo=11&k_babaCode=21,data/cache/html/19850815_kawasaki_11.html
19850815_kawasaki_12,1985-08-15,kawasaki,12,https://www.keiba.go.jp/KeibaWeb/TodayRaceInfo/RaceMarkTable?k_raceDate=1985%2F08%2F15&k_raceNo=12&k_babaCode=21,data/cache/html/19850815_kawasaki_12.html
19850814_kawasaki_1,1985-08-14,kawasaki,1,https://www.keiba.go.jp/KeibaWeb/TodayRaceInfo/RaceMarkTable?k_raceDate=1985%2F08%2F14&k_raceNo=1&k_babaCode=21,data/cache/html/19850814_kawasaki_1.html
19850814_kawasaki_2,1985-08-14,kawasaki,2,https://www.keiba.go.jp/KeibaWeb/TodayRaceInfo/RaceMarkTable?k_raceDate=1985%2F08%2F14&k_raceNo=2&k_babaCode=21,data/cache/html/19850814_kawasaki_2.html
19850814_kawasaki_3,1985-08-14,kawasaki,3,https://www.keiba.go.jp/KeibaWeb/TodayRaceInfo/RaceMarkTable?k_raceDate=1985%2F08%2F14&k_raceNo=3&k_babaCode=21,data/cache/html/19850814_kawasaki_3.html
19850814_kawasaki_4,1985-08-14,kawasaki,4,https://www.keiba.go.jp/KeibaWeb/TodayRaceInfo/RaceMarkTable?k_raceDate=1985%2F08%2F14&k_raceNo=4&k_babaCode=21,data/cache/html/19850814_kawasaki_4.html
19850814_kawasaki_5,1985-08-14,kawasaki,5,https://www.keiba.go.jp/KeibaWeb/TodayRaceInfo/RaceMarkTable?k_raceDate=1985%2F08%2F14&k_raceNo=5&k_babaCode=21,data/cache/html/19850814_kawasaki_5.html
19850814_kawasaki_6,1985-08-14,kawasaki,6,https://www.keiba.go.jp/KeibaWeb/TodayRaceInfo/RaceMarkTable?k_raceDate=1985%2F08%2F14&k_raceNo=6&k_babaCode=21,data/cache/html/19850814_kawasaki_6.html
19850814_kawasaki_7,1985-08-14,kawasaki,7,https://www.keiba.go.jp/KeibaWeb/TodayRaceInfo/RaceMarkTable?k_raceDate=1985%2F08%2F14&k_raceNo=7&k_babaCode=21,data/cache/html/19850814_kawasaki_7.html
19850814_kawasaki_8,1985-08-14,kawasaki,8,https://www.keiba.go.jp/KeibaWeb/TodayRaceInfo/RaceMarkTable?k_raceDate=1985%2F08%2F14&k_raceNo=8&k_babaCode=21,data/cache/html/19850814_kawasaki_8.html
19850814_kawasaki_9,1985-08-14,kawasaki,9,https://www.keiba.go.jp/KeibaWeb/TodayRaceInfo/RaceMarkTable?k_raceDate=1985%2F08%2F14&k_raceNo=9&k_babaCode=21,data/cache/html/19850814_kawasaki_9.html
19850814_kawasaki_10,1985-08-14,kawasaki,10,https://www.keiba.go.jp/KeibaWeb/TodayRaceInfo/RaceMarkTable?k_raceDate=1985%2F08%2F14&k_raceNo=10&k_babaCode=21,data/cache/html/19850814_kawasaki_10.html
19850814_kawasaki_11,1985-08-14,kawasaki,11,https://www.keiba.go.jp/KeibaWeb/TodayRaceInfo/RaceMarkTable?k_raceDate=1985%2F08%2F14&k_raceNo=11&k_babaCode=21,data/cache/html/19850814_kawasaki_11.html
19850814_kawasaki_12,1985-08-14,kawasaki,12,https://www.keiba.go.jp/KeibaWeb/TodayRaceInfo/RaceMarkTable?k_raceDate=1985%2F08%2F14&k_raceNo=12&k_babaCode=21,data/cache/html/19850814_kawasaki_12.html
19850813_kawasaki_1,1985-08-13,kawasaki,1,https://www.keiba.go.jp/KeibaWeb/TodayRaceInfo/RaceMarkTable?k_raceDate=1985%2F08%2F13&k_raceNo=1&k_babaCode=21,data/cache/html/19850813_kawasaki_1.html
19850813_kawasaki_2,1985-08-13,kawasaki,2,https://www.keiba.go.jp/KeibaWeb/TodayRaceInfo/RaceMarkTable?k_raceDate=1985%2F08%2F13&k_raceNo=2&k_babaCode=21,data/cache/html/19850813_kawasaki_2.html
19850813_kawasaki_3,1985-08-13,kawasaki,3,https://www.keiba.go.jp/KeibaWeb/TodayRaceInfo/RaceMarkTable?k_raceDate=1985%2F08%2F13&k_raceNo=3&k_babaCode=21,data/cache/html/19850813_kawasaki_3.html
19850813_kawasaki_4,1985-08-13,kawasaki,4,https://www.keiba.go.jp/KeibaWeb/TodayRaceInfo/RaceMarkTable?k_raceDate=1985%2F08%2F13&k_raceNo=4&k_babaCode=21,data/cache/html/19850813_kawasaki_4.html
19850813_kawasaki_5,1985-08-13,kawasaki,5,https://www.keiba.go.jp/KeibaWeb/TodayRaceInfo/RaceMarkTable?k_raceDate=1985%2F08%2F13&k_raceNo=5&k_babaCode=21,data/cache/html/19850813_kawasaki_5.html
19850813_kawasaki_6,1985-08-13,kawasaki,6,https://www.keiba.go.jp/KeibaWeb/TodayRaceInfo/RaceMarkTable?k_raceDate=1985%2F08%2F13&k_raceNo=6&k_babaCode=21,data/cache/html/19850813_kawasaki_6.html
19850813_kawasaki_7,1985-08-13,kawasaki,7,https://www.keiba.go.jp/KeibaWeb/TodayRaceInfo/RaceMarkTable?k_raceDate=1985%2F08%2F13&k_raceNo=7&k_babaCode=21,data/cache/html/19850813_kawasaki_7.html
19850813_kawasaki_8,1985-08-13,kawasaki,8,https://www.keiba.go.jp/KeibaWeb/TodayRaceInfo/RaceMarkTable?k_raceDate=1985%2F08%2F13&k_raceNo=8&k_babaCode=21,data/cache/html/19850813_kawasaki_8.html
19850813_kawasaki_9,1985-08-13,kawasaki,9,https://www.keiba.go.jp/KeibaWeb/TodayRaceInfo/RaceMarkTable?k_raceDate=1985%2F08%2F13&k_raceNo=9&k_babaCode=21,data/cache/html/19850813_kawasaki_9.html
19850813_kawasaki_10,1985-08-13,kawasaki,10,https://www.keiba.go.jp/KeibaWeb/TodayRaceInfo/RaceMarkTable?k_raceDate=1985%2F08%2F13&k_raceNo=10&k_babaCode=21,data/cache/html/19850813_kawasaki_10.html
19850813_kawasaki_11,1985-08-13,kawasaki,11,https://www.keiba.go.jp/KeibaWeb/TodayRaceInfo/RaceMarkTable?k_raceDate=1985%2F08%2F13&k_raceNo=11&k_babaCode=21,data/cache/html/19850813_kawasaki_11.html
19850813_kawasaki_12,1985-08-13,kawasaki,12,https://www.keiba.go.jp/KeibaWeb/TodayRaceInfo/RaceMarkTable?k_raceDate=1985%2F08%2F13&k_raceNo=12&k_babaCode=21,data/cache/html/19850813_kawasaki_12.html
19850812_kawasaki_1,1985-08-12,kawasaki,1,https://www.keiba.go.jp/KeibaWeb/TodayRaceInfo/RaceMarkTable?k_raceDate=1985%2F08%2F12&k_raceNo=1&k_babaCode=21,data/cache/html/19850812_kawasaki_1.html
19850812_kawasaki_2,1985-08-12,kawasaki,2,https://www.keiba.go.jp/KeibaWeb/TodayRaceInfo/RaceMarkTable?k_raceDate=1985%2F08%2F12&k_raceNo=2&k_babaCode=21,data/cache/html/19850812_kawasaki_2.html
19850812_kawasaki_3,1985-08-12,kawasaki,3,https://www.keiba.go.jp/KeibaWeb/TodayRaceInfo/RaceMarkTable?k_raceDate=1985%2F08%2F12&k_raceNo=3&k_babaCode=21,data/cache/html/19850812_kawasaki_3.html
19850812_kawasaki_4,1985-08-12,kawasaki,4,https://www.keiba.go.jp/KeibaWeb/TodayRaceInfo/RaceMarkTable?k_raceDate=1985%2F08%2F12&k_raceNo=4&k_babaCode=21,data/cache/html/19850812_kawasaki_4.html
19850812_kawasaki_5,1985-08-12,kawasaki,5,https://www.keiba.go.jp/KeibaWeb/TodayRaceInfo/RaceMarkTable?k_raceDate=1985%2F08%2F12&k_raceNo=5&k_babaCode=21,data/cache/html/19850812_kawasaki_5.html
19850812_kawasaki_6,1985-08-12,kawasaki,6,https://www.keiba.go.jp/KeibaWeb/TodayRaceInfo/RaceMarkTable?k_raceDate=1985%2F08%2F12&k_raceNo=6&k_babaCode=21,data/cache/html/19850812_kawasaki_6.html
19850812_kawasaki_7,1985-08-12,kawasaki,7,https://www.keiba.go.jp/KeibaWeb/TodayRaceInfo/RaceMarkTable?k_raceDate=1985%2F08%2F12&k_raceNo=7&k_babaCode=21,data/cache/html/19850812_kawasaki_7.html
19850812_kawasaki_8,1985-08-12,kawasaki,8,https://www.keiba.go.jp/KeibaWeb/TodayRaceInfo/RaceMarkTable?k_raceDate=1985%2F08%2F12&k_raceNo=8&k_babaCode=21,data/cache/html/19850812_kawasaki_8.html
19850812_kawasaki_9,1985-08-12,kawasaki,9,https://www.keiba.go.jp/KeibaWeb/TodayRaceInfo/RaceMarkTable?k_raceDate=1985%2F08%2F12&k_raceNo=9&k_babaCode=21,data/cache/html/19850812_kawasaki_9.html
19850812_kawasaki_10,1985-08-12,kawasaki,10,https://www.keiba.go.jp/KeibaWeb/TodayRaceInfo/RaceMarkTable?k_raceDate=1985%2F08%2F12&k_raceNo=10&k_babaCode=21,data/cache/html/19850812_kawasaki_10.html
19850812_kawasaki_11,1985-08-12,kawasaki,11,https://www.keiba.go.jp/KeibaWeb/TodayRaceInfo/RaceMarkTable?k_raceDate=1985%2F08%2F12&k_raceNo=11&k_babaCode=21,data/cache/html/19850812_kawasaki_11.html
19850812_kawasaki_12,1985-08-12,kawasaki,12,https://www.keiba.go.jp/KeibaWeb/TodayRaceInfo/RaceMarkTable?k_raceDate=1985%2F08%2F12&k_raceNo=12&k_babaCode=21,data/cache/html/19850812_kawasaki_12.html
19850811_kawasaki_1,1985-08-11,kawasaki,1,https://www.keiba.go.jp/KeibaWeb/TodayRaceInfo/RaceMarkTable?k_raceDate=1985%2F08%2F11&k_raceNo=1&k_babaCode=21,data/cache/html/19850811_kawasaki_1.html
19850811_kawasaki_2,1985-08-11,kawasaki,2,https://www.keiba.go.jp/KeibaWeb/TodayRaceInfo/RaceMarkTable?k_raceDate=1985%2F08%2F11&k_raceNo=2&k_babaCode=21,data/cache/html/19850811_kawasaki_2.html
19850811_kawasaki_3,1985-08-11,kawasaki,3,https://www.keiba.go.jp/KeibaWeb/TodayRaceInfo/RaceMarkTable?k_raceDate=1985%2F08%2F11&k_raceNo=3&k_babaCode=21,data/cache/html/19850811_kawasaki_3.html
19850811_kawasaki_4,1985-08-11,kawasaki,4,https://www.keiba.go.jp/KeibaWeb/TodayRaceInfo/RaceMarkTable?k_raceDate=1985%2F08%2F11&k_raceNo=4&k_babaCode=21,data/cache/html/19850811_kawasaki_4.html
19850811_kawasaki_5,1985-08-11,kawasaki,5,https://www.keiba.go.jp/KeibaWeb/TodayRaceInfo/RaceMarkTable?k_raceDate=1985%2F08%2F11&k_raceNo=5&k_babaCode=21,data/cache/html/19850811_kawasaki_5.html
19850811_kawasaki_6,1985-08-11,kawasaki,6,https://www.keiba.go.jp/KeibaWeb/TodayRaceInfo/RaceMarkTable?k_raceDate=1985%2F08%2F11&k_raceNo=6&k_babaCode=21,data/cache/html/19850811_kawasaki_6.html
19850811_kawasaki_7,1985-08-11,kawasaki,7,https://www.keiba.go.jp/KeibaWeb/TodayRaceInfo/RaceMarkTable?k_raceDate=1985%2F08%2F11&k_raceNo=7&k_babaCode=21,data/cache/html/19850811_kawasaki_7.html
19850811_kawasaki_8,1985-08-11,kawasaki,8,https://www.keiba.go.jp/KeibaWeb/TodayRaceInfo/RaceMarkTable?k_raceDate=1985%2F08%2F11&k_raceNo=8&k_babaCode=21,data/cache/html/19850811_kawasaki_8.html
19850811_kawasaki_9,1985-08-11,kawasaki,9,https://www.keiba.go.jp/KeibaWeb/TodayRaceInfo/RaceMarkTable?k_raceDate=1985%2F08%2F11&k_raceNo=9&k_babaCode=21,data/cache/html/19850811_kawasaki_9.html
19850811_kawasaki_10,1985-08-11,kawasaki,10,https://www.keiba.go.jp/KeibaWeb/TodayRaceInfo/RaceMarkTable?k_raceDate=1985%2F08%2F11&k_raceNo=10&k_babaCode=21,data/cache/html/19850811_kawasaki_10.html
19850811_kawasaki_11,1985-08-11,kawasaki,11,https://www.keiba.go.jp/KeibaWeb/TodayRaceInfo/RaceMarkTable?k_raceDate=1985%2F08%2F11&k_raceNo=11&k_babaCode=21,data/cache/html/19850811_kawasaki_11.html
19850811_kawasaki_12,1985-08-11,kawasaki,12,https://www.keiba.go.jp/KeibaWeb/TodayRaceInfo/RaceMarkTable?k_raceDate=1985%2F08%2F11&k_raceNo=12&k_babaCode=21,data/cache/html/19850811_kawasaki_12.html
19850810_kawasaki_1,1985-08-10,kawasaki,1,https://www.keiba.go.jp/KeibaWeb/TodayRaceInfo/RaceMarkTable?k_raceDate=1985%2F08%2F10&k_raceNo=1&k_babaCode=21,data/cache/html/19850810_kawasaki_1.html
19850810_kawasaki_2,1985-08-10,kawasaki,2,https://www.keiba.go.jp/KeibaWeb/TodayRaceInfo/RaceMarkTable?k_raceDate=1985%2F08%2F10&k_raceNo=2&k_babaCode=21,data/cache/html/19850810_kawasaki_2.html
19850810_kawasaki_3,1985-08-10,kawasaki,3,https://www.keiba.go.jp/KeibaWeb/TodayRaceInfo/RaceMarkTable?k_raceDate=1985%2F08%2F10&k_raceNo=3&k_babaCode=21,data/cache/html/19850810_kawasaki_3.html
19850810_kawasaki_4,1985-08-10,kawasaki,4,https://www.keiba.go.jp/KeibaWeb/TodayRaceInfo/RaceMarkTable?k_raceDate=1985%2F08%2F10&k_raceNo=4&k_babaCode=21,data/cache/html/19850810_kawasaki_4.html
19850810_kawasaki_5,1985-08-10,kawasaki,5,https://www.keiba.go.jp/KeibaWeb/TodayRaceInfo/RaceMarkTable?k_raceDate=1985%2F08%2F10&k_raceNo=5&k_babaCode=21,data/cache/html/19850810_kawasaki_5.html
19850810_kawasaki_6,1985-08-10,kawasaki,6,https://www.keiba.go.jp/KeibaWeb/TodayRaceInfo/RaceMarkTable?k_raceDate=1985%2F08%2F10&k_raceNo=6&k_babaCode=21,data/cache/html/19850810_kawasaki_6.html
19850810_kawasaki_7,1985-08-10,kawasaki,7,https://www.keiba.go.jp/KeibaWeb/TodayRaceInfo/RaceMarkTable?k_raceDate=1985%2F08%2F10&k_raceNo=7&k_babaCode=21,data/cache/html/19850810_kawasaki_7.html
19850810_kawasaki_8,1985-08-10,kawasaki,8,https://www.keiba.go.jp/KeibaWeb/TodayRaceInfo/RaceMarkTable?k_raceDate=1985%2F08%2F10&k_raceNo=8&k_babaCode=21,data/cache/html/19850810_kawasaki_8.html
19850810_kawasaki_9,1985-08-10,kawasaki,9,https://www.keiba.go.jp/KeibaWeb/TodayRaceInfo/RaceMarkTable?k_raceDate=1985%2F08%2F10&k_raceNo=9&k_babaCode=21,data/cache/html/19850810_kawasaki_9.html
19850810_kawasaki_10,1985-08-10,kawasaki,10,https://www.keiba.go.jp/KeibaWeb/TodayRaceInfo/RaceMarkTable?k_raceDate=1985%2F08%2F10&k_raceNo=10&k_babaCode=21,data/cache/html/19850810_kawasaki_10.html
19850810_kawasaki_11,1985-08-10,kawasaki,11,https://www.keiba.go.jp/KeibaWeb/TodayRaceInfo/RaceMarkTable?k_raceDate=1985%2F08%2F10&k_raceNo=11&k_babaCode=21,data/cache/html/19850810_kawasaki_11.html
19850810_kawasaki_12,1985-08-10,kawasaki,12,https://www.keiba.go.jp/KeibaWeb/TodayRaceInfo/RaceMarkTable?k_raceDate=1985%2F08%2F10&k_raceNo=12&k_babaCode=21,data/cache/html/19850810_kawasaki_12.html
19850809_kawasaki_1,1985-08-09,kawasaki,1,https://www.keiba.go.jp/KeibaWeb/TodayRaceInfo/RaceMarkTable?k_raceDate=1985%2F08%2F09&k_raceNo=1&k_babaCode=21,data/cache/html/19850809_kawasaki_1.html
19850809_kawasaki_2,1985-08-09,kawasaki,2,https://www.keiba.go.jp/KeibaWeb/TodayRaceInfo/RaceMarkTable?k_raceDate=1985%2F08%2F09&k_raceNo=2&k_babaCode=21,data/cache/html/19850809_kawasaki_2.html
19850809_kawasaki_3,1985-08-09,kawasaki,3,https://www.keiba.go.jp/KeibaWeb/TodayRaceInfo/RaceMarkTable?k_raceDate=1985%2F08%2F09&k_raceNo=3&k_babaCode=21,data/cache/html/19850809_kawasaki_3.html
19850809_kawasaki_4,1985-08-09,kawasaki,4,https://www.keiba.go.jp/KeibaWeb/TodayRaceInfo/RaceMarkTable?k_raceDate=1985%2F08%2F09&k_raceNo=4&k_babaCode=21,data/cache/html/19850809_kawasaki_4.html
19850809_kawasaki_5,1985-08-09,kawasaki,5,https://www.keiba.go.jp/KeibaWeb/TodayRaceInfo/RaceMarkTable?k_raceDate=1985%2F08%2F09&k_raceNo=5&k_babaCode=21,data/cache/html/19850809_kawasaki_5.html
19850809_kawasaki_6,1985-08-09,kawasaki,6,https://www.keiba.go.jp/KeibaWeb/TodayRaceInfo/RaceMarkTable?k_raceDate=1985%2F08%2F09&k_raceNo=6&k_babaCode=21,data/cache/html/19850809_kawasaki_6.html
19850809_kawasaki_7,1985-08-09,kawasaki,7,https://www.keiba.go.jp/KeibaWeb/TodayRaceInfo/RaceMarkTable?k_raceDate=1985%2F08%2F09&k_raceNo=7&k_babaCode=21,data/cache/html/19850809_kawasaki_7.html
19850809_kawasaki_8,1985-08-09,kawasaki,8,https://www.keiba.go.jp/KeibaWeb/TodayRaceInfo/RaceMarkTable?k_raceDate=1985%2F08%2F09&k_raceNo=8&k_babaCode=21,data/cache/html/19850809_kawasaki_8.html
19850809_kawasaki_9,1985-08-09,kawasaki,9,https://www.keiba.go.jp/KeibaWeb/TodayRaceInfo/RaceMarkTable?k_raceDate=1985%2F08%2F09&k_raceNo=9&k_babaCode=21,data/cache/html/19850809_kawasaki_9.html
19850809_kawasaki_10,1985-08-09,kawasaki,10,https://www.keiba.go.jp/KeibaWeb/TodayRaceInfo/RaceMarkTable?k_raceDate=1985%2F08%2F09&k_raceNo=10&k_babaCode=21,data/cache/html/19850809_kawasaki_10.html
19850809_kawasaki_11,1985-08-09,kawasaki,11,https://www.keiba.go.jp/KeibaWeb/TodayRaceInfo/RaceMarkTable?k_raceDate=1985%2F08%2F09&k_raceNo=11&k_babaCode=21,data/cache/html/19850809_kawasaki_11.html
19850809_kawasaki_12,1985-08-09,kawasaki,12,https://www.keiba.go.jp/KeibaWeb/TodayRaceInfo/RaceMarkTable?k_raceDate=1985%2F08%2F09&k_raceNo=12&k_babaCode=21,data/cache/html/19850809_kawasaki_12.html
19850808_kawasaki_1,1985-08-08,kawasaki,1,https://www.keiba.go.jp/KeibaWeb/TodayRaceInfo/RaceMarkTable?k_raceDate=1985%2F08%2F08&k_raceNo=1&k_babaCode=21,data/cache/html/19850808_kawasaki_1.html
19850808_kawasaki_2,1985-08-08,kawasaki,2,https://www.keiba.go.jp/KeibaWeb/TodayRaceInfo/RaceMarkTable?k_raceDate=1985%2F08%2F08&k_raceNo=2&k_babaCode=21,data/cache/html/19850808_kawasaki_2.html
19850808_kawasaki_3,1985-08-08,kawasaki,3,https://www.keiba.go.jp/KeibaWeb/TodayRaceInfo/RaceMarkTable?k_raceDate=1985%2F08%2F08&k_raceNo=3&k_babaCode=21,data/cache/html/19850808_kawasaki_3.html
19850808_kawasaki_4,1985-08-08,kawasaki,4,https://www.keiba.go.jp/KeibaWeb/TodayRaceInfo/RaceMarkTable?k_raceDate=1985%2F08%2F08&k_raceNo=4&k_babaCode=21,data/cache/html/19850808_kawasaki_4.html
19850808_kawasaki_5,1985-08-08,kawasaki,5,https://www.keiba.go.jp/KeibaWeb/TodayRaceInfo/RaceMarkTable?k_raceDate=1985%2F08%2F08&k_raceNo=5&k_babaCode=21,data/cache/html/19850808_kawasaki_5.html
19850808_kawasaki_6,1985-08-08,kawasaki,6,https://www.keiba.go.jp/KeibaWeb/TodayRaceInfo/RaceMarkTable?k_raceDate=1985%2F08%2F08&k_raceNo=6&k_babaCode=21,data/cache/html/19850808_kawasaki_6.html
19850808_kawasaki_7,1985-08-08,kawasaki,7,https://www.keiba.go.jp/KeibaWeb/TodayRaceInfo/RaceMarkTable?k_raceDate=1985%2F08%2F08&k_raceNo=7&k_babaCode=21,data/cache/html/19850808_kawasaki_7.html
19850808_kawasaki_8,1985-08-08,kawasaki,8,https://www.keiba.go.jp/KeibaWeb/TodayRaceInfo/RaceMarkTable?k_raceDate=1985%2F08%2F08&k_raceNo=8&k_babaCode=21,data/cache/html/19850808_kawasaki_8.html
19850808_kawasaki_9,1985-08-08,kawasaki,9,https://www.keiba.go.jp/KeibaWeb/TodayRaceInfo/RaceMarkTable?k_raceDate=1985%2F08%2F08&k_raceNo=9&k_babaCode=21,data/cache/html/19850808_kawasaki_9.html
19850808_kawasaki_10,1985-08-08,kawasaki,10,https://www.keiba.go.jp/KeibaWeb/TodayRaceInfo/RaceMarkTable?k_raceDate=1985%2F08%2F08&k_raceNo=10&k_babaCode=21,data/cache/html/19850808_kawasaki_10.html
19850808_kawasaki_11,1985-08-08,kawasaki,11,https://www.keiba.go.jp/KeibaWeb/TodayRaceInfo/RaceMarkTable?k_raceDate=1985%2F08%2F08&k_raceNo=11&k_babaCode=21,data/cache/html/19850808_kawasaki_11.html
19850808_kawasaki_12,1985-08-08,kawasaki,12,https://www.keiba.go.jp/KeibaWeb/TodayRaceInfo/RaceMarkTable?k_raceDate=1985%2F08%2F08&k_raceNo=12&k_babaCode=21,data/cache/html/19850808_kawasaki_12.html
19850807_kawasaki_1,1985-08-07,kawasaki,1,https://www.keiba.go.jp/KeibaWeb/TodayRaceInfo/RaceMarkTable?k_raceDate=1985%2F08%2F07&k_raceNo=1&k_babaCode=21,data/cache/html/19850807_kawasaki_1.html
19850807_kawasaki_2,1985-08-07,kawasaki,2,https://www.keiba.go.jp/KeibaWeb/TodayRaceInfo/RaceMarkTable?k_raceDate=1985%2F08%2F07&k_raceNo=2&k_babaCode=21,data/cache/html/19850807_kawasaki_2.html
19850807_kawasaki_3,1985-08-07,kawasaki,3,https://www.keiba.go.jp/KeibaWeb/TodayRaceInfo/RaceMarkTable?k_raceDate=1985%2F08%2F07&k_raceNo=3&k_babaCode=21,data/cache/html/19850807_kawasaki_3.html
19850807_kawasaki_4,1985-08-07,kawasaki,4,https://www.keiba.go.jp/KeibaWeb/TodayRaceInfo/RaceMarkTable?k_raceDate=1985%2F08%2F07&k_raceNo=4&k_babaCode=21,data/cache/html/19850807_kawasaki_4.html
19850807_kawasaki_5,1985-08-07,kawasaki,5,https://www.keiba.go.jp/KeibaWeb/TodayRaceInfo/RaceMarkTable?k_raceDate=1985%2F08%2F07&k_raceNo=5&k_babaCode=21,data/cache/html/19850807_kawasaki_5.html
19850807_kawasaki_6,1985-08-07,kawasaki,6,https://www.keiba.go.jp/KeibaWeb/TodayRaceInfo/RaceMarkTable?k_raceDate=1985%2F08%2F07&k_raceNo=6&k_babaCode=21,data/cache/html/19850807_kawasaki_6.html
19850807_kawasaki_7,1985-08-07,kawasaki,7,https://www.keiba.go.jp/KeibaWeb/TodayRaceInfo/RaceMarkTable?k_raceDate=1985%2F08%2F07&k_raceNo=7&k_babaCode=21,data/cache/html/19850807_kawasaki_7.html
19850807_kawasaki_8,1985-08-07,kawasaki,8,https://www.keiba.go.jp/KeibaWeb/TodayRaceInfo/RaceMarkTable?k_raceDate=1985%2F08%2F07&k_raceNo=8&k_babaCode=21,data/cache/html/19850807_kawasaki_8.html
19850807_kawasaki_9,1985-08-07,kawasaki,9,https://www.keiba.go.jp/KeibaWeb/TodayRaceInfo/RaceMarkTable?k_raceDate=1985%2F08%2F07&k_raceNo=9&k_babaCode=21,data/cache/html/19850807_kawasaki_9.html
19850807_kawasaki_10,1985-08-07,kawasaki,10,https://www.keiba.go.jp/KeibaWeb/TodayRaceInfo/RaceMarkTable?k_raceDate=1985%2F08%2F07&k_raceNo=10&k_babaCode=21,data/cache/html/19850807_kawasaki_10.html
19850807_kawasaki_11,1985-08-07,kawasaki,11,https://www.keiba.go.jp/KeibaWeb/TodayRaceInfo/RaceMarkTable?k_raceDate=1985%2F08%2F07&k_raceNo=11&k_babaCode=21,data/cache/html/19850807_kawasaki_11.html
19850807_kawasaki_12,1985-08-07,kawasaki,12,https://www.keiba.go.jp/KeibaWeb/TodayRaceInfo/RaceMarkTable?k_raceDate=1985%2F08%2F07&k_raceNo=12&k_babaCode=21,data/cache/html/19850807_kawasaki_12.html
19850806_kawasaki_1,1985-08-06,kawasaki,1,https://www.keiba.go.jp/KeibaWeb/TodayRaceInfo/RaceMarkTable?k_raceDate=1985%2F08%2F06&k_raceNo=1&k_babaCode=21,data/cache/html/19850806_kawasaki_1.html
19850806_kawasaki_2,1985-08-06,kawasaki,2,https://www.keiba.go.jp/KeibaWeb/TodayRaceInfo/RaceMarkTable?k_raceDate=1985%2F08%2F06&k_raceNo=2&k_babaCode=21,data/cache/html/19850806_kawasaki_2.html
19850806_kawasaki_3,1985-08-06,kawasaki,3,https://www.keiba.go.jp/KeibaWeb/TodayRaceInfo/RaceMarkTable?k_raceDate=1985%2F08%2F06&k_raceNo=3&k_babaCode=21,data/cache/html/19850806_kawasaki_3.html
19850806_kawasaki_4,1985-08-06,kawasaki,4,https://www.keiba.go.jp/KeibaWeb/TodayRaceInfo/RaceMarkTable?k_raceDate=1985%2F08%2F06&k_raceNo=4&k_babaCode=21,data/cache/html/19850806_kawasaki_4.html
19850806_kawasaki_5,1985-08-06,kawasaki,5,https://www.keiba.go.jp/KeibaWeb/TodayRaceInfo/RaceMarkTable?k_raceDate=1985%2F08%2F06&k_raceNo=5&k_babaCode=21,data/cache/html/19850806_kawasaki_5.html
19850806_kawasaki_6,1985-08-06,kawasaki,6,https://www.keiba.go.jp/KeibaWeb/TodayRaceInfo/RaceMarkTable?k_raceDate=1985%2F08%2F06&k_raceNo=6&k_babaCode=21,data/cache/html/19850806_kawasaki_6.html
19850806_kawasaki_7,1985-08-06,kawasaki,7,https://www.keiba.go.jp/KeibaWeb/TodayRaceInfo/RaceMarkTable?k_raceDate=1985%2F08%2F06&k_raceNo=7&k_babaCode=21,data/cache/html/19850806_kawasaki_7.html
19850806_kawasaki_8,1985-08-06,kawasaki,8,https://www.keiba.go.jp/KeibaWeb/TodayRaceInfo/RaceMarkTable?k_raceDate=1985%2F08%2F06&k_raceNo=8&k_babaCode=21,data/cache/html/19850806_kawasaki_8.html
19850806_kawasaki_9,1985-08-06,kawasaki,9,https://www.keiba.go.jp/KeibaWeb/TodayRaceInfo/RaceMarkTable?k_raceDate=1985%2F08%2F06&k_raceNo=9&k_babaCode=21,data/cache/html/19850806_kawasaki_9.html
19850806_kawasaki_10,1985-08-06,kawasaki,10,https://www.keiba.go.jp/KeibaWeb/TodayRaceInfo/RaceMarkTable?k_raceDate=1985%2F08%2F06&k_raceNo=10&k_babaCode=21,data/cache/html/19850806_kawasaki_10.html
19850806_kawasaki_11,1985-08-06,kawasaki,11,https://www.keiba.go.jp/KeibaWeb/TodayRaceInfo/RaceMarkTable?k_raceDate=1985%2F08%2F06&k_raceNo=11&k_babaCode=21,data/cache/html/19850806_kawasaki_11.html
19850806_kawasaki_12,1985-08-06,kawasaki,12,https://www.keiba.go.jp/KeibaWeb/TodayRaceInfo/RaceMarkTable?k_raceDate=1985%2F08%2F06&k_raceNo=12&k_babaCode=21,data/cache/html/19850806_kawasaki_12.html
19850805_kawasaki_1,1985-08-05,kawasaki,1,https://www.keiba.go.jp/KeibaWeb/TodayRaceInfo/RaceMarkTable?k_raceDate=1985%2F08%2F05&k_raceNo=1&k_babaCode=21,data/cache/html/19850805_kawasaki_1.html
19850805_kawasaki_2,1985-08-05,kawasaki,2,https://www.keiba.go.jp/KeibaWeb/TodayRaceInfo/RaceMarkTable?k_raceDate=1985%2F08%2F05&k_raceNo=2&k_babaCode=21,data/cache/html/19850805_kawasaki_2.html
19850805_kawasaki_3,1985-08-05,kawasaki,3,https://www.keiba.go.jp/KeibaWeb/TodayRaceInfo/RaceMarkTable?k_raceDate=1985%2F08%2F05&k_raceNo=3&k_babaCode=21,data/cache/html/19850805_kawasaki_3.html
19850805_kawasaki_4,1985-08-05,kawasaki,4,https://www.keiba.go.jp/KeibaWeb/TodayRaceInfo/RaceMarkTable?k_raceDate=1985%2F08%2F05&k_raceNo=4&k_babaCode=21,data/cache/html/19850805_kawasaki_4.html
19850805_kawasaki_5,1985-08-05,kawasaki,5,https://www.keiba.go.jp/KeibaWeb/TodayRaceInfo/RaceMarkTable?k_raceDate=1985%2F08%2F05&k_raceNo=5&k_babaCode=21,data/cache/html/19850805_kawasaki_5.html
19850805_kawasaki_6,1985-08-05,kawasaki,6,https://www.keiba.go.jp/KeibaWeb/TodayRaceInfo/RaceMarkTable?k_raceDate=1985%2F08%2F05&k_raceNo=6&k_babaCode=21,data/cache/html/19850805_kawasaki_6.html
19850805_kawasaki_7,1985-08-05,kawasaki,7,https://www.keiba.go.jp/KeibaWeb/TodayRaceInfo/RaceMarkTable?k_raceDate=1985%2F08%2F05&k_raceNo=7&k_babaCode=21,data/cache/html/19850805_kawasaki_7.html
19850805_kawasaki_8,1985-08-05,kawasaki,8,https://www.keiba.go.jp/KeibaWeb/TodayRaceInfo/RaceMarkTable?k_raceDate=1985%2F08%2F05&k_raceNo=8&k_babaCode=21,data/cache/html/19850805_kawasaki_8.html
19850805_kawasaki_9,1985-08-05,kawasaki,9,https://www.keiba.go.jp/KeibaWeb/TodayRaceInfo/RaceMarkTable?k_raceDate=1985%2F08%2F05&k_raceNo=9&k_babaCode=21,data/cache/html/19850805_kawasaki_9.html
19850805_kawasaki_10,1985-08-05,kawasaki,10,https://www.keiba.go.jp/KeibaWeb/TodayRaceInfo/RaceMarkTable?k_raceDate=1985%2F08%2F05&k_raceNo=10&k_babaCode=21,data/cache/html/19850805_kawasaki_10.html
19850805_kawasaki_11,1985-08-05,kawasaki,11,https://www.keiba.go.jp/KeibaWeb/TodayRaceInfo/RaceMarkTable?k_raceDate=1985%2F08%2F05&k_raceNo=11&k_babaCode=21,data/cache/html/19850805_kawasaki_11.html
19850805_kawasaki_12,1985-08-05,kawasaki,12,https://www.keiba.go.jp/KeibaWeb/TodayRaceInfo/RaceMarkTable?k_raceDate=1985%2F08%2F05&k_raceNo=12&k_babaCode=21,data/cache/html/19850805_kawasaki_12.html
19850804_kawasaki_1,1985-08-04,kawasaki,1,https://www.keiba.go.jp/KeibaWeb/TodayRaceInfo/RaceMarkTable?k_raceDate=1985%2F08%2F04&k_raceNo=1&k_babaCode=21,data/cache/html/19850804_kawasaki_1.html
19850804_kawasaki_2,1985-08-04,kawasaki,2,https://www.keiba.go.jp/KeibaWeb/TodayRaceInfo/RaceMarkTable?k_raceDate=1985%2F08%2F04&k_raceNo=2&k_babaCode=21,data/cache/html/19850804_kawasaki_2.html
19850804_kawasaki_3,1985-08-04,kawasaki,3,https://www.keiba.go.jp/KeibaWeb/TodayRaceInfo/RaceMarkTable?k_raceDate=1985%2F08%2F04&k_raceNo=3&k_babaCode=21,data/cache/html/19850804_kawasaki_3.html
19850804_kawasaki_4,1985-08-04,kawasaki,4,https://www.keiba.go.jp/KeibaWeb/TodayRaceInfo/RaceMarkTable?k_raceDate=1985%2F08%2F04&k_raceNo=4&k_babaCode=21,data/cache/html/19850804_kawasaki_4.html
19850804_kawasaki_5,1985-08-04,kawasaki,5,https://www.keiba.go.jp/KeibaWeb/TodayRaceInfo/RaceMarkTable?k_raceDate=1985%2F08%2F04&k_raceNo=5&k_babaCode=21,data/cache/html/19850804_kawasaki_5.html
19850804_kawasaki_6,1985-08-04,kawasaki,6,https://www.keiba.go.jp/KeibaWeb/TodayRaceInfo/RaceMarkTable?k_raceDate=1985%2F08%2F04&k_raceNo=6&k_babaCode=21,data/cache/html/19850804_kawasaki_6.html
19850804_kawasaki_7,1985-08-04,kawasaki,7,https://www.keiba.go.jp/KeibaWeb/TodayRaceInfo/RaceMarkTable?k_raceDate=1985%2F08%2F04&k_raceNo=7&k_babaCode=21,data/cache/html/19850804_kawasaki_7.html
19850804_kawasaki_8,1985-08-04,kawasaki,8,https://www.keiba.go.jp/KeibaWeb/TodayRaceInfo/RaceMarkTable?k_raceDate=1985%2F08%2F04&k_raceNo=8&k_babaCode=21,data/cache/html/19850804_kawasaki_8.html
19850804_kawasaki_9,1985-08-04,kawasaki,9,https://www.keiba.go.jp/KeibaWeb/TodayRaceInfo/RaceMarkTable?k_raceDate=1985%2F08%2F04&k_raceNo=9&k_babaCode=21,data/cache/html/19850804_kawasaki_9.html
19850804_kawasaki_10,1985-08-04,kawasaki,10,https://www.keiba.go.jp/KeibaWeb/TodayRaceInfo/RaceMarkTable?k_raceDate=1985%2F08%2F04&k_raceNo=10&k_babaCode=21,data/cache/html/19850804_kawasaki_10.html
19850804_kawasaki_11,1985-08-04,kawasaki,11,https://www.keiba.go.jp/KeibaWeb/TodayRaceInfo/RaceMarkTable?k_raceDate=1985%2F08%2F04&k_raceNo=11&k_babaCode=21,data/cache/html/19850804_kawasaki_11.html
19850804_kawasaki_12,1985-08-04,kawasaki,12,https://www.keiba.go.jp/KeibaWeb/TodayRaceInfo/RaceMarkTable?k_raceDate=1985%2F08%2F04&k_raceNo=12&k_babaCode=21,data/cache/html/19850804_kawasaki_12.html
19850803_kawasaki_1,1985-08-03,kawasaki,1,https://www.keiba.go.jp/KeibaWeb/TodayRaceInfo/RaceMarkTable?k_raceDate=1985%2F08%2F03&k_raceNo=1&k_babaCode=21,data/cache/html/19850803_kawasaki_1.html
19850803_kawasaki_2,1985-08-03,kawasaki,2,https://www.keiba.go.jp/KeibaWeb/TodayRaceInfo/RaceMarkTable?k_raceDate=1985%2F08%2F03&k_raceNo=2&k_babaCode=21,data/cache/html/19850803_kawasaki_2.html
19850803_kawasaki_3,1985-08-03,kawasaki,3,https://www.keiba.go.jp/KeibaWeb/TodayRaceInfo/RaceMarkTable?k_raceDate=1985%2F08%2F03&k_raceNo=3&k_babaCode=21,data/cache/html/19850803_kawasaki_3.html
19850803_kawasaki_4,1985-08-03,kawasaki,4,https://www.keiba.go.jp/KeibaWeb/TodayRaceInfo/RaceMarkTable?k_raceDate=1985%2F08%2F03&k_raceNo=4&k_babaCode=21,data/cache/html/19850803_kawasaki_4.html
19850803_kawasaki_5,1985-08-03,kawasaki,5,https://www.keiba.go.jp/KeibaWeb/TodayRaceInfo/RaceMarkTable?k_raceDate=1985%2F08%2F03&k_raceNo=5&k_babaCode=21,data/cache/html/19850803_kawasaki_5.html
19850803_kawasaki_6,1985-08-03,kawasaki,6,https://www.keiba.go.jp/KeibaWeb/TodayRaceInfo/RaceMarkTable?k_raceDate=1985%2F08%2F03&k_raceNo=6&k_babaCode=21,data/cache/html/19850803_kawasaki_6.html
19850803_kawasaki_7,1985-08-03,kawasaki,7,https://www.keiba.go.jp/KeibaWeb/TodayRaceInfo/RaceMarkTable?k_raceDate=1985%2F08%2F03&k_raceNo=7&k_babaCode=21,data/cache/html/19850803_kawasaki_7.html
19850803_kawasaki_8,1985-08-03,kawasaki,8,https://www.keiba.go.jp/KeibaWeb/TodayRaceInfo/RaceMarkTable?k_raceDate=1985%2F08%2F03&k_raceNo=8&k_babaCode=21,data/cache/html/19850803_kawasaki_8.html
19850803_kawasaki_9,1985-08-03,kawasaki,9,https://www.keiba.go.jp/KeibaWeb/TodayRaceInfo/RaceMarkTable?k_raceDate=1985%2F08%2F03&k_raceNo=9&k_babaCode=21,data/cache/html/19850803_kawasaki_9.html
19850803_kawasaki_10,1985-08-03,kawasaki,10,https://www.keiba.go.jp/KeibaWeb/TodayRaceInfo/RaceMarkTable?k_raceDate=1985%2F08%2F03&k_raceNo=10&k_babaCode=21,data/cache/html/19850803_kawasaki_10.html
19850803_kawasaki_11,1985-08-03,kawasaki,11,https://www.keiba.go.jp/KeibaWeb/TodayRaceInfo/RaceMarkTable?k_raceDate=1985%2F08%2F03&k_raceNo=11&k_babaCode=21,data/cache/html/19850803_kawasaki_11.html
19850803_kawasaki_12,1985-08-03,kawasaki,12,https://www.keiba.go.jp/KeibaWeb/TodayRaceInfo/RaceMarkTable?k_raceDate=1985%2F08%2F03&k_raceNo=12&k_babaCode=21,data/cache/html/19850803_kawasaki_12.html
19850802_kawasaki_1,1985-08-02,kawasaki,1,https://www.keiba.go.jp/KeibaWeb/TodayRaceInfo/RaceMarkTable?k_raceDate=1985%2F08%2F02&k_raceNo=1&k_babaCode=21,data/cache/html/19850802_kawasaki_1.html
19850802_kawasaki_2,1985-08-02,kawasaki,2,https://www.keiba.go.jp/KeibaWeb/TodayRaceInfo/RaceMarkTable?k_raceDate=1985%2F08%2F02&k_raceNo=2&k_babaCode=21,data/cache/html/19850802_kawasaki_2.html
19850802_kawasaki_3,1985-08-02,kawasaki,3,https://www.keiba.go.jp/KeibaWeb/TodayRaceInfo/RaceMarkTable?k_raceDate=1985%2F08%2F02&k_raceNo=3&k_babaCode=21,data/cache/html/19850802_kawasaki_3.html
19850802_kawasaki_4,1985-08-02,kawasaki,4,https://www.keiba.go.jp/KeibaWeb/TodayRaceInfo/RaceMarkTable?k_raceDate=1985%2F08%2F02&k_raceNo=4&k_babaCode=21,data/cache/html/19850802_kawasaki_4.html
19850802_kawasaki_5,1985-08-02,kawasaki,5,https://www.keiba.go.jp/KeibaWeb/TodayRaceInfo/RaceMarkTable?k_raceDate=1985%2F08%2F02&k_raceNo=5&k_babaCode=21,data/cache/html/19850802_kawasaki_5.html
19850802_kawasaki_6,1985-08-02,kawasaki,6,https://www.keiba.go.jp/KeibaWeb/TodayRaceInfo/RaceMarkTable?k_raceDate=1985%2F08%2F02&k_raceNo=6&k_babaCode=21,data/cache/html/19850802_kawasaki_6.html
19850802_kawasaki_7,1985-08-02,kawasaki,7,https://www.keiba.go.jp/KeibaWeb/TodayRaceInfo/RaceMarkTable?k_raceDate=1985%2F08%2F02&k_raceNo=7&k_babaCode=21,data/cache/html/19850802_kawasaki_7.html
19850802_kawasaki_8,1985-08-02,kawasaki,8,https://www.keiba.go.jp/KeibaWeb/TodayRaceInfo/RaceMarkTable?k_raceDate=1985%2F08%2F02&k_raceNo=8&k_babaCode=21,data/cache/html/19850802_kawasaki_8.html
19850802_kawasaki_9,1985-08-02,kawasaki,9,https://www.keiba.go.jp/KeibaWeb/TodayRaceInfo/RaceMarkTable?k_raceDate=1985%2F08%2F02&k_raceNo=9&k_babaCode=21,data/cache/html/19850802_kawasaki_9.html
19850802_kawasaki_10,1985-08-02,kawasaki,10,https://www.keiba.go.jp/KeibaWeb/TodayRaceInfo/RaceMarkTable?k_raceDate=1985%2F08%2F02&k_raceNo=10&k_babaCode=21,data/cache/html/19850802_kawasaki_10.html
19850802_kawasaki_11,1985-08-02,kawasaki,11,https://www.keiba.go.jp/KeibaWeb/TodayRaceInfo/RaceMarkTable?k_raceDate=1985%2F08%2F02&k_raceNo=11&k_babaCode=21,data/cache/html/19850802_kawasaki_11.html
19850802_kawasaki_12,1985-08-02,kawasaki,12,https://www.keiba.go.jp/KeibaWeb/TodayRaceInfo/RaceMarkTable?k_raceDate=1985%2F08%2F02&k_raceNo=12&k_babaCode=21,data/cache/html/19850802_kawasaki_12.html
19850801_kawasaki_1,1985-08-01,kawasaki,1,https://www.keiba.go.jp/KeibaWeb/TodayRaceInfo/RaceMarkTable?k_raceDate=1985%2F08%2F01&k_raceNo=1&k_babaCode=21,data/cache/html/19850801_kawasaki_1.html
19850801_kawasaki_2,1985-08-01,kawasaki,2,https://www.keiba.go.jp/KeibaWeb/TodayRaceInfo/RaceMarkTable?k_raceDate=1985%2F08%2F01&k_raceNo=2&k_babaCode=21,data/cache/html/19850801_kawasaki_2.html
19850801_kawasaki_3,1985-08-01,kawasaki,3,https://www.keiba.go.jp/KeibaWeb/TodayRaceInfo/RaceMarkTable?k_raceDate=1985%2F08%2F01&k_raceNo=3&k_babaCode=21,data/cache/html/19850801_kawasaki_3.html
19850801_kawasaki_4,1985-08-01,kawasaki,4,https://www.keiba.go.jp/KeibaWeb/TodayRaceInfo/RaceMarkTable?k_raceDate=1985%2F08%2F01&k_raceNo=4&k_babaCode=21,data/cache/html/19850801_kawasaki_4.html
19850801_kawasaki_5,1985-08-01,kawasaki,5,https://www.keiba.go.jp/KeibaWeb/TodayRaceInfo/RaceMarkTable?k_raceDate=1985%2F08%2F01&k_raceNo=5&k_babaCode=21,data/cache/html/19850801_kawasaki_5.html
19850801_kawasaki_6,1985-08-01,kawasaki,6,https://www.keiba.go.jp/KeibaWeb/TodayRaceInfo/RaceMarkTable?k_raceDate=1985%2F08%2F01&k_raceNo=6&k_babaCode=21,data/cache/html/19850801_kawasaki_6.html
19850801_kawasaki_7,1985-08-01,kawasaki,7,https://www.keiba.go.jp/KeibaWeb/TodayRaceInfo/RaceMarkTable?k_raceDate=1985%2F08%2F01&k_raceNo=7&k_babaCode=21,data/cache/html/19850801_kawasaki_7.html
19850801_kawasaki_8,1985-08-01,kawasaki,8,https://www.keiba.go.jp/KeibaWeb/TodayRaceInfo/RaceMarkTable?k_raceDate=1985%2F08%2F01&k_raceNo=8&k_babaCode=21,data/cache/html/19850801_kawasaki_8.html
19850801_kawasaki_9,1985-08-01,kawasaki,9,https://www.keiba.go.jp/KeibaWeb/TodayRaceInfo/RaceMarkTable?k_raceDate=1985%2F08%2F01&k_raceNo=9&k_babaCode=21,data/cache/html/19850801_kawasaki_9.html
19850801_kawasaki_10,1985-08-01,kawasaki,10,https://www.keiba.go.jp/KeibaWeb/TodayRaceInfo/RaceMarkTable?k_raceDate=1985%2F08%2F01&k_raceNo=10&k_babaCode=21,data/cache/html/19850801_kawasaki_10.html
19850801_kawasaki_11,1985-08-01,kawasaki,11,https://www.keiba.go.jp/KeibaWeb/TodayRaceInfo/RaceMarkTable?k_raceDate=1985%2F08%2F01&k_raceNo=11&k_babaCode=21,data/cache/html/19850801_kawasaki_11.html
19850801_kawasaki_12,1985-08-01,kawasaki,12,https://www.keiba.go.jp/KeibaWeb/TodayRaceInfo/RaceMarkTable?k_raceDate=1985%2F08%2F01&k_raceNo=12&k_babaCode=21,data/cache/html/19850801_kawasaki_12.html
19850731_kawasaki_1,1985-07-31,kawasaki,1,https://www.keiba.go.jp/KeibaWeb/TodayRaceInfo/RaceMarkTable?k_raceDate=1985%2F07%2F31&k_raceNo=1&k_babaCode=21,data/cache/html/19850731_kawasaki_1.html
19850731_kawasaki_2,1985-07-31,kawasaki,2,https://www.keiba.go.jp/KeibaWeb/TodayRaceInfo/RaceMarkTable?k_raceDate=1985%2F07%2F31&k_raceNo=2&k_babaCode=21,data/cache/html/19850731_kawasaki_2.html
19850731_kawasaki_3,1985-07-31,kawasaki,3,https://www.keiba.go.jp/KeibaWeb/TodayRaceInfo/RaceMarkTable?k_raceDate=1985%2F07%2F31&k_raceNo=3&k_babaCode=21,data/cache/html/19850731_kawasaki_3.html
19850731_kawasaki_4,1985-07-31,kawasaki,4,https://www.keiba.go.jp/KeibaWeb/TodayRaceInfo/RaceMarkTable?k_raceDate=1985%2F07%2F31&k_raceNo=4&k_babaCode=21,data/cache/html/19850731_kawasaki_4.html
19850731_kawasaki_5,1985-07-31,kawasaki,5,https://www.keiba.go.jp/KeibaWeb/TodayRaceInfo/RaceMarkTable?k_raceDate=1985%2F07%2F31&k_raceNo=5&k_babaCode=21,data/cache/html/19850731_kawasaki_5.html
19850731_kawasaki_6,1985-07-31,kawasaki,6,https://www.keiba.go.jp/KeibaWeb/TodayRaceInfo/RaceMarkTable?k_raceDate=1985%2F07%2F31&k_raceNo=6&k_babaCode=21,data/cache/html/19850731_kawasaki_6.html
19850731_kawasaki_7,1985-07-31,kawasaki,7,https://www.keiba.go.jp/KeibaWeb/TodayRaceInfo/RaceMarkTable?k_raceDate=1985%2F07%2F31&k_raceNo=7&k_babaCode=21,data/cache/html/19850731_kawasaki_7.html
19850731_kawasaki_8,1985-07-31,kawasaki,8,https://www.keiba.go.jp/KeibaWeb/TodayRaceInfo/RaceMarkTable?k_raceDate=1985%2F07%2F31&k_raceNo=8&k_babaCode=21,data/cache/html/19850731_kawasaki_8.html
19850731_kawasaki_9,1985-07-31,kawasaki,9,https://www.keiba.go.jp/KeibaWeb/TodayRaceInfo/RaceMarkTable?k_raceDate=1985%2F07%2F31&k_raceNo=9&k_babaCode=21,data/cache/html/19850731_kawasaki_9.html
19850731_kawasaki_10,1985-07-31,kawasaki,10,https://www.keiba.go.jp/KeibaWeb/TodayRaceInfo/RaceMarkTable?k_raceDate=1985%2F07%2F31&k_raceNo=10&k_babaCode=21,data/cache/html/19850731_kawasaki_10.html
19850731_kawasaki_11,1985-07-31,kawasaki,11,https://www.keiba.go.jp/KeibaWeb/TodayRaceInfo/RaceMarkTable?k_raceDate=1985%2F07%2F31&k_raceNo=11&k_babaCode=21,data/cache/html/19850731_kawasaki_11.html
19850731_kawasaki_12,1985-07-31,kawasaki,12,https://www.keiba.go.jp/KeibaWeb/TodayRaceInfo/RaceMarkTable?k_raceDate=1985%2F07%2F31&k_raceNo=12&k_babaCode=21,data/cache/html/19850731_kawasaki_12.html
19850730_kawasaki_1,1985-07-30,kawasaki,1,https://www.keiba.go.jp/KeibaWeb/TodayRaceInfo/RaceMarkTable?k_raceDate=1985%2F07%2F30&k_raceNo=1&k_babaCode=21,data/cache/html/19850730_kawasaki_1.html
19850730_kawasaki_2,1985-07-30,kawasaki,2,https://www.keiba.go.jp/KeibaWeb/TodayRaceInfo/RaceMarkTable?k_raceDate=1985%2F07%2F30&k_raceNo=2&k_babaCode=21,data/cache/html/19850730_kawasaki_2.html
19850730_kawasaki_3,1985-07-30,kawasaki,3,https://www.keiba.go.jp/KeibaWeb/TodayRaceInfo/RaceMarkTable?k_raceDate=1985%2F07%2F30&k_raceNo=3&k_babaCode=21,data/cache/html/19850730_kawasaki_3.html
19850730_kawasaki_4,1985-07-30,kawasaki,4,https://www.keiba.go.jp/KeibaWeb/TodayRaceInfo/RaceMarkTable?k_raceDate=1985%2F07%2F30&k_raceNo=4&k_babaCode=21,data/cache/html/19850730_kawasaki_4.html
19850730_kawasaki_5,1985-07-30,kawasaki,5,https://www.keiba.go.jp/KeibaWeb/TodayRaceInfo/RaceMarkTable?k_raceDate=1985%2F07%2F30&k_raceNo=5&k_babaCode=21,data/cache/html/19850730_kawasaki_5.html
19850730_kawasaki_6,1985-07-30,kawasaki,6,https://www.keiba.go.jp/KeibaWeb/TodayRaceInfo/RaceMarkTable?k_raceDate=1985%2F07%2F30&k_raceNo=6&k_babaCode=21,data/cache/html/19850730_kawasaki_6.html
19850730_kawasaki_7,1985-07-30,kawasaki,7,https://www.keiba.go.jp/KeibaWeb/TodayRaceInfo/RaceMarkTable?k_raceDate=1985%2F07%2F30&k_raceNo=7&k_babaCode=21,data/cache/html/19850730_kawasaki_7.html
19850730_kawasaki_8,1985-07-30,kawasaki,8,https://www.keiba.go.jp/KeibaWeb/TodayRaceInfo/RaceMarkTable?k_raceDate=1985%2F07%2F30&k_raceNo=8&k_babaCode=21,data/cache/html/19850730_kawasaki_8.html
19850730_kawasaki_9,1985-07-30,kawasaki,9,https://www.keiba.go.jp/KeibaWeb/TodayRaceInfo/RaceMarkTable?k_raceDate=1985%2F07%2F30&k_raceNo=9&k_babaCode=21,data/cache/html/19850730_kawasaki_9.html
19850730_kawasaki_10,1985-07-30,kawasaki,10,https://www.keiba.go.jp/KeibaWeb/TodayRaceInfo/RaceMarkTable?k_raceDate=1985%2F07%2F30&k_raceNo=10&k_babaCode=21,data/cache/html/19850730_kawasaki_10.html
19850730_kawasaki_11,1985-07-30,kawasaki,11,https://www.keiba.go.jp/KeibaWeb/TodayRaceInfo/RaceMarkTable?k_raceDate=1985%2F07%2F30&k_raceNo=11&k_babaCode=21,data/cache/html/19850730_kawasaki_11.html
19850730_kawasaki_12,1985-07-30,kawasaki,12,https://www.keiba.go.jp/KeibaWeb/TodayRaceInfo/RaceMarkTable?k_raceDate=1985%2F07%2F30&k_raceNo=12&k_babaCode=21,data/cache/html/19850730_kawasaki_12.html
19850729_kawasaki_1,1985-07-29,kawasaki,1,https://www.keiba.go.jp/KeibaWeb/TodayRaceInfo/RaceMarkTable?k_raceDate=1985%2F07%2F29&k_raceNo=1&k_babaCode=21,data/cache/html/19850729_kawasaki_1.html
19850729_kawasaki_2,1985-07-29,kawasaki,2,https://www.keiba.go.jp/KeibaWeb/TodayRaceInfo/RaceMarkTable?k_raceDate=1985%2F07%2F29&k_raceNo=2&k_babaCode=21,data/cache/html/19850729_kawasaki_2.html
19850729_kawasaki_3,1985-07-29,kawasaki,3,https://www.keiba.go.jp/KeibaWeb/TodayRaceInfo/RaceMarkTable?k_raceDate=1985%2F07%2F29&k_raceNo=3&k_babaCode=21,data/cache/html/19850729_kawasaki_3.html
19850729_kawasaki_4,1985-07-29,kawasaki,4,https://www.keiba.go.jp/KeibaWeb/TodayRaceInfo/RaceMarkTable?k_raceDate=1985%2F07%2F29&k_raceNo=4&k_babaCode=21,data/cache/html/19850729_kawasaki_4.html
19850729_kawasaki_5,1985-07-29,kawasaki,5,https://www.keiba.go.jp/KeibaWeb/TodayRaceInfo/RaceMarkTable?k_raceDate=1985%2F07%2F29&k_raceNo=5&k_babaCode=21,data/cache/html/19850729_kawasaki_5.html
19850729_kawasaki_6,1985-07-29,kawasaki,6,https://www.keiba.go.jp/KeibaWeb/TodayRaceInfo/RaceMarkTable?k_raceDate=1985%2F07%2F29&k_raceNo=6&k_babaCode=21,data/cache/html/19850729_kawasaki_6.html
19850729_kawasaki_7,1985-07-29,kawasaki,7,https://www.keiba.go.jp/KeibaWeb/TodayRaceInfo/RaceMarkTable?k_raceDate=1985%2F07%2F29&k_raceNo=7&k_babaCode=21,data/cache/html/19850729_kawasaki_7.html
19850729_kawasaki_8,1985-07-29,kawasaki,8,https://www.keiba.go.jp/KeibaWeb/TodayRaceInfo/RaceMarkTable?k_raceDate=1985%2F07%2F29&k_raceNo=8&k_babaCode=21,data/cache/html/19850729_kawasaki_8.html
19850729_kawasaki_9,1985-07-29,kawasaki,9,https://www.keiba.go.jp/KeibaWeb/TodayRaceInfo/RaceMarkTable?k_raceDate=1985%2F07%2F29&k_raceNo=9&k_babaCode=21,data/cache/html/19850729_kawasaki_9.html
19850729_kawasaki_10,1985-07-29,kawasaki,10,https://www.keiba.go.jp/KeibaWeb/TodayRaceInfo/RaceMarkTable?k_raceDate=1985%2F07%2F29&k_raceNo=10&k_babaCode=21,data/cache/html/19850729_kawasaki_10.html
19850729_kawasaki_11,1985-07-29,kawasaki,11,https://www.keiba.go.jp/KeibaWeb/TodayRaceInfo/RaceMarkTable?k_raceDate=1985%2F07%2F29&k_raceNo=11&k_babaCode=21,data/cache/html/19850729_kawasaki_11.html
19850729_kawasaki_12,1985-07-29,kawasaki,12,https://www.keiba.go.jp/KeibaWeb/TodayRaceInfo/RaceMarkTable?k_raceDate=1985%2F07%2F29&k_raceNo=12&k_babaCode=21,data/cache/html/19850729_kawasaki_12.html
19850728_kawasaki_1,1985-07-28,kawasaki,1,https://www.keiba.go.jp/KeibaWeb/TodayRaceInfo/RaceMarkTable?k_raceDate=1985%2F07%2F28&k_raceNo=1&k_babaCode=21,data/cache/html/19850728_kawasaki_1.html
19850728_kawasaki_2,1985-07-28,kawasaki,2,https://www.keiba.go.jp/KeibaWeb/TodayRaceInfo/RaceMarkTable?k_raceDate=1985%2F07%2F28&k_raceNo=2&k_babaCode=21,data/cache/html/19850728_kawasaki_2.html
19850728_kawasaki_3,1985-07-28,kawasaki,3,https://www.keiba.go.jp/KeibaWeb/TodayRaceInfo/RaceMarkTable?k_raceDate=1985%2F07%2F28&k_raceNo=3&k_babaCode=21,data/cache/html/19850728_kawasaki_3.html
19850728_kawasaki_4,1985-07-28,kawasaki,4,https://www.keiba.go.jp/KeibaWeb/TodayRaceInfo/RaceMarkTable?k_raceDate=1985%2F07%2F28&k_raceNo=4&k_babaCode=21,data/cache/html/19850728_kawasaki_4.html
19850728_kawasaki_5,1985-07-28,kawasaki,5,https://www.keiba.go.jp/KeibaWeb/TodayRaceInfo/RaceMarkTable?k_raceDate=1985%2F07%2F28&k_raceNo=5&k_babaCode=21,data/cache/html/19850728_kawasaki_5.html
19850728_kawasaki_6,1985-07-28,kawasaki,6,https://www.keiba.go.jp/KeibaWeb/TodayRaceInfo/RaceMarkTable?k_raceDate=1985%2F07%2F28&k_raceNo=6&k_babaCode=21,data/cache/html/19850728_kawasaki_6.html
19850728_kawasaki_7,1985-07-28,kawasaki,7,https://www.keiba.go.jp/KeibaWeb/TodayRaceInfo/RaceMarkTable?k_raceDate=1985%2F07%2F28&k_raceNo=7&k_babaCode=21,data/cache/html/19850728_kawasaki_7.html
19850728_kawasaki_8,1985-07-28,kawasaki,8,https://www.keiba.go.jp/KeibaWeb/TodayRaceInfo/RaceMarkTable?k_raceDate=1985%2F07%2F28&k_raceNo=8&k_babaCode=21,data/cache/html/19850728_kawasaki_8.html
19850728_kawasaki_9,1985-07-28,kawasaki,9,https://www.keiba.go.jp/KeibaWeb/TodayRaceInfo/RaceMarkTable?k_raceDate=1985%2F07%2F28&k_raceNo=9&k_babaCode=21,data/cache/html/19850728_kawasaki_9.html
19850728_kawasaki_10,1985-07-28,kawasaki,10,https://www.keiba.go.jp/KeibaWeb/TodayRaceInfo/RaceMarkTable?k_raceDate=1985%2F07%2F28&k_raceNo=10&k_babaCode=21,data/cache/html/19850728_kawasaki_10.html
19850728_kawasaki_11,1985-07-28,kawasaki,11,https://www.keiba.go.jp/KeibaWeb/TodayRaceInfo/RaceMarkTable?k_raceDate=1985%2F07%2F28&k_raceNo=11&k_babaCode=21,data/cache/html/19850728_kawasaki_11.html
19850728_kawasaki_12,1985-07-28,kawasaki,12,https://www.keiba.go.jp/KeibaWeb/TodayRaceInfo/RaceMarkTable?k_raceDate=1985%2F07%2F28&k_raceNo=12&k_babaCode=21,data/cache/html/19850728_kawasaki_12.html
19850727_kawasaki_1,1985-07-27,kawasaki,1,https://www.keiba.go.jp/KeibaWeb/TodayRaceInfo/RaceMarkTable?k_raceDate=1985%2F07%2F27&k_raceNo=1&k_babaCode=21,data/cache/html/19850727_kawasaki_1.html
19850727_kawasaki_2,1985-07-27,kawasaki,2,https://www.keiba.go.jp/KeibaWeb/TodayRaceInfo/RaceMarkTable?k_raceDate=1985%2F07%2F27&k_raceNo=2&k_babaCode=21,data/cache/html/19850727_kawasaki_2.html
19850727_kawasaki_3,1985-07-27,kawasaki,3,https://www.keiba.go.jp/KeibaWeb/TodayRaceInfo/RaceMarkTable?k_raceDate=1985%2F07%2F27&k_raceNo=3&k_babaCode=21,data/cache/html/19850727_kawasaki_3.html
19850727_kawasaki_4,1985-07-27,kawasaki,4,https://www.keiba.go.jp/KeibaWeb/TodayRaceInfo/RaceMarkTable?k_raceDate=1985%2F07%2F27&k_raceNo=4&k_babaCode=21,data/cache/html/19850727_kawasaki_4.html
19850727_kawasaki_5,1985-07-27,kawasaki,5,https://www.keiba.go.jp/KeibaWeb/TodayRaceInfo/RaceMarkTable?k_raceDate=1985%2F07%2F27&k_raceNo=5&k_babaCode=21,data/cache/html/19850727_kawasaki_5.html
19850727_kawasaki_6,1985-07-27,kawasaki,6,https://www.keiba.go.jp/KeibaWeb/TodayRaceInfo/RaceMarkTable?k_raceDate=1985%2F07%2F27&k_raceNo=6&k_babaCode=21,data/cache/html/19850727_kawasaki_6.html
19850727_kawasaki_7,1985-07-27,kawasaki,7,https://www.keiba.go.jp/KeibaWeb/TodayRaceInfo/RaceMarkTable?k_raceDate=1985%2F07%2F27&k_raceNo=7&k_babaCode=21,data/cache/html/19850727_kawasaki_7.html
19850727_kawasaki_8,1985-07-27,kawasaki,8,https://www.keiba.go.jp/KeibaWeb/TodayRaceInfo/RaceMarkTable?k_raceDate=1985%2F07%2F27&k_raceNo=8&k_babaCode=21,data/cache/html/19850727_kawasaki_8.html
19850727_kawasaki_9,1985-07-27,kawasaki,9,https://www.keiba.go.jp/KeibaWeb/TodayRaceInfo/RaceMarkTable?k_raceDate=1985%2F07%2F27&k_raceNo=9&k_babaCode=21,data/cache/html/19850727_kawasaki_9.html
19850727_kawasaki_10,1985-07-27,kawasaki,10,https://www.keiba.go.jp/KeibaWeb/TodayRaceInfo/RaceMarkTable?k_raceDate=1985%2F07%2F27&k_raceNo=10&k_babaCode=21,data/cache/html/19850727_kawasaki_10.html
19850727_kawasaki_11,1985-07-27,kawasaki,11,https://www.keiba.go.jp/KeibaWeb/TodayRaceInfo/RaceMarkTable?k_raceDate=1985%2F07%2F27&k_raceNo=11&k_babaCode=21,data/cache/html/19850727_kawasaki_11.html
19850727_kawasaki_12,1985-07-27,kawasaki,12,https://www.keiba.go.jp/KeibaWeb/TodayRaceInfo/RaceMarkTable?k_raceDate=1985%2F07%2F27&k_raceNo=12&k_babaCode=21,data/cache/html/19850727_kawasaki_12.html
19850726_kawasaki_1,1985-07-26,kawasaki,1,https://www.keiba.go.jp/KeibaWeb/TodayRaceInfo/RaceMarkTable?k_raceDate=1985%2F07%2F26&k_raceNo=1&k_babaCode=21,data/cache/html/19850726_kawasaki_1.html
19850726_kawasaki_2,1985-07-26,kawasaki,2,https://www.keiba.go.jp/KeibaWeb/TodayRaceInfo/RaceMarkTable?k_raceDate=1985%2F07%2F26&k_raceNo=2&k_babaCode=21,data/cache/html/19850726_kawasaki_2.html
19850726_kawasaki_3,1985-07-26,kawasaki,3,https://www.keiba.go.jp/KeibaWeb/TodayRaceInfo/RaceMarkTable?k_raceDate=1985%2F07%2F26&k_raceNo=3&k_babaCode=21,data/cache/html/19850726_kawasaki_3.html
19850726_kawasaki_4,1985-07-26,kawasaki,4,https://www.keiba.go.jp/KeibaWeb/TodayRaceInfo/RaceMarkTable?k_raceDate=1985%2F07%2F26&k_raceNo=4&k_babaCode=21,data/cache/html/19850726_kawasaki_4.html
19850726_kawasaki_5,1985-07-26,kawasaki,5,https://www.keiba.go.jp/KeibaWeb/TodayRaceInfo/RaceMarkTable?k_raceDate=1985%2F07%2F26&k_raceNo=5&k_babaCode=21,data/cache/html/19850726_kawasaki_5.html
19850726_kawasaki_6,1985-07-26,kawasaki,6,https://www.keiba.go.jp/KeibaWeb/TodayRaceInfo/RaceMarkTable?k_raceDate=1985%2F07%2F26&k_raceNo=6&k_babaCode=21,data/cache/html/19850726_kawasaki_6.html
19850726_kawasaki_7,1985-07-26,kawasaki,7,https://www.keiba.go.jp/KeibaWeb/TodayRaceInfo/RaceMarkTable?k_raceDate=1985%2F07%2F26&k_raceNo=7&k_babaCode=21,data/cache/html/19850726_kawasaki_7.html
19850726_kawasaki_8,1985-07-26,kawasaki,8,https://www.keiba.go.jp/KeibaWeb/TodayRaceInfo/RaceMarkTable?k_raceDate=1985%2F07%2F26&k_raceNo=8&k_babaCode=21,data/cache/html/19850726_kawasaki_8.html
19850726_kawasaki_9,1985-07-26,kawasaki,9,https://www.keiba.go.jp/KeibaWeb/TodayRaceInfo/RaceMarkTable?k_raceDate=1985%2F07%2F26&k_raceNo=9&k_babaCode=21,data/cache/html/19850726_kawasaki_9.html
19850726_kawasaki_10,1985-07-26,kawasaki,10,https://www.keiba.go.jp/KeibaWeb/TodayRaceInfo/RaceMarkTable?k_raceDate=1985%2F07%2F26&k_raceNo=10&k_babaCode=21,data/cache/html/19850726_kawasaki_10.html
19850726_kawasaki_11,1985-07-26,kawasaki,11,https://www.keiba.go.jp/KeibaWeb/TodayRaceInfo/RaceMarkTable?k_raceDate=1985%2F07%2F26&k_raceNo=11&k_babaCode=21,data/cache/html/19850726_kawasaki_11.html
19850726_kawasaki_12,1985-07-26,kawasaki,12,https://www.keiba.go.jp/KeibaWeb/TodayRaceInfo/RaceMarkTable?k_raceDate=1985%2F07%2F26&k_raceNo=12&k_babaCode=21,data/cache/html/19850726_kawasaki_12.html
19850725_kawasaki_1,1985-07-25,kawasaki,1,https://www.keiba.go.jp/KeibaWeb/TodayRaceInfo/RaceMarkTable?k_raceDate=1985%2F07%2F25&k_raceNo=1&k_babaCode=21,data/cache/html/19850725_kawasaki_1.html
19850725_kawasaki_2,1985-07-25,kawasaki,2,https://www.keiba.go.jp/KeibaWeb/TodayRaceInfo/RaceMarkTable?k_raceDate=1985%2F07%2F25&k_raceNo=2&k_babaCode=21,data/cache/html/19850725_kawasaki_2.html
19850725_kawasaki_3,1985-07-25,kawasaki,3,https://www.keiba.go.jp/KeibaWeb/TodayRaceInfo/RaceMarkTable?k_raceDate=1985%2F07%2F25&k_raceNo=3&k_babaCode=21,data/cache/html/19850725_kawasaki_3.html
19850725_kawasaki_4,1985-07-25,kawasaki,4,https://www.keiba.go.jp/KeibaWeb/TodayRaceInfo/RaceMarkTable?k_raceDate=1985%2F07%2F25&k_raceNo=4&k_babaCode=21,data/cache/html/19850725_kawasaki_4.html
19850725_kawasaki_5,1985-07-25,kawasaki,5,https://www.keiba.go.jp/KeibaWeb/TodayRaceInfo/RaceMarkTable?k_raceDate=1985%2F07%2F25&k_raceNo=5&k_babaCode=21,data/cache/html/19850725_kawasaki_5.html
19850725_kawasaki_6,1985-07-25,kawasaki,6,https://www.keiba.go.jp/KeibaWeb/TodayRaceInfo/RaceMarkTable?k_raceDate=1985%2F07%2F25&k_raceNo=6&k_babaCode=21,data/cache/html/19850725_kawasaki_6.html
19850725_kawasaki_7,1985-07-25,kawasaki,7,https://www.keiba.go.jp/KeibaWeb/TodayRaceInfo/RaceMarkTable?k_raceDate=1985%2F07%2F25&k_raceNo=7&k_babaCode=21,data/cache/html/19850725_kawasaki_7.html
19850725_kawasaki_8,1985-07-25,kawasaki,8,https://www.keiba.go.jp/KeibaWeb/TodayRaceInfo/RaceMarkTable?k_raceDate=1985%2F07%2F25&k_raceNo=8&k_babaCode=21,data/cache/html/19850725_kawasaki_8.html
19850725_kawasaki_9,1985-07-25,kawasaki,9,https://www.keiba.go.jp/KeibaWeb/TodayRaceInfo/RaceMarkTable?k_raceDate=1985%2F07%2F25&k_raceNo=9&k_babaCode=21,data/cache/html/19850725_kawasaki_9.html
19850725_kawasaki_10,1985-07-25,kawasaki,10,https://www.keiba.go.jp/KeibaWeb/TodayRaceInfo/RaceMarkTable?k_raceDate=1985%2F07%2F25&k_raceNo=10&k_babaCode=21,data/cache/html/19850725_kawasaki_10.html
19850725_kawasaki_11,1985-07-25,kawasaki,11,https://www.keiba.go.jp/KeibaWeb/TodayRaceInfo/RaceMarkTable?k_raceDate=1985%2F07%2F25&k_raceNo=11&k_babaCode=21,data/cache/html/19850725_kawasaki_11.html
19850725_kawasaki_12,1985-07-25,kawasaki,12,https://www.keiba.go.jp/KeibaWeb/TodayRaceInfo/RaceMarkTable?k_raceDate=1985%2F07%2F25&k_raceNo=12&k_babaCode=21,data/cache/html/19850725_kawasaki_12.html
19850724_kawasaki_1,1985-07-24,kawasaki,1,https://www.keiba.go.jp/KeibaWeb/TodayRaceInfo/RaceMarkTable?k_raceDate=1985%2F07%2F24&k_raceNo=1&k_babaCode=21,data/cache/html/19850724_kawasaki_1.html
19850724_kawasaki_2,1985-07-24,kawasaki,2,https://www.keiba.go.jp/KeibaWeb/TodayRaceInfo/RaceMarkTable?k_raceDate=1985%2F07%2F24&k_raceNo=2&k_babaCode=21,data/cache/html/19850724_kawasaki_2.html
19850724_kawasaki_3,1985-07-24,kawasaki,3,https://www.keiba.go.jp/KeibaWeb/TodayRaceInfo/RaceMarkTable?k_raceDate=1985%2F07%2F24&k_raceNo=3&k_babaCode=21,data/cache/html/19850724_kawasaki_3.html
19850724_kawasaki_4,1985-07-24,kawasaki,4,https://www.keiba.go.jp/KeibaWeb/TodayRaceInfo/RaceMarkTable?k_raceDate=1985%2F07%2F24&k_raceNo=4&k_babaCode=21,data/cache/html/19850724_kawasaki_4.html
19850724_kawasaki_5,1985-07-24,kawasaki,5,https://www.keiba.go.jp/KeibaWeb/TodayRaceInfo/RaceMarkTable?k_raceDate=1985%2F07%2F24&k_raceNo=5&k_babaCode=21,data/cache/html/19850724_kawasaki_5.html
19850724_kawasaki_6,1985-07-24,kawasaki,6,https://www.keiba.go.jp/KeibaWeb/TodayRaceInfo/RaceMarkTable?k_raceDate=1985%2F07%2F24&k_raceNo=6&k_babaCode=21,data/cache/html/19850724_kawasaki_6.html
19850724_kawasaki_7,1985-07-24,kawasaki,7,https://www.keiba.go.jp/KeibaWeb/TodayRaceInfo/RaceMarkTable?k_raceDate=1985%2F07%2F24&k_raceNo=7&k_babaCode=21,data/cache/html/19850724_kawasaki_7.html
19850724_kawasaki_8,1985-07-24,kawasaki,8,https://www.keiba.go.jp/KeibaWeb/TodayRaceInfo/RaceMarkTable?k_raceDate=1985%2F07%2F24&k_raceNo=8&k_babaCode=21,data/cache/html/19850724_kawasaki_8.html
19850724_kawasaki_9,1985-07-24,kawasaki,9,https://www.keiba.go.jp/KeibaWeb/TodayRaceInfo/RaceMarkTable?k_raceDate=1985%2F07%2F24&k_raceNo=9&k_babaCode=21,data/cache/html/19850724_kawasaki_9.html
19850724_kawasaki_10,1985-07-24,kawasaki,10,https://www.keiba.go.jp/KeibaWeb/TodayRaceInfo/RaceMarkTable?k_raceDate=1985%2F07%2F24&k_raceNo=10&k_babaCode=21,data/cache/html/19850724_kawasaki_10.html
19850724_kawasaki_11,1985-07-24,kawasaki,11,https://www.keiba.go.jp/KeibaWeb/TodayRaceInfo/RaceMarkTable?k_raceDate=1985%2F07%2F24&k_raceNo=11&k_babaCode=21,data/cache/html/19850724_kawasaki_11.html
19850724_kawasaki_12,1985-07-24,kawasaki,12,https://www.keiba.go.jp/KeibaWeb/TodayRaceInfo/RaceMarkTable?k_raceDate=1985%2F07%2F24&k_raceNo=12&k_babaCode=21,data/cache/html/19850724_kawasaki_12.html
19850723_kawasaki_1,1985-07-23,kawasaki,1,https://www.keiba.go.jp/KeibaWeb/TodayRaceInfo/RaceMarkTable?k_raceDate=1985%2F07%2F23&k_raceNo=1&k_babaCode=21,data/cache/html/19850723_kawasaki_1.html
19850723_kawasaki_2,1985-07-23,kawasaki,2,https://www.keiba.go.jp/KeibaWeb/TodayRaceInfo/RaceMarkTable?k_raceDate=1985%2F07%2F23&k_raceNo=2&k_babaCode=21,data/cache/html/19850723_kawasaki_2.html
19850723_kawasaki_3,1985-07-23,kawasaki,3,https://www.keiba.go.jp/KeibaWeb/TodayRaceInfo/RaceMarkTable?k_raceDate=1985%2F07%2F23&k_raceNo=3&k_babaCode=21,data/cache/html/19850723_kawasaki_3.html
19850723_kawasaki_4,1985-07-23,kawasaki,4,https://www.keiba.go.jp/KeibaWeb/TodayRaceInfo/RaceMarkTable?k_raceDate=1985%2F07%2F23&k_raceNo=4&k_babaCode=21,data/cache/html/19850723_kawasaki_4.html
19850723_kawasaki_5,1985-07-23,kawasaki,5,https://www.keiba.go.jp/KeibaWeb/TodayRaceInfo/RaceMarkTable?k_raceDate=1985%2F07%2F23&k_raceNo=5&k_babaCode=21,data/cache/html/19850723_kawasaki_5.html
19850723_kawasaki_6,1985-07-23,kawasaki,6,https://www.keiba.go.jp/KeibaWeb/TodayRaceInfo/RaceMarkTable?k_raceDate=1985%2F07%2F23&k_raceNo=6&k_babaCode=21,data/cache/html/19850723_kawasaki_6.html
19850723_kawasaki_7,1985-07-23,kawasaki,7,https://www.keiba.go.jp/KeibaWeb/TodayRaceInfo/RaceMarkTable?k_raceDate=1985%2F07%2F23&k_raceNo=7&k_babaCode=21,data/cache/html/19850723_kawasaki_7.html
19850723_kawasaki_8,1985-07-23,kawasaki,8,https://www.keiba.go.jp/KeibaWeb/TodayRaceInfo/RaceMarkTable?k_raceDate=1985%2F07%2F23&k_raceNo=8&k_babaCode=21,data/cache/html/19850723_kawasaki_8.html
19850723_kawasaki_9,1985-07-23,kawasaki,9,https://www.keiba.go.jp/KeibaWeb/TodayRaceInfo/RaceMarkTable?k_raceDate=1985%2F07%2F23&k_raceNo=9&k_babaCode=21,data/cache/html/19850723_kawasaki_9.html
19850723_kawasaki_10,1985-07-23,kawasaki,10,https://www.keiba.go.jp/KeibaWeb/TodayRaceInfo/RaceMarkTable?k_raceDate=1985%2F07%2F23&k_raceNo=10&k_babaCode=21,data/cache/html/19850723_kawasaki_10.html
19850723_kawasaki_11,1985-07-23,kawasaki,11,https://www.keiba.go.jp/KeibaWeb/TodayRaceInfo/RaceMarkTable?k_raceDate=1985%2F07%2F23&k_raceNo=11&k_babaCode=21,data/cache/html/19850723_kawasaki_11.html
19850723_kawasaki_12,1985-07-23,kawasaki,12,https://www.keiba.go.jp/KeibaWeb/TodayRaceInfo/RaceMarkTable?k_raceDate=1985%2F07%2F23&k_raceNo=12&k_babaCode=21,data/cache/html/19850723_kawasaki_12.html
19850722_kawasaki_1,1985-07-22,kawasaki,1,https://www.keiba.go.jp/KeibaWeb/TodayRaceInfo/RaceMarkTable?k_raceDate=1985%2F07%2F22&k_raceNo=1&k_babaCode=21,data/cache/html/19850722_kawasaki_1.html
19850722_kawasaki_2,1985-07-22,kawasaki,2,https://www.keiba.go.jp/KeibaWeb/TodayRaceInfo/RaceMarkTable?k_raceDate=1985%2F07%2F22&k_raceNo=2&k_babaCode=21,data/cache/html/19850722_kawasaki_2.html
19850722_kawasaki_3,1985-07-22,kawasaki,3,https://www.keiba.go.jp/KeibaWeb/TodayRaceInfo/RaceMarkTable?k_raceDate=1985%2F07%2F22&k_raceNo=3&k_babaCode=21,data/cache/html/19850722_kawasaki_3.html
19850722_kawasaki_4,1985-07-22,kawasaki,4,https://www.keiba.go.jp/KeibaWeb/TodayRaceInfo/RaceMarkTable?k_raceDate=1985%2F07%2F22&k_raceNo=4&k_babaCode=21,data/cache/html/19850722_kawasaki_4.html
19850722_kawasaki_5,1985-07-22,kawasaki,5,https://www.keiba.go.jp/KeibaWeb/TodayRaceInfo/RaceMarkTable?k_raceDate=1985%2F07%2F22&k_raceNo=5&k_babaCode=21,data/cache/html/19850722_kawasaki_5.html
19850722_kawasaki_6,1985-07-22,kawasaki,6,https://www.keiba.go.jp/KeibaWeb/TodayRaceInfo/RaceMarkTable?k_raceDate=1985%2F07%2F22&k_raceNo=6&k_babaCode=21,data/cache/html/19850722_kawasaki_6.html
19850722_kawasaki_7,1985-07-22,kawasaki,7,https://www.keiba.go.jp/KeibaWeb/TodayRaceInfo/RaceMarkTable?k_raceDate=1985%2F07%2F22&k_raceNo=7&k_babaCode=21,data/cache/html/19850722_kawasaki_7.html
19850722_kawasaki_8,1985-07-22,kawasaki,8,https://www.keiba.go.jp/KeibaWeb/TodayRaceInfo/RaceMarkTable?k_raceDate=1985%2F07%2F22&k_raceNo=8&k_babaCode=21,data/cache/html/19850722_kawasaki_8.html
19850722_kawasaki_9,1985-07-22,kawasaki,9,https://www.keiba.go.jp/KeibaWeb/TodayRaceInfo/RaceMarkTable?k_raceDate=1985%2F07%2F22&k_raceNo=9&k_babaCode=21,data/cache/html/19850722_kawasaki_9.html
19850722_kawasaki_10,1985-07-22,kawasaki,10,https://www.keiba.go.jp/KeibaWeb/TodayRaceInfo/RaceMarkTable?k_raceDate=1985%2F07%2F22&k_raceNo=10&k_babaCode=21,data/cache/html/19850722_kawasaki_10.html
19850722_kawasaki_11,1985-07-22,kawasaki,11,https://www.keiba.go.jp/KeibaWeb/TodayRaceInfo/RaceMarkTable?k_raceDate=1985%2F07%2F22&k_raceNo=11&k_babaCode=21,data/cache/html/19850722_kawasaki_11.html
19850722_kawasaki_12,1985-07-22,kawasaki,12,https://www.keiba.go.jp/KeibaWeb/TodayRaceInfo/RaceMarkTable?k_raceDate=1985%2F07%2F22&k_raceNo=12&k_babaCode=21,data/cache/html/19850722_kawasaki_12.html
19850721_kawasaki_1,1985-07-21,kawasaki,1,https://www.keiba.go.jp/KeibaWeb/TodayRaceInfo/RaceMarkTable?k_raceDate=1985%2F07%2F21&k_raceNo=1&k_babaCode=21,data/cache/html/19850721_kawasaki_1.html
19850721_kawasaki_2,1985-07-21,kawasaki,2,https://www.keiba.go.jp/KeibaWeb/TodayRaceInfo/RaceMarkTable?k_raceDate=1985%2F07%2F21&k_raceNo=2&k_babaCode=21,data/cache/html/19850721_kawasaki_2.html
19850721_kawasaki_3,1985-07-21,kawasaki,3,https://www.keiba.go.jp/KeibaWeb/TodayRaceInfo/RaceMarkTable?k_raceDate=1985%2F07%2F21&k_raceNo=3&k_babaCode=21,data/cache/html/19850721_kawasaki_3.html
19850721_kawasaki_4,1985-07-21,kawasaki,4,https://www.keiba.go.jp/KeibaWeb/TodayRaceInfo/RaceMarkTable?k_raceDate=1985%2F07%2F21&k_raceNo=4&k_babaCode=21,data/cache/html/19850721_kawasaki_4.html
19850721_kawasaki_5,1985-07-21,kawasaki,5,https://www.keiba.go.jp/KeibaWeb/TodayRaceInfo/RaceMarkTable?k_raceDate=1985%2F07%2F21&k_raceNo=5&k_babaCode=21,data/cache/html/19850721_kawasaki_5.html
19850721_kawasaki_6,1985-07-21,kawasaki,6,https://www.keiba.go.jp/KeibaWeb/TodayRaceInfo/RaceMarkTable?k_raceDate=1985%2F07%2F21&k_raceNo=6&k_babaCode=21,data/cache/html/19850721_kawasaki_6.html
19850721_kawasaki_7,1985-07-21,kawasaki,7,https://www.keiba.go.jp/KeibaWeb/TodayRaceInfo/RaceMarkTable?k_raceDate=1985%2F07%2F21&k_raceNo=7&k_babaCode=21,data/cache/html/19850721_kawasaki_7.html
19850721_kawasaki_8,1985-07-21,kawasaki,8,https://www.keiba.go.jp/KeibaWeb/TodayRaceInfo/RaceMarkTable?k_raceDate=1985%2F07%2F21&k_raceNo=8&k_babaCode=21,data/cache/html/19850721_kawasaki_8.html
19850721_kawasaki_9,1985-07-21,kawasaki,9,https://www.keiba.go.jp/KeibaWeb/TodayRaceInfo/RaceMarkTable?k_raceDate=1985%2F07%2F21&k_raceNo=9&k_babaCode=21,data/cache/html/19850721_kawasaki_9.html
19850721_kawasaki_10,1985-07-21,kawasaki,10,https://www.keiba.go.jp/KeibaWeb/TodayRaceInfo/RaceMarkTable?k_raceDate=1985%2F07%2F21&k_raceNo=10&k_babaCode=21,data/cache/html/19850721_kawasaki_10.html
19850721_kawasaki_11,1985-07-21,kawasaki,11,https://www.keiba.go.jp/KeibaWeb/TodayRaceInfo/RaceMarkTable?k_raceDate=1985%2F07%2F21&k_raceNo=11&k_babaCode=21,data/cache/html/19850721_kawasaki_11.html
19850721_kawasaki_12,1985-07-21,kawasaki,12,https://www.keiba.go.jp/KeibaWeb/TodayRaceInfo/RaceMarkTable?k_raceDate=1985%2F07%2F21&k_raceNo=12&k_babaCode=21,data/cache/html/19850721_kawasaki_12.html
19850720_kawasaki_1,1985-07-20,kawasaki,1,https://www.keiba.go.jp/KeibaWeb/TodayRaceInfo/RaceMarkTable?k_raceDate=1985%2F07%2F20&k_raceNo=1&k_babaCode=21,data/cache/html/19850720_kawasaki_1.html
19850720_kawasaki_2,1985-07-20,kawasaki,2,https://www.keiba.go.jp/KeibaWeb/TodayRaceInfo/RaceMarkTable?k_raceDate=1985%2F07%2F20&k_raceNo=2&k_babaCode=21,data/cache/html/19850720_kawasaki_2.html
19850720_kawasaki_3,1985-07-20,kawasaki,3,https://www.keiba.go.jp/KeibaWeb/TodayRaceInfo/RaceMarkTable?k_raceDate=1985%2F07%2F20&k_raceNo=3&k_babaCode=21,data/cache/html/19850720_kawasaki_3.html
19850720_kawasaki_4,1985-07-20,kawasaki,4,https://www.keiba.go.jp/KeibaWeb/TodayRaceInfo/RaceMarkTable?k_raceDate=1985%2F07%2F20&k_raceNo=4&k_babaCode=21,data/cache/html/19850720_kawasaki_4.html
19850720_kawasaki_5,1985-07-20,kawasaki,5,https://www.keiba.go.jp/KeibaWeb/TodayRaceInfo/RaceMarkTable?k_raceDate=1985%2F07%2F20&k_raceNo=5&k_babaCode=21,data/cache/html/19850720_kawasaki_5.html
19850720_kawasaki_6,1985-07-20,kawasaki,6,https://www.keiba.go.jp/KeibaWeb/TodayRaceInfo/RaceMarkTable?k_raceDate=1985%2F07%2F20&k_raceNo=6&k_babaCode=21,data/cache/html/19850720_kawasaki_6.html
19850720_kawasaki_7,1985-07-20,kawasaki,7,https://www.keiba.go.jp/KeibaWeb/TodayRaceInfo/RaceMarkTable?k_raceDate=1985%2F07%2F20&k_raceNo=7&k_babaCode=21,data/cache/html/19850720_kawasaki_7.html
19850720_kawasaki_8,1985-07-20,kawasaki,8,https://www.keiba.go.jp/KeibaWeb/TodayRaceInfo/RaceMarkTable?k_raceDate=1985%2F07%2F20&k_raceNo=8&k_babaCode=21,data/cache/html/19850720_kawasaki_8.html
19850720_kawasaki_9,1985-07-20,kawasaki,9,https://www.keiba.go.jp/KeibaWeb/TodayRaceInfo/RaceMarkTable?k_raceDate=1985%2F07%2F20&k_raceNo=9&k_babaCode=21,data/cache/html/19850720_kawasaki_9.html
19850720_kawasaki_10,1985-07-20,kawasaki,10,https://www.keiba.go.jp/KeibaWeb/TodayRaceInfo/RaceMarkTable?k_raceDate=1985%2F07%2F20&k_raceNo=10&k_babaCode=21,data/cache/html/19850720_kawasaki_10.html
19850720_kawasaki_11,1985-07-20,kawasaki,11,https://www.keiba.go.jp/KeibaWeb/TodayRaceInfo/RaceMarkTable?k_raceDate=1985%2F07%2F20&k_raceNo=11&k_babaCode=21,data/cache/html/19850720_kawasaki_11.html
19850720_kawasaki_12,1985-07-20,kawasaki,12,https://www.keiba.go.jp/KeibaWeb/TodayRaceInfo/RaceMarkTable?k_raceDate=1985%2F07%2F20&k_raceNo=12&k_babaCode=21,data/cache/html/19850720_kawasaki_12.html
19850719_kawasaki_1,1985-07-19,kawasaki,1,https://www.keiba.go.jp/KeibaWeb/TodayRaceInfo/RaceMarkTable?k_raceDate=1985%2F07%2F19&k_raceNo=1&k_babaCode=21,data/cache/html/19850719_kawasaki_1.html
19850719_kawasaki_2,1985-07-19,kawasaki,2,https://www.keiba.go.jp/KeibaWeb/TodayRaceInfo/RaceMarkTable?k_raceDate=1985%2F07%2F19&k_raceNo=2&k_babaCode=21,data/cache/html/19850719_kawasaki_2.html
19850719_kawasaki_3,1985-07-19,kawasaki,3,https://www.keiba.go.jp/KeibaWeb/TodayRaceInfo/RaceMarkTable?k_raceDate=1985%2F07%2F19&k_raceNo=3&k_babaCode=21,data/cache/html/19850719_kawasaki_3.html
19850719_kawasaki_4,1985-07-19,kawasaki,4,https://www.keiba.go.jp/KeibaWeb/TodayRaceInfo/RaceMarkTable?k_raceDate=1985%2F07%2F19&k_raceNo=4&k_babaCode=21,data/cache/html/19850719_kawasaki_4.html
19850719_kawasaki_5,1985-07-19,kawasaki,5,https://www.keiba.go.jp/KeibaWeb/TodayRaceInfo/RaceMarkTable?k_raceDate=1985%2F07%2F19&k_raceNo=5&k_babaCode=21,data/cache/html/19850719_kawasaki_5.html
19850719_kawasaki_6,1985-07-19,kawasaki,6,https://www.keiba.go.jp/KeibaWeb/TodayRaceInfo/RaceMarkTable?k_raceDate=1985%2F07%2F19&k_raceNo=6&k_babaCode=21,data/cache/html/19850719_kawasaki_6.html
19850719_kawasaki_7,1985-07-19,kawasaki,7,https://www.keiba.go.jp/KeibaWeb/TodayRaceInfo/RaceMarkTable?k_raceDate=1985%2F07%2F19&k_raceNo=7&k_babaCode=21,data/cache/html/19850719_kawasaki_7.html
19850719_kawasaki_8,1985-07-19,kawasaki,8,https://www.keiba.go.jp/KeibaWeb/TodayRaceInfo/RaceMarkTable?k_raceDate=1985%2F07%2F19&k_raceNo=8&k_babaCode=21,data/cache/html/19850719_kawasaki_8.html
19850719_kawasaki_9,1985-07-19,kawasaki,9,https://www.keiba.go.jp/KeibaWeb/TodayRaceInfo/RaceMarkTable?k_raceDate=1985%2F07%2F19&k_raceNo=9&k_babaCode=21,data/cache/html/19850719_kawasaki_9.html
19850719_kawasaki_10,1985-07-19,kawasaki,10,https://www.keiba.go.jp/KeibaWeb/TodayRaceInfo/RaceMarkTable?k_raceDate=1985%2F07%2F19&k_raceNo=10&k_babaCode=21,data/cache/html/19850719_kawasaki_10.html
19850719_kawasaki_11,1985-07-19,kawasaki,11,https://www.keiba.go.jp/KeibaWeb/TodayRaceInfo/RaceMarkTable?k_raceDate=1985%2F07%2F19&k_raceNo=11&k_babaCode=21,data/cache/html/19850719_kawasaki_11.html
19850719_kawasaki_12,1985-07-19,kawasaki,12,https://www.keiba.go.jp/KeibaWeb/TodayRaceInfo/RaceMarkTable?k_raceDate=1985%2F07%2F19&k_raceNo=12&k_babaCode=21,data/cache/html/19850719_kawasaki_12.html
19850718_kawasaki_1,1985-07-18,kawasaki,1,https://www.keiba.go.jp/KeibaWeb/TodayRaceInfo/RaceMarkTable?k_raceDate=1985%2F07%2F18&k_raceNo=1&k_babaCode=21,data/cache/html/19850718_kawasaki_1.html
19850718_kawasaki_2,1985-07-18,kawasaki,2,https://www.keiba.go.jp/KeibaWeb/TodayRaceInfo/RaceMarkTable?k_raceDate=1985%2F07%2F18&k_raceNo=2&k_babaCode=21,data/cache/html/19850718_kawasaki_2.html
19850718_kawasaki_3,1985-07-18,kawasaki,3,https://www.keiba.go.jp/KeibaWeb/TodayRaceInfo/RaceMarkTable?k_raceDate=1985%2F07%2F18&k_raceNo=3&k_babaCode=21,data/cache/html/19850718_kawasaki_3.html
19850718_kawasaki_4,1985-07-18,kawasaki,4,https://www.keiba.go.jp/KeibaWeb/TodayRaceInfo/RaceMarkTable?k_raceDate=1985%2F07%2F18&k_raceNo=4&k_babaCode=21,data/cache/html/19850718_kawasaki_4.html
19850718_kawasaki_5,1985-07-18,kawasaki,5,https://www.keiba.go.jp/KeibaWeb/TodayRaceInfo/RaceMarkTable?k_raceDate=1985%2F07%2F18&k_raceNo=5&k_babaCode=21,data/cache/html/19850718_kawasaki_5.html
19850718_kawasaki_6,1985-07-18,kawasaki,6,https://www.keiba.go.jp/KeibaWeb/TodayRaceInfo/RaceMarkTable?k_raceDate=1985%2F07%2F18&k_raceNo=6&k_babaCode=21,data/cache/html/19850718_kawasaki_6.html
19850718_kawasaki_7,1985-07-18,kawasaki,7,https://www.keiba.go.jp/KeibaWeb/TodayRaceInfo/RaceMarkTable?k_raceDate=1985%2F07%2F18&k_raceNo=7&k_babaCode=21,data/cache/html/19850718_kawasaki_7.html
19850718_kawasaki_8,1985-07-18,kawasaki,8,https://www.keiba.go.jp/KeibaWeb/TodayRaceInfo/RaceMarkTable?k_raceDate=1985%2F07%2F18&k_raceNo=8&k_babaCode=21,data/cache/html/19850718_kawasaki_8.html
19850718_kawasaki_9,1985-07-18,kawasaki,9,https://www.keiba.go.jp/KeibaWeb/TodayRaceInfo/RaceMarkTable?k_raceDate=1985%2F07%2F18&k_raceNo=9&k_babaCode=21,data/cache/html/19850718_kawasaki_9.html
19850718_kawasaki_10,1985-07-18,kawasaki,10,https://www.keiba.go.jp/KeibaWeb/TodayRaceInfo/RaceMarkTable?k_raceDate=1985%2F07%2F18&k_raceNo=10&k_babaCode=21,data/cache/html/19850718_kawasaki_10.html
19850718_kawasaki_11,1985-07-18,kawasaki,11,https://www.keiba.go.jp/KeibaWeb/TodayRaceInfo/RaceMarkTable?k_raceDate=1985%2F07%2F18&k_raceNo=11&k_babaCode=21,data/cache/html/19850718_kawasaki_11.html
19850718_kawasaki_12,1985-07-18,kawasaki,12,https://www.keiba.go.jp/KeibaWeb/TodayRaceInfo/RaceMarkTable?k_raceDate=1985%2F07%2F18&k_raceNo=12&k_babaCode=21,data/cache/html/19850718_kawasaki_12.html
19850717_kawasaki_1,1985-07-17,kawasaki,1,https://www.keiba.go.jp/KeibaWeb/TodayRaceInfo/RaceMarkTable?k_raceDate=1985%2F07%2F17&k_raceNo=1&k_babaCode=21,data/cache/html/19850717_kawasaki_1.html
19850717_kawasaki_2,1985-07-17,kawasaki,2,https://www.keiba.go.jp/KeibaWeb/TodayRaceInfo/RaceMarkTable?k_raceDate=1985%2F07%2F17&k_raceNo=2&k_babaCode=21,data/cache/html/19850717_kawasaki_2.html
19850717_kawasaki_3,1985-07-17,kawasaki,3,https://www.keiba.go.jp/KeibaWeb/TodayRaceInfo/RaceMarkTable?k_raceDate=1985%2F07%2F17&k_raceNo=3&k_babaCode=21,data/cache/html/19850717_kawasaki_3.html
19850717_kawasaki_4,1985-07-17,kawasaki,4,https://www.keiba.go.jp/KeibaWeb/TodayRaceInfo/RaceMarkTable?k_raceDate=1985%2F07%2F17&k_raceNo=4&k_babaCode=21,data/cache/html/19850717_kawasaki_4.html
19850717_kawasaki_5,1985-07-17,kawasaki,5,https://www.keiba.go.jp/KeibaWeb/TodayRaceInfo/RaceMarkTable?k_raceDate=1985%2F07%2F17&k_raceNo=5&k_babaCode=21,data/cache/html/19850717_kawasaki_5.html
19850717_kawasaki_6,1985-07-17,kawasaki,6,https://www.keiba.go.jp/KeibaWeb/TodayRaceInfo/RaceMarkTable?k_raceDate=1985%2F07%2F17&k_raceNo=6&k_babaCode=21,data/cache/html/19850717_kawasaki_6.html
19850717_kawasaki_7,1985-07-17,kawasaki,7,https://www.keiba.go.jp/KeibaWeb/TodayRaceInfo/RaceMarkTable?k_raceDate=1985%2F07%2F17&k_raceNo=7&k_babaCode=21,data/cache/html/19850717_kawasaki_7.html
19850717_kawasaki_8,1985-07-17,kawasaki,8,https://www.keiba.go.jp/KeibaWeb/TodayRaceInfo/RaceMarkTable?k_raceDate=1985%2F07%2F17&k_raceNo=8&k_babaCode=21,data/cache/html/19850717_kawasaki_8.html
19850717_kawasaki_9,1985-07-17,kawasaki,9,https://www.keiba.go.jp/KeibaWeb/TodayRaceInfo/RaceMarkTable?k_raceDate=1985%2F07%2F17&k_raceNo=9&k_babaCode=21,data/cache/html/19850717_kawasaki_9.html
19850717_kawasaki_10,1985-07-17,kawasaki,10,https://www.keiba.go.jp/KeibaWeb/TodayRaceInfo/RaceMarkTable?k_raceDate=1985%2F07%2F17&k_raceNo=10&k_babaCode=21,data/cache/html/19850717_kawasaki_10.html
19850717_kawasaki_11,1985-07-17,kawasaki,11,https://www.keiba.go.jp/KeibaWeb/TodayRaceInfo/RaceMarkTable?k_raceDate=1985%2F07%2F17&k_raceNo=11&k_babaCode=21,data/cache/html/19850717_kawasaki_11.html
19850717_kawasaki_12,1985-07-17,kawasaki,12,https://www.keiba.go.jp/KeibaWeb/TodayRaceInfo/RaceMarkTable?k_raceDate=1985%2F07%2F17&k_raceNo=12&k_babaCode=21,data/cache/html/19850717_kawasaki_12.html
19850716_kawasaki_1,1985-07-16,kawasaki,1,https://www.keiba.go.jp/KeibaWeb/TodayRaceInfo/RaceMarkTable?k_raceDate=1985%2F07%2F16&k_raceNo=1&k_babaCode=21,data/cache/html/19850716_kawasaki_1.html
19850716_kawasaki_2,1985-07-16,kawasaki,2,https://www.keiba.go.jp/KeibaWeb/TodayRaceInfo/RaceMarkTable?k_raceDate=1985%2F07%2F16&k_raceNo=2&k_babaCode=21,data/cache/html/19850716_kawasaki_2.html
19850716_kawasaki_3,1985-07-16,kawasaki,3,https://www.keiba.go.jp/KeibaWeb/TodayRaceInfo/RaceMarkTable?k_raceDate=1985%2F07%2F16&k_raceNo=3&k_babaCode=21,data/cache/html/19850716_kawasaki_3.html
19850716_kawasaki_4,1985-07-16,kawasaki,4,https://www.keiba.go.jp/KeibaWeb/TodayRaceInfo/RaceMarkTable?k_raceDate=1985%2F07%2F16&k_raceNo=4&k_babaCode=21,data/cache/html/19850716_kawasaki_4.html
19850716_kawasaki_5,1985-07-16,kawasaki,5,https://www.keiba.go.jp/KeibaWeb/TodayRaceInfo/RaceMarkTable?k_raceDate=1985%2F07%2F16&k_raceNo=5&k_babaCode=21,data/cache/html/19850716_kawasaki_5.html
19850716_kawasaki_6,1985-07-16,kawasaki,6,https://www.keiba.go.jp/KeibaWeb/TodayRaceInfo/RaceMarkTable?k_raceDate=1985%2F07%2F16&k_raceNo=6&k_babaCode=21,data/cache/html/19850716_kawasaki_6.html
19850716_kawasaki_7,1985-07-16,kawasaki,7,https://www.keiba.go.jp/KeibaWeb/TodayRaceInfo/RaceMarkTable?k_raceDate=1985%2F07%2F16&k_raceNo=7&k_babaCode=21,data/cache/html/19850716_kawasaki_7.html
19850716_kawasaki_8,1985-07-16,kawasaki,8,https://www.keiba.go.jp/KeibaWeb/TodayRaceInfo/RaceMarkTable?k_raceDate=1985%2F07%2F16&k_raceNo=8&k_babaCode=21,data/cache/html/19850716_kawasaki_8.html
19850716_kawasaki_9,1985-07-16,kawasaki,9,https://www.keiba.go.jp/KeibaWeb/TodayRaceInfo/RaceMarkTable?k_raceDate=1985%2F07%2F16&k_raceNo=9&k_babaCode=21,data/cache/html/19850716_kawasaki_9.html
19850716_kawasaki_10,1985-07-16,kawasaki,10,https://www.keiba.go.jp/KeibaWeb/TodayRaceInfo/RaceMarkTable?k_raceDate=1985%2F07%2F16&k_raceNo=10&k_babaCode=21,data/cache/html/19850716_kawasaki_10.html
19850716_kawasaki_11,1985-07-16,kawasaki,11,https://www.keiba.go.jp/KeibaWeb/TodayRaceInfo/RaceMarkTable?k_raceDate=1985%2F07%2F16&k_raceNo=11&k_babaCode=21,data/cache/html/19850716_kawasaki_11.html
19850716_kawasaki_12,1985-07-16,kawasaki,12,https://www.keiba.go.jp/KeibaWeb/TodayRaceInfo/RaceMarkTable?k_raceDate=1985%2F07%2F16&k_raceNo=12&k_babaCode=21,data/cache/html/19850716_kawasaki_12.html
