race_id,date,track,race_no,official_url,cache_html_path
20170410_kawasaki_1,2017-04-10,kawasaki,1,https://www.keiba.go.jp/KeibaWeb/TodayRaceInfo/RaceMarkTable?k_raceDate=2017%2F04%2F10&k_raceNo=1&k_babaCode=21,data/cache/html/20170410_kawasaki_1.html
20170410_kawasaki_2,2017-04-10,kawasaki,2,https://www.keiba.go.jp/KeibaWeb/TodayRaceInfo/RaceMarkTable?k_raceDate=2017%2F04%2F10&k_raceNo=2&k_babaCode=21,data/cache/html/20170410_kawasaki_2.html
20170410_kawasaki_3,2017-04-10,kawasaki,3,https://www.keiba.go.jp/KeibaWeb/TodayRaceInfo/RaceMarkTable?k_raceDate=2017%2F04%2F10&k_raceNo=3&k_babaCode=21,data/cache/html/20170410_kawasaki_3.html
20170410_kawasaki_4,2017-04-10,kawasaki,4,https://www.keiba.go.jp/KeibaWeb/TodayRaceInfo/RaceMarkTable?k_raceDate=2017%2F04%2F10&k_raceNo=4&k_babaCode=21,data/cache/html/20170410_kawasaki_4.html
20170410_kawasaki_5,2017-04-10,kawasaki,5,https://www.keiba.go.jp/KeibaWeb/TodayRaceInfo/RaceMarkTable?k_raceDate=2017%2F04%2F10&k_raceNo=5&k_babaCode=21,data/cache/html/20170410_kawasaki_5.html
20170410_kawasaki_6,2017-04-10,kawasaki,6,https://www.keiba.go.jp/KeibaWeb/TodayRaceInfo/RaceMarkTable?k_raceDate=2017%2F04%2F10&k_raceNo=6&k_babaCode=21,data/cache/html/20170410_kawasaki_6.html
20170410_kawasaki_7,2017-04-10,kawasaki,7,https://www.keiba.go.jp/KeibaWeb/TodayRaceInfo/RaceMarkTable?k_raceDate=2017%2F04%2F10&k_raceNo=7&k_babaCode=21,data/cache/html/20170410_kawasaki_7.html
20170410_kawasaki_8,2017-04-10,kawasaki,8,https://www.keiba.go.jp/KeibaWeb/TodayRaceInfo/RaceMarkTable?k_raceDate=2017%2F04%2F10&k_raceNo=8&k_babaCode=21,data/cache/html/20170410_kawasaki_8.html
20170410_kawasaki_9,2017-04-10,kawasaki,9,https://www.keiba.go.jp/KeibaWeb/TodayRaceInfo/RaceMarkTable?k_raceDate=2017%2F04%2F10&k_raceNo=9&k_babaCode=21,data/cache/html/20170410_kawasaki_9.html
20170410_kawasaki_10,2017-04-10,kawasaki,10,https://www.keiba.go.jp/KeibaWeb/TodayRaceInfo/RaceMarkTable?k_raceDate=2017%2F04%2F10&k_raceNo=10&k_babaCode=21,data/cache/html/20170410_kawasaki_10.html
20170410_kawasaki_11,2017-04-10,kawasaki,11,https://www.keiba.go.jp/KeibaWeb/TodayRaceInfo/RaceMarkTable?k_raceDate=2017%2F04%2F10&k_raceNo=11&k_babaCode=21,data/cache/html/20170410_kawasaki_11.html
20170410_kawasaki_12,2017-04-10,kawasaki,12,https://www.keiba.go.jp/KeibaWeb/TodayRaceInfo/RaceMarkTable?k_raceDate=2017%2F04%2F10&k_raceNo=12&k_babaCode=21,data/cache/html/20170410_kawasaki_12.html
20170409_kawasaki_1,2017-04-09,kawasaki,1,https://www.keiba.go.jp/KeibaWeb/TodayRaceInfo/RaceMarkTable?k_raceDate=2017%2F04%2F09&k_raceNo=1&k_babaCode=21,data/cache/html/20170409_kawasaki_1.html
20170409_kawasaki_2,2017-04-09,kawasaki,2,https://www.keiba.go.jp/KeibaWeb/TodayRaceInfo/RaceMarkTable?k_raceDate=2017%2F04%2F09&k_raceNo=2&k_babaCode=21,data/cache/html/20170409_kawasaki_2.html
20170409_kawasaki_3,2017-04-09,kawasaki,3,https://www.keiba.go.jp/KeibaWeb/TodayRaceInfo/RaceMarkTable?k_raceDate=2017%2F04%2F09&k_raceNo=3&k_babaCode=21,data/cache/html/20170409_kawasaki_3.html
20170409_kawasaki_4,2017-04-09,kawasaki,4,https://www.keiba.go.jp/KeibaWeb/TodayRaceInfo/RaceMarkTable?k_raceDate=2017%2F04%2F09&k_raceNo=4&k_babaCode=21,data/cache/html/20170409_kawasaki_4.html
20170409_kawasaki_5,2017-04-09,kawasaki,5,https://www.keiba.go.jp/KeibaWeb/TodayRaceInfo/RaceMarkTable?k_raceDate=2017%2F04%2F09&k_raceNo=5&k_babaCode=21,data/cache/html/20170409_kawasaki_5.html
20170409_kawasaki_6,2017-04-09,kawasaki,6,https://www.keiba.go.jp/KeibaWeb/TodayRaceInfo/RaceMarkTable?k_raceDate=2017%2F04%2F09&k_raceNo=6&k_babaCode=21,data/cache/html/20170409_kawasaki_6.html
20170409_kawasaki_7,2017-04-09,kawasaki,7,https://www.keiba.go.jp/KeibaWeb/TodayRaceInfo/RaceMarkTable?k_raceDate=2017%2F04%2F09&k_raceNo=7&k_babaCode=21,data/cache/html/20170409_kawasaki_7.html
20170409_kawasaki_8,2017-04-09,kawasaki,8,https://www.keiba.go.jp/KeibaWeb/TodayRaceInfo/RaceMarkTable?k_raceDate=2017%2F04%2F09&k_raceNo=8&k_babaCode=21,data/cache/html/20170409_kawasaki_8.html
20170409_kawasaki_9,2017-04-09,kawasaki,9,https://www.keiba.go.jp/KeibaWeb/TodayRaceInfo/RaceMarkTable?k_raceDate=2017%2F04%2F09&k_raceNo=9&k_babaCode=21,data/cache/html/20170409_kawasaki_9.html
20170409_kawasaki_10,2017-04-09,kawasaki,10,https://www.keiba.go.jp/KeibaWeb/TodayRaceInfo/RaceMarkTable?k_raceDate=2017%2F04%2F09&k_raceNo=10&k_babaCode=21,data/cache/html/20170409_kawasaki_10.html
20170409_kawasaki_11,2017-04-09,kawasaki,11,https://www.keiba.go.jp/KeibaWeb/TodayRaceInfo/RaceMarkTable?k_raceDate=2017%2F04%2F09&k_raceNo=11&k_babaCode=21,data/cache/html/20170409_kawasaki_11.html
20170409_kawasaki_12,2017-04-09,kawasaki,12,https://www.keiba.go.jp/KeibaWeb/TodayRaceInfo/RaceMarkTable?k_raceDate=2017%2F04%2F09&k_raceNo=12&k_babaCode=21,data/cache/html/20170409_kawasaki_12.html
20170408_kawasaki_1,2017-04-08,kawasaki,1,https://www.keiba.go.jp/KeibaWeb/TodayRaceInfo/RaceMarkTable?k_raceDate=2017%2F04%2F08&k_raceNo=1&k_babaCode=21,data/cache/html/20170408_kawasaki_1.html
20170408_kawasaki_2,2017-04-08,kawasaki,2,https://www.keiba.go.jp/KeibaWeb/TodayRaceInfo/RaceMarkTable?k_raceDate=2017%2F04%2F08&k_raceNo=2&k_babaCode=21,data/cache/html/20170408_kawasaki_2.html
20170408_kawasaki_3,2017-04-08,kawasaki,3,https://www.keiba.go.jp/KeibaWeb/TodayRaceInfo/RaceMarkTable?k_raceDate=2017%2F04%2F08&k_raceNo=3&k_babaCode=21,data/cache/html/20170408_kawasaki_3.html
20170408_kawasaki_4,2017-04-08,kawasaki,4,https://www.keiba.go.jp/KeibaWeb/TodayRaceInfo/RaceMarkTable?k_raceDate=2017%2F04%2F08&k_raceNo=4&k_babaCode=21,data/cache/html/20170408_kawasaki_4.html
20170408_kawasaki_5,2017-04-08,kawasaki,5,https://www.keiba.go.jp/KeibaWeb/TodayRaceInfo/RaceMarkTable?k_raceDate=2017%2F04%2F08&k_raceNo=5&k_babaCode=21,data/cache/html/20170408_kawasaki_5.html
20170408_kawasaki_6,2017-04-08,kawasaki,6,https://www.keiba.go.jp/KeibaWeb/TodayRaceInfo/RaceMarkTable?k_raceDate=2017%2F04%2F08&k_raceNo=6&k_babaCode=21,data/cache/html/20170408_kawasaki_6.html
20170408_kawasaki_7,2017-04-08,kawasaki,7,https://www.keiba.go.jp/KeibaWeb/TodayRaceInfo/RaceMarkTable?k_raceDate=2017%2F04%2F08&k_raceNo=7&k_babaCode=21,data/cache/html/20170408_kawasaki_7.html
20170408_kawasaki_8,2017-04-08,kawasaki,8,https://www.keiba.go.jp/KeibaWeb/TodayRaceInfo/RaceMarkTable?k_raceDate=2017%2F04%2F08&k_raceNo=8&k_babaCode=21,data/cache/html/20170408_kawasaki_8.html
20170408_kawasaki_9,2017-04-08,kawasaki,9,https://www.keiba.go.jp/KeibaWeb/TodayRaceInfo/RaceMarkTable?k_raceDate=2017%2F04%2F08&k_raceNo=9&k_babaCode=21,data/cache/html/20170408_kawasaki_9.html
20170408_kawasaki_10,2017-04-08,kawasaki,10,https://www.keiba.go.jp/KeibaWeb/TodayRaceInfo/RaceMarkTable?k_raceDate=2017%2F04%2F08&k_raceNo=10&k_babaCode=21,data/cache/html/20170408_kawasaki_10.html
20170408_kawasaki_11,2017-04-08,kawasaki,11,https://www.keiba.go.jp/KeibaWeb/TodayRaceInfo/RaceMarkTable?k_raceDate=2017%2F04%2F08&k_raceNo=11&k_babaCode=21,data/cache/html/20170408_kawasaki_11.html
20170408_kawasaki_12,2017-04-08,kawasaki,12,https://www.keiba.go.jp/KeibaWeb/TodayRaceInfo/RaceMarkTable?k_raceDate=2017%2F04%2F08&k_raceNo=12&k_babaCode=21,data/cache/html/20170408_kawasaki_12.html
20170402_kawasaki_1,2017-04-02,kawasaki,1,https://www.keiba.go.jp/KeibaWeb/TodayRaceInfo/RaceMarkTable?k_raceDate=2017%2F04%2F02&k_raceNo=1&k_babaCode=21,data/cache/html/20170402_kawasaki_1.html
20170402_kawasaki_2,2017-04-02,kawasaki,2,https://www.keiba.go.jp/KeibaWeb/TodayRaceInfo/RaceMarkTable?k_raceDate=2017%2F04%2F02&k_raceNo=2&k_babaCode=21,data/cache/html/20170402_kawasaki_2.html
20170402_kawasaki_3,2017-04-02,kawasaki,3,https://www.keiba.go.jp/KeibaWeb/TodayRaceInfo/RaceMarkTable?k_raceDate=2017%2F04%2F02&k_raceNo=3&k_babaCode=21,data/cache/html/20170402_kawasaki_3.html
20170402_kawasaki_4,2017-04-02,kawasaki,4,https://www.keiba.go.jp/KeibaWeb/TodayRaceInfo/RaceMarkTable?k_raceDate=2017%2F04%2F02&k_raceNo=4&k_babaCode=21,data/cache/html/20170402_kawasaki_4.html
20170402_kawasaki_5,2017-04-02,kawasaki,5,https://www.keiba.go.jp/KeibaWeb/TodayRaceInfo/RaceMarkTable?k_raceDate=2017%2F04%2F02&k_raceNo=5&k_babaCode=21,data/cache/html/20170402_kawasaki_5.html
20170402_kawasaki_6,2017-04-02,kawasaki,6,https://www.keiba.go.jp/KeibaWeb/TodayRaceInfo/RaceMarkTable?k_raceDate=2017%2F04%2F02&k_raceNo=6&k_babaCode=21,data/cache/html/20170402_kawasaki_6.html
20170402_kawasaki_7,2017-04-02,kawasaki,7,https://www.keiba.go.jp/KeibaWeb/TodayRaceInfo/RaceMarkTable?k_raceDate=2017%2F04%2F02&k_raceNo=7&k_babaCode=21,data/cache/html/20170402_kawasaki_7.html
20170402_kawasaki_8,2017-04-02,kawasaki,8,https://www.keiba.go.jp/KeibaWeb/TodayRaceInfo/RaceMarkTable?k_raceDate=2017%2F04%2F02&k_raceNo=8&k_babaCode=21,data/cache/html/20170402_kawasaki_8.html
20170402_kawasaki_9,2017-04-02,kawasaki,9,https://www.keiba.go.jp/KeibaWeb/TodayRaceInfo/RaceMarkTable?k_raceDate=2017%2F04%2F02&k_raceNo=9&k_babaCode=21,data/cache/html/20170402_kawasaki_9.html
20170402_kawasaki_10,2017-04-02,kawasaki,10,https://www.keiba.go.jp/KeibaWeb/TodayRaceInfo/RaceMarkTable?k_raceDate=2017%2F04%2F02&k_raceNo=10&k_babaCode=21,data/cache/html/20170402_kawasaki_10.html
20170402_kawasaki_11,2017-04-02,kawasaki,11,https://www.keiba.go.jp/KeibaWeb/TodayRaceInfo/RaceMarkTable?k_raceDate=2017%2F04%2F02&k_raceNo=11&k_babaCode=21,data/cache/html/20170402_kawasaki_11.html
20170402_kawasaki_12,2017-04-02,kawasaki,12,https://www.keiba.go.jp/KeibaWeb/TodayRaceInfo/RaceMarkTable?k_raceDate=2017%2F04%2F02&k_raceNo=12&k_babaCode=21,data/cache/html/20170402_kawasaki_12.html
20170401_kawasaki_1,2017-04-01,kawasaki,1,https://www.keiba.go.jp/KeibaWeb/TodayRaceInfo/RaceMarkTable?k_raceDate=2017%2F04%2F01&k_raceNo=1&k_babaCode=21,data/cache/html/20170401_kawasaki_1.html
20170401_kawasaki_2,2017-04-01,kawasaki,2,https://www.keiba.go.jp/KeibaWeb/TodayRaceInfo/RaceMarkTable?k_raceDate=2017%2F04%2F01&k_raceNo=2&k_babaCode=21,data/cache/html/20170401_kawasaki_2.html
20170401_kawasaki_3,2017-04-01,kawasaki,3,https://www.keiba.go.jp/KeibaWeb/TodayRaceInfo/RaceMarkTable?k_raceDate=2017%2F04%2F01&k_raceNo=3&k_babaCode=21,data/cache/html/20170401_kawasaki_3.html
20170401_kawasaki_4,2017-04-01,kawasaki,4,https://www.keiba.go.jp/KeibaWeb/TodayRaceInfo/RaceMarkTable?k_raceDate=2017%2F04%2F01&k_raceNo=4&k_babaCode=21,data/cache/html/20170401_kawasaki_4.html
20170401_kawasaki_5,2017-04-01,kawasaki,5,https://www.keiba.go.jp/KeibaWeb/TodayRaceInfo/RaceMarkTable?k_raceDate=2017%2F04%2F01&k_raceNo=5&k_babaCode=21,data/cache/html/20170401_kawasaki_5.html
20170401_kawasaki_6,2017-04-01,kawasaki,6,https://www.keiba.go.jp/KeibaWeb/TodayRaceInfo/RaceMarkTable?k_raceDate=2017%2F04%2F01&k_raceNo=6&k_babaCode=21,data/cache/html/20170401_kawasaki_6.html
20170401_kawasaki_7,2017-04-01,kawasaki,7,https://www.keiba.go.jp/KeibaWeb/TodayRaceInfo/RaceMarkTable?k_raceDate=2017%2F04%2F01&k_raceNo=7&k_babaCode=21,data/cache/html/20170401_kawasaki_7.html
20170401_kawasaki_8,2017-04-01,kawasaki,8,https://www.keiba.go.jp/KeibaWeb/TodayRaceInfo/RaceMarkTable?k_raceDate=2017%2F04%2F01&k_raceNo=8&k_babaCode=21,data/cache/html/20170401_kawasaki_8.html
20170401_kawasaki_9,2017-04-01,kawasaki,9,https://www.keiba.go.jp/KeibaWeb/TodayRaceInfo/RaceMarkTable?k_raceDate=2017%2F04%2F01&k_raceNo=9&k_babaCode=21,data/cache/html/20170401_kawasaki_9.html
20170401_kawasaki_10,2017-04-01,kawasaki,10,https://www.keiba.go.jp/KeibaWeb/TodayRaceInfo/RaceMarkTable?k_raceDate=2017%2F04%2F01&k_raceNo=10&k_babaCode=21,data/cache/html/20170401_kawasaki_10.html
20170401_kawasaki_11,2017-04-01,kawasaki,11,https://www.keiba.go.jp/KeibaWeb/TodayRaceInfo/RaceMarkTable?k_raceDate=2017%2F04%2F01&k_raceNo=11&k_babaCode=21,data/cache/html/20170401_kawasaki_11.html
20170401_kawasaki_12,2017-04-01,kawasaki,12,https://www.keiba.go.jp/KeibaWeb/TodayRaceInfo/RaceMarkTable?k_raceDate=2017%2F04%2F01&k_raceNo=12&k_babaCode=21,data/cache/html/20170401_kawasaki_12.html
20170331_kawasaki_1,2017-03-31,kawasaki,1,https://www.keiba.go.jp/KeibaWeb/TodayRaceInfo/RaceMarkTable?k_raceDate=2017%2F03%2F31&k_raceNo=1&k_babaCode=21,data/cache/html/20170331_kawasaki_1.html
20170331_kawasaki_2,2017-03-31,kawasaki,2,https://www.keiba.go.jp/KeibaWeb/TodayRaceInfo/RaceMarkTable?k_raceDate=2017%2F03%2F31&k_raceNo=2&k_babaCode=21,data/cache/html/20170331_kawasaki_2.html
20170331_kawasaki_3,2017-03-31,kawasaki,3,https://www.keiba.go.jp/KeibaWeb/TodayRaceInfo/RaceMarkTable?k_raceDate=2017%2F03%2F31&k_raceNo=3&k_babaCode=21,data/cache/html/20170331_kawasaki_3.html
20170331_kawasaki_4,2017-03-31,kawasaki,4,https://www.keiba.go.jp/KeibaWeb/TodayRaceInfo/RaceMarkTable?k_raceDate=2017%2F03%2F31&k_raceNo=4&k_babaCode=21,data/cache/html/20170331_kawasaki_4.html
20170331_kawasaki_5,2017-03-31,kawasaki,5,https://www.keiba.go.jp/KeibaWeb/TodayRaceInfo/RaceMarkTable?k_raceDate=2017%2F03%2F31&k_raceNo=5&k_babaCode=21,data/cache/html/20170331_kawasaki_5.html
20170331_kawasaki_6,2017-03-31,kawasaki,6,https://www.keiba.go.jp/KeibaWeb/TodayRaceInfo/RaceMarkTable?k_raceDate=2017%2F03%2F31&k_raceNo=6&k_babaCode=21,data/cache/html/20170331_kawasaki_6.html
20170331_kawasaki_7,2017-03-31,kawasaki,7,https://www.keiba.go.jp/KeibaWeb/TodayRaceInfo/RaceMarkTable?k_raceDate=2017%2F03%2F31&k_raceNo=7&k_babaCode=21,data/cache/html/20170331_kawasaki_7.html
20170331_kawasaki_8,2017-03-31,kawasaki,8,https://www.keiba.go.jp/KeibaWeb/TodayRaceInfo/RaceMarkTable?k_raceDate=2017%2F03%2F31&k_raceNo=8&k_babaCode=21,data/cache/html/20170331_kawasaki_8.html
20170331_kawasaki_9,2017-03-31,kawasaki,9,https://www.keiba.go.jp/KeibaWeb/TodayRaceInfo/RaceMarkTable?k_raceDate=2017%2F03%2F31&k_raceNo=9&k_babaCode=21,data/cache/html/20170331_kawasaki_9.html
20170331_kawasaki_10,2017-03-31,kawasaki,10,https://www.keiba.go.jp/KeibaWeb/TodayRaceInfo/RaceMarkTable?k_raceDate=2017%2F03%2F31&k_raceNo=10&k_babaCode=21,data/cache/html/20170331_kawasaki_10.html
20170331_kawasaki_11,2017-03-31,kawasaki,11,https://www.keiba.go.jp/KeibaWeb/TodayRaceInfo/RaceMarkTable?k_raceDate=2017%2F03%2F31&k_raceNo=11&k_babaCode=21,data/cache/html/20170331_kawasaki_11.html
20170331_kawasaki_12,2017-03-31,kawasaki,12,https://www.keiba.go.jp/KeibaWeb/TodayRaceInfo/RaceMarkTable?k_raceDate=2017%2F03%2F31&k_raceNo=12&k_babaCode=21,data/cache/html/20170331_kawasaki_12.html
20170330_kawasaki_1,2017-03-30,kawasaki,1,https://www.keiba.go.jp/KeibaWeb/TodayRaceInfo/RaceMarkTable?k_raceDate=2017%2F03%2F30&k_raceNo=1&k_babaCode=21,data/cache/html/20170330_kawasaki_1.html
20170330_kawasaki_2,2017-03-30,kawasaki,2,https://www.keiba.go.jp/KeibaWeb/TodayRaceInfo/RaceMarkTable?k_raceDate=2017%2F03%2F30&k_raceNo=2&k_babaCode=21,data/cache/html/20170330_kawasaki_2.html
20170330_kawasaki_3,2017-03-30,kawasaki,3,https://www.keiba.go.jp/KeibaWeb/TodayRaceInfo/RaceMarkTable?k_raceDate=2017%2F03%2F30&k_raceNo=3&k_babaCode=21,data/cache/html/20170330_kawasaki_3.html
20170330_kawasaki_4,2017-03-30,kawasaki,4,https://www.keiba.go.jp/KeibaWeb/TodayRaceInfo/RaceMarkTable?k_raceDate=2017%2F03%2F30&k_raceNo=4&k_babaCode=21,data/cache/html/20170330_kawasaki_4.html
20170330_kawasaki_5,2017-03-30,kawasaki,5,https://www.keiba.go.jp/KeibaWeb/TodayRaceInfo/RaceMarkTable?k_raceDate=2017%2F03%2F30&k_raceNo=5&k_babaCode=21,data/cache/html/20170330_kawasaki_5.html
20170330_kawasaki_6,2017-03-30,kawasaki,6,https://www.keiba.go.jp/KeibaWeb/TodayRaceInfo/RaceMarkTable?k_raceDate=2017%2F03%2F30&k_raceNo=6&k_babaCode=21,data/cache/html/20170330_kawasaki_6.html
20170330_kawasaki_7,2017-03-30,kawasaki,7,https://www.keiba.go.jp/KeibaWeb/TodayRaceInfo/RaceMarkTable?k_raceDate=2017%2F03%2F30&k_raceNo=7&k_babaCode=21,data/cache/html/20170330_kawasaki_7.html
20170330_kawasaki_8,2017-03-30,kawasaki,8,https://www.keiba.go.jp/KeibaWeb/TodayRaceInfo/RaceMarkTable?k_raceDate=2017%2F03%2F30&k_raceNo=8&k_babaCode=21,data/cache/html/20170330_kawasaki_8.html
20170330_kawasaki_9,2017-03-30,kawasaki,9,https://www.keiba.go.jp/KeibaWeb/TodayRaceInfo/RaceMarkTable?k_raceDate=2017%2F03%2F30&k_raceNo=9&k_babaCode=21,data/cache/html/20170330_kawasaki_9.html
20170330_kawasaki_10,2017-03-30,kawasaki,10,https://www.keiba.go.jp/KeibaWeb/TodayRaceInfo/RaceMarkTable?k_raceDate=2017%2F03%2F30&k_raceNo=10&k_babaCode=21,data/cache/html/20170330_kawasaki_10.html
20170330_kawasaki_11,2017-03-30,kawasaki,11,https://www.keiba.go.jp/KeibaWeb/TodayRaceInfo/RaceMarkTable?k_raceDate=2017%2F03%2F30&k_raceNo=11&k_babaCode=21,data/cache/html/20170330_kawasaki_11.html
20170330_kawasaki_12,2017-03-30,kawasaki,12,https://www.keiba.go.jp/KeibaWeb/TodayRaceInfo/RaceMarkTable?k_raceDate=2017%2F03%2F30&k_raceNo=12&k_babaCode=21,data/cache/html/20170330_kawasaki_12.html
20170329_kawasaki_1,2017-03-29,kawasaki,1,https://www.keiba.go.jp/KeibaWeb/TodayRaceInfo/RaceMarkTable?k_raceDate=2017%2F03%2F29&k_raceNo=1&k_babaCode=21,data/cache/html/20170329_kawasaki_1.html
20170329_kawasaki_2,2017-03-29,kawasaki,2,https://www.keiba.go.jp/KeibaWeb/TodayRaceInfo/RaceMarkTable?k_raceDate=2017%2F03%2F29&k_raceNo=2&k_babaCode=21,data/cache/html/20170329_kawasaki_2.html
20170329_kawasaki_3,2017-03-29,kawasaki,3,https://www.keiba.go.jp/KeibaWeb/TodayRaceInfo/RaceMarkTable?k_raceDate=2017%2F03%2F29&k_raceNo=3&k_babaCode=21,data/cache/html/20170329_kawasaki_3.html
20170329_kawasaki_4,2017-03-29,kawasaki,4,https://www.keiba.go.jp/KeibaWeb/TodayRaceInfo/RaceMarkTable?k_raceDate=2017%2F03%2F29&k_raceNo=4&k_babaCode=21,data/cache/html/20170329_kawasaki_4.html
20170329_kawasaki_5,2017-03-29,kawasaki,5,https://www.keiba.go.jp/KeibaWeb/TodayRaceInfo/RaceMarkTable?k_raceDate=2017%2F03%2F29&k_raceNo=5&k_babaCode=21,data/cache/html/20170329_kawasaki_5.html
20170329_kawasaki_6,2017-03-29,kawasaki,6,https://www.keiba.go.jp/KeibaWeb/TodayRaceInfo/RaceMarkTable?k_raceDate=2017%2F03%2F29&k_raceNo=6&k_babaCode=21,data/cache/html/20170329_kawasaki_6.html
20170329_kawasaki_7,2017-03-29,kawasaki,7,https://www.keiba.go.jp/KeibaWeb/TodayRaceInfo/RaceMarkTable?k_raceDate=2017%2F03%2F29&k_raceNo=7&k_babaCode=21,data/cache/html/20170329_kawasaki_7.html
20170329_kawasaki_8,2017-03-29,kawasaki,8,https://www.keiba.go.jp/KeibaWeb/TodayRaceInfo/RaceMarkTable?k_raceDate=2017%2F03%2F29&k_raceNo=8&k_babaCode=21,data/cache/html/20170329_kawasaki_8.html
20170329_kawasaki_9,2017-03-29,kawasaki,9,https://www.keiba.go.jp/KeibaWeb/TodayRaceInfo/RaceMarkTable?k_raceDate=2017%2F03%2F29&k_raceNo=9&k_babaCode=21,data/cache/html/20170329_kawasaki_9.html
20170329_kawasaki_10,2017-03-29,kawasaki,10,https://www.keiba.go.jp/KeibaWeb/TodayRaceInfo/RaceMarkTable?k_raceDate=2017%2F03%2F29&k_raceNo=10&k_babaCode=21,data/cache/html/20170329_kawasaki_10.html
20170329_kawasaki_11,2017-03-29,kawasaki,11,https://www.keiba.go.jp/KeibaWeb/TodayRaceInfo/RaceMarkTable?k_raceDate=2017%2F03%2F29&k_raceNo=11&k_babaCode=21,data/cache/html/20170329_kawasaki_11.html
20170329_kawasaki_12,2017-03-29,kawasaki,12,https://www.keiba.go.jp/KeibaWeb/TodayRaceInfo/RaceMarkTable?k_raceDate=2017%2F03%2F29&k_raceNo=12&k_babaCode=21,data/cache/html/20170329_kawasaki_12.html
20170328_kawasaki_1,2017-03-28,kawasaki,1,https://www.keiba.go.jp/KeibaWeb/TodayRaceInfo/RaceMarkTable?k_raceDate=2017%2F03%2F28&k_raceNo=1&k_babaCode=21,data/cache/html/20170328_kawasaki_1.html
20170328_kawasaki_2,2017-03-28,kawasaki,2,https://www.keiba.go.jp/KeibaWeb/TodayRaceInfo/RaceMarkTable?k_raceDate=2017%2F03%2F28&k_raceNo=2&k_babaCode=21,data/cache/html/20170328_kawasaki_2.html
20170328_kawasaki_3,2017-03-28,kawasaki,3,https://www.keiba.go.jp/KeibaWeb/TodayRaceInfo/RaceMarkTable?k_raceDate=2017%2F03%2F28&k_raceNo=3&k_babaCode=21,data/cache/html/20170328_kawasaki_3.html
20170328_kawasaki_4,2017-03-28,kawasaki,4,https://www.keiba.go.jp/KeibaWeb/TodayRaceInfo/RaceMarkTable?k_raceDate=2017%2F03%2F28&k_raceNo=4&k_babaCode=21,data/cache/html/20170328_kawasaki_4.html
20170328_kawasaki_5,2017-03-28,kawasaki,5,https://www.keiba.go.jp/KeibaWeb/TodayRaceInfo/RaceMarkTable?k_raceDate=2017%2F03%2F28&k_raceNo=5&k_babaCode=21,data/cache/html/20170328_kawasaki_5.html
20170328_kawasaki_6,2017-03-28,kawasaki,6,https://www.keiba.go.jp/KeibaWeb/TodayRaceInfo/RaceMarkTable?k_raceDate=2017%2F03%2F28&k_raceNo=6&k_babaCode=21,data/cache/html/20170328_kawasaki_6.html
20170328_kawasaki_7,2017-03-28,kawasaki,7,https://www.keiba.go.jp/KeibaWeb/TodayRaceInfo/RaceMarkTable?k_raceDate=2017%2F03%2F28&k_raceNo=7&k_babaCode=21,data/cache/html/20170328_kawasaki_7.html
20170328_kawasaki_8,2017-03-28,kawasaki,8,https://www.keiba.go.jp/KeibaWeb/TodayRaceInfo/RaceMarkTable?k_raceDate=2017%2F03%2F28&k_raceNo=8&k_babaCode=21,data/cache/html/20170328_kawasaki_8.html
20170328_kawasaki_9,2017-03-28,kawasaki,9,https://www.keiba.go.jp/KeibaWeb/TodayRaceInfo/RaceMarkTable?k_raceDate=2017%2F03%2F28&k_raceNo=9&k_babaCode=21,data/cache/html/20170328_kawasaki_9.html
20170328_kawasaki_10,2017-03-28,kawasaki,10,https://www.keiba.go.jp/KeibaWeb/TodayRaceInfo/RaceMarkTable?k_raceDate=2017%2F03%2F28&k_raceNo=10&k_babaCode=21,data/cache/html/20170328_kawasaki_10.html
20170328_kawasaki_11,2017-03-28,kawasaki,11,https://www.keiba.go.jp/KeibaWeb/TodayRaceInfo/RaceMarkTable?k_raceDate=2017%2F03%2F28&k_raceNo=11&k_babaCode=21,data/cache/html/20170328_kawasaki_11.html
20170328_kawasaki_12,2017-03-28,kawasaki,12,https://www.keiba.go.jp/KeibaWeb/TodayRaceInfo/RaceMarkTable?k_raceDate=2017%2F03%2F28&k_raceNo=12&k_babaCode=21,data/cache/html/20170328_kawasaki_12.html
20170327_kawasaki_1,2017-03-27,kawasaki,1,https://www.keiba.go.jp/KeibaWeb/TodayRaceInfo/RaceMarkTable?k_raceDate=2017%2F03%2F27&k_raceNo=1&k_babaCode=21,data/cache/html/20170327_kawasaki_1.html
20170327_kawasaki_2,2017-03-27,kawasaki,2,https://www.keiba.go.jp/KeibaWeb/TodayRaceInfo/RaceMarkTable?k_raceDate=2017%2F03%2F27&k_raceNo=2&k_babaCode=21,data/cache/html/20170327_kawasaki_2.html
20170327_kawasaki_3,2017-03-27,kawasaki,3,https://www.keiba.go.jp/KeibaWeb/TodayRaceInfo/RaceMarkTable?k_raceDate=2017%2F03%2F27&k_raceNo=3&k_babaCode=21,data/cache/html/20170327_kawasaki_3.html
20170327_kawasaki_4,2017-03-27,kawasaki,4,https://www.keiba.go.jp/KeibaWeb/TodayRaceInfo/RaceMarkTable?k_raceDate=2017%2F03%2F27&k_raceNo=4&k_babaCode=21,data/cache/html/20170327_kawasaki_4.html
20170327_kawasaki_5,2017-03-27,kawasaki,5,https://www.keiba.go.jp/KeibaWeb/TodayRaceInfo/RaceMarkTable?k_raceDate=2017%2F03%2F27&k_raceNo=5&k_babaCode=21,data/cache/html/20170327_kawasaki_5.html
20170327_kawasaki_6,2017-03-27,kawasaki,6,https://www.keiba.go.jp/KeibaWeb/TodayRaceInfo/RaceMarkTable?k_raceDate=2017%2F03%2F27&k_raceNo=6&k_babaCode=21,data/cache/html/20170327_kawasaki_6.html
20170327_kawasaki_7,2017-03-27,kawasaki,7,https://www.keiba.go.jp/KeibaWeb/TodayRaceInfo/RaceMarkTable?k_raceDate=2017%2F03%2F27&k_raceNo=7&k_babaCode=21,data/cache/html/20170327_kawasaki_7.html
20170327_kawasaki_8,2017-03-27,kawasaki,8,https://www.keiba.go.jp/KeibaWeb/TodayRaceInfo/RaceMarkTable?k_raceDate=2017%2F03%2F27&k_raceNo=8&k_babaCode=21,data/cache/html/20170327_kawasaki_8.html
20170327_kawasaki_9,2017-03-27,kawasaki,9,https://www.keiba.go.jp/KeibaWeb/TodayRaceInfo/RaceMarkTable?k_raceDate=2017%2F03%2F27&k_raceNo=9&k_babaCode=21,data/cache/html/20170327_kawasaki_9.html
20170327_kawasaki_10,2017-03-27,kawasaki,10,https://www.keiba.go.jp/KeibaWeb/TodayRaceInfo/RaceMarkTable?k_raceDate=2017%2F03%2F27&k_raceNo=10&k_babaCode=21,data/cache/html/20170327_kawasaki_10.html
20170327_kawasaki_11,2017-03-27,kawasaki,11,https://www.keiba.go.jp/KeibaWeb/TodayRaceInfo/RaceMarkTable?k_raceDate=2017%2F03%2F27&k_raceNo=11&k_babaCode=21,data/cache/html/20170327_kawasaki_11.html
20170327_kawasaki_12,2017-03-27,kawasaki,12,https://www.keiba.go.jp/KeibaWeb/TodayRaceInfo/RaceMarkTable?k_raceDate=2017%2F03%2F27&k_raceNo=12&k_babaCode=21,data/cache/html/20170327_kawasaki_12.html
20170326_kawasaki_1,2017-03-26,kawasaki,1,https://www.keiba.go.jp/KeibaWeb/TodayRaceInfo/RaceMarkTable?k_raceDate=2017%2F03%2F26&k_raceNo=1&k_babaCode=21,data/cache/html/20170326_kawasaki_1.html
20170326_kawasaki_2,2017-03-26,kawasaki,2,https://www.keiba.go.jp/KeibaWeb/TodayRaceInfo/RaceMarkTable?k_raceDate=2017%2F03%2F26&k_raceNo=2&k_babaCode=21,data/cache/html/20170326_kawasaki_2.html
20170326_kawasaki_3,2017-03-26,kawasaki,3,https://www.keiba.go.jp/KeibaWeb/TodayRaceInfo/RaceMarkTable?k_raceDate=2017%2F03%2F26&k_raceNo=3&k_babaCode=21,data/cache/html/20170326_kawasaki_3.html
20170326_kawasaki_4,2017-03-26,kawasaki,4,https://www.keiba.go.jp/KeibaWeb/TodayRaceInfo/RaceMarkTable?k_raceDate=2017%2F03%2F26&k_raceNo=4&k_babaCode=21,data/cache/html/20170326_kawasaki_4.html
20170326_kawasaki_5,2017-03-26,kawasaki,5,https://www.keiba.go.jp/KeibaWeb/TodayRaceInfo/RaceMarkTable?k_raceDate=2017%2F03%2F26&k_raceNo=5&k_babaCode=21,data/cache/html/20170326_kawasaki_5.html
20170326_kawasaki_6,2017-03-26,kawasaki,6,https://www.keiba.go.jp/KeibaWeb/TodayRaceInfo/RaceMarkTable?k_raceDate=2017%2F03%2F26&k_raceNo=6&k_babaCode=21,data/cache/html/20170326_kawasaki_6.html
20170326_kawasaki_7,2017-03-26,kawasaki,7,https://www.keiba.go.jp/KeibaWeb/TodayRaceInfo/RaceMarkTable?k_raceDate=2017%2F03%2F26&k_raceNo=7&k_babaCode=21,data/cache/html/20170326_kawasaki_7.html
20170326_kawasaki_8,2017-03-26,kawasaki,8,https://www.keiba.go.jp/KeibaWeb/TodayRaceInfo/RaceMarkTable?k_raceDate=2017%2F03%2F26&k_raceNo=8&k_babaCode=21,data/cache/html/20170326_kawasaki_8.html
20170326_kawasaki_9,2017-03-26,kawasaki,9,https://www.keiba.go.jp/KeibaWeb/TodayRaceInfo/RaceMarkTable?k_raceDate=2017%2F03%2F26&k_raceNo=9&k_babaCode=21,data/cache/html/20170326_kawasaki_9.html
20170326_kawasaki_10,2017-03-26,kawasaki,10,https://www.keiba.go.jp/KeibaWeb/TodayRaceInfo/RaceMarkTable?k_raceDate=2017%2F03%2F26&k_raceNo=10&k_babaCode=21,data/cache/html/20170326_kawasaki_10.html
20170326_kawasaki_11,2017-03-26,kawasaki,11,https://www.keiba.go.jp/KeibaWeb/TodayRaceInfo/RaceMarkTable?k_raceDate=2017%2F03%2F26&k_raceNo=11&k_babaCode=21,data/cache/html/20170326_kawasaki_11.html
20170326_kawasaki_12,2017-03-26,kawasaki,12,https://www.keiba.go.jp/KeibaWeb/TodayRaceInfo/RaceMarkTable?k_raceDate=2017%2F03%2F26&k_raceNo=12&k_babaCode=21,data/cache/html/20170326_kawasaki_12.html
20170325_kawasaki_1,2017-03-25,kawasaki,1,https://www.keiba.go.jp/KeibaWeb/TodayRaceInfo/RaceMarkTable?k_raceDate=2017%2F03%2F25&k_raceNo=1&k_babaCode=21,data/cache/html/20170325_kawasaki_1.html
20170325_kawasaki_2,2017-03-25,kawasaki,2,https://www.keiba.go.jp/KeibaWeb/TodayRaceInfo/RaceMarkTable?k_raceDate=2017%2F03%2F25&k_raceNo=2&k_babaCode=21,data/cache/html/20170325_kawasaki_2.html
20170325_kawasaki_3,2017-03-25,kawasaki,3,https://www.keiba.go.jp/KeibaWeb/TodayRaceInfo/RaceMarkTable?k_raceDate=2017%2F03%2F25&k_raceNo=3&k_babaCode=21,data/cache/html/20170325_kawasaki_3.html
20170325_kawasaki_4,2017-03-25,kawasaki,4,https://www.keiba.go.jp/KeibaWeb/TodayRaceInfo/RaceMarkTable?k_raceDate=2017%2F03%2F25&k_raceNo=4&k_babaCode=21,data/cache/html/20170325_kawasaki_4.html
20170325_kawasaki_5,2017-03-25,kawasaki,5,https://www.keiba.go.jp/KeibaWeb/TodayRaceInfo/RaceMarkTable?k_raceDate=2017%2F03%2F25&k_raceNo=5&k_babaCode=21,data/cache/html/20170325_kawasaki_5.html
20170325_kawasaki_6,2017-03-25,kawasaki,6,https://www.keiba.go.jp/KeibaWeb/TodayRaceInfo/RaceMarkTable?k_raceDate=2017%2F03%2F25&k_raceNo=6&k_babaCode=21,data/cache/html/20170325_kawasaki_6.html
20170325_kawasaki_7,2017-03-25,kawasaki,7,https://www.keiba.go.jp/KeibaWeb/TodayRaceInfo/RaceMarkTable?k_raceDate=2017%2F03%2F25&k_raceNo=7&k_babaCode=21,data/cache/html/20170325_kawasaki_7.html
20170325_kawasaki_8,2017-03-25,kawasaki,8,https://www.keiba.go.jp/KeibaWeb/TodayRaceInfo/RaceMarkTable?k_raceDate=2017%2F03%2F25&k_raceNo=8&k_babaCode=21,data/cache/html/20170325_kawasaki_8.html
20170325_kawasaki_9,2017-03-25,kawasaki,9,https://www.keiba.go.jp/KeibaWeb/TodayRaceInfo/RaceMarkTable?k_raceDate=2017%2F03%2F25&k_raceNo=9&k_babaCode=21,data/cache/html/20170325_kawasaki_9.html
20170325_kawasaki_10,2017-03-25,kawasaki,10,https://www.keiba.go.jp/KeibaWeb/TodayRaceInfo/RaceMarkTable?k_raceDate=2017%2F03%2F25&k_raceNo=10&k_babaCode=21,data/cache/html/20170325_kawasaki_10.html
20170325_kawasaki_11,2017-03-25,kawasaki,11,https://www.keiba.go.jp/KeibaWeb/TodayRaceInfo/RaceMarkTable?k_raceDate=2017%2F03%2F25&k_raceNo=11&k_babaCode=21,data/cache/html/20170325_kawasaki_11.html
20170325_kawasaki_12,2017-03-25,kawasaki,12,https://www.keiba.go.jp/KeibaWeb/TodayRaceInfo/RaceMarkTable?k_raceDate=2017%2F03%2F25&k_raceNo=12&k_babaCode=21,data/cache/html/20170325_kawasaki_12.html
20170324_kawasaki_1,2017-03-24,kawasaki,1,https://www.keiba.go.jp/KeibaWeb/TodayRaceInfo/RaceMarkTable?k_raceDate=2017%2F03%2F24&k_raceNo=1&k_babaCode=21,data/cache/html/20170324_kawasaki_1.html
20170324_kawasaki_2,2017-03-24,kawasaki,2,https://www.keiba.go.jp/KeibaWeb/TodayRaceInfo/RaceMarkTable?k_raceDate=2017%2F03%2F24&k_raceNo=2&k_babaCode=21,data/cache/html/20170324_kawasaki_2.html
20170324_kawasaki_3,2017-03-24,kawasaki,3,https://www.keiba.go.jp/KeibaWeb/TodayRaceInfo/RaceMarkTable?k_raceDate=2017%2F03%2F24&k_raceNo=3&k_babaCode=21,data/cache/html/20170324_kawasaki_3.html
20170324_kawasaki_4,2017-03-24,kawasaki,4,https://www.keiba.go.jp/KeibaWeb/TodayRaceInfo/RaceMarkTable?k_raceDate=2017%2F03%2F24&k_raceNo=4&k_babaCode=21,data/cache/html/20170324_kawasaki_4.html
20170324_kawasaki_5,2017-03-24,kawasaki,5,https://www.keiba.go.jp/KeibaWeb/TodayRaceInfo/RaceMarkTable?k_raceDate=2017%2F03%2F24&k_raceNo=5&k_babaCode=21,data/cache/html/20170324_kawasaki_5.html
20170324_kawasaki_6,2017-03-24,kawasaki,6,https://www.keiba.go.jp/KeibaWeb/TodayRaceInfo/RaceMarkTable?k_raceDate=2017%2F03%2F24&k_raceNo=6&k_babaCode=21,data/cache/html/20170324_kawasaki_6.html
20170324_kawasaki_7,2017-03-24,kawasaki,7,https://www.keiba.go.jp/KeibaWeb/TodayRaceInfo/RaceMarkTable?k_raceDate=2017%2F03%2F24&k_raceNo=7&k_babaCode=21,data/cache/html/20170324_kawasaki_7.html
20170324_kawasaki_8,2017-03-24,kawasaki,8,https://www.keiba.go.jp/KeibaWeb/TodayRaceInfo/RaceMarkTable?k_raceDate=2017%2F03%2F24&k_raceNo=8&k_babaCode=21,data/cache/html/20170324_kawasaki_8.html
20170324_kawasaki_9,2017-03-24,kawasaki,9,https://www.keiba.go.jp/KeibaWeb/TodayRaceInfo/RaceMarkTable?k_raceDate=2017%2F03%2F24&k_raceNo=9&k_babaCode=21,data/cache/html/20170324_kawasaki_9.html
20170324_kawasaki_10,2017-03-24,kawasaki,10,https://www.keiba.go.jp/KeibaWeb/TodayRaceInfo/RaceMarkTable?k_raceDate=2017%2F03%2F24&k_raceNo=10&k_babaCode=21,data/cache/html/20170324_kawasaki_10.html
20170324_kawasaki_11,2017-03-24,kawasaki,11,https://www.keiba.go.jp/KeibaWeb/TodayRaceInfo/RaceMarkTable?k_raceDate=2017%2F03%2F24&k_raceNo=11&k_babaCode=21,data/cache/html/20170324_kawasaki_11.html
20170324_kawasaki_12,2017-03-24,kawasaki,12,https://www.keiba.go.jp/KeibaWeb/TodayRaceInfo/RaceMarkTable?k_raceDate=2017%2F03%2F24&k_raceNo=12&k_babaCode=21,data/cache/html/20170324_kawasaki_12.html
20170323_kawasaki_1,2017-03-23,kawasaki,1,https://www.keiba.go.jp/KeibaWeb/TodayRaceInfo/RaceMarkTable?k_raceDate=2017%2F03%2F23&k_raceNo=1&k_babaCode=21,data/cache/html/20170323_kawasaki_1.html
20170323_kawasaki_2,2017-03-23,kawasaki,2,https://www.keiba.go.jp/KeibaWeb/TodayRaceInfo/RaceMarkTable?k_raceDate=2017%2F03%2F23&k_raceNo=2&k_babaCode=21,data/cache/html/20170323_kawasaki_2.html
20170323_kawasaki_3,2017-03-23,kawasaki,3,https://www.keiba.go.jp/KeibaWeb/TodayRaceInfo/RaceMarkTable?k_raceDate=2017%2F03%2F23&k_raceNo=3&k_babaCode=21,data/cache/html/20170323_kawasaki_3.html
20170323_kawasaki_4,2017-03-23,kawasaki,4,https://www.keiba.go.jp/KeibaWeb/TodayRaceInfo/RaceMarkTable?k_raceDate=2017%2F03%2F23&k_raceNo=4&k_babaCode=21,data/cache/html/20170323_kawasaki_4.html
20170323_kawasaki_5,2017-03-23,kawasaki,5,https://www.keiba.go.jp/KeibaWeb/TodayRaceInfo/RaceMarkTable?k_raceDate=2017%2F03%2F23&k_raceNo=5&k_babaCode=21,data/cache/html/20170323_kawasaki_5.html
20170323_kawasaki_6,2017-03-23,kawasaki,6,https://www.keiba.go.jp/KeibaWeb/TodayRaceInfo/RaceMarkTable?k_raceDate=2017%2F03%2F23&k_raceNo=6&k_babaCode=21,data/cache/html/20170323_kawasaki_6.html
20170323_kawasaki_7,2017-03-23,kawasaki,7,https://www.keiba.go.jp/KeibaWeb/TodayRaceInfo/RaceMarkTable?k_raceDate=2017%2F03%2F23&k_raceNo=7&k_babaCode=21,data/cache/html/20170323_kawasaki_7.html
20170323_kawasaki_8,2017-03-23,kawasaki,8,https://www.keiba.go.jp/KeibaWeb/TodayRaceInfo/RaceMarkTable?k_raceDate=2017%2F03%2F23&k_raceNo=8&k_babaCode=21,data/cache/html/20170323_kawasaki_8.html
20170323_kawasaki_9,2017-03-23,kawasaki,9,https://www.keiba.go.jp/KeibaWeb/TodayRaceInfo/RaceMarkTable?k_raceDate=2017%2F03%2F23&k_raceNo=9&k_babaCode=21,data/cache/html/20170323_kawasaki_9.html
20170323_kawasaki_10,2017-03-23,kawasaki,10,https://www.keiba.go.jp/KeibaWeb/TodayRaceInfo/RaceMarkTable?k_raceDate=2017%2F03%2F23&k_raceNo=10&k_babaCode=21,data/cache/html/20170323_kawasaki_10.html
20170323_kawasaki_11,2017-03-23,kawasaki,11,https://www.keiba.go.jp/KeibaWeb/TodayRaceInfo/RaceMarkTable?k_raceDate=2017%2F03%2F23&k_raceNo=11&k_babaCode=21,data/cache/html/20170323_kawasaki_11.html
20170323_kawasaki_12,2017-03-23,kawasaki,12,https://www.keiba.go.jp/KeibaWeb/TodayRaceInfo/RaceMarkTable?k_raceDate=2017%2F03%2F23&k_raceNo=12&k_babaCode=21,data/cache/html/20170323_kawasaki_12.html
20170322_kawasaki_1,2017-03-22,kawasaki,1,https://www.keiba.go.jp/KeibaWeb/TodayRaceInfo/RaceMarkTable?k_raceDate=2017%2F03%2F22&k_raceNo=1&k_babaCode=21,data/cache/html/20170322_kawasaki_1.html
20170322_kawasaki_2,2017-03-22,kawasaki,2,https://www.keiba.go.jp/KeibaWeb/TodayRaceInfo/RaceMarkTable?k_raceDate=2017%2F03%2F22&k_raceNo=2&k_babaCode=21,data/cache/html/20170322_kawasaki_2.html
20170322_kawasaki_3,2017-03-22,kawasaki,3,https://www.keiba.go.jp/KeibaWeb/TodayRaceInfo/RaceMarkTable?k_raceDate=2017%2F03%2F22&k_raceNo=3&k_babaCode=21,data/cache/html/20170322_kawasaki_3.html
20170322_kawasaki_4,2017-03-22,kawasaki,4,https://www.keiba.go.jp/KeibaWeb/TodayRaceInfo/RaceMarkTable?k_raceDate=2017%2F03%2F22&k_raceNo=4&k_babaCode=21,data/cache/html/20170322_kawasaki_4.html
20170322_kawasaki_5,2017-03-22,kawasaki,5,https://www.keiba.go.jp/KeibaWeb/TodayRaceInfo/RaceMarkTable?k_raceDate=2017%2F03%2F22&k_raceNo=5&k_babaCode=21,data/cache/html/20170322_kawasaki_5.html
20170322_kawasaki_6,2017-03-22,kawasaki,6,https://www.keiba.go.jp/KeibaWeb/TodayRaceInfo/RaceMarkTable?k_raceDate=2017%2F03%2F22&k_raceNo=6&k_babaCode=21,data/cache/html/20170322_kawasaki_6.html
20170322_kawasaki_7,2017-03-22,kawasaki,7,https://www.keiba.go.jp/KeibaWeb/TodayRaceInfo/RaceMarkTable?k_raceDate=2017%2F03%2F22&k_raceNo=7&k_babaCode=21,data/cache/html/20170322_kawasaki_7.html
20170322_kawasaki_8,2017-03-22,kawasaki,8,https://www.keiba.go.jp/KeibaWeb/TodayRaceInfo/RaceMarkTable?k_raceDate=2017%2F03%2F22&k_raceNo=8&k_babaCode=21,data/cache/html/20170322_kawasaki_8.html
20170322_kawasaki_9,2017-03-22,kawasaki,9,https://www.keiba.go.jp/KeibaWeb/TodayRaceInfo/RaceMarkTable?k_raceDate=2017%2F03%2F22&k_raceNo=9&k_babaCode=21,data/cache/html/20170322_kawasaki_9.html
20170322_kawasaki_10,2017-03-22,kawasaki,10,https://www.keiba.go.jp/KeibaWeb/TodayRaceInfo/RaceMarkTable?k_raceDate=2017%2F03%2F22&k_raceNo=10&k_babaCode=21,data/cache/html/20170322_kawasaki_10.html
20170322_kawasaki_11,2017-03-22,kawasaki,11,https://www.keiba.go.jp/KeibaWeb/TodayRaceInfo/RaceMarkTable?k_raceDate=2017%2F03%2F22&k_raceNo=11&k_babaCode=21,data/cache/html/20170322_kawasaki_11.html
20170322_kawasaki_12,2017-03-22,kawasaki,12,https://www.keiba.go.jp/KeibaWeb/TodayRaceInfo/RaceMarkTable?k_raceDate=2017%2F03%2F22&k_raceNo=12&k_babaCode=21,data/cache/html/20170322_kawasaki_12.html
20170321_kawasaki_1,2017-03-21,kawasaki,1,https://www.keiba.go.jp/KeibaWeb/TodayRaceInfo/RaceMarkTable?k_raceDate=2017%2F03%2F21&k_raceNo=1&k_babaCode=21,data/cache/html/20170321_kawasaki_1.html
20170321_kawasaki_2,2017-03-21,kawasaki,2,https://www.keiba.go.jp/KeibaWeb/TodayRaceInfo/RaceMarkTable?k_raceDate=2017%2F03%2F21&k_raceNo=2&k_babaCode=21,data/cache/html/20170321_kawasaki_2.html
20170321_kawasaki_3,2017-03-21,kawasaki,3,https://www.keiba.go.jp/KeibaWeb/TodayRaceInfo/RaceMarkTable?k_raceDate=2017%2F03%2F21&k_raceNo=3&k_babaCode=21,data/cache/html/20170321_kawasaki_3.html
20170321_kawasaki_4,2017-03-21,kawasaki,4,https://www.keiba.go.jp/KeibaWeb/TodayRaceInfo/RaceMarkTable?k_raceDate=2017%2F03%2F21&k_raceNo=4&k_babaCode=21,data/cache/html/20170321_kawasaki_4.html
20170321_kawasaki_5,2017-03-21,kawasaki,5,https://www.keiba.go.jp/KeibaWeb/TodayRaceInfo/RaceMarkTable?k_raceDate=2017%2F03%2F21&k_raceNo=5&k_babaCode=21,data/cache/html/20170321_kawasaki_5.html
20170321_kawasaki_6,2017-03-21,kawasaki,6,https://www.keiba.go.jp/KeibaWeb/TodayRaceInfo/RaceMarkTable?k_raceDate=2017%2F03%2F21&k_raceNo=6&k_babaCode=21,data/cache/html/20170321_kawasaki_6.html
20170321_kawasaki_7,2017-03-21,kawasaki,7,https://www.keiba.go.jp/KeibaWeb/TodayRaceInfo/RaceMarkTable?k_raceDate=2017%2F03%2F21&k_raceNo=7&k_babaCode=21,data/cache/html/20170321_kawasaki_7.html
20170321_kawasaki_8,2017-03-21,kawasaki,8,https://www.keiba.go.jp/KeibaWeb/TodayRaceInfo/RaceMarkTable?k_raceDate=2017%2F03%2F21&k_raceNo=8&k_babaCode=21,data/cache/html/20170321_kawasaki_8.html
20170321_kawasaki_9,2017-03-21,kawasaki,9,https://www.keiba.go.jp/KeibaWeb/TodayRaceInfo/RaceMarkTable?k_raceDate=2017%2F03%2F21&k_raceNo=9&k_babaCode=21,data/cache/html/20170321_kawasaki_9.html
20170321_kawasaki_10,2017-03-21,kawasaki,10,https://www.keiba.go.jp/KeibaWeb/TodayRaceInfo/RaceMarkTable?k_raceDate=2017%2F03%2F21&k_raceNo=10&k_babaCode=21,data/cache/html/20170321_kawasaki_10.html
20170321_kawasaki_11,2017-03-21,kawasaki,11,https://www.keiba.go.jp/KeibaWeb/TodayRaceInfo/RaceMarkTable?k_raceDate=2017%2F03%2F21&k_raceNo=11&k_babaCode=21,data/cache/html/20170321_kawasaki_11.html
20170321_kawasaki_12,2017-03-21,kawasaki,12,https://www.keiba.go.jp/KeibaWeb/TodayRaceInfo/RaceMarkTable?k_raceDate=2017%2F03%2F21&k_raceNo=12&k_babaCode=21,data/cache/html/20170321_kawasaki_12.html
20170320_kawasaki_1,2017-03-20,kawasaki,1,https://www.keiba.go.jp/KeibaWeb/TodayRaceInfo/RaceMarkTable?k_raceDate=2017%2F03%2F20&k_raceNo=1&k_babaCode=21,data/cache/html/20170320_kawasaki_1.html
20170320_kawasaki_2,2017-03-20,kawasaki,2,https://www.keiba.go.jp/KeibaWeb/TodayRaceInfo/RaceMarkTable?k_raceDate=2017%2F03%2F20&k_raceNo=2&k_babaCode=21,data/cache/html/20170320_kawasaki_2.html
20170320_kawasaki_3,2017-03-20,kawasaki,3,https://www.keiba.go.jp/KeibaWeb/TodayRaceInfo/RaceMarkTable?k_raceDate=2017%2F03%2F20&k_raceNo=3&k_babaCode=21,data/cache/html/20170320_kawasaki_3.html
20170320_kawasaki_4,2017-03-20,kawasaki,4,https://www.keiba.go.jp/KeibaWeb/TodayRaceInfo/RaceMarkTable?k_raceDate=2017%2F03%2F20&k_raceNo=4&k_babaCode=21,data/cache/html/20170320_kawasaki_4.html
20170320_kawasaki_5,2017-03-20,kawasaki,5,https://www.keiba.go.jp/KeibaWeb/TodayRaceInfo/RaceMarkTable?k_raceDate=2017%2F03%2F20&k_raceNo=5&k_babaCode=21,data/cache/html/20170320_kawasaki_5.html
20170320_kawasaki_6,2017-03-20,kawasaki,6,https://www.keiba.go.jp/KeibaWeb/TodayRaceInfo/RaceMarkTable?k_raceDate=2017%2F03%2F20&k_raceNo=6&k_babaCode=21,data/cache/html/20170320_kawasaki_6.html
20170320_kawasaki_7,2017-03-20,kawasaki,7,https://www.keiba.go.jp/KeibaWeb/TodayRaceInfo/RaceMarkTable?k_raceDate=2017%2F03%2F20&k_raceNo=7&k_babaCode=21,data/cache/html/20170320_kawasaki_7.html
20170320_kawasaki_8,2017-03-20,kawasaki,8,https://www.keiba.go.jp/KeibaWeb/TodayRaceInfo/RaceMarkTable?k_raceDate=2017%2F03%2F20&k_raceNo=8&k_babaCode=21,data/cache/html/20170320_kawasaki_8.html
20170320_kawasaki_9,2017-03-20,kawasaki,9,https://www.keiba.go.jp/KeibaWeb/TodayRaceInfo/RaceMarkTable?k_raceDate=2017%2F03%2F20&k_raceNo=9&k_babaCode=21,data/cache/html/20170320_kawasaki_9.html
20170320_kawasaki_10,2017-03-20,kawasaki,10,https://www.keiba.go.jp/KeibaWeb/TodayRaceInfo/RaceMarkTable?k_raceDate=2017%2F03%2F20&k_raceNo=10&k_babaCode=21,data/cache/html/20170320_kawasaki_10.html
20170320_kawasaki_11,2017-03-20,kawasaki,11,https://www.keiba.go.jp/KeibaWeb/TodayRaceInfo/RaceMarkTable?k_raceDate=2017%2F03%2F20&k_raceNo=11&k_babaCode=21,data/cache/html/20170320_kawasaki_11.html
20170320_kawasaki_12,2017-03-20,kawasaki,12,https://www.keiba.go.jp/KeibaWeb/TodayRaceInfo/RaceMarkTable?k_raceDate=2017%2F03%2F20&k_raceNo=12&k_babaCode=21,data/cache/html/20170320_kawasaki_12.html
20170319_kawasaki_1,2017-03-19,kawasaki,1,https://www.keiba.go.jp/KeibaWeb/TodayRaceInfo/RaceMarkTable?k_raceDate=2017%2F03%2F19&k_raceNo=1&k_babaCode=21,data/cache/html/20170319_kawasaki_1.html
20170319_kawasaki_2,2017-03-19,kawasaki,2,https://www.keiba.go.jp/KeibaWeb/TodayRaceInfo/RaceMarkTable?k_raceDate=2017%2F03%2F19&k_raceNo=2&k_babaCode=21,data/cache/html/20170319_kawasaki_2.html
20170319_kawasaki_3,2017-03-19,kawasaki,3,https://www.keiba.go.jp/KeibaWeb/TodayRaceInfo/RaceMarkTable?k_raceDate=2017%2F03%2F19&k_raceNo=3&k_babaCode=21,data/cache/html/20170319_kawasaki_3.html
20170319_kawasaki_4,2017-03-19,kawasaki,4,https://www.keiba.go.jp/KeibaWeb/TodayRaceInfo/RaceMarkTable?k_raceDate=2017%2F03%2F19&k_raceNo=4&k_babaCode=21,data/cache/html/20170319_kawasaki_4.html
20170319_kawasaki_5,2017-03-19,kawasaki,5,https://www.keiba.go.jp/KeibaWeb/TodayRaceInfo/RaceMarkTable?k_raceDate=2017%2F03%2F19&k_raceNo=5&k_babaCode=21,data/cache/html/20170319_kawasaki_5.html
20170319_kawasaki_6,2017-03-19,kawasaki,6,https://www.keiba.go.jp/KeibaWeb/TodayRaceInfo/RaceMarkTable?k_raceDate=2017%2F03%2F19&k_raceNo=6&k_babaCode=21,data/cache/html/20170319_kawasaki_6.html
20170319_kawasaki_7,2017-03-19,kawasaki,7,https://www.keiba.go.jp/KeibaWeb/TodayRaceInfo/RaceMarkTable?k_raceDate=2017%2F03%2F19&k_raceNo=7&k_babaCode=21,data/cache/html/20170319_kawasaki_7.html
20170319_kawasaki_8,2017-03-19,kawasaki,8,https://www.keiba.go.jp/KeibaWeb/TodayRaceInfo/RaceMarkTable?k_raceDate=2017%2F03%2F19&k_raceNo=8&k_babaCode=21,data/cache/html/20170319_kawasaki_8.html
20170319_kawasaki_9,2017-03-19,kawasaki,9,https://www.keiba.go.jp/KeibaWeb/TodayRaceInfo/RaceMarkTable?k_raceDate=2017%2F03%2F19&k_raceNo=9&k_babaCode=21,data/cache/html/20170319_kawasaki_9.html
20170319_kawasaki_10,2017-03-19,kawasaki,10,https://www.keiba.go.jp/KeibaWeb/TodayRaceInfo/RaceMarkTable?k_raceDate=2017%2F03%2F19&k_raceNo=10&k_babaCode=21,data/cache/html/20170319_kawasaki_10.html
20170319_kawasaki_11,2017-03-19,kawasaki,11,https://www.keiba.go.jp/KeibaWeb/TodayRaceInfo/RaceMarkTable?k_raceDate=2017%2F03%2F19&k_raceNo=11&k_babaCode=21,data/cache/html/20170319_kawasaki_11.html
20170319_kawasaki_12,2017-03-19,kawasaki,12,https://www.keiba.go.jp/KeibaWeb/TodayRaceInfo/RaceMarkTable?k_raceDate=2017%2F03%2F19&k_raceNo=12&k_babaCode=21,data/cache/html/20170319_kawasaki_12.html
20170318_kawasaki_1,2017-03-18,kawasaki,1,https://www.keiba.go.jp/KeibaWeb/TodayRaceInfo/RaceMarkTable?k_raceDate=2017%2F03%2F18&k_raceNo=1&k_babaCode=21,data/cache/html/20170318_kawasaki_1.html
20170318_kawasaki_2,2017-03-18,kawasaki,2,https://www.keiba.go.jp/KeibaWeb/TodayRaceInfo/RaceMarkTable?k_raceDate=2017%2F03%2F18&k_raceNo=2&k_babaCode=21,data/cache/html/20170318_kawasaki_2.html
20170318_kawasaki_3,2017-03-18,kawasaki,3,https://www.keiba.go.jp/KeibaWeb/TodayRaceInfo/RaceMarkTable?k_raceDate=2017%2F03%2F18&k_raceNo=3&k_babaCode=21,data/cache/html/20170318_kawasaki_3.html
20170318_kawasaki_4,2017-03-18,kawasaki,4,https://www.keiba.go.jp/KeibaWeb/TodayRaceInfo/RaceMarkTable?k_raceDate=2017%2F03%2F18&k_raceNo=4&k_babaCode=21,data/cache/html/20170318_kawasaki_4.html
20170318_kawasaki_5,2017-03-18,kawasaki,5,https://www.keiba.go.jp/KeibaWeb/TodayRaceInfo/RaceMarkTable?k_raceDate=2017%2F03%2F18&k_raceNo=5&k_babaCode=21,data/cache/html/20170318_kawasaki_5.html
20170318_kawasaki_6,2017-03-18,kawasaki,6,https://www.keiba.go.jp/KeibaWeb/TodayRaceInfo/RaceMarkTable?k_raceDate=2017%2F03%2F18&k_raceNo=6&k_babaCode=21,data/cache/html/20170318_kawasaki_6.html
20170318_kawasaki_7,2017-03-18,kawasaki,7,https://www.keiba.go.jp/KeibaWeb/TodayRaceInfo/RaceMarkTable?k_raceDate=2017%2F03%2F18&k_raceNo=7&k_babaCode=21,data/cache/html/20170318_kawasaki_7.html
20170318_kawasaki_8,2017-03-18,kawasaki,8,https://www.keiba.go.jp/KeibaWeb/TodayRaceInfo/RaceMarkTable?k_raceDate=2017%2F03%2F18&k_raceNo=8&k_babaCode=21,data/cache/html/20170318_kawasaki_8.html
20170318_kawasaki_9,2017-03-18,kawasaki,9,https://www.keiba.go.jp/KeibaWeb/TodayRaceInfo/RaceMarkTable?k_raceDate=2017%2F03%2F18&k_raceNo=9&k_babaCode=21,data/cache/html/20170318_kawasaki_9.html
20170318_kawasaki_10,2017-03-18,kawasaki,10,https://www.keiba.go.jp/KeibaWeb/TodayRaceInfo/RaceMarkTable?k_raceDate=2017%2F03%2F18&k_raceNo=10&k_babaCode=21,data/cache/html/20170318_kawasaki_10.html
20170318_kawasaki_11,2017-03-18,kawasaki,11,https://www.keiba.go.jp/KeibaWeb/TodayRaceInfo/RaceMarkTable?k_raceDate=2017%2F03%2F18&k_raceNo=11&k_babaCode=21,data/cache/html/20170318_kawasaki_11.html
20170318_kawasaki_12,2017-03-18,kawasaki,12,https://www.keiba.go.jp/KeibaWeb/TodayRaceInfo/RaceMarkTable?k_raceDate=2017%2F03%2F18&k_raceNo=12&k_babaCode=21,data/cache/html/20170318_kawasaki_12.html
20170317_kawasaki_1,2017-03-17,kawasaki,1,https://www.keiba.go.jp/KeibaWeb/TodayRaceInfo/RaceMarkTable?k_raceDate=2017%2F03%2F17&k_raceNo=1&k_babaCode=21,data/cache/html/20170317_kawasaki_1.html
20170317_kawasaki_2,2017-03-17,kawasaki,2,https://www.keiba.go.jp/KeibaWeb/TodayRaceInfo/RaceMarkTable?k_raceDate=2017%2F03%2F17&k_raceNo=2&k_babaCode=21,data/cache/html/20170317_kawasaki_2.html
20170317_kawasaki_3,2017-03-17,kawasaki,3,https://www.keiba.go.jp/KeibaWeb/TodayRaceInfo/RaceMarkTable?k_raceDate=2017%2F03%2F17&k_raceNo=3&k_babaCode=21,data/cache/html/20170317_kawasaki_3.html
20170317_kawasaki_4,2017-03-17,kawasaki,4,https://www.keiba.go.jp/KeibaWeb/TodayRaceInfo/RaceMarkTable?k_raceDate=2017%2F03%2F17&k_raceNo=4&k_babaCode=21,data/cache/html/20170317_kawasaki_4.html
20170317_kawasaki_5,2017-03-17,kawasaki,5,https://www.keiba.go.jp/KeibaWeb/TodayRaceInfo/RaceMarkTable?k_raceDate=2017%2F03%2F17&k_raceNo=5&k_babaCode=21,data/cache/html/20170317_kawasaki_5.html
20170317_kawasaki_6,2017-03-17,kawasaki,6,https://www.keiba.go.jp/KeibaWeb/TodayRaceInfo/RaceMarkTable?k_raceDate=2017%2F03%2F17&k_raceNo=6&k_babaCode=21,data/cache/html/20170317_kawasaki_6.html
20170317_kawasaki_7,2017-03-17,kawasaki,7,https://www.keiba.go.jp/KeibaWeb/TodayRaceInfo/RaceMarkTable?k_raceDate=2017%2F03%2F17&k_raceNo=7&k_babaCode=21,data/cache/html/20170317_kawasaki_7.html
20170317_kawasaki_8,2017-03-17,kawasaki,8,https://www.keiba.go.jp/KeibaWeb/TodayRaceInfo/RaceMarkTable?k_raceDate=2017%2F03%2F17&k_raceNo=8&k_babaCode=21,data/cache/html/20170317_kawasaki_8.html
20170317_kawasaki_9,2017-03-17,kawasaki,9,https://www.keiba.go.jp/KeibaWeb/TodayRaceInfo/RaceMarkTable?k_raceDate=2017%2F03%2F17&k_raceNo=9&k_babaCode=21,data/cache/html/20170317_kawasaki_9.html
20170317_kawasaki_10,2017-03-17,kawasaki,10,https://www.keiba.go.jp/KeibaWeb/TodayRaceInfo/RaceMarkTable?k_raceDate=2017%2F03%2F17&k_raceNo=10&k_babaCode=21,data/cache/html/20170317_kawasaki_10.html
20170317_kawasaki_11,2017-03-17,kawasaki,11,https://www.keiba.go.jp/KeibaWeb/TodayRaceInfo/RaceMarkTable?k_raceDate=2017%2F03%2F17&k_raceNo=11&k_babaCode=21,data/cache/html/20170317_kawasaki_11.html
20170317_kawasaki_12,2017-03-17,kawasaki,12,https://www.keiba.go.jp/KeibaWeb/TodayRaceInfo/RaceMarkTable?k_raceDate=2017%2F03%2F17&k_raceNo=12&k_babaCode=21,data/cache/html/20170317_kawasaki_12.html
20170316_kawasaki_1,2017-03-16,kawasaki,1,https://www.keiba.go.jp/KeibaWeb/TodayRaceInfo/RaceMarkTable?k_raceDate=2017%2F03%2F16&k_raceNo=1&k_babaCode=21,data/cache/html/20170316_kawasaki_1.html
20170316_kawasaki_2,2017-03-16,kawasaki,2,https://www.keiba.go.jp/KeibaWeb/TodayRaceInfo/RaceMarkTable?k_raceDate=2017%2F03%2F16&k_raceNo=2&k_babaCode=21,data/cache/html/20170316_kawasaki_2.html
20170316_kawasaki_3,2017-03-16,kawasaki,3,https://www.keiba.go.jp/KeibaWeb/TodayRaceInfo/RaceMarkTable?k_raceDate=2017%2F03%2F16&k_raceNo=3&k_babaCode=21,data/cache/html/20170316_kawasaki_3.html
20170316_kawasaki_4,2017-03-16,kawasaki,4,https://www.keiba.go.jp/KeibaWeb/TodayRaceInfo/RaceMarkTable?k_raceDate=2017%2F03%2F16&k_raceNo=4&k_babaCode=21,data/cache/html/20170316_kawasaki_4.html
20170316_kawasaki_5,2017-03-16,kawasaki,5,https://www.keiba.go.jp/KeibaWeb/TodayRaceInfo/RaceMarkTable?k_raceDate=2017%2F03%2F16&k_raceNo=5&k_babaCode=21,data/cache/html/20170316_kawasaki_5.html
20170316_kawasaki_6,2017-03-16,kawasaki,6,https://www.keiba.go.jp/KeibaWeb/TodayRaceInfo/RaceMarkTable?k_raceDate=2017%2F03%2F16&k_raceNo=6&k_babaCode=21,data/cache/html/20170316_kawasaki_6.html
20170316_kawasaki_7,2017-03-16,kawasaki,7,https://www.keiba.go.jp/KeibaWeb/TodayRaceInfo/RaceMarkTable?k_raceDate=2017%2F03%2F16&k_raceNo=7&k_babaCode=21,data/cache/html/20170316_kawasaki_7.html
20170316_kawasaki_8,2017-03-16,kawasaki,8,https://www.keiba.go.jp/KeibaWeb/TodayRaceInfo/RaceMarkTable?k_raceDate=2017%2F03%2F16&k_raceNo=8&k_babaCode=21,data/cache/html/20170316_kawasaki_8.html
20170316_kawasaki_9,2017-03-16,kawasaki,9,https://www.keiba.go.jp/KeibaWeb/TodayRaceInfo/RaceMarkTable?k_raceDate=2017%2F03%2F16&k_raceNo=9&k_babaCode=21,data/cache/html/20170316_kawasaki_9.html
20170316_kawasaki_10,2017-03-16,kawasaki,10,https://www.keiba.go.jp/KeibaWeb/TodayRaceInfo/RaceMarkTable?k_raceDate=2017%2F03%2F16&k_raceNo=10&k_babaCode=21,data/cache/html/20170316_kawasaki_10.html
20170316_kawasaki_11,2017-03-16,kawasaki,11,https://www.keiba.go.jp/KeibaWeb/TodayRaceInfo/RaceMarkTable?k_raceDate=2017%2F03%2F16&k_raceNo=11&k_babaCode=21,data/cache/html/20170316_kawasaki_11.html
20170316_kawasaki_12,2017-03-16,kawasaki,12,https://www.keiba.go.jp/KeibaWeb/TodayRaceInfo/RaceMarkTable?k_raceDate=2017%2F03%2F16&k_raceNo=12&k_babaCode=21,data/cache/html/20170316_kawasaki_12.html
20170315_kawasaki_1,2017-03-15,kawasaki,1,https://www.keiba.go.jp/KeibaWeb/TodayRaceInfo/RaceMarkTable?k_raceDate=2017%2F03%2F15&k_raceNo=1&k_babaCode=21,data/cache/html/20170315_kawasaki_1.html
20170315_kawasaki_2,2017-03-15,kawasaki,2,https://www.keiba.go.jp/KeibaWeb/TodayRaceInfo/RaceMarkTable?k_raceDate=2017%2F03%2F15&k_raceNo=2&k_babaCode=21,data/cache/html/20170315_kawasaki_2.html
20170315_kawasaki_3,2017-03-15,kawasaki,3,https://www.keiba.go.jp/KeibaWeb/TodayRaceInfo/RaceMarkTable?k_raceDate=2017%2F03%2F15&k_raceNo=3&k_babaCode=21,data/cache/html/20170315_kawasaki_3.html
20170315_kawasaki_4,2017-03-15,kawasaki,4,https://www.keiba.go.jp/KeibaWeb/TodayRaceInfo/RaceMarkTable?k_raceDate=2017%2F03%2F15&k_raceNo=4&k_babaCode=21,data/cache/html/20170315_kawasaki_4.html
20170315_kawasaki_5,2017-03-15,kawasaki,5,https://www.keiba.go.jp/KeibaWeb/TodayRaceInfo/RaceMarkTable?k_raceDate=2017%2F03%2F15&k_raceNo=5&k_babaCode=21,data/cache/html/20170315_kawasaki_5.html
20170315_kawasaki_6,2017-03-15,kawasaki,6,https://www.keiba.go.jp/KeibaWeb/TodayRaceInfo/RaceMarkTable?k_raceDate=2017%2F03%2F15&k_raceNo=6&k_babaCode=21,data/cache/html/20170315_kawasaki_6.html
20170315_kawasaki_7,2017-03-15,kawasaki,7,https://www.keiba.go.jp/KeibaWeb/TodayRaceInfo/RaceMarkTable?k_raceDate=2017%2F03%2F15&k_raceNo=7&k_babaCode=21,data/cache/html/20170315_kawasaki_7.html
20170315_kawasaki_8,2017-03-15,kawasaki,8,https://www.keiba.go.jp/KeibaWeb/TodayRaceInfo/RaceMarkTable?k_raceDate=2017%2F03%2F15&k_raceNo=8&k_babaCode=21,data/cache/html/20170315_kawasaki_8.html
20170315_kawasaki_9,2017-03-15,kawasaki,9,https://www.keiba.go.jp/KeibaWeb/TodayRaceInfo/RaceMarkTable?k_raceDate=2017%2F03%2F15&k_raceNo=9&k_babaCode=21,data/cache/html/20170315_kawasaki_9.html
20170315_kawasaki_10,2017-03-15,kawasaki,10,https://www.keiba.go.jp/KeibaWeb/TodayRaceInfo/RaceMarkTable?k_raceDate=2017%2F03%2F15&k_raceNo=10&k_babaCode=21,data/cache/html/20170315_kawasaki_10.html
20170315_kawasaki_11,2017-03-15,kawasaki,11,https://www.keiba.go.jp/KeibaWeb/TodayRaceInfo/RaceMarkTable?k_raceDate=2017%2F03%2F15&k_raceNo=11&k_babaCode=21,data/cache/html/20170315_kawasaki_11.html
20170315_kawasaki_12,2017-03-15,kawasaki,12,https://www.keiba.go.jp/KeibaWeb/TodayRaceInfo/RaceMarkTable?k_raceDate=2017%2F03%2F15&k_raceNo=12&k_babaCode=21,data/cache/html/20170315_kawasaki_12.html
20170314_kawasaki_1,2017-03-14,kawasaki,1,https://www.keiba.go.jp/KeibaWeb/TodayRaceInfo/RaceMarkTable?k_raceDate=2017%2F03%2F14&k_raceNo=1&k_babaCode=21,data/cache/html/20170314_kawasaki_1.html
20170314_kawasaki_2,2017-03-14,kawasaki,2,https://www.keiba.go.jp/KeibaWeb/TodayRaceInfo/RaceMarkTable?k_raceDate=2017%2F03%2F14&k_raceNo=2&k_babaCode=21,data/cache/html/20170314_kawasaki_2.html
20170314_kawasaki_3,2017-03-14,kawasaki,3,https://www.keiba.go.jp/KeibaWeb/TodayRaceInfo/RaceMarkTable?k_raceDate=2017%2F03%2F14&k_raceNo=3&k_babaCode=21,data/cache/html/20170314_kawasaki_3.html
20170314_kawasaki_4,2017-03-14,kawasaki,4,https://www.keiba.go.jp/KeibaWeb/TodayRaceInfo/RaceMarkTable?k_raceDate=2017%2F03%2F14&k_raceNo=4&k_babaCode=21,data/cache/html/20170314_kawasaki_4.html
20170314_kawasaki_5,2017-03-14,kawasaki,5,https://www.keiba.go.jp/KeibaWeb/TodayRaceInfo/RaceMarkTable?k_raceDate=2017%2F03%2F14&k_raceNo=5&k_babaCode=21,data/cache/html/20170314_kawasaki_5.html
20170314_kawasaki_6,2017-03-14,kawasaki,6,https://www.keiba.go.jp/KeibaWeb/TodayRaceInfo/RaceMarkTable?k_raceDate=2017%2F03%2F14&k_raceNo=6&k_babaCode=21,data/cache/html/20170314_kawasaki_6.html
20170314_kawasaki_7,2017-03-14,kawasaki,7,https://www.keiba.go.jp/KeibaWeb/TodayRaceInfo/RaceMarkTable?k_raceDate=2017%2F03%2F14&k_raceNo=7&k_babaCode=21,data/cache/html/20170314_kawasaki_7.html
20170314_kawasaki_8,2017-03-14,kawasaki,8,https://www.keiba.go.jp/KeibaWeb/TodayRaceInfo/RaceMarkTable?k_raceDate=2017%2F03%2F14&k_raceNo=8&k_babaCode=21,data/cache/html/20170314_kawasaki_8.html
20170314_kawasaki_9,2017-03-14,kawasaki,9,https://www.keiba.go.jp/KeibaWeb/TodayRaceInfo/RaceMarkTable?k_raceDate=2017%2F03%2F14&k_raceNo=9&k_babaCode=21,data/cache/html/20170314_kawasaki_9.html
20170314_kawasaki_10,2017-03-14,kawasaki,10,https://www.keiba.go.jp/KeibaWeb/TodayRaceInfo/RaceMarkTable?k_raceDate=2017%2F03%2F14&k_raceNo=10&k_babaCode=21,data/cache/html/20170314_kawasaki_10.html
20170314_kawasaki_11,2017-03-14,kawasaki,11,https://www.keiba.go.jp/KeibaWeb/TodayRaceInfo/RaceMarkTable?k_raceDate=2017%2F03%2F14&k_raceNo=11&k_babaCode=21,data/cache/html/20170314_kawasaki_11.html
20170314_kawasaki_12,2017-03-14,kawasaki,12,https://www.keiba.go.jp/KeibaWeb/TodayRaceInfo/RaceMarkTable?k_raceDate=2017%2F03%2F14&k_raceNo=12&k_babaCode=21,data/cache/html/20170314_kawasaki_12.html
20170313_kawasaki_1,2017-03-13,kawasaki,1,https://www.keiba.go.jp/KeibaWeb/TodayRaceInfo/RaceMarkTable?k_raceDate=2017%2F03%2F13&k_raceNo=1&k_babaCode=21,data/cache/html/20170313_kawasaki_1.html
20170313_kawasaki_2,2017-03-13,kawasaki,2,https://www.keiba.go.jp/KeibaWeb/TodayRaceInfo/RaceMarkTable?k_raceDate=2017%2F03%2F13&k_raceNo=2&k_babaCode=21,data/cache/html/20170313_kawasaki_2.html
20170313_kawasaki_3,2017-03-13,kawasaki,3,https://www.keiba.go.jp/KeibaWeb/TodayRaceInfo/RaceMarkTable?k_raceDate=2017%2F03%2F13&k_raceNo=3&k_babaCode=21,data/cache/html/20170313_kawasaki_3.html
20170313_kawasaki_4,2017-03-13,kawasaki,4,https://www.keiba.go.jp/KeibaWeb/TodayRaceInfo/RaceMarkTable?k_raceDate=2017%2F03%2F13&k_raceNo=4&k_babaCode=21,data/cache/html/20170313_kawasaki_4.html
20170313_kawasaki_5,2017-03-13,kawasaki,5,https://www.keiba.go.jp/KeibaWeb/TodayRaceInfo/RaceMarkTable?k_raceDate=2017%2F03%2F13&k_raceNo=5&k_babaCode=21,data/cache/html/20170313_kawasaki_5.html
20170313_kawasaki_6,2017-03-13,kawasaki,6,https://www.keiba.go.jp/KeibaWeb/TodayRaceInfo/RaceMarkTable?k_raceDate=2017%2F03%2F13&k_raceNo=6&k_babaCode=21,data/cache/html/20170313_kawasaki_6.html
20170313_kawasaki_7,2017-03-13,kawasaki,7,https://www.keiba.go.jp/KeibaWeb/TodayRaceInfo/RaceMarkTable?k_raceDate=2017%2F03%2F13&k_raceNo=7&k_babaCode=21,data/cache/html/20170313_kawasaki_7.html
20170313_kawasaki_8,2017-03-13,kawasaki,8,https://www.keiba.go.jp/KeibaWeb/TodayRaceInfo/RaceMarkTable?k_raceDate=2017%2F03%2F13&k_raceNo=8&k_babaCode=21,data/cache/html/20170313_kawasaki_8.html
20170313_kawasaki_9,2017-03-13,kawasaki,9,https://www.keiba.go.jp/KeibaWeb/TodayRaceInfo/RaceMarkTable?k_raceDate=2017%2F03%2F13&k_raceNo=9&k_babaCode=21,data/cache/html/20170313_kawasaki_9.html
20170313_kawasaki_10,2017-03-13,kawasaki,10,https://www.keiba.go.jp/KeibaWeb/TodayRaceInfo/RaceMarkTable?k_raceDate=2017%2F03%2F13&k_raceNo=10&k_babaCode=21,data/cache/html/20170313_kawasaki_10.html
20170313_kawasaki_11,2017-03-13,kawasaki,11,https://www.keiba.go.jp/KeibaWeb/TodayRaceInfo/RaceMarkTable?k_raceDate=2017%2F03%2F13&k_raceNo=11&k_babaCode=21,data/cache/html/20170313_kawasaki_11.html
20170313_kawasaki_12,2017-03-13,kawasaki,12,https://www.keiba.go.jp/KeibaWeb/TodayRaceInfo/RaceMarkTable?k_raceDate=2017%2F03%2F13&k_raceNo=12&k_babaCode=21,data/cache/html/20170313_kawasaki_12.html
20170312_kawasaki_1,2017-03-12,kawasaki,1,https://www.keiba.go.jp/KeibaWeb/TodayRaceInfo/RaceMarkTable?k_raceDate=2017%2F03%2F12&k_raceNo=1&k_babaCode=21,data/cache/html/20170312_kawasaki_1.html
20170312_kawasaki_2,2017-03-12,kawasaki,2,https://www.keiba.go.jp/KeibaWeb/TodayRaceInfo/RaceMarkTable?k_raceDate=2017%2F03%2F12&k_raceNo=2&k_babaCode=21,data/cache/html/20170312_kawasaki_2.html
20170312_kawasaki_3,2017-03-12,kawasaki,3,https://www.keiba.go.jp/KeibaWeb/TodayRaceInfo/RaceMarkTable?k_raceDate=2017%2F03%2F12&k_raceNo=3&k_babaCode=21,data/cache/html/20170312_kawasaki_3.html
20170312_kawasaki_4,2017-03-12,kawasaki,4,https://www.keiba.go.jp/KeibaWeb/TodayRaceInfo/RaceMarkTable?k_raceDate=2017%2F03%2F12&k_raceNo=4&k_babaCode=21,data/cache/html/20170312_kawasaki_4.html
20170312_kawasaki_5,2017-03-12,kawasaki,5,https://www.keiba.go.jp/KeibaWeb/TodayRaceInfo/RaceMarkTable?k_raceDate=2017%2F03%2F12&k_raceNo=5&k_babaCode=21,data/cache/html/20170312_kawasaki_5.html
20170312_kawasaki_6,2017-03-12,kawasaki,6,https://www.keiba.go.jp/KeibaWeb/TodayRaceInfo/RaceMarkTable?k_raceDate=2017%2F03%2F12&k_raceNo=6&k_babaCode=21,data/cache/html/20170312_kawasaki_6.html
20170312_kawasaki_7,2017-03-12,kawasaki,7,https://www.keiba.go.jp/KeibaWeb/TodayRaceInfo/RaceMarkTable?k_raceDate=2017%2F03%2F12&k_raceNo=7&k_babaCode=21,data/cache/html/20170312_kawasaki_7.html
20170312_kawasaki_8,2017-03-12,kawasaki,8,https://www.keiba.go.jp/KeibaWeb/TodayRaceInfo/RaceMarkTable?k_raceDate=2017%2F03%2F12&k_raceNo=8&k_babaCode=21,data/cache/html/20170312_kawasaki_8.html
20170312_kawasaki_9,2017-03-12,kawasaki,9,https://www.keiba.go.jp/KeibaWeb/TodayRaceInfo/RaceMarkTable?k_raceDate=2017%2F03%2F12&k_raceNo=9&k_babaCode=21,data/cache/html/20170312_kawasaki_9.html
20170312_kawasaki_10,2017-03-12,kawasaki,10,https://www.keiba.go.jp/KeibaWeb/TodayRaceInfo/RaceMarkTable?k_raceDate=2017%2F03%2F12&k_raceNo=10&k_babaCode=21,data/cache/html/20170312_kawasaki_10.html
20170312_kawasaki_11,2017-03-12,kawasaki,11,https://www.keiba.go.jp/KeibaWeb/TodayRaceInfo/RaceMarkTable?k_raceDate=2017%2F03%2F12&k_raceNo=11&k_babaCode=21,data/cache/html/20170312_kawasaki_11.html
20170312_kawasaki_12,2017-03-12,kawasaki,12,https://www.keiba.go.jp/KeibaWeb/TodayRaceInfo/RaceMarkTable?k_raceDate=2017%2F03%2F12&k_raceNo=12&k_babaCode=21,data/cache/html/20170312_kawasaki_12.html
20170311_kawasaki_1,2017-03-11,kawasaki,1,https://www.keiba.go.jp/KeibaWeb/TodayRaceInfo/RaceMarkTable?k_raceDate=2017%2F03%2F11&k_raceNo=1&k_babaCode=21,data/cache/html/20170311_kawasaki_1.html
20170311_kawasaki_2,2017-03-11,kawasaki,2,https://www.keiba.go.jp/KeibaWeb/TodayRaceInfo/RaceMarkTable?k_raceDate=2017%2F03%2F11&k_raceNo=2&k_babaCode=21,data/cache/html/20170311_kawasaki_2.html
20170311_kawasaki_3,2017-03-11,kawasaki,3,https://www.keiba.go.jp/KeibaWeb/TodayRaceInfo/RaceMarkTable?k_raceDate=2017%2F03%2F11&k_raceNo=3&k_babaCode=21,data/cache/html/20170311_kawasaki_3.html
20170311_kawasaki_4,2017-03-11,kawasaki,4,https://www.keiba.go.jp/KeibaWeb/TodayRaceInfo/RaceMarkTable?k_raceDate=2017%2F03%2F11&k_raceNo=4&k_babaCode=21,data/cache/html/20170311_kawasaki_4.html
20170311_kawasaki_5,2017-03-11,kawasaki,5,https://www.keiba.go.jp/KeibaWeb/TodayRaceInfo/RaceMarkTable?k_raceDate=2017%2F03%2F11&k_raceNo=5&k_babaCode=21,data/cache/html/20170311_kawasaki_5.html
20170311_kawasaki_6,2017-03-11,kawasaki,6,https://www.keiba.go.jp/KeibaWeb/TodayRaceInfo/RaceMarkTable?k_raceDate=2017%2F03%2F11&k_raceNo=6&k_babaCode=21,data/cache/html/20170311_kawasaki_6.html
20170311_kawasaki_7,2017-03-11,kawasaki,7,https://www.keiba.go.jp/KeibaWeb/TodayRaceInfo/RaceMarkTable?k_raceDate=2017%2F03%2F11&k_raceNo=7&k_babaCode=21,data/cache/html/20170311_kawasaki_7.html
20170311_kawasaki_8,2017-03-11,kawasaki,8,https://www.keiba.go.jp/KeibaWeb/TodayRaceInfo/RaceMarkTable?k_raceDate=2017%2F03%2F11&k_raceNo=8&k_babaCode=21,data/cache/html/20170311_kawasaki_8.html
20170311_kawasaki_9,2017-03-11,kawasaki,9,https://www.keiba.go.jp/KeibaWeb/TodayRaceInfo/RaceMarkTable?k_raceDate=2017%2F03%2F11&k_raceNo=9&k_babaCode=21,data/cache/html/20170311_kawasaki_9.html
20170311_kawasaki_10,2017-03-11,kawasaki,10,https://www.keiba.go.jp/KeibaWeb/TodayRaceInfo/RaceMarkTable?k_raceDate=2017%2F03%2F11&k_raceNo=10&k_babaCode=21,data/cache/html/20170311_kawasaki_10.html
20170311_kawasaki_11,2017-03-11,kawasaki,11,https://www.keiba.go.jp/KeibaWeb/TodayRaceInfo/RaceMarkTable?k_raceDate=2017%2F03%2F11&k_raceNo=11&k_babaCode=21,data/cache/html/20170311_kawasaki_11.html
20170311_kawasaki_12,2017-03-11,kawasaki,12,https://www.keiba.go.jp/KeibaWeb/TodayRaceInfo/RaceMarkTable?k_raceDate=2017%2F03%2F11&k_raceNo=12&k_babaCode=21,data/cache/html/20170311_kawasaki_12.html
20170310_kawasaki_1,2017-03-10,kawasaki,1,https://www.keiba.go.jp/KeibaWeb/TodayRaceInfo/RaceMarkTable?k_raceDate=2017%2F03%2F10&k_raceNo=1&k_babaCode=21,data/cache/html/20170310_kawasaki_1.html
20170310_kawasaki_2,2017-03-10,kawasaki,2,https://www.keiba.go.jp/KeibaWeb/TodayRaceInfo/RaceMarkTable?k_raceDate=2017%2F03%2F10&k_raceNo=2&k_babaCode=21,data/cache/html/20170310_kawasaki_2.html
20170310_kawasaki_3,2017-03-10,kawasaki,3,https://www.keiba.go.jp/KeibaWeb/TodayRaceInfo/RaceMarkTable?k_raceDate=2017%2F03%2F10&k_raceNo=3&k_babaCode=21,data/cache/html/20170310_kawasaki_3.html
20170310_kawasaki_4,2017-03-10,kawasaki,4,https://www.keiba.go.jp/KeibaWeb/TodayRaceInfo/RaceMarkTable?k_raceDate=2017%2F03%2F10&k_raceNo=4&k_babaCode=21,data/cache/html/20170310_kawasaki_4.html
20170310_kawasaki_5,2017-03-10,kawasaki,5,https://www.keiba.go.jp/KeibaWeb/TodayRaceInfo/RaceMarkTable?k_raceDate=2017%2F03%2F10&k_raceNo=5&k_babaCode=21,data/cache/html/20170310_kawasaki_5.html
20170310_kawasaki_6,2017-03-10,kawasaki,6,https://www.keiba.go.jp/KeibaWeb/TodayRaceInfo/RaceMarkTable?k_raceDate=2017%2F03%2F10&k_raceNo=6&k_babaCode=21,data/cache/html/20170310_kawasaki_6.html
20170310_kawasaki_7,2017-03-10,kawasaki,7,https://www.keiba.go.jp/KeibaWeb/TodayRaceInfo/RaceMarkTable?k_raceDate=2017%2F03%2F10&k_raceNo=7&k_babaCode=21,data/cache/html/20170310_kawasaki_7.html
20170310_kawasaki_8,2017-03-10,kawasaki,8,https://www.keiba.go.jp/KeibaWeb/TodayRaceInfo/RaceMarkTable?k_raceDate=2017%2F03%2F10&k_raceNo=8&k_babaCode=21,data/cache/html/20170310_kawasaki_8.html
20170310_kawasaki_9,2017-03-10,kawasaki,9,https://www.keiba.go.jp/KeibaWeb/TodayRaceInfo/RaceMarkTable?k_raceDate=2017%2F03%2F10&k_raceNo=9&k_babaCode=21,data/cache/html/20170310_kawasaki_9.html
20170310_kawasaki_10,2017-03-10,kawasaki,10,https://www.keiba.go.jp/KeibaWeb/TodayRaceInfo/RaceMarkTable?k_raceDate=2017%2F03%2F10&k_raceNo=10&k_babaCode=21,data/cache/html/20170310_kawasaki_10.html
20170310_kawasaki_11,2017-03-10,kawasaki,11,https://www.keiba.go.jp/KeibaWeb/TodayRaceInfo/RaceMarkTable?k_raceDate=2017%2F03%2F10&k_raceNo=11&k_babaCode=21,data/cache/html/20170310_kawasaki_11.html
20170310_kawasaki_12,2017-03-10,kawasaki,12,https://www.keiba.go.jp/KeibaWeb/TodayRaceInfo/RaceMarkTable?k_raceDate=2017%2F03%2F10&k_raceNo=12&k_babaCode=21,data/cache/html/20170310_kawasaki_12.html
20170309_kawasaki_1,2017-03-09,kawasaki,1,https://www.keiba.go.jp/KeibaWeb/TodayRaceInfo/RaceMarkTable?k_raceDate=2017%2F03%2F09&k_raceNo=1&k_babaCode=21,data/cache/html/20170309_kawasaki_1.html
20170309_kawasaki_2,2017-03-09,kawasaki,2,https://www.keiba.go.jp/KeibaWeb/TodayRaceInfo/RaceMarkTable?k_raceDate=2017%2F03%2F09&k_raceNo=2&k_babaCode=21,data/cache/html/20170309_kawasaki_2.html
20170309_kawasaki_3,2017-03-09,kawasaki,3,https://www.keiba.go.jp/KeibaWeb/TodayRaceInfo/RaceMarkTable?k_raceDate=2017%2F03%2F09&k_raceNo=3&k_babaCode=21,data/cache/html/20170309_kawasaki_3.html
20170309_kawasaki_4,2017-03-09,kawasaki,4,https://www.keiba.go.jp/KeibaWeb/TodayRaceInfo/RaceMarkTable?k_raceDate=2017%2F03%2F09&k_raceNo=4&k_babaCode=21,data/cache/html/20170309_kawasaki_4.html
20170309_kawasaki_5,2017-03-09,kawasaki,5,https://www.keiba.go.jp/KeibaWeb/TodayRaceInfo/RaceMarkTable?k_raceDate=2017%2F03%2F09&k_raceNo=5&k_babaCode=21,data/cache/html/20170309_kawasaki_5.html
20170309_kawasaki_6,2017-03-09,kawasaki,6,https://www.keiba.go.jp/KeibaWeb/TodayRaceInfo/RaceMarkTable?k_raceDate=2017%2F03%2F09&k_raceNo=6&k_babaCode=21,data/cache/html/20170309_kawasaki_6.html
20170309_kawasaki_7,2017-03-09,kawasaki,7,https://www.keiba.go.jp/KeibaWeb/TodayRaceInfo/RaceMarkTable?k_raceDate=2017%2F03%2F09&k_raceNo=7&k_babaCode=21,data/cache/html/20170309_kawasaki_7.html
20170309_kawasaki_8,2017-03-09,kawasaki,8,https://www.keiba.go.jp/KeibaWeb/TodayRaceInfo/RaceMarkTable?k_raceDate=2017%2F03%2F09&k_raceNo=8&k_babaCode=21,data/cache/html/20170309_kawasaki_8.html
20170309_kawasaki_9,2017-03-09,kawasaki,9,https://www.keiba.go.jp/KeibaWeb/TodayRaceInfo/RaceMarkTable?k_raceDate=2017%2F03%2F09&k_raceNo=9&k_babaCode=21,data/cache/html/20170309_kawasaki_9.html
20170309_kawasaki_10,2017-03-09,kawasaki,10,https://www.keiba.go.jp/KeibaWeb/TodayRaceInfo/RaceMarkTable?k_raceDate=2017%2F03%2F09&k_raceNo=10&k_babaCode=21,data/cache/html/20170309_kawasaki_10.html
20170309_kawasaki_11,2017-03-09,kawasaki,11,https://www.keiba.go.jp/KeibaWeb/TodayRaceInfo/RaceMarkTable?k_raceDate=2017%2F03%2F09&k_raceNo=11&k_babaCode=21,data/cache/html/20170309_kawasaki_11.html
20170309_kawasaki_12,2017-03-09,kawasaki,12,https://www.keiba.go.jp/KeibaWeb/TodayRaceInfo/RaceMarkTable?k_raceDate=2017%2F03%2F09&k_raceNo=12&k_babaCode=21,data/cache/html/20170309_kawasaki_12.html
20170308_kawasaki_1,2017-03-08,kawasaki,1,https://www.keiba.go.jp/KeibaWeb/TodayRaceInfo/RaceMarkTable?k_raceDate=2017%2F03%2F08&k_raceNo=1&k_babaCode=21,data/cache/html/20170308_kawasaki_1.html
20170308_kawasaki_2,2017-03-08,kawasaki,2,https://www.keiba.go.jp/KeibaWeb/TodayRaceInfo/RaceMarkTable?k_raceDate=2017%2F03%2F08&k_raceNo=2&k_babaCode=21,data/cache/html/20170308_kawasaki_2.html
20170308_kawasaki_3,2017-03-08,kawasaki,3,https://www.keiba.go.jp/KeibaWeb/TodayRaceInfo/RaceMarkTable?k_raceDate=2017%2F03%2F08&k_raceNo=3&k_babaCode=21,data/cache/html/20170308_kawasaki_3.html
20170308_kawasaki_4,2017-03-08,kawasaki,4,https://www.keiba.go.jp/KeibaWeb/TodayRaceInfo/RaceMarkTable?k_raceDate=2017%2F03%2F08&k_raceNo=4&k_babaCode=21,data/cache/html/20170308_kawasaki_4.html
20170308_kawasaki_5,2017-03-08,kawasaki,5,https://www.keiba.go.jp/KeibaWeb/TodayRaceInfo/RaceMarkTable?k_raceDate=2017%2F03%2F08&k_raceNo=5&k_babaCode=21,data/cache/html/20170308_kawasaki_5.html
20170308_kawasaki_6,2017-03-08,kawasaki,6,https://www.keiba.go.jp/KeibaWeb/TodayRaceInfo/RaceMarkTable?k_raceDate=2017%2F03%2F08&k_raceNo=6&k_babaCode=21,data/cache/html/20170308_kawasaki_6.html
20170308_kawasaki_7,2017-03-08,kawasaki,7,https://www.keiba.go.jp/KeibaWeb/TodayRaceInfo/RaceMarkTable?k_raceDate=2017%2F03%2F08&k_raceNo=7&k_babaCode=21,data/cache/html/20170308_kawasaki_7.html
20170308_kawasaki_8,2017-03-08,kawasaki,8,https://www.keiba.go.jp/KeibaWeb/TodayRaceInfo/RaceMarkTable?k_raceDate=2017%2F03%2F08&k_raceNo=8&k_babaCode=21,data/cache/html/20170308_kawasaki_8.html
20170308_kawasaki_9,2017-03-08,kawasaki,9,https://www.keiba.go.jp/KeibaWeb/TodayRaceInfo/RaceMarkTable?k_raceDate=2017%2F03%2F08&k_raceNo=9&k_babaCode=21,data/cache/html/20170308_kawasaki_9.html
20170308_kawasaki_10,2017-03-08,kawasaki,10,https://www.keiba.go.jp/KeibaWeb/TodayRaceInfo/RaceMarkTable?k_raceDate=2017%2F03%2F08&k_raceNo=10&k_babaCode=21,data/cache/html/20170308_kawasaki_10.html
20170308_kawasaki_11,2017-03-08,kawasaki,11,https://www.keiba.go.jp/KeibaWeb/TodayRaceInfo/RaceMarkTable?k_raceDate=2017%2F03%2F08&k_raceNo=11&k_babaCode=21,data/cache/html/20170308_kawasaki_11.html
20170308_kawasaki_12,2017-03-08,kawasaki,12,https://www.keiba.go.jp/KeibaWeb/TodayRaceInfo/RaceMarkTable?k_raceDate=2017%2F03%2F08&k_raceNo=12&k_babaCode=21,data/cache/html/20170308_kawasaki_12.html
20170307_kawasaki_1,2017-03-07,kawasaki,1,https://www.keiba.go.jp/KeibaWeb/TodayRaceInfo/RaceMarkTable?k_raceDate=2017%2F03%2F07&k_raceNo=1&k_babaCode=21,data/cache/html/20170307_kawasaki_1.html
20170307_kawasaki_2,2017-03-07,kawasaki,2,https://www.keiba.go.jp/KeibaWeb/TodayRaceInfo/RaceMarkTable?k_raceDate=2017%2F03%2F07&k_raceNo=2&k_babaCode=21,data/cache/html/20170307_kawasaki_2.html
20170307_kawasaki_3,2017-03-07,kawasaki,3,https://www.keiba.go.jp/KeibaWeb/TodayRaceInfo/RaceMarkTable?k_raceDate=2017%2F03%2F07&k_raceNo=3&k_babaCode=21,data/cache/html/20170307_kawasaki_3.html
20170307_kawasaki_4,2017-03-07,kawasaki,4,https://www.keiba.go.jp/KeibaWeb/TodayRaceInfo/RaceMarkTable?k_raceDate=2017%2F03%2F07&k_raceNo=4&k_babaCode=21,data/cache/html/20170307_kawasaki_4.html
20170307_kawasaki_5,2017-03-07,kawasaki,5,https://www.keiba.go.jp/KeibaWeb/TodayRaceInfo/RaceMarkTable?k_raceDate=2017%2F03%2F07&k_raceNo=5&k_babaCode=21,data/cache/html/20170307_kawasaki_5.html
20170307_kawasaki_6,2017-03-07,kawasaki,6,https://www.keiba.go.jp/KeibaWeb/TodayRaceInfo/RaceMarkTable?k_raceDate=2017%2F03%2F07&k_raceNo=6&k_babaCode=21,data/cache/html/20170307_kawasaki_6.html
20170307_kawasaki_7,2017-03-07,kawasaki,7,https://www.keiba.go.jp/KeibaWeb/TodayRaceInfo/RaceMarkTable?k_raceDate=2017%2F03%2F07&k_raceNo=7&k_babaCode=21,data/cache/html/20170307_kawasaki_7.html
20170307_kawasaki_8,2017-03-07,kawasaki,8,https://www.keiba.go.jp/KeibaWeb/TodayRaceInfo/RaceMarkTable?k_raceDate=2017%2F03%2F07&k_raceNo=8&k_babaCode=21,data/cache/html/20170307_kawasaki_8.html
20170307_kawasaki_9,2017-03-07,kawasaki,9,https://www.keiba.go.jp/KeibaWeb/TodayRaceInfo/RaceMarkTable?k_raceDate=2017%2F03%2F07&k_raceNo=9&k_babaCode=21,data/cache/html/20170307_kawasaki_9.html
20170307_kawasaki_10,2017-03-07,kawasaki,10,https://www.keiba.go.jp/KeibaWeb/TodayRaceInfo/RaceMarkTable?k_raceDate=2017%2F03%2F07&k_raceNo=10&k_babaCode=21,data/cache/html/20170307_kawasaki_10.html
20170307_kawasaki_11,2017-03-07,kawasaki,11,https://www.keiba.go.jp/KeibaWeb/TodayRaceInfo/RaceMarkTable?k_raceDate=2017%2F03%2F07&k_raceNo=11&k_babaCode=21,data/cache/html/20170307_kawasaki_11.html
20170307_kawasaki_12,2017-03-07,kawasaki,12,https://www.keiba.go.jp/KeibaWeb/TodayRaceInfo/RaceMarkTable?k_raceDate=2017%2F03%2F07&k_raceNo=12&k_babaCode=21,data/cache/html/20170307_kawasaki_12.html
20170306_kawasaki_1,2017-03-06,kawasaki,1,https://www.keiba.go.jp/KeibaWeb/TodayRaceInfo/RaceMarkTable?k_raceDate=2017%2F03%2F06&k_raceNo=1&k_babaCode=21,data/cache/html/20170306_kawasaki_1.html
20170306_kawasaki_2,2017-03-06,kawasaki,2,https://www.keiba.go.jp/KeibaWeb/TodayRaceInfo/RaceMarkTable?k_raceDate=2017%2F03%2F06&k_raceNo=2&k_babaCode=21,data/cache/html/20170306_kawasaki_2.html
20170306_kawasaki_3,2017-03-06,kawasaki,3,https://www.keiba.go.jp/KeibaWeb/TodayRaceInfo/RaceMarkTable?k_raceDate=2017%2F03%2F06&k_raceNo=3&k_babaCode=21,data/cache/html/20170306_kawasaki_3.html
20170306_kawasaki_4,2017-03-06,kawasaki,4,https://www.keiba.go.jp/KeibaWeb/TodayRaceInfo/RaceMarkTable?k_raceDate=2017%2F03%2F06&k_raceNo=4&k_babaCode=21,data/cache/html/20170306_kawasaki_4.html
20170306_kawasaki_5,2017-03-06,kawasaki,5,https://www.keiba.go.jp/KeibaWeb/TodayRaceInfo/RaceMarkTable?k_raceDate=2017%2F03%2F06&k_raceNo=5&k_babaCode=21,data/cache/html/20170306_kawasaki_5.html
20170306_kawasaki_6,2017-03-06,kawasaki,6,https://www.keiba.go.jp/KeibaWeb/TodayRaceInfo/RaceMarkTable?k_raceDate=2017%2F03%2F06&k_raceNo=6&k_babaCode=21,data/cache/html/20170306_kawasaki_6.html
20170306_kawasaki_7,2017-03-06,kawasaki,7,https://www.keiba.go.jp/KeibaWeb/TodayRaceInfo/RaceMarkTable?k_raceDate=2017%2F03%2F06&k_raceNo=7&k_babaCode=21,data/cache/html/20170306_kawasaki_7.html
20170306_kawasaki_8,2017-03-06,kawasaki,8,https://www.keiba.go.jp/KeibaWeb/TodayRaceInfo/RaceMarkTable?k_raceDate=2017%2F03%2F06&k_raceNo=8&k_babaCode=21,data/cache/html/20170306_kawasaki_8.html
20170306_kawasaki_9,2017-03-06,kawasaki,9,https://www.keiba.go.jp/KeibaWeb/TodayRaceInfo/RaceMarkTable?k_raceDate=2017%2F03%2F06&k_raceNo=9&k_babaCode=21,data/cache/html/20170306_kawasaki_9.html
20170306_kawasaki_10,2017-03-06,kawasaki,10,https://www.keiba.go.jp/KeibaWeb/TodayRaceInfo/RaceMarkTable?k_raceDate=2017%2F03%2F06&k_raceNo=10&k_babaCode=21,data/cache/html/20170306_kawasaki_10.html
20170306_kawasaki_11,2017-03-06,kawasaki,11,https://www.keiba.go.jp/KeibaWeb/TodayRaceInfo/RaceMarkTable?k_raceDate=2017%2F03%2F06&k_raceNo=11&k_babaCode=21,data/cache/html/20170306_kawasaki_11.html
20170306_kawasaki_12,2017-03-06,kawasaki,12,https://www.keiba.go.jp/KeibaWeb/TodayRaceInfo/RaceMarkTable?k_raceDate=2017%2F03%2F06&k_raceNo=12&k_babaCode=21,data/cache/html/20170306_kawasaki_12.html
20170305_kawasaki_1,2017-03-05,kawasaki,1,https://www.keiba.go.jp/KeibaWeb/TodayRaceInfo/RaceMarkTable?k_raceDate=2017%2F03%2F05&k_raceNo=1&k_babaCode=21,data/cache/html/20170305_kawasaki_1.html
20170305_kawasaki_2,2017-03-05,kawasaki,2,https://www.keiba.go.jp/KeibaWeb/TodayRaceInfo/RaceMarkTable?k_raceDate=2017%2F03%2F05&k_raceNo=2&k_babaCode=21,data/cache/html/20170305_kawasaki_2.html
20170305_kawasaki_3,2017-03-05,kawasaki,3,https://www.keiba.go.jp/KeibaWeb/TodayRaceInfo/RaceMarkTable?k_raceDate=2017%2F03%2F05&k_raceNo=3&k_babaCode=21,data/cache/html/20170305_kawasaki_3.html
20170305_kawasaki_4,2017-03-05,kawasaki,4,https://www.keiba.go.jp/KeibaWeb/TodayRaceInfo/RaceMarkTable?k_raceDate=2017%2F03%2F05&k_raceNo=4&k_babaCode=21,data/cache/html/20170305_kawasaki_4.html
20170305_kawasaki_5,2017-03-05,kawasaki,5,https://www.keiba.go.jp/KeibaWeb/TodayRaceInfo/RaceMarkTable?k_raceDate=2017%2F03%2F05&k_raceNo=5&k_babaCode=21,data/cache/html/20170305_kawasaki_5.html
20170305_kawasaki_6,2017-03-05,kawasaki,6,https://www.keiba.go.jp/KeibaWeb/TodayRaceInfo/RaceMarkTable?k_raceDate=2017%2F03%2F05&k_raceNo=6&k_babaCode=21,data/cache/html/20170305_kawasaki_6.html
20170305_kawasaki_7,2017-03-05,kawasaki,7,https://www.keiba.go.jp/KeibaWeb/TodayRaceInfo/RaceMarkTable?k_raceDate=2017%2F03%2F05&k_raceNo=7&k_babaCode=21,data/cache/html/20170305_kawasaki_7.html
20170305_kawasaki_8,2017-03-05,kawasaki,8,https://www.keiba.go.jp/KeibaWeb/TodayRaceInfo/RaceMarkTable?k_raceDate=2017%2F03%2F05&k_raceNo=8&k_babaCode=21,data/cache/html/20170305_kawasaki_8.html
20170305_kawasaki_9,2017-03-05,kawasaki,9,https://www.keiba.go.jp/KeibaWeb/TodayRaceInfo/RaceMarkTable?k_raceDate=2017%2F03%2F05&k_raceNo=9&k_babaCode=21,data/cache/html/20170305_kawasaki_9.html
20170305_kawasaki_10,2017-03-05,kawasaki,10,https://www.keiba.go.jp/KeibaWeb/TodayRaceInfo/RaceMarkTable?k_raceDate=2017%2F03%2F05&k_raceNo=10&k_babaCode=21,data/cache/html/20170305_kawasaki_10.html
20170305_kawasaki_11,2017-03-05,kawasaki,11,https://www.keiba.go.jp/KeibaWeb/TodayRaceInfo/RaceMarkTable?k_raceDate=2017%2F03%2F05&k_raceNo=11&k_babaCode=21,data/cache/html/20170305_kawasaki_11.html
20170305_kawasaki_12,2017-03-05,kawasaki,12,https://www.keiba.go.jp/KeibaWeb/TodayRaceInfo/RaceMarkTable?k_raceDate=2017%2F03%2F05&k_raceNo=12&k_babaCode=21,data/cache/html/20170305_kawasaki_12.html
20170304_kawasaki_1,2017-03-04,kawasaki,1,https://www.keiba.go.jp/KeibaWeb/TodayRaceInfo/RaceMarkTable?k_raceDate=2017%2F03%2F04&k_raceNo=1&k_babaCode=21,data/cache/html/20170304_kawasaki_1.html
20170304_kawasaki_2,2017-03-04,kawasaki,2,https://www.keiba.go.jp/KeibaWeb/TodayRaceInfo/RaceMarkTable?k_raceDate=2017%2F03%2F04&k_raceNo=2&k_babaCode=21,data/cache/html/20170304_kawasaki_2.html
20170304_kawasaki_3,2017-03-04,kawasaki,3,https://www.keiba.go.jp/KeibaWeb/TodayRaceInfo/RaceMarkTable?k_raceDate=2017%2F03%2F04&k_raceNo=3&k_babaCode=21,data/cache/html/20170304_kawasaki_3.html
20170304_kawasaki_4,2017-03-04,kawasaki,4,https://www.keiba.go.jp/KeibaWeb/TodayRaceInfo/RaceMarkTable?k_raceDate=2017%2F03%2F04&k_raceNo=4&k_babaCode=21,data/cache/html/20170304_kawasaki_4.html
20170304_kawasaki_5,2017-03-04,kawasaki,5,https://www.keiba.go.jp/KeibaWeb/TodayRaceInfo/RaceMarkTable?k_raceDate=2017%2F03%2F04&k_raceNo=5&k_babaCode=21,data/cache/html/20170304_kawasaki_5.html
20170304_kawasaki_6,2017-03-04,kawasaki,6,https://www.keiba.go.jp/KeibaWeb/TodayRaceInfo/RaceMarkTable?k_raceDate=2017%2F03%2F04&k_raceNo=6&k_babaCode=21,data/cache/html/20170304_kawasaki_6.html
20170304_kawasaki_7,2017-03-04,kawasaki,7,https://www.keiba.go.jp/KeibaWeb/TodayRaceInfo/RaceMarkTable?k_raceDate=2017%2F03%2F04&k_raceNo=7&k_babaCode=21,data/cache/html/20170304_kawasaki_7.html
20170304_kawasaki_8,2017-03-04,kawasaki,8,https://www.keiba.go.jp/KeibaWeb/TodayRaceInfo/RaceMarkTable?k_raceDate=2017%2F03%2F04&k_raceNo=8&k_babaCode=21,data/cache/html/20170304_kawasaki_8.html
20170304_kawasaki_9,2017-03-04,kawasaki,9,https://www.keiba.go.jp/KeibaWeb/TodayRaceInfo/RaceMarkTable?k_raceDate=2017%2F03%2F04&k_raceNo=9&k_babaCode=21,data/cache/html/20170304_kawasaki_9.html
20170304_kawasaki_10,2017-03-04,kawasaki,10,https://www.keiba.go.jp/KeibaWeb/TodayRaceInfo/RaceMarkTable?k_raceDate=2017%2F03%2F04&k_raceNo=10&k_babaCode=21,data/cache/html/20170304_kawasaki_10.html
20170304_kawasaki_11,2017-03-04,kawasaki,11,https://www.keiba.go.jp/KeibaWeb/TodayRaceInfo/RaceMarkTable?k_raceDate=2017%2F03%2F04&k_raceNo=11&k_babaCode=21,data/cache/html/20170304_kawasaki_11.html
20170304_kawasaki_12,2017-03-04,kawasaki,12,https://www.keiba.go.jp/KeibaWeb/TodayRaceInfo/RaceMarkTable?k_raceDate=2017%2F03%2F04&k_raceNo=12&k_babaCode=21,data/cache/html/20170304_kawasaki_12.html
20170226_kawasaki_1,2017-02-26,kawasaki,1,https://www.keiba.go.jp/KeibaWeb/TodayRaceInfo/RaceMarkTable?k_raceDate=2017%2F02%2F26&k_raceNo=1&k_babaCode=21,data/cache/html/20170226_kawasaki_1.html
20170226_kawasaki_2,2017-02-26,kawasaki,2,https://www.keiba.go.jp/KeibaWeb/TodayRaceInfo/RaceMarkTable?k_raceDate=2017%2F02%2F26&k_raceNo=2&k_babaCode=21,data/cache/html/20170226_kawasaki_2.html
20170226_kawasaki_3,2017-02-26,kawasaki,3,https://www.keiba.go.jp/KeibaWeb/TodayRaceInfo/RaceMarkTable?k_raceDate=2017%2F02%2F26&k_raceNo=3&k_babaCode=21,data/cache/html/20170226_kawasaki_3.html
20170226_kawasaki_4,2017-02-26,kawasaki,4,https://www.keiba.go.jp/KeibaWeb/TodayRaceInfo/RaceMarkTable?k_raceDate=2017%2F02%2F26&k_raceNo=4&k_babaCode=21,data/cache/html/20170226_kawasaki_4.html
20170226_kawasaki_5,2017-02-26,kawasaki,5,https://www.keiba.go.jp/KeibaWeb/TodayRaceInfo/RaceMarkTable?k_raceDate=2017%2F02%2F26&k_raceNo=5&k_babaCode=21,data/cache/html/20170226_kawasaki_5.html
20170226_kawasaki_6,2017-02-26,kawasaki,6,https://www.keiba.go.jp/KeibaWeb/TodayRaceInfo/RaceMarkTable?k_raceDate=2017%2F02%2F26&k_raceNo=6&k_babaCode=21,data/cache/html/20170226_kawasaki_6.html
20170226_kawasaki_7,2017-02-26,kawasaki,7,https://www.keiba.go.jp/KeibaWeb/TodayRaceInfo/RaceMarkTable?k_raceDate=2017%2F02%2F26&k_raceNo=7&k_babaCode=21,data/cache/html/20170226_kawasaki_7.html
20170226_kawasaki_8,2017-02-26,kawasaki,8,https://www.keiba.go.jp/KeibaWeb/TodayRaceInfo/RaceMarkTable?k_raceDate=2017%2F02%2F26&k_raceNo=8&k_babaCode=21,data/cache/html/20170226_kawasaki_8.html
20170226_kawasaki_9,2017-02-26,kawasaki,9,https://www.keiba.go.jp/KeibaWeb/TodayRaceInfo/RaceMarkTable?k_raceDate=2017%2F02%2F26&k_raceNo=9&k_babaCode=21,data/cache/html/20170226_kawasaki_9.html
20170226_kawasaki_10,2017-02-26,kawasaki,10,https://www.keiba.go.jp/KeibaWeb/TodayRaceInfo/RaceMarkTable?k_raceDate=2017%2F02%2F26&k_raceNo=10&k_babaCode=21,data/cache/html/20170226_kawasaki_10.html
20170226_kawasaki_11,2017-02-26,kawasaki,11,https://www.keiba.go.jp/KeibaWeb/TodayRaceInfo/RaceMarkTable?k_raceDate=2017%2F02%2F26&k_raceNo=11&k_babaCode=21,data/cache/html/20170226_kawasaki_11.html
20170226_kawasaki_12,2017-02-26,kawasaki,12,https://www.keiba.go.jp/KeibaWeb/TodayRaceInfo/RaceMarkTable?k_raceDate=2017%2F02%2F26&k_raceNo=12&k_babaCode=21,data/cache/html/20170226_kawasaki_12.html
20170225_kawasaki_1,2017-02-25,kawasaki,1,https://www.keiba.go.jp/KeibaWeb/TodayRaceInfo/RaceMarkTable?k_raceDate=2017%2F02%2F25&k_raceNo=1&k_babaCode=21,data/cache/html/20170225_kawasaki_1.html
20170225_kawasaki_2,2017-02-25,kawasaki,2,https://www.keiba.go.jp/KeibaWeb/TodayRaceInfo/RaceMarkTable?k_raceDate=2017%2F02%2F25&k_raceNo=2&k_babaCode=21,data/cache/html/20170225_kawasaki_2.html
20170225_kawasaki_3,2017-02-25,kawasaki,3,https://www.keiba.go.jp/KeibaWeb/TodayRaceInfo/RaceMarkTable?k_raceDate=2017%2F02%2F25&k_raceNo=3&k_babaCode=21,data/cache/html/20170225_kawasaki_3.html
20170225_kawasaki_4,2017-02-25,kawasaki,4,https://www.keiba.go.jp/KeibaWeb/TodayRaceInfo/RaceMarkTable?k_raceDate=2017%2F02%2F25&k_raceNo=4&k_babaCode=21,data/cache/html/20170225_kawasaki_4.html
20170225_kawasaki_5,2017-02-25,kawasaki,5,https://www.keiba.go.jp/KeibaWeb/TodayRaceInfo/RaceMarkTable?k_raceDate=2017%2F02%2F25&k_raceNo=5&k_babaCode=21,data/cache/html/20170225_kawasaki_5.html
20170225_kawasaki_6,2017-02-25,kawasaki,6,https://www.keiba.go.jp/KeibaWeb/TodayRaceInfo/RaceMarkTable?k_raceDate=2017%2F02%2F25&k_raceNo=6&k_babaCode=21,data/cache/html/20170225_kawasaki_6.html
20170225_kawasaki_7,2017-02-25,kawasaki,7,https://www.keiba.go.jp/KeibaWeb/TodayRaceInfo/RaceMarkTable?k_raceDate=2017%2F02%2F25&k_raceNo=7&k_babaCode=21,data/cache/html/20170225_kawasaki_7.html
20170225_kawasaki_8,2017-02-25,kawasaki,8,https://www.keiba.go.jp/KeibaWeb/TodayRaceInfo/RaceMarkTable?k_raceDate=2017%2F02%2F25&k_raceNo=8&k_babaCode=21,data/cache/html/20170225_kawasaki_8.html
20170225_kawasaki_9,2017-02-25,kawasaki,9,https://www.keiba.go.jp/KeibaWeb/TodayRaceInfo/RaceMarkTable?k_raceDate=2017%2F02%2F25&k_raceNo=9&k_babaCode=21,data/cache/html/20170225_kawasaki_9.html
20170225_kawasaki_10,2017-02-25,kawasaki,10,https://www.keiba.go.jp/KeibaWeb/TodayRaceInfo/RaceMarkTable?k_raceDate=2017%2F02%2F25&k_raceNo=10&k_babaCode=21,data/cache/html/20170225_kawasaki_10.html
20170225_kawasaki_11,2017-02-25,kawasaki,11,https://www.keiba.go.jp/KeibaWeb/TodayRaceInfo/RaceMarkTable?k_raceDate=2017%2F02%2F25&k_raceNo=11&k_babaCode=21,data/cache/html/20170225_kawasaki_11.html
20170225_kawasaki_12,2017-02-25,kawasaki,12,https://www.keiba.go.jp/KeibaWeb/TodayRaceInfo/RaceMarkTable?k_raceDate=2017%2F02%2F25&k_raceNo=12&k_babaCode=21,data/cache/html/20170225_kawasaki_12.html
20170224_kawasaki_1,2017-02-24,kawasaki,1,https://www.keiba.go.jp/KeibaWeb/TodayRaceInfo/RaceMarkTable?k_raceDate=2017%2F02%2F24&k_raceNo=1&k_babaCode=21,data/cache/html/20170224_kawasaki_1.html
20170224_kawasaki_2,2017-02-24,kawasaki,2,https://www.keiba.go.jp/KeibaWeb/TodayRaceInfo/RaceMarkTable?k_raceDate=2017%2F02%2F24&k_raceNo=2&k_babaCode=21,data/cache/html/20170224_kawasaki_2.html
20170224_kawasaki_3,2017-02-24,kawasaki,3,https://www.keiba.go.jp/KeibaWeb/TodayRaceInfo/RaceMarkTable?k_raceDate=2017%2F02%2F24&k_raceNo=3&k_babaCode=21,data/cache/html/20170224_kawasaki_3.html
20170224_kawasaki_4,2017-02-24,kawasaki,4,https://www.keiba.go.jp/KeibaWeb/TodayRaceInfo/RaceMarkTable?k_raceDate=2017%2F02%2F24&k_raceNo=4&k_babaCode=21,data/cache/html/20170224_kawasaki_4.html
20170224_kawasaki_5,2017-02-24,kawasaki,5,https://www.keiba.go.jp/KeibaWeb/TodayRaceInfo/RaceMarkTable?k_raceDate=2017%2F02%2F24&k_raceNo=5&k_babaCode=21,data/cache/html/20170224_kawasaki_5.html
20170224_kawasaki_6,2017-02-24,kawasaki,6,https://www.keiba.go.jp/KeibaWeb/TodayRaceInfo/RaceMarkTable?k_raceDate=2017%2F02%2F24&k_raceNo=6&k_babaCode=21,data/cache/html/20170224_kawasaki_6.html
20170224_kawasaki_7,2017-02-24,kawasaki,7,https://www.keiba.go.jp/KeibaWeb/TodayRaceInfo/RaceMarkTable?k_raceDate=2017%2F02%2F24&k_raceNo=7&k_babaCode=21,data/cache/html/20170224_kawasaki_7.html
20170224_kawasaki_8,2017-02-24,kawasaki,8,https://www.keiba.go.jp/KeibaWeb/TodayRaceInfo/RaceMarkTable?k_raceDate=2017%2F02%2F24&k_raceNo=8&k_babaCode=21,data/cache/html/20170224_kawasaki_8.html
20170224_kawasaki_9,2017-02-24,kawasaki,9,https://www.keiba.go.jp/KeibaWeb/TodayRaceInfo/RaceMarkTable?k_raceDate=2017%2F02%2F24&k_raceNo=9&k_babaCode=21,data/cache/html/20170224_kawasaki_9.html
20170224_kawasaki_10,2017-02-24,kawasaki,10,https://www.keiba.go.jp/KeibaWeb/TodayRaceInfo/RaceMarkTable?k_raceDate=2017%2F02%2F24&k_raceNo=10&k_babaCode=21,data/cache/html/20170224_kawasaki_10.html
20170224_kawasaki_11,2017-02-24,kawasaki,11,https://www.keiba.go.jp/KeibaWeb/TodayRaceInfo/RaceMarkTable?k_raceDate=2017%2F02%2F24&k_raceNo=11&k_babaCode=21,data/cache/html/20170224_kawasaki_11.html
20170224_kawasaki_12,2017-02-24,kawasaki,12,https://www.keiba.go.jp/KeibaWeb/TodayRaceInfo/RaceMarkTable?k_raceDate=2017%2F02%2F24&k_raceNo=12&k_babaCode=21,data/cache/html/20170224_kawasaki_12.html
20170223_kawasaki_1,2017-02-23,kawasaki,1,https://www.keiba.go.jp/KeibaWeb/TodayRaceInfo/RaceMarkTable?k_raceDate=2017%2F02%2F23&k_raceNo=1&k_babaCode=21,data/cache/html/20170223_kawasaki_1.html
20170223_kawasaki_2,2017-02-23,kawasaki,2,https://www.keiba.go.jp/KeibaWeb/TodayRaceInfo/RaceMarkTable?k_raceDate=2017%2F02%2F23&k_raceNo=2&k_babaCode=21,data/cache/html/20170223_kawasaki_2.html
20170223_kawasaki_3,2017-02-23,kawasaki,3,https://www.keiba.go.jp/KeibaWeb/TodayRaceInfo/RaceMarkTable?k_raceDate=2017%2F02%2F23&k_raceNo=3&k_babaCode=21,data/cache/html/20170223_kawasaki_3.html
20170223_kawasaki_4,2017-02-23,kawasaki,4,https://www.keiba.go.jp/KeibaWeb/TodayRaceInfo/RaceMarkTable?k_raceDate=2017%2F02%2F23&k_raceNo=4&k_babaCode=21,data/cache/html/20170223_kawasaki_4.html
20170223_kawasaki_5,2017-02-23,kawasaki,5,https://www.keiba.go.jp/KeibaWeb/TodayRaceInfo/RaceMarkTable?k_raceDate=2017%2F02%2F23&k_raceNo=5&k_babaCode=21,data/cache/html/20170223_kawasaki_5.html
20170223_kawasaki_6,2017-02-23,kawasaki,6,https://www.keiba.go.jp/KeibaWeb/TodayRaceInfo/RaceMarkTable?k_raceDate=2017%2F02%2F23&k_raceNo=6&k_babaCode=21,data/cache/html/20170223_kawasaki_6.html
20170223_kawasaki_7,2017-02-23,kawasaki,7,https://www.keiba.go.jp/KeibaWeb/TodayRaceInfo/RaceMarkTable?k_raceDate=2017%2F02%2F23&k_raceNo=7&k_babaCode=21,data/cache/html/20170223_kawasaki_7.html
20170223_kawasaki_8,2017-02-23,kawasaki,8,https://www.keiba.go.jp/KeibaWeb/TodayRaceInfo/RaceMarkTable?k_raceDate=2017%2F02%2F23&k_raceNo=8&k_babaCode=21,data/cache/html/20170223_kawasaki_8.html
20170223_kawasaki_9,2017-02-23,kawasaki,9,https://www.keiba.go.jp/KeibaWeb/TodayRaceInfo/RaceMarkTable?k_raceDate=2017%2F02%2F23&k_raceNo=9&k_babaCode=21,data/cache/html/20170223_kawasaki_9.html
20170223_kawasaki_10,2017-02-23,kawasaki,10,https://www.keiba.go.jp/KeibaWeb/TodayRaceInfo/RaceMarkTable?k_raceDate=2017%2F02%2F23&k_raceNo=10&k_babaCode=21,data/cache/html/20170223_kawasaki_10.html
20170223_kawasaki_11,2017-02-23,kawasaki,11,https://www.keiba.go.jp/KeibaWeb/TodayRaceInfo/RaceMarkTable?k_raceDate=2017%2F02%2F23&k_raceNo=11&k_babaCode=21,data/cache/html/20170223_kawasaki_11.html
20170223_kawasaki_12,2017-02-23,kawasaki,12,https://www.keiba.go.jp/KeibaWeb/TodayRaceInfo/RaceMarkTable?k_raceDate=2017%2F02%2F23&k_raceNo=12&k_babaCode=21,data/cache/html/20170223_kawasaki_12.html
20170222_kawasaki_1,2017-02-22,kawasaki,1,https://www.keiba.go.jp/KeibaWeb/TodayRaceInfo/RaceMarkTable?k_raceDate=2017%2F02%2F22&k_raceNo=1&k_babaCode=21,data/cache/html/20170222_kawasaki_1.html
20170222_kawasaki_2,2017-02-22,kawasaki,2,https://www.keiba.go.jp/KeibaWeb/TodayRaceInfo/RaceMarkTable?k_raceDate=2017%2F02%2F22&k_raceNo=2&k_babaCode=21,data/cache/html/20170222_kawasaki_2.html
20170222_kawasaki_3,2017-02-22,kawasaki,3,https://www.keiba.go.jp/KeibaWeb/TodayRaceInfo/RaceMarkTable?k_raceDate=2017%2F02%2F22&k_raceNo=3&k_babaCode=21,data/cache/html/20170222_kawasaki_3.html
20170222_kawasaki_4,2017-02-22,kawasaki,4,https://www.keiba.go.jp/KeibaWeb/TodayRaceInfo/RaceMarkTable?k_raceDate=2017%2F02%2F22&k_raceNo=4&k_babaCode=21,data/cache/html/20170222_kawasaki_4.html
20170222_kawasaki_5,2017-02-22,kawasaki,5,https://www.keiba.go.jp/KeibaWeb/TodayRaceInfo/RaceMarkTable?k_raceDate=2017%2F02%2F22&k_raceNo=5&k_babaCode=21,data/cache/html/20170222_kawasaki_5.html
20170222_kawasaki_6,2017-02-22,kawasaki,6,https://www.keiba.go.jp/KeibaWeb/TodayRaceInfo/RaceMarkTable?k_raceDate=2017%2F02%2F22&k_raceNo=6&k_babaCode=21,data/cache/html/20170222_kawasaki_6.html
20170222_kawasaki_7,2017-02-22,kawasaki,7,https://www.keiba.go.jp/KeibaWeb/TodayRaceInfo/RaceMarkTable?k_raceDate=2017%2F02%2F22&k_raceNo=7&k_babaCode=21,data/cache/html/20170222_kawasaki_7.html
20170222_kawasaki_8,2017-02-22,kawasaki,8,https://www.keiba.go.jp/KeibaWeb/TodayRaceInfo/RaceMarkTable?k_raceDate=2017%2F02%2F22&k_raceNo=8&k_babaCode=21,data/cache/html/20170222_kawasaki_8.html
20170222_kawasaki_9,2017-02-22,kawasaki,9,https://www.keiba.go.jp/KeibaWeb/TodayRaceInfo/RaceMarkTable?k_raceDate=2017%2F02%2F22&k_raceNo=9&k_babaCode=21,data/cache/html/20170222_kawasaki_9.html
20170222_kawasaki_10,2017-02-22,kawasaki,10,https://www.keiba.go.jp/KeibaWeb/TodayRaceInfo/RaceMarkTable?k_raceDate=2017%2F02%2F22&k_raceNo=10&k_babaCode=21,data/cache/html/20170222_kawasaki_10.html
20170222_kawasaki_11,2017-02-22,kawasaki,11,https://www.keiba.go.jp/KeibaWeb/TodayRaceInfo/RaceMarkTable?k_raceDate=2017%2F02%2F22&k_raceNo=11&k_babaCode=21,data/cache/html/20170222_kawasaki_11.html
20170222_kawasaki_12,2017-02-22,kawasaki,12,https://www.keiba.go.jp/KeibaWeb/TodayRaceInfo/RaceMarkTable?k_raceDate=2017%2F02%2F22&k_raceNo=12&k_babaCode=21,data/cache/html/20170222_kawasaki_12.html
20170221_kawasaki_1,2017-02-21,kawasaki,1,https://www.keiba.go.jp/KeibaWeb/TodayRaceInfo/RaceMarkTable?k_raceDate=2017%2F02%2F21&k_raceNo=1&k_babaCode=21,data/cache/html/20170221_kawasaki_1.html
20170221_kawasaki_2,2017-02-21,kawasaki,2,https://www.keiba.go.jp/KeibaWeb/TodayRaceInfo/RaceMarkTable?k_raceDate=2017%2F02%2F21&k_raceNo=2&k_babaCode=21,data/cache/html/20170221_kawasaki_2.html
20170221_kawasaki_3,2017-02-21,kawasaki,3,https://www.keiba.go.jp/KeibaWeb/TodayRaceInfo/RaceMarkTable?k_raceDate=2017%2F02%2F21&k_raceNo=3&k_babaCode=21,data/cache/html/20170221_kawasaki_3.html
20170221_kawasaki_4,2017-02-21,kawasaki,4,https://www.keiba.go.jp/KeibaWeb/TodayRaceInfo/RaceMarkTable?k_raceDate=2017%2F02%2F21&k_raceNo=4&k_babaCode=21,data/cache/html/20170221_kawasaki_4.html
20170221_kawasaki_5,2017-02-21,kawasaki,5,https://www.keiba.go.jp/KeibaWeb/TodayRaceInfo/RaceMarkTable?k_raceDate=2017%2F02%2F21&k_raceNo=5&k_babaCode=21,data/cache/html/20170221_kawasaki_5.html
20170221_kawasaki_6,2017-02-21,kawasaki,6,https://www.keiba.go.jp/KeibaWeb/TodayRaceInfo/RaceMarkTable?k_raceDate=2017%2F02%2F21&k_raceNo=6&k_babaCode=21,data/cache/html/20170221_kawasaki_6.html
20170221_kawasaki_7,2017-02-21,kawasaki,7,https://www.keiba.go.jp/KeibaWeb/TodayRaceInfo/RaceMarkTable?k_raceDate=2017%2F02%2F21&k_raceNo=7&k_babaCode=21,data/cache/html/20170221_kawasaki_7.html
20170221_kawasaki_8,2017-02-21,kawasaki,8,https://www.keiba.go.jp/KeibaWeb/TodayRaceInfo/RaceMarkTable?k_raceDate=2017%2F02%2F21&k_raceNo=8&k_babaCode=21,data/cache/html/20170221_kawasaki_8.html
20170221_kawasaki_9,2017-02-21,kawasaki,9,https://www.keiba.go.jp/KeibaWeb/TodayRaceInfo/RaceMarkTable?k_raceDate=2017%2F02%2F21&k_raceNo=9&k_babaCode=21,data/cache/html/20170221_kawasaki_9.html
20170221_kawasaki_10,2017-02-21,kawasaki,10,https://www.keiba.go.jp/KeibaWeb/TodayRaceInfo/RaceMarkTable?k_raceDate=2017%2F02%2F21&k_raceNo=10&k_babaCode=21,data/cache/html/20170221_kawasaki_10.html
20170221_kawasaki_11,2017-02-21,kawasaki,11,https://www.keiba.go.jp/KeibaWeb/TodayRaceInfo/RaceMarkTable?k_raceDate=2017%2F02%2F21&k_raceNo=11&k_babaCode=21,data/cache/html/20170221_kawasaki_11.html
20170221_kawasaki_12,2017-02-21,kawasaki,12,https://www.keiba.go.jp/KeibaWeb/TodayRaceInfo/RaceMarkTable?k_raceDate=2017%2F02%2F21&k_raceNo=12&k_babaCode=21,data/cache/html/20170221_kawasaki_12.html
20170220_kawasaki_1,2017-02-20,kawasaki,1,https://www.keiba.go.jp/KeibaWeb/TodayRaceInfo/RaceMarkTable?k_raceDate=2017%2F02%2F20&k_raceNo=1&k_babaCode=21,data/cache/html/20170220_kawasaki_1.html
20170220_kawasaki_2,2017-02-20,kawasaki,2,https://www.keiba.go.jp/KeibaWeb/TodayRaceInfo/RaceMarkTable?k_raceDate=2017%2F02%2F20&k_raceNo=2&k_babaCode=21,data/cache/html/20170220_kawasaki_2.html
20170220_kawasaki_3,2017-02-20,kawasaki,3,https://www.keiba.go.jp/KeibaWeb/TodayRaceInfo/RaceMarkTable?k_raceDate=2017%2F02%2F20&k_raceNo=3&k_babaCode=21,data/cache/html/20170220_kawasaki_3.html
20170220_kawasaki_4,2017-02-20,kawasaki,4,https://www.keiba.go.jp/KeibaWeb/TodayRaceInfo/RaceMarkTable?k_raceDate=2017%2F02%2F20&k_raceNo=4&k_babaCode=21,data/cache/html/20170220_kawasaki_4.html
20170220_kawasaki_5,2017-02-20,kawasaki,5,https://www.keiba.go.jp/KeibaWeb/TodayRaceInfo/RaceMarkTable?k_raceDate=2017%2F02%2F20&k_raceNo=5&k_babaCode=21,data/cache/html/20170220_kawasaki_5.html
20170220_kawasaki_6,2017-02-20,kawasaki,6,https://www.keiba.go.jp/KeibaWeb/TodayRaceInfo/RaceMarkTable?k_raceDate=2017%2F02%2F20&k_raceNo=6&k_babaCode=21,data/cache/html/20170220_kawasaki_6.html
20170220_kawasaki_7,2017-02-20,kawasaki,7,https://www.keiba.go.jp/KeibaWeb/TodayRaceInfo/RaceMarkTable?k_raceDate=2017%2F02%2F20&k_raceNo=7&k_babaCode=21,data/cache/html/20170220_kawasaki_7.html
20170220_kawasaki_8,2017-02-20,kawasaki,8,https://www.keiba.go.jp/KeibaWeb/TodayRaceInfo/RaceMarkTable?k_raceDate=2017%2F02%2F20&k_raceNo=8&k_babaCode=21,data/cache/html/20170220_kawasaki_8.html
20170220_kawasaki_9,2017-02-20,kawasaki,9,https://www.keiba.go.jp/KeibaWeb/TodayRaceInfo/RaceMarkTable?k_raceDate=2017%2F02%2F20&k_raceNo=9&k_babaCode=21,data/cache/html/20170220_kawasaki_9.html
20170220_kawasaki_10,2017-02-20,kawasaki,10,https://www.keiba.go.jp/KeibaWeb/TodayRaceInfo/RaceMarkTable?k_raceDate=2017%2F02%2F20&k_raceNo=10&k_babaCode=21,data/cache/html/20170220_kawasaki_10.html
20170220_kawasaki_11,2017-02-20,kawasaki,11,https://www.keiba.go.jp/KeibaWeb/TodayRaceInfo/RaceMarkTable?k_raceDate=2017%2F02%2F20&k_raceNo=11&k_babaCode=21,data/cache/html/20170220_kawasaki_11.html
20170220_kawasaki_12,2017-02-20,kawasaki,12,https://www.keiba.go.jp/KeibaWeb/TodayRaceInfo/RaceMarkTable?k_raceDate=2017%2F02%2F20&k_raceNo=12&k_babaCode=21,data/cache/html/20170220_kawasaki_12.html
20170219_kawasaki_1,2017-02-19,kawasaki,1,https://www.keiba.go.jp/KeibaWeb/TodayRaceInfo/RaceMarkTable?k_raceDate=2017%2F02%2F19&k_raceNo=1&k_babaCode=21,data/cache/html/20170219_kawasaki_1.html
20170219_kawasaki_2,2017-02-19,kawasaki,2,https://www.keiba.go.jp/KeibaWeb/TodayRaceInfo/RaceMarkTable?k_raceDate=2017%2F02%2F19&k_raceNo=2&k_babaCode=21,data/cache/html/20170219_kawasaki_2.html
20170219_kawasaki_3,2017-02-19,kawasaki,3,https://www.keiba.go.jp/KeibaWeb/TodayRaceInfo/RaceMarkTable?k_raceDate=2017%2F02%2F19&k_raceNo=3&k_babaCode=21,data/cache/html/20170219_kawasaki_3.html
20170219_kawasaki_4,2017-02-19,kawasaki,4,https://www.keiba.go.jp/KeibaWeb/TodayRaceInfo/RaceMarkTable?k_raceDate=2017%2F02%2F19&k_raceNo=4&k_babaCode=21,data/cache/html/20170219_kawasaki_4.html
20170219_kawasaki_5,2017-02-19,kawasaki,5,https://www.keiba.go.jp/KeibaWeb/TodayRaceInfo/RaceMarkTable?k_raceDate=2017%2F02%2F19&k_raceNo=5&k_babaCode=21,data/cache/html/20170219_kawasaki_5.html
20170219_kawasaki_6,2017-02-19,kawasaki,6,https://www.keiba.go.jp/KeibaWeb/TodayRaceInfo/RaceMarkTable?k_raceDate=2017%2F02%2F19&k_raceNo=6&k_babaCode=21,data/cache/html/20170219_kawasaki_6.html
20170219_kawasaki_7,2017-02-19,kawasaki,7,https://www.keiba.go.jp/KeibaWeb/TodayRaceInfo/RaceMarkTable?k_raceDate=2017%2F02%2F19&k_raceNo=7&k_babaCode=21,data/cache/html/20170219_kawasaki_7.html
20170219_kawasaki_8,2017-02-19,kawasaki,8,https://www.keiba.go.jp/KeibaWeb/TodayRaceInfo/RaceMarkTable?k_raceDate=2017%2F02%2F19&k_raceNo=8&k_babaCode=21,data/cache/html/20170219_kawasaki_8.html
20170219_kawasaki_9,2017-02-19,kawasaki,9,https://www.keiba.go.jp/KeibaWeb/TodayRaceInfo/RaceMarkTable?k_raceDate=2017%2F02%2F19&k_raceNo=9&k_babaCode=21,data/cache/html/20170219_kawasaki_9.html
20170219_kawasaki_10,2017-02-19,kawasaki,10,https://www.keiba.go.jp/KeibaWeb/TodayRaceInfo/RaceMarkTable?k_raceDate=2017%2F02%2F19&k_raceNo=10&k_babaCode=21,data/cache/html/20170219_kawasaki_10.html
20170219_kawasaki_11,2017-02-19,kawasaki,11,https://www.keiba.go.jp/KeibaWeb/TodayRaceInfo/RaceMarkTable?k_raceDate=2017%2F02%2F19&k_raceNo=11&k_babaCode=21,data/cache/html/20170219_kawasaki_11.html
20170219_kawasaki_12,2017-02-19,kawasaki,12,https://www.keiba.go.jp/KeibaWeb/TodayRaceInfo/RaceMarkTable?k_raceDate=2017%2F02%2F19&k_raceNo=12&k_babaCode=21,data/cache/html/20170219_kawasaki_12.html
20170218_kawasaki_1,2017-02-18,kawasaki,1,https://www.keiba.go.jp/KeibaWeb/TodayRaceInfo/RaceMarkTable?k_raceDate=2017%2F02%2F18&k_raceNo=1&k_babaCode=21,data/cache/html/20170218_kawasaki_1.html
20170218_kawasaki_2,2017-02-18,kawasaki,2,https://www.keiba.go.jp/KeibaWeb/TodayRaceInfo/RaceMarkTable?k_raceDate=2017%2F02%2F18&k_raceNo=2&k_babaCode=21,data/cache/html/20170218_kawasaki_2.html
20170218_kawasaki_3,2017-02-18,kawasaki,3,https://www.keiba.go.jp/KeibaWeb/TodayRaceInfo/RaceMarkTable?k_raceDate=2017%2F02%2F18&k_raceNo=3&k_babaCode=21,data/cache/html/20170218_kawasaki_3.html
20170218_kawasaki_4,2017-02-18,kawasaki,4,https://www.keiba.go.jp/KeibaWeb/TodayRaceInfo/RaceMarkTable?k_raceDate=2017%2F02%2F18&k_raceNo=4&k_babaCode=21,data/cache/html/20170218_kawasaki_4.html
20170218_kawasaki_5,2017-02-18,kawasaki,5,https://www.keiba.go.jp/KeibaWeb/TodayRaceInfo/RaceMarkTable?k_raceDate=2017%2F02%2F18&k_raceNo=5&k_babaCode=21,data/cache/html/20170218_kawasaki_5.html
20170218_kawasaki_6,2017-02-18,kawasaki,6,https://www.keiba.go.jp/KeibaWeb/TodayRaceInfo/RaceMarkTable?k_raceDate=2017%2F02%2F18&k_raceNo=6&k_babaCode=21,data/cache/html/20170218_kawasaki_6.html
20170218_kawasaki_7,2017-02-18,kawasaki,7,https://www.keiba.go.jp/KeibaWeb/TodayRaceInfo/RaceMarkTable?k_raceDate=2017%2F02%2F18&k_raceNo=7&k_babaCode=21,data/cache/html/20170218_kawasaki_7.html
20170218_kawasaki_8,2017-02-18,kawasaki,8,https://www.keiba.go.jp/KeibaWeb/TodayRaceInfo/RaceMarkTable?k_raceDate=2017%2F02%2F18&k_raceNo=8&k_babaCode=21,data/cache/html/20170218_kawasaki_8.html
20170218_kawasaki_9,2017-02-18,kawasaki,9,https://www.keiba.go.jp/KeibaWeb/TodayRaceInfo/RaceMarkTable?k_raceDate=2017%2F02%2F18&k_raceNo=9&k_babaCode=21,data/cache/html/20170218_kawasaki_9.html
20170218_kawasaki_10,2017-02-18,kawasaki,10,https://www.keiba.go.jp/KeibaWeb/TodayRaceInfo/RaceMarkTable?k_raceDate=2017%2F02%2F18&k_raceNo=10&k_babaCode=21,data/cache/html/20170218_kawasaki_10.html
20170218_kawasaki_11,2017-02-18,kawasaki,11,https://www.keiba.go.jp/KeibaWeb/TodayRaceInfo/RaceMarkTable?k_raceDate=2017%2F02%2F18&k_raceNo=11&k_babaCode=21,data/cache/html/20170218_kawasaki_11.html
20170218_kawasaki_12,2017-02-18,kawasaki,12,https://www.keiba.go.jp/KeibaWeb/TodayRaceInfo/RaceMarkTable?k_raceDate=2017%2F02%2F18&k_raceNo=12&k_babaCode=21,data/cache/html/20170218_kawasaki_12.html
20170217_kawasaki_1,2017-02-17,kawasaki,1,https://www.keiba.go.jp/KeibaWeb/TodayRaceInfo/RaceMarkTable?k_raceDate=2017%2F02%2F17&k_raceNo=1&k_babaCode=21,data/cache/html/20170217_kawasaki_1.html
20170217_kawasaki_2,2017-02-17,kawasaki,2,https://www.keiba.go.jp/KeibaWeb/TodayRaceInfo/RaceMarkTable?k_raceDate=2017%2F02%2F17&k_raceNo=2&k_babaCode=21,data/cache/html/20170217_kawasaki_2.html
20170217_kawasaki_3,2017-02-17,kawasaki,3,https://www.keiba.go.jp/KeibaWeb/TodayRaceInfo/RaceMarkTable?k_raceDate=2017%2F02%2F17&k_raceNo=3&k_babaCode=21,data/cache/html/20170217_kawasaki_3.html
20170217_kawasaki_4,2017-02-17,kawasaki,4,https://www.keiba.go.jp/KeibaWeb/TodayRaceInfo/RaceMarkTable?k_raceDate=2017%2F02%2F17&k_raceNo=4&k_babaCode=21,data/cache/html/20170217_kawasaki_4.html
20170217_kawasaki_5,2017-02-17,kawasaki,5,https://www.keiba.go.jp/KeibaWeb/TodayRaceInfo/RaceMarkTable?k_raceDate=2017%2F02%2F17&k_raceNo=5&k_babaCode=21,data/cache/html/20170217_kawasaki_5.html
20170217_kawasaki_6,2017-02-17,kawasaki,6,https://www.keiba.go.jp/KeibaWeb/TodayRaceInfo/RaceMarkTable?k_raceDate=2017%2F02%2F17&k_raceNo=6&k_babaCode=21,data/cache/html/20170217_kawasaki_6.html
20170217_kawasaki_7,2017-02-17,kawasaki,7,https://www.keiba.go.jp/KeibaWeb/TodayRaceInfo/RaceMarkTable?k_raceDate=2017%2F02%2F17&k_raceNo=7&k_babaCode=21,data/cache/html/20170217_kawasaki_7.html
20170217_kawasaki_8,2017-02-17,kawasaki,8,https://www.keiba.go.jp/KeibaWeb/TodayRaceInfo/RaceMarkTable?k_raceDate=2017%2F02%2F17&k_raceNo=8&k_babaCode=21,data/cache/html/20170217_kawasaki_8.html
20170217_kawasaki_9,2017-02-17,kawasaki,9,https://www.keiba.go.jp/KeibaWeb/TodayRaceInfo/RaceMarkTable?k_raceDate=2017%2F02%2F17&k_raceNo=9&k_babaCode=21,data/cache/html/20170217_kawasaki_9.html
20170217_kawasaki_10,2017-02-17,kawasaki,10,https://www.keiba.go.jp/KeibaWeb/TodayRaceInfo/RaceMarkTable?k_raceDate=2017%2F02%2F17&k_raceNo=10&k_babaCode=21,data/cache/html/20170217_kawasaki_10.html
20170217_kawasaki_11,2017-02-17,kawasaki,11,https://www.keiba.go.jp/KeibaWeb/TodayRaceInfo/RaceMarkTable?k_raceDate=2017%2F02%2F17&k_raceNo=11&k_babaCode=21,data/cache/html/20170217_kawasaki_11.html
20170217_kawasaki_12,2017-02-17,kawasaki,12,https://www.keiba.go.jp/KeibaWeb/TodayRaceInfo/RaceMarkTable?k_raceDate=2017%2F02%2F17&k_raceNo=12&k_babaCode=21,data/cache/html/20170217_kawasaki_12.html
20170216_kawasaki_1,2017-02-16,kawasaki,1,https://www.keiba.go.jp/KeibaWeb/TodayRaceInfo/RaceMarkTable?k_raceDate=2017%2F02%2F16&k_raceNo=1&k_babaCode=21,data/cache/html/20170216_kawasaki_1.html
20170216_kawasaki_2,2017-02-16,kawasaki,2,https://www.keiba.go.jp/KeibaWeb/TodayRaceInfo/RaceMarkTable?k_raceDate=2017%2F02%2F16&k_raceNo=2&k_babaCode=21,data/cache/html/20170216_kawasaki_2.html
20170216_kawasaki_3,2017-02-16,kawasaki,3,https://www.keiba.go.jp/KeibaWeb/TodayRaceInfo/RaceMarkTable?k_raceDate=2017%2F02%2F16&k_raceNo=3&k_babaCode=21,data/cache/html/20170216_kawasaki_3.html
20170216_kawasaki_4,2017-02-16,kawasaki,4,https://www.keiba.go.jp/KeibaWeb/TodayRaceInfo/RaceMarkTable?k_raceDate=2017%2F02%2F16&k_raceNo=4&k_babaCode=21,data/cache/html/20170216_kawasaki_4.html
20170216_kawasaki_5,2017-02-16,kawasaki,5,https://www.keiba.go.jp/KeibaWeb/TodayRaceInfo/RaceMarkTable?k_raceDate=2017%2F02%2F16&k_raceNo=5&k_babaCode=21,data/cache/html/20170216_kawasaki_5.html
20170216_kawasaki_6,2017-02-16,kawasaki,6,https://www.keiba.go.jp/KeibaWeb/TodayRaceInfo/RaceMarkTable?k_raceDate=2017%2F02%2F16&k_raceNo=6&k_babaCode=21,data/cache/html/20170216_kawasaki_6.html
20170216_kawasaki_7,2017-02-16,kawasaki,7,https://www.keiba.go.jp/KeibaWeb/TodayRaceInfo/RaceMarkTable?k_raceDate=2017%2F02%2F16&k_raceNo=7&k_babaCode=21,data/cache/html/20170216_kawasaki_7.html
20170216_kawasaki_8,2017-02-16,kawasaki,8,https://www.keiba.go.jp/KeibaWeb/TodayRaceInfo/RaceMarkTable?k_raceDate=2017%2F02%2F16&k_raceNo=8&k_babaCode=21,data/cache/html/20170216_kawasaki_8.html
20170216_kawasaki_9,2017-02-16,kawasaki,9,https://www.keiba.go.jp/KeibaWeb/TodayRaceInfo/RaceMarkTable?k_raceDate=2017%2F02%2F16&k_raceNo=9&k_babaCode=21,data/cache/html/20170216_kawasaki_9.html
20170216_kawasaki_10,2017-02-16,kawasaki,10,https://www.keiba.go.jp/KeibaWeb/TodayRaceInfo/RaceMarkTable?k_raceDate=2017%2F02%2F16&k_raceNo=10&k_babaCode=21,data/cache/html/20170216_kawasaki_10.html
20170216_kawasaki_11,2017-02-16,kawasaki,11,https://www.keiba.go.jp/KeibaWeb/TodayRaceInfo/RaceMarkTable?k_raceDate=2017%2F02%2F16&k_raceNo=11&k_babaCode=21,data/cache/html/20170216_kawasaki_11.html
20170216_kawasaki_12,2017-02-16,kawasaki,12,https://www.keiba.go.jp/KeibaWeb/TodayRaceInfo/RaceMarkTable?k_raceDate=2017%2F02%2F16&k_raceNo=12&k_babaCode=21,data/cache/html/20170216_kawasaki_12.html
20170215_kawasaki_1,2017-02-15,kawasaki,1,https://www.keiba.go.jp/KeibaWeb/TodayRaceInfo/RaceMarkTable?k_raceDate=2017%2F02%2F15&k_raceNo=1&k_babaCode=21,data/cache/html/20170215_kawasaki_1.html
20170215_kawasaki_2,2017-02-15,kawasaki,2,https://www.keiba.go.jp/KeibaWeb/TodayRaceInfo/RaceMarkTable?k_raceDate=2017%2F02%2F15&k_raceNo=2&k_babaCode=21,data/cache/html/20170215_kawasaki_2.html
20170215_kawasaki_3,2017-02-15,kawasaki,3,https://www.keiba.go.jp/KeibaWeb/TodayRaceInfo/RaceMarkTable?k_raceDate=2017%2F02%2F15&k_raceNo=3&k_babaCode=21,data/cache/html/20170215_kawasaki_3.html
20170215_kawasaki_4,2017-02-15,kawasaki,4,https://www.keiba.go.jp/KeibaWeb/TodayRaceInfo/RaceMarkTable?k_raceDate=2017%2F02%2F15&k_raceNo=4&k_babaCode=21,data/cache/html/20170215_kawasaki_4.html
20170215_kawasaki_5,2017-02-15,kawasaki,5,https://www.keiba.go.jp/KeibaWeb/TodayRaceInfo/RaceMarkTable?k_raceDate=2017%2F02%2F15&k_raceNo=5&k_babaCode=21,data/cache/html/20170215_kawasaki_5.html
20170215_kawasaki_6,2017-02-15,kawasaki,6,https://www.keiba.go.jp/KeibaWeb/TodayRaceInfo/RaceMarkTable?k_raceDate=2017%2F02%2F15&k_raceNo=6&k_babaCode=21,data/cache/html/20170215_kawasaki_6.html
20170215_kawasaki_7,2017-02-15,kawasaki,7,https://www.keiba.go.jp/KeibaWeb/TodayRaceInfo/RaceMarkTable?k_raceDate=2017%2F02%2F15&k_raceNo=7&k_babaCode=21,data/cache/html/20170215_kawasaki_7.html
20170215_kawasaki_8,2017-02-15,kawasaki,8,https://www.keiba.go.jp/KeibaWeb/TodayRaceInfo/RaceMarkTable?k_raceDate=2017%2F02%2F15&k_raceNo=8&k_babaCode=21,data/cache/html/20170215_kawasaki_8.html
20170215_kawasaki_9,2017-02-15,kawasaki,9,https://www.keiba.go.jp/KeibaWeb/TodayRaceInfo/RaceMarkTable?k_raceDate=2017%2F02%2F15&k_raceNo=9&k_babaCode=21,data/cache/html/20170215_kawasaki_9.html
20170215_kawasaki_10,2017-02-15,kawasaki,10,https://www.keiba.go.jp/KeibaWeb/TodayRaceInfo/RaceMarkTable?k_raceDate=2017%2F02%2F15&k_raceNo=10&k_babaCode=21,data/cache/html/20170215_kawasaki_10.html
20170215_kawasaki_11,2017-02-15,kawasaki,11,https://www.keiba.go.jp/KeibaWeb/TodayRaceInfo/RaceMarkTable?k_raceDate=2017%2F02%2F15&k_raceNo=11&k_babaCode=21,data/cache/html/20170215_kawasaki_11.html
20170215_kawasaki_12,2017-02-15,kawasaki,12,https://www.keiba.go.jp/KeibaWeb/TodayRaceInfo/RaceMarkTable?k_raceDate=2017%2F02%2F15&k_raceNo=12&k_babaCode=21,data/cache/html/20170215_kawasaki_12.html
20170214_kawasaki_1,2017-02-14,kawasaki,1,https://www.keiba.go.jp/KeibaWeb/TodayRaceInfo/RaceMarkTable?k_raceDate=2017%2F02%2F14&k_raceNo=1&k_babaCode=21,data/cache/html/20170214_kawasaki_1.html
20170214_kawasaki_2,2017-02-14,kawasaki,2,https://www.keiba.go.jp/KeibaWeb/TodayRaceInfo/RaceMarkTable?k_raceDate=2017%2F02%2F14&k_raceNo=2&k_babaCode=21,data/cache/html/20170214_kawasaki_2.html
20170214_kawasaki_3,2017-02-14,kawasaki,3,https://www.keiba.go.jp/KeibaWeb/TodayRaceInfo/RaceMarkTable?k_raceDate=2017%2F02%2F14&k_raceNo=3&k_babaCode=21,data/cache/html/20170214_kawasaki_3.html
20170214_kawasaki_4,2017-02-14,kawasaki,4,https://www.keiba.go.jp/KeibaWeb/TodayRaceInfo/RaceMarkTable?k_raceDate=2017%2F02%2F14&k_raceNo=4&k_babaCode=21,data/cache/html/20170214_kawasaki_4.html
20170214_kawasaki_5,2017-02-14,kawasaki,5,https://www.keiba.go.jp/KeibaWeb/TodayRaceInfo/RaceMarkTable?k_raceDate=2017%2F02%2F14&k_raceNo=5&k_babaCode=21,data/cache/html/20170214_kawasaki_5.html
20170214_kawasaki_6,2017-02-14,kawasaki,6,https://www.keiba.go.jp/KeibaWeb/TodayRaceInfo/RaceMarkTable?k_raceDate=2017%2F02%2F14&k_raceNo=6&k_babaCode=21,data/cache/html/20170214_kawasaki_6.html
20170214_kawasaki_7,2017-02-14,kawasaki,7,https://www.keiba.go.jp/KeibaWeb/TodayRaceInfo/RaceMarkTable?k_raceDate=2017%2F02%2F14&k_raceNo=7&k_babaCode=21,data/cache/html/20170214_kawasaki_7.html
20170214_kawasaki_8,2017-02-14,kawasaki,8,https://www.keiba.go.jp/KeibaWeb/TodayRaceInfo/RaceMarkTable?k_raceDate=2017%2F02%2F14&k_raceNo=8&k_babaCode=21,data/cache/html/20170214_kawasaki_8.html
20170214_kawasaki_9,2017-02-14,kawasaki,9,https://www.keiba.go.jp/KeibaWeb/TodayRaceInfo/RaceMarkTable?k_raceDate=2017%2F02%2F14&k_raceNo=9&k_babaCode=21,data/cache/html/20170214_kawasaki_9.html
20170214_kawasaki_10,2017-02-14,kawasaki,10,https://www.keiba.go.jp/KeibaWeb/TodayRaceInfo/RaceMarkTable?k_raceDate=2017%2F02%2F14&k_raceNo=10&k_babaCode=21,data/cache/html/20170214_kawasaki_10.html
20170214_kawasaki_11,2017-02-14,kawasaki,11,https://www.keiba.go.jp/KeibaWeb/TodayRaceInfo/RaceMarkTable?k_raceDate=2017%2F02%2F14&k_raceNo=11&k_babaCode=21,data/cache/html/20170214_kawasaki_11.html
20170214_kawasaki_12,2017-02-14,kawasaki,12,https://www.keiba.go.jp/KeibaWeb/TodayRaceInfo/RaceMarkTable?k_raceDate=2017%2F02%2F14&k_raceNo=12&k_babaCode=21,data/cache/html/20170214_kawasaki_12.html
20170213_kawasaki_1,2017-02-13,kawasaki,1,https://www.keiba.go.jp/KeibaWeb/TodayRaceInfo/RaceMarkTable?k_raceDate=2017%2F02%2F13&k_raceNo=1&k_babaCode=21,data/cache/html/20170213_kawasaki_1.html
20170213_kawasaki_2,2017-02-13,kawasaki,2,https://www.keiba.go.jp/KeibaWeb/TodayRaceInfo/RaceMarkTable?k_raceDate=2017%2F02%2F13&k_raceNo=2&k_babaCode=21,data/cache/html/20170213_kawasaki_2.html
20170213_kawasaki_3,2017-02-13,kawasaki,3,https://www.keiba.go.jp/KeibaWeb/TodayRaceInfo/RaceMarkTable?k_raceDate=2017%2F02%2F13&k_raceNo=3&k_babaCode=21,data/cache/html/20170213_kawasaki_3.html
20170213_kawasaki_4,2017-02-13,kawasaki,4,https://www.keiba.go.jp/KeibaWeb/TodayRaceInfo/RaceMarkTable?k_raceDate=2017%2F02%2F13&k_raceNo=4&k_babaCode=21,data/cache/html/20170213_kawasaki_4.html
20170213_kawasaki_5,2017-02-13,kawasaki,5,https://www.keiba.go.jp/KeibaWeb/TodayRaceInfo/RaceMarkTable?k_raceDate=2017%2F02%2F13&k_raceNo=5&k_babaCode=21,data/cache/html/20170213_kawasaki_5.html
20170213_kawasaki_6,2017-02-13,kawasaki,6,https://www.keiba.go.jp/KeibaWeb/TodayRaceInfo/RaceMarkTable?k_raceDate=2017%2F02%2F13&k_raceNo=6&k_babaCode=21,data/cache/html/20170213_kawasaki_6.html
20170213_kawasaki_7,2017-02-13,kawasaki,7,https://www.keiba.go.jp/KeibaWeb/TodayRaceInfo/RaceMarkTable?k_raceDate=2017%2F02%2F13&k_raceNo=7&k_babaCode=21,data/cache/html/20170213_kawasaki_7.html
20170213_kawasaki_8,2017-02-13,kawasaki,8,https://www.keiba.go.jp/KeibaWeb/TodayRaceInfo/RaceMarkTable?k_raceDate=2017%2F02%2F13&k_raceNo=8&k_babaCode=21,data/cache/html/20170213_kawasaki_8.html
20170213_kawasaki_9,2017-02-13,kawasaki,9,https://www.keiba.go.jp/KeibaWeb/TodayRaceInfo/RaceMarkTable?k_raceDate=2017%2F02%2F13&k_raceNo=9&k_babaCode=21,data/cache/html/20170213_kawasaki_9.html
20170213_kawasaki_10,2017-02-13,kawasaki,10,https://www.keiba.go.jp/KeibaWeb/TodayRaceInfo/RaceMarkTable?k_raceDate=2017%2F02%2F13&k_raceNo=10&k_babaCode=21,data/cache/html/20170213_kawasaki_10.html
20170213_kawasaki_11,2017-02-13,kawasaki,11,https://www.keiba.go.jp/KeibaWeb/TodayRaceInfo/RaceMarkTable?k_raceDate=2017%2F02%2F13&k_raceNo=11&k_babaCode=21,data/cache/html/20170213_kawasaki_11.html
20170213_kawasaki_12,2017-02-13,kawasaki,12,https://www.keiba.go.jp/KeibaWeb/TodayRaceInfo/RaceMarkTable?k_raceDate=2017%2F02%2F13&k_raceNo=12&k_babaCode=21,data/cache/html/20170213_kawasaki_12.html
20170212_kawasaki_1,2017-02-12,kawasaki,1,https://www.keiba.go.jp/KeibaWeb/TodayRaceInfo/RaceMarkTable?k_raceDate=2017%2F02%2F12&k_raceNo=1&k_babaCode=21,data/cache/html/20170212_kawasaki_1.html
20170212_kawasaki_2,2017-02-12,kawasaki,2,https://www.keiba.go.jp/KeibaWeb/TodayRaceInfo/RaceMarkTable?k_raceDate=2017%2F02%2F12&k_raceNo=2&k_babaCode=21,data/cache/html/20170212_kawasaki_2.html
20170212_kawasaki_3,2017-02-12,kawasaki,3,https://www.keiba.go.jp/KeibaWeb/TodayRaceInfo/RaceMarkTable?k_raceDate=2017%2F02%2F12&k_raceNo=3&k_babaCode=21,data/cache/html/20170212_kawasaki_3.html
20170212_kawasaki_4,2017-02-12,kawasaki,4,https://www.keiba.go.jp/KeibaWeb/TodayRaceInfo/RaceMarkTable?k_raceDate=2017%2F02%2F12&k_raceNo=4&k_babaCode=21,data/cache/html/20170212_kawasaki_4.html
20170212_kawasaki_5,2017-02-12,kawasaki,5,https://www.keiba.go.jp/KeibaWeb/TodayRaceInfo/RaceMarkTable?k_raceDate=2017%2F02%2F12&k_raceNo=5&k_babaCode=21,data/cache/html/20170212_kawasaki_5.html
20170212_kawasaki_6,2017-02-12,kawasaki,6,https://www.keiba.go.jp/KeibaWeb/TodayRaceInfo/RaceMarkTable?k_raceDate=2017%2F02%2F12&k_raceNo=6&k_babaCode=21,data/cache/html/20170212_kawasaki_6.html
20170212_kawasaki_7,2017-02-12,kawasaki,7,https://www.keiba.go.jp/KeibaWeb/TodayRaceInfo/RaceMarkTable?k_raceDate=2017%2F02%2F12&k_raceNo=7&k_babaCode=21,data/cache/html/20170212_kawasaki_7.html
20170212_kawasaki_8,2017-02-12,kawasaki,8,https://www.keiba.go.jp/KeibaWeb/TodayRaceInfo/RaceMarkTable?k_raceDate=2017%2F02%2F12&k_raceNo=8&k_babaCode=21,data/cache/html/20170212_kawasaki_8.html
20170212_kawasaki_9,2017-02-12,kawasaki,9,https://www.keiba.go.jp/KeibaWeb/TodayRaceInfo/RaceMarkTable?k_raceDate=2017%2F02%2F12&k_raceNo=9&k_babaCode=21,data/cache/html/20170212_kawasaki_9.html
20170212_kawasaki_10,2017-02-12,kawasaki,10,https://www.keiba.go.jp/KeibaWeb/TodayRaceInfo/RaceMarkTable?k_raceDate=2017%2F02%2F12&k_raceNo=10&k_babaCode=21,data/cache/html/20170212_kawasaki_10.html
20170212_kawasaki_11,2017-02-12,kawasaki,11,https://www.keiba.go.jp/KeibaWeb/TodayRaceInfo/RaceMarkTable?k_raceDate=2017%2F02%2F12&k_raceNo=11&k_babaCode=21,data/cache/html/20170212_kawasaki_11.html
20170212_kawasaki_12,2017-02-12,kawasaki,12,https://www.keiba.go.jp/KeibaWeb/TodayRaceInfo/RaceMarkTable?k_raceDate=2017%2F02%2F12&k_raceNo=12&k_babaCode=21,data/cache/html/20170212_kawasaki_12.html
20170211_kawasaki_1,2017-02-11,kawasaki,1,https://www.keiba.go.jp/KeibaWeb/TodayRaceInfo/RaceMarkTable?k_raceDate=2017%2F02%2F11&k_raceNo=1&k_babaCode=21,data/cache/html/20170211_kawasaki_1.html
20170211_kawasaki_2,2017-02-11,kawasaki,2,https://www.keiba.go.jp/KeibaWeb/TodayRaceInfo/RaceMarkTable?k_raceDate=2017%2F02%2F11&k_raceNo=2&k_babaCode=21,data/cache/html/20170211_kawasaki_2.html
20170211_kawasaki_3,2017-02-11,kawasaki,3,https://www.keiba.go.jp/KeibaWeb/TodayRaceInfo/RaceMarkTable?k_raceDate=2017%2F02%2F11&k_raceNo=3&k_babaCode=21,data/cache/html/20170211_kawasaki_3.html
20170211_kawasaki_4,2017-02-11,kawasaki,4,https://www.keiba.go.jp/KeibaWeb/TodayRaceInfo/RaceMarkTable?k_raceDate=2017%2F02%2F11&k_raceNo=4&k_babaCode=21,data/cache/html/20170211_kawasaki_4.html
20170211_kawasaki_5,2017-02-11,kawasaki,5,https://www.keiba.go.jp/KeibaWeb/TodayRaceInfo/RaceMarkTable?k_raceDate=2017%2F02%2F11&k_raceNo=5&k_babaCode=21,data/cache/html/20170211_kawasaki_5.html
20170211_kawasaki_6,2017-02-11,kawasaki,6,https://www.keiba.go.jp/KeibaWeb/TodayRaceInfo/RaceMarkTable?k_raceDate=2017%2F02%2F11&k_raceNo=6&k_babaCode=21,data/cache/html/20170211_kawasaki_6.html
20170211_kawasaki_7,2017-02-11,kawasaki,7,https://www.keiba.go.jp/KeibaWeb/TodayRaceInfo/RaceMarkTable?k_raceDate=2017%2F02%2F11&k_raceNo=7&k_babaCode=21,data/cache/html/20170211_kawasaki_7.html
20170211_kawasaki_8,2017-02-11,kawasaki,8,https://www.keiba.go.jp/KeibaWeb/TodayRaceInfo/RaceMarkTable?k_raceDate=2017%2F02%2F11&k_raceNo=8&k_babaCode=21,data/cache/html/20170211_kawasaki_8.html
20170211_kawasaki_9,2017-02-11,kawasaki,9,https://www.keiba.go.jp/KeibaWeb/TodayRaceInfo/RaceMarkTable?k_raceDate=2017%2F02%2F11&k_raceNo=9&k_babaCode=21,data/cache/html/20170211_kawasaki_9.html
20170211_kawasaki_10,2017-02-11,kawasaki,10,https://www.keiba.go.jp/KeibaWeb/TodayRaceInfo/RaceMarkTable?k_raceDate=2017%2F02%2F11&k_raceNo=10&k_babaCode=21,data/cache/html/20170211_kawasaki_10.html
20170211_kawasaki_11,2017-02-11,kawasaki,11,https://www.keiba.go.jp/KeibaWeb/TodayRaceInfo/RaceMarkTable?k_raceDate=2017%2F02%2F11&k_raceNo=11&k_babaCode=21,data/cache/html/20170211_kawasaki_11.html
20170211_kawasaki_12,2017-02-11,kawasaki,12,https://www.keiba.go.jp/KeibaWeb/TodayRaceInfo/RaceMarkTable?k_raceDate=2017%2F02%2F11&k_raceNo=12&k_babaCode=21,data/cache/html/20170211_kawasaki_12.html
20170210_kawasaki_1,2017-02-10,kawasaki,1,https://www.keiba.go.jp/KeibaWeb/TodayRaceInfo/RaceMarkTable?k_raceDate=2017%2F02%2F10&k_raceNo=1&k_babaCode=21,data/cache/html/20170210_kawasaki_1.html
20170210_kawasaki_2,2017-02-10,kawasaki,2,https://www.keiba.go.jp/KeibaWeb/TodayRaceInfo/RaceMarkTable?k_raceDate=2017%2F02%2F10&k_raceNo=2&k_babaCode=21,data/cache/html/20170210_kawasaki_2.html
20170210_kawasaki_3,2017-02-10,kawasaki,3,https://www.keiba.go.jp/KeibaWeb/TodayRaceInfo/RaceMarkTable?k_raceDate=2017%2F02%2F10&k_raceNo=3&k_babaCode=21,data/cache/html/20170210_kawasaki_3.html
20170210_kawasaki_4,2017-02-10,kawasaki,4,https://www.keiba.go.jp/KeibaWeb/TodayRaceInfo/RaceMarkTable?k_raceDate=2017%2F02%2F10&k_raceNo=4&k_babaCode=21,data/cache/html/20170210_kawasaki_4.html
20170210_kawasaki_5,2017-02-10,kawasaki,5,https://www.keiba.go.jp/KeibaWeb/TodayRaceInfo/RaceMarkTable?k_raceDate=2017%2F02%2F10&k_raceNo=5&k_babaCode=21,data/cache/html/20170210_kawasaki_5.html
20170210_kawasaki_6,2017-02-10,kawasaki,6,https://www.keiba.go.jp/KeibaWeb/TodayRaceInfo/RaceMarkTable?k_raceDate=2017%2F02%2F10&k_raceNo=6&k_babaCode=21,data/cache/html/20170210_kawasaki_6.html
20170210_kawasaki_7,2017-02-10,kawasaki,7,https://www.keiba.go.jp/KeibaWeb/TodayRaceInfo/RaceMarkTable?k_raceDate=2017%2F02%2F10&k_raceNo=7&k_babaCode=21,data/cache/html/20170210_kawasaki_7.html
20170210_kawasaki_8,2017-02-10,kawasaki,8,https://www.keiba.go.jp/KeibaWeb/TodayRaceInfo/RaceMarkTable?k_raceDate=2017%2F02%2F10&k_raceNo=8&k_babaCode=21,data/cache/html/20170210_kawasaki_8.html
20170210_kawasaki_9,2017-02-10,kawasaki,9,https://www.keiba.go.jp/KeibaWeb/TodayRaceInfo/RaceMarkTable?k_raceDate=2017%2F02%2F10&k_raceNo=9&k_babaCode=21,data/cache/html/20170210_kawasaki_9.html
20170210_kawasaki_10,2017-02-10,kawasaki,10,https://www.keiba.go.jp/KeibaWeb/TodayRaceInfo/RaceMarkTable?k_raceDate=2017%2F02%2F10&k_raceNo=10&k_babaCode=21,data/cache/html/20170210_kawasaki_10.html
20170210_kawasaki_11,2017-02-10,kawasaki,11,https://www.keiba.go.jp/KeibaWeb/TodayRaceInfo/RaceMarkTable?k_raceDate=2017%2F02%2F10&k_raceNo=11&k_babaCode=21,data/cache/html/20170210_kawasaki_11.html
20170210_kawasaki_12,2017-02-10,kawasaki,12,https://www.keiba.go.jp/KeibaWeb/TodayRaceInfo/RaceMarkTable?k_raceDate=2017%2F02%2F10&k_raceNo=12&k_babaCode=21,data/cache/html/20170210_kawasaki_12.html
20170209_kawasaki_1,2017-02-09,kawasaki,1,https://www.keiba.go.jp/KeibaWeb/TodayRaceInfo/RaceMarkTable?k_raceDate=2017%2F02%2F09&k_raceNo=1&k_babaCode=21,data/cache/html/20170209_kawasaki_1.html
20170209_kawasaki_2,2017-02-09,kawasaki,2,https://www.keiba.go.jp/KeibaWeb/TodayRaceInfo/RaceMarkTable?k_raceDate=2017%2F02%2F09&k_raceNo=2&k_babaCode=21,data/cache/html/20170209_kawasaki_2.html
20170209_kawasaki_3,2017-02-09,kawasaki,3,https://www.keiba.go.jp/KeibaWeb/TodayRaceInfo/RaceMarkTable?k_raceDate=2017%2F02%2F09&k_raceNo=3&k_babaCode=21,data/cache/html/20170209_kawasaki_3.html
20170209_kawasaki_4,2017-02-09,kawasaki,4,https://www.keiba.go.jp/KeibaWeb/TodayRaceInfo/RaceMarkTable?k_raceDate=2017%2F02%2F09&k_raceNo=4&k_babaCode=21,data/cache/html/20170209_kawasaki_4.html
20170209_kawasaki_5,2017-02-09,kawasaki,5,https://www.keiba.go.jp/KeibaWeb/TodayRaceInfo/RaceMarkTable?k_raceDate=2017%2F02%2F09&k_raceNo=5&k_babaCode=21,data/cache/html/20170209_kawasaki_5.html
20170209_kawasaki_6,2017-02-09,kawasaki,6,https://www.keiba.go.jp/KeibaWeb/TodayRaceInfo/RaceMarkTable?k_raceDate=2017%2F02%2F09&k_raceNo=6&k_babaCode=21,data/cache/html/20170209_kawasaki_6.html
20170209_kawasaki_7,2017-02-09,kawasaki,7,https://www.keiba.go.jp/KeibaWeb/TodayRaceInfo/RaceMarkTable?k_raceDate=2017%2F02%2F09&k_raceNo=7&k_babaCode=21,data/cache/html/20170209_kawasaki_7.html
20170209_kawasaki_8,2017-02-09,kawasaki,8,https://www.keiba.go.jp/KeibaWeb/TodayRaceInfo/RaceMarkTable?k_raceDate=2017%2F02%2F09&k_raceNo=8&k_babaCode=21,data/cache/html/20170209_kawasaki_8.html
20170209_kawasaki_9,2017-02-09,kawasaki,9,https://www.keiba.go.jp/KeibaWeb/TodayRaceInfo/RaceMarkTable?k_raceDate=2017%2F02%2F09&k_raceNo=9&k_babaCode=21,data/cache/html/20170209_kawasaki_9.html
20170209_kawasaki_10,2017-02-09,kawasaki,10,https://www.keiba.go.jp/KeibaWeb/TodayRaceInfo/RaceMarkTable?k_raceDate=2017%2F02%2F09&k_raceNo=10&k_babaCode=21,data/cache/html/20170209_kawasaki_10.html
20170209_kawasaki_11,2017-02-09,kawasaki,11,https://www.keiba.go.jp/KeibaWeb/TodayRaceInfo/RaceMarkTable?k_raceDate=2017%2F02%2F09&k_raceNo=11&k_babaCode=21,data/cache/html/20170209_kawasaki_11.html
20170209_kawasaki_12,2017-02-09,kawasaki,12,https://www.keiba.go.jp/KeibaWeb/TodayRaceInfo/RaceMarkTable?k_raceDate=2017%2F02%2F09&k_raceNo=12&k_babaCode=21,data/cache/html/20170209_kawasaki_12.html
20170208_kawasaki_1,2017-02-08,kawasaki,1,https://www.keiba.go.jp/KeibaWeb/TodayRaceInfo/RaceMarkTable?k_raceDate=2017%2F02%2F08&k_raceNo=1&k_babaCode=21,data/cache/html/20170208_kawasaki_1.html
20170208_kawasaki_2,2017-02-08,kawasaki,2,https://www.keiba.go.jp/KeibaWeb/TodayRaceInfo/RaceMarkTable?k_raceDate=2017%2F02%2F08&k_raceNo=2&k_babaCode=21,data/cache/html/20170208_kawasaki_2.html
20170208_kawasaki_3,2017-02-08,kawasaki,3,https://www.keiba.go.jp/KeibaWeb/TodayRaceInfo/RaceMarkTable?k_raceDate=2017%2F02%2F08&k_raceNo=3&k_babaCode=21,data/cache/html/20170208_kawasaki_3.html
20170208_kawasaki_4,2017-02-08,kawasaki,4,https://www.keiba.go.jp/KeibaWeb/TodayRaceInfo/RaceMarkTable?k_raceDate=2017%2F02%2F08&k_raceNo=4&k_babaCode=21,data/cache/html/20170208_kawasaki_4.html
20170208_kawasaki_5,2017-02-08,kawasaki,5,https://www.keiba.go.jp/KeibaWeb/TodayRaceInfo/RaceMarkTable?k_raceDate=2017%2F02%2F08&k_raceNo=5&k_babaCode=21,data/cache/html/20170208_kawasaki_5.html
20170208_kawasaki_6,2017-02-08,kawasaki,6,https://www.keiba.go.jp/KeibaWeb/TodayRaceInfo/RaceMarkTable?k_raceDate=2017%2F02%2F08&k_raceNo=6&k_babaCode=21,data/cache/html/20170208_kawasaki_6.html
20170208_kawasaki_7,2017-02-08,kawasaki,7,https://www.keiba.go.jp/KeibaWeb/TodayRaceInfo/RaceMarkTable?k_raceDate=2017%2F02%2F08&k_raceNo=7&k_babaCode=21,data/cache/html/20170208_kawasaki_7.html
20170208_kawasaki_8,2017-02-08,kawasaki,8,https://www.keiba.go.jp/KeibaWeb/TodayRaceInfo/RaceMarkTable?k_raceDate=2017%2F02%2F08&k_raceNo=8&k_babaCode=21,data/cache/html/20170208_kawasaki_8.html
20170208_kawasaki_9,2017-02-08,kawasaki,9,https://www.keiba.go.jp/KeibaWeb/TodayRaceInfo/RaceMarkTable?k_raceDate=2017%2F02%2F08&k_raceNo=9&k_babaCode=21,data/cache/html/20170208_kawasaki_9.html
20170208_kawasaki_10,2017-02-08,kawasaki,10,https://www.keiba.go.jp/KeibaWeb/TodayRaceInfo/RaceMarkTable?k_raceDate=2017%2F02%2F08&k_raceNo=10&k_babaCode=21,data/cache/html/20170208_kawasaki_10.html
20170208_kawasaki_11,2017-02-08,kawasaki,11,https://www.keiba.go.jp/KeibaWeb/TodayRaceInfo/RaceMarkTable?k_raceDate=2017%2F02%2F08&k_raceNo=11&k_babaCode=21,data/cache/html/20170208_kawasaki_11.html
20170208_kawasaki_12,2017-02-08,kawasaki,12,https://www.keiba.go.jp/KeibaWeb/TodayRaceInfo/RaceMarkTable?k_raceDate=2017%2F02%2F08&k_raceNo=12&k_babaCode=21,data/cache/html/20170208_kawasaki_12.html
20170207_kawasaki_1,2017-02-07,kawasaki,1,https://www.keiba.go.jp/KeibaWeb/TodayRaceInfo/RaceMarkTable?k_raceDate=2017%2F02%2F07&k_raceNo=1&k_babaCode=21,data/cache/html/20170207_kawasaki_1.html
20170207_kawasaki_2,2017-02-07,kawasaki,2,https://www.keiba.go.jp/KeibaWeb/TodayRaceInfo/RaceMarkTable?k_raceDate=2017%2F02%2F07&k_raceNo=2&k_babaCode=21,data/cache/html/20170207_kawasaki_2.html
20170207_kawasaki_3,2017-02-07,kawasaki,3,https://www.keiba.go.jp/KeibaWeb/TodayRaceInfo/RaceMarkTable?k_raceDate=2017%2F02%2F07&k_raceNo=3&k_babaCode=21,data/cache/html/20170207_kawasaki_3.html
20170207_kawasaki_4,2017-02-07,kawasaki,4,https://www.keiba.go.jp/KeibaWeb/TodayRaceInfo/RaceMarkTable?k_raceDate=2017%2F02%2F07&k_raceNo=4&k_babaCode=21,data/cache/html/20170207_kawasaki_4.html
20170207_kawasaki_5,2017-02-07,kawasaki,5,https://www.keiba.go.jp/KeibaWeb/TodayRaceInfo/RaceMarkTable?k_raceDate=2017%2F02%2F07&k_raceNo=5&k_babaCode=21,data/cache/html/20170207_kawasaki_5.html
20170207_kawasaki_6,2017-02-07,kawasaki,6,https://www.keiba.go.jp/KeibaWeb/TodayRaceInfo/RaceMarkTable?k_raceDate=2017%2F02%2F07&k_raceNo=6&k_babaCode=21,data/cache/html/20170207_kawasaki_6.html
20170207_kawasaki_7,2017-02-07,kawasaki,7,https://www.keiba.go.jp/KeibaWeb/TodayRaceInfo/RaceMarkTable?k_raceDate=2017%2F02%2F07&k_raceNo=7&k_babaCode=21,data/cache/html/20170207_kawasaki_7.html
20170207_kawasaki_8,2017-02-07,kawasaki,8,https://www.keiba.go.jp/KeibaWeb/TodayRaceInfo/RaceMarkTable?k_raceDate=2017%2F02%2F07&k_raceNo=8&k_babaCode=21,data/cache/html/20170207_kawasaki_8.html
20170207_kawasaki_9,2017-02-07,kawasaki,9,https://www.keiba.go.jp/KeibaWeb/TodayRaceInfo/RaceMarkTable?k_raceDate=2017%2F02%2F07&k_raceNo=9&k_babaCode=21,data/cache/html/20170207_kawasaki_9.html
20170207_kawasaki_10,2017-02-07,kawasaki,10,https://www.keiba.go.jp/KeibaWeb/TodayRaceInfo/RaceMarkTable?k_raceDate=2017%2F02%2F07&k_raceNo=10&k_babaCode=21,data/cache/html/20170207_kawasaki_10.html
20170207_kawasaki_11,2017-02-07,kawasaki,11,https://www.keiba.go.jp/KeibaWeb/TodayRaceInfo/RaceMarkTable?k_raceDate=2017%2F02%2F07&k_raceNo=11&k_babaCode=21,data/cache/html/20170207_kawasaki_11.html
20170207_kawasaki_12,2017-02-07,kawasaki,12,https://www.keiba.go.jp/KeibaWeb/TodayRaceInfo/RaceMarkTable?k_raceDate=2017%2F02%2F07&k_raceNo=12&k_babaCode=21,data/cache/html/20170207_kawasaki_12.html
20170206_kawasaki_1,2017-02-06,kawasaki,1,https://www.keiba.go.jp/KeibaWeb/TodayRaceInfo/RaceMarkTable?k_raceDate=2017%2F02%2F06&k_raceNo=1&k_babaCode=21,data/cache/html/20170206_kawasaki_1.html
20170206_kawasaki_2,2017-02-06,kawasaki,2,https://www.keiba.go.jp/KeibaWeb/TodayRaceInfo/RaceMarkTable?k_raceDate=2017%2F02%2F06&k_raceNo=2&k_babaCode=21,data/cache/html/20170206_kawasaki_2.html
20170206_kawasaki_3,2017-02-06,kawasaki,3,https://www.keiba.go.jp/KeibaWeb/TodayRaceInfo/RaceMarkTable?k_raceDate=2017%2F02%2F06&k_raceNo=3&k_babaCode=21,data/cache/html/20170206_kawasaki_3.html
20170206_kawasaki_4,2017-02-06,kawasaki,4,https://www.keiba.go.jp/KeibaWeb/TodayRaceInfo/RaceMarkTable?k_raceDate=2017%2F02%2F06&k_raceNo=4&k_babaCode=21,data/cache/html/20170206_kawasaki_4.html
20170206_kawasaki_5,2017-02-06,kawasaki,5,https://www.keiba.go.jp/KeibaWeb/TodayRaceInfo/RaceMarkTable?k_raceDate=2017%2F02%2F06&k_raceNo=5&k_babaCode=21,data/cache/html/20170206_kawasaki_5.html
20170206_kawasaki_6,2017-02-06,kawasaki,6,https://www.keiba.go.jp/KeibaWeb/TodayRaceInfo/RaceMarkTable?k_raceDate=2017%2F02%2F06&k_raceNo=6&k_babaCode=21,data/cache/html/20170206_kawasaki_6.html
20170206_kawasaki_7,2017-02-06,kawasaki,7,https://www.keiba.go.jp/KeibaWeb/TodayRaceInfo/RaceMarkTable?k_raceDate=2017%2F02%2F06&k_raceNo=7&k_babaCode=21,data/cache/html/20170206_kawasaki_7.html
20170206_kawasaki_8,2017-02-06,kawasaki,8,https://www.keiba.go.jp/KeibaWeb/TodayRaceInfo/RaceMarkTable?k_raceDate=2017%2F02%2F06&k_raceNo=8&k_babaCode=21,data/cache/html/20170206_kawasaki_8.html
20170206_kawasaki_9,2017-02-06,kawasaki,9,https://www.keiba.go.jp/KeibaWeb/TodayRaceInfo/RaceMarkTable?k_raceDate=2017%2F02%2F06&k_raceNo=9&k_babaCode=21,data/cache/html/20170206_kawasaki_9.html
20170206_kawasaki_10,2017-02-06,kawasaki,10,https://www.keiba.go.jp/KeibaWeb/TodayRaceInfo/RaceMarkTable?k_raceDate=2017%2F02%2F06&k_raceNo=10&k_babaCode=21,data/cache/html/20170206_kawasaki_10.html
20170206_kawasaki_11,2017-02-06,kawasaki,11,https://www.keiba.go.jp/KeibaWeb/TodayRaceInfo/RaceMarkTable?k_raceDate=2017%2F02%2F06&k_raceNo=11&k_babaCode=21,data/cache/html/20170206_kawasaki_11.html
20170206_kawasaki_12,2017-02-06,kawasaki,12,https://www.keiba.go.jp/KeibaWeb/TodayRaceInfo/RaceMarkTable?k_raceDate=2017%2F02%2F06&k_raceNo=12&k_babaCode=21,data/cache/html/20170206_kawasaki_12.html
20170205_kawasaki_1,2017-02-05,kawasaki,1,https://www.keiba.go.jp/KeibaWeb/TodayRaceInfo/RaceMarkTable?k_raceDate=2017%2F02%2F05&k_raceNo=1&k_babaCode=21,data/cache/html/20170205_kawasaki_1.html
20170205_kawasaki_2,2017-02-05,kawasaki,2,https://www.keiba.go.jp/KeibaWeb/TodayRaceInfo/RaceMarkTable?k_raceDate=2017%2F02%2F05&k_raceNo=2&k_babaCode=21,data/cache/html/20170205_kawasaki_2.html
20170205_kawasaki_3,2017-02-05,kawasaki,3,https://www.keiba.go.jp/KeibaWeb/TodayRaceInfo/RaceMarkTable?k_raceDate=2017%2F02%2F05&k_raceNo=3&k_babaCode=21,data/cache/html/20170205_kawasaki_3.html
20170205_kawasaki_4,2017-02-05,kawasaki,4,https://www.keiba.go.jp/KeibaWeb/TodayRaceInfo/RaceMarkTable?k_raceDate=2017%2F02%2F05&k_raceNo=4&k_babaCode=21,data/cache/html/20170205_kawasaki_4.html
20170205_kawasaki_5,2017-02-05,kawasaki,5,https://www.keiba.go.jp/KeibaWeb/TodayRaceInfo/RaceMarkTable?k_raceDate=2017%2F02%2F05&k_raceNo=5&k_babaCode=21,data/cache/html/20170205_kawasaki_5.html
20170205_kawasaki_6,2017-02-05,kawasaki,6,https://www.keiba.go.jp/KeibaWeb/TodayRaceInfo/RaceMarkTable?k_raceDate=2017%2F02%2F05&k_raceNo=6&k_babaCode=21,data/cache/html/20170205_kawasaki_6.html
20170205_kawasaki_7,2017-02-05,kawasaki,7,https://www.keiba.go.jp/KeibaWeb/TodayRaceInfo/RaceMarkTable?k_raceDate=2017%2F02%2F05&k_raceNo=7&k_babaCode=21,data/cache/html/20170205_kawasaki_7.html
20170205_kawasaki_8,2017-02-05,kawasaki,8,https://www.keiba.go.jp/KeibaWeb/TodayRaceInfo/RaceMarkTable?k_raceDate=2017%2F02%2F05&k_raceNo=8&k_babaCode=21,data/cache/html/20170205_kawasaki_8.html
20170205_kawasaki_9,2017-02-05,kawasaki,9,https://www.keiba.go.jp/KeibaWeb/TodayRaceInfo/RaceMarkTable?k_raceDate=2017%2F02%2F05&k_raceNo=9&k_babaCode=21,data/cache/html/20170205_kawasaki_9.html
20170205_kawasaki_10,2017-02-05,kawasaki,10,https://www.keiba.go.jp/KeibaWeb/TodayRaceInfo/RaceMarkTable?k_raceDate=2017%2F02%2F05&k_raceNo=10&k_babaCode=21,data/cache/html/20170205_kawasaki_10.html
20170205_kawasaki_11,2017-02-05,kawasaki,11,https://www.keiba.go.jp/KeibaWeb/TodayRaceInfo/RaceMarkTable?k_raceDate=2017%2F02%2F05&k_raceNo=11&k_babaCode=21,data/cache/html/20170205_kawasaki_11.html
20170205_kawasaki_12,2017-02-05,kawasaki,12,https://www.keiba.go.jp/KeibaWeb/TodayRaceInfo/RaceMarkTable?k_raceDate=2017%2F02%2F05&k_raceNo=12&k_babaCode=21,data/cache/html/20170205_kawasaki_12.html
20170204_kawasaki_1,2017-02-04,kawasaki,1,https://www.keiba.go.jp/KeibaWeb/TodayRaceInfo/RaceMarkTable?k_raceDate=2017%2F02%2F04&k_raceNo=1&k_babaCode=21,data/cache/html/20170204_kawasaki_1.html
20170204_kawasaki_2,2017-02-04,kawasaki,2,https://www.keiba.go.jp/KeibaWeb/TodayRaceInfo/RaceMarkTable?k_raceDate=2017%2F02%2F04&k_raceNo=2&k_babaCode=21,data/cache/html/20170204_kawasaki_2.html
20170204_kawasaki_3,2017-02-04,kawasaki,3,https://www.keiba.go.jp/KeibaWeb/TodayRaceInfo/RaceMarkTable?k_raceDate=2017%2F02%2F04&k_raceNo=3&k_babaCode=21,data/cache/html/20170204_kawasaki_3.html
20170204_kawasaki_4,2017-02-04,kawasaki,4,https://www.keiba.go.jp/KeibaWeb/TodayRaceInfo/RaceMarkTable?k_raceDate=2017%2F02%2F04&k_raceNo=4&k_babaCode=21,data/cache/html/20170204_kawasaki_4.html
20170204_kawasaki_5,2017-02-04,kawasaki,5,https://www.keiba.go.jp/KeibaWeb/TodayRaceInfo/RaceMarkTable?k_raceDate=2017%2F02%2F04&k_raceNo=5&k_babaCode=21,data/cache/html/20170204_kawasaki_5.html
20170204_kawasaki_6,2017-02-04,kawasaki,6,https://www.keiba.go.jp/KeibaWeb/TodayRaceInfo/RaceMarkTable?k_raceDate=2017%2F02%2F04&k_raceNo=6&k_babaCode=21,data/cache/html/20170204_kawasaki_6.html
20170204_kawasaki_7,2017-02-04,kawasaki,7,https://www.keiba.go.jp/KeibaWeb/TodayRaceInfo/RaceMarkTable?k_raceDate=2017%2F02%2F04&k_raceNo=7&k_babaCode=21,data/cache/html/20170204_kawasaki_7.html
20170204_kawasaki_8,2017-02-04,kawasaki,8,https://www.keiba.go.jp/KeibaWeb/TodayRaceInfo/RaceMarkTable?k_raceDate=2017%2F02%2F04&k_raceNo=8&k_babaCode=21,data/cache/html/20170204_kawasaki_8.html
20170204_kawasaki_9,2017-02-04,kawasaki,9,https://www.keiba.go.jp/KeibaWeb/TodayRaceInfo/RaceMarkTable?k_raceDate=2017%2F02%2F04&k_raceNo=9&k_babaCode=21,data/cache/html/20170204_kawasaki_9.html
20170204_kawasaki_10,2017-02-04,kawasaki,10,https://www.keiba.go.jp/KeibaWeb/TodayRaceInfo/RaceMarkTable?k_raceDate=2017%2F02%2F04&k_raceNo=10&k_babaCode=21,data/cache/html/20170204_kawasaki_10.html
20170204_kawasaki_11,2017-02-04,kawasaki,11,https://www.keiba.go.jp/KeibaWeb/TodayRaceInfo/RaceMarkTable?k_raceDate=2017%2F02%2F04&k_raceNo=11&k_babaCode=21,data/cache/html/20170204_kawasaki_11.html
20170204_kawasaki_12,2017-02-04,kawasaki,12,https://www.keiba.go.jp/KeibaWeb/TodayRaceInfo/RaceMarkTable?k_raceDate=2017%2F02%2F04&k_raceNo=12&k_babaCode=21,data/cache/html/20170204_kawasaki_12.html
20170129_kawasaki_1,2017-01-29,kawasaki,1,https://www.keiba.go.jp/KeibaWeb/TodayRaceInfo/RaceMarkTable?k_raceDate=2017%2F01%2F29&k_raceNo=1&k_babaCode=21,data/cache/html/20170129_kawasaki_1.html
20170129_kawasaki_2,2017-01-29,kawasaki,2,https://www.keiba.go.jp/KeibaWeb/TodayRaceInfo/RaceMarkTable?k_raceDate=2017%2F01%2F29&k_raceNo=2&k_babaCode=21,data/cache/html/20170129_kawasaki_2.html
20170129_kawasaki_3,2017-01-29,kawasaki,3,https://www.keiba.go.jp/KeibaWeb/TodayRaceInfo/RaceMarkTable?k_raceDate=2017%2F01%2F29&k_raceNo=3&k_babaCode=21,data/cache/html/20170129_kawasaki_3.html
20170129_kawasaki_4,2017-01-29,kawasaki,4,https://www.keiba.go.jp/KeibaWeb/TodayRaceInfo/RaceMarkTable?k_raceDate=2017%2F01%2F29&k_raceNo=4&k_babaCode=21,data/cache/html/20170129_kawasaki_4.html
20170129_kawasaki_5,2017-01-29,kawasaki,5,https://www.keiba.go.jp/KeibaWeb/TodayRaceInfo/RaceMarkTable?k_raceDate=2017%2F01%2F29&k_raceNo=5&k_babaCode=21,data/cache/html/20170129_kawasaki_5.html
20170129_kawasaki_6,2017-01-29,kawasaki,6,https://www.keiba.go.jp/KeibaWeb/TodayRaceInfo/RaceMarkTable?k_raceDate=2017%2F01%2F29&k_raceNo=6&k_babaCode=21,data/cache/html/20170129_kawasaki_6.html
20170129_kawasaki_7,2017-01-29,kawasaki,7,https://www.keiba.go.jp/KeibaWeb/TodayRaceInfo/RaceMarkTable?k_raceDate=2017%2F01%2F29&k_raceNo=7&k_babaCode=21,data/cache/html/20170129_kawasaki_7.html
20170129_kawasaki_8,2017-01-29,kawasaki,8,https://www.keiba.go.jp/KeibaWeb/TodayRaceInfo/RaceMarkTable?k_raceDate=2017%2F01%2F29&k_raceNo=8&k_babaCode=21,data/cache/html/20170129_kawasaki_8.html
20170129_kawasaki_9,2017-01-29,kawasaki,9,https://www.keiba.go.jp/KeibaWeb/TodayRaceInfo/RaceMarkTable?k_raceDate=2017%2F01%2F29&k_raceNo=9&k_babaCode=21,data/cache/html/20170129_kawasaki_9.html
20170129_kawasaki_10,2017-01-29,kawasaki,10,https://www.keiba.go.jp/KeibaWeb/TodayRaceInfo/RaceMarkTable?k_raceDate=2017%2F01%2F29&k_raceNo=10&k_babaCode=21,data/cache/html/20170129_kawasaki_10.html
20170129_kawasaki_11,2017-01-29,kawasaki,11,https://www.keiba.go.jp/KeibaWeb/TodayRaceInfo/RaceMarkTable?k_raceDate=2017%2F01%2F29&k_raceNo=11&k_babaCode=21,data/cache/html/20170129_kawasaki_11.html
20170129_kawasaki_12,2017-01-29,kawasaki,12,https://www.keiba.go.jp/KeibaWeb/TodayRaceInfo/RaceMarkTable?k_raceDate=2017%2F01%2F29&k_raceNo=12&k_babaCode=21,data/cache/html/20170129_kawasaki_12.html
20170128_kawasaki_1,2017-01-28,kawasaki,1,https://www.keiba.go.jp/KeibaWeb/TodayRaceInfo/RaceMarkTable?k_raceDate=2017%2F01%2F28&k_raceNo=1&k_babaCode=21,data/cache/html/20170128_kawasaki_1.html
20170128_kawasaki_2,2017-01-28,kawasaki,2,https://www.keiba.go.jp/KeibaWeb/TodayRaceInfo/RaceMarkTable?k_raceDate=2017%2F01%2F28&k_raceNo=2&k_babaCode=21,data/cache/html/20170128_kawasaki_2.html
20170128_kawasaki_3,2017-01-28,kawasaki,3,https://www.keiba.go.jp/KeibaWeb/TodayRaceInfo/RaceMarkTable?k_raceDate=2017%2F01%2F28&k_raceNo=3&k_babaCode=21,data/cache/html/20170128_kawasaki_3.html
20170128_kawasaki_4,2017-01-28,kawasaki,4,https://www.keiba.go.jp/KeibaWeb/TodayRaceInfo/RaceMarkTable?k_raceDate=2017%2F01%2F28&k_raceNo=4&k_babaCode=21,data/cache/html/20170128_kawasaki_4.html
20170128_kawasaki_5,2017-01-28,kawasaki,5,https://www.keiba.go.jp/KeibaWeb/TodayRaceInfo/RaceMarkTable?k_raceDate=2017%2F01%2F28&k_raceNo=5&k_babaCode=21,data/cache/html/20170128_kawasaki_5.html
20170128_kawasaki_6,2017-01-28,kawasaki,6,https://www.keiba.go.jp/KeibaWeb/TodayRaceInfo/RaceMarkTable?k_raceDate=2017%2F01%2F28&k_raceNo=6&k_babaCode=21,data/cache/html/20170128_kawasaki_6.html
20170128_kawasaki_7,2017-01-28,kawasaki,7,https://www.keiba.go.jp/KeibaWeb/TodayRaceInfo/RaceMarkTable?k_raceDate=2017%2F01%2F28&k_raceNo=7&k_babaCode=21,data/cache/html/20170128_kawasaki_7.html
20170128_kawasaki_8,2017-01-28,kawasaki,8,https://www.keiba.go.jp/KeibaWeb/TodayRaceInfo/RaceMarkTable?k_raceDate=2017%2F01%2F28&k_raceNo=8&k_babaCode=21,data/cache/html/20170128_kawasaki_8.html
20170128_kawasaki_9,2017-01-28,kawasaki,9,https://www.keiba.go.jp/KeibaWeb/TodayRaceInfo/RaceMarkTable?k_raceDate=2017%2F01%2F28&k_raceNo=9&k_babaCode=21,data/cache/html/20170128_kawasaki_9.html
20170128_kawasaki_10,2017-01-28,kawasaki,10,https://www.keiba.go.jp/KeibaWeb/TodayRaceInfo/RaceMarkTable?k_raceDate=2017%2F01%2F28&k_raceNo=10&k_babaCode=21,data/cache/html/20170128_kawasaki_10.html
20170128_kawasaki_11,2017-01-28,kawasaki,11,https://www.keiba.go.jp/KeibaWeb/TodayRaceInfo/RaceMarkTable?k_raceDate=2017%2F01%2F28&k_raceNo=11&k_babaCode=21,data/cache/html/20170128_kawasaki_11.html
20170128_kawasaki_12,2017-01-28,kawasaki,12,https://www.keiba.go.jp/KeibaWeb/TodayRaceInfo/RaceMarkTable?k_raceDate=2017%2F01%2F28&k_raceNo=12&k_babaCode=21,data/cache/html/20170128_kawasaki_12.html
20170127_kawasaki_1,2017-01-27,kawasaki,1,https://www.keiba.go.jp/KeibaWeb/TodayRaceInfo/RaceMarkTable?k_raceDate=2017%2F01%2F27&k_raceNo=1&k_babaCode=21,data/cache/html/20170127_kawasaki_1.html
20170127_kawasaki_2,2017-01-27,kawasaki,2,https://www.keiba.go.jp/KeibaWeb/TodayRaceInfo/RaceMarkTable?k_raceDate=2017%2F01%2F27&k_raceNo=2&k_babaCode=21,data/cache/html/20170127_kawasaki_2.html
20170127_kawasaki_3,2017-01-27,kawasaki,3,https://www.keiba.go.jp/KeibaWeb/TodayRaceInfo/RaceMarkTable?k_raceDate=2017%2F01%2F27&k_raceNo=3&k_babaCode=21,data/cache/html/20170127_kawasaki_3.html
20170127_kawasaki_4,2017-01-27,kawasaki,4,https://www.keiba.go.jp/KeibaWeb/TodayRaceInfo/RaceMarkTable?k_raceDate=2017%2F01%2F27&k_raceNo=4&k_babaCode=21,data/cache/html/20170127_kawasaki_4.html
20170127_kawasaki_5,2017-01-27,kawasaki,5,https://www.keiba.go.jp/KeibaWeb/TodayRaceInfo/RaceMarkTable?k_raceDate=2017%2F01%2F27&k_raceNo=5&k_babaCode=21,data/cache/html/20170127_kawasaki_5.html
20170127_kawasaki_6,2017-01-27,kawasaki,6,https://www.keiba.go.jp/KeibaWeb/TodayRaceInfo/RaceMarkTable?k_raceDate=2017%2F01%2F27&k_raceNo=6&k_babaCode=21,data/cache/html/20170127_kawasaki_6.html
20170127_kawasaki_7,2017-01-27,kawasaki,7,https://www.keiba.go.jp/KeibaWeb/TodayRaceInfo/RaceMarkTable?k_raceDate=2017%2F01%2F27&k_raceNo=7&k_babaCode=21,data/cache/html/20170127_kawasaki_7.html
20170127_kawasaki_8,2017-01-27,kawasaki,8,https://www.keiba.go.jp/KeibaWeb/TodayRaceInfo/RaceMarkTable?k_raceDate=2017%2F01%2F27&k_raceNo=8&k_babaCode=21,data/cache/html/20170127_kawasaki_8.html
20170127_kawasaki_9,2017-01-27,kawasaki,9,https://www.keiba.go.jp/KeibaWeb/TodayRaceInfo/RaceMarkTable?k_raceDate=2017%2F01%2F27&k_raceNo=9&k_babaCode=21,data/cache/html/20170127_kawasaki_9.html
20170127_kawasaki_10,2017-01-27,kawasaki,10,https://www.keiba.go.jp/KeibaWeb/TodayRaceInfo/RaceMarkTable?k_raceDate=2017%2F01%2F27&k_raceNo=10&k_babaCode=21,data/cache/html/20170127_kawasaki_10.html
20170127_kawasaki_11,2017-01-27,kawasaki,11,https://www.keiba.go.jp/KeibaWeb/TodayRaceInfo/RaceMarkTable?k_raceDate=2017%2F01%2F27&k_raceNo=11&k_babaCode=21,data/cache/html/20170127_kawasaki_11.html
20170127_kawasaki_12,2017-01-27,kawasaki,12,https://www.keiba.go.jp/KeibaWeb/TodayRaceInfo/RaceMarkTable?k_raceDate=2017%2F01%2F27&k_raceNo=12&k_babaCode=21,data/cache/html/20170127_kawasaki_12.html
20170126_kawasaki_1,2017-01-26,kawasaki,1,https://www.keiba.go.jp/KeibaWeb/TodayRaceInfo/RaceMarkTable?k_raceDate=2017%2F01%2F26&k_raceNo=1&k_babaCode=21,data/cache/html/20170126_kawasaki_1.html
20170126_kawasaki_2,2017-01-26,kawasaki,2,https://www.keiba.go.jp/KeibaWeb/TodayRaceInfo/RaceMarkTable?k_raceDate=2017%2F01%2F26&k_raceNo=2&k_babaCode=21,data/cache/html/20170126_kawasaki_2.html
20170126_kawasaki_3,2017-01-26,kawasaki,3,https://www.keiba.go.jp/KeibaWeb/TodayRaceInfo/RaceMarkTable?k_raceDate=2017%2F01%2F26&k_raceNo=3&k_babaCode=21,data/cache/html/20170126_kawasaki_3.html
20170126_kawasaki_4,2017-01-26,kawasaki,4,https://www.keiba.go.jp/KeibaWeb/TodayRaceInfo/RaceMarkTable?k_raceDate=2017%2F01%2F26&k_raceNo=4&k_babaCode=21,data/cache/html/20170126_kawasaki_4.html
20170126_kawasaki_5,2017-01-26,kawasaki,5,https://www.keiba.go.jp/KeibaWeb/TodayRaceInfo/RaceMarkTable?k_raceDate=2017%2F01%2F26&k_raceNo=5&k_babaCode=21,data/cache/html/20170126_kawasaki_5.html
20170126_kawasaki_6,2017-01-26,kawasaki,6,https://www.keiba.go.jp/KeibaWeb/TodayRaceInfo/RaceMarkTable?k_raceDate=2017%2F01%2F26&k_raceNo=6&k_babaCode=21,data/cache/html/20170126_kawasaki_6.html
20170126_kawasaki_7,2017-01-26,kawasaki,7,https://www.keiba.go.jp/KeibaWeb/TodayRaceInfo/RaceMarkTable?k_raceDate=2017%2F01%2F26&k_raceNo=7&k_babaCode=21,data/cache/html/20170126_kawasaki_7.html
20170126_kawasaki_8,2017-01-26,kawasaki,8,https://www.keiba.go.jp/KeibaWeb/TodayRaceInfo/RaceMarkTable?k_raceDate=2017%2F01%2F26&k_raceNo=8&k_babaCode=21,data/cache/html/20170126_kawasaki_8.html
20170126_kawasaki_9,2017-01-26,kawasaki,9,https://www.keiba.go.jp/KeibaWeb/TodayRaceInfo/RaceMarkTable?k_raceDate=2017%2F01%2F26&k_raceNo=9&k_babaCode=21,data/cache/html/20170126_kawasaki_9.html
20170126_kawasaki_10,2017-01-26,kawasaki,10,https://www.keiba.go.jp/KeibaWeb/TodayRaceInfo/RaceMarkTable?k_raceDate=2017%2F01%2F26&k_raceNo=10&k_babaCode=21,data/cache/html/20170126_kawasaki_10.html
20170126_kawasaki_11,2017-01-26,kawasaki,11,https://www.keiba.go.jp/KeibaWeb/TodayRaceInfo/RaceMarkTable?k_raceDate=2017%2F01%2F26&k_raceNo=11&k_babaCode=21,data/cache/html/20170126_kawasaki_11.html
20170126_kawasaki_12,2017-01-26,kawasaki,12,https://www.keiba.go.jp/KeibaWeb/TodayRaceInfo/RaceMarkTable?k_raceDate=2017%2F01%2F26&k_raceNo=12&k_babaCode=21,data/cache/html/20170126_kawasaki_12.html
20170125_kawasaki_1,2017-01-25,kawasaki,1,https://www.keiba.go.jp/KeibaWeb/TodayRaceInfo/RaceMarkTable?k_raceDate=2017%2F01%2F25&k_raceNo=1&k_babaCode=21,data/cache/html/20170125_kawasaki_1.html
20170125_kawasaki_2,2017-01-25,kawasaki,2,https://www.keiba.go.jp/KeibaWeb/TodayRaceInfo/RaceMarkTable?k_raceDate=2017%2F01%2F25&k_raceNo=2&k_babaCode=21,data/cache/html/20170125_kawasaki_2.html
20170125_kawasaki_3,2017-01-25,kawasaki,3,https://www.keiba.go.jp/KeibaWeb/TodayRaceInfo/RaceMarkTable?k_raceDate=2017%2F01%2F25&k_raceNo=3&k_babaCode=21,data/cache/html/20170125_kawasaki_3.html
20170125_kawasaki_4,2017-01-25,kawasaki,4,https://www.keiba.go.jp/KeibaWeb/TodayRaceInfo/RaceMarkTable?k_raceDate=2017%2F01%2F25&k_raceNo=4&k_babaCode=21,data/cache/html/20170125_kawasaki_4.html
20170125_kawasaki_5,2017-01-25,kawasaki,5,https://www.keiba.go.jp/KeibaWeb/TodayRaceInfo/RaceMarkTable?k_raceDate=2017%2F01%2F25&k_raceNo=5&k_babaCode=21,data/cache/html/20170125_kawasaki_5.html
20170125_kawasaki_6,2017-01-25,kawasaki,6,https://www.keiba.go.jp/KeibaWeb/TodayRaceInfo/RaceMarkTable?k_raceDate=2017%2F01%2F25&k_raceNo=6&k_babaCode=21,data/cache/html/20170125_kawasaki_6.html
20170125_kawasaki_7,2017-01-25,kawasaki,7,https://www.keiba.go.jp/KeibaWeb/TodayRaceInfo/RaceMarkTable?k_raceDate=2017%2F01%2F25&k_raceNo=7&k_babaCode=21,data/cache/html/20170125_kawasaki_7.html
20170125_kawasaki_8,2017-01-25,kawasaki,8,https://www.keiba.go.jp/KeibaWeb/TodayRaceInfo/RaceMarkTable?k_raceDate=2017%2F01%2F25&k_raceNo=8&k_babaCode=21,data/cache/html/20170125_kawasaki_8.html
20170125_kawasaki_9,2017-01-25,kawasaki,9,https://www.keiba.go.jp/KeibaWeb/TodayRaceInfo/RaceMarkTable?k_raceDate=2017%2F01%2F25&k_raceNo=9&k_babaCode=21,data/cache/html/20170125_kawasaki_9.html
20170125_kawasaki_10,2017-01-25,kawasaki,10,https://www.keiba.go.jp/KeibaWeb/TodayRaceInfo/RaceMarkTable?k_raceDate=2017%2F01%2F25&k_raceNo=10&k_babaCode=21,data/cache/html/20170125_kawasaki_10.html
20170125_kawasaki_11,2017-01-25,kawasaki,11,https://www.keiba.go.jp/KeibaWeb/TodayRaceInfo/RaceMarkTable?k_raceDate=2017%2F01%2F25&k_raceNo=11&k_babaCode=21,data/cache/html/20170125_kawasaki_11.html
20170125_kawasaki_12,2017-01-25,kawasaki,12,https://www.keiba.go.jp/KeibaWeb/TodayRaceInfo/RaceMarkTable?k_raceDate=2017%2F01%2F25&k_raceNo=12&k_babaCode=21,data/cache/html/20170125_kawasaki_12.html
20170124_kawasaki_1,2017-01-24,kawasaki,1,https://www.keiba.go.jp/KeibaWeb/TodayRaceInfo/RaceMarkTable?k_raceDate=2017%2F01%2F24&k_raceNo=1&k_babaCode=21,data/cache/html/20170124_kawasaki_1.html
20170124_kawasaki_2,2017-01-24,kawasaki,2,https://www.keiba.go.jp/KeibaWeb/TodayRaceInfo/RaceMarkTable?k_raceDate=2017%2F01%2F24&k_raceNo=2&k_babaCode=21,data/cache/html/20170124_kawasaki_2.html
20170124_kawasaki_3,2017-01-24,kawasaki,3,https://www.keiba.go.jp/KeibaWeb/TodayRaceInfo/RaceMarkTable?k_raceDate=2017%2F01%2F24&k_raceNo=3&k_babaCode=21,data/cache/html/20170124_kawasaki_3.html
20170124_kawasaki_4,2017-01-24,kawasaki,4,https://www.keiba.go.jp/KeibaWeb/TodayRaceInfo/RaceMarkTable?k_raceDate=2017%2F01%2F24&k_raceNo=4&k_babaCode=21,data/cache/html/20170124_kawasaki_4.html
20170124_kawasaki_5,2017-01-24,kawasaki,5,https://www.keiba.go.jp/KeibaWeb/TodayRaceInfo/RaceMarkTable?k_raceDate=2017%2F01%2F24&k_raceNo=5&k_babaCode=21,data/cache/html/20170124_kawasaki_5.html
20170124_kawasaki_6,2017-01-24,kawasaki,6,https://www.keiba.go.jp/KeibaWeb/TodayRaceInfo/RaceMarkTable?k_raceDate=2017%2F01%2F24&k_raceNo=6&k_babaCode=21,data/cache/html/20170124_kawasaki_6.html
20170124_kawasaki_7,2017-01-24,kawasaki,7,https://www.keiba.go.jp/KeibaWeb/TodayRaceInfo/RaceMarkTable?k_raceDate=2017%2F01%2F24&k_raceNo=7&k_babaCode=21,data/cache/html/20170124_kawasaki_7.html
20170124_kawasaki_8,2017-01-24,kawasaki,8,https://www.keiba.go.jp/KeibaWeb/TodayRaceInfo/RaceMarkTable?k_raceDate=2017%2F01%2F24&k_raceNo=8&k_babaCode=21,data/cache/html/20170124_kawasaki_8.html
20170124_kawasaki_9,2017-01-24,kawasaki,9,https://www.keiba.go.jp/KeibaWeb/TodayRaceInfo/RaceMarkTable?k_raceDate=2017%2F01%2F24&k_raceNo=9&k_babaCode=21,data/cache/html/20170124_kawasaki_9.html
20170124_kawasaki_10,2017-01-24,kawasaki,10,https://www.keiba.go.jp/KeibaWeb/TodayRaceInfo/RaceMarkTable?k_raceDate=2017%2F01%2F24&k_raceNo=10&k_babaCode=21,data/cache/html/20170124_kawasaki_10.html
20170124_kawasaki_11,2017-01-24,kawasaki,11,https://www.keiba.go.jp/KeibaWeb/TodayRaceInfo/RaceMarkTable?k_raceDate=2017%2F01%2F24&k_raceNo=11&k_babaCode=21,data/cache/html/20170124_kawasaki_11.html
20170124_kawasaki_12,2017-01-24,kawasaki,12,https://www.keiba.go.jp/KeibaWeb/TodayRaceInfo/RaceMarkTable?k_raceDate=2017%2F01%2F24&k_raceNo=12&k_babaCode=21,data/cache/html/20170124_kawasaki_12.html
20170123_kawasaki_1,2017-01-23,kawasaki,1,https://www.keiba.go.jp/KeibaWeb/TodayRaceInfo/RaceMarkTable?k_raceDate=2017%2F01%2F23&k_raceNo=1&k_babaCode=21,data/cache/html/20170123_kawasaki_1.html
20170123_kawasaki_2,2017-01-23,kawasaki,2,https://www.keiba.go.jp/KeibaWeb/TodayRaceInfo/RaceMarkTable?k_raceDate=2017%2F01%2F23&k_raceNo=2&k_babaCode=21,data/cache/html/20170123_kawasaki_2.html
20170123_kawasaki_3,2017-01-23,kawasaki,3,https://www.keiba.go.jp/KeibaWeb/TodayRaceInfo/RaceMarkTable?k_raceDate=2017%2F01%2F23&k_raceNo=3&k_babaCode=21,data/cache/html/20170123_kawasaki_3.html
20170123_kawasaki_4,2017-01-23,kawasaki,4,https://www.keiba.go.jp/KeibaWeb/TodayRaceInfo/RaceMarkTable?k_raceDate=2017%2F01%2F23&k_raceNo=4&k_babaCode=21,data/cache/html/20170123_kawasaki_4.html
20170123_kawasaki_5,2017-01-23,kawasaki,5,https://www.keiba.go.jp/KeibaWeb/TodayRaceInfo/RaceMarkTable?k_raceDate=2017%2F01%2F23&k_raceNo=5&k_babaCode=21,data/cache/html/20170123_kawasaki_5.html
20170123_kawasaki_6,2017-01-23,kawasaki,6,https://www.keiba.go.jp/KeibaWeb/TodayRaceInfo/RaceMarkTable?k_raceDate=2017%2F01%2F23&k_raceNo=6&k_babaCode=21,data/cache/html/20170123_kawasaki_6.html
20170123_kawasaki_7,2017-01-23,kawasaki,7,https://www.keiba.go.jp/KeibaWeb/TodayRaceInfo/RaceMarkTable?k_raceDate=2017%2F01%2F23&k_raceNo=7&k_babaCode=21,data/cache/html/20170123_kawasaki_7.html
20170123_kawasaki_8,2017-01-23,kawasaki,8,https://www.keiba.go.jp/KeibaWeb/TodayRaceInfo/RaceMarkTable?k_raceDate=2017%2F01%2F23&k_raceNo=8&k_babaCode=21,data/cache/html/20170123_kawasaki_8.html
20170123_kawasaki_9,2017-01-23,kawasaki,9,https://www.keiba.go.jp/KeibaWeb/TodayRaceInfo/RaceMarkTable?k_raceDate=2017%2F01%2F23&k_raceNo=9&k_babaCode=21,data/cache/html/20170123_kawasaki_9.html
20170123_kawasaki_10,2017-01-23,kawasaki,10,https://www.keiba.go.jp/KeibaWeb/TodayRaceInfo/RaceMarkTable?k_raceDate=2017%2F01%2F23&k_raceNo=10&k_babaCode=21,data/cache/html/20170123_kawasaki_10.html
20170123_kawasaki_11,2017-01-23,kawasaki,11,https://www.keiba.go.jp/KeibaWeb/TodayRaceInfo/RaceMarkTable?k_raceDate=2017%2F01%2F23&k_raceNo=11&k_babaCode=21,data/cache/html/20170123_kawasaki_11.html
20170123_kawasaki_12,2017-01-23,kawasaki,12,https://www.keiba.go.jp/KeibaWeb/TodayRaceInfo/RaceMarkTable?k_raceDate=2017%2F01%2F23&k_raceNo=12&k_babaCode=21,data/cache/html/20170123_kawasaki_12.html
20170122_kawasaki_1,2017-01-22,kawasaki,1,https://www.keiba.go.jp/KeibaWeb/TodayRaceInfo/RaceMarkTable?k_raceDate=2017%2F01%2F22&k_raceNo=1&k_babaCode=21,data/cache/html/20170122_kawasaki_1.html
20170122_kawasaki_2,2017-01-22,kawasaki,2,https://www.keiba.go.jp/KeibaWeb/TodayRaceInfo/RaceMarkTable?k_raceDate=2017%2F01%2F22&k_raceNo=2&k_babaCode=21,data/cache/html/20170122_kawasaki_2.html
20170122_kawasaki_3,2017-01-22,kawasaki,3,https://www.keiba.go.jp/KeibaWeb/TodayRaceInfo/RaceMarkTable?k_raceDate=2017%2F01%2F22&k_raceNo=3&k_babaCode=21,data/cache/html/20170122_kawasaki_3.html
20170122_kawasaki_4,2017-01-22,kawasaki,4,https://www.keiba.go.jp/KeibaWeb/TodayRaceInfo/RaceMarkTable?k_raceDate=2017%2F01%2F22&k_raceNo=4&k_babaCode=21,data/cache/html/20170122_kawasaki_4.html
20170122_kawasaki_5,2017-01-22,kawasaki,5,https://www.keiba.go.jp/KeibaWeb/TodayRaceInfo/RaceMarkTable?k_raceDate=2017%2F01%2F22&k_raceNo=5&k_babaCode=21,data/cache/html/20170122_kawasaki_5.html
20170122_kawasaki_6,2017-01-22,kawasaki,6,https://www.keiba.go.jp/KeibaWeb/TodayRaceInfo/RaceMarkTable?k_raceDate=2017%2F01%2F22&k_raceNo=6&k_babaCode=21,data/cache/html/20170122_kawasaki_6.html
20170122_kawasaki_7,2017-01-22,kawasaki,7,https://www.keiba.go.jp/KeibaWeb/TodayRaceInfo/RaceMarkTable?k_raceDate=2017%2F01%2F22&k_raceNo=7&k_babaCode=21,data/cache/html/20170122_kawasaki_7.html
20170122_kawasaki_8,2017-01-22,kawasaki,8,https://www.keiba.go.jp/KeibaWeb/TodayRaceInfo/RaceMarkTable?k_raceDate=2017%2F01%2F22&k_raceNo=8&k_babaCode=21,data/cache/html/20170122_kawasaki_8.html
20170122_kawasaki_9,2017-01-22,kawasaki,9,https://www.keiba.go.jp/KeibaWeb/TodayRaceInfo/RaceMarkTable?k_raceDate=2017%2F01%2F22&k_raceNo=9&k_babaCode=21,data/cache/html/20170122_kawasaki_9.html
20170122_kawasaki_10,2017-01-22,kawasaki,10,https://www.keiba.go.jp/KeibaWeb/TodayRaceInfo/RaceMarkTable?k_raceDate=2017%2F01%2F22&k_raceNo=10&k_babaCode=21,data/cache/html/20170122_kawasaki_10.html
20170122_kawasaki_11,2017-01-22,kawasaki,11,https://www.keiba.go.jp/KeibaWeb/TodayRaceInfo/RaceMarkTable?k_raceDate=2017%2F01%2F22&k_raceNo=11&k_babaCode=21,data/cache/html/20170122_kawasaki_11.html
20170122_kawasaki_12,2017-01-22,kawasaki,12,https://www.keiba.go.jp/KeibaWeb/TodayRaceInfo/RaceMarkTable?k_raceDate=2017%2F01%2F22&k_raceNo=12&k_babaCode=21,data/cache/html/20170122_kawasaki_12.html
20170121_kawasaki_1,2017-01-21,kawasaki,1,https://www.keiba.go.jp/KeibaWeb/TodayRaceInfo/RaceMarkTable?k_raceDate=2017%2F01%2F21&k_raceNo=1&k_babaCode=21,data/cache/html/20170121_kawasaki_1.html
20170121_kawasaki_2,2017-01-21,kawasaki,2,https://www.keiba.go.jp/KeibaWeb/TodayRaceInfo/RaceMarkTable?k_raceDate=2017%2F01%2F21&k_raceNo=2&k_babaCode=21,data/cache/html/20170121_kawasaki_2.html
20170121_kawasaki_3,2017-01-21,kawasaki,3,https://www.keiba.go.jp/KeibaWeb/TodayRaceInfo/RaceMarkTable?k_raceDate=2017%2F01%2F21&k_raceNo=3&k_babaCode=21,data/cache/html/20170121_kawasaki_3.html
20170121_kawasaki_4,2017-01-21,kawasaki,4,https://www.keiba.go.jp/KeibaWeb/TodayRaceInfo/RaceMarkTable?k_raceDate=2017%2F01%2F21&k_raceNo=4&k_babaCode=21,data/cache/html/20170121_kawasaki_4.html
20170121_kawasaki_5,2017-01-21,kawasaki,5,https://www.keiba.go.jp/KeibaWeb/TodayRaceInfo/RaceMarkTable?k_raceDate=2017%2F01%2F21&k_raceNo=5&k_babaCode=21,data/cache/html/20170121_kawasaki_5.html
20170121_kawasaki_6,2017-01-21,kawasaki,6,https://www.keiba.go.jp/KeibaWeb/TodayRaceInfo/RaceMarkTable?k_raceDate=2017%2F01%2F21&k_raceNo=6&k_babaCode=21,data/cache/html/20170121_kawasaki_6.html
20170121_kawasaki_7,2017-01-21,kawasaki,7,https://www.keiba.go.jp/KeibaWeb/TodayRaceInfo/RaceMarkTable?k_raceDate=2017%2F01%2F21&k_raceNo=7&k_babaCode=21,data/cache/html/20170121_kawasaki_7.html
20170121_kawasaki_8,2017-01-21,kawasaki,8,https://www.keiba.go.jp/KeibaWeb/TodayRaceInfo/RaceMarkTable?k_raceDate=2017%2F01%2F21&k_raceNo=8&k_babaCode=21,data/cache/html/20170121_kawasaki_8.html
20170121_kawasaki_9,2017-01-21,kawasaki,9,https://www.keiba.go.jp/KeibaWeb/TodayRaceInfo/RaceMarkTable?k_raceDate=2017%2F01%2F21&k_raceNo=9&k_babaCode=21,data/cache/html/20170121_kawasaki_9.html
20170121_kawasaki_10,2017-01-21,kawasaki,10,https://www.keiba.go.jp/KeibaWeb/TodayRaceInfo/RaceMarkTable?k_raceDate=2017%2F01%2F21&k_raceNo=10&k_babaCode=21,data/cache/html/20170121_kawasaki_10.html
20170121_kawasaki_11,2017-01-21,kawasaki,11,https://www.keiba.go.jp/KeibaWeb/TodayRaceInfo/RaceMarkTable?k_raceDate=2017%2F01%2F21&k_raceNo=11&k_babaCode=21,data/cache/html/20170121_kawasaki_11.html
20170121_kawasaki_12,2017-01-21,kawasaki,12,https://www.keiba.go.jp/KeibaWeb/TodayRaceInfo/RaceMarkTable?k_raceDate=2017%2F01%2F21&k_raceNo=12&k_babaCode=21,data/cache/html/20170121_kawasaki_12.html
20170120_kawasaki_1,2017-01-20,kawasaki,1,https://www.keiba.go.jp/KeibaWeb/TodayRaceInfo/RaceMarkTable?k_raceDate=2017%2F01%2F20&k_raceNo=1&k_babaCode=21,data/cache/html/20170120_kawasaki_1.html
20170120_kawasaki_2,2017-01-20,kawasaki,2,https://www.keiba.go.jp/KeibaWeb/TodayRaceInfo/RaceMarkTable?k_raceDate=2017%2F01%2F20&k_raceNo=2&k_babaCode=21,data/cache/html/20170120_kawasaki_2.html
20170120_kawasaki_3,2017-01-20,kawasaki,3,https://www.keiba.go.jp/KeibaWeb/TodayRaceInfo/RaceMarkTable?k_raceDate=2017%2F01%2F20&k_raceNo=3&k_babaCode=21,data/cache/html/20170120_kawasaki_3.html
20170120_kawasaki_4,2017-01-20,kawasaki,4,https://www.keiba.go.jp/KeibaWeb/TodayRaceInfo/RaceMarkTable?k_raceDate=2017%2F01%2F20&k_raceNo=4&k_babaCode=21,data/cache/html/20170120_kawasaki_4.html
20170120_kawasaki_5,2017-01-20,kawasaki,5,https://www.keiba.go.jp/KeibaWeb/TodayRaceInfo/RaceMarkTable?k_raceDate=2017%2F01%2F20&k_raceNo=5&k_babaCode=21,data/cache/html/20170120_kawasaki_5.html
20170120_kawasaki_6,2017-01-20,kawasaki,6,https://www.keiba.go.jp/KeibaWeb/TodayRaceInfo/RaceMarkTable?k_raceDate=2017%2F01%2F20&k_raceNo=6&k_babaCode=21,data/cache/html/20170120_kawasaki_6.html
20170120_kawasaki_7,2017-01-20,kawasaki,7,https://www.keiba.go.jp/KeibaWeb/TodayRaceInfo/RaceMarkTable?k_raceDate=2017%2F01%2F20&k_raceNo=7&k_babaCode=21,data/cache/html/20170120_kawasaki_7.html
20170120_kawasaki_8,2017-01-20,kawasaki,8,https://www.keiba.go.jp/KeibaWeb/TodayRaceInfo/RaceMarkTable?k_raceDate=2017%2F01%2F20&k_raceNo=8&k_babaCode=21,data/cache/html/20170120_kawasaki_8.html
20170120_kawasaki_9,2017-01-20,kawasaki,9,https://www.keiba.go.jp/KeibaWeb/TodayRaceInfo/RaceMarkTable?k_raceDate=2017%2F01%2F20&k_raceNo=9&k_babaCode=21,data/cache/html/20170120_kawasaki_9.html
20170120_kawasaki_10,2017-01-20,kawasaki,10,https://www.keiba.go.jp/KeibaWeb/TodayRaceInfo/RaceMarkTable?k_raceDate=2017%2F01%2F20&k_raceNo=10&k_babaCode=21,data/cache/html/20170120_kawasaki_10.html
20170120_kawasaki_11,2017-01-20,kawasaki,11,https://www.keiba.go.jp/KeibaWeb/TodayRaceInfo/RaceMarkTable?k_raceDate=2017%2F01%2F20&k_raceNo=11&k_babaCode=21,data/cache/html/20170120_kawasaki_11.html
20170120_kawasaki_12,2017-01-20,kawasaki,12,https://www.keiba.go.jp/KeibaWeb/TodayRaceInfo/RaceMarkTable?k_raceDate=2017%2F01%2F20&k_raceNo=12&k_babaCode=21,data/cache/html/20170120_kawasaki_12.html
20170119_kawasaki_1,2017-01-19,kawasaki,1,https://www.keiba.go.jp/KeibaWeb/TodayRaceInfo/RaceMarkTable?k_raceDate=2017%2F01%2F19&k_raceNo=1&k_babaCode=21,data/cache/html/20170119_kawasaki_1.html
20170119_kawasaki_2,2017-01-19,kawasaki,2,https://www.keiba.go.jp/KeibaWeb/TodayRaceInfo/RaceMarkTable?k_raceDate=2017%2F01%2F19&k_raceNo=2&k_babaCode=21,data/cache/html/20170119_kawasaki_2.html
20170119_kawasaki_3,2017-01-19,kawasaki,3,https://www.keiba.go.jp/KeibaWeb/TodayRaceInfo/RaceMarkTable?k_raceDate=2017%2F01%2F19&k_raceNo=3&k_babaCode=21,data/cache/html/20170119_kawasaki_3.html
20170119_kawasaki_4,2017-01-19,kawasaki,4,https://www.keiba.go.jp/KeibaWeb/TodayRaceInfo/RaceMarkTable?k_raceDate=2017%2F01%2F19&k_raceNo=4&k_babaCode=21,data/cache/html/20170119_kawasaki_4.html
20170119_kawasaki_5,2017-01-19,kawasaki,5,https://www.keiba.go.jp/KeibaWeb/TodayRaceInfo/RaceMarkTable?k_raceDate=2017%2F01%2F19&k_raceNo=5&k_babaCode=21,data/cache/html/20170119_kawasaki_5.html
20170119_kawasaki_6,2017-01-19,kawasaki,6,https://www.keiba.go.jp/KeibaWeb/TodayRaceInfo/RaceMarkTable?k_raceDate=2017%2F01%2F19&k_raceNo=6&k_babaCode=21,data/cache/html/20170119_kawasaki_6.html
20170119_kawasaki_7,2017-01-19,kawasaki,7,https://www.keiba.go.jp/KeibaWeb/TodayRaceInfo/RaceMarkTable?k_raceDate=2017%2F01%2F19&k_raceNo=7&k_babaCode=21,data/cache/html/20170119_kawasaki_7.html
20170119_kawasaki_8,2017-01-19,kawasaki,8,https://www.keiba.go.jp/KeibaWeb/TodayRaceInfo/RaceMarkTable?k_raceDate=2017%2F01%2F19&k_raceNo=8&k_babaCode=21,data/cache/html/20170119_kawasaki_8.html
20170119_kawasaki_9,2017-01-19,kawasaki,9,https://www.keiba.go.jp/KeibaWeb/TodayRaceInfo/RaceMarkTable?k_raceDate=2017%2F01%2F19&k_raceNo=9&k_babaCode=21,data/cache/html/20170119_kawasaki_9.html
20170119_kawasaki_10,2017-01-19,kawasaki,10,https://www.keiba.go.jp/KeibaWeb/TodayRaceInfo/RaceMarkTable?k_raceDate=2017%2F01%2F19&k_raceNo=10&k_babaCode=21,data/cache/html/20170119_kawasaki_10.html
20170119_kawasaki_11,2017-01-19,kawasaki,11,https://www.keiba.go.jp/KeibaWeb/TodayRaceInfo/RaceMarkTable?k_raceDate=2017%2F01%2F19&k_raceNo=11&k_babaCode=21,data/cache/html/20170119_kawasaki_11.html
20170119_kawasaki_12,2017-01-19,kawasaki,12,https://www.keiba.go.jp/KeibaWeb/TodayRaceInfo/RaceMarkTable?k_raceDate=2017%2F01%2F19&k_raceNo=12&k_babaCode=21,data/cache/html/20170119_kawasaki_12.html
20170118_kawasaki_1,2017-01-18,kawasaki,1,https://www.keiba.go.jp/KeibaWeb/TodayRaceInfo/RaceMarkTable?k_raceDate=2017%2F01%2F18&k_raceNo=1&k_babaCode=21,data/cache/html/20170118_kawasaki_1.html
20170118_kawasaki_2,2017-01-18,kawasaki,2,https://www.keiba.go.jp/KeibaWeb/TodayRaceInfo/RaceMarkTable?k_raceDate=2017%2F01%2F18&k_raceNo=2&k_babaCode=21,data/cache/html/20170118_kawasaki_2.html
20170118_kawasaki_3,2017-01-18,kawasaki,3,https://www.keiba.go.jp/KeibaWeb/TodayRaceInfo/RaceMarkTable?k_raceDate=2017%2F01%2F18&k_raceNo=3&k_babaCode=21,data/cache/html/20170118_kawasaki_3.html
20170118_kawasaki_4,2017-01-18,kawasaki,4,https://www.keiba.go.jp/KeibaWeb/TodayRaceInfo/RaceMarkTable?k_raceDate=2017%2F01%2F18&k_raceNo=4&k_babaCode=21,data/cache/html/20170118_kawasaki_4.html
20170118_kawasaki_5,2017-01-18,kawasaki,5,https://www.keiba.go.jp/KeibaWeb/TodayRaceInfo/RaceMarkTable?k_raceDate=2017%2F01%2F18&k_raceNo=5&k_babaCode=21,data/cache/html/20170118_kawasaki_5.html
20170118_kawasaki_6,2017-01-18,kawasaki,6,https://www.keiba.go.jp/KeibaWeb/TodayRaceInfo/RaceMarkTable?k_raceDate=2017%2F01%2F18&k_raceNo=6&k_babaCode=21,data/cache/html/20170118_kawasaki_6.html
20170118_kawasaki_7,2017-01-18,kawasaki,7,https://www.keiba.go.jp/KeibaWeb/TodayRaceInfo/RaceMarkTable?k_raceDate=2017%2F01%2F18&k_raceNo=7&k_babaCode=21,data/cache/html/20170118_kawasaki_7.html
20170118_kawasaki_8,2017-01-18,kawasaki,8,https://www.keiba.go.jp/KeibaWeb/TodayRaceInfo/RaceMarkTable?k_raceDate=2017%2F01%2F18&k_raceNo=8&k_babaCode=21,data/cache/html/20170118_kawasaki_8.html
20170118_kawasaki_9,2017-01-18,kawasaki,9,https://www.keiba.go.jp/KeibaWeb/TodayRaceInfo/RaceMarkTable?k_raceDate=2017%2F01%2F18&k_raceNo=9&k_babaCode=21,data/cache/html/20170118_kawasaki_9.html
20170118_kawasaki_10,2017-01-18,kawasaki,10,https://www.keiba.go.jp/KeibaWeb/TodayRaceInfo/RaceMarkTable?k_raceDate=2017%2F01%2F18&k_raceNo=10&k_babaCode=21,data/cache/html/20170118_kawasaki_10.html
20170118_kawasaki_11,2017-01-18,kawasaki,11,https://www.keiba.go.jp/KeibaWeb/TodayRaceInfo/RaceMarkTable?k_raceDate=2017%2F01%2F18&k_raceNo=11&k_babaCode=21,data/cache/html/20170118_kawasaki_11.html
20170118_kawasaki_12,2017-01-18,kawasaki,12,https://www.keiba.go.jp/KeibaWeb/TodayRaceInfo/RaceMarkTable?k_raceDate=2017%2F01%2F18&k_raceNo=12&k_babaCode=21,data/cache/html/20170118_kawasaki_12.html
20170117_kawasaki_1,2017-01-17,kawasaki,1,https://www.keiba.go.jp/KeibaWeb/TodayRaceInfo/RaceMarkTable?k_raceDate=2017%2F01%2F17&k_raceNo=1&k_babaCode=21,data/cache/html/20170117_kawasaki_1.html
20170117_kawasaki_2,2017-01-17,kawasaki,2,https://www.keiba.go.jp/KeibaWeb/TodayRaceInfo/RaceMarkTable?k_raceDate=2017%2F01%2F17&k_raceNo=2&k_babaCode=21,data/cache/html/20170117_kawasaki_2.html
20170117_kawasaki_3,2017-01-17,kawasaki,3,https://www.keiba.go.jp/KeibaWeb/TodayRaceInfo/RaceMarkTable?k_raceDate=2017%2F01%2F17&k_raceNo=3&k_babaCode=21,data/cache/html/20170117_kawasaki_3.html
20170117_kawasaki_4,2017-01-17,kawasaki,4,https://www.keiba.go.jp/KeibaWeb/TodayRaceInfo/RaceMarkTable?k_raceDate=2017%2F01%2F17&k_raceNo=4&k_babaCode=21,data/cache/html/20170117_kawasaki_4.html
20170117_kawasaki_5,2017-01-17,kawasaki,5,https://www.keiba.go.jp/KeibaWeb/TodayRaceInfo/RaceMarkTable?k_raceDate=2017%2F01%2F17&k_raceNo=5&k_babaCode=21,data/cache/html/20170117_kawasaki_5.html
20170117_kawasaki_6,2017-01-17,kawasaki,6,https://www.keiba.go.jp/KeibaWeb/TodayRaceInfo/RaceMarkTable?k_raceDate=2017%2F01%2F17&k_raceNo=6&k_babaCode=21,data/cache/html/20170117_kawasaki_6.html
20170117_kawasaki_7,2017-01-17,kawasaki,7,https://www.keiba.go.jp/KeibaWeb/TodayRaceInfo/RaceMarkTable?k_raceDate=2017%2F01%2F17&k_raceNo=7&k_babaCode=21,data/cache/html/20170117_kawasaki_7.html
20170117_kawasaki_8,2017-01-17,kawasaki,8,https://www.keiba.go.jp/KeibaWeb/TodayRaceInfo/RaceMarkTable?k_raceDate=2017%2F01%2F17&k_raceNo=8&k_babaCode=21,data/cache/html/20170117_kawasaki_8.html
20170117_kawasaki_9,2017-01-17,kawasaki,9,https://www.keiba.go.jp/KeibaWeb/TodayRaceInfo/RaceMarkTable?k_raceDate=2017%2F01%2F17&k_raceNo=9&k_babaCode=21,data/cache/html/20170117_kawasaki_9.html
20170117_kawasaki_10,2017-01-17,kawasaki,10,https://www.keiba.go.jp/KeibaWeb/TodayRaceInfo/RaceMarkTable?k_raceDate=2017%2F01%2F17&k_raceNo=10&k_babaCode=21,data/cache/html/20170117_kawasaki_10.html
20170117_kawasaki_11,2017-01-17,kawasaki,11,https://www.keiba.go.jp/KeibaWeb/TodayRaceInfo/RaceMarkTable?k_raceDate=2017%2F01%2F17&k_raceNo=11&k_babaCode=21,data/cache/html/20170117_kawasaki_11.html
20170117_kawasaki_12,2017-01-17,kawasaki,12,https://www.keiba.go.jp/KeibaWeb/TodayRaceInfo/RaceMarkTable?k_raceDate=2017%2F01%2F17&k_raceNo=12&k_babaCode=21,data/cache/html/20170117_kawasaki_12.html
