race_id,date,track,race_no,official_url,cache_html_path
19890612_kawasaki_1,1989-06-12,kawasaki,1,https://www.keiba.go.jp/KeibaWeb/TodayRaceInfo/RaceMarkTable?k_raceDate=1989%2F06%2F12&k_raceNo=1&k_babaCode=21,data/cache/html/19890612_kawasaki_1.html
19890612_kawasaki_2,1989-06-12,kawasaki,2,https://www.keiba.go.jp/KeibaWeb/TodayRaceInfo/RaceMarkTable?k_raceDate=1989%2F06%2F12&k_raceNo=2&k_babaCode=21,data/cache/html/19890612_kawasaki_2.html
19890612_kawasaki_3,1989-06-12,kawasaki,3,https://www.keiba.go.jp/KeibaWeb/TodayRaceInfo/RaceMarkTable?k_raceDate=1989%2F06%2F12&k_raceNo=3&k_babaCode=21,data/cache/html/19890612_kawasaki_3.html
19890612_kawasaki_4,1989-06-12,kawasaki,4,https://www.keiba.go.jp/KeibaWeb/TodayRaceInfo/RaceMarkTable?k_raceDate=1989%2F06%2F12&k_raceNo=4&k_babaCode=21,data/cache/html/19890612_kawasaki_4.html
19890612_kawasaki_5,1989-06-12,kawasaki,5,https://www.keiba.go.jp/KeibaWeb/TodayRaceInfo/RaceMarkTable?k_raceDate=1989%2F06%2F12&k_raceNo=5&k_babaCode=21,data/cache/html/19890612_kawasaki_5.html
19890612_kawasaki_6,1989-06-12,kawasaki,6,https://www.keiba.go.jp/KeibaWeb/TodayRaceInfo/RaceMarkTable?k_raceDate=1989%2F06%2F12&k_raceNo=6&k_babaCode=21,data/cache/html/19890612_kawasaki_6.html
19890612_kawasaki_7,1989-06-12,kawasaki,7,https://www.keiba.go.jp/KeibaWeb/TodayRaceInfo/RaceMarkTable?k_raceDate=1989%2F06%2F12&k_raceNo=7&k_babaCode=21,data/cache/html/19890612_kawasaki_7.html
19890612_kawasaki_8,1989-06-12,kawasaki,8,https://www.keiba.go.jp/KeibaWeb/TodayRaceInfo/RaceMarkTable?k_raceDate=1989%2F06%2F12&k_raceNo=8&k_babaCode=21,data/cache/html/19890612_kawasaki_8.html
19890612_kawasaki_9,1989-06-12,kawasaki,9,https://www.keiba.go.jp/KeibaWeb/TodayRaceInfo/RaceMarkTable?k_raceDate=1989%2F06%2F12&k_raceNo=9&k_babaCode=21,data/cache/html/19890612_kawasaki_9.html
19890612_kawasaki_10,1989-06-12,kawasaki,10,https://www.keiba.go.jp/KeibaWeb/TodayRaceInfo/RaceMarkTable?k_raceDate=1989%2F06%2F12&k_raceNo=10&k_babaCode=21,data/cache/html/19890612_kawasaki_10.html
19890612_kawasaki_11,1989-06-12,kawasaki,11,https://www.keiba.go.jp/KeibaWeb/TodayRaceInfo/RaceMarkTable?k_raceDate=1989%2F06%2F12&k_raceNo=11&k_babaCode=21,data/cache/html/19890612_kawasaki_11.html
19890612_kawasaki_12,1989-06-12,kawasaki,12,https://www.keiba.go.jp/KeibaWeb/TodayRaceInfo/RaceMarkTable?k_raceDate=1989%2F06%2F12&k_raceNo=12&k_babaCode=21,data/cache/html/19890612_kawasaki_12.html
19890611_kawasaki_1,1989-06-11,kawasaki,1,https://www.keiba.go.jp/KeibaWeb/TodayRaceInfo/RaceMarkTable?k_raceDate=1989%2F06%2F11&k_raceNo=1&k_babaCode=21,data/cache/html/19890611_kawasaki_1.html
19890611_kawasaki_2,1989-06-11,kawasaki,2,https://www.keiba.go.jp/KeibaWeb/TodayRaceInfo/RaceMarkTable?k_raceDate=1989%2F06%2F11&k_raceNo=2&k_babaCode=21,data/cache/html/19890611_kawasaki_2.html
19890611_kawasaki_3,1989-06-11,kawasaki,3,https://www.keiba.go.jp/KeibaWeb/TodayRaceInfo/RaceMarkTable?k_raceDate=1989%2F06%2F11&k_raceNo=3&k_babaCode=21,data/cache/html/19890611_kawasaki_3.html
19890611_kawasaki_4,1989-06-11,kawasaki,4,https://www.keiba.go.jp/KeibaWeb/TodayRaceInfo/RaceMarkTable?k_raceDate=1989%2F06%2F11&k_raceNo=4&k_babaCode=21,data/cache/html/19890611_kawasaki_4.html
19890611_kawasaki_5,1989-06-11,kawasaki,5,https://www.keiba.go.jp/KeibaWeb/TodayRaceInfo/RaceMarkTable?k_raceDate=1989%2F06%2F11&k_raceNo=5&k_babaCode=21,data/cache/html/19890611_kawasaki_5.html
19890611_kawasaki_6,1989-06-11,kawasaki,6,https://www.keiba.go.jp/KeibaWeb/TodayRaceInfo/RaceMarkTable?k_raceDate=1989%2F06%2F11&k_raceNo=6&k_babaCode=21,data/cache/html/19890611_kawasaki_6.html
19890611_kawasaki_7,1989-06-11,kawasaki,7,https://www.keiba.go.jp/KeibaWeb/TodayRaceInfo/RaceMarkTable?k_raceDate=1989%2F06%2F11&k_raceNo=7&k_babaCode=21,data/cache/html/19890611_kawasaki_7.html
19890611_kawasaki_8,1989-06-11,kawasaki,8,https://www.keiba.go.jp/KeibaWeb/TodayRaceInfo/RaceMarkTable?k_raceDate=1989%2F06%2F11&k_raceNo=8&k_babaCode=21,data/cache/html/19890611_kawasaki_8.html
19890611_kawasaki_9,1989-06-11,kawasaki,9,https://www.keiba.go.jp/KeibaWeb/TodayRaceInfo/RaceMarkTable?k_raceDate=1989%2F06%2F11&k_raceNo=9&k_babaCode=21,data/cache/html/19890611_kawasaki_9.html
19890611_kawasaki_10,1989-06-11,kawasaki,10,https://www.keiba.go.jp/KeibaWeb/TodayRaceInfo/RaceMarkTable?k_raceDate=1989%2F06%2F11&k_raceNo=10&k_babaCode=21,data/cache/html/19890611_kawasaki_10.html
19890611_kawasaki_11,1989-06-11,kawasaki,11,https://www.keiba.go.jp/KeibaWeb/TodayRaceInfo/RaceMarkTable?k_raceDate=1989%2F06%2F11&k_raceNo=11&k_babaCode=21,data/cache/html/19890611_kawasaki_11.html
19890611_kawasaki_12,1989-06-11,kawasaki,12,https://www.keiba.go.jp/KeibaWeb/TodayRaceInfo/RaceMarkTable?k_raceDate=1989%2F06%2F11&k_raceNo=12&k_babaCode=21,data/cache/html/19890611_kawasaki_12.html
19890610_kawasaki_1,1989-06-10,kawasaki,1,https://www.keiba.go.jp/KeibaWeb/TodayRaceInfo/RaceMarkTable?k_raceDate=1989%2F06%2F10&k_raceNo=1&k_babaCode=21,data/cache/html/19890610_kawasaki_1.html
19890610_kawasaki_2,1989-06-10,kawasaki,2,https://www.keiba.go.jp/KeibaWeb/TodayRaceInfo/RaceMarkTable?k_raceDate=1989%2F06%2F10&k_raceNo=2&k_babaCode=21,data/cache/html/19890610_kawasaki_2.html
19890610_kawasaki_3,1989-06-10,kawasaki,3,https://www.keiba.go.jp/KeibaWeb/TodayRaceInfo/RaceMarkTable?k_raceDate=1989%2F06%2F10&k_raceNo=3&k_babaCode=21,data/cache/html/19890610_kawasaki_3.html
19890610_kawasaki_4,1989-06-10,kawasaki,4,https://www.keiba.go.jp/KeibaWeb/TodayRaceInfo/RaceMarkTable?k_raceDate=1989%2F06%2F10&k_raceNo=4&k_babaCode=21,data/cache/html/19890610_kawasaki_4.html
19890610_kawasaki_5,1989-06-10,kawasaki,5,https://www.keiba.go.jp/KeibaWeb/TodayRaceInfo/RaceMarkTable?k_raceDate=1989%2F06%2F10&k_raceNo=5&k_babaCode=21,data/cache/html/19890610_kawasaki_5.html
19890610_kawasaki_6,1989-06-10,kawasaki,6,https://www.keiba.go.jp/KeibaWeb/TodayRaceInfo/RaceMarkTable?k_raceDate=1989%2F06%2F10&k_raceNo=6&k_babaCode=21,data/cache/html/19890610_kawasaki_6.html
19890610_kawasaki_7,1989-06-10,kawasaki,7,https://www.keiba.go.jp/KeibaWeb/TodayRaceInfo/RaceMarkTable?k_raceDate=1989%2F06%2F10&k_raceNo=7&k_babaCode=21,data/cache/html/19890610_kawasaki_7.html
19890610_kawasaki_8,1989-06-10,kawasaki,8,https://www.keiba.go.jp/KeibaWeb/TodayRaceInfo/RaceMarkTable?k_raceDate=1989%2F06%2F10&k_raceNo=8&k_babaCode=21,data/cache/html/19890610_kawasaki_8.html
19890610_kawasaki_9,1989-06-10,kawasaki,9,https://www.keiba.go.jp/KeibaWeb/TodayRaceInfo/RaceMarkTable?k_raceDate=1989%2F06%2F10&k_raceNo=9&k_babaCode=21,data/cache/html/19890610_kawasaki_9.html
19890610_kawasaki_10,1989-06-10,kawasaki,10,https://www.keiba.go.jp/KeibaWeb/TodayRaceInfo/RaceMarkTable?k_raceDate=1989%2F06%2F10&k_raceNo=10&k_babaCode=21,data/cache/html/19890610_kawasaki_10.html
19890610_kawasaki_11,1989-06-10,kawasaki,11,https://www.keiba.go.jp/KeibaWeb/TodayRaceInfo/RaceMarkTable?k_raceDate=1989%2F06%2F10&k_raceNo=11&k_babaCode=21,data/cache/html/19890610_kawasaki_11.html
19890610_kawasaki_12,1989-06-10,kawasaki,12,https://www.keiba.go.jp/KeibaWeb/TodayRaceInfo/RaceMarkTable?k_raceDate=1989%2F06%2F10&k_raceNo=12&k_babaCode=21,data/cache/html/19890610_kawasaki_12.html
19890609_kawasaki_1,1989-06-09,kawasaki,1,https://www.keiba.go.jp/KeibaWeb/TodayRaceInfo/RaceMarkTable?k_raceDate=1989%2F06%2F09&k_raceNo=1&k_babaCode=21,data/cache/html/19890609_kawasaki_1.html
19890609_kawasaki_2,1989-06-09,kawasaki,2,https://www.keiba.go.jp/KeibaWeb/TodayRaceInfo/RaceMarkTable?k_raceDate=1989%2F06%2F09&k_raceNo=2&k_babaCode=21,data/cache/html/19890609_kawasaki_2.html
19890609_kawasaki_3,1989-06-09,kawasaki,3,https://www.keiba.go.jp/KeibaWeb/TodayRaceInfo/RaceMarkTable?k_raceDate=1989%2F06%2F09&k_raceNo=3&k_babaCode=21,data/cache/html/19890609_kawasaki_3.html
19890609_kawasaki_4,1989-06-09,kawasaki,4,https://www.keiba.go.jp/KeibaWeb/TodayRaceInfo/RaceMarkTable?k_raceDate=1989%2F06%2F09&k_raceNo=4&k_babaCode=21,data/cache/html/19890609_kawasaki_4.html
19890609_kawasaki_5,1989-06-09,kawasaki,5,https://www.keiba.go.jp/KeibaWeb/TodayRaceInfo/RaceMarkTable?k_raceDate=1989%2F06%2F09&k_raceNo=5&k_babaCode=21,data/cache/html/19890609_kawasaki_5.html
19890609_kawasaki_6,1989-06-09,kawasaki,6,https://www.keiba.go.jp/KeibaWeb/TodayRaceInfo/RaceMarkTable?k_raceDate=1989%2F06%2F09&k_raceNo=6&k_babaCode=21,data/cache/html/19890609_kawasaki_6.html
19890609_kawasaki_7,1989-06-09,kawasaki,7,https://www.keiba.go.jp/KeibaWeb/TodayRaceInfo/RaceMarkTable?k_raceDate=1989%2F06%2F09&k_raceNo=7&k_babaCode=21,data/cache/html/19890609_kawasaki_7.html
19890609_kawasaki_8,1989-06-09,kawasaki,8,https://www.keiba.go.jp/KeibaWeb/TodayRaceInfo/RaceMarkTable?k_raceDate=1989%2F06%2F09&k_raceNo=8&k_babaCode=21,data/cache/html/19890609_kawasaki_8.html
19890609_kawasaki_9,1989-06-09,kawasaki,9,https://www.keiba.go.jp/KeibaWeb/TodayRaceInfo/RaceMarkTable?k_raceDate=1989%2F06%2F09&k_raceNo=9&k_babaCode=21,data/cache/html/19890609_kawasaki_9.html
19890609_kawasaki_10,1989-06-09,kawasaki,10,https://www.keiba.go.jp/KeibaWeb/TodayRaceInfo/RaceMarkTable?k_raceDate=1989%2F06%2F09&k_raceNo=10&k_babaCode=21,data/cache/html/19890609_kawasaki_10.html
19890609_kawasaki_11,1989-06-09,kawasaki,11,https://www.keiba.go.jp/KeibaWeb/TodayRaceInfo/RaceMarkTable?k_raceDate=1989%2F06%2F09&k_raceNo=11&k_babaCode=21,data/cache/html/19890609_kawasaki_11.html
19890609_kawasaki_12,1989-06-09,kawasaki,12,https://www.keiba.go.jp/KeibaWeb/TodayRaceInfo/RaceMarkTable?k_raceDate=1989%2F06%2F09&k_raceNo=12&k_babaCode=21,data/cache/html/19890609_kawasaki_12.html
19890608_kawasaki_1,1989-06-08,kawasaki,1,https://www.keiba.go.jp/KeibaWeb/TodayRaceInfo/RaceMarkTable?k_raceDate=1989%2F06%2F08&k_raceNo=1&k_babaCode=21,data/cache/html/19890608_kawasaki_1.html
19890608_kawasaki_2,1989-06-08,kawasaki,2,https://www.keiba.go.jp/KeibaWeb/TodayRaceInfo/RaceMarkTable?k_raceDate=1989%2F06%2F08&k_raceNo=2&k_babaCode=21,data/cache/html/19890608_kawasaki_2.html
19890608_kawasaki_3,1989-06-08,kawasaki,3,https://www.keiba.go.jp/KeibaWeb/TodayRaceInfo/RaceMarkTable?k_raceDate=1989%2F06%2F08&k_raceNo=3&k_babaCode=21,data/cache/html/19890608_kawasaki_3.html
19890608_kawasaki_4,1989-06-08,kawasaki,4,https://www.keiba.go.jp/KeibaWeb/TodayRaceInfo/RaceMarkTable?k_raceDate=1989%2F06%2F08&k_raceNo=4&k_babaCode=21,data/cache/html/19890608_kawasaki_4.html
19890608_kawasaki_5,1989-06-08,kawasaki,5,https://www.keiba.go.jp/KeibaWeb/TodayRaceInfo/RaceMarkTable?k_raceDate=1989%2F06%2F08&k_raceNo=5&k_babaCode=21,data/cache/html/19890608_kawasaki_5.html
19890608_kawasaki_6,1989-06-08,kawasaki,6,https://www.keiba.go.jp/KeibaWeb/TodayRaceInfo/RaceMarkTable?k_raceDate=1989%2F06%2F08&k_raceNo=6&k_babaCode=21,data/cache/html/19890608_kawasaki_6.html
19890608_kawasaki_7,1989-06-08,kawasaki,7,https://www.keiba.go.jp/KeibaWeb/TodayRaceInfo/RaceMarkTable?k_raceDate=1989%2F06%2F08&k_raceNo=7&k_babaCode=21,data/cache/html/19890608_kawasaki_7.html
19890608_kawasaki_8,1989-06-08,kawasaki,8,https://www.keiba.go.jp/KeibaWeb/TodayRaceInfo/RaceMarkTable?k_raceDate=1989%2F06%2F08&k_raceNo=8&k_babaCode=21,data/cache/html/19890608_kawasaki_8.html
19890608_kawasaki_9,1989-06-08,kawasaki,9,https://www.keiba.go.jp/KeibaWeb/TodayRaceInfo/RaceMarkTable?k_raceDate=1989%2F06%2F08&k_raceNo=9&k_babaCode=21,data/cache/html/19890608_kawasaki_9.html
19890608_kawasaki_10,1989-06-08,kawasaki,10,https://www.keiba.go.jp/KeibaWeb/TodayRaceInfo/RaceMarkTable?k_raceDate=1989%2F06%2F08&k_raceNo=10&k_babaCode=21,data/cache/html/19890608_kawasaki_10.html
19890608_kawasaki_11,1989-06-08,kawasaki,11,https://www.keiba.go.jp/KeibaWeb/TodayRaceInfo/RaceMarkTable?k_raceDate=1989%2F06%2F08&k_raceNo=11&k_babaCode=21,data/cache/html/19890608_kawasaki_11.html
19890608_kawasaki_12,1989-06-08,kawasaki,12,https://www.keiba.go.jp/KeibaWeb/TodayRaceInfo/RaceMarkTable?k_raceDate=1989%2F06%2F08&k_raceNo=12&k_babaCode=21,data/cache/html/19890608_kawasaki_12.html
19890607_kawasaki_1,1989-06-07,kawasaki,1,https://www.keiba.go.jp/KeibaWeb/TodayRaceInfo/RaceMarkTable?k_raceDate=1989%2F06%2F07&k_raceNo=1&k_babaCode=21,data/cache/html/19890607_kawasaki_1.html
19890607_kawasaki_2,1989-06-07,kawasaki,2,https://www.keiba.go.jp/KeibaWeb/TodayRaceInfo/RaceMarkTable?k_raceDate=1989%2F06%2F07&k_raceNo=2&k_babaCode=21,data/cache/html/19890607_kawasaki_2.html
19890607_kawasaki_3,1989-06-07,kawasaki,3,https://www.keiba.go.jp/KeibaWeb/TodayRaceInfo/RaceMarkTable?k_raceDate=1989%2F06%2F07&k_raceNo=3&k_babaCode=21,data/cache/html/19890607_kawasaki_3.html
19890607_kawasaki_4,1989-06-07,kawasaki,4,https://www.keiba.go.jp/KeibaWeb/TodayRaceInfo/RaceMarkTable?k_raceDate=1989%2F06%2F07&k_raceNo=4&k_babaCode=21,data/cache/html/19890607_kawasaki_4.html
19890607_kawasaki_5,1989-06-07,kawasaki,5,https://www.keiba.go.jp/KeibaWeb/TodayRaceInfo/RaceMarkTable?k_raceDate=1989%2F06%2F07&k_raceNo=5&k_babaCode=21,data/cache/html/19890607_kawasaki_5.html
19890607_kawasaki_6,1989-06-07,kawasaki,6,https://www.keiba.go.jp/KeibaWeb/TodayRaceInfo/RaceMarkTable?k_raceDate=1989%2F06%2F07&k_raceNo=6&k_babaCode=21,data/cache/html/19890607_kawasaki_6.html
19890607_kawasaki_7,1989-06-07,kawasaki,7,https://www.keiba.go.jp/KeibaWeb/TodayRaceInfo/RaceMarkTable?k_raceDate=1989%2F06%2F07&k_raceNo=7&k_babaCode=21,data/cache/html/19890607_kawasaki_7.html
19890607_kawasaki_8,1989-06-07,kawasaki,8,https://www.keiba.go.jp/KeibaWeb/TodayRaceInfo/RaceMarkTable?k_raceDate=1989%2F06%2F07&k_raceNo=8&k_babaCode=21,data/cache/html/19890607_kawasaki_8.html
19890607_kawasaki_9,1989-06-07,kawasaki,9,https://www.keiba.go.jp/KeibaWeb/TodayRaceInfo/RaceMarkTable?k_raceDate=1989%2F06%2F07&k_raceNo=9&k_babaCode=21,data/cache/html/19890607_kawasaki_9.html
19890607_kawasaki_10,1989-06-07,kawasaki,10,https://www.keiba.go.jp/KeibaWeb/TodayRaceInfo/RaceMarkTable?k_raceDate=1989%2F06%2F07&k_raceNo=10&k_babaCode=21,data/cache/html/19890607_kawasaki_10.html
19890607_kawasaki_11,1989-06-07,kawasaki,11,https://www.keiba.go.jp/KeibaWeb/TodayRaceInfo/RaceMarkTable?k_raceDate=1989%2F06%2F07&k_raceNo=11&k_babaCode=21,data/cache/html/19890607_kawasaki_11.html
19890607_kawasaki_12,1989-06-07,kawasaki,12,https://www.keiba.go.jp/KeibaWeb/TodayRaceInfo/RaceMarkTable?k_raceDate=1989%2F06%2F07&k_raceNo=12&k_babaCode=21,data/cache/html/19890607_kawasaki_12.html
19890606_kawasaki_1,1989-06-06,kawasaki,1,https://www.keiba.go.jp/KeibaWeb/TodayRaceInfo/RaceMarkTable?k_raceDate=1989%2F06%2F06&k_raceNo=1&k_babaCode=21,data/cache/html/19890606_kawasaki_1.html
19890606_kawasaki_2,1989-06-06,kawasaki,2,https://www.keiba.go.jp/KeibaWeb/TodayRaceInfo/RaceMarkTable?k_raceDate=1989%2F06%2F06&k_raceNo=2&k_babaCode=21,data/cache/html/19890606_kawasaki_2.html
19890606_kawasaki_3,1989-06-06,kawasaki,3,https://www.keiba.go.jp/KeibaWeb/TodayRaceInfo/RaceMarkTable?k_raceDate=1989%2F06%2F06&k_raceNo=3&k_babaCode=21,data/cache/html/19890606_kawasaki_3.html
19890606_kawasaki_4,1989-06-06,kawasaki,4,https://www.keiba.go.jp/KeibaWeb/TodayRaceInfo/RaceMarkTable?k_raceDate=1989%2F06%2F06&k_raceNo=4&k_babaCode=21,data/cache/html/19890606_kawasaki_4.html
19890606_kawasaki_5,1989-06-06,kawasaki,5,https://www.keiba.go.jp/KeibaWeb/TodayRaceInfo/RaceMarkTable?k_raceDate=1989%2F06%2F06&k_raceNo=5&k_babaCode=21,data/cache/html/19890606_kawasaki_5.html
19890606_kawasaki_6,1989-06-06,kawasaki,6,https://www.keiba.go.jp/KeibaWeb/TodayRaceInfo/RaceMarkTable?k_raceDate=1989%2F06%2F06&k_raceNo=6&k_babaCode=21,data/cache/html/19890606_kawasaki_6.html
19890606_kawasaki_7,1989-06-06,kawasaki,7,https://www.keiba.go.jp/KeibaWeb/TodayRaceInfo/RaceMarkTable?k_raceDate=1989%2F06%2F06&k_raceNo=7&k_babaCode=21,data/cache/html/19890606_kawasaki_7.html
19890606_kawasaki_8,1989-06-06,kawasaki,8,https://www.keiba.go.jp/KeibaWeb/TodayRaceInfo/RaceMarkTable?k_raceDate=1989%2F06%2F06&k_raceNo=8&k_babaCode=21,data/cache/html/19890606_kawasaki_8.html
19890606_kawasaki_9,1989-06-06,kawasaki,9,https://www.keiba.go.jp/KeibaWeb/TodayRaceInfo/RaceMarkTable?k_raceDate=1989%2F06%2F06&k_raceNo=9&k_babaCode=21,data/cache/html/19890606_kawasaki_9.html
19890606_kawasaki_10,1989-06-06,kawasaki,10,https://www.keiba.go.jp/KeibaWeb/TodayRaceInfo/RaceMarkTable?k_raceDate=1989%2F06%2F06&k_raceNo=10&k_babaCode=21,data/cache/html/19890606_kawasaki_10.html
19890606_kawasaki_11,1989-06-06,kawasaki,11,https://www.keiba.go.jp/KeibaWeb/TodayRaceInfo/RaceMarkTable?k_raceDate=1989%2F06%2F06&k_raceNo=11&k_babaCode=21,data/cache/html/19890606_kawasaki_11.html
19890606_kawasaki_12,1989-06-06,kawasaki,12,https://www.keiba.go.jp/KeibaWeb/TodayRaceInfo/RaceMarkTable?k_raceDate=1989%2F06%2F06&k_raceNo=12&k_babaCode=21,data/cache/html/19890606_kawasaki_12.html
19890605_kawasaki_1,1989-06-05,kawasaki,1,https://www.keiba.go.jp/KeibaWeb/TodayRaceInfo/RaceMarkTable?k_raceDate=1989%2F06%2F05&k_raceNo=1&k_babaCode=21,data/cache/html/19890605_kawasaki_1.html
19890605_kawasaki_2,1989-06-05,kawasaki,2,https://www.keiba.go.jp/KeibaWeb/TodayRaceInfo/RaceMarkTable?k_raceDate=1989%2F06%2F05&k_raceNo=2&k_babaCode=21,data/cache/html/19890605_kawasaki_2.html
19890605_kawasaki_3,1989-06-05,kawasaki,3,https://www.keiba.go.jp/KeibaWeb/TodayRaceInfo/RaceMarkTable?k_raceDate=1989%2F06%2F05&k_raceNo=3&k_babaCode=21,data/cache/html/19890605_kawasaki_3.html
19890605_kawasaki_4,1989-06-05,kawasaki,4,https://www.keiba.go.jp/KeibaWeb/TodayRaceInfo/RaceMarkTable?k_raceDate=1989%2F06%2F05&k_raceNo=4&k_babaCode=21,data/cache/html/19890605_kawasaki_4.html
19890605_kawasaki_5,1989-06-05,kawasaki,5,https://www.keiba.go.jp/KeibaWeb/TodayRaceInfo/RaceMarkTable?k_raceDate=1989%2F06%2F05&k_raceNo=5&k_babaCode=21,data/cache/html/19890605_kawasaki_5.html
19890605_kawasaki_6,1989-06-05,kawasaki,6,https://www.keiba.go.jp/KeibaWeb/TodayRaceInfo/RaceMarkTable?k_raceDate=1989%2F06%2F05&k_raceNo=6&k_babaCode=21,data/cache/html/19890605_kawasaki_6.html
19890605_kawasaki_7,1989-06-05,kawasaki,7,https://www.keiba.go.jp/KeibaWeb/TodayRaceInfo/RaceMarkTable?k_raceDate=1989%2F06%2F05&k_raceNo=7&k_babaCode=21,data/cache/html/19890605_kawasaki_7.html
19890605_kawasaki_8,1989-06-05,kawasaki,8,https://www.keiba.go.jp/KeibaWeb/TodayRaceInfo/RaceMarkTable?k_raceDate=1989%2F06%2F05&k_raceNo=8&k_babaCode=21,data/cache/html/19890605_kawasaki_8.html
19890605_kawasaki_9,1989-06-05,kawasaki,9,https://www.keiba.go.jp/KeibaWeb/TodayRaceInfo/RaceMarkTable?k_raceDate=1989%2F06%2F05&k_raceNo=9&k_babaCode=21,data/cache/html/19890605_kawasaki_9.html
19890605_kawasaki_10,1989-06-05,kawasaki,10,https://www.keiba.go.jp/KeibaWeb/TodayRaceInfo/RaceMarkTable?k_raceDate=1989%2F06%2F05&k_raceNo=10&k_babaCode=21,data/cache/html/19890605_kawasaki_10.html
19890605_kawasaki_11,1989-06-05,kawasaki,11,https://www.keiba.go.jp/KeibaWeb/TodayRaceInfo/RaceMarkTable?k_raceDate=1989%2F06%2F05&k_raceNo=11&k_babaCode=21,data/cache/html/19890605_kawasaki_11.html
19890605_kawasaki_12,1989-06-05,kawasaki,12,https://www.keiba.go.jp/KeibaWeb/TodayRaceInfo/RaceMarkTable?k_raceDate=1989%2F06%2F05&k_raceNo=12&k_babaCode=21,data/cache/html/19890605_kawasaki_12.html
19890604_kawasaki_1,1989-06-04,kawasaki,1,https://www.keiba.go.jp/KeibaWeb/TodayRaceInfo/RaceMarkTable?k_raceDate=1989%2F06%2F04&k_raceNo=1&k_babaCode=21,data/cache/html/19890604_kawasaki_1.html
19890604_kawasaki_2,1989-06-04,kawasaki,2,https://www.keiba.go.jp/KeibaWeb/TodayRaceInfo/RaceMarkTable?k_raceDate=1989%2F06%2F04&k_raceNo=2&k_babaCode=21,data/cache/html/19890604_kawasaki_2.html
19890604_kawasaki_3,1989-06-04,kawasaki,3,https://www.keiba.go.jp/KeibaWeb/TodayRaceInfo/RaceMarkTable?k_raceDate=1989%2F06%2F04&k_raceNo=3&k_babaCode=21,data/cache/html/19890604_kawasaki_3.html
19890604_kawasaki_4,1989-06-04,kawasaki,4,https://www.keiba.go.jp/KeibaWeb/TodayRaceInfo/RaceMarkTable?k_raceDate=1989%2F06%2F04&k_raceNo=4&k_babaCode=21,data/cache/html/19890604_kawasaki_4.html
19890604_kawasaki_5,1989-06-04,kawasaki,5,https://www.keiba.go.jp/KeibaWeb/TodayRaceInfo/RaceMarkTable?k_raceDate=1989%2F06%2F04&k_raceNo=5&k_babaCode=21,data/cache/html/19890604_kawasaki_5.html
19890604_kawasaki_6,1989-06-04,kawasaki,6,https://www.keiba.go.jp/KeibaWeb/TodayRaceInfo/RaceMarkTable?k_raceDate=1989%2F06%2F04&k_raceNo=6&k_babaCode=21,data/cache/html/19890604_kawasaki_6.html
19890604_kawasaki_7,1989-06-04,kawasaki,7,https://www.keiba.go.jp/KeibaWeb/TodayRaceInfo/RaceMarkTable?k_raceDate=1989%2F06%2F04&k_raceNo=7&k_babaCode=21,data/cache/html/19890604_kawasaki_7.html
19890604_kawasaki_8,1989-06-04,kawasaki,8,https://www.keiba.go.jp/KeibaWeb/TodayRaceInfo/RaceMarkTable?k_raceDate=1989%2F06%2F04&k_raceNo=8&k_babaCode=21,data/cache/html/19890604_kawasaki_8.html
19890604_kawasaki_9,1989-06-04,kawasaki,9,https://www.keiba.go.jp/KeibaWeb/TodayRaceInfo/RaceMarkTable?k_raceDate=1989%2F06%2F04&k_raceNo=9&k_babaCode=21,data/cache/html/19890604_kawasaki_9.html
19890604_kawasaki_10,1989-06-04,kawasaki,10,https://www.keiba.go.jp/KeibaWeb/TodayRaceInfo/RaceMarkTable?k_raceDate=1989%2F06%2F04&k_raceNo=10&k_babaCode=21,data/cache/html/19890604_kawasaki_10.html
19890604_kawasaki_11,1989-06-04,kawasaki,11,https://www.keiba.go.jp/KeibaWeb/TodayRaceInfo/RaceMarkTable?k_raceDate=1989%2F06%2F04&k_raceNo=11&k_babaCode=21,data/cache/html/19890604_kawasaki_11.html
19890604_kawasaki_12,1989-06-04,kawasaki,12,https://www.keiba.go.jp/KeibaWeb/TodayRaceInfo/RaceMarkTable?k_raceDate=1989%2F06%2F04&k_raceNo=12&k_babaCode=21,data/cache/html/19890604_kawasaki_12.html
19890603_kawasaki_1,1989-06-03,kawasaki,1,https://www.keiba.go.jp/KeibaWeb/TodayRaceInfo/RaceMarkTable?k_raceDate=1989%2F06%2F03&k_raceNo=1&k_babaCode=21,data/cache/html/19890603_kawasaki_1.html
19890603_kawasaki_2,1989-06-03,kawasaki,2,https://www.keiba.go.jp/KeibaWeb/TodayRaceInfo/RaceMarkTable?k_raceDate=1989%2F06%2F03&k_raceNo=2&k_babaCode=21,data/cache/html/19890603_kawasaki_2.html
19890603_kawasaki_3,1989-06-03,kawasaki,3,https://www.keiba.go.jp/KeibaWeb/TodayRaceInfo/RaceMarkTable?k_raceDate=1989%2F06%2F03&k_raceNo=3&k_babaCode=21,data/cache/html/19890603_kawasaki_3.html
19890603_kawasaki_4,1989-06-03,kawasaki,4,https://www.keiba.go.jp/KeibaWeb/TodayRaceInfo/RaceMarkTable?k_raceDate=1989%2F06%2F03&k_raceNo=4&k_babaCode=21,data/cache/html/19890603_kawasaki_4.html
19890603_kawasaki_5,1989-06-03,kawasaki,5,https://www.keiba.go.jp/KeibaWeb/TodayRaceInfo/RaceMarkTable?k_raceDate=1989%2F06%2F03&k_raceNo=5&k_babaCode=21,data/cache/html/19890603_kawasaki_5.html
19890603_kawasaki_6,1989-06-03,kawasaki,6,https://www.keiba.go.jp/KeibaWeb/TodayRaceInfo/RaceMarkTable?k_raceDate=1989%2F06%2F03&k_raceNo=6&k_babaCode=21,data/cache/html/19890603_kawasaki_6.html
19890603_kawasaki_7,1989-06-03,kawasaki,7,https://www.keiba.go.jp/KeibaWeb/TodayRaceInfo/RaceMarkTable?k_raceDate=1989%2F06%2F03&k_raceNo=7&k_babaCode=21,data/cache/html/19890603_kawasaki_7.html
19890603_kawasaki_8,1989-06-03,kawasaki,8,https://www.keiba.go.jp/KeibaWeb/TodayRaceInfo/RaceMarkTable?k_raceDate=1989%2F06%2F03&k_raceNo=8&k_babaCode=21,data/cache/html/19890603_kawasaki_8.html
19890603_kawasaki_9,1989-06-03,kawasaki,9,https://www.keiba.go.jp/KeibaWeb/TodayRaceInfo/RaceMarkTable?k_raceDate=1989%2F06%2F03&k_raceNo=9&k_babaCode=21,data/cache/html/19890603_kawasaki_9.html
19890603_kawasaki_10,1989-06-03,kawasaki,10,https://www.keiba.go.jp/KeibaWeb/TodayRaceInfo/RaceMarkTable?k_raceDate=1989%2F06%2F03&k_raceNo=10&k_babaCode=21,data/cache/html/19890603_kawasaki_10.html
19890603_kawasaki_11,1989-06-03,kawasaki,11,https://www.keiba.go.jp/KeibaWeb/TodayRaceInfo/RaceMarkTable?k_raceDate=1989%2F06%2F03&k_raceNo=11&k_babaCode=21,data/cache/html/19890603_kawasaki_11.html
19890603_kawasaki_12,1989-06-03,kawasaki,12,https://www.keiba.go.jp/KeibaWeb/TodayRaceInfo/RaceMarkTable?k_raceDate=1989%2F06%2F03&k_raceNo=12&k_babaCode=21,data/cache/html/19890603_kawasaki_12.html
19890602_kawasaki_1,1989-06-02,kawasaki,1,https://www.keiba.go.jp/KeibaWeb/TodayRaceInfo/RaceMarkTable?k_raceDate=1989%2F06%2F02&k_raceNo=1&k_babaCode=21,data/cache/html/19890602_kawasaki_1.html
19890602_kawasaki_2,1989-06-02,kawasaki,2,https://www.keiba.go.jp/KeibaWeb/TodayRaceInfo/RaceMarkTable?k_raceDate=1989%2F06%2F02&k_raceNo=2&k_babaCode=21,data/cache/html/19890602_kawasaki_2.html
19890602_kawasaki_3,1989-06-02,kawasaki,3,https://www.keiba.go.jp/KeibaWeb/TodayRaceInfo/RaceMarkTable?k_raceDate=1989%2F06%2F02&k_raceNo=3&k_babaCode=21,data/cache/html/19890602_kawasaki_3.html
19890602_kawasaki_4,1989-06-02,kawasaki,4,https://www.keiba.go.jp/KeibaWeb/TodayRaceInfo/RaceMarkTable?k_raceDate=1989%2F06%2F02&k_raceNo=4&k_babaCode=21,data/cache/html/19890602_kawasaki_4.html
19890602_kawasaki_5,1989-06-02,kawasaki,5,https://www.keiba.go.jp/KeibaWeb/TodayRaceInfo/RaceMarkTable?k_raceDate=1989%2F06%2F02&k_raceNo=5&k_babaCode=21,data/cache/html/19890602_kawasaki_5.html
19890602_kawasaki_6,1989-06-02,kawasaki,6,https://www.keiba.go.jp/KeibaWeb/TodayRaceInfo/RaceMarkTable?k_raceDate=1989%2F06%2F02&k_raceNo=6&k_babaCode=21,data/cache/html/19890602_kawasaki_6.html
19890602_kawasaki_7,1989-06-02,kawasaki,7,https://www.keiba.go.jp/KeibaWeb/TodayRaceInfo/RaceMarkTable?k_raceDate=1989%2F06%2F02&k_raceNo=7&k_babaCode=21,data/cache/html/19890602_kawasaki_7.html
19890602_kawasaki_8,1989-06-02,kawasaki,8,https://www.keiba.go.jp/KeibaWeb/TodayRaceInfo/RaceMarkTable?k_raceDate=1989%2F06%2F02&k_raceNo=8&k_babaCode=21,data/cache/html/19890602_kawasaki_8.html
19890602_kawasaki_9,1989-06-02,kawasaki,9,https://www.keiba.go.jp/KeibaWeb/TodayRaceInfo/RaceMarkTable?k_raceDate=1989%2F06%2F02&k_raceNo=9&k_babaCode=21,data/cache/html/19890602_kawasaki_9.html
19890602_kawasaki_10,1989-06-02,kawasaki,10,https://www.keiba.go.jp/KeibaWeb/TodayRaceInfo/RaceMarkTable?k_raceDate=1989%2F06%2F02&k_raceNo=10&k_babaCode=21,data/cache/html/19890602_kawasaki_10.html
19890602_kawasaki_11,1989-06-02,kawasaki,11,https://www.keiba.go.jp/KeibaWeb/TodayRaceInfo/RaceMarkTable?k_raceDate=1989%2F06%2F02&k_raceNo=11&k_babaCode=21,data/cache/html/19890602_kawasaki_11.html
19890602_kawasaki_12,1989-06-02,kawasaki,12,https://www.keiba.go.jp/KeibaWeb/TodayRaceInfo/RaceMarkTable?k_raceDate=1989%2F06%2F02&k_raceNo=12&k_babaCode=21,data/cache/html/19890602_kawasaki_12.html
19890601_kawasaki_1,1989-06-01,kawasaki,1,https://www.keiba.go.jp/KeibaWeb/TodayRaceInfo/RaceMarkTable?k_raceDate=1989%2F06%2F01&k_raceNo=1&k_babaCode=21,data/cache/html/19890601_kawasaki_1.html
19890601_kawasaki_2,1989-06-01,kawasaki,2,https://www.keiba.go.jp/KeibaWeb/TodayRaceInfo/RaceMarkTable?k_raceDate=1989%2F06%2F01&k_raceNo=2&k_babaCode=21,data/cache/html/19890601_kawasaki_2.html
19890601_kawasaki_3,1989-06-01,kawasaki,3,https://www.keiba.go.jp/KeibaWeb/TodayRaceInfo/RaceMarkTable?k_raceDate=1989%2F06%2F01&k_raceNo=3&k_babaCode=21,data/cache/html/19890601_kawasaki_3.html
19890601_kawasaki_4,1989-06-01,kawasaki,4,https://www.keiba.go.jp/KeibaWeb/TodayRaceInfo/RaceMarkTable?k_raceDate=1989%2F06%2F01&k_raceNo=4&k_babaCode=21,data/cache/html/19890601_kawasaki_4.html
19890601_kawasaki_5,1989-06-01,kawasaki,5,https://www.keiba.go.jp/KeibaWeb/TodayRaceInfo/RaceMarkTable?k_raceDate=1989%2F06%2F01&k_raceNo=5&k_babaCode=21,data/cache/html/19890601_kawasaki_5.html
19890601_kawasaki_6,1989-06-01,kawasaki,6,https://www.keiba.go.jp/KeibaWeb/TodayRaceInfo/RaceMarkTable?k_raceDate=1989%2F06%2F01&k_raceNo=6&k_babaCode=21,data/cache/html/19890601_kawasaki_6.html
19890601_kawasaki_7,1989-06-01,kawasaki,7,https://www.keiba.go.jp/KeibaWeb/TodayRaceInfo/RaceMarkTable?k_raceDate=1989%2F06%2F01&k_raceNo=7&k_babaCode=21,data/cache/html/19890601_kawasaki_7.html
19890601_kawasaki_8,1989-06-01,kawasaki,8,https://www.keiba.go.jp/KeibaWeb/TodayRaceInfo/RaceMarkTable?k_raceDate=1989%2F06%2F01&k_raceNo=8&k_babaCode=21,data/cache/html/19890601_kawasaki_8.html
19890601_kawasaki_9,1989-06-01,kawasaki,9,https://www.keiba.go.jp/KeibaWeb/TodayRaceInfo/RaceMarkTable?k_raceDate=1989%2F06%2F01&k_raceNo=9&k_babaCode=21,data/cache/html/19890601_kawasaki_9.html
19890601_kawasaki_10,1989-06-01,kawasaki,10,https://www.keiba.go.jp/KeibaWeb/TodayRaceInfo/RaceMarkTable?k_raceDate=1989%2F06%2F01&k_raceNo=10&k_babaCode=21,data/cache/html/19890601_kawasaki_10.html
19890601_kawasaki_11,1989-06-01,kawasaki,11,https://www.keiba.go.jp/KeibaWeb/TodayRaceInfo/RaceMarkTable?k_raceDate=1989%2F06%2F01&k_raceNo=11&k_babaCode=21,data/cache/html/19890601_kawasaki_11.html
19890601_kawasaki_12,1989-06-01,kawasaki,12,https://www.keiba.go.jp/KeibaWeb/TodayRaceInfo/RaceMarkTable?k_raceDate=1989%2F06%2F01&k_raceNo=12&k_babaCode=21,data/cache/html/19890601_kawasaki_12.html
19890531_kawasaki_1,1989-05-31,kawasaki,1,https://www.keiba.go.jp/KeibaWeb/TodayRaceInfo/RaceMarkTable?k_raceDate=1989%2F05%2F31&k_raceNo=1&k_babaCode=21,data/cache/html/19890531_kawasaki_1.html
19890531_kawasaki_2,1989-05-31,kawasaki,2,https://www.keiba.go.jp/KeibaWeb/TodayRaceInfo/RaceMarkTable?k_raceDate=1989%2F05%2F31&k_raceNo=2&k_babaCode=21,data/cache/html/19890531_kawasaki_2.html
19890531_kawasaki_3,1989-05-31,kawasaki,3,https://www.keiba.go.jp/KeibaWeb/TodayRaceInfo/RaceMarkTable?k_raceDate=1989%2F05%2F31&k_raceNo=3&k_babaCode=21,data/cache/html/19890531_kawasaki_3.html
19890531_kawasaki_4,1989-05-31,kawasaki,4,https://www.keiba.go.jp/KeibaWeb/TodayRaceInfo/RaceMarkTable?k_raceDate=1989%2F05%2F31&k_raceNo=4&k_babaCode=21,data/cache/html/19890531_kawasaki_4.html
19890531_kawasaki_5,1989-05-31,kawasaki,5,https://www.keiba.go.jp/KeibaWeb/TodayRaceInfo/RaceMarkTable?k_raceDate=1989%2F05%2F31&k_raceNo=5&k_babaCode=21,data/cache/html/19890531_kawasaki_5.html
19890531_kawasaki_6,1989-05-31,kawasaki,6,https://www.keiba.go.jp/KeibaWeb/TodayRaceInfo/RaceMarkTable?k_raceDate=1989%2F05%2F31&k_raceNo=6&k_babaCode=21,data/cache/html/19890531_kawasaki_6.html
19890531_kawasaki_7,1989-05-31,kawasaki,7,https://www.keiba.go.jp/KeibaWeb/TodayRaceInfo/RaceMarkTable?k_raceDate=1989%2F05%2F31&k_raceNo=7&k_babaCode=21,data/cache/html/19890531_kawasaki_7.html
19890531_kawasaki_8,1989-05-31,kawasaki,8,https://www.keiba.go.jp/KeibaWeb/TodayRaceInfo/RaceMarkTable?k_raceDate=1989%2F05%2F31&k_raceNo=8&k_babaCode=21,data/cache/html/19890531_kawasaki_8.html
19890531_kawasaki_9,1989-05-31,kawasaki,9,https://www.keiba.go.jp/KeibaWeb/TodayRaceInfo/RaceMarkTable?k_raceDate=1989%2F05%2F31&k_raceNo=9&k_babaCode=21,data/cache/html/19890531_kawasaki_9.html
19890531_kawasaki_10,1989-05-31,kawasaki,10,https://www.keiba.go.jp/KeibaWeb/TodayRaceInfo/RaceMarkTable?k_raceDate=1989%2F05%2F31&k_raceNo=10&k_babaCode=21,data/cache/html/19890531_kawasaki_10.html
19890531_kawasaki_11,1989-05-31,kawasaki,11,https://www.keiba.go.jp/KeibaWeb/TodayRaceInfo/RaceMarkTable?k_raceDate=1989%2F05%2F31&k_raceNo=11&k_babaCode=21,data/cache/html/19890531_kawasaki_11.html
19890531_kawasaki_12,1989-05-31,kawasaki,12,https://www.keiba.go.jp/KeibaWeb/TodayRaceInfo/RaceMarkTable?k_raceDate=1989%2F05%2F31&k_raceNo=12&k_babaCode=21,data/cache/html/19890531_kawasaki_12.html
19890530_kawasaki_1,1989-05-30,kawasaki,1,https://www.keiba.go.jp/KeibaWeb/TodayRaceInfo/RaceMarkTable?k_raceDate=1989%2F05%2F30&k_raceNo=1&k_babaCode=21,data/cache/html/19890530_kawasaki_1.html
19890530_kawasaki_2,1989-05-30,kawasaki,2,https://www.keiba.go.jp/KeibaWeb/TodayRaceInfo/RaceMarkTable?k_raceDate=1989%2F05%2F30&k_raceNo=2&k_babaCode=21,data/cache/html/19890530_kawasaki_2.html
19890530_kawasaki_3,1989-05-30,kawasaki,3,https://www.keiba.go.jp/KeibaWeb/TodayRaceInfo/RaceMarkTable?k_raceDate=1989%2F05%2F30&k_raceNo=3&k_babaCode=21,data/cache/html/19890530_kawasaki_3.html
19890530_kawasaki_4,1989-05-30,kawasaki,4,https://www.keiba.go.jp/KeibaWeb/TodayRaceInfo/RaceMarkTable?k_raceDate=1989%2F05%2F30&k_raceNo=4&k_babaCode=21,data/cache/html/19890530_kawasaki_4.html
19890530_kawasaki_5,1989-05-30,kawasaki,5,https://www.keiba.go.jp/KeibaWeb/TodayRaceInfo/RaceMarkTable?k_raceDate=1989%2F05%2F30&k_raceNo=5&k_babaCode=21,data/cache/html/19890530_kawasaki_5.html
19890530_kawasaki_6,1989-05-30,kawasaki,6,https://www.keiba.go.jp/KeibaWeb/TodayRaceInfo/RaceMarkTable?k_raceDate=1989%2F05%2F30&k_raceNo=6&k_babaCode=21,data/cache/html/19890530_kawasaki_6.html
19890530_kawasaki_7,1989-05-30,kawasaki,7,https://www.keiba.go.jp/KeibaWeb/TodayRaceInfo/RaceMarkTable?k_raceDate=1989%2F05%2F30&k_raceNo=7&k_babaCode=21,data/cache/html/19890530_kawasaki_7.html
19890530_kawasaki_8,1989-05-30,kawasaki,8,https://www.keiba.go.jp/KeibaWeb/TodayRaceInfo/RaceMarkTable?k_raceDate=1989%2F05%2F30&k_raceNo=8&k_babaCode=21,data/cache/html/19890530_kawasaki_8.html
19890530_kawasaki_9,1989-05-30,kawasaki,9,https://www.keiba.go.jp/KeibaWeb/TodayRaceInfo/RaceMarkTable?k_raceDate=1989%2F05%2F30&k_raceNo=9&k_babaCode=21,data/cache/html/19890530_kawasaki_9.html
19890530_kawasaki_10,1989-05-30,kawasaki,10,https://www.keiba.go.jp/KeibaWeb/TodayRaceInfo/RaceMarkTable?k_raceDate=1989%2F05%2F30&k_raceNo=10&k_babaCode=21,data/cache/html/19890530_kawasaki_10.html
19890530_kawasaki_11,1989-05-30,kawasaki,11,https://www.keiba.go.jp/KeibaWeb/TodayRaceInfo/RaceMarkTable?k_raceDate=1989%2F05%2F30&k_raceNo=11&k_babaCode=21,data/cache/html/19890530_kawasaki_11.html
19890530_kawasaki_12,1989-05-30,kawasaki,12,https://www.keiba.go.jp/KeibaWeb/TodayRaceInfo/RaceMarkTable?k_raceDate=1989%2F05%2F30&k_raceNo=12&k_babaCode=21,data/cache/html/19890530_kawasaki_12.html
19890529_kawasaki_1,1989-05-29,kawasaki,1,https://www.keiba.go.jp/KeibaWeb/TodayRaceInfo/RaceMarkTable?k_raceDate=1989%2F05%2F29&k_raceNo=1&k_babaCode=21,data/cache/html/19890529_kawasaki_1.html
19890529_kawasaki_2,1989-05-29,kawasaki,2,https://www.keiba.go.jp/KeibaWeb/TodayRaceInfo/RaceMarkTable?k_raceDate=1989%2F05%2F29&k_raceNo=2&k_babaCode=21,data/cache/html/19890529_kawasaki_2.html
19890529_kawasaki_3,1989-05-29,kawasaki,3,https://www.keiba.go.jp/KeibaWeb/TodayRaceInfo/RaceMarkTable?k_raceDate=1989%2F05%2F29&k_raceNo=3&k_babaCode=21,data/cache/html/19890529_kawasaki_3.html
19890529_kawasaki_4,1989-05-29,kawasaki,4,https://www.keiba.go.jp/KeibaWeb/TodayRaceInfo/RaceMarkTable?k_raceDate=1989%2F05%2F29&k_raceNo=4&k_babaCode=21,data/cache/html/19890529_kawasaki_4.html
19890529_kawasaki_5,1989-05-29,kawasaki,5,https://www.keiba.go.jp/KeibaWeb/TodayRaceInfo/RaceMarkTable?k_raceDate=1989%2F05%2F29&k_raceNo=5&k_babaCode=21,data/cache/html/19890529_kawasaki_5.html
19890529_kawasaki_6,1989-05-29,kawasaki,6,https://www.keiba.go.jp/KeibaWeb/TodayRaceInfo/RaceMarkTable?k_raceDate=1989%2F05%2F29&k_raceNo=6&k_babaCode=21,data/cache/html/19890529_kawasaki_6.html
19890529_kawasaki_7,1989-05-29,kawasaki,7,https://www.keiba.go.jp/KeibaWeb/TodayRaceInfo/RaceMarkTable?k_raceDate=1989%2F05%2F29&k_raceNo=7&k_babaCode=21,data/cache/html/19890529_kawasaki_7.html
19890529_kawasaki_8,1989-05-29,kawasaki,8,https://www.keiba.go.jp/KeibaWeb/TodayRaceInfo/RaceMarkTable?k_raceDate=1989%2F05%2F29&k_raceNo=8&k_babaCode=21,data/cache/html/19890529_kawasaki_8.html
19890529_kawasaki_9,1989-05-29,kawasaki,9,https://www.keiba.go.jp/KeibaWeb/TodayRaceInfo/RaceMarkTable?k_raceDate=1989%2F05%2F29&k_raceNo=9&k_babaCode=21,data/cache/html/19890529_kawasaki_9.html
19890529_kawasaki_10,1989-05-29,kawasaki,10,https://www.keiba.go.jp/KeibaWeb/TodayRaceInfo/RaceMarkTable?k_raceDate=1989%2F05%2F29&k_raceNo=10&k_babaCode=21,data/cache/html/19890529_kawasaki_10.html
19890529_kawasaki_11,1989-05-29,kawasaki,11,https://www.keiba.go.jp/KeibaWeb/TodayRaceInfo/RaceMarkTable?k_raceDate=1989%2F05%2F29&k_raceNo=11&k_babaCode=21,data/cache/html/19890529_kawasaki_11.html
19890529_kawasaki_12,1989-05-29,kawasaki,12,https://www.keiba.go.jp/KeibaWeb/TodayRaceInfo/RaceMarkTable?k_raceDate=1989%2F05%2F29&k_raceNo=12&k_babaCode=21,data/cache/html/19890529_kawasaki_12.html
19890528_kawasaki_1,1989-05-28,kawasaki,1,https://www.keiba.go.jp/KeibaWeb/TodayRaceInfo/RaceMarkTable?k_raceDate=1989%2F05%2F28&k_raceNo=1&k_babaCode=21,data/cache/html/19890528_kawasaki_1.html
19890528_kawasaki_2,1989-05-28,kawasaki,2,https://www.keiba.go.jp/KeibaWeb/TodayRaceInfo/RaceMarkTable?k_raceDate=1989%2F05%2F28&k_raceNo=2&k_babaCode=21,data/cache/html/19890528_kawasaki_2.html
19890528_kawasaki_3,1989-05-28,kawasaki,3,https://www.keiba.go.jp/KeibaWeb/TodayRaceInfo/RaceMarkTable?k_raceDate=1989%2F05%2F28&k_raceNo=3&k_babaCode=21,data/cache/html/19890528_kawasaki_3.html
19890528_kawasaki_4,1989-05-28,kawasaki,4,https://www.keiba.go.jp/KeibaWeb/TodayRaceInfo/RaceMarkTable?k_raceDate=1989%2F05%2F28&k_raceNo=4&k_babaCode=21,data/cache/html/19890528_kawasaki_4.html
19890528_kawasaki_5,1989-05-28,kawasaki,5,https://www.keiba.go.jp/KeibaWeb/TodayRaceInfo/RaceMarkTable?k_raceDate=1989%2F05%2F28&k_raceNo=5&k_babaCode=21,data/cache/html/19890528_kawasaki_5.html
19890528_kawasaki_6,1989-05-28,kawasaki,6,https://www.keiba.go.jp/KeibaWeb/TodayRaceInfo/RaceMarkTable?k_raceDate=1989%2F05%2F28&k_raceNo=6&k_babaCode=21,data/cache/html/19890528_kawasaki_6.html
19890528_kawasaki_7,1989-05-28,kawasaki,7,https://www.keiba.go.jp/KeibaWeb/TodayRaceInfo/RaceMarkTable?k_raceDate=1989%2F05%2F28&k_raceNo=7&k_babaCode=21,data/cache/html/19890528_kawasaki_7.html
19890528_kawasaki_8,1989-05-28,kawasaki,8,https://www.keiba.go.jp/KeibaWeb/TodayRaceInfo/RaceMarkTable?k_raceDate=1989%2F05%2F28&k_raceNo=8&k_babaCode=21,data/cache/html/19890528_kawasaki_8.html
19890528_kawasaki_9,1989-05-28,kawasaki,9,https://www.keiba.go.jp/KeibaWeb/TodayRaceInfo/RaceMarkTable?k_raceDate=1989%2F05%2F28&k_raceNo=9&k_babaCode=21,data/cache/html/19890528_kawasaki_9.html
19890528_kawasaki_10,1989-05-28,kawasaki,10,https://www.keiba.go.jp/KeibaWeb/TodayRaceInfo/RaceMarkTable?k_raceDate=1989%2F05%2F28&k_raceNo=10&k_babaCode=21,data/cache/html/19890528_kawasaki_10.html
19890528_kawasaki_11,1989-05-28,kawasaki,11,https://www.keiba.go.jp/KeibaWeb/TodayRaceInfo/RaceMarkTable?k_raceDate=1989%2F05%2F28&k_raceNo=11&k_babaCode=21,data/cache/html/19890528_kawasaki_11.html
19890528_kawasaki_12,1989-05-28,kawasaki,12,https://www.keiba.go.jp/KeibaWeb/TodayRaceInfo/RaceMarkTable?k_raceDate=1989%2F05%2F28&k_raceNo=12&k_babaCode=21,data/cache/html/19890528_kawasaki_12.html
19890527_kawasaki_1,1989-05-27,kawasaki,1,https://www.keiba.go.jp/KeibaWeb/TodayRaceInfo/RaceMarkTable?k_raceDate=1989%2F05%2F27&k_raceNo=1&k_babaCode=21,data/cache/html/19890527_kawasaki_1.html
19890527_kawasaki_2,1989-05-27,kawasaki,2,https://www.keiba.go.jp/KeibaWeb/TodayRaceInfo/RaceMarkTable?k_raceDate=1989%2F05%2F27&k_raceNo=2&k_babaCode=21,data/cache/html/19890527_kawasaki_2.html
19890527_kawasaki_3,1989-05-27,kawasaki,3,https://www.keiba.go.jp/KeibaWeb/TodayRaceInfo/RaceMarkTable?k_raceDate=1989%2F05%2F27&k_raceNo=3&k_babaCode=21,data/cache/html/19890527_kawasaki_3.html
19890527_kawasaki_4,1989-05-27,kawasaki,4,https://www.keiba.go.jp/KeibaWeb/TodayRaceInfo/RaceMarkTable?k_raceDate=1989%2F05%2F27&k_raceNo=4&k_babaCode=21,data/cache/html/19890527_kawasaki_4.html
19890527_kawasaki_5,1989-05-27,kawasaki,5,https://www.keiba.go.jp/KeibaWeb/TodayRaceInfo/RaceMarkTable?k_raceDate=1989%2F05%2F27&k_raceNo=5&k_babaCode=21,data/cache/html/19890527_kawasaki_5.html
19890527_kawasaki_6,1989-05-27,kawasaki,6,https://www.keiba.go.jp/KeibaWeb/TodayRaceInfo/RaceMarkTable?k_raceDate=1989%2F05%2F27&k_raceNo=6&k_babaCode=21,data/cache/html/19890527_kawasaki_6.html
19890527_kawasaki_7,1989-05-27,kawasaki,7,https://www.keiba.go.jp/KeibaWeb/TodayRaceInfo/RaceMarkTable?k_raceDate=1989%2F05%2F27&k_raceNo=7&k_babaCode=21,data/cache/html/19890527_kawasaki_7.html
19890527_kawasaki_8,1989-05-27,kawasaki,8,https://www.keiba.go.jp/KeibaWeb/TodayRaceInfo/RaceMarkTable?k_raceDate=1989%2F05%2F27&k_raceNo=8&k_babaCode=21,data/cache/html/19890527_kawasaki_8.html
19890527_kawasaki_9,1989-05-27,kawasaki,9,https://www.keiba.go.jp/KeibaWeb/TodayRaceInfo/RaceMarkTable?k_raceDate=1989%2F05%2F27&k_raceNo=9&k_babaCode=21,data/cache/html/19890527_kawasaki_9.html
19890527_kawasaki_10,1989-05-27,kawasaki,10,https://www.keiba.go.jp/KeibaWeb/TodayRaceInfo/RaceMarkTable?k_raceDate=1989%2F05%2F27&k_raceNo=10&k_babaCode=21,data/cache/html/19890527_kawasaki_10.html
19890527_kawasaki_11,1989-05-27,kawasaki,11,https://www.keiba.go.jp/KeibaWeb/TodayRaceInfo/RaceMarkTable?k_raceDate=1989%2F05%2F27&k_raceNo=11&k_babaCode=21,data/cache/html/19890527_kawasaki_11.html
19890527_kawasaki_12,1989-05-27,kawasaki,12,https://www.keiba.go.jp/KeibaWeb/TodayRaceInfo/RaceMarkTable?k_raceDate=1989%2F05%2F27&k_raceNo=12&k_babaCode=21,data/cache/html/19890527_kawasaki_12.html
19890526_kawasaki_1,1989-05-26,kawasaki,1,https://www.keiba.go.jp/KeibaWeb/TodayRaceInfo/RaceMarkTable?k_raceDate=1989%2F05%2F26&k_raceNo=1&k_babaCode=21,data/cache/html/19890526_kawasaki_1.html
19890526_kawasaki_2,1989-05-26,kawasaki,2,https://www.keiba.go.jp/KeibaWeb/TodayRaceInfo/RaceMarkTable?k_raceDate=1989%2F05%2F26&k_raceNo=2&k_babaCode=21,data/cache/html/19890526_kawasaki_2.html
19890526_kawasaki_3,1989-05-26,kawasaki,3,https://www.keiba.go.jp/KeibaWeb/TodayRaceInfo/RaceMarkTable?k_raceDate=1989%2F05%2F26&k_raceNo=3&k_babaCode=21,data/cache/html/19890526_kawasaki_3.html
19890526_kawasaki_4,1989-05-26,kawasaki,4,https://www.keiba.go.jp/KeibaWeb/TodayRaceInfo/RaceMarkTable?k_raceDate=1989%2F05%2F26&k_raceNo=4&k_babaCode=21,data/cache/html/19890526_kawasaki_4.html
19890526_kawasaki_5,1989-05-26,kawasaki,5,https://www.keiba.go.jp/KeibaWeb/TodayRaceInfo/RaceMarkTable?k_raceDate=1989%2F05%2F26&k_raceNo=5&k_babaCode=21,data/cache/html/19890526_kawasaki_5.html
19890526_kawasaki_6,1989-05-26,kawasaki,6,https://www.keiba.go.jp/KeibaWeb/TodayRaceInfo/RaceMarkTable?k_raceDate=1989%2F05%2F26&k_raceNo=6&k_babaCode=21,data/cache/html/19890526_kawasaki_6.html
19890526_kawasaki_7,1989-05-26,kawasaki,7,https://www.keiba.go.jp/KeibaWeb/TodayRaceInfo/RaceMarkTable?k_raceDate=1989%2F05%2F26&k_raceNo=7&k_babaCode=21,data/cache/html/19890526_kawasaki_7.html
19890526_kawasaki_8,1989-05-26,kawasaki,8,https://www.keiba.go.jp/KeibaWeb/TodayRaceInfo/RaceMarkTable?k_raceDate=1989%2F05%2F26&k_raceNo=8&k_babaCode=21,data/cache/html/19890526_kawasaki_8.html
19890526_kawasaki_9,1989-05-26,kawasaki,9,https://www.keiba.go.jp/KeibaWeb/TodayRaceInfo/RaceMarkTable?k_raceDate=1989%2F05%2F26&k_raceNo=9&k_babaCode=21,data/cache/html/19890526_kawasaki_9.html
19890526_kawasaki_10,1989-05-26,kawasaki,10,https://www.keiba.go.jp/KeibaWeb/TodayRaceInfo/RaceMarkTable?k_raceDate=1989%2F05%2F26&k_raceNo=10&k_babaCode=21,data/cache/html/19890526_kawasaki_10.html
19890526_kawasaki_11,1989-05-26,kawasaki,11,https://www.keiba.go.jp/KeibaWeb/TodayRaceInfo/RaceMarkTable?k_raceDate=1989%2F05%2F26&k_raceNo=11&k_babaCode=21,data/cache/html/19890526_kawasaki_11.html
19890526_kawasaki_12,1989-05-26,kawasaki,12,https://www.keiba.go.jp/KeibaWeb/TodayRaceInfo/RaceMarkTable?k_raceDate=1989%2F05%2F26&k_raceNo=12&k_babaCode=21,data/cache/html/19890526_kawasaki_12.html
19890525_kawasaki_1,1989-05-25,kawasaki,1,https://www.keiba.go.jp/KeibaWeb/TodayRaceInfo/RaceMarkTable?k_raceDate=1989%2F05%2F25&k_raceNo=1&k_babaCode=21,data/cache/html/19890525_kawasaki_1.html
19890525_kawasaki_2,1989-05-25,kawasaki,2,https://www.keiba.go.jp/KeibaWeb/TodayRaceInfo/RaceMarkTable?k_raceDate=1989%2F05%2F25&k_raceNo=2&k_babaCode=21,data/cache/html/19890525_kawasaki_2.html
19890525_kawasaki_3,1989-05-25,kawasaki,3,https://www.keiba.go.jp/KeibaWeb/TodayRaceInfo/RaceMarkTable?k_raceDate=1989%2F05%2F25&k_raceNo=3&k_babaCode=21,data/cache/html/19890525_kawasaki_3.html
19890525_kawasaki_4,1989-05-25,kawasaki,4,https://www.keiba.go.jp/KeibaWeb/TodayRaceInfo/RaceMarkTable?k_raceDate=1989%2F05%2F25&k_raceNo=4&k_babaCode=21,data/cache/html/19890525_kawasaki_4.html
19890525_kawasaki_5,1989-05-25,kawasaki,5,https://www.keiba.go.jp/KeibaWeb/TodayRaceInfo/RaceMarkTable?k_raceDate=1989%2F05%2F25&k_raceNo=5&k_babaCode=21,data/cache/html/19890525_kawasaki_5.html
19890525_kawasaki_6,1989-05-25,kawasaki,6,https://www.keiba.go.jp/KeibaWeb/TodayRaceInfo/RaceMarkTable?k_raceDate=1989%2F05%2F25&k_raceNo=6&k_babaCode=21,data/cache/html/19890525_kawasaki_6.html
19890525_kawasaki_7,1989-05-25,kawasaki,7,https://www.keiba.go.jp/KeibaWeb/TodayRaceInfo/RaceMarkTable?k_raceDate=1989%2F05%2F25&k_raceNo=7&k_babaCode=21,data/cache/html/19890525_kawasaki_7.html
19890525_kawasaki_8,1989-05-25,kawasaki,8,https://www.keiba.go.jp/KeibaWeb/TodayRaceInfo/RaceMarkTable?k_raceDate=1989%2F05%2F25&k_raceNo=8&k_babaCode=21,data/cache/html/19890525_kawasaki_8.html
19890525_kawasaki_9,1989-05-25,kawasaki,9,https://www.keiba.go.jp/KeibaWeb/TodayRaceInfo/RaceMarkTable?k_raceDate=1989%2F05%2F25&k_raceNo=9&k_babaCode=21,data/cache/html/19890525_kawasaki_9.html
19890525_kawasaki_10,1989-05-25,kawasaki,10,https://www.keiba.go.jp/KeibaWeb/TodayRaceInfo/RaceMarkTable?k_raceDate=1989%2F05%2F25&k_raceNo=10&k_babaCode=21,data/cache/html/19890525_kawasaki_10.html
19890525_kawasaki_11,1989-05-25,kawasaki,11,https://www.keiba.go.jp/KeibaWeb/TodayRaceInfo/RaceMarkTable?k_raceDate=1989%2F05%2F25&k_raceNo=11&k_babaCode=21,data/cache/html/19890525_kawasaki_11.html
19890525_kawasaki_12,1989-05-25,kawasaki,12,https://www.keiba.go.jp/KeibaWeb/TodayRaceInfo/RaceMarkTable?k_raceDate=1989%2F05%2F25&k_raceNo=12&k_babaCode=21,data/cache/html/19890525_kawasaki_12.html
19890524_kawasaki_1,1989-05-24,kawasaki,1,https://www.keiba.go.jp/KeibaWeb/TodayRaceInfo/RaceMarkTable?k_raceDate=1989%2F05%2F24&k_raceNo=1&k_babaCode=21,data/cache/html/19890524_kawasaki_1.html
19890524_kawasaki_2,1989-05-24,kawasaki,2,https://www.keiba.go.jp/KeibaWeb/TodayRaceInfo/RaceMarkTable?k_raceDate=1989%2F05%2F24&k_raceNo=2&k_babaCode=21,data/cache/html/19890524_kawasaki_2.html
19890524_kawasaki_3,1989-05-24,kawasaki,3,https://www.keiba.go.jp/KeibaWeb/TodayRaceInfo/RaceMarkTable?k_raceDate=1989%2F05%2F24&k_raceNo=3&k_babaCode=21,data/cache/html/19890524_kawasaki_3.html
19890524_kawasaki_4,1989-05-24,kawasaki,4,https://www.keiba.go.jp/KeibaWeb/TodayRaceInfo/RaceMarkTable?k_raceDate=1989%2F05%2F24&k_raceNo=4&k_babaCode=21,data/cache/html/19890524_kawasaki_4.html
19890524_kawasaki_5,1989-05-24,kawasaki,5,https://www.keiba.go.jp/KeibaWeb/TodayRaceInfo/RaceMarkTable?k_raceDate=1989%2F05%2F24&k_raceNo=5&k_babaCode=21,data/cache/html/19890524_kawasaki_5.html
19890524_kawasaki_6,1989-05-24,kawasaki,6,https://www.keiba.go.jp/KeibaWeb/TodayRaceInfo/RaceMarkTable?k_raceDate=1989%2F05%2F24&k_raceNo=6&k_babaCode=21,data/cache/html/19890524_kawasaki_6.html
19890524_kawasaki_7,1989-05-24,kawasaki,7,https://www.keiba.go.jp/KeibaWeb/TodayRaceInfo/RaceMarkTable?k_raceDate=1989%2F05%2F24&k_raceNo=7&k_babaCode=21,data/cache/html/19890524_kawasaki_7.html
19890524_kawasaki_8,1989-05-24,kawasaki,8,https://www.keiba.go.jp/KeibaWeb/TodayRaceInfo/RaceMarkTable?k_raceDate=1989%2F05%2F24&k_raceNo=8&k_babaCode=21,data/cache/html/19890524_kawasaki_8.html
19890524_kawasaki_9,1989-05-24,kawasaki,9,https://www.keiba.go.jp/KeibaWeb/TodayRaceInfo/RaceMarkTable?k_raceDate=1989%2F05%2F24&k_raceNo=9&k_babaCode=21,data/cache/html/19890524_kawasaki_9.html
19890524_kawasaki_10,1989-05-24,kawasaki,10,https://www.keiba.go.jp/KeibaWeb/TodayRaceInfo/RaceMarkTable?k_raceDate=1989%2F05%2F24&k_raceNo=10&k_babaCode=21,data/cache/html/19890524_kawasaki_10.html
19890524_kawasaki_11,1989-05-24,kawasaki,11,https://www.keiba.go.jp/KeibaWeb/TodayRaceInfo/RaceMarkTable?k_raceDate=1989%2F05%2F24&k_raceNo=11&k_babaCode=21,data/cache/html/19890524_kawasaki_11.html
19890524_kawasaki_12,1989-05-24,kawasaki,12,https://www.keiba.go.jp/KeibaWeb/TodayRaceInfo/RaceMarkTable?k_raceDate=1989%2F05%2F24&k_raceNo=12&k_babaCode=21,data/cache/html/19890524_kawasaki_12.html
19890523_kawasaki_1,1989-05-23,kawasaki,1,https://www.keiba.go.jp/KeibaWeb/TodayRaceInfo/RaceMarkTable?k_raceDate=1989%2F05%2F23&k_raceNo=1&k_babaCode=21,data/cache/html/19890523_kawasaki_1.html
19890523_kawasaki_2,1989-05-23,kawasaki,2,https://www.keiba.go.jp/KeibaWeb/TodayRaceInfo/RaceMarkTable?k_raceDate=1989%2F05%2F23&k_raceNo=2&k_babaCode=21,data/cache/html/19890523_kawasaki_2.html
19890523_kawasaki_3,1989-05-23,kawasaki,3,https://www.keiba.go.jp/KeibaWeb/TodayRaceInfo/RaceMarkTable?k_raceDate=1989%2F05%2F23&k_raceNo=3&k_babaCode=21,data/cache/html/19890523_kawasaki_3.html
19890523_kawasaki_4,1989-05-23,kawasaki,4,https://www.keiba.go.jp/KeibaWeb/TodayRaceInfo/RaceMarkTable?k_raceDate=1989%2F05%2F23&k_raceNo=4&k_babaCode=21,data/cache/html/19890523_kawasaki_4.html
19890523_kawasaki_5,1989-05-23,kawasaki,5,https://www.keiba.go.jp/KeibaWeb/TodayRaceInfo/RaceMarkTable?k_raceDate=1989%2F05%2F23&k_raceNo=5&k_babaCode=21,data/cache/html/19890523_kawasaki_5.html
19890523_kawasaki_6,1989-05-23,kawasaki,6,https://www.keiba.go.jp/KeibaWeb/TodayRaceInfo/RaceMarkTable?k_raceDate=1989%2F05%2F23&k_raceNo=6&k_babaCode=21,data/cache/html/19890523_kawasaki_6.html
19890523_kawasaki_7,1989-05-23,kawasaki,7,https://www.keiba.go.jp/KeibaWeb/TodayRaceInfo/RaceMarkTable?k_raceDate=1989%2F05%2F23&k_raceNo=7&k_babaCode=21,data/cache/html/19890523_kawasaki_7.html
19890523_kawasaki_8,1989-05-23,kawasaki,8,https://www.keiba.go.jp/KeibaWeb/TodayRaceInfo/RaceMarkTable?k_raceDate=1989%2F05%2F23&k_raceNo=8&k_babaCode=21,data/cache/html/19890523_kawasaki_8.html
19890523_kawasaki_9,1989-05-23,kawasaki,9,https://www.keiba.go.jp/KeibaWeb/TodayRaceInfo/RaceMarkTable?k_raceDate=1989%2F05%2F23&k_raceNo=9&k_babaCode=21,data/cache/html/19890523_kawasaki_9.html
19890523_kawasaki_10,1989-05-23,kawasaki,10,https://www.keiba.go.jp/KeibaWeb/TodayRaceInfo/RaceMarkTable?k_raceDate=1989%2F05%2F23&k_raceNo=10&k_babaCode=21,data/cache/html/19890523_kawasaki_10.html
19890523_kawasaki_11,1989-05-23,kawasaki,11,https://www.keiba.go.jp/KeibaWeb/TodayRaceInfo/RaceMarkTable?k_raceDate=1989%2F05%2F23&k_raceNo=11&k_babaCode=21,data/cache/html/19890523_kawasaki_11.html
19890523_kawasaki_12,1989-05-23,kawasaki,12,https://www.keiba.go.jp/KeibaWeb/TodayRaceInfo/RaceMarkTable?k_raceDate=1989%2F05%2F23&k_raceNo=12&k_babaCode=21,data/cache/html/19890523_kawasaki_12.html
19890522_kawasaki_1,1989-05-22,kawasaki,1,https://www.keiba.go.jp/KeibaWeb/TodayRaceInfo/RaceMarkTable?k_raceDate=1989%2F05%2F22&k_raceNo=1&k_babaCode=21,data/cache/html/19890522_kawasaki_1.html
19890522_kawasaki_2,1989-05-22,kawasaki,2,https://www.keiba.go.jp/KeibaWeb/TodayRaceInfo/RaceMarkTable?k_raceDate=1989%2F05%2F22&k_raceNo=2&k_babaCode=21,data/cache/html/19890522_kawasaki_2.html
19890522_kawasaki_3,1989-05-22,kawasaki,3,https://www.keiba.go.jp/KeibaWeb/TodayRaceInfo/RaceMarkTable?k_raceDate=1989%2F05%2F22&k_raceNo=3&k_babaCode=21,data/cache/html/19890522_kawasaki_3.html
19890522_kawasaki_4,1989-05-22,kawasaki,4,https://www.keiba.go.jp/KeibaWeb/TodayRaceInfo/RaceMarkTable?k_raceDate=1989%2F05%2F22&k_raceNo=4&k_babaCode=21,data/cache/html/19890522_kawasaki_4.html
19890522_kawasaki_5,1989-05-22,kawasaki,5,https://www.keiba.go.jp/KeibaWeb/TodayRaceInfo/RaceMarkTable?k_raceDate=1989%2F05%2F22&k_raceNo=5&k_babaCode=21,data/cache/html/19890522_kawasaki_5.html
19890522_kawasaki_6,1989-05-22,kawasaki,6,https://www.keiba.go.jp/KeibaWeb/TodayRaceInfo/RaceMarkTable?k_raceDate=1989%2F05%2F22&k_raceNo=6&k_babaCode=21,data/cache/html/19890522_kawasaki_6.html
19890522_kawasaki_7,1989-05-22,kawasaki,7,https://www.keiba.go.jp/KeibaWeb/TodayRaceInfo/RaceMarkTable?k_raceDate=1989%2F05%2F22&k_raceNo=7&k_babaCode=21,data/cache/html/19890522_kawasaki_7.html
19890522_kawasaki_8,1989-05-22,kawasaki,8,https://www.keiba.go.jp/KeibaWeb/TodayRaceInfo/RaceMarkTable?k_raceDate=1989%2F05%2F22&k_raceNo=8&k_babaCode=21,data/cache/html/19890522_kawasaki_8.html
19890522_kawasaki_9,1989-05-22,kawasaki,9,https://www.keiba.go.jp/KeibaWeb/TodayRaceInfo/RaceMarkTable?k_raceDate=1989%2F05%2F22&k_raceNo=9&k_babaCode=21,data/cache/html/19890522_kawasaki_9.html
19890522_kawasaki_10,1989-05-22,kawasaki,10,https://www.keiba.go.jp/KeibaWeb/TodayRaceInfo/RaceMarkTable?k_raceDate=1989%2F05%2F22&k_raceNo=10&k_babaCode=21,data/cache/html/19890522_kawasaki_10.html
19890522_kawasaki_11,1989-05-22,kawasaki,11,https://www.keiba.go.jp/KeibaWeb/TodayRaceInfo/RaceMarkTable?k_raceDate=1989%2F05%2F22&k_raceNo=11&k_babaCode=21,data/cache/html/19890522_kawasaki_11.html
19890522_kawasaki_12,1989-05-22,kawasaki,12,https://www.keiba.go.jp/KeibaWeb/TodayRaceInfo/RaceMarkTable?k_raceDate=1989%2F05%2F22&k_raceNo=12&k_babaCode=21,data/cache/html/19890522_kawasaki_12.html
19890521_kawasaki_1,1989-05-21,kawasaki,1,https://www.keiba.go.jp/KeibaWeb/TodayRaceInfo/RaceMarkTable?k_raceDate=1989%2F05%2F21&k_raceNo=1&k_babaCode=21,data/cache/html/19890521_kawasaki_1.html
19890521_kawasaki_2,1989-05-21,kawasaki,2,https://www.keiba.go.jp/KeibaWeb/TodayRaceInfo/RaceMarkTable?k_raceDate=1989%2F05%2F21&k_raceNo=2&k_babaCode=21,data/cache/html/19890521_kawasaki_2.html
19890521_kawasaki_3,1989-05-21,kawasaki,3,https://www.keiba.go.jp/KeibaWeb/TodayRaceInfo/RaceMarkTable?k_raceDate=1989%2F05%2F21&k_raceNo=3&k_babaCode=21,data/cache/html/19890521_kawasaki_3.html
19890521_kawasaki_4,1989-05-21,kawasaki,4,https://www.keiba.go.jp/KeibaWeb/TodayRaceInfo/RaceMarkTable?k_raceDate=1989%2F05%2F21&k_raceNo=4&k_babaCode=21,data/cache/html/19890521_kawasaki_4.html
19890521_kawasaki_5,1989-05-21,kawasaki,5,https://www.keiba.go.jp/KeibaWeb/TodayRaceInfo/RaceMarkTable?k_raceDate=1989%2F05%2F21&k_raceNo=5&k_babaCode=21,data/cache/html/19890521_kawasaki_5.html
19890521_kawasaki_6,1989-05-21,kawasaki,6,https://www.keiba.go.jp/KeibaWeb/TodayRaceInfo/RaceMarkTable?k_raceDate=1989%2F05%2F21&k_raceNo=6&k_babaCode=21,data/cache/html/19890521_kawasaki_6.html
19890521_kawasaki_7,1989-05-21,kawasaki,7,https://www.keiba.go.jp/KeibaWeb/TodayRaceInfo/RaceMarkTable?k_raceDate=1989%2F05%2F21&k_raceNo=7&k_babaCode=21,data/cache/html/19890521_kawasaki_7.html
19890521_kawasaki_8,1989-05-21,kawasaki,8,https://www.keiba.go.jp/KeibaWeb/TodayRaceInfo/RaceMarkTable?k_raceDate=1989%2F05%2F21&k_raceNo=8&k_babaCode=21,data/cache/html/19890521_kawasaki_8.html
19890521_kawasaki_9,1989-05-21,kawasaki,9,https://www.keiba.go.jp/KeibaWeb/TodayRaceInfo/RaceMarkTable?k_raceDate=1989%2F05%2F21&k_raceNo=9&k_babaCode=21,data/cache/html/19890521_kawasaki_9.html
19890521_kawasaki_10,1989-05-21,kawasaki,10,https://www.keiba.go.jp/KeibaWeb/TodayRaceInfo/RaceMarkTable?k_raceDate=1989%2F05%2F21&k_raceNo=10&k_babaCode=21,data/cache/html/19890521_kawasaki_10.html
19890521_kawasaki_11,1989-05-21,kawasaki,11,https://www.keiba.go.jp/KeibaWeb/TodayRaceInfo/RaceMarkTable?k_raceDate=1989%2F05%2F21&k_raceNo=11&k_babaCode=21,data/cache/html/19890521_kawasaki_11.html
19890521_kawasaki_12,1989-05-21,kawasaki,12,https://www.keiba.go.jp/KeibaWeb/TodayRaceInfo/RaceMarkTable?k_raceDate=1989%2F05%2F21&k_raceNo=12&k_babaCode=21,data/cache/html/19890521_kawasaki_12.html
19890520_kawasaki_1,1989-05-20,kawasaki,1,https://www.keiba.go.jp/KeibaWeb/TodayRaceInfo/RaceMarkTable?k_raceDate=1989%2F05%2F20&k_raceNo=1&k_babaCode=21,data/cache/html/19890520_kawasaki_1.html
19890520_kawasaki_2,1989-05-20,kawasaki,2,https://www.keiba.go.jp/KeibaWeb/TodayRaceInfo/RaceMarkTable?k_raceDate=1989%2F05%2F20&k_raceNo=2&k_babaCode=21,data/cache/html/19890520_kawasaki_2.html
19890520_kawasaki_3,1989-05-20,kawasaki,3,https://www.keiba.go.jp/KeibaWeb/TodayRaceInfo/RaceMarkTable?k_raceDate=1989%2F05%2F20&k_raceNo=3&k_babaCode=21,data/cache/html/19890520_kawasaki_3.html
19890520_kawasaki_4,1989-05-20,kawasaki,4,https://www.keiba.go.jp/KeibaWeb/TodayRaceInfo/RaceMarkTable?k_raceDate=1989%2F05%2F20&k_raceNo=4&k_babaCode=21,data/cache/html/19890520_kawasaki_4.html
19890520_kawasaki_5,1989-05-20,kawasaki,5,https://www.keiba.go.jp/KeibaWeb/TodayRaceInfo/RaceMarkTable?k_raceDate=1989%2F05%2F20&k_raceNo=5&k_babaCode=21,data/cache/html/19890520_kawasaki_5.html
19890520_kawasaki_6,1989-05-20,kawasaki,6,https://www.keiba.go.jp/KeibaWeb/TodayRaceInfo/RaceMarkTable?k_raceDate=1989%2F05%2F20&k_raceNo=6&k_babaCode=21,data/cache/html/19890520_kawasaki_6.html
19890520_kawasaki_7,1989-05-20,kawasaki,7,https://www.keiba.go.jp/KeibaWeb/TodayRaceInfo/RaceMarkTable?k_raceDate=1989%2F05%2F20&k_raceNo=7&k_babaCode=21,data/cache/html/19890520_kawasaki_7.html
19890520_kawasaki_8,1989-05-20,kawasaki,8,https://www.keiba.go.jp/KeibaWeb/TodayRaceInfo/RaceMarkTable?k_raceDate=1989%2F05%2F20&k_raceNo=8&k_babaCode=21,data/cache/html/19890520_kawasaki_8.html
19890520_kawasaki_9,1989-05-20,kawasaki,9,https://www.keiba.go.jp/KeibaWeb/TodayRaceInfo/RaceMarkTable?k_raceDate=1989%2F05%2F20&k_raceNo=9&k_babaCode=21,data/cache/html/19890520_kawasaki_9.html
19890520_kawasaki_10,1989-05-20,kawasaki,10,https://www.keiba.go.jp/KeibaWeb/TodayRaceInfo/RaceMarkTable?k_raceDate=1989%2F05%2F20&k_raceNo=10&k_babaCode=21,data/cache/html/19890520_kawasaki_10.html
19890520_kawasaki_11,1989-05-20,kawasaki,11,https://www.keiba.go.jp/KeibaWeb/TodayRaceInfo/RaceMarkTable?k_raceDate=1989%2F05%2F20&k_raceNo=11&k_babaCode=21,data/cache/html/19890520_kawasaki_11.html
19890520_kawasaki_12,1989-05-20,kawasaki,12,https://www.keiba.go.jp/KeibaWeb/TodayRaceInfo/RaceMarkTable?k_raceDate=1989%2F05%2F20&k_raceNo=12&k_babaCode=21,data/cache/html/19890520_kawasaki_12.html
19890519_kawasaki_1,1989-05-19,kawasaki,1,https://www.keiba.go.jp/KeibaWeb/TodayRaceInfo/RaceMarkTable?k_raceDate=1989%2F05%2F19&k_raceNo=1&k_babaCode=21,data/cache/html/19890519_kawasaki_1.html
19890519_kawasaki_2,1989-05-19,kawasaki,2,https://www.keiba.go.jp/KeibaWeb/TodayRaceInfo/RaceMarkTable?k_raceDate=1989%2F05%2F19&k_raceNo=2&k_babaCode=21,data/cache/html/19890519_kawasaki_2.html
19890519_kawasaki_3,1989-05-19,kawasaki,3,https://www.keiba.go.jp/KeibaWeb/TodayRaceInfo/RaceMarkTable?k_raceDate=1989%2F05%2F19&k_raceNo=3&k_babaCode=21,data/cache/html/19890519_kawasaki_3.html
19890519_kawasaki_4,1989-05-19,kawasaki,4,https://www.keiba.go.jp/KeibaWeb/TodayRaceInfo/RaceMarkTable?k_raceDate=1989%2F05%2F19&k_raceNo=4&k_babaCode=21,data/cache/html/19890519_kawasaki_4.html
19890519_kawasaki_5,1989-05-19,kawasaki,5,https://www.keiba.go.jp/KeibaWeb/TodayRaceInfo/RaceMarkTable?k_raceDate=1989%2F05%2F19&k_raceNo=5&k_babaCode=21,data/cache/html/19890519_kawasaki_5.html
19890519_kawasaki_6,1989-05-19,kawasaki,6,https://www.keiba.go.jp/KeibaWeb/TodayRaceInfo/RaceMarkTable?k_raceDate=1989%2F05%2F19&k_raceNo=6&k_babaCode=21,data/cache/html/19890519_kawasaki_6.html
19890519_kawasaki_7,1989-05-19,kawasaki,7,https://www.keiba.go.jp/KeibaWeb/TodayRaceInfo/RaceMarkTable?k_raceDate=1989%2F05%2F19&k_raceNo=7&k_babaCode=21,data/cache/html/19890519_kawasaki_7.html
19890519_kawasaki_8,1989-05-19,kawasaki,8,https://www.keiba.go.jp/KeibaWeb/TodayRaceInfo/RaceMarkTable?k_raceDate=1989%2F05%2F19&k_raceNo=8&k_babaCode=21,data/cache/html/19890519_kawasaki_8.html
19890519_kawasaki_9,1989-05-19,kawasaki,9,https://www.keiba.go.jp/KeibaWeb/TodayRaceInfo/RaceMarkTable?k_raceDate=1989%2F05%2F19&k_raceNo=9&k_babaCode=21,data/cache/html/19890519_kawasaki_9.html
19890519_kawasaki_10,1989-05-19,kawasaki,10,https://www.keiba.go.jp/KeibaWeb/TodayRaceInfo/RaceMarkTable?k_raceDate=1989%2F05%2F19&k_raceNo=10&k_babaCode=21,data/cache/html/19890519_kawasaki_10.html
19890519_kawasaki_11,1989-05-19,kawasaki,11,https://www.keiba.go.jp/KeibaWeb/TodayRaceInfo/RaceMarkTable?k_raceDate=1989%2F05%2F19&k_raceNo=11&k_babaCode=21,data/cache/html/19890519_kawasaki_11.html
19890519_kawasaki_12,1989-05-19,kawasaki,12,https://www.keiba.go.jp/KeibaWeb/TodayRaceInfo/RaceMarkTable?k_raceDate=1989%2F05%2F19&k_raceNo=12&k_babaCode=21,data/cache/html/19890519_kawasaki_12.html
19890518_kawasaki_1,1989-05-18,kawasaki,1,https://www.keiba.go.jp/KeibaWeb/TodayRaceInfo/RaceMarkTable?k_raceDate=1989%2F05%2F18&k_raceNo=1&k_babaCode=21,data/cache/html/19890518_kawasaki_1.html
19890518_kawasaki_2,1989-05-18,kawasaki,2,https://www.keiba.go.jp/KeibaWeb/TodayRaceInfo/RaceMarkTable?k_raceDate=1989%2F05%2F18&k_raceNo=2&k_babaCode=21,data/cache/html/19890518_kawasaki_2.html
19890518_kawasaki_3,1989-05-18,kawasaki,3,https://www.keiba.go.jp/KeibaWeb/TodayRaceInfo/RaceMarkTable?k_raceDate=1989%2F05%2F18&k_raceNo=3&k_babaCode=21,data/cache/html/19890518_kawasaki_3.html
19890518_kawasaki_4,1989-05-18,kawasaki,4,https://www.keiba.go.jp/KeibaWeb/TodayRaceInfo/RaceMarkTable?k_raceDate=1989%2F05%2F18&k_raceNo=4&k_babaCode=21,data/cache/html/19890518_kawasaki_4.html
19890518_kawasaki_5,1989-05-18,kawasaki,5,https://www.keiba.go.jp/KeibaWeb/TodayRaceInfo/RaceMarkTable?k_raceDate=1989%2F05%2F18&k_raceNo=5&k_babaCode=21,data/cache/html/19890518_kawasaki_5.html
19890518_kawasaki_6,1989-05-18,kawasaki,6,https://www.keiba.go.jp/KeibaWeb/TodayRaceInfo/RaceMarkTable?k_raceDate=1989%2F05%2F18&k_raceNo=6&k_babaCode=21,data/cache/html/19890518_kawasaki_6.html
19890518_kawasaki_7,1989-05-18,kawasaki,7,https://www.keiba.go.jp/KeibaWeb/TodayRaceInfo/RaceMarkTable?k_raceDate=1989%2F05%2F18&k_raceNo=7&k_babaCode=21,data/cache/html/19890518_kawasaki_7.html
19890518_kawasaki_8,1989-05-18,kawasaki,8,https://www.keiba.go.jp/KeibaWeb/TodayRaceInfo/RaceMarkTable?k_raceDate=1989%2F05%2F18&k_raceNo=8&k_babaCode=21,data/cache/html/19890518_kawasaki_8.html
19890518_kawasaki_9,1989-05-18,kawasaki,9,https://www.keiba.go.jp/KeibaWeb/TodayRaceInfo/RaceMarkTable?k_raceDate=1989%2F05%2F18&k_raceNo=9&k_babaCode=21,data/cache/html/19890518_kawasaki_9.html
19890518_kawasaki_10,1989-05-18,kawasaki,10,https://www.keiba.go.jp/KeibaWeb/TodayRaceInfo/RaceMarkTable?k_raceDate=1989%2F05%2F18&k_raceNo=10&k_babaCode=21,data/cache/html/19890518_kawasaki_10.html
19890518_kawasaki_11,1989-05-18,kawasaki,11,https://www.keiba.go.jp/KeibaWeb/TodayRaceInfo/RaceMarkTable?k_raceDate=1989%2F05%2F18&k_raceNo=11&k_babaCode=21,data/cache/html/19890518_kawasaki_11.html
19890518_kawasaki_12,1989-05-18,kawasaki,12,https://www.keiba.go.jp/KeibaWeb/TodayRaceInfo/RaceMarkTable?k_raceDate=1989%2F05%2F18&k_raceNo=12&k_babaCode=21,data/cache/html/19890518_kawasaki_12.html
19890517_kawasaki_1,1989-05-17,kawasaki,1,https://www.keiba.go.jp/KeibaWeb/TodayRaceInfo/RaceMarkTable?k_raceDate=1989%2F05%2F17&k_raceNo=1&k_babaCode=21,data/cache/html/19890517_kawasaki_1.html
19890517_kawasaki_2,1989-05-17,kawasaki,2,https://www.keiba.go.jp/KeibaWeb/TodayRaceInfo/RaceMarkTable?k_raceDate=1989%2F05%2F17&k_raceNo=2&k_babaCode=21,data/cache/html/19890517_kawasaki_2.html
19890517_kawasaki_3,1989-05-17,kawasaki,3,https://www.keiba.go.jp/KeibaWeb/TodayRaceInfo/RaceMarkTable?k_raceDate=1989%2F05%2F17&k_raceNo=3&k_babaCode=21,data/cache/html/19890517_kawasaki_3.html
19890517_kawasaki_4,1989-05-17,kawasaki,4,https://www.keiba.go.jp/KeibaWeb/TodayRaceInfo/RaceMarkTable?k_raceDate=1989%2F05%2F17&k_raceNo=4&k_babaCode=21,data/cache/html/19890517_kawasaki_4.html
19890517_kawasaki_5,1989-05-17,kawasaki,5,https://www.keiba.go.jp/KeibaWeb/TodayRaceInfo/RaceMarkTable?k_raceDate=1989%2F05%2F17&k_raceNo=5&k_babaCode=21,data/cache/html/19890517_kawasaki_5.html
19890517_kawasaki_6,1989-05-17,kawasaki,6,https://www.keiba.go.jp/KeibaWeb/TodayRaceInfo/RaceMarkTable?k_raceDate=1989%2F05%2F17&k_raceNo=6&k_babaCode=21,data/cache/html/19890517_kawasaki_6.html
19890517_kawasaki_7,1989-05-17,kawasaki,7,https://www.keiba.go.jp/KeibaWeb/TodayRaceInfo/RaceMarkTable?k_raceDate=1989%2F05%2F17&k_raceNo=7&k_babaCode=21,data/cache/html/19890517_kawasaki_7.html
19890517_kawasaki_8,1989-05-17,kawasaki,8,https://www.keiba.go.jp/KeibaWeb/TodayRaceInfo/RaceMarkTable?k_raceDate=1989%2F05%2F17&k_raceNo=8&k_babaCode=21,data/cache/html/19890517_kawasaki_8.html
19890517_kawasaki_9,1989-05-17,kawasaki,9,https://www.keiba.go.jp/KeibaWeb/TodayRaceInfo/RaceMarkTable?k_raceDate=1989%2F05%2F17&k_raceNo=9&k_babaCode=21,data/cache/html/19890517_kawasaki_9.html
19890517_kawasaki_10,1989-05-17,kawasaki,10,https://www.keiba.go.jp/KeibaWeb/TodayRaceInfo/RaceMarkTable?k_raceDate=1989%2F05%2F17&k_raceNo=10&k_babaCode=21,data/cache/html/19890517_kawasaki_10.html
19890517_kawasaki_11,1989-05-17,kawasaki,11,https://www.keiba.go.jp/KeibaWeb/TodayRaceInfo/RaceMarkTable?k_raceDate=1989%2F05%2F17&k_raceNo=11&k_babaCode=21,data/cache/html/19890517_kawasaki_11.html
19890517_kawasaki_12,1989-05-17,kawasaki,12,https://www.keiba.go.jp/KeibaWeb/TodayRaceInfo/RaceMarkTable?k_raceDate=1989%2F05%2F17&k_raceNo=12&k_babaCode=21,data/cache/html/19890517_kawasaki_12.html
19890516_kawasaki_1,1989-05-16,kawasaki,1,https://www.keiba.go.jp/KeibaWeb/TodayRaceInfo/RaceMarkTable?k_raceDate=1989%2F05%2F16&k_raceNo=1&k_babaCode=21,data/cache/html/19890516_kawasaki_1.html
19890516_kawasaki_2,1989-05-16,kawasaki,2,https://www.keiba.go.jp/KeibaWeb/TodayRaceInfo/RaceMarkTable?k_raceDate=1989%2F05%2F16&k_raceNo=2&k_babaCode=21,data/cache/html/19890516_kawasaki_2.html
19890516_kawasaki_3,1989-05-16,kawasaki,3,https://www.keiba.go.jp/KeibaWeb/TodayRaceInfo/RaceMarkTable?k_raceDate=1989%2F05%2F16&k_raceNo=3&k_babaCode=21,data/cache/html/19890516_kawasaki_3.html
19890516_kawasaki_4,1989-05-16,kawasaki,4,https://www.keiba.go.jp/KeibaWeb/TodayRaceInfo/RaceMarkTable?k_raceDate=1989%2F05%2F16&k_raceNo=4&k_babaCode=21,data/cache/html/19890516_kawasaki_4.html
19890516_kawasaki_5,1989-05-16,kawasaki,5,https://www.keiba.go.jp/KeibaWeb/TodayRaceInfo/RaceMarkTable?k_raceDate=1989%2F05%2F16&k_raceNo=5&k_babaCode=21,data/cache/html/19890516_kawasaki_5.html
19890516_kawasaki_6,1989-05-16,kawasaki,6,https://www.keiba.go.jp/KeibaWeb/TodayRaceInfo/RaceMarkTable?k_raceDate=1989%2F05%2F16&k_raceNo=6&k_babaCode=21,data/cache/html/19890516_kawasaki_6.html
19890516_kawasaki_7,1989-05-16,kawasaki,7,https://www.keiba.go.jp/KeibaWeb/TodayRaceInfo/RaceMarkTable?k_raceDate=1989%2F05%2F16&k_raceNo=7&k_babaCode=21,data/cache/html/19890516_kawasaki_7.html
19890516_kawasaki_8,1989-05-16,kawasaki,8,https://www.keiba.go.jp/KeibaWeb/TodayRaceInfo/RaceMarkTable?k_raceDate=1989%2F05%2F16&k_raceNo=8&k_babaCode=21,data/cache/html/19890516_kawasaki_8.html
19890516_kawasaki_9,1989-05-16,kawasaki,9,https://www.keiba.go.jp/KeibaWeb/TodayRaceInfo/RaceMarkTable?k_raceDate=1989%2F05%2F16&k_raceNo=9&k_babaCode=21,data/cache/html/19890516_kawasaki_9.html
19890516_kawasaki_10,1989-05-16,kawasaki,10,https://www.keiba.go.jp/KeibaWeb/TodayRaceInfo/RaceMarkTable?k_raceDate=1989%2F05%2F16&k_raceNo=10&k_babaCode=21,data/cache/html/19890516_kawasaki_10.html
19890516_kawasaki_11,1989-05-16,kawasaki,11,https://www.keiba.go.jp/KeibaWeb/TodayRaceInfo/RaceMarkTable?k_raceDate=1989%2F05%2F16&k_raceNo=11&k_babaCode=21,data/cache/html/19890516_kawasaki_11.html
19890516_kawasaki_12,1989-05-16,kawasaki,12,https://www.keiba.go.jp/KeibaWeb/TodayRaceInfo/RaceMarkTable?k_raceDate=1989%2F05%2F16&k_raceNo=12&k_babaCode=21,data/cache/html/19890516_kawasaki_12.html
19890515_kawasaki_1,1989-05-15,kawasaki,1,https://www.keiba.go.jp/KeibaWeb/TodayRaceInfo/RaceMarkTable?k_raceDate=1989%2F05%2F15&k_raceNo=1&k_babaCode=21,data/cache/html/19890515_kawasaki_1.html
19890515_kawasaki_2,1989-05-15,kawasaki,2,https://www.keiba.go.jp/KeibaWeb/TodayRaceInfo/RaceMarkTable?k_raceDate=1989%2F05%2F15&k_raceNo=2&k_babaCode=21,data/cache/html/19890515_kawasaki_2.html
19890515_kawasaki_3,1989-05-15,kawasaki,3,https://www.keiba.go.jp/KeibaWeb/TodayRaceInfo/RaceMarkTable?k_raceDate=1989%2F05%2F15&k_raceNo=3&k_babaCode=21,data/cache/html/19890515_kawasaki_3.html
19890515_kawasaki_4,1989-05-15,kawasaki,4,https://www.keiba.go.jp/KeibaWeb/TodayRaceInfo/RaceMarkTable?k_raceDate=1989%2F05%2F15&k_raceNo=4&k_babaCode=21,data/cache/html/19890515_kawasaki_4.html
19890515_kawasaki_5,1989-05-15,kawasaki,5,https://www.keiba.go.jp/KeibaWeb/TodayRaceInfo/RaceMarkTable?k_raceDate=1989%2F05%2F15&k_raceNo=5&k_babaCode=21,data/cache/html/19890515_kawasaki_5.html
19890515_kawasaki_6,1989-05-15,kawasaki,6,https://www.keiba.go.jp/KeibaWeb/TodayRaceInfo/RaceMarkTable?k_raceDate=1989%2F05%2F15&k_raceNo=6&k_babaCode=21,data/cache/html/19890515_kawasaki_6.html
19890515_kawasaki_7,1989-05-15,kawasaki,7,https://www.keiba.go.jp/KeibaWeb/TodayRaceInfo/RaceMarkTable?k_raceDate=1989%2F05%2F15&k_raceNo=7&k_babaCode=21,data/cache/html/19890515_kawasaki_7.html
19890515_kawasaki_8,1989-05-15,kawasaki,8,https://www.keiba.go.jp/KeibaWeb/TodayRaceInfo/RaceMarkTable?k_raceDate=1989%2F05%2F15&k_raceNo=8&k_babaCode=21,data/cache/html/19890515_kawasaki_8.html
19890515_kawasaki_9,1989-05-15,kawasaki,9,https://www.keiba.go.jp/KeibaWeb/TodayRaceInfo/RaceMarkTable?k_raceDate=1989%2F05%2F15&k_raceNo=9&k_babaCode=21,data/cache/html/19890515_kawasaki_9.html
19890515_kawasaki_10,1989-05-15,kawasaki,10,https://www.keiba.go.jp/KeibaWeb/TodayRaceInfo/RaceMarkTable?k_raceDate=1989%2F05%2F15&k_raceNo=10&k_babaCode=21,data/cache/html/19890515_kawasaki_10.html
19890515_kawasaki_11,1989-05-15,kawasaki,11,https://www.keiba.go.jp/KeibaWeb/TodayRaceInfo/RaceMarkTable?k_raceDate=1989%2F05%2F15&k_raceNo=11&k_babaCode=21,data/cache/html/19890515_kawasaki_11.html
19890515_kawasaki_12,1989-05-15,kawasaki,12,https://www.keiba.go.jp/KeibaWeb/TodayRaceInfo/RaceMarkTable?k_raceDate=1989%2F05%2F15&k_raceNo=12&k_babaCode=21,data/cache/html/19890515_kawasaki_12.html
19890514_kawasaki_1,1989-05-14,kawasaki,1,https://www.keiba.go.jp/KeibaWeb/TodayRaceInfo/RaceMarkTable?k_raceDate=1989%2F05%2F14&k_raceNo=1&k_babaCode=21,data/cache/html/19890514_kawasaki_1.html
19890514_kawasaki_2,1989-05-14,kawasaki,2,https://www.keiba.go.jp/KeibaWeb/TodayRaceInfo/RaceMarkTable?k_raceDate=1989%2F05%2F14&k_raceNo=2&k_babaCode=21,data/cache/html/19890514_kawasaki_2.html
19890514_kawasaki_3,1989-05-14,kawasaki,3,https://www.keiba.go.jp/KeibaWeb/TodayRaceInfo/RaceMarkTable?k_raceDate=1989%2F05%2F14&k_raceNo=3&k_babaCode=21,data/cache/html/19890514_kawasaki_3.html
19890514_kawasaki_4,1989-05-14,kawasaki,4,https://www.keiba.go.jp/KeibaWeb/TodayRaceInfo/RaceMarkTable?k_raceDate=1989%2F05%2F14&k_raceNo=4&k_babaCode=21,data/cache/html/19890514_kawasaki_4.html
19890514_kawasaki_5,1989-05-14,kawasaki,5,https://www.keiba.go.jp/KeibaWeb/TodayRaceInfo/RaceMarkTable?k_raceDate=1989%2F05%2F14&k_raceNo=5&k_babaCode=21,data/cache/html/19890514_kawasaki_5.html
19890514_kawasaki_6,1989-05-14,kawasaki,6,https://www.keiba.go.jp/KeibaWeb/TodayRaceInfo/RaceMarkTable?k_raceDate=1989%2F05%2F14&k_raceNo=6&k_babaCode=21,data/cache/html/19890514_kawasaki_6.html
19890514_kawasaki_7,1989-05-14,kawasaki,7,https://www.keiba.go.jp/KeibaWeb/TodayRaceInfo/RaceMarkTable?k_raceDate=1989%2F05%2F14&k_raceNo=7&k_babaCode=21,data/cache/html/19890514_kawasaki_7.html
19890514_kawasaki_8,1989-05-14,kawasaki,8,https://www.keiba.go.jp/KeibaWeb/TodayRaceInfo/RaceMarkTable?k_raceDate=1989%2F05%2F14&k_raceNo=8&k_babaCode=21,data/cache/html/19890514_kawasaki_8.html
19890514_kawasaki_9,1989-05-14,kawasaki,9,https://www.keiba.go.jp/KeibaWeb/TodayRaceInfo/RaceMarkTable?k_raceDate=1989%2F05%2F14&k_raceNo=9&k_babaCode=21,data/cache/html/19890514_kawasaki_9.html
19890514_kawasaki_10,1989-05-14,kawasaki,10,https://www.keiba.go.jp/KeibaWeb/TodayRaceInfo/RaceMarkTable?k_raceDate=1989%2F05%2F14&k_raceNo=10&k_babaCode=21,data/cache/html/19890514_kawasaki_10.html
19890514_kawasaki_11,1989-05-14,kawasaki,11,https://www.keiba.go.jp/KeibaWeb/TodayRaceInfo/RaceMarkTable?k_raceDate=1989%2F05%2F14&k_raceNo=11&k_babaCode=21,data/cache/html/19890514_kawasaki_11.html
19890514_kawasaki_12,1989-05-14,kawasaki,12,https://www.keiba.go.jp/KeibaWeb/TodayRaceInfo/RaceMarkTable?k_raceDate=1989%2F05%2F14&k_raceNo=12&k_babaCode=21,data/cache/html/19890514_kawasaki_12.html
19890513_kawasaki_1,1989-05-13,kawasaki,1,https://www.keiba.go.jp/KeibaWeb/TodayRaceInfo/RaceMarkTable?k_raceDate=1989%2F05%2F13&k_raceNo=1&k_babaCode=21,data/cache/html/19890513_kawasaki_1.html
19890513_kawasaki_2,1989-05-13,kawasaki,2,https://www.keiba.go.jp/KeibaWeb/TodayRaceInfo/RaceMarkTable?k_raceDate=1989%2F05%2F13&k_raceNo=2&k_babaCode=21,data/cache/html/19890513_kawasaki_2.html
19890513_kawasaki_3,1989-05-13,kawasaki,3,https://www.keiba.go.jp/KeibaWeb/TodayRaceInfo/RaceMarkTable?k_raceDate=1989%2F05%2F13&k_raceNo=3&k_babaCode=21,data/cache/html/19890513_kawasaki_3.html
19890513_kawasaki_4,1989-05-13,kawasaki,4,https://www.keiba.go.jp/KeibaWeb/TodayRaceInfo/RaceMarkTable?k_raceDate=1989%2F05%2F13&k_raceNo=4&k_babaCode=21,data/cache/html/19890513_kawasaki_4.html
19890513_kawasaki_5,1989-05-13,kawasaki,5,https://www.keiba.go.jp/KeibaWeb/TodayRaceInfo/RaceMarkTable?k_raceDate=1989%2F05%2F13&k_raceNo=5&k_babaCode=21,data/cache/html/19890513_kawasaki_5.html
19890513_kawasaki_6,1989-05-13,kawasaki,6,https://www.keiba.go.jp/KeibaWeb/TodayRaceInfo/RaceMarkTable?k_raceDate=1989%2F05%2F13&k_raceNo=6&k_babaCode=21,data/cache/html/19890513_kawasaki_6.html
19890513_kawasaki_7,1989-05-13,kawasaki,7,https://www.keiba.go.jp/KeibaWeb/TodayRaceInfo/RaceMarkTable?k_raceDate=1989%2F05%2F13&k_raceNo=7&k_babaCode=21,data/cache/html/19890513_kawasaki_7.html
19890513_kawasaki_8,1989-05-13,kawasaki,8,https://www.keiba.go.jp/KeibaWeb/TodayRaceInfo/RaceMarkTable?k_raceDate=1989%2F05%2F13&k_raceNo=8&k_babaCode=21,data/cache/html/19890513_kawasaki_8.html
19890513_kawasaki_9,1989-05-13,kawasaki,9,https://www.keiba.go.jp/KeibaWeb/TodayRaceInfo/RaceMarkTable?k_raceDate=1989%2F05%2F13&k_raceNo=9&k_babaCode=21,data/cache/html/19890513_kawasaki_9.html
19890513_kawasaki_10,1989-05-13,kawasaki,10,https://www.keiba.go.jp/KeibaWeb/TodayRaceInfo/RaceMarkTable?k_raceDate=1989%2F05%2F13&k_raceNo=10&k_babaCode=21,data/cache/html/19890513_kawasaki_10.html
19890513_kawasaki_11,1989-05-13,kawasaki,11,https://www.keiba.go.jp/KeibaWeb/TodayRaceInfo/RaceMarkTable?k_raceDate=1989%2F05%2F13&k_raceNo=11&k_babaCode=21,data/cache/html/19890513_kawasaki_11.html
19890513_kawasaki_12,1989-05-13,kawasaki,12,https://www.keiba.go.jp/KeibaWeb/TodayRaceInfo/RaceMarkTable?k_raceDate=1989%2F05%2F13&k_raceNo=12&k_babaCode=21,data/cache/html/19890513_kawasaki_12.html
19890512_kawasaki_1,1989-05-12,kawasaki,1,https://www.keiba.go.jp/KeibaWeb/TodayRaceInfo/RaceMarkTable?k_raceDate=1989%2F05%2F12&k_raceNo=1&k_babaCode=21,data/cache/html/19890512_kawasaki_1.html
19890512_kawasaki_2,1989-05-12,kawasaki,2,https://www.keiba.go.jp/KeibaWeb/TodayRaceInfo/RaceMarkTable?k_raceDate=1989%2F05%2F12&k_raceNo=2&k_babaCode=21,data/cache/html/19890512_kawasaki_2.html
19890512_kawasaki_3,1989-05-12,kawasaki,3,https://www.keiba.go.jp/KeibaWeb/TodayRaceInfo/RaceMarkTable?k_raceDate=1989%2F05%2F12&k_raceNo=3&k_babaCode=21,data/cache/html/19890512_kawasaki_3.html
19890512_kawasaki_4,1989-05-12,kawasaki,4,https://www.keiba.go.jp/KeibaWeb/TodayRaceInfo/RaceMarkTable?k_raceDate=1989%2F05%2F12&k_raceNo=4&k_babaCode=21,data/cache/html/19890512_kawasaki_4.html
19890512_kawasaki_5,1989-05-12,kawasaki,5,https://www.keiba.go.jp/KeibaWeb/TodayRaceInfo/RaceMarkTable?k_raceDate=1989%2F05%2F12&k_raceNo=5&k_babaCode=21,data/cache/html/19890512_kawasaki_5.html
19890512_kawasaki_6,1989-05-12,kawasaki,6,https://www.keiba.go.jp/KeibaWeb/TodayRaceInfo/RaceMarkTable?k_raceDate=1989%2F05%2F12&k_raceNo=6&k_babaCode=21,data/cache/html/19890512_kawasaki_6.html
19890512_kawasaki_7,1989-05-12,kawasaki,7,https://www.keiba.go.jp/KeibaWeb/TodayRaceInfo/RaceMarkTable?k_raceDate=1989%2F05%2F12&k_raceNo=7&k_babaCode=21,data/cache/html/19890512_kawasaki_7.html
19890512_kawasaki_8,1989-05-12,kawasaki,8,https://www.keiba.go.jp/KeibaWeb/TodayRaceInfo/RaceMarkTable?k_raceDate=1989%2F05%2F12&k_raceNo=8&k_babaCode=21,data/cache/html/19890512_kawasaki_8.html
19890512_kawasaki_9,1989-05-12,kawasaki,9,https://www.keiba.go.jp/KeibaWeb/TodayRaceInfo/RaceMarkTable?k_raceDate=1989%2F05%2F12&k_raceNo=9&k_babaCode=21,data/cache/html/19890512_kawasaki_9.html
19890512_kawasaki_10,1989-05-12,kawasaki,10,https://www.keiba.go.jp/KeibaWeb/TodayRaceInfo/RaceMarkTable?k_raceDate=1989%2F05%2F12&k_raceNo=10&k_babaCode=21,data/cache/html/19890512_kawasaki_10.html
19890512_kawasaki_11,1989-05-12,kawasaki,11,https://www.keiba.go.jp/KeibaWeb/TodayRaceInfo/RaceMarkTable?k_raceDate=1989%2F05%2F12&k_raceNo=11&k_babaCode=21,data/cache/html/19890512_kawasaki_11.html
19890512_kawasaki_12,1989-05-12,kawasaki,12,https://www.keiba.go.jp/KeibaWeb/TodayRaceInfo/RaceMarkTable?k_raceDate=1989%2F05%2F12&k_raceNo=12&k_babaCode=21,data/cache/html/19890512_kawasaki_12.html
19890511_kawasaki_1,1989-05-11,kawasaki,1,https://www.keiba.go.jp/KeibaWeb/TodayRaceInfo/RaceMarkTable?k_raceDate=1989%2F05%2F11&k_raceNo=1&k_babaCode=21,data/cache/html/19890511_kawasaki_1.html
19890511_kawasaki_2,1989-05-11,kawasaki,2,https://www.keiba.go.jp/KeibaWeb/TodayRaceInfo/RaceMarkTable?k_raceDate=1989%2F05%2F11&k_raceNo=2&k_babaCode=21,data/cache/html/19890511_kawasaki_2.html
19890511_kawasaki_3,1989-05-11,kawasaki,3,https://www.keiba.go.jp/KeibaWeb/TodayRaceInfo/RaceMarkTable?k_raceDate=1989%2F05%2F11&k_raceNo=3&k_babaCode=21,data/cache/html/19890511_kawasaki_3.html
19890511_kawasaki_4,1989-05-11,kawasaki,4,https://www.keiba.go.jp/KeibaWeb/TodayRaceInfo/RaceMarkTable?k_raceDate=1989%2F05%2F11&k_raceNo=4&k_babaCode=21,data/cache/html/19890511_kawasaki_4.html
19890511_kawasaki_5,1989-05-11,kawasaki,5,https://www.keiba.go.jp/KeibaWeb/TodayRaceInfo/RaceMarkTable?k_raceDate=1989%2F05%2F11&k_raceNo=5&k_babaCode=21,data/cache/html/19890511_kawasaki_5.html
19890511_kawasaki_6,1989-05-11,kawasaki,6,https://www.keiba.go.jp/KeibaWeb/TodayRaceInfo/RaceMarkTable?k_raceDate=1989%2F05%2F11&k_raceNo=6&k_babaCode=21,data/cache/html/19890511_kawasaki_6.html
19890511_kawasaki_7,1989-05-11,kawasaki,7,https://www.keiba.go.jp/KeibaWeb/TodayRaceInfo/RaceMarkTable?k_raceDate=1989%2F05%2F11&k_raceNo=7&k_babaCode=21,data/cache/html/19890511_kawasaki_7.html
19890511_kawasaki_8,1989-05-11,kawasaki,8,https://www.keiba.go.jp/KeibaWeb/TodayRaceInfo/RaceMarkTable?k_raceDate=1989%2F05%2F11&k_raceNo=8&k_babaCode=21,data/cache/html/19890511_kawasaki_8.html
19890511_kawasaki_9,1989-05-11,kawasaki,9,https://www.keiba.go.jp/KeibaWeb/TodayRaceInfo/RaceMarkTable?k_raceDate=1989%2F05%2F11&k_raceNo=9&k_babaCode=21,data/cache/html/19890511_kawasaki_9.html
19890511_kawasaki_10,1989-05-11,kawasaki,10,https://www.keiba.go.jp/KeibaWeb/TodayRaceInfo/RaceMarkTable?k_raceDate=1989%2F05%2F11&k_raceNo=10&k_babaCode=21,data/cache/html/19890511_kawasaki_10.html
19890511_kawasaki_11,1989-05-11,kawasaki,11,https://www.keiba.go.jp/KeibaWeb/TodayRaceInfo/RaceMarkTable?k_raceDate=1989%2F05%2F11&k_raceNo=11&k_babaCode=21,data/cache/html/19890511_kawasaki_11.html
19890511_kawasaki_12,1989-05-11,kawasaki,12,https://www.keiba.go.jp/KeibaWeb/TodayRaceInfo/RaceMarkTable?k_raceDate=1989%2F05%2F11&k_raceNo=12&k_babaCode=21,data/cache/html/19890511_kawasaki_12.html
19890510_kawasaki_1,1989-05-10,kawasaki,1,https://www.keiba.go.jp/KeibaWeb/TodayRaceInfo/RaceMarkTable?k_raceDate=1989%2F05%2F10&k_raceNo=1&k_babaCode=21,data/cache/html/19890510_kawasaki_1.html
19890510_kawasaki_2,1989-05-10,kawasaki,2,https://www.keiba.go.jp/KeibaWeb/TodayRaceInfo/RaceMarkTable?k_raceDate=1989%2F05%2F10&k_raceNo=2&k_babaCode=21,data/cache/html/19890510_kawasaki_2.html
19890510_kawasaki_3,1989-05-10,kawasaki,3,https://www.keiba.go.jp/KeibaWeb/TodayRaceInfo/RaceMarkTable?k_raceDate=1989%2F05%2F10&k_raceNo=3&k_babaCode=21,data/cache/html/19890510_kawasaki_3.html
19890510_kawasaki_4,1989-05-10,kawasaki,4,https://www.keiba.go.jp/KeibaWeb/TodayRaceInfo/RaceMarkTable?k_raceDate=1989%2F05%2F10&k_raceNo=4&k_babaCode=21,data/cache/html/19890510_kawasaki_4.html
19890510_kawasaki_5,1989-05-10,kawasaki,5,https://www.keiba.go.jp/KeibaWeb/TodayRaceInfo/RaceMarkTable?k_raceDate=1989%2F05%2F10&k_raceNo=5&k_babaCode=21,data/cache/html/19890510_kawasaki_5.html
19890510_kawasaki_6,1989-05-10,kawasaki,6,https://www.keiba.go.jp/KeibaWeb/TodayRaceInfo/RaceMarkTable?k_raceDate=1989%2F05%2F10&k_raceNo=6&k_babaCode=21,data/cache/html/19890510_kawasaki_6.html
19890510_kawasaki_7,1989-05-10,kawasaki,7,https://www.keiba.go.jp/KeibaWeb/TodayRaceInfo/RaceMarkTable?k_raceDate=1989%2F05%2F10&k_raceNo=7&k_babaCode=21,data/cache/html/19890510_kawasaki_7.html
19890510_kawasaki_8,1989-05-10,kawasaki,8,https://www.keiba.go.jp/KeibaWeb/TodayRaceInfo/RaceMarkTable?k_raceDate=1989%2F05%2F10&k_raceNo=8&k_babaCode=21,data/cache/html/19890510_kawasaki_8.html
19890510_kawasaki_9,1989-05-10,kawasaki,9,https://www.keiba.go.jp/KeibaWeb/TodayRaceInfo/RaceMarkTable?k_raceDate=1989%2F05%2F10&k_raceNo=9&k_babaCode=21,data/cache/html/19890510_kawasaki_9.html
19890510_kawasaki_10,1989-05-10,kawasaki,10,https://www.keiba.go.jp/KeibaWeb/TodayRaceInfo/RaceMarkTable?k_raceDate=1989%2F05%2F10&k_raceNo=10&k_babaCode=21,data/cache/html/19890510_kawasaki_10.html
19890510_kawasaki_11,1989-05-10,kawasaki,11,https://www.keiba.go.jp/KeibaWeb/TodayRaceInfo/RaceMarkTable?k_raceDate=1989%2F05%2F10&k_raceNo=11&k_babaCode=21,data/cache/html/19890510_kawasaki_11.html
19890510_kawasaki_12,1989-05-10,kawasaki,12,https://www.keiba.go.jp/KeibaWeb/TodayRaceInfo/RaceMarkTable?k_raceDate=1989%2F05%2F10&k_raceNo=12&k_babaCode=21,data/cache/html/19890510_kawasaki_12.html
19890509_kawasaki_1,1989-05-09,kawasaki,1,https://www.keiba.go.jp/KeibaWeb/TodayRaceInfo/RaceMarkTable?k_raceDate=1989%2F05%2F09&k_raceNo=1&k_babaCode=21,data/cache/html/19890509_kawasaki_1.html
19890509_kawasaki_2,1989-05-09,kawasaki,2,https://www.keiba.go.jp/KeibaWeb/TodayRaceInfo/RaceMarkTable?k_raceDate=1989%2F05%2F09&k_raceNo=2&k_babaCode=21,data/cache/html/19890509_kawasaki_2.html
19890509_kawasaki_3,1989-05-09,kawasaki,3,https://www.keiba.go.jp/KeibaWeb/TodayRaceInfo/RaceMarkTable?k_raceDate=1989%2F05%2F09&k_raceNo=3&k_babaCode=21,data/cache/html/19890509_kawasaki_3.html
19890509_kawasaki_4,1989-05-09,kawasaki,4,https://www.keiba.go.jp/KeibaWeb/TodayRaceInfo/RaceMarkTable?k_raceDate=1989%2F05%2F09&k_raceNo=4&k_babaCode=21,data/cache/html/19890509_kawasaki_4.html
19890509_kawasaki_5,1989-05-09,kawasaki,5,https://www.keiba.go.jp/KeibaWeb/TodayRaceInfo/RaceMarkTable?k_raceDate=1989%2F05%2F09&k_raceNo=5&k_babaCode=21,data/cache/html/19890509_kawasaki_5.html
19890509_kawasaki_6,1989-05-09,kawasaki,6,https://www.keiba.go.jp/KeibaWeb/TodayRaceInfo/RaceMarkTable?k_raceDate=1989%2F05%2F09&k_raceNo=6&k_babaCode=21,data/cache/html/19890509_kawasaki_6.html
19890509_kawasaki_7,1989-05-09,kawasaki,7,https://www.keiba.go.jp/KeibaWeb/TodayRaceInfo/RaceMarkTable?k_raceDate=1989%2F05%2F09&k_raceNo=7&k_babaCode=21,data/cache/html/19890509_kawasaki_7.html
19890509_kawasaki_8,1989-05-09,kawasaki,8,https://www.keiba.go.jp/KeibaWeb/TodayRaceInfo/RaceMarkTable?k_raceDate=1989%2F05%2F09&k_raceNo=8&k_babaCode=21,data/cache/html/19890509_kawasaki_8.html
19890509_kawasaki_9,1989-05-09,kawasaki,9,https://www.keiba.go.jp/KeibaWeb/TodayRaceInfo/RaceMarkTable?k_raceDate=1989%2F05%2F09&k_raceNo=9&k_babaCode=21,data/cache/html/19890509_kawasaki_9.html
19890509_kawasaki_10,1989-05-09,kawasaki,10,https://www.keiba.go.jp/KeibaWeb/TodayRaceInfo/RaceMarkTable?k_raceDate=1989%2F05%2F09&k_raceNo=10&k_babaCode=21,data/cache/html/19890509_kawasaki_10.html
19890509_kawasaki_11,1989-05-09,kawasaki,11,https://www.keiba.go.jp/KeibaWeb/TodayRaceInfo/RaceMarkTable?k_raceDate=1989%2F05%2F09&k_raceNo=11&k_babaCode=21,data/cache/html/19890509_kawasaki_11.html
19890509_kawasaki_12,1989-05-09,kawasaki,12,https://www.keiba.go.jp/KeibaWeb/TodayRaceInfo/RaceMarkTable?k_raceDate=1989%2F05%2F09&k_raceNo=12&k_babaCode=21,data/cache/html/19890509_kawasaki_12.html
19890508_kawasaki_1,1989-05-08,kawasaki,1,https://www.keiba.go.jp/KeibaWeb/TodayRaceInfo/RaceMarkTable?k_raceDate=1989%2F05%2F08&k_raceNo=1&k_babaCode=21,data/cache/html/19890508_kawasaki_1.html
19890508_kawasaki_2,1989-05-08,kawasaki,2,https://www.keiba.go.jp/KeibaWeb/TodayRaceInfo/RaceMarkTable?k_raceDate=1989%2F05%2F08&k_raceNo=2&k_babaCode=21,data/cache/html/19890508_kawasaki_2.html
19890508_kawasaki_3,1989-05-08,kawasaki,3,https://www.keiba.go.jp/KeibaWeb/TodayRaceInfo/RaceMarkTable?k_raceDate=1989%2F05%2F08&k_raceNo=3&k_babaCode=21,data/cache/html/19890508_kawasaki_3.html
19890508_kawasaki_4,1989-05-08,kawasaki,4,https://www.keiba.go.jp/KeibaWeb/TodayRaceInfo/RaceMarkTable?k_raceDate=1989%2F05%2F08&k_raceNo=4&k_babaCode=21,data/cache/html/19890508_kawasaki_4.html
19890508_kawasaki_5,1989-05-08,kawasaki,5,https://www.keiba.go.jp/KeibaWeb/TodayRaceInfo/RaceMarkTable?k_raceDate=1989%2F05%2F08&k_raceNo=5&k_babaCode=21,data/cache/html/19890508_kawasaki_5.html
19890508_kawasaki_6,1989-05-08,kawasaki,6,https://www.keiba.go.jp/KeibaWeb/TodayRaceInfo/RaceMarkTable?k_raceDate=1989%2F05%2F08&k_raceNo=6&k_babaCode=21,data/cache/html/19890508_kawasaki_6.html
19890508_kawasaki_7,1989-05-08,kawasaki,7,https://www.keiba.go.jp/KeibaWeb/TodayRaceInfo/RaceMarkTable?k_raceDate=1989%2F05%2F08&k_raceNo=7&k_babaCode=21,data/cache/html/19890508_kawasaki_7.html
19890508_kawasaki_8,1989-05-08,kawasaki,8,https://www.keiba.go.jp/KeibaWeb/TodayRaceInfo/RaceMarkTable?k_raceDate=1989%2F05%2F08&k_raceNo=8&k_babaCode=21,data/cache/html/19890508_kawasaki_8.html
19890508_kawasaki_9,1989-05-08,kawasaki,9,https://www.keiba.go.jp/KeibaWeb/TodayRaceInfo/RaceMarkTable?k_raceDate=1989%2F05%2F08&k_raceNo=9&k_babaCode=21,data/cache/html/19890508_kawasaki_9.html
19890508_kawasaki_10,1989-05-08,kawasaki,10,https://www.keiba.go.jp/KeibaWeb/TodayRaceInfo/RaceMarkTable?k_raceDate=1989%2F05%2F08&k_raceNo=10&k_babaCode=21,data/cache/html/19890508_kawasaki_10.html
19890508_kawasaki_11,1989-05-08,kawasaki,11,https://www.keiba.go.jp/KeibaWeb/TodayRaceInfo/RaceMarkTable?k_raceDate=1989%2F05%2F08&k_raceNo=11&k_babaCode=21,data/cache/html/19890508_kawasaki_11.html
19890508_kawasaki_12,1989-05-08,kawasaki,12,https://www.keiba.go.jp/KeibaWeb/TodayRaceInfo/RaceMarkTable?k_raceDate=1989%2F05%2F08&k_raceNo=12&k_babaCode=21,data/cache/html/19890508_kawasaki_12.html
19890507_kawasaki_1,1989-05-07,kawasaki,1,https://www.keiba.go.jp/KeibaWeb/TodayRaceInfo/RaceMarkTable?k_raceDate=1989%2F05%2F07&k_raceNo=1&k_babaCode=21,data/cache/html/19890507_kawasaki_1.html
19890507_kawasaki_2,1989-05-07,kawasaki,2,https://www.keiba.go.jp/KeibaWeb/TodayRaceInfo/RaceMarkTable?k_raceDate=1989%2F05%2F07&k_raceNo=2&k_babaCode=21,data/cache/html/19890507_kawasaki_2.html
19890507_kawasaki_3,1989-05-07,kawasaki,3,https://www.keiba.go.jp/KeibaWeb/TodayRaceInfo/RaceMarkTable?k_raceDate=1989%2F05%2F07&k_raceNo=3&k_babaCode=21,data/cache/html/19890507_kawasaki_3.html
19890507_kawasaki_4,1989-05-07,kawasaki,4,https://www.keiba.go.jp/KeibaWeb/TodayRaceInfo/RaceMarkTable?k_raceDate=1989%2F05%2F07&k_raceNo=4&k_babaCode=21,data/cache/html/19890507_kawasaki_4.html
19890507_kawasaki_5,1989-05-07,kawasaki,5,https://www.keiba.go.jp/KeibaWeb/TodayRaceInfo/RaceMarkTable?k_raceDate=1989%2F05%2F07&k_raceNo=5&k_babaCode=21,data/cache/html/19890507_kawasaki_5.html
19890507_kawasaki_6,1989-05-07,kawasaki,6,https://www.keiba.go.jp/KeibaWeb/TodayRaceInfo/RaceMarkTable?k_raceDate=1989%2F05%2F07&k_raceNo=6&k_babaCode=21,data/cache/html/19890507_kawasaki_6.html
19890507_kawasaki_7,1989-05-07,kawasaki,7,https://www.keiba.go.jp/KeibaWeb/TodayRaceInfo/RaceMarkTable?k_raceDate=1989%2F05%2F07&k_raceNo=7&k_babaCode=21,data/cache/html/19890507_kawasaki_7.html
19890507_kawasaki_8,1989-05-07,kawasaki,8,https://www.keiba.go.jp/KeibaWeb/TodayRaceInfo/RaceMarkTable?k_raceDate=1989%2F05%2F07&k_raceNo=8&k_babaCode=21,data/cache/html/19890507_kawasaki_8.html
19890507_kawasaki_9,1989-05-07,kawasaki,9,https://www.keiba.go.jp/KeibaWeb/TodayRaceInfo/RaceMarkTable?k_raceDate=1989%2F05%2F07&k_raceNo=9&k_babaCode=21,data/cache/html/19890507_kawasaki_9.html
19890507_kawasaki_10,1989-05-07,kawasaki,10,https://www.keiba.go.jp/KeibaWeb/TodayRaceInfo/RaceMarkTable?k_raceDate=1989%2F05%2F07&k_raceNo=10&k_babaCode=21,data/cache/html/19890507_kawasaki_10.html
19890507_kawasaki_11,1989-05-07,kawasaki,11,https://www.keiba.go.jp/KeibaWeb/TodayRaceInfo/RaceMarkTable?k_raceDate=1989%2F05%2F07&k_raceNo=11&k_babaCode=21,data/cache/html/19890507_kawasaki_11.html
19890507_kawasaki_12,1989-05-07,kawasaki,12,https://www.keiba.go.jp/KeibaWeb/TodayRaceInfo/RaceMarkTable?k_raceDate=1989%2F05%2F07&k_raceNo=12&k_babaCode=21,data/cache/html/19890507_kawasaki_12.html
19890506_kawasaki_1,1989-05-06,kawasaki,1,https://www.keiba.go.jp/KeibaWeb/TodayRaceInfo/RaceMarkTable?k_raceDate=1989%2F05%2F06&k_raceNo=1&k_babaCode=21,data/cache/html/19890506_kawasaki_1.html
19890506_kawasaki_2,1989-05-06,kawasaki,2,https://www.keiba.go.jp/KeibaWeb/TodayRaceInfo/RaceMarkTable?k_raceDate=1989%2F05%2F06&k_raceNo=2&k_babaCode=21,data/cache/html/19890506_kawasaki_2.html
19890506_kawasaki_3,1989-05-06,kawasaki,3,https://www.keiba.go.jp/KeibaWeb/TodayRaceInfo/RaceMarkTable?k_raceDate=1989%2F05%2F06&k_raceNo=3&k_babaCode=21,data/cache/html/19890506_kawasaki_3.html
19890506_kawasaki_4,1989-05-06,kawasaki,4,https://www.keiba.go.jp/KeibaWeb/TodayRaceInfo/RaceMarkTable?k_raceDate=1989%2F05%2F06&k_raceNo=4&k_babaCode=21,data/cache/html/19890506_kawasaki_4.html
19890506_kawasaki_5,1989-05-06,kawasaki,5,https://www.keiba.go.jp/KeibaWeb/TodayRaceInfo/RaceMarkTable?k_raceDate=1989%2F05%2F06&k_raceNo=5&k_babaCode=21,data/cache/html/19890506_kawasaki_5.html
19890506_kawasaki_6,1989-05-06,kawasaki,6,https://www.keiba.go.jp/KeibaWeb/TodayRaceInfo/RaceMarkTable?k_raceDate=1989%2F05%2F06&k_raceNo=6&k_babaCode=21,data/cache/html/19890506_kawasaki_6.html
19890506_kawasaki_7,1989-05-06,kawasaki,7,https://www.keiba.go.jp/KeibaWeb/TodayRaceInfo/RaceMarkTable?k_raceDate=1989%2F05%2F06&k_raceNo=7&k_babaCode=21,data/cache/html/19890506_kawasaki_7.html
19890506_kawasaki_8,1989-05-06,kawasaki,8,https://www.keiba.go.jp/KeibaWeb/TodayRaceInfo/RaceMarkTable?k_raceDate=1989%2F05%2F06&k_raceNo=8&k_babaCode=21,data/cache/html/19890506_kawasaki_8.html
19890506_kawasaki_9,1989-05-06,kawasaki,9,https://www.keiba.go.jp/KeibaWeb/TodayRaceInfo/RaceMarkTable?k_raceDate=1989%2F05%2F06&k_raceNo=9&k_babaCode=21,data/cache/html/19890506_kawasaki_9.html
19890506_kawasaki_10,1989-05-06,kawasaki,10,https://www.keiba.go.jp/KeibaWeb/TodayRaceInfo/RaceMarkTable?k_raceDate=1989%2F05%2F06&k_raceNo=10&k_babaCode=21,data/cache/html/19890506_kawasaki_10.html
19890506_kawasaki_11,1989-05-06,kawasaki,11,https://www.keiba.go.jp/KeibaWeb/TodayRaceInfo/RaceMarkTable?k_raceDate=1989%2F05%2F06&k_raceNo=11&k_babaCode=21,data/cache/html/19890506_kawasaki_11.html
19890506_kawasaki_12,1989-05-06,kawasaki,12,https://www.keiba.go.jp/KeibaWeb/TodayRaceInfo/RaceMarkTable?k_raceDate=1989%2F05%2F06&k_raceNo=12&k_babaCode=21,data/cache/html/19890506_kawasaki_12.html
19890505_kawasaki_1,1989-05-05,kawasaki,1,https://www.keiba.go.jp/KeibaWeb/TodayRaceInfo/RaceMarkTable?k_raceDate=1989%2F05%2F05&k_raceNo=1&k_babaCode=21,data/cache/html/19890505_kawasaki_1.html
19890505_kawasaki_2,1989-05-05,kawasaki,2,https://www.keiba.go.jp/KeibaWeb/TodayRaceInfo/RaceMarkTable?k_raceDate=1989%2F05%2F05&k_raceNo=2&k_babaCode=21,data/cache/html/19890505_kawasaki_2.html
19890505_kawasaki_3,1989-05-05,kawasaki,3,https://www.keiba.go.jp/KeibaWeb/TodayRaceInfo/RaceMarkTable?k_raceDate=1989%2F05%2F05&k_raceNo=3&k_babaCode=21,data/cache/html/19890505_kawasaki_3.html
19890505_kawasaki_4,1989-05-05,kawasaki,4,https://www.keiba.go.jp/KeibaWeb/TodayRaceInfo/RaceMarkTable?k_raceDate=1989%2F05%2F05&k_raceNo=4&k_babaCode=21,data/cache/html/19890505_kawasaki_4.html
19890505_kawasaki_5,1989-05-05,kawasaki,5,https://www.keiba.go.jp/KeibaWeb/TodayRaceInfo/RaceMarkTable?k_raceDate=1989%2F05%2F05&k_raceNo=5&k_babaCode=21,data/cache/html/19890505_kawasaki_5.html
19890505_kawasaki_6,1989-05-05,kawasaki,6,https://www.keiba.go.jp/KeibaWeb/TodayRaceInfo/RaceMarkTable?k_raceDate=1989%2F05%2F05&k_raceNo=6&k_babaCode=21,data/cache/html/19890505_kawasaki_6.html
19890505_kawasaki_7,1989-05-05,kawasaki,7,https://www.keiba.go.jp/KeibaWeb/TodayRaceInfo/RaceMarkTable?k_raceDate=1989%2F05%2F05&k_raceNo=7&k_babaCode=21,data/cache/html/19890505_kawasaki_7.html
19890505_kawasaki_8,1989-05-05,kawasaki,8,https://www.keiba.go.jp/KeibaWeb/TodayRaceInfo/RaceMarkTable?k_raceDate=1989%2F05%2F05&k_raceNo=8&k_babaCode=21,data/cache/html/19890505_kawasaki_8.html
19890505_kawasaki_9,1989-05-05,kawasaki,9,https://www.keiba.go.jp/KeibaWeb/TodayRaceInfo/RaceMarkTable?k_raceDate=1989%2F05%2F05&k_raceNo=9&k_babaCode=21,data/cache/html/19890505_kawasaki_9.html
19890505_kawasaki_10,1989-05-05,kawasaki,10,https://www.keiba.go.jp/KeibaWeb/TodayRaceInfo/RaceMarkTable?k_raceDate=1989%2F05%2F05&k_raceNo=10&k_babaCode=21,data/cache/html/19890505_kawasaki_10.html
19890505_kawasaki_11,1989-05-05,kawasaki,11,https://www.keiba.go.jp/KeibaWeb/TodayRaceInfo/RaceMarkTable?k_raceDate=1989%2F05%2F05&k_raceNo=11&k_babaCode=21,data/cache/html/19890505_kawasaki_11.html
19890505_kawasaki_12,1989-05-05,kawasaki,12,https://www.keiba.go.jp/KeibaWeb/TodayRaceInfo/RaceMarkTable?k_raceDate=1989%2F05%2F05&k_raceNo=12&k_babaCode=21,data/cache/html/19890505_kawasaki_12.html
19890504_kawasaki_1,1989-05-04,kawasaki,1,https://www.keiba.go.jp/KeibaWeb/TodayRaceInfo/RaceMarkTable?k_raceDate=1989%2F05%2F04&k_raceNo=1&k_babaCode=21,data/cache/html/19890504_kawasaki_1.html
19890504_kawasaki_2,1989-05-04,kawasaki,2,https://www.keiba.go.jp/KeibaWeb/TodayRaceInfo/RaceMarkTable?k_raceDate=1989%2F05%2F04&k_raceNo=2&k_babaCode=21,data/cache/html/19890504_kawasaki_2.html
19890504_kawasaki_3,1989-05-04,kawasaki,3,https://www.keiba.go.jp/KeibaWeb/TodayRaceInfo/RaceMarkTable?k_raceDate=1989%2F05%2F04&k_raceNo=3&k_babaCode=21,data/cache/html/19890504_kawasaki_3.html
19890504_kawasaki_4,1989-05-04,kawasaki,4,https://www.keiba.go.jp/KeibaWeb/TodayRaceInfo/RaceMarkTable?k_raceDate=1989%2F05%2F04&k_raceNo=4&k_babaCode=21,data/cache/html/19890504_kawasaki_4.html
19890504_kawasaki_5,1989-05-04,kawasaki,5,https://www.keiba.go.jp/KeibaWeb/TodayRaceInfo/RaceMarkTable?k_raceDate=1989%2F05%2F04&k_raceNo=5&k_babaCode=21,data/cache/html/19890504_kawasaki_5.html
19890504_kawasaki_6,1989-05-04,kawasaki,6,https://www.keiba.go.jp/KeibaWeb/TodayRaceInfo/RaceMarkTable?k_raceDate=1989%2F05%2F04&k_raceNo=6&k_babaCode=21,data/cache/html/19890504_kawasaki_6.html
19890504_kawasaki_7,1989-05-04,kawasaki,7,https://www.keiba.go.jp/KeibaWeb/TodayRaceInfo/RaceMarkTable?k_raceDate=1989%2F05%2F04&k_raceNo=7&k_babaCode=21,data/cache/html/19890504_kawasaki_7.html
19890504_kawasaki_8,1989-05-04,kawasaki,8,https://www.keiba.go.jp/KeibaWeb/TodayRaceInfo/RaceMarkTable?k_raceDate=1989%2F05%2F04&k_raceNo=8&k_babaCode=21,data/cache/html/19890504_kawasaki_8.html
19890504_kawasaki_9,1989-05-04,kawasaki,9,https://www.keiba.go.jp/KeibaWeb/TodayRaceInfo/RaceMarkTable?k_raceDate=1989%2F05%2F04&k_raceNo=9&k_babaCode=21,data/cache/html/19890504_kawasaki_9.html
19890504_kawasaki_10,1989-05-04,kawasaki,10,https://www.keiba.go.jp/KeibaWeb/TodayRaceInfo/RaceMarkTable?k_raceDate=1989%2F05%2F04&k_raceNo=10&k_babaCode=21,data/cache/html/19890504_kawasaki_10.html
19890504_kawasaki_11,1989-05-04,kawasaki,11,https://www.keiba.go.jp/KeibaWeb/TodayRaceInfo/RaceMarkTable?k_raceDate=1989%2F05%2F04&k_raceNo=11&k_babaCode=21,data/cache/html/19890504_kawasaki_11.html
19890504_kawasaki_12,1989-05-04,kawasaki,12,https://www.keiba.go.jp/KeibaWeb/TodayRaceInfo/RaceMarkTable?k_raceDate=1989%2F05%2F04&k_raceNo=12&k_babaCode=21,data/cache/html/19890504_kawasaki_12.html
19890503_kawasaki_1,1989-05-03,kawasaki,1,https://www.keiba.go.jp/KeibaWeb/TodayRaceInfo/RaceMarkTable?k_raceDate=1989%2F05%2F03&k_raceNo=1&k_babaCode=21,data/cache/html/19890503_kawasaki_1.html
19890503_kawasaki_2,1989-05-03,kawasaki,2,https://www.keiba.go.jp/KeibaWeb/TodayRaceInfo/RaceMarkTable?k_raceDate=1989%2F05%2F03&k_raceNo=2&k_babaCode=21,data/cache/html/19890503_kawasaki_2.html
19890503_kawasaki_3,1989-05-03,kawasaki,3,https://www.keiba.go.jp/KeibaWeb/TodayRaceInfo/RaceMarkTable?k_raceDate=1989%2F05%2F03&k_raceNo=3&k_babaCode=21,data/cache/html/19890503_kawasaki_3.html
19890503_kawasaki_4,1989-05-03,kawasaki,4,https://www.keiba.go.jp/KeibaWeb/TodayRaceInfo/RaceMarkTable?k_raceDate=1989%2F05%2F03&k_raceNo=4&k_babaCode=21,data/cache/html/19890503_kawasaki_4.html
19890503_kawasaki_5,1989-05-03,kawasaki,5,https://www.keiba.go.jp/KeibaWeb/TodayRaceInfo/RaceMarkTable?k_raceDate=1989%2F05%2F03&k_raceNo=5&k_babaCode=21,data/cache/html/19890503_kawasaki_5.html
19890503_kawasaki_6,1989-05-03,kawasaki,6,https://www.keiba.go.jp/KeibaWeb/TodayRaceInfo/RaceMarkTable?k_raceDate=1989%2F05%2F03&k_raceNo=6&k_babaCode=21,data/cache/html/19890503_kawasaki_6.html
19890503_kawasaki_7,1989-05-03,kawasaki,7,https://www.keiba.go.jp/KeibaWeb/TodayRaceInfo/RaceMarkTable?k_raceDate=1989%2F05%2F03&k_raceNo=7&k_babaCode=21,data/cache/html/19890503_kawasaki_7.html
19890503_kawasaki_8,1989-05-03,kawasaki,8,https://www.keiba.go.jp/KeibaWeb/TodayRaceInfo/RaceMarkTable?k_raceDate=1989%2F05%2F03&k_raceNo=8&k_babaCode=21,data/cache/html/19890503_kawasaki_8.html
19890503_kawasaki_9,1989-05-03,kawasaki,9,https://www.keiba.go.jp/KeibaWeb/TodayRaceInfo/RaceMarkTable?k_raceDate=1989%2F05%2F03&k_raceNo=9&k_babaCode=21,data/cache/html/19890503_kawasaki_9.html
19890503_kawasaki_10,1989-05-03,kawasaki,10,https://www.keiba.go.jp/KeibaWeb/TodayRaceInfo/RaceMarkTable?k_raceDate=1989%2F05%2F03&k_raceNo=10&k_babaCode=21,data/cache/html/19890503_kawasaki_10.html
19890503_kawasaki_11,1989-05-03,kawasaki,11,https://www.keiba.go.jp/KeibaWeb/TodayRaceInfo/RaceMarkTable?k_raceDate=1989%2F05%2F03&k_raceNo=11&k_babaCode=21,data/cache/html/19890503_kawasaki_11.html
19890503_kawasaki_12,1989-05-03,kawasaki,12,https://www.keiba.go.jp/KeibaWeb/TodayRaceInfo/RaceMarkTable?k_raceDate=1989%2F05%2F03&k_raceNo=12&k_babaCode=21,data/cache/html/19890503_kawasaki_12.html
19890502_kawasaki_1,1989-05-02,kawasaki,1,https://www.keiba.go.jp/KeibaWeb/TodayRaceInfo/RaceMarkTable?k_raceDate=1989%2F05%2F02&k_raceNo=1&k_babaCode=21,data/cache/html/19890502_kawasaki_1.html
19890502_kawasaki_2,1989-05-02,kawasaki,2,https://www.keiba.go.jp/KeibaWeb/TodayRaceInfo/RaceMarkTable?k_raceDate=1989%2F05%2F02&k_raceNo=2&k_babaCode=21,data/cache/html/19890502_kawasaki_2.html
19890502_kawasaki_3,1989-05-02,kawasaki,3,https://www.keiba.go.jp/KeibaWeb/TodayRaceInfo/RaceMarkTable?k_raceDate=1989%2F05%2F02&k_raceNo=3&k_babaCode=21,data/cache/html/19890502_kawasaki_3.html
19890502_kawasaki_4,1989-05-02,kawasaki,4,https://www.keiba.go.jp/KeibaWeb/TodayRaceInfo/RaceMarkTable?k_raceDate=1989%2F05%2F02&k_raceNo=4&k_babaCode=21,data/cache/html/19890502_kawasaki_4.html
19890502_kawasaki_5,1989-05-02,kawasaki,5,https://www.keiba.go.jp/KeibaWeb/TodayRaceInfo/RaceMarkTable?k_raceDate=1989%2F05%2F02&k_raceNo=5&k_babaCode=21,data/cache/html/19890502_kawasaki_5.html
19890502_kawasaki_6,1989-05-02,kawasaki,6,https://www.keiba.go.jp/KeibaWeb/TodayRaceInfo/RaceMarkTable?k_raceDate=1989%2F05%2F02&k_raceNo=6&k_babaCode=21,data/cache/html/19890502_kawasaki_6.html
19890502_kawasaki_7,1989-05-02,kawasaki,7,https://www.keiba.go.jp/KeibaWeb/TodayRaceInfo/RaceMarkTable?k_raceDate=1989%2F05%2F02&k_raceNo=7&k_babaCode=21,data/cache/html/19890502_kawasaki_7.html
19890502_kawasaki_8,1989-05-02,kawasaki,8,https://www.keiba.go.jp/KeibaWeb/TodayRaceInfo/RaceMarkTable?k_raceDate=1989%2F05%2F02&k_raceNo=8&k_babaCode=21,data/cache/html/19890502_kawasaki_8.html
19890502_kawasaki_9,1989-05-02,kawasaki,9,https://www.keiba.go.jp/KeibaWeb/TodayRaceInfo/RaceMarkTable?k_raceDate=1989%2F05%2F02&k_raceNo=9&k_babaCode=21,data/cache/html/19890502_kawasaki_9.html
19890502_kawasaki_10,1989-05-02,kawasaki,10,https://www.keiba.go.jp/KeibaWeb/TodayRaceInfo/RaceMarkTable?k_raceDate=1989%2F05%2F02&k_raceNo=10&k_babaCode=21,data/cache/html/19890502_kawasaki_10.html
19890502_kawasaki_11,1989-05-02,kawasaki,11,https://www.keiba.go.jp/KeibaWeb/TodayRaceInfo/RaceMarkTable?k_raceDate=1989%2F05%2F02&k_raceNo=11&k_babaCode=21,data/cache/html/19890502_kawasaki_11.html
19890502_kawasaki_12,1989-05-02,kawasaki,12,https://www.keiba.go.jp/KeibaWeb/TodayRaceInfo/RaceMarkTable?k_raceDate=1989%2F05%2F02&k_raceNo=12&k_babaCode=21,data/cache/html/19890502_kawasaki_12.html
19890501_kawasaki_1,1989-05-01,kawasaki,1,https://www.keiba.go.jp/KeibaWeb/TodayRaceInfo/RaceMarkTable?k_raceDate=1989%2F05%2F01&k_raceNo=1&k_babaCode=21,data/cache/html/19890501_kawasaki_1.html
19890501_kawasaki_2,1989-05-01,kawasaki,2,https://www.keiba.go.jp/KeibaWeb/TodayRaceInfo/RaceMarkTable?k_raceDate=1989%2F05%2F01&k_raceNo=2&k_babaCode=21,data/cache/html/19890501_kawasaki_2.html
19890501_kawasaki_3,1989-05-01,kawasaki,3,https://www.keiba.go.jp/KeibaWeb/TodayRaceInfo/RaceMarkTable?k_raceDate=1989%2F05%2F01&k_raceNo=3&k_babaCode=21,data/cache/html/19890501_kawasaki_3.html
19890501_kawasaki_4,1989-05-01,kawasaki,4,https://www.keiba.go.jp/KeibaWeb/TodayRaceInfo/RaceMarkTable?k_raceDate=1989%2F05%2F01&k_raceNo=4&k_babaCode=21,data/cache/html/19890501_kawasaki_4.html
19890501_kawasaki_5,1989-05-01,kawasaki,5,https://www.keiba.go.jp/KeibaWeb/TodayRaceInfo/RaceMarkTable?k_raceDate=1989%2F05%2F01&k_raceNo=5&k_babaCode=21,data/cache/html/19890501_kawasaki_5.html
19890501_kawasaki_6,1989-05-01,kawasaki,6,https://www.keiba.go.jp/KeibaWeb/TodayRaceInfo/RaceMarkTable?k_raceDate=1989%2F05%2F01&k_raceNo=6&k_babaCode=21,data/cache/html/19890501_kawasaki_6.html
19890501_kawasaki_7,1989-05-01,kawasaki,7,https://www.keiba.go.jp/KeibaWeb/TodayRaceInfo/RaceMarkTable?k_raceDate=1989%2F05%2F01&k_raceNo=7&k_babaCode=21,data/cache/html/19890501_kawasaki_7.html
19890501_kawasaki_8,1989-05-01,kawasaki,8,https://www.keiba.go.jp/KeibaWeb/TodayRaceInfo/RaceMarkTable?k_raceDate=1989%2F05%2F01&k_raceNo=8&k_babaCode=21,data/cache/html/19890501_kawasaki_8.html
19890501_kawasaki_9,1989-05-01,kawasaki,9,https://www.keiba.go.jp/KeibaWeb/TodayRaceInfo/RaceMarkTable?k_raceDate=1989%2F05%2F01&k_raceNo=9&k_babaCode=21,data/cache/html/19890501_kawasaki_9.html
19890501_kawasaki_10,1989-05-01,kawasaki,10,https://www.keiba.go.jp/KeibaWeb/TodayRaceInfo/RaceMarkTable?k_raceDate=1989%2F05%2F01&k_raceNo=10&k_babaCode=21,data/cache/html/19890501_kawasaki_10.html
19890501_kawasaki_11,1989-05-01,kawasaki,11,https://www.keiba.go.jp/KeibaWeb/TodayRaceInfo/RaceMarkTable?k_raceDate=1989%2F05%2F01&k_raceNo=11&k_babaCode=21,data/cache/html/19890501_kawasaki_11.html
19890501_kawasaki_12,1989-05-01,kawasaki,12,https://www.keiba.go.jp/KeibaWeb/TodayRaceInfo/RaceMarkTable?k_raceDate=1989%2F05%2F01&k_raceNo=12&k_babaCode=21,data/cache/html/19890501_kawasaki_12.html
19890430_kawasaki_1,1989-04-30,kawasaki,1,https://www.keiba.go.jp/KeibaWeb/TodayRaceInfo/RaceMarkTable?k_raceDate=1989%2F04%2F30&k_raceNo=1&k_babaCode=21,data/cache/html/19890430_kawasaki_1.html
19890430_kawasaki_2,1989-04-30,kawasaki,2,https://www.keiba.go.jp/KeibaWeb/TodayRaceInfo/RaceMarkTable?k_raceDate=1989%2F04%2F30&k_raceNo=2&k_babaCode=21,data/cache/html/19890430_kawasaki_2.html
19890430_kawasaki_3,1989-04-30,kawasaki,3,https://www.keiba.go.jp/KeibaWeb/TodayRaceInfo/RaceMarkTable?k_raceDate=1989%2F04%2F30&k_raceNo=3&k_babaCode=21,data/cache/html/19890430_kawasaki_3.html
19890430_kawasaki_4,1989-04-30,kawasaki,4,https://www.keiba.go.jp/KeibaWeb/TodayRaceInfo/RaceMarkTable?k_raceDate=1989%2F04%2F30&k_raceNo=4&k_babaCode=21,data/cache/html/19890430_kawasaki_4.html
19890430_kawasaki_5,1989-04-30,kawasaki,5,https://www.keiba.go.jp/KeibaWeb/TodayRaceInfo/RaceMarkTable?k_raceDate=1989%2F04%2F30&k_raceNo=5&k_babaCode=21,data/cache/html/19890430_kawasaki_5.html
19890430_kawasaki_6,1989-04-30,kawasaki,6,https://www.keiba.go.jp/KeibaWeb/TodayRaceInfo/RaceMarkTable?k_raceDate=1989%2F04%2F30&k_raceNo=6&k_babaCode=21,data/cache/html/19890430_kawasaki_6.html
19890430_kawasaki_7,1989-04-30,kawasaki,7,https://www.keiba.go.jp/KeibaWeb/TodayRaceInfo/RaceMarkTable?k_raceDate=1989%2F04%2F30&k_raceNo=7&k_babaCode=21,data/cache/html/19890430_kawasaki_7.html
19890430_kawasaki_8,1989-04-30,kawasaki,8,https://www.keiba.go.jp/KeibaWeb/TodayRaceInfo/RaceMarkTable?k_raceDate=1989%2F04%2F30&k_raceNo=8&k_babaCode=21,data/cache/html/19890430_kawasaki_8.html
19890430_kawasaki_9,1989-04-30,kawasaki,9,https://www.keiba.go.jp/KeibaWeb/TodayRaceInfo/RaceMarkTable?k_raceDate=1989%2F04%2F30&k_raceNo=9&k_babaCode=21,data/cache/html/19890430_kawasaki_9.html
19890430_kawasaki_10,1989-04-30,kawasaki,10,https://www.keiba.go.jp/KeibaWeb/TodayRaceInfo/RaceMarkTable?k_raceDate=1989%2F04%2F30&k_raceNo=10&k_babaCode=21,data/cache/html/19890430_kawasaki_10.html
19890430_kawasaki_11,1989-04-30,kawasaki,11,https://www.keiba.go.jp/KeibaWeb/TodayRaceInfo/RaceMarkTable?k_raceDate=1989%2F04%2F30&k_raceNo=11&k_babaCode=21,data/cache/html/19890430_kawasaki_11.html
19890430_kawasaki_12,1989-04-30,kawasaki,12,https://www.keiba.go.jp/KeibaWeb/TodayRaceInfo/RaceMarkTable?k_raceDate=1989%2F04%2F30&k_raceNo=12&k_babaCode=21,data/cache/html/19890430_kawasaki_12.html
19890429_kawasaki_1,1989-04-29,kawasaki,1,https://www.keiba.go.jp/KeibaWeb/TodayRaceInfo/RaceMarkTable?k_raceDate=1989%2F04%2F29&k_raceNo=1&k_babaCode=21,data/cache/html/19890429_kawasaki_1.html
19890429_kawasaki_2,1989-04-29,kawasaki,2,https://www.keiba.go.jp/KeibaWeb/TodayRaceInfo/RaceMarkTable?k_raceDate=1989%2F04%2F29&k_raceNo=2&k_babaCode=21,data/cache/html/19890429_kawasaki_2.html
19890429_kawasaki_3,1989-04-29,kawasaki,3,https://www.keiba.go.jp/KeibaWeb/TodayRaceInfo/RaceMarkTable?k_raceDate=1989%2F04%2F29&k_raceNo=3&k_babaCode=21,data/cache/html/19890429_kawasaki_3.html
19890429_kawasaki_4,1989-04-29,kawasaki,4,https://www.keiba.go.jp/KeibaWeb/TodayRaceInfo/RaceMarkTable?k_raceDate=1989%2F04%2F29&k_raceNo=4&k_babaCode=21,data/cache/html/19890429_kawasaki_4.html
19890429_kawasaki_5,1989-04-29,kawasaki,5,https://www.keiba.go.jp/KeibaWeb/TodayRaceInfo/RaceMarkTable?k_raceDate=1989%2F04%2F29&k_raceNo=5&k_babaCode=21,data/cache/html/19890429_kawasaki_5.html
19890429_kawasaki_6,1989-04-29,kawasaki,6,https://www.keiba.go.jp/KeibaWeb/TodayRaceInfo/RaceMarkTable?k_raceDate=1989%2F04%2F29&k_raceNo=6&k_babaCode=21,data/cache/html/19890429_kawasaki_6.html
19890429_kawasaki_7,1989-04-29,kawasaki,7,https://www.keiba.go.jp/KeibaWeb/TodayRaceInfo/RaceMarkTable?k_raceDate=1989%2F04%2F29&k_raceNo=7&k_babaCode=21,data/cache/html/19890429_kawasaki_7.html
19890429_kawasaki_8,1989-04-29,kawasaki,8,https://www.keiba.go.jp/KeibaWeb/TodayRaceInfo/RaceMarkTable?k_raceDate=1989%2F04%2F29&k_raceNo=8&k_babaCode=21,data/cache/html/19890429_kawasaki_8.html
19890429_kawasaki_9,1989-04-29,kawasaki,9,https://www.keiba.go.jp/KeibaWeb/TodayRaceInfo/RaceMarkTable?k_raceDate=1989%2F04%2F29&k_raceNo=9&k_babaCode=21,data/cache/html/19890429_kawasaki_9.html
19890429_kawasaki_10,1989-04-29,kawasaki,10,https://www.keiba.go.jp/KeibaWeb/TodayRaceInfo/RaceMarkTable?k_raceDate=1989%2F04%2F29&k_raceNo=10&k_babaCode=21,data/cache/html/19890429_kawasaki_10.html
19890429_kawasaki_11,1989-04-29,kawasaki,11,https://www.keiba.go.jp/KeibaWeb/TodayRaceInfo/RaceMarkTable?k_raceDate=1989%2F04%2F29&k_raceNo=11&k_babaCode=21,data/cache/html/19890429_kawasaki_11.html
19890429_kawasaki_12,1989-04-29,kawasaki,12,https://www.keiba.go.jp/KeibaWeb/TodayRaceInfo/RaceMarkTable?k_raceDate=1989%2F04%2F29&k_raceNo=12&k_babaCode=21,data/cache/html/19890429_kawasaki_12.html
19890428_kawasaki_1,1989-04-28,kawasaki,1,https://www.keiba.go.jp/KeibaWeb/TodayRaceInfo/RaceMarkTable?k_raceDate=1989%2F04%2F28&k_raceNo=1&k_babaCode=21,data/cache/html/19890428_kawasaki_1.html
19890428_kawasaki_2,1989-04-28,kawasaki,2,https://www.keiba.go.jp/KeibaWeb/TodayRaceInfo/RaceMarkTable?k_raceDate=1989%2F04%2F28&k_raceNo=2&k_babaCode=21,data/cache/html/19890428_kawasaki_2.html
19890428_kawasaki_3,1989-04-28,kawasaki,3,https://www.keiba.go.jp/KeibaWeb/TodayRaceInfo/RaceMarkTable?k_raceDate=1989%2F04%2F28&k_raceNo=3&k_babaCode=21,data/cache/html/19890428_kawasaki_3.html
19890428_kawasaki_4,1989-04-28,kawasaki,4,https://www.keiba.go.jp/KeibaWeb/TodayRaceInfo/RaceMarkTable?k_raceDate=1989%2F04%2F28&k_raceNo=4&k_babaCode=21,data/cache/html/19890428_kawasaki_4.html
19890428_kawasaki_5,1989-04-28,kawasaki,5,https://www.keiba.go.jp/KeibaWeb/TodayRaceInfo/RaceMarkTable?k_raceDate=1989%2F04%2F28&k_raceNo=5&k_babaCode=21,data/cache/html/19890428_kawasaki_5.html
19890428_kawasaki_6,1989-04-28,kawasaki,6,https://www.keiba.go.jp/KeibaWeb/TodayRaceInfo/RaceMarkTable?k_raceDate=1989%2F04%2F28&k_raceNo=6&k_babaCode=21,data/cache/html/19890428_kawasaki_6.html
19890428_kawasaki_7,1989-04-28,kawasaki,7,https://www.keiba.go.jp/KeibaWeb/TodayRaceInfo/RaceMarkTable?k_raceDate=1989%2F04%2F28&k_raceNo=7&k_babaCode=21,data/cache/html/19890428_kawasaki_7.html
19890428_kawasaki_8,1989-04-28,kawasaki,8,https://www.keiba.go.jp/KeibaWeb/TodayRaceInfo/RaceMarkTable?k_raceDate=1989%2F04%2F28&k_raceNo=8&k_babaCode=21,data/cache/html/19890428_kawasaki_8.html
19890428_kawasaki_9,1989-04-28,kawasaki,9,https://www.keiba.go.jp/KeibaWeb/TodayRaceInfo/RaceMarkTable?k_raceDate=1989%2F04%2F28&k_raceNo=9&k_babaCode=21,data/cache/html/19890428_kawasaki_9.html
19890428_kawasaki_10,1989-04-28,kawasaki,10,https://www.keiba.go.jp/KeibaWeb/TodayRaceInfo/RaceMarkTable?k_raceDate=1989%2F04%2F28&k_raceNo=10&k_babaCode=21,data/cache/html/19890428_kawasaki_10.html
19890428_kawasaki_11,1989-04-28,kawasaki,11,https://www.keiba.go.jp/KeibaWeb/TodayRaceInfo/RaceMarkTable?k_raceDate=1989%2F04%2F28&k_raceNo=11&k_babaCode=21,data/cache/html/19890428_kawasaki_11.html
19890428_kawasaki_12,1989-04-28,kawasaki,12,https://www.keiba.go.jp/KeibaWeb/TodayRaceInfo/RaceMarkTable?k_raceDate=1989%2F04%2F28&k_raceNo=12&k_babaCode=21,data/cache/html/19890428_kawasaki_12.html
19890427_kawasaki_1,1989-04-27,kawasaki,1,https://www.keiba.go.jp/KeibaWeb/TodayRaceInfo/RaceMarkTable?k_raceDate=1989%2F04%2F27&k_raceNo=1&k_babaCode=21,data/cache/html/19890427_kawasaki_1.html
19890427_kawasaki_2,1989-04-27,kawasaki,2,https://www.keiba.go.jp/KeibaWeb/TodayRaceInfo/RaceMarkTable?k_raceDate=1989%2F04%2F27&k_raceNo=2&k_babaCode=21,data/cache/html/19890427_kawasaki_2.html
19890427_kawasaki_3,1989-04-27,kawasaki,3,https://www.keiba.go.jp/KeibaWeb/TodayRaceInfo/RaceMarkTable?k_raceDate=1989%2F04%2F27&k_raceNo=3&k_babaCode=21,data/cache/html/19890427_kawasaki_3.html
19890427_kawasaki_4,1989-04-27,kawasaki,4,https://www.keiba.go.jp/KeibaWeb/TodayRaceInfo/RaceMarkTable?k_raceDate=1989%2F04%2F27&k_raceNo=4&k_babaCode=21,data/cache/html/19890427_kawasaki_4.html
19890427_kawasaki_5,1989-04-27,kawasaki,5,https://www.keiba.go.jp/KeibaWeb/TodayRaceInfo/RaceMarkTable?k_raceDate=1989%2F04%2F27&k_raceNo=5&k_babaCode=21,data/cache/html/19890427_kawasaki_5.html
19890427_kawasaki_6,1989-04-27,kawasaki,6,https://www.keiba.go.jp/KeibaWeb/TodayRaceInfo/RaceMarkTable?k_raceDate=1989%2F04%2F27&k_raceNo=6&k_babaCode=21,data/cache/html/19890427_kawasaki_6.html
19890427_kawasaki_7,1989-04-27,kawasaki,7,https://www.keiba.go.jp/KeibaWeb/TodayRaceInfo/RaceMarkTable?k_raceDate=1989%2F04%2F27&k_raceNo=7&k_babaCode=21,data/cache/html/19890427_kawasaki_7.html
19890427_kawasaki_8,1989-04-27,kawasaki,8,https://www.keiba.go.jp/KeibaWeb/TodayRaceInfo/RaceMarkTable?k_raceDate=1989%2F04%2F27&k_raceNo=8&k_babaCode=21,data/cache/html/19890427_kawasaki_8.html
19890427_kawasaki_9,1989-04-27,kawasaki,9,https://www.keiba.go.jp/KeibaWeb/TodayRaceInfo/RaceMarkTable?k_raceDate=1989%2F04%2F27&k_raceNo=9&k_babaCode=21,data/cache/html/19890427_kawasaki_9.html
19890427_kawasaki_10,1989-04-27,kawasaki,10,https://www.keiba.go.jp/KeibaWeb/TodayRaceInfo/RaceMarkTable?k_raceDate=1989%2F04%2F27&k_raceNo=10&k_babaCode=21,data/cache/html/19890427_kawasaki_10.html
19890427_kawasaki_11,1989-04-27,kawasaki,11,https://www.keiba.go.jp/KeibaWeb/TodayRaceInfo/RaceMarkTable?k_raceDate=1989%2F04%2F27&k_raceNo=11&k_babaCode=21,data/cache/html/19890427_kawasaki_11.html
19890427_kawasaki_12,1989-04-27,kawasaki,12,https://www.keiba.go.jp/KeibaWeb/TodayRaceInfo/RaceMarkTable?k_raceDate=1989%2F04%2F27&k_raceNo=12&k_babaCode=21,data/cache/html/19890427_kawasaki_12.html
19890426_kawasaki_1,1989-04-26,kawasaki,1,https://www.keiba.go.jp/KeibaWeb/TodayRaceInfo/RaceMarkTable?k_raceDate=1989%2F04%2F26&k_raceNo=1&k_babaCode=21,data/cache/html/19890426_kawasaki_1.html
19890426_kawasaki_2,1989-04-26,kawasaki,2,https://www.keiba.go.jp/KeibaWeb/TodayRaceInfo/RaceMarkTable?k_raceDate=1989%2F04%2F26&k_raceNo=2&k_babaCode=21,data/cache/html/19890426_kawasaki_2.html
19890426_kawasaki_3,1989-04-26,kawasaki,3,https://www.keiba.go.jp/KeibaWeb/TodayRaceInfo/RaceMarkTable?k_raceDate=1989%2F04%2F26&k_raceNo=3&k_babaCode=21,data/cache/html/19890426_kawasaki_3.html
19890426_kawasaki_4,1989-04-26,kawasaki,4,https://www.keiba.go.jp/KeibaWeb/TodayRaceInfo/RaceMarkTable?k_raceDate=1989%2F04%2F26&k_raceNo=4&k_babaCode=21,data/cache/html/19890426_kawasaki_4.html
19890426_kawasaki_5,1989-04-26,kawasaki,5,https://www.keiba.go.jp/KeibaWeb/TodayRaceInfo/RaceMarkTable?k_raceDate=1989%2F04%2F26&k_raceNo=5&k_babaCode=21,data/cache/html/19890426_kawasaki_5.html
19890426_kawasaki_6,1989-04-26,kawasaki,6,https://www.keiba.go.jp/KeibaWeb/TodayRaceInfo/RaceMarkTable?k_raceDate=1989%2F04%2F26&k_raceNo=6&k_babaCode=21,data/cache/html/19890426_kawasaki_6.html
19890426_kawasaki_7,1989-04-26,kawasaki,7,https://www.keiba.go.jp/KeibaWeb/TodayRaceInfo/RaceMarkTable?k_raceDate=1989%2F04%2F26&k_raceNo=7&k_babaCode=21,data/cache/html/19890426_kawasaki_7.html
19890426_kawasaki_8,1989-04-26,kawasaki,8,https://www.keiba.go.jp/KeibaWeb/TodayRaceInfo/RaceMarkTable?k_raceDate=1989%2F04%2F26&k_raceNo=8&k_babaCode=21,data/cache/html/19890426_kawasaki_8.html
19890426_kawasaki_9,1989-04-26,kawasaki,9,https://www.keiba.go.jp/KeibaWeb/TodayRaceInfo/RaceMarkTable?k_raceDate=1989%2F04%2F26&k_raceNo=9&k_babaCode=21,data/cache/html/19890426_kawasaki_9.html
19890426_kawasaki_10,1989-04-26,kawasaki,10,https://www.keiba.go.jp/KeibaWeb/TodayRaceInfo/RaceMarkTable?k_raceDate=1989%2F04%2F26&k_raceNo=10&k_babaCode=21,data/cache/html/19890426_kawasaki_10.html
19890426_kawasaki_11,1989-04-26,kawasaki,11,https://www.keiba.go.jp/KeibaWeb/TodayRaceInfo/RaceMarkTable?k_raceDate=1989%2F04%2F26&k_raceNo=11&k_babaCode=21,data/cache/html/19890426_kawasaki_11.html
19890426_kawasaki_12,1989-04-26,kawasaki,12,https://www.keiba.go.jp/KeibaWeb/TodayRaceInfo/RaceMarkTable?k_raceDate=1989%2F04%2F26&k_raceNo=12&k_babaCode=21,data/cache/html/19890426_kawasaki_12.html
19890425_kawasaki_1,1989-04-25,kawasaki,1,https://www.keiba.go.jp/KeibaWeb/TodayRaceInfo/RaceMarkTable?k_raceDate=1989%2F04%2F25&k_raceNo=1&k_babaCode=21,data/cache/html/19890425_kawasaki_1.html
19890425_kawasaki_2,1989-04-25,kawasaki,2,https://www.keiba.go.jp/KeibaWeb/TodayRaceInfo/RaceMarkTable?k_raceDate=1989%2F04%2F25&k_raceNo=2&k_babaCode=21,data/cache/html/19890425_kawasaki_2.html
19890425_kawasaki_3,1989-04-25,kawasaki,3,https://www.keiba.go.jp/KeibaWeb/TodayRaceInfo/RaceMarkTable?k_raceDate=1989%2F04%2F25&k_raceNo=3&k_babaCode=21,data/cache/html/19890425_kawasaki_3.html
19890425_kawasaki_4,1989-04-25,kawasaki,4,https://www.keiba.go.jp/KeibaWeb/TodayRaceInfo/RaceMarkTable?k_raceDate=1989%2F04%2F25&k_raceNo=4&k_babaCode=21,data/cache/html/19890425_kawasaki_4.html
19890425_kawasaki_5,1989-04-25,kawasaki,5,https://www.keiba.go.jp/KeibaWeb/TodayRaceInfo/RaceMarkTable?k_raceDate=1989%2F04%2F25&k_raceNo=5&k_babaCode=21,data/cache/html/19890425_kawasaki_5.html
19890425_kawasaki_6,1989-04-25,kawasaki,6,https://www.keiba.go.jp/KeibaWeb/TodayRaceInfo/RaceMarkTable?k_raceDate=1989%2F04%2F25&k_raceNo=6&k_babaCode=21,data/cache/html/19890425_kawasaki_6.html
19890425_kawasaki_7,1989-04-25,kawasaki,7,https://www.keiba.go.jp/KeibaWeb/TodayRaceInfo/RaceMarkTable?k_raceDate=1989%2F04%2F25&k_raceNo=7&k_babaCode=21,data/cache/html/19890425_kawasaki_7.html
19890425_kawasaki_8,1989-04-25,kawasaki,8,https://www.keiba.go.jp/KeibaWeb/TodayRaceInfo/RaceMarkTable?k_raceDate=1989%2F04%2F25&k_raceNo=8&k_babaCode=21,data/cache/html/19890425_kawasaki_8.html
19890425_kawasaki_9,1989-04-25,kawasaki,9,https://www.keiba.go.jp/KeibaWeb/TodayRaceInfo/RaceMarkTable?k_raceDate=1989%2F04%2F25&k_raceNo=9&k_babaCode=21,data/cache/html/19890425_kawasaki_9.html
19890425_kawasaki_10,1989-04-25,kawasaki,10,https://www.keiba.go.jp/KeibaWeb/TodayRaceInfo/RaceMarkTable?k_raceDate=1989%2F04%2F25&k_raceNo=10&k_babaCode=21,data/cache/html/19890425_kawasaki_10.html
19890425_kawasaki_11,1989-04-25,kawasaki,11,https://www.keiba.go.jp/KeibaWeb/TodayRaceInfo/RaceMarkTable?k_raceDate=1989%2F04%2F25&k_raceNo=11&k_babaCode=21,data/cache/html/19890425_kawasaki_11.html
19890425_kawasaki_12,1989-04-25,kawasaki,12,https://www.keiba.go.jp/KeibaWeb/TodayRaceInfo/RaceMarkTable?k_raceDate=1989%2F04%2F25&k_raceNo=12&k_babaCode=21,data/cache/html/19890425_kawasaki_12.html
19890424_kawasaki_1,1989-04-24,kawasaki,1,https://www.keiba.go.jp/KeibaWeb/TodayRaceInfo/RaceMarkTable?k_raceDate=1989%2F04%2F24&k_raceNo=1&k_babaCode=21,data/cache/html/19890424_kawasaki_1.html
19890424_kawasaki_2,1989-04-24,kawasaki,2,https://www.keiba.go.jp/KeibaWeb/TodayRaceInfo/RaceMarkTable?k_raceDate=1989%2F04%2F24&k_raceNo=2&k_babaCode=21,data/cache/html/19890424_kawasaki_2.html
19890424_kawasaki_3,1989-04-24,kawasaki,3,https://www.keiba.go.jp/KeibaWeb/TodayRaceInfo/RaceMarkTable?k_raceDate=1989%2F04%2F24&k_raceNo=3&k_babaCode=21,data/cache/html/19890424_kawasaki_3.html
19890424_kawasaki_4,1989-04-24,kawasaki,4,https://www.keiba.go.jp/KeibaWeb/TodayRaceInfo/RaceMarkTable?k_raceDate=1989%2F04%2F24&k_raceNo=4&k_babaCode=21,data/cache/html/19890424_kawasaki_4.html
19890424_kawasaki_5,1989-04-24,kawasaki,5,https://www.keiba.go.jp/KeibaWeb/TodayRaceInfo/RaceMarkTable?k_raceDate=1989%2F04%2F24&k_raceNo=5&k_babaCode=21,data/cache/html/19890424_kawasaki_5.html
19890424_kawasaki_6,1989-04-24,kawasaki,6,https://www.keiba.go.jp/KeibaWeb/TodayRaceInfo/RaceMarkTable?k_raceDate=1989%2F04%2F24&k_raceNo=6&k_babaCode=21,data/cache/html/19890424_kawasaki_6.html
19890424_kawasaki_7,1989-04-24,kawasaki,7,https://www.keiba.go.jp/KeibaWeb/TodayRaceInfo/RaceMarkTable?k_raceDate=1989%2F04%2F24&k_raceNo=7&k_babaCode=21,data/cache/html/19890424_kawasaki_7.html
19890424_kawasaki_8,1989-04-24,kawasaki,8,https://www.keiba.go.jp/KeibaWeb/TodayRaceInfo/RaceMarkTable?k_raceDate=1989%2F04%2F24&k_raceNo=8&k_babaCode=21,data/cache/html/19890424_kawasaki_8.html
19890424_kawasaki_9,1989-04-24,kawasaki,9,https://www.keiba.go.jp/KeibaWeb/TodayRaceInfo/RaceMarkTable?k_raceDate=1989%2F04%2F24&k_raceNo=9&k_babaCode=21,data/cache/html/19890424_kawasaki_9.html
19890424_kawasaki_10,1989-04-24,kawasaki,10,https://www.keiba.go.jp/KeibaWeb/TodayRaceInfo/RaceMarkTable?k_raceDate=1989%2F04%2F24&k_raceNo=10&k_babaCode=21,data/cache/html/19890424_kawasaki_10.html
19890424_kawasaki_11,1989-04-24,kawasaki,11,https://www.keiba.go.jp/KeibaWeb/TodayRaceInfo/RaceMarkTable?k_raceDate=1989%2F04%2F24&k_raceNo=11&k_babaCode=21,data/cache/html/19890424_kawasaki_11.html
19890424_kawasaki_12,1989-04-24,kawasaki,12,https://www.keiba.go.jp/KeibaWeb/TodayRaceInfo/RaceMarkTable?k_raceDate=1989%2F04%2F24&k_raceNo=12&k_babaCode=21,data/cache/html/19890424_kawasaki_12.html
19890423_kawasaki_1,1989-04-23,kawasaki,1,https://www.keiba.go.jp/KeibaWeb/TodayRaceInfo/RaceMarkTable?k_raceDate=1989%2F04%2F23&k_raceNo=1&k_babaCode=21,data/cache/html/19890423_kawasaki_1.html
19890423_kawasaki_2,1989-04-23,kawasaki,2,https://www.keiba.go.jp/KeibaWeb/TodayRaceInfo/RaceMarkTable?k_raceDate=1989%2F04%2F23&k_raceNo=2&k_babaCode=21,data/cache/html/19890423_kawasaki_2.html
19890423_kawasaki_3,1989-04-23,kawasaki,3,https://www.keiba.go.jp/KeibaWeb/TodayRaceInfo/RaceMarkTable?k_raceDate=1989%2F04%2F23&k_raceNo=3&k_babaCode=21,data/cache/html/19890423_kawasaki_3.html
19890423_kawasaki_4,1989-04-23,kawasaki,4,https://www.keiba.go.jp/KeibaWeb/TodayRaceInfo/RaceMarkTable?k_raceDate=1989%2F04%2F23&k_raceNo=4&k_babaCode=21,data/cache/html/19890423_kawasaki_4.html
19890423_kawasaki_5,1989-04-23,kawasaki,5,https://www.keiba.go.jp/KeibaWeb/TodayRaceInfo/RaceMarkTable?k_raceDate=1989%2F04%2F23&k_raceNo=5&k_babaCode=21,data/cache/html/19890423_kawasaki_5.html
19890423_kawasaki_6,1989-04-23,kawasaki,6,https://www.keiba.go.jp/KeibaWeb/TodayRaceInfo/RaceMarkTable?k_raceDate=1989%2F04%2F23&k_raceNo=6&k_babaCode=21,data/cache/html/19890423_kawasaki_6.html
19890423_kawasaki_7,1989-04-23,kawasaki,7,https://www.keiba.go.jp/KeibaWeb/TodayRaceInfo/RaceMarkTable?k_raceDate=1989%2F04%2F23&k_raceNo=7&k_babaCode=21,data/cache/html/19890423_kawasaki_7.html
19890423_kawasaki_8,1989-04-23,kawasaki,8,https://www.keiba.go.jp/KeibaWeb/TodayRaceInfo/RaceMarkTable?k_raceDate=1989%2F04%2F23&k_raceNo=8&k_babaCode=21,data/cache/html/19890423_kawasaki_8.html
19890423_kawasaki_9,1989-04-23,kawasaki,9,https://www.keiba.go.jp/KeibaWeb/TodayRaceInfo/RaceMarkTable?k_raceDate=1989%2F04%2F23&k_raceNo=9&k_babaCode=21,data/cache/html/19890423_kawasaki_9.html
19890423_kawasaki_10,1989-04-23,kawasaki,10,https://www.keiba.go.jp/KeibaWeb/TodayRaceInfo/RaceMarkTable?k_raceDate=1989%2F04%2F23&k_raceNo=10&k_babaCode=21,data/cache/html/19890423_kawasaki_10.html
19890423_kawasaki_11,1989-04-23,kawasaki,11,https://www.keiba.go.jp/KeibaWeb/TodayRaceInfo/RaceMarkTable?k_raceDate=1989%2F04%2F23&k_raceNo=11&k_babaCode=21,data/cache/html/19890423_kawasaki_11.html
19890423_kawasaki_12,1989-04-23,kawasaki,12,https://www.keiba.go.jp/KeibaWeb/TodayRaceInfo/RaceMarkTable?k_raceDate=1989%2F04%2F23&k_raceNo=12&k_babaCode=21,data/cache/html/19890423_kawasaki_12.html
19890422_kawasaki_1,1989-04-22,kawasaki,1,https://www.keiba.go.jp/KeibaWeb/TodayRaceInfo/RaceMarkTable?k_raceDate=1989%2F04%2F22&k_raceNo=1&k_babaCode=21,data/cache/html/19890422_kawasaki_1.html
19890422_kawasaki_2,1989-04-22,kawasaki,2,https://www.keiba.go.jp/KeibaWeb/TodayRaceInfo/RaceMarkTable?k_raceDate=1989%2F04%2F22&k_raceNo=2&k_babaCode=21,data/cache/html/19890422_kawasaki_2.html
19890422_kawasaki_3,1989-04-22,kawasaki,3,https://www.keiba.go.jp/KeibaWeb/TodayRaceInfo/RaceMarkTable?k_raceDate=1989%2F04%2F22&k_raceNo=3&k_babaCode=21,data/cache/html/19890422_kawasaki_3.html
19890422_kawasaki_4,1989-04-22,kawasaki,4,https://www.keiba.go.jp/KeibaWeb/TodayRaceInfo/RaceMarkTable?k_raceDate=1989%2F04%2F22&k_raceNo=4&k_babaCode=21,data/cache/html/19890422_kawasaki_4.html
19890422_kawasaki_5,1989-04-22,kawasaki,5,https://www.keiba.go.jp/KeibaWeb/TodayRaceInfo/RaceMarkTable?k_raceDate=1989%2F04%2F22&k_raceNo=5&k_babaCode=21,data/cache/html/19890422_kawasaki_5.html
19890422_kawasaki_6,1989-04-22,kawasaki,6,https://www.keiba.go.jp/KeibaWeb/TodayRaceInfo/RaceMarkTable?k_raceDate=1989%2F04%2F22&k_raceNo=6&k_babaCode=21,data/cache/html/19890422_kawasaki_6.html
19890422_kawasaki_7,1989-04-22,kawasaki,7,https://www.keiba.go.jp/KeibaWeb/TodayRaceInfo/RaceMarkTable?k_raceDate=1989%2F04%2F22&k_raceNo=7&k_babaCode=21,data/cache/html/19890422_kawasaki_7.html
19890422_kawasaki_8,1989-04-22,kawasaki,8,https://www.keiba.go.jp/KeibaWeb/TodayRaceInfo/RaceMarkTable?k_raceDate=1989%2F04%2F22&k_raceNo=8&k_babaCode=21,data/cache/html/19890422_kawasaki_8.html
19890422_kawasaki_9,1989-04-22,kawasaki,9,https://www.keiba.go.jp/KeibaWeb/TodayRaceInfo/RaceMarkTable?k_raceDate=1989%2F04%2F22&k_raceNo=9&k_babaCode=21,data/cache/html/19890422_kawasaki_9.html
19890422_kawasaki_10,1989-04-22,kawasaki,10,https://www.keiba.go.jp/KeibaWeb/TodayRaceInfo/RaceMarkTable?k_raceDate=1989%2F04%2F22&k_raceNo=10&k_babaCode=21,data/cache/html/19890422_kawasaki_10.html
19890422_kawasaki_11,1989-04-22,kawasaki,11,https://www.keiba.go.jp/KeibaWeb/TodayRaceInfo/RaceMarkTable?k_raceDate=1989%2F04%2F22&k_raceNo=11&k_babaCode=21,data/cache/html/19890422_kawasaki_11.html
19890422_kawasaki_12,1989-04-22,kawasaki,12,https://www.keiba.go.jp/KeibaWeb/TodayRaceInfo/RaceMarkTable?k_raceDate=1989%2F04%2F22&k_raceNo=12&k_babaCode=21,data/cache/html/19890422_kawasaki_12.html
19890421_kawasaki_1,1989-04-21,kawasaki,1,https://www.keiba.go.jp/KeibaWeb/TodayRaceInfo/RaceMarkTable?k_raceDate=1989%2F04%2F21&k_raceNo=1&k_babaCode=21,data/cache/html/19890421_kawasaki_1.html
19890421_kawasaki_2,1989-04-21,kawasaki,2,https://www.keiba.go.jp/KeibaWeb/TodayRaceInfo/RaceMarkTable?k_raceDate=1989%2F04%2F21&k_raceNo=2&k_babaCode=21,data/cache/html/19890421_kawasaki_2.html
19890421_kawasaki_3,1989-04-21,kawasaki,3,https://www.keiba.go.jp/KeibaWeb/TodayRaceInfo/RaceMarkTable?k_raceDate=1989%2F04%2F21&k_raceNo=3&k_babaCode=21,data/cache/html/19890421_kawasaki_3.html
19890421_kawasaki_4,1989-04-21,kawasaki,4,https://www.keiba.go.jp/KeibaWeb/TodayRaceInfo/RaceMarkTable?k_raceDate=1989%2F04%2F21&k_raceNo=4&k_babaCode=21,data/cache/html/19890421_kawasaki_4.html
19890421_kawasaki_5,1989-04-21,kawasaki,5,https://www.keiba.go.jp/KeibaWeb/TodayRaceInfo/RaceMarkTable?k_raceDate=1989%2F04%2F21&k_raceNo=5&k_babaCode=21,data/cache/html/19890421_kawasaki_5.html
19890421_kawasaki_6,1989-04-21,kawasaki,6,https://www.keiba.go.jp/KeibaWeb/TodayRaceInfo/RaceMarkTable?k_raceDate=1989%2F04%2F21&k_raceNo=6&k_babaCode=21,data/cache/html/19890421_kawasaki_6.html
19890421_kawasaki_7,1989-04-21,kawasaki,7,https://www.keiba.go.jp/KeibaWeb/TodayRaceInfo/RaceMarkTable?k_raceDate=1989%2F04%2F21&k_raceNo=7&k_babaCode=21,data/cache/html/19890421_kawasaki_7.html
19890421_kawasaki_8,1989-04-21,kawasaki,8,https://www.keiba.go.jp/KeibaWeb/TodayRaceInfo/RaceMarkTable?k_raceDate=1989%2F04%2F21&k_raceNo=8&k_babaCode=21,data/cache/html/19890421_kawasaki_8.html
19890421_kawasaki_9,1989-04-21,kawasaki,9,https://www.keiba.go.jp/KeibaWeb/TodayRaceInfo/RaceMarkTable?k_raceDate=1989%2F04%2F21&k_raceNo=9&k_babaCode=21,data/cache/html/19890421_kawasaki_9.html
19890421_kawasaki_10,1989-04-21,kawasaki,10,https://www.keiba.go.jp/KeibaWeb/TodayRaceInfo/RaceMarkTable?k_raceDate=1989%2F04%2F21&k_raceNo=10&k_babaCode=21,data/cache/html/19890421_kawasaki_10.html
19890421_kawasaki_11,1989-04-21,kawasaki,11,https://www.keiba.go.jp/KeibaWeb/TodayRaceInfo/RaceMarkTable?k_raceDate=1989%2F04%2F21&k_raceNo=11&k_babaCode=21,data/cache/html/19890421_kawasaki_11.html
19890421_kawasaki_12,1989-04-21,kawasaki,12,https://www.keiba.go.jp/KeibaWeb/TodayRaceInfo/RaceMarkTable?k_raceDate=1989%2F04%2F21&k_raceNo=12&k_babaCode=21,data/cache/html/19890421_kawasaki_12.html
19890420_kawasaki_1,1989-04-20,kawasaki,1,https://www.keiba.go.jp/KeibaWeb/TodayRaceInfo/RaceMarkTable?k_raceDate=1989%2F04%2F20&k_raceNo=1&k_babaCode=21,data/cache/html/19890420_kawasaki_1.html
19890420_kawasaki_2,1989-04-20,kawasaki,2,https://www.keiba.go.jp/KeibaWeb/TodayRaceInfo/RaceMarkTable?k_raceDate=1989%2F04%2F20&k_raceNo=2&k_babaCode=21,data/cache/html/19890420_kawasaki_2.html
19890420_kawasaki_3,1989-04-20,kawasaki,3,https://www.keiba.go.jp/KeibaWeb/TodayRaceInfo/RaceMarkTable?k_raceDate=1989%2F04%2F20&k_raceNo=3&k_babaCode=21,data/cache/html/19890420_kawasaki_3.html
19890420_kawasaki_4,1989-04-20,kawasaki,4,https://www.keiba.go.jp/KeibaWeb/TodayRaceInfo/RaceMarkTable?k_raceDate=1989%2F04%2F20&k_raceNo=4&k_babaCode=21,data/cache/html/19890420_kawasaki_4.html
19890420_kawasaki_5,1989-04-20,kawasaki,5,https://www.keiba.go.jp/KeibaWeb/TodayRaceInfo/RaceMarkTable?k_raceDate=1989%2F04%2F20&k_raceNo=5&k_babaCode=21,data/cache/html/19890420_kawasaki_5.html
19890420_kawasaki_6,1989-04-20,kawasaki,6,https://www.keiba.go.jp/KeibaWeb/TodayRaceInfo/RaceMarkTable?k_raceDate=1989%2F04%2F20&k_raceNo=6&k_babaCode=21,data/cache/html/19890420_kawasaki_6.html
19890420_kawasaki_7,1989-04-20,kawasaki,7,https://www.keiba.go.jp/KeibaWeb/TodayRaceInfo/RaceMarkTable?k_raceDate=1989%2F04%2F20&k_raceNo=7&k_babaCode=21,data/cache/html/19890420_kawasaki_7.html
19890420_kawasaki_8,1989-04-20,kawasaki,8,https://www.keiba.go.jp/KeibaWeb/TodayRaceInfo/RaceMarkTable?k_raceDate=1989%2F04%2F20&k_raceNo=8&k_babaCode=21,data/cache/html/19890420_kawasaki_8.html
19890420_kawasaki_9,1989-04-20,kawasaki,9,https://www.keiba.go.jp/KeibaWeb/TodayRaceInfo/RaceMarkTable?k_raceDate=1989%2F04%2F20&k_raceNo=9&k_babaCode=21,data/cache/html/19890420_kawasaki_9.html
19890420_kawasaki_10,1989-04-20,kawasaki,10,https://www.keiba.go.jp/KeibaWeb/TodayRaceInfo/RaceMarkTable?k_raceDate=1989%2F04%2F20&k_raceNo=10&k_babaCode=21,data/cache/html/19890420_kawasaki_10.html
19890420_kawasaki_11,1989-04-20,kawasaki,11,https://www.keiba.go.jp/KeibaWeb/TodayRaceInfo/RaceMarkTable?k_raceDate=1989%2F04%2F20&k_raceNo=11&k_babaCode=21,data/cache/html/19890420_kawasaki_11.html
19890420_kawasaki_12,1989-04-20,kawasaki,12,https://www.keiba.go.jp/KeibaWeb/TodayRaceInfo/RaceMarkTable?k_raceDate=1989%2F04%2F20&k_raceNo=12&k_babaCode=21,data/cache/html/19890420_kawasaki_12.html
19890419_kawasaki_1,1989-04-19,kawasaki,1,https://www.keiba.go.jp/KeibaWeb/TodayRaceInfo/RaceMarkTable?k_raceDate=1989%2F04%2F19&k_raceNo=1&k_babaCode=21,data/cache/html/19890419_kawasaki_1.html
19890419_kawasaki_2,1989-04-19,kawasaki,2,https://www.keiba.go.jp/KeibaWeb/TodayRaceInfo/RaceMarkTable?k_raceDate=1989%2F04%2F19&k_raceNo=2&k_babaCode=21,data/cache/html/19890419_kawasaki_2.html
19890419_kawasaki_3,1989-04-19,kawasaki,3,https://www.keiba.go.jp/KeibaWeb/TodayRaceInfo/RaceMarkTable?k_raceDate=1989%2F04%2F19&k_raceNo=3&k_babaCode=21,data/cache/html/19890419_kawasaki_3.html
19890419_kawasaki_4,1989-04-19,kawasaki,4,https://www.keiba.go.jp/KeibaWeb/TodayRaceInfo/RaceMarkTable?k_raceDate=1989%2F04%2F19&k_raceNo=4&k_babaCode=21,data/cache/html/19890419_kawasaki_4.html
19890419_kawasaki_5,1989-04-19,kawasaki,5,https://www.keiba.go.jp/KeibaWeb/TodayRaceInfo/RaceMarkTable?k_raceDate=1989%2F04%2F19&k_raceNo=5&k_babaCode=21,data/cache/html/19890419_kawasaki_5.html
19890419_kawasaki_6,1989-04-19,kawasaki,6,https://www.keiba.go.jp/KeibaWeb/TodayRaceInfo/RaceMarkTable?k_raceDate=1989%2F04%2F19&k_raceNo=6&k_babaCode=21,data/cache/html/19890419_kawasaki_6.html
19890419_kawasaki_7,1989-04-19,kawasaki,7,https://www.keiba.go.jp/KeibaWeb/TodayRaceInfo/RaceMarkTable?k_raceDate=1989%2F04%2F19&k_raceNo=7&k_babaCode=21,data/cache/html/19890419_kawasaki_7.html
19890419_kawasaki_8,1989-04-19,kawasaki,8,https://www.keiba.go.jp/KeibaWeb/TodayRaceInfo/RaceMarkTable?k_raceDate=1989%2F04%2F19&k_raceNo=8&k_babaCode=21,data/cache/html/19890419_kawasaki_8.html
19890419_kawasaki_9,1989-04-19,kawasaki,9,https://www.keiba.go.jp/KeibaWeb/TodayRaceInfo/RaceMarkTable?k_raceDate=1989%2F04%2F19&k_raceNo=9&k_babaCode=21,data/cache/html/19890419_kawasaki_9.html
19890419_kawasaki_10,1989-04-19,kawasaki,10,https://www.keiba.go.jp/KeibaWeb/TodayRaceInfo/RaceMarkTable?k_raceDate=1989%2F04%2F19&k_raceNo=10&k_babaCode=21,data/cache/html/19890419_kawasaki_10.html
19890419_kawasaki_11,1989-04-19,kawasaki,11,https://www.keiba.go.jp/KeibaWeb/TodayRaceInfo/RaceMarkTable?k_raceDate=1989%2F04%2F19&k_raceNo=11&k_babaCode=21,data/cache/html/19890419_kawasaki_11.html
19890419_kawasaki_12,1989-04-19,kawasaki,12,https://www.keiba.go.jp/KeibaWeb/TodayRaceInfo/RaceMarkTable?k_raceDate=1989%2F04%2F19&k_raceNo=12&k_babaCode=21,data/cache/html/19890419_kawasaki_12.html
19890418_kawasaki_1,1989-04-18,kawasaki,1,https://www.keiba.go.jp/KeibaWeb/TodayRaceInfo/RaceMarkTable?k_raceDate=1989%2F04%2F18&k_raceNo=1&k_babaCode=21,data/cache/html/19890418_kawasaki_1.html
19890418_kawasaki_2,1989-04-18,kawasaki,2,https://www.keiba.go.jp/KeibaWeb/TodayRaceInfo/RaceMarkTable?k_raceDate=1989%2F04%2F18&k_raceNo=2&k_babaCode=21,data/cache/html/19890418_kawasaki_2.html
19890418_kawasaki_3,1989-04-18,kawasaki,3,https://www.keiba.go.jp/KeibaWeb/TodayRaceInfo/RaceMarkTable?k_raceDate=1989%2F04%2F18&k_raceNo=3&k_babaCode=21,data/cache/html/19890418_kawasaki_3.html
19890418_kawasaki_4,1989-04-18,kawasaki,4,https://www.keiba.go.jp/KeibaWeb/TodayRaceInfo/RaceMarkTable?k_raceDate=1989%2F04%2F18&k_raceNo=4&k_babaCode=21,data/cache/html/19890418_kawasaki_4.html
19890418_kawasaki_5,1989-04-18,kawasaki,5,https://www.keiba.go.jp/KeibaWeb/TodayRaceInfo/RaceMarkTable?k_raceDate=1989%2F04%2F18&k_raceNo=5&k_babaCode=21,data/cache/html/19890418_kawasaki_5.html
19890418_kawasaki_6,1989-04-18,kawasaki,6,https://www.keiba.go.jp/KeibaWeb/TodayRaceInfo/RaceMarkTable?k_raceDate=1989%2F04%2F18&k_raceNo=6&k_babaCode=21,data/cache/html/19890418_kawasaki_6.html
19890418_kawasaki_7,1989-04-18,kawasaki,7,https://www.keiba.go.jp/KeibaWeb/TodayRaceInfo/RaceMarkTable?k_raceDate=1989%2F04%2F18&k_raceNo=7&k_babaCode=21,data/cache/html/19890418_kawasaki_7.html
19890418_kawasaki_8,1989-04-18,kawasaki,8,https://www.keiba.go.jp/KeibaWeb/TodayRaceInfo/RaceMarkTable?k_raceDate=1989%2F04%2F18&k_raceNo=8&k_babaCode=21,data/cache/html/19890418_kawasaki_8.html
19890418_kawasaki_9,1989-04-18,kawasaki,9,https://www.keiba.go.jp/KeibaWeb/TodayRaceInfo/RaceMarkTable?k_raceDate=1989%2F04%2F18&k_raceNo=9&k_babaCode=21,data/cache/html/19890418_kawasaki_9.html
19890418_kawasaki_10,1989-04-18,kawasaki,10,https://www.keiba.go.jp/KeibaWeb/TodayRaceInfo/RaceMarkTable?k_raceDate=1989%2F04%2F18&k_raceNo=10&k_babaCode=21,data/cache/html/19890418_kawasaki_10.html
19890418_kawasaki_11,1989-04-18,kawasaki,11,https://www.keiba.go.jp/KeibaWeb/TodayRaceInfo/RaceMarkTable?k_raceDate=1989%2F04%2F18&k_raceNo=11&k_babaCode=21,data/cache/html/19890418_kawasaki_11.html
19890418_kawasaki_12,1989-04-18,kawasaki,12,https://www.keiba.go.jp/KeibaWeb/TodayRaceInfo/RaceMarkTable?k_raceDate=1989%2F04%2F18&k_raceNo=12&k_babaCode=21,data/cache/html/19890418_kawasaki_12.html
19890417_kawasaki_1,1989-04-17,kawasaki,1,https://www.keiba.go.jp/KeibaWeb/TodayRaceInfo/RaceMarkTable?k_raceDate=1989%2F04%2F17&k_raceNo=1&k_babaCode=21,data/cache/html/19890417_kawasaki_1.html
19890417_kawasaki_2,1989-04-17,kawasaki,2,https://www.keiba.go.jp/KeibaWeb/TodayRaceInfo/RaceMarkTable?k_raceDate=1989%2F04%2F17&k_raceNo=2&k_babaCode=21,data/cache/html/19890417_kawasaki_2.html
19890417_kawasaki_3,1989-04-17,kawasaki,3,https://www.keiba.go.jp/KeibaWeb/TodayRaceInfo/RaceMarkTable?k_raceDate=1989%2F04%2F17&k_raceNo=3&k_babaCode=21,data/cache/html/19890417_kawasaki_3.html
19890417_kawasaki_4,1989-04-17,kawasaki,4,https://www.keiba.go.jp/KeibaWeb/TodayRaceInfo/RaceMarkTable?k_raceDate=1989%2F04%2F17&k_raceNo=4&k_babaCode=21,data/cache/html/19890417_kawasaki_4.html
19890417_kawasaki_5,1989-04-17,kawasaki,5,https://www.keiba.go.jp/KeibaWeb/TodayRaceInfo/RaceMarkTable?k_raceDate=1989%2F04%2F17&k_raceNo=5&k_babaCode=21,data/cache/html/19890417_kawasaki_5.html
19890417_kawasaki_6,1989-04-17,kawasaki,6,https://www.keiba.go.jp/KeibaWeb/TodayRaceInfo/RaceMarkTable?k_raceDate=1989%2F04%2F17&k_raceNo=6&k_babaCode=21,data/cache/html/19890417_kawasaki_6.html
19890417_kawasaki_7,1989-04-17,kawasaki,7,https://www.keiba.go.jp/KeibaWeb/TodayRaceInfo/RaceMarkTable?k_raceDate=1989%2F04%2F17&k_raceNo=7&k_babaCode=21,data/cache/html/19890417_kawasaki_7.html
19890417_kawasaki_8,1989-04-17,kawasaki,8,https://www.keiba.go.jp/KeibaWeb/TodayRaceInfo/RaceMarkTable?k_raceDate=1989%2F04%2F17&k_raceNo=8&k_babaCode=21,data/cache/html/19890417_kawasaki_8.html
19890417_kawasaki_9,1989-04-17,kawasaki,9,https://www.keiba.go.jp/KeibaWeb/TodayRaceInfo/RaceMarkTable?k_raceDate=1989%2F04%2F17&k_raceNo=9&k_babaCode=21,data/cache/html/19890417_kawasaki_9.html
19890417_kawasaki_10,1989-04-17,kawasaki,10,https://www.keiba.go.jp/KeibaWeb/TodayRaceInfo/RaceMarkTable?k_raceDate=1989%2F04%2F17&k_raceNo=10&k_babaCode=21,data/cache/html/19890417_kawasaki_10.html
19890417_kawasaki_11,1989-04-17,kawasaki,11,https://www.keiba.go.jp/KeibaWeb/TodayRaceInfo/RaceMarkTable?k_raceDate=1989%2F04%2F17&k_raceNo=11&k_babaCode=21,data/cache/html/19890417_kawasaki_11.html
19890417_kawasaki_12,1989-04-17,kawasaki,12,https://www.keiba.go.jp/KeibaWeb/TodayRaceInfo/RaceMarkTable?k_raceDate=1989%2F04%2F17&k_raceNo=12&k_babaCode=21,data/cache/html/19890417_kawasaki_12.html
19890416_kawasaki_1,1989-04-16,kawasaki,1,https://www.keiba.go.jp/KeibaWeb/TodayRaceInfo/RaceMarkTable?k_raceDate=1989%2F04%2F16&k_raceNo=1&k_babaCode=21,data/cache/html/19890416_kawasaki_1.html
19890416_kawasaki_2,1989-04-16,kawasaki,2,https://www.keiba.go.jp/KeibaWeb/TodayRaceInfo/RaceMarkTable?k_raceDate=1989%2F04%2F16&k_raceNo=2&k_babaCode=21,data/cache/html/19890416_kawasaki_2.html
19890416_kawasaki_3,1989-04-16,kawasaki,3,https://www.keiba.go.jp/KeibaWeb/TodayRaceInfo/RaceMarkTable?k_raceDate=1989%2F04%2F16&k_raceNo=3&k_babaCode=21,data/cache/html/19890416_kawasaki_3.html
19890416_kawasaki_4,1989-04-16,kawasaki,4,https://www.keiba.go.jp/KeibaWeb/TodayRaceInfo/RaceMarkTable?k_raceDate=1989%2F04%2F16&k_raceNo=4&k_babaCode=21,data/cache/html/19890416_kawasaki_4.html
19890416_kawasaki_5,1989-04-16,kawasaki,5,https://www.keiba.go.jp/KeibaWeb/TodayRaceInfo/RaceMarkTable?k_raceDate=1989%2F04%2F16&k_raceNo=5&k_babaCode=21,data/cache/html/19890416_kawasaki_5.html
19890416_kawasaki_6,1989-04-16,kawasaki,6,https://www.keiba.go.jp/KeibaWeb/TodayRaceInfo/RaceMarkTable?k_raceDate=1989%2F04%2F16&k_raceNo=6&k_babaCode=21,data/cache/html/19890416_kawasaki_6.html
19890416_kawasaki_7,1989-04-16,kawasaki,7,https://www.keiba.go.jp/KeibaWeb/TodayRaceInfo/RaceMarkTable?k_raceDate=1989%2F04%2F16&k_raceNo=7&k_babaCode=21,data/cache/html/19890416_kawasaki_7.html
19890416_kawasaki_8,1989-04-16,kawasaki,8,https://www.keiba.go.jp/KeibaWeb/TodayRaceInfo/RaceMarkTable?k_raceDate=1989%2F04%2F16&k_raceNo=8&k_babaCode=21,data/cache/html/19890416_kawasaki_8.html
19890416_kawasaki_9,1989-04-16,kawasaki,9,https://www.keiba.go.jp/KeibaWeb/TodayRaceInfo/RaceMarkTable?k_raceDate=1989%2F04%2F16&k_raceNo=9&k_babaCode=21,data/cache/html/19890416_kawasaki_9.html
19890416_kawasaki_10,1989-04-16,kawasaki,10,https://www.keiba.go.jp/KeibaWeb/TodayRaceInfo/RaceMarkTable?k_raceDate=1989%2F04%2F16&k_raceNo=10&k_babaCode=21,data/cache/html/19890416_kawasaki_10.html
19890416_kawasaki_11,1989-04-16,kawasaki,11,https://www.keiba.go.jp/KeibaWeb/TodayRaceInfo/RaceMarkTable?k_raceDate=1989%2F04%2F16&k_raceNo=11&k_babaCode=21,data/cache/html/19890416_kawasaki_11.html
19890416_kawasaki_12,1989-04-16,kawasaki,12,https://www.keiba.go.jp/KeibaWeb/TodayRaceInfo/RaceMarkTable?k_raceDate=1989%2F04%2F16&k_raceNo=12&k_babaCode=21,data/cache/html/19890416_kawasaki_12.html
19890415_kawasaki_1,1989-04-15,kawasaki,1,https://www.keiba.go.jp/KeibaWeb/TodayRaceInfo/RaceMarkTable?k_raceDate=1989%2F04%2F15&k_raceNo=1&k_babaCode=21,data/cache/html/19890415_kawasaki_1.html
19890415_kawasaki_2,1989-04-15,kawasaki,2,https://www.keiba.go.jp/KeibaWeb/TodayRaceInfo/RaceMarkTable?k_raceDate=1989%2F04%2F15&k_raceNo=2&k_babaCode=21,data/cache/html/19890415_kawasaki_2.html
19890415_kawasaki_3,1989-04-15,kawasaki,3,https://www.keiba.go.jp/KeibaWeb/TodayRaceInfo/RaceMarkTable?k_raceDate=1989%2F04%2F15&k_raceNo=3&k_babaCode=21,data/cache/html/19890415_kawasaki_3.html
19890415_kawasaki_4,1989-04-15,kawasaki,4,https://www.keiba.go.jp/KeibaWeb/TodayRaceInfo/RaceMarkTable?k_raceDate=1989%2F04%2F15&k_raceNo=4&k_babaCode=21,data/cache/html/19890415_kawasaki_4.html
19890415_kawasaki_5,1989-04-15,kawasaki,5,https://www.keiba.go.jp/KeibaWeb/TodayRaceInfo/RaceMarkTable?k_raceDate=1989%2F04%2F15&k_raceNo=5&k_babaCode=21,data/cache/html/19890415_kawasaki_5.html
19890415_kawasaki_6,1989-04-15,kawasaki,6,https://www.keiba.go.jp/KeibaWeb/TodayRaceInfo/RaceMarkTable?k_raceDate=1989%2F04%2F15&k_raceNo=6&k_babaCode=21,data/cache/html/19890415_kawasaki_6.html
19890415_kawasaki_7,1989-04-15,kawasaki,7,https://www.keiba.go.jp/KeibaWeb/TodayRaceInfo/RaceMarkTable?k_raceDate=1989%2F04%2F15&k_raceNo=7&k_babaCode=21,data/cache/html/19890415_kawasaki_7.html
19890415_kawasaki_8,1989-04-15,kawasaki,8,https://www.keiba.go.jp/KeibaWeb/TodayRaceInfo/RaceMarkTable?k_raceDate=1989%2F04%2F15&k_raceNo=8&k_babaCode=21,data/cache/html/19890415_kawasaki_8.html
19890415_kawasaki_9,1989-04-15,kawasaki,9,https://www.keiba.go.jp/KeibaWeb/TodayRaceInfo/RaceMarkTable?k_raceDate=1989%2F04%2F15&k_raceNo=9&k_babaCode=21,data/cache/html/19890415_kawasaki_9.html
19890415_kawasaki_10,1989-04-15,kawasaki,10,https://www.keiba.go.jp/KeibaWeb/TodayRaceInfo/RaceMarkTable?k_raceDate=1989%2F04%2F15&k_raceNo=10&k_babaCode=21,data/cache/html/19890415_kawasaki_10.html
19890415_kawasaki_11,1989-04-15,kawasaki,11,https://www.keiba.go.jp/KeibaWeb/TodayRaceInfo/RaceMarkTable?k_raceDate=1989%2F04%2F15&k_raceNo=11&k_babaCode=21,data/cache/html/19890415_kawasaki_11.html
19890415_kawasaki_12,1989-04-15,kawasaki,12,https://www.keiba.go.jp/KeibaWeb/TodayRaceInfo/RaceMarkTable?k_raceDate=1989%2F04%2F15&k_raceNo=12&k_babaCode=21,data/cache/html/19890415_kawasaki_12.html
19890414_kawasaki_1,1989-04-14,kawasaki,1,https://www.keiba.go.jp/KeibaWeb/TodayRaceInfo/RaceMarkTable?k_raceDate=1989%2F04%2F14&k_raceNo=1&k_babaCode=21,data/cache/html/19890414_kawasaki_1.html
19890414_kawasaki_2,1989-04-14,kawasaki,2,https://www.keiba.go.jp/KeibaWeb/TodayRaceInfo/RaceMarkTable?k_raceDate=1989%2F04%2F14&k_raceNo=2&k_babaCode=21,data/cache/html/19890414_kawasaki_2.html
19890414_kawasaki_3,1989-04-14,kawasaki,3,https://www.keiba.go.jp/KeibaWeb/TodayRaceInfo/RaceMarkTable?k_raceDate=1989%2F04%2F14&k_raceNo=3&k_babaCode=21,data/cache/html/19890414_kawasaki_3.html
19890414_kawasaki_4,1989-04-14,kawasaki,4,https://www.keiba.go.jp/KeibaWeb/TodayRaceInfo/RaceMarkTable?k_raceDate=1989%2F04%2F14&k_raceNo=4&k_babaCode=21,data/cache/html/19890414_kawasaki_4.html
19890414_kawasaki_5,1989-04-14,kawasaki,5,https://www.keiba.go.jp/KeibaWeb/TodayRaceInfo/RaceMarkTable?k_raceDate=1989%2F04%2F14&k_raceNo=5&k_babaCode=21,data/cache/html/19890414_kawasaki_5.html
19890414_kawasaki_6,1989-04-14,kawasaki,6,https://www.keiba.go.jp/KeibaWeb/TodayRaceInfo/RaceMarkTable?k_raceDate=1989%2F04%2F14&k_raceNo=6&k_babaCode=21,data/cache/html/19890414_kawasaki_6.html
19890414_kawasaki_7,1989-04-14,kawasaki,7,https://www.keiba.go.jp/KeibaWeb/TodayRaceInfo/RaceMarkTable?k_raceDate=1989%2F04%2F14&k_raceNo=7&k_babaCode=21,data/cache/html/19890414_kawasaki_7.html
19890414_kawasaki_8,1989-04-14,kawasaki,8,https://www.keiba.go.jp/KeibaWeb/TodayRaceInfo/RaceMarkTable?k_raceDate=1989%2F04%2F14&k_raceNo=8&k_babaCode=21,data/cache/html/19890414_kawasaki_8.html
19890414_kawasaki_9,1989-04-14,kawasaki,9,https://www.keiba.go.jp/KeibaWeb/TodayRaceInfo/RaceMarkTable?k_raceDate=1989%2F04%2F14&k_raceNo=9&k_babaCode=21,data/cache/html/19890414_kawasaki_9.html
19890414_kawasaki_10,1989-04-14,kawasaki,10,https://www.keiba.go.jp/KeibaWeb/TodayRaceInfo/RaceMarkTable?k_raceDate=1989%2F04%2F14&k_raceNo=10&k_babaCode=21,data/cache/html/19890414_kawasaki_10.html
19890414_kawasaki_11,1989-04-14,kawasaki,11,https://www.keiba.go.jp/KeibaWeb/TodayRaceInfo/RaceMarkTable?k_raceDate=1989%2F04%2F14&k_raceNo=11&k_babaCode=21,data/cache/html/19890414_kawasaki_11.html
19890414_kawasaki_12,1989-04-14,kawasaki,12,https://www.keiba.go.jp/KeibaWeb/TodayRaceInfo/RaceMarkTable?k_raceDate=1989%2F04%2F14&k_raceNo=12&k_babaCode=21,data/cache/html/19890414_kawasaki_12.html
19890413_kawasaki_1,1989-04-13,kawasaki,1,https://www.keiba.go.jp/KeibaWeb/TodayRaceInfo/RaceMarkTable?k_raceDate=1989%2F04%2F13&k_raceNo=1&k_babaCode=21,data/cache/html/19890413_kawasaki_1.html
19890413_kawasaki_2,1989-04-13,kawasaki,2,https://www.keiba.go.jp/KeibaWeb/TodayRaceInfo/RaceMarkTable?k_raceDate=1989%2F04%2F13&k_raceNo=2&k_babaCode=21,data/cache/html/19890413_kawasaki_2.html
19890413_kawasaki_3,1989-04-13,kawasaki,3,https://www.keiba.go.jp/KeibaWeb/TodayRaceInfo/RaceMarkTable?k_raceDate=1989%2F04%2F13&k_raceNo=3&k_babaCode=21,data/cache/html/19890413_kawasaki_3.html
19890413_kawasaki_4,1989-04-13,kawasaki,4,https://www.keiba.go.jp/KeibaWeb/TodayRaceInfo/RaceMarkTable?k_raceDate=1989%2F04%2F13&k_raceNo=4&k_babaCode=21,data/cache/html/19890413_kawasaki_4.html
19890413_kawasaki_5,1989-04-13,kawasaki,5,https://www.keiba.go.jp/KeibaWeb/TodayRaceInfo/RaceMarkTable?k_raceDate=1989%2F04%2F13&k_raceNo=5&k_babaCode=21,data/cache/html/19890413_kawasaki_5.html
19890413_kawasaki_6,1989-04-13,kawasaki,6,https://www.keiba.go.jp/KeibaWeb/TodayRaceInfo/RaceMarkTable?k_raceDate=1989%2F04%2F13&k_raceNo=6&k_babaCode=21,data/cache/html/19890413_kawasaki_6.html
19890413_kawasaki_7,1989-04-13,kawasaki,7,https://www.keiba.go.jp/KeibaWeb/TodayRaceInfo/RaceMarkTable?k_raceDate=1989%2F04%2F13&k_raceNo=7&k_babaCode=21,data/cache/html/19890413_kawasaki_7.html
19890413_kawasaki_8,1989-04-13,kawasaki,8,https://www.keiba.go.jp/KeibaWeb/TodayRaceInfo/RaceMarkTable?k_raceDate=1989%2F04%2F13&k_raceNo=8&k_babaCode=21,data/cache/html/19890413_kawasaki_8.html
19890413_kawasaki_9,1989-04-13,kawasaki,9,https://www.keiba.go.jp/KeibaWeb/TodayRaceInfo/RaceMarkTable?k_raceDate=1989%2F04%2F13&k_raceNo=9&k_babaCode=21,data/cache/html/19890413_kawasaki_9.html
19890413_kawasaki_10,1989-04-13,kawasaki,10,https://www.keiba.go.jp/KeibaWeb/TodayRaceInfo/RaceMarkTable?k_raceDate=1989%2F04%2F13&k_raceNo=10&k_babaCode=21,data/cache/html/19890413_kawasaki_10.html
19890413_kawasaki_11,1989-04-13,kawasaki,11,https://www.keiba.go.jp/KeibaWeb/TodayRaceInfo/RaceMarkTable?k_raceDate=1989%2F04%2F13&k_raceNo=11&k_babaCode=21,data/cache/html/19890413_kawasaki_11.html
19890413_kawasaki_12,1989-04-13,kawasaki,12,https://www.keiba.go.jp/KeibaWeb/TodayRaceInfo/RaceMarkTable?k_raceDate=1989%2F04%2F13&k_raceNo=12&k_babaCode=21,data/cache/html/19890413_kawasaki_12.html
19890412_kawasaki_1,1989-04-12,kawasaki,1,https://www.keiba.go.jp/KeibaWeb/TodayRaceInfo/RaceMarkTable?k_raceDate=1989%2F04%2F12&k_raceNo=1&k_babaCode=21,data/cache/html/19890412_kawasaki_1.html
19890412_kawasaki_2,1989-04-12,kawasaki,2,https://www.keiba.go.jp/KeibaWeb/TodayRaceInfo/RaceMarkTable?k_raceDate=1989%2F04%2F12&k_raceNo=2&k_babaCode=21,data/cache/html/19890412_kawasaki_2.html
19890412_kawasaki_3,1989-04-12,kawasaki,3,https://www.keiba.go.jp/KeibaWeb/TodayRaceInfo/RaceMarkTable?k_raceDate=1989%2F04%2F12&k_raceNo=3&k_babaCode=21,data/cache/html/19890412_kawasaki_3.html
19890412_kawasaki_4,1989-04-12,kawasaki,4,https://www.keiba.go.jp/KeibaWeb/TodayRaceInfo/RaceMarkTable?k_raceDate=1989%2F04%2F12&k_raceNo=4&k_babaCode=21,data/cache/html/19890412_kawasaki_4.html
19890412_kawasaki_5,1989-04-12,kawasaki,5,https://www.keiba.go.jp/KeibaWeb/TodayRaceInfo/RaceMarkTable?k_raceDate=1989%2F04%2F12&k_raceNo=5&k_babaCode=21,data/cache/html/19890412_kawasaki_5.html
19890412_kawasaki_6,1989-04-12,kawasaki,6,https://www.keiba.go.jp/KeibaWeb/TodayRaceInfo/RaceMarkTable?k_raceDate=1989%2F04%2F12&k_raceNo=6&k_babaCode=21,data/cache/html/19890412_kawasaki_6.html
19890412_kawasaki_7,1989-04-12,kawasaki,7,https://www.keiba.go.jp/KeibaWeb/TodayRaceInfo/RaceMarkTable?k_raceDate=1989%2F04%2F12&k_raceNo=7&k_babaCode=21,data/cache/html/19890412_kawasaki_7.html
19890412_kawasaki_8,1989-04-12,kawasaki,8,https://www.keiba.go.jp/KeibaWeb/TodayRaceInfo/RaceMarkTable?k_raceDate=1989%2F04%2F12&k_raceNo=8&k_babaCode=21,data/cache/html/19890412_kawasaki_8.html
19890412_kawasaki_9,1989-04-12,kawasaki,9,https://www.keiba.go.jp/KeibaWeb/TodayRaceInfo/RaceMarkTable?k_raceDate=1989%2F04%2F12&k_raceNo=9&k_babaCode=21,data/cache/html/19890412_kawasaki_9.html
19890412_kawasaki_10,1989-04-12,kawasaki,10,https://www.keiba.go.jp/KeibaWeb/TodayRaceInfo/RaceMarkTable?k_raceDate=1989%2F04%2F12&k_raceNo=10&k_babaCode=21,data/cache/html/19890412_kawasaki_10.html
19890412_kawasaki_11,1989-04-12,kawasaki,11,https://www.keiba.go.jp/KeibaWeb/TodayRaceInfo/RaceMarkTable?k_raceDate=1989%2F04%2F12&k_raceNo=11&k_babaCode=21,data/cache/html/19890412_kawasaki_11.html
19890412_kawasaki_12,1989-04-12,kawasaki,12,https://www.keiba.go.jp/KeibaWeb/TodayRaceInfo/RaceMarkTable?k_raceDate=1989%2F04%2F12&k_raceNo=12&k_babaCode=21,data/cache/html/19890412_kawasaki_12.html
19890411_kawasaki_1,1989-04-11,kawasaki,1,https://www.keiba.go.jp/KeibaWeb/TodayRaceInfo/RaceMarkTable?k_raceDate=1989%2F04%2F11&k_raceNo=1&k_babaCode=21,data/cache/html/19890411_kawasaki_1.html
19890411_kawasaki_2,1989-04-11,kawasaki,2,https://www.keiba.go.jp/KeibaWeb/TodayRaceInfo/RaceMarkTable?k_raceDate=1989%2F04%2F11&k_raceNo=2&k_babaCode=21,data/cache/html/19890411_kawasaki_2.html
19890411_kawasaki_3,1989-04-11,kawasaki,3,https://www.keiba.go.jp/KeibaWeb/TodayRaceInfo/RaceMarkTable?k_raceDate=1989%2F04%2F11&k_raceNo=3&k_babaCode=21,data/cache/html/19890411_kawasaki_3.html
19890411_kawasaki_4,1989-04-11,kawasaki,4,https://www.keiba.go.jp/KeibaWeb/TodayRaceInfo/RaceMarkTable?k_raceDate=1989%2F04%2F11&k_raceNo=4&k_babaCode=21,data/cache/html/19890411_kawasaki_4.html
19890411_kawasaki_5,1989-04-11,kawasaki,5,https://www.keiba.go.jp/KeibaWeb/TodayRaceInfo/RaceMarkTable?k_raceDate=1989%2F04%2F11&k_raceNo=5&k_babaCode=21,data/cache/html/19890411_kawasaki_5.html
19890411_kawasaki_6,1989-04-11,kawasaki,6,https://www.keiba.go.jp/KeibaWeb/TodayRaceInfo/RaceMarkTable?k_raceDate=1989%2F04%2F11&k_raceNo=6&k_babaCode=21,data/cache/html/19890411_kawasaki_6.html
19890411_kawasaki_7,1989-04-11,kawasaki,7,https://www.keiba.go.jp/KeibaWeb/TodayRaceInfo/RaceMarkTable?k_raceDate=1989%2F04%2F11&k_raceNo=7&k_babaCode=21,data/cache/html/19890411_kawasaki_7.html
19890411_kawasaki_8,1989-04-11,kawasaki,8,https://www.keiba.go.jp/KeibaWeb/TodayRaceInfo/RaceMarkTable?k_raceDate=1989%2F04%2F11&k_raceNo=8&k_babaCode=21,data/cache/html/19890411_kawasaki_8.html
19890411_kawasaki_9,1989-04-11,kawasaki,9,https://www.keiba.go.jp/KeibaWeb/TodayRaceInfo/RaceMarkTable?k_raceDate=1989%2F04%2F11&k_raceNo=9&k_babaCode=21,data/cache/html/19890411_kawasaki_9.html
19890411_kawasaki_10,1989-04-11,kawasaki,10,https://www.keiba.go.jp/KeibaWeb/TodayRaceInfo/RaceMarkTable?k_raceDate=1989%2F04%2F11&k_raceNo=10&k_babaCode=21,data/cache/html/19890411_kawasaki_10.html
19890411_kawasaki_11,1989-04-11,kawasaki,11,https://www.keiba.go.jp/KeibaWeb/TodayRaceInfo/RaceMarkTable?k_raceDate=1989%2F04%2F11&k_raceNo=11&k_babaCode=21,data/cache/html/19890411_kawasaki_11.html
19890411_kawasaki_12,1989-04-11,kawasaki,12,https://www.keiba.go.jp/KeibaWeb/TodayRaceInfo/RaceMarkTable?k_raceDate=1989%2F04%2F11&k_raceNo=12&k_babaCode=21,data/cache/html/19890411_kawasaki_12.html
19890410_kawasaki_1,1989-04-10,kawasaki,1,https://www.keiba.go.jp/KeibaWeb/TodayRaceInfo/RaceMarkTable?k_raceDate=1989%2F04%2F10&k_raceNo=1&k_babaCode=21,data/cache/html/19890410_kawasaki_1.html
19890410_kawasaki_2,1989-04-10,kawasaki,2,https://www.keiba.go.jp/KeibaWeb/TodayRaceInfo/RaceMarkTable?k_raceDate=1989%2F04%2F10&k_raceNo=2&k_babaCode=21,data/cache/html/19890410_kawasaki_2.html
19890410_kawasaki_3,1989-04-10,kawasaki,3,https://www.keiba.go.jp/KeibaWeb/TodayRaceInfo/RaceMarkTable?k_raceDate=1989%2F04%2F10&k_raceNo=3&k_babaCode=21,data/cache/html/19890410_kawasaki_3.html
19890410_kawasaki_4,1989-04-10,kawasaki,4,https://www.keiba.go.jp/KeibaWeb/TodayRaceInfo/RaceMarkTable?k_raceDate=1989%2F04%2F10&k_raceNo=4&k_babaCode=21,data/cache/html/19890410_kawasaki_4.html
19890410_kawasaki_5,1989-04-10,kawasaki,5,https://www.keiba.go.jp/KeibaWeb/TodayRaceInfo/RaceMarkTable?k_raceDate=1989%2F04%2F10&k_raceNo=5&k_babaCode=21,data/cache/html/19890410_kawasaki_5.html
19890410_kawasaki_6,1989-04-10,kawasaki,6,https://www.keiba.go.jp/KeibaWeb/TodayRaceInfo/RaceMarkTable?k_raceDate=1989%2F04%2F10&k_raceNo=6&k_babaCode=21,data/cache/html/19890410_kawasaki_6.html
19890410_kawasaki_7,1989-04-10,kawasaki,7,https://www.keiba.go.jp/KeibaWeb/TodayRaceInfo/RaceMarkTable?k_raceDate=1989%2F04%2F10&k_raceNo=7&k_babaCode=21,data/cache/html/19890410_kawasaki_7.html
19890410_kawasaki_8,1989-04-10,kawasaki,8,https://www.keiba.go.jp/KeibaWeb/TodayRaceInfo/RaceMarkTable?k_raceDate=1989%2F04%2F10&k_raceNo=8&k_babaCode=21,data/cache/html/19890410_kawasaki_8.html
19890410_kawasaki_9,1989-04-10,kawasaki,9,https://www.keiba.go.jp/KeibaWeb/TodayRaceInfo/RaceMarkTable?k_raceDate=1989%2F04%2F10&k_raceNo=9&k_babaCode=21,data/cache/html/19890410_kawasaki_9.html
19890410_kawasaki_10,1989-04-10,kawasaki,10,https://www.keiba.go.jp/KeibaWeb/TodayRaceInfo/RaceMarkTable?k_raceDate=1989%2F04%2F10&k_raceNo=10&k_babaCode=21,data/cache/html/19890410_kawasaki_10.html
19890410_kawasaki_11,1989-04-10,kawasaki,11,https://www.keiba.go.jp/KeibaWeb/TodayRaceInfo/RaceMarkTable?k_raceDate=1989%2F04%2F10&k_raceNo=11&k_babaCode=21,data/cache/html/19890410_kawasaki_11.html
19890410_kawasaki_12,1989-04-10,kawasaki,12,https://www.keiba.go.jp/KeibaWeb/TodayRaceInfo/RaceMarkTable?k_raceDate=1989%2F04%2F10&k_raceNo=12&k_babaCode=21,data/cache/html/19890410_kawasaki_12.html
19890409_kawasaki_1,1989-04-09,kawasaki,1,https://www.keiba.go.jp/KeibaWeb/TodayRaceInfo/RaceMarkTable?k_raceDate=1989%2F04%2F09&k_raceNo=1&k_babaCode=21,data/cache/html/19890409_kawasaki_1.html
19890409_kawasaki_2,1989-04-09,kawasaki,2,https://www.keiba.go.jp/KeibaWeb/TodayRaceInfo/RaceMarkTable?k_raceDate=1989%2F04%2F09&k_raceNo=2&k_babaCode=21,data/cache/html/19890409_kawasaki_2.html
19890409_kawasaki_3,1989-04-09,kawasaki,3,https://www.keiba.go.jp/KeibaWeb/TodayRaceInfo/RaceMarkTable?k_raceDate=1989%2F04%2F09&k_raceNo=3&k_babaCode=21,data/cache/html/19890409_kawasaki_3.html
19890409_kawasaki_4,1989-04-09,kawasaki,4,https://www.keiba.go.jp/KeibaWeb/TodayRaceInfo/RaceMarkTable?k_raceDate=1989%2F04%2F09&k_raceNo=4&k_babaCode=21,data/cache/html/19890409_kawasaki_4.html
19890409_kawasaki_5,1989-04-09,kawasaki,5,https://www.keiba.go.jp/KeibaWeb/TodayRaceInfo/RaceMarkTable?k_raceDate=1989%2F04%2F09&k_raceNo=5&k_babaCode=21,data/cache/html/19890409_kawasaki_5.html
19890409_kawasaki_6,1989-04-09,kawasaki,6,https://www.keiba.go.jp/KeibaWeb/TodayRaceInfo/RaceMarkTable?k_raceDate=1989%2F04%2F09&k_raceNo=6&k_babaCode=21,data/cache/html/19890409_kawasaki_6.html
19890409_kawasaki_7,1989-04-09,kawasaki,7,https://www.keiba.go.jp/KeibaWeb/TodayRaceInfo/RaceMarkTable?k_raceDate=1989%2F04%2F09&k_raceNo=7&k_babaCode=21,data/cache/html/19890409_kawasaki_7.html
19890409_kawasaki_8,1989-04-09,kawasaki,8,https://www.keiba.go.jp/KeibaWeb/TodayRaceInfo/RaceMarkTable?k_raceDate=1989%2F04%2F09&k_raceNo=8&k_babaCode=21,data/cache/html/19890409_kawasaki_8.html
19890409_kawasaki_9,1989-04-09,kawasaki,9,https://www.keiba.go.jp/KeibaWeb/TodayRaceInfo/RaceMarkTable?k_raceDate=1989%2F04%2F09&k_raceNo=9&k_babaCode=21,data/cache/html/19890409_kawasaki_9.html
19890409_kawasaki_10,1989-04-09,kawasaki,10,https://www.keiba.go.jp/KeibaWeb/TodayRaceInfo/RaceMarkTable?k_raceDate=1989%2F04%2F09&k_raceNo=10&k_babaCode=21,data/cache/html/19890409_kawasaki_10.html
19890409_kawasaki_11,1989-04-09,kawasaki,11,https://www.keiba.go.jp/KeibaWeb/TodayRaceInfo/RaceMarkTable?k_raceDate=1989%2F04%2F09&k_raceNo=11&k_babaCode=21,data/cache/html/19890409_kawasaki_11.html
19890409_kawasaki_12,1989-04-09,kawasaki,12,https://www.keiba.go.jp/KeibaWeb/TodayRaceInfo/RaceMarkTable?k_raceDate=1989%2F04%2F09&k_raceNo=12&k_babaCode=21,data/cache/html/19890409_kawasaki_12.html
19890408_kawasaki_1,1989-04-08,kawasaki,1,https://www.keiba.go.jp/KeibaWeb/TodayRaceInfo/RaceMarkTable?k_raceDate=1989%2F04%2F08&k_raceNo=1&k_babaCode=21,data/cache/html/19890408_kawasaki_1.html
19890408_kawasaki_2,1989-04-08,kawasaki,2,https://www.keiba.go.jp/KeibaWeb/TodayRaceInfo/RaceMarkTable?k_raceDate=1989%2F04%2F08&k_raceNo=2&k_babaCode=21,data/cache/html/19890408_kawasaki_2.html
19890408_kawasaki_3,1989-04-08,kawasaki,3,https://www.keiba.go.jp/KeibaWeb/TodayRaceInfo/RaceMarkTable?k_raceDate=1989%2F04%2F08&k_raceNo=3&k_babaCode=21,data/cache/html/19890408_kawasaki_3.html
19890408_kawasaki_4,1989-04-08,kawasaki,4,https://www.keiba.go.jp/KeibaWeb/TodayRaceInfo/RaceMarkTable?k_raceDate=1989%2F04%2F08&k_raceNo=4&k_babaCode=21,data/cache/html/19890408_kawasaki_4.html
19890408_kawasaki_5,1989-04-08,kawasaki,5,https://www.keiba.go.jp/KeibaWeb/TodayRaceInfo/RaceMarkTable?k_raceDate=1989%2F04%2F08&k_raceNo=5&k_babaCode=21,data/cache/html/19890408_kawasaki_5.html
19890408_kawasaki_6,1989-04-08,kawasaki,6,https://www.keiba.go.jp/KeibaWeb/TodayRaceInfo/RaceMarkTable?k_raceDate=1989%2F04%2F08&k_raceNo=6&k_babaCode=21,data/cache/html/19890408_kawasaki_6.html
19890408_kawasaki_7,1989-04-08,kawasaki,7,https://www.keiba.go.jp/KeibaWeb/TodayRaceInfo/RaceMarkTable?k_raceDate=1989%2F04%2F08&k_raceNo=7&k_babaCode=21,data/cache/html/19890408_kawasaki_7.html
19890408_kawasaki_8,1989-04-08,kawasaki,8,https://www.keiba.go.jp/KeibaWeb/TodayRaceInfo/RaceMarkTable?k_raceDate=1989%2F04%2F08&k_raceNo=8&k_babaCode=21,data/cache/html/19890408_kawasaki_8.html
19890408_kawasaki_9,1989-04-08,kawasaki,9,https://www.keiba.go.jp/KeibaWeb/TodayRaceInfo/RaceMarkTable?k_raceDate=1989%2F04%2F08&k_raceNo=9&k_babaCode=21,data/cache/html/19890408_kawasaki_9.html
19890408_kawasaki_10,1989-04-08,kawasaki,10,https://www.keiba.go.jp/KeibaWeb/TodayRaceInfo/RaceMarkTable?k_raceDate=1989%2F04%2F08&k_raceNo=10&k_babaCode=21,data/cache/html/19890408_kawasaki_10.html
19890408_kawasaki_11,1989-04-08,kawasaki,11,https://www.keiba.go.jp/KeibaWeb/TodayRaceInfo/RaceMarkTable?k_raceDate=1989%2F04%2F08&k_raceNo=11&k_babaCode=21,data/cache/html/19890408_kawasaki_11.html
19890408_kawasaki_12,1989-04-08,kawasaki,12,https://www.keiba.go.jp/KeibaWeb/TodayRaceInfo/RaceMarkTable?k_raceDate=1989%2F04%2F08&k_raceNo=12&k_babaCode=21,data/cache/html/19890408_kawasaki_12.html
19890407_kawasaki_1,1989-04-07,kawasaki,1,https://www.keiba.go.jp/KeibaWeb/TodayRaceInfo/RaceMarkTable?k_raceDate=1989%2F04%2F07&k_raceNo=1&k_babaCode=21,data/cache/html/19890407_kawasaki_1.html
19890407_kawasaki_2,1989-04-07,kawasaki,2,https://www.keiba.go.jp/KeibaWeb/TodayRaceInfo/RaceMarkTable?k_raceDate=1989%2F04%2F07&k_raceNo=2&k_babaCode=21,data/cache/html/19890407_kawasaki_2.html
19890407_kawasaki_3,1989-04-07,kawasaki,3,https://www.keiba.go.jp/KeibaWeb/TodayRaceInfo/RaceMarkTable?k_raceDate=1989%2F04%2F07&k_raceNo=3&k_babaCode=21,data/cache/html/19890407_kawasaki_3.html
19890407_kawasaki_4,1989-04-07,kawasaki,4,https://www.keiba.go.jp/KeibaWeb/TodayRaceInfo/RaceMarkTable?k_raceDate=1989%2F04%2F07&k_raceNo=4&k_babaCode=21,data/cache/html/19890407_kawasaki_4.html
19890407_kawasaki_5,1989-04-07,kawasaki,5,https://www.keiba.go.jp/KeibaWeb/TodayRaceInfo/RaceMarkTable?k_raceDate=1989%2F04%2F07&k_raceNo=5&k_babaCode=21,data/cache/html/19890407_kawasaki_5.html
19890407_kawasaki_6,1989-04-07,kawasaki,6,https://www.keiba.go.jp/KeibaWeb/TodayRaceInfo/RaceMarkTable?k_raceDate=1989%2F04%2F07&k_raceNo=6&k_babaCode=21,data/cache/html/19890407_kawasaki_6.html
19890407_kawasaki_7,1989-04-07,kawasaki,7,https://www.keiba.go.jp/KeibaWeb/TodayRaceInfo/RaceMarkTable?k_raceDate=1989%2F04%2F07&k_raceNo=7&k_babaCode=21,data/cache/html/19890407_kawasaki_7.html
19890407_kawasaki_8,1989-04-07,kawasaki,8,https://www.keiba.go.jp/KeibaWeb/TodayRaceInfo/RaceMarkTable?k_raceDate=1989%2F04%2F07&k_raceNo=8&k_babaCode=21,data/cache/html/19890407_kawasaki_8.html
19890407_kawasaki_9,1989-04-07,kawasaki,9,https://www.keiba.go.jp/KeibaWeb/TodayRaceInfo/RaceMarkTable?k_raceDate=1989%2F04%2F07&k_raceNo=9&k_babaCode=21,data/cache/html/19890407_kawasaki_9.html
19890407_kawasaki_10,1989-04-07,kawasaki,10,https://www.keiba.go.jp/KeibaWeb/TodayRaceInfo/RaceMarkTable?k_raceDate=1989%2F04%2F07&k_raceNo=10&k_babaCode=21,data/cache/html/19890407_kawasaki_10.html
19890407_kawasaki_11,1989-04-07,kawasaki,11,https://www.keiba.go.jp/KeibaWeb/TodayRaceInfo/RaceMarkTable?k_raceDate=1989%2F04%2F07&k_raceNo=11&k_babaCode=21,data/cache/html/19890407_kawasaki_11.html
19890407_kawasaki_12,1989-04-07,kawasaki,12,https://www.keiba.go.jp/KeibaWeb/TodayRaceInfo/RaceMarkTable?k_raceDate=1989%2F04%2F07&k_raceNo=12&k_babaCode=21,data/cache/html/19890407_kawasaki_12.html
19890406_kawasaki_1,1989-04-06,kawasaki,1,https://www.keiba.go.jp/KeibaWeb/TodayRaceInfo/RaceMarkTable?k_raceDate=1989%2F04%2F06&k_raceNo=1&k_babaCode=21,data/cache/html/19890406_kawasaki_1.html
19890406_kawasaki_2,1989-04-06,kawasaki,2,https://www.keiba.go.jp/KeibaWeb/TodayRaceInfo/RaceMarkTable?k_raceDate=1989%2F04%2F06&k_raceNo=2&k_babaCode=21,data/cache/html/19890406_kawasaki_2.html
19890406_kawasaki_3,1989-04-06,kawasaki,3,https://www.keiba.go.jp/KeibaWeb/TodayRaceInfo/RaceMarkTable?k_raceDate=1989%2F04%2F06&k_raceNo=3&k_babaCode=21,data/cache/html/19890406_kawasaki_3.html
19890406_kawasaki_4,1989-04-06,kawasaki,4,https://www.keiba.go.jp/KeibaWeb/TodayRaceInfo/RaceMarkTable?k_raceDate=1989%2F04%2F06&k_raceNo=4&k_babaCode=21,data/cache/html/19890406_kawasaki_4.html
19890406_kawasaki_5,1989-04-06,kawasaki,5,https://www.keiba.go.jp/KeibaWeb/TodayRaceInfo/RaceMarkTable?k_raceDate=1989%2F04%2F06&k_raceNo=5&k_babaCode=21,data/cache/html/19890406_kawasaki_5.html
19890406_kawasaki_6,1989-04-06,kawasaki,6,https://www.keiba.go.jp/KeibaWeb/TodayRaceInfo/RaceMarkTable?k_raceDate=1989%2F04%2F06&k_raceNo=6&k_babaCode=21,data/cache/html/19890406_kawasaki_6.html
19890406_kawasaki_7,1989-04-06,kawasaki,7,https://www.keiba.go.jp/KeibaWeb/TodayRaceInfo/RaceMarkTable?k_raceDate=1989%2F04%2F06&k_raceNo=7&k_babaCode=21,data/cache/html/19890406_kawasaki_7.html
19890406_kawasaki_8,1989-04-06,kawasaki,8,https://www.keiba.go.jp/KeibaWeb/TodayRaceInfo/RaceMarkTable?k_raceDate=1989%2F04%2F06&k_raceNo=8&k_babaCode=21,data/cache/html/19890406_kawasaki_8.html
19890406_kawasaki_9,1989-04-06,kawasaki,9,https://www.keiba.go.jp/KeibaWeb/TodayRaceInfo/RaceMarkTable?k_raceDate=1989%2F04%2F06&k_raceNo=9&k_babaCode=21,data/cache/html/19890406_kawasaki_9.html
19890406_kawasaki_10,1989-04-06,kawasaki,10,https://www.keiba.go.jp/KeibaWeb/TodayRaceInfo/RaceMarkTable?k_raceDate=1989%2F04%2F06&k_raceNo=10&k_babaCode=21,data/cache/html/19890406_kawasaki_10.html
19890406_kawasaki_11,1989-04-06,kawasaki,11,https://www.keiba.go.jp/KeibaWeb/TodayRaceInfo/RaceMarkTable?k_raceDate=1989%2F04%2F06&k_raceNo=11&k_babaCode=21,data/cache/html/19890406_kawasaki_11.html
19890406_kawasaki_12,1989-04-06,kawasaki,12,https://www.keiba.go.jp/KeibaWeb/TodayRaceInfo/RaceMarkTable?k_raceDate=1989%2F04%2F06&k_raceNo=12&k_babaCode=21,data/cache/html/19890406_kawasaki_12.html
19890405_kawasaki_1,1989-04-05,kawasaki,1,https://www.keiba.go.jp/KeibaWeb/TodayRaceInfo/RaceMarkTable?k_raceDate=1989%2F04%2F05&k_raceNo=1&k_babaCode=21,data/cache/html/19890405_kawasaki_1.html
19890405_kawasaki_2,1989-04-05,kawasaki,2,https://www.keiba.go.jp/KeibaWeb/TodayRaceInfo/RaceMarkTable?k_raceDate=1989%2F04%2F05&k_raceNo=2&k_babaCode=21,data/cache/html/19890405_kawasaki_2.html
19890405_kawasaki_3,1989-04-05,kawasaki,3,https://www.keiba.go.jp/KeibaWeb/TodayRaceInfo/RaceMarkTable?k_raceDate=1989%2F04%2F05&k_raceNo=3&k_babaCode=21,data/cache/html/19890405_kawasaki_3.html
19890405_kawasaki_4,1989-04-05,kawasaki,4,https://www.keiba.go.jp/KeibaWeb/TodayRaceInfo/RaceMarkTable?k_raceDate=1989%2F04%2F05&k_raceNo=4&k_babaCode=21,data/cache/html/19890405_kawasaki_4.html
19890405_kawasaki_5,1989-04-05,kawasaki,5,https://www.keiba.go.jp/KeibaWeb/TodayRaceInfo/RaceMarkTable?k_raceDate=1989%2F04%2F05&k_raceNo=5&k_babaCode=21,data/cache/html/19890405_kawasaki_5.html
19890405_kawasaki_6,1989-04-05,kawasaki,6,https://www.keiba.go.jp/KeibaWeb/TodayRaceInfo/RaceMarkTable?k_raceDate=1989%2F04%2F05&k_raceNo=6&k_babaCode=21,data/cache/html/19890405_kawasaki_6.html
19890405_kawasaki_7,1989-04-05,kawasaki,7,https://www.keiba.go.jp/KeibaWeb/TodayRaceInfo/RaceMarkTable?k_raceDate=1989%2F04%2F05&k_raceNo=7&k_babaCode=21,data/cache/html/19890405_kawasaki_7.html
19890405_kawasaki_8,1989-04-05,kawasaki,8,https://www.keiba.go.jp/KeibaWeb/TodayRaceInfo/RaceMarkTable?k_raceDate=1989%2F04%2F05&k_raceNo=8&k_babaCode=21,data/cache/html/19890405_kawasaki_8.html
19890405_kawasaki_9,1989-04-05,kawasaki,9,https://www.keiba.go.jp/KeibaWeb/TodayRaceInfo/RaceMarkTable?k_raceDate=1989%2F04%2F05&k_raceNo=9&k_babaCode=21,data/cache/html/19890405_kawasaki_9.html
19890405_kawasaki_10,1989-04-05,kawasaki,10,https://www.keiba.go.jp/KeibaWeb/TodayRaceInfo/RaceMarkTable?k_raceDate=1989%2F04%2F05&k_raceNo=10&k_babaCode=21,data/cache/html/19890405_kawasaki_10.html
19890405_kawasaki_11,1989-04-05,kawasaki,11,https://www.keiba.go.jp/KeibaWeb/TodayRaceInfo/RaceMarkTable?k_raceDate=1989%2F04%2F05&k_raceNo=11&k_babaCode=21,data/cache/html/19890405_kawasaki_11.html
19890405_kawasaki_12,1989-04-05,kawasaki,12,https://www.keiba.go.jp/KeibaWeb/TodayRaceInfo/RaceMarkTable?k_raceDate=1989%2F04%2F05&k_raceNo=12&k_babaCode=21,data/cache/html/19890405_kawasaki_12.html
19890404_kawasaki_1,1989-04-04,kawasaki,1,https://www.keiba.go.jp/KeibaWeb/TodayRaceInfo/RaceMarkTable?k_raceDate=1989%2F04%2F04&k_raceNo=1&k_babaCode=21,data/cache/html/19890404_kawasaki_1.html
19890404_kawasaki_2,1989-04-04,kawasaki,2,https://www.keiba.go.jp/KeibaWeb/TodayRaceInfo/RaceMarkTable?k_raceDate=1989%2F04%2F04&k_raceNo=2&k_babaCode=21,data/cache/html/19890404_kawasaki_2.html
19890404_kawasaki_3,1989-04-04,kawasaki,3,https://www.keiba.go.jp/KeibaWeb/TodayRaceInfo/RaceMarkTable?k_raceDate=1989%2F04%2F04&k_raceNo=3&k_babaCode=21,data/cache/html/19890404_kawasaki_3.html
19890404_kawasaki_4,1989-04-04,kawasaki,4,https://www.keiba.go.jp/KeibaWeb/TodayRaceInfo/RaceMarkTable?k_raceDate=1989%2F04%2F04&k_raceNo=4&k_babaCode=21,data/cache/html/19890404_kawasaki_4.html
19890404_kawasaki_5,1989-04-04,kawasaki,5,https://www.keiba.go.jp/KeibaWeb/TodayRaceInfo/RaceMarkTable?k_raceDate=1989%2F04%2F04&k_raceNo=5&k_babaCode=21,data/cache/html/19890404_kawasaki_5.html
19890404_kawasaki_6,1989-04-04,kawasaki,6,https://www.keiba.go.jp/KeibaWeb/TodayRaceInfo/RaceMarkTable?k_raceDate=1989%2F04%2F04&k_raceNo=6&k_babaCode=21,data/cache/html/19890404_kawasaki_6.html
19890404_kawasaki_7,1989-04-04,kawasaki,7,https://www.keiba.go.jp/KeibaWeb/TodayRaceInfo/RaceMarkTable?k_raceDate=1989%2F04%2F04&k_raceNo=7&k_babaCode=21,data/cache/html/19890404_kawasaki_7.html
19890404_kawasaki_8,1989-04-04,kawasaki,8,https://www.keiba.go.jp/KeibaWeb/TodayRaceInfo/RaceMarkTable?k_raceDate=1989%2F04%2F04&k_raceNo=8&k_babaCode=21,data/cache/html/19890404_kawasaki_8.html
19890404_kawasaki_9,1989-04-04,kawasaki,9,https://www.keiba.go.jp/KeibaWeb/TodayRaceInfo/RaceMarkTable?k_raceDate=1989%2F04%2F04&k_raceNo=9&k_babaCode=21,data/cache/html/19890404_kawasaki_9.html
19890404_kawasaki_10,1989-04-04,kawasaki,10,https://www.keiba.go.jp/KeibaWeb/TodayRaceInfo/RaceMarkTable?k_raceDate=1989%2F04%2F04&k_raceNo=10&k_babaCode=21,data/cache/html/19890404_kawasaki_10.html
19890404_kawasaki_11,1989-04-04,kawasaki,11,https://www.keiba.go.jp/KeibaWeb/TodayRaceInfo/RaceMarkTable?k_raceDate=1989%2F04%2F04&k_raceNo=11&k_babaCode=21,data/cache/html/19890404_kawasaki_11.html
19890404_kawasaki_12,1989-04-04,kawasaki,12,https://www.keiba.go.jp/KeibaWeb/TodayRaceInfo/RaceMarkTable?k_raceDate=1989%2F04%2F04&k_raceNo=12&k_babaCode=21,data/cache/html/19890404_kawasaki_12.html
19890403_kawasaki_1,1989-04-03,kawasaki,1,https://www.keiba.go.jp/KeibaWeb/TodayRaceInfo/RaceMarkTable?k_raceDate=1989%2F04%2F03&k_raceNo=1&k_babaCode=21,data/cache/html/19890403_kawasaki_1.html
19890403_kawasaki_2,1989-04-03,kawasaki,2,https://www.keiba.go.jp/KeibaWeb/TodayRaceInfo/RaceMarkTable?k_raceDate=1989%2F04%2F03&k_raceNo=2&k_babaCode=21,data/cache/html/19890403_kawasaki_2.html
19890403_kawasaki_3,1989-04-03,kawasaki,3,https://www.keiba.go.jp/KeibaWeb/TodayRaceInfo/RaceMarkTable?k_raceDate=1989%2F04%2F03&k_raceNo=3&k_babaCode=21,data/cache/html/19890403_kawasaki_3.html
19890403_kawasaki_4,1989-04-03,kawasaki,4,https://www.keiba.go.jp/KeibaWeb/TodayRaceInfo/RaceMarkTable?k_raceDate=1989%2F04%2F03&k_raceNo=4&k_babaCode=21,data/cache/html/19890403_kawasaki_4.html
19890403_kawasaki_5,1989-04-03,kawasaki,5,https://www.keiba.go.jp/KeibaWeb/TodayRaceInfo/RaceMarkTable?k_raceDate=1989%2F04%2F03&k_raceNo=5&k_babaCode=21,data/cache/html/19890403_kawasaki_5.html
19890403_kawasaki_6,1989-04-03,kawasaki,6,https://www.keiba.go.jp/KeibaWeb/TodayRaceInfo/RaceMarkTable?k_raceDate=1989%2F04%2F03&k_raceNo=6&k_babaCode=21,data/cache/html/19890403_kawasaki_6.html
19890403_kawasaki_7,1989-04-03,kawasaki,7,https://www.keiba.go.jp/KeibaWeb/TodayRaceInfo/RaceMarkTable?k_raceDate=1989%2F04%2F03&k_raceNo=7&k_babaCode=21,data/cache/html/19890403_kawasaki_7.html
19890403_kawasaki_8,1989-04-03,kawasaki,8,https://www.keiba.go.jp/KeibaWeb/TodayRaceInfo/RaceMarkTable?k_raceDate=1989%2F04%2F03&k_raceNo=8&k_babaCode=21,data/cache/html/19890403_kawasaki_8.html
19890403_kawasaki_9,1989-04-03,kawasaki,9,https://www.keiba.go.jp/KeibaWeb/TodayRaceInfo/RaceMarkTable?k_raceDate=1989%2F04%2F03&k_raceNo=9&k_babaCode=21,data/cache/html/19890403_kawasaki_9.html
19890403_kawasaki_10,1989-04-03,kawasaki,10,https://www.keiba.go.jp/KeibaWeb/TodayRaceInfo/RaceMarkTable?k_raceDate=1989%2F04%2F03&k_raceNo=10&k_babaCode=21,data/cache/html/19890403_kawasaki_10.html
19890403_kawasaki_11,1989-04-03,kawasaki,11,https://www.keiba.go.jp/KeibaWeb/TodayRaceInfo/RaceMarkTable?k_raceDate=1989%2F04%2F03&k_raceNo=11&k_babaCode=21,data/cache/html/19890403_kawasaki_11.html
19890403_kawasaki_12,1989-04-03,kawasaki,12,https://www.keiba.go.jp/KeibaWeb/TodayRaceInfo/RaceMarkTable?k_raceDate=1989%2F04%2F03&k_raceNo=12&k_babaCode=21,data/cache/html/19890403_kawasaki_12.html
19890402_kawasaki_1,1989-04-02,kawasaki,1,https://www.keiba.go.jp/KeibaWeb/TodayRaceInfo/RaceMarkTable?k_raceDate=1989%2F04%2F02&k_raceNo=1&k_babaCode=21,data/cache/html/19890402_kawasaki_1.html
19890402_kawasaki_2,1989-04-02,kawasaki,2,https://www.keiba.go.jp/KeibaWeb/TodayRaceInfo/RaceMarkTable?k_raceDate=1989%2F04%2F02&k_raceNo=2&k_babaCode=21,data/cache/html/19890402_kawasaki_2.html
19890402_kawasaki_3,1989-04-02,kawasaki,3,https://www.keiba.go.jp/KeibaWeb/TodayRaceInfo/RaceMarkTable?k_raceDate=1989%2F04%2F02&k_raceNo=3&k_babaCode=21,data/cache/html/19890402_kawasaki_3.html
19890402_kawasaki_4,1989-04-02,kawasaki,4,https://www.keiba.go.jp/KeibaWeb/TodayRaceInfo/RaceMarkTable?k_raceDate=1989%2F04%2F02&k_raceNo=4&k_babaCode=21,data/cache/html/19890402_kawasaki_4.html
19890402_kawasaki_5,1989-04-02,kawasaki,5,https://www.keiba.go.jp/KeibaWeb/TodayRaceInfo/RaceMarkTable?k_raceDate=1989%2F04%2F02&k_raceNo=5&k_babaCode=21,data/cache/html/19890402_kawasaki_5.html
19890402_kawasaki_6,1989-04-02,kawasaki,6,https://www.keiba.go.jp/KeibaWeb/TodayRaceInfo/RaceMarkTable?k_raceDate=1989%2F04%2F02&k_raceNo=6&k_babaCode=21,data/cache/html/19890402_kawasaki_6.html
19890402_kawasaki_7,1989-04-02,kawasaki,7,https://www.keiba.go.jp/KeibaWeb/TodayRaceInfo/RaceMarkTable?k_raceDate=1989%2F04%2F02&k_raceNo=7&k_babaCode=21,data/cache/html/19890402_kawasaki_7.html
19890402_kawasaki_8,1989-04-02,kawasaki,8,https://www.keiba.go.jp/KeibaWeb/TodayRaceInfo/RaceMarkTable?k_raceDate=1989%2F04%2F02&k_raceNo=8&k_babaCode=21,data/cache/html/19890402_kawasaki_8.html
19890402_kawasaki_9,1989-04-02,kawasaki,9,https://www.keiba.go.jp/KeibaWeb/TodayRaceInfo/RaceMarkTable?k_raceDate=1989%2F04%2F02&k_raceNo=9&k_babaCode=21,data/cache/html/19890402_kawasaki_9.html
19890402_kawasaki_10,1989-04-02,kawasaki,10,https://www.keiba.go.jp/KeibaWeb/TodayRaceInfo/RaceMarkTable?k_raceDate=1989%2F04%2F02&k_raceNo=10&k_babaCode=21,data/cache/html/19890402_kawasaki_10.html
19890402_kawasaki_11,1989-04-02,kawasaki,11,https://www.keiba.go.jp/KeibaWeb/TodayRaceInfo/RaceMarkTable?k_raceDate=1989%2F04%2F02&k_raceNo=11&k_babaCode=21,data/cache/html/19890402_kawasaki_11.html
19890402_kawasaki_12,1989-04-02,kawasaki,12,https://www.keiba.go.jp/KeibaWeb/TodayRaceInfo/RaceMarkTable?k_raceDate=1989%2F04%2F02&k_raceNo=12&k_babaCode=21,data/cache/html/19890402_kawasaki_12.html
19890401_kawasaki_1,1989-04-01,kawasaki,1,https://www.keiba.go.jp/KeibaWeb/TodayRaceInfo/RaceMarkTable?k_raceDate=1989%2F04%2F01&k_raceNo=1&k_babaCode=21,data/cache/html/19890401_kawasaki_1.html
19890401_kawasaki_2,1989-04-01,kawasaki,2,https://www.keiba.go.jp/KeibaWeb/TodayRaceInfo/RaceMarkTable?k_raceDate=1989%2F04%2F01&k_raceNo=2&k_babaCode=21,data/cache/html/19890401_kawasaki_2.html
19890401_kawasaki_3,1989-04-01,kawasaki,3,https://www.keiba.go.jp/KeibaWeb/TodayRaceInfo/RaceMarkTable?k_raceDate=1989%2F04%2F01&k_raceNo=3&k_babaCode=21,data/cache/html/19890401_kawasaki_3.html
19890401_kawasaki_4,1989-04-01,kawasaki,4,https://www.keiba.go.jp/KeibaWeb/TodayRaceInfo/RaceMarkTable?k_raceDate=1989%2F04%2F01&k_raceNo=4&k_babaCode=21,data/cache/html/19890401_kawasaki_4.html
19890401_kawasaki_5,1989-04-01,kawasaki,5,https://www.keiba.go.jp/KeibaWeb/TodayRaceInfo/RaceMarkTable?k_raceDate=1989%2F04%2F01&k_raceNo=5&k_babaCode=21,data/cache/html/19890401_kawasaki_5.html
19890401_kawasaki_6,1989-04-01,kawasaki,6,https://www.keiba.go.jp/KeibaWeb/TodayRaceInfo/RaceMarkTable?k_raceDate=1989%2F04%2F01&k_raceNo=6&k_babaCode=21,data/cache/html/19890401_kawasaki_6.html
19890401_kawasaki_7,1989-04-01,kawasaki,7,https://www.keiba.go.jp/KeibaWeb/TodayRaceInfo/RaceMarkTable?k_raceDate=1989%2F04%2F01&k_raceNo=7&k_babaCode=21,data/cache/html/19890401_kawasaki_7.html
19890401_kawasaki_8,1989-04-01,kawasaki,8,https://www.keiba.go.jp/KeibaWeb/TodayRaceInfo/RaceMarkTable?k_raceDate=1989%2F04%2F01&k_raceNo=8&k_babaCode=21,data/cache/html/19890401_kawasaki_8.html
19890401_kawasaki_9,1989-04-01,kawasaki,9,https://www.keiba.go.jp/KeibaWeb/TodayRaceInfo/RaceMarkTable?k_raceDate=1989%2F04%2F01&k_raceNo=9&k_babaCode=21,data/cache/html/19890401_kawasaki_9.html
19890401_kawasaki_10,1989-04-01,kawasaki,10,https://www.keiba.go.jp/KeibaWeb/TodayRaceInfo/RaceMarkTable?k_raceDate=1989%2F04%2F01&k_raceNo=10&k_babaCode=21,data/cache/html/19890401_kawasaki_10.html
19890401_kawasaki_11,1989-04-01,kawasaki,11,https://www.keiba.go.jp/KeibaWeb/TodayRaceInfo/RaceMarkTable?k_raceDate=1989%2F04%2F01&k_raceNo=11&k_babaCode=21,data/cache/html/19890401_kawasaki_11.html
19890401_kawasaki_12,1989-04-01,kawasaki,12,https://www.keiba.go.jp/KeibaWeb/TodayRaceInfo/RaceMarkTable?k_raceDate=1989%2F04%2F01&k_raceNo=12&k_babaCode=21,data/cache/html/19890401_kawasaki_12.html
19890331_kawasaki_1,1989-03-31,kawasaki,1,https://www.keiba.go.jp/KeibaWeb/TodayRaceInfo/RaceMarkTable?k_raceDate=1989%2F03%2F31&k_raceNo=1&k_babaCode=21,data/cache/html/19890331_kawasaki_1.html
19890331_kawasaki_2,1989-03-31,kawasaki,2,https://www.keiba.go.jp/KeibaWeb/TodayRaceInfo/RaceMarkTable?k_raceDate=1989%2F03%2F31&k_raceNo=2&k_babaCode=21,data/cache/html/19890331_kawasaki_2.html
19890331_kawasaki_3,1989-03-31,kawasaki,3,https://www.keiba.go.jp/KeibaWeb/TodayRaceInfo/RaceMarkTable?k_raceDate=1989%2F03%2F31&k_raceNo=3&k_babaCode=21,data/cache/html/19890331_kawasaki_3.html
19890331_kawasaki_4,1989-03-31,kawasaki,4,https://www.keiba.go.jp/KeibaWeb/TodayRaceInfo/RaceMarkTable?k_raceDate=1989%2F03%2F31&k_raceNo=4&k_babaCode=21,data/cache/html/19890331_kawasaki_4.html
19890331_kawasaki_5,1989-03-31,kawasaki,5,https://www.keiba.go.jp/KeibaWeb/TodayRaceInfo/RaceMarkTable?k_raceDate=1989%2F03%2F31&k_raceNo=5&k_babaCode=21,data/cache/html/19890331_kawasaki_5.html
19890331_kawasaki_6,1989-03-31,kawasaki,6,https://www.keiba.go.jp/KeibaWeb/TodayRaceInfo/RaceMarkTable?k_raceDate=1989%2F03%2F31&k_raceNo=6&k_babaCode=21,data/cache/html/19890331_kawasaki_6.html
19890331_kawasaki_7,1989-03-31,kawasaki,7,https://www.keiba.go.jp/KeibaWeb/TodayRaceInfo/RaceMarkTable?k_raceDate=1989%2F03%2F31&k_raceNo=7&k_babaCode=21,data/cache/html/19890331_kawasaki_7.html
19890331_kawasaki_8,1989-03-31,kawasaki,8,https://www.keiba.go.jp/KeibaWeb/TodayRaceInfo/RaceMarkTable?k_raceDate=1989%2F03%2F31&k_raceNo=8&k_babaCode=21,data/cache/html/19890331_kawasaki_8.html
19890331_kawasaki_9,1989-03-31,kawasaki,9,https://www.keiba.go.jp/KeibaWeb/TodayRaceInfo/RaceMarkTable?k_raceDate=1989%2F03%2F31&k_raceNo=9&k_babaCode=21,data/cache/html/19890331_kawasaki_9.html
19890331_kawasaki_10,1989-03-31,kawasaki,10,https://www.keiba.go.jp/KeibaWeb/TodayRaceInfo/RaceMarkTable?k_raceDate=1989%2F03%2F31&k_raceNo=10&k_babaCode=21,data/cache/html/19890331_kawasaki_10.html
19890331_kawasaki_11,1989-03-31,kawasaki,11,https://www.keiba.go.jp/KeibaWeb/TodayRaceInfo/RaceMarkTable?k_raceDate=1989%2F03%2F31&k_raceNo=11&k_babaCode=21,data/cache/html/19890331_kawasaki_11.html
19890331_kawasaki_12,1989-03-31,kawasaki,12,https://www.keiba.go.jp/KeibaWeb/TodayRaceInfo/RaceMarkTable?k_raceDate=1989%2F03%2F31&k_raceNo=12&k_babaCode=21,data/cache/html/19890331_kawasaki_12.html
19890330_kawasaki_1,1989-03-30,kawasaki,1,https://www.keiba.go.jp/KeibaWeb/TodayRaceInfo/RaceMarkTable?k_raceDate=1989%2F03%2F30&k_raceNo=1&k_babaCode=21,data/cache/html/19890330_kawasaki_1.html
19890330_kawasaki_2,1989-03-30,kawasaki,2,https://www.keiba.go.jp/KeibaWeb/TodayRaceInfo/RaceMarkTable?k_raceDate=1989%2F03%2F30&k_raceNo=2&k_babaCode=21,data/cache/html/19890330_kawasaki_2.html
19890330_kawasaki_3,1989-03-30,kawasaki,3,https://www.keiba.go.jp/KeibaWeb/TodayRaceInfo/RaceMarkTable?k_raceDate=1989%2F03%2F30&k_raceNo=3&k_babaCode=21,data/cache/html/19890330_kawasaki_3.html
19890330_kawasaki_4,1989-03-30,kawasaki,4,https://www.keiba.go.jp/KeibaWeb/TodayRaceInfo/RaceMarkTable?k_raceDate=1989%2F03%2F30&k_raceNo=4&k_babaCode=21,data/cache/html/19890330_kawasaki_4.html
19890330_kawasaki_5,1989-03-30,kawasaki,5,https://www.keiba.go.jp/KeibaWeb/TodayRaceInfo/RaceMarkTable?k_raceDate=1989%2F03%2F30&k_raceNo=5&k_babaCode=21,data/cache/html/19890330_kawasaki_5.html
19890330_kawasaki_6,1989-03-30,kawasaki,6,https://www.keiba.go.jp/KeibaWeb/TodayRaceInfo/RaceMarkTable?k_raceDate=1989%2F03%2F30&k_raceNo=6&k_babaCode=21,data/cache/html/19890330_kawasaki_6.html
19890330_kawasaki_7,1989-03-30,kawasaki,7,https://www.keiba.go.jp/KeibaWeb/TodayRaceInfo/RaceMarkTable?k_raceDate=1989%2F03%2F30&k_raceNo=7&k_babaCode=21,data/cache/html/19890330_kawasaki_7.html
19890330_kawasaki_8,1989-03-30,kawasaki,8,https://www.keiba.go.jp/KeibaWeb/TodayRaceInfo/RaceMarkTable?k_raceDate=1989%2F03%2F30&k_raceNo=8&k_babaCode=21,data/cache/html/19890330_kawasaki_8.html
19890330_kawasaki_9,1989-03-30,kawasaki,9,https://www.keiba.go.jp/KeibaWeb/TodayRaceInfo/RaceMarkTable?k_raceDate=1989%2F03%2F30&k_raceNo=9&k_babaCode=21,data/cache/html/19890330_kawasaki_9.html
19890330_kawasaki_10,1989-03-30,kawasaki,10,https://www.keiba.go.jp/KeibaWeb/TodayRaceInfo/RaceMarkTable?k_raceDate=1989%2F03%2F30&k_raceNo=10&k_babaCode=21,data/cache/html/19890330_kawasaki_10.html
19890330_kawasaki_11,1989-03-30,kawasaki,11,https://www.keiba.go.jp/KeibaWeb/TodayRaceInfo/RaceMarkTable?k_raceDate=1989%2F03%2F30&k_raceNo=11&k_babaCode=21,data/cache/html/19890330_kawasaki_11.html
19890330_kawasaki_12,1989-03-30,kawasaki,12,https://www.keiba.go.jp/KeibaWeb/TodayRaceInfo/RaceMarkTable?k_raceDate=1989%2F03%2F30&k_raceNo=12&k_babaCode=21,data/cache/html/19890330_kawasaki_12.html
19890329_kawasaki_1,1989-03-29,kawasaki,1,https://www.keiba.go.jp/KeibaWeb/TodayRaceInfo/RaceMarkTable?k_raceDate=1989%2F03%2F29&k_raceNo=1&k_babaCode=21,data/cache/html/19890329_kawasaki_1.html
19890329_kawasaki_2,1989-03-29,kawasaki,2,https://www.keiba.go.jp/KeibaWeb/TodayRaceInfo/RaceMarkTable?k_raceDate=1989%2F03%2F29&k_raceNo=2&k_babaCode=21,data/cache/html/19890329_kawasaki_2.html
19890329_kawasaki_3,1989-03-29,kawasaki,3,https://www.keiba.go.jp/KeibaWeb/TodayRaceInfo/RaceMarkTable?k_raceDate=1989%2F03%2F29&k_raceNo=3&k_babaCode=21,data/cache/html/19890329_kawasaki_3.html
19890329_kawasaki_4,1989-03-29,kawasaki,4,https://www.keiba.go.jp/KeibaWeb/TodayRaceInfo/RaceMarkTable?k_raceDate=1989%2F03%2F29&k_raceNo=4&k_babaCode=21,data/cache/html/19890329_kawasaki_4.html
19890329_kawasaki_5,1989-03-29,kawasaki,5,https://www.keiba.go.jp/KeibaWeb/TodayRaceInfo/RaceMarkTable?k_raceDate=1989%2F03%2F29&k_raceNo=5&k_babaCode=21,data/cache/html/19890329_kawasaki_5.html
19890329_kawasaki_6,1989-03-29,kawasaki,6,https://www.keiba.go.jp/KeibaWeb/TodayRaceInfo/RaceMarkTable?k_raceDate=1989%2F03%2F29&k_raceNo=6&k_babaCode=21,data/cache/html/19890329_kawasaki_6.html
19890329_kawasaki_7,1989-03-29,kawasaki,7,https://www.keiba.go.jp/KeibaWeb/TodayRaceInfo/RaceMarkTable?k_raceDate=1989%2F03%2F29&k_raceNo=7&k_babaCode=21,data/cache/html/19890329_kawasaki_7.html
19890329_kawasaki_8,1989-03-29,kawasaki,8,https://www.keiba.go.jp/KeibaWeb/TodayRaceInfo/RaceMarkTable?k_raceDate=1989%2F03%2F29&k_raceNo=8&k_babaCode=21,data/cache/html/19890329_kawasaki_8.html
19890329_kawasaki_9,1989-03-29,kawasaki,9,https://www.keiba.go.jp/KeibaWeb/TodayRaceInfo/RaceMarkTable?k_raceDate=1989%2F03%2F29&k_raceNo=9&k_babaCode=21,data/cache/html/19890329_kawasaki_9.html
19890329_kawasaki_10,1989-03-29,kawasaki,10,https://www.keiba.go.jp/KeibaWeb/TodayRaceInfo/RaceMarkTable?k_raceDate=1989%2F03%2F29&k_raceNo=10&k_babaCode=21,data/cache/html/19890329_kawasaki_10.html
19890329_kawasaki_11,1989-03-29,kawasaki,11,https://www.keiba.go.jp/KeibaWeb/TodayRaceInfo/RaceMarkTable?k_raceDate=1989%2F03%2F29&k_raceNo=11&k_babaCode=21,data/cache/html/19890329_kawasaki_11.html
19890329_kawasaki_12,1989-03-29,kawasaki,12,https://www.keiba.go.jp/KeibaWeb/TodayRaceInfo/RaceMarkTable?k_raceDate=1989%2F03%2F29&k_raceNo=12&k_babaCode=21,data/cache/html/19890329_kawasaki_12.html
19890328_kawasaki_1,1989-03-28,kawasaki,1,https://www.keiba.go.jp/KeibaWeb/TodayRaceInfo/RaceMarkTable?k_raceDate=1989%2F03%2F28&k_raceNo=1&k_babaCode=21,data/cache/html/19890328_kawasaki_1.html
19890328_kawasaki_2,1989-03-28,kawasaki,2,https://www.keiba.go.jp/KeibaWeb/TodayRaceInfo/RaceMarkTable?k_raceDate=1989%2F03%2F28&k_raceNo=2&k_babaCode=21,data/cache/html/19890328_kawasaki_2.html
19890328_kawasaki_3,1989-03-28,kawasaki,3,https://www.keiba.go.jp/KeibaWeb/TodayRaceInfo/RaceMarkTable?k_raceDate=1989%2F03%2F28&k_raceNo=3&k_babaCode=21,data/cache/html/19890328_kawasaki_3.html
19890328_kawasaki_4,1989-03-28,kawasaki,4,https://www.keiba.go.jp/KeibaWeb/TodayRaceInfo/RaceMarkTable?k_raceDate=1989%2F03%2F28&k_raceNo=4&k_babaCode=21,data/cache/html/19890328_kawasaki_4.html
19890328_kawasaki_5,1989-03-28,kawasaki,5,https://www.keiba.go.jp/KeibaWeb/TodayRaceInfo/RaceMarkTable?k_raceDate=1989%2F03%2F28&k_raceNo=5&k_babaCode=21,data/cache/html/19890328_kawasaki_5.html
19890328_kawasaki_6,1989-03-28,kawasaki,6,https://www.keiba.go.jp/KeibaWeb/TodayRaceInfo/RaceMarkTable?k_raceDate=1989%2F03%2F28&k_raceNo=6&k_babaCode=21,data/cache/html/19890328_kawasaki_6.html
19890328_kawasaki_7,1989-03-28,kawasaki,7,https://www.keiba.go.jp/KeibaWeb/TodayRaceInfo/RaceMarkTable?k_raceDate=1989%2F03%2F28&k_raceNo=7&k_babaCode=21,data/cache/html/19890328_kawasaki_7.html
19890328_kawasaki_8,1989-03-28,kawasaki,8,https://www.keiba.go.jp/KeibaWeb/TodayRaceInfo/RaceMarkTable?k_raceDate=1989%2F03%2F28&k_raceNo=8&k_babaCode=21,data/cache/html/19890328_kawasaki_8.html
19890328_kawasaki_9,1989-03-28,kawasaki,9,https://www.keiba.go.jp/KeibaWeb/TodayRaceInfo/RaceMarkTable?k_raceDate=1989%2F03%2F28&k_raceNo=9&k_babaCode=21,data/cache/html/19890328_kawasaki_9.html
19890328_kawasaki_10,1989-03-28,kawasaki,10,https://www.keiba.go.jp/KeibaWeb/TodayRaceInfo/RaceMarkTable?k_raceDate=1989%2F03%2F28&k_raceNo=10&k_babaCode=21,data/cache/html/19890328_kawasaki_10.html
19890328_kawasaki_11,1989-03-28,kawasaki,11,https://www.keiba.go.jp/KeibaWeb/TodayRaceInfo/RaceMarkTable?k_raceDate=1989%2F03%2F28&k_raceNo=11&k_babaCode=21,data/cache/html/19890328_kawasaki_11.html
19890328_kawasaki_12,1989-03-28,kawasaki,12,https://www.keiba.go.jp/KeibaWeb/TodayRaceInfo/RaceMarkTable?k_raceDate=1989%2F03%2F28&k_raceNo=12&k_babaCode=21,data/cache/html/19890328_kawasaki_12.html
19890327_kawasaki_1,1989-03-27,kawasaki,1,https://www.keiba.go.jp/KeibaWeb/TodayRaceInfo/RaceMarkTable?k_raceDate=1989%2F03%2F27&k_raceNo=1&k_babaCode=21,data/cache/html/19890327_kawasaki_1.html
19890327_kawasaki_2,1989-03-27,kawasaki,2,https://www.keiba.go.jp/KeibaWeb/TodayRaceInfo/RaceMarkTable?k_raceDate=1989%2F03%2F27&k_raceNo=2&k_babaCode=21,data/cache/html/19890327_kawasaki_2.html
19890327_kawasaki_3,1989-03-27,kawasaki,3,https://www.keiba.go.jp/KeibaWeb/TodayRaceInfo/RaceMarkTable?k_raceDate=1989%2F03%2F27&k_raceNo=3&k_babaCode=21,data/cache/html/19890327_kawasaki_3.html
19890327_kawasaki_4,1989-03-27,kawasaki,4,https://www.keiba.go.jp/KeibaWeb/TodayRaceInfo/RaceMarkTable?k_raceDate=1989%2F03%2F27&k_raceNo=4&k_babaCode=21,data/cache/html/19890327_kawasaki_4.html
19890327_kawasaki_5,1989-03-27,kawasaki,5,https://www.keiba.go.jp/KeibaWeb/TodayRaceInfo/RaceMarkTable?k_raceDate=1989%2F03%2F27&k_raceNo=5&k_babaCode=21,data/cache/html/19890327_kawasaki_5.html
19890327_kawasaki_6,1989-03-27,kawasaki,6,https://www.keiba.go.jp/KeibaWeb/TodayRaceInfo/RaceMarkTable?k_raceDate=1989%2F03%2F27&k_raceNo=6&k_babaCode=21,data/cache/html/19890327_kawasaki_6.html
19890327_kawasaki_7,1989-03-27,kawasaki,7,https://www.keiba.go.jp/KeibaWeb/TodayRaceInfo/RaceMarkTable?k_raceDate=1989%2F03%2F27&k_raceNo=7&k_babaCode=21,data/cache/html/19890327_kawasaki_7.html
19890327_kawasaki_8,1989-03-27,kawasaki,8,https://www.keiba.go.jp/KeibaWeb/TodayRaceInfo/RaceMarkTable?k_raceDate=1989%2F03%2F27&k_raceNo=8&k_babaCode=21,data/cache/html/19890327_kawasaki_8.html
19890327_kawasaki_9,1989-03-27,kawasaki,9,https://www.keiba.go.jp/KeibaWeb/TodayRaceInfo/RaceMarkTable?k_raceDate=1989%2F03%2F27&k_raceNo=9&k_babaCode=21,data/cache/html/19890327_kawasaki_9.html
19890327_kawasaki_10,1989-03-27,kawasaki,10,https://www.keiba.go.jp/KeibaWeb/TodayRaceInfo/RaceMarkTable?k_raceDate=1989%2F03%2F27&k_raceNo=10&k_babaCode=21,data/cache/html/19890327_kawasaki_10.html
19890327_kawasaki_11,1989-03-27,kawasaki,11,https://www.keiba.go.jp/KeibaWeb/TodayRaceInfo/RaceMarkTable?k_raceDate=1989%2F03%2F27&k_raceNo=11&k_babaCode=21,data/cache/html/19890327_kawasaki_11.html
19890327_kawasaki_12,1989-03-27,kawasaki,12,https://www.keiba.go.jp/KeibaWeb/TodayRaceInfo/RaceMarkTable?k_raceDate=1989%2F03%2F27&k_raceNo=12&k_babaCode=21,data/cache/html/19890327_kawasaki_12.html
19890326_kawasaki_1,1989-03-26,kawasaki,1,https://www.keiba.go.jp/KeibaWeb/TodayRaceInfo/RaceMarkTable?k_raceDate=1989%2F03%2F26&k_raceNo=1&k_babaCode=21,data/cache/html/19890326_kawasaki_1.html
19890326_kawasaki_2,1989-03-26,kawasaki,2,https://www.keiba.go.jp/KeibaWeb/TodayRaceInfo/RaceMarkTable?k_raceDate=1989%2F03%2F26&k_raceNo=2&k_babaCode=21,data/cache/html/19890326_kawasaki_2.html
19890326_kawasaki_3,1989-03-26,kawasaki,3,https://www.keiba.go.jp/KeibaWeb/TodayRaceInfo/RaceMarkTable?k_raceDate=1989%2F03%2F26&k_raceNo=3&k_babaCode=21,data/cache/html/19890326_kawasaki_3.html
19890326_kawasaki_4,1989-03-26,kawasaki,4,https://www.keiba.go.jp/KeibaWeb/TodayRaceInfo/RaceMarkTable?k_raceDate=1989%2F03%2F26&k_raceNo=4&k_babaCode=21,data/cache/html/19890326_kawasaki_4.html
19890326_kawasaki_5,1989-03-26,kawasaki,5,https://www.keiba.go.jp/KeibaWeb/TodayRaceInfo/RaceMarkTable?k_raceDate=1989%2F03%2F26&k_raceNo=5&k_babaCode=21,data/cache/html/19890326_kawasaki_5.html
19890326_kawasaki_6,1989-03-26,kawasaki,6,https://www.keiba.go.jp/KeibaWeb/TodayRaceInfo/RaceMarkTable?k_raceDate=1989%2F03%2F26&k_raceNo=6&k_babaCode=21,data/cache/html/19890326_kawasaki_6.html
19890326_kawasaki_7,1989-03-26,kawasaki,7,https://www.keiba.go.jp/KeibaWeb/TodayRaceInfo/RaceMarkTable?k_raceDate=1989%2F03%2F26&k_raceNo=7&k_babaCode=21,data/cache/html/19890326_kawasaki_7.html
19890326_kawasaki_8,1989-03-26,kawasaki,8,https://www.keiba.go.jp/KeibaWeb/TodayRaceInfo/RaceMarkTable?k_raceDate=1989%2F03%2F26&k_raceNo=8&k_babaCode=21,data/cache/html/19890326_kawasaki_8.html
19890326_kawasaki_9,1989-03-26,kawasaki,9,https://www.keiba.go.jp/KeibaWeb/TodayRaceInfo/RaceMarkTable?k_raceDate=1989%2F03%2F26&k_raceNo=9&k_babaCode=21,data/cache/html/19890326_kawasaki_9.html
19890326_kawasaki_10,1989-03-26,kawasaki,10,https://www.keiba.go.jp/KeibaWeb/TodayRaceInfo/RaceMarkTable?k_raceDate=1989%2F03%2F26&k_raceNo=10&k_babaCode=21,data/cache/html/19890326_kawasaki_10.html
19890326_kawasaki_11,1989-03-26,kawasaki,11,https://www.keiba.go.jp/KeibaWeb/TodayRaceInfo/RaceMarkTable?k_raceDate=1989%2F03%2F26&k_raceNo=11&k_babaCode=21,data/cache/html/19890326_kawasaki_11.html
19890326_kawasaki_12,1989-03-26,kawasaki,12,https://www.keiba.go.jp/KeibaWeb/TodayRaceInfo/RaceMarkTable?k_raceDate=1989%2F03%2F26&k_raceNo=12&k_babaCode=21,data/cache/html/19890326_kawasaki_12.html
19890325_kawasaki_1,1989-03-25,kawasaki,1,https://www.keiba.go.jp/KeibaWeb/TodayRaceInfo/RaceMarkTable?k_raceDate=1989%2F03%2F25&k_raceNo=1&k_babaCode=21,data/cache/html/19890325_kawasaki_1.html
19890325_kawasaki_2,1989-03-25,kawasaki,2,https://www.keiba.go.jp/KeibaWeb/TodayRaceInfo/RaceMarkTable?k_raceDate=1989%2F03%2F25&k_raceNo=2&k_babaCode=21,data/cache/html/19890325_kawasaki_2.html
19890325_kawasaki_3,1989-03-25,kawasaki,3,https://www.keiba.go.jp/KeibaWeb/TodayRaceInfo/RaceMarkTable?k_raceDate=1989%2F03%2F25&k_raceNo=3&k_babaCode=21,data/cache/html/19890325_kawasaki_3.html
19890325_kawasaki_4,1989-03-25,kawasaki,4,https://www.keiba.go.jp/KeibaWeb/TodayRaceInfo/RaceMarkTable?k_raceDate=1989%2F03%2F25&k_raceNo=4&k_babaCode=21,data/cache/html/19890325_kawasaki_4.html
19890325_kawasaki_5,1989-03-25,kawasaki,5,https://www.keiba.go.jp/KeibaWeb/TodayRaceInfo/RaceMarkTable?k_raceDate=1989%2F03%2F25&k_raceNo=5&k_babaCode=21,data/cache/html/19890325_kawasaki_5.html
19890325_kawasaki_6,1989-03-25,kawasaki,6,https://www.keiba.go.jp/KeibaWeb/TodayRaceInfo/RaceMarkTable?k_raceDate=1989%2F03%2F25&k_raceNo=6&k_babaCode=21,data/cache/html/19890325_kawasaki_6.html
19890325_kawasaki_7,1989-03-25,kawasaki,7,https://www.keiba.go.jp/KeibaWeb/TodayRaceInfo/RaceMarkTable?k_raceDate=1989%2F03%2F25&k_raceNo=7&k_babaCode=21,data/cache/html/19890325_kawasaki_7.html
19890325_kawasaki_8,1989-03-25,kawasaki,8,https://www.keiba.go.jp/KeibaWeb/TodayRaceInfo/RaceMarkTable?k_raceDate=1989%2F03%2F25&k_raceNo=8&k_babaCode=21,data/cache/html/19890325_kawasaki_8.html
19890325_kawasaki_9,1989-03-25,kawasaki,9,https://www.keiba.go.jp/KeibaWeb/TodayRaceInfo/RaceMarkTable?k_raceDate=1989%2F03%2F25&k_raceNo=9&k_babaCode=21,data/cache/html/19890325_kawasaki_9.html
19890325_kawasaki_10,1989-03-25,kawasaki,10,https://www.keiba.go.jp/KeibaWeb/TodayRaceInfo/RaceMarkTable?k_raceDate=1989%2F03%2F25&k_raceNo=10&k_babaCode=21,data/cache/html/19890325_kawasaki_10.html
19890325_kawasaki_11,1989-03-25,kawasaki,11,https://www.keiba.go.jp/KeibaWeb/TodayRaceInfo/RaceMarkTable?k_raceDate=1989%2F03%2F25&k_raceNo=11&k_babaCode=21,data/cache/html/19890325_kawasaki_11.html
19890325_kawasaki_12,1989-03-25,kawasaki,12,https://www.keiba.go.jp/KeibaWeb/TodayRaceInfo/RaceMarkTable?k_raceDate=1989%2F03%2F25&k_raceNo=12&k_babaCode=21,data/cache/html/19890325_kawasaki_12.html
19890324_kawasaki_1,1989-03-24,kawasaki,1,https://www.keiba.go.jp/KeibaWeb/TodayRaceInfo/RaceMarkTable?k_raceDate=1989%2F03%2F24&k_raceNo=1&k_babaCode=21,data/cache/html/19890324_kawasaki_1.html
19890324_kawasaki_2,1989-03-24,kawasaki,2,https://www.keiba.go.jp/KeibaWeb/TodayRaceInfo/RaceMarkTable?k_raceDate=1989%2F03%2F24&k_raceNo=2&k_babaCode=21,data/cache/html/19890324_kawasaki_2.html
19890324_kawasaki_3,1989-03-24,kawasaki,3,https://www.keiba.go.jp/KeibaWeb/TodayRaceInfo/RaceMarkTable?k_raceDate=1989%2F03%2F24&k_raceNo=3&k_babaCode=21,data/cache/html/19890324_kawasaki_3.html
19890324_kawasaki_4,1989-03-24,kawasaki,4,https://www.keiba.go.jp/KeibaWeb/TodayRaceInfo/RaceMarkTable?k_raceDate=1989%2F03%2F24&k_raceNo=4&k_babaCode=21,data/cache/html/19890324_kawasaki_4.html
19890324_kawasaki_5,1989-03-24,kawasaki,5,https://www.keiba.go.jp/KeibaWeb/TodayRaceInfo/RaceMarkTable?k_raceDate=1989%2F03%2F24&k_raceNo=5&k_babaCode=21,data/cache/html/19890324_kawasaki_5.html
19890324_kawasaki_6,1989-03-24,kawasaki,6,https://www.keiba.go.jp/KeibaWeb/TodayRaceInfo/RaceMarkTable?k_raceDate=1989%2F03%2F24&k_raceNo=6&k_babaCode=21,data/cache/html/19890324_kawasaki_6.html
19890324_kawasaki_7,1989-03-24,kawasaki,7,https://www.keiba.go.jp/KeibaWeb/TodayRaceInfo/RaceMarkTable?k_raceDate=1989%2F03%2F24&k_raceNo=7&k_babaCode=21,data/cache/html/19890324_kawasaki_7.html
19890324_kawasaki_8,1989-03-24,kawasaki,8,https://www.keiba.go.jp/KeibaWeb/TodayRaceInfo/RaceMarkTable?k_raceDate=1989%2F03%2F24&k_raceNo=8&k_babaCode=21,data/cache/html/19890324_kawasaki_8.html
19890324_kawasaki_9,1989-03-24,kawasaki,9,https://www.keiba.go.jp/KeibaWeb/TodayRaceInfo/RaceMarkTable?k_raceDate=1989%2F03%2F24&k_raceNo=9&k_babaCode=21,data/cache/html/19890324_kawasaki_9.html
19890324_kawasaki_10,1989-03-24,kawasaki,10,https://www.keiba.go.jp/KeibaWeb/TodayRaceInfo/RaceMarkTable?k_raceDate=1989%2F03%2F24&k_raceNo=10&k_babaCode=21,data/cache/html/19890324_kawasaki_10.html
19890324_kawasaki_11,1989-03-24,kawasaki,11,https://www.keiba.go.jp/KeibaWeb/TodayRaceInfo/RaceMarkTable?k_raceDate=1989%2F03%2F24&k_raceNo=11&k_babaCode=21,data/cache/html/19890324_kawasaki_11.html
19890324_kawasaki_12,1989-03-24,kawasaki,12,https://www.keiba.go.jp/KeibaWeb/TodayRaceInfo/RaceMarkTable?k_raceDate=1989%2F03%2F24&k_raceNo=12&k_babaCode=21,data/cache/html/19890324_kawasaki_12.html
19890323_kawasaki_1,1989-03-23,kawasaki,1,https://www.keiba.go.jp/KeibaWeb/TodayRaceInfo/RaceMarkTable?k_raceDate=1989%2F03%2F23&k_raceNo=1&k_babaCode=21,data/cache/html/19890323_kawasaki_1.html
19890323_kawasaki_2,1989-03-23,kawasaki,2,https://www.keiba.go.jp/KeibaWeb/TodayRaceInfo/RaceMarkTable?k_raceDate=1989%2F03%2F23&k_raceNo=2&k_babaCode=21,data/cache/html/19890323_kawasaki_2.html
19890323_kawasaki_3,1989-03-23,kawasaki,3,https://www.keiba.go.jp/KeibaWeb/TodayRaceInfo/RaceMarkTable?k_raceDate=1989%2F03%2F23&k_raceNo=3&k_babaCode=21,data/cache/html/19890323_kawasaki_3.html
19890323_kawasaki_4,1989-03-23,kawasaki,4,https://www.keiba.go.jp/KeibaWeb/TodayRaceInfo/RaceMarkTable?k_raceDate=1989%2F03%2F23&k_raceNo=4&k_babaCode=21,data/cache/html/19890323_kawasaki_4.html
19890323_kawasaki_5,1989-03-23,kawasaki,5,https://www.keiba.go.jp/KeibaWeb/TodayRaceInfo/RaceMarkTable?k_raceDate=1989%2F03%2F23&k_raceNo=5&k_babaCode=21,data/cache/html/19890323_kawasaki_5.html
19890323_kawasaki_6,1989-03-23,kawasaki,6,https://www.keiba.go.jp/KeibaWeb/TodayRaceInfo/RaceMarkTable?k_raceDate=1989%2F03%2F23&k_raceNo=6&k_babaCode=21,data/cache/html/19890323_kawasaki_6.html
19890323_kawasaki_7,1989-03-23,kawasaki,7,https://www.keiba.go.jp/KeibaWeb/TodayRaceInfo/RaceMarkTable?k_raceDate=1989%2F03%2F23&k_raceNo=7&k_babaCode=21,data/cache/html/19890323_kawasaki_7.html
19890323_kawasaki_8,1989-03-23,kawasaki,8,https://www.keiba.go.jp/KeibaWeb/TodayRaceInfo/RaceMarkTable?k_raceDate=1989%2F03%2F23&k_raceNo=8&k_babaCode=21,data/cache/html/19890323_kawasaki_8.html
19890323_kawasaki_9,1989-03-23,kawasaki,9,https://www.keiba.go.jp/KeibaWeb/TodayRaceInfo/RaceMarkTable?k_raceDate=1989%2F03%2F23&k_raceNo=9&k_babaCode=21,data/cache/html/19890323_kawasaki_9.html
19890323_kawasaki_10,1989-03-23,kawasaki,10,https://www.keiba.go.jp/KeibaWeb/TodayRaceInfo/RaceMarkTable?k_raceDate=1989%2F03%2F23&k_raceNo=10&k_babaCode=21,data/cache/html/19890323_kawasaki_10.html
19890323_kawasaki_11,1989-03-23,kawasaki,11,https://www.keiba.go.jp/KeibaWeb/TodayRaceInfo/RaceMarkTable?k_raceDate=1989%2F03%2F23&k_raceNo=11&k_babaCode=21,data/cache/html/19890323_kawasaki_11.html
19890323_kawasaki_12,1989-03-23,kawasaki,12,https://www.keiba.go.jp/KeibaWeb/TodayRaceInfo/RaceMarkTable?k_raceDate=1989%2F03%2F23&k_raceNo=12&k_babaCode=21,data/cache/html/19890323_kawasaki_12.html
19890322_kawasaki_1,1989-03-22,kawasaki,1,https://www.keiba.go.jp/KeibaWeb/TodayRaceInfo/RaceMarkTable?k_raceDate=1989%2F03%2F22&k_raceNo=1&k_babaCode=21,data/cache/html/19890322_kawasaki_1.html
19890322_kawasaki_2,1989-03-22,kawasaki,2,https://www.keiba.go.jp/KeibaWeb/TodayRaceInfo/RaceMarkTable?k_raceDate=1989%2F03%2F22&k_raceNo=2&k_babaCode=21,data/cache/html/19890322_kawasaki_2.html
19890322_kawasaki_3,1989-03-22,kawasaki,3,https://www.keiba.go.jp/KeibaWeb/TodayRaceInfo/RaceMarkTable?k_raceDate=1989%2F03%2F22&k_raceNo=3&k_babaCode=21,data/cache/html/19890322_kawasaki_3.html
19890322_kawasaki_4,1989-03-22,kawasaki,4,https://www.keiba.go.jp/KeibaWeb/TodayRaceInfo/RaceMarkTable?k_raceDate=1989%2F03%2F22&k_raceNo=4&k_babaCode=21,data/cache/html/19890322_kawasaki_4.html
19890322_kawasaki_5,1989-03-22,kawasaki,5,https://www.keiba.go.jp/KeibaWeb/TodayRaceInfo/RaceMarkTable?k_raceDate=1989%2F03%2F22&k_raceNo=5&k_babaCode=21,data/cache/html/19890322_kawasaki_5.html
19890322_kawasaki_6,1989-03-22,kawasaki,6,https://www.keiba.go.jp/KeibaWeb/TodayRaceInfo/RaceMarkTable?k_raceDate=1989%2F03%2F22&k_raceNo=6&k_babaCode=21,data/cache/html/19890322_kawasaki_6.html
19890322_kawasaki_7,1989-03-22,kawasaki,7,https://www.keiba.go.jp/KeibaWeb/TodayRaceInfo/RaceMarkTable?k_raceDate=1989%2F03%2F22&k_raceNo=7&k_babaCode=21,data/cache/html/19890322_kawasaki_7.html
19890322_kawasaki_8,1989-03-22,kawasaki,8,https://www.keiba.go.jp/KeibaWeb/TodayRaceInfo/RaceMarkTable?k_raceDate=1989%2F03%2F22&k_raceNo=8&k_babaCode=21,data/cache/html/19890322_kawasaki_8.html
19890322_kawasaki_9,1989-03-22,kawasaki,9,https://www.keiba.go.jp/KeibaWeb/TodayRaceInfo/RaceMarkTable?k_raceDate=1989%2F03%2F22&k_raceNo=9&k_babaCode=21,data/cache/html/19890322_kawasaki_9.html
19890322_kawasaki_10,1989-03-22,kawasaki,10,https://www.keiba.go.jp/KeibaWeb/TodayRaceInfo/RaceMarkTable?k_raceDate=1989%2F03%2F22&k_raceNo=10&k_babaCode=21,data/cache/html/19890322_kawasaki_10.html
19890322_kawasaki_11,1989-03-22,kawasaki,11,https://www.keiba.go.jp/KeibaWeb/TodayRaceInfo/RaceMarkTable?k_raceDate=1989%2F03%2F22&k_raceNo=11&k_babaCode=21,data/cache/html/19890322_kawasaki_11.html
19890322_kawasaki_12,1989-03-22,kawasaki,12,https://www.keiba.go.jp/KeibaWeb/TodayRaceInfo/RaceMarkTable?k_raceDate=1989%2F03%2F22&k_raceNo=12&k_babaCode=21,data/cache/html/19890322_kawasaki_12.html
19890321_kawasaki_1,1989-03-21,kawasaki,1,https://www.keiba.go.jp/KeibaWeb/TodayRaceInfo/RaceMarkTable?k_raceDate=1989%2F03%2F21&k_raceNo=1&k_babaCode=21,data/cache/html/19890321_kawasaki_1.html
19890321_kawasaki_2,1989-03-21,kawasaki,2,https://www.keiba.go.jp/KeibaWeb/TodayRaceInfo/RaceMarkTable?k_raceDate=1989%2F03%2F21&k_raceNo=2&k_babaCode=21,data/cache/html/19890321_kawasaki_2.html
19890321_kawasaki_3,1989-03-21,kawasaki,3,https://www.keiba.go.jp/KeibaWeb/TodayRaceInfo/RaceMarkTable?k_raceDate=1989%2F03%2F21&k_raceNo=3&k_babaCode=21,data/cache/html/19890321_kawasaki_3.html
19890321_kawasaki_4,1989-03-21,kawasaki,4,https://www.keiba.go.jp/KeibaWeb/TodayRaceInfo/RaceMarkTable?k_raceDate=1989%2F03%2F21&k_raceNo=4&k_babaCode=21,data/cache/html/19890321_kawasaki_4.html
19890321_kawasaki_5,1989-03-21,kawasaki,5,https://www.keiba.go.jp/KeibaWeb/TodayRaceInfo/RaceMarkTable?k_raceDate=1989%2F03%2F21&k_raceNo=5&k_babaCode=21,data/cache/html/19890321_kawasaki_5.html
19890321_kawasaki_6,1989-03-21,kawasaki,6,https://www.keiba.go.jp/KeibaWeb/TodayRaceInfo/RaceMarkTable?k_raceDate=1989%2F03%2F21&k_raceNo=6&k_babaCode=21,data/cache/html/19890321_kawasaki_6.html
19890321_kawasaki_7,1989-03-21,kawasaki,7,https://www.keiba.go.jp/KeibaWeb/TodayRaceInfo/RaceMarkTable?k_raceDate=1989%2F03%2F21&k_raceNo=7&k_babaCode=21,data/cache/html/19890321_kawasaki_7.html
19890321_kawasaki_8,1989-03-21,kawasaki,8,https://www.keiba.go.jp/KeibaWeb/TodayRaceInfo/RaceMarkTable?k_raceDate=1989%2F03%2F21&k_raceNo=8&k_babaCode=21,data/cache/html/19890321_kawasaki_8.html
19890321_kawasaki_9,1989-03-21,kawasaki,9,https://www.keiba.go.jp/KeibaWeb/TodayRaceInfo/RaceMarkTable?k_raceDate=1989%2F03%2F21&k_raceNo=9&k_babaCode=21,data/cache/html/19890321_kawasaki_9.html
19890321_kawasaki_10,1989-03-21,kawasaki,10,https://www.keiba.go.jp/KeibaWeb/TodayRaceInfo/RaceMarkTable?k_raceDate=1989%2F03%2F21&k_raceNo=10&k_babaCode=21,data/cache/html/19890321_kawasaki_10.html
19890321_kawasaki_11,1989-03-21,kawasaki,11,https://www.keiba.go.jp/KeibaWeb/TodayRaceInfo/RaceMarkTable?k_raceDate=1989%2F03%2F21&k_raceNo=11&k_babaCode=21,data/cache/html/19890321_kawasaki_11.html
19890321_kawasaki_12,1989-03-21,kawasaki,12,https://www.keiba.go.jp/KeibaWeb/TodayRaceInfo/RaceMarkTable?k_raceDate=1989%2F03%2F21&k_raceNo=12&k_babaCode=21,data/cache/html/19890321_kawasaki_12.html
