race_id,date,track,race_no,official_url,cache_html_path
20090903_kawasaki_1,2009-09-03,kawasaki,1,https://www.keiba.go.jp/KeibaWeb/TodayRaceInfo/RaceMarkTable?k_raceDate=2009%2F09%2F03&k_raceNo=1&k_babaCode=21,data/cache/html/20090903_kawasaki_1.html
20090903_kawasaki_2,2009-09-03,kawasaki,2,https://www.keiba.go.jp/KeibaWeb/TodayRaceInfo/RaceMarkTable?k_raceDate=2009%2F09%2F03&k_raceNo=2&k_babaCode=21,data/cache/html/20090903_kawasaki_2.html
20090903_kawasaki_3,2009-09-03,kawasaki,3,https://www.keiba.go.jp/KeibaWeb/TodayRaceInfo/RaceMarkTable?k_raceDate=2009%2F09%2F03&k_raceNo=3&k_babaCode=21,data/cache/html/20090903_kawasaki_3.html
20090903_kawasaki_4,2009-09-03,kawasaki,4,https://www.keiba.go.jp/KeibaWeb/TodayRaceInfo/RaceMarkTable?k_raceDate=2009%2F09%2F03&k_raceNo=4&k_babaCode=21,data/cache/html/20090903_kawasaki_4.html
20090903_kawasaki_5,2009-09-03,kawasaki,5,https://www.keiba.go.jp/KeibaWeb/TodayRaceInfo/RaceMarkTable?k_raceDate=2009%2F09%2F03&k_raceNo=5&k_babaCode=21,data/cache/html/20090903_kawasaki_5.html
20090903_kawasaki_6,2009-09-03,kawasaki,6,https://www.keiba.go.jp/KeibaWeb/TodayRaceInfo/RaceMarkTable?k_raceDate=2009%2F09%2F03&k_raceNo=6&k_babaCode=21,data/cache/html/20090903_kawasaki_6.html
20090903_kawasaki_7,2009-09-03,kawasaki,7,https://www.keiba.go.jp/KeibaWeb/TodayRaceInfo/RaceMarkTable?k_raceDate=2009%2F09%2F03&k_raceNo=7&k_babaCode=21,data/cache/html/20090903_kawasaki_7.html
20090903_kawasaki_8,2009-09-03,kawasaki,8,https://www.keiba.go.jp/KeibaWeb/TodayRaceInfo/RaceMarkTable?k_raceDate=2009%2F09%2F03&k_raceNo=8&k_babaCode=21,data/cache/html/20090903_kawasaki_8.html
20090903_kawasaki_9,2009-09-03,kawasaki,9,https://www.keiba.go.jp/KeibaWeb/TodayRaceInfo/RaceMarkTable?k_raceDate=2009%2F09%2F03&k_raceNo=9&k_babaCode=21,data/cache/html/20090903_kawasaki_9.html
20090903_kawasaki_10,2009-09-03,kawasaki,10,https://www.keiba.go.jp/KeibaWeb/TodayRaceInfo/RaceMarkTable?k_raceDate=2009%2F09%2F03&k_raceNo=10&k_babaCode=21,data/cache/html/20090903_kawasaki_10.html
20090903_kawasaki_11,2009-09-03,kawasaki,11,https://www.keiba.go.jp/KeibaWeb/TodayRaceInfo/RaceMarkTable?k_raceDate=2009%2F09%2F03&k_raceNo=11&k_babaCode=21,data/cache/html/20090903_kawasaki_11.html
20090903_kawasaki_12,2009-09-03,kawasaki,12,https://www.keiba.go.jp/KeibaWeb/TodayRaceInfo/RaceMarkTable?k_raceDate=2009%2F09%2F03&k_raceNo=12&k_babaCode=21,data/cache/html/20090903_kawasaki_12.html
20090902_kawasaki_1,2009-09-02,kawasaki,1,https://www.keiba.go.jp/KeibaWeb/TodayRaceInfo/RaceMarkTable?k_raceDate=2009%2F09%2F02&k_raceNo=1&k_babaCode=21,data/cache/html/20090902_kawasaki_1.html
20090902_kawasaki_2,2009-09-02,kawasaki,2,https://www.keiba.go.jp/KeibaWeb/TodayRaceInfo/RaceMarkTable?k_raceDate=2009%2F09%2F02&k_raceNo=2&k_babaCode=21,data/cache/html/20090902_kawasaki_2.html
20090902_kawasaki_3,2009-09-02,kawasaki,3,https://www.keiba.go.jp/KeibaWeb/TodayRaceInfo/RaceMarkTable?k_raceDate=2009%2F09%2F02&k_raceNo=3&k_babaCode=21,data/cache/html/20090902_kawasaki_3.html
20090902_kawasaki_4,2009-09-02,kawasaki,4,https://www.keiba.go.jp/KeibaWeb/TodayRaceInfo/RaceMarkTable?k_raceDate=2009%2F09%2F02&k_raceNo=4&k_babaCode=21,data/cache/html/20090902_kawasaki_4.html
20090902_kawasaki_5,2009-09-02,kawasaki,5,https://www.keiba.go.jp/KeibaWeb/TodayRaceInfo/RaceMarkTable?k_raceDate=2009%2F09%2F02&k_raceNo=5&k_babaCode=21,data/cache/html/20090902_kawasaki_5.html
20090902_kawasaki_6,2009-09-02,kawasaki,6,https://www.keiba.go.jp/KeibaWeb/TodayRaceInfo/RaceMarkTable?k_raceDate=2009%2F09%2F02&k_raceNo=6&k_babaCode=21,data/cache/html/20090902_kawasaki_6.html
20090902_kawasaki_7,2009-09-02,kawasaki,7,https://www.keiba.go.jp/KeibaWeb/TodayRaceInfo/RaceMarkTable?k_raceDate=2009%2F09%2F02&k_raceNo=7&k_babaCode=21,data/cache/html/20090902_kawasaki_7.html
20090902_kawasaki_8,2009-09-02,kawasaki,8,https://www.keiba.go.jp/KeibaWeb/TodayRaceInfo/RaceMarkTable?k_raceDate=2009%2F09%2F02&k_raceNo=8&k_babaCode=21,data/cache/html/20090902_kawasaki_8.html
20090902_kawasaki_9,2009-09-02,kawasaki,9,https://www.keiba.go.jp/KeibaWeb/TodayRaceInfo/RaceMarkTable?k_raceDate=2009%2F09%2F02&k_raceNo=9&k_babaCode=21,data/cache/html/20090902_kawasaki_9.html
20090902_kawasaki_10,2009-09-02,kawasaki,10,https://www.keiba.go.jp/KeibaWeb/TodayRaceInfo/RaceMarkTable?k_raceDate=2009%2F09%2F02&k_raceNo=10&k_babaCode=21,data/cache/html/20090902_kawasaki_10.html
20090902_kawasaki_11,2009-09-02,kawasaki,11,https://www.keiba.go.jp/KeibaWeb/TodayRaceInfo/RaceMarkTable?k_raceDate=2009%2F09%2F02&k_raceNo=11&k_babaCode=21,data/cache/html/20090902_kawasaki_11.html
20090902_kawasaki_12,2009-09-02,kawasaki,12,https://www.keiba.go.jp/KeibaWeb/TodayRaceInfo/RaceMarkTable?k_raceDate=2009%2F09%2F02&k_raceNo=12&k_babaCode=21,data/cache/html/20090902_kawasaki_12.html
20090901_kawasaki_1,2009-09-01,kawasaki,1,https://www.keiba.go.jp/KeibaWeb/TodayRaceInfo/RaceMarkTable?k_raceDate=2009%2F09%2F01&k_raceNo=1&k_babaCode=21,data/cache/html/20090901_kawasaki_1.html
20090901_kawasaki_2,2009-09-01,kawasaki,2,https://www.keiba.go.jp/KeibaWeb/TodayRaceInfo/RaceMarkTable?k_raceDate=2009%2F09%2F01&k_raceNo=2&k_babaCode=21,data/cache/html/20090901_kawasaki_2.html
20090901_kawasaki_3,2009-09-01,kawasaki,3,https://www.keiba.go.jp/KeibaWeb/TodayRaceInfo/RaceMarkTable?k_raceDate=2009%2F09%2F01&k_raceNo=3&k_babaCode=21,data/cache/html/20090901_kawasaki_3.html
20090901_kawasaki_4,2009-09-01,kawasaki,4,https://www.keiba.go.jp/KeibaWeb/TodayRaceInfo/RaceMarkTable?k_raceDate=2009%2F09%2F01&k_raceNo=4&k_babaCode=21,data/cache/html/20090901_kawasaki_4.html
20090901_kawasaki_5,2009-09-01,kawasaki,5,https://www.keiba.go.jp/KeibaWeb/TodayRaceInfo/RaceMarkTable?k_raceDate=2009%2F09%2F01&k_raceNo=5&k_babaCode=21,data/cache/html/20090901_kawasaki_5.html
20090901_kawasaki_6,2009-09-01,kawasaki,6,https://www.keiba.go.jp/KeibaWeb/TodayRaceInfo/RaceMarkTable?k_raceDate=2009%2F09%2F01&k_raceNo=6&k_babaCode=21,data/cache/html/20090901_kawasaki_6.html
20090901_kawasaki_7,2009-09-01,kawasaki,7,https://www.keiba.go.jp/KeibaWeb/TodayRaceInfo/RaceMarkTable?k_raceDate=2009%2F09%2F01&k_raceNo=7&k_babaCode=21,data/cache/html/20090901_kawasaki_7.html
20090901_kawasaki_8,2009-09-01,kawasaki,8,https://www.keiba.go.jp/KeibaWeb/TodayRaceInfo/RaceMarkTable?k_raceDate=2009%2F09%2F01&k_raceNo=8&k_babaCode=21,data/cache/html/20090901_kawasaki_8.html
20090901_kawasaki_9,2009-09-01,kawasaki,9,https://www.keiba.go.jp/KeibaWeb/TodayRaceInfo/RaceMarkTable?k_raceDate=2009%2F09%2F01&k_raceNo=9&k_babaCode=21,data/cache/html/20090901_kawasaki_9.html
20090901_kawasaki_10,2009-09-01,kawasaki,10,https://www.keiba.go.jp/KeibaWeb/TodayRaceInfo/RaceMarkTable?k_raceDate=2009%2F09%2F01&k_raceNo=10&k_babaCode=21,data/cache/html/20090901_kawasaki_10.html
20090901_kawasaki_11,2009-09-01,kawasaki,11,https://www.keiba.go.jp/KeibaWeb/TodayRaceInfo/RaceMarkTable?k_raceDate=2009%2F09%2F01&k_raceNo=11&k_babaCode=21,data/cache/html/20090901_kawasaki_11.html
20090901_kawasaki_12,2009-09-01,kawasaki,12,https://www.keiba.go.jp/KeibaWeb/TodayRaceInfo/RaceMarkTable?k_raceDate=2009%2F09%2F01&k_raceNo=12&k_babaCode=21,data/cache/html/20090901_kawasaki_12.html
20090831_kawasaki_1,2009-08-31,kawasaki,1,https://www.keiba.go.jp/KeibaWeb/TodayRaceInfo/RaceMarkTable?k_raceDate=2009%2F08%2F31&k_raceNo=1&k_babaCode=21,data/cache/html/20090831_kawasaki_1.html
20090831_kawasaki_2,2009-08-31,kawasaki,2,https://www.keiba.go.jp/KeibaWeb/TodayRaceInfo/RaceMarkTable?k_raceDate=2009%2F08%2F31&k_raceNo=2&k_babaCode=21,data/cache/html/20090831_kawasaki_2.html
20090831_kawasaki_3,2009-08-31,kawasaki,3,https://www.keiba.go.jp/KeibaWeb/TodayRaceInfo/RaceMarkTable?k_raceDate=2009%2F08%2F31&k_raceNo=3&k_babaCode=21,data/cache/html/20090831_kawasaki_3.html
20090831_kawasaki_4,2009-08-31,kawasaki,4,https://www.keiba.go.jp/KeibaWeb/TodayRaceInfo/RaceMarkTable?k_raceDate=2009%2F08%2F31&k_raceNo=4&k_babaCode=21,data/cache/html/20090831_kawasaki_4.html
20090831_kawasaki_5,2009-08-31,kawasaki,5,https://www.keiba.go.jp/KeibaWeb/TodayRaceInfo/RaceMarkTable?k_raceDate=2009%2F08%2F31&k_raceNo=5&k_babaCode=21,data/cache/html/20090831_kawasaki_5.html
20090831_kawasaki_6,2009-08-31,kawasaki,6,https://www.keiba.go.jp/KeibaWeb/TodayRaceInfo/RaceMarkTable?k_raceDate=2009%2F08%2F31&k_raceNo=6&k_babaCode=21,data/cache/html/20090831_kawasaki_6.html
20090831_kawasaki_7,2009-08-31,kawasaki,7,https://www.keiba.go.jp/KeibaWeb/TodayRaceInfo/RaceMarkTable?k_raceDate=2009%2F08%2F31&k_raceNo=7&k_babaCode=21,data/cache/html/20090831_kawasaki_7.html
20090831_kawasaki_8,2009-08-31,kawasaki,8,https://www.keiba.go.jp/KeibaWeb/TodayRaceInfo/RaceMarkTable?k_raceDate=2009%2F08%2F31&k_raceNo=8&k_babaCode=21,data/cache/html/20090831_kawasaki_8.html
20090831_kawasaki_9,2009-08-31,kawasaki,9,https://www.keiba.go.jp/KeibaWeb/TodayRaceInfo/RaceMarkTable?k_raceDate=2009%2F08%2F31&k_raceNo=9&k_babaCode=21,data/cache/html/20090831_kawasaki_9.html
20090831_kawasaki_10,2009-08-31,kawasaki,10,https://www.keiba.go.jp/KeibaWeb/TodayRaceInfo/RaceMarkTable?k_raceDate=2009%2F08%2F31&k_raceNo=10&k_babaCode=21,data/cache/html/20090831_kawasaki_10.html
20090831_kawasaki_11,2009-08-31,kawasaki,11,https://www.keiba.go.jp/KeibaWeb/TodayRaceInfo/RaceMarkTable?k_raceDate=2009%2F08%2F31&k_raceNo=11&k_babaCode=21,data/cache/html/20090831_kawasaki_11.html
20090831_kawasaki_12,2009-08-31,kawasaki,12,https://www.keiba.go.jp/KeibaWeb/TodayRaceInfo/RaceMarkTable?k_raceDate=2009%2F08%2F31&k_raceNo=12&k_babaCode=21,data/cache/html/20090831_kawasaki_12.html
20090830_kawasaki_1,2009-08-30,kawasaki,1,https://www.keiba.go.jp/KeibaWeb/TodayRaceInfo/RaceMarkTable?k_raceDate=2009%2F08%2F30&k_raceNo=1&k_babaCode=21,data/cache/html/20090830_kawasaki_1.html
20090830_kawasaki_2,2009-08-30,kawasaki,2,https://www.keiba.go.jp/KeibaWeb/TodayRaceInfo/RaceMarkTable?k_raceDate=2009%2F08%2F30&k_raceNo=2&k_babaCode=21,data/cache/html/20090830_kawasaki_2.html
20090830_kawasaki_3,2009-08-30,kawasaki,3,https://www.keiba.go.jp/KeibaWeb/TodayRaceInfo/RaceMarkTable?k_raceDate=2009%2F08%2F30&k_raceNo=3&k_babaCode=21,data/cache/html/20090830_kawasaki_3.html
20090830_kawasaki_4,2009-08-30,kawasaki,4,https://www.keiba.go.jp/KeibaWeb/TodayRaceInfo/RaceMarkTable?k_raceDate=2009%2F08%2F30&k_raceNo=4&k_babaCode=21,data/cache/html/20090830_kawasaki_4.html
20090830_kawasaki_5,2009-08-30,kawasaki,5,https://www.keiba.go.jp/KeibaWeb/TodayRaceInfo/RaceMarkTable?k_raceDate=2009%2F08%2F30&k_raceNo=5&k_babaCode=21,data/cache/html/20090830_kawasaki_5.html
20090830_kawasaki_6,2009-08-30,kawasaki,6,https://www.keiba.go.jp/KeibaWeb/TodayRaceInfo/RaceMarkTable?k_raceDate=2009%2F08%2F30&k_raceNo=6&k_babaCode=21,data/cache/html/20090830_kawasaki_6.html
20090830_kawasaki_7,2009-08-30,kawasaki,7,https://www.keiba.go.jp/KeibaWeb/TodayRaceInfo/RaceMarkTable?k_raceDate=2009%2F08%2F30&k_raceNo=7&k_babaCode=21,data/cache/html/20090830_kawasaki_7.html
20090830_kawasaki_8,2009-08-30,kawasaki,8,https://www.keiba.go.jp/KeibaWeb/TodayRaceInfo/RaceMarkTable?k_raceDate=2009%2F08%2F30&k_raceNo=8&k_babaCode=21,data/cache/html/20090830_kawasaki_8.html
20090830_kawasaki_9,2009-08-30,kawasaki,9,https://www.keiba.go.jp/KeibaWeb/TodayRaceInfo/RaceMarkTable?k_raceDate=2009%2F08%2F30&k_raceNo=9&k_babaCode=21,data/cache/html/20090830_kawasaki_9.html
20090830_kawasaki_10,2009-08-30,kawasaki,10,https://www.keiba.go.jp/KeibaWeb/TodayRaceInfo/RaceMarkTable?k_raceDate=2009%2F08%2F30&k_raceNo=10&k_babaCode=21,data/cache/html/20090830_kawasaki_10.html
20090830_kawasaki_11,2009-08-30,kawasaki,11,https://www.keiba.go.jp/KeibaWeb/TodayRaceInfo/RaceMarkTable?k_raceDate=2009%2F08%2F30&k_raceNo=11&k_babaCode=21,data/cache/html/20090830_kawasaki_11.html
20090830_kawasaki_12,2009-08-30,kawasaki,12,https://www.keiba.go.jp/KeibaWeb/TodayRaceInfo/RaceMarkTable?k_raceDate=2009%2F08%2F30&k_raceNo=12&k_babaCode=21,data/cache/html/20090830_kawasaki_12.html
20090829_kawasaki_1,2009-08-29,kawasaki,1,https://www.keiba.go.jp/KeibaWeb/TodayRaceInfo/RaceMarkTable?k_raceDate=2009%2F08%2F29&k_raceNo=1&k_babaCode=21,data/cache/html/20090829_kawasaki_1.html
20090829_kawasaki_2,2009-08-29,kawasaki,2,https://www.keiba.go.jp/KeibaWeb/TodayRaceInfo/RaceMarkTable?k_raceDate=2009%2F08%2F29&k_raceNo=2&k_babaCode=21,data/cache/html/20090829_kawasaki_2.html
20090829_kawasaki_3,2009-08-29,kawasaki,3,https://www.keiba.go.jp/KeibaWeb/TodayRaceInfo/RaceMarkTable?k_raceDate=2009%2F08%2F29&k_raceNo=3&k_babaCode=21,data/cache/html/20090829_kawasaki_3.html
20090829_kawasaki_4,2009-08-29,kawasaki,4,https://www.keiba.go.jp/KeibaWeb/TodayRaceInfo/RaceMarkTable?k_raceDate=2009%2F08%2F29&k_raceNo=4&k_babaCode=21,data/cache/html/20090829_kawasaki_4.html
20090829_kawasaki_5,2009-08-29,kawasaki,5,https://www.keiba.go.jp/KeibaWeb/TodayRaceInfo/RaceMarkTable?k_raceDate=2009%2F08%2F29&k_raceNo=5&k_babaCode=21,data/cache/html/20090829_kawasaki_5.html
20090829_kawasaki_6,2009-08-29,kawasaki,6,https://www.keiba.go.jp/KeibaWeb/TodayRaceInfo/RaceMarkTable?k_raceDate=2009%2F08%2F29&k_raceNo=6&k_babaCode=21,data/cache/html/20090829_kawasaki_6.html
20090829_kawasaki_7,2009-08-29,kawasaki,7,https://www.keiba.go.jp/KeibaWeb/TodayRaceInfo/RaceMarkTable?k_raceDate=2009%2F08%2F29&k_raceNo=7&k_babaCode=21,data/cache/html/20090829_kawasaki_7.html
20090829_kawasaki_8,2009-08-29,kawasaki,8,https://www.keiba.go.jp/KeibaWeb/TodayRaceInfo/RaceMarkTable?k_raceDate=2009%2F08%2F29&k_raceNo=8&k_babaCode=21,data/cache/html/20090829_kawasaki_8.html
20090829_kawasaki_9,2009-08-29,kawasaki,9,https://www.keiba.go.jp/KeibaWeb/TodayRaceInfo/RaceMarkTable?k_raceDate=2009%2F08%2F29&k_raceNo=9&k_babaCode=21,data/cache/html/20090829_kawasaki_9.html
20090829_kawasaki_10,2009-08-29,kawasaki,10,https://www.keiba.go.jp/KeibaWeb/TodayRaceInfo/RaceMarkTable?k_raceDate=2009%2F08%2F29&k_raceNo=10&k_babaCode=21,data/cache/html/20090829_kawasaki_10.html
20090829_kawasaki_11,2009-08-29,kawasaki,11,https://www.keiba.go.jp/KeibaWeb/TodayRaceInfo/RaceMarkTable?k_raceDate=2009%2F08%2F29&k_raceNo=11&k_babaCode=21,data/cache/html/20090829_kawasaki_11.html
20090829_kawasaki_12,2009-08-29,kawasaki,12,https://www.keiba.go.jp/KeibaWeb/TodayRaceInfo/RaceMarkTable?k_raceDate=2009%2F08%2F29&k_raceNo=12&k_babaCode=21,data/cache/html/20090829_kawasaki_12.html
20090828_kawasaki_1,2009-08-28,kawasaki,1,https://www.keiba.go.jp/KeibaWeb/TodayRaceInfo/RaceMarkTable?k_raceDate=2009%2F08%2F28&k_raceNo=1&k_babaCode=21,data/cache/html/20090828_kawasaki_1.html
20090828_kawasaki_2,2009-08-28,kawasaki,2,https://www.keiba.go.jp/KeibaWeb/TodayRaceInfo/RaceMarkTable?k_raceDate=2009%2F08%2F28&k_raceNo=2&k_babaCode=21,data/cache/html/20090828_kawasaki_2.html
20090828_kawasaki_3,2009-08-28,kawasaki,3,https://www.keiba.go.jp/KeibaWeb/TodayRaceInfo/RaceMarkTable?k_raceDate=2009%2F08%2F28&k_raceNo=3&k_babaCode=21,data/cache/html/20090828_kawasaki_3.html
20090828_kawasaki_4,2009-08-28,kawasaki,4,https://www.keiba.go.jp/KeibaWeb/TodayRaceInfo/RaceMarkTable?k_raceDate=2009%2F08%2F28&k_raceNo=4&k_babaCode=21,data/cache/html/20090828_kawasaki_4.html
20090828_kawasaki_5,2009-08-28,kawasaki,5,https://www.keiba.go.jp/KeibaWeb/TodayRaceInfo/RaceMarkTable?k_raceDate=2009%2F08%2F28&k_raceNo=5&k_babaCode=21,data/cache/html/20090828_kawasaki_5.html
20090828_kawasaki_6,2009-08-28,kawasaki,6,https://www.keiba.go.jp/KeibaWeb/TodayRaceInfo/RaceMarkTable?k_raceDate=2009%2F08%2F28&k_raceNo=6&k_babaCode=21,data/cache/html/20090828_kawasaki_6.html
20090828_kawasaki_7,2009-08-28,kawasaki,7,https://www.keiba.go.jp/KeibaWeb/TodayRaceInfo/RaceMarkTable?k_raceDate=2009%2F08%2F28&k_raceNo=7&k_babaCode=21,data/cache/html/20090828_kawasaki_7.html
20090828_kawasaki_8,2009-08-28,kawasaki,8,https://www.keiba.go.jp/KeibaWeb/TodayRaceInfo/RaceMarkTable?k_raceDate=2009%2F08%2F28&k_raceNo=8&k_babaCode=21,data/cache/html/20090828_kawasaki_8.html
20090828_kawasaki_9,2009-08-28,kawasaki,9,https://www.keiba.go.jp/KeibaWeb/TodayRaceInfo/RaceMarkTable?k_raceDate=2009%2F08%2F28&k_raceNo=9&k_babaCode=21,data/cache/html/20090828_kawasaki_9.html
20090828_kawasaki_10,2009-08-28,kawasaki,10,https://www.keiba.go.jp/KeibaWeb/TodayRaceInfo/RaceMarkTable?k_raceDate=2009%2F08%2F28&k_raceNo=10&k_babaCode=21,data/cache/html/20090828_kawasaki_10.html
20090828_kawasaki_11,2009-08-28,kawasaki,11,https://www.keiba.go.jp/KeibaWeb/TodayRaceInfo/RaceMarkTable?k_raceDate=2009%2F08%2F28&k_raceNo=11&k_babaCode=21,data/cache/html/20090828_kawasaki_11.html
20090828_kawasaki_12,2009-08-28,kawasaki,12,https://www.keiba.go.jp/KeibaWeb/TodayRaceInfo/RaceMarkTable?k_raceDate=2009%2F08%2F28&k_raceNo=12&k_babaCode=21,data/cache/html/20090828_kawasaki_12.html
20090827_kawasaki_1,2009-08-27,kawasaki,1,https://www.keiba.go.jp/KeibaWeb/TodayRaceInfo/RaceMarkTable?k_raceDate=2009%2F08%2F27&k_raceNo=1&k_babaCode=21,data/cache/html/20090827_kawasaki_1.html
20090827_kawasaki_2,2009-08-27,kawasaki,2,https://www.keiba.go.jp/KeibaWeb/TodayRaceInfo/RaceMarkTable?k_raceDate=2009%2F08%2F27&k_raceNo=2&k_babaCode=21,data/cache/html/20090827_kawasaki_2.html
20090827_kawasaki_3,2009-08-27,kawasaki,3,https://www.keiba.go.jp/KeibaWeb/TodayRaceInfo/RaceMarkTable?k_raceDate=2009%2F08%2F27&k_raceNo=3&k_babaCode=21,data/cache/html/20090827_kawasaki_3.html
20090827_kawasaki_4,2009-08-27,kawasaki,4,https://www.keiba.go.jp/KeibaWeb/TodayRaceInfo/RaceMarkTable?k_raceDate=2009%2F08%2F27&k_raceNo=4&k_babaCode=21,data/cache/html/20090827_kawasaki_4.html
20090827_kawasaki_5,2009-08-27,kawasaki,5,https://www.keiba.go.jp/KeibaWeb/TodayRaceInfo/RaceMarkTable?k_raceDate=2009%2F08%2F27&k_raceNo=5&k_babaCode=21,data/cache/html/20090827_kawasaki_5.html
20090827_kawasaki_6,2009-08-27,kawasaki,6,https://www.keiba.go.jp/KeibaWeb/TodayRaceInfo/RaceMarkTable?k_raceDate=2009%2F08%2F27&k_raceNo=6&k_babaCode=21,data/cache/html/20090827_kawasaki_6.html
20090827_kawasaki_7,2009-08-27,kawasaki,7,https://www.keiba.go.jp/KeibaWeb/TodayRaceInfo/RaceMarkTable?k_raceDate=2009%2F08%2F27&k_raceNo=7&k_babaCode=21,data/cache/html/20090827_kawasaki_7.html
20090827_kawasaki_8,2009-08-27,kawasaki,8,https://www.keiba.go.jp/KeibaWeb/TodayRaceInfo/RaceMarkTable?k_raceDate=2009%2F08%2F27&k_raceNo=8&k_babaCode=21,data/cache/html/20090827_kawasaki_8.html
20090827_kawasaki_9,2009-08-27,kawasaki,9,https://www.keiba.go.jp/KeibaWeb/TodayRaceInfo/RaceMarkTable?k_raceDate=2009%2F08%2F27&k_raceNo=9&k_babaCode=21,data/cache/html/20090827_kawasaki_9.html
20090827_kawasaki_10,2009-08-27,kawasaki,10,https://www.keiba.go.jp/KeibaWeb/TodayRaceInfo/RaceMarkTable?k_raceDate=2009%2F08%2F27&k_raceNo=10&k_babaCode=21,data/cache/html/20090827_kawasaki_10.html
20090827_kawasaki_11,2009-08-27,kawasaki,11,https://www.keiba.go.jp/KeibaWeb/TodayRaceInfo/RaceMarkTable?k_raceDate=2009%2F08%2F27&k_raceNo=11&k_babaCode=21,data/cache/html/20090827_kawasaki_11.html
20090827_kawasaki_12,2009-08-27,kawasaki,12,https://www.keiba.go.jp/KeibaWeb/TodayRaceInfo/RaceMarkTable?k_raceDate=2009%2F08%2F27&k_raceNo=12&k_babaCode=21,data/cache/html/20090827_kawasaki_12.html
20090826_kawasaki_1,2009-08-26,kawasaki,1,https://www.keiba.go.jp/KeibaWeb/TodayRaceInfo/RaceMarkTable?k_raceDate=2009%2F08%2F26&k_raceNo=1&k_babaCode=21,data/cache/html/20090826_kawasaki_1.html
20090826_kawasaki_2,2009-08-26,kawasaki,2,https://www.keiba.go.jp/KeibaWeb/TodayRaceInfo/RaceMarkTable?k_raceDate=2009%2F08%2F26&k_raceNo=2&k_babaCode=21,data/cache/html/20090826_kawasaki_2.html
20090826_kawasaki_3,2009-08-26,kawasaki,3,https://www.keiba.go.jp/KeibaWeb/TodayRaceInfo/RaceMarkTable?k_raceDate=2009%2F08%2F26&k_raceNo=3&k_babaCode=21,data/cache/html/20090826_kawasaki_3.html
20090826_kawasaki_4,2009-08-26,kawasaki,4,https://www.keiba.go.jp/KeibaWeb/TodayRaceInfo/RaceMarkTable?k_raceDate=2009%2F08%2F26&k_raceNo=4&k_babaCode=21,data/cache/html/20090826_kawasaki_4.html
20090826_kawasaki_5,2009-08-26,kawasaki,5,https://www.keiba.go.jp/KeibaWeb/TodayRaceInfo/RaceMarkTable?k_raceDate=2009%2F08%2F26&k_raceNo=5&k_babaCode=21,data/cache/html/20090826_kawasaki_5.html
20090826_kawasaki_6,2009-08-26,kawasaki,6,https://www.keiba.go.jp/KeibaWeb/TodayRaceInfo/RaceMarkTable?k_raceDate=2009%2F08%2F26&k_raceNo=6&k_babaCode=21,data/cache/html/20090826_kawasaki_6.html
20090826_kawasaki_7,2009-08-26,kawasaki,7,https://www.keiba.go.jp/KeibaWeb/TodayRaceInfo/RaceMarkTable?k_raceDate=2009%2F08%2F26&k_raceNo=7&k_babaCode=21,data/cache/html/20090826_kawasaki_7.html
20090826_kawasaki_8,2009-08-26,kawasaki,8,https://www.keiba.go.jp/KeibaWeb/TodayRaceInfo/RaceMarkTable?k_raceDate=2009%2F08%2F26&k_raceNo=8&k_babaCode=21,data/cache/html/20090826_kawasaki_8.html
20090826_kawasaki_9,2009-08-26,kawasaki,9,https://www.keiba.go.jp/KeibaWeb/TodayRaceInfo/RaceMarkTable?k_raceDate=2009%2F08%2F26&k_raceNo=9&k_babaCode=21,data/cache/html/20090826_kawasaki_9.html
20090826_kawasaki_10,2009-08-26,kawasaki,10,https://www.keiba.go.jp/KeibaWeb/TodayRaceInfo/RaceMarkTable?k_raceDate=2009%2F08%2F26&k_raceNo=10&k_babaCode=21,data/cache/html/20090826_kawasaki_10.html
20090826_kawasaki_11,2009-08-26,kawasaki,11,https://www.keiba.go.jp/KeibaWeb/TodayRaceInfo/RaceMarkTable?k_raceDate=2009%2F08%2F26&k_raceNo=11&k_babaCode=21,data/cache/html/20090826_kawasaki_11.html
20090826_kawasaki_12,2009-08-26,kawasaki,12,https://www.keiba.go.jp/KeibaWeb/TodayRaceInfo/RaceMarkTable?k_raceDate=2009%2F08%2F26&k_raceNo=12&k_babaCode=21,data/cache/html/20090826_kawasaki_12.html
20090825_kawasaki_1,2009-08-25,kawasaki,1,https://www.keiba.go.jp/KeibaWeb/TodayRaceInfo/RaceMarkTable?k_raceDate=2009%2F08%2F25&k_raceNo=1&k_babaCode=21,data/cache/html/20090825_kawasaki_1.html
20090825_kawasaki_2,2009-08-25,kawasaki,2,https://www.keiba.go.jp/KeibaWeb/TodayRaceInfo/RaceMarkTable?k_raceDate=2009%2F08%2F25&k_raceNo=2&k_babaCode=21,data/cache/html/20090825_kawasaki_2.html
20090825_kawasaki_3,2009-08-25,kawasaki,3,https://www.keiba.go.jp/KeibaWeb/TodayRaceInfo/RaceMarkTable?k_raceDate=2009%2F08%2F25&k_raceNo=3&k_babaCode=21,data/cache/html/20090825_kawasaki_3.html
20090825_kawasaki_4,2009-08-25,kawasaki,4,https://www.keiba.go.jp/KeibaWeb/TodayRaceInfo/RaceMarkTable?k_raceDate=2009%2F08%2F25&k_raceNo=4&k_babaCode=21,data/cache/html/20090825_kawasaki_4.html
20090825_kawasaki_5,2009-08-25,kawasaki,5,https://www.keiba.go.jp/KeibaWeb/TodayRaceInfo/RaceMarkTable?k_raceDate=2009%2F08%2F25&k_raceNo=5&k_babaCode=21,data/cache/html/20090825_kawasaki_5.html
20090825_kawasaki_6,2009-08-25,kawasaki,6,https://www.keiba.go.jp/KeibaWeb/TodayRaceInfo/RaceMarkTable?k_raceDate=2009%2F08%2F25&k_raceNo=6&k_babaCode=21,data/cache/html/20090825_kawasaki_6.html
20090825_kawasaki_7,2009-08-25,kawasaki,7,https://www.keiba.go.jp/KeibaWeb/TodayRaceInfo/RaceMarkTable?k_raceDate=2009%2F08%2F25&k_raceNo=7&k_babaCode=21,data/cache/html/20090825_kawasaki_7.html
20090825_kawasaki_8,2009-08-25,kawasaki,8,https://www.keiba.go.jp/KeibaWeb/TodayRaceInfo/RaceMarkTable?k_raceDate=2009%2F08%2F25&k_raceNo=8&k_babaCode=21,data/cache/html/20090825_kawasaki_8.html
20090825_kawasaki_9,2009-08-25,kawasaki,9,https://www.keiba.go.jp/KeibaWeb/TodayRaceInfo/RaceMarkTable?k_raceDate=2009%2F08%2F25&k_raceNo=9&k_babaCode=21,data/cache/html/20090825_kawasaki_9.html
20090825_kawasaki_10,2009-08-25,kawasaki,10,https://www.keiba.go.jp/KeibaWeb/TodayRaceInfo/RaceMarkTable?k_raceDate=2009%2F08%2F25&k_raceNo=10&k_babaCode=21,data/cache/html/20090825_kawasaki_10.html
20090825_kawasaki_11,2009-08-25,kawasaki,11,https://www.keiba.go.jp/KeibaWeb/TodayRaceInfo/RaceMarkTable?k_raceDate=2009%2F08%2F25&k_raceNo=11&k_babaCode=21,data/cache/html/20090825_kawasaki_11.html
20090825_kawasaki_12,2009-08-25,kawasaki,12,https://www.keiba.go.jp/KeibaWeb/TodayRaceInfo/RaceMarkTable?k_raceDate=2009%2F08%2F25&k_raceNo=12&k_babaCode=21,data/cache/html/20090825_kawasaki_12.html
20090824_kawasaki_1,2009-08-24,kawasaki,1,https://www.keiba.go.jp/KeibaWeb/TodayRaceInfo/RaceMarkTable?k_raceDate=2009%2F08%2F24&k_raceNo=1&k_babaCode=21,data/cache/html/20090824_kawasaki_1.html
20090824_kawasaki_2,2009-08-24,kawasaki,2,https://www.keiba.go.jp/KeibaWeb/TodayRaceInfo/RaceMarkTable?k_raceDate=2009%2F08%2F24&k_raceNo=2&k_babaCode=21,data/cache/html/20090824_kawasaki_2.html
20090824_kawasaki_3,2009-08-24,kawasaki,3,https://www.keiba.go.jp/KeibaWeb/TodayRaceInfo/RaceMarkTable?k_raceDate=2009%2F08%2F24&k_raceNo=3&k_babaCode=21,data/cache/html/20090824_kawasaki_3.html
20090824_kawasaki_4,2009-08-24,kawasaki,4,https://www.keiba.go.jp/KeibaWeb/TodayRaceInfo/RaceMarkTable?k_raceDate=2009%2F08%2F24&k_raceNo=4&k_babaCode=21,data/cache/html/20090824_kawasaki_4.html
20090824_kawasaki_5,2009-08-24,kawasaki,5,https://www.keiba.go.jp/KeibaWeb/TodayRaceInfo/RaceMarkTable?k_raceDate=2009%2F08%2F24&k_raceNo=5&k_babaCode=21,data/cache/html/20090824_kawasaki_5.html
20090824_kawasaki_6,2009-08-24,kawasaki,6,https://www.keiba.go.jp/KeibaWeb/TodayRaceInfo/RaceMarkTable?k_raceDate=2009%2F08%2F24&k_raceNo=6&k_babaCode=21,data/cache/html/20090824_kawasaki_6.html
20090824_kawasaki_7,2009-08-24,kawasaki,7,https://www.keiba.go.jp/KeibaWeb/TodayRaceInfo/RaceMarkTable?k_raceDate=2009%2F08%2F24&k_raceNo=7&k_babaCode=21,data/cache/html/20090824_kawasaki_7.html
20090824_kawasaki_8,2009-08-24,kawasaki,8,https://www.keiba.go.jp/KeibaWeb/TodayRaceInfo/RaceMarkTable?k_raceDate=2009%2F08%2F24&k_raceNo=8&k_babaCode=21,data/cache/html/20090824_kawasaki_8.html
20090824_kawasaki_9,2009-08-24,kawasaki,9,https://www.keiba.go.jp/KeibaWeb/TodayRaceInfo/RaceMarkTable?k_raceDate=2009%2F08%2F24&k_raceNo=9&k_babaCode=21,data/cache/html/20090824_kawasaki_9.html
20090824_kawasaki_10,2009-08-24,kawasaki,10,https://www.keiba.go.jp/KeibaWeb/TodayRaceInfo/RaceMarkTable?k_raceDate=2009%2F08%2F24&k_raceNo=10&k_babaCode=21,data/cache/html/20090824_kawasaki_10.html
20090824_kawasaki_11,2009-08-24,kawasaki,11,https://www.keiba.go.jp/KeibaWeb/TodayRaceInfo/RaceMarkTable?k_raceDate=2009%2F08%2F24&k_raceNo=11&k_babaCode=21,data/cache/html/20090824_kawasaki_11.html
20090824_kawasaki_12,2009-08-24,kawasaki,12,https://www.keiba.go.jp/KeibaWeb/TodayRaceInfo/RaceMarkTable?k_raceDate=2009%2F08%2F24&k_raceNo=12&k_babaCode=21,data/cache/html/20090824_kawasaki_12.html
20090823_kawasaki_1,2009-08-23,kawasaki,1,https://www.keiba.go.jp/KeibaWeb/TodayRaceInfo/RaceMarkTable?k_raceDate=2009%2F08%2F23&k_raceNo=1&k_babaCode=21,data/cache/html/20090823_kawasaki_1.html
20090823_kawasaki_2,2009-08-23,kawasaki,2,https://www.keiba.go.jp/KeibaWeb/TodayRaceInfo/RaceMarkTable?k_raceDate=2009%2F08%2F23&k_raceNo=2&k_babaCode=21,data/cache/html/20090823_kawasaki_2.html
20090823_kawasaki_3,2009-08-23,kawasaki,3,https://www.keiba.go.jp/KeibaWeb/TodayRaceInfo/RaceMarkTable?k_raceDate=2009%2F08%2F23&k_raceNo=3&k_babaCode=21,data/cache/html/20090823_kawasaki_3.html
20090823_kawasaki_4,2009-08-23,kawasaki,4,https://www.keiba.go.jp/KeibaWeb/TodayRaceInfo/RaceMarkTable?k_raceDate=2009%2F08%2F23&k_raceNo=4&k_babaCode=21,data/cache/html/20090823_kawasaki_4.html
20090823_kawasaki_5,2009-08-23,kawasaki,5,https://www.keiba.go.jp/KeibaWeb/TodayRaceInfo/RaceMarkTable?k_raceDate=2009%2F08%2F23&k_raceNo=5&k_babaCode=21,data/cache/html/20090823_kawasaki_5.html
20090823_kawasaki_6,2009-08-23,kawasaki,6,https://www.keiba.go.jp/KeibaWeb/TodayRaceInfo/RaceMarkTable?k_raceDate=2009%2F08%2F23&k_raceNo=6&k_babaCode=21,data/cache/html/20090823_kawasaki_6.html
20090823_kawasaki_7,2009-08-23,kawasaki,7,https://www.keiba.go.jp/KeibaWeb/TodayRaceInfo/RaceMarkTable?k_raceDate=2009%2F08%2F23&k_raceNo=7&k_babaCode=21,data/cache/html/20090823_kawasaki_7.html
20090823_kawasaki_8,2009-08-23,kawasaki,8,https://www.keiba.go.jp/KeibaWeb/TodayRaceInfo/RaceMarkTable?k_raceDate=2009%2F08%2F23&k_raceNo=8&k_babaCode=21,data/cache/html/20090823_kawasaki_8.html
20090823_kawasaki_9,2009-08-23,kawasaki,9,https://www.keiba.go.jp/KeibaWeb/TodayRaceInfo/RaceMarkTable?k_raceDate=2009%2F08%2F23&k_raceNo=9&k_babaCode=21,data/cache/html/20090823_kawasaki_9.html
20090823_kawasaki_10,2009-08-23,kawasaki,10,https://www.keiba.go.jp/KeibaWeb/TodayRaceInfo/RaceMarkTable?k_raceDate=2009%2F08%2F23&k_raceNo=10&k_babaCode=21,data/cache/html/20090823_kawasaki_10.html
20090823_kawasaki_11,2009-08-23,kawasaki,11,https://www.keiba.go.jp/KeibaWeb/TodayRaceInfo/RaceMarkTable?k_raceDate=2009%2F08%2F23&k_raceNo=11&k_babaCode=21,data/cache/html/20090823_kawasaki_11.html
20090823_kawasaki_12,2009-08-23,kawasaki,12,https://www.keiba.go.jp/KeibaWeb/TodayRaceInfo/RaceMarkTable?k_raceDate=2009%2F08%2F23&k_raceNo=12&k_babaCode=21,data/cache/html/20090823_kawasaki_12.html
20090822_kawasaki_1,2009-08-22,kawasaki,1,https://www.keiba.go.jp/KeibaWeb/TodayRaceInfo/RaceMarkTable?k_raceDate=2009%2F08%2F22&k_raceNo=1&k_babaCode=21,data/cache/html/20090822_kawasaki_1.html
20090822_kawasaki_2,2009-08-22,kawasaki,2,https://www.keiba.go.jp/KeibaWeb/TodayRaceInfo/RaceMarkTable?k_raceDate=2009%2F08%2F22&k_raceNo=2&k_babaCode=21,data/cache/html/20090822_kawasaki_2.html
20090822_kawasaki_3,2009-08-22,kawasaki,3,https://www.keiba.go.jp/KeibaWeb/TodayRaceInfo/RaceMarkTable?k_raceDate=2009%2F08%2F22&k_raceNo=3&k_babaCode=21,data/cache/html/20090822_kawasaki_3.html
20090822_kawasaki_4,2009-08-22,kawasaki,4,https://www.keiba.go.jp/KeibaWeb/TodayRaceInfo/RaceMarkTable?k_raceDate=2009%2F08%2F22&k_raceNo=4&k_babaCode=21,data/cache/html/20090822_kawasaki_4.html
20090822_kawasaki_5,2009-08-22,kawasaki,5,https://www.keiba.go.jp/KeibaWeb/TodayRaceInfo/RaceMarkTable?k_raceDate=2009%2F08%2F22&k_raceNo=5&k_babaCode=21,data/cache/html/20090822_kawasaki_5.html
20090822_kawasaki_6,2009-08-22,kawasaki,6,https://www.keiba.go.jp/KeibaWeb/TodayRaceInfo/RaceMarkTable?k_raceDate=2009%2F08%2F22&k_raceNo=6&k_babaCode=21,data/cache/html/20090822_kawasaki_6.html
20090822_kawasaki_7,2009-08-22,kawasaki,7,https://www.keiba.go.jp/KeibaWeb/TodayRaceInfo/RaceMarkTable?k_raceDate=2009%2F08%2F22&k_raceNo=7&k_babaCode=21,data/cache/html/20090822_kawasaki_7.html
20090822_kawasaki_8,2009-08-22,kawasaki,8,https://www.keiba.go.jp/KeibaWeb/TodayRaceInfo/RaceMarkTable?k_raceDate=2009%2F08%2F22&k_raceNo=8&k_babaCode=21,data/cache/html/20090822_kawasaki_8.html
20090822_kawasaki_9,2009-08-22,kawasaki,9,https://www.keiba.go.jp/KeibaWeb/TodayRaceInfo/RaceMarkTable?k_raceDate=2009%2F08%2F22&k_raceNo=9&k_babaCode=21,data/cache/html/20090822_kawasaki_9.html
20090822_kawasaki_10,2009-08-22,kawasaki,10,https://www.keiba.go.jp/KeibaWeb/TodayRaceInfo/RaceMarkTable?k_raceDate=2009%2F08%2F22&k_raceNo=10&k_babaCode=21,data/cache/html/20090822_kawasaki_10.html
20090822_kawasaki_11,2009-08-22,kawasaki,11,https://www.keiba.go.jp/KeibaWeb/TodayRaceInfo/RaceMarkTable?k_raceDate=2009%2F08%2F22&k_raceNo=11&k_babaCode=21,data/cache/html/20090822_kawasaki_11.html
20090822_kawasaki_12,2009-08-22,kawasaki,12,https://www.keiba.go.jp/KeibaWeb/TodayRaceInfo/RaceMarkTable?k_raceDate=2009%2F08%2F22&k_raceNo=12&k_babaCode=21,data/cache/html/20090822_kawasaki_12.html
20090816_kawasaki_1,2009-08-16,kawasaki,1,https://www.keiba.go.jp/KeibaWeb/TodayRaceInfo/RaceMarkTable?k_raceDate=2009%2F08%2F16&k_raceNo=1&k_babaCode=21,data/cache/html/20090816_kawasaki_1.html
20090816_kawasaki_2,2009-08-16,kawasaki,2,https://www.keiba.go.jp/KeibaWeb/TodayRaceInfo/RaceMarkTable?k_raceDate=2009%2F08%2F16&k_raceNo=2&k_babaCode=21,data/cache/html/20090816_kawasaki_2.html
20090816_kawasaki_3,2009-08-16,kawasaki,3,https://www.keiba.go.jp/KeibaWeb/TodayRaceInfo/RaceMarkTable?k_raceDate=2009%2F08%2F16&k_raceNo=3&k_babaCode=21,data/cache/html/20090816_kawasaki_3.html
20090816_kawasaki_4,2009-08-16,kawasaki,4,https://www.keiba.go.jp/KeibaWeb/TodayRaceInfo/RaceMarkTable?k_raceDate=2009%2F08%2F16&k_raceNo=4&k_babaCode=21,data/cache/html/20090816_kawasaki_4.html
20090816_kawasaki_5,2009-08-16,kawasaki,5,https://www.keiba.go.jp/KeibaWeb/TodayRaceInfo/RaceMarkTable?k_raceDate=2009%2F08%2F16&k_raceNo=5&k_babaCode=21,data/cache/html/20090816_kawasaki_5.html
20090816_kawasaki_6,2009-08-16,kawasaki,6,https://www.keiba.go.jp/KeibaWeb/TodayRaceInfo/RaceMarkTable?k_raceDate=2009%2F08%2F16&k_raceNo=6&k_babaCode=21,data/cache/html/20090816_kawasaki_6.html
20090816_kawasaki_7,2009-08-16,kawasaki,7,https://www.keiba.go.jp/KeibaWeb/TodayRaceInfo/RaceMarkTable?k_raceDate=2009%2F08%2F16&k_raceNo=7&k_babaCode=21,data/cache/html/20090816_kawasaki_7.html
20090816_kawasaki_8,2009-08-16,kawasaki,8,https://www.keiba.go.jp/KeibaWeb/TodayRaceInfo/RaceMarkTable?k_raceDate=2009%2F08%2F16&k_raceNo=8&k_babaCode=21,data/cache/html/20090816_kawasaki_8.html
20090816_kawasaki_9,2009-08-16,kawasaki,9,https://www.keiba.go.jp/KeibaWeb/TodayRaceInfo/RaceMarkTable?k_raceDate=2009%2F08%2F16&k_raceNo=9&k_babaCode=21,data/cache/html/20090816_kawasaki_9.html
20090816_kawasaki_10,2009-08-16,kawasaki,10,https://www.keiba.go.jp/KeibaWeb/TodayRaceInfo/RaceMarkTable?k_raceDate=2009%2F08%2F16&k_raceNo=10&k_babaCode=21,data/cache/html/20090816_kawasaki_10.html
20090816_kawasaki_11,2009-08-16,kawasaki,11,https://www.keiba.go.jp/KeibaWeb/TodayRaceInfo/RaceMarkTable?k_raceDate=2009%2F08%2F16&k_raceNo=11&k_babaCode=21,data/cache/html/20090816_kawasaki_11.html
20090816_kawasaki_12,2009-08-16,kawasaki,12,https://www.keiba.go.jp/KeibaWeb/TodayRaceInfo/RaceMarkTable?k_raceDate=2009%2F08%2F16&k_raceNo=12&k_babaCode=21,data/cache/html/20090816_kawasaki_12.html
20090815_kawasaki_1,2009-08-15,kawasaki,1,https://www.keiba.go.jp/KeibaWeb/TodayRaceInfo/RaceMarkTable?k_raceDate=2009%2F08%2F15&k_raceNo=1&k_babaCode=21,data/cache/html/20090815_kawasaki_1.html
20090815_kawasaki_2,2009-08-15,kawasaki,2,https://www.keiba.go.jp/KeibaWeb/TodayRaceInfo/RaceMarkTable?k_raceDate=2009%2F08%2F15&k_raceNo=2&k_babaCode=21,data/cache/html/20090815_kawasaki_2.html
20090815_kawasaki_3,2009-08-15,kawasaki,3,https://www.keiba.go.jp/KeibaWeb/TodayRaceInfo/RaceMarkTable?k_raceDate=2009%2F08%2F15&k_raceNo=3&k_babaCode=21,data/cache/html/20090815_kawasaki_3.html
20090815_kawasaki_4,2009-08-15,kawasaki,4,https://www.keiba.go.jp/KeibaWeb/TodayRaceInfo/RaceMarkTable?k_raceDate=2009%2F08%2F15&k_raceNo=4&k_babaCode=21,data/cache/html/20090815_kawasaki_4.html
20090815_kawasaki_5,2009-08-15,kawasaki,5,https://www.keiba.go.jp/KeibaWeb/TodayRaceInfo/RaceMarkTable?k_raceDate=2009%2F08%2F15&k_raceNo=5&k_babaCode=21,data/cache/html/20090815_kawasaki_5.html
20090815_kawasaki_6,2009-08-15,kawasaki,6,https://www.keiba.go.jp/KeibaWeb/TodayRaceInfo/RaceMarkTable?k_raceDate=2009%2F08%2F15&k_raceNo=6&k_babaCode=21,data/cache/html/20090815_kawasaki_6.html
20090815_kawasaki_7,2009-08-15,kawasaki,7,https://www.keiba.go.jp/KeibaWeb/TodayRaceInfo/RaceMarkTable?k_raceDate=2009%2F08%2F15&k_raceNo=7&k_babaCode=21,data/cache/html/20090815_kawasaki_7.html
20090815_kawasaki_8,2009-08-15,kawasaki,8,https://www.keiba.go.jp/KeibaWeb/TodayRaceInfo/RaceMarkTable?k_raceDate=2009%2F08%2F15&k_raceNo=8&k_babaCode=21,data/cache/html/20090815_kawasaki_8.html
20090815_kawasaki_9,2009-08-15,kawasaki,9,https://www.keiba.go.jp/KeibaWeb/TodayRaceInfo/RaceMarkTable?k_raceDate=2009%2F08%2F15&k_raceNo=9&k_babaCode=21,data/cache/html/20090815_kawasaki_9.html
20090815_kawasaki_10,2009-08-15,kawasaki,10,https://www.keiba.go.jp/KeibaWeb/TodayRaceInfo/RaceMarkTable?k_raceDate=2009%2F08%2F15&k_raceNo=10&k_babaCode=21,data/cache/html/20090815_kawasaki_10.html
20090815_kawasaki_11,2009-08-15,kawasaki,11,https://www.keiba.go.jp/KeibaWeb/TodayRaceInfo/RaceMarkTable?k_raceDate=2009%2F08%2F15&k_raceNo=11&k_babaCode=21,data/cache/html/20090815_kawasaki_11.html
20090815_kawasaki_12,2009-08-15,kawasaki,12,https://www.keiba.go.jp/KeibaWeb/TodayRaceInfo/RaceMarkTable?k_raceDate=2009%2F08%2F15&k_raceNo=12&k_babaCode=21,data/cache/html/20090815_kawasaki_12.html
20090814_kawasaki_1,2009-08-14,kawasaki,1,https://www.keiba.go.jp/KeibaWeb/TodayRaceInfo/RaceMarkTable?k_raceDate=2009%2F08%2F14&k_raceNo=1&k_babaCode=21,data/cache/html/20090814_kawasaki_1.html
20090814_kawasaki_2,2009-08-14,kawasaki,2,https://www.keiba.go.jp/KeibaWeb/TodayRaceInfo/RaceMarkTable?k_raceDate=2009%2F08%2F14&k_raceNo=2&k_babaCode=21,data/cache/html/20090814_kawasaki_2.html
20090814_kawasaki_3,2009-08-14,kawasaki,3,https://www.keiba.go.jp/KeibaWeb/TodayRaceInfo/RaceMarkTable?k_raceDate=2009%2F08%2F14&k_raceNo=3&k_babaCode=21,data/cache/html/20090814_kawasaki_3.html
20090814_kawasaki_4,2009-08-14,kawasaki,4,https://www.keiba.go.jp/KeibaWeb/TodayRaceInfo/RaceMarkTable?k_raceDate=2009%2F08%2F14&k_raceNo=4&k_babaCode=21,data/cache/html/20090814_kawasaki_4.html
20090814_kawasaki_5,2009-08-14,kawasaki,5,https://www.keiba.go.jp/KeibaWeb/TodayRaceInfo/RaceMarkTable?k_raceDate=2009%2F08%2F14&k_raceNo=5&k_babaCode=21,data/cache/html/20090814_kawasaki_5.html
20090814_kawasaki_6,2009-08-14,kawasaki,6,https://www.keiba.go.jp/KeibaWeb/TodayRaceInfo/RaceMarkTable?k_raceDate=2009%2F08%2F14&k_raceNo=6&k_babaCode=21,data/cache/html/20090814_kawasaki_6.html
20090814_kawasaki_7,2009-08-14,kawasaki,7,https://www.keiba.go.jp/KeibaWeb/TodayRaceInfo/RaceMarkTable?k_raceDate=2009%2F08%2F14&k_raceNo=7&k_babaCode=21,data/cache/html/20090814_kawasaki_7.html
20090814_kawasaki_8,2009-08-14,kawasaki,8,https://www.keiba.go.jp/KeibaWeb/TodayRaceInfo/RaceMarkTable?k_raceDate=2009%2F08%2F14&k_raceNo=8&k_babaCode=21,data/cache/html/20090814_kawasaki_8.html
20090814_kawasaki_9,2009-08-14,kawasaki,9,https://www.keiba.go.jp/KeibaWeb/TodayRaceInfo/RaceMarkTable?k_raceDate=2009%2F08%2F14&k_raceNo=9&k_babaCode=21,data/cache/html/20090814_kawasaki_9.html
20090814_kawasaki_10,2009-08-14,kawasaki,10,https://www.keiba.go.jp/KeibaWeb/TodayRaceInfo/RaceMarkTable?k_raceDate=2009%2F08%2F14&k_raceNo=10&k_babaCode=21,data/cache/html/20090814_kawasaki_10.html
20090814_kawasaki_11,2009-08-14,kawasaki,11,https://www.keiba.go.jp/KeibaWeb/TodayRaceInfo/RaceMarkTable?k_raceDate=2009%2F08%2F14&k_raceNo=11&k_babaCode=21,data/cache/html/20090814_kawasaki_11.html
20090814_kawasaki_12,2009-08-14,kawasaki,12,https://www.keiba.go.jp/KeibaWeb/TodayRaceInfo/RaceMarkTable?k_raceDate=2009%2F08%2F14&k_raceNo=12&k_babaCode=21,data/cache/html/20090814_kawasaki_12.html
20090813_kawasaki_1,2009-08-13,kawasaki,1,https://www.keiba.go.jp/KeibaWeb/TodayRaceInfo/RaceMarkTable?k_raceDate=2009%2F08%2F13&k_raceNo=1&k_babaCode=21,data/cache/html/20090813_kawasaki_1.html
20090813_kawasaki_2,2009-08-13,kawasaki,2,https://www.keiba.go.jp/KeibaWeb/TodayRaceInfo/RaceMarkTable?k_raceDate=2009%2F08%2F13&k_raceNo=2&k_babaCode=21,data/cache/html/20090813_kawasaki_2.html
20090813_kawasaki_3,2009-08-13,kawasaki,3,https://www.keiba.go.jp/KeibaWeb/TodayRaceInfo/RaceMarkTable?k_raceDate=2009%2F08%2F13&k_raceNo=3&k_babaCode=21,data/cache/html/20090813_kawasaki_3.html
20090813_kawasaki_4,2009-08-13,kawasaki,4,https://www.keiba.go.jp/KeibaWeb/TodayRaceInfo/RaceMarkTable?k_raceDate=2009%2F08%2F13&k_raceNo=4&k_babaCode=21,data/cache/html/20090813_kawasaki_4.html
20090813_kawasaki_5,2009-08-13,kawasaki,5,https://www.keiba.go.jp/KeibaWeb/TodayRaceInfo/RaceMarkTable?k_raceDate=2009%2F08%2F13&k_raceNo=5&k_babaCode=21,data/cache/html/20090813_kawasaki_5.html
20090813_kawasaki_6,2009-08-13,kawasaki,6,https://www.keiba.go.jp/KeibaWeb/TodayRaceInfo/RaceMarkTable?k_raceDate=2009%2F08%2F13&k_raceNo=6&k_babaCode=21,data/cache/html/20090813_kawasaki_6.html
20090813_kawasaki_7,2009-08-13,kawasaki,7,https://www.keiba.go.jp/KeibaWeb/TodayRaceInfo/RaceMarkTable?k_raceDate=2009%2F08%2F13&k_raceNo=7&k_babaCode=21,data/cache/html/20090813_kawasaki_7.html
20090813_kawasaki_8,2009-08-13,kawasaki,8,https://www.keiba.go.jp/KeibaWeb/TodayRaceInfo/RaceMarkTable?k_raceDate=2009%2F08%2F13&k_raceNo=8&k_babaCode=21,data/cache/html/20090813_kawasaki_8.html
20090813_kawasaki_9,2009-08-13,kawasaki,9,https://www.keiba.go.jp/KeibaWeb/TodayRaceInfo/RaceMarkTable?k_raceDate=2009%2F08%2F13&k_raceNo=9&k_babaCode=21,data/cache/html/20090813_kawasaki_9.html
20090813_kawasaki_10,2009-08-13,kawasaki,10,https://www.keiba.go.jp/KeibaWeb/TodayRaceInfo/RaceMarkTable?k_raceDate=2009%2F08%2F13&k_raceNo=10&k_babaCode=21,data/cache/html/20090813_kawasaki_10.html
20090813_kawasaki_11,2009-08-13,kawasaki,11,https://www.keiba.go.jp/KeibaWeb/TodayRaceInfo/RaceMarkTable?k_raceDate=2009%2F08%2F13&k_raceNo=11&k_babaCode=21,data/cache/html/20090813_kawasaki_11.html
20090813_kawasaki_12,2009-08-13,kawasaki,12,https://www.keiba.go.jp/KeibaWeb/TodayRaceInfo/RaceMarkTable?k_raceDate=2009%2F08%2F13&k_raceNo=12&k_babaCode=21,data/cache/html/20090813_kawasaki_12.html
20090812_kawasaki_1,2009-08-12,kawasaki,1,https://www.keiba.go.jp/KeibaWeb/TodayRaceInfo/RaceMarkTable?k_raceDate=2009%2F08%2F12&k_raceNo=1&k_babaCode=21,data/cache/html/20090812_kawasaki_1.html
20090812_kawasaki_2,2009-08-12,kawasaki,2,https://www.keiba.go.jp/KeibaWeb/TodayRaceInfo/RaceMarkTable?k_raceDate=2009%2F08%2F12&k_raceNo=2&k_babaCode=21,data/cache/html/20090812_kawasaki_2.html
20090812_kawasaki_3,2009-08-12,kawasaki,3,https://www.keiba.go.jp/KeibaWeb/TodayRaceInfo/RaceMarkTable?k_raceDate=2009%2F08%2F12&k_raceNo=3&k_babaCode=21,data/cache/html/20090812_kawasaki_3.html
20090812_kawasaki_4,2009-08-12,kawasaki,4,https://www.keiba.go.jp/KeibaWeb/TodayRaceInfo/RaceMarkTable?k_raceDate=2009%2F08%2F12&k_raceNo=4&k_babaCode=21,data/cache/html/20090812_kawasaki_4.html
20090812_kawasaki_5,2009-08-12,kawasaki,5,https://www.keiba.go.jp/KeibaWeb/TodayRaceInfo/RaceMarkTable?k_raceDate=2009%2F08%2F12&k_raceNo=5&k_babaCode=21,data/cache/html/20090812_kawasaki_5.html
20090812_kawasaki_6,2009-08-12,kawasaki,6,https://www.keiba.go.jp/KeibaWeb/TodayRaceInfo/RaceMarkTable?k_raceDate=2009%2F08%2F12&k_raceNo=6&k_babaCode=21,data/cache/html/20090812_kawasaki_6.html
20090812_kawasaki_7,2009-08-12,kawasaki,7,https://www.keiba.go.jp/KeibaWeb/TodayRaceInfo/RaceMarkTable?k_raceDate=2009%2F08%2F12&k_raceNo=7&k_babaCode=21,data/cache/html/20090812_kawasaki_7.html
20090812_kawasaki_8,2009-08-12,kawasaki,8,https://www.keiba.go.jp/KeibaWeb/TodayRaceInfo/RaceMarkTable?k_raceDate=2009%2F08%2F12&k_raceNo=8&k_babaCode=21,data/cache/html/20090812_kawasaki_8.html
20090812_kawasaki_9,2009-08-12,kawasaki,9,https://www.keiba.go.jp/KeibaWeb/TodayRaceInfo/RaceMarkTable?k_raceDate=2009%2F08%2F12&k_raceNo=9&k_babaCode=21,data/cache/html/20090812_kawasaki_9.html
20090812_kawasaki_10,2009-08-12,kawasaki,10,https://www.keiba.go.jp/KeibaWeb/TodayRaceInfo/RaceMarkTable?k_raceDate=2009%2F08%2F12&k_raceNo=10&k_babaCode=21,data/cache/html/20090812_kawasaki_10.html
20090812_kawasaki_11,2009-08-12,kawasaki,11,https://www.keiba.go.jp/KeibaWeb/TodayRaceInfo/RaceMarkTable?k_raceDate=2009%2F08%2F12&k_raceNo=11&k_babaCode=21,data/cache/html/20090812_kawasaki_11.html
20090812_kawasaki_12,2009-08-12,kawasaki,12,https://www.keiba.go.jp/KeibaWeb/TodayRaceInfo/RaceMarkTable?k_raceDate=2009%2F08%2F12&k_raceNo=12&k_babaCode=21,data/cache/html/20090812_kawasaki_12.html
20090811_kawasaki_1,2009-08-11,kawasaki,1,https://www.keiba.go.jp/KeibaWeb/TodayRaceInfo/RaceMarkTable?k_raceDate=2009%2F08%2F11&k_raceNo=1&k_babaCode=21,data/cache/html/20090811_kawasaki_1.html
20090811_kawasaki_2,2009-08-11,kawasaki,2,https://www.keiba.go.jp/KeibaWeb/TodayRaceInfo/RaceMarkTable?k_raceDate=2009%2F08%2F11&k_raceNo=2&k_babaCode=21,data/cache/html/20090811_kawasaki_2.html
20090811_kawasaki_3,2009-08-11,kawasaki,3,https://www.keiba.go.jp/KeibaWeb/TodayRaceInfo/RaceMarkTable?k_raceDate=2009%2F08%2F11&k_raceNo=3&k_babaCode=21,data/cache/html/20090811_kawasaki_3.html
20090811_kawasaki_4,2009-08-11,kawasaki,4,https://www.keiba.go.jp/KeibaWeb/TodayRaceInfo/RaceMarkTable?k_raceDate=2009%2F08%2F11&k_raceNo=4&k_babaCode=21,data/cache/html/20090811_kawasaki_4.html
20090811_kawasaki_5,2009-08-11,kawasaki,5,https://www.keiba.go.jp/KeibaWeb/TodayRaceInfo/RaceMarkTable?k_raceDate=2009%2F08%2F11&k_raceNo=5&k_babaCode=21,data/cache/html/20090811_kawasaki_5.html
20090811_kawasaki_6,2009-08-11,kawasaki,6,https://www.keiba.go.jp/KeibaWeb/TodayRaceInfo/RaceMarkTable?k_raceDate=2009%2F08%2F11&k_raceNo=6&k_babaCode=21,data/cache/html/20090811_kawasaki_6.html
20090811_kawasaki_7,2009-08-11,kawasaki,7,https://www.keiba.go.jp/KeibaWeb/TodayRaceInfo/RaceMarkTable?k_raceDate=2009%2F08%2F11&k_raceNo=7&k_babaCode=21,data/cache/html/20090811_kawasaki_7.html
20090811_kawasaki_8,2009-08-11,kawasaki,8,https://www.keiba.go.jp/KeibaWeb/TodayRaceInfo/RaceMarkTable?k_raceDate=2009%2F08%2F11&k_raceNo=8&k_babaCode=21,data/cache/html/20090811_kawasaki_8.html
20090811_kawasaki_9,2009-08-11,kawasaki,9,https://www.keiba.go.jp/KeibaWeb/TodayRaceInfo/RaceMarkTable?k_raceDate=2009%2F08%2F11&k_raceNo=9&k_babaCode=21,data/cache/html/20090811_kawasaki_9.html
20090811_kawasaki_10,2009-08-11,kawasaki,10,https://www.keiba.go.jp/KeibaWeb/TodayRaceInfo/RaceMarkTable?k_raceDate=2009%2F08%2F11&k_raceNo=10&k_babaCode=21,data/cache/html/20090811_kawasaki_10.html
20090811_kawasaki_11,2009-08-11,kawasaki,11,https://www.keiba.go.jp/KeibaWeb/TodayRaceInfo/RaceMarkTable?k_raceDate=2009%2F08%2F11&k_raceNo=11&k_babaCode=21,data/cache/html/20090811_kawasaki_11.html
20090811_kawasaki_12,2009-08-11,kawasaki,12,https://www.keiba.go.jp/KeibaWeb/TodayRaceInfo/RaceMarkTable?k_raceDate=2009%2F08%2F11&k_raceNo=12&k_babaCode=21,data/cache/html/20090811_kawasaki_12.html
20090810_kawasaki_1,2009-08-10,kawasaki,1,https://www.keiba.go.jp/KeibaWeb/TodayRaceInfo/RaceMarkTable?k_raceDate=2009%2F08%2F10&k_raceNo=1&k_babaCode=21,data/cache/html/20090810_kawasaki_1.html
20090810_kawasaki_2,2009-08-10,kawasaki,2,https://www.keiba.go.jp/KeibaWeb/TodayRaceInfo/RaceMarkTable?k_raceDate=2009%2F08%2F10&k_raceNo=2&k_babaCode=21,data/cache/html/20090810_kawasaki_2.html
20090810_kawasaki_3,2009-08-10,kawasaki,3,https://www.keiba.go.jp/KeibaWeb/TodayRaceInfo/RaceMarkTable?k_raceDate=2009%2F08%2F10&k_raceNo=3&k_babaCode=21,data/cache/html/20090810_kawasaki_3.html
20090810_kawasaki_4,2009-08-10,kawasaki,4,https://www.keiba.go.jp/KeibaWeb/TodayRaceInfo/RaceMarkTable?k_raceDate=2009%2F08%2F10&k_raceNo=4&k_babaCode=21,data/cache/html/20090810_kawasaki_4.html
20090810_kawasaki_5,2009-08-10,kawasaki,5,https://www.keiba.go.jp/KeibaWeb/TodayRaceInfo/RaceMarkTable?k_raceDate=2009%2F08%2F10&k_raceNo=5&k_babaCode=21,data/cache/html/20090810_kawasaki_5.html
20090810_kawasaki_6,2009-08-10,kawasaki,6,https://www.keiba.go.jp/KeibaWeb/TodayRaceInfo/RaceMarkTable?k_raceDate=2009%2F08%2F10&k_raceNo=6&k_babaCode=21,data/cache/html/20090810_kawasaki_6.html
20090810_kawasaki_7,2009-08-10,kawasaki,7,https://www.keiba.go.jp/KeibaWeb/TodayRaceInfo/RaceMarkTable?k_raceDate=2009%2F08%2F10&k_raceNo=7&k_babaCode=21,data/cache/html/20090810_kawasaki_7.html
20090810_kawasaki_8,2009-08-10,kawasaki,8,https://www.keiba.go.jp/KeibaWeb/TodayRaceInfo/RaceMarkTable?k_raceDate=2009%2F08%2F10&k_raceNo=8&k_babaCode=21,data/cache/html/20090810_kawasaki_8.html
20090810_kawasaki_9,2009-08-10,kawasaki,9,https://www.keiba.go.jp/KeibaWeb/TodayRaceInfo/RaceMarkTable?k_raceDate=2009%2F08%2F10&k_raceNo=9&k_babaCode=21,data/cache/html/20090810_kawasaki_9.html
20090810_kawasaki_10,2009-08-10,kawasaki,10,https://www.keiba.go.jp/KeibaWeb/TodayRaceInfo/RaceMarkTable?k_raceDate=2009%2F08%2F10&k_raceNo=10&k_babaCode=21,data/cache/html/20090810_kawasaki_10.html
20090810_kawasaki_11,2009-08-10,kawasaki,11,https://www.keiba.go.jp/KeibaWeb/TodayRaceInfo/RaceMarkTable?k_raceDate=2009%2F08%2F10&k_raceNo=11&k_babaCode=21,data/cache/html/20090810_kawasaki_11.html
20090810_kawasaki_12,2009-08-10,kawasaki,12,https://www.keiba.go.jp/KeibaWeb/TodayRaceInfo/RaceMarkTable?k_raceDate=2009%2F08%2F10&k_raceNo=12&k_babaCode=21,data/cache/html/20090810_kawasaki_12.html
20090809_kawasaki_1,2009-08-09,kawasaki,1,https://www.keiba.go.jp/KeibaWeb/TodayRaceInfo/RaceMarkTable?k_raceDate=2009%2F08%2F09&k_raceNo=1&k_babaCode=21,data/cache/html/20090809_kawasaki_1.html
20090809_kawasaki_2,2009-08-09,kawasaki,2,https://www.keiba.go.jp/KeibaWeb/TodayRaceInfo/RaceMarkTable?k_raceDate=2009%2F08%2F09&k_raceNo=2&k_babaCode=21,data/cache/html/20090809_kawasaki_2.html
20090809_kawasaki_3,2009-08-09,kawasaki,3,https://www.keiba.go.jp/KeibaWeb/TodayRaceInfo/RaceMarkTable?k_raceDate=2009%2F08%2F09&k_raceNo=3&k_babaCode=21,data/cache/html/20090809_kawasaki_3.html
20090809_kawasaki_4,2009-08-09,kawasaki,4,https://www.keiba.go.jp/KeibaWeb/TodayRaceInfo/RaceMarkTable?k_raceDate=2009%2F08%2F09&k_raceNo=4&k_babaCode=21,data/cache/html/20090809_kawasaki_4.html
20090809_kawasaki_5,2009-08-09,kawasaki,5,https://www.keiba.go.jp/KeibaWeb/TodayRaceInfo/RaceMarkTable?k_raceDate=2009%2F08%2F09&k_raceNo=5&k_babaCode=21,data/cache/html/20090809_kawasaki_5.html
20090809_kawasaki_6,2009-08-09,kawasaki,6,https://www.keiba.go.jp/KeibaWeb/TodayRaceInfo/RaceMarkTable?k_raceDate=2009%2F08%2F09&k_raceNo=6&k_babaCode=21,data/cache/html/20090809_kawasaki_6.html
20090809_kawasaki_7,2009-08-09,kawasaki,7,https://www.keiba.go.jp/KeibaWeb/TodayRaceInfo/RaceMarkTable?k_raceDate=2009%2F08%2F09&k_raceNo=7&k_babaCode=21,data/cache/html/20090809_kawasaki_7.html
20090809_kawasaki_8,2009-08-09,kawasaki,8,https://www.keiba.go.jp/KeibaWeb/TodayRaceInfo/RaceMarkTable?k_raceDate=2009%2F08%2F09&k_raceNo=8&k_babaCode=21,data/cache/html/20090809_kawasaki_8.html
20090809_kawasaki_9,2009-08-09,kawasaki,9,https://www.keiba.go.jp/KeibaWeb/TodayRaceInfo/RaceMarkTable?k_raceDate=2009%2F08%2F09&k_raceNo=9&k_babaCode=21,data/cache/html/20090809_kawasaki_9.html
20090809_kawasaki_10,2009-08-09,kawasaki,10,https://www.keiba.go.jp/KeibaWeb/TodayRaceInfo/RaceMarkTable?k_raceDate=2009%2F08%2F09&k_raceNo=10&k_babaCode=21,data/cache/html/20090809_kawasaki_10.html
20090809_kawasaki_11,2009-08-09,kawasaki,11,https://www.keiba.go.jp/KeibaWeb/TodayRaceInfo/RaceMarkTable?k_raceDate=2009%2F08%2F09&k_raceNo=11&k_babaCode=21,data/cache/html/20090809_kawasaki_11.html
20090809_kawasaki_12,2009-08-09,kawasaki,12,https://www.keiba.go.jp/KeibaWeb/TodayRaceInfo/RaceMarkTable?k_raceDate=2009%2F08%2F09&k_raceNo=12&k_babaCode=21,data/cache/html/20090809_kawasaki_12.html
20090808_kawasaki_1,2009-08-08,kawasaki,1,https://www.keiba.go.jp/KeibaWeb/TodayRaceInfo/RaceMarkTable?k_raceDate=2009%2F08%2F08&k_raceNo=1&k_babaCode=21,data/cache/html/20090808_kawasaki_1.html
20090808_kawasaki_2,2009-08-08,kawasaki,2,https://www.keiba.go.jp/KeibaWeb/TodayRaceInfo/RaceMarkTable?k_raceDate=2009%2F08%2F08&k_raceNo=2&k_babaCode=21,data/cache/html/20090808_kawasaki_2.html
20090808_kawasaki_3,2009-08-08,kawasaki,3,https://www.keiba.go.jp/KeibaWeb/TodayRaceInfo/RaceMarkTable?k_raceDate=2009%2F08%2F08&k_raceNo=3&k_babaCode=21,data/cache/html/20090808_kawasaki_3.html
20090808_kawasaki_4,2009-08-08,kawasaki,4,https://www.keiba.go.jp/KeibaWeb/TodayRaceInfo/RaceMarkTable?k_raceDate=2009%2F08%2F08&k_raceNo=4&k_babaCode=21,data/cache/html/20090808_kawasaki_4.html
20090808_kawasaki_5,2009-08-08,kawasaki,5,https://www.keiba.go.jp/KeibaWeb/TodayRaceInfo/RaceMarkTable?k_raceDate=2009%2F08%2F08&k_raceNo=5&k_babaCode=21,data/cache/html/20090808_kawasaki_5.html
20090808_kawasaki_6,2009-08-08,kawasaki,6,https://www.keiba.go.jp/KeibaWeb/TodayRaceInfo/RaceMarkTable?k_raceDate=2009%2F08%2F08&k_raceNo=6&k_babaCode=21,data/cache/html/20090808_kawasaki_6.html
20090808_kawasaki_7,2009-08-08,kawasaki,7,https://www.keiba.go.jp/KeibaWeb/TodayRaceInfo/RaceMarkTable?k_raceDate=2009%2F08%2F08&k_raceNo=7&k_babaCode=21,data/cache/html/20090808_kawasaki_7.html
20090808_kawasaki_8,2009-08-08,kawasaki,8,https://www.keiba.go.jp/KeibaWeb/TodayRaceInfo/RaceMarkTable?k_raceDate=2009%2F08%2F08&k_raceNo=8&k_babaCode=21,data/cache/html/20090808_kawasaki_8.html
20090808_kawasaki_9,2009-08-08,kawasaki,9,https://www.keiba.go.jp/KeibaWeb/TodayRaceInfo/RaceMarkTable?k_raceDate=2009%2F08%2F08&k_raceNo=9&k_babaCode=21,data/cache/html/20090808_kawasaki_9.html
20090808_kawasaki_10,2009-08-08,kawasaki,10,https://www.keiba.go.jp/KeibaWeb/TodayRaceInfo/RaceMarkTable?k_raceDate=2009%2F08%2F08&k_raceNo=10&k_babaCode=21,data/cache/html/20090808_kawasaki_10.html
20090808_kawasaki_11,2009-08-08,kawasaki,11,https://www.keiba.go.jp/KeibaWeb/TodayRaceInfo/RaceMarkTable?k_raceDate=2009%2F08%2F08&k_raceNo=11&k_babaCode=21,data/cache/html/20090808_kawasaki_11.html
20090808_kawasaki_12,2009-08-08,kawasaki,12,https://www.keiba.go.jp/KeibaWeb/TodayRaceInfo/RaceMarkTable?k_raceDate=2009%2F08%2F08&k_raceNo=12&k_babaCode=21,data/cache/html/20090808_kawasaki_12.html
20090807_kawasaki_1,2009-08-07,kawasaki,1,https://www.keiba.go.jp/KeibaWeb/TodayRaceInfo/RaceMarkTable?k_raceDate=2009%2F08%2F07&k_raceNo=1&k_babaCode=21,data/cache/html/20090807_kawasaki_1.html
20090807_kawasaki_2,2009-08-07,kawasaki,2,https://www.keiba.go.jp/KeibaWeb/TodayRaceInfo/RaceMarkTable?k_raceDate=2009%2F08%2F07&k_raceNo=2&k_babaCode=21,data/cache/html/20090807_kawasaki_2.html
20090807_kawasaki_3,2009-08-07,kawasaki,3,https://www.keiba.go.jp/KeibaWeb/TodayRaceInfo/RaceMarkTable?k_raceDate=2009%2F08%2F07&k_raceNo=3&k_babaCode=21,data/cache/html/20090807_kawasaki_3.html
20090807_kawasaki_4,2009-08-07,kawasaki,4,https://www.keiba.go.jp/KeibaWeb/TodayRaceInfo/RaceMarkTable?k_raceDate=2009%2F08%2F07&k_raceNo=4&k_babaCode=21,data/cache/html/20090807_kawasaki_4.html
20090807_kawasaki_5,2009-08-07,kawasaki,5,https://www.keiba.go.jp/KeibaWeb/TodayRaceInfo/RaceMarkTable?k_raceDate=2009%2F08%2F07&k_raceNo=5&k_babaCode=21,data/cache/html/20090807_kawasaki_5.html
20090807_kawasaki_6,2009-08-07,kawasaki,6,https://www.keiba.go.jp/KeibaWeb/TodayRaceInfo/RaceMarkTable?k_raceDate=2009%2F08%2F07&k_raceNo=6&k_babaCode=21,data/cache/html/20090807_kawasaki_6.html
20090807_kawasaki_7,2009-08-07,kawasaki,7,https://www.keiba.go.jp/KeibaWeb/TodayRaceInfo/RaceMarkTable?k_raceDate=2009%2F08%2F07&k_raceNo=7&k_babaCode=21,data/cache/html/20090807_kawasaki_7.html
20090807_kawasaki_8,2009-08-07,kawasaki,8,https://www.keiba.go.jp/KeibaWeb/TodayRaceInfo/RaceMarkTable?k_raceDate=2009%2F08%2F07&k_raceNo=8&k_babaCode=21,data/cache/html/20090807_kawasaki_8.html
20090807_kawasaki_9,2009-08-07,kawasaki,9,https://www.keiba.go.jp/KeibaWeb/TodayRaceInfo/RaceMarkTable?k_raceDate=2009%2F08%2F07&k_raceNo=9&k_babaCode=21,data/cache/html/20090807_kawasaki_9.html
20090807_kawasaki_10,2009-08-07,kawasaki,10,https://www.keiba.go.jp/KeibaWeb/TodayRaceInfo/RaceMarkTable?k_raceDate=2009%2F08%2F07&k_raceNo=10&k_babaCode=21,data/cache/html/20090807_kawasaki_10.html
20090807_kawasaki_11,2009-08-07,kawasaki,11,https://www.keiba.go.jp/KeibaWeb/TodayRaceInfo/RaceMarkTable?k_raceDate=2009%2F08%2F07&k_raceNo=11&k_babaCode=21,data/cache/html/20090807_kawasaki_11.html
20090807_kawasaki_12,2009-08-07,kawasaki,12,https://www.keiba.go.jp/KeibaWeb/TodayRaceInfo/RaceMarkTable?k_raceDate=2009%2F08%2F07&k_raceNo=12&k_babaCode=21,data/cache/html/20090807_kawasaki_12.html
20090806_kawasaki_1,2009-08-06,kawasaki,1,https://www.keiba.go.jp/KeibaWeb/TodayRaceInfo/RaceMarkTable?k_raceDate=2009%2F08%2F06&k_raceNo=1&k_babaCode=21,data/cache/html/20090806_kawasaki_1.html
20090806_kawasaki_2,2009-08-06,kawasaki,2,https://www.keiba.go.jp/KeibaWeb/TodayRaceInfo/RaceMarkTable?k_raceDate=2009%2F08%2F06&k_raceNo=2&k_babaCode=21,data/cache/html/20090806_kawasaki_2.html
20090806_kawasaki_3,2009-08-06,kawasaki,3,https://www.keiba.go.jp/KeibaWeb/TodayRaceInfo/RaceMarkTable?k_raceDate=2009%2F08%2F06&k_raceNo=3&k_babaCode=21,data/cache/html/20090806_kawasaki_3.html
20090806_kawasaki_4,2009-08-06,kawasaki,4,https://www.keiba.go.jp/KeibaWeb/TodayRaceInfo/RaceMarkTable?k_raceDate=2009%2F08%2F06&k_raceNo=4&k_babaCode=21,data/cache/html/20090806_kawasaki_4.html
20090806_kawasaki_5,2009-08-06,kawasaki,5,https://www.keiba.go.jp/KeibaWeb/TodayRaceInfo/RaceMarkTable?k_raceDate=2009%2F08%2F06&k_raceNo=5&k_babaCode=21,data/cache/html/20090806_kawasaki_5.html
20090806_kawasaki_6,2009-08-06,kawasaki,6,https://www.keiba.go.jp/KeibaWeb/TodayRaceInfo/RaceMarkTable?k_raceDate=2009%2F08%2F06&k_raceNo=6&k_babaCode=21,data/cache/html/20090806_kawasaki_6.html
20090806_kawasaki_7,2009-08-06,kawasaki,7,https://www.keiba.go.jp/KeibaWeb/TodayRaceInfo/RaceMarkTable?k_raceDate=2009%2F08%2F06&k_raceNo=7&k_babaCode=21,data/cache/html/20090806_kawasaki_7.html
20090806_kawasaki_8,2009-08-06,kawasaki,8,https://www.keiba.go.jp/KeibaWeb/TodayRaceInfo/RaceMarkTable?k_raceDate=2009%2F08%2F06&k_raceNo=8&k_babaCode=21,data/cache/html/20090806_kawasaki_8.html
20090806_kawasaki_9,2009-08-06,kawasaki,9,https://www.keiba.go.jp/KeibaWeb/TodayRaceInfo/RaceMarkTable?k_raceDate=2009%2F08%2F06&k_raceNo=9&k_babaCode=21,data/cache/html/20090806_kawasaki_9.html
20090806_kawasaki_10,2009-08-06,kawasaki,10,https://www.keiba.go.jp/KeibaWeb/TodayRaceInfo/RaceMarkTable?k_raceDate=2009%2F08%2F06&k_raceNo=10&k_babaCode=21,data/cache/html/20090806_kawasaki_10.html
20090806_kawasaki_11,2009-08-06,kawasaki,11,https://www.keiba.go.jp/KeibaWeb/TodayRaceInfo/RaceMarkTable?k_raceDate=2009%2F08%2F06&k_raceNo=11&k_babaCode=21,data/cache/html/20090806_kawasaki_11.html
20090806_kawasaki_12,2009-08-06,kawasaki,12,https://www.keiba.go.jp/KeibaWeb/TodayRaceInfo/RaceMarkTable?k_raceDate=2009%2F08%2F06&k_raceNo=12&k_babaCode=21,data/cache/html/20090806_kawasaki_12.html
20090805_kawasaki_1,2009-08-05,kawasaki,1,https://www.keiba.go.jp/KeibaWeb/TodayRaceInfo/RaceMarkTable?k_raceDate=2009%2F08%2F05&k_raceNo=1&k_babaCode=21,data/cache/html/20090805_kawasaki_1.html
20090805_kawasaki_2,2009-08-05,kawasaki,2,https://www.keiba.go.jp/KeibaWeb/TodayRaceInfo/RaceMarkTable?k_raceDate=2009%2F08%2F05&k_raceNo=2&k_babaCode=21,data/cache/html/20090805_kawasaki_2.html
20090805_kawasaki_3,2009-08-05,kawasaki,3,https://www.keiba.go.jp/KeibaWeb/TodayRaceInfo/RaceMarkTable?k_raceDate=2009%2F08%2F05&k_raceNo=3&k_babaCode=21,data/cache/html/20090805_kawasaki_3.html
20090805_kawasaki_4,2009-08-05,kawasaki,4,https://www.keiba.go.jp/KeibaWeb/TodayRaceInfo/RaceMarkTable?k_raceDate=2009%2F08%2F05&k_raceNo=4&k_babaCode=21,data/cache/html/20090805_kawasaki_4.html
20090805_kawasaki_5,2009-08-05,kawasaki,5,https://www.keiba.go.jp/KeibaWeb/TodayRaceInfo/RaceMarkTable?k_raceDate=2009%2F08%2F05&k_raceNo=5&k_babaCode=21,data/cache/html/20090805_kawasaki_5.html
20090805_kawasaki_6,2009-08-05,kawasaki,6,https://www.keiba.go.jp/KeibaWeb/TodayRaceInfo/RaceMarkTable?k_raceDate=2009%2F08%2F05&k_raceNo=6&k_babaCode=21,data/cache/html/20090805_kawasaki_6.html
20090805_kawasaki_7,2009-08-05,kawasaki,7,https://www.keiba.go.jp/KeibaWeb/TodayRaceInfo/RaceMarkTable?k_raceDate=2009%2F08%2F05&k_raceNo=7&k_babaCode=21,data/cache/html/20090805_kawasaki_7.html
20090805_kawasaki_8,2009-08-05,kawasaki,8,https://www.keiba.go.jp/KeibaWeb/TodayRaceInfo/RaceMarkTable?k_raceDate=2009%2F08%2F05&k_raceNo=8&k_babaCode=21,data/cache/html/20090805_kawasaki_8.html
20090805_kawasaki_9,2009-08-05,kawasaki,9,https://www.keiba.go.jp/KeibaWeb/TodayRaceInfo/RaceMarkTable?k_raceDate=2009%2F08%2F05&k_raceNo=9&k_babaCode=21,data/cache/html/20090805_kawasaki_9.html
20090805_kawasaki_10,2009-08-05,kawasaki,10,https://www.keiba.go.jp/KeibaWeb/TodayRaceInfo/RaceMarkTable?k_raceDate=2009%2F08%2F05&k_raceNo=10&k_babaCode=21,data/cache/html/20090805_kawasaki_10.html
20090805_kawasaki_11,2009-08-05,kawasaki,11,https://www.keiba.go.jp/KeibaWeb/TodayRaceInfo/RaceMarkTable?k_raceDate=2009%2F08%2F05&k_raceNo=11&k_babaCode=21,data/cache/html/20090805_kawasaki_11.html
20090805_kawasaki_12,2009-08-05,kawasaki,12,https://www.keiba.go.jp/KeibaWeb/TodayRaceInfo/RaceMarkTable?k_raceDate=2009%2F08%2F05&k_raceNo=12&k_babaCode=21,data/cache/html/20090805_kawasaki_12.html
20090804_kawasaki_1,2009-08-04,kawasaki,1,https://www.keiba.go.jp/KeibaWeb/TodayRaceInfo/RaceMarkTable?k_raceDate=2009%2F08%2F04&k_raceNo=1&k_babaCode=21,data/cache/html/20090804_kawasaki_1.html
20090804_kawasaki_2,2009-08-04,kawasaki,2,https://www.keiba.go.jp/KeibaWeb/TodayRaceInfo/RaceMarkTable?k_raceDate=2009%2F08%2F04&k_raceNo=2&k_babaCode=21,data/cache/html/20090804_kawasaki_2.html
20090804_kawasaki_3,2009-08-04,kawasaki,3,https://www.keiba.go.jp/KeibaWeb/TodayRaceInfo/RaceMarkTable?k_raceDate=2009%2F08%2F04&k_raceNo=3&k_babaCode=21,data/cache/html/20090804_kawasaki_3.html
20090804_kawasaki_4,2009-08-04,kawasaki,4,https://www.keiba.go.jp/KeibaWeb/TodayRaceInfo/RaceMarkTable?k_raceDate=2009%2F08%2F04&k_raceNo=4&k_babaCode=21,data/cache/html/20090804_kawasaki_4.html
20090804_kawasaki_5,2009-08-04,kawasaki,5,https://www.keiba.go.jp/KeibaWeb/TodayRaceInfo/RaceMarkTable?k_raceDate=2009%2F08%2F04&k_raceNo=5&k_babaCode=21,data/cache/html/20090804_kawasaki_5.html
20090804_kawasaki_6,2009-08-04,kawasaki,6,https://www.keiba.go.jp/KeibaWeb/TodayRaceInfo/RaceMarkTable?k_raceDate=2009%2F08%2F04&k_raceNo=6&k_babaCode=21,data/cache/html/20090804_kawasaki_6.html
20090804_kawasaki_7,2009-08-04,kawasaki,7,https://www.keiba.go.jp/KeibaWeb/TodayRaceInfo/RaceMarkTable?k_raceDate=2009%2F08%2F04&k_raceNo=7&k_babaCode=21,data/cache/html/20090804_kawasaki_7.html
20090804_kawasaki_8,2009-08-04,kawasaki,8,https://www.keiba.go.jp/KeibaWeb/TodayRaceInfo/RaceMarkTable?k_raceDate=2009%2F08%2F04&k_raceNo=8&k_babaCode=21,data/cache/html/20090804_kawasaki_8.html
20090804_kawasaki_9,2009-08-04,kawasaki,9,https://www.keiba.go.jp/KeibaWeb/TodayRaceInfo/RaceMarkTable?k_raceDate=2009%2F08%2F04&k_raceNo=9&k_babaCode=21,data/cache/html/20090804_kawasaki_9.html
20090804_kawasaki_10,2009-08-04,kawasaki,10,https://www.keiba.go.jp/KeibaWeb/TodayRaceInfo/RaceMarkTable?k_raceDate=2009%2F08%2F04&k_raceNo=10&k_babaCode=21,data/cache/html/20090804_kawasaki_10.html
20090804_kawasaki_11,2009-08-04,kawasaki,11,https://www.keiba.go.jp/KeibaWeb/TodayRaceInfo/RaceMarkTable?k_raceDate=2009%2F08%2F04&k_raceNo=11&k_babaCode=21,data/cache/html/20090804_kawasaki_11.html
20090804_kawasaki_12,2009-08-04,kawasaki,12,https://www.keiba.go.jp/KeibaWeb/TodayRaceInfo/RaceMarkTable?k_raceDate=2009%2F08%2F04&k_raceNo=12&k_babaCode=21,data/cache/html/20090804_kawasaki_12.html
20090803_kawasaki_1,2009-08-03,kawasaki,1,https://www.keiba.go.jp/KeibaWeb/TodayRaceInfo/RaceMarkTable?k_raceDate=2009%2F08%2F03&k_raceNo=1&k_babaCode=21,data/cache/html/20090803_kawasaki_1.html
20090803_kawasaki_2,2009-08-03,kawasaki,2,https://www.keiba.go.jp/KeibaWeb/TodayRaceInfo/RaceMarkTable?k_raceDate=2009%2F08%2F03&k_raceNo=2&k_babaCode=21,data/cache/html/20090803_kawasaki_2.html
20090803_kawasaki_3,2009-08-03,kawasaki,3,https://www.keiba.go.jp/KeibaWeb/TodayRaceInfo/RaceMarkTable?k_raceDate=2009%2F08%2F03&k_raceNo=3&k_babaCode=21,data/cache/html/20090803_kawasaki_3.html
20090803_kawasaki_4,2009-08-03,kawasaki,4,https://www.keiba.go.jp/KeibaWeb/TodayRaceInfo/RaceMarkTable?k_raceDate=2009%2F08%2F03&k_raceNo=4&k_babaCode=21,data/cache/html/20090803_kawasaki_4.html
20090803_kawasaki_5,2009-08-03,kawasaki,5,https://www.keiba.go.jp/KeibaWeb/TodayRaceInfo/RaceMarkTable?k_raceDate=2009%2F08%2F03&k_raceNo=5&k_babaCode=21,data/cache/html/20090803_kawasaki_5.html
20090803_kawasaki_6,2009-08-03,kawasaki,6,https://www.keiba.go.jp/KeibaWeb/TodayRaceInfo/RaceMarkTable?k_raceDate=2009%2F08%2F03&k_raceNo=6&k_babaCode=21,data/cache/html/20090803_kawasaki_6.html
20090803_kawasaki_7,2009-08-03,kawasaki,7,https://www.keiba.go.jp/KeibaWeb/TodayRaceInfo/RaceMarkTable?k_raceDate=2009%2F08%2F03&k_raceNo=7&k_babaCode=21,data/cache/html/20090803_kawasaki_7.html
20090803_kawasaki_8,2009-08-03,kawasaki,8,https://www.keiba.go.jp/KeibaWeb/TodayRaceInfo/RaceMarkTable?k_raceDate=2009%2F08%2F03&k_raceNo=8&k_babaCode=21,data/cache/html/20090803_kawasaki_8.html
20090803_kawasaki_9,2009-08-03,kawasaki,9,https://www.keiba.go.jp/KeibaWeb/TodayRaceInfo/RaceMarkTable?k_raceDate=2009%2F08%2F03&k_raceNo=9&k_babaCode=21,data/cache/html/20090803_kawasaki_9.html
20090803_kawasaki_10,2009-08-03,kawasaki,10,https://www.keiba.go.jp/KeibaWeb/TodayRaceInfo/RaceMarkTable?k_raceDate=2009%2F08%2F03&k_raceNo=10&k_babaCode=21,data/cache/html/20090803_kawasaki_10.html
20090803_kawasaki_11,2009-08-03,kawasaki,11,https://www.keiba.go.jp/KeibaWeb/TodayRaceInfo/RaceMarkTable?k_raceDate=2009%2F08%2F03&k_raceNo=11&k_babaCode=21,data/cache/html/20090803_kawasaki_11.html
20090803_kawasaki_12,2009-08-03,kawasaki,12,https://www.keiba.go.jp/KeibaWeb/TodayRaceInfo/RaceMarkTable?k_raceDate=2009%2F08%2F03&k_raceNo=12&k_babaCode=21,data/cache/html/20090803_kawasaki_12.html
20090802_kawasaki_1,2009-08-02,kawasaki,1,https://www.keiba.go.jp/KeibaWeb/TodayRaceInfo/RaceMarkTable?k_raceDate=2009%2F08%2F02&k_raceNo=1&k_babaCode=21,data/cache/html/20090802_kawasaki_1.html
20090802_kawasaki_2,2009-08-02,kawasaki,2,https://www.keiba.go.jp/KeibaWeb/TodayRaceInfo/RaceMarkTable?k_raceDate=2009%2F08%2F02&k_raceNo=2&k_babaCode=21,data/cache/html/20090802_kawasaki_2.html
20090802_kawasaki_3,2009-08-02,kawasaki,3,https://www.keiba.go.jp/KeibaWeb/TodayRaceInfo/RaceMarkTable?k_raceDate=2009%2F08%2F02&k_raceNo=3&k_babaCode=21,data/cache/html/20090802_kawasaki_3.html
20090802_kawasaki_4,2009-08-02,kawasaki,4,https://www.keiba.go.jp/KeibaWeb/TodayRaceInfo/RaceMarkTable?k_raceDate=2009%2F08%2F02&k_raceNo=4&k_babaCode=21,data/cache/html/20090802_kawasaki_4.html
20090802_kawasaki_5,2009-08-02,kawasaki,5,https://www.keiba.go.jp/KeibaWeb/TodayRaceInfo/RaceMarkTable?k_raceDate=2009%2F08%2F02&k_raceNo=5&k_babaCode=21,data/cache/html/20090802_kawasaki_5.html
20090802_kawasaki_6,2009-08-02,kawasaki,6,https://www.keiba.go.jp/KeibaWeb/TodayRaceInfo/RaceMarkTable?k_raceDate=2009%2F08%2F02&k_raceNo=6&k_babaCode=21,data/cache/html/20090802_kawasaki_6.html
20090802_kawasaki_7,2009-08-02,kawasaki,7,https://www.keiba.go.jp/KeibaWeb/TodayRaceInfo/RaceMarkTable?k_raceDate=2009%2F08%2F02&k_raceNo=7&k_babaCode=21,data/cache/html/20090802_kawasaki_7.html
20090802_kawasaki_8,2009-08-02,kawasaki,8,https://www.keiba.go.jp/KeibaWeb/TodayRaceInfo/RaceMarkTable?k_raceDate=2009%2F08%2F02&k_raceNo=8&k_babaCode=21,data/cache/html/20090802_kawasaki_8.html
20090802_kawasaki_9,2009-08-02,kawasaki,9,https://www.keiba.go.jp/KeibaWeb/TodayRaceInfo/RaceMarkTable?k_raceDate=2009%2F08%2F02&k_raceNo=9&k_babaCode=21,data/cache/html/20090802_kawasaki_9.html
20090802_kawasaki_10,2009-08-02,kawasaki,10,https://www.keiba.go.jp/KeibaWeb/TodayRaceInfo/RaceMarkTable?k_raceDate=2009%2F08%2F02&k_raceNo=10&k_babaCode=21,data/cache/html/20090802_kawasaki_10.html
20090802_kawasaki_11,2009-08-02,kawasaki,11,https://www.keiba.go.jp/KeibaWeb/TodayRaceInfo/RaceMarkTable?k_raceDate=2009%2F08%2F02&k_raceNo=11&k_babaCode=21,data/cache/html/20090802_kawasaki_11.html
20090802_kawasaki_12,2009-08-02,kawasaki,12,https://www.keiba.go.jp/KeibaWeb/TodayRaceInfo/RaceMarkTable?k_raceDate=2009%2F08%2F02&k_raceNo=12&k_babaCode=21,data/cache/html/20090802_kawasaki_12.html
20090801_kawasaki_1,2009-08-01,kawasaki,1,https://www.keiba.go.jp/KeibaWeb/TodayRaceInfo/RaceMarkTable?k_raceDate=2009%2F08%2F01&k_raceNo=1&k_babaCode=21,data/cache/html/20090801_kawasaki_1.html
20090801_kawasaki_2,2009-08-01,kawasaki,2,https://www.keiba.go.jp/KeibaWeb/TodayRaceInfo/RaceMarkTable?k_raceDate=2009%2F08%2F01&k_raceNo=2&k_babaCode=21,data/cache/html/20090801_kawasaki_2.html
20090801_kawasaki_3,2009-08-01,kawasaki,3,https://www.keiba.go.jp/KeibaWeb/TodayRaceInfo/RaceMarkTable?k_raceDate=2009%2F08%2F01&k_raceNo=3&k_babaCode=21,data/cache/html/20090801_kawasaki_3.html
20090801_kawasaki_4,2009-08-01,kawasaki,4,https://www.keiba.go.jp/KeibaWeb/TodayRaceInfo/RaceMarkTable?k_raceDate=2009%2F08%2F01&k_raceNo=4&k_babaCode=21,data/cache/html/20090801_kawasaki_4.html
20090801_kawasaki_5,2009-08-01,kawasaki,5,https://www.keiba.go.jp/KeibaWeb/TodayRaceInfo/RaceMarkTable?k_raceDate=2009%2F08%2F01&k_raceNo=5&k_babaCode=21,data/cache/html/20090801_kawasaki_5.html
20090801_kawasaki_6,2009-08-01,kawasaki,6,https://www.keiba.go.jp/KeibaWeb/TodayRaceInfo/RaceMarkTable?k_raceDate=2009%2F08%2F01&k_raceNo=6&k_babaCode=21,data/cache/html/20090801_kawasaki_6.html
20090801_kawasaki_7,2009-08-01,kawasaki,7,https://www.keiba.go.jp/KeibaWeb/TodayRaceInfo/RaceMarkTable?k_raceDate=2009%2F08%2F01&k_raceNo=7&k_babaCode=21,data/cache/html/20090801_kawasaki_7.html
20090801_kawasaki_8,2009-08-01,kawasaki,8,https://www.keiba.go.jp/KeibaWeb/TodayRaceInfo/RaceMarkTable?k_raceDate=2009%2F08%2F01&k_raceNo=8&k_babaCode=21,data/cache/html/20090801_kawasaki_8.html
20090801_kawasaki_9,2009-08-01,kawasaki,9,https://www.keiba.go.jp/KeibaWeb/TodayRaceInfo/RaceMarkTable?k_raceDate=2009%2F08%2F01&k_raceNo=9&k_babaCode=21,data/cache/html/20090801_kawasaki_9.html
20090801_kawasaki_10,2009-08-01,kawasaki,10,https://www.keiba.go.jp/KeibaWeb/TodayRaceInfo/RaceMarkTable?k_raceDate=2009%2F08%2F01&k_raceNo=10&k_babaCode=21,data/cache/html/20090801_kawasaki_10.html
20090801_kawasaki_11,2009-08-01,kawasaki,11,https://www.keiba.go.jp/KeibaWeb/TodayRaceInfo/RaceMarkTable?k_raceDate=2009%2F08%2F01&k_raceNo=11&k_babaCode=21,data/cache/html/20090801_kawasaki_11.html
20090801_kawasaki_12,2009-08-01,kawasaki,12,https://www.keiba.go.jp/KeibaWeb/TodayRaceInfo/RaceMarkTable?k_raceDate=2009%2F08%2F01&k_raceNo=12&k_babaCode=21,data/cache/html/20090801_kawasaki_12.html
20090726_kawasaki_1,2009-07-26,kawasaki,1,https://www.keiba.go.jp/KeibaWeb/TodayRaceInfo/RaceMarkTable?k_raceDate=2009%2F07%2F26&k_raceNo=1&k_babaCode=21,data/cache/html/20090726_kawasaki_1.html
20090726_kawasaki_2,2009-07-26,kawasaki,2,https://www.keiba.go.jp/KeibaWeb/TodayRaceInfo/RaceMarkTable?k_raceDate=2009%2F07%2F26&k_raceNo=2&k_babaCode=21,data/cache/html/20090726_kawasaki_2.html
20090726_kawasaki_3,2009-07-26,kawasaki,3,https://www.keiba.go.jp/KeibaWeb/TodayRaceInfo/RaceMarkTable?k_raceDate=2009%2F07%2F26&k_raceNo=3&k_babaCode=21,data/cache/html/20090726_kawasaki_3.html
20090726_kawasaki_4,2009-07-26,kawasaki,4,https://www.keiba.go.jp/KeibaWeb/TodayRaceInfo/RaceMarkTable?k_raceDate=2009%2F07%2F26&k_raceNo=4&k_babaCode=21,data/cache/html/20090726_kawasaki_4.html
20090726_kawasaki_5,2009-07-26,kawasaki,5,https://www.keiba.go.jp/KeibaWeb/TodayRaceInfo/RaceMarkTable?k_raceDate=2009%2F07%2F26&k_raceNo=5&k_babaCode=21,data/cache/html/20090726_kawasaki_5.html
20090726_kawasaki_6,2009-07-26,kawasaki,6,https://www.keiba.go.jp/KeibaWeb/TodayRaceInfo/RaceMarkTable?k_raceDate=2009%2F07%2F26&k_raceNo=6&k_babaCode=21,data/cache/html/20090726_kawasaki_6.html
20090726_kawasaki_7,2009-07-26,kawasaki,7,https://www.keiba.go.jp/KeibaWeb/TodayRaceInfo/RaceMarkTable?k_raceDate=2009%2F07%2F26&k_raceNo=7&k_babaCode=21,data/cache/html/20090726_kawasaki_7.html
20090726_kawasaki_8,2009-07-26,kawasaki,8,https://www.keiba.go.jp/KeibaWeb/TodayRaceInfo/RaceMarkTable?k_raceDate=2009%2F07%2F26&k_raceNo=8&k_babaCode=21,data/cache/html/20090726_kawasaki_8.html
20090726_kawasaki_9,2009-07-26,kawasaki,9,https://www.keiba.go.jp/KeibaWeb/TodayRaceInfo/RaceMarkTable?k_raceDate=2009%2F07%2F26&k_raceNo=9&k_babaCode=21,data/cache/html/20090726_kawasaki_9.html
20090726_kawasaki_10,2009-07-26,kawasaki,10,https://www.keiba.go.jp/KeibaWeb/TodayRaceInfo/RaceMarkTable?k_raceDate=2009%2F07%2F26&k_raceNo=10&k_babaCode=21,data/cache/html/20090726_kawasaki_10.html
20090726_kawasaki_11,2009-07-26,kawasaki,11,https://www.keiba.go.jp/KeibaWeb/TodayRaceInfo/RaceMarkTable?k_raceDate=2009%2F07%2F26&k_raceNo=11&k_babaCode=21,data/cache/html/20090726_kawasaki_11.html
20090726_kawasaki_12,2009-07-26,kawasaki,12,https://www.keiba.go.jp/KeibaWeb/TodayRaceInfo/RaceMarkTable?k_raceDate=2009%2F07%2F26&k_raceNo=12&k_babaCode=21,data/cache/html/20090726_kawasaki_12.html
20090725_kawasaki_1,2009-07-25,kawasaki,1,https://www.keiba.go.jp/KeibaWeb/TodayRaceInfo/RaceMarkTable?k_raceDate=2009%2F07%2F25&k_raceNo=1&k_babaCode=21,data/cache/html/20090725_kawasaki_1.html
20090725_kawasaki_2,2009-07-25,kawasaki,2,https://www.keiba.go.jp/KeibaWeb/TodayRaceInfo/RaceMarkTable?k_raceDate=2009%2F07%2F25&k_raceNo=2&k_babaCode=21,data/cache/html/20090725_kawasaki_2.html
20090725_kawasaki_3,2009-07-25,kawasaki,3,https://www.keiba.go.jp/KeibaWeb/TodayRaceInfo/RaceMarkTable?k_raceDate=2009%2F07%2F25&k_raceNo=3&k_babaCode=21,data/cache/html/20090725_kawasaki_3.html
20090725_kawasaki_4,2009-07-25,kawasaki,4,https://www.keiba.go.jp/KeibaWeb/TodayRaceInfo/RaceMarkTable?k_raceDate=2009%2F07%2F25&k_raceNo=4&k_babaCode=21,data/cache/html/20090725_kawasaki_4.html
20090725_kawasaki_5,2009-07-25,kawasaki,5,https://www.keiba.go.jp/KeibaWeb/TodayRaceInfo/RaceMarkTable?k_raceDate=2009%2F07%2F25&k_raceNo=5&k_babaCode=21,data/cache/html/20090725_kawasaki_5.html
20090725_kawasaki_6,2009-07-25,kawasaki,6,https://www.keiba.go.jp/KeibaWeb/TodayRaceInfo/RaceMarkTable?k_raceDate=2009%2F07%2F25&k_raceNo=6&k_babaCode=21,data/cache/html/20090725_kawasaki_6.html
20090725_kawasaki_7,2009-07-25,kawasaki,7,https://www.keiba.go.jp/KeibaWeb/TodayRaceInfo/RaceMarkTable?k_raceDate=2009%2F07%2F25&k_raceNo=7&k_babaCode=21,data/cache/html/20090725_kawasaki_7.html
20090725_kawasaki_8,2009-07-25,kawasaki,8,https://www.keiba.go.jp/KeibaWeb/TodayRaceInfo/RaceMarkTable?k_raceDate=2009%2F07%2F25&k_raceNo=8&k_babaCode=21,data/cache/html/20090725_kawasaki_8.html
20090725_kawasaki_9,2009-07-25,kawasaki,9,https://www.keiba.go.jp/KeibaWeb/TodayRaceInfo/RaceMarkTable?k_raceDate=2009%2F07%2F25&k_raceNo=9&k_babaCode=21,data/cache/html/20090725_kawasaki_9.html
20090725_kawasaki_10,2009-07-25,kawasaki,10,https://www.keiba.go.jp/KeibaWeb/TodayRaceInfo/RaceMarkTable?k_raceDate=2009%2F07%2F25&k_raceNo=10&k_babaCode=21,data/cache/html/20090725_kawasaki_10.html
20090725_kawasaki_11,2009-07-25,kawasaki,11,https://www.keiba.go.jp/KeibaWeb/TodayRaceInfo/RaceMarkTable?k_raceDate=2009%2F07%2F25&k_raceNo=11&k_babaCode=21,data/cache/html/20090725_kawasaki_11.html
20090725_kawasaki_12,2009-07-25,kawasaki,12,https://www.keiba.go.jp/KeibaWeb/TodayRaceInfo/RaceMarkTable?k_raceDate=2009%2F07%2F25&k_raceNo=12&k_babaCode=21,data/cache/html/20090725_kawasaki_12.html
20090724_kawasaki_1,2009-07-24,kawasaki,1,https://www.keiba.go.jp/KeibaWeb/TodayRaceInfo/RaceMarkTable?k_raceDate=2009%2F07%2F24&k_raceNo=1&k_babaCode=21,data/cache/html/20090724_kawasaki_1.html
20090724_kawasaki_2,2009-07-24,kawasaki,2,https://www.keiba.go.jp/KeibaWeb/TodayRaceInfo/RaceMarkTable?k_raceDate=2009%2F07%2F24&k_raceNo=2&k_babaCode=21,data/cache/html/20090724_kawasaki_2.html
20090724_kawasaki_3,2009-07-24,kawasaki,3,https://www.keiba.go.jp/KeibaWeb/TodayRaceInfo/RaceMarkTable?k_raceDate=2009%2F07%2F24&k_raceNo=3&k_babaCode=21,data/cache/html/20090724_kawasaki_3.html
20090724_kawasaki_4,2009-07-24,kawasaki,4,https://www.keiba.go.jp/KeibaWeb/TodayRaceInfo/RaceMarkTable?k_raceDate=2009%2F07%2F24&k_raceNo=4&k_babaCode=21,data/cache/html/20090724_kawasaki_4.html
20090724_kawasaki_5,2009-07-24,kawasaki,5,https://www.keiba.go.jp/KeibaWeb/TodayRaceInfo/RaceMarkTable?k_raceDate=2009%2F07%2F24&k_raceNo=5&k_babaCode=21,data/cache/html/20090724_kawasaki_5.html
20090724_kawasaki_6,2009-07-24,kawasaki,6,https://www.keiba.go.jp/KeibaWeb/TodayRaceInfo/RaceMarkTable?k_raceDate=2009%2F07%2F24&k_raceNo=6&k_babaCode=21,data/cache/html/20090724_kawasaki_6.html
20090724_kawasaki_7,2009-07-24,kawasaki,7,https://www.keiba.go.jp/KeibaWeb/TodayRaceInfo/RaceMarkTable?k_raceDate=2009%2F07%2F24&k_raceNo=7&k_babaCode=21,data/cache/html/20090724_kawasaki_7.html
20090724_kawasaki_8,2009-07-24,kawasaki,8,https://www.keiba.go.jp/KeibaWeb/TodayRaceInfo/RaceMarkTable?k_raceDate=2009%2F07%2F24&k_raceNo=8&k_babaCode=21,data/cache/html/20090724_kawasaki_8.html
20090724_kawasaki_9,2009-07-24,kawasaki,9,https://www.keiba.go.jp/KeibaWeb/TodayRaceInfo/RaceMarkTable?k_raceDate=2009%2F07%2F24&k_raceNo=9&k_babaCode=21,data/cache/html/20090724_kawasaki_9.html
20090724_kawasaki_10,2009-07-24,kawasaki,10,https://www.keiba.go.jp/KeibaWeb/TodayRaceInfo/RaceMarkTable?k_raceDate=2009%2F07%2F24&k_raceNo=10&k_babaCode=21,data/cache/html/20090724_kawasaki_10.html
20090724_kawasaki_11,2009-07-24,kawasaki,11,https://www.keiba.go.jp/KeibaWeb/TodayRaceInfo/RaceMarkTable?k_raceDate=2009%2F07%2F24&k_raceNo=11&k_babaCode=21,data/cache/html/20090724_kawasaki_11.html
20090724_kawasaki_12,2009-07-24,kawasaki,12,https://www.keiba.go.jp/KeibaWeb/TodayRaceInfo/RaceMarkTable?k_raceDate=2009%2F07%2F24&k_raceNo=12&k_babaCode=21,data/cache/html/20090724_kawasaki_12.html
20090723_kawasaki_1,2009-07-23,kawasaki,1,https://www.keiba.go.jp/KeibaWeb/TodayRaceInfo/RaceMarkTable?k_raceDate=2009%2F07%2F23&k_raceNo=1&k_babaCode=21,data/cache/html/20090723_kawasaki_1.html
20090723_kawasaki_2,2009-07-23,kawasaki,2,https://www.keiba.go.jp/KeibaWeb/TodayRaceInfo/RaceMarkTable?k_raceDate=2009%2F07%2F23&k_raceNo=2&k_babaCode=21,data/cache/html/20090723_kawasaki_2.html
20090723_kawasaki_3,2009-07-23,kawasaki,3,https://www.keiba.go.jp/KeibaWeb/TodayRaceInfo/RaceMarkTable?k_raceDate=2009%2F07%2F23&k_raceNo=3&k_babaCode=21,data/cache/html/20090723_kawasaki_3.html
20090723_kawasaki_4,2009-07-23,kawasaki,4,https://www.keiba.go.jp/KeibaWeb/TodayRaceInfo/RaceMarkTable?k_raceDate=2009%2F07%2F23&k_raceNo=4&k_babaCode=21,data/cache/html/20090723_kawasaki_4.html
20090723_kawasaki_5,2009-07-23,kawasaki,5,https://www.keiba.go.jp/KeibaWeb/TodayRaceInfo/RaceMarkTable?k_raceDate=2009%2F07%2F23&k_raceNo=5&k_babaCode=21,data/cache/html/20090723_kawasaki_5.html
20090723_kawasaki_6,2009-07-23,kawasaki,6,https://www.keiba.go.jp/KeibaWeb/TodayRaceInfo/RaceMarkTable?k_raceDate=2009%2F07%2F23&k_raceNo=6&k_babaCode=21,data/cache/html/20090723_kawasaki_6.html
20090723_kawasaki_7,2009-07-23,kawasaki,7,https://www.keiba.go.jp/KeibaWeb/TodayRaceInfo/RaceMarkTable?k_raceDate=2009%2F07%2F23&k_raceNo=7&k_babaCode=21,data/cache/html/20090723_kawasaki_7.html
20090723_kawasaki_8,2009-07-23,kawasaki,8,https://www.keiba.go.jp/KeibaWeb/TodayRaceInfo/RaceMarkTable?k_raceDate=2009%2F07%2F23&k_raceNo=8&k_babaCode=21,data/cache/html/20090723_kawasaki_8.html
20090723_kawasaki_9,2009-07-23,kawasaki,9,https://www.keiba.go.jp/KeibaWeb/TodayRaceInfo/RaceMarkTable?k_raceDate=2009%2F07%2F23&k_raceNo=9&k_babaCode=21,data/cache/html/20090723_kawasaki_9.html
20090723_kawasaki_10,2009-07-23,kawasaki,10,https://www.keiba.go.jp/KeibaWeb/TodayRaceInfo/RaceMarkTable?k_raceDate=2009%2F07%2F23&k_raceNo=10&k_babaCode=21,data/cache/html/20090723_kawasaki_10.html
20090723_kawasaki_11,2009-07-23,kawasaki,11,https://www.keiba.go.jp/KeibaWeb/TodayRaceInfo/RaceMarkTable?k_raceDate=2009%2F07%2F23&k_raceNo=11&k_babaCode=21,data/cache/html/20090723_kawasaki_11.html
20090723_kawasaki_12,2009-07-23,kawasaki,12,https://www.keiba.go.jp/KeibaWeb/TodayRaceInfo/RaceMarkTable?k_raceDate=2009%2F07%2F23&k_raceNo=12&k_babaCode=21,data/cache/html/20090723_kawasaki_12.html
20090722_kawasaki_1,2009-07-22,kawasaki,1,https://www.keiba.go.jp/KeibaWeb/TodayRaceInfo/RaceMarkTable?k_raceDate=2009%2F07%2F22&k_raceNo=1&k_babaCode=21,data/cache/html/20090722_kawasaki_1.html
20090722_kawasaki_2,2009-07-22,kawasaki,2,https://www.keiba.go.jp/KeibaWeb/TodayRaceInfo/RaceMarkTable?k_raceDate=2009%2F07%2F22&k_raceNo=2&k_babaCode=21,data/cache/html/20090722_kawasaki_2.html
20090722_kawasaki_3,2009-07-22,kawasaki,3,https://www.keiba.go.jp/KeibaWeb/TodayRaceInfo/RaceMarkTable?k_raceDate=2009%2F07%2F22&k_raceNo=3&k_babaCode=21,data/cache/html/20090722_kawasaki_3.html
20090722_kawasaki_4,2009-07-22,kawasaki,4,https://www.keiba.go.jp/KeibaWeb/TodayRaceInfo/RaceMarkTable?k_raceDate=2009%2F07%2F22&k_raceNo=4&k_babaCode=21,data/cache/html/20090722_kawasaki_4.html
20090722_kawasaki_5,2009-07-22,kawasaki,5,https://www.keiba.go.jp/KeibaWeb/TodayRaceInfo/RaceMarkTable?k_raceDate=2009%2F07%2F22&k_raceNo=5&k_babaCode=21,data/cache/html/20090722_kawasaki_5.html
20090722_kawasaki_6,2009-07-22,kawasaki,6,https://www.keiba.go.jp/KeibaWeb/TodayRaceInfo/RaceMarkTable?k_raceDate=2009%2F07%2F22&k_raceNo=6&k_babaCode=21,data/cache/html/20090722_kawasaki_6.html
20090722_kawasaki_7,2009-07-22,kawasaki,7,https://www.keiba.go.jp/KeibaWeb/TodayRaceInfo/RaceMarkTable?k_raceDate=2009%2F07%2F22&k_raceNo=7&k_babaCode=21,data/cache/html/20090722_kawasaki_7.html
20090722_kawasaki_8,2009-07-22,kawasaki,8,https://www.keiba.go.jp/KeibaWeb/TodayRaceInfo/RaceMarkTable?k_raceDate=2009%2F07%2F22&k_raceNo=8&k_babaCode=21,data/cache/html/20090722_kawasaki_8.html
20090722_kawasaki_9,2009-07-22,kawasaki,9,https://www.keiba.go.jp/KeibaWeb/TodayRaceInfo/RaceMarkTable?k_raceDate=2009%2F07%2F22&k_raceNo=9&k_babaCode=21,data/cache/html/20090722_kawasaki_9.html
20090722_kawasaki_10,2009-07-22,kawasaki,10,https://www.keiba.go.jp/KeibaWeb/TodayRaceInfo/RaceMarkTable?k_raceDate=2009%2F07%2F22&k_raceNo=10&k_babaCode=21,data/cache/html/20090722_kawasaki_10.html
20090722_kawasaki_11,2009-07-22,kawasaki,11,https://www.keiba.go.jp/KeibaWeb/TodayRaceInfo/RaceMarkTable?k_raceDate=2009%2F07%2F22&k_raceNo=11&k_babaCode=21,data/cache/html/20090722_kawasaki_11.html
20090722_kawasaki_12,2009-07-22,kawasaki,12,https://www.keiba.go.jp/KeibaWeb/TodayRaceInfo/RaceMarkTable?k_raceDate=2009%2F07%2F22&k_raceNo=12&k_babaCode=21,data/cache/html/20090722_kawasaki_12.html
20090721_kawasaki_1,2009-07-21,kawasaki,1,https://www.keiba.go.jp/KeibaWeb/TodayRaceInfo/RaceMarkTable?k_raceDate=2009%2F07%2F21&k_raceNo=1&k_babaCode=21,data/cache/html/20090721_kawasaki_1.html
20090721_kawasaki_2,2009-07-21,kawasaki,2,https://www.keiba.go.jp/KeibaWeb/TodayRaceInfo/RaceMarkTable?k_raceDate=2009%2F07%2F21&k_raceNo=2&k_babaCode=21,data/cache/html/20090721_kawasaki_2.html
20090721_kawasaki_3,2009-07-21,kawasaki,3,https://www.keiba.go.jp/KeibaWeb/TodayRaceInfo/RaceMarkTable?k_raceDate=2009%2F07%2F21&k_raceNo=3&k_babaCode=21,data/cache/html/20090721_kawasaki_3.html
20090721_kawasaki_4,2009-07-21,kawasaki,4,https://www.keiba.go.jp/KeibaWeb/TodayRaceInfo/RaceMarkTable?k_raceDate=2009%2F07%2F21&k_raceNo=4&k_babaCode=21,data/cache/html/20090721_kawasaki_4.html
20090721_kawasaki_5,2009-07-21,kawasaki,5,https://www.keiba.go.jp/KeibaWeb/TodayRaceInfo/RaceMarkTable?k_raceDate=2009%2F07%2F21&k_raceNo=5&k_babaCode=21,data/cache/html/20090721_kawasaki_5.html
20090721_kawasaki_6,2009-07-21,kawasaki,6,https://www.keiba.go.jp/KeibaWeb/TodayRaceInfo/RaceMarkTable?k_raceDate=2009%2F07%2F21&k_raceNo=6&k_babaCode=21,data/cache/html/20090721_kawasaki_6.html
20090721_kawasaki_7,2009-07-21,kawasaki,7,https://www.keiba.go.jp/KeibaWeb/TodayRaceInfo/RaceMarkTable?k_raceDate=2009%2F07%2F21&k_raceNo=7&k_babaCode=21,data/cache/html/20090721_kawasaki_7.html
20090721_kawasaki_8,2009-07-21,kawasaki,8,https://www.keiba.go.jp/KeibaWeb/TodayRaceInfo/RaceMarkTable?k_raceDate=2009%2F07%2F21&k_raceNo=8&k_babaCode=21,data/cache/html/20090721_kawasaki_8.html
20090721_kawasaki_9,2009-07-21,kawasaki,9,https://www.keiba.go.jp/KeibaWeb/TodayRaceInfo/RaceMarkTable?k_raceDate=2009%2F07%2F21&k_raceNo=9&k_babaCode=21,data/cache/html/20090721_kawasaki_9.html
20090721_kawasaki_10,2009-07-21,kawasaki,10,https://www.keiba.go.jp/KeibaWeb/TodayRaceInfo/RaceMarkTable?k_raceDate=2009%2F07%2F21&k_raceNo=10&k_babaCode=21,data/cache/html/20090721_kawasaki_10.html
20090721_kawasaki_11,2009-07-21,kawasaki,11,https://www.keiba.go.jp/KeibaWeb/TodayRaceInfo/RaceMarkTable?k_raceDate=2009%2F07%2F21&k_raceNo=11&k_babaCode=21,data/cache/html/20090721_kawasaki_11.html
20090721_kawasaki_12,2009-07-21,kawasaki,12,https://www.keiba.go.jp/KeibaWeb/TodayRaceInfo/RaceMarkTable?k_raceDate=2009%2F07%2F21&k_raceNo=12&k_babaCode=21,data/cache/html/20090721_kawasaki_12.html
20090720_kawasaki_1,2009-07-20,kawasaki,1,https://www.keiba.go.jp/KeibaWeb/TodayRaceInfo/RaceMarkTable?k_raceDate=2009%2F07%2F20&k_raceNo=1&k_babaCode=21,data/cache/html/20090720_kawasaki_1.html
20090720_kawasaki_2,2009-07-20,kawasaki,2,https://www.keiba.go.jp/KeibaWeb/TodayRaceInfo/RaceMarkTable?k_raceDate=2009%2F07%2F20&k_raceNo=2&k_babaCode=21,data/cache/html/20090720_kawasaki_2.html
20090720_kawasaki_3,2009-07-20,kawasaki,3,https://www.keiba.go.jp/KeibaWeb/TodayRaceInfo/RaceMarkTable?k_raceDate=2009%2F07%2F20&k_raceNo=3&k_babaCode=21,data/cache/html/20090720_kawasaki_3.html
20090720_kawasaki_4,2009-07-20,kawasaki,4,https://www.keiba.go.jp/KeibaWeb/TodayRaceInfo/RaceMarkTable?k_raceDate=2009%2F07%2F20&k_raceNo=4&k_babaCode=21,data/cache/html/20090720_kawasaki_4.html
20090720_kawasaki_5,2009-07-20,kawasaki,5,https://www.keiba.go.jp/KeibaWeb/TodayRaceInfo/RaceMarkTable?k_raceDate=2009%2F07%2F20&k_raceNo=5&k_babaCode=21,data/cache/html/20090720_kawasaki_5.html
20090720_kawasaki_6,2009-07-20,kawasaki,6,https://www.keiba.go.jp/KeibaWeb/TodayRaceInfo/RaceMarkTable?k_raceDate=2009%2F07%2F20&k_raceNo=6&k_babaCode=21,data/cache/html/20090720_kawasaki_6.html
20090720_kawasaki_7,2009-07-20,kawasaki,7,https://www.keiba.go.jp/KeibaWeb/TodayRaceInfo/RaceMarkTable?k_raceDate=2009%2F07%2F20&k_raceNo=7&k_babaCode=21,data/cache/html/20090720_kawasaki_7.html
20090720_kawasaki_8,2009-07-20,kawasaki,8,https://www.keiba.go.jp/KeibaWeb/TodayRaceInfo/RaceMarkTable?k_raceDate=2009%2F07%2F20&k_raceNo=8&k_babaCode=21,data/cache/html/20090720_kawasaki_8.html
20090720_kawasaki_9,2009-07-20,kawasaki,9,https://www.keiba.go.jp/KeibaWeb/TodayRaceInfo/RaceMarkTable?k_raceDate=2009%2F07%2F20&k_raceNo=9&k_babaCode=21,data/cache/html/20090720_kawasaki_9.html
20090720_kawasaki_10,2009-07-20,kawasaki,10,https://www.keiba.go.jp/KeibaWeb/TodayRaceInfo/RaceMarkTable?k_raceDate=2009%2F07%2F20&k_raceNo=10&k_babaCode=21,data/cache/html/20090720_kawasaki_10.html
20090720_kawasaki_11,2009-07-20,kawasaki,11,https://www.keiba.go.jp/KeibaWeb/TodayRaceInfo/RaceMarkTable?k_raceDate=2009%2F07%2F20&k_raceNo=11&k_babaCode=21,data/cache/html/20090720_kawasaki_11.html
20090720_kawasaki_12,2009-07-20,kawasaki,12,https://www.keiba.go.jp/KeibaWeb/TodayRaceInfo/RaceMarkTable?k_raceDate=2009%2F07%2F20&k_raceNo=12&k_babaCode=21,data/cache/html/20090720_kawasaki_12.html
20090719_kawasaki_1,2009-07-19,kawasaki,1,https://www.keiba.go.jp/KeibaWeb/TodayRaceInfo/RaceMarkTable?k_raceDate=2009%2F07%2F19&k_raceNo=1&k_babaCode=21,data/cache/html/20090719_kawasaki_1.html
20090719_kawasaki_2,2009-07-19,kawasaki,2,https://www.keiba.go.jp/KeibaWeb/TodayRaceInfo/RaceMarkTable?k_raceDate=2009%2F07%2F19&k_raceNo=2&k_babaCode=21,data/cache/html/20090719_kawasaki_2.html
20090719_kawasaki_3,2009-07-19,kawasaki,3,https://www.keiba.go.jp/KeibaWeb/TodayRaceInfo/RaceMarkTable?k_raceDate=2009%2F07%2F19&k_raceNo=3&k_babaCode=21,data/cache/html/20090719_kawasaki_3.html
20090719_kawasaki_4,2009-07-19,kawasaki,4,https://www.keiba.go.jp/KeibaWeb/TodayRaceInfo/RaceMarkTable?k_raceDate=2009%2F07%2F19&k_raceNo=4&k_babaCode=21,data/cache/html/20090719_kawasaki_4.html
20090719_kawasaki_5,2009-07-19,kawasaki,5,https://www.keiba.go.jp/KeibaWeb/TodayRaceInfo/RaceMarkTable?k_raceDate=2009%2F07%2F19&k_raceNo=5&k_babaCode=21,data/cache/html/20090719_kawasaki_5.html
20090719_kawasaki_6,2009-07-19,kawasaki,6,https://www.keiba.go.jp/KeibaWeb/TodayRaceInfo/RaceMarkTable?k_raceDate=2009%2F07%2F19&k_raceNo=6&k_babaCode=21,data/cache/html/20090719_kawasaki_6.html
20090719_kawasaki_7,2009-07-19,kawasaki,7,https://www.keiba.go.jp/KeibaWeb/TodayRaceInfo/RaceMarkTable?k_raceDate=2009%2F07%2F19&k_raceNo=7&k_babaCode=21,data/cache/html/20090719_kawasaki_7.html
20090719_kawasaki_8,2009-07-19,kawasaki,8,https://www.keiba.go.jp/KeibaWeb/TodayRaceInfo/RaceMarkTable?k_raceDate=2009%2F07%2F19&k_raceNo=8&k_babaCode=21,data/cache/html/20090719_kawasaki_8.html
20090719_kawasaki_9,2009-07-19,kawasaki,9,https://www.keiba.go.jp/KeibaWeb/TodayRaceInfo/RaceMarkTable?k_raceDate=2009%2F07%2F19&k_raceNo=9&k_babaCode=21,data/cache/html/20090719_kawasaki_9.html
20090719_kawasaki_10,2009-07-19,kawasaki,10,https://www.keiba.go.jp/KeibaWeb/TodayRaceInfo/RaceMarkTable?k_raceDate=2009%2F07%2F19&k_raceNo=10&k_babaCode=21,data/cache/html/20090719_kawasaki_10.html
20090719_kawasaki_11,2009-07-19,kawasaki,11,https://www.keiba.go.jp/KeibaWeb/TodayRaceInfo/RaceMarkTable?k_raceDate=2009%2F07%2F19&k_raceNo=11&k_babaCode=21,data/cache/html/20090719_kawasaki_11.html
20090719_kawasaki_12,2009-07-19,kawasaki,12,https://www.keiba.go.jp/KeibaWeb/TodayRaceInfo/RaceMarkTable?k_raceDate=2009%2F07%2F19&k_raceNo=12&k_babaCode=21,data/cache/html/20090719_kawasaki_12.html
20090718_kawasaki_1,2009-07-18,kawasaki,1,https://www.keiba.go.jp/KeibaWeb/TodayRaceInfo/RaceMarkTable?k_raceDate=2009%2F07%2F18&k_raceNo=1&k_babaCode=21,data/cache/html/20090718_kawasaki_1.html
20090718_kawasaki_2,2009-07-18,kawasaki,2,https://www.keiba.go.jp/KeibaWeb/TodayRaceInfo/RaceMarkTable?k_raceDate=2009%2F07%2F18&k_raceNo=2&k_babaCode=21,data/cache/html/20090718_kawasaki_2.html
20090718_kawasaki_3,2009-07-18,kawasaki,3,https://www.keiba.go.jp/KeibaWeb/TodayRaceInfo/RaceMarkTable?k_raceDate=2009%2F07%2F18&k_raceNo=3&k_babaCode=21,data/cache/html/20090718_kawasaki_3.html
20090718_kawasaki_4,2009-07-18,kawasaki,4,https://www.keiba.go.jp/KeibaWeb/TodayRaceInfo/RaceMarkTable?k_raceDate=2009%2F07%2F18&k_raceNo=4&k_babaCode=21,data/cache/html/20090718_kawasaki_4.html
20090718_kawasaki_5,2009-07-18,kawasaki,5,https://www.keiba.go.jp/KeibaWeb/TodayRaceInfo/RaceMarkTable?k_raceDate=2009%2F07%2F18&k_raceNo=5&k_babaCode=21,data/cache/html/20090718_kawasaki_5.html
20090718_kawasaki_6,2009-07-18,kawasaki,6,https://www.keiba.go.jp/KeibaWeb/TodayRaceInfo/RaceMarkTable?k_raceDate=2009%2F07%2F18&k_raceNo=6&k_babaCode=21,data/cache/html/20090718_kawasaki_6.html
20090718_kawasaki_7,2009-07-18,kawasaki,7,https://www.keiba.go.jp/KeibaWeb/TodayRaceInfo/RaceMarkTable?k_raceDate=2009%2F07%2F18&k_raceNo=7&k_babaCode=21,data/cache/html/20090718_kawasaki_7.html
20090718_kawasaki_8,2009-07-18,kawasaki,8,https://www.keiba.go.jp/KeibaWeb/TodayRaceInfo/RaceMarkTable?k_raceDate=2009%2F07%2F18&k_raceNo=8&k_babaCode=21,data/cache/html/20090718_kawasaki_8.html
20090718_kawasaki_9,2009-07-18,kawasaki,9,https://www.keiba.go.jp/KeibaWeb/TodayRaceInfo/RaceMarkTable?k_raceDate=2009%2F07%2F18&k_raceNo=9&k_babaCode=21,data/cache/html/20090718_kawasaki_9.html
20090718_kawasaki_10,2009-07-18,kawasaki,10,https://www.keiba.go.jp/KeibaWeb/TodayRaceInfo/RaceMarkTable?k_raceDate=2009%2F07%2F18&k_raceNo=10&k_babaCode=21,data/cache/html/20090718_kawasaki_10.html
20090718_kawasaki_11,2009-07-18,kawasaki,11,https://www.keiba.go.jp/KeibaWeb/TodayRaceInfo/RaceMarkTable?k_raceDate=2009%2F07%2F18&k_raceNo=11&k_babaCode=21,data/cache/html/20090718_kawasaki_11.html
20090718_kawasaki_12,2009-07-18,kawasaki,12,https://www.keiba.go.jp/KeibaWeb/TodayRaceInfo/RaceMarkTable?k_raceDate=2009%2F07%2F18&k_raceNo=12&k_babaCode=21,data/cache/html/20090718_kawasaki_12.html
20090712_kawasaki_1,2009-07-12,kawasaki,1,https://www.keiba.go.jp/KeibaWeb/TodayRaceInfo/RaceMarkTable?k_raceDate=2009%2F07%2F12&k_raceNo=1&k_babaCode=21,data/cache/html/20090712_kawasaki_1.html
20090712_kawasaki_2,2009-07-12,kawasaki,2,https://www.keiba.go.jp/KeibaWeb/TodayRaceInfo/RaceMarkTable?k_raceDate=2009%2F07%2F12&k_raceNo=2&k_babaCode=21,data/cache/html/20090712_kawasaki_2.html
20090712_kawasaki_3,2009-07-12,kawasaki,3,https://www.keiba.go.jp/KeibaWeb/TodayRaceInfo/RaceMarkTable?k_raceDate=2009%2F07%2F12&k_raceNo=3&k_babaCode=21,data/cache/html/20090712_kawasaki_3.html
20090712_kawasaki_4,2009-07-12,kawasaki,4,https://www.keiba.go.jp/KeibaWeb/TodayRaceInfo/RaceMarkTable?k_raceDate=2009%2F07%2F12&k_raceNo=4&k_babaCode=21,data/cache/html/20090712_kawasaki_4.html
20090712_kawasaki_5,2009-07-12,kawasaki,5,https://www.keiba.go.jp/KeibaWeb/TodayRaceInfo/RaceMarkTable?k_raceDate=2009%2F07%2F12&k_raceNo=5&k_babaCode=21,data/cache/html/20090712_kawasaki_5.html
20090712_kawasaki_6,2009-07-12,kawasaki,6,https://www.keiba.go.jp/KeibaWeb/TodayRaceInfo/RaceMarkTable?k_raceDate=2009%2F07%2F12&k_raceNo=6&k_babaCode=21,data/cache/html/20090712_kawasaki_6.html
20090712_kawasaki_7,2009-07-12,kawasaki,7,https://www.keiba.go.jp/KeibaWeb/TodayRaceInfo/RaceMarkTable?k_raceDate=2009%2F07%2F12&k_raceNo=7&k_babaCode=21,data/cache/html/20090712_kawasaki_7.html
20090712_kawasaki_8,2009-07-12,kawasaki,8,https://www.keiba.go.jp/KeibaWeb/TodayRaceInfo/RaceMarkTable?k_raceDate=2009%2F07%2F12&k_raceNo=8&k_babaCode=21,data/cache/html/20090712_kawasaki_8.html
20090712_kawasaki_9,2009-07-12,kawasaki,9,https://www.keiba.go.jp/KeibaWeb/TodayRaceInfo/RaceMarkTable?k_raceDate=2009%2F07%2F12&k_raceNo=9&k_babaCode=21,data/cache/html/20090712_kawasaki_9.html
20090712_kawasaki_10,2009-07-12,kawasaki,10,https://www.keiba.go.jp/KeibaWeb/TodayRaceInfo/RaceMarkTable?k_raceDate=2009%2F07%2F12&k_raceNo=10&k_babaCode=21,data/cache/html/20090712_kawasaki_10.html
20090712_kawasaki_11,2009-07-12,kawasaki,11,https://www.keiba.go.jp/KeibaWeb/TodayRaceInfo/RaceMarkTable?k_raceDate=2009%2F07%2F12&k_raceNo=11&k_babaCode=21,data/cache/html/20090712_kawasaki_11.html
20090712_kawasaki_12,2009-07-12,kawasaki,12,https://www.keiba.go.jp/KeibaWeb/TodayRaceInfo/RaceMarkTable?k_raceDate=2009%2F07%2F12&k_raceNo=12&k_babaCode=21,data/cache/html/20090712_kawasaki_12.html
20090711_kawasaki_1,2009-07-11,kawasaki,1,https://www.keiba.go.jp/KeibaWeb/TodayRaceInfo/RaceMarkTable?k_raceDate=2009%2F07%2F11&k_raceNo=1&k_babaCode=21,data/cache/html/20090711_kawasaki_1.html
20090711_kawasaki_2,2009-07-11,kawasaki,2,https://www.keiba.go.jp/KeibaWeb/TodayRaceInfo/RaceMarkTable?k_raceDate=2009%2F07%2F11&k_raceNo=2&k_babaCode=21,data/cache/html/20090711_kawasaki_2.html
20090711_kawasaki_3,2009-07-11,kawasaki,3,https://www.keiba.go.jp/KeibaWeb/TodayRaceInfo/RaceMarkTable?k_raceDate=2009%2F07%2F11&k_raceNo=3&k_babaCode=21,data/cache/html/20090711_kawasaki_3.html
20090711_kawasaki_4,2009-07-11,kawasaki,4,https://www.keiba.go.jp/KeibaWeb/TodayRaceInfo/RaceMarkTable?k_raceDate=2009%2F07%2F11&k_raceNo=4&k_babaCode=21,data/cache/html/20090711_kawasaki_4.html
20090711_kawasaki_5,2009-07-11,kawasaki,5,https://www.keiba.go.jp/KeibaWeb/TodayRaceInfo/RaceMarkTable?k_raceDate=2009%2F07%2F11&k_raceNo=5&k_babaCode=21,data/cache/html/20090711_kawasaki_5.html
20090711_kawasaki_6,2009-07-11,kawasaki,6,https://www.keiba.go.jp/KeibaWeb/TodayRaceInfo/RaceMarkTable?k_raceDate=2009%2F07%2F11&k_raceNo=6&k_babaCode=21,data/cache/html/20090711_kawasaki_6.html
20090711_kawasaki_7,2009-07-11,kawasaki,7,https://www.keiba.go.jp/KeibaWeb/TodayRaceInfo/RaceMarkTable?k_raceDate=2009%2F07%2F11&k_raceNo=7&k_babaCode=21,data/cache/html/20090711_kawasaki_7.html
20090711_kawasaki_8,2009-07-11,kawasaki,8,https://www.keiba.go.jp/KeibaWeb/TodayRaceInfo/RaceMarkTable?k_raceDate=2009%2F07%2F11&k_raceNo=8&k_babaCode=21,data/cache/html/20090711_kawasaki_8.html
20090711_kawasaki_9,2009-07-11,kawasaki,9,https://www.keiba.go.jp/KeibaWeb/TodayRaceInfo/RaceMarkTable?k_raceDate=2009%2F07%2F11&k_raceNo=9&k_babaCode=21,data/cache/html/20090711_kawasaki_9.html
20090711_kawasaki_10,2009-07-11,kawasaki,10,https://www.keiba.go.jp/KeibaWeb/TodayRaceInfo/RaceMarkTable?k_raceDate=2009%2F07%2F11&k_raceNo=10&k_babaCode=21,data/cache/html/20090711_kawasaki_10.html
20090711_kawasaki_11,2009-07-11,kawasaki,11,https://www.keiba.go.jp/KeibaWeb/TodayRaceInfo/RaceMarkTable?k_raceDate=2009%2F07%2F11&k_raceNo=11&k_babaCode=21,data/cache/html/20090711_kawasaki_11.html
20090711_kawasaki_12,2009-07-11,kawasaki,12,https://www.keiba.go.jp/KeibaWeb/TodayRaceInfo/RaceMarkTable?k_raceDate=2009%2F07%2F11&k_raceNo=12&k_babaCode=21,data/cache/html/20090711_kawasaki_12.html
20090710_kawasaki_1,2009-07-10,kawasaki,1,https://www.keiba.go.jp/KeibaWeb/TodayRaceInfo/RaceMarkTable?k_raceDate=2009%2F07%2F10&k_raceNo=1&k_babaCode=21,data/cache/html/20090710_kawasaki_1.html
20090710_kawasaki_2,2009-07-10,kawasaki,2,https://www.keiba.go.jp/KeibaWeb/TodayRaceInfo/RaceMarkTable?k_raceDate=2009%2F07%2F10&k_raceNo=2&k_babaCode=21,data/cache/html/20090710_kawasaki_2.html
20090710_kawasaki_3,2009-07-10,kawasaki,3,https://www.keiba.go.jp/KeibaWeb/TodayRaceInfo/RaceMarkTable?k_raceDate=2009%2F07%2F10&k_raceNo=3&k_babaCode=21,data/cache/html/20090710_kawasaki_3.html
20090710_kawasaki_4,2009-07-10,kawasaki,4,https://www.keiba.go.jp/KeibaWeb/TodayRaceInfo/RaceMarkTable?k_raceDate=2009%2F07%2F10&k_raceNo=4&k_babaCode=21,data/cache/html/20090710_kawasaki_4.html
20090710_kawasaki_5,2009-07-10,kawasaki,5,https://www.keiba.go.jp/KeibaWeb/TodayRaceInfo/RaceMarkTable?k_raceDate=2009%2F07%2F10&k_raceNo=5&k_babaCode=21,data/cache/html/20090710_kawasaki_5.html
20090710_kawasaki_6,2009-07-10,kawasaki,6,https://www.keiba.go.jp/KeibaWeb/TodayRaceInfo/RaceMarkTable?k_raceDate=2009%2F07%2F10&k_raceNo=6&k_babaCode=21,data/cache/html/20090710_kawasaki_6.html
20090710_kawasaki_7,2009-07-10,kawasaki,7,https://www.keiba.go.jp/KeibaWeb/TodayRaceInfo/RaceMarkTable?k_raceDate=2009%2F07%2F10&k_raceNo=7&k_babaCode=21,data/cache/html/20090710_kawasaki_7.html
20090710_kawasaki_8,2009-07-10,kawasaki,8,https://www.keiba.go.jp/KeibaWeb/TodayRaceInfo/RaceMarkTable?k_raceDate=2009%2F07%2F10&k_raceNo=8&k_babaCode=21,data/cache/html/20090710_kawasaki_8.html
20090710_kawasaki_9,2009-07-10,kawasaki,9,https://www.keiba.go.jp/KeibaWeb/TodayRaceInfo/RaceMarkTable?k_raceDate=2009%2F07%2F10&k_raceNo=9&k_babaCode=21,data/cache/html/20090710_kawasaki_9.html
20090710_kawasaki_10,2009-07-10,kawasaki,10,https://www.keiba.go.jp/KeibaWeb/TodayRaceInfo/RaceMarkTable?k_raceDate=2009%2F07%2F10&k_raceNo=10&k_babaCode=21,data/cache/html/20090710_kawasaki_10.html
20090710_kawasaki_11,2009-07-10,kawasaki,11,https://www.keiba.go.jp/KeibaWeb/TodayRaceInfo/RaceMarkTable?k_raceDate=2009%2F07%2F10&k_raceNo=11&k_babaCode=21,data/cache/html/20090710_kawasaki_11.html
20090710_kawasaki_12,2009-07-10,kawasaki,12,https://www.keiba.go.jp/KeibaWeb/TodayRaceInfo/RaceMarkTable?k_raceDate=2009%2F07%2F10&k_raceNo=12&k_babaCode=21,data/cache/html/20090710_kawasaki_12.html
20090709_kawasaki_1,2009-07-09,kawasaki,1,https://www.keiba.go.jp/KeibaWeb/TodayRaceInfo/RaceMarkTable?k_raceDate=2009%2F07%2F09&k_raceNo=1&k_babaCode=21,data/cache/html/20090709_kawasaki_1.html
20090709_kawasaki_2,2009-07-09,kawasaki,2,https://www.keiba.go.jp/KeibaWeb/TodayRaceInfo/RaceMarkTable?k_raceDate=2009%2F07%2F09&k_raceNo=2&k_babaCode=21,data/cache/html/20090709_kawasaki_2.html
20090709_kawasaki_3,2009-07-09,kawasaki,3,https://www.keiba.go.jp/KeibaWeb/TodayRaceInfo/RaceMarkTable?k_raceDate=2009%2F07%2F09&k_raceNo=3&k_babaCode=21,data/cache/html/20090709_kawasaki_3.html
20090709_kawasaki_4,2009-07-09,kawasaki,4,https://www.keiba.go.jp/KeibaWeb/TodayRaceInfo/RaceMarkTable?k_raceDate=2009%2F07%2F09&k_raceNo=4&k_babaCode=21,data/cache/html/20090709_kawasaki_4.html
20090709_kawasaki_5,2009-07-09,kawasaki,5,https://www.keiba.go.jp/KeibaWeb/TodayRaceInfo/RaceMarkTable?k_raceDate=2009%2F07%2F09&k_raceNo=5&k_babaCode=21,data/cache/html/20090709_kawasaki_5.html
20090709_kawasaki_6,2009-07-09,kawasaki,6,https://www.keiba.go.jp/KeibaWeb/TodayRaceInfo/RaceMarkTable?k_raceDate=2009%2F07%2F09&k_raceNo=6&k_babaCode=21,data/cache/html/20090709_kawasaki_6.html
20090709_kawasaki_7,2009-07-09,kawasaki,7,https://www.keiba.go.jp/KeibaWeb/TodayRaceInfo/RaceMarkTable?k_raceDate=2009%2F07%2F09&k_raceNo=7&k_babaCode=21,data/cache/html/20090709_kawasaki_7.html
20090709_kawasaki_8,2009-07-09,kawasaki,8,https://www.keiba.go.jp/KeibaWeb/TodayRaceInfo/RaceMarkTable?k_raceDate=2009%2F07%2F09&k_raceNo=8&k_babaCode=21,data/cache/html/20090709_kawasaki_8.html
20090709_kawasaki_9,2009-07-09,kawasaki,9,https://www.keiba.go.jp/KeibaWeb/TodayRaceInfo/RaceMarkTable?k_raceDate=2009%2F07%2F09&k_raceNo=9&k_babaCode=21,data/cache/html/20090709_kawasaki_9.html
20090709_kawasaki_10,2009-07-09,kawasaki,10,https://www.keiba.go.jp/KeibaWeb/TodayRaceInfo/RaceMarkTable?k_raceDate=2009%2F07%2F09&k_raceNo=10&k_babaCode=21,data/cache/html/20090709_kawasaki_10.html
20090709_kawasaki_11,2009-07-09,kawasaki,11,https://www.keiba.go.jp/KeibaWeb/TodayRaceInfo/RaceMarkTable?k_raceDate=2009%2F07%2F09&k_raceNo=11&k_babaCode=21,data/cache/html/20090709_kawasaki_11.html
20090709_kawasaki_12,2009-07-09,kawasaki,12,https://www.keiba.go.jp/KeibaWeb/TodayRaceInfo/RaceMarkTable?k_raceDate=2009%2F07%2F09&k_raceNo=12&k_babaCode=21,data/cache/html/20090709_kawasaki_12.html
20090708_kawasaki_1,2009-07-08,kawasaki,1,https://www.keiba.go.jp/KeibaWeb/TodayRaceInfo/RaceMarkTable?k_raceDate=2009%2F07%2F08&k_raceNo=1&k_babaCode=21,data/cache/html/20090708_kawasaki_1.html
20090708_kawasaki_2,2009-07-08,kawasaki,2,https://www.keiba.go.jp/KeibaWeb/TodayRaceInfo/RaceMarkTable?k_raceDate=2009%2F07%2F08&k_raceNo=2&k_babaCode=21,data/cache/html/20090708_kawasaki_2.html
20090708_kawasaki_3,2009-07-08,kawasaki,3,https://www.keiba.go.jp/KeibaWeb/TodayRaceInfo/RaceMarkTable?k_raceDate=2009%2F07%2F08&k_raceNo=3&k_babaCode=21,data/cache/html/20090708_kawasaki_3.html
20090708_kawasaki_4,2009-07-08,kawasaki,4,https://www.keiba.go.jp/KeibaWeb/TodayRaceInfo/RaceMarkTable?k_raceDate=2009%2F07%2F08&k_raceNo=4&k_babaCode=21,data/cache/html/20090708_kawasaki_4.html
20090708_kawasaki_5,2009-07-08,kawasaki,5,https://www.keiba.go.jp/KeibaWeb/TodayRaceInfo/RaceMarkTable?k_raceDate=2009%2F07%2F08&k_raceNo=5&k_babaCode=21,data/cache/html/20090708_kawasaki_5.html
20090708_kawasaki_6,2009-07-08,kawasaki,6,https://www.keiba.go.jp/KeibaWeb/TodayRaceInfo/RaceMarkTable?k_raceDate=2009%2F07%2F08&k_raceNo=6&k_babaCode=21,data/cache/html/20090708_kawasaki_6.html
20090708_kawasaki_7,2009-07-08,kawasaki,7,https://www.keiba.go.jp/KeibaWeb/TodayRaceInfo/RaceMarkTable?k_raceDate=2009%2F07%2F08&k_raceNo=7&k_babaCode=21,data/cache/html/20090708_kawasaki_7.html
20090708_kawasaki_8,2009-07-08,kawasaki,8,https://www.keiba.go.jp/KeibaWeb/TodayRaceInfo/RaceMarkTable?k_raceDate=2009%2F07%2F08&k_raceNo=8&k_babaCode=21,data/cache/html/20090708_kawasaki_8.html
20090708_kawasaki_9,2009-07-08,kawasaki,9,https://www.keiba.go.jp/KeibaWeb/TodayRaceInfo/RaceMarkTable?k_raceDate=2009%2F07%2F08&k_raceNo=9&k_babaCode=21,data/cache/html/20090708_kawasaki_9.html
20090708_kawasaki_10,2009-07-08,kawasaki,10,https://www.keiba.go.jp/KeibaWeb/TodayRaceInfo/RaceMarkTable?k_raceDate=2009%2F07%2F08&k_raceNo=10&k_babaCode=21,data/cache/html/20090708_kawasaki_10.html
20090708_kawasaki_11,2009-07-08,kawasaki,11,https://www.keiba.go.jp/KeibaWeb/TodayRaceInfo/RaceMarkTable?k_raceDate=2009%2F07%2F08&k_raceNo=11&k_babaCode=21,data/cache/html/20090708_kawasaki_11.html
20090708_kawasaki_12,2009-07-08,kawasaki,12,https://www.keiba.go.jp/KeibaWeb/TodayRaceInfo/RaceMarkTable?k_raceDate=2009%2F07%2F08&k_raceNo=12&k_babaCode=21,data/cache/html/20090708_kawasaki_12.html
20090707_kawasaki_1,2009-07-07,kawasaki,1,https://www.keiba.go.jp/KeibaWeb/TodayRaceInfo/RaceMarkTable?k_raceDate=2009%2F07%2F07&k_raceNo=1&k_babaCode=21,data/cache/html/20090707_kawasaki_1.html
20090707_kawasaki_2,2009-07-07,kawasaki,2,https://www.keiba.go.jp/KeibaWeb/TodayRaceInfo/RaceMarkTable?k_raceDate=2009%2F07%2F07&k_raceNo=2&k_babaCode=21,data/cache/html/20090707_kawasaki_2.html
20090707_kawasaki_3,2009-07-07,kawasaki,3,https://www.keiba.go.jp/KeibaWeb/TodayRaceInfo/RaceMarkTable?k_raceDate=2009%2F07%2F07&k_raceNo=3&k_babaCode=21,data/cache/html/20090707_kawasaki_3.html
20090707_kawasaki_4,2009-07-07,kawasaki,4,https://www.keiba.go.jp/KeibaWeb/TodayRaceInfo/RaceMarkTable?k_raceDate=2009%2F07%2F07&k_raceNo=4&k_babaCode=21,data/cache/html/20090707_kawasaki_4.html
20090707_kawasaki_5,2009-07-07,kawasaki,5,https://www.keiba.go.jp/KeibaWeb/TodayRaceInfo/RaceMarkTable?k_raceDate=2009%2F07%2F07&k_raceNo=5&k_babaCode=21,data/cache/html/20090707_kawasaki_5.html
20090707_kawasaki_6,2009-07-07,kawasaki,6,https://www.keiba.go.jp/KeibaWeb/TodayRaceInfo/RaceMarkTable?k_raceDate=2009%2F07%2F07&k_raceNo=6&k_babaCode=21,data/cache/html/20090707_kawasaki_6.html
20090707_kawasaki_7,2009-07-07,kawasaki,7,https://www.keiba.go.jp/KeibaWeb/TodayRaceInfo/RaceMarkTable?k_raceDate=2009%2F07%2F07&k_raceNo=7&k_babaCode=21,data/cache/html/20090707_kawasaki_7.html
20090707_kawasaki_8,2009-07-07,kawasaki,8,https://www.keiba.go.jp/KeibaWeb/TodayRaceInfo/RaceMarkTable?k_raceDate=2009%2F07%2F07&k_raceNo=8&k_babaCode=21,data/cache/html/20090707_kawasaki_8.html
20090707_kawasaki_9,2009-07-07,kawasaki,9,https://www.keiba.go.jp/KeibaWeb/TodayRaceInfo/RaceMarkTable?k_raceDate=2009%2F07%2F07&k_raceNo=9&k_babaCode=21,data/cache/html/20090707_kawasaki_9.html
20090707_kawasaki_10,2009-07-07,kawasaki,10,https://www.keiba.go.jp/KeibaWeb/TodayRaceInfo/RaceMarkTable?k_raceDate=2009%2F07%2F07&k_raceNo=10&k_babaCode=21,data/cache/html/20090707_kawasaki_10.html
20090707_kawasaki_11,2009-07-07,kawasaki,11,https://www.keiba.go.jp/KeibaWeb/TodayRaceInfo/RaceMarkTable?k_raceDate=2009%2F07%2F07&k_raceNo=11&k_babaCode=21,data/cache/html/20090707_kawasaki_11.html
20090707_kawasaki_12,2009-07-07,kawasaki,12,https://www.keiba.go.jp/KeibaWeb/TodayRaceInfo/RaceMarkTable?k_raceDate=2009%2F07%2F07&k_raceNo=12&k_babaCode=21,data/cache/html/20090707_kawasaki_12.html
20090706_kawasaki_1,2009-07-06,kawasaki,1,https://www.keiba.go.jp/KeibaWeb/TodayRaceInfo/RaceMarkTable?k_raceDate=2009%2F07%2F06&k_raceNo=1&k_babaCode=21,data/cache/html/20090706_kawasaki_1.html
20090706_kawasaki_2,2009-07-06,kawasaki,2,https://www.keiba.go.jp/KeibaWeb/TodayRaceInfo/RaceMarkTable?k_raceDate=2009%2F07%2F06&k_raceNo=2&k_babaCode=21,data/cache/html/20090706_kawasaki_2.html
20090706_kawasaki_3,2009-07-06,kawasaki,3,https://www.keiba.go.jp/KeibaWeb/TodayRaceInfo/RaceMarkTable?k_raceDate=2009%2F07%2F06&k_raceNo=3&k_babaCode=21,data/cache/html/20090706_kawasaki_3.html
20090706_kawasaki_4,2009-07-06,kawasaki,4,https://www.keiba.go.jp/KeibaWeb/TodayRaceInfo/RaceMarkTable?k_raceDate=2009%2F07%2F06&k_raceNo=4&k_babaCode=21,data/cache/html/20090706_kawasaki_4.html
20090706_kawasaki_5,2009-07-06,kawasaki,5,https://www.keiba.go.jp/KeibaWeb/TodayRaceInfo/RaceMarkTable?k_raceDate=2009%2F07%2F06&k_raceNo=5&k_babaCode=21,data/cache/html/20090706_kawasaki_5.html
20090706_kawasaki_6,2009-07-06,kawasaki,6,https://www.keiba.go.jp/KeibaWeb/TodayRaceInfo/RaceMarkTable?k_raceDate=2009%2F07%2F06&k_raceNo=6&k_babaCode=21,data/cache/html/20090706_kawasaki_6.html
20090706_kawasaki_7,2009-07-06,kawasaki,7,https://www.keiba.go.jp/KeibaWeb/TodayRaceInfo/RaceMarkTable?k_raceDate=2009%2F07%2F06&k_raceNo=7&k_babaCode=21,data/cache/html/20090706_kawasaki_7.html
20090706_kawasaki_8,2009-07-06,kawasaki,8,https://www.keiba.go.jp/KeibaWeb/TodayRaceInfo/RaceMarkTable?k_raceDate=2009%2F07%2F06&k_raceNo=8&k_babaCode=21,data/cache/html/20090706_kawasaki_8.html
20090706_kawasaki_9,2009-07-06,kawasaki,9,https://www.keiba.go.jp/KeibaWeb/TodayRaceInfo/RaceMarkTable?k_raceDate=2009%2F07%2F06&k_raceNo=9&k_babaCode=21,data/cache/html/20090706_kawasaki_9.html
20090706_kawasaki_10,2009-07-06,kawasaki,10,https://www.keiba.go.jp/KeibaWeb/TodayRaceInfo/RaceMarkTable?k_raceDate=2009%2F07%2F06&k_raceNo=10&k_babaCode=21,data/cache/html/20090706_kawasaki_10.html
20090706_kawasaki_11,2009-07-06,kawasaki,11,https://www.keiba.go.jp/KeibaWeb/TodayRaceInfo/RaceMarkTable?k_raceDate=2009%2F07%2F06&k_raceNo=11&k_babaCode=21,data/cache/html/20090706_kawasaki_11.html
20090706_kawasaki_12,2009-07-06,kawasaki,12,https://www.keiba.go.jp/KeibaWeb/TodayRaceInfo/RaceMarkTable?k_raceDate=2009%2F07%2F06&k_raceNo=12&k_babaCode=21,data/cache/html/20090706_kawasaki_12.html
20090705_kawasaki_1,2009-07-05,kawasaki,1,https://www.keiba.go.jp/KeibaWeb/TodayRaceInfo/RaceMarkTable?k_raceDate=2009%2F07%2F05&k_raceNo=1&k_babaCode=21,data/cache/html/20090705_kawasaki_1.html
20090705_kawasaki_2,2009-07-05,kawasaki,2,https://www.keiba.go.jp/KeibaWeb/TodayRaceInfo/RaceMarkTable?k_raceDate=2009%2F07%2F05&k_raceNo=2&k_babaCode=21,data/cache/html/20090705_kawasaki_2.html
20090705_kawasaki_3,2009-07-05,kawasaki,3,https://www.keiba.go.jp/KeibaWeb/TodayRaceInfo/RaceMarkTable?k_raceDate=2009%2F07%2F05&k_raceNo=3&k_babaCode=21,data/cache/html/20090705_kawasaki_3.html
20090705_kawasaki_4,2009-07-05,kawasaki,4,https://www.keiba.go.jp/KeibaWeb/TodayRaceInfo/RaceMarkTable?k_raceDate=2009%2F07%2F05&k_raceNo=4&k_babaCode=21,data/cache/html/20090705_kawasaki_4.html
20090705_kawasaki_5,2009-07-05,kawasaki,5,https://www.keiba.go.jp/KeibaWeb/TodayRaceInfo/RaceMarkTable?k_raceDate=2009%2F07%2F05&k_raceNo=5&k_babaCode=21,data/cache/html/20090705_kawasaki_5.html
20090705_kawasaki_6,2009-07-05,kawasaki,6,https://www.keiba.go.jp/KeibaWeb/TodayRaceInfo/RaceMarkTable?k_raceDate=2009%2F07%2F05&k_raceNo=6&k_babaCode=21,data/cache/html/20090705_kawasaki_6.html
20090705_kawasaki_7,2009-07-05,kawasaki,7,https://www.keiba.go.jp/KeibaWeb/TodayRaceInfo/RaceMarkTable?k_raceDate=2009%2F07%2F05&k_raceNo=7&k_babaCode=21,data/cache/html/20090705_kawasaki_7.html
20090705_kawasaki_8,2009-07-05,kawasaki,8,https://www.keiba.go.jp/KeibaWeb/TodayRaceInfo/RaceMarkTable?k_raceDate=2009%2F07%2F05&k_raceNo=8&k_babaCode=21,data/cache/html/20090705_kawasaki_8.html
20090705_kawasaki_9,2009-07-05,kawasaki,9,https://www.keiba.go.jp/KeibaWeb/TodayRaceInfo/RaceMarkTable?k_raceDate=2009%2F07%2F05&k_raceNo=9&k_babaCode=21,data/cache/html/20090705_kawasaki_9.html
20090705_kawasaki_10,2009-07-05,kawasaki,10,https://www.keiba.go.jp/KeibaWeb/TodayRaceInfo/RaceMarkTable?k_raceDate=2009%2F07%2F05&k_raceNo=10&k_babaCode=21,data/cache/html/20090705_kawasaki_10.html
20090705_kawasaki_11,2009-07-05,kawasaki,11,https://www.keiba.go.jp/KeibaWeb/TodayRaceInfo/RaceMarkTable?k_raceDate=2009%2F07%2F05&k_raceNo=11&k_babaCode=21,data/cache/html/20090705_kawasaki_11.html
20090705_kawasaki_12,2009-07-05,kawasaki,12,https://www.keiba.go.jp/KeibaWeb/TodayRaceInfo/RaceMarkTable?k_raceDate=2009%2F07%2F05&k_raceNo=12&k_babaCode=21,data/cache/html/20090705_kawasaki_12.html
20090704_kawasaki_1,2009-07-04,kawasaki,1,https://www.keiba.go.jp/KeibaWeb/TodayRaceInfo/RaceMarkTable?k_raceDate=2009%2F07%2F04&k_raceNo=1&k_babaCode=21,data/cache/html/20090704_kawasaki_1.html
20090704_kawasaki_2,2009-07-04,kawasaki,2,https://www.keiba.go.jp/KeibaWeb/TodayRaceInfo/RaceMarkTable?k_raceDate=2009%2F07%2F04&k_raceNo=2&k_babaCode=21,data/cache/html/20090704_kawasaki_2.html
20090704_kawasaki_3,2009-07-04,kawasaki,3,https://www.keiba.go.jp/KeibaWeb/TodayRaceInfo/RaceMarkTable?k_raceDate=2009%2F07%2F04&k_raceNo=3&k_babaCode=21,data/cache/html/20090704_kawasaki_3.html
20090704_kawasaki_4,2009-07-04,kawasaki,4,https://www.keiba.go.jp/KeibaWeb/TodayRaceInfo/RaceMarkTable?k_raceDate=2009%2F07%2F04&k_raceNo=4&k_babaCode=21,data/cache/html/20090704_kawasaki_4.html
20090704_kawasaki_5,2009-07-04,kawasaki,5,https://www.keiba.go.jp/KeibaWeb/TodayRaceInfo/RaceMarkTable?k_raceDate=2009%2F07%2F04&k_raceNo=5&k_babaCode=21,data/cache/html/20090704_kawasaki_5.html
20090704_kawasaki_6,2009-07-04,kawasaki,6,https://www.keiba.go.jp/KeibaWeb/TodayRaceInfo/RaceMarkTable?k_raceDate=2009%2F07%2F04&k_raceNo=6&k_babaCode=21,data/cache/html/20090704_kawasaki_6.html
20090704_kawasaki_7,2009-07-04,kawasaki,7,https://www.keiba.go.jp/KeibaWeb/TodayRaceInfo/RaceMarkTable?k_raceDate=2009%2F07%2F04&k_raceNo=7&k_babaCode=21,data/cache/html/20090704_kawasaki_7.html
20090704_kawasaki_8,2009-07-04,kawasaki,8,https://www.keiba.go.jp/KeibaWeb/TodayRaceInfo/RaceMarkTable?k_raceDate=2009%2F07%2F04&k_raceNo=8&k_babaCode=21,data/cache/html/20090704_kawasaki_8.html
20090704_kawasaki_9,2009-07-04,kawasaki,9,https://www.keiba.go.jp/KeibaWeb/TodayRaceInfo/RaceMarkTable?k_raceDate=2009%2F07%2F04&k_raceNo=9&k_babaCode=21,data/cache/html/20090704_kawasaki_9.html
20090704_kawasaki_10,2009-07-04,kawasaki,10,https://www.keiba.go.jp/KeibaWeb/TodayRaceInfo/RaceMarkTable?k_raceDate=2009%2F07%2F04&k_raceNo=10&k_babaCode=21,data/cache/html/20090704_kawasaki_10.html
20090704_kawasaki_11,2009-07-04,kawasaki,11,https://www.keiba.go.jp/KeibaWeb/TodayRaceInfo/RaceMarkTable?k_raceDate=2009%2F07%2F04&k_raceNo=11&k_babaCode=21,data/cache/html/20090704_kawasaki_11.html
20090704_kawasaki_12,2009-07-04,kawasaki,12,https://www.keiba.go.jp/KeibaWeb/TodayRaceInfo/RaceMarkTable?k_raceDate=2009%2F07%2F04&k_raceNo=12&k_babaCode=21,data/cache/html/20090704_kawasaki_12.html
20090703_kawasaki_1,2009-07-03,kawasaki,1,https://www.keiba.go.jp/KeibaWeb/TodayRaceInfo/RaceMarkTable?k_raceDate=2009%2F07%2F03&k_raceNo=1&k_babaCode=21,data/cache/html/20090703_kawasaki_1.html
20090703_kawasaki_2,2009-07-03,kawasaki,2,https://www.keiba.go.jp/KeibaWeb/TodayRaceInfo/RaceMarkTable?k_raceDate=2009%2F07%2F03&k_raceNo=2&k_babaCode=21,data/cache/html/20090703_kawasaki_2.html
20090703_kawasaki_3,2009-07-03,kawasaki,3,https://www.keiba.go.jp/KeibaWeb/TodayRaceInfo/RaceMarkTable?k_raceDate=2009%2F07%2F03&k_raceNo=3&k_babaCode=21,data/cache/html/20090703_kawasaki_3.html
20090703_kawasaki_4,2009-07-03,kawasaki,4,https://www.keiba.go.jp/KeibaWeb/TodayRaceInfo/RaceMarkTable?k_raceDate=2009%2F07%2F03&k_raceNo=4&k_babaCode=21,data/cache/html/20090703_kawasaki_4.html
20090703_kawasaki_5,2009-07-03,kawasaki,5,https://www.keiba.go.jp/KeibaWeb/TodayRaceInfo/RaceMarkTable?k_raceDate=2009%2F07%2F03&k_raceNo=5&k_babaCode=21,data/cache/html/20090703_kawasaki_5.html
20090703_kawasaki_6,2009-07-03,kawasaki,6,https://www.keiba.go.jp/KeibaWeb/TodayRaceInfo/RaceMarkTable?k_raceDate=2009%2F07%2F03&k_raceNo=6&k_babaCode=21,data/cache/html/20090703_kawasaki_6.html
20090703_kawasaki_7,2009-07-03,kawasaki,7,https://www.keiba.go.jp/KeibaWeb/TodayRaceInfo/RaceMarkTable?k_raceDate=2009%2F07%2F03&k_raceNo=7&k_babaCode=21,data/cache/html/20090703_kawasaki_7.html
20090703_kawasaki_8,2009-07-03,kawasaki,8,https://www.keiba.go.jp/KeibaWeb/TodayRaceInfo/RaceMarkTable?k_raceDate=2009%2F07%2F03&k_raceNo=8&k_babaCode=21,data/cache/html/20090703_kawasaki_8.html
20090703_kawasaki_9,2009-07-03,kawasaki,9,https://www.keiba.go.jp/KeibaWeb/TodayRaceInfo/RaceMarkTable?k_raceDate=2009%2F07%2F03&k_raceNo=9&k_babaCode=21,data/cache/html/20090703_kawasaki_9.html
20090703_kawasaki_10,2009-07-03,kawasaki,10,https://www.keiba.go.jp/KeibaWeb/TodayRaceInfo/RaceMarkTable?k_raceDate=2009%2F07%2F03&k_raceNo=10&k_babaCode=21,data/cache/html/20090703_kawasaki_10.html
20090703_kawasaki_11,2009-07-03,kawasaki,11,https://www.keiba.go.jp/KeibaWeb/TodayRaceInfo/RaceMarkTable?k_raceDate=2009%2F07%2F03&k_raceNo=11&k_babaCode=21,data/cache/html/20090703_kawasaki_11.html
20090703_kawasaki_12,2009-07-03,kawasaki,12,https://www.keiba.go.jp/KeibaWeb/TodayRaceInfo/RaceMarkTable?k_raceDate=2009%2F07%2F03&k_raceNo=12&k_babaCode=21,data/cache/html/20090703_kawasaki_12.html
20090702_kawasaki_1,2009-07-02,kawasaki,1,https://www.keiba.go.jp/KeibaWeb/TodayRaceInfo/RaceMarkTable?k_raceDate=2009%2F07%2F02&k_raceNo=1&k_babaCode=21,data/cache/html/20090702_kawasaki_1.html
20090702_kawasaki_2,2009-07-02,kawasaki,2,https://www.keiba.go.jp/KeibaWeb/TodayRaceInfo/RaceMarkTable?k_raceDate=2009%2F07%2F02&k_raceNo=2&k_babaCode=21,data/cache/html/20090702_kawasaki_2.html
20090702_kawasaki_3,2009-07-02,kawasaki,3,https://www.keiba.go.jp/KeibaWeb/TodayRaceInfo/RaceMarkTable?k_raceDate=2009%2F07%2F02&k_raceNo=3&k_babaCode=21,data/cache/html/20090702_kawasaki_3.html
20090702_kawasaki_4,2009-07-02,kawasaki,4,https://www.keiba.go.jp/KeibaWeb/TodayRaceInfo/RaceMarkTable?k_raceDate=2009%2F07%2F02&k_raceNo=4&k_babaCode=21,data/cache/html/20090702_kawasaki_4.html
20090702_kawasaki_5,2009-07-02,kawasaki,5,https://www.keiba.go.jp/KeibaWeb/TodayRaceInfo/RaceMarkTable?k_raceDate=2009%2F07%2F02&k_raceNo=5&k_babaCode=21,data/cache/html/20090702_kawasaki_5.html
20090702_kawasaki_6,2009-07-02,kawasaki,6,https://www.keiba.go.jp/KeibaWeb/TodayRaceInfo/RaceMarkTable?k_raceDate=2009%2F07%2F02&k_raceNo=6&k_babaCode=21,data/cache/html/20090702_kawasaki_6.html
20090702_kawasaki_7,2009-07-02,kawasaki,7,https://www.keiba.go.jp/KeibaWeb/TodayRaceInfo/RaceMarkTable?k_raceDate=2009%2F07%2F02&k_raceNo=7&k_babaCode=21,data/cache/html/20090702_kawasaki_7.html
20090702_kawasaki_8,2009-07-02,kawasaki,8,https://www.keiba.go.jp/KeibaWeb/TodayRaceInfo/RaceMarkTable?k_raceDate=2009%2F07%2F02&k_raceNo=8&k_babaCode=21,data/cache/html/20090702_kawasaki_8.html
20090702_kawasaki_9,2009-07-02,kawasaki,9,https://www.keiba.go.jp/KeibaWeb/TodayRaceInfo/RaceMarkTable?k_raceDate=2009%2F07%2F02&k_raceNo=9&k_babaCode=21,data/cache/html/20090702_kawasaki_9.html
20090702_kawasaki_10,2009-07-02,kawasaki,10,https://www.keiba.go.jp/KeibaWeb/TodayRaceInfo/RaceMarkTable?k_raceDate=2009%2F07%2F02&k_raceNo=10&k_babaCode=21,data/cache/html/20090702_kawasaki_10.html
20090702_kawasaki_11,2009-07-02,kawasaki,11,https://www.keiba.go.jp/KeibaWeb/TodayRaceInfo/RaceMarkTable?k_raceDate=2009%2F07%2F02&k_raceNo=11&k_babaCode=21,data/cache/html/20090702_kawasaki_11.html
20090702_kawasaki_12,2009-07-02,kawasaki,12,https://www.keiba.go.jp/KeibaWeb/TodayRaceInfo/RaceMarkTable?k_raceDate=2009%2F07%2F02&k_raceNo=12&k_babaCode=21,data/cache/html/20090702_kawasaki_12.html
20090701_kawasaki_1,2009-07-01,kawasaki,1,https://www.keiba.go.jp/KeibaWeb/TodayRaceInfo/RaceMarkTable?k_raceDate=2009%2F07%2F01&k_raceNo=1&k_babaCode=21,data/cache/html/20090701_kawasaki_1.html
20090701_kawasaki_2,2009-07-01,kawasaki,2,https://www.keiba.go.jp/KeibaWeb/TodayRaceInfo/RaceMarkTable?k_raceDate=2009%2F07%2F01&k_raceNo=2&k_babaCode=21,data/cache/html/20090701_kawasaki_2.html
20090701_kawasaki_3,2009-07-01,kawasaki,3,https://www.keiba.go.jp/KeibaWeb/TodayRaceInfo/RaceMarkTable?k_raceDate=2009%2F07%2F01&k_raceNo=3&k_babaCode=21,data/cache/html/20090701_kawasaki_3.html
20090701_kawasaki_4,2009-07-01,kawasaki,4,https://www.keiba.go.jp/KeibaWeb/TodayRaceInfo/RaceMarkTable?k_raceDate=2009%2F07%2F01&k_raceNo=4&k_babaCode=21,data/cache/html/20090701_kawasaki_4.html
20090701_kawasaki_5,2009-07-01,kawasaki,5,https://www.keiba.go.jp/KeibaWeb/TodayRaceInfo/RaceMarkTable?k_raceDate=2009%2F07%2F01&k_raceNo=5&k_babaCode=21,data/cache/html/20090701_kawasaki_5.html
20090701_kawasaki_6,2009-07-01,kawasaki,6,https://www.keiba.go.jp/KeibaWeb/TodayRaceInfo/RaceMarkTable?k_raceDate=2009%2F07%2F01&k_raceNo=6&k_babaCode=21,data/cache/html/20090701_kawasaki_6.html
20090701_kawasaki_7,2009-07-01,kawasaki,7,https://www.keiba.go.jp/KeibaWeb/TodayRaceInfo/RaceMarkTable?k_raceDate=2009%2F07%2F01&k_raceNo=7&k_babaCode=21,data/cache/html/20090701_kawasaki_7.html
20090701_kawasaki_8,2009-07-01,kawasaki,8,https://www.keiba.go.jp/KeibaWeb/TodayRaceInfo/RaceMarkTable?k_raceDate=2009%2F07%2F01&k_raceNo=8&k_babaCode=21,data/cache/html/20090701_kawasaki_8.html
20090701_kawasaki_9,2009-07-01,kawasaki,9,https://www.keiba.go.jp/KeibaWeb/TodayRaceInfo/RaceMarkTable?k_raceDate=2009%2F07%2F01&k_raceNo=9&k_babaCode=21,data/cache/html/20090701_kawasaki_9.html
20090701_kawasaki_10,2009-07-01,kawasaki,10,https://www.keiba.go.jp/KeibaWeb/TodayRaceInfo/RaceMarkTable?k_raceDate=2009%2F07%2F01&k_raceNo=10&k_babaCode=21,data/cache/html/20090701_kawasaki_10.html
20090701_kawasaki_11,2009-07-01,kawasaki,11,https://www.keiba.go.jp/KeibaWeb/TodayRaceInfo/RaceMarkTable?k_raceDate=2009%2F07%2F01&k_raceNo=11&k_babaCode=21,data/cache/html/20090701_kawasaki_11.html
20090701_kawasaki_12,2009-07-01,kawasaki,12,https://www.keiba.go.jp/KeibaWeb/TodayRaceInfo/RaceMarkTable?k_raceDate=2009%2F07%2F01&k_raceNo=12&k_babaCode=21,data/cache/html/20090701_kawasaki_12.html
20090630_kawasaki_1,2009-06-30,kawasaki,1,https://www.keiba.go.jp/KeibaWeb/TodayRaceInfo/RaceMarkTable?k_raceDate=2009%2F06%2F30&k_raceNo=1&k_babaCode=21,data/cache/html/20090630_kawasaki_1.html
20090630_kawasaki_2,2009-06-30,kawasaki,2,https://www.keiba.go.jp/KeibaWeb/TodayRaceInfo/RaceMarkTable?k_raceDate=2009%2F06%2F30&k_raceNo=2&k_babaCode=21,data/cache/html/20090630_kawasaki_2.html
20090630_kawasaki_3,2009-06-30,kawasaki,3,https://www.keiba.go.jp/KeibaWeb/TodayRaceInfo/RaceMarkTable?k_raceDate=2009%2F06%2F30&k_raceNo=3&k_babaCode=21,data/cache/html/20090630_kawasaki_3.html
20090630_kawasaki_4,2009-06-30,kawasaki,4,https://www.keiba.go.jp/KeibaWeb/TodayRaceInfo/RaceMarkTable?k_raceDate=2009%2F06%2F30&k_raceNo=4&k_babaCode=21,data/cache/html/20090630_kawasaki_4.html
20090630_kawasaki_5,2009-06-30,kawasaki,5,https://www.keiba.go.jp/KeibaWeb/TodayRaceInfo/RaceMarkTable?k_raceDate=2009%2F06%2F30&k_raceNo=5&k_babaCode=21,data/cache/html/20090630_kawasaki_5.html
20090630_kawasaki_6,2009-06-30,kawasaki,6,https://www.keiba.go.jp/KeibaWeb/TodayRaceInfo/RaceMarkTable?k_raceDate=2009%2F06%2F30&k_raceNo=6&k_babaCode=21,data/cache/html/20090630_kawasaki_6.html
20090630_kawasaki_7,2009-06-30,kawasaki,7,https://www.keiba.go.jp/KeibaWeb/TodayRaceInfo/RaceMarkTable?k_raceDate=2009%2F06%2F30&k_raceNo=7&k_babaCode=21,data/cache/html/20090630_kawasaki_7.html
20090630_kawasaki_8,2009-06-30,kawasaki,8,https://www.keiba.go.jp/KeibaWeb/TodayRaceInfo/RaceMarkTable?k_raceDate=2009%2F06%2F30&k_raceNo=8&k_babaCode=21,data/cache/html/20090630_kawasaki_8.html
20090630_kawasaki_9,2009-06-30,kawasaki,9,https://www.keiba.go.jp/KeibaWeb/TodayRaceInfo/RaceMarkTable?k_raceDate=2009%2F06%2F30&k_raceNo=9&k_babaCode=21,data/cache/html/20090630_kawasaki_9.html
20090630_kawasaki_10,2009-06-30,kawasaki,10,https://www.keiba.go.jp/KeibaWeb/TodayRaceInfo/RaceMarkTable?k_raceDate=2009%2F06%2F30&k_raceNo=10&k_babaCode=21,data/cache/html/20090630_kawasaki_10.html
20090630_kawasaki_11,2009-06-30,kawasaki,11,https://www.keiba.go.jp/KeibaWeb/TodayRaceInfo/RaceMarkTable?k_raceDate=2009%2F06%2F30&k_raceNo=11&k_babaCode=21,data/cache/html/20090630_kawasaki_11.html
20090630_kawasaki_12,2009-06-30,kawasaki,12,https://www.keiba.go.jp/KeibaWeb/TodayRaceInfo/RaceMarkTable?k_raceDate=2009%2F06%2F30&k_raceNo=12&k_babaCode=21,data/cache/html/20090630_kawasaki_12.html
20090629_kawasaki_1,2009-06-29,kawasaki,1,https://www.keiba.go.jp/KeibaWeb/TodayRaceInfo/RaceMarkTable?k_raceDate=2009%2F06%2F29&k_raceNo=1&k_babaCode=21,data/cache/html/20090629_kawasaki_1.html
20090629_kawasaki_2,2009-06-29,kawasaki,2,https://www.keiba.go.jp/KeibaWeb/TodayRaceInfo/RaceMarkTable?k_raceDate=2009%2F06%2F29&k_raceNo=2&k_babaCode=21,data/cache/html/20090629_kawasaki_2.html
20090629_kawasaki_3,2009-06-29,kawasaki,3,https://www.keiba.go.jp/KeibaWeb/TodayRaceInfo/RaceMarkTable?k_raceDate=2009%2F06%2F29&k_raceNo=3&k_babaCode=21,data/cache/html/20090629_kawasaki_3.html
20090629_kawasaki_4,2009-06-29,kawasaki,4,https://www.keiba.go.jp/KeibaWeb/TodayRaceInfo/RaceMarkTable?k_raceDate=2009%2F06%2F29&k_raceNo=4&k_babaCode=21,data/cache/html/20090629_kawasaki_4.html
20090629_kawasaki_5,2009-06-29,kawasaki,5,https://www.keiba.go.jp/KeibaWeb/TodayRaceInfo/RaceMarkTable?k_raceDate=2009%2F06%2F29&k_raceNo=5&k_babaCode=21,data/cache/html/20090629_kawasaki_5.html
20090629_kawasaki_6,2009-06-29,kawasaki,6,https://www.keiba.go.jp/KeibaWeb/TodayRaceInfo/RaceMarkTable?k_raceDate=2009%2F06%2F29&k_raceNo=6&k_babaCode=21,data/cache/html/20090629_kawasaki_6.html
20090629_kawasaki_7,2009-06-29,kawasaki,7,https://www.keiba.go.jp/KeibaWeb/TodayRaceInfo/RaceMarkTable?k_raceDate=2009%2F06%2F29&k_raceNo=7&k_babaCode=21,data/cache/html/20090629_kawasaki_7.html
20090629_kawasaki_8,2009-06-29,kawasaki,8,https://www.keiba.go.jp/KeibaWeb/TodayRaceInfo/RaceMarkTable?k_raceDate=2009%2F06%2F29&k_raceNo=8&k_babaCode=21,data/cache/html/20090629_kawasaki_8.html
20090629_kawasaki_9,2009-06-29,kawasaki,9,https://www.keiba.go.jp/KeibaWeb/TodayRaceInfo/RaceMarkTable?k_raceDate=2009%2F06%2F29&k_raceNo=9&k_babaCode=21,data/cache/html/20090629_kawasaki_9.html
20090629_kawasaki_10,2009-06-29,kawasaki,10,https://www.keiba.go.jp/KeibaWeb/TodayRaceInfo/RaceMarkTable?k_raceDate=2009%2F06%2F29&k_raceNo=10&k_babaCode=21,data/cache/html/20090629_kawasaki_10.html
20090629_kawasaki_11,2009-06-29,kawasaki,11,https://www.keiba.go.jp/KeibaWeb/TodayRaceInfo/RaceMarkTable?k_raceDate=2009%2F06%2F29&k_raceNo=11&k_babaCode=21,data/cache/html/20090629_kawasaki_11.html
20090629_kawasaki_12,2009-06-29,kawasaki,12,https://www.keiba.go.jp/KeibaWeb/TodayRaceInfo/RaceMarkTable?k_raceDate=2009%2F06%2F29&k_raceNo=12&k_babaCode=21,data/cache/html/20090629_kawasaki_12.html
20090628_kawasaki_1,2009-06-28,kawasaki,1,https://www.keiba.go.jp/KeibaWeb/TodayRaceInfo/RaceMarkTable?k_raceDate=2009%2F06%2F28&k_raceNo=1&k_babaCode=21,data/cache/html/20090628_kawasaki_1.html
20090628_kawasaki_2,2009-06-28,kawasaki,2,https://www.keiba.go.jp/KeibaWeb/TodayRaceInfo/RaceMarkTable?k_raceDate=2009%2F06%2F28&k_raceNo=2&k_babaCode=21,data/cache/html/20090628_kawasaki_2.html
20090628_kawasaki_3,2009-06-28,kawasaki,3,https://www.keiba.go.jp/KeibaWeb/TodayRaceInfo/RaceMarkTable?k_raceDate=2009%2F06%2F28&k_raceNo=3&k_babaCode=21,data/cache/html/20090628_kawasaki_3.html
20090628_kawasaki_4,2009-06-28,kawasaki,4,https://www.keiba.go.jp/KeibaWeb/TodayRaceInfo/RaceMarkTable?k_raceDate=2009%2F06%2F28&k_raceNo=4&k_babaCode=21,data/cache/html/20090628_kawasaki_4.html
20090628_kawasaki_5,2009-06-28,kawasaki,5,https://www.keiba.go.jp/KeibaWeb/TodayRaceInfo/RaceMarkTable?k_raceDate=2009%2F06%2F28&k_raceNo=5&k_babaCode=21,data/cache/html/20090628_kawasaki_5.html
20090628_kawasaki_6,2009-06-28,kawasaki,6,https://www.keiba.go.jp/KeibaWeb/TodayRaceInfo/RaceMarkTable?k_raceDate=2009%2F06%2F28&k_raceNo=6&k_babaCode=21,data/cache/html/20090628_kawasaki_6.html
20090628_kawasaki_7,2009-06-28,kawasaki,7,https://www.keiba.go.jp/KeibaWeb/TodayRaceInfo/RaceMarkTable?k_raceDate=2009%2F06%2F28&k_raceNo=7&k_babaCode=21,data/cache/html/20090628_kawasaki_7.html
20090628_kawasaki_8,2009-06-28,kawasaki,8,https://www.keiba.go.jp/KeibaWeb/TodayRaceInfo/RaceMarkTable?k_raceDate=2009%2F06%2F28&k_raceNo=8&k_babaCode=21,data/cache/html/20090628_kawasaki_8.html
20090628_kawasaki_9,2009-06-28,kawasaki,9,https://www.keiba.go.jp/KeibaWeb/TodayRaceInfo/RaceMarkTable?k_raceDate=2009%2F06%2F28&k_raceNo=9&k_babaCode=21,data/cache/html/20090628_kawasaki_9.html
20090628_kawasaki_10,2009-06-28,kawasaki,10,https://www.keiba.go.jp/KeibaWeb/TodayRaceInfo/RaceMarkTable?k_raceDate=2009%2F06%2F28&k_raceNo=10&k_babaCode=21,data/cache/html/20090628_kawasaki_10.html
20090628_kawasaki_11,2009-06-28,kawasaki,11,https://www.keiba.go.jp/KeibaWeb/TodayRaceInfo/RaceMarkTable?k_raceDate=2009%2F06%2F28&k_raceNo=11&k_babaCode=21,data/cache/html/20090628_kawasaki_11.html
20090628_kawasaki_12,2009-06-28,kawasaki,12,https://www.keiba.go.jp/KeibaWeb/TodayRaceInfo/RaceMarkTable?k_raceDate=2009%2F06%2F28&k_raceNo=12&k_babaCode=21,data/cache/html/20090628_kawasaki_12.html
20090627_kawasaki_1,2009-06-27,kawasaki,1,https://www.keiba.go.jp/KeibaWeb/TodayRaceInfo/RaceMarkTable?k_raceDate=2009%2F06%2F27&k_raceNo=1&k_babaCode=21,data/cache/html/20090627_kawasaki_1.html
20090627_kawasaki_2,2009-06-27,kawasaki,2,https://www.keiba.go.jp/KeibaWeb/TodayRaceInfo/RaceMarkTable?k_raceDate=2009%2F06%2F27&k_raceNo=2&k_babaCode=21,data/cache/html/20090627_kawasaki_2.html
20090627_kawasaki_3,2009-06-27,kawasaki,3,https://www.keiba.go.jp/KeibaWeb/TodayRaceInfo/RaceMarkTable?k_raceDate=2009%2F06%2F27&k_raceNo=3&k_babaCode=21,data/cache/html/20090627_kawasaki_3.html
20090627_kawasaki_4,2009-06-27,kawasaki,4,https://www.keiba.go.jp/KeibaWeb/TodayRaceInfo/RaceMarkTable?k_raceDate=2009%2F06%2F27&k_raceNo=4&k_babaCode=21,data/cache/html/20090627_kawasaki_4.html
20090627_kawasaki_5,2009-06-27,kawasaki,5,https://www.keiba.go.jp/KeibaWeb/TodayRaceInfo/RaceMarkTable?k_raceDate=2009%2F06%2F27&k_raceNo=5&k_babaCode=21,data/cache/html/20090627_kawasaki_5.html
20090627_kawasaki_6,2009-06-27,kawasaki,6,https://www.keiba.go.jp/KeibaWeb/TodayRaceInfo/RaceMarkTable?k_raceDate=2009%2F06%2F27&k_raceNo=6&k_babaCode=21,data/cache/html/20090627_kawasaki_6.html
20090627_kawasaki_7,2009-06-27,kawasaki,7,https://www.keiba.go.jp/KeibaWeb/TodayRaceInfo/RaceMarkTable?k_raceDate=2009%2F06%2F27&k_raceNo=7&k_babaCode=21,data/cache/html/20090627_kawasaki_7.html
20090627_kawasaki_8,2009-06-27,kawasaki,8,https://www.keiba.go.jp/KeibaWeb/TodayRaceInfo/RaceMarkTable?k_raceDate=2009%2F06%2F27&k_raceNo=8&k_babaCode=21,data/cache/html/20090627_kawasaki_8.html
20090627_kawasaki_9,2009-06-27,kawasaki,9,https://www.keiba.go.jp/KeibaWeb/TodayRaceInfo/RaceMarkTable?k_raceDate=2009%2F06%2F27&k_raceNo=9&k_babaCode=21,data/cache/html/20090627_kawasaki_9.html
20090627_kawasaki_10,2009-06-27,kawasaki,10,https://www.keiba.go.jp/KeibaWeb/TodayRaceInfo/RaceMarkTable?k_raceDate=2009%2F06%2F27&k_raceNo=10&k_babaCode=21,data/cache/html/20090627_kawasaki_10.html
20090627_kawasaki_11,2009-06-27,kawasaki,11,https://www.keiba.go.jp/KeibaWeb/TodayRaceInfo/RaceMarkTable?k_raceDate=2009%2F06%2F27&k_raceNo=11&k_babaCode=21,data/cache/html/20090627_kawasaki_11.html
20090627_kawasaki_12,2009-06-27,kawasaki,12,https://www.keiba.go.jp/KeibaWeb/TodayRaceInfo/RaceMarkTable?k_raceDate=2009%2F06%2F27&k_raceNo=12&k_babaCode=21,data/cache/html/20090627_kawasaki_12.html
20090626_kawasaki_1,2009-06-26,kawasaki,1,https://www.keiba.go.jp/KeibaWeb/TodayRaceInfo/RaceMarkTable?k_raceDate=2009%2F06%2F26&k_raceNo=1&k_babaCode=21,data/cache/html/20090626_kawasaki_1.html
20090626_kawasaki_2,2009-06-26,kawasaki,2,https://www.keiba.go.jp/KeibaWeb/TodayRaceInfo/RaceMarkTable?k_raceDate=2009%2F06%2F26&k_raceNo=2&k_babaCode=21,data/cache/html/20090626_kawasaki_2.html
20090626_kawasaki_3,2009-06-26,kawasaki,3,https://www.keiba.go.jp/KeibaWeb/TodayRaceInfo/RaceMarkTable?k_raceDate=2009%2F06%2F26&k_raceNo=3&k_babaCode=21,data/cache/html/20090626_kawasaki_3.html
20090626_kawasaki_4,2009-06-26,kawasaki,4,https://www.keiba.go.jp/KeibaWeb/TodayRaceInfo/RaceMarkTable?k_raceDate=2009%2F06%2F26&k_raceNo=4&k_babaCode=21,data/cache/html/20090626_kawasaki_4.html
20090626_kawasaki_5,2009-06-26,kawasaki,5,https://www.keiba.go.jp/KeibaWeb/TodayRaceInfo/RaceMarkTable?k_raceDate=2009%2F06%2F26&k_raceNo=5&k_babaCode=21,data/cache/html/20090626_kawasaki_5.html
20090626_kawasaki_6,2009-06-26,kawasaki,6,https://www.keiba.go.jp/KeibaWeb/TodayRaceInfo/RaceMarkTable?k_raceDate=2009%2F06%2F26&k_raceNo=6&k_babaCode=21,data/cache/html/20090626_kawasaki_6.html
20090626_kawasaki_7,2009-06-26,kawasaki,7,https://www.keiba.go.jp/KeibaWeb/TodayRaceInfo/RaceMarkTable?k_raceDate=2009%2F06%2F26&k_raceNo=7&k_babaCode=21,data/cache/html/20090626_kawasaki_7.html
20090626_kawasaki_8,2009-06-26,kawasaki,8,https://www.keiba.go.jp/KeibaWeb/TodayRaceInfo/RaceMarkTable?k_raceDate=2009%2F06%2F26&k_raceNo=8&k_babaCode=21,data/cache/html/20090626_kawasaki_8.html
20090626_kawasaki_9,2009-06-26,kawasaki,9,https://www.keiba.go.jp/KeibaWeb/TodayRaceInfo/RaceMarkTable?k_raceDate=2009%2F06%2F26&k_raceNo=9&k_babaCode=21,data/cache/html/20090626_kawasaki_9.html
20090626_kawasaki_10,2009-06-26,kawasaki,10,https://www.keiba.go.jp/KeibaWeb/TodayRaceInfo/RaceMarkTable?k_raceDate=2009%2F06%2F26&k_raceNo=10&k_babaCode=21,data/cache/html/20090626_kawasaki_10.html
20090626_kawasaki_11,2009-06-26,kawasaki,11,https://www.keiba.go.jp/KeibaWeb/TodayRaceInfo/RaceMarkTable?k_raceDate=2009%2F06%2F26&k_raceNo=11&k_babaCode=21,data/cache/html/20090626_kawasaki_11.html
20090626_kawasaki_12,2009-06-26,kawasaki,12,https://www.keiba.go.jp/KeibaWeb/TodayRaceInfo/RaceMarkTable?k_raceDate=2009%2F06%2F26&k_raceNo=12&k_babaCode=21,data/cache/html/20090626_kawasaki_12.html
20090625_kawasaki_1,2009-06-25,kawasaki,1,https://www.keiba.go.jp/KeibaWeb/TodayRaceInfo/RaceMarkTable?k_raceDate=2009%2F06%2F25&k_raceNo=1&k_babaCode=21,data/cache/html/20090625_kawasaki_1.html
20090625_kawasaki_2,2009-06-25,kawasaki,2,https://www.keiba.go.jp/KeibaWeb/TodayRaceInfo/RaceMarkTable?k_raceDate=2009%2F06%2F25&k_raceNo=2&k_babaCode=21,data/cache/html/20090625_kawasaki_2.html
20090625_kawasaki_3,2009-06-25,kawasaki,3,https://www.keiba.go.jp/KeibaWeb/TodayRaceInfo/RaceMarkTable?k_raceDate=2009%2F06%2F25&k_raceNo=3&k_babaCode=21,data/cache/html/20090625_kawasaki_3.html
20090625_kawasaki_4,2009-06-25,kawasaki,4,https://www.keiba.go.jp/KeibaWeb/TodayRaceInfo/RaceMarkTable?k_raceDate=2009%2F06%2F25&k_raceNo=4&k_babaCode=21,data/cache/html/20090625_kawasaki_4.html
20090625_kawasaki_5,2009-06-25,kawasaki,5,https://www.keiba.go.jp/KeibaWeb/TodayRaceInfo/RaceMarkTable?k_raceDate=2009%2F06%2F25&k_raceNo=5&k_babaCode=21,data/cache/html/20090625_kawasaki_5.html
20090625_kawasaki_6,2009-06-25,kawasaki,6,https://www.keiba.go.jp/KeibaWeb/TodayRaceInfo/RaceMarkTable?k_raceDate=2009%2F06%2F25&k_raceNo=6&k_babaCode=21,data/cache/html/20090625_kawasaki_6.html
20090625_kawasaki_7,2009-06-25,kawasaki,7,https://www.keiba.go.jp/KeibaWeb/TodayRaceInfo/RaceMarkTable?k_raceDate=2009%2F06%2F25&k_raceNo=7&k_babaCode=21,data/cache/html/20090625_kawasaki_7.html
20090625_kawasaki_8,2009-06-25,kawasaki,8,https://www.keiba.go.jp/KeibaWeb/TodayRaceInfo/RaceMarkTable?k_raceDate=2009%2F06%2F25&k_raceNo=8&k_babaCode=21,data/cache/html/20090625_kawasaki_8.html
20090625_kawasaki_9,2009-06-25,kawasaki,9,https://www.keiba.go.jp/KeibaWeb/TodayRaceInfo/RaceMarkTable?k_raceDate=2009%2F06%2F25&k_raceNo=9&k_babaCode=21,data/cache/html/20090625_kawasaki_9.html
20090625_kawasaki_10,2009-06-25,kawasaki,10,https://www.keiba.go.jp/KeibaWeb/TodayRaceInfo/RaceMarkTable?k_raceDate=2009%2F06%2F25&k_raceNo=10&k_babaCode=21,data/cache/html/20090625_kawasaki_10.html
20090625_kawasaki_11,2009-06-25,kawasaki,11,https://www.keiba.go.jp/KeibaWeb/TodayRaceInfo/RaceMarkTable?k_raceDate=2009%2F06%2F25&k_raceNo=11&k_babaCode=21,data/cache/html/20090625_kawasaki_11.html
20090625_kawasaki_12,2009-06-25,kawasaki,12,https://www.keiba.go.jp/KeibaWeb/TodayRaceInfo/RaceMarkTable?k_raceDate=2009%2F06%2F25&k_raceNo=12&k_babaCode=21,data/cache/html/20090625_kawasaki_12.html
20090624_kawasaki_1,2009-06-24,kawasaki,1,https://www.keiba.go.jp/KeibaWeb/TodayRaceInfo/RaceMarkTable?k_raceDate=2009%2F06%2F24&k_raceNo=1&k_babaCode=21,data/cache/html/20090624_kawasaki_1.html
20090624_kawasaki_2,2009-06-24,kawasaki,2,https://www.keiba.go.jp/KeibaWeb/TodayRaceInfo/RaceMarkTable?k_raceDate=2009%2F06%2F24&k_raceNo=2&k_babaCode=21,data/cache/html/20090624_kawasaki_2.html
20090624_kawasaki_3,2009-06-24,kawasaki,3,https://www.keiba.go.jp/KeibaWeb/TodayRaceInfo/RaceMarkTable?k_raceDate=2009%2F06%2F24&k_raceNo=3&k_babaCode=21,data/cache/html/20090624_kawasaki_3.html
20090624_kawasaki_4,2009-06-24,kawasaki,4,https://www.keiba.go.jp/KeibaWeb/TodayRaceInfo/RaceMarkTable?k_raceDate=2009%2F06%2F24&k_raceNo=4&k_babaCode=21,data/cache/html/20090624_kawasaki_4.html
20090624_kawasaki_5,2009-06-24,kawasaki,5,https://www.keiba.go.jp/KeibaWeb/TodayRaceInfo/RaceMarkTable?k_raceDate=2009%2F06%2F24&k_raceNo=5&k_babaCode=21,data/cache/html/20090624_kawasaki_5.html
20090624_kawasaki_6,2009-06-24,kawasaki,6,https://www.keiba.go.jp/KeibaWeb/TodayRaceInfo/RaceMarkTable?k_raceDate=2009%2F06%2F24&k_raceNo=6&k_babaCode=21,data/cache/html/20090624_kawasaki_6.html
20090624_kawasaki_7,2009-06-24,kawasaki,7,https://www.keiba.go.jp/KeibaWeb/TodayRaceInfo/RaceMarkTable?k_raceDate=2009%2F06%2F24&k_raceNo=7&k_babaCode=21,data/cache/html/20090624_kawasaki_7.html
20090624_kawasaki_8,2009-06-24,kawasaki,8,https://www.keiba.go.jp/KeibaWeb/TodayRaceInfo/RaceMarkTable?k_raceDate=2009%2F06%2F24&k_raceNo=8&k_babaCode=21,data/cache/html/20090624_kawasaki_8.html
20090624_kawasaki_9,2009-06-24,kawasaki,9,https://www.keiba.go.jp/KeibaWeb/TodayRaceInfo/RaceMarkTable?k_raceDate=2009%2F06%2F24&k_raceNo=9&k_babaCode=21,data/cache/html/20090624_kawasaki_9.html
20090624_kawasaki_10,2009-06-24,kawasaki,10,https://www.keiba.go.jp/KeibaWeb/TodayRaceInfo/RaceMarkTable?k_raceDate=2009%2F06%2F24&k_raceNo=10&k_babaCode=21,data/cache/html/20090624_kawasaki_10.html
20090624_kawasaki_11,2009-06-24,kawasaki,11,https://www.keiba.go.jp/KeibaWeb/TodayRaceInfo/RaceMarkTable?k_raceDate=2009%2F06%2F24&k_raceNo=11&k_babaCode=21,data/cache/html/20090624_kawasaki_11.html
20090624_kawasaki_12,2009-06-24,kawasaki,12,https://www.keiba.go.jp/KeibaWeb/TodayRaceInfo/RaceMarkTable?k_raceDate=2009%2F06%2F24&k_raceNo=12&k_babaCode=21,data/cache/html/20090624_kawasaki_12.html
20090623_kawasaki_1,2009-06-23,kawasaki,1,https://www.keiba.go.jp/KeibaWeb/TodayRaceInfo/RaceMarkTable?k_raceDate=2009%2F06%2F23&k_raceNo=1&k_babaCode=21,data/cache/html/20090623_kawasaki_1.html
20090623_kawasaki_2,2009-06-23,kawasaki,2,https://www.keiba.go.jp/KeibaWeb/TodayRaceInfo/RaceMarkTable?k_raceDate=2009%2F06%2F23&k_raceNo=2&k_babaCode=21,data/cache/html/20090623_kawasaki_2.html
20090623_kawasaki_3,2009-06-23,kawasaki,3,https://www.keiba.go.jp/KeibaWeb/TodayRaceInfo/RaceMarkTable?k_raceDate=2009%2F06%2F23&k_raceNo=3&k_babaCode=21,data/cache/html/20090623_kawasaki_3.html
20090623_kawasaki_4,2009-06-23,kawasaki,4,https://www.keiba.go.jp/KeibaWeb/TodayRaceInfo/RaceMarkTable?k_raceDate=2009%2F06%2F23&k_raceNo=4&k_babaCode=21,data/cache/html/20090623_kawasaki_4.html
20090623_kawasaki_5,2009-06-23,kawasaki,5,https://www.keiba.go.jp/KeibaWeb/TodayRaceInfo/RaceMarkTable?k_raceDate=2009%2F06%2F23&k_raceNo=5&k_babaCode=21,data/cache/html/20090623_kawasaki_5.html
20090623_kawasaki_6,2009-06-23,kawasaki,6,https://www.keiba.go.jp/KeibaWeb/TodayRaceInfo/RaceMarkTable?k_raceDate=2009%2F06%2F23&k_raceNo=6&k_babaCode=21,data/cache/html/20090623_kawasaki_6.html
20090623_kawasaki_7,2009-06-23,kawasaki,7,https://www.keiba.go.jp/KeibaWeb/TodayRaceInfo/RaceMarkTable?k_raceDate=2009%2F06%2F23&k_raceNo=7&k_babaCode=21,data/cache/html/20090623_kawasaki_7.html
20090623_kawasaki_8,2009-06-23,kawasaki,8,https://www.keiba.go.jp/KeibaWeb/TodayRaceInfo/RaceMarkTable?k_raceDate=2009%2F06%2F23&k_raceNo=8&k_babaCode=21,data/cache/html/20090623_kawasaki_8.html
20090623_kawasaki_9,2009-06-23,kawasaki,9,https://www.keiba.go.jp/KeibaWeb/TodayRaceInfo/RaceMarkTable?k_raceDate=2009%2F06%2F23&k_raceNo=9&k_babaCode=21,data/cache/html/20090623_kawasaki_9.html
20090623_kawasaki_10,2009-06-23,kawasaki,10,https://www.keiba.go.jp/KeibaWeb/TodayRaceInfo/RaceMarkTable?k_raceDate=2009%2F06%2F23&k_raceNo=10&k_babaCode=21,data/cache/html/20090623_kawasaki_10.html
20090623_kawasaki_11,2009-06-23,kawasaki,11,https://www.keiba.go.jp/KeibaWeb/TodayRaceInfo/RaceMarkTable?k_raceDate=2009%2F06%2F23&k_raceNo=11&k_babaCode=21,data/cache/html/20090623_kawasaki_11.html
20090623_kawasaki_12,2009-06-23,kawasaki,12,https://www.keiba.go.jp/KeibaWeb/TodayRaceInfo/RaceMarkTable?k_raceDate=2009%2F06%2F23&k_raceNo=12&k_babaCode=21,data/cache/html/20090623_kawasaki_12.html
20090622_kawasaki_1,2009-06-22,kawasaki,1,https://www.keiba.go.jp/KeibaWeb/TodayRaceInfo/RaceMarkTable?k_raceDate=2009%2F06%2F22&k_raceNo=1&k_babaCode=21,data/cache/html/20090622_kawasaki_1.html
20090622_kawasaki_2,2009-06-22,kawasaki,2,https://www.keiba.go.jp/KeibaWeb/TodayRaceInfo/RaceMarkTable?k_raceDate=2009%2F06%2F22&k_raceNo=2&k_babaCode=21,data/cache/html/20090622_kawasaki_2.html
20090622_kawasaki_3,2009-06-22,kawasaki,3,https://www.keiba.go.jp/KeibaWeb/TodayRaceInfo/RaceMarkTable?k_raceDate=2009%2F06%2F22&k_raceNo=3&k_babaCode=21,data/cache/html/20090622_kawasaki_3.html
20090622_kawasaki_4,2009-06-22,kawasaki,4,https://www.keiba.go.jp/KeibaWeb/TodayRaceInfo/RaceMarkTable?k_raceDate=2009%2F06%2F22&k_raceNo=4&k_babaCode=21,data/cache/html/20090622_kawasaki_4.html
20090622_kawasaki_5,2009-06-22,kawasaki,5,https://www.keiba.go.jp/KeibaWeb/TodayRaceInfo/RaceMarkTable?k_raceDate=2009%2F06%2F22&k_raceNo=5&k_babaCode=21,data/cache/html/20090622_kawasaki_5.html
20090622_kawasaki_6,2009-06-22,kawasaki,6,https://www.keiba.go.jp/KeibaWeb/TodayRaceInfo/RaceMarkTable?k_raceDate=2009%2F06%2F22&k_raceNo=6&k_babaCode=21,data/cache/html/20090622_kawasaki_6.html
20090622_kawasaki_7,2009-06-22,kawasaki,7,https://www.keiba.go.jp/KeibaWeb/TodayRaceInfo/RaceMarkTable?k_raceDate=2009%2F06%2F22&k_raceNo=7&k_babaCode=21,data/cache/html/20090622_kawasaki_7.html
20090622_kawasaki_8,2009-06-22,kawasaki,8,https://www.keiba.go.jp/KeibaWeb/TodayRaceInfo/RaceMarkTable?k_raceDate=2009%2F06%2F22&k_raceNo=8&k_babaCode=21,data/cache/html/20090622_kawasaki_8.html
20090622_kawasaki_9,2009-06-22,kawasaki,9,https://www.keiba.go.jp/KeibaWeb/TodayRaceInfo/RaceMarkTable?k_raceDate=2009%2F06%2F22&k_raceNo=9&k_babaCode=21,data/cache/html/20090622_kawasaki_9.html
20090622_kawasaki_10,2009-06-22,kawasaki,10,https://www.keiba.go.jp/KeibaWeb/TodayRaceInfo/RaceMarkTable?k_raceDate=2009%2F06%2F22&k_raceNo=10&k_babaCode=21,data/cache/html/20090622_kawasaki_10.html
20090622_kawasaki_11,2009-06-22,kawasaki,11,https://www.keiba.go.jp/KeibaWeb/TodayRaceInfo/RaceMarkTable?k_raceDate=2009%2F06%2F22&k_raceNo=11&k_babaCode=21,data/cache/html/20090622_kawasaki_11.html
20090622_kawasaki_12,2009-06-22,kawasaki,12,https://www.keiba.go.jp/KeibaWeb/TodayRaceInfo/RaceMarkTable?k_raceDate=2009%2F06%2F22&k_raceNo=12&k_babaCode=21,data/cache/html/20090622_kawasaki_12.html
20090621_kawasaki_1,2009-06-21,kawasaki,1,https://www.keiba.go.jp/KeibaWeb/TodayRaceInfo/RaceMarkTable?k_raceDate=2009%2F06%2F21&k_raceNo=1&k_babaCode=21,data/cache/html/20090621_kawasaki_1.html
20090621_kawasaki_2,2009-06-21,kawasaki,2,https://www.keiba.go.jp/KeibaWeb/TodayRaceInfo/RaceMarkTable?k_raceDate=2009%2F06%2F21&k_raceNo=2&k_babaCode=21,data/cache/html/20090621_kawasaki_2.html
20090621_kawasaki_3,2009-06-21,kawasaki,3,https://www.keiba.go.jp/KeibaWeb/TodayRaceInfo/RaceMarkTable?k_raceDate=2009%2F06%2F21&k_raceNo=3&k_babaCode=21,data/cache/html/20090621_kawasaki_3.html
20090621_kawasaki_4,2009-06-21,kawasaki,4,https://www.keiba.go.jp/KeibaWeb/TodayRaceInfo/RaceMarkTable?k_raceDate=2009%2F06%2F21&k_raceNo=4&k_babaCode=21,data/cache/html/20090621_kawasaki_4.html
20090621_kawasaki_5,2009-06-21,kawasaki,5,https://www.keiba.go.jp/KeibaWeb/TodayRaceInfo/RaceMarkTable?k_raceDate=2009%2F06%2F21&k_raceNo=5&k_babaCode=21,data/cache/html/20090621_kawasaki_5.html
20090621_kawasaki_6,2009-06-21,kawasaki,6,https://www.keiba.go.jp/KeibaWeb/TodayRaceInfo/RaceMarkTable?k_raceDate=2009%2F06%2F21&k_raceNo=6&k_babaCode=21,data/cache/html/20090621_kawasaki_6.html
20090621_kawasaki_7,2009-06-21,kawasaki,7,https://www.keiba.go.jp/KeibaWeb/TodayRaceInfo/RaceMarkTable?k_raceDate=2009%2F06%2F21&k_raceNo=7&k_babaCode=21,data/cache/html/20090621_kawasaki_7.html
20090621_kawasaki_8,2009-06-21,kawasaki,8,https://www.keiba.go.jp/KeibaWeb/TodayRaceInfo/RaceMarkTable?k_raceDate=2009%2F06%2F21&k_raceNo=8&k_babaCode=21,data/cache/html/20090621_kawasaki_8.html
20090621_kawasaki_9,2009-06-21,kawasaki,9,https://www.keiba.go.jp/KeibaWeb/TodayRaceInfo/RaceMarkTable?k_raceDate=2009%2F06%2F21&k_raceNo=9&k_babaCode=21,data/cache/html/20090621_kawasaki_9.html
20090621_kawasaki_10,2009-06-21,kawasaki,10,https://www.keiba.go.jp/KeibaWeb/TodayRaceInfo/RaceMarkTable?k_raceDate=2009%2F06%2F21&k_raceNo=10&k_babaCode=21,data/cache/html/20090621_kawasaki_10.html
20090621_kawasaki_11,2009-06-21,kawasaki,11,https://www.keiba.go.jp/KeibaWeb/TodayRaceInfo/RaceMarkTable?k_raceDate=2009%2F06%2F21&k_raceNo=11&k_babaCode=21,data/cache/html/20090621_kawasaki_11.html
20090621_kawasaki_12,2009-06-21,kawasaki,12,https://www.keiba.go.jp/KeibaWeb/TodayRaceInfo/RaceMarkTable?k_raceDate=2009%2F06%2F21&k_raceNo=12&k_babaCode=21,data/cache/html/20090621_kawasaki_12.html
20090620_kawasaki_1,2009-06-20,kawasaki,1,https://www.keiba.go.jp/KeibaWeb/TodayRaceInfo/RaceMarkTable?k_raceDate=2009%2F06%2F20&k_raceNo=1&k_babaCode=21,data/cache/html/20090620_kawasaki_1.html
20090620_kawasaki_2,2009-06-20,kawasaki,2,https://www.keiba.go.jp/KeibaWeb/TodayRaceInfo/RaceMarkTable?k_raceDate=2009%2F06%2F20&k_raceNo=2&k_babaCode=21,data/cache/html/20090620_kawasaki_2.html
20090620_kawasaki_3,2009-06-20,kawasaki,3,https://www.keiba.go.jp/KeibaWeb/TodayRaceInfo/RaceMarkTable?k_raceDate=2009%2F06%2F20&k_raceNo=3&k_babaCode=21,data/cache/html/20090620_kawasaki_3.html
20090620_kawasaki_4,2009-06-20,kawasaki,4,https://www.keiba.go.jp/KeibaWeb/TodayRaceInfo/RaceMarkTable?k_raceDate=2009%2F06%2F20&k_raceNo=4&k_babaCode=21,data/cache/html/20090620_kawasaki_4.html
20090620_kawasaki_5,2009-06-20,kawasaki,5,https://www.keiba.go.jp/KeibaWeb/TodayRaceInfo/RaceMarkTable?k_raceDate=2009%2F06%2F20&k_raceNo=5&k_babaCode=21,data/cache/html/20090620_kawasaki_5.html
20090620_kawasaki_6,2009-06-20,kawasaki,6,https://www.keiba.go.jp/KeibaWeb/TodayRaceInfo/RaceMarkTable?k_raceDate=2009%2F06%2F20&k_raceNo=6&k_babaCode=21,data/cache/html/20090620_kawasaki_6.html
20090620_kawasaki_7,2009-06-20,kawasaki,7,https://www.keiba.go.jp/KeibaWeb/TodayRaceInfo/RaceMarkTable?k_raceDate=2009%2F06%2F20&k_raceNo=7&k_babaCode=21,data/cache/html/20090620_kawasaki_7.html
20090620_kawasaki_8,2009-06-20,kawasaki,8,https://www.keiba.go.jp/KeibaWeb/TodayRaceInfo/RaceMarkTable?k_raceDate=2009%2F06%2F20&k_raceNo=8&k_babaCode=21,data/cache/html/20090620_kawasaki_8.html
20090620_kawasaki_9,2009-06-20,kawasaki,9,https://www.keiba.go.jp/KeibaWeb/TodayRaceInfo/RaceMarkTable?k_raceDate=2009%2F06%2F20&k_raceNo=9&k_babaCode=21,data/cache/html/20090620_kawasaki_9.html
20090620_kawasaki_10,2009-06-20,kawasaki,10,https://www.keiba.go.jp/KeibaWeb/TodayRaceInfo/RaceMarkTable?k_raceDate=2009%2F06%2F20&k_raceNo=10&k_babaCode=21,data/cache/html/20090620_kawasaki_10.html
20090620_kawasaki_11,2009-06-20,kawasaki,11,https://www.keiba.go.jp/KeibaWeb/TodayRaceInfo/RaceMarkTable?k_raceDate=2009%2F06%2F20&k_raceNo=11&k_babaCode=21,data/cache/html/20090620_kawasaki_11.html
20090620_kawasaki_12,2009-06-20,kawasaki,12,https://www.keiba.go.jp/KeibaWeb/TodayRaceInfo/RaceMarkTable?k_raceDate=2009%2F06%2F20&k_raceNo=12&k_babaCode=21,data/cache/html/20090620_kawasaki_12.html
