race_id,date,track,race_no,official_url,cache_html_path
20230918_kawasaki_1,2023-09-18,kawasaki,1,https://www.keiba.go.jp/KeibaWeb/TodayRaceInfo/RaceMarkTable?k_raceDate=2023%2F09%2F18&k_raceNo=1&k_babaCode=21,data/cache/html/20230918_kawasaki_1.html
20230918_kawasaki_2,2023-09-18,kawasaki,2,https://www.keiba.go.jp/KeibaWeb/TodayRaceInfo/RaceMarkTable?k_raceDate=2023%2F09%2F18&k_raceNo=2&k_babaCode=21,data/cache/html/20230918_kawasaki_2.html
20230918_kawasaki_3,2023-09-18,kawasaki,3,https://www.keiba.go.jp/KeibaWeb/TodayRaceInfo/RaceMarkTable?k_raceDate=2023%2F09%2F18&k_raceNo=3&k_babaCode=21,data/cache/html/20230918_kawasaki_3.html
20230918_kawasaki_4,2023-09-18,kawasaki,4,https://www.keiba.go.jp/KeibaWeb/TodayRaceInfo/RaceMarkTable?k_raceDate=2023%2F09%2F18&k_raceNo=4&k_babaCode=21,data/cache/html/20230918_kawasaki_4.html
20230918_kawasaki_5,2023-09-18,kawasaki,5,https://www.keiba.go.jp/KeibaWeb/TodayRaceInfo/RaceMarkTable?k_raceDate=2023%2F09%2F18&k_raceNo=5&k_babaCode=21,data/cache/html/20230918_kawasaki_5.html
20230918_kawasaki_6,2023-09-18,kawasaki,6,https://www.keiba.go.jp/KeibaWeb/TodayRaceInfo/RaceMarkTable?k_raceDate=2023%2F09%2F18&k_raceNo=6&k_babaCode=21,data/cache/html/20230918_kawasaki_6.html
20230918_kawasaki_7,2023-09-18,kawasaki,7,https://www.keiba.go.jp/KeibaWeb/TodayRaceInfo/RaceMarkTable?k_raceDate=2023%2F09%2F18&k_raceNo=7&k_babaCode=21,data/cache/html/20230918_kawasaki_7.html
20230918_kawasaki_8,2023-09-18,kawasaki,8,https://www.keiba.go.jp/KeibaWeb/TodayRaceInfo/RaceMarkTable?k_raceDate=2023%2F09%2F18&k_raceNo=8&k_babaCode=21,data/cache/html/20230918_kawasaki_8.html
20230918_kawasaki_9,2023-09-18,kawasaki,9,https://www.keiba.go.jp/KeibaWeb/TodayRaceInfo/RaceMarkTable?k_raceDate=2023%2F09%2F18&k_raceNo=9&k_babaCode=21,data/cache/html/20230918_kawasaki_9.html
20230918_kawasaki_10,2023-09-18,kawasaki,10,https://www.keiba.go.jp/KeibaWeb/TodayRaceInfo/RaceMarkTable?k_raceDate=2023%2F09%2F18&k_raceNo=10&k_babaCode=21,data/cache/html/20230918_kawasaki_10.html
20230918_kawasaki_11,2023-09-18,kawasaki,11,https://www.keiba.go.jp/KeibaWeb/TodayRaceInfo/RaceMarkTable?k_raceDate=2023%2F09%2F18&k_raceNo=11&k_babaCode=21,data/cache/html/20230918_kawasaki_11.html
20230918_kawasaki_12,2023-09-18,kawasaki,12,https://www.keiba.go.jp/KeibaWeb/TodayRaceInfo/RaceMarkTable?k_raceDate=2023%2F09%2F18&k_raceNo=12&k_babaCode=21,data/cache/html/20230918_kawasaki_12.html
20230917_kawasaki_1,2023-09-17,kawasaki,1,https://www.keiba.go.jp/KeibaWeb/TodayRaceInfo/RaceMarkTable?k_raceDate=2023%2F09%2F17&k_raceNo=1&k_babaCode=21,data/cache/html/20230917_kawasaki_1.html
20230917_kawasaki_2,2023-09-17,kawasaki,2,https://www.keiba.go.jp/KeibaWeb/TodayRaceInfo/RaceMarkTable?k_raceDate=2023%2F09%2F17&k_raceNo=2&k_babaCode=21,data/cache/html/20230917_kawasaki_2.html
20230917_kawasaki_3,2023-09-17,kawasaki,3,https://www.keiba.go.jp/KeibaWeb/TodayRaceInfo/RaceMarkTable?k_raceDate=2023%2F09%2F17&k_raceNo=3&k_babaCode=21,data/cache/html/20230917_kawasaki_3.html
20230917_kawasaki_4,2023-09-17,kawasaki,4,https://www.keiba.go.jp/KeibaWeb/TodayRaceInfo/RaceMarkTable?k_raceDate=2023%2F09%2F17&k_raceNo=4&k_babaCode=21,data/cache/html/20230917_kawasaki_4.html
20230917_kawasaki_5,2023-09-17,kawasaki,5,https://www.keiba.go.jp/KeibaWeb/TodayRaceInfo/RaceMarkTable?k_raceDate=2023%2F09%2F17&k_raceNo=5&k_babaCode=21,data/cache/html/20230917_kawasaki_5.html
20230917_kawasaki_6,2023-09-17,kawasaki,6,https://www.keiba.go.jp/KeibaWeb/TodayRaceInfo/RaceMarkTable?k_raceDate=2023%2F09%2F17&k_raceNo=6&k_babaCode=21,data/cache/html/20230917_kawasaki_6.html
20230917_kawasaki_7,2023-09-17,kawasaki,7,https://www.keiba.go.jp/KeibaWeb/TodayRaceInfo/RaceMarkTable?k_raceDate=2023%2F09%2F17&k_raceNo=7&k_babaCode=21,data/cache/html/20230917_kawasaki_7.html
20230917_kawasaki_8,2023-09-17,kawasaki,8,https://www.keiba.go.jp/KeibaWeb/TodayRaceInfo/RaceMarkTable?k_raceDate=2023%2F09%2F17&k_raceNo=8&k_babaCode=21,data/cache/html/20230917_kawasaki_8.html
20230917_kawasaki_9,2023-09-17,kawasaki,9,https://www.keiba.go.jp/KeibaWeb/TodayRaceInfo/RaceMarkTable?k_raceDate=2023%2F09%2F17&k_raceNo=9&k_babaCode=21,data/cache/html/20230917_kawasaki_9.html
20230917_kawasaki_10,2023-09-17,kawasaki,10,https://www.keiba.go.jp/KeibaWeb/TodayRaceInfo/RaceMarkTable?k_raceDate=2023%2F09%2F17&k_raceNo=10&k_babaCode=21,data/cache/html/20230917_kawasaki_10.html
20230917_kawasaki_11,2023-09-17,kawasaki,11,https://www.keiba.go.jp/KeibaWeb/TodayRaceInfo/RaceMarkTable?k_raceDate=2023%2F09%2F17&k_raceNo=11&k_babaCode=21,data/cache/html/20230917_kawasaki_11.html
20230917_kawasaki_12,2023-09-17,kawasaki,12,https://www.keiba.go.jp/KeibaWeb/TodayRaceInfo/RaceMarkTable?k_raceDate=2023%2F09%2F17&k_raceNo=12&k_babaCode=21,data/cache/html/20230917_kawasaki_12.html
20230916_kawasaki_1,2023-09-16,kawasaki,1,https://www.keiba.go.jp/KeibaWeb/TodayRaceInfo/RaceMarkTable?k_raceDate=2023%2F09%2F16&k_raceNo=1&k_babaCode=21,data/cache/html/20230916_kawasaki_1.html
20230916_kawasaki_2,2023-09-16,kawasaki,2,https://www.keiba.go.jp/KeibaWeb/TodayRaceInfo/RaceMarkTable?k_raceDate=2023%2F09%2F16&k_raceNo=2&k_babaCode=21,data/cache/html/20230916_kawasaki_2.html
20230916_kawasaki_3,2023-09-16,kawasaki,3,https://www.keiba.go.jp/KeibaWeb/TodayRaceInfo/RaceMarkTable?k_raceDate=2023%2F09%2F16&k_raceNo=3&k_babaCode=21,data/cache/html/20230916_kawasaki_3.html
20230916_kawasaki_4,2023-09-16,kawasaki,4,https://www.keiba.go.jp/KeibaWeb/TodayRaceInfo/RaceMarkTable?k_raceDate=2023%2F09%2F16&k_raceNo=4&k_babaCode=21,data/cache/html/20230916_kawasaki_4.html
20230916_kawasaki_5,2023-09-16,kawasaki,5,https://www.keiba.go.jp/KeibaWeb/TodayRaceInfo/RaceMarkTable?k_raceDate=2023%2F09%2F16&k_raceNo=5&k_babaCode=21,data/cache/html/20230916_kawasaki_5.html
20230916_kawasaki_6,2023-09-16,kawasaki,6,https://www.keiba.go.jp/KeibaWeb/TodayRaceInfo/RaceMarkTable?k_raceDate=2023%2F09%2F16&k_raceNo=6&k_babaCode=21,data/cache/html/20230916_kawasaki_6.html
20230916_kawasaki_7,2023-09-16,kawasaki,7,https://www.keiba.go.jp/KeibaWeb/TodayRaceInfo/RaceMarkTable?k_raceDate=2023%2F09%2F16&k_raceNo=7&k_babaCode=21,data/cache/html/20230916_kawasaki_7.html
20230916_kawasaki_8,2023-09-16,kawasaki,8,https://www.keiba.go.jp/KeibaWeb/TodayRaceInfo/RaceMarkTable?k_raceDate=2023%2F09%2F16&k_raceNo=8&k_babaCode=21,data/cache/html/20230916_kawasaki_8.html
20230916_kawasaki_9,2023-09-16,kawasaki,9,https://www.keiba.go.jp/KeibaWeb/TodayRaceInfo/RaceMarkTable?k_raceDate=2023%2F09%2F16&k_raceNo=9&k_babaCode=21,data/cache/html/20230916_kawasaki_9.html
20230916_kawasaki_10,2023-09-16,kawasaki,10,https://www.keiba.go.jp/KeibaWeb/TodayRaceInfo/RaceMarkTable?k_raceDate=2023%2F09%2F16&k_raceNo=10&k_babaCode=21,data/cache/html/20230916_kawasaki_10.html
20230916_kawasaki_11,2023-09-16,kawasaki,11,https://www.keiba.go.jp/KeibaWeb/TodayRaceInfo/RaceMarkTable?k_raceDate=2023%2F09%2F16&k_raceNo=11&k_babaCode=21,data/cache/html/20230916_kawasaki_11.html
20230916_kawasaki_12,2023-09-16,kawasaki,12,https://www.keiba.go.jp/KeibaWeb/TodayRaceInfo/RaceMarkTable?k_raceDate=2023%2F09%2F16&k_raceNo=12&k_babaCode=21,data/cache/html/20230916_kawasaki_12.html
20230910_kawasaki_1,2023-09-10,kawasaki,1,https://www.keiba.go.jp/KeibaWeb/TodayRaceInfo/RaceMarkTable?k_raceDate=2023%2F09%2F10&k_raceNo=1&k_babaCode=21,data/cache/html/20230910_kawasaki_1.html
20230910_kawasaki_2,2023-09-10,kawasaki,2,https://www.keiba.go.jp/KeibaWeb/TodayRaceInfo/RaceMarkTable?k_raceDate=2023%2F09%2F10&k_raceNo=2&k_babaCode=21,data/cache/html/20230910_kawasaki_2.html
20230910_kawasaki_3,2023-09-10,kawasaki,3,https://www.keiba.go.jp/KeibaWeb/TodayRaceInfo/RaceMarkTable?k_raceDate=2023%2F09%2F10&k_raceNo=3&k_babaCode=21,data/cache/html/20230910_kawasaki_3.html
20230910_kawasaki_4,2023-09-10,kawasaki,4,https://www.keiba.go.jp/KeibaWeb/TodayRaceInfo/RaceMarkTable?k_raceDate=2023%2F09%2F10&k_raceNo=4&k_babaCode=21,data/cache/html/20230910_kawasaki_4.html
20230910_kawasaki_5,2023-09-10,kawasaki,5,https://www.keiba.go.jp/KeibaWeb/TodayRaceInfo/RaceMarkTable?k_raceDate=2023%2F09%2F10&k_raceNo=5&k_babaCode=21,data/cache/html/20230910_kawasaki_5.html
20230910_kawasaki_6,2023-09-10,kawasaki,6,https://www.keiba.go.jp/KeibaWeb/TodayRaceInfo/RaceMarkTable?k_raceDate=2023%2F09%2F10&k_raceNo=6&k_babaCode=21,data/cache/html/20230910_kawasaki_6.html
20230910_kawasaki_7,2023-09-10,kawasaki,7,https://www.keiba.go.jp/KeibaWeb/TodayRaceInfo/RaceMarkTable?k_raceDate=2023%2F09%2F10&k_raceNo=7&k_babaCode=21,data/cache/html/20230910_kawasaki_7.html
20230910_kawasaki_8,2023-09-10,kawasaki,8,https://www.keiba.go.jp/KeibaWeb/TodayRaceInfo/RaceMarkTable?k_raceDate=2023%2F09%2F10&k_raceNo=8&k_babaCode=21,data/cache/html/20230910_kawasaki_8.html
20230910_kawasaki_9,2023-09-10,kawasaki,9,https://www.keiba.go.jp/KeibaWeb/TodayRaceInfo/RaceMarkTable?k_raceDate=2023%2F09%2F10&k_raceNo=9&k_babaCode=21,data/cache/html/20230910_kawasaki_9.html
20230910_kawasaki_10,2023-09-10,kawasaki,10,https://www.keiba.go.jp/KeibaWeb/TodayRaceInfo/RaceMarkTable?k_raceDate=2023%2F09%2F10&k_raceNo=10&k_babaCode=21,data/cache/html/20230910_kawasaki_10.html
20230910_kawasaki_11,2023-09-10,kawasaki,11,https://www.keiba.go.jp/KeibaWeb/TodayRaceInfo/RaceMarkTable?k_raceDate=2023%2F09%2F10&k_raceNo=11&k_babaCode=21,data/cache/html/20230910_kawasaki_11.html
20230910_kawasaki_12,2023-09-10,kawasaki,12,https://www.keiba.go.jp/KeibaWeb/TodayRaceInfo/RaceMarkTable?k_raceDate=2023%2F09%2F10&k_raceNo=12&k_babaCode=21,data/cache/html/20230910_kawasaki_12.html
20230909_kawasaki_1,2023-09-09,kawasaki,1,https://www.keiba.go.jp/KeibaWeb/TodayRaceInfo/RaceMarkTable?k_raceDate=2023%2F09%2F09&k_raceNo=1&k_babaCode=21,data/cache/html/20230909_kawasaki_1.html
20230909_kawasaki_2,2023-09-09,kawasaki,2,https://www.keiba.go.jp/KeibaWeb/TodayRaceInfo/RaceMarkTable?k_raceDate=2023%2F09%2F09&k_raceNo=2&k_babaCode=21,data/cache/html/20230909_kawasaki_2.html
20230909_kawasaki_3,2023-09-09,kawasaki,3,https://www.keiba.go.jp/KeibaWeb/TodayRaceInfo/RaceMarkTable?k_raceDate=2023%2F09%2F09&k_raceNo=3&k_babaCode=21,data/cache/html/20230909_kawasaki_3.html
20230909_kawasaki_4,2023-09-09,kawasaki,4,https://www.keiba.go.jp/KeibaWeb/TodayRaceInfo/RaceMarkTable?k_raceDate=2023%2F09%2F09&k_raceNo=4&k_babaCode=21,data/cache/html/20230909_kawasaki_4.html
20230909_kawasaki_5,2023-09-09,kawasaki,5,https://www.keiba.go.jp/KeibaWeb/TodayRaceInfo/RaceMarkTable?k_raceDate=2023%2F09%2F09&k_raceNo=5&k_babaCode=21,data/cache/html/20230909_kawasaki_5.html
20230909_kawasaki_6,2023-09-09,kawasaki,6,https://www.keiba.go.jp/KeibaWeb/TodayRaceInfo/RaceMarkTable?k_raceDate=2023%2F09%2F09&k_raceNo=6&k_babaCode=21,data/cache/html/20230909_kawasaki_6.html
20230909_kawasaki_7,2023-09-09,kawasaki,7,https://www.keiba.go.jp/KeibaWeb/TodayRaceInfo/RaceMarkTable?k_raceDate=2023%2F09%2F09&k_raceNo=7&k_babaCode=21,data/cache/html/20230909_kawasaki_7.html
20230909_kawasaki_8,2023-09-09,kawasaki,8,https://www.keiba.go.jp/KeibaWeb/TodayRaceInfo/RaceMarkTable?k_raceDate=2023%2F09%2F09&k_raceNo=8&k_babaCode=21,data/cache/html/20230909_kawasaki_8.html
20230909_kawasaki_9,2023-09-09,kawasaki,9,https://www.keiba.go.jp/KeibaWeb/TodayRaceInfo/RaceMarkTable?k_raceDate=2023%2F09%2F09&k_raceNo=9&k_babaCode=21,data/cache/html/20230909_kawasaki_9.html
20230909_kawasaki_10,2023-09-09,kawasaki,10,https://www.keiba.go.jp/KeibaWeb/TodayRaceInfo/RaceMarkTable?k_raceDate=2023%2F09%2F09&k_raceNo=10&k_babaCode=21,data/cache/html/20230909_kawasaki_10.html
20230909_kawasaki_11,2023-09-09,kawasaki,11,https://www.keiba.go.jp/KeibaWeb/TodayRaceInfo/RaceMarkTable?k_raceDate=2023%2F09%2F09&k_raceNo=11&k_babaCode=21,data/cache/html/20230909_kawasaki_11.html
20230909_kawasaki_12,2023-09-09,kawasaki,12,https://www.keiba.go.jp/KeibaWeb/TodayRaceInfo/RaceMarkTable?k_raceDate=2023%2F09%2F09&k_raceNo=12&k_babaCode=21,data/cache/html/20230909_kawasaki_12.html
20230908_kawasaki_1,2023-09-08,kawasaki,1,https://www.keiba.go.jp/KeibaWeb/TodayRaceInfo/RaceMarkTable?k_raceDate=2023%2F09%2F08&k_raceNo=1&k_babaCode=21,data/cache/html/20230908_kawasaki_1.html
20230908_kawasaki_2,2023-09-08,kawasaki,2,https://www.keiba.go.jp/KeibaWeb/TodayRaceInfo/RaceMarkTable?k_raceDate=2023%2F09%2F08&k_raceNo=2&k_babaCode=21,data/cache/html/20230908_kawasaki_2.html
20230908_kawasaki_3,2023-09-08,kawasaki,3,https://www.keiba.go.jp/KeibaWeb/TodayRaceInfo/RaceMarkTable?k_raceDate=2023%2F09%2F08&k_raceNo=3&k_babaCode=21,data/cache/html/20230908_kawasaki_3.html
20230908_kawasaki_4,2023-09-08,kawasaki,4,https://www.keiba.go.jp/KeibaWeb/TodayRaceInfo/RaceMarkTable?k_raceDate=2023%2F09%2F08&k_raceNo=4&k_babaCode=21,data/cache/html/20230908_kawasaki_4.html
20230908_kawasaki_5,2023-09-08,kawasaki,5,https://www.keiba.go.jp/KeibaWeb/TodayRaceInfo/RaceMarkTable?k_raceDate=2023%2F09%2F08&k_raceNo=5&k_babaCode=21,data/cache/html/20230908_kawasaki_5.html
20230908_kawasaki_6,2023-09-08,kawasaki,6,https://www.keiba.go.jp/KeibaWeb/TodayRaceInfo/RaceMarkTable?k_raceDate=2023%2F09%2F08&k_raceNo=6&k_babaCode=21,data/cache/html/20230908_kawasaki_6.html
20230908_kawasaki_7,2023-09-08,kawasaki,7,https://www.keiba.go.jp/KeibaWeb/TodayRaceInfo/RaceMarkTable?k_raceDate=2023%2F09%2F08&k_raceNo=7&k_babaCode=21,data/cache/html/20230908_kawasaki_7.html
20230908_kawasaki_8,2023-09-08,kawasaki,8,https://www.keiba.go.jp/KeibaWeb/TodayRaceInfo/RaceMarkTable?k_raceDate=2023%2F09%2F08&k_raceNo=8&k_babaCode=21,data/cache/html/20230908_kawasaki_8.html
20230908_kawasaki_9,2023-09-08,kawasaki,9,https://www.keiba.go.jp/KeibaWeb/TodayRaceInfo/RaceMarkTable?k_raceDate=2023%2F09%2F08&k_raceNo=9&k_babaCode=21,data/cache/html/20230908_kawasaki_9.html
20230908_kawasaki_10,2023-09-08,kawasaki,10,https://www.keiba.go.jp/KeibaWeb/TodayRaceInfo/RaceMarkTable?k_raceDate=2023%2F09%2F08&k_raceNo=10&k_babaCode=21,data/cache/html/20230908_kawasaki_10.html
20230908_kawasaki_11,2023-09-08,kawasaki,11,https://www.keiba.go.jp/KeibaWeb/TodayRaceInfo/RaceMarkTable?k_raceDate=2023%2F09%2F08&k_raceNo=11&k_babaCode=21,data/cache/html/20230908_kawasaki_11.html
20230908_kawasaki_12,2023-09-08,kawasaki,12,https://www.keiba.go.jp/KeibaWeb/TodayRaceInfo/RaceMarkTable?k_raceDate=2023%2F09%2F08&k_raceNo=12&k_babaCode=21,data/cache/html/20230908_kawasaki_12.html
20230907_kawasaki_1,2023-09-07,kawasaki,1,https://www.keiba.go.jp/KeibaWeb/TodayRaceInfo/RaceMarkTable?k_raceDate=2023%2F09%2F07&k_raceNo=1&k_babaCode=21,data/cache/html/20230907_kawasaki_1.html
20230907_kawasaki_2,2023-09-07,kawasaki,2,https://www.keiba.go.jp/KeibaWeb/TodayRaceInfo/RaceMarkTable?k_raceDate=2023%2F09%2F07&k_raceNo=2&k_babaCode=21,data/cache/html/20230907_kawasaki_2.html
20230907_kawasaki_3,2023-09-07,kawasaki,3,https://www.keiba.go.jp/KeibaWeb/TodayRaceInfo/RaceMarkTable?k_raceDate=2023%2F09%2F07&k_raceNo=3&k_babaCode=21,data/cache/html/20230907_kawasaki_3.html
20230907_kawasaki_4,2023-09-07,kawasaki,4,https://www.keiba.go.jp/KeibaWeb/TodayRaceInfo/RaceMarkTable?k_raceDate=2023%2F09%2F07&k_raceNo=4&k_babaCode=21,data/cache/html/20230907_kawasaki_4.html
20230907_kawasaki_5,2023-09-07,kawasaki,5,https://www.keiba.go.jp/KeibaWeb/TodayRaceInfo/RaceMarkTable?k_raceDate=2023%2F09%2F07&k_raceNo=5&k_babaCode=21,data/cache/html/20230907_kawasaki_5.html
20230907_kawasaki_6,2023-09-07,kawasaki,6,https://www.keiba.go.jp/KeibaWeb/TodayRaceInfo/RaceMarkTable?k_raceDate=2023%2F09%2F07&k_raceNo=6&k_babaCode=21,data/cache/html/20230907_kawasaki_6.html
20230907_kawasaki_7,2023-09-07,kawasaki,7,https://www.keiba.go.jp/KeibaWeb/TodayRaceInfo/RaceMarkTable?k_raceDate=2023%2F09%2F07&k_raceNo=7&k_babaCode=21,data/cache/html/20230907_kawasaki_7.html
20230907_kawasaki_8,2023-09-07,kawasaki,8,https://www.keiba.go.jp/KeibaWeb/TodayRaceInfo/RaceMarkTable?k_raceDate=2023%2F09%2F07&k_raceNo=8&k_babaCode=21,data/cache/html/20230907_kawasaki_8.html
20230907_kawasaki_9,2023-09-07,kawasaki,9,https://www.keiba.go.jp/KeibaWeb/TodayRaceInfo/RaceMarkTable?k_raceDate=2023%2F09%2F07&k_raceNo=9&k_babaCode=21,data/cache/html/20230907_kawasaki_9.html
20230907_kawasaki_10,2023-09-07,kawasaki,10,https://www.keiba.go.jp/KeibaWeb/TodayRaceInfo/RaceMarkTable?k_raceDate=2023%2F09%2F07&k_raceNo=10&k_babaCode=21,data/cache/html/20230907_kawasaki_10.html
20230907_kawasaki_11,2023-09-07,kawasaki,11,https://www.keiba.go.jp/KeibaWeb/TodayRaceInfo/RaceMarkTable?k_raceDate=2023%2F09%2F07&k_raceNo=11&k_babaCode=21,data/cache/html/20230907_kawasaki_11.html
20230907_kawasaki_12,2023-09-07,kawasaki,12,https://www.keiba.go.jp/KeibaWeb/TodayRaceInfo/RaceMarkTable?k_raceDate=2023%2F09%2F07&k_raceNo=12&k_babaCode=21,data/cache/html/20230907_kawasaki_12.html
20230906_kawasaki_1,2023-09-06,kawasaki,1,https://www.keiba.go.jp/KeibaWeb/TodayRaceInfo/RaceMarkTable?k_raceDate=2023%2F09%2F06&k_raceNo=1&k_babaCode=21,data/cache/html/20230906_kawasaki_1.html
20230906_kawasaki_2,2023-09-06,kawasaki,2,https://www.keiba.go.jp/KeibaWeb/TodayRaceInfo/RaceMarkTable?k_raceDate=2023%2F09%2F06&k_raceNo=2&k_babaCode=21,data/cache/html/20230906_kawasaki_2.html
20230906_kawasaki_3,2023-09-06,kawasaki,3,https://www.keiba.go.jp/KeibaWeb/TodayRaceInfo/RaceMarkTable?k_raceDate=2023%2F09%2F06&k_raceNo=3&k_babaCode=21,data/cache/html/20230906_kawasaki_3.html
20230906_kawasaki_4,2023-09-06,kawasaki,4,https://www.keiba.go.jp/KeibaWeb/TodayRaceInfo/RaceMarkTable?k_raceDate=2023%2F09%2F06&k_raceNo=4&k_babaCode=21,data/cache/html/20230906_kawasaki_4.html
20230906_kawasaki_5,2023-09-06,kawasaki,5,https://www.keiba.go.jp/KeibaWeb/TodayRaceInfo/RaceMarkTable?k_raceDate=2023%2F09%2F06&k_raceNo=5&k_babaCode=21,data/cache/html/20230906_kawasaki_5.html
20230906_kawasaki_6,2023-09-06,kawasaki,6,https://www.keiba.go.jp/KeibaWeb/TodayRaceInfo/RaceMarkTable?k_raceDate=2023%2F09%2F06&k_raceNo=6&k_babaCode=21,data/cache/html/20230906_kawasaki_6.html
20230906_kawasaki_7,2023-09-06,kawasaki,7,https://www.keiba.go.jp/KeibaWeb/TodayRaceInfo/RaceMarkTable?k_raceDate=2023%2F09%2F06&k_raceNo=7&k_babaCode=21,data/cache/html/20230906_kawasaki_7.html
20230906_kawasaki_8,2023-09-06,kawasaki,8,https://www.keiba.go.jp/KeibaWeb/TodayRaceInfo/RaceMarkTable?k_raceDate=2023%2F09%2F06&k_raceNo=8&k_babaCode=21,data/cache/html/20230906_kawasaki_8.html
20230906_kawasaki_9,2023-09-06,kawasaki,9,https://www.keiba.go.jp/KeibaWeb/TodayRaceInfo/RaceMarkTable?k_raceDate=2023%2F09%2F06&k_raceNo=9&k_babaCode=21,data/cache/html/20230906_kawasaki_9.html
20230906_kawasaki_10,2023-09-06,kawasaki,10,https://www.keiba.go.jp/KeibaWeb/TodayRaceInfo/RaceMarkTable?k_raceDate=2023%2F09%2F06&k_raceNo=10&k_babaCode=21,data/cache/html/20230906_kawasaki_10.html
20230906_kawasaki_11,2023-09-06,kawasaki,11,https://www.keiba.go.jp/KeibaWeb/TodayRaceInfo/RaceMarkTable?k_raceDate=2023%2F09%2F06&k_raceNo=11&k_babaCode=21,data/cache/html/20230906_kawasaki_11.html
20230906_kawasaki_12,2023-09-06,kawasaki,12,https://www.keiba.go.jp/KeibaWeb/TodayRaceInfo/RaceMarkTable?k_raceDate=2023%2F09%2F06&k_raceNo=12&k_babaCode=21,data/cache/html/20230906_kawasaki_12.html
20230905_kawasaki_1,2023-09-05,kawasaki,1,https://www.keiba.go.jp/KeibaWeb/TodayRaceInfo/RaceMarkTable?k_raceDate=2023%2F09%2F05&k_raceNo=1&k_babaCode=21,data/cache/html/20230905_kawasaki_1.html
20230905_kawasaki_2,2023-09-05,kawasaki,2,https://www.keiba.go.jp/KeibaWeb/TodayRaceInfo/RaceMarkTable?k_raceDate=2023%2F09%2F05&k_raceNo=2&k_babaCode=21,data/cache/html/20230905_kawasaki_2.html
20230905_kawasaki_3,2023-09-05,kawasaki,3,https://www.keiba.go.jp/KeibaWeb/TodayRaceInfo/RaceMarkTable?k_raceDate=2023%2F09%2F05&k_raceNo=3&k_babaCode=21,data/cache/html/20230905_kawasaki_3.html
20230905_kawasaki_4,2023-09-05,kawasaki,4,https://www.keiba.go.jp/KeibaWeb/TodayRaceInfo/RaceMarkTable?k_raceDate=2023%2F09%2F05&k_raceNo=4&k_babaCode=21,data/cache/html/20230905_kawasaki_4.html
20230905_kawasaki_5,2023-09-05,kawasaki,5,https://www.keiba.go.jp/KeibaWeb/TodayRaceInfo/RaceMarkTable?k_raceDate=2023%2F09%2F05&k_raceNo=5&k_babaCode=21,data/cache/html/20230905_kawasaki_5.html
20230905_kawasaki_6,2023-09-05,kawasaki,6,https://www.keiba.go.jp/KeibaWeb/TodayRaceInfo/RaceMarkTable?k_raceDate=2023%2F09%2F05&k_raceNo=6&k_babaCode=21,data/cache/html/20230905_kawasaki_6.html
20230905_kawasaki_7,2023-09-05,kawasaki,7,https://www.keiba.go.jp/KeibaWeb/TodayRaceInfo/RaceMarkTable?k_raceDate=2023%2F09%2F05&k_raceNo=7&k_babaCode=21,data/cache/html/20230905_kawasaki_7.html
20230905_kawasaki_8,2023-09-05,kawasaki,8,https://www.keiba.go.jp/KeibaWeb/TodayRaceInfo/RaceMarkTable?k_raceDate=2023%2F09%2F05&k_raceNo=8&k_babaCode=21,data/cache/html/20230905_kawasaki_8.html
20230905_kawasaki_9,2023-09-05,kawasaki,9,https://www.keiba.go.jp/KeibaWeb/TodayRaceInfo/RaceMarkTable?k_raceDate=2023%2F09%2F05&k_raceNo=9&k_babaCode=21,data/cache/html/20230905_kawasaki_9.html
20230905_kawasaki_10,2023-09-05,kawasaki,10,https://www.keiba.go.jp/KeibaWeb/TodayRaceInfo/RaceMarkTable?k_raceDate=2023%2F09%2F05&k_raceNo=10&k_babaCode=21,data/cache/html/20230905_kawasaki_10.html
20230905_kawasaki_11,2023-09-05,kawasaki,11,https://www.keiba.go.jp/KeibaWeb/TodayRaceInfo/RaceMarkTable?k_raceDate=2023%2F09%2F05&k_raceNo=11&k_babaCode=21,data/cache/html/20230905_kawasaki_11.html
20230905_kawasaki_12,2023-09-05,kawasaki,12,https://www.keiba.go.jp/KeibaWeb/TodayRaceInfo/RaceMarkTable?k_raceDate=2023%2F09%2F05&k_raceNo=12&k_babaCode=21,data/cache/html/20230905_kawasaki_12.html
20230904_kawasaki_1,2023-09-04,kawasaki,1,https://www.keiba.go.jp/KeibaWeb/TodayRaceInfo/RaceMarkTable?k_raceDate=2023%2F09%2F04&k_raceNo=1&k_babaCode=21,data/cache/html/20230904_kawasaki_1.html
20230904_kawasaki_2,2023-09-04,kawasaki,2,https://www.keiba.go.jp/KeibaWeb/TodayRaceInfo/RaceMarkTable?k_raceDate=2023%2F09%2F04&k_raceNo=2&k_babaCode=21,data/cache/html/20230904_kawasaki_2.html
20230904_kawasaki_3,2023-09-04,kawasaki,3,https://www.keiba.go.jp/KeibaWeb/TodayRaceInfo/RaceMarkTable?k_raceDate=2023%2F09%2F04&k_raceNo=3&k_babaCode=21,data/cache/html/20230904_kawasaki_3.html
20230904_kawasaki_4,2023-09-04,kawasaki,4,https://www.keiba.go.jp/KeibaWeb/TodayRaceInfo/RaceMarkTable?k_raceDate=2023%2F09%2F04&k_raceNo=4&k_babaCode=21,data/cache/html/20230904_kawasaki_4.html
20230904_kawasaki_5,2023-09-04,kawasaki,5,https://www.keiba.go.jp/KeibaWeb/TodayRaceInfo/RaceMarkTable?k_raceDate=2023%2F09%2F04&k_raceNo=5&k_babaCode=21,data/cache/html/20230904_kawasaki_5.html
20230904_kawasaki_6,2023-09-04,kawasaki,6,https://www.keiba.go.jp/KeibaWeb/TodayRaceInfo/RaceMarkTable?k_raceDate=2023%2F09%2F04&k_raceNo=6&k_babaCode=21,data/cache/html/20230904_kawasaki_6.html
20230904_kawasaki_7,2023-09-04,kawasaki,7,https://www.keiba.go.jp/KeibaWeb/TodayRaceInfo/RaceMarkTable?k_raceDate=2023%2F09%2F04&k_raceNo=7&k_babaCode=21,data/cache/html/20230904_kawasaki_7.html
20230904_kawasaki_8,2023-09-04,kawasaki,8,https://www.keiba.go.jp/KeibaWeb/TodayRaceInfo/RaceMarkTable?k_raceDate=2023%2F09%2F04&k_raceNo=8&k_babaCode=21,data/cache/html/20230904_kawasaki_8.html
20230904_kawasaki_9,2023-09-04,kawasaki,9,https://www.keiba.go.jp/KeibaWeb/TodayRaceInfo/RaceMarkTable?k_raceDate=2023%2F09%2F04&k_raceNo=9&k_babaCode=21,data/cache/html/20230904_kawasaki_9.html
20230904_kawasaki_10,2023-09-04,kawasaki,10,https://www.keiba.go.jp/KeibaWeb/TodayRaceInfo/RaceMarkTable?k_raceDate=2023%2F09%2F04&k_raceNo=10&k_babaCode=21,data/cache/html/20230904_kawasaki_10.html
20230904_kawasaki_11,2023-09-04,kawasaki,11,https://www.keiba.go.jp/KeibaWeb/TodayRaceInfo/RaceMarkTable?k_raceDate=2023%2F09%2F04&k_raceNo=11&k_babaCode=21,data/cache/html/20230904_kawasaki_11.html
20230904_kawasaki_12,2023-09-04,kawasaki,12,https://www.keiba.go.jp/KeibaWeb/TodayRaceInfo/RaceMarkTable?k_raceDate=2023%2F09%2F04&k_raceNo=12&k_babaCode=21,data/cache/html/20230904_kawasaki_12.html
20230903_kawasaki_1,2023-09-03,kawasaki,1,https://www.keiba.go.jp/KeibaWeb/TodayRaceInfo/RaceMarkTable?k_raceDate=2023%2F09%2F03&k_raceNo=1&k_babaCode=21,data/cache/html/20230903_kawasaki_1.html
20230903_kawasaki_2,2023-09-03,kawasaki,2,https://www.keiba.go.jp/KeibaWeb/TodayRaceInfo/RaceMarkTable?k_raceDate=2023%2F09%2F03&k_raceNo=2&k_babaCode=21,data/cache/html/20230903_kawasaki_2.html
20230903_kawasaki_3,2023-09-03,kawasaki,3,https://www.keiba.go.jp/KeibaWeb/TodayRaceInfo/RaceMarkTable?k_raceDate=2023%2F09%2F03&k_raceNo=3&k_babaCode=21,data/cache/html/20230903_kawasaki_3.html
20230903_kawasaki_4,2023-09-03,kawasaki,4,https://www.keiba.go.jp/KeibaWeb/TodayRaceInfo/RaceMarkTable?k_raceDate=2023%2F09%2F03&k_raceNo=4&k_babaCode=21,data/cache/html/20230903_kawasaki_4.html
20230903_kawasaki_5,2023-09-03,kawasaki,5,https://www.keiba.go.jp/KeibaWeb/TodayRaceInfo/RaceMarkTable?k_raceDate=2023%2F09%2F03&k_raceNo=5&k_babaCode=21,data/cache/html/20230903_kawasaki_5.html
20230903_kawasaki_6,2023-09-03,kawasaki,6,https://www.keiba.go.jp/KeibaWeb/TodayRaceInfo/RaceMarkTable?k_raceDate=2023%2F09%2F03&k_raceNo=6&k_babaCode=21,data/cache/html/20230903_kawasaki_6.html
20230903_kawasaki_7,2023-09-03,kawasaki,7,https://www.keiba.go.jp/KeibaWeb/TodayRaceInfo/RaceMarkTable?k_raceDate=2023%2F09%2F03&k_raceNo=7&k_babaCode=21,data/cache/html/20230903_kawasaki_7.html
20230903_kawasaki_8,2023-09-03,kawasaki,8,https://www.keiba.go.jp/KeibaWeb/TodayRaceInfo/RaceMarkTable?k_raceDate=2023%2F09%2F03&k_raceNo=8&k_babaCode=21,data/cache/html/20230903_kawasaki_8.html
20230903_kawasaki_9,2023-09-03,kawasaki,9,https://www.keiba.go.jp/KeibaWeb/TodayRaceInfo/RaceMarkTable?k_raceDate=2023%2F09%2F03&k_raceNo=9&k_babaCode=21,data/cache/html/20230903_kawasaki_9.html
20230903_kawasaki_10,2023-09-03,kawasaki,10,https://www.keiba.go.jp/KeibaWeb/TodayRaceInfo/RaceMarkTable?k_raceDate=2023%2F09%2F03&k_raceNo=10&k_babaCode=21,data/cache/html/20230903_kawasaki_10.html
20230903_kawasaki_11,2023-09-03,kawasaki,11,https://www.keiba.go.jp/KeibaWeb/TodayRaceInfo/RaceMarkTable?k_raceDate=2023%2F09%2F03&k_raceNo=11&k_babaCode=21,data/cache/html/20230903_kawasaki_11.html
20230903_kawasaki_12,2023-09-03,kawasaki,12,https://www.keiba.go.jp/KeibaWeb/TodayRaceInfo/RaceMarkTable?k_raceDate=2023%2F09%2F03&k_raceNo=12&k_babaCode=21,data/cache/html/20230903_kawasaki_12.html
20230902_kawasaki_1,2023-09-02,kawasaki,1,https://www.keiba.go.jp/KeibaWeb/TodayRaceInfo/RaceMarkTable?k_raceDate=2023%2F09%2F02&k_raceNo=1&k_babaCode=21,data/cache/html/20230902_kawasaki_1.html
20230902_kawasaki_2,2023-09-02,kawasaki,2,https://www.keiba.go.jp/KeibaWeb/TodayRaceInfo/RaceMarkTable?k_raceDate=2023%2F09%2F02&k_raceNo=2&k_babaCode=21,data/cache/html/20230902_kawasaki_2.html
20230902_kawasaki_3,2023-09-02,kawasaki,3,https://www.keiba.go.jp/KeibaWeb/TodayRaceInfo/RaceMarkTable?k_raceDate=2023%2F09%2F02&k_raceNo=3&k_babaCode=21,data/cache/html/20230902_kawasaki_3.html
20230902_kawasaki_4,2023-09-02,kawasaki,4,https://www.keiba.go.jp/KeibaWeb/TodayRaceInfo/RaceMarkTable?k_raceDate=2023%2F09%2F02&k_raceNo=4&k_babaCode=21,data/cache/html/20230902_kawasaki_4.html
20230902_kawasaki_5,2023-09-02,kawasaki,5,https://www.keiba.go.jp/KeibaWeb/TodayRaceInfo/RaceMarkTable?k_raceDate=2023%2F09%2F02&k_raceNo=5&k_babaCode=21,data/cache/html/20230902_kawasaki_5.html
20230902_kawasaki_6,2023-09-02,kawasaki,6,https://www.keiba.go.jp/KeibaWeb/TodayRaceInfo/RaceMarkTable?k_raceDate=2023%2F09%2F02&k_raceNo=6&k_babaCode=21,data/cache/html/20230902_kawasaki_6.html
20230902_kawasaki_7,2023-09-02,kawasaki,7,https://www.keiba.go.jp/KeibaWeb/TodayRaceInfo/RaceMarkTable?k_raceDate=2023%2F09%2F02&k_raceNo=7&k_babaCode=21,data/cache/html/20230902_kawasaki_7.html
20230902_kawasaki_8,2023-09-02,kawasaki,8,https://www.keiba.go.jp/KeibaWeb/TodayRaceInfo/RaceMarkTable?k_raceDate=2023%2F09%2F02&k_raceNo=8&k_babaCode=21,data/cache/html/20230902_kawasaki_8.html
20230902_kawasaki_9,2023-09-02,kawasaki,9,https://www.keiba.go.jp/KeibaWeb/TodayRaceInfo/RaceMarkTable?k_raceDate=2023%2F09%2F02&k_raceNo=9&k_babaCode=21,data/cache/html/20230902_kawasaki_9.html
20230902_kawasaki_10,2023-09-02,kawasaki,10,https://www.keiba.go.jp/KeibaWeb/TodayRaceInfo/RaceMarkTable?k_raceDate=2023%2F09%2F02&k_raceNo=10&k_babaCode=21,data/cache/html/20230902_kawasaki_10.html
20230902_kawasaki_11,2023-09-02,kawasaki,11,https://www.keiba.go.jp/KeibaWeb/TodayRaceInfo/RaceMarkTable?k_raceDate=2023%2F09%2F02&k_raceNo=11&k_babaCode=21,data/cache/html/20230902_kawasaki_11.html
20230902_kawasaki_12,2023-09-02,kawasaki,12,https://www.keiba.go.jp/KeibaWeb/TodayRaceInfo/RaceMarkTable?k_raceDate=2023%2F09%2F02&k_raceNo=12&k_babaCode=21,data/cache/html/20230902_kawasaki_12.html
20230901_kawasaki_1,2023-09-01,kawasaki,1,https://www.keiba.go.jp/KeibaWeb/TodayRaceInfo/RaceMarkTable?k_raceDate=2023%2F09%2F01&k_raceNo=1&k_babaCode=21,data/cache/html/20230901_kawasaki_1.html
20230901_kawasaki_2,2023-09-01,kawasaki,2,https://www.keiba.go.jp/KeibaWeb/TodayRaceInfo/RaceMarkTable?k_raceDate=2023%2F09%2F01&k_raceNo=2&k_babaCode=21,data/cache/html/20230901_kawasaki_2.html
20230901_kawasaki_3,2023-09-01,kawasaki,3,https://www.keiba.go.jp/KeibaWeb/TodayRaceInfo/RaceMarkTable?k_raceDate=2023%2F09%2F01&k_raceNo=3&k_babaCode=21,data/cache/html/20230901_kawasaki_3.html
20230901_kawasaki_4,2023-09-01,kawasaki,4,https://www.keiba.go.jp/KeibaWeb/TodayRaceInfo/RaceMarkTable?k_raceDate=2023%2F09%2F01&k_raceNo=4&k_babaCode=21,data/cache/html/20230901_kawasaki_4.html
20230901_kawasaki_5,2023-09-01,kawasaki,5,https://www.keiba.go.jp/KeibaWeb/TodayRaceInfo/RaceMarkTable?k_raceDate=2023%2F09%2F01&k_raceNo=5&k_babaCode=21,data/cache/html/20230901_kawasaki_5.html
20230901_kawasaki_6,2023-09-01,kawasaki,6,https://www.keiba.go.jp/KeibaWeb/TodayRaceInfo/RaceMarkTable?k_raceDate=2023%2F09%2F01&k_raceNo=6&k_babaCode=21,data/cache/html/20230901_kawasaki_6.html
20230901_kawasaki_7,2023-09-01,kawasaki,7,https://www.keiba.go.jp/KeibaWeb/TodayRaceInfo/RaceMarkTable?k_raceDate=2023%2F09%2F01&k_raceNo=7&k_babaCode=21,data/cache/html/20230901_kawasaki_7.html
20230901_kawasaki_8,2023-09-01,kawasaki,8,https://www.keiba.go.jp/KeibaWeb/TodayRaceInfo/RaceMarkTable?k_raceDate=2023%2F09%2F01&k_raceNo=8&k_babaCode=21,data/cache/html/20230901_kawasaki_8.html
20230901_kawasaki_9,2023-09-01,kawasaki,9,https://www.keiba.go.jp/KeibaWeb/TodayRaceInfo/RaceMarkTable?k_raceDate=2023%2F09%2F01&k_raceNo=9&k_babaCode=21,data/cache/html/20230901_kawasaki_9.html
20230901_kawasaki_10,2023-09-01,kawasaki,10,https://www.keiba.go.jp/KeibaWeb/TodayRaceInfo/RaceMarkTable?k_raceDate=2023%2F09%2F01&k_raceNo=10&k_babaCode=21,data/cache/html/20230901_kawasaki_10.html
20230901_kawasaki_11,2023-09-01,kawasaki,11,https://www.keiba.go.jp/KeibaWeb/TodayRaceInfo/RaceMarkTable?k_raceDate=2023%2F09%2F01&k_raceNo=11&k_babaCode=21,data/cache/html/20230901_kawasaki_11.html
20230901_kawasaki_12,2023-09-01,kawasaki,12,https://www.keiba.go.jp/KeibaWeb/TodayRaceInfo/RaceMarkTable?k_raceDate=2023%2F09%2F01&k_raceNo=12&k_babaCode=21,data/cache/html/20230901_kawasaki_12.html
20230831_kawasaki_1,2023-08-31,kawasaki,1,https://www.keiba.go.jp/KeibaWeb/TodayRaceInfo/RaceMarkTable?k_raceDate=2023%2F08%2F31&k_raceNo=1&k_babaCode=21,data/cache/html/20230831_kawasaki_1.html
20230831_kawasaki_2,2023-08-31,kawasaki,2,https://www.keiba.go.jp/KeibaWeb/TodayRaceInfo/RaceMarkTable?k_raceDate=2023%2F08%2F31&k_raceNo=2&k_babaCode=21,data/cache/html/20230831_kawasaki_2.html
20230831_kawasaki_3,2023-08-31,kawasaki,3,https://www.keiba.go.jp/KeibaWeb/TodayRaceInfo/RaceMarkTable?k_raceDate=2023%2F08%2F31&k_raceNo=3&k_babaCode=21,data/cache/html/20230831_kawasaki_3.html
20230831_kawasaki_4,2023-08-31,kawasaki,4,https://www.keiba.go.jp/KeibaWeb/TodayRaceInfo/RaceMarkTable?k_raceDate=2023%2F08%2F31&k_raceNo=4&k_babaCode=21,data/cache/html/20230831_kawasaki_4.html
20230831_kawasaki_5,2023-08-31,kawasaki,5,https://www.keiba.go.jp/KeibaWeb/TodayRaceInfo/RaceMarkTable?k_raceDate=2023%2F08%2F31&k_raceNo=5&k_babaCode=21,data/cache/html/20230831_kawasaki_5.html
20230831_kawasaki_6,2023-08-31,kawasaki,6,https://www.keiba.go.jp/KeibaWeb/TodayRaceInfo/RaceMarkTable?k_raceDate=2023%2F08%2F31&k_raceNo=6&k_babaCode=21,data/cache/html/20230831_kawasaki_6.html
20230831_kawasaki_7,2023-08-31,kawasaki,7,https://www.keiba.go.jp/KeibaWeb/TodayRaceInfo/RaceMarkTable?k_raceDate=2023%2F08%2F31&k_raceNo=7&k_babaCode=21,data/cache/html/20230831_kawasaki_7.html
20230831_kawasaki_8,2023-08-31,kawasaki,8,https://www.keiba.go.jp/KeibaWeb/TodayRaceInfo/RaceMarkTable?k_raceDate=2023%2F08%2F31&k_raceNo=8&k_babaCode=21,data/cache/html/20230831_kawasaki_8.html
20230831_kawasaki_9,2023-08-31,kawasaki,9,https://www.keiba.go.jp/KeibaWeb/TodayRaceInfo/RaceMarkTable?k_raceDate=2023%2F08%2F31&k_raceNo=9&k_babaCode=21,data/cache/html/20230831_kawasaki_9.html
20230831_kawasaki_10,2023-08-31,kawasaki,10,https://www.keiba.go.jp/KeibaWeb/TodayRaceInfo/RaceMarkTable?k_raceDate=2023%2F08%2F31&k_raceNo=10&k_babaCode=21,data/cache/html/20230831_kawasaki_10.html
20230831_kawasaki_11,2023-08-31,kawasaki,11,https://www.keiba.go.jp/KeibaWeb/TodayRaceInfo/RaceMarkTable?k_raceDate=2023%2F08%2F31&k_raceNo=11&k_babaCode=21,data/cache/html/20230831_kawasaki_11.html
20230831_kawasaki_12,2023-08-31,kawasaki,12,https://www.keiba.go.jp/KeibaWeb/TodayRaceInfo/RaceMarkTable?k_raceDate=2023%2F08%2F31&k_raceNo=12&k_babaCode=21,data/cache/html/20230831_kawasaki_12.html
20230830_kawasaki_1,2023-08-30,kawasaki,1,https://www.keiba.go.jp/KeibaWeb/TodayRaceInfo/RaceMarkTable?k_raceDate=2023%2F08%2F30&k_raceNo=1&k_babaCode=21,data/cache/html/20230830_kawasaki_1.html
20230830_kawasaki_2,2023-08-30,kawasaki,2,https://www.keiba.go.jp/KeibaWeb/TodayRaceInfo/RaceMarkTable?k_raceDate=2023%2F08%2F30&k_raceNo=2&k_babaCode=21,data/cache/html/20230830_kawasaki_2.html
20230830_kawasaki_3,2023-08-30,kawasaki,3,https://www.keiba.go.jp/KeibaWeb/TodayRaceInfo/RaceMarkTable?k_raceDate=2023%2F08%2F30&k_raceNo=3&k_babaCode=21,data/cache/html/20230830_kawasaki_3.html
20230830_kawasaki_4,2023-08-30,kawasaki,4,https://www.keiba.go.jp/KeibaWeb/TodayRaceInfo/RaceMarkTable?k_raceDate=2023%2F08%2F30&k_raceNo=4&k_babaCode=21,data/cache/html/20230830_kawasaki_4.html
20230830_kawasaki_5,2023-08-30,kawasaki,5,https://www.keiba.go.jp/KeibaWeb/TodayRaceInfo/RaceMarkTable?k_raceDate=2023%2F08%2F30&k_raceNo=5&k_babaCode=21,data/cache/html/20230830_kawasaki_5.html
20230830_kawasaki_6,2023-08-30,kawasaki,6,https://www.keiba.go.jp/KeibaWeb/TodayRaceInfo/RaceMarkTable?k_raceDate=2023%2F08%2F30&k_raceNo=6&k_babaCode=21,data/cache/html/20230830_kawasaki_6.html
20230830_kawasaki_7,2023-08-30,kawasaki,7,https://www.keiba.go.jp/KeibaWeb/TodayRaceInfo/RaceMarkTable?k_raceDate=2023%2F08%2F30&k_raceNo=7&k_babaCode=21,data/cache/html/20230830_kawasaki_7.html
20230830_kawasaki_8,2023-08-30,kawasaki,8,https://www.keiba.go.jp/KeibaWeb/TodayRaceInfo/RaceMarkTable?k_raceDate=2023%2F08%2F30&k_raceNo=8&k_babaCode=21,data/cache/html/20230830_kawasaki_8.html
20230830_kawasaki_9,2023-08-30,kawasaki,9,https://www.keiba.go.jp/KeibaWeb/TodayRaceInfo/RaceMarkTable?k_raceDate=2023%2F08%2F30&k_raceNo=9&k_babaCode=21,data/cache/html/20230830_kawasaki_9.html
20230830_kawasaki_10,2023-08-30,kawasaki,10,https://www.keiba.go.jp/KeibaWeb/TodayRaceInfo/RaceMarkTable?k_raceDate=2023%2F08%2F30&k_raceNo=10&k_babaCode=21,data/cache/html/20230830_kawasaki_10.html
20230830_kawasaki_11,2023-08-30,kawasaki,11,https://www.keiba.go.jp/KeibaWeb/TodayRaceInfo/RaceMarkTable?k_raceDate=2023%2F08%2F30&k_raceNo=11&k_babaCode=21,data/cache/html/20230830_kawasaki_11.html
20230830_kawasaki_12,2023-08-30,kawasaki,12,https://www.keiba.go.jp/KeibaWeb/TodayRaceInfo/RaceMarkTable?k_raceDate=2023%2F08%2F30&k_raceNo=12&k_babaCode=21,data/cache/html/20230830_kawasaki_12.html
20230829_kawasaki_1,2023-08-29,kawasaki,1,https://www.keiba.go.jp/KeibaWeb/TodayRaceInfo/RaceMarkTable?k_raceDate=2023%2F08%2F29&k_raceNo=1&k_babaCode=21,data/cache/html/20230829_kawasaki_1.html
20230829_kawasaki_2,2023-08-29,kawasaki,2,https://www.keiba.go.jp/KeibaWeb/TodayRaceInfo/RaceMarkTable?k_raceDate=2023%2F08%2F29&k_raceNo=2&k_babaCode=21,data/cache/html/20230829_kawasaki_2.html
20230829_kawasaki_3,2023-08-29,kawasaki,3,https://www.keiba.go.jp/KeibaWeb/TodayRaceInfo/RaceMarkTable?k_raceDate=2023%2F08%2F29&k_raceNo=3&k_babaCode=21,data/cache/html/20230829_kawasaki_3.html
20230829_kawasaki_4,2023-08-29,kawasaki,4,https://www.keiba.go.jp/KeibaWeb/TodayRaceInfo/RaceMarkTable?k_raceDate=2023%2F08%2F29&k_raceNo=4&k_babaCode=21,data/cache/html/20230829_kawasaki_4.html
20230829_kawasaki_5,2023-08-29,kawasaki,5,https://www.keiba.go.jp/KeibaWeb/TodayRaceInfo/RaceMarkTable?k_raceDate=2023%2F08%2F29&k_raceNo=5&k_babaCode=21,data/cache/html/20230829_kawasaki_5.html
20230829_kawasaki_6,2023-08-29,kawasaki,6,https://www.keiba.go.jp/KeibaWeb/TodayRaceInfo/RaceMarkTable?k_raceDate=2023%2F08%2F29&k_raceNo=6&k_babaCode=21,data/cache/html/20230829_kawasaki_6.html
20230829_kawasaki_7,2023-08-29,kawasaki,7,https://www.keiba.go.jp/KeibaWeb/TodayRaceInfo/RaceMarkTable?k_raceDate=2023%2F08%2F29&k_raceNo=7&k_babaCode=21,data/cache/html/20230829_kawasaki_7.html
20230829_kawasaki_8,2023-08-29,kawasaki,8,https://www.keiba.go.jp/KeibaWeb/TodayRaceInfo/RaceMarkTable?k_raceDate=2023%2F08%2F29&k_raceNo=8&k_babaCode=21,data/cache/html/20230829_kawasaki_8.html
20230829_kawasaki_9,2023-08-29,kawasaki,9,https://www.keiba.go.jp/KeibaWeb/TodayRaceInfo/RaceMarkTable?k_raceDate=2023%2F08%2F29&k_raceNo=9&k_babaCode=21,data/cache/html/20230829_kawasaki_9.html
20230829_kawasaki_10,2023-08-29,kawasaki,10,https://www.keiba.go.jp/KeibaWeb/TodayRaceInfo/RaceMarkTable?k_raceDate=2023%2F08%2F29&k_raceNo=10&k_babaCode=21,data/cache/html/20230829_kawasaki_10.html
20230829_kawasaki_11,2023-08-29,kawasaki,11,https://www.keiba.go.jp/KeibaWeb/TodayRaceInfo/RaceMarkTable?k_raceDate=2023%2F08%2F29&k_raceNo=11&k_babaCode=21,data/cache/html/20230829_kawasaki_11.html
20230829_kawasaki_12,2023-08-29,kawasaki,12,https://www.keiba.go.jp/KeibaWeb/TodayRaceInfo/RaceMarkTable?k_raceDate=2023%2F08%2F29&k_raceNo=12&k_babaCode=21,data/cache/html/20230829_kawasaki_12.html
20230828_kawasaki_1,2023-08-28,kawasaki,1,https://www.keiba.go.jp/KeibaWeb/TodayRaceInfo/RaceMarkTable?k_raceDate=2023%2F08%2F28&k_raceNo=1&k_babaCode=21,data/cache/html/20230828_kawasaki_1.html
20230828_kawasaki_2,2023-08-28,kawasaki,2,https://www.keiba.go.jp/KeibaWeb/TodayRaceInfo/RaceMarkTable?k_raceDate=2023%2F08%2F28&k_raceNo=2&k_babaCode=21,data/cache/html/20230828_kawasaki_2.html
20230828_kawasaki_3,2023-08-28,kawasaki,3,https://www.keiba.go.jp/KeibaWeb/TodayRaceInfo/RaceMarkTable?k_raceDate=2023%2F08%2F28&k_raceNo=3&k_babaCode=21,data/cache/html/20230828_kawasaki_3.html
20230828_kawasaki_4,2023-08-28,kawasaki,4,https://www.keiba.go.jp/KeibaWeb/TodayRaceInfo/RaceMarkTable?k_raceDate=2023%2F08%2F28&k_raceNo=4&k_babaCode=21,data/cache/html/20230828_kawasaki_4.html
20230828_kawasaki_5,2023-08-28,kawasaki,5,https://www.keiba.go.jp/KeibaWeb/TodayRaceInfo/RaceMarkTable?k_raceDate=2023%2F08%2F28&k_raceNo=5&k_babaCode=21,data/cache/html/20230828_kawasaki_5.html
20230828_kawasaki_6,2023-08-28,kawasaki,6,https://www.keiba.go.jp/KeibaWeb/TodayRaceInfo/RaceMarkTable?k_raceDate=2023%2F08%2F28&k_raceNo=6&k_babaCode=21,data/cache/html/20230828_kawasaki_6.html
20230828_kawasaki_7,2023-08-28,kawasaki,7,https://www.keiba.go.jp/KeibaWeb/TodayRaceInfo/RaceMarkTable?k_raceDate=2023%2F08%2F28&k_raceNo=7&k_babaCode=21,data/cache/html/20230828_kawasaki_7.html
20230828_kawasaki_8,2023-08-28,kawasaki,8,https://www.keiba.go.jp/KeibaWeb/TodayRaceInfo/RaceMarkTable?k_raceDate=2023%2F08%2F28&k_raceNo=8&k_babaCode=21,data/cache/html/20230828_kawasaki_8.html
20230828_kawasaki_9,2023-08-28,kawasaki,9,https://www.keiba.go.jp/KeibaWeb/TodayRaceInfo/RaceMarkTable?k_raceDate=2023%2F08%2F28&k_raceNo=9&k_babaCode=21,data/cache/html/20230828_kawasaki_9.html
20230828_kawasaki_10,2023-08-28,kawasaki,10,https://www.keiba.go.jp/KeibaWeb/TodayRaceInfo/RaceMarkTable?k_raceDate=2023%2F08%2F28&k_raceNo=10&k_babaCode=21,data/cache/html/20230828_kawasaki_10.html
20230828_kawasaki_11,2023-08-28,kawasaki,11,https://www.keiba.go.jp/KeibaWeb/TodayRaceInfo/RaceMarkTable?k_raceDate=2023%2F08%2F28&k_raceNo=11&k_babaCode=21,data/cache/html/20230828_kawasaki_11.html
20230828_kawasaki_12,2023-08-28,kawasaki,12,https://www.keiba.go.jp/KeibaWeb/TodayRaceInfo/RaceMarkTable?k_raceDate=2023%2F08%2F28&k_raceNo=12&k_babaCode=21,data/cache/html/20230828_kawasaki_12.html
20230827_kawasaki_1,2023-08-27,kawasaki,1,https://www.keiba.go.jp/KeibaWeb/TodayRaceInfo/RaceMarkTable?k_raceDate=2023%2F08%2F27&k_raceNo=1&k_babaCode=21,data/cache/html/20230827_kawasaki_1.html
20230827_kawasaki_2,2023-08-27,kawasaki,2,https://www.keiba.go.jp/KeibaWeb/TodayRaceInfo/RaceMarkTable?k_raceDate=2023%2F08%2F27&k_raceNo=2&k_babaCode=21,data/cache/html/20230827_kawasaki_2.html
20230827_kawasaki_3,2023-08-27,kawasaki,3,https://www.keiba.go.jp/KeibaWeb/TodayRaceInfo/RaceMarkTable?k_raceDate=2023%2F08%2F27&k_raceNo=3&k_babaCode=21,data/cache/html/20230827_kawasaki_3.html
20230827_kawasaki_4,2023-08-27,kawasaki,4,https://www.keiba.go.jp/KeibaWeb/TodayRaceInfo/RaceMarkTable?k_raceDate=2023%2F08%2F27&k_raceNo=4&k_babaCode=21,data/cache/html/20230827_kawasaki_4.html
20230827_kawasaki_5,2023-08-27,kawasaki,5,https://www.keiba.go.jp/KeibaWeb/TodayRaceInfo/RaceMarkTable?k_raceDate=2023%2F08%2F27&k_raceNo=5&k_babaCode=21,data/cache/html/20230827_kawasaki_5.html
20230827_kawasaki_6,2023-08-27,kawasaki,6,https://www.keiba.go.jp/KeibaWeb/TodayRaceInfo/RaceMarkTable?k_raceDate=2023%2F08%2F27&k_raceNo=6&k_babaCode=21,data/cache/html/20230827_kawasaki_6.html
20230827_kawasaki_7,2023-08-27,kawasaki,7,https://www.keiba.go.jp/KeibaWeb/TodayRaceInfo/RaceMarkTable?k_raceDate=2023%2F08%2F27&k_raceNo=7&k_babaCode=21,data/cache/html/20230827_kawasaki_7.html
20230827_kawasaki_8,2023-08-27,kawasaki,8,https://www.keiba.go.jp/KeibaWeb/TodayRaceInfo/RaceMarkTable?k_raceDate=2023%2F08%2F27&k_raceNo=8&k_babaCode=21,data/cache/html/20230827_kawasaki_8.html
20230827_kawasaki_9,2023-08-27,kawasaki,9,https://www.keiba.go.jp/KeibaWeb/TodayRaceInfo/RaceMarkTable?k_raceDate=2023%2F08%2F27&k_raceNo=9&k_babaCode=21,data/cache/html/20230827_kawasaki_9.html
20230827_kawasaki_10,2023-08-27,kawasaki,10,https://www.keiba.go.jp/KeibaWeb/TodayRaceInfo/RaceMarkTable?k_raceDate=2023%2F08%2F27&k_raceNo=10&k_babaCode=21,data/cache/html/20230827_kawasaki_10.html
20230827_kawasaki_11,2023-08-27,kawasaki,11,https://www.keiba.go.jp/KeibaWeb/TodayRaceInfo/RaceMarkTable?k_raceDate=2023%2F08%2F27&k_raceNo=11&k_babaCode=21,data/cache/html/20230827_kawasaki_11.html
20230827_kawasaki_12,2023-08-27,kawasaki,12,https://www.keiba.go.jp/KeibaWeb/TodayRaceInfo/RaceMarkTable?k_raceDate=2023%2F08%2F27&k_raceNo=12&k_babaCode=21,data/cache/html/20230827_kawasaki_12.html
20230826_kawasaki_1,2023-08-26,kawasaki,1,https://www.keiba.go.jp/KeibaWeb/TodayRaceInfo/RaceMarkTable?k_raceDate=2023%2F08%2F26&k_raceNo=1&k_babaCode=21,data/cache/html/20230826_kawasaki_1.html
20230826_kawasaki_2,2023-08-26,kawasaki,2,https://www.keiba.go.jp/KeibaWeb/TodayRaceInfo/RaceMarkTable?k_raceDate=2023%2F08%2F26&k_raceNo=2&k_babaCode=21,data/cache/html/20230826_kawasaki_2.html
20230826_kawasaki_3,2023-08-26,kawasaki,3,https://www.keiba.go.jp/KeibaWeb/TodayRaceInfo/RaceMarkTable?k_raceDate=2023%2F08%2F26&k_raceNo=3&k_babaCode=21,data/cache/html/20230826_kawasaki_3.html
20230826_kawasaki_4,2023-08-26,kawasaki,4,https://www.keiba.go.jp/KeibaWeb/TodayRaceInfo/RaceMarkTable?k_raceDate=2023%2F08%2F26&k_raceNo=4&k_babaCode=21,data/cache/html/20230826_kawasaki_4.html
20230826_kawasaki_5,2023-08-26,kawasaki,5,https://www.keiba.go.jp/KeibaWeb/TodayRaceInfo/RaceMarkTable?k_raceDate=2023%2F08%2F26&k_raceNo=5&k_babaCode=21,data/cache/html/20230826_kawasaki_5.html
20230826_kawasaki_6,2023-08-26,kawasaki,6,https://www.keiba.go.jp/KeibaWeb/TodayRaceInfo/RaceMarkTable?k_raceDate=2023%2F08%2F26&k_raceNo=6&k_babaCode=21,data/cache/html/20230826_kawasaki_6.html
20230826_kawasaki_7,2023-08-26,kawasaki,7,https://www.keiba.go.jp/KeibaWeb/TodayRaceInfo/RaceMarkTable?k_raceDate=2023%2F08%2F26&k_raceNo=7&k_babaCode=21,data/cache/html/20230826_kawasaki_7.html
20230826_kawasaki_8,2023-08-26,kawasaki,8,https://www.keiba.go.jp/KeibaWeb/TodayRaceInfo/RaceMarkTable?k_raceDate=2023%2F08%2F26&k_raceNo=8&k_babaCode=21,data/cache/html/20230826_kawasaki_8.html
20230826_kawasaki_9,2023-08-26,kawasaki,9,https://www.keiba.go.jp/KeibaWeb/TodayRaceInfo/RaceMarkTable?k_raceDate=2023%2F08%2F26&k_raceNo=9&k_babaCode=21,data/cache/html/20230826_kawasaki_9.html
20230826_kawasaki_10,2023-08-26,kawasaki,10,https://www.keiba.go.jp/KeibaWeb/TodayRaceInfo/RaceMarkTable?k_raceDate=2023%2F08%2F26&k_raceNo=10&k_babaCode=21,data/cache/html/20230826_kawasaki_10.html
20230826_kawasaki_11,2023-08-26,kawasaki,11,https://www.keiba.go.jp/KeibaWeb/TodayRaceInfo/RaceMarkTable?k_raceDate=2023%2F08%2F26&k_raceNo=11&k_babaCode=21,data/cache/html/20230826_kawasaki_11.html
20230826_kawasaki_12,2023-08-26,kawasaki,12,https://www.keiba.go.jp/KeibaWeb/TodayRaceInfo/RaceMarkTable?k_raceDate=2023%2F08%2F26&k_raceNo=12&k_babaCode=21,data/cache/html/20230826_kawasaki_12.html
20230820_kawasaki_1,2023-08-20,kawasaki,1,https://www.keiba.go.jp/KeibaWeb/TodayRaceInfo/RaceMarkTable?k_raceDate=2023%2F08%2F20&k_raceNo=1&k_babaCode=21,data/cache/html/20230820_kawasaki_1.html
20230820_kawasaki_2,2023-08-20,kawasaki,2,https://www.keiba.go.jp/KeibaWeb/TodayRaceInfo/RaceMarkTable?k_raceDate=2023%2F08%2F20&k_raceNo=2&k_babaCode=21,data/cache/html/20230820_kawasaki_2.html
20230820_kawasaki_3,2023-08-20,kawasaki,3,https://www.keiba.go.jp/KeibaWeb/TodayRaceInfo/RaceMarkTable?k_raceDate=2023%2F08%2F20&k_raceNo=3&k_babaCode=21,data/cache/html/20230820_kawasaki_3.html
20230820_kawasaki_4,2023-08-20,kawasaki,4,https://www.keiba.go.jp/KeibaWeb/TodayRaceInfo/RaceMarkTable?k_raceDate=2023%2F08%2F20&k_raceNo=4&k_babaCode=21,data/cache/html/20230820_kawasaki_4.html
20230820_kawasaki_5,2023-08-20,kawasaki,5,https://www.keiba.go.jp/KeibaWeb/TodayRaceInfo/RaceMarkTable?k_raceDate=2023%2F08%2F20&k_raceNo=5&k_babaCode=21,data/cache/html/20230820_kawasaki_5.html
20230820_kawasaki_6,2023-08-20,kawasaki,6,https://www.keiba.go.jp/KeibaWeb/TodayRaceInfo/RaceMarkTable?k_raceDate=2023%2F08%2F20&k_raceNo=6&k_babaCode=21,data/cache/html/20230820_kawasaki_6.html
20230820_kawasaki_7,2023-08-20,kawasaki,7,https://www.keiba.go.jp/KeibaWeb/TodayRaceInfo/RaceMarkTable?k_raceDate=2023%2F08%2F20&k_raceNo=7&k_babaCode=21,data/cache/html/20230820_kawasaki_7.html
20230820_kawasaki_8,2023-08-20,kawasaki,8,https://www.keiba.go.jp/KeibaWeb/TodayRaceInfo/RaceMarkTable?k_raceDate=2023%2F08%2F20&k_raceNo=8&k_babaCode=21,data/cache/html/20230820_kawasaki_8.html
20230820_kawasaki_9,2023-08-20,kawasaki,9,https://www.keiba.go.jp/KeibaWeb/TodayRaceInfo/RaceMarkTable?k_raceDate=2023%2F08%2F20&k_raceNo=9&k_babaCode=21,data/cache/html/20230820_kawasaki_9.html
20230820_kawasaki_10,2023-08-20,kawasaki,10,https://www.keiba.go.jp/KeibaWeb/TodayRaceInfo/RaceMarkTable?k_raceDate=2023%2F08%2F20&k_raceNo=10&k_babaCode=21,data/cache/html/20230820_kawasaki_10.html
20230820_kawasaki_11,2023-08-20,kawasaki,11,https://www.keiba.go.jp/KeibaWeb/TodayRaceInfo/RaceMarkTable?k_raceDate=2023%2F08%2F20&k_raceNo=11&k_babaCode=21,data/cache/html/20230820_kawasaki_11.html
20230820_kawasaki_12,2023-08-20,kawasaki,12,https://www.keiba.go.jp/KeibaWeb/TodayRaceInfo/RaceMarkTable?k_raceDate=2023%2F08%2F20&k_raceNo=12&k_babaCode=21,data/cache/html/20230820_kawasaki_12.html
20230819_kawasaki_1,2023-08-19,kawasaki,1,https://www.keiba.go.jp/KeibaWeb/TodayRaceInfo/RaceMarkTable?k_raceDate=2023%2F08%2F19&k_raceNo=1&k_babaCode=21,data/cache/html/20230819_kawasaki_1.html
20230819_kawasaki_2,2023-08-19,kawasaki,2,https://www.keiba.go.jp/KeibaWeb/TodayRaceInfo/RaceMarkTable?k_raceDate=2023%2F08%2F19&k_raceNo=2&k_babaCode=21,data/cache/html/20230819_kawasaki_2.html
20230819_kawasaki_3,2023-08-19,kawasaki,3,https://www.keiba.go.jp/KeibaWeb/TodayRaceInfo/RaceMarkTable?k_raceDate=2023%2F08%2F19&k_raceNo=3&k_babaCode=21,data/cache/html/20230819_kawasaki_3.html
20230819_kawasaki_4,2023-08-19,kawasaki,4,https://www.keiba.go.jp/KeibaWeb/TodayRaceInfo/RaceMarkTable?k_raceDate=2023%2F08%2F19&k_raceNo=4&k_babaCode=21,data/cache/html/20230819_kawasaki_4.html
20230819_kawasaki_5,2023-08-19,kawasaki,5,https://www.keiba.go.jp/KeibaWeb/TodayRaceInfo/RaceMarkTable?k_raceDate=2023%2F08%2F19&k_raceNo=5&k_babaCode=21,data/cache/html/20230819_kawasaki_5.html
20230819_kawasaki_6,2023-08-19,kawasaki,6,https://www.keiba.go.jp/KeibaWeb/TodayRaceInfo/RaceMarkTable?k_raceDate=2023%2F08%2F19&k_raceNo=6&k_babaCode=21,data/cache/html/20230819_kawasaki_6.html
20230819_kawasaki_7,2023-08-19,kawasaki,7,https://www.keiba.go.jp/KeibaWeb/TodayRaceInfo/RaceMarkTable?k_raceDate=2023%2F08%2F19&k_raceNo=7&k_babaCode=21,data/cache/html/20230819_kawasaki_7.html
20230819_kawasaki_8,2023-08-19,kawasaki,8,https://www.keiba.go.jp/KeibaWeb/TodayRaceInfo/RaceMarkTable?k_raceDate=2023%2F08%2F19&k_raceNo=8&k_babaCode=21,data/cache/html/20230819_kawasaki_8.html
20230819_kawasaki_9,2023-08-19,kawasaki,9,https://www.keiba.go.jp/KeibaWeb/TodayRaceInfo/RaceMarkTable?k_raceDate=2023%2F08%2F19&k_raceNo=9&k_babaCode=21,data/cache/html/20230819_kawasaki_9.html
20230819_kawasaki_10,2023-08-19,kawasaki,10,https://www.keiba.go.jp/KeibaWeb/TodayRaceInfo/RaceMarkTable?k_raceDate=2023%2F08%2F19&k_raceNo=10&k_babaCode=21,data/cache/html/20230819_kawasaki_10.html
20230819_kawasaki_11,2023-08-19,kawasaki,11,https://www.keiba.go.jp/KeibaWeb/TodayRaceInfo/RaceMarkTable?k_raceDate=2023%2F08%2F19&k_raceNo=11&k_babaCode=21,data/cache/html/20230819_kawasaki_11.html
20230819_kawasaki_12,2023-08-19,kawasaki,12,https://www.keiba.go.jp/KeibaWeb/TodayRaceInfo/RaceMarkTable?k_raceDate=2023%2F08%2F19&k_raceNo=12&k_babaCode=21,data/cache/html/20230819_kawasaki_12.html
20230818_kawasaki_1,2023-08-18,kawasaki,1,https://www.keiba.go.jp/KeibaWeb/TodayRaceInfo/RaceMarkTable?k_raceDate=2023%2F08%2F18&k_raceNo=1&k_babaCode=21,data/cache/html/20230818_kawasaki_1.html
20230818_kawasaki_2,2023-08-18,kawasaki,2,https://www.keiba.go.jp/KeibaWeb/TodayRaceInfo/RaceMarkTable?k_raceDate=2023%2F08%2F18&k_raceNo=2&k_babaCode=21,data/cache/html/20230818_kawasaki_2.html
20230818_kawasaki_3,2023-08-18,kawasaki,3,https://www.keiba.go.jp/KeibaWeb/TodayRaceInfo/RaceMarkTable?k_raceDate=2023%2F08%2F18&k_raceNo=3&k_babaCode=21,data/cache/html/20230818_kawasaki_3.html
20230818_kawasaki_4,2023-08-18,kawasaki,4,https://www.keiba.go.jp/KeibaWeb/TodayRaceInfo/RaceMarkTable?k_raceDate=2023%2F08%2F18&k_raceNo=4&k_babaCode=21,data/cache/html/20230818_kawasaki_4.html
20230818_kawasaki_5,2023-08-18,kawasaki,5,https://www.keiba.go.jp/KeibaWeb/TodayRaceInfo/RaceMarkTable?k_raceDate=2023%2F08%2F18&k_raceNo=5&k_babaCode=21,data/cache/html/20230818_kawasaki_5.html
20230818_kawasaki_6,2023-08-18,kawasaki,6,https://www.keiba.go.jp/KeibaWeb/TodayRaceInfo/RaceMarkTable?k_raceDate=2023%2F08%2F18&k_raceNo=6&k_babaCode=21,data/cache/html/20230818_kawasaki_6.html
20230818_kawasaki_7,2023-08-18,kawasaki,7,https://www.keiba.go.jp/KeibaWeb/TodayRaceInfo/RaceMarkTable?k_raceDate=2023%2F08%2F18&k_raceNo=7&k_babaCode=21,data/cache/html/20230818_kawasaki_7.html
20230818_kawasaki_8,2023-08-18,kawasaki,8,https://www.keiba.go.jp/KeibaWeb/TodayRaceInfo/RaceMarkTable?k_raceDate=2023%2F08%2F18&k_raceNo=8&k_babaCode=21,data/cache/html/20230818_kawasaki_8.html
20230818_kawasaki_9,2023-08-18,kawasaki,9,https://www.keiba.go.jp/KeibaWeb/TodayRaceInfo/RaceMarkTable?k_raceDate=2023%2F08%2F18&k_raceNo=9&k_babaCode=21,data/cache/html/20230818_kawasaki_9.html
20230818_kawasaki_10,2023-08-18,kawasaki,10,https://www.keiba.go.jp/KeibaWeb/TodayRaceInfo/RaceMarkTable?k_raceDate=2023%2F08%2F18&k_raceNo=10&k_babaCode=21,data/cache/html/20230818_kawasaki_10.html
20230818_kawasaki_11,2023-08-18,kawasaki,11,https://www.keiba.go.jp/KeibaWeb/TodayRaceInfo/RaceMarkTable?k_raceDate=2023%2F08%2F18&k_raceNo=11&k_babaCode=21,data/cache/html/20230818_kawasaki_11.html
20230818_kawasaki_12,2023-08-18,kawasaki,12,https://www.keiba.go.jp/KeibaWeb/TodayRaceInfo/RaceMarkTable?k_raceDate=2023%2F08%2F18&k_raceNo=12&k_babaCode=21,data/cache/html/20230818_kawasaki_12.html
20230817_kawasaki_1,2023-08-17,kawasaki,1,https://www.keiba.go.jp/KeibaWeb/TodayRaceInfo/RaceMarkTable?k_raceDate=2023%2F08%2F17&k_raceNo=1&k_babaCode=21,data/cache/html/20230817_kawasaki_1.html
20230817_kawasaki_2,2023-08-17,kawasaki,2,https://www.keiba.go.jp/KeibaWeb/TodayRaceInfo/RaceMarkTable?k_raceDate=2023%2F08%2F17&k_raceNo=2&k_babaCode=21,data/cache/html/20230817_kawasaki_2.html
20230817_kawasaki_3,2023-08-17,kawasaki,3,https://www.keiba.go.jp/KeibaWeb/TodayRaceInfo/RaceMarkTable?k_raceDate=2023%2F08%2F17&k_raceNo=3&k_babaCode=21,data/cache/html/20230817_kawasaki_3.html
20230817_kawasaki_4,2023-08-17,kawasaki,4,https://www.keiba.go.jp/KeibaWeb/TodayRaceInfo/RaceMarkTable?k_raceDate=2023%2F08%2F17&k_raceNo=4&k_babaCode=21,data/cache/html/20230817_kawasaki_4.html
20230817_kawasaki_5,2023-08-17,kawasaki,5,https://www.keiba.go.jp/KeibaWeb/TodayRaceInfo/RaceMarkTable?k_raceDate=2023%2F08%2F17&k_raceNo=5&k_babaCode=21,data/cache/html/20230817_kawasaki_5.html
20230817_kawasaki_6,2023-08-17,kawasaki,6,https://www.keiba.go.jp/KeibaWeb/TodayRaceInfo/RaceMarkTable?k_raceDate=2023%2F08%2F17&k_raceNo=6&k_babaCode=21,data/cache/html/20230817_kawasaki_6.html
20230817_kawasaki_7,2023-08-17,kawasaki,7,https://www.keiba.go.jp/KeibaWeb/TodayRaceInfo/RaceMarkTable?k_raceDate=2023%2F08%2F17&k_raceNo=7&k_babaCode=21,data/cache/html/20230817_kawasaki_7.html
20230817_kawasaki_8,2023-08-17,kawasaki,8,https://www.keiba.go.jp/KeibaWeb/TodayRaceInfo/RaceMarkTable?k_raceDate=2023%2F08%2F17&k_raceNo=8&k_babaCode=21,data/cache/html/20230817_kawasaki_8.html
20230817_kawasaki_9,2023-08-17,kawasaki,9,https://www.keiba.go.jp/KeibaWeb/TodayRaceInfo/RaceMarkTable?k_raceDate=2023%2F08%2F17&k_raceNo=9&k_babaCode=21,data/cache/html/20230817_kawasaki_9.html
20230817_kawasaki_10,2023-08-17,kawasaki,10,https://www.keiba.go.jp/KeibaWeb/TodayRaceInfo/RaceMarkTable?k_raceDate=2023%2F08%2F17&k_raceNo=10&k_babaCode=21,data/cache/html/20230817_kawasaki_10.html
20230817_kawasaki_11,2023-08-17,kawasaki,11,https://www.keiba.go.jp/KeibaWeb/TodayRaceInfo/RaceMarkTable?k_raceDate=2023%2F08%2F17&k_raceNo=11&k_babaCode=21,data/cache/html/20230817_kawasaki_11.html
20230817_kawasaki_12,2023-08-17,kawasaki,12,https://www.keiba.go.jp/KeibaWeb/TodayRaceInfo/RaceMarkTable?k_raceDate=2023%2F08%2F17&k_raceNo=12&k_babaCode=21,data/cache/html/20230817_kawasaki_12.html
20230816_kawasaki_1,2023-08-16,kawasaki,1,https://www.keiba.go.jp/KeibaWeb/TodayRaceInfo/RaceMarkTable?k_raceDate=2023%2F08%2F16&k_raceNo=1&k_babaCode=21,data/cache/html/20230816_kawasaki_1.html
20230816_kawasaki_2,2023-08-16,kawasaki,2,https://www.keiba.go.jp/KeibaWeb/TodayRaceInfo/RaceMarkTable?k_raceDate=2023%2F08%2F16&k_raceNo=2&k_babaCode=21,data/cache/html/20230816_kawasaki_2.html
20230816_kawasaki_3,2023-08-16,kawasaki,3,https://www.keiba.go.jp/KeibaWeb/TodayRaceInfo/RaceMarkTable?k_raceDate=2023%2F08%2F16&k_raceNo=3&k_babaCode=21,data/cache/html/20230816_kawasaki_3.html
20230816_kawasaki_4,2023-08-16,kawasaki,4,https://www.keiba.go.jp/KeibaWeb/TodayRaceInfo/RaceMarkTable?k_raceDate=2023%2F08%2F16&k_raceNo=4&k_babaCode=21,data/cache/html/20230816_kawasaki_4.html
20230816_kawasaki_5,2023-08-16,kawasaki,5,https://www.keiba.go.jp/KeibaWeb/TodayRaceInfo/RaceMarkTable?k_raceDate=2023%2F08%2F16&k_raceNo=5&k_babaCode=21,data/cache/html/20230816_kawasaki_5.html
20230816_kawasaki_6,2023-08-16,kawasaki,6,https://www.keiba.go.jp/KeibaWeb/TodayRaceInfo/RaceMarkTable?k_raceDate=2023%2F08%2F16&k_raceNo=6&k_babaCode=21,data/cache/html/20230816_kawasaki_6.html
20230816_kawasaki_7,2023-08-16,kawasaki,7,https://www.keiba.go.jp/KeibaWeb/TodayRaceInfo/RaceMarkTable?k_raceDate=2023%2F08%2F16&k_raceNo=7&k_babaCode=21,data/cache/html/20230816_kawasaki_7.html
20230816_kawasaki_8,2023-08-16,kawasaki,8,https://www.keiba.go.jp/KeibaWeb/TodayRaceInfo/RaceMarkTable?k_raceDate=2023%2F08%2F16&k_raceNo=8&k_babaCode=21,data/cache/html/20230816_kawasaki_8.html
20230816_kawasaki_9,2023-08-16,kawasaki,9,https://www.keiba.go.jp/KeibaWeb/TodayRaceInfo/RaceMarkTable?k_raceDate=2023%2F08%2F16&k_raceNo=9&k_babaCode=21,data/cache/html/20230816_kawasaki_9.html
20230816_kawasaki_10,2023-08-16,kawasaki,10,https://www.keiba.go.jp/KeibaWeb/TodayRaceInfo/RaceMarkTable?k_raceDate=2023%2F08%2F16&k_raceNo=10&k_babaCode=21,data/cache/html/20230816_kawasaki_10.html
20230816_kawasaki_11,2023-08-16,kawasaki,11,https://www.keiba.go.jp/KeibaWeb/TodayRaceInfo/RaceMarkTable?k_raceDate=2023%2F08%2F16&k_raceNo=11&k_babaCode=21,data/cache/html/20230816_kawasaki_11.html
20230816_kawasaki_12,2023-08-16,kawasaki,12,https://www.keiba.go.jp/KeibaWeb/TodayRaceInfo/RaceMarkTable?k_raceDate=2023%2F08%2F16&k_raceNo=12&k_babaCode=21,data/cache/html/20230816_kawasaki_12.html
20230815_kawasaki_1,2023-08-15,kawasaki,1,https://www.keiba.go.jp/KeibaWeb/TodayRaceInfo/RaceMarkTable?k_raceDate=2023%2F08%2F15&k_raceNo=1&k_babaCode=21,data/cache/html/20230815_kawasaki_1.html
20230815_kawasaki_2,2023-08-15,kawasaki,2,https://www.keiba.go.jp/KeibaWeb/TodayRaceInfo/RaceMarkTable?k_raceDate=2023%2F08%2F15&k_raceNo=2&k_babaCode=21,data/cache/html/20230815_kawasaki_2.html
20230815_kawasaki_3,2023-08-15,kawasaki,3,https://www.keiba.go.jp/KeibaWeb/TodayRaceInfo/RaceMarkTable?k_raceDate=2023%2F08%2F15&k_raceNo=3&k_babaCode=21,data/cache/html/20230815_kawasaki_3.html
20230815_kawasaki_4,2023-08-15,kawasaki,4,https://www.keiba.go.jp/KeibaWeb/TodayRaceInfo/RaceMarkTable?k_raceDate=2023%2F08%2F15&k_raceNo=4&k_babaCode=21,data/cache/html/20230815_kawasaki_4.html
20230815_kawasaki_5,2023-08-15,kawasaki,5,https://www.keiba.go.jp/KeibaWeb/TodayRaceInfo/RaceMarkTable?k_raceDate=2023%2F08%2F15&k_raceNo=5&k_babaCode=21,data/cache/html/20230815_kawasaki_5.html
20230815_kawasaki_6,2023-08-15,kawasaki,6,https://www.keiba.go.jp/KeibaWeb/TodayRaceInfo/RaceMarkTable?k_raceDate=2023%2F08%2F15&k_raceNo=6&k_babaCode=21,data/cache/html/20230815_kawasaki_6.html
20230815_kawasaki_7,2023-08-15,kawasaki,7,https://www.keiba.go.jp/KeibaWeb/TodayRaceInfo/RaceMarkTable?k_raceDate=2023%2F08%2F15&k_raceNo=7&k_babaCode=21,data/cache/html/20230815_kawasaki_7.html
20230815_kawasaki_8,2023-08-15,kawasaki,8,https://www.keiba.go.jp/KeibaWeb/TodayRaceInfo/RaceMarkTable?k_raceDate=2023%2F08%2F15&k_raceNo=8&k_babaCode=21,data/cache/html/20230815_kawasaki_8.html
20230815_kawasaki_9,2023-08-15,kawasaki,9,https://www.keiba.go.jp/KeibaWeb/TodayRaceInfo/RaceMarkTable?k_raceDate=2023%2F08%2F15&k_raceNo=9&k_babaCode=21,data/cache/html/20230815_kawasaki_9.html
20230815_kawasaki_10,2023-08-15,kawasaki,10,https://www.keiba.go.jp/KeibaWeb/TodayRaceInfo/RaceMarkTable?k_raceDate=2023%2F08%2F15&k_raceNo=10&k_babaCode=21,data/cache/html/20230815_kawasaki_10.html
20230815_kawasaki_11,2023-08-15,kawasaki,11,https://www.keiba.go.jp/KeibaWeb/TodayRaceInfo/RaceMarkTable?k_raceDate=2023%2F08%2F15&k_raceNo=11&k_babaCode=21,data/cache/html/20230815_kawasaki_11.html
20230815_kawasaki_12,2023-08-15,kawasaki,12,https://www.keiba.go.jp/KeibaWeb/TodayRaceInfo/RaceMarkTable?k_raceDate=2023%2F08%2F15&k_raceNo=12&k_babaCode=21,data/cache/html/20230815_kawasaki_12.html
20230814_kawasaki_1,2023-08-14,kawasaki,1,https://www.keiba.go.jp/KeibaWeb/TodayRaceInfo/RaceMarkTable?k_raceDate=2023%2F08%2F14&k_raceNo=1&k_babaCode=21,data/cache/html/20230814_kawasaki_1.html
20230814_kawasaki_2,2023-08-14,kawasaki,2,https://www.keiba.go.jp/KeibaWeb/TodayRaceInfo/RaceMarkTable?k_raceDate=2023%2F08%2F14&k_raceNo=2&k_babaCode=21,data/cache/html/20230814_kawasaki_2.html
20230814_kawasaki_3,2023-08-14,kawasaki,3,https://www.keiba.go.jp/KeibaWeb/TodayRaceInfo/RaceMarkTable?k_raceDate=2023%2F08%2F14&k_raceNo=3&k_babaCode=21,data/cache/html/20230814_kawasaki_3.html
20230814_kawasaki_4,2023-08-14,kawasaki,4,https://www.keiba.go.jp/KeibaWeb/TodayRaceInfo/RaceMarkTable?k_raceDate=2023%2F08%2F14&k_raceNo=4&k_babaCode=21,data/cache/html/20230814_kawasaki_4.html
20230814_kawasaki_5,2023-08-14,kawasaki,5,https://www.keiba.go.jp/KeibaWeb/TodayRaceInfo/RaceMarkTable?k_raceDate=2023%2F08%2F14&k_raceNo=5&k_babaCode=21,data/cache/html/20230814_kawasaki_5.html
20230814_kawasaki_6,2023-08-14,kawasaki,6,https://www.keiba.go.jp/KeibaWeb/TodayRaceInfo/RaceMarkTable?k_raceDate=2023%2F08%2F14&k_raceNo=6&k_babaCode=21,data/cache/html/20230814_kawasaki_6.html
20230814_kawasaki_7,2023-08-14,kawasaki,7,https://www.keiba.go.jp/KeibaWeb/TodayRaceInfo/RaceMarkTable?k_raceDate=2023%2F08%2F14&k_raceNo=7&k_babaCode=21,data/cache/html/20230814_kawasaki_7.html
20230814_kawasaki_8,2023-08-14,kawasaki,8,https://www.keiba.go.jp/KeibaWeb/TodayRaceInfo/RaceMarkTable?k_raceDate=2023%2F08%2F14&k_raceNo=8&k_babaCode=21,data/cache/html/20230814_kawasaki_8.html
20230814_kawasaki_9,2023-08-14,kawasaki,9,https://www.keiba.go.jp/KeibaWeb/TodayRaceInfo/RaceMarkTable?k_raceDate=2023%2F08%2F14&k_raceNo=9&k_babaCode=21,data/cache/html/20230814_kawasaki_9.html
20230814_kawasaki_10,2023-08-14,kawasaki,10,https://www.keiba.go.jp/KeibaWeb/TodayRaceInfo/RaceMarkTable?k_raceDate=2023%2F08%2F14&k_raceNo=10&k_babaCode=21,data/cache/html/20230814_kawasaki_10.html
20230814_kawasaki_11,2023-08-14,kawasaki,11,https://www.keiba.go.jp/KeibaWeb/TodayRaceInfo/RaceMarkTable?k_raceDate=2023%2F08%2F14&k_raceNo=11&k_babaCode=21,data/cache/html/20230814_kawasaki_11.html
20230814_kawasaki_12,2023-08-14,kawasaki,12,https://www.keiba.go.jp/KeibaWeb/TodayRaceInfo/RaceMarkTable?k_raceDate=2023%2F08%2F14&k_raceNo=12&k_babaCode=21,data/cache/html/20230814_kawasaki_12.html
20230813_kawasaki_1,2023-08-13,kawasaki,1,https://www.keiba.go.jp/KeibaWeb/TodayRaceInfo/RaceMarkTable?k_raceDate=2023%2F08%2F13&k_raceNo=1&k_babaCode=21,data/cache/html/20230813_kawasaki_1.html
20230813_kawasaki_2,2023-08-13,kawasaki,2,https://www.keiba.go.jp/KeibaWeb/TodayRaceInfo/RaceMarkTable?k_raceDate=2023%2F08%2F13&k_raceNo=2&k_babaCode=21,data/cache/html/20230813_kawasaki_2.html
20230813_kawasaki_3,2023-08-13,kawasaki,3,https://www.keiba.go.jp/KeibaWeb/TodayRaceInfo/RaceMarkTable?k_raceDate=2023%2F08%2F13&k_raceNo=3&k_babaCode=21,data/cache/html/20230813_kawasaki_3.html
20230813_kawasaki_4,2023-08-13,kawasaki,4,https://www.keiba.go.jp/KeibaWeb/TodayRaceInfo/RaceMarkTable?k_raceDate=2023%2F08%2F13&k_raceNo=4&k_babaCode=21,data/cache/html/20230813_kawasaki_4.html
20230813_kawasaki_5,2023-08-13,kawasaki,5,https://www.keiba.go.jp/KeibaWeb/TodayRaceInfo/RaceMarkTable?k_raceDate=2023%2F08%2F13&k_raceNo=5&k_babaCode=21,data/cache/html/20230813_kawasaki_5.html
20230813_kawasaki_6,2023-08-13,kawasaki,6,https://www.keiba.go.jp/KeibaWeb/TodayRaceInfo/RaceMarkTable?k_raceDate=2023%2F08%2F13&k_raceNo=6&k_babaCode=21,data/cache/html/20230813_kawasaki_6.html
20230813_kawasaki_7,2023-08-13,kawasaki,7,https://www.keiba.go.jp/KeibaWeb/TodayRaceInfo/RaceMarkTable?k_raceDate=2023%2F08%2F13&k_raceNo=7&k_babaCode=21,data/cache/html/20230813_kawasaki_7.html
20230813_kawasaki_8,2023-08-13,kawasaki,8,https://www.keiba.go.jp/KeibaWeb/TodayRaceInfo/RaceMarkTable?k_raceDate=2023%2F08%2F13&k_raceNo=8&k_babaCode=21,data/cache/html/20230813_kawasaki_8.html
20230813_kawasaki_9,2023-08-13,kawasaki,9,https://www.keiba.go.jp/KeibaWeb/TodayRaceInfo/RaceMarkTable?k_raceDate=2023%2F08%2F13&k_raceNo=9&k_babaCode=21,data/cache/html/20230813_kawasaki_9.html
20230813_kawasaki_10,2023-08-13,kawasaki,10,https://www.keiba.go.jp/KeibaWeb/TodayRaceInfo/RaceMarkTable?k_raceDate=2023%2F08%2F13&k_raceNo=10&k_babaCode=21,data/cache/html/20230813_kawasaki_10.html
20230813_kawasaki_11,2023-08-13,kawasaki,11,https://www.keiba.go.jp/KeibaWeb/TodayRaceInfo/RaceMarkTable?k_raceDate=2023%2F08%2F13&k_raceNo=11&k_babaCode=21,data/cache/html/20230813_kawasaki_11.html
20230813_kawasaki_12,2023-08-13,kawasaki,12,https://www.keiba.go.jp/KeibaWeb/TodayRaceInfo/RaceMarkTable?k_raceDate=2023%2F08%2F13&k_raceNo=12&k_babaCode=21,data/cache/html/20230813_kawasaki_12.html
20230812_kawasaki_1,2023-08-12,kawasaki,1,https://www.keiba.go.jp/KeibaWeb/TodayRaceInfo/RaceMarkTable?k_raceDate=2023%2F08%2F12&k_raceNo=1&k_babaCode=21,data/cache/html/20230812_kawasaki_1.html
20230812_kawasaki_2,2023-08-12,kawasaki,2,https://www.keiba.go.jp/KeibaWeb/TodayRaceInfo/RaceMarkTable?k_raceDate=2023%2F08%2F12&k_raceNo=2&k_babaCode=21,data/cache/html/20230812_kawasaki_2.html
20230812_kawasaki_3,2023-08-12,kawasaki,3,https://www.keiba.go.jp/KeibaWeb/TodayRaceInfo/RaceMarkTable?k_raceDate=2023%2F08%2F12&k_raceNo=3&k_babaCode=21,data/cache/html/20230812_kawasaki_3.html
20230812_kawasaki_4,2023-08-12,kawasaki,4,https://www.keiba.go.jp/KeibaWeb/TodayRaceInfo/RaceMarkTable?k_raceDate=2023%2F08%2F12&k_raceNo=4&k_babaCode=21,data/cache/html/20230812_kawasaki_4.html
20230812_kawasaki_5,2023-08-12,kawasaki,5,https://www.keiba.go.jp/KeibaWeb/TodayRaceInfo/RaceMarkTable?k_raceDate=2023%2F08%2F12&k_raceNo=5&k_babaCode=21,data/cache/html/20230812_kawasaki_5.html
20230812_kawasaki_6,2023-08-12,kawasaki,6,https://www.keiba.go.jp/KeibaWeb/TodayRaceInfo/RaceMarkTable?k_raceDate=2023%2F08%2F12&k_raceNo=6&k_babaCode=21,data/cache/html/20230812_kawasaki_6.html
20230812_kawasaki_7,2023-08-12,kawasaki,7,https://www.keiba.go.jp/KeibaWeb/TodayRaceInfo/RaceMarkTable?k_raceDate=2023%2F08%2F12&k_raceNo=7&k_babaCode=21,data/cache/html/20230812_kawasaki_7.html
20230812_kawasaki_8,2023-08-12,kawasaki,8,https://www.keiba.go.jp/KeibaWeb/TodayRaceInfo/RaceMarkTable?k_raceDate=2023%2F08%2F12&k_raceNo=8&k_babaCode=21,data/cache/html/20230812_kawasaki_8.html
20230812_kawasaki_9,2023-08-12,kawasaki,9,https://www.keiba.go.jp/KeibaWeb/TodayRaceInfo/RaceMarkTable?k_raceDate=2023%2F08%2F12&k_raceNo=9&k_babaCode=21,data/cache/html/20230812_kawasaki_9.html
20230812_kawasaki_10,2023-08-12,kawasaki,10,https://www.keiba.go.jp/KeibaWeb/TodayRaceInfo/RaceMarkTable?k_raceDate=2023%2F08%2F12&k_raceNo=10&k_babaCode=21,data/cache/html/20230812_kawasaki_10.html
20230812_kawasaki_11,2023-08-12,kawasaki,11,https://www.keiba.go.jp/KeibaWeb/TodayRaceInfo/RaceMarkTable?k_raceDate=2023%2F08%2F12&k_raceNo=11&k_babaCode=21,data/cache/html/20230812_kawasaki_11.html
20230812_kawasaki_12,2023-08-12,kawasaki,12,https://www.keiba.go.jp/KeibaWeb/TodayRaceInfo/RaceMarkTable?k_raceDate=2023%2F08%2F12&k_raceNo=12&k_babaCode=21,data/cache/html/20230812_kawasaki_12.html
20230811_kawasaki_1,2023-08-11,kawasaki,1,https://www.keiba.go.jp/KeibaWeb/TodayRaceInfo/RaceMarkTable?k_raceDate=2023%2F08%2F11&k_raceNo=1&k_babaCode=21,data/cache/html/20230811_kawasaki_1.html
20230811_kawasaki_2,2023-08-11,kawasaki,2,https://www.keiba.go.jp/KeibaWeb/TodayRaceInfo/RaceMarkTable?k_raceDate=2023%2F08%2F11&k_raceNo=2&k_babaCode=21,data/cache/html/20230811_kawasaki_2.html
20230811_kawasaki_3,2023-08-11,kawasaki,3,https://www.keiba.go.jp/KeibaWeb/TodayRaceInfo/RaceMarkTable?k_raceDate=2023%2F08%2F11&k_raceNo=3&k_babaCode=21,data/cache/html/20230811_kawasaki_3.html
20230811_kawasaki_4,2023-08-11,kawasaki,4,https://www.keiba.go.jp/KeibaWeb/TodayRaceInfo/RaceMarkTable?k_raceDate=2023%2F08%2F11&k_raceNo=4&k_babaCode=21,data/cache/html/20230811_kawasaki_4.html
20230811_kawasaki_5,2023-08-11,kawasaki,5,https://www.keiba.go.jp/KeibaWeb/TodayRaceInfo/RaceMarkTable?k_raceDate=2023%2F08%2F11&k_raceNo=5&k_babaCode=21,data/cache/html/20230811_kawasaki_5.html
20230811_kawasaki_6,2023-08-11,kawasaki,6,https://www.keiba.go.jp/KeibaWeb/TodayRaceInfo/RaceMarkTable?k_raceDate=2023%2F08%2F11&k_raceNo=6&k_babaCode=21,data/cache/html/20230811_kawasaki_6.html
20230811_kawasaki_7,2023-08-11,kawasaki,7,https://www.keiba.go.jp/KeibaWeb/TodayRaceInfo/RaceMarkTable?k_raceDate=2023%2F08%2F11&k_raceNo=7&k_babaCode=21,data/cache/html/20230811_kawasaki_7.html
20230811_kawasaki_8,2023-08-11,kawasaki,8,https://www.keiba.go.jp/KeibaWeb/TodayRaceInfo/RaceMarkTable?k_raceDate=2023%2F08%2F11&k_raceNo=8&k_babaCode=21,data/cache/html/20230811_kawasaki_8.html
20230811_kawasaki_9,2023-08-11,kawasaki,9,https://www.keiba.go.jp/KeibaWeb/TodayRaceInfo/RaceMarkTable?k_raceDate=2023%2F08%2F11&k_raceNo=9&k_babaCode=21,data/cache/html/20230811_kawasaki_9.html
20230811_kawasaki_10,2023-08-11,kawasaki,10,https://www.keiba.go.jp/KeibaWeb/TodayRaceInfo/RaceMarkTable?k_raceDate=2023%2F08%2F11&k_raceNo=10&k_babaCode=21,data/cache/html/20230811_kawasaki_10.html
20230811_kawasaki_11,2023-08-11,kawasaki,11,https://www.keiba.go.jp/KeibaWeb/TodayRaceInfo/RaceMarkTable?k_raceDate=2023%2F08%2F11&k_raceNo=11&k_babaCode=21,data/cache/html/20230811_kawasaki_11.html
20230811_kawasaki_12,2023-08-11,kawasaki,12,https://www.keiba.go.jp/KeibaWeb/TodayRaceInfo/RaceMarkTable?k_raceDate=2023%2F08%2F11&k_raceNo=12&k_babaCode=21,data/cache/html/20230811_kawasaki_12.html
20230810_kawasaki_1,2023-08-10,kawasaki,1,https://www.keiba.go.jp/KeibaWeb/TodayRaceInfo/RaceMarkTable?k_raceDate=2023%2F08%2F10&k_raceNo=1&k_babaCode=21,data/cache/html/20230810_kawasaki_1.html
20230810_kawasaki_2,2023-08-10,kawasaki,2,https://www.keiba.go.jp/KeibaWeb/TodayRaceInfo/RaceMarkTable?k_raceDate=2023%2F08%2F10&k_raceNo=2&k_babaCode=21,data/cache/html/20230810_kawasaki_2.html
20230810_kawasaki_3,2023-08-10,kawasaki,3,https://www.keiba.go.jp/KeibaWeb/TodayRaceInfo/RaceMarkTable?k_raceDate=2023%2F08%2F10&k_raceNo=3&k_babaCode=21,data/cache/html/20230810_kawasaki_3.html
20230810_kawasaki_4,2023-08-10,kawasaki,4,https://www.keiba.go.jp/KeibaWeb/TodayRaceInfo/RaceMarkTable?k_raceDate=2023%2F08%2F10&k_raceNo=4&k_babaCode=21,data/cache/html/20230810_kawasaki_4.html
20230810_kawasaki_5,2023-08-10,kawasaki,5,https://www.keiba.go.jp/KeibaWeb/TodayRaceInfo/RaceMarkTable?k_raceDate=2023%2F08%2F10&k_raceNo=5&k_babaCode=21,data/cache/html/20230810_kawasaki_5.html
20230810_kawasaki_6,2023-08-10,kawasaki,6,https://www.keiba.go.jp/KeibaWeb/TodayRaceInfo/RaceMarkTable?k_raceDate=2023%2F08%2F10&k_raceNo=6&k_babaCode=21,data/cache/html/20230810_kawasaki_6.html
20230810_kawasaki_7,2023-08-10,kawasaki,7,https://www.keiba.go.jp/KeibaWeb/TodayRaceInfo/RaceMarkTable?k_raceDate=2023%2F08%2F10&k_raceNo=7&k_babaCode=21,data/cache/html/20230810_kawasaki_7.html
20230810_kawasaki_8,2023-08-10,kawasaki,8,https://www.keiba.go.jp/KeibaWeb/TodayRaceInfo/RaceMarkTable?k_raceDate=2023%2F08%2F10&k_raceNo=8&k_babaCode=21,data/cache/html/20230810_kawasaki_8.html
20230810_kawasaki_9,2023-08-10,kawasaki,9,https://www.keiba.go.jp/KeibaWeb/TodayRaceInfo/RaceMarkTable?k_raceDate=2023%2F08%2F10&k_raceNo=9&k_babaCode=21,data/cache/html/20230810_kawasaki_9.html
20230810_kawasaki_10,2023-08-10,kawasaki,10,https://www.keiba.go.jp/KeibaWeb/TodayRaceInfo/RaceMarkTable?k_raceDate=2023%2F08%2F10&k_raceNo=10&k_babaCode=21,data/cache/html/20230810_kawasaki_10.html
20230810_kawasaki_11,2023-08-10,kawasaki,11,https://www.keiba.go.jp/KeibaWeb/TodayRaceInfo/RaceMarkTable?k_raceDate=2023%2F08%2F10&k_raceNo=11&k_babaCode=21,data/cache/html/20230810_kawasaki_11.html
20230810_kawasaki_12,2023-08-10,kawasaki,12,https://www.keiba.go.jp/KeibaWeb/TodayRaceInfo/RaceMarkTable?k_raceDate=2023%2F08%2F10&k_raceNo=12&k_babaCode=21,data/cache/html/20230810_kawasaki_12.html
20230809_kawasaki_1,2023-08-09,kawasaki,1,https://www.keiba.go.jp/KeibaWeb/TodayRaceInfo/RaceMarkTable?k_raceDate=2023%2F08%2F09&k_raceNo=1&k_babaCode=21,data/cache/html/20230809_kawasaki_1.html
20230809_kawasaki_2,2023-08-09,kawasaki,2,https://www.keiba.go.jp/KeibaWeb/TodayRaceInfo/RaceMarkTable?k_raceDate=2023%2F08%2F09&k_raceNo=2&k_babaCode=21,data/cache/html/20230809_kawasaki_2.html
20230809_kawasaki_3,2023-08-09,kawasaki,3,https://www.keiba.go.jp/KeibaWeb/TodayRaceInfo/RaceMarkTable?k_raceDate=2023%2F08%2F09&k_raceNo=3&k_babaCode=21,data/cache/html/20230809_kawasaki_3.html
20230809_kawasaki_4,2023-08-09,kawasaki,4,https://www.keiba.go.jp/KeibaWeb/TodayRaceInfo/RaceMarkTable?k_raceDate=2023%2F08%2F09&k_raceNo=4&k_babaCode=21,data/cache/html/20230809_kawasaki_4.html
20230809_kawasaki_5,2023-08-09,kawasaki,5,https://www.keiba.go.jp/KeibaWeb/TodayRaceInfo/RaceMarkTable?k_raceDate=2023%2F08%2F09&k_raceNo=5&k_babaCode=21,data/cache/html/20230809_kawasaki_5.html
20230809_kawasaki_6,2023-08-09,kawasaki,6,https://www.keiba.go.jp/KeibaWeb/TodayRaceInfo/RaceMarkTable?k_raceDate=2023%2F08%2F09&k_raceNo=6&k_babaCode=21,data/cache/html/20230809_kawasaki_6.html
20230809_kawasaki_7,2023-08-09,kawasaki,7,https://www.keiba.go.jp/KeibaWeb/TodayRaceInfo/RaceMarkTable?k_raceDate=2023%2F08%2F09&k_raceNo=7&k_babaCode=21,data/cache/html/20230809_kawasaki_7.html
20230809_kawasaki_8,2023-08-09,kawasaki,8,https://www.keiba.go.jp/KeibaWeb/TodayRaceInfo/RaceMarkTable?k_raceDate=2023%2F08%2F09&k_raceNo=8&k_babaCode=21,data/cache/html/20230809_kawasaki_8.html
20230809_kawasaki_9,2023-08-09,kawasaki,9,https://www.keiba.go.jp/KeibaWeb/TodayRaceInfo/RaceMarkTable?k_raceDate=2023%2F08%2F09&k_raceNo=9&k_babaCode=21,data/cache/html/20230809_kawasaki_9.html
20230809_kawasaki_10,2023-08-09,kawasaki,10,https://www.keiba.go.jp/KeibaWeb/TodayRaceInfo/RaceMarkTable?k_raceDate=2023%2F08%2F09&k_raceNo=10&k_babaCode=21,data/cache/html/20230809_kawasaki_10.html
20230809_kawasaki_11,2023-08-09,kawasaki,11,https://www.keiba.go.jp/KeibaWeb/TodayRaceInfo/RaceMarkTable?k_raceDate=2023%2F08%2F09&k_raceNo=11&k_babaCode=21,data/cache/html/20230809_kawasaki_11.html
20230809_kawasaki_12,2023-08-09,kawasaki,12,https://www.keiba.go.jp/KeibaWeb/TodayRaceInfo/RaceMarkTable?k_raceDate=2023%2F08%2F09&k_raceNo=12&k_babaCode=21,data/cache/html/20230809_kawasaki_12.html
20230808_kawasaki_1,2023-08-08,kawasaki,1,https://www.keiba.go.jp/KeibaWeb/TodayRaceInfo/RaceMarkTable?k_raceDate=2023%2F08%2F08&k_raceNo=1&k_babaCode=21,data/cache/html/20230808_kawasaki_1.html
20230808_kawasaki_2,2023-08-08,kawasaki,2,https://www.keiba.go.jp/KeibaWeb/TodayRaceInfo/RaceMarkTable?k_raceDate=2023%2F08%2F08&k_raceNo=2&k_babaCode=21,data/cache/html/20230808_kawasaki_2.html
20230808_kawasaki_3,2023-08-08,kawasaki,3,https://www.keiba.go.jp/KeibaWeb/TodayRaceInfo/RaceMarkTable?k_raceDate=2023%2F08%2F08&k_raceNo=3&k_babaCode=21,data/cache/html/20230808_kawasaki_3.html
20230808_kawasaki_4,2023-08-08,kawasaki,4,https://www.keiba.go.jp/KeibaWeb/TodayRaceInfo/RaceMarkTable?k_raceDate=2023%2F08%2F08&k_raceNo=4&k_babaCode=21,data/cache/html/20230808_kawasaki_4.html
20230808_kawasaki_5,2023-08-08,kawasaki,5,https://www.keiba.go.jp/KeibaWeb/TodayRaceInfo/RaceMarkTable?k_raceDate=2023%2F08%2F08&k_raceNo=5&k_babaCode=21,data/cache/html/20230808_kawasaki_5.html
20230808_kawasaki_6,2023-08-08,kawasaki,6,https://www.keiba.go.jp/KeibaWeb/TodayRaceInfo/RaceMarkTable?k_raceDate=2023%2F08%2F08&k_raceNo=6&k_babaCode=21,data/cache/html/20230808_kawasaki_6.html
20230808_kawasaki_7,2023-08-08,kawasaki,7,https://www.keiba.go.jp/KeibaWeb/TodayRaceInfo/RaceMarkTable?k_raceDate=2023%2F08%2F08&k_raceNo=7&k_babaCode=21,data/cache/html/20230808_kawasaki_7.html
20230808_kawasaki_8,2023-08-08,kawasaki,8,https://www.keiba.go.jp/KeibaWeb/TodayRaceInfo/RaceMarkTable?k_raceDate=2023%2F08%2F08&k_raceNo=8&k_babaCode=21,data/cache/html/20230808_kawasaki_8.html
20230808_kawasaki_9,2023-08-08,kawasaki,9,https://www.keiba.go.jp/KeibaWeb/TodayRaceInfo/RaceMarkTable?k_raceDate=2023%2F08%2F08&k_raceNo=9&k_babaCode=21,data/cache/html/20230808_kawasaki_9.html
20230808_kawasaki_10,2023-08-08,kawasaki,10,https://www.keiba.go.jp/KeibaWeb/TodayRaceInfo/RaceMarkTable?k_raceDate=2023%2F08%2F08&k_raceNo=10&k_babaCode=21,data/cache/html/20230808_kawasaki_10.html
20230808_kawasaki_11,2023-08-08,kawasaki,11,https://www.keiba.go.jp/KeibaWeb/TodayRaceInfo/RaceMarkTable?k_raceDate=2023%2F08%2F08&k_raceNo=11&k_babaCode=21,data/cache/html/20230808_kawasaki_11.html
20230808_kawasaki_12,2023-08-08,kawasaki,12,https://www.keiba.go.jp/KeibaWeb/TodayRaceInfo/RaceMarkTable?k_raceDate=2023%2F08%2F08&k_raceNo=12&k_babaCode=21,data/cache/html/20230808_kawasaki_12.html
20230807_kawasaki_1,2023-08-07,kawasaki,1,https://www.keiba.go.jp/KeibaWeb/TodayRaceInfo/RaceMarkTable?k_raceDate=2023%2F08%2F07&k_raceNo=1&k_babaCode=21,data/cache/html/20230807_kawasaki_1.html
20230807_kawasaki_2,2023-08-07,kawasaki,2,https://www.keiba.go.jp/KeibaWeb/TodayRaceInfo/RaceMarkTable?k_raceDate=2023%2F08%2F07&k_raceNo=2&k_babaCode=21,data/cache/html/20230807_kawasaki_2.html
20230807_kawasaki_3,2023-08-07,kawasaki,3,https://www.keiba.go.jp/KeibaWeb/TodayRaceInfo/RaceMarkTable?k_raceDate=2023%2F08%2F07&k_raceNo=3&k_babaCode=21,data/cache/html/20230807_kawasaki_3.html
20230807_kawasaki_4,2023-08-07,kawasaki,4,https://www.keiba.go.jp/KeibaWeb/TodayRaceInfo/RaceMarkTable?k_raceDate=2023%2F08%2F07&k_raceNo=4&k_babaCode=21,data/cache/html/20230807_kawasaki_4.html
20230807_kawasaki_5,2023-08-07,kawasaki,5,https://www.keiba.go.jp/KeibaWeb/TodayRaceInfo/RaceMarkTable?k_raceDate=2023%2F08%2F07&k_raceNo=5&k_babaCode=21,data/cache/html/20230807_kawasaki_5.html
20230807_kawasaki_6,2023-08-07,kawasaki,6,https://www.keiba.go.jp/KeibaWeb/TodayRaceInfo/RaceMarkTable?k_raceDate=2023%2F08%2F07&k_raceNo=6&k_babaCode=21,data/cache/html/20230807_kawasaki_6.html
20230807_kawasaki_7,2023-08-07,kawasaki,7,https://www.keiba.go.jp/KeibaWeb/TodayRaceInfo/RaceMarkTable?k_raceDate=2023%2F08%2F07&k_raceNo=7&k_babaCode=21,data/cache/html/20230807_kawasaki_7.html
20230807_kawasaki_8,2023-08-07,kawasaki,8,https://www.keiba.go.jp/KeibaWeb/TodayRaceInfo/RaceMarkTable?k_raceDate=2023%2F08%2F07&k_raceNo=8&k_babaCode=21,data/cache/html/20230807_kawasaki_8.html
20230807_kawasaki_9,2023-08-07,kawasaki,9,https://www.keiba.go.jp/KeibaWeb/TodayRaceInfo/RaceMarkTable?k_raceDate=2023%2F08%2F07&k_raceNo=9&k_babaCode=21,data/cache/html/20230807_kawasaki_9.html
20230807_kawasaki_10,2023-08-07,kawasaki,10,https://www.keiba.go.jp/KeibaWeb/TodayRaceInfo/RaceMarkTable?k_raceDate=2023%2F08%2F07&k_raceNo=10&k_babaCode=21,data/cache/html/20230807_kawasaki_10.html
20230807_kawasaki_11,2023-08-07,kawasaki,11,https://www.keiba.go.jp/KeibaWeb/TodayRaceInfo/RaceMarkTable?k_raceDate=2023%2F08%2F07&k_raceNo=11&k_babaCode=21,data/cache/html/20230807_kawasaki_11.html
20230807_kawasaki_12,2023-08-07,kawasaki,12,https://www.keiba.go.jp/KeibaWeb/TodayRaceInfo/RaceMarkTable?k_raceDate=2023%2F08%2F07&k_raceNo=12&k_babaCode=21,data/cache/html/20230807_kawasaki_12.html
20230806_kawasaki_1,2023-08-06,kawasaki,1,https://www.keiba.go.jp/KeibaWeb/TodayRaceInfo/RaceMarkTable?k_raceDate=2023%2F08%2F06&k_raceNo=1&k_babaCode=21,data/cache/html/20230806_kawasaki_1.html
20230806_kawasaki_2,2023-08-06,kawasaki,2,https://www.keiba.go.jp/KeibaWeb/TodayRaceInfo/RaceMarkTable?k_raceDate=2023%2F08%2F06&k_raceNo=2&k_babaCode=21,data/cache/html/20230806_kawasaki_2.html
20230806_kawasaki_3,2023-08-06,kawasaki,3,https://www.keiba.go.jp/KeibaWeb/TodayRaceInfo/RaceMarkTable?k_raceDate=2023%2F08%2F06&k_raceNo=3&k_babaCode=21,data/cache/html/20230806_kawasaki_3.html
20230806_kawasaki_4,2023-08-06,kawasaki,4,https://www.keiba.go.jp/KeibaWeb/TodayRaceInfo/RaceMarkTable?k_raceDate=2023%2F08%2F06&k_raceNo=4&k_babaCode=21,data/cache/html/20230806_kawasaki_4.html
20230806_kawasaki_5,2023-08-06,kawasaki,5,https://www.keiba.go.jp/KeibaWeb/TodayRaceInfo/RaceMarkTable?k_raceDate=2023%2F08%2F06&k_raceNo=5&k_babaCode=21,data/cache/html/20230806_kawasaki_5.html
20230806_kawasaki_6,2023-08-06,kawasaki,6,https://www.keiba.go.jp/KeibaWeb/TodayRaceInfo/RaceMarkTable?k_raceDate=2023%2F08%2F06&k_raceNo=6&k_babaCode=21,data/cache/html/20230806_kawasaki_6.html
20230806_kawasaki_7,2023-08-06,kawasaki,7,https://www.keiba.go.jp/KeibaWeb/TodayRaceInfo/RaceMarkTable?k_raceDate=2023%2F08%2F06&k_raceNo=7&k_babaCode=21,data/cache/html/20230806_kawasaki_7.html
20230806_kawasaki_8,2023-08-06,kawasaki,8,https://www.keiba.go.jp/KeibaWeb/TodayRaceInfo/RaceMarkTable?k_raceDate=2023%2F08%2F06&k_raceNo=8&k_babaCode=21,data/cache/html/20230806_kawasaki_8.html
20230806_kawasaki_9,2023-08-06,kawasaki,9,https://www.keiba.go.jp/KeibaWeb/TodayRaceInfo/RaceMarkTable?k_raceDate=2023%2F08%2F06&k_raceNo=9&k_babaCode=21,data/cache/html/20230806_kawasaki_9.html
20230806_kawasaki_10,2023-08-06,kawasaki,10,https://www.keiba.go.jp/KeibaWeb/TodayRaceInfo/RaceMarkTable?k_raceDate=2023%2F08%2F06&k_raceNo=10&k_babaCode=21,data/cache/html/20230806_kawasaki_10.html
20230806_kawasaki_11,2023-08-06,kawasaki,11,https://www.keiba.go.jp/KeibaWeb/TodayRaceInfo/RaceMarkTable?k_raceDate=2023%2F08%2F06&k_raceNo=11&k_babaCode=21,data/cache/html/20230806_kawasaki_11.html
20230806_kawasaki_12,2023-08-06,kawasaki,12,https://www.keiba.go.jp/KeibaWeb/TodayRaceInfo/RaceMarkTable?k_raceDate=2023%2F08%2F06&k_raceNo=12&k_babaCode=21,data/cache/html/20230806_kawasaki_12.html
20230805_kawasaki_1,2023-08-05,kawasaki,1,https://www.keiba.go.jp/KeibaWeb/TodayRaceInfo/RaceMarkTable?k_raceDate=2023%2F08%2F05&k_raceNo=1&k_babaCode=21,data/cache/html/20230805_kawasaki_1.html
20230805_kawasaki_2,2023-08-05,kawasaki,2,https://www.keiba.go.jp/KeibaWeb/TodayRaceInfo/RaceMarkTable?k_raceDate=2023%2F08%2F05&k_raceNo=2&k_babaCode=21,data/cache/html/20230805_kawasaki_2.html
20230805_kawasaki_3,2023-08-05,kawasaki,3,https://www.keiba.go.jp/KeibaWeb/TodayRaceInfo/RaceMarkTable?k_raceDate=2023%2F08%2F05&k_raceNo=3&k_babaCode=21,data/cache/html/20230805_kawasaki_3.html
20230805_kawasaki_4,2023-08-05,kawasaki,4,https://www.keiba.go.jp/KeibaWeb/TodayRaceInfo/RaceMarkTable?k_raceDate=2023%2F08%2F05&k_raceNo=4&k_babaCode=21,data/cache/html/20230805_kawasaki_4.html
20230805_kawasaki_5,2023-08-05,kawasaki,5,https://www.keiba.go.jp/KeibaWeb/TodayRaceInfo/RaceMarkTable?k_raceDate=2023%2F08%2F05&k_raceNo=5&k_babaCode=21,data/cache/html/20230805_kawasaki_5.html
20230805_kawasaki_6,2023-08-05,kawasaki,6,https://www.keiba.go.jp/KeibaWeb/TodayRaceInfo/RaceMarkTable?k_raceDate=2023%2F08%2F05&k_raceNo=6&k_babaCode=21,data/cache/html/20230805_kawasaki_6.html
20230805_kawasaki_7,2023-08-05,kawasaki,7,https://www.keiba.go.jp/KeibaWeb/TodayRaceInfo/RaceMarkTable?k_raceDate=2023%2F08%2F05&k_raceNo=7&k_babaCode=21,data/cache/html/20230805_kawasaki_7.html
20230805_kawasaki_8,2023-08-05,kawasaki,8,https://www.keiba.go.jp/KeibaWeb/TodayRaceInfo/RaceMarkTable?k_raceDate=2023%2F08%2F05&k_raceNo=8&k_babaCode=21,data/cache/html/20230805_kawasaki_8.html
20230805_kawasaki_9,2023-08-05,kawasaki,9,https://www.keiba.go.jp/KeibaWeb/TodayRaceInfo/RaceMarkTable?k_raceDate=2023%2F08%2F05&k_raceNo=9&k_babaCode=21,data/cache/html/20230805_kawasaki_9.html
20230805_kawasaki_10,2023-08-05,kawasaki,10,https://www.keiba.go.jp/KeibaWeb/TodayRaceInfo/RaceMarkTable?k_raceDate=2023%2F08%2F05&k_raceNo=10&k_babaCode=21,data/cache/html/20230805_kawasaki_10.html
20230805_kawasaki_11,2023-08-05,kawasaki,11,https://www.keiba.go.jp/KeibaWeb/TodayRaceInfo/RaceMarkTable?k_raceDate=2023%2F08%2F05&k_raceNo=11&k_babaCode=21,data/cache/html/20230805_kawasaki_11.html
20230805_kawasaki_12,2023-08-05,kawasaki,12,https://www.keiba.go.jp/KeibaWeb/TodayRaceInfo/RaceMarkTable?k_raceDate=2023%2F08%2F05&k_raceNo=12&k_babaCode=21,data/cache/html/20230805_kawasaki_12.html
20230804_kawasaki_1,2023-08-04,kawasaki,1,https://www.keiba.go.jp/KeibaWeb/TodayRaceInfo/RaceMarkTable?k_raceDate=2023%2F08%2F04&k_raceNo=1&k_babaCode=21,data/cache/html/20230804_kawasaki_1.html
20230804_kawasaki_2,2023-08-04,kawasaki,2,https://www.keiba.go.jp/KeibaWeb/TodayRaceInfo/RaceMarkTable?k_raceDate=2023%2F08%2F04&k_raceNo=2&k_babaCode=21,data/cache/html/20230804_kawasaki_2.html
20230804_kawasaki_3,2023-08-04,kawasaki,3,https://www.keiba.go.jp/KeibaWeb/TodayRaceInfo/RaceMarkTable?k_raceDate=2023%2F08%2F04&k_raceNo=3&k_babaCode=21,data/cache/html/20230804_kawasaki_3.html
20230804_kawasaki_4,2023-08-04,kawasaki,4,https://www.keiba.go.jp/KeibaWeb/TodayRaceInfo/RaceMarkTable?k_raceDate=2023%2F08%2F04&k_raceNo=4&k_babaCode=21,data/cache/html/20230804_kawasaki_4.html
20230804_kawasaki_5,2023-08-04,kawasaki,5,https://www.keiba.go.jp/KeibaWeb/TodayRaceInfo/RaceMarkTable?k_raceDate=2023%2F08%2F04&k_raceNo=5&k_babaCode=21,data/cache/html/20230804_kawasaki_5.html
20230804_kawasaki_6,2023-08-04,kawasaki,6,https://www.keiba.go.jp/KeibaWeb/TodayRaceInfo/RaceMarkTable?k_raceDate=2023%2F08%2F04&k_raceNo=6&k_babaCode=21,data/cache/html/20230804_kawasaki_6.html
20230804_kawasaki_7,2023-08-04,kawasaki,7,https://www.keiba.go.jp/KeibaWeb/TodayRaceInfo/RaceMarkTable?k_raceDate=2023%2F08%2F04&k_raceNo=7&k_babaCode=21,data/cache/html/20230804_kawasaki_7.html
20230804_kawasaki_8,2023-08-04,kawasaki,8,https://www.keiba.go.jp/KeibaWeb/TodayRaceInfo/RaceMarkTable?k_raceDate=2023%2F08%2F04&k_raceNo=8&k_babaCode=21,data/cache/html/20230804_kawasaki_8.html
20230804_kawasaki_9,2023-08-04,kawasaki,9,https://www.keiba.go.jp/KeibaWeb/TodayRaceInfo/RaceMarkTable?k_raceDate=2023%2F08%2F04&k_raceNo=9&k_babaCode=21,data/cache/html/20230804_kawasaki_9.html
20230804_kawasaki_10,2023-08-04,kawasaki,10,https://www.keiba.go.jp/KeibaWeb/TodayRaceInfo/RaceMarkTable?k_raceDate=2023%2F08%2F04&k_raceNo=10&k_babaCode=21,data/cache/html/20230804_kawasaki_10.html
20230804_kawasaki_11,2023-08-04,kawasaki,11,https://www.keiba.go.jp/KeibaWeb/TodayRaceInfo/RaceMarkTable?k_raceDate=2023%2F08%2F04&k_raceNo=11&k_babaCode=21,data/cache/html/20230804_kawasaki_11.html
20230804_kawasaki_12,2023-08-04,kawasaki,12,https://www.keiba.go.jp/KeibaWeb/TodayRaceInfo/RaceMarkTable?k_raceDate=2023%2F08%2F04&k_raceNo=12&k_babaCode=21,data/cache/html/20230804_kawasaki_12.html
20230803_kawasaki_1,2023-08-03,kawasaki,1,https://www.keiba.go.jp/KeibaWeb/TodayRaceInfo/RaceMarkTable?k_raceDate=2023%2F08%2F03&k_raceNo=1&k_babaCode=21,data/cache/html/20230803_kawasaki_1.html
20230803_kawasaki_2,2023-08-03,kawasaki,2,https://www.keiba.go.jp/KeibaWeb/TodayRaceInfo/RaceMarkTable?k_raceDate=2023%2F08%2F03&k_raceNo=2&k_babaCode=21,data/cache/html/20230803_kawasaki_2.html
20230803_kawasaki_3,2023-08-03,kawasaki,3,https://www.keiba.go.jp/KeibaWeb/TodayRaceInfo/RaceMarkTable?k_raceDate=2023%2F08%2F03&k_raceNo=3&k_babaCode=21,data/cache/html/20230803_kawasaki_3.html
20230803_kawasaki_4,2023-08-03,kawasaki,4,https://www.keiba.go.jp/KeibaWeb/TodayRaceInfo/RaceMarkTable?k_raceDate=2023%2F08%2F03&k_raceNo=4&k_babaCode=21,data/cache/html/20230803_kawasaki_4.html
20230803_kawasaki_5,2023-08-03,kawasaki,5,https://www.keiba.go.jp/KeibaWeb/TodayRaceInfo/RaceMarkTable?k_raceDate=2023%2F08%2F03&k_raceNo=5&k_babaCode=21,data/cache/html/20230803_kawasaki_5.html
20230803_kawasaki_6,2023-08-03,kawasaki,6,https://www.keiba.go.jp/KeibaWeb/TodayRaceInfo/RaceMarkTable?k_raceDate=2023%2F08%2F03&k_raceNo=6&k_babaCode=21,data/cache/html/20230803_kawasaki_6.html
20230803_kawasaki_7,2023-08-03,kawasaki,7,https://www.keiba.go.jp/KeibaWeb/TodayRaceInfo/RaceMarkTable?k_raceDate=2023%2F08%2F03&k_raceNo=7&k_babaCode=21,data/cache/html/20230803_kawasaki_7.html
20230803_kawasaki_8,2023-08-03,kawasaki,8,https://www.keiba.go.jp/KeibaWeb/TodayRaceInfo/RaceMarkTable?k_raceDate=2023%2F08%2F03&k_raceNo=8&k_babaCode=21,data/cache/html/20230803_kawasaki_8.html
20230803_kawasaki_9,2023-08-03,kawasaki,9,https://www.keiba.go.jp/KeibaWeb/TodayRaceInfo/RaceMarkTable?k_raceDate=2023%2F08%2F03&k_raceNo=9&k_babaCode=21,data/cache/html/20230803_kawasaki_9.html
20230803_kawasaki_10,2023-08-03,kawasaki,10,https://www.keiba.go.jp/KeibaWeb/TodayRaceInfo/RaceMarkTable?k_raceDate=2023%2F08%2F03&k_raceNo=10&k_babaCode=21,data/cache/html/20230803_kawasaki_10.html
20230803_kawasaki_11,2023-08-03,kawasaki,11,https://www.keiba.go.jp/KeibaWeb/TodayRaceInfo/RaceMarkTable?k_raceDate=2023%2F08%2F03&k_raceNo=11&k_babaCode=21,data/cache/html/20230803_kawasaki_11.html
20230803_kawasaki_12,2023-08-03,kawasaki,12,https://www.keiba.go.jp/KeibaWeb/TodayRaceInfo/RaceMarkTable?k_raceDate=2023%2F08%2F03&k_raceNo=12&k_babaCode=21,data/cache/html/20230803_kawasaki_12.html
20230802_kawasaki_1,2023-08-02,kawasaki,1,https://www.keiba.go.jp/KeibaWeb/TodayRaceInfo/RaceMarkTable?k_raceDate=2023%2F08%2F02&k_raceNo=1&k_babaCode=21,data/cache/html/20230802_kawasaki_1.html
20230802_kawasaki_2,2023-08-02,kawasaki,2,https://www.keiba.go.jp/KeibaWeb/TodayRaceInfo/RaceMarkTable?k_raceDate=2023%2F08%2F02&k_raceNo=2&k_babaCode=21,data/cache/html/20230802_kawasaki_2.html
20230802_kawasaki_3,2023-08-02,kawasaki,3,https://www.keiba.go.jp/KeibaWeb/TodayRaceInfo/RaceMarkTable?k_raceDate=2023%2F08%2F02&k_raceNo=3&k_babaCode=21,data/cache/html/20230802_kawasaki_3.html
20230802_kawasaki_4,2023-08-02,kawasaki,4,https://www.keiba.go.jp/KeibaWeb/TodayRaceInfo/RaceMarkTable?k_raceDate=2023%2F08%2F02&k_raceNo=4&k_babaCode=21,data/cache/html/20230802_kawasaki_4.html
20230802_kawasaki_5,2023-08-02,kawasaki,5,https://www.keiba.go.jp/KeibaWeb/TodayRaceInfo/RaceMarkTable?k_raceDate=2023%2F08%2F02&k_raceNo=5&k_babaCode=21,data/cache/html/20230802_kawasaki_5.html
20230802_kawasaki_6,2023-08-02,kawasaki,6,https://www.keiba.go.jp/KeibaWeb/TodayRaceInfo/RaceMarkTable?k_raceDate=2023%2F08%2F02&k_raceNo=6&k_babaCode=21,data/cache/html/20230802_kawasaki_6.html
20230802_kawasaki_7,2023-08-02,kawasaki,7,https://www.keiba.go.jp/KeibaWeb/TodayRaceInfo/RaceMarkTable?k_raceDate=2023%2F08%2F02&k_raceNo=7&k_babaCode=21,data/cache/html/20230802_kawasaki_7.html
20230802_kawasaki_8,2023-08-02,kawasaki,8,https://www.keiba.go.jp/KeibaWeb/TodayRaceInfo/RaceMarkTable?k_raceDate=2023%2F08%2F02&k_raceNo=8&k_babaCode=21,data/cache/html/20230802_kawasaki_8.html
20230802_kawasaki_9,2023-08-02,kawasaki,9,https://www.keiba.go.jp/KeibaWeb/TodayRaceInfo/RaceMarkTable?k_raceDate=2023%2F08%2F02&k_raceNo=9&k_babaCode=21,data/cache/html/20230802_kawasaki_9.html
20230802_kawasaki_10,2023-08-02,kawasaki,10,https://www.keiba.go.jp/KeibaWeb/TodayRaceInfo/RaceMarkTable?k_raceDate=2023%2F08%2F02&k_raceNo=10&k_babaCode=21,data/cache/html/20230802_kawasaki_10.html
20230802_kawasaki_11,2023-08-02,kawasaki,11,https://www.keiba.go.jp/KeibaWeb/TodayRaceInfo/RaceMarkTable?k_raceDate=2023%2F08%2F02&k_raceNo=11&k_babaCode=21,data/cache/html/20230802_kawasaki_11.html
20230802_kawasaki_12,2023-08-02,kawasaki,12,https://www.keiba.go.jp/KeibaWeb/TodayRaceInfo/RaceMarkTable?k_raceDate=2023%2F08%2F02&k_raceNo=12&k_babaCode=21,data/cache/html/20230802_kawasaki_12.html
20230801_kawasaki_1,2023-08-01,kawasaki,1,https://www.keiba.go.jp/KeibaWeb/TodayRaceInfo/RaceMarkTable?k_raceDate=2023%2F08%2F01&k_raceNo=1&k_babaCode=21,data/cache/html/20230801_kawasaki_1.html
20230801_kawasaki_2,2023-08-01,kawasaki,2,https://www.keiba.go.jp/KeibaWeb/TodayRaceInfo/RaceMarkTable?k_raceDate=2023%2F08%2F01&k_raceNo=2&k_babaCode=21,data/cache/html/20230801_kawasaki_2.html
20230801_kawasaki_3,2023-08-01,kawasaki,3,https://www.keiba.go.jp/KeibaWeb/TodayRaceInfo/RaceMarkTable?k_raceDate=2023%2F08%2F01&k_raceNo=3&k_babaCode=21,data/cache/html/20230801_kawasaki_3.html
20230801_kawasaki_4,2023-08-01,kawasaki,4,https://www.keiba.go.jp/KeibaWeb/TodayRaceInfo/RaceMarkTable?k_raceDate=2023%2F08%2F01&k_raceNo=4&k_babaCode=21,data/cache/html/20230801_kawasaki_4.html
20230801_kawasaki_5,2023-08-01,kawasaki,5,https://www.keiba.go.jp/KeibaWeb/TodayRaceInfo/RaceMarkTable?k_raceDate=2023%2F08%2F01&k_raceNo=5&k_babaCode=21,data/cache/html/20230801_kawasaki_5.html
20230801_kawasaki_6,2023-08-01,kawasaki,6,https://www.keiba.go.jp/KeibaWeb/TodayRaceInfo/RaceMarkTable?k_raceDate=2023%2F08%2F01&k_raceNo=6&k_babaCode=21,data/cache/html/20230801_kawasaki_6.html
20230801_kawasaki_7,2023-08-01,kawasaki,7,https://www.keiba.go.jp/KeibaWeb/TodayRaceInfo/RaceMarkTable?k_raceDate=2023%2F08%2F01&k_raceNo=7&k_babaCode=21,data/cache/html/20230801_kawasaki_7.html
20230801_kawasaki_8,2023-08-01,kawasaki,8,https://www.keiba.go.jp/KeibaWeb/TodayRaceInfo/RaceMarkTable?k_raceDate=2023%2F08%2F01&k_raceNo=8&k_babaCode=21,data/cache/html/20230801_kawasaki_8.html
20230801_kawasaki_9,2023-08-01,kawasaki,9,https://www.keiba.go.jp/KeibaWeb/TodayRaceInfo/RaceMarkTable?k_raceDate=2023%2F08%2F01&k_raceNo=9&k_babaCode=21,data/cache/html/20230801_kawasaki_9.html
20230801_kawasaki_10,2023-08-01,kawasaki,10,https://www.keiba.go.jp/KeibaWeb/TodayRaceInfo/RaceMarkTable?k_raceDate=2023%2F08%2F01&k_raceNo=10&k_babaCode=21,data/cache/html/20230801_kawasaki_10.html
20230801_kawasaki_11,2023-08-01,kawasaki,11,https://www.keiba.go.jp/KeibaWeb/TodayRaceInfo/RaceMarkTable?k_raceDate=2023%2F08%2F01&k_raceNo=11&k_babaCode=21,data/cache/html/20230801_kawasaki_11.html
20230801_kawasaki_12,2023-08-01,kawasaki,12,https://www.keiba.go.jp/KeibaWeb/TodayRaceInfo/RaceMarkTable?k_raceDate=2023%2F08%2F01&k_raceNo=12&k_babaCode=21,data/cache/html/20230801_kawasaki_12.html
20230731_kawasaki_1,2023-07-31,kawasaki,1,https://www.keiba.go.jp/KeibaWeb/TodayRaceInfo/RaceMarkTable?k_raceDate=2023%2F07%2F31&k_raceNo=1&k_babaCode=21,data/cache/html/20230731_kawasaki_1.html
20230731_kawasaki_2,2023-07-31,kawasaki,2,https://www.keiba.go.jp/KeibaWeb/TodayRaceInfo/RaceMarkTable?k_raceDate=2023%2F07%2F31&k_raceNo=2&k_babaCode=21,data/cache/html/20230731_kawasaki_2.html
20230731_kawasaki_3,2023-07-31,kawasaki,3,https://www.keiba.go.jp/KeibaWeb/TodayRaceInfo/RaceMarkTable?k_raceDate=2023%2F07%2F31&k_raceNo=3&k_babaCode=21,data/cache/html/20230731_kawasaki_3.html
20230731_kawasaki_4,2023-07-31,kawasaki,4,https://www.keiba.go.jp/KeibaWeb/TodayRaceInfo/RaceMarkTable?k_raceDate=2023%2F07%2F31&k_raceNo=4&k_babaCode=21,data/cache/html/20230731_kawasaki_4.html
20230731_kawasaki_5,2023-07-31,kawasaki,5,https://www.keiba.go.jp/KeibaWeb/TodayRaceInfo/RaceMarkTable?k_raceDate=2023%2F07%2F31&k_raceNo=5&k_babaCode=21,data/cache/html/20230731_kawasaki_5.html
20230731_kawasaki_6,2023-07-31,kawasaki,6,https://www.keiba.go.jp/KeibaWeb/TodayRaceInfo/RaceMarkTable?k_raceDate=2023%2F07%2F31&k_raceNo=6&k_babaCode=21,data/cache/html/20230731_kawasaki_6.html
20230731_kawasaki_7,2023-07-31,kawasaki,7,https://www.keiba.go.jp/KeibaWeb/TodayRaceInfo/RaceMarkTable?k_raceDate=2023%2F07%2F31&k_raceNo=7&k_babaCode=21,data/cache/html/20230731_kawasaki_7.html
20230731_kawasaki_8,2023-07-31,kawasaki,8,https://www.keiba.go.jp/KeibaWeb/TodayRaceInfo/RaceMarkTable?k_raceDate=2023%2F07%2F31&k_raceNo=8&k_babaCode=21,data/cache/html/20230731_kawasaki_8.html
20230731_kawasaki_9,2023-07-31,kawasaki,9,https://www.keiba.go.jp/KeibaWeb/TodayRaceInfo/RaceMarkTable?k_raceDate=2023%2F07%2F31&k_raceNo=9&k_babaCode=21,data/cache/html/20230731_kawasaki_9.html
20230731_kawasaki_10,2023-07-31,kawasaki,10,https://www.keiba.go.jp/KeibaWeb/TodayRaceInfo/RaceMarkTable?k_raceDate=2023%2F07%2F31&k_raceNo=10&k_babaCode=21,data/cache/html/20230731_kawasaki_10.html
20230731_kawasaki_11,2023-07-31,kawasaki,11,https://www.keiba.go.jp/KeibaWeb/TodayRaceInfo/RaceMarkTable?k_raceDate=2023%2F07%2F31&k_raceNo=11&k_babaCode=21,data/cache/html/20230731_kawasaki_11.html
20230731_kawasaki_12,2023-07-31,kawasaki,12,https://www.keiba.go.jp/KeibaWeb/TodayRaceInfo/RaceMarkTable?k_raceDate=2023%2F07%2F31&k_raceNo=12&k_babaCode=21,data/cache/html/20230731_kawasaki_12.html
20230730_kawasaki_1,2023-07-30,kawasaki,1,https://www.keiba.go.jp/KeibaWeb/TodayRaceInfo/RaceMarkTable?k_raceDate=2023%2F07%2F30&k_raceNo=1&k_babaCode=21,data/cache/html/20230730_kawasaki_1.html
20230730_kawasaki_2,2023-07-30,kawasaki,2,https://www.keiba.go.jp/KeibaWeb/TodayRaceInfo/RaceMarkTable?k_raceDate=2023%2F07%2F30&k_raceNo=2&k_babaCode=21,data/cache/html/20230730_kawasaki_2.html
20230730_kawasaki_3,2023-07-30,kawasaki,3,https://www.keiba.go.jp/KeibaWeb/TodayRaceInfo/RaceMarkTable?k_raceDate=2023%2F07%2F30&k_raceNo=3&k_babaCode=21,data/cache/html/20230730_kawasaki_3.html
20230730_kawasaki_4,2023-07-30,kawasaki,4,https://www.keiba.go.jp/KeibaWeb/TodayRaceInfo/RaceMarkTable?k_raceDate=2023%2F07%2F30&k_raceNo=4&k_babaCode=21,data/cache/html/20230730_kawasaki_4.html
20230730_kawasaki_5,2023-07-30,kawasaki,5,https://www.keiba.go.jp/KeibaWeb/TodayRaceInfo/RaceMarkTable?k_raceDate=2023%2F07%2F30&k_raceNo=5&k_babaCode=21,data/cache/html/20230730_kawasaki_5.html
20230730_kawasaki_6,2023-07-30,kawasaki,6,https://www.keiba.go.jp/KeibaWeb/TodayRaceInfo/RaceMarkTable?k_raceDate=2023%2F07%2F30&k_raceNo=6&k_babaCode=21,data/cache/html/20230730_kawasaki_6.html
20230730_kawasaki_7,2023-07-30,kawasaki,7,https://www.keiba.go.jp/KeibaWeb/TodayRaceInfo/RaceMarkTable?k_raceDate=2023%2F07%2F30&k_raceNo=7&k_babaCode=21,data/cache/html/20230730_kawasaki_7.html
20230730_kawasaki_8,2023-07-30,kawasaki,8,https://www.keiba.go.jp/KeibaWeb/TodayRaceInfo/RaceMarkTable?k_raceDate=2023%2F07%2F30&k_raceNo=8&k_babaCode=21,data/cache/html/20230730_kawasaki_8.html
20230730_kawasaki_9,2023-07-30,kawasaki,9,https://www.keiba.go.jp/KeibaWeb/TodayRaceInfo/RaceMarkTable?k_raceDate=2023%2F07%2F30&k_raceNo=9&k_babaCode=21,data/cache/html/20230730_kawasaki_9.html
20230730_kawasaki_10,2023-07-30,kawasaki,10,https://www.keiba.go.jp/KeibaWeb/TodayRaceInfo/RaceMarkTable?k_raceDate=2023%2F07%2F30&k_raceNo=10&k_babaCode=21,data/cache/html/20230730_kawasaki_10.html
20230730_kawasaki_11,2023-07-30,kawasaki,11,https://www.keiba.go.jp/KeibaWeb/TodayRaceInfo/RaceMarkTable?k_raceDate=2023%2F07%2F30&k_raceNo=11&k_babaCode=21,data/cache/html/20230730_kawasaki_11.html
20230730_kawasaki_12,2023-07-30,kawasaki,12,https://www.keiba.go.jp/KeibaWeb/TodayRaceInfo/RaceMarkTable?k_raceDate=2023%2F07%2F30&k_raceNo=12&k_babaCode=21,data/cache/html/20230730_kawasaki_12.html
20230725_kawasaki_1,2023-07-25,kawasaki,1,https://www.keiba.go.jp/KeibaWeb/TodayRaceInfo/RaceMarkTable?k_raceDate=2023%2F07%2F25&k_raceNo=1&k_babaCode=21,data/cache/html/20230725_kawasaki_1.html
20230725_kawasaki_2,2023-07-25,kawasaki,2,https://www.keiba.go.jp/KeibaWeb/TodayRaceInfo/RaceMarkTable?k_raceDate=2023%2F07%2F25&k_raceNo=2&k_babaCode=21,data/cache/html/20230725_kawasaki_2.html
20230725_kawasaki_3,2023-07-25,kawasaki,3,https://www.keiba.go.jp/KeibaWeb/TodayRaceInfo/RaceMarkTable?k_raceDate=2023%2F07%2F25&k_raceNo=3&k_babaCode=21,data/cache/html/20230725_kawasaki_3.html
20230725_kawasaki_4,2023-07-25,kawasaki,4,https://www.keiba.go.jp/KeibaWeb/TodayRaceInfo/RaceMarkTable?k_raceDate=2023%2F07%2F25&k_raceNo=4&k_babaCode=21,data/cache/html/20230725_kawasaki_4.html
20230725_kawasaki_5,2023-07-25,kawasaki,5,https://www.keiba.go.jp/KeibaWeb/TodayRaceInfo/RaceMarkTable?k_raceDate=2023%2F07%2F25&k_raceNo=5&k_babaCode=21,data/cache/html/20230725_kawasaki_5.html
20230725_kawasaki_6,2023-07-25,kawasaki,6,https://www.keiba.go.jp/KeibaWeb/TodayRaceInfo/RaceMarkTable?k_raceDate=2023%2F07%2F25&k_raceNo=6&k_babaCode=21,data/cache/html/20230725_kawasaki_6.html
20230725_kawasaki_7,2023-07-25,kawasaki,7,https://www.keiba.go.jp/KeibaWeb/TodayRaceInfo/RaceMarkTable?k_raceDate=2023%2F07%2F25&k_raceNo=7&k_babaCode=21,data/cache/html/20230725_kawasaki_7.html
20230725_kawasaki_8,2023-07-25,kawasaki,8,https://www.keiba.go.jp/KeibaWeb/TodayRaceInfo/RaceMarkTable?k_raceDate=2023%2F07%2F25&k_raceNo=8&k_babaCode=21,data/cache/html/20230725_kawasaki_8.html
20230725_kawasaki_9,2023-07-25,kawasaki,9,https://www.keiba.go.jp/KeibaWeb/TodayRaceInfo/RaceMarkTable?k_raceDate=2023%2F07%2F25&k_raceNo=9&k_babaCode=21,data/cache/html/20230725_kawasaki_9.html
20230725_kawasaki_10,2023-07-25,kawasaki,10,https://www.keiba.go.jp/KeibaWeb/TodayRaceInfo/RaceMarkTable?k_raceDate=2023%2F07%2F25&k_raceNo=10&k_babaCode=21,data/cache/html/20230725_kawasaki_10.html
20230725_kawasaki_11,2023-07-25,kawasaki,11,https://www.keiba.go.jp/KeibaWeb/TodayRaceInfo/RaceMarkTable?k_raceDate=2023%2F07%2F25&k_raceNo=11&k_babaCode=21,data/cache/html/20230725_kawasaki_11.html
20230725_kawasaki_12,2023-07-25,kawasaki,12,https://www.keiba.go.jp/KeibaWeb/TodayRaceInfo/RaceMarkTable?k_raceDate=2023%2F07%2F25&k_raceNo=12&k_babaCode=21,data/cache/html/20230725_kawasaki_12.html
20230724_kawasaki_1,2023-07-24,kawasaki,1,https://www.keiba.go.jp/KeibaWeb/TodayRaceInfo/RaceMarkTable?k_raceDate=2023%2F07%2F24&k_raceNo=1&k_babaCode=21,data/cache/html/20230724_kawasaki_1.html
20230724_kawasaki_2,2023-07-24,kawasaki,2,https://www.keiba.go.jp/KeibaWeb/TodayRaceInfo/RaceMarkTable?k_raceDate=2023%2F07%2F24&k_raceNo=2&k_babaCode=21,data/cache/html/20230724_kawasaki_2.html
20230724_kawasaki_3,2023-07-24,kawasaki,3,https://www.keiba.go.jp/KeibaWeb/TodayRaceInfo/RaceMarkTable?k_raceDate=2023%2F07%2F24&k_raceNo=3&k_babaCode=21,data/cache/html/20230724_kawasaki_3.html
20230724_kawasaki_4,2023-07-24,kawasaki,4,https://www.keiba.go.jp/KeibaWeb/TodayRaceInfo/RaceMarkTable?k_raceDate=2023%2F07%2F24&k_raceNo=4&k_babaCode=21,data/cache/html/20230724_kawasaki_4.html
20230724_kawasaki_5,2023-07-24,kawasaki,5,https://www.keiba.go.jp/KeibaWeb/TodayRaceInfo/RaceMarkTable?k_raceDate=2023%2F07%2F24&k_raceNo=5&k_babaCode=21,data/cache/html/20230724_kawasaki_5.html
20230724_kawasaki_6,2023-07-24,kawasaki,6,https://www.keiba.go.jp/KeibaWeb/TodayRaceInfo/RaceMarkTable?k_raceDate=2023%2F07%2F24&k_raceNo=6&k_babaCode=21,data/cache/html/20230724_kawasaki_6.html
20230724_kawasaki_7,2023-07-24,kawasaki,7,https://www.keiba.go.jp/KeibaWeb/TodayRaceInfo/RaceMarkTable?k_raceDate=2023%2F07%2F24&k_raceNo=7&k_babaCode=21,data/cache/html/20230724_kawasaki_7.html
20230724_kawasaki_8,2023-07-24,kawasaki,8,https://www.keiba.go.jp/KeibaWeb/TodayRaceInfo/RaceMarkTable?k_raceDate=2023%2F07%2F24&k_raceNo=8&k_babaCode=21,data/cache/html/20230724_kawasaki_8.html
20230724_kawasaki_9,2023-07-24,kawasaki,9,https://www.keiba.go.jp/KeibaWeb/TodayRaceInfo/RaceMarkTable?k_raceDate=2023%2F07%2F24&k_raceNo=9&k_babaCode=21,data/cache/html/20230724_kawasaki_9.html
20230724_kawasaki_10,2023-07-24,kawasaki,10,https://www.keiba.go.jp/KeibaWeb/TodayRaceInfo/RaceMarkTable?k_raceDate=2023%2F07%2F24&k_raceNo=10&k_babaCode=21,data/cache/html/20230724_kawasaki_10.html
20230724_kawasaki_11,2023-07-24,kawasaki,11,https://www.keiba.go.jp/KeibaWeb/TodayRaceInfo/RaceMarkTable?k_raceDate=2023%2F07%2F24&k_raceNo=11&k_babaCode=21,data/cache/html/20230724_kawasaki_11.html
20230724_kawasaki_12,2023-07-24,kawasaki,12,https://www.keiba.go.jp/KeibaWeb/TodayRaceInfo/RaceMarkTable?k_raceDate=2023%2F07%2F24&k_raceNo=12&k_babaCode=21,data/cache/html/20230724_kawasaki_12.html
20230723_kawasaki_1,2023-07-23,kawasaki,1,https://www.keiba.go.jp/KeibaWeb/TodayRaceInfo/RaceMarkTable?k_raceDate=2023%2F07%2F23&k_raceNo=1&k_babaCode=21,data/cache/html/20230723_kawasaki_1.html
20230723_kawasaki_2,2023-07-23,kawasaki,2,https://www.keiba.go.jp/KeibaWeb/TodayRaceInfo/RaceMarkTable?k_raceDate=2023%2F07%2F23&k_raceNo=2&k_babaCode=21,data/cache/html/20230723_kawasaki_2.html
20230723_kawasaki_3,2023-07-23,kawasaki,3,https://www.keiba.go.jp/KeibaWeb/TodayRaceInfo/RaceMarkTable?k_raceDate=2023%2F07%2F23&k_raceNo=3&k_babaCode=21,data/cache/html/20230723_kawasaki_3.html
20230723_kawasaki_4,2023-07-23,kawasaki,4,https://www.keiba.go.jp/KeibaWeb/TodayRaceInfo/RaceMarkTable?k_raceDate=2023%2F07%2F23&k_raceNo=4&k_babaCode=21,data/cache/html/20230723_kawasaki_4.html
20230723_kawasaki_5,2023-07-23,kawasaki,5,https://www.keiba.go.jp/KeibaWeb/TodayRaceInfo/RaceMarkTable?k_raceDate=2023%2F07%2F23&k_raceNo=5&k_babaCode=21,data/cache/html/20230723_kawasaki_5.html
20230723_kawasaki_6,2023-07-23,kawasaki,6,https://www.keiba.go.jp/KeibaWeb/TodayRaceInfo/RaceMarkTable?k_raceDate=2023%2F07%2F23&k_raceNo=6&k_babaCode=21,data/cache/html/20230723_kawasaki_6.html
20230723_kawasaki_7,2023-07-23,kawasaki,7,https://www.keiba.go.jp/KeibaWeb/TodayRaceInfo/RaceMarkTable?k_raceDate=2023%2F07%2F23&k_raceNo=7&k_babaCode=21,data/cache/html/20230723_kawasaki_7.html
20230723_kawasaki_8,2023-07-23,kawasaki,8,https://www.keiba.go.jp/KeibaWeb/TodayRaceInfo/RaceMarkTable?k_raceDate=2023%2F07%2F23&k_raceNo=8&k_babaCode=21,data/cache/html/20230723_kawasaki_8.html
20230723_kawasaki_9,2023-07-23,kawasaki,9,https://www.keiba.go.jp/KeibaWeb/TodayRaceInfo/RaceMarkTable?k_raceDate=2023%2F07%2F23&k_raceNo=9&k_babaCode=21,data/cache/html/20230723_kawasaki_9.html
20230723_kawasaki_10,2023-07-23,kawasaki,10,https://www.keiba.go.jp/KeibaWeb/TodayRaceInfo/RaceMarkTable?k_raceDate=2023%2F07%2F23&k_raceNo=10&k_babaCode=21,data/cache/html/20230723_kawasaki_10.html
20230723_kawasaki_11,2023-07-23,kawasaki,11,https://www.keiba.go.jp/KeibaWeb/TodayRaceInfo/RaceMarkTable?k_raceDate=2023%2F07%2F23&k_raceNo=11&k_babaCode=21,data/cache/html/20230723_kawasaki_11.html
20230723_kawasaki_12,2023-07-23,kawasaki,12,https://www.keiba.go.jp/KeibaWeb/TodayRaceInfo/RaceMarkTable?k_raceDate=2023%2F07%2F23&k_raceNo=12&k_babaCode=21,data/cache/html/20230723_kawasaki_12.html
20230722_kawasaki_1,2023-07-22,kawasaki,1,https://www.keiba.go.jp/KeibaWeb/TodayRaceInfo/RaceMarkTable?k_raceDate=2023%2F07%2F22&k_raceNo=1&k_babaCode=21,data/cache/html/20230722_kawasaki_1.html
20230722_kawasaki_2,2023-07-22,kawasaki,2,https://www.keiba.go.jp/KeibaWeb/TodayRaceInfo/RaceMarkTable?k_raceDate=2023%2F07%2F22&k_raceNo=2&k_babaCode=21,data/cache/html/20230722_kawasaki_2.html
20230722_kawasaki_3,2023-07-22,kawasaki,3,https://www.keiba.go.jp/KeibaWeb/TodayRaceInfo/RaceMarkTable?k_raceDate=2023%2F07%2F22&k_raceNo=3&k_babaCode=21,data/cache/html/20230722_kawasaki_3.html
20230722_kawasaki_4,2023-07-22,kawasaki,4,https://www.keiba.go.jp/KeibaWeb/TodayRaceInfo/RaceMarkTable?k_raceDate=2023%2F07%2F22&k_raceNo=4&k_babaCode=21,data/cache/html/20230722_kawasaki_4.html
20230722_kawasaki_5,2023-07-22,kawasaki,5,https://www.keiba.go.jp/KeibaWeb/TodayRaceInfo/RaceMarkTable?k_raceDate=2023%2F07%2F22&k_raceNo=5&k_babaCode=21,data/cache/html/20230722_kawasaki_5.html
20230722_kawasaki_6,2023-07-22,kawasaki,6,https://www.keiba.go.jp/KeibaWeb/TodayRaceInfo/RaceMarkTable?k_raceDate=2023%2F07%2F22&k_raceNo=6&k_babaCode=21,data/cache/html/20230722_kawasaki_6.html
20230722_kawasaki_7,2023-07-22,kawasaki,7,https://www.keiba.go.jp/KeibaWeb/TodayRaceInfo/RaceMarkTable?k_raceDate=2023%2F07%2F22&k_raceNo=7&k_babaCode=21,data/cache/html/20230722_kawasaki_7.html
20230722_kawasaki_8,2023-07-22,kawasaki,8,https://www.keiba.go.jp/KeibaWeb/TodayRaceInfo/RaceMarkTable?k_raceDate=2023%2F07%2F22&k_raceNo=8&k_babaCode=21,data/cache/html/20230722_kawasaki_8.html
20230722_kawasaki_9,2023-07-22,kawasaki,9,https://www.keiba.go.jp/KeibaWeb/TodayRaceInfo/RaceMarkTable?k_raceDate=2023%2F07%2F22&k_raceNo=9&k_babaCode=21,data/cache/html/20230722_kawasaki_9.html
20230722_kawasaki_10,2023-07-22,kawasaki,10,https://www.keiba.go.jp/KeibaWeb/TodayRaceInfo/RaceMarkTable?k_raceDate=2023%2F07%2F22&k_raceNo=10&k_babaCode=21,data/cache/html/20230722_kawasaki_10.html
20230722_kawasaki_11,2023-07-22,kawasaki,11,https://www.keiba.go.jp/KeibaWeb/TodayRaceInfo/RaceMarkTable?k_raceDate=2023%2F07%2F22&k_raceNo=11&k_babaCode=21,data/cache/html/20230722_kawasaki_11.html
20230722_kawasaki_12,2023-07-22,kawasaki,12,https://www.keiba.go.jp/KeibaWeb/TodayRaceInfo/RaceMarkTable?k_raceDate=2023%2F07%2F22&k_raceNo=12&k_babaCode=21,data/cache/html/20230722_kawasaki_12.html
20230721_kawasaki_1,2023-07-21,kawasaki,1,https://www.keiba.go.jp/KeibaWeb/TodayRaceInfo/RaceMarkTable?k_raceDate=2023%2F07%2F21&k_raceNo=1&k_babaCode=21,data/cache/html/20230721_kawasaki_1.html
20230721_kawasaki_2,2023-07-21,kawasaki,2,https://www.keiba.go.jp/KeibaWeb/TodayRaceInfo/RaceMarkTable?k_raceDate=2023%2F07%2F21&k_raceNo=2&k_babaCode=21,data/cache/html/20230721_kawasaki_2.html
20230721_kawasaki_3,2023-07-21,kawasaki,3,https://www.keiba.go.jp/KeibaWeb/TodayRaceInfo/RaceMarkTable?k_raceDate=2023%2F07%2F21&k_raceNo=3&k_babaCode=21,data/cache/html/20230721_kawasaki_3.html
20230721_kawasaki_4,2023-07-21,kawasaki,4,https://www.keiba.go.jp/KeibaWeb/TodayRaceInfo/RaceMarkTable?k_raceDate=2023%2F07%2F21&k_raceNo=4&k_babaCode=21,data/cache/html/20230721_kawasaki_4.html
20230721_kawasaki_5,2023-07-21,kawasaki,5,https://www.keiba.go.jp/KeibaWeb/TodayRaceInfo/RaceMarkTable?k_raceDate=2023%2F07%2F21&k_raceNo=5&k_babaCode=21,data/cache/html/20230721_kawasaki_5.html
20230721_kawasaki_6,2023-07-21,kawasaki,6,https://www.keiba.go.jp/KeibaWeb/TodayRaceInfo/RaceMarkTable?k_raceDate=2023%2F07%2F21&k_raceNo=6&k_babaCode=21,data/cache/html/20230721_kawasaki_6.html
20230721_kawasaki_7,2023-07-21,kawasaki,7,https://www.keiba.go.jp/KeibaWeb/TodayRaceInfo/RaceMarkTable?k_raceDate=2023%2F07%2F21&k_raceNo=7&k_babaCode=21,data/cache/html/20230721_kawasaki_7.html
20230721_kawasaki_8,2023-07-21,kawasaki,8,https://www.keiba.go.jp/KeibaWeb/TodayRaceInfo/RaceMarkTable?k_raceDate=2023%2F07%2F21&k_raceNo=8&k_babaCode=21,data/cache/html/20230721_kawasaki_8.html
20230721_kawasaki_9,2023-07-21,kawasaki,9,https://www.keiba.go.jp/KeibaWeb/TodayRaceInfo/RaceMarkTable?k_raceDate=2023%2F07%2F21&k_raceNo=9&k_babaCode=21,data/cache/html/20230721_kawasaki_9.html
20230721_kawasaki_10,2023-07-21,kawasaki,10,https://www.keiba.go.jp/KeibaWeb/TodayRaceInfo/RaceMarkTable?k_raceDate=2023%2F07%2F21&k_raceNo=10&k_babaCode=21,data/cache/html/20230721_kawasaki_10.html
20230721_kawasaki_11,2023-07-21,kawasaki,11,https://www.keiba.go.jp/KeibaWeb/TodayRaceInfo/RaceMarkTable?k_raceDate=2023%2F07%2F21&k_raceNo=11&k_babaCode=21,data/cache/html/20230721_kawasaki_11.html
20230721_kawasaki_12,2023-07-21,kawasaki,12,https://www.keiba.go.jp/KeibaWeb/TodayRaceInfo/RaceMarkTable?k_raceDate=2023%2F07%2F21&k_raceNo=12&k_babaCode=21,data/cache/html/20230721_kawasaki_12.html
20230720_kawasaki_1,2023-07-20,kawasaki,1,https://www.keiba.go.jp/KeibaWeb/TodayRaceInfo/RaceMarkTable?k_raceDate=2023%2F07%2F20&k_raceNo=1&k_babaCode=21,data/cache/html/20230720_kawasaki_1.html
20230720_kawasaki_2,2023-07-20,kawasaki,2,https://www.keiba.go.jp/KeibaWeb/TodayRaceInfo/RaceMarkTable?k_raceDate=2023%2F07%2F20&k_raceNo=2&k_babaCode=21,data/cache/html/20230720_kawasaki_2.html
20230720_kawasaki_3,2023-07-20,kawasaki,3,https://www.keiba.go.jp/KeibaWeb/TodayRaceInfo/RaceMarkTable?k_raceDate=2023%2F07%2F20&k_raceNo=3&k_babaCode=21,data/cache/html/20230720_kawasaki_3.html
20230720_kawasaki_4,2023-07-20,kawasaki,4,https://www.keiba.go.jp/KeibaWeb/TodayRaceInfo/RaceMarkTable?k_raceDate=2023%2F07%2F20&k_raceNo=4&k_babaCode=21,data/cache/html/20230720_kawasaki_4.html
20230720_kawasaki_5,2023-07-20,kawasaki,5,https://www.keiba.go.jp/KeibaWeb/TodayRaceInfo/RaceMarkTable?k_raceDate=2023%2F07%2F20&k_raceNo=5&k_babaCode=21,data/cache/html/20230720_kawasaki_5.html
20230720_kawasaki_6,2023-07-20,kawasaki,6,https://www.keiba.go.jp/KeibaWeb/TodayRaceInfo/RaceMarkTable?k_raceDate=2023%2F07%2F20&k_raceNo=6&k_babaCode=21,data/cache/html/20230720_kawasaki_6.html
20230720_kawasaki_7,2023-07-20,kawasaki,7,https://www.keiba.go.jp/KeibaWeb/TodayRaceInfo/RaceMarkTable?k_raceDate=2023%2F07%2F20&k_raceNo=7&k_babaCode=21,data/cache/html/20230720_kawasaki_7.html
20230720_kawasaki_8,2023-07-20,kawasaki,8,https://www.keiba.go.jp/KeibaWeb/TodayRaceInfo/RaceMarkTable?k_raceDate=2023%2F07%2F20&k_raceNo=8&k_babaCode=21,data/cache/html/20230720_kawasaki_8.html
20230720_kawasaki_9,2023-07-20,kawasaki,9,https://www.keiba.go.jp/KeibaWeb/TodayRaceInfo/RaceMarkTable?k_raceDate=2023%2F07%2F20&k_raceNo=9&k_babaCode=21,data/cache/html/20230720_kawasaki_9.html
20230720_kawasaki_10,2023-07-20,kawasaki,10,https://www.keiba.go.jp/KeibaWeb/TodayRaceInfo/RaceMarkTable?k_raceDate=2023%2F07%2F20&k_raceNo=10&k_babaCode=21,data/cache/html/20230720_kawasaki_10.html
20230720_kawasaki_11,2023-07-20,kawasaki,11,https://www.keiba.go.jp/KeibaWeb/TodayRaceInfo/RaceMarkTable?k_raceDate=2023%2F07%2F20&k_raceNo=11&k_babaCode=21,data/cache/html/20230720_kawasaki_11.html
20230720_kawasaki_12,2023-07-20,kawasaki,12,https://www.keiba.go.jp/KeibaWeb/TodayRaceInfo/RaceMarkTable?k_raceDate=2023%2F07%2F20&k_raceNo=12&k_babaCode=21,data/cache/html/20230720_kawasaki_12.html
20230719_kawasaki_1,2023-07-19,kawasaki,1,https://www.keiba.go.jp/KeibaWeb/TodayRaceInfo/RaceMarkTable?k_raceDate=2023%2F07%2F19&k_raceNo=1&k_babaCode=21,data/cache/html/20230719_kawasaki_1.html
20230719_kawasaki_2,2023-07-19,kawasaki,2,https://www.keiba.go.jp/KeibaWeb/TodayRaceInfo/RaceMarkTable?k_raceDate=2023%2F07%2F19&k_raceNo=2&k_babaCode=21,data/cache/html/20230719_kawasaki_2.html
20230719_kawasaki_3,2023-07-19,kawasaki,3,https://www.keiba.go.jp/KeibaWeb/TodayRaceInfo/RaceMarkTable?k_raceDate=2023%2F07%2F19&k_raceNo=3&k_babaCode=21,data/cache/html/20230719_kawasaki_3.html
20230719_kawasaki_4,2023-07-19,kawasaki,4,https://www.keiba.go.jp/KeibaWeb/TodayRaceInfo/RaceMarkTable?k_raceDate=2023%2F07%2F19&k_raceNo=4&k_babaCode=21,data/cache/html/20230719_kawasaki_4.html
20230719_kawasaki_5,2023-07-19,kawasaki,5,https://www.keiba.go.jp/KeibaWeb/TodayRaceInfo/RaceMarkTable?k_raceDate=2023%2F07%2F19&k_raceNo=5&k_babaCode=21,data/cache/html/20230719_kawasaki_5.html
20230719_kawasaki_6,2023-07-19,kawasaki,6,https://www.keiba.go.jp/KeibaWeb/TodayRaceInfo/RaceMarkTable?k_raceDate=2023%2F07%2F19&k_raceNo=6&k_babaCode=21,data/cache/html/20230719_kawasaki_6.html
20230719_kawasaki_7,2023-07-19,kawasaki,7,https://www.keiba.go.jp/KeibaWeb/TodayRaceInfo/RaceMarkTable?k_raceDate=2023%2F07%2F19&k_raceNo=7&k_babaCode=21,data/cache/html/20230719_kawasaki_7.html
20230719_kawasaki_8,2023-07-19,kawasaki,8,https://www.keiba.go.jp/KeibaWeb/TodayRaceInfo/RaceMarkTable?k_raceDate=2023%2F07%2F19&k_raceNo=8&k_babaCode=21,data/cache/html/20230719_kawasaki_8.html
20230719_kawasaki_9,2023-07-19,kawasaki,9,https://www.keiba.go.jp/KeibaWeb/TodayRaceInfo/RaceMarkTable?k_raceDate=2023%2F07%2F19&k_raceNo=9&k_babaCode=21,data/cache/html/20230719_kawasaki_9.html
20230719_kawasaki_10,2023-07-19,kawasaki,10,https://www.keiba.go.jp/KeibaWeb/TodayRaceInfo/RaceMarkTable?k_raceDate=2023%2F07%2F19&k_raceNo=10&k_babaCode=21,data/cache/html/20230719_kawasaki_10.html
20230719_kawasaki_11,2023-07-19,kawasaki,11,https://www.keiba.go.jp/KeibaWeb/TodayRaceInfo/RaceMarkTable?k_raceDate=2023%2F07%2F19&k_raceNo=11&k_babaCode=21,data/cache/html/20230719_kawasaki_11.html
20230719_kawasaki_12,2023-07-19,kawasaki,12,https://www.keiba.go.jp/KeibaWeb/TodayRaceInfo/RaceMarkTable?k_raceDate=2023%2F07%2F19&k_raceNo=12&k_babaCode=21,data/cache/html/20230719_kawasaki_12.html
20230718_kawasaki_1,2023-07-18,kawasaki,1,https://www.keiba.go.jp/KeibaWeb/TodayRaceInfo/RaceMarkTable?k_raceDate=2023%2F07%2F18&k_raceNo=1&k_babaCode=21,data/cache/html/20230718_kawasaki_1.html
20230718_kawasaki_2,2023-07-18,kawasaki,2,https://www.keiba.go.jp/KeibaWeb/TodayRaceInfo/RaceMarkTable?k_raceDate=2023%2F07%2F18&k_raceNo=2&k_babaCode=21,data/cache/html/20230718_kawasaki_2.html
20230718_kawasaki_3,2023-07-18,kawasaki,3,https://www.keiba.go.jp/KeibaWeb/TodayRaceInfo/RaceMarkTable?k_raceDate=2023%2F07%2F18&k_raceNo=3&k_babaCode=21,data/cache/html/20230718_kawasaki_3.html
20230718_kawasaki_4,2023-07-18,kawasaki,4,https://www.keiba.go.jp/KeibaWeb/TodayRaceInfo/RaceMarkTable?k_raceDate=2023%2F07%2F18&k_raceNo=4&k_babaCode=21,data/cache/html/20230718_kawasaki_4.html
20230718_kawasaki_5,2023-07-18,kawasaki,5,https://www.keiba.go.jp/KeibaWeb/TodayRaceInfo/RaceMarkTable?k_raceDate=2023%2F07%2F18&k_raceNo=5&k_babaCode=21,data/cache/html/20230718_kawasaki_5.html
20230718_kawasaki_6,2023-07-18,kawasaki,6,https://www.keiba.go.jp/KeibaWeb/TodayRaceInfo/RaceMarkTable?k_raceDate=2023%2F07%2F18&k_raceNo=6&k_babaCode=21,data/cache/html/20230718_kawasaki_6.html
20230718_kawasaki_7,2023-07-18,kawasaki,7,https://www.keiba.go.jp/KeibaWeb/TodayRaceInfo/RaceMarkTable?k_raceDate=2023%2F07%2F18&k_raceNo=7&k_babaCode=21,data/cache/html/20230718_kawasaki_7.html
20230718_kawasaki_8,2023-07-18,kawasaki,8,https://www.keiba.go.jp/KeibaWeb/TodayRaceInfo/RaceMarkTable?k_raceDate=2023%2F07%2F18&k_raceNo=8&k_babaCode=21,data/cache/html/20230718_kawasaki_8.html
20230718_kawasaki_9,2023-07-18,kawasaki,9,https://www.keiba.go.jp/KeibaWeb/TodayRaceInfo/RaceMarkTable?k_raceDate=2023%2F07%2F18&k_raceNo=9&k_babaCode=21,data/cache/html/20230718_kawasaki_9.html
20230718_kawasaki_10,2023-07-18,kawasaki,10,https://www.keiba.go.jp/KeibaWeb/TodayRaceInfo/RaceMarkTable?k_raceDate=2023%2F07%2F18&k_raceNo=10&k_babaCode=21,data/cache/html/20230718_kawasaki_10.html
20230718_kawasaki_11,2023-07-18,kawasaki,11,https://www.keiba.go.jp/KeibaWeb/TodayRaceInfo/RaceMarkTable?k_raceDate=2023%2F07%2F18&k_raceNo=11&k_babaCode=21,data/cache/html/20230718_kawasaki_11.html
20230718_kawasaki_12,2023-07-18,kawasaki,12,https://www.keiba.go.jp/KeibaWeb/TodayRaceInfo/RaceMarkTable?k_raceDate=2023%2F07%2F18&k_raceNo=12&k_babaCode=21,data/cache/html/20230718_kawasaki_12.html
20230717_kawasaki_1,2023-07-17,kawasaki,1,https://www.keiba.go.jp/KeibaWeb/TodayRaceInfo/RaceMarkTable?k_raceDate=2023%2F07%2F17&k_raceNo=1&k_babaCode=21,data/cache/html/20230717_kawasaki_1.html
20230717_kawasaki_2,2023-07-17,kawasaki,2,https://www.keiba.go.jp/KeibaWeb/TodayRaceInfo/RaceMarkTable?k_raceDate=2023%2F07%2F17&k_raceNo=2&k_babaCode=21,data/cache/html/20230717_kawasaki_2.html
20230717_kawasaki_3,2023-07-17,kawasaki,3,https://www.keiba.go.jp/KeibaWeb/TodayRaceInfo/RaceMarkTable?k_raceDate=2023%2F07%2F17&k_raceNo=3&k_babaCode=21,data/cache/html/20230717_kawasaki_3.html
20230717_kawasaki_4,2023-07-17,kawasaki,4,https://www.keiba.go.jp/KeibaWeb/TodayRaceInfo/RaceMarkTable?k_raceDate=2023%2F07%2F17&k_raceNo=4&k_babaCode=21,data/cache/html/20230717_kawasaki_4.html
20230717_kawasaki_5,2023-07-17,kawasaki,5,https://www.keiba.go.jp/KeibaWeb/TodayRaceInfo/RaceMarkTable?k_raceDate=2023%2F07%2F17&k_raceNo=5&k_babaCode=21,data/cache/html/20230717_kawasaki_5.html
20230717_kawasaki_6,2023-07-17,kawasaki,6,https://www.keiba.go.jp/KeibaWeb/TodayRaceInfo/RaceMarkTable?k_raceDate=2023%2F07%2F17&k_raceNo=6&k_babaCode=21,data/cache/html/20230717_kawasaki_6.html
20230717_kawasaki_7,2023-07-17,kawasaki,7,https://www.keiba.go.jp/KeibaWeb/TodayRaceInfo/RaceMarkTable?k_raceDate=2023%2F07%2F17&k_raceNo=7&k_babaCode=21,data/cache/html/20230717_kawasaki_7.html
20230717_kawasaki_8,2023-07-17,kawasaki,8,https://www.keiba.go.jp/KeibaWeb/TodayRaceInfo/RaceMarkTable?k_raceDate=2023%2F07%2F17&k_raceNo=8&k_babaCode=21,data/cache/html/20230717_kawasaki_8.html
20230717_kawasaki_9,2023-07-17,kawasaki,9,https://www.keiba.go.jp/KeibaWeb/TodayRaceInfo/RaceMarkTable?k_raceDate=2023%2F07%2F17&k_raceNo=9&k_babaCode=21,data/cache/html/20230717_kawasaki_9.html
20230717_kawasaki_10,2023-07-17,kawasaki,10,https://www.keiba.go.jp/KeibaWeb/TodayRaceInfo/RaceMarkTable?k_raceDate=2023%2F07%2F17&k_raceNo=10&k_babaCode=21,data/cache/html/20230717_kawasaki_10.html
20230717_kawasaki_11,2023-07-17,kawasaki,11,https://www.keiba.go.jp/KeibaWeb/TodayRaceInfo/RaceMarkTable?k_raceDate=2023%2F07%2F17&k_raceNo=11&k_babaCode=21,data/cache/html/20230717_kawasaki_11.html
20230717_kawasaki_12,2023-07-17,kawasaki,12,https://www.keiba.go.jp/KeibaWeb/TodayRaceInfo/RaceMarkTable?k_raceDate=2023%2F07%2F17&k_raceNo=12&k_babaCode=21,data/cache/html/20230717_kawasaki_12.html
20230716_kawasaki_1,2023-07-16,kawasaki,1,https://www.keiba.go.jp/KeibaWeb/TodayRaceInfo/RaceMarkTable?k_raceDate=2023%2F07%2F16&k_raceNo=1&k_babaCode=21,data/cache/html/20230716_kawasaki_1.html
20230716_kawasaki_2,2023-07-16,kawasaki,2,https://www.keiba.go.jp/KeibaWeb/TodayRaceInfo/RaceMarkTable?k_raceDate=2023%2F07%2F16&k_raceNo=2&k_babaCode=21,data/cache/html/20230716_kawasaki_2.html
20230716_kawasaki_3,2023-07-16,kawasaki,3,https://www.keiba.go.jp/KeibaWeb/TodayRaceInfo/RaceMarkTable?k_raceDate=2023%2F07%2F16&k_raceNo=3&k_babaCode=21,data/cache/html/20230716_kawasaki_3.html
20230716_kawasaki_4,2023-07-16,kawasaki,4,https://www.keiba.go.jp/KeibaWeb/TodayRaceInfo/RaceMarkTable?k_raceDate=2023%2F07%2F16&k_raceNo=4&k_babaCode=21,data/cache/html/20230716_kawasaki_4.html
20230716_kawasaki_5,2023-07-16,kawasaki,5,https://www.keiba.go.jp/KeibaWeb/TodayRaceInfo/RaceMarkTable?k_raceDate=2023%2F07%2F16&k_raceNo=5&k_babaCode=21,data/cache/html/20230716_kawasaki_5.html
20230716_kawasaki_6,2023-07-16,kawasaki,6,https://www.keiba.go.jp/KeibaWeb/TodayRaceInfo/RaceMarkTable?k_raceDate=2023%2F07%2F16&k_raceNo=6&k_babaCode=21,data/cache/html/20230716_kawasaki_6.html
20230716_kawasaki_7,2023-07-16,kawasaki,7,https://www.keiba.go.jp/KeibaWeb/TodayRaceInfo/RaceMarkTable?k_raceDate=2023%2F07%2F16&k_raceNo=7&k_babaCode=21,data/cache/html/20230716_kawasaki_7.html
20230716_kawasaki_8,2023-07-16,kawasaki,8,https://www.keiba.go.jp/KeibaWeb/TodayRaceInfo/RaceMarkTable?k_raceDate=2023%2F07%2F16&k_raceNo=8&k_babaCode=21,data/cache/html/20230716_kawasaki_8.html
20230716_kawasaki_9,2023-07-16,kawasaki,9,https://www.keiba.go.jp/KeibaWeb/TodayRaceInfo/RaceMarkTable?k_raceDate=2023%2F07%2F16&k_raceNo=9&k_babaCode=21,data/cache/html/20230716_kawasaki_9.html
20230716_kawasaki_10,2023-07-16,kawasaki,10,https://www.keiba.go.jp/KeibaWeb/TodayRaceInfo/RaceMarkTable?k_raceDate=2023%2F07%2F16&k_raceNo=10&k_babaCode=21,data/cache/html/20230716_kawasaki_10.html
20230716_kawasaki_11,2023-07-16,kawasaki,11,https://www.keiba.go.jp/KeibaWeb/TodayRaceInfo/RaceMarkTable?k_raceDate=2023%2F07%2F16&k_raceNo=11&k_babaCode=21,data/cache/html/20230716_kawasaki_11.html
20230716_kawasaki_12,2023-07-16,kawasaki,12,https://www.keiba.go.jp/KeibaWeb/TodayRaceInfo/RaceMarkTable?k_raceDate=2023%2F07%2F16&k_raceNo=12&k_babaCode=21,data/cache/html/20230716_kawasaki_12.html
20230715_kawasaki_1,2023-07-15,kawasaki,1,https://www.keiba.go.jp/KeibaWeb/TodayRaceInfo/RaceMarkTable?k_raceDate=2023%2F07%2F15&k_raceNo=1&k_babaCode=21,data/cache/html/20230715_kawasaki_1.html
20230715_kawasaki_2,2023-07-15,kawasaki,2,https://www.keiba.go.jp/KeibaWeb/TodayRaceInfo/RaceMarkTable?k_raceDate=2023%2F07%2F15&k_raceNo=2&k_babaCode=21,data/cache/html/20230715_kawasaki_2.html
20230715_kawasaki_3,2023-07-15,kawasaki,3,https://www.keiba.go.jp/KeibaWeb/TodayRaceInfo/RaceMarkTable?k_raceDate=2023%2F07%2F15&k_raceNo=3&k_babaCode=21,data/cache/html/20230715_kawasaki_3.html
20230715_kawasaki_4,2023-07-15,kawasaki,4,https://www.keiba.go.jp/KeibaWeb/TodayRaceInfo/RaceMarkTable?k_raceDate=2023%2F07%2F15&k_raceNo=4&k_babaCode=21,data/cache/html/20230715_kawasaki_4.html
20230715_kawasaki_5,2023-07-15,kawasaki,5,https://www.keiba.go.jp/KeibaWeb/TodayRaceInfo/RaceMarkTable?k_raceDate=2023%2F07%2F15&k_raceNo=5&k_babaCode=21,data/cache/html/20230715_kawasaki_5.html
20230715_kawasaki_6,2023-07-15,kawasaki,6,https://www.keiba.go.jp/KeibaWeb/TodayRaceInfo/RaceMarkTable?k_raceDate=2023%2F07%2F15&k_raceNo=6&k_babaCode=21,data/cache/html/20230715_kawasaki_6.html
20230715_kawasaki_7,2023-07-15,kawasaki,7,https://www.keiba.go.jp/KeibaWeb/TodayRaceInfo/RaceMarkTable?k_raceDate=2023%2F07%2F15&k_raceNo=7&k_babaCode=21,data/cache/html/20230715_kawasaki_7.html
20230715_kawasaki_8,2023-07-15,kawasaki,8,https://www.keiba.go.jp/KeibaWeb/TodayRaceInfo/RaceMarkTable?k_raceDate=2023%2F07%2F15&k_raceNo=8&k_babaCode=21,data/cache/html/20230715_kawasaki_8.html
20230715_kawasaki_9,2023-07-15,kawasaki,9,https://www.keiba.go.jp/KeibaWeb/TodayRaceInfo/RaceMarkTable?k_raceDate=2023%2F07%2F15&k_raceNo=9&k_babaCode=21,data/cache/html/20230715_kawasaki_9.html
20230715_kawasaki_10,2023-07-15,kawasaki,10,https://www.keiba.go.jp/KeibaWeb/TodayRaceInfo/RaceMarkTable?k_raceDate=2023%2F07%2F15&k_raceNo=10&k_babaCode=21,data/cache/html/20230715_kawasaki_10.html
20230715_kawasaki_11,2023-07-15,kawasaki,11,https://www.keiba.go.jp/KeibaWeb/TodayRaceInfo/RaceMarkTable?k_raceDate=2023%2F07%2F15&k_raceNo=11&k_babaCode=21,data/cache/html/20230715_kawasaki_11.html
20230715_kawasaki_12,2023-07-15,kawasaki,12,https://www.keiba.go.jp/KeibaWeb/TodayRaceInfo/RaceMarkTable?k_raceDate=2023%2F07%2F15&k_raceNo=12&k_babaCode=21,data/cache/html/20230715_kawasaki_12.html
20230714_kawasaki_1,2023-07-14,kawasaki,1,https://www.keiba.go.jp/KeibaWeb/TodayRaceInfo/RaceMarkTable?k_raceDate=2023%2F07%2F14&k_raceNo=1&k_babaCode=21,data/cache/html/20230714_kawasaki_1.html
20230714_kawasaki_2,2023-07-14,kawasaki,2,https://www.keiba.go.jp/KeibaWeb/TodayRaceInfo/RaceMarkTable?k_raceDate=2023%2F07%2F14&k_raceNo=2&k_babaCode=21,data/cache/html/20230714_kawasaki_2.html
20230714_kawasaki_3,2023-07-14,kawasaki,3,https://www.keiba.go.jp/KeibaWeb/TodayRaceInfo/RaceMarkTable?k_raceDate=2023%2F07%2F14&k_raceNo=3&k_babaCode=21,data/cache/html/20230714_kawasaki_3.html
20230714_kawasaki_4,2023-07-14,kawasaki,4,https://www.keiba.go.jp/KeibaWeb/TodayRaceInfo/RaceMarkTable?k_raceDate=2023%2F07%2F14&k_raceNo=4&k_babaCode=21,data/cache/html/20230714_kawasaki_4.html
20230714_kawasaki_5,2023-07-14,kawasaki,5,https://www.keiba.go.jp/KeibaWeb/TodayRaceInfo/RaceMarkTable?k_raceDate=2023%2F07%2F14&k_raceNo=5&k_babaCode=21,data/cache/html/20230714_kawasaki_5.html
20230714_kawasaki_6,2023-07-14,kawasaki,6,https://www.keiba.go.jp/KeibaWeb/TodayRaceInfo/RaceMarkTable?k_raceDate=2023%2F07%2F14&k_raceNo=6&k_babaCode=21,data/cache/html/20230714_kawasaki_6.html
20230714_kawasaki_7,2023-07-14,kawasaki,7,https://www.keiba.go.jp/KeibaWeb/TodayRaceInfo/RaceMarkTable?k_raceDate=2023%2F07%2F14&k_raceNo=7&k_babaCode=21,data/cache/html/20230714_kawasaki_7.html
20230714_kawasaki_8,2023-07-14,kawasaki,8,https://www.keiba.go.jp/KeibaWeb/TodayRaceInfo/RaceMarkTable?k_raceDate=2023%2F07%2F14&k_raceNo=8&k_babaCode=21,data/cache/html/20230714_kawasaki_8.html
20230714_kawasaki_9,2023-07-14,kawasaki,9,https://www.keiba.go.jp/KeibaWeb/TodayRaceInfo/RaceMarkTable?k_raceDate=2023%2F07%2F14&k_raceNo=9&k_babaCode=21,data/cache/html/20230714_kawasaki_9.html
20230714_kawasaki_10,2023-07-14,kawasaki,10,https://www.keiba.go.jp/KeibaWeb/TodayRaceInfo/RaceMarkTable?k_raceDate=2023%2F07%2F14&k_raceNo=10&k_babaCode=21,data/cache/html/20230714_kawasaki_10.html
20230714_kawasaki_11,2023-07-14,kawasaki,11,https://www.keiba.go.jp/KeibaWeb/TodayRaceInfo/RaceMarkTable?k_raceDate=2023%2F07%2F14&k_raceNo=11&k_babaCode=21,data/cache/html/20230714_kawasaki_11.html
20230714_kawasaki_12,2023-07-14,kawasaki,12,https://www.keiba.go.jp/KeibaWeb/TodayRaceInfo/RaceMarkTable?k_raceDate=2023%2F07%2F14&k_raceNo=12&k_babaCode=21,data/cache/html/20230714_kawasaki_12.html
20230713_kawasaki_1,2023-07-13,kawasaki,1,https://www.keiba.go.jp/KeibaWeb/TodayRaceInfo/RaceMarkTable?k_raceDate=2023%2F07%2F13&k_raceNo=1&k_babaCode=21,data/cache/html/20230713_kawasaki_1.html
20230713_kawasaki_2,2023-07-13,kawasaki,2,https://www.keiba.go.jp/KeibaWeb/TodayRaceInfo/RaceMarkTable?k_raceDate=2023%2F07%2F13&k_raceNo=2&k_babaCode=21,data/cache/html/20230713_kawasaki_2.html
20230713_kawasaki_3,2023-07-13,kawasaki,3,https://www.keiba.go.jp/KeibaWeb/TodayRaceInfo/RaceMarkTable?k_raceDate=2023%2F07%2F13&k_raceNo=3&k_babaCode=21,data/cache/html/20230713_kawasaki_3.html
20230713_kawasaki_4,2023-07-13,kawasaki,4,https://www.keiba.go.jp/KeibaWeb/TodayRaceInfo/RaceMarkTable?k_raceDate=2023%2F07%2F13&k_raceNo=4&k_babaCode=21,data/cache/html/20230713_kawasaki_4.html
20230713_kawasaki_5,2023-07-13,kawasaki,5,https://www.keiba.go.jp/KeibaWeb/TodayRaceInfo/RaceMarkTable?k_raceDate=2023%2F07%2F13&k_raceNo=5&k_babaCode=21,data/cache/html/20230713_kawasaki_5.html
20230713_kawasaki_6,2023-07-13,kawasaki,6,https://www.keiba.go.jp/KeibaWeb/TodayRaceInfo/RaceMarkTable?k_raceDate=2023%2F07%2F13&k_raceNo=6&k_babaCode=21,data/cache/html/20230713_kawasaki_6.html
20230713_kawasaki_7,2023-07-13,kawasaki,7,https://www.keiba.go.jp/KeibaWeb/TodayRaceInfo/RaceMarkTable?k_raceDate=2023%2F07%2F13&k_raceNo=7&k_babaCode=21,data/cache/html/20230713_kawasaki_7.html
20230713_kawasaki_8,2023-07-13,kawasaki,8,https://www.keiba.go.jp/KeibaWeb/TodayRaceInfo/RaceMarkTable?k_raceDate=2023%2F07%2F13&k_raceNo=8&k_babaCode=21,data/cache/html/20230713_kawasaki_8.html
20230713_kawasaki_9,2023-07-13,kawasaki,9,https://www.keiba.go.jp/KeibaWeb/TodayRaceInfo/RaceMarkTable?k_raceDate=2023%2F07%2F13&k_raceNo=9&k_babaCode=21,data/cache/html/20230713_kawasaki_9.html
20230713_kawasaki_10,2023-07-13,kawasaki,10,https://www.keiba.go.jp/KeibaWeb/TodayRaceInfo/RaceMarkTable?k_raceDate=2023%2F07%2F13&k_raceNo=10&k_babaCode=21,data/cache/html/20230713_kawasaki_10.html
20230713_kawasaki_11,2023-07-13,kawasaki,11,https://www.keiba.go.jp/KeibaWeb/TodayRaceInfo/RaceMarkTable?k_raceDate=2023%2F07%2F13&k_raceNo=11&k_babaCode=21,data/cache/html/20230713_kawasaki_11.html
20230713_kawasaki_12,2023-07-13,kawasaki,12,https://www.keiba.go.jp/KeibaWeb/TodayRaceInfo/RaceMarkTable?k_raceDate=2023%2F07%2F13&k_raceNo=12&k_babaCode=21,data/cache/html/20230713_kawasaki_12.html
20230712_kawasaki_1,2023-07-12,kawasaki,1,https://www.keiba.go.jp/KeibaWeb/TodayRaceInfo/RaceMarkTable?k_raceDate=2023%2F07%2F12&k_raceNo=1&k_babaCode=21,data/cache/html/20230712_kawasaki_1.html
20230712_kawasaki_2,2023-07-12,kawasaki,2,https://www.keiba.go.jp/KeibaWeb/TodayRaceInfo/RaceMarkTable?k_raceDate=2023%2F07%2F12&k_raceNo=2&k_babaCode=21,data/cache/html/20230712_kawasaki_2.html
20230712_kawasaki_3,2023-07-12,kawasaki,3,https://www.keiba.go.jp/KeibaWeb/TodayRaceInfo/RaceMarkTable?k_raceDate=2023%2F07%2F12&k_raceNo=3&k_babaCode=21,data/cache/html/20230712_kawasaki_3.html
20230712_kawasaki_4,2023-07-12,kawasaki,4,https://www.keiba.go.jp/KeibaWeb/TodayRaceInfo/RaceMarkTable?k_raceDate=2023%2F07%2F12&k_raceNo=4&k_babaCode=21,data/cache/html/20230712_kawasaki_4.html
20230712_kawasaki_5,2023-07-12,kawasaki,5,https://www.keiba.go.jp/KeibaWeb/TodayRaceInfo/RaceMarkTable?k_raceDate=2023%2F07%2F12&k_raceNo=5&k_babaCode=21,data/cache/html/20230712_kawasaki_5.html
20230712_kawasaki_6,2023-07-12,kawasaki,6,https://www.keiba.go.jp/KeibaWeb/TodayRaceInfo/RaceMarkTable?k_raceDate=2023%2F07%2F12&k_raceNo=6&k_babaCode=21,data/cache/html/20230712_kawasaki_6.html
20230712_kawasaki_7,2023-07-12,kawasaki,7,https://www.keiba.go.jp/KeibaWeb/TodayRaceInfo/RaceMarkTable?k_raceDate=2023%2F07%2F12&k_raceNo=7&k_babaCode=21,data/cache/html/20230712_kawasaki_7.html
20230712_kawasaki_8,2023-07-12,kawasaki,8,https://www.keiba.go.jp/KeibaWeb/TodayRaceInfo/RaceMarkTable?k_raceDate=2023%2F07%2F12&k_raceNo=8&k_babaCode=21,data/cache/html/20230712_kawasaki_8.html
20230712_kawasaki_9,2023-07-12,kawasaki,9,https://www.keiba.go.jp/KeibaWeb/TodayRaceInfo/RaceMarkTable?k_raceDate=2023%2F07%2F12&k_raceNo=9&k_babaCode=21,data/cache/html/20230712_kawasaki_9.html
20230712_kawasaki_10,2023-07-12,kawasaki,10,https://www.keiba.go.jp/KeibaWeb/TodayRaceInfo/RaceMarkTable?k_raceDate=2023%2F07%2F12&k_raceNo=10&k_babaCode=21,data/cache/html/20230712_kawasaki_10.html
20230712_kawasaki_11,2023-07-12,kawasaki,11,https://www.keiba.go.jp/KeibaWeb/TodayRaceInfo/RaceMarkTable?k_raceDate=2023%2F07%2F12&k_raceNo=11&k_babaCode=21,data/cache/html/20230712_kawasaki_11.html
20230712_kawasaki_12,2023-07-12,kawasaki,12,https://www.keiba.go.jp/KeibaWeb/TodayRaceInfo/RaceMarkTable?k_raceDate=2023%2F07%2F12&k_raceNo=12&k_babaCode=21,data/cache/html/20230712_kawasaki_12.html
20230711_kawasaki_1,2023-07-11,kawasaki,1,https://www.keiba.go.jp/KeibaWeb/TodayRaceInfo/RaceMarkTable?k_raceDate=2023%2F07%2F11&k_raceNo=1&k_babaCode=21,data/cache/html/20230711_kawasaki_1.html
20230711_kawasaki_2,2023-07-11,kawasaki,2,https://www.keiba.go.jp/KeibaWeb/TodayRaceInfo/RaceMarkTable?k_raceDate=2023%2F07%2F11&k_raceNo=2&k_babaCode=21,data/cache/html/20230711_kawasaki_2.html
20230711_kawasaki_3,2023-07-11,kawasaki,3,https://www.keiba.go.jp/KeibaWeb/TodayRaceInfo/RaceMarkTable?k_raceDate=2023%2F07%2F11&k_raceNo=3&k_babaCode=21,data/cache/html/20230711_kawasaki_3.html
20230711_kawasaki_4,2023-07-11,kawasaki,4,https://www.keiba.go.jp/KeibaWeb/TodayRaceInfo/RaceMarkTable?k_raceDate=2023%2F07%2F11&k_raceNo=4&k_babaCode=21,data/cache/html/20230711_kawasaki_4.html
20230711_kawasaki_5,2023-07-11,kawasaki,5,https://www.keiba.go.jp/KeibaWeb/TodayRaceInfo/RaceMarkTable?k_raceDate=2023%2F07%2F11&k_raceNo=5&k_babaCode=21,data/cache/html/20230711_kawasaki_5.html
20230711_kawasaki_6,2023-07-11,kawasaki,6,https://www.keiba.go.jp/KeibaWeb/TodayRaceInfo/RaceMarkTable?k_raceDate=2023%2F07%2F11&k_raceNo=6&k_babaCode=21,data/cache/html/20230711_kawasaki_6.html
20230711_kawasaki_7,2023-07-11,kawasaki,7,https://www.keiba.go.jp/KeibaWeb/TodayRaceInfo/RaceMarkTable?k_raceDate=2023%2F07%2F11&k_raceNo=7&k_babaCode=21,data/cache/html/20230711_kawasaki_7.html
20230711_kawasaki_8,2023-07-11,kawasaki,8,https://www.keiba.go.jp/KeibaWeb/TodayRaceInfo/RaceMarkTable?k_raceDate=2023%2F07%2F11&k_raceNo=8&k_babaCode=21,data/cache/html/20230711_kawasaki_8.html
20230711_kawasaki_9,2023-07-11,kawasaki,9,https://www.keiba.go.jp/KeibaWeb/TodayRaceInfo/RaceMarkTable?k_raceDate=2023%2F07%2F11&k_raceNo=9&k_babaCode=21,data/cache/html/20230711_kawasaki_9.html
20230711_kawasaki_10,2023-07-11,kawasaki,10,https://www.keiba.go.jp/KeibaWeb/TodayRaceInfo/RaceMarkTable?k_raceDate=2023%2F07%2F11&k_raceNo=10&k_babaCode=21,data/cache/html/20230711_kawasaki_10.html
20230711_kawasaki_11,2023-07-11,kawasaki,11,https://www.keiba.go.jp/KeibaWeb/TodayRaceInfo/RaceMarkTable?k_raceDate=2023%2F07%2F11&k_raceNo=11&k_babaCode=21,data/cache/html/20230711_kawasaki_11.html
20230711_kawasaki_12,2023-07-11,kawasaki,12,https://www.keiba.go.jp/KeibaWeb/TodayRaceInfo/RaceMarkTable?k_raceDate=2023%2F07%2F11&k_raceNo=12&k_babaCode=21,data/cache/html/20230711_kawasaki_12.html
20230710_kawasaki_1,2023-07-10,kawasaki,1,https://www.keiba.go.jp/KeibaWeb/TodayRaceInfo/RaceMarkTable?k_raceDate=2023%2F07%2F10&k_raceNo=1&k_babaCode=21,data/cache/html/20230710_kawasaki_1.html
20230710_kawasaki_2,2023-07-10,kawasaki,2,https://www.keiba.go.jp/KeibaWeb/TodayRaceInfo/RaceMarkTable?k_raceDate=2023%2F07%2F10&k_raceNo=2&k_babaCode=21,data/cache/html/20230710_kawasaki_2.html
20230710_kawasaki_3,2023-07-10,kawasaki,3,https://www.keiba.go.jp/KeibaWeb/TodayRaceInfo/RaceMarkTable?k_raceDate=2023%2F07%2F10&k_raceNo=3&k_babaCode=21,data/cache/html/20230710_kawasaki_3.html
20230710_kawasaki_4,2023-07-10,kawasaki,4,https://www.keiba.go.jp/KeibaWeb/TodayRaceInfo/RaceMarkTable?k_raceDate=2023%2F07%2F10&k_raceNo=4&k_babaCode=21,data/cache/html/20230710_kawasaki_4.html
20230710_kawasaki_5,2023-07-10,kawasaki,5,https://www.keiba.go.jp/KeibaWeb/TodayRaceInfo/RaceMarkTable?k_raceDate=2023%2F07%2F10&k_raceNo=5&k_babaCode=21,data/cache/html/20230710_kawasaki_5.html
20230710_kawasaki_6,2023-07-10,kawasaki,6,https://www.keiba.go.jp/KeibaWeb/TodayRaceInfo/RaceMarkTable?k_raceDate=2023%2F07%2F10&k_raceNo=6&k_babaCode=21,data/cache/html/20230710_kawasaki_6.html
20230710_kawasaki_7,2023-07-10,kawasaki,7,https://www.keiba.go.jp/KeibaWeb/TodayRaceInfo/RaceMarkTable?k_raceDate=2023%2F07%2F10&k_raceNo=7&k_babaCode=21,data/cache/html/20230710_kawasaki_7.html
20230710_kawasaki_8,2023-07-10,kawasaki,8,https://www.keiba.go.jp/KeibaWeb/TodayRaceInfo/RaceMarkTable?k_raceDate=2023%2F07%2F10&k_raceNo=8&k_babaCode=21,data/cache/html/20230710_kawasaki_8.html
20230710_kawasaki_9,2023-07-10,kawasaki,9,https://www.keiba.go.jp/KeibaWeb/TodayRaceInfo/RaceMarkTable?k_raceDate=2023%2F07%2F10&k_raceNo=9&k_babaCode=21,data/cache/html/20230710_kawasaki_9.html
20230710_kawasaki_10,2023-07-10,kawasaki,10,https://www.keiba.go.jp/KeibaWeb/TodayRaceInfo/RaceMarkTable?k_raceDate=2023%2F07%2F10&k_raceNo=10&k_babaCode=21,data/cache/html/20230710_kawasaki_10.html
20230710_kawasaki_11,2023-07-10,kawasaki,11,https://www.keiba.go.jp/KeibaWeb/TodayRaceInfo/RaceMarkTable?k_raceDate=2023%2F07%2F10&k_raceNo=11&k_babaCode=21,data/cache/html/20230710_kawasaki_11.html
20230710_kawasaki_12,2023-07-10,kawasaki,12,https://www.keiba.go.jp/KeibaWeb/TodayRaceInfo/RaceMarkTable?k_raceDate=2023%2F07%2F10&k_raceNo=12&k_babaCode=21,data/cache/html/20230710_kawasaki_12.html
20230709_kawasaki_1,2023-07-09,kawasaki,1,https://www.keiba.go.jp/KeibaWeb/TodayRaceInfo/RaceMarkTable?k_raceDate=2023%2F07%2F09&k_raceNo=1&k_babaCode=21,data/cache/html/20230709_kawasaki_1.html
20230709_kawasaki_2,2023-07-09,kawasaki,2,https://www.keiba.go.jp/KeibaWeb/TodayRaceInfo/RaceMarkTable?k_raceDate=2023%2F07%2F09&k_raceNo=2&k_babaCode=21,data/cache/html/20230709_kawasaki_2.html
20230709_kawasaki_3,2023-07-09,kawasaki,3,https://www.keiba.go.jp/KeibaWeb/TodayRaceInfo/RaceMarkTable?k_raceDate=2023%2F07%2F09&k_raceNo=3&k_babaCode=21,data/cache/html/20230709_kawasaki_3.html
20230709_kawasaki_4,2023-07-09,kawasaki,4,https://www.keiba.go.jp/KeibaWeb/TodayRaceInfo/RaceMarkTable?k_raceDate=2023%2F07%2F09&k_raceNo=4&k_babaCode=21,data/cache/html/20230709_kawasaki_4.html
20230709_kawasaki_5,2023-07-09,kawasaki,5,https://www.keiba.go.jp/KeibaWeb/TodayRaceInfo/RaceMarkTable?k_raceDate=2023%2F07%2F09&k_raceNo=5&k_babaCode=21,data/cache/html/20230709_kawasaki_5.html
20230709_kawasaki_6,2023-07-09,kawasaki,6,https://www.keiba.go.jp/KeibaWeb/TodayRaceInfo/RaceMarkTable?k_raceDate=2023%2F07%2F09&k_raceNo=6&k_babaCode=21,data/cache/html/20230709_kawasaki_6.html
20230709_kawasaki_7,2023-07-09,kawasaki,7,https://www.keiba.go.jp/KeibaWeb/TodayRaceInfo/RaceMarkTable?k_raceDate=2023%2F07%2F09&k_raceNo=7&k_babaCode=21,data/cache/html/20230709_kawasaki_7.html
20230709_kawasaki_8,2023-07-09,kawasaki,8,https://www.keiba.go.jp/KeibaWeb/TodayRaceInfo/RaceMarkTable?k_raceDate=2023%2F07%2F09&k_raceNo=8&k_babaCode=21,data/cache/html/20230709_kawasaki_8.html
20230709_kawasaki_9,2023-07-09,kawasaki,9,https://www.keiba.go.jp/KeibaWeb/TodayRaceInfo/RaceMarkTable?k_raceDate=2023%2F07%2F09&k_raceNo=9&k_babaCode=21,data/cache/html/20230709_kawasaki_9.html
20230709_kawasaki_10,2023-07-09,kawasaki,10,https://www.keiba.go.jp/KeibaWeb/TodayRaceInfo/RaceMarkTable?k_raceDate=2023%2F07%2F09&k_raceNo=10&k_babaCode=21,data/cache/html/20230709_kawasaki_10.html
20230709_kawasaki_11,2023-07-09,kawasaki,11,https://www.keiba.go.jp/KeibaWeb/TodayRaceInfo/RaceMarkTable?k_raceDate=2023%2F07%2F09&k_raceNo=11&k_babaCode=21,data/cache/html/20230709_kawasaki_11.html
20230709_kawasaki_12,2023-07-09,kawasaki,12,https://www.keiba.go.jp/KeibaWeb/TodayRaceInfo/RaceMarkTable?k_raceDate=2023%2F07%2F09&k_raceNo=12&k_babaCode=21,data/cache/html/20230709_kawasaki_12.html
20230708_kawasaki_1,2023-07-08,kawasaki,1,https://www.keiba.go.jp/KeibaWeb/TodayRaceInfo/RaceMarkTable?k_raceDate=2023%2F07%2F08&k_raceNo=1&k_babaCode=21,data/cache/html/20230708_kawasaki_1.html
20230708_kawasaki_2,2023-07-08,kawasaki,2,https://www.keiba.go.jp/KeibaWeb/TodayRaceInfo/RaceMarkTable?k_raceDate=2023%2F07%2F08&k_raceNo=2&k_babaCode=21,data/cache/html/20230708_kawasaki_2.html
20230708_kawasaki_3,2023-07-08,kawasaki,3,https://www.keiba.go.jp/KeibaWeb/TodayRaceInfo/RaceMarkTable?k_raceDate=2023%2F07%2F08&k_raceNo=3&k_babaCode=21,data/cache/html/20230708_kawasaki_3.html
20230708_kawasaki_4,2023-07-08,kawasaki,4,https://www.keiba.go.jp/KeibaWeb/TodayRaceInfo/RaceMarkTable?k_raceDate=2023%2F07%2F08&k_raceNo=4&k_babaCode=21,data/cache/html/20230708_kawasaki_4.html
20230708_kawasaki_5,2023-07-08,kawasaki,5,https://www.keiba.go.jp/KeibaWeb/TodayRaceInfo/RaceMarkTable?k_raceDate=2023%2F07%2F08&k_raceNo=5&k_babaCode=21,data/cache/html/20230708_kawasaki_5.html
20230708_kawasaki_6,2023-07-08,kawasaki,6,https://www.keiba.go.jp/KeibaWeb/TodayRaceInfo/RaceMarkTable?k_raceDate=2023%2F07%2F08&k_raceNo=6&k_babaCode=21,data/cache/html/20230708_kawasaki_6.html
20230708_kawasaki_7,2023-07-08,kawasaki,7,https://www.keiba.go.jp/KeibaWeb/TodayRaceInfo/RaceMarkTable?k_raceDate=2023%2F07%2F08&k_raceNo=7&k_babaCode=21,data/cache/html/20230708_kawasaki_7.html
20230708_kawasaki_8,2023-07-08,kawasaki,8,https://www.keiba.go.jp/KeibaWeb/TodayRaceInfo/RaceMarkTable?k_raceDate=2023%2F07%2F08&k_raceNo=8&k_babaCode=21,data/cache/html/20230708_kawasaki_8.html
20230708_kawasaki_9,2023-07-08,kawasaki,9,https://www.keiba.go.jp/KeibaWeb/TodayRaceInfo/RaceMarkTable?k_raceDate=2023%2F07%2F08&k_raceNo=9&k_babaCode=21,data/cache/html/20230708_kawasaki_9.html
20230708_kawasaki_10,2023-07-08,kawasaki,10,https://www.keiba.go.jp/KeibaWeb/TodayRaceInfo/RaceMarkTable?k_raceDate=2023%2F07%2F08&k_raceNo=10&k_babaCode=21,data/cache/html/20230708_kawasaki_10.html
20230708_kawasaki_11,2023-07-08,kawasaki,11,https://www.keiba.go.jp/KeibaWeb/TodayRaceInfo/RaceMarkTable?k_raceDate=2023%2F07%2F08&k_raceNo=11&k_babaCode=21,data/cache/html/20230708_kawasaki_11.html
20230708_kawasaki_12,2023-07-08,kawasaki,12,https://www.keiba.go.jp/KeibaWeb/TodayRaceInfo/RaceMarkTable?k_raceDate=2023%2F07%2F08&k_raceNo=12&k_babaCode=21,data/cache/html/20230708_kawasaki_12.html
20230702_kawasaki_1,2023-07-02,kawasaki,1,https://www.keiba.go.jp/KeibaWeb/TodayRaceInfo/RaceMarkTable?k_raceDate=2023%2F07%2F02&k_raceNo=1&k_babaCode=21,data/cache/html/20230702_kawasaki_1.html
20230702_kawasaki_2,2023-07-02,kawasaki,2,https://www.keiba.go.jp/KeibaWeb/TodayRaceInfo/RaceMarkTable?k_raceDate=2023%2F07%2F02&k_raceNo=2&k_babaCode=21,data/cache/html/20230702_kawasaki_2.html
20230702_kawasaki_3,2023-07-02,kawasaki,3,https://www.keiba.go.jp/KeibaWeb/TodayRaceInfo/RaceMarkTable?k_raceDate=2023%2F07%2F02&k_raceNo=3&k_babaCode=21,data/cache/html/20230702_kawasaki_3.html
20230702_kawasaki_4,2023-07-02,kawasaki,4,https://www.keiba.go.jp/KeibaWeb/TodayRaceInfo/RaceMarkTable?k_raceDate=2023%2F07%2F02&k_raceNo=4&k_babaCode=21,data/cache/html/20230702_kawasaki_4.html
20230702_kawasaki_5,2023-07-02,kawasaki,5,https://www.keiba.go.jp/KeibaWeb/TodayRaceInfo/RaceMarkTable?k_raceDate=2023%2F07%2F02&k_raceNo=5&k_babaCode=21,data/cache/html/20230702_kawasaki_5.html
20230702_kawasaki_6,2023-07-02,kawasaki,6,https://www.keiba.go.jp/KeibaWeb/TodayRaceInfo/RaceMarkTable?k_raceDate=2023%2F07%2F02&k_raceNo=6&k_babaCode=21,data/cache/html/20230702_kawasaki_6.html
20230702_kawasaki_7,2023-07-02,kawasaki,7,https://www.keiba.go.jp/KeibaWeb/TodayRaceInfo/RaceMarkTable?k_raceDate=2023%2F07%2F02&k_raceNo=7&k_babaCode=21,data/cache/html/20230702_kawasaki_7.html
20230702_kawasaki_8,2023-07-02,kawasaki,8,https://www.keiba.go.jp/KeibaWeb/TodayRaceInfo/RaceMarkTable?k_raceDate=2023%2F07%2F02&k_raceNo=8&k_babaCode=21,data/cache/html/20230702_kawasaki_8.html
20230702_kawasaki_9,2023-07-02,kawasaki,9,https://www.keiba.go.jp/KeibaWeb/TodayRaceInfo/RaceMarkTable?k_raceDate=2023%2F07%2F02&k_raceNo=9&k_babaCode=21,data/cache/html/20230702_kawasaki_9.html
20230702_kawasaki_10,2023-07-02,kawasaki,10,https://www.keiba.go.jp/KeibaWeb/TodayRaceInfo/RaceMarkTable?k_raceDate=2023%2F07%2F02&k_raceNo=10&k_babaCode=21,data/cache/html/20230702_kawasaki_10.html
20230702_kawasaki_11,2023-07-02,kawasaki,11,https://www.keiba.go.jp/KeibaWeb/TodayRaceInfo/RaceMarkTable?k_raceDate=2023%2F07%2F02&k_raceNo=11&k_babaCode=21,data/cache/html/20230702_kawasaki_11.html
20230702_kawasaki_12,2023-07-02,kawasaki,12,https://www.keiba.go.jp/KeibaWeb/TodayRaceInfo/RaceMarkTable?k_raceDate=2023%2F07%2F02&k_raceNo=12&k_babaCode=21,data/cache/html/20230702_kawasaki_12.html
20230701_kawasaki_1,2023-07-01,kawasaki,1,https://www.keiba.go.jp/KeibaWeb/TodayRaceInfo/RaceMarkTable?k_raceDate=2023%2F07%2F01&k_raceNo=1&k_babaCode=21,data/cache/html/20230701_kawasaki_1.html
20230701_kawasaki_2,2023-07-01,kawasaki,2,https://www.keiba.go.jp/KeibaWeb/TodayRaceInfo/RaceMarkTable?k_raceDate=2023%2F07%2F01&k_raceNo=2&k_babaCode=21,data/cache/html/20230701_kawasaki_2.html
20230701_kawasaki_3,2023-07-01,kawasaki,3,https://www.keiba.go.jp/KeibaWeb/TodayRaceInfo/RaceMarkTable?k_raceDate=2023%2F07%2F01&k_raceNo=3&k_babaCode=21,data/cache/html/20230701_kawasaki_3.html
20230701_kawasaki_4,2023-07-01,kawasaki,4,https://www.keiba.go.jp/KeibaWeb/TodayRaceInfo/RaceMarkTable?k_raceDate=2023%2F07%2F01&k_raceNo=4&k_babaCode=21,data/cache/html/20230701_kawasaki_4.html
20230701_kawasaki_5,2023-07-01,kawasaki,5,https://www.keiba.go.jp/KeibaWeb/TodayRaceInfo/RaceMarkTable?k_raceDate=2023%2F07%2F01&k_raceNo=5&k_babaCode=21,data/cache/html/20230701_kawasaki_5.html
20230701_kawasaki_6,2023-07-01,kawasaki,6,https://www.keiba.go.jp/KeibaWeb/TodayRaceInfo/RaceMarkTable?k_raceDate=2023%2F07%2F01&k_raceNo=6&k_babaCode=21,data/cache/html/20230701_kawasaki_6.html
20230701_kawasaki_7,2023-07-01,kawasaki,7,https://www.keiba.go.jp/KeibaWeb/TodayRaceInfo/RaceMarkTable?k_raceDate=2023%2F07%2F01&k_raceNo=7&k_babaCode=21,data/cache/html/20230701_kawasaki_7.html
20230701_kawasaki_8,2023-07-01,kawasaki,8,https://www.keiba.go.jp/KeibaWeb/TodayRaceInfo/RaceMarkTable?k_raceDate=2023%2F07%2F01&k_raceNo=8&k_babaCode=21,data/cache/html/20230701_kawasaki_8.html
20230701_kawasaki_9,2023-07-01,kawasaki,9,https://www.keiba.go.jp/KeibaWeb/TodayRaceInfo/RaceMarkTable?k_raceDate=2023%2F07%2F01&k_raceNo=9&k_babaCode=21,data/cache/html/20230701_kawasaki_9.html
20230701_kawasaki_10,2023-07-01,kawasaki,10,https://www.keiba.go.jp/KeibaWeb/TodayRaceInfo/RaceMarkTable?k_raceDate=2023%2F07%2F01&k_raceNo=10&k_babaCode=21,data/cache/html/20230701_kawasaki_10.html
20230701_kawasaki_11,2023-07-01,kawasaki,11,https://www.keiba.go.jp/KeibaWeb/TodayRaceInfo/RaceMarkTable?k_raceDate=2023%2F07%2F01&k_raceNo=11&k_babaCode=21,data/cache/html/20230701_kawasaki_11.html
20230701_kawasaki_12,2023-07-01,kawasaki,12,https://www.keiba.go.jp/KeibaWeb/TodayRaceInfo/RaceMarkTable?k_raceDate=2023%2F07%2F01&k_raceNo=12&k_babaCode=21,data/cache/html/20230701_kawasaki_12.html
20230630_kawasaki_1,2023-06-30,kawasaki,1,https://www.keiba.go.jp/KeibaWeb/TodayRaceInfo/RaceMarkTable?k_raceDate=2023%2F06%2F30&k_raceNo=1&k_babaCode=21,data/cache/html/20230630_kawasaki_1.html
20230630_kawasaki_2,2023-06-30,kawasaki,2,https://www.keiba.go.jp/KeibaWeb/TodayRaceInfo/RaceMarkTable?k_raceDate=2023%2F06%2F30&k_raceNo=2&k_babaCode=21,data/cache/html/20230630_kawasaki_2.html
20230630_kawasaki_3,2023-06-30,kawasaki,3,https://www.keiba.go.jp/KeibaWeb/TodayRaceInfo/RaceMarkTable?k_raceDate=2023%2F06%2F30&k_raceNo=3&k_babaCode=21,data/cache/html/20230630_kawasaki_3.html
20230630_kawasaki_4,2023-06-30,kawasaki,4,https://www.keiba.go.jp/KeibaWeb/TodayRaceInfo/RaceMarkTable?k_raceDate=2023%2F06%2F30&k_raceNo=4&k_babaCode=21,data/cache/html/20230630_kawasaki_4.html
20230630_kawasaki_5,2023-06-30,kawasaki,5,https://www.keiba.go.jp/KeibaWeb/TodayRaceInfo/RaceMarkTable?k_raceDate=2023%2F06%2F30&k_raceNo=5&k_babaCode=21,data/cache/html/20230630_kawasaki_5.html
20230630_kawasaki_6,2023-06-30,kawasaki,6,https://www.keiba.go.jp/KeibaWeb/TodayRaceInfo/RaceMarkTable?k_raceDate=2023%2F06%2F30&k_raceNo=6&k_babaCode=21,data/cache/html/20230630_kawasaki_6.html
20230630_kawasaki_7,2023-06-30,kawasaki,7,https://www.keiba.go.jp/KeibaWeb/TodayRaceInfo/RaceMarkTable?k_raceDate=2023%2F06%2F30&k_raceNo=7&k_babaCode=21,data/cache/html/20230630_kawasaki_7.html
20230630_kawasaki_8,2023-06-30,kawasaki,8,https://www.keiba.go.jp/KeibaWeb/TodayRaceInfo/RaceMarkTable?k_raceDate=2023%2F06%2F30&k_raceNo=8&k_babaCode=21,data/cache/html/20230630_kawasaki_8.html
20230630_kawasaki_9,2023-06-30,kawasaki,9,https://www.keiba.go.jp/KeibaWeb/TodayRaceInfo/RaceMarkTable?k_raceDate=2023%2F06%2F30&k_raceNo=9&k_babaCode=21,data/cache/html/20230630_kawasaki_9.html
20230630_kawasaki_10,2023-06-30,kawasaki,10,https://www.keiba.go.jp/KeibaWeb/TodayRaceInfo/RaceMarkTable?k_raceDate=2023%2F06%2F30&k_raceNo=10&k_babaCode=21,data/cache/html/20230630_kawasaki_10.html
20230630_kawasaki_11,2023-06-30,kawasaki,11,https://www.keiba.go.jp/KeibaWeb/TodayRaceInfo/RaceMarkTable?k_raceDate=2023%2F06%2F30&k_raceNo=11&k_babaCode=21,data/cache/html/20230630_kawasaki_11.html
20230630_kawasaki_12,2023-06-30,kawasaki,12,https://www.keiba.go.jp/KeibaWeb/TodayRaceInfo/RaceMarkTable?k_raceDate=2023%2F06%2F30&k_raceNo=12&k_babaCode=21,data/cache/html/20230630_kawasaki_12.html
20230629_kawasaki_1,2023-06-29,kawasaki,1,https://www.keiba.go.jp/KeibaWeb/TodayRaceInfo/RaceMarkTable?k_raceDate=2023%2F06%2F29&k_raceNo=1&k_babaCode=21,data/cache/html/20230629_kawasaki_1.html
20230629_kawasaki_2,2023-06-29,kawasaki,2,https://www.keiba.go.jp/KeibaWeb/TodayRaceInfo/RaceMarkTable?k_raceDate=2023%2F06%2F29&k_raceNo=2&k_babaCode=21,data/cache/html/20230629_kawasaki_2.html
20230629_kawasaki_3,2023-06-29,kawasaki,3,https://www.keiba.go.jp/KeibaWeb/TodayRaceInfo/RaceMarkTable?k_raceDate=2023%2F06%2F29&k_raceNo=3&k_babaCode=21,data/cache/html/20230629_kawasaki_3.html
20230629_kawasaki_4,2023-06-29,kawasaki,4,https://www.keiba.go.jp/KeibaWeb/TodayRaceInfo/RaceMarkTable?k_raceDate=2023%2F06%2F29&k_raceNo=4&k_babaCode=21,data/cache/html/20230629_kawasaki_4.html
20230629_kawasaki_5,2023-06-29,kawasaki,5,https://www.keiba.go.jp/KeibaWeb/TodayRaceInfo/RaceMarkTable?k_raceDate=2023%2F06%2F29&k_raceNo=5&k_babaCode=21,data/cache/html/20230629_kawasaki_5.html
20230629_kawasaki_6,2023-06-29,kawasaki,6,https://www.keiba.go.jp/KeibaWeb/TodayRaceInfo/RaceMarkTable?k_raceDate=2023%2F06%2F29&k_raceNo=6&k_babaCode=21,data/cache/html/20230629_kawasaki_6.html
20230629_kawasaki_7,2023-06-29,kawasaki,7,https://www.keiba.go.jp/KeibaWeb/TodayRaceInfo/RaceMarkTable?k_raceDate=2023%2F06%2F29&k_raceNo=7&k_babaCode=21,data/cache/html/20230629_kawasaki_7.html
20230629_kawasaki_8,2023-06-29,kawasaki,8,https://www.keiba.go.jp/KeibaWeb/TodayRaceInfo/RaceMarkTable?k_raceDate=2023%2F06%2F29&k_raceNo=8&k_babaCode=21,data/cache/html/20230629_kawasaki_8.html
20230629_kawasaki_9,2023-06-29,kawasaki,9,https://www.keiba.go.jp/KeibaWeb/TodayRaceInfo/RaceMarkTable?k_raceDate=2023%2F06%2F29&k_raceNo=9&k_babaCode=21,data/cache/html/20230629_kawasaki_9.html
20230629_kawasaki_10,2023-06-29,kawasaki,10,https://www.keiba.go.jp/KeibaWeb/TodayRaceInfo/RaceMarkTable?k_raceDate=2023%2F06%2F29&k_raceNo=10&k_babaCode=21,data/cache/html/20230629_kawasaki_10.html
20230629_kawasaki_11,2023-06-29,kawasaki,11,https://www.keiba.go.jp/KeibaWeb/TodayRaceInfo/RaceMarkTable?k_raceDate=2023%2F06%2F29&k_raceNo=11&k_babaCode=21,data/cache/html/20230629_kawasaki_11.html
20230629_kawasaki_12,2023-06-29,kawasaki,12,https://www.keiba.go.jp/KeibaWeb/TodayRaceInfo/RaceMarkTable?k_raceDate=2023%2F06%2F29&k_raceNo=12&k_babaCode=21,data/cache/html/20230629_kawasaki_12.html
20230628_kawasaki_1,2023-06-28,kawasaki,1,https://www.keiba.go.jp/KeibaWeb/TodayRaceInfo/RaceMarkTable?k_raceDate=2023%2F06%2F28&k_raceNo=1&k_babaCode=21,data/cache/html/20230628_kawasaki_1.html
20230628_kawasaki_2,2023-06-28,kawasaki,2,https://www.keiba.go.jp/KeibaWeb/TodayRaceInfo/RaceMarkTable?k_raceDate=2023%2F06%2F28&k_raceNo=2&k_babaCode=21,data/cache/html/20230628_kawasaki_2.html
20230628_kawasaki_3,2023-06-28,kawasaki,3,https://www.keiba.go.jp/KeibaWeb/TodayRaceInfo/RaceMarkTable?k_raceDate=2023%2F06%2F28&k_raceNo=3&k_babaCode=21,data/cache/html/20230628_kawasaki_3.html
20230628_kawasaki_4,2023-06-28,kawasaki,4,https://www.keiba.go.jp/KeibaWeb/TodayRaceInfo/RaceMarkTable?k_raceDate=2023%2F06%2F28&k_raceNo=4&k_babaCode=21,data/cache/html/20230628_kawasaki_4.html
20230628_kawasaki_5,2023-06-28,kawasaki,5,https://www.keiba.go.jp/KeibaWeb/TodayRaceInfo/RaceMarkTable?k_raceDate=2023%2F06%2F28&k_raceNo=5&k_babaCode=21,data/cache/html/20230628_kawasaki_5.html
20230628_kawasaki_6,2023-06-28,kawasaki,6,https://www.keiba.go.jp/KeibaWeb/TodayRaceInfo/RaceMarkTable?k_raceDate=2023%2F06%2F28&k_raceNo=6&k_babaCode=21,data/cache/html/20230628_kawasaki_6.html
20230628_kawasaki_7,2023-06-28,kawasaki,7,https://www.keiba.go.jp/KeibaWeb/TodayRaceInfo/RaceMarkTable?k_raceDate=2023%2F06%2F28&k_raceNo=7&k_babaCode=21,data/cache/html/20230628_kawasaki_7.html
20230628_kawasaki_8,2023-06-28,kawasaki,8,https://www.keiba.go.jp/KeibaWeb/TodayRaceInfo/RaceMarkTable?k_raceDate=2023%2F06%2F28&k_raceNo=8&k_babaCode=21,data/cache/html/20230628_kawasaki_8.html
20230628_kawasaki_9,2023-06-28,kawasaki,9,https://www.keiba.go.jp/KeibaWeb/TodayRaceInfo/RaceMarkTable?k_raceDate=2023%2F06%2F28&k_raceNo=9&k_babaCode=21,data/cache/html/20230628_kawasaki_9.html
20230628_kawasaki_10,2023-06-28,kawasaki,10,https://www.keiba.go.jp/KeibaWeb/TodayRaceInfo/RaceMarkTable?k_raceDate=2023%2F06%2F28&k_raceNo=10&k_babaCode=21,data/cache/html/20230628_kawasaki_10.html
20230628_kawasaki_11,2023-06-28,kawasaki,11,https://www.keiba.go.jp/KeibaWeb/TodayRaceInfo/RaceMarkTable?k_raceDate=2023%2F06%2F28&k_raceNo=11&k_babaCode=21,data/cache/html/20230628_kawasaki_11.html
20230628_kawasaki_12,2023-06-28,kawasaki,12,https://www.keiba.go.jp/KeibaWeb/TodayRaceInfo/RaceMarkTable?k_raceDate=2023%2F06%2F28&k_raceNo=12&k_babaCode=21,data/cache/html/20230628_kawasaki_12.html
20230627_kawasaki_1,2023-06-27,kawasaki,1,https://www.keiba.go.jp/KeibaWeb/TodayRaceInfo/RaceMarkTable?k_raceDate=2023%2F06%2F27&k_raceNo=1&k_babaCode=21,data/cache/html/20230627_kawasaki_1.html
20230627_kawasaki_2,2023-06-27,kawasaki,2,https://www.keiba.go.jp/KeibaWeb/TodayRaceInfo/RaceMarkTable?k_raceDate=2023%2F06%2F27&k_raceNo=2&k_babaCode=21,data/cache/html/20230627_kawasaki_2.html
20230627_kawasaki_3,2023-06-27,kawasaki,3,https://www.keiba.go.jp/KeibaWeb/TodayRaceInfo/RaceMarkTable?k_raceDate=2023%2F06%2F27&k_raceNo=3&k_babaCode=21,data/cache/html/20230627_kawasaki_3.html
20230627_kawasaki_4,2023-06-27,kawasaki,4,https://www.keiba.go.jp/KeibaWeb/TodayRaceInfo/RaceMarkTable?k_raceDate=2023%2F06%2F27&k_raceNo=4&k_babaCode=21,data/cache/html/20230627_kawasaki_4.html
20230627_kawasaki_5,2023-06-27,kawasaki,5,https://www.keiba.go.jp/KeibaWeb/TodayRaceInfo/RaceMarkTable?k_raceDate=2023%2F06%2F27&k_raceNo=5&k_babaCode=21,data/cache/html/20230627_kawasaki_5.html
20230627_kawasaki_6,2023-06-27,kawasaki,6,https://www.keiba.go.jp/KeibaWeb/TodayRaceInfo/RaceMarkTable?k_raceDate=2023%2F06%2F27&k_raceNo=6&k_babaCode=21,data/cache/html/20230627_kawasaki_6.html
20230627_kawasaki_7,2023-06-27,kawasaki,7,https://www.keiba.go.jp/KeibaWeb/TodayRaceInfo/RaceMarkTable?k_raceDate=2023%2F06%2F27&k_raceNo=7&k_babaCode=21,data/cache/html/20230627_kawasaki_7.html
20230627_kawasaki_8,2023-06-27,kawasaki,8,https://www.keiba.go.jp/KeibaWeb/TodayRaceInfo/RaceMarkTable?k_raceDate=2023%2F06%2F27&k_raceNo=8&k_babaCode=21,data/cache/html/20230627_kawasaki_8.html
20230627_kawasaki_9,2023-06-27,kawasaki,9,https://www.keiba.go.jp/KeibaWeb/TodayRaceInfo/RaceMarkTable?k_raceDate=2023%2F06%2F27&k_raceNo=9&k_babaCode=21,data/cache/html/20230627_kawasaki_9.html
20230627_kawasaki_10,2023-06-27,kawasaki,10,https://www.keiba.go.jp/KeibaWeb/TodayRaceInfo/RaceMarkTable?k_raceDate=2023%2F06%2F27&k_raceNo=10&k_babaCode=21,data/cache/html/20230627_kawasaki_10.html
20230627_kawasaki_11,2023-06-27,kawasaki,11,https://www.keiba.go.jp/KeibaWeb/TodayRaceInfo/RaceMarkTable?k_raceDate=2023%2F06%2F27&k_raceNo=11&k_babaCode=21,data/cache/html/20230627_kawasaki_11.html
20230627_kawasaki_12,2023-06-27,kawasaki,12,https://www.keiba.go.jp/KeibaWeb/TodayRaceInfo/RaceMarkTable?k_raceDate=2023%2F06%2F27&k_raceNo=12&k_babaCode=21,data/cache/html/20230627_kawasaki_12.html
