race_id,date,track,race_no,official_url,cache_html_path
19840813_kawasaki_1,1984-08-13,kawasaki,1,https://www.keiba.go.jp/KeibaWeb/TodayRaceInfo/RaceMarkTable?k_raceDate=1984%2F08%2F13&k_raceNo=1&k_babaCode=21,data/cache/html/19840813_kawasaki_1.html
19840813_kawasaki_2,1984-08-13,kawasaki,2,https://www.keiba.go.jp/KeibaWeb/TodayRaceInfo/RaceMarkTable?k_raceDate=1984%2F08%2F13&k_raceNo=2&k_babaCode=21,data/cache/html/19840813_kawasaki_2.html
19840813_kawasaki_3,1984-08-13,kawasaki,3,https://www.keiba.go.jp/KeibaWeb/TodayRaceInfo/RaceMarkTable?k_raceDate=1984%2F08%2F13&k_raceNo=3&k_babaCode=21,data/cache/html/19840813_kawasaki_3.html
19840813_kawasaki_4,1984-08-13,kawasaki,4,https://www.keiba.go.jp/KeibaWeb/TodayRaceInfo/RaceMarkTable?k_raceDate=1984%2F08%2F13&k_raceNo=4&k_babaCode=21,data/cache/html/19840813_kawasaki_4.html
19840813_kawasaki_5,1984-08-13,kawasaki,5,https://www.keiba.go.jp/KeibaWeb/TodayRaceInfo/RaceMarkTable?k_raceDate=1984%2F08%2F13&k_raceNo=5&k_babaCode=21,data/cache/html/19840813_kawasaki_5.html
19840813_kawasaki_6,1984-08-13,kawasaki,6,https://www.keiba.go.jp/KeibaWeb/TodayRaceInfo/RaceMarkTable?k_raceDate=1984%2F08%2F13&k_raceNo=6&k_babaCode=21,data/cache/html/19840813_kawasaki_6.html
19840813_kawasaki_7,1984-08-13,kawasaki,7,https://www.keiba.go.jp/KeibaWeb/TodayRaceInfo/RaceMarkTable?k_raceDate=1984%2F08%2F13&k_raceNo=7&k_babaCode=21,data/cache/html/19840813_kawasaki_7.html
19840813_kawasaki_8,1984-08-13,kawasaki,8,https://www.keiba.go.jp/KeibaWeb/TodayRaceInfo/RaceMarkTable?k_raceDate=1984%2F08%2F13&k_raceNo=8&k_babaCode=21,data/cache/html/19840813_kawasaki_8.html
19840813_kawasaki_9,1984-08-13,kawasaki,9,https://www.keiba.go.jp/KeibaWeb/TodayRaceInfo/RaceMarkTable?k_raceDate=1984%2F08%2F13&k_raceNo=9&k_babaCode=21,data/cache/html/19840813_kawasaki_9.html
19840813_kawasaki_10,1984-08-13,kawasaki,10,https://www.keiba.go.jp/KeibaWeb/TodayRaceInfo/RaceMarkTable?k_raceDate=1984%2F08%2F13&k_raceNo=10&k_babaCode=21,data/cache/html/19840813_kawasaki_10.html
19840813_kawasaki_11,1984-08-13,kawasaki,11,https://www.keiba.go.jp/KeibaWeb/TodayRaceInfo/RaceMarkTable?k_raceDate=1984%2F08%2F13&k_raceNo=11&k_babaCode=21,data/cache/html/19840813_kawasaki_11.html
19840813_kawasaki_12,1984-08-13,kawasaki,12,https://www.keiba.go.jp/KeibaWeb/TodayRaceInfo/RaceMarkTable?k_raceDate=1984%2F08%2F13&k_raceNo=12&k_babaCode=21,data/cache/html/19840813_kawasaki_12.html
19840812_kawasaki_1,1984-08-12,kawasaki,1,https://www.keiba.go.jp/KeibaWeb/TodayRaceInfo/RaceMarkTable?k_raceDate=1984%2F08%2F12&k_raceNo=1&k_babaCode=21,data/cache/html/19840812_kawasaki_1.html
19840812_kawasaki_2,1984-08-12,kawasaki,2,https://www.keiba.go.jp/KeibaWeb/TodayRaceInfo/RaceMarkTable?k_raceDate=1984%2F08%2F12&k_raceNo=2&k_babaCode=21,data/cache/html/19840812_kawasaki_2.html
19840812_kawasaki_3,1984-08-12,kawasaki,3,https://www.keiba.go.jp/KeibaWeb/TodayRaceInfo/RaceMarkTable?k_raceDate=1984%2F08%2F12&k_raceNo=3&k_babaCode=21,data/cache/html/19840812_kawasaki_3.html
19840812_kawasaki_4,1984-08-12,kawasaki,4,https://www.keiba.go.jp/KeibaWeb/TodayRaceInfo/RaceMarkTable?k_raceDate=1984%2F08%2F12&k_raceNo=4&k_babaCode=21,data/cache/html/19840812_kawasaki_4.html
19840812_kawasaki_5,1984-08-12,kawasaki,5,https://www.keiba.go.jp/KeibaWeb/TodayRaceInfo/RaceMarkTable?k_raceDate=1984%2F08%2F12&k_raceNo=5&k_babaCode=21,data/cache/html/19840812_kawasaki_5.html
19840812_kawasaki_6,1984-08-12,kawasaki,6,https://www.keiba.go.jp/KeibaWeb/TodayRaceInfo/RaceMarkTable?k_raceDate=1984%2F08%2F12&k_raceNo=6&k_babaCode=21,data/cache/html/19840812_kawasaki_6.html
19840812_kawasaki_7,1984-08-12,kawasaki,7,https://www.keiba.go.jp/KeibaWeb/TodayRaceInfo/RaceMarkTable?k_raceDate=1984%2F08%2F12&k_raceNo=7&k_babaCode=21,data/cache/html/19840812_kawasaki_7.html
19840812_kawasaki_8,1984-08-12,kawasaki,8,https://www.keiba.go.jp/KeibaWeb/TodayRaceInfo/RaceMarkTable?k_raceDate=1984%2F08%2F12&k_raceNo=8&k_babaCode=21,data/cache/html/19840812_kawasaki_8.html
19840812_kawasaki_9,1984-08-12,kawasaki,9,https://www.keiba.go.jp/KeibaWeb/TodayRaceInfo/RaceMarkTable?k_raceDate=1984%2F08%2F12&k_raceNo=9&k_babaCode=21,data/cache/html/19840812_kawasaki_9.html
19840812_kawasaki_10,1984-08-12,kawasaki,10,https://www.keiba.go.jp/KeibaWeb/TodayRaceInfo/RaceMarkTable?k_raceDate=1984%2F08%2F12&k_raceNo=10&k_babaCode=21,data/cache/html/19840812_kawasaki_10.html
19840812_kawasaki_11,1984-08-12,kawasaki,11,https://www.keiba.go.jp/KeibaWeb/TodayRaceInfo/RaceMarkTable?k_raceDate=1984%2F08%2F12&k_raceNo=11&k_babaCode=21,data/cache/html/19840812_kawasaki_11.html
19840812_kawasaki_12,1984-08-12,kawasaki,12,https://www.keiba.go.jp/KeibaWeb/TodayRaceInfo/RaceMarkTable?k_raceDate=1984%2F08%2F12&k_raceNo=12&k_babaCode=21,data/cache/html/19840812_kawasaki_12.html
19840811_kawasaki_1,1984-08-11,kawasaki,1,https://www.keiba.go.jp/KeibaWeb/TodayRaceInfo/RaceMarkTable?k_raceDate=1984%2F08%2F11&k_raceNo=1&k_babaCode=21,data/cache/html/19840811_kawasaki_1.html
19840811_kawasaki_2,1984-08-11,kawasaki,2,https://www.keiba.go.jp/KeibaWeb/TodayRaceInfo/RaceMarkTable?k_raceDate=1984%2F08%2F11&k_raceNo=2&k_babaCode=21,data/cache/html/19840811_kawasaki_2.html
19840811_kawasaki_3,1984-08-11,kawasaki,3,https://www.keiba.go.jp/KeibaWeb/TodayRaceInfo/RaceMarkTable?k_raceDate=1984%2F08%2F11&k_raceNo=3&k_babaCode=21,data/cache/html/19840811_kawasaki_3.html
19840811_kawasaki_4,1984-08-11,kawasaki,4,https://www.keiba.go.jp/KeibaWeb/TodayRaceInfo/RaceMarkTable?k_raceDate=1984%2F08%2F11&k_raceNo=4&k_babaCode=21,data/cache/html/19840811_kawasaki_4.html
19840811_kawasaki_5,1984-08-11,kawasaki,5,https://www.keiba.go.jp/KeibaWeb/TodayRaceInfo/RaceMarkTable?k_raceDate=1984%2F08%2F11&k_raceNo=5&k_babaCode=21,data/cache/html/19840811_kawasaki_5.html
19840811_kawasaki_6,1984-08-11,kawasaki,6,https://www.keiba.go.jp/KeibaWeb/TodayRaceInfo/RaceMarkTable?k_raceDate=1984%2F08%2F11&k_raceNo=6&k_babaCode=21,data/cache/html/19840811_kawasaki_6.html
19840811_kawasaki_7,1984-08-11,kawasaki,7,https://www.keiba.go.jp/KeibaWeb/TodayRaceInfo/RaceMarkTable?k_raceDate=1984%2F08%2F11&k_raceNo=7&k_babaCode=21,data/cache/html/19840811_kawasaki_7.html
19840811_kawasaki_8,1984-08-11,kawasaki,8,https://www.keiba.go.jp/KeibaWeb/TodayRaceInfo/RaceMarkTable?k_raceDate=1984%2F08%2F11&k_raceNo=8&k_babaCode=21,data/cache/html/19840811_kawasaki_8.html
19840811_kawasaki_9,1984-08-11,kawasaki,9,https://www.keiba.go.jp/KeibaWeb/TodayRaceInfo/RaceMarkTable?k_raceDate=1984%2F08%2F11&k_raceNo=9&k_babaCode=21,data/cache/html/19840811_kawasaki_9.html
19840811_kawasaki_10,1984-08-11,kawasaki,10,https://www.keiba.go.jp/KeibaWeb/TodayRaceInfo/RaceMarkTable?k_raceDate=1984%2F08%2F11&k_raceNo=10&k_babaCode=21,data/cache/html/19840811_kawasaki_10.html
19840811_kawasaki_11,1984-08-11,kawasaki,11,https://www.keiba.go.jp/KeibaWeb/TodayRaceInfo/RaceMarkTable?k_raceDate=1984%2F08%2F11&k_raceNo=11&k_babaCode=21,data/cache/html/19840811_kawasaki_11.html
19840811_kawasaki_12,1984-08-11,kawasaki,12,https://www.keiba.go.jp/KeibaWeb/TodayRaceInfo/RaceMarkTable?k_raceDate=1984%2F08%2F11&k_raceNo=12&k_babaCode=21,data/cache/html/19840811_kawasaki_12.html
19840810_kawasaki_1,1984-08-10,kawasaki,1,https://www.keiba.go.jp/KeibaWeb/TodayRaceInfo/RaceMarkTable?k_raceDate=1984%2F08%2F10&k_raceNo=1&k_babaCode=21,data/cache/html/19840810_kawasaki_1.html
19840810_kawasaki_2,1984-08-10,kawasaki,2,https://www.keiba.go.jp/KeibaWeb/TodayRaceInfo/RaceMarkTable?k_raceDate=1984%2F08%2F10&k_raceNo=2&k_babaCode=21,data/cache/html/19840810_kawasaki_2.html
19840810_kawasaki_3,1984-08-10,kawasaki,3,https://www.keiba.go.jp/KeibaWeb/TodayRaceInfo/RaceMarkTable?k_raceDate=1984%2F08%2F10&k_raceNo=3&k_babaCode=21,data/cache/html/19840810_kawasaki_3.html
19840810_kawasaki_4,1984-08-10,kawasaki,4,https://www.keiba.go.jp/KeibaWeb/TodayRaceInfo/RaceMarkTable?k_raceDate=1984%2F08%2F10&k_raceNo=4&k_babaCode=21,data/cache/html/19840810_kawasaki_4.html
19840810_kawasaki_5,1984-08-10,kawasaki,5,https://www.keiba.go.jp/KeibaWeb/TodayRaceInfo/RaceMarkTable?k_raceDate=1984%2F08%2F10&k_raceNo=5&k_babaCode=21,data/cache/html/19840810_kawasaki_5.html
19840810_kawasaki_6,1984-08-10,kawasaki,6,https://www.keiba.go.jp/KeibaWeb/TodayRaceInfo/RaceMarkTable?k_raceDate=1984%2F08%2F10&k_raceNo=6&k_babaCode=21,data/cache/html/19840810_kawasaki_6.html
19840810_kawasaki_7,1984-08-10,kawasaki,7,https://www.keiba.go.jp/KeibaWeb/TodayRaceInfo/RaceMarkTable?k_raceDate=1984%2F08%2F10&k_raceNo=7&k_babaCode=21,data/cache/html/19840810_kawasaki_7.html
19840810_kawasaki_8,1984-08-10,kawasaki,8,https://www.keiba.go.jp/KeibaWeb/TodayRaceInfo/RaceMarkTable?k_raceDate=1984%2F08%2F10&k_raceNo=8&k_babaCode=21,data/cache/html/19840810_kawasaki_8.html
19840810_kawasaki_9,1984-08-10,kawasaki,9,https://www.keiba.go.jp/KeibaWeb/TodayRaceInfo/RaceMarkTable?k_raceDate=1984%2F08%2F10&k_raceNo=9&k_babaCode=21,data/cache/html/19840810_kawasaki_9.html
19840810_kawasaki_10,1984-08-10,kawasaki,10,https://www.keiba.go.jp/KeibaWeb/TodayRaceInfo/RaceMarkTable?k_raceDate=1984%2F08%2F10&k_raceNo=10&k_babaCode=21,data/cache/html/19840810_kawasaki_10.html
19840810_kawasaki_11,1984-08-10,kawasaki,11,https://www.keiba.go.jp/KeibaWeb/TodayRaceInfo/RaceMarkTable?k_raceDate=1984%2F08%2F10&k_raceNo=11&k_babaCode=21,data/cache/html/19840810_kawasaki_11.html
19840810_kawasaki_12,1984-08-10,kawasaki,12,https://www.keiba.go.jp/KeibaWeb/TodayRaceInfo/RaceMarkTable?k_raceDate=1984%2F08%2F10&k_raceNo=12&k_babaCode=21,data/cache/html/19840810_kawasaki_12.html
19840809_kawasaki_1,1984-08-09,kawasaki,1,https://www.keiba.go.jp/KeibaWeb/TodayRaceInfo/RaceMarkTable?k_raceDate=1984%2F08%2F09&k_raceNo=1&k_babaCode=21,data/cache/html/19840809_kawasaki_1.html
19840809_kawasaki_2,1984-08-09,kawasaki,2,https://www.keiba.go.jp/KeibaWeb/TodayRaceInfo/RaceMarkTable?k_raceDate=1984%2F08%2F09&k_raceNo=2&k_babaCode=21,data/cache/html/19840809_kawasaki_2.html
19840809_kawasaki_3,1984-08-09,kawasaki,3,https://www.keiba.go.jp/KeibaWeb/TodayRaceInfo/RaceMarkTable?k_raceDate=1984%2F08%2F09&k_raceNo=3&k_babaCode=21,data/cache/html/19840809_kawasaki_3.html
19840809_kawasaki_4,1984-08-09,kawasaki,4,https://www.keiba.go.jp/KeibaWeb/TodayRaceInfo/RaceMarkTable?k_raceDate=1984%2F08%2F09&k_raceNo=4&k_babaCode=21,data/cache/html/19840809_kawasaki_4.html
19840809_kawasaki_5,1984-08-09,kawasaki,5,https://www.keiba.go.jp/KeibaWeb/TodayRaceInfo/RaceMarkTable?k_raceDate=1984%2F08%2F09&k_raceNo=5&k_babaCode=21,data/cache/html/19840809_kawasaki_5.html
19840809_kawasaki_6,1984-08-09,kawasaki,6,https://www.keiba.go.jp/KeibaWeb/TodayRaceInfo/RaceMarkTable?k_raceDate=1984%2F08%2F09&k_raceNo=6&k_babaCode=21,data/cache/html/19840809_kawasaki_6.html
19840809_kawasaki_7,1984-08-09,kawasaki,7,https://www.keiba.go.jp/KeibaWeb/TodayRaceInfo/RaceMarkTable?k_raceDate=1984%2F08%2F09&k_raceNo=7&k_babaCode=21,data/cache/html/19840809_kawasaki_7.html
19840809_kawasaki_8,1984-08-09,kawasaki,8,https://www.keiba.go.jp/KeibaWeb/TodayRaceInfo/RaceMarkTable?k_raceDate=1984%2F08%2F09&k_raceNo=8&k_babaCode=21,data/cache/html/19840809_kawasaki_8.html
19840809_kawasaki_9,1984-08-09,kawasaki,9,https://www.keiba.go.jp/KeibaWeb/TodayRaceInfo/RaceMarkTable?k_raceDate=1984%2F08%2F09&k_raceNo=9&k_babaCode=21,data/cache/html/19840809_kawasaki_9.html
19840809_kawasaki_10,1984-08-09,kawasaki,10,https://www.keiba.go.jp/KeibaWeb/TodayRaceInfo/RaceMarkTable?k_raceDate=1984%2F08%2F09&k_raceNo=10&k_babaCode=21,data/cache/html/19840809_kawasaki_10.html
19840809_kawasaki_11,1984-08-09,kawasaki,11,https://www.keiba.go.jp/KeibaWeb/TodayRaceInfo/RaceMarkTable?k_raceDate=1984%2F08%2F09&k_raceNo=11&k_babaCode=21,data/cache/html/19840809_kawasaki_11.html
19840809_kawasaki_12,1984-08-09,kawasaki,12,https://www.keiba.go.jp/KeibaWeb/TodayRaceInfo/RaceMarkTable?k_raceDate=1984%2F08%2F09&k_raceNo=12&k_babaCode=21,data/cache/html/19840809_kawasaki_12.html
19840808_kawasaki_1,1984-08-08,kawasaki,1,https://www.keiba.go.jp/KeibaWeb/TodayRaceInfo/RaceMarkTable?k_raceDate=1984%2F08%2F08&k_raceNo=1&k_babaCode=21,data/cache/html/19840808_kawasaki_1.html
19840808_kawasaki_2,1984-08-08,kawasaki,2,https://www.keiba.go.jp/KeibaWeb/TodayRaceInfo/RaceMarkTable?k_raceDate=1984%2F08%2F08&k_raceNo=2&k_babaCode=21,data/cache/html/19840808_kawasaki_2.html
19840808_kawasaki_3,1984-08-08,kawasaki,3,https://www.keiba.go.jp/KeibaWeb/TodayRaceInfo/RaceMarkTable?k_raceDate=1984%2F08%2F08&k_raceNo=3&k_babaCode=21,data/cache/html/19840808_kawasaki_3.html
19840808_kawasaki_4,1984-08-08,kawasaki,4,https://www.keiba.go.jp/KeibaWeb/TodayRaceInfo/RaceMarkTable?k_raceDate=1984%2F08%2F08&k_raceNo=4&k_babaCode=21,data/cache/html/19840808_kawasaki_4.html
19840808_kawasaki_5,1984-08-08,kawasaki,5,https://www.keiba.go.jp/KeibaWeb/TodayRaceInfo/RaceMarkTable?k_raceDate=1984%2F08%2F08&k_raceNo=5&k_babaCode=21,data/cache/html/19840808_kawasaki_5.html
19840808_kawasaki_6,1984-08-08,kawasaki,6,https://www.keiba.go.jp/KeibaWeb/TodayRaceInfo/RaceMarkTable?k_raceDate=1984%2F08%2F08&k_raceNo=6&k_babaCode=21,data/cache/html/19840808_kawasaki_6.html
19840808_kawasaki_7,1984-08-08,kawasaki,7,https://www.keiba.go.jp/KeibaWeb/TodayRaceInfo/RaceMarkTable?k_raceDate=1984%2F08%2F08&k_raceNo=7&k_babaCode=21,data/cache/html/19840808_kawasaki_7.html
19840808_kawasaki_8,1984-08-08,kawasaki,8,https://www.keiba.go.jp/KeibaWeb/TodayRaceInfo/RaceMarkTable?k_raceDate=1984%2F08%2F08&k_raceNo=8&k_babaCode=21,data/cache/html/19840808_kawasaki_8.html
19840808_kawasaki_9,1984-08-08,kawasaki,9,https://www.keiba.go.jp/KeibaWeb/TodayRaceInfo/RaceMarkTable?k_raceDate=1984%2F08%2F08&k_raceNo=9&k_babaCode=21,data/cache/html/19840808_kawasaki_9.html
19840808_kawasaki_10,1984-08-08,kawasaki,10,https://www.keiba.go.jp/KeibaWeb/TodayRaceInfo/RaceMarkTable?k_raceDate=1984%2F08%2F08&k_raceNo=10&k_babaCode=21,data/cache/html/19840808_kawasaki_10.html
19840808_kawasaki_11,1984-08-08,kawasaki,11,https://www.keiba.go.jp/KeibaWeb/TodayRaceInfo/RaceMarkTable?k_raceDate=1984%2F08%2F08&k_raceNo=11&k_babaCode=21,data/cache/html/19840808_kawasaki_11.html
19840808_kawasaki_12,1984-08-08,kawasaki,12,https://www.keiba.go.jp/KeibaWeb/TodayRaceInfo/RaceMarkTable?k_raceDate=1984%2F08%2F08&k_raceNo=12&k_babaCode=21,data/cache/html/19840808_kawasaki_12.html
19840807_kawasaki_1,1984-08-07,kawasaki,1,https://www.keiba.go.jp/KeibaWeb/TodayRaceInfo/RaceMarkTable?k_raceDate=1984%2F08%2F07&k_raceNo=1&k_babaCode=21,data/cache/html/19840807_kawasaki_1.html
19840807_kawasaki_2,1984-08-07,kawasaki,2,https://www.keiba.go.jp/KeibaWeb/TodayRaceInfo/RaceMarkTable?k_raceDate=1984%2F08%2F07&k_raceNo=2&k_babaCode=21,data/cache/html/19840807_kawasaki_2.html
19840807_kawasaki_3,1984-08-07,kawasaki,3,https://www.keiba.go.jp/KeibaWeb/TodayRaceInfo/RaceMarkTable?k_raceDate=1984%2F08%2F07&k_raceNo=3&k_babaCode=21,data/cache/html/19840807_kawasaki_3.html
19840807_kawasaki_4,1984-08-07,kawasaki,4,https://www.keiba.go.jp/KeibaWeb/TodayRaceInfo/RaceMarkTable?k_raceDate=1984%2F08%2F07&k_raceNo=4&k_babaCode=21,data/cache/html/19840807_kawasaki_4.html
19840807_kawasaki_5,1984-08-07,kawasaki,5,https://www.keiba.go.jp/KeibaWeb/TodayRaceInfo/RaceMarkTable?k_raceDate=1984%2F08%2F07&k_raceNo=5&k_babaCode=21,data/cache/html/19840807_kawasaki_5.html
19840807_kawasaki_6,1984-08-07,kawasaki,6,https://www.keiba.go.jp/KeibaWeb/TodayRaceInfo/RaceMarkTable?k_raceDate=1984%2F08%2F07&k_raceNo=6&k_babaCode=21,data/cache/html/19840807_kawasaki_6.html
19840807_kawasaki_7,1984-08-07,kawasaki,7,https://www.keiba.go.jp/KeibaWeb/TodayRaceInfo/RaceMarkTable?k_raceDate=1984%2F08%2F07&k_raceNo=7&k_babaCode=21,data/cache/html/19840807_kawasaki_7.html
19840807_kawasaki_8,1984-08-07,kawasaki,8,https://www.keiba.go.jp/KeibaWeb/TodayRaceInfo/RaceMarkTable?k_raceDate=1984%2F08%2F07&k_raceNo=8&k_babaCode=21,data/cache/html/19840807_kawasaki_8.html
19840807_kawasaki_9,1984-08-07,kawasaki,9,https://www.keiba.go.jp/KeibaWeb/TodayRaceInfo/RaceMarkTable?k_raceDate=1984%2F08%2F07&k_raceNo=9&k_babaCode=21,data/cache/html/19840807_kawasaki_9.html
19840807_kawasaki_10,1984-08-07,kawasaki,10,https://www.keiba.go.jp/KeibaWeb/TodayRaceInfo/RaceMarkTable?k_raceDate=1984%2F08%2F07&k_raceNo=10&k_babaCode=21,data/cache/html/19840807_kawasaki_10.html
19840807_kawasaki_11,1984-08-07,kawasaki,11,https://www.keiba.go.jp/KeibaWeb/TodayRaceInfo/RaceMarkTable?k_raceDate=1984%2F08%2F07&k_raceNo=11&k_babaCode=21,data/cache/html/19840807_kawasaki_11.html
19840807_kawasaki_12,1984-08-07,kawasaki,12,https://www.keiba.go.jp/KeibaWeb/TodayRaceInfo/RaceMarkTable?k_raceDate=1984%2F08%2F07&k_raceNo=12&k_babaCode=21,data/cache/html/19840807_kawasaki_12.html
19840806_kawasaki_1,1984-08-06,kawasaki,1,https://www.keiba.go.jp/KeibaWeb/TodayRaceInfo/RaceMarkTable?k_raceDate=1984%2F08%2F06&k_raceNo=1&k_babaCode=21,data/cache/html/19840806_kawasaki_1.html
19840806_kawasaki_2,1984-08-06,kawasaki,2,https://www.keiba.go.jp/KeibaWeb/TodayRaceInfo/RaceMarkTable?k_raceDate=1984%2F08%2F06&k_raceNo=2&k_babaCode=21,data/cache/html/19840806_kawasaki_2.html
19840806_kawasaki_3,1984-08-06,kawasaki,3,https://www.keiba.go.jp/KeibaWeb/TodayRaceInfo/RaceMarkTable?k_raceDate=1984%2F08%2F06&k_raceNo=3&k_babaCode=21,data/cache/html/19840806_kawasaki_3.html
19840806_kawasaki_4,1984-08-06,kawasaki,4,https://www.keiba.go.jp/KeibaWeb/TodayRaceInfo/RaceMarkTable?k_raceDate=1984%2F08%2F06&k_raceNo=4&k_babaCode=21,data/cache/html/19840806_kawasaki_4.html
19840806_kawasaki_5,1984-08-06,kawasaki,5,https://www.keiba.go.jp/KeibaWeb/TodayRaceInfo/RaceMarkTable?k_raceDate=1984%2F08%2F06&k_raceNo=5&k_babaCode=21,data/cache/html/19840806_kawasaki_5.html
19840806_kawasaki_6,1984-08-06,kawasaki,6,https://www.keiba.go.jp/KeibaWeb/TodayRaceInfo/RaceMarkTable?k_raceDate=1984%2F08%2F06&k_raceNo=6&k_babaCode=21,data/cache/html/19840806_kawasaki_6.html
19840806_kawasaki_7,1984-08-06,kawasaki,7,https://www.keiba.go.jp/KeibaWeb/TodayRaceInfo/RaceMarkTable?k_raceDate=1984%2F08%2F06&k_raceNo=7&k_babaCode=21,data/cache/html/19840806_kawasaki_7.html
19840806_kawasaki_8,1984-08-06,kawasaki,8,https://www.keiba.go.jp/KeibaWeb/TodayRaceInfo/RaceMarkTable?k_raceDate=1984%2F08%2F06&k_raceNo=8&k_babaCode=21,data/cache/html/19840806_kawasaki_8.html
19840806_kawasaki_9,1984-08-06,kawasaki,9,https://www.keiba.go.jp/KeibaWeb/TodayRaceInfo/RaceMarkTable?k_raceDate=1984%2F08%2F06&k_raceNo=9&k_babaCode=21,data/cache/html/19840806_kawasaki_9.html
19840806_kawasaki_10,1984-08-06,kawasaki,10,https://www.keiba.go.jp/KeibaWeb/TodayRaceInfo/RaceMarkTable?k_raceDate=1984%2F08%2F06&k_raceNo=10&k_babaCode=21,data/cache/html/19840806_kawasaki_10.html
19840806_kawasaki_11,1984-08-06,kawasaki,11,https://www.keiba.go.jp/KeibaWeb/TodayRaceInfo/RaceMarkTable?k_raceDate=1984%2F08%2F06&k_raceNo=11&k_babaCode=21,data/cache/html/19840806_kawasaki_11.html
19840806_kawasaki_12,1984-08-06,kawasaki,12,https://www.keiba.go.jp/KeibaWeb/TodayRaceInfo/RaceMarkTable?k_raceDate=1984%2F08%2F06&k_raceNo=12&k_babaCode=21,data/cache/html/19840806_kawasaki_12.html
19840805_kawasaki_1,1984-08-05,kawasaki,1,https://www.keiba.go.jp/KeibaWeb/TodayRaceInfo/RaceMarkTable?k_raceDate=1984%2F08%2F05&k_raceNo=1&k_babaCode=21,data/cache/html/19840805_kawasaki_1.html
19840805_kawasaki_2,1984-08-05,kawasaki,2,https://www.keiba.go.jp/KeibaWeb/TodayRaceInfo/RaceMarkTable?k_raceDate=1984%2F08%2F05&k_raceNo=2&k_babaCode=21,data/cache/html/19840805_kawasaki_2.html
19840805_kawasaki_3,1984-08-05,kawasaki,3,https://www.keiba.go.jp/KeibaWeb/TodayRaceInfo/RaceMarkTable?k_raceDate=1984%2F08%2F05&k_raceNo=3&k_babaCode=21,data/cache/html/19840805_kawasaki_3.html
19840805_kawasaki_4,1984-08-05,kawasaki,4,https://www.keiba.go.jp/KeibaWeb/TodayRaceInfo/RaceMarkTable?k_raceDate=1984%2F08%2F05&k_raceNo=4&k_babaCode=21,data/cache/html/19840805_kawasaki_4.html
19840805_kawasaki_5,1984-08-05,kawasaki,5,https://www.keiba.go.jp/KeibaWeb/TodayRaceInfo/RaceMarkTable?k_raceDate=1984%2F08%2F05&k_raceNo=5&k_babaCode=21,data/cache/html/19840805_kawasaki_5.html
19840805_kawasaki_6,1984-08-05,kawasaki,6,https://www.keiba.go.jp/KeibaWeb/TodayRaceInfo/RaceMarkTable?k_raceDate=1984%2F08%2F05&k_raceNo=6&k_babaCode=21,data/cache/html/19840805_kawasaki_6.html
19840805_kawasaki_7,1984-08-05,kawasaki,7,https://www.keiba.go.jp/KeibaWeb/TodayRaceInfo/RaceMarkTable?k_raceDate=1984%2F08%2F05&k_raceNo=7&k_babaCode=21,data/cache/html/19840805_kawasaki_7.html
19840805_kawasaki_8,1984-08-05,kawasaki,8,https://www.keiba.go.jp/KeibaWeb/TodayRaceInfo/RaceMarkTable?k_raceDate=1984%2F08%2F05&k_raceNo=8&k_babaCode=21,data/cache/html/19840805_kawasaki_8.html
19840805_kawasaki_9,1984-08-05,kawasaki,9,https://www.keiba.go.jp/KeibaWeb/TodayRaceInfo/RaceMarkTable?k_raceDate=1984%2F08%2F05&k_raceNo=9&k_babaCode=21,data/cache/html/19840805_kawasaki_9.html
19840805_kawasaki_10,1984-08-05,kawasaki,10,https://www.keiba.go.jp/KeibaWeb/TodayRaceInfo/RaceMarkTable?k_raceDate=1984%2F08%2F05&k_raceNo=10&k_babaCode=21,data/cache/html/19840805_kawasaki_10.html
19840805_kawasaki_11,1984-08-05,kawasaki,11,https://www.keiba.go.jp/KeibaWeb/TodayRaceInfo/RaceMarkTable?k_raceDate=1984%2F08%2F05&k_raceNo=11&k_babaCode=21,data/cache/html/19840805_kawasaki_11.html
19840805_kawasaki_12,1984-08-05,kawasaki,12,https://www.keiba.go.jp/KeibaWeb/TodayRaceInfo/RaceMarkTable?k_raceDate=1984%2F08%2F05&k_raceNo=12&k_babaCode=21,data/cache/html/19840805_kawasaki_12.html
19840804_kawasaki_1,1984-08-04,kawasaki,1,https://www.keiba.go.jp/KeibaWeb/TodayRaceInfo/RaceMarkTable?k_raceDate=1984%2F08%2F04&k_raceNo=1&k_babaCode=21,data/cache/html/19840804_kawasaki_1.html
19840804_kawasaki_2,1984-08-04,kawasaki,2,https://www.keiba.go.jp/KeibaWeb/TodayRaceInfo/RaceMarkTable?k_raceDate=1984%2F08%2F04&k_raceNo=2&k_babaCode=21,data/cache/html/19840804_kawasaki_2.html
19840804_kawasaki_3,1984-08-04,kawasaki,3,https://www.keiba.go.jp/KeibaWeb/TodayRaceInfo/RaceMarkTable?k_raceDate=1984%2F08%2F04&k_raceNo=3&k_babaCode=21,data/cache/html/19840804_kawasaki_3.html
19840804_kawasaki_4,1984-08-04,kawasaki,4,https://www.keiba.go.jp/KeibaWeb/TodayRaceInfo/RaceMarkTable?k_raceDate=1984%2F08%2F04&k_raceNo=4&k_babaCode=21,data/cache/html/19840804_kawasaki_4.html
19840804_kawasaki_5,1984-08-04,kawasaki,5,https://www.keiba.go.jp/KeibaWeb/TodayRaceInfo/RaceMarkTable?k_raceDate=1984%2F08%2F04&k_raceNo=5&k_babaCode=21,data/cache/html/19840804_kawasaki_5.html
19840804_kawasaki_6,1984-08-04,kawasaki,6,https://www.keiba.go.jp/KeibaWeb/TodayRaceInfo/RaceMarkTable?k_raceDate=1984%2F08%2F04&k_raceNo=6&k_babaCode=21,data/cache/html/19840804_kawasaki_6.html
19840804_kawasaki_7,1984-08-04,kawasaki,7,https://www.keiba.go.jp/KeibaWeb/TodayRaceInfo/RaceMarkTable?k_raceDate=1984%2F08%2F04&k_raceNo=7&k_babaCode=21,data/cache/html/19840804_kawasaki_7.html
19840804_kawasaki_8,1984-08-04,kawasaki,8,https://www.keiba.go.jp/KeibaWeb/TodayRaceInfo/RaceMarkTable?k_raceDate=1984%2F08%2F04&k_raceNo=8&k_babaCode=21,data/cache/html/19840804_kawasaki_8.html
19840804_kawasaki_9,1984-08-04,kawasaki,9,https://www.keiba.go.jp/KeibaWeb/TodayRaceInfo/RaceMarkTable?k_raceDate=1984%2F08%2F04&k_raceNo=9&k_babaCode=21,data/cache/html/19840804_kawasaki_9.html
19840804_kawasaki_10,1984-08-04,kawasaki,10,https://www.keiba.go.jp/KeibaWeb/TodayRaceInfo/RaceMarkTable?k_raceDate=1984%2F08%2F04&k_raceNo=10&k_babaCode=21,data/cache/html/19840804_kawasaki_10.html
19840804_kawasaki_11,1984-08-04,kawasaki,11,https://www.keiba.go.jp/KeibaWeb/TodayRaceInfo/RaceMarkTable?k_raceDate=1984%2F08%2F04&k_raceNo=11&k_babaCode=21,data/cache/html/19840804_kawasaki_11.html
19840804_kawasaki_12,1984-08-04,kawasaki,12,https://www.keiba.go.jp/KeibaWeb/TodayRaceInfo/RaceMarkTable?k_raceDate=1984%2F08%2F04&k_raceNo=12&k_babaCode=21,data/cache/html/19840804_kawasaki_12.html
19840803_kawasaki_1,1984-08-03,kawasaki,1,https://www.keiba.go.jp/KeibaWeb/TodayRaceInfo/RaceMarkTable?k_raceDate=1984%2F08%2F03&k_raceNo=1&k_babaCode=21,data/cache/html/19840803_kawasaki_1.html
19840803_kawasaki_2,1984-08-03,kawasaki,2,https://www.keiba.go.jp/KeibaWeb/TodayRaceInfo/RaceMarkTable?k_raceDate=1984%2F08%2F03&k_raceNo=2&k_babaCode=21,data/cache/html/19840803_kawasaki_2.html
19840803_kawasaki_3,1984-08-03,kawasaki,3,https://www.keiba.go.jp/KeibaWeb/TodayRaceInfo/RaceMarkTable?k_raceDate=1984%2F08%2F03&k_raceNo=3&k_babaCode=21,data/cache/html/19840803_kawasaki_3.html
19840803_kawasaki_4,1984-08-03,kawasaki,4,https://www.keiba.go.jp/KeibaWeb/TodayRaceInfo/RaceMarkTable?k_raceDate=1984%2F08%2F03&k_raceNo=4&k_babaCode=21,data/cache/html/19840803_kawasaki_4.html
19840803_kawasaki_5,1984-08-03,kawasaki,5,https://www.keiba.go.jp/KeibaWeb/TodayRaceInfo/RaceMarkTable?k_raceDate=1984%2F08%2F03&k_raceNo=5&k_babaCode=21,data/cache/html/19840803_kawasaki_5.html
19840803_kawasaki_6,1984-08-03,kawasaki,6,https://www.keiba.go.jp/KeibaWeb/TodayRaceInfo/RaceMarkTable?k_raceDate=1984%2F08%2F03&k_raceNo=6&k_babaCode=21,data/cache/html/19840803_kawasaki_6.html
19840803_kawasaki_7,1984-08-03,kawasaki,7,https://www.keiba.go.jp/KeibaWeb/TodayRaceInfo/RaceMarkTable?k_raceDate=1984%2F08%2F03&k_raceNo=7&k_babaCode=21,data/cache/html/19840803_kawasaki_7.html
19840803_kawasaki_8,1984-08-03,kawasaki,8,https://www.keiba.go.jp/KeibaWeb/TodayRaceInfo/RaceMarkTable?k_raceDate=1984%2F08%2F03&k_raceNo=8&k_babaCode=21,data/cache/html/19840803_kawasaki_8.html
19840803_kawasaki_9,1984-08-03,kawasaki,9,https://www.keiba.go.jp/KeibaWeb/TodayRaceInfo/RaceMarkTable?k_raceDate=1984%2F08%2F03&k_raceNo=9&k_babaCode=21,data/cache/html/19840803_kawasaki_9.html
19840803_kawasaki_10,1984-08-03,kawasaki,10,https://www.keiba.go.jp/KeibaWeb/TodayRaceInfo/RaceMarkTable?k_raceDate=1984%2F08%2F03&k_raceNo=10&k_babaCode=21,data/cache/html/19840803_kawasaki_10.html
19840803_kawasaki_11,1984-08-03,kawasaki,11,https://www.keiba.go.jp/KeibaWeb/TodayRaceInfo/RaceMarkTable?k_raceDate=1984%2F08%2F03&k_raceNo=11&k_babaCode=21,data/cache/html/19840803_kawasaki_11.html
19840803_kawasaki_12,1984-08-03,kawasaki,12,https://www.keiba.go.jp/KeibaWeb/TodayRaceInfo/RaceMarkTable?k_raceDate=1984%2F08%2F03&k_raceNo=12&k_babaCode=21,data/cache/html/19840803_kawasaki_12.html
19840802_kawasaki_1,1984-08-02,kawasaki,1,https://www.keiba.go.jp/KeibaWeb/TodayRaceInfo/RaceMarkTable?k_raceDate=1984%2F08%2F02&k_raceNo=1&k_babaCode=21,data/cache/html/19840802_kawasaki_1.html
19840802_kawasaki_2,1984-08-02,kawasaki,2,https://www.keiba.go.jp/KeibaWeb/TodayRaceInfo/RaceMarkTable?k_raceDate=1984%2F08%2F02&k_raceNo=2&k_babaCode=21,data/cache/html/19840802_kawasaki_2.html
19840802_kawasaki_3,1984-08-02,kawasaki,3,https://www.keiba.go.jp/KeibaWeb/TodayRaceInfo/RaceMarkTable?k_raceDate=1984%2F08%2F02&k_raceNo=3&k_babaCode=21,data/cache/html/19840802_kawasaki_3.html
19840802_kawasaki_4,1984-08-02,kawasaki,4,https://www.keiba.go.jp/KeibaWeb/TodayRaceInfo/RaceMarkTable?k_raceDate=1984%2F08%2F02&k_raceNo=4&k_babaCode=21,data/cache/html/19840802_kawasaki_4.html
19840802_kawasaki_5,1984-08-02,kawasaki,5,https://www.keiba.go.jp/KeibaWeb/TodayRaceInfo/RaceMarkTable?k_raceDate=1984%2F08%2F02&k_raceNo=5&k_babaCode=21,data/cache/html/19840802_kawasaki_5.html
19840802_kawasaki_6,1984-08-02,kawasaki,6,https://www.keiba.go.jp/KeibaWeb/TodayRaceInfo/RaceMarkTable?k_raceDate=1984%2F08%2F02&k_raceNo=6&k_babaCode=21,data/cache/html/19840802_kawasaki_6.html
19840802_kawasaki_7,1984-08-02,kawasaki,7,https://www.keiba.go.jp/KeibaWeb/TodayRaceInfo/RaceMarkTable?k_raceDate=1984%2F08%2F02&k_raceNo=7&k_babaCode=21,data/cache/html/19840802_kawasaki_7.html
19840802_kawasaki_8,1984-08-02,kawasaki,8,https://www.keiba.go.jp/KeibaWeb/TodayRaceInfo/RaceMarkTable?k_raceDate=1984%2F08%2F02&k_raceNo=8&k_babaCode=21,data/cache/html/19840802_kawasaki_8.html
19840802_kawasaki_9,1984-08-02,kawasaki,9,https://www.keiba.go.jp/KeibaWeb/TodayRaceInfo/RaceMarkTable?k_raceDate=1984%2F08%2F02&k_raceNo=9&k_babaCode=21,data/cache/html/19840802_kawasaki_9.html
19840802_kawasaki_10,1984-08-02,kawasaki,10,https://www.keiba.go.jp/KeibaWeb/TodayRaceInfo/RaceMarkTable?k_raceDate=1984%2F08%2F02&k_raceNo=10&k_babaCode=21,data/cache/html/19840802_kawasaki_10.html
19840802_kawasaki_11,1984-08-02,kawasaki,11,https://www.keiba.go.jp/KeibaWeb/TodayRaceInfo/RaceMarkTable?k_raceDate=1984%2F08%2F02&k_raceNo=11&k_babaCode=21,data/cache/html/19840802_kawasaki_11.html
19840802_kawasaki_12,1984-08-02,kawasaki,12,https://www.keiba.go.jp/KeibaWeb/TodayRaceInfo/RaceMarkTable?k_raceDate=1984%2F08%2F02&k_raceNo=12&k_babaCode=21,data/cache/html/19840802_kawasaki_12.html
19840801_kawasaki_1,1984-08-01,kawasaki,1,https://www.keiba.go.jp/KeibaWeb/TodayRaceInfo/RaceMarkTable?k_raceDate=1984%2F08%2F01&k_raceNo=1&k_babaCode=21,data/cache/html/19840801_kawasaki_1.html
19840801_kawasaki_2,1984-08-01,kawasaki,2,https://www.keiba.go.jp/KeibaWeb/TodayRaceInfo/RaceMarkTable?k_raceDate=1984%2F08%2F01&k_raceNo=2&k_babaCode=21,data/cache/html/19840801_kawasaki_2.html
19840801_kawasaki_3,1984-08-01,kawasaki,3,https://www.keiba.go.jp/KeibaWeb/TodayRaceInfo/RaceMarkTable?k_raceDate=1984%2F08%2F01&k_raceNo=3&k_babaCode=21,data/cache/html/19840801_kawasaki_3.html
19840801_kawasaki_4,1984-08-01,kawasaki,4,https://www.keiba.go.jp/KeibaWeb/TodayRaceInfo/RaceMarkTable?k_raceDate=1984%2F08%2F01&k_raceNo=4&k_babaCode=21,data/cache/html/19840801_kawasaki_4.html
19840801_kawasaki_5,1984-08-01,kawasaki,5,https://www.keiba.go.jp/KeibaWeb/TodayRaceInfo/RaceMarkTable?k_raceDate=1984%2F08%2F01&k_raceNo=5&k_babaCode=21,data/cache/html/19840801_kawasaki_5.html
19840801_kawasaki_6,1984-08-01,kawasaki,6,https://www.keiba.go.jp/KeibaWeb/TodayRaceInfo/RaceMarkTable?k_raceDate=1984%2F08%2F01&k_raceNo=6&k_babaCode=21,data/cache/html/19840801_kawasaki_6.html
19840801_kawasaki_7,1984-08-01,kawasaki,7,https://www.keiba.go.jp/KeibaWeb/TodayRaceInfo/RaceMarkTable?k_raceDate=1984%2F08%2F01&k_raceNo=7&k_babaCode=21,data/cache/html/19840801_kawasaki_7.html
19840801_kawasaki_8,1984-08-01,kawasaki,8,https://www.keiba.go.jp/KeibaWeb/TodayRaceInfo/RaceMarkTable?k_raceDate=1984%2F08%2F01&k_raceNo=8&k_babaCode=21,data/cache/html/19840801_kawasaki_8.html
19840801_kawasaki_9,1984-08-01,kawasaki,9,https://www.keiba.go.jp/KeibaWeb/TodayRaceInfo/RaceMarkTable?k_raceDate=1984%2F08%2F01&k_raceNo=9&k_babaCode=21,data/cache/html/19840801_kawasaki_9.html
19840801_kawasaki_10,1984-08-01,kawasaki,10,https://www.keiba.go.jp/KeibaWeb/TodayRaceInfo/RaceMarkTable?k_raceDate=1984%2F08%2F01&k_raceNo=10&k_babaCode=21,data/cache/html/19840801_kawasaki_10.html
19840801_kawasaki_11,1984-08-01,kawasaki,11,https://www.keiba.go.jp/KeibaWeb/TodayRaceInfo/RaceMarkTable?k_raceDate=1984%2F08%2F01&k_raceNo=11&k_babaCode=21,data/cache/html/19840801_kawasaki_11.html
19840801_kawasaki_12,1984-08-01,kawasaki,12,https://www.keiba.go.jp/KeibaWeb/TodayRaceInfo/RaceMarkTable?k_raceDate=1984%2F08%2F01&k_raceNo=12&k_babaCode=21,data/cache/html/19840801_kawasaki_12.html
19840731_kawasaki_1,1984-07-31,kawasaki,1,https://www.keiba.go.jp/KeibaWeb/TodayRaceInfo/RaceMarkTable?k_raceDate=1984%2F07%2F31&k_raceNo=1&k_babaCode=21,data/cache/html/19840731_kawasaki_1.html
19840731_kawasaki_2,1984-07-31,kawasaki,2,https://www.keiba.go.jp/KeibaWeb/TodayRaceInfo/RaceMarkTable?k_raceDate=1984%2F07%2F31&k_raceNo=2&k_babaCode=21,data/cache/html/19840731_kawasaki_2.html
19840731_kawasaki_3,1984-07-31,kawasaki,3,https://www.keiba.go.jp/KeibaWeb/TodayRaceInfo/RaceMarkTable?k_raceDate=1984%2F07%2F31&k_raceNo=3&k_babaCode=21,data/cache/html/19840731_kawasaki_3.html
19840731_kawasaki_4,1984-07-31,kawasaki,4,https://www.keiba.go.jp/KeibaWeb/TodayRaceInfo/RaceMarkTable?k_raceDate=1984%2F07%2F31&k_raceNo=4&k_babaCode=21,data/cache/html/19840731_kawasaki_4.html
19840731_kawasaki_5,1984-07-31,kawasaki,5,https://www.keiba.go.jp/KeibaWeb/TodayRaceInfo/RaceMarkTable?k_raceDate=1984%2F07%2F31&k_raceNo=5&k_babaCode=21,data/cache/html/19840731_kawasaki_5.html
19840731_kawasaki_6,1984-07-31,kawasaki,6,https://www.keiba.go.jp/KeibaWeb/TodayRaceInfo/RaceMarkTable?k_raceDate=1984%2F07%2F31&k_raceNo=6&k_babaCode=21,data/cache/html/19840731_kawasaki_6.html
19840731_kawasaki_7,1984-07-31,kawasaki,7,https://www.keiba.go.jp/KeibaWeb/TodayRaceInfo/RaceMarkTable?k_raceDate=1984%2F07%2F31&k_raceNo=7&k_babaCode=21,data/cache/html/19840731_kawasaki_7.html
19840731_kawasaki_8,1984-07-31,kawasaki,8,https://www.keiba.go.jp/KeibaWeb/TodayRaceInfo/RaceMarkTable?k_raceDate=1984%2F07%2F31&k_raceNo=8&k_babaCode=21,data/cache/html/19840731_kawasaki_8.html
19840731_kawasaki_9,1984-07-31,kawasaki,9,https://www.keiba.go.jp/KeibaWeb/TodayRaceInfo/RaceMarkTable?k_raceDate=1984%2F07%2F31&k_raceNo=9&k_babaCode=21,data/cache/html/19840731_kawasaki_9.html
19840731_kawasaki_10,1984-07-31,kawasaki,10,https://www.keiba.go.jp/KeibaWeb/TodayRaceInfo/RaceMarkTable?k_raceDate=1984%2F07%2F31&k_raceNo=10&k_babaCode=21,data/cache/html/19840731_kawasaki_10.html
19840731_kawasaki_11,1984-07-31,kawasaki,11,https://www.keiba.go.jp/KeibaWeb/TodayRaceInfo/RaceMarkTable?k_raceDate=1984%2F07%2F31&k_raceNo=11&k_babaCode=21,data/cache/html/19840731_kawasaki_11.html
19840731_kawasaki_12,1984-07-31,kawasaki,12,https://www.keiba.go.jp/KeibaWeb/TodayRaceInfo/RaceMarkTable?k_raceDate=1984%2F07%2F31&k_raceNo=12&k_babaCode=21,data/cache/html/19840731_kawasaki_12.html
19840730_kawasaki_1,1984-07-30,kawasaki,1,https://www.keiba.go.jp/KeibaWeb/TodayRaceInfo/RaceMarkTable?k_raceDate=1984%2F07%2F30&k_raceNo=1&k_babaCode=21,data/cache/html/19840730_kawasaki_1.html
19840730_kawasaki_2,1984-07-30,kawasaki,2,https://www.keiba.go.jp/KeibaWeb/TodayRaceInfo/RaceMarkTable?k_raceDate=1984%2F07%2F30&k_raceNo=2&k_babaCode=21,data/cache/html/19840730_kawasaki_2.html
19840730_kawasaki_3,1984-07-30,kawasaki,3,https://www.keiba.go.jp/KeibaWeb/TodayRaceInfo/RaceMarkTable?k_raceDate=1984%2F07%2F30&k_raceNo=3&k_babaCode=21,data/cache/html/19840730_kawasaki_3.html
19840730_kawasaki_4,1984-07-30,kawasaki,4,https://www.keiba.go.jp/KeibaWeb/TodayRaceInfo/RaceMarkTable?k_raceDate=1984%2F07%2F30&k_raceNo=4&k_babaCode=21,data/cache/html/19840730_kawasaki_4.html
19840730_kawasaki_5,1984-07-30,kawasaki,5,https://www.keiba.go.jp/KeibaWeb/TodayRaceInfo/RaceMarkTable?k_raceDate=1984%2F07%2F30&k_raceNo=5&k_babaCode=21,data/cache/html/19840730_kawasaki_5.html
19840730_kawasaki_6,1984-07-30,kawasaki,6,https://www.keiba.go.jp/KeibaWeb/TodayRaceInfo/RaceMarkTable?k_raceDate=1984%2F07%2F30&k_raceNo=6&k_babaCode=21,data/cache/html/19840730_kawasaki_6.html
19840730_kawasaki_7,1984-07-30,kawasaki,7,https://www.keiba.go.jp/KeibaWeb/TodayRaceInfo/RaceMarkTable?k_raceDate=1984%2F07%2F30&k_raceNo=7&k_babaCode=21,data/cache/html/19840730_kawasaki_7.html
19840730_kawasaki_8,1984-07-30,kawasaki,8,https://www.keiba.go.jp/KeibaWeb/TodayRaceInfo/RaceMarkTable?k_raceDate=1984%2F07%2F30&k_raceNo=8&k_babaCode=21,data/cache/html/19840730_kawasaki_8.html
19840730_kawasaki_9,1984-07-30,kawasaki,9,https://www.keiba.go.jp/KeibaWeb/TodayRaceInfo/RaceMarkTable?k_raceDate=1984%2F07%2F30&k_raceNo=9&k_babaCode=21,data/cache/html/19840730_kawasaki_9.html
19840730_kawasaki_10,1984-07-30,kawasaki,10,https://www.keiba.go.jp/KeibaWeb/TodayRaceInfo/RaceMarkTable?k_raceDate=1984%2F07%2F30&k_raceNo=10&k_babaCode=21,data/cache/html/19840730_kawasaki_10.html
19840730_kawasaki_11,1984-07-30,kawasaki,11,https://www.keiba.go.jp/KeibaWeb/TodayRaceInfo/RaceMarkTable?k_raceDate=1984%2F07%2F30&k_raceNo=11&k_babaCode=21,data/cache/html/19840730_kawasaki_11.html
19840730_kawasaki_12,1984-07-30,kawasaki,12,https://www.keiba.go.jp/KeibaWeb/TodayRaceInfo/RaceMarkTable?k_raceDate=1984%2F07%2F30&k_raceNo=12&k_babaCode=21,data/cache/html/19840730_kawasaki_12.html
19840729_kawasaki_1,1984-07-29,kawasaki,1,https://www.keiba.go.jp/KeibaWeb/TodayRaceInfo/RaceMarkTable?k_raceDate=1984%2F07%2F29&k_raceNo=1&k_babaCode=21,data/cache/html/19840729_kawasaki_1.html
19840729_kawasaki_2,1984-07-29,kawasaki,2,https://www.keiba.go.jp/KeibaWeb/TodayRaceInfo/RaceMarkTable?k_raceDate=1984%2F07%2F29&k_raceNo=2&k_babaCode=21,data/cache/html/19840729_kawasaki_2.html
19840729_kawasaki_3,1984-07-29,kawasaki,3,https://www.keiba.go.jp/KeibaWeb/TodayRaceInfo/RaceMarkTable?k_raceDate=1984%2F07%2F29&k_raceNo=3&k_babaCode=21,data/cache/html/19840729_kawasaki_3.html
19840729_kawasaki_4,1984-07-29,kawasaki,4,https://www.keiba.go.jp/KeibaWeb/TodayRaceInfo/RaceMarkTable?k_raceDate=1984%2F07%2F29&k_raceNo=4&k_babaCode=21,data/cache/html/19840729_kawasaki_4.html
19840729_kawasaki_5,1984-07-29,kawasaki,5,https://www.keiba.go.jp/KeibaWeb/TodayRaceInfo/RaceMarkTable?k_raceDate=1984%2F07%2F29&k_raceNo=5&k_babaCode=21,data/cache/html/19840729_kawasaki_5.html
19840729_kawasaki_6,1984-07-29,kawasaki,6,https://www.keiba.go.jp/KeibaWeb/TodayRaceInfo/RaceMarkTable?k_raceDate=1984%2F07%2F29&k_raceNo=6&k_babaCode=21,data/cache/html/19840729_kawasaki_6.html
19840729_kawasaki_7,1984-07-29,kawasaki,7,https://www.keiba.go.jp/KeibaWeb/TodayRaceInfo/RaceMarkTable?k_raceDate=1984%2F07%2F29&k_raceNo=7&k_babaCode=21,data/cache/html/19840729_kawasaki_7.html
19840729_kawasaki_8,1984-07-29,kawasaki,8,https://www.keiba.go.jp/KeibaWeb/TodayRaceInfo/RaceMarkTable?k_raceDate=1984%2F07%2F29&k_raceNo=8&k_babaCode=21,data/cache/html/19840729_kawasaki_8.html
19840729_kawasaki_9,1984-07-29,kawasaki,9,https://www.keiba.go.jp/KeibaWeb/TodayRaceInfo/RaceMarkTable?k_raceDate=1984%2F07%2F29&k_raceNo=9&k_babaCode=21,data/cache/html/19840729_kawasaki_9.html
19840729_kawasaki_10,1984-07-29,kawasaki,10,https://www.keiba.go.jp/KeibaWeb/TodayRaceInfo/RaceMarkTable?k_raceDate=1984%2F07%2F29&k_raceNo=10&k_babaCode=21,data/cache/html/19840729_kawasaki_10.html
19840729_kawasaki_11,1984-07-29,kawasaki,11,https://www.keiba.go.jp/KeibaWeb/TodayRaceInfo/RaceMarkTable?k_raceDate=1984%2F07%2F29&k_raceNo=11&k_babaCode=21,data/cache/html/19840729_kawasaki_11.html
19840729_kawasaki_12,1984-07-29,kawasaki,12,https://www.keiba.go.jp/KeibaWeb/TodayRaceInfo/RaceMarkTable?k_raceDate=1984%2F07%2F29&k_raceNo=12&k_babaCode=21,data/cache/html/19840729_kawasaki_12.html
19840728_kawasaki_1,1984-07-28,kawasaki,1,https://www.keiba.go.jp/KeibaWeb/TodayRaceInfo/RaceMarkTable?k_raceDate=1984%2F07%2F28&k_raceNo=1&k_babaCode=21,data/cache/html/19840728_kawasaki_1.html
19840728_kawasaki_2,1984-07-28,kawasaki,2,https://www.keiba.go.jp/KeibaWeb/TodayRaceInfo/RaceMarkTable?k_raceDate=1984%2F07%2F28&k_raceNo=2&k_babaCode=21,data/cache/html/19840728_kawasaki_2.html
19840728_kawasaki_3,1984-07-28,kawasaki,3,https://www.keiba.go.jp/KeibaWeb/TodayRaceInfo/RaceMarkTable?k_raceDate=1984%2F07%2F28&k_raceNo=3&k_babaCode=21,data/cache/html/19840728_kawasaki_3.html
19840728_kawasaki_4,1984-07-28,kawasaki,4,https://www.keiba.go.jp/KeibaWeb/TodayRaceInfo/RaceMarkTable?k_raceDate=1984%2F07%2F28&k_raceNo=4&k_babaCode=21,data/cache/html/19840728_kawasaki_4.html
19840728_kawasaki_5,1984-07-28,kawasaki,5,https://www.keiba.go.jp/KeibaWeb/TodayRaceInfo/RaceMarkTable?k_raceDate=1984%2F07%2F28&k_raceNo=5&k_babaCode=21,data/cache/html/19840728_kawasaki_5.html
19840728_kawasaki_6,1984-07-28,kawasaki,6,https://www.keiba.go.jp/KeibaWeb/TodayRaceInfo/RaceMarkTable?k_raceDate=1984%2F07%2F28&k_raceNo=6&k_babaCode=21,data/cache/html/19840728_kawasaki_6.html
19840728_kawasaki_7,1984-07-28,kawasaki,7,https://www.keiba.go.jp/KeibaWeb/TodayRaceInfo/RaceMarkTable?k_raceDate=1984%2F07%2F28&k_raceNo=7&k_babaCode=21,data/cache/html/19840728_kawasaki_7.html
19840728_kawasaki_8,1984-07-28,kawasaki,8,https://www.keiba.go.jp/KeibaWeb/TodayRaceInfo/RaceMarkTable?k_raceDate=1984%2F07%2F28&k_raceNo=8&k_babaCode=21,data/cache/html/19840728_kawasaki_8.html
19840728_kawasaki_9,1984-07-28,kawasaki,9,https://www.keiba.go.jp/KeibaWeb/TodayRaceInfo/RaceMarkTable?k_raceDate=1984%2F07%2F28&k_raceNo=9&k_babaCode=21,data/cache/html/19840728_kawasaki_9.html
19840728_kawasaki_10,1984-07-28,kawasaki,10,https://www.keiba.go.jp/KeibaWeb/TodayRaceInfo/RaceMarkTable?k_raceDate=1984%2F07%2F28&k_raceNo=10&k_babaCode=21,data/cache/html/19840728_kawasaki_10.html
19840728_kawasaki_11,1984-07-28,kawasaki,11,https://www.keiba.go.jp/KeibaWeb/TodayRaceInfo/RaceMarkTable?k_raceDate=1984%2F07%2F28&k_raceNo=11&k_babaCode=21,data/cache/html/19840728_kawasaki_11.html
19840728_kawasaki_12,1984-07-28,kawasaki,12,https://www.keiba.go.jp/KeibaWeb/TodayRaceInfo/RaceMarkTable?k_raceDate=1984%2F07%2F28&k_raceNo=12&k_babaCode=21,data/cache/html/19840728_kawasaki_12.html
19840727_kawasaki_1,1984-07-27,kawasaki,1,https://www.keiba.go.jp/KeibaWeb/TodayRaceInfo/RaceMarkTable?k_raceDate=1984%2F07%2F27&k_raceNo=1&k_babaCode=21,data/cache/html/19840727_kawasaki_1.html
19840727_kawasaki_2,1984-07-27,kawasaki,2,https://www.keiba.go.jp/KeibaWeb/TodayRaceInfo/RaceMarkTable?k_raceDate=1984%2F07%2F27&k_raceNo=2&k_babaCode=21,data/cache/html/19840727_kawasaki_2.html
19840727_kawasaki_3,1984-07-27,kawasaki,3,https://www.keiba.go.jp/KeibaWeb/TodayRaceInfo/RaceMarkTable?k_raceDate=1984%2F07%2F27&k_raceNo=3&k_babaCode=21,data/cache/html/19840727_kawasaki_3.html
19840727_kawasaki_4,1984-07-27,kawasaki,4,https://www.keiba.go.jp/KeibaWeb/TodayRaceInfo/RaceMarkTable?k_raceDate=1984%2F07%2F27&k_raceNo=4&k_babaCode=21,data/cache/html/19840727_kawasaki_4.html
19840727_kawasaki_5,1984-07-27,kawasaki,5,https://www.keiba.go.jp/KeibaWeb/TodayRaceInfo/RaceMarkTable?k_raceDate=1984%2F07%2F27&k_raceNo=5&k_babaCode=21,data/cache/html/19840727_kawasaki_5.html
19840727_kawasaki_6,1984-07-27,kawasaki,6,https://www.keiba.go.jp/KeibaWeb/TodayRaceInfo/RaceMarkTable?k_raceDate=1984%2F07%2F27&k_raceNo=6&k_babaCode=21,data/cache/html/19840727_kawasaki_6.html
19840727_kawasaki_7,1984-07-27,kawasaki,7,https://www.keiba.go.jp/KeibaWeb/TodayRaceInfo/RaceMarkTable?k_raceDate=1984%2F07%2F27&k_raceNo=7&k_babaCode=21,data/cache/html/19840727_kawasaki_7.html
19840727_kawasaki_8,1984-07-27,kawasaki,8,https://www.keiba.go.jp/KeibaWeb/TodayRaceInfo/RaceMarkTable?k_raceDate=1984%2F07%2F27&k_raceNo=8&k_babaCode=21,data/cache/html/19840727_kawasaki_8.html
19840727_kawasaki_9,1984-07-27,kawasaki,9,https://www.keiba.go.jp/KeibaWeb/TodayRaceInfo/RaceMarkTable?k_raceDate=1984%2F07%2F27&k_raceNo=9&k_babaCode=21,data/cache/html/19840727_kawasaki_9.html
19840727_kawasaki_10,1984-07-27,kawasaki,10,https://www.keiba.go.jp/KeibaWeb/TodayRaceInfo/RaceMarkTable?k_raceDate=1984%2F07%2F27&k_raceNo=10&k_babaCode=21,data/cache/html/19840727_kawasaki_10.html
19840727_kawasaki_11,1984-07-27,kawasaki,11,https://www.keiba.go.jp/KeibaWeb/TodayRaceInfo/RaceMarkTable?k_raceDate=1984%2F07%2F27&k_raceNo=11&k_babaCode=21,data/cache/html/19840727_kawasaki_11.html
19840727_kawasaki_12,1984-07-27,kawasaki,12,https://www.keiba.go.jp/KeibaWeb/TodayRaceInfo/RaceMarkTable?k_raceDate=1984%2F07%2F27&k_raceNo=12&k_babaCode=21,data/cache/html/19840727_kawasaki_12.html
19840726_kawasaki_1,1984-07-26,kawasaki,1,https://www.keiba.go.jp/KeibaWeb/TodayRaceInfo/RaceMarkTable?k_raceDate=1984%2F07%2F26&k_raceNo=1&k_babaCode=21,data/cache/html/19840726_kawasaki_1.html
19840726_kawasaki_2,1984-07-26,kawasaki,2,https://www.keiba.go.jp/KeibaWeb/TodayRaceInfo/RaceMarkTable?k_raceDate=1984%2F07%2F26&k_raceNo=2&k_babaCode=21,data/cache/html/19840726_kawasaki_2.html
19840726_kawasaki_3,1984-07-26,kawasaki,3,https://www.keiba.go.jp/KeibaWeb/TodayRaceInfo/RaceMarkTable?k_raceDate=1984%2F07%2F26&k_raceNo=3&k_babaCode=21,data/cache/html/19840726_kawasaki_3.html
19840726_kawasaki_4,1984-07-26,kawasaki,4,https://www.keiba.go.jp/KeibaWeb/TodayRaceInfo/RaceMarkTable?k_raceDate=1984%2F07%2F26&k_raceNo=4&k_babaCode=21,data/cache/html/19840726_kawasaki_4.html
19840726_kawasaki_5,1984-07-26,kawasaki,5,https://www.keiba.go.jp/KeibaWeb/TodayRaceInfo/RaceMarkTable?k_raceDate=1984%2F07%2F26&k_raceNo=5&k_babaCode=21,data/cache/html/19840726_kawasaki_5.html
19840726_kawasaki_6,1984-07-26,kawasaki,6,https://www.keiba.go.jp/KeibaWeb/TodayRaceInfo/RaceMarkTable?k_raceDate=1984%2F07%2F26&k_raceNo=6&k_babaCode=21,data/cache/html/19840726_kawasaki_6.html
19840726_kawasaki_7,1984-07-26,kawasaki,7,https://www.keiba.go.jp/KeibaWeb/TodayRaceInfo/RaceMarkTable?k_raceDate=1984%2F07%2F26&k_raceNo=7&k_babaCode=21,data/cache/html/19840726_kawasaki_7.html
19840726_kawasaki_8,1984-07-26,kawasaki,8,https://www.keiba.go.jp/KeibaWeb/TodayRaceInfo/RaceMarkTable?k_raceDate=1984%2F07%2F26&k_raceNo=8&k_babaCode=21,data/cache/html/19840726_kawasaki_8.html
19840726_kawasaki_9,1984-07-26,kawasaki,9,https://www.keiba.go.jp/KeibaWeb/TodayRaceInfo/RaceMarkTable?k_raceDate=1984%2F07%2F26&k_raceNo=9&k_babaCode=21,data/cache/html/19840726_kawasaki_9.html
19840726_kawasaki_10,1984-07-26,kawasaki,10,https://www.keiba.go.jp/KeibaWeb/TodayRaceInfo/RaceMarkTable?k_raceDate=1984%2F07%2F26&k_raceNo=10&k_babaCode=21,data/cache/html/19840726_kawasaki_10.html
19840726_kawasaki_11,1984-07-26,kawasaki,11,https://www.keiba.go.jp/KeibaWeb/TodayRaceInfo/RaceMarkTable?k_raceDate=1984%2F07%2F26&k_raceNo=11&k_babaCode=21,data/cache/html/19840726_kawasaki_11.html
19840726_kawasaki_12,1984-07-26,kawasaki,12,https://www.keiba.go.jp/KeibaWeb/TodayRaceInfo/RaceMarkTable?k_raceDate=1984%2F07%2F26&k_raceNo=12&k_babaCode=21,data/cache/html/19840726_kawasaki_12.html
19840725_kawasaki_1,1984-07-25,kawasaki,1,https://www.keiba.go.jp/KeibaWeb/TodayRaceInfo/RaceMarkTable?k_raceDate=1984%2F07%2F25&k_raceNo=1&k_babaCode=21,data/cache/html/19840725_kawasaki_1.html
19840725_kawasaki_2,1984-07-25,kawasaki,2,https://www.keiba.go.jp/KeibaWeb/TodayRaceInfo/RaceMarkTable?k_raceDate=1984%2F07%2F25&k_raceNo=2&k_babaCode=21,data/cache/html/19840725_kawasaki_2.html
19840725_kawasaki_3,1984-07-25,kawasaki,3,https://www.keiba.go.jp/KeibaWeb/TodayRaceInfo/RaceMarkTable?k_raceDate=1984%2F07%2F25&k_raceNo=3&k_babaCode=21,data/cache/html/19840725_kawasaki_3.html
19840725_kawasaki_4,1984-07-25,kawasaki,4,https://www.keiba.go.jp/KeibaWeb/TodayRaceInfo/RaceMarkTable?k_raceDate=1984%2F07%2F25&k_raceNo=4&k_babaCode=21,data/cache/html/19840725_kawasaki_4.html
19840725_kawasaki_5,1984-07-25,kawasaki,5,https://www.keiba.go.jp/KeibaWeb/TodayRaceInfo/RaceMarkTable?k_raceDate=1984%2F07%2F25&k_raceNo=5&k_babaCode=21,data/cache/html/19840725_kawasaki_5.html
19840725_kawasaki_6,1984-07-25,kawasaki,6,https://www.keiba.go.jp/KeibaWeb/TodayRaceInfo/RaceMarkTable?k_raceDate=1984%2F07%2F25&k_raceNo=6&k_babaCode=21,data/cache/html/19840725_kawasaki_6.html
19840725_kawasaki_7,1984-07-25,kawasaki,7,https://www.keiba.go.jp/KeibaWeb/TodayRaceInfo/RaceMarkTable?k_raceDate=1984%2F07%2F25&k_raceNo=7&k_babaCode=21,data/cache/html/19840725_kawasaki_7.html
19840725_kawasaki_8,1984-07-25,kawasaki,8,https://www.keiba.go.jp/KeibaWeb/TodayRaceInfo/RaceMarkTable?k_raceDate=1984%2F07%2F25&k_raceNo=8&k_babaCode=21,data/cache/html/19840725_kawasaki_8.html
19840725_kawasaki_9,1984-07-25,kawasaki,9,https://www.keiba.go.jp/KeibaWeb/TodayRaceInfo/RaceMarkTable?k_raceDate=1984%2F07%2F25&k_raceNo=9&k_babaCode=21,data/cache/html/19840725_kawasaki_9.html
19840725_kawasaki_10,1984-07-25,kawasaki,10,https://www.keiba.go.jp/KeibaWeb/TodayRaceInfo/RaceMarkTable?k_raceDate=1984%2F07%2F25&k_raceNo=10&k_babaCode=21,data/cache/html/19840725_kawasaki_10.html
19840725_kawasaki_11,1984-07-25,kawasaki,11,https://www.keiba.go.jp/KeibaWeb/TodayRaceInfo/RaceMarkTable?k_raceDate=1984%2F07%2F25&k_raceNo=11&k_babaCode=21,data/cache/html/19840725_kawasaki_11.html
19840725_kawasaki_12,1984-07-25,kawasaki,12,https://www.keiba.go.jp/KeibaWeb/TodayRaceInfo/RaceMarkTable?k_raceDate=1984%2F07%2F25&k_raceNo=12&k_babaCode=21,data/cache/html/19840725_kawasaki_12.html
19840724_kawasaki_1,1984-07-24,kawasaki,1,https://www.keiba.go.jp/KeibaWeb/TodayRaceInfo/RaceMarkTable?k_raceDate=1984%2F07%2F24&k_raceNo=1&k_babaCode=21,data/cache/html/19840724_kawasaki_1.html
19840724_kawasaki_2,1984-07-24,kawasaki,2,https://www.keiba.go.jp/KeibaWeb/TodayRaceInfo/RaceMarkTable?k_raceDate=1984%2F07%2F24&k_raceNo=2&k_babaCode=21,data/cache/html/19840724_kawasaki_2.html
19840724_kawasaki_3,1984-07-24,kawasaki,3,https://www.keiba.go.jp/KeibaWeb/TodayRaceInfo/RaceMarkTable?k_raceDate=1984%2F07%2F24&k_raceNo=3&k_babaCode=21,data/cache/html/19840724_kawasaki_3.html
19840724_kawasaki_4,1984-07-24,kawasaki,4,https://www.keiba.go.jp/KeibaWeb/TodayRaceInfo/RaceMarkTable?k_raceDate=1984%2F07%2F24&k_raceNo=4&k_babaCode=21,data/cache/html/19840724_kawasaki_4.html
19840724_kawasaki_5,1984-07-24,kawasaki,5,https://www.keiba.go.jp/KeibaWeb/TodayRaceInfo/RaceMarkTable?k_raceDate=1984%2F07%2F24&k_raceNo=5&k_babaCode=21,data/cache/html/19840724_kawasaki_5.html
19840724_kawasaki_6,1984-07-24,kawasaki,6,https://www.keiba.go.jp/KeibaWeb/TodayRaceInfo/RaceMarkTable?k_raceDate=1984%2F07%2F24&k_raceNo=6&k_babaCode=21,data/cache/html/19840724_kawasaki_6.html
19840724_kawasaki_7,1984-07-24,kawasaki,7,https://www.keiba.go.jp/KeibaWeb/TodayRaceInfo/RaceMarkTable?k_raceDate=1984%2F07%2F24&k_raceNo=7&k_babaCode=21,data/cache/html/19840724_kawasaki_7.html
19840724_kawasaki_8,1984-07-24,kawasaki,8,https://www.keiba.go.jp/KeibaWeb/TodayRaceInfo/RaceMarkTable?k_raceDate=1984%2F07%2F24&k_raceNo=8&k_babaCode=21,data/cache/html/19840724_kawasaki_8.html
19840724_kawasaki_9,1984-07-24,kawasaki,9,https://www.keiba.go.jp/KeibaWeb/TodayRaceInfo/RaceMarkTable?k_raceDate=1984%2F07%2F24&k_raceNo=9&k_babaCode=21,data/cache/html/19840724_kawasaki_9.html
19840724_kawasaki_10,1984-07-24,kawasaki,10,https://www.keiba.go.jp/KeibaWeb/TodayRaceInfo/RaceMarkTable?k_raceDate=1984%2F07%2F24&k_raceNo=10&k_babaCode=21,data/cache/html/19840724_kawasaki_10.html
19840724_kawasaki_11,1984-07-24,kawasaki,11,https://www.keiba.go.jp/KeibaWeb/TodayRaceInfo/RaceMarkTable?k_raceDate=1984%2F07%2F24&k_raceNo=11&k_babaCode=21,data/cache/html/19840724_kawasaki_11.html
19840724_kawasaki_12,1984-07-24,kawasaki,12,https://www.keiba.go.jp/KeibaWeb/TodayRaceInfo/RaceMarkTable?k_raceDate=1984%2F07%2F24&k_raceNo=12&k_babaCode=21,data/cache/html/19840724_kawasaki_12.html
19840723_kawasaki_1,1984-07-23,kawasaki,1,https://www.keiba.go.jp/KeibaWeb/TodayRaceInfo/RaceMarkTable?k_raceDate=1984%2F07%2F23&k_raceNo=1&k_babaCode=21,data/cache/html/19840723_kawasaki_1.html
19840723_kawasaki_2,1984-07-23,kawasaki,2,https://www.keiba.go.jp/KeibaWeb/TodayRaceInfo/RaceMarkTable?k_raceDate=1984%2F07%2F23&k_raceNo=2&k_babaCode=21,data/cache/html/19840723_kawasaki_2.html
19840723_kawasaki_3,1984-07-23,kawasaki,3,https://www.keiba.go.jp/KeibaWeb/TodayRaceInfo/RaceMarkTable?k_raceDate=1984%2F07%2F23&k_raceNo=3&k_babaCode=21,data/cache/html/19840723_kawasaki_3.html
19840723_kawasaki_4,1984-07-23,kawasaki,4,https://www.keiba.go.jp/KeibaWeb/TodayRaceInfo/RaceMarkTable?k_raceDate=1984%2F07%2F23&k_raceNo=4&k_babaCode=21,data/cache/html/19840723_kawasaki_4.html
19840723_kawasaki_5,1984-07-23,kawasaki,5,https://www.keiba.go.jp/KeibaWeb/TodayRaceInfo/RaceMarkTable?k_raceDate=1984%2F07%2F23&k_raceNo=5&k_babaCode=21,data/cache/html/19840723_kawasaki_5.html
19840723_kawasaki_6,1984-07-23,kawasaki,6,https://www.keiba.go.jp/KeibaWeb/TodayRaceInfo/RaceMarkTable?k_raceDate=1984%2F07%2F23&k_raceNo=6&k_babaCode=21,data/cache/html/19840723_kawasaki_6.html
19840723_kawasaki_7,1984-07-23,kawasaki,7,https://www.keiba.go.jp/KeibaWeb/TodayRaceInfo/RaceMarkTable?k_raceDate=1984%2F07%2F23&k_raceNo=7&k_babaCode=21,data/cache/html/19840723_kawasaki_7.html
19840723_kawasaki_8,1984-07-23,kawasaki,8,https://www.keiba.go.jp/KeibaWeb/TodayRaceInfo/RaceMarkTable?k_raceDate=1984%2F07%2F23&k_raceNo=8&k_babaCode=21,data/cache/html/19840723_kawasaki_8.html
19840723_kawasaki_9,1984-07-23,kawasaki,9,https://www.keiba.go.jp/KeibaWeb/TodayRaceInfo/RaceMarkTable?k_raceDate=1984%2F07%2F23&k_raceNo=9&k_babaCode=21,data/cache/html/19840723_kawasaki_9.html
19840723_kawasaki_10,1984-07-23,kawasaki,10,https://www.keiba.go.jp/KeibaWeb/TodayRaceInfo/RaceMarkTable?k_raceDate=1984%2F07%2F23&k_raceNo=10&k_babaCode=21,data/cache/html/19840723_kawasaki_10.html
19840723_kawasaki_11,1984-07-23,kawasaki,11,https://www.keiba.go.jp/KeibaWeb/TodayRaceInfo/RaceMarkTable?k_raceDate=1984%2F07%2F23&k_raceNo=11&k_babaCode=21,data/cache/html/19840723_kawasaki_11.html
19840723_kawasaki_12,1984-07-23,kawasaki,12,https://www.keiba.go.jp/KeibaWeb/TodayRaceInfo/RaceMarkTable?k_raceDate=1984%2F07%2F23&k_raceNo=12&k_babaCode=21,data/cache/html/19840723_kawasaki_12.html
19840722_kawasaki_1,1984-07-22,kawasaki,1,https://www.keiba.go.jp/KeibaWeb/TodayRaceInfo/RaceMarkTable?k_raceDate=1984%2F07%2F22&k_raceNo=1&k_babaCode=21,data/cache/html/19840722_kawasaki_1.html
19840722_kawasaki_2,1984-07-22,kawasaki,2,https://www.keiba.go.jp/KeibaWeb/TodayRaceInfo/RaceMarkTable?k_raceDate=1984%2F07%2F22&k_raceNo=2&k_babaCode=21,data/cache/html/19840722_kawasaki_2.html
19840722_kawasaki_3,1984-07-22,kawasaki,3,https://www.keiba.go.jp/KeibaWeb/TodayRaceInfo/RaceMarkTable?k_raceDate=1984%2F07%2F22&k_raceNo=3&k_babaCode=21,data/cache/html/19840722_kawasaki_3.html
19840722_kawasaki_4,1984-07-22,kawasaki,4,https://www.keiba.go.jp/KeibaWeb/TodayRaceInfo/RaceMarkTable?k_raceDate=1984%2F07%2F22&k_raceNo=4&k_babaCode=21,data/cache/html/19840722_kawasaki_4.html
19840722_kawasaki_5,1984-07-22,kawasaki,5,https://www.keiba.go.jp/KeibaWeb/TodayRaceInfo/RaceMarkTable?k_raceDate=1984%2F07%2F22&k_raceNo=5&k_babaCode=21,data/cache/html/19840722_kawasaki_5.html
19840722_kawasaki_6,1984-07-22,kawasaki,6,https://www.keiba.go.jp/KeibaWeb/TodayRaceInfo/RaceMarkTable?k_raceDate=1984%2F07%2F22&k_raceNo=6&k_babaCode=21,data/cache/html/19840722_kawasaki_6.html
19840722_kawasaki_7,1984-07-22,kawasaki,7,https://www.keiba.go.jp/KeibaWeb/TodayRaceInfo/RaceMarkTable?k_raceDate=1984%2F07%2F22&k_raceNo=7&k_babaCode=21,data/cache/html/19840722_kawasaki_7.html
19840722_kawasaki_8,1984-07-22,kawasaki,8,https://www.keiba.go.jp/KeibaWeb/TodayRaceInfo/RaceMarkTable?k_raceDate=1984%2F07%2F22&k_raceNo=8&k_babaCode=21,data/cache/html/19840722_kawasaki_8.html
19840722_kawasaki_9,1984-07-22,kawasaki,9,https://www.keiba.go.jp/KeibaWeb/TodayRaceInfo/RaceMarkTable?k_raceDate=1984%2F07%2F22&k_raceNo=9&k_babaCode=21,data/cache/html/19840722_kawasaki_9.html
19840722_kawasaki_10,1984-07-22,kawasaki,10,https://www.keiba.go.jp/KeibaWeb/TodayRaceInfo/RaceMarkTable?k_raceDate=1984%2F07%2F22&k_raceNo=10&k_babaCode=21,data/cache/html/19840722_kawasaki_10.html
19840722_kawasaki_11,1984-07-22,kawasaki,11,https://www.keiba.go.jp/KeibaWeb/TodayRaceInfo/RaceMarkTable?k_raceDate=1984%2F07%2F22&k_raceNo=11&k_babaCode=21,data/cache/html/19840722_kawasaki_11.html
19840722_kawasaki_12,1984-07-22,kawasaki,12,https://www.keiba.go.jp/KeibaWeb/TodayRaceInfo/RaceMarkTable?k_raceDate=1984%2F07%2F22&k_raceNo=12&k_babaCode=21,data/cache/html/19840722_kawasaki_12.html
19840721_kawasaki_1,1984-07-21,kawasaki,1,https://www.keiba.go.jp/KeibaWeb/TodayRaceInfo/RaceMarkTable?k_raceDate=1984%2F07%2F21&k_raceNo=1&k_babaCode=21,data/cache/html/19840721_kawasaki_1.html
19840721_kawasaki_2,1984-07-21,kawasaki,2,https://www.keiba.go.jp/KeibaWeb/TodayRaceInfo/RaceMarkTable?k_raceDate=1984%2F07%2F21&k_raceNo=2&k_babaCode=21,data/cache/html/19840721_kawasaki_2.html
19840721_kawasaki_3,1984-07-21,kawasaki,3,https://www.keiba.go.jp/KeibaWeb/TodayRaceInfo/RaceMarkTable?k_raceDate=1984%2F07%2F21&k_raceNo=3&k_babaCode=21,data/cache/html/19840721_kawasaki_3.html
19840721_kawasaki_4,1984-07-21,kawasaki,4,https://www.keiba.go.jp/KeibaWeb/TodayRaceInfo/RaceMarkTable?k_raceDate=1984%2F07%2F21&k_raceNo=4&k_babaCode=21,data/cache/html/19840721_kawasaki_4.html
19840721_kawasaki_5,1984-07-21,kawasaki,5,https://www.keiba.go.jp/KeibaWeb/TodayRaceInfo/RaceMarkTable?k_raceDate=1984%2F07%2F21&k_raceNo=5&k_babaCode=21,data/cache/html/19840721_kawasaki_5.html
19840721_kawasaki_6,1984-07-21,kawasaki,6,https://www.keiba.go.jp/KeibaWeb/TodayRaceInfo/RaceMarkTable?k_raceDate=1984%2F07%2F21&k_raceNo=6&k_babaCode=21,data/cache/html/19840721_kawasaki_6.html
19840721_kawasaki_7,1984-07-21,kawasaki,7,https://www.keiba.go.jp/KeibaWeb/TodayRaceInfo/RaceMarkTable?k_raceDate=1984%2F07%2F21&k_raceNo=7&k_babaCode=21,data/cache/html/19840721_kawasaki_7.html
19840721_kawasaki_8,1984-07-21,kawasaki,8,https://www.keiba.go.jp/KeibaWeb/TodayRaceInfo/RaceMarkTable?k_raceDate=1984%2F07%2F21&k_raceNo=8&k_babaCode=21,data/cache/html/19840721_kawasaki_8.html
19840721_kawasaki_9,1984-07-21,kawasaki,9,https://www.keiba.go.jp/KeibaWeb/TodayRaceInfo/RaceMarkTable?k_raceDate=1984%2F07%2F21&k_raceNo=9&k_babaCode=21,data/cache/html/19840721_kawasaki_9.html
19840721_kawasaki_10,1984-07-21,kawasaki,10,https://www.keiba.go.jp/KeibaWeb/TodayRaceInfo/RaceMarkTable?k_raceDate=1984%2F07%2F21&k_raceNo=10&k_babaCode=21,data/cache/html/19840721_kawasaki_10.html
19840721_kawasaki_11,1984-07-21,kawasaki,11,https://www.keiba.go.jp/KeibaWeb/TodayRaceInfo/RaceMarkTable?k_raceDate=1984%2F07%2F21&k_raceNo=11&k_babaCode=21,data/cache/html/19840721_kawasaki_11.html
19840721_kawasaki_12,1984-07-21,kawasaki,12,https://www.keiba.go.jp/KeibaWeb/TodayRaceInfo/RaceMarkTable?k_raceDate=1984%2F07%2F21&k_raceNo=12&k_babaCode=21,data/cache/html/19840721_kawasaki_12.html
19840720_kawasaki_1,1984-07-20,kawasaki,1,https://www.keiba.go.jp/KeibaWeb/TodayRaceInfo/RaceMarkTable?k_raceDate=1984%2F07%2F20&k_raceNo=1&k_babaCode=21,data/cache/html/19840720_kawasaki_1.html
19840720_kawasaki_2,1984-07-20,kawasaki,2,https://www.keiba.go.jp/KeibaWeb/TodayRaceInfo/RaceMarkTable?k_raceDate=1984%2F07%2F20&k_raceNo=2&k_babaCode=21,data/cache/html/19840720_kawasaki_2.html
19840720_kawasaki_3,1984-07-20,kawasaki,3,https://www.keiba.go.jp/KeibaWeb/TodayRaceInfo/RaceMarkTable?k_raceDate=1984%2F07%2F20&k_raceNo=3&k_babaCode=21,data/cache/html/19840720_kawasaki_3.html
19840720_kawasaki_4,1984-07-20,kawasaki,4,https://www.keiba.go.jp/KeibaWeb/TodayRaceInfo/RaceMarkTable?k_raceDate=1984%2F07%2F20&k_raceNo=4&k_babaCode=21,data/cache/html/19840720_kawasaki_4.html
19840720_kawasaki_5,1984-07-20,kawasaki,5,https://www.keiba.go.jp/KeibaWeb/TodayRaceInfo/RaceMarkTable?k_raceDate=1984%2F07%2F20&k_raceNo=5&k_babaCode=21,data/cache/html/19840720_kawasaki_5.html
19840720_kawasaki_6,1984-07-20,kawasaki,6,https://www.keiba.go.jp/KeibaWeb/TodayRaceInfo/RaceMarkTable?k_raceDate=1984%2F07%2F20&k_raceNo=6&k_babaCode=21,data/cache/html/19840720_kawasaki_6.html
19840720_kawasaki_7,1984-07-20,kawasaki,7,https://www.keiba.go.jp/KeibaWeb/TodayRaceInfo/RaceMarkTable?k_raceDate=1984%2F07%2F20&k_raceNo=7&k_babaCode=21,data/cache/html/19840720_kawasaki_7.html
19840720_kawasaki_8,1984-07-20,kawasaki,8,https://www.keiba.go.jp/KeibaWeb/TodayRaceInfo/RaceMarkTable?k_raceDate=1984%2F07%2F20&k_raceNo=8&k_babaCode=21,data/cache/html/19840720_kawasaki_8.html
19840720_kawasaki_9,1984-07-20,kawasaki,9,https://www.keiba.go.jp/KeibaWeb/TodayRaceInfo/RaceMarkTable?k_raceDate=1984%2F07%2F20&k_raceNo=9&k_babaCode=21,data/cache/html/19840720_kawasaki_9.html
19840720_kawasaki_10,1984-07-20,kawasaki,10,https://www.keiba.go.jp/KeibaWeb/TodayRaceInfo/RaceMarkTable?k_raceDate=1984%2F07%2F20&k_raceNo=10&k_babaCode=21,data/cache/html/19840720_kawasaki_10.html
19840720_kawasaki_11,1984-07-20,kawasaki,11,https://www.keiba.go.jp/KeibaWeb/TodayRaceInfo/RaceMarkTable?k_raceDate=1984%2F07%2F20&k_raceNo=11&k_babaCode=21,data/cache/html/19840720_kawasaki_11.html
19840720_kawasaki_12,1984-07-20,kawasaki,12,https://www.keiba.go.jp/KeibaWeb/TodayRaceInfo/RaceMarkTable?k_raceDate=1984%2F07%2F20&k_raceNo=12&k_babaCode=21,data/cache/html/19840720_kawasaki_12.html
19840719_kawasaki_1,1984-07-19,kawasaki,1,https://www.keiba.go.jp/KeibaWeb/TodayRaceInfo/RaceMarkTable?k_raceDate=1984%2F07%2F19&k_raceNo=1&k_babaCode=21,data/cache/html/19840719_kawasaki_1.html
19840719_kawasaki_2,1984-07-19,kawasaki,2,https://www.keiba.go.jp/KeibaWeb/TodayRaceInfo/RaceMarkTable?k_raceDate=1984%2F07%2F19&k_raceNo=2&k_babaCode=21,data/cache/html/19840719_kawasaki_2.html
19840719_kawasaki_3,1984-07-19,kawasaki,3,https://www.keiba.go.jp/KeibaWeb/TodayRaceInfo/RaceMarkTable?k_raceDate=1984%2F07%2F19&k_raceNo=3&k_babaCode=21,data/cache/html/19840719_kawasaki_3.html
19840719_kawasaki_4,1984-07-19,kawasaki,4,https://www.keiba.go.jp/KeibaWeb/TodayRaceInfo/RaceMarkTable?k_raceDate=1984%2F07%2F19&k_raceNo=4&k_babaCode=21,data/cache/html/19840719_kawasaki_4.html
19840719_kawasaki_5,1984-07-19,kawasaki,5,https://www.keiba.go.jp/KeibaWeb/TodayRaceInfo/RaceMarkTable?k_raceDate=1984%2F07%2F19&k_raceNo=5&k_babaCode=21,data/cache/html/19840719_kawasaki_5.html
19840719_kawasaki_6,1984-07-19,kawasaki,6,https://www.keiba.go.jp/KeibaWeb/TodayRaceInfo/RaceMarkTable?k_raceDate=1984%2F07%2F19&k_raceNo=6&k_babaCode=21,data/cache/html/19840719_kawasaki_6.html
19840719_kawasaki_7,1984-07-19,kawasaki,7,https://www.keiba.go.jp/KeibaWeb/TodayRaceInfo/RaceMarkTable?k_raceDate=1984%2F07%2F19&k_raceNo=7&k_babaCode=21,data/cache/html/19840719_kawasaki_7.html
19840719_kawasaki_8,1984-07-19,kawasaki,8,https://www.keiba.go.jp/KeibaWeb/TodayRaceInfo/RaceMarkTable?k_raceDate=1984%2F07%2F19&k_raceNo=8&k_babaCode=21,data/cache/html/19840719_kawasaki_8.html
19840719_kawasaki_9,1984-07-19,kawasaki,9,https://www.keiba.go.jp/KeibaWeb/TodayRaceInfo/RaceMarkTable?k_raceDate=1984%2F07%2F19&k_raceNo=9&k_babaCode=21,data/cache/html/19840719_kawasaki_9.html
19840719_kawasaki_10,1984-07-19,kawasaki,10,https://www.keiba.go.jp/KeibaWeb/TodayRaceInfo/RaceMarkTable?k_raceDate=1984%2F07%2F19&k_raceNo=10&k_babaCode=21,data/cache/html/19840719_kawasaki_10.html
19840719_kawasaki_11,1984-07-19,kawasaki,11,https://www.keiba.go.jp/KeibaWeb/TodayRaceInfo/RaceMarkTable?k_raceDate=1984%2F07%2F19&k_raceNo=11&k_babaCode=21,data/cache/html/19840719_kawasaki_11.html
19840719_kawasaki_12,1984-07-19,kawasaki,12,https://www.keiba.go.jp/KeibaWeb/TodayRaceInfo/RaceMarkTable?k_raceDate=1984%2F07%2F19&k_raceNo=12&k_babaCode=21,data/cache/html/19840719_kawasaki_12.html
19840718_kawasaki_1,1984-07-18,kawasaki,1,https://www.keiba.go.jp/KeibaWeb/TodayRaceInfo/RaceMarkTable?k_raceDate=1984%2F07%2F18&k_raceNo=1&k_babaCode=21,data/cache/html/19840718_kawasaki_1.html
19840718_kawasaki_2,1984-07-18,kawasaki,2,https://www.keiba.go.jp/KeibaWeb/TodayRaceInfo/RaceMarkTable?k_raceDate=1984%2F07%2F18&k_raceNo=2&k_babaCode=21,data/cache/html/19840718_kawasaki_2.html
19840718_kawasaki_3,1984-07-18,kawasaki,3,https://www.keiba.go.jp/KeibaWeb/TodayRaceInfo/RaceMarkTable?k_raceDate=1984%2F07%2F18&k_raceNo=3&k_babaCode=21,data/cache/html/19840718_kawasaki_3.html
19840718_kawasaki_4,1984-07-18,kawasaki,4,https://www.keiba.go.jp/KeibaWeb/TodayRaceInfo/RaceMarkTable?k_raceDate=1984%2F07%2F18&k_raceNo=4&k_babaCode=21,data/cache/html/19840718_kawasaki_4.html
19840718_kawasaki_5,1984-07-18,kawasaki,5,https://www.keiba.go.jp/KeibaWeb/TodayRaceInfo/RaceMarkTable?k_raceDate=1984%2F07%2F18&k_raceNo=5&k_babaCode=21,data/cache/html/19840718_kawasaki_5.html
19840718_kawasaki_6,1984-07-18,kawasaki,6,https://www.keiba.go.jp/KeibaWeb/TodayRaceInfo/RaceMarkTable?k_raceDate=1984%2F07%2F18&k_raceNo=6&k_babaCode=21,data/cache/html/19840718_kawasaki_6.html
19840718_kawasaki_7,1984-07-18,kawasaki,7,https://www.keiba.go.jp/KeibaWeb/TodayRaceInfo/RaceMarkTable?k_raceDate=1984%2F07%2F18&k_raceNo=7&k_babaCode=21,data/cache/html/19840718_kawasaki_7.html
19840718_kawasaki_8,1984-07-18,kawasaki,8,https://www.keiba.go.jp/KeibaWeb/TodayRaceInfo/RaceMarkTable?k_raceDate=1984%2F07%2F18&k_raceNo=8&k_babaCode=21,data/cache/html/19840718_kawasaki_8.html
19840718_kawasaki_9,1984-07-18,kawasaki,9,https://www.keiba.go.jp/KeibaWeb/TodayRaceInfo/RaceMarkTable?k_raceDate=1984%2F07%2F18&k_raceNo=9&k_babaCode=21,data/cache/html/19840718_kawasaki_9.html
19840718_kawasaki_10,1984-07-18,kawasaki,10,https://www.keiba.go.jp/KeibaWeb/TodayRaceInfo/RaceMarkTable?k_raceDate=1984%2F07%2F18&k_raceNo=10&k_babaCode=21,data/cache/html/19840718_kawasaki_10.html
19840718_kawasaki_11,1984-07-18,kawasaki,11,https://www.keiba.go.jp/KeibaWeb/TodayRaceInfo/RaceMarkTable?k_raceDate=1984%2F07%2F18&k_raceNo=11&k_babaCode=21,data/cache/html/19840718_kawasaki_11.html
19840718_kawasaki_12,1984-07-18,kawasaki,12,https://www.keiba.go.jp/KeibaWeb/TodayRaceInfo/RaceMarkTable?k_raceDate=1984%2F07%2F18&k_raceNo=12&k_babaCode=21,data/cache/html/19840718_kawasaki_12.html
19840717_kawasaki_1,1984-07-17,kawasaki,1,https://www.keiba.go.jp/KeibaWeb/TodayRaceInfo/RaceMarkTable?k_raceDate=1984%2F07%2F17&k_raceNo=1&k_babaCode=21,data/cache/html/19840717_kawasaki_1.html
19840717_kawasaki_2,1984-07-17,kawasaki,2,https://www.keiba.go.jp/KeibaWeb/TodayRaceInfo/RaceMarkTable?k_raceDate=1984%2F07%2F17&k_raceNo=2&k_babaCode=21,data/cache/html/19840717_kawasaki_2.html
19840717_kawasaki_3,1984-07-17,kawasaki,3,https://www.keiba.go.jp/KeibaWeb/TodayRaceInfo/RaceMarkTable?k_raceDate=1984%2F07%2F17&k_raceNo=3&k_babaCode=21,data/cache/html/19840717_kawasaki_3.html
19840717_kawasaki_4,1984-07-17,kawasaki,4,https://www.keiba.go.jp/KeibaWeb/TodayRaceInfo/RaceMarkTable?k_raceDate=1984%2F07%2F17&k_raceNo=4&k_babaCode=21,data/cache/html/19840717_kawasaki_4.html
19840717_kawasaki_5,1984-07-17,kawasaki,5,https://www.keiba.go.jp/KeibaWeb/TodayRaceInfo/RaceMarkTable?k_raceDate=1984%2F07%2F17&k_raceNo=5&k_babaCode=21,data/cache/html/19840717_kawasaki_5.html
19840717_kawasaki_6,1984-07-17,kawasaki,6,https://www.keiba.go.jp/KeibaWeb/TodayRaceInfo/RaceMarkTable?k_raceDate=1984%2F07%2F17&k_raceNo=6&k_babaCode=21,data/cache/html/19840717_kawasaki_6.html
19840717_kawasaki_7,1984-07-17,kawasaki,7,https://www.keiba.go.jp/KeibaWeb/TodayRaceInfo/RaceMarkTable?k_raceDate=1984%2F07%2F17&k_raceNo=7&k_babaCode=21,data/cache/html/19840717_kawasaki_7.html
19840717_kawasaki_8,1984-07-17,kawasaki,8,https://www.keiba.go.jp/KeibaWeb/TodayRaceInfo/RaceMarkTable?k_raceDate=1984%2F07%2F17&k_raceNo=8&k_babaCode=21,data/cache/html/19840717_kawasaki_8.html
19840717_kawasaki_9,1984-07-17,kawasaki,9,https://www.keiba.go.jp/KeibaWeb/TodayRaceInfo/RaceMarkTable?k_raceDate=1984%2F07%2F17&k_raceNo=9&k_babaCode=21,data/cache/html/19840717_kawasaki_9.html
19840717_kawasaki_10,1984-07-17,kawasaki,10,https://www.keiba.go.jp/KeibaWeb/TodayRaceInfo/RaceMarkTable?k_raceDate=1984%2F07%2F17&k_raceNo=10&k_babaCode=21,data/cache/html/19840717_kawasaki_10.html
19840717_kawasaki_11,1984-07-17,kawasaki,11,https://www.keiba.go.jp/KeibaWeb/TodayRaceInfo/RaceMarkTable?k_raceDate=1984%2F07%2F17&k_raceNo=11&k_babaCode=21,data/cache/html/19840717_kawasaki_11.html
19840717_kawasaki_12,1984-07-17,kawasaki,12,https://www.keiba.go.jp/KeibaWeb/TodayRaceInfo/RaceMarkTable?k_raceDate=1984%2F07%2F17&k_raceNo=12&k_babaCode=21,data/cache/html/19840717_kawasaki_12.html
19840716_kawasaki_1,1984-07-16,kawasaki,1,https://www.keiba.go.jp/KeibaWeb/TodayRaceInfo/RaceMarkTable?k_raceDate=1984%2F07%2F16&k_raceNo=1&k_babaCode=21,data/cache/html/19840716_kawasaki_1.html
19840716_kawasaki_2,1984-07-16,kawasaki,2,https://www.keiba.go.jp/KeibaWeb/TodayRaceInfo/RaceMarkTable?k_raceDate=1984%2F07%2F16&k_raceNo=2&k_babaCode=21,data/cache/html/19840716_kawasaki_2.html
19840716_kawasaki_3,1984-07-16,kawasaki,3,https://www.keiba.go.jp/KeibaWeb/TodayRaceInfo/RaceMarkTable?k_raceDate=1984%2F07%2F16&k_raceNo=3&k_babaCode=21,data/cache/html/19840716_kawasaki_3.html
19840716_kawasaki_4,1984-07-16,kawasaki,4,https://www.keiba.go.jp/KeibaWeb/TodayRaceInfo/RaceMarkTable?k_raceDate=1984%2F07%2F16&k_raceNo=4&k_babaCode=21,data/cache/html/19840716_kawasaki_4.html
19840716_kawasaki_5,1984-07-16,kawasaki,5,https://www.keiba.go.jp/KeibaWeb/TodayRaceInfo/RaceMarkTable?k_raceDate=1984%2F07%2F16&k_raceNo=5&k_babaCode=21,data/cache/html/19840716_kawasaki_5.html
19840716_kawasaki_6,1984-07-16,kawasaki,6,https://www.keiba.go.jp/KeibaWeb/TodayRaceInfo/RaceMarkTable?k_raceDate=1984%2F07%2F16&k_raceNo=6&k_babaCode=21,data/cache/html/19840716_kawasaki_6.html
19840716_kawasaki_7,1984-07-16,kawasaki,7,https://www.keiba.go.jp/KeibaWeb/TodayRaceInfo/RaceMarkTable?k_raceDate=1984%2F07%2F16&k_raceNo=7&k_babaCode=21,data/cache/html/19840716_kawasaki_7.html
19840716_kawasaki_8,1984-07-16,kawasaki,8,https://www.keiba.go.jp/KeibaWeb/TodayRaceInfo/RaceMarkTable?k_raceDate=1984%2F07%2F16&k_raceNo=8&k_babaCode=21,data/cache/html/19840716_kawasaki_8.html
19840716_kawasaki_9,1984-07-16,kawasaki,9,https://www.keiba.go.jp/KeibaWeb/TodayRaceInfo/RaceMarkTable?k_raceDate=1984%2F07%2F16&k_raceNo=9&k_babaCode=21,data/cache/html/19840716_kawasaki_9.html
19840716_kawasaki_10,1984-07-16,kawasaki,10,https://www.keiba.go.jp/KeibaWeb/TodayRaceInfo/RaceMarkTable?k_raceDate=1984%2F07%2F16&k_raceNo=10&k_babaCode=21,data/cache/html/19840716_kawasaki_10.html
19840716_kawasaki_11,1984-07-16,kawasaki,11,https://www.keiba.go.jp/KeibaWeb/TodayRaceInfo/RaceMarkTable?k_raceDate=1984%2F07%2F16&k_raceNo=11&k_babaCode=21,data/cache/html/19840716_kawasaki_11.html
19840716_kawasaki_12,1984-07-16,kawasaki,12,https://www.keiba.go.jp/KeibaWeb/TodayRaceInfo/RaceMarkTable?k_raceDate=1984%2F07%2F16&k_raceNo=12&k_babaCode=21,data/cache/html/19840716_kawasaki_12.html
19840715_kawasaki_1,1984-07-15,kawasaki,1,https://www.keiba.go.jp/KeibaWeb/TodayRaceInfo/RaceMarkTable?k_raceDate=1984%2F07%2F15&k_raceNo=1&k_babaCode=21,data/cache/html/19840715_kawasaki_1.html
19840715_kawasaki_2,1984-07-15,kawasaki,2,https://www.keiba.go.jp/KeibaWeb/TodayRaceInfo/RaceMarkTable?k_raceDate=1984%2F07%2F15&k_raceNo=2&k_babaCode=21,data/cache/html/19840715_kawasaki_2.html
19840715_kawasaki_3,1984-07-15,kawasaki,3,https://www.keiba.go.jp/KeibaWeb/TodayRaceInfo/RaceMarkTable?k_raceDate=1984%2F07%2F15&k_raceNo=3&k_babaCode=21,data/cache/html/19840715_kawasaki_3.html
19840715_kawasaki_4,1984-07-15,kawasaki,4,https://www.keiba.go.jp/KeibaWeb/TodayRaceInfo/RaceMarkTable?k_raceDate=1984%2F07%2F15&k_raceNo=4&k_babaCode=21,data/cache/html/19840715_kawasaki_4.html
19840715_kawasaki_5,1984-07-15,kawasaki,5,https://www.keiba.go.jp/KeibaWeb/TodayRaceInfo/RaceMarkTable?k_raceDate=1984%2F07%2F15&k_raceNo=5&k_babaCode=21,data/cache/html/19840715_kawasaki_5.html
19840715_kawasaki_6,1984-07-15,kawasaki,6,https://www.keiba.go.jp/KeibaWeb/TodayRaceInfo/RaceMarkTable?k_raceDate=1984%2F07%2F15&k_raceNo=6&k_babaCode=21,data/cache/html/19840715_kawasaki_6.html
19840715_kawasaki_7,1984-07-15,kawasaki,7,https://www.keiba.go.jp/KeibaWeb/TodayRaceInfo/RaceMarkTable?k_raceDate=1984%2F07%2F15&k_raceNo=7&k_babaCode=21,data/cache/html/19840715_kawasaki_7.html
19840715_kawasaki_8,1984-07-15,kawasaki,8,https://www.keiba.go.jp/KeibaWeb/TodayRaceInfo/RaceMarkTable?k_raceDate=1984%2F07%2F15&k_raceNo=8&k_babaCode=21,data/cache/html/19840715_kawasaki_8.html
19840715_kawasaki_9,1984-07-15,kawasaki,9,https://www.keiba.go.jp/KeibaWeb/TodayRaceInfo/RaceMarkTable?k_raceDate=1984%2F07%2F15&k_raceNo=9&k_babaCode=21,data/cache/html/19840715_kawasaki_9.html
19840715_kawasaki_10,1984-07-15,kawasaki,10,https://www.keiba.go.jp/KeibaWeb/TodayRaceInfo/RaceMarkTable?k_raceDate=1984%2F07%2F15&k_raceNo=10&k_babaCode=21,data/cache/html/19840715_kawasaki_10.html
19840715_kawasaki_11,1984-07-15,kawasaki,11,https://www.keiba.go.jp/KeibaWeb/TodayRaceInfo/RaceMarkTable?k_raceDate=1984%2F07%2F15&k_raceNo=11&k_babaCode=21,data/cache/html/19840715_kawasaki_11.html
19840715_kawasaki_12,1984-07-15,kawasaki,12,https://www.keiba.go.jp/KeibaWeb/TodayRaceInfo/RaceMarkTable?k_raceDate=1984%2F07%2F15&k_raceNo=12&k_babaCode=21,data/cache/html/19840715_kawasaki_12.html
19840714_kawasaki_1,1984-07-14,kawasaki,1,https://www.keiba.go.jp/KeibaWeb/TodayRaceInfo/RaceMarkTable?k_raceDate=1984%2F07%2F14&k_raceNo=1&k_babaCode=21,data/cache/html/19840714_kawasaki_1.html
19840714_kawasaki_2,1984-07-14,kawasaki,2,https://www.keiba.go.jp/KeibaWeb/TodayRaceInfo/RaceMarkTable?k_raceDate=1984%2F07%2F14&k_raceNo=2&k_babaCode=21,data/cache/html/19840714_kawasaki_2.html
19840714_kawasaki_3,1984-07-14,kawasaki,3,https://www.keiba.go.jp/KeibaWeb/TodayRaceInfo/RaceMarkTable?k_raceDate=1984%2F07%2F14&k_raceNo=3&k_babaCode=21,data/cache/html/19840714_kawasaki_3.html
19840714_kawasaki_4,1984-07-14,kawasaki,4,https://www.keiba.go.jp/KeibaWeb/TodayRaceInfo/RaceMarkTable?k_raceDate=1984%2F07%2F14&k_raceNo=4&k_babaCode=21,data/cache/html/19840714_kawasaki_4.html
19840714_kawasaki_5,1984-07-14,kawasaki,5,https://www.keiba.go.jp/KeibaWeb/TodayRaceInfo/RaceMarkTable?k_raceDate=1984%2F07%2F14&k_raceNo=5&k_babaCode=21,data/cache/html/19840714_kawasaki_5.html
19840714_kawasaki_6,1984-07-14,kawasaki,6,https://www.keiba.go.jp/KeibaWeb/TodayRaceInfo/RaceMarkTable?k_raceDate=1984%2F07%2F14&k_raceNo=6&k_babaCode=21,data/cache/html/19840714_kawasaki_6.html
19840714_kawasaki_7,1984-07-14,kawasaki,7,https://www.keiba.go.jp/KeibaWeb/TodayRaceInfo/RaceMarkTable?k_raceDate=1984%2F07%2F14&k_raceNo=7&k_babaCode=21,data/cache/html/19840714_kawasaki_7.html
19840714_kawasaki_8,1984-07-14,kawasaki,8,https://www.keiba.go.jp/KeibaWeb/TodayRaceInfo/RaceMarkTable?k_raceDate=1984%2F07%2F14&k_raceNo=8&k_babaCode=21,data/cache/html/19840714_kawasaki_8.html
19840714_kawasaki_9,1984-07-14,kawasaki,9,https://www.keiba.go.jp/KeibaWeb/TodayRaceInfo/RaceMarkTable?k_raceDate=1984%2F07%2F14&k_raceNo=9&k_babaCode=21,data/cache/html/19840714_kawasaki_9.html
19840714_kawasaki_10,1984-07-14,kawasaki,10,https://www.keiba.go.jp/KeibaWeb/TodayRaceInfo/RaceMarkTable?k_raceDate=1984%2F07%2F14&k_raceNo=10&k_babaCode=21,data/cache/html/19840714_kawasaki_10.html
19840714_kawasaki_11,1984-07-14,kawasaki,11,https://www.keiba.go.jp/KeibaWeb/TodayRaceInfo/RaceMarkTable?k_raceDate=1984%2F07%2F14&k_raceNo=11&k_babaCode=21,data/cache/html/19840714_kawasaki_11.html
19840714_kawasaki_12,1984-07-14,kawasaki,12,https://www.keiba.go.jp/KeibaWeb/TodayRaceInfo/RaceMarkTable?k_raceDate=1984%2F07%2F14&k_raceNo=12&k_babaCode=21,data/cache/html/19840714_kawasaki_12.html
19840713_kawasaki_1,1984-07-13,kawasaki,1,https://www.keiba.go.jp/KeibaWeb/TodayRaceInfo/RaceMarkTable?k_raceDate=1984%2F07%2F13&k_raceNo=1&k_babaCode=21,data/cache/html/19840713_kawasaki_1.html
19840713_kawasaki_2,1984-07-13,kawasaki,2,https://www.keiba.go.jp/KeibaWeb/TodayRaceInfo/RaceMarkTable?k_raceDate=1984%2F07%2F13&k_raceNo=2&k_babaCode=21,data/cache/html/19840713_kawasaki_2.html
19840713_kawasaki_3,1984-07-13,kawasaki,3,https://www.keiba.go.jp/KeibaWeb/TodayRaceInfo/RaceMarkTable?k_raceDate=1984%2F07%2F13&k_raceNo=3&k_babaCode=21,data/cache/html/19840713_kawasaki_3.html
19840713_kawasaki_4,1984-07-13,kawasaki,4,https://www.keiba.go.jp/KeibaWeb/TodayRaceInfo/RaceMarkTable?k_raceDate=1984%2F07%2F13&k_raceNo=4&k_babaCode=21,data/cache/html/19840713_kawasaki_4.html
19840713_kawasaki_5,1984-07-13,kawasaki,5,https://www.keiba.go.jp/KeibaWeb/TodayRaceInfo/RaceMarkTable?k_raceDate=1984%2F07%2F13&k_raceNo=5&k_babaCode=21,data/cache/html/19840713_kawasaki_5.html
19840713_kawasaki_6,1984-07-13,kawasaki,6,https://www.keiba.go.jp/KeibaWeb/TodayRaceInfo/RaceMarkTable?k_raceDate=1984%2F07%2F13&k_raceNo=6&k_babaCode=21,data/cache/html/19840713_kawasaki_6.html
19840713_kawasaki_7,1984-07-13,kawasaki,7,https://www.keiba.go.jp/KeibaWeb/TodayRaceInfo/RaceMarkTable?k_raceDate=1984%2F07%2F13&k_raceNo=7&k_babaCode=21,data/cache/html/19840713_kawasaki_7.html
19840713_kawasaki_8,1984-07-13,kawasaki,8,https://www.keiba.go.jp/KeibaWeb/TodayRaceInfo/RaceMarkTable?k_raceDate=1984%2F07%2F13&k_raceNo=8&k_babaCode=21,data/cache/html/19840713_kawasaki_8.html
19840713_kawasaki_9,1984-07-13,kawasaki,9,https://www.keiba.go.jp/KeibaWeb/TodayRaceInfo/RaceMarkTable?k_raceDate=1984%2F07%2F13&k_raceNo=9&k_babaCode=21,data/cache/html/19840713_kawasaki_9.html
19840713_kawasaki_10,1984-07-13,kawasaki,10,https://www.keiba.go.jp/KeibaWeb/TodayRaceInfo/RaceMarkTable?k_raceDate=1984%2F07%2F13&k_raceNo=10&k_babaCode=21,data/cache/html/19840713_kawasaki_10.html
19840713_kawasaki_11,1984-07-13,kawasaki,11,https://www.keiba.go.jp/KeibaWeb/TodayRaceInfo/RaceMarkTable?k_raceDate=1984%2F07%2F13&k_raceNo=11&k_babaCode=21,data/cache/html/19840713_kawasaki_11.html
19840713_kawasaki_12,1984-07-13,kawasaki,12,https://www.keiba.go.jp/KeibaWeb/TodayRaceInfo/RaceMarkTable?k_raceDate=1984%2F07%2F13&k_raceNo=12&k_babaCode=21,data/cache/html/19840713_kawasaki_12.html
19840712_kawasaki_1,1984-07-12,kawasaki,1,https://www.keiba.go.jp/KeibaWeb/TodayRaceInfo/RaceMarkTable?k_raceDate=1984%2F07%2F12&k_raceNo=1&k_babaCode=21,data/cache/html/19840712_kawasaki_1.html
19840712_kawasaki_2,1984-07-12,kawasaki,2,https://www.keiba.go.jp/KeibaWeb/TodayRaceInfo/RaceMarkTable?k_raceDate=1984%2F07%2F12&k_raceNo=2&k_babaCode=21,data/cache/html/19840712_kawasaki_2.html
19840712_kawasaki_3,1984-07-12,kawasaki,3,https://www.keiba.go.jp/KeibaWeb/TodayRaceInfo/RaceMarkTable?k_raceDate=1984%2F07%2F12&k_raceNo=3&k_babaCode=21,data/cache/html/19840712_kawasaki_3.html
19840712_kawasaki_4,1984-07-12,kawasaki,4,https://www.keiba.go.jp/KeibaWeb/TodayRaceInfo/RaceMarkTable?k_raceDate=1984%2F07%2F12&k_raceNo=4&k_babaCode=21,data/cache/html/19840712_kawasaki_4.html
19840712_kawasaki_5,1984-07-12,kawasaki,5,https://www.keiba.go.jp/KeibaWeb/TodayRaceInfo/RaceMarkTable?k_raceDate=1984%2F07%2F12&k_raceNo=5&k_babaCode=21,data/cache/html/19840712_kawasaki_5.html
19840712_kawasaki_6,1984-07-12,kawasaki,6,https://www.keiba.go.jp/KeibaWeb/TodayRaceInfo/RaceMarkTable?k_raceDate=1984%2F07%2F12&k_raceNo=6&k_babaCode=21,data/cache/html/19840712_kawasaki_6.html
19840712_kawasaki_7,1984-07-12,kawasaki,7,https://www.keiba.go.jp/KeibaWeb/TodayRaceInfo/RaceMarkTable?k_raceDate=1984%2F07%2F12&k_raceNo=7&k_babaCode=21,data/cache/html/19840712_kawasaki_7.html
19840712_kawasaki_8,1984-07-12,kawasaki,8,https://www.keiba.go.jp/KeibaWeb/TodayRaceInfo/RaceMarkTable?k_raceDate=1984%2F07%2F12&k_raceNo=8&k_babaCode=21,data/cache/html/19840712_kawasaki_8.html
19840712_kawasaki_9,1984-07-12,kawasaki,9,https://www.keiba.go.jp/KeibaWeb/TodayRaceInfo/RaceMarkTable?k_raceDate=1984%2F07%2F12&k_raceNo=9&k_babaCode=21,data/cache/html/19840712_kawasaki_9.html
19840712_kawasaki_10,1984-07-12,kawasaki,10,https://www.keiba.go.jp/KeibaWeb/TodayRaceInfo/RaceMarkTable?k_raceDate=1984%2F07%2F12&k_raceNo=10&k_babaCode=21,data/cache/html/19840712_kawasaki_10.html
19840712_kawasaki_11,1984-07-12,kawasaki,11,https://www.keiba.go.jp/KeibaWeb/TodayRaceInfo/RaceMarkTable?k_raceDate=1984%2F07%2F12&k_raceNo=11&k_babaCode=21,data/cache/html/19840712_kawasaki_11.html
19840712_kawasaki_12,1984-07-12,kawasaki,12,https://www.keiba.go.jp/KeibaWeb/TodayRaceInfo/RaceMarkTable?k_raceDate=1984%2F07%2F12&k_raceNo=12&k_babaCode=21,data/cache/html/19840712_kawasaki_12.html
19840711_kawasaki_1,1984-07-11,kawasaki,1,https://www.keiba.go.jp/KeibaWeb/TodayRaceInfo/RaceMarkTable?k_raceDate=1984%2F07%2F11&k_raceNo=1&k_babaCode=21,data/cache/html/19840711_kawasaki_1.html
19840711_kawasaki_2,1984-07-11,kawasaki,2,https://www.keiba.go.jp/KeibaWeb/TodayRaceInfo/RaceMarkTable?k_raceDate=1984%2F07%2F11&k_raceNo=2&k_babaCode=21,data/cache/html/19840711_kawasaki_2.html
19840711_kawasaki_3,1984-07-11,kawasaki,3,https://www.keiba.go.jp/KeibaWeb/TodayRaceInfo/RaceMarkTable?k_raceDate=1984%2F07%2F11&k_raceNo=3&k_babaCode=21,data/cache/html/19840711_kawasaki_3.html
19840711_kawasaki_4,1984-07-11,kawasaki,4,https://www.keiba.go.jp/KeibaWeb/TodayRaceInfo/RaceMarkTable?k_raceDate=1984%2F07%2F11&k_raceNo=4&k_babaCode=21,data/cache/html/19840711_kawasaki_4.html
19840711_kawasaki_5,1984-07-11,kawasaki,5,https://www.keiba.go.jp/KeibaWeb/TodayRaceInfo/RaceMarkTable?k_raceDate=1984%2F07%2F11&k_raceNo=5&k_babaCode=21,data/cache/html/19840711_kawasaki_5.html
19840711_kawasaki_6,1984-07-11,kawasaki,6,https://www.keiba.go.jp/KeibaWeb/TodayRaceInfo/RaceMarkTable?k_raceDate=1984%2F07%2F11&k_raceNo=6&k_babaCode=21,data/cache/html/19840711_kawasaki_6.html
19840711_kawasaki_7,1984-07-11,kawasaki,7,https://www.keiba.go.jp/KeibaWeb/TodayRaceInfo/RaceMarkTable?k_raceDate=1984%2F07%2F11&k_raceNo=7&k_babaCode=21,data/cache/html/19840711_kawasaki_7.html
19840711_kawasaki_8,1984-07-11,kawasaki,8,https://www.keiba.go.jp/KeibaWeb/TodayRaceInfo/RaceMarkTable?k_raceDate=1984%2F07%2F11&k_raceNo=8&k_babaCode=21,data/cache/html/19840711_kawasaki_8.html
19840711_kawasaki_9,1984-07-11,kawasaki,9,https://www.keiba.go.jp/KeibaWeb/TodayRaceInfo/RaceMarkTable?k_raceDate=1984%2F07%2F11&k_raceNo=9&k_babaCode=21,data/cache/html/19840711_kawasaki_9.html
19840711_kawasaki_10,1984-07-11,kawasaki,10,https://www.keiba.go.jp/KeibaWeb/TodayRaceInfo/RaceMarkTable?k_raceDate=1984%2F07%2F11&k_raceNo=10&k_babaCode=21,data/cache/html/19840711_kawasaki_10.html
19840711_kawasaki_11,1984-07-11,kawasaki,11,https://www.keiba.go.jp/KeibaWeb/TodayRaceInfo/RaceMarkTable?k_raceDate=1984%2F07%2F11&k_raceNo=11&k_babaCode=21,data/cache/html/19840711_kawasaki_11.html
19840711_kawasaki_12,1984-07-11,kawasaki,12,https://www.keiba.go.jp/KeibaWeb/TodayRaceInfo/RaceMarkTable?k_raceDate=1984%2F07%2F11&k_raceNo=12&k_babaCode=21,data/cache/html/19840711_kawasaki_12.html
19840710_kawasaki_1,1984-07-10,kawasaki,1,https://www.keiba.go.jp/KeibaWeb/TodayRaceInfo/RaceMarkTable?k_raceDate=1984%2F07%2F10&k_raceNo=1&k_babaCode=21,data/cache/html/19840710_kawasaki_1.html
19840710_kawasaki_2,1984-07-10,kawasaki,2,https://www.keiba.go.jp/KeibaWeb/TodayRaceInfo/RaceMarkTable?k_raceDate=1984%2F07%2F10&k_raceNo=2&k_babaCode=21,data/cache/html/19840710_kawasaki_2.html
19840710_kawasaki_3,1984-07-10,kawasaki,3,https://www.keiba.go.jp/KeibaWeb/TodayRaceInfo/RaceMarkTable?k_raceDate=1984%2F07%2F10&k_raceNo=3&k_babaCode=21,data/cache/html/19840710_kawasaki_3.html
19840710_kawasaki_4,1984-07-10,kawasaki,4,https://www.keiba.go.jp/KeibaWeb/TodayRaceInfo/RaceMarkTable?k_raceDate=1984%2F07%2F10&k_raceNo=4&k_babaCode=21,data/cache/html/19840710_kawasaki_4.html
19840710_kawasaki_5,1984-07-10,kawasaki,5,https://www.keiba.go.jp/KeibaWeb/TodayRaceInfo/RaceMarkTable?k_raceDate=1984%2F07%2F10&k_raceNo=5&k_babaCode=21,data/cache/html/19840710_kawasaki_5.html
19840710_kawasaki_6,1984-07-10,kawasaki,6,https://www.keiba.go.jp/KeibaWeb/TodayRaceInfo/RaceMarkTable?k_raceDate=1984%2F07%2F10&k_raceNo=6&k_babaCode=21,data/cache/html/19840710_kawasaki_6.html
19840710_kawasaki_7,1984-07-10,kawasaki,7,https://www.keiba.go.jp/KeibaWeb/TodayRaceInfo/RaceMarkTable?k_raceDate=1984%2F07%2F10&k_raceNo=7&k_babaCode=21,data/cache/html/19840710_kawasaki_7.html
19840710_kawasaki_8,1984-07-10,kawasaki,8,https://www.keiba.go.jp/KeibaWeb/TodayRaceInfo/RaceMarkTable?k_raceDate=1984%2F07%2F10&k_raceNo=8&k_babaCode=21,data/cache/html/19840710_kawasaki_8.html
19840710_kawasaki_9,1984-07-10,kawasaki,9,https://www.keiba.go.jp/KeibaWeb/TodayRaceInfo/RaceMarkTable?k_raceDate=1984%2F07%2F10&k_raceNo=9&k_babaCode=21,data/cache/html/19840710_kawasaki_9.html
19840710_kawasaki_10,1984-07-10,kawasaki,10,https://www.keiba.go.jp/KeibaWeb/TodayRaceInfo/RaceMarkTable?k_raceDate=1984%2F07%2F10&k_raceNo=10&k_babaCode=21,data/cache/html/19840710_kawasaki_10.html
19840710_kawasaki_11,1984-07-10,kawasaki,11,https://www.keiba.go.jp/KeibaWeb/TodayRaceInfo/RaceMarkTable?k_raceDate=1984%2F07%2F10&k_raceNo=11&k_babaCode=21,data/cache/html/19840710_kawasaki_11.html
19840710_kawasaki_12,1984-07-10,kawasaki,12,https://www.keiba.go.jp/KeibaWeb/TodayRaceInfo/RaceMarkTable?k_raceDate=1984%2F07%2F10&k_raceNo=12&k_babaCode=21,data/cache/html/19840710_kawasaki_12.html
19840709_kawasaki_1,1984-07-09,kawasaki,1,https://www.keiba.go.jp/KeibaWeb/TodayRaceInfo/RaceMarkTable?k_raceDate=1984%2F07%2F09&k_raceNo=1&k_babaCode=21,data/cache/html/19840709_kawasaki_1.html
19840709_kawasaki_2,1984-07-09,kawasaki,2,https://www.keiba.go.jp/KeibaWeb/TodayRaceInfo/RaceMarkTable?k_raceDate=1984%2F07%2F09&k_raceNo=2&k_babaCode=21,data/cache/html/19840709_kawasaki_2.html
19840709_kawasaki_3,1984-07-09,kawasaki,3,https://www.keiba.go.jp/KeibaWeb/TodayRaceInfo/RaceMarkTable?k_raceDate=1984%2F07%2F09&k_raceNo=3&k_babaCode=21,data/cache/html/19840709_kawasaki_3.html
19840709_kawasaki_4,1984-07-09,kawasaki,4,https://www.keiba.go.jp/KeibaWeb/TodayRaceInfo/RaceMarkTable?k_raceDate=1984%2F07%2F09&k_raceNo=4&k_babaCode=21,data/cache/html/19840709_kawasaki_4.html
19840709_kawasaki_5,1984-07-09,kawasaki,5,https://www.keiba.go.jp/KeibaWeb/TodayRaceInfo/RaceMarkTable?k_raceDate=1984%2F07%2F09&k_raceNo=5&k_babaCode=21,data/cache/html/19840709_kawasaki_5.html
19840709_kawasaki_6,1984-07-09,kawasaki,6,https://www.keiba.go.jp/KeibaWeb/TodayRaceInfo/RaceMarkTable?k_raceDate=1984%2F07%2F09&k_raceNo=6&k_babaCode=21,data/cache/html/19840709_kawasaki_6.html
19840709_kawasaki_7,1984-07-09,kawasaki,7,https://www.keiba.go.jp/KeibaWeb/TodayRaceInfo/RaceMarkTable?k_raceDate=1984%2F07%2F09&k_raceNo=7&k_babaCode=21,data/cache/html/19840709_kawasaki_7.html
19840709_kawasaki_8,1984-07-09,kawasaki,8,https://www.keiba.go.jp/KeibaWeb/TodayRaceInfo/RaceMarkTable?k_raceDate=1984%2F07%2F09&k_raceNo=8&k_babaCode=21,data/cache/html/19840709_kawasaki_8.html
19840709_kawasaki_9,1984-07-09,kawasaki,9,https://www.keiba.go.jp/KeibaWeb/TodayRaceInfo/RaceMarkTable?k_raceDate=1984%2F07%2F09&k_raceNo=9&k_babaCode=21,data/cache/html/19840709_kawasaki_9.html
19840709_kawasaki_10,1984-07-09,kawasaki,10,https://www.keiba.go.jp/KeibaWeb/TodayRaceInfo/RaceMarkTable?k_raceDate=1984%2F07%2F09&k_raceNo=10&k_babaCode=21,data/cache/html/19840709_kawasaki_10.html
19840709_kawasaki_11,1984-07-09,kawasaki,11,https://www.keiba.go.jp/KeibaWeb/TodayRaceInfo/RaceMarkTable?k_raceDate=1984%2F07%2F09&k_raceNo=11&k_babaCode=21,data/cache/html/19840709_kawasaki_11.html
19840709_kawasaki_12,1984-07-09,kawasaki,12,https://www.keiba.go.jp/KeibaWeb/TodayRaceInfo/RaceMarkTable?k_raceDate=1984%2F07%2F09&k_raceNo=12&k_babaCode=21,data/cache/html/19840709_kawasaki_12.html
19840708_kawasaki_1,1984-07-08,kawasaki,1,https://www.keiba.go.jp/KeibaWeb/TodayRaceInfo/RaceMarkTable?k_raceDate=1984%2F07%2F08&k_raceNo=1&k_babaCode=21,data/cache/html/19840708_kawasaki_1.html
19840708_kawasaki_2,1984-07-08,kawasaki,2,https://www.keiba.go.jp/KeibaWeb/TodayRaceInfo/RaceMarkTable?k_raceDate=1984%2F07%2F08&k_raceNo=2&k_babaCode=21,data/cache/html/19840708_kawasaki_2.html
19840708_kawasaki_3,1984-07-08,kawasaki,3,https://www.keiba.go.jp/KeibaWeb/TodayRaceInfo/RaceMarkTable?k_raceDate=1984%2F07%2F08&k_raceNo=3&k_babaCode=21,data/cache/html/19840708_kawasaki_3.html
19840708_kawasaki_4,1984-07-08,kawasaki,4,https://www.keiba.go.jp/KeibaWeb/TodayRaceInfo/RaceMarkTable?k_raceDate=1984%2F07%2F08&k_raceNo=4&k_babaCode=21,data/cache/html/19840708_kawasaki_4.html
19840708_kawasaki_5,1984-07-08,kawasaki,5,https://www.keiba.go.jp/KeibaWeb/TodayRaceInfo/RaceMarkTable?k_raceDate=1984%2F07%2F08&k_raceNo=5&k_babaCode=21,data/cache/html/19840708_kawasaki_5.html
19840708_kawasaki_6,1984-07-08,kawasaki,6,https://www.keiba.go.jp/KeibaWeb/TodayRaceInfo/RaceMarkTable?k_raceDate=1984%2F07%2F08&k_raceNo=6&k_babaCode=21,data/cache/html/19840708_kawasaki_6.html
19840708_kawasaki_7,1984-07-08,kawasaki,7,https://www.keiba.go.jp/KeibaWeb/TodayRaceInfo/RaceMarkTable?k_raceDate=1984%2F07%2F08&k_raceNo=7&k_babaCode=21,data/cache/html/19840708_kawasaki_7.html
19840708_kawasaki_8,1984-07-08,kawasaki,8,https://www.keiba.go.jp/KeibaWeb/TodayRaceInfo/RaceMarkTable?k_raceDate=1984%2F07%2F08&k_raceNo=8&k_babaCode=21,data/cache/html/19840708_kawasaki_8.html
19840708_kawasaki_9,1984-07-08,kawasaki,9,https://www.keiba.go.jp/KeibaWeb/TodayRaceInfo/RaceMarkTable?k_raceDate=1984%2F07%2F08&k_raceNo=9&k_babaCode=21,data/cache/html/19840708_kawasaki_9.html
19840708_kawasaki_10,1984-07-08,kawasaki,10,https://www.keiba.go.jp/KeibaWeb/TodayRaceInfo/RaceMarkTable?k_raceDate=1984%2F07%2F08&k_raceNo=10&k_babaCode=21,data/cache/html/19840708_kawasaki_10.html
19840708_kawasaki_11,1984-07-08,kawasaki,11,https://www.keiba.go.jp/KeibaWeb/TodayRaceInfo/RaceMarkTable?k_raceDate=1984%2F07%2F08&k_raceNo=11&k_babaCode=21,data/cache/html/19840708_kawasaki_11.html
19840708_kawasaki_12,1984-07-08,kawasaki,12,https://www.keiba.go.jp/KeibaWeb/TodayRaceInfo/RaceMarkTable?k_raceDate=1984%2F07%2F08&k_raceNo=12&k_babaCode=21,data/cache/html/19840708_kawasaki_12.html
19840707_kawasaki_1,1984-07-07,kawasaki,1,https://www.keiba.go.jp/KeibaWeb/TodayRaceInfo/RaceMarkTable?k_raceDate=1984%2F07%2F07&k_raceNo=1&k_babaCode=21,data/cache/html/19840707_kawasaki_1.html
19840707_kawasaki_2,1984-07-07,kawasaki,2,https://www.keiba.go.jp/KeibaWeb/TodayRaceInfo/RaceMarkTable?k_raceDate=1984%2F07%2F07&k_raceNo=2&k_babaCode=21,data/cache/html/19840707_kawasaki_2.html
19840707_kawasaki_3,1984-07-07,kawasaki,3,https://www.keiba.go.jp/KeibaWeb/TodayRaceInfo/RaceMarkTable?k_raceDate=1984%2F07%2F07&k_raceNo=3&k_babaCode=21,data/cache/html/19840707_kawasaki_3.html
19840707_kawasaki_4,1984-07-07,kawasaki,4,https://www.keiba.go.jp/KeibaWeb/TodayRaceInfo/RaceMarkTable?k_raceDate=1984%2F07%2F07&k_raceNo=4&k_babaCode=21,data/cache/html/19840707_kawasaki_4.html
19840707_kawasaki_5,1984-07-07,kawasaki,5,https://www.keiba.go.jp/KeibaWeb/TodayRaceInfo/RaceMarkTable?k_raceDate=1984%2F07%2F07&k_raceNo=5&k_babaCode=21,data/cache/html/19840707_kawasaki_5.html
19840707_kawasaki_6,1984-07-07,kawasaki,6,https://www.keiba.go.jp/KeibaWeb/TodayRaceInfo/RaceMarkTable?k_raceDate=1984%2F07%2F07&k_raceNo=6&k_babaCode=21,data/cache/html/19840707_kawasaki_6.html
19840707_kawasaki_7,1984-07-07,kawasaki,7,https://www.keiba.go.jp/KeibaWeb/TodayRaceInfo/RaceMarkTable?k_raceDate=1984%2F07%2F07&k_raceNo=7&k_babaCode=21,data/cache/html/19840707_kawasaki_7.html
19840707_kawasaki_8,1984-07-07,kawasaki,8,https://www.keiba.go.jp/KeibaWeb/TodayRaceInfo/RaceMarkTable?k_raceDate=1984%2F07%2F07&k_raceNo=8&k_babaCode=21,data/cache/html/19840707_kawasaki_8.html
19840707_kawasaki_9,1984-07-07,kawasaki,9,https://www.keiba.go.jp/KeibaWeb/TodayRaceInfo/RaceMarkTable?k_raceDate=1984%2F07%2F07&k_raceNo=9&k_babaCode=21,data/cache/html/19840707_kawasaki_9.html
19840707_kawasaki_10,1984-07-07,kawasaki,10,https://www.keiba.go.jp/KeibaWeb/TodayRaceInfo/RaceMarkTable?k_raceDate=1984%2F07%2F07&k_raceNo=10&k_babaCode=21,data/cache/html/19840707_kawasaki_10.html
19840707_kawasaki_11,1984-07-07,kawasaki,11,https://www.keiba.go.jp/KeibaWeb/TodayRaceInfo/RaceMarkTable?k_raceDate=1984%2F07%2F07&k_raceNo=11&k_babaCode=21,data/cache/html/19840707_kawasaki_11.html
19840707_kawasaki_12,1984-07-07,kawasaki,12,https://www.keiba.go.jp/KeibaWeb/TodayRaceInfo/RaceMarkTable?k_raceDate=1984%2F07%2F07&k_raceNo=12&k_babaCode=21,data/cache/html/19840707_kawasaki_12.html
19840706_kawasaki_1,1984-07-06,kawasaki,1,https://www.keiba.go.jp/KeibaWeb/TodayRaceInfo/RaceMarkTable?k_raceDate=1984%2F07%2F06&k_raceNo=1&k_babaCode=21,data/cache/html/19840706_kawasaki_1.html
19840706_kawasaki_2,1984-07-06,kawasaki,2,https://www.keiba.go.jp/KeibaWeb/TodayRaceInfo/RaceMarkTable?k_raceDate=1984%2F07%2F06&k_raceNo=2&k_babaCode=21,data/cache/html/19840706_kawasaki_2.html
19840706_kawasaki_3,1984-07-06,kawasaki,3,https://www.keiba.go.jp/KeibaWeb/TodayRaceInfo/RaceMarkTable?k_raceDate=1984%2F07%2F06&k_raceNo=3&k_babaCode=21,data/cache/html/19840706_kawasaki_3.html
19840706_kawasaki_4,1984-07-06,kawasaki,4,https://www.keiba.go.jp/KeibaWeb/TodayRaceInfo/RaceMarkTable?k_raceDate=1984%2F07%2F06&k_raceNo=4&k_babaCode=21,data/cache/html/19840706_kawasaki_4.html
19840706_kawasaki_5,1984-07-06,kawasaki,5,https://www.keiba.go.jp/KeibaWeb/TodayRaceInfo/RaceMarkTable?k_raceDate=1984%2F07%2F06&k_raceNo=5&k_babaCode=21,data/cache/html/19840706_kawasaki_5.html
19840706_kawasaki_6,1984-07-06,kawasaki,6,https://www.keiba.go.jp/KeibaWeb/TodayRaceInfo/RaceMarkTable?k_raceDate=1984%2F07%2F06&k_raceNo=6&k_babaCode=21,data/cache/html/19840706_kawasaki_6.html
19840706_kawasaki_7,1984-07-06,kawasaki,7,https://www.keiba.go.jp/KeibaWeb/TodayRaceInfo/RaceMarkTable?k_raceDate=1984%2F07%2F06&k_raceNo=7&k_babaCode=21,data/cache/html/19840706_kawasaki_7.html
19840706_kawasaki_8,1984-07-06,kawasaki,8,https://www.keiba.go.jp/KeibaWeb/TodayRaceInfo/RaceMarkTable?k_raceDate=1984%2F07%2F06&k_raceNo=8&k_babaCode=21,data/cache/html/19840706_kawasaki_8.html
19840706_kawasaki_9,1984-07-06,kawasaki,9,https://www.keiba.go.jp/KeibaWeb/TodayRaceInfo/RaceMarkTable?k_raceDate=1984%2F07%2F06&k_raceNo=9&k_babaCode=21,data/cache/html/19840706_kawasaki_9.html
19840706_kawasaki_10,1984-07-06,kawasaki,10,https://www.keiba.go.jp/KeibaWeb/TodayRaceInfo/RaceMarkTable?k_raceDate=1984%2F07%2F06&k_raceNo=10&k_babaCode=21,data/cache/html/19840706_kawasaki_10.html
19840706_kawasaki_11,1984-07-06,kawasaki,11,https://www.keiba.go.jp/KeibaWeb/TodayRaceInfo/RaceMarkTable?k_raceDate=1984%2F07%2F06&k_raceNo=11&k_babaCode=21,data/cache/html/19840706_kawasaki_11.html
19840706_kawasaki_12,1984-07-06,kawasaki,12,https://www.keiba.go.jp/KeibaWeb/TodayRaceInfo/RaceMarkTable?k_raceDate=1984%2F07%2F06&k_raceNo=12&k_babaCode=21,data/cache/html/19840706_kawasaki_12.html
19840705_kawasaki_1,1984-07-05,kawasaki,1,https://www.keiba.go.jp/KeibaWeb/TodayRaceInfo/RaceMarkTable?k_raceDate=1984%2F07%2F05&k_raceNo=1&k_babaCode=21,data/cache/html/19840705_kawasaki_1.html
19840705_kawasaki_2,1984-07-05,kawasaki,2,https://www.keiba.go.jp/KeibaWeb/TodayRaceInfo/RaceMarkTable?k_raceDate=1984%2F07%2F05&k_raceNo=2&k_babaCode=21,data/cache/html/19840705_kawasaki_2.html
19840705_kawasaki_3,1984-07-05,kawasaki,3,https://www.keiba.go.jp/KeibaWeb/TodayRaceInfo/RaceMarkTable?k_raceDate=1984%2F07%2F05&k_raceNo=3&k_babaCode=21,data/cache/html/19840705_kawasaki_3.html
19840705_kawasaki_4,1984-07-05,kawasaki,4,https://www.keiba.go.jp/KeibaWeb/TodayRaceInfo/RaceMarkTable?k_raceDate=1984%2F07%2F05&k_raceNo=4&k_babaCode=21,data/cache/html/19840705_kawasaki_4.html
19840705_kawasaki_5,1984-07-05,kawasaki,5,https://www.keiba.go.jp/KeibaWeb/TodayRaceInfo/RaceMarkTable?k_raceDate=1984%2F07%2F05&k_raceNo=5&k_babaCode=21,data/cache/html/19840705_kawasaki_5.html
19840705_kawasaki_6,1984-07-05,kawasaki,6,https://www.keiba.go.jp/KeibaWeb/TodayRaceInfo/RaceMarkTable?k_raceDate=1984%2F07%2F05&k_raceNo=6&k_babaCode=21,data/cache/html/19840705_kawasaki_6.html
19840705_kawasaki_7,1984-07-05,kawasaki,7,https://www.keiba.go.jp/KeibaWeb/TodayRaceInfo/RaceMarkTable?k_raceDate=1984%2F07%2F05&k_raceNo=7&k_babaCode=21,data/cache/html/19840705_kawasaki_7.html
19840705_kawasaki_8,1984-07-05,kawasaki,8,https://www.keiba.go.jp/KeibaWeb/TodayRaceInfo/RaceMarkTable?k_raceDate=1984%2F07%2F05&k_raceNo=8&k_babaCode=21,data/cache/html/19840705_kawasaki_8.html
19840705_kawasaki_9,1984-07-05,kawasaki,9,https://www.keiba.go.jp/KeibaWeb/TodayRaceInfo/RaceMarkTable?k_raceDate=1984%2F07%2F05&k_raceNo=9&k_babaCode=21,data/cache/html/19840705_kawasaki_9.html
19840705_kawasaki_10,1984-07-05,kawasaki,10,https://www.keiba.go.jp/KeibaWeb/TodayRaceInfo/RaceMarkTable?k_raceDate=1984%2F07%2F05&k_raceNo=10&k_babaCode=21,data/cache/html/19840705_kawasaki_10.html
19840705_kawasaki_11,1984-07-05,kawasaki,11,https://www.keiba.go.jp/KeibaWeb/TodayRaceInfo/RaceMarkTable?k_raceDate=1984%2F07%2F05&k_raceNo=11&k_babaCode=21,data/cache/html/19840705_kawasaki_11.html
19840705_kawasaki_12,1984-07-05,kawasaki,12,https://www.keiba.go.jp/KeibaWeb/TodayRaceInfo/RaceMarkTable?k_raceDate=1984%2F07%2F05&k_raceNo=12&k_babaCode=21,data/cache/html/19840705_kawasaki_12.html
19840704_kawasaki_1,1984-07-04,kawasaki,1,https://www.keiba.go.jp/KeibaWeb/TodayRaceInfo/RaceMarkTable?k_raceDate=1984%2F07%2F04&k_raceNo=1&k_babaCode=21,data/cache/html/19840704_kawasaki_1.html
19840704_kawasaki_2,1984-07-04,kawasaki,2,https://www.keiba.go.jp/KeibaWeb/TodayRaceInfo/RaceMarkTable?k_raceDate=1984%2F07%2F04&k_raceNo=2&k_babaCode=21,data/cache/html/19840704_kawasaki_2.html
19840704_kawasaki_3,1984-07-04,kawasaki,3,https://www.keiba.go.jp/KeibaWeb/TodayRaceInfo/RaceMarkTable?k_raceDate=1984%2F07%2F04&k_raceNo=3&k_babaCode=21,data/cache/html/19840704_kawasaki_3.html
19840704_kawasaki_4,1984-07-04,kawasaki,4,https://www.keiba.go.jp/KeibaWeb/TodayRaceInfo/RaceMarkTable?k_raceDate=1984%2F07%2F04&k_raceNo=4&k_babaCode=21,data/cache/html/19840704_kawasaki_4.html
19840704_kawasaki_5,1984-07-04,kawasaki,5,https://www.keiba.go.jp/KeibaWeb/TodayRaceInfo/RaceMarkTable?k_raceDate=1984%2F07%2F04&k_raceNo=5&k_babaCode=21,data/cache/html/19840704_kawasaki_5.html
19840704_kawasaki_6,1984-07-04,kawasaki,6,https://www.keiba.go.jp/KeibaWeb/TodayRaceInfo/RaceMarkTable?k_raceDate=1984%2F07%2F04&k_raceNo=6&k_babaCode=21,data/cache/html/19840704_kawasaki_6.html
19840704_kawasaki_7,1984-07-04,kawasaki,7,https://www.keiba.go.jp/KeibaWeb/TodayRaceInfo/RaceMarkTable?k_raceDate=1984%2F07%2F04&k_raceNo=7&k_babaCode=21,data/cache/html/19840704_kawasaki_7.html
19840704_kawasaki_8,1984-07-04,kawasaki,8,https://www.keiba.go.jp/KeibaWeb/TodayRaceInfo/RaceMarkTable?k_raceDate=1984%2F07%2F04&k_raceNo=8&k_babaCode=21,data/cache/html/19840704_kawasaki_8.html
19840704_kawasaki_9,1984-07-04,kawasaki,9,https://www.keiba.go.jp/KeibaWeb/TodayRaceInfo/RaceMarkTable?k_raceDate=1984%2F07%2F04&k_raceNo=9&k_babaCode=21,data/cache/html/19840704_kawasaki_9.html
19840704_kawasaki_10,1984-07-04,kawasaki,10,https://www.keiba.go.jp/KeibaWeb/TodayRaceInfo/RaceMarkTable?k_raceDate=1984%2F07%2F04&k_raceNo=10&k_babaCode=21,data/cache/html/19840704_kawasaki_10.html
19840704_kawasaki_11,1984-07-04,kawasaki,11,https://www.keiba.go.jp/KeibaWeb/TodayRaceInfo/RaceMarkTable?k_raceDate=1984%2F07%2F04&k_raceNo=11&k_babaCode=21,data/cache/html/19840704_kawasaki_11.html
19840704_kawasaki_12,1984-07-04,kawasaki,12,https://www.keiba.go.jp/KeibaWeb/TodayRaceInfo/RaceMarkTable?k_raceDate=1984%2F07%2F04&k_raceNo=12&k_babaCode=21,data/cache/html/19840704_kawasaki_12.html
19840703_kawasaki_1,1984-07-03,kawasaki,1,https://www.keiba.go.jp/KeibaWeb/TodayRaceInfo/RaceMarkTable?k_raceDate=1984%2F07%2F03&k_raceNo=1&k_babaCode=21,data/cache/html/19840703_kawasaki_1.html
19840703_kawasaki_2,1984-07-03,kawasaki,2,https://www.keiba.go.jp/KeibaWeb/TodayRaceInfo/RaceMarkTable?k_raceDate=1984%2F07%2F03&k_raceNo=2&k_babaCode=21,data/cache/html/19840703_kawasaki_2.html
19840703_kawasaki_3,1984-07-03,kawasaki,3,https://www.keiba.go.jp/KeibaWeb/TodayRaceInfo/RaceMarkTable?k_raceDate=1984%2F07%2F03&k_raceNo=3&k_babaCode=21,data/cache/html/19840703_kawasaki_3.html
19840703_kawasaki_4,1984-07-03,kawasaki,4,https://www.keiba.go.jp/KeibaWeb/TodayRaceInfo/RaceMarkTable?k_raceDate=1984%2F07%2F03&k_raceNo=4&k_babaCode=21,data/cache/html/19840703_kawasaki_4.html
19840703_kawasaki_5,1984-07-03,kawasaki,5,https://www.keiba.go.jp/KeibaWeb/TodayRaceInfo/RaceMarkTable?k_raceDate=1984%2F07%2F03&k_raceNo=5&k_babaCode=21,data/cache/html/19840703_kawasaki_5.html
19840703_kawasaki_6,1984-07-03,kawasaki,6,https://www.keiba.go.jp/KeibaWeb/TodayRaceInfo/RaceMarkTable?k_raceDate=1984%2F07%2F03&k_raceNo=6&k_babaCode=21,data/cache/html/19840703_kawasaki_6.html
19840703_kawasaki_7,1984-07-03,kawasaki,7,https://www.keiba.go.jp/KeibaWeb/TodayRaceInfo/RaceMarkTable?k_raceDate=1984%2F07%2F03&k_raceNo=7&k_babaCode=21,data/cache/html/19840703_kawasaki_7.html
19840703_kawasaki_8,1984-07-03,kawasaki,8,https://www.keiba.go.jp/KeibaWeb/TodayRaceInfo/RaceMarkTable?k_raceDate=1984%2F07%2F03&k_raceNo=8&k_babaCode=21,data/cache/html/19840703_kawasaki_8.html
19840703_kawasaki_9,1984-07-03,kawasaki,9,https://www.keiba.go.jp/KeibaWeb/TodayRaceInfo/RaceMarkTable?k_raceDate=1984%2F07%2F03&k_raceNo=9&k_babaCode=21,data/cache/html/19840703_kawasaki_9.html
19840703_kawasaki_10,1984-07-03,kawasaki,10,https://www.keiba.go.jp/KeibaWeb/TodayRaceInfo/RaceMarkTable?k_raceDate=1984%2F07%2F03&k_raceNo=10&k_babaCode=21,data/cache/html/19840703_kawasaki_10.html
19840703_kawasaki_11,1984-07-03,kawasaki,11,https://www.keiba.go.jp/KeibaWeb/TodayRaceInfo/RaceMarkTable?k_raceDate=1984%2F07%2F03&k_raceNo=11&k_babaCode=21,data/cache/html/19840703_kawasaki_11.html
19840703_kawasaki_12,1984-07-03,kawasaki,12,https://www.keiba.go.jp/KeibaWeb/TodayRaceInfo/RaceMarkTable?k_raceDate=1984%2F07%2F03&k_raceNo=12&k_babaCode=21,data/cache/html/19840703_kawasaki_12.html
19840702_kawasaki_1,1984-07-02,kawasaki,1,https://www.keiba.go.jp/KeibaWeb/TodayRaceInfo/RaceMarkTable?k_raceDate=1984%2F07%2F02&k_raceNo=1&k_babaCode=21,data/cache/html/19840702_kawasaki_1.html
19840702_kawasaki_2,1984-07-02,kawasaki,2,https://www.keiba.go.jp/KeibaWeb/TodayRaceInfo/RaceMarkTable?k_raceDate=1984%2F07%2F02&k_raceNo=2&k_babaCode=21,data/cache/html/19840702_kawasaki_2.html
19840702_kawasaki_3,1984-07-02,kawasaki,3,https://www.keiba.go.jp/KeibaWeb/TodayRaceInfo/RaceMarkTable?k_raceDate=1984%2F07%2F02&k_raceNo=3&k_babaCode=21,data/cache/html/19840702_kawasaki_3.html
19840702_kawasaki_4,1984-07-02,kawasaki,4,https://www.keiba.go.jp/KeibaWeb/TodayRaceInfo/RaceMarkTable?k_raceDate=1984%2F07%2F02&k_raceNo=4&k_babaCode=21,data/cache/html/19840702_kawasaki_4.html
19840702_kawasaki_5,1984-07-02,kawasaki,5,https://www.keiba.go.jp/KeibaWeb/TodayRaceInfo/RaceMarkTable?k_raceDate=1984%2F07%2F02&k_raceNo=5&k_babaCode=21,data/cache/html/19840702_kawasaki_5.html
19840702_kawasaki_6,1984-07-02,kawasaki,6,https://www.keiba.go.jp/KeibaWeb/TodayRaceInfo/RaceMarkTable?k_raceDate=1984%2F07%2F02&k_raceNo=6&k_babaCode=21,data/cache/html/19840702_kawasaki_6.html
19840702_kawasaki_7,1984-07-02,kawasaki,7,https://www.keiba.go.jp/KeibaWeb/TodayRaceInfo/RaceMarkTable?k_raceDate=1984%2F07%2F02&k_raceNo=7&k_babaCode=21,data/cache/html/19840702_kawasaki_7.html
19840702_kawasaki_8,1984-07-02,kawasaki,8,https://www.keiba.go.jp/KeibaWeb/TodayRaceInfo/RaceMarkTable?k_raceDate=1984%2F07%2F02&k_raceNo=8&k_babaCode=21,data/cache/html/19840702_kawasaki_8.html
19840702_kawasaki_9,1984-07-02,kawasaki,9,https://www.keiba.go.jp/KeibaWeb/TodayRaceInfo/RaceMarkTable?k_raceDate=1984%2F07%2F02&k_raceNo=9&k_babaCode=21,data/cache/html/19840702_kawasaki_9.html
19840702_kawasaki_10,1984-07-02,kawasaki,10,https://www.keiba.go.jp/KeibaWeb/TodayRaceInfo/RaceMarkTable?k_raceDate=1984%2F07%2F02&k_raceNo=10&k_babaCode=21,data/cache/html/19840702_kawasaki_10.html
19840702_kawasaki_11,1984-07-02,kawasaki,11,https://www.keiba.go.jp/KeibaWeb/TodayRaceInfo/RaceMarkTable?k_raceDate=1984%2F07%2F02&k_raceNo=11&k_babaCode=21,data/cache/html/19840702_kawasaki_11.html
19840702_kawasaki_12,1984-07-02,kawasaki,12,https://www.keiba.go.jp/KeibaWeb/TodayRaceInfo/RaceMarkTable?k_raceDate=1984%2F07%2F02&k_raceNo=12&k_babaCode=21,data/cache/html/19840702_kawasaki_12.html
19840701_kawasaki_1,1984-07-01,kawasaki,1,https://www.keiba.go.jp/KeibaWeb/TodayRaceInfo/RaceMarkTable?k_raceDate=1984%2F07%2F01&k_raceNo=1&k_babaCode=21,data/cache/html/19840701_kawasaki_1.html
19840701_kawasaki_2,1984-07-01,kawasaki,2,https://www.keiba.go.jp/KeibaWeb/TodayRaceInfo/RaceMarkTable?k_raceDate=1984%2F07%2F01&k_raceNo=2&k_babaCode=21,data/cache/html/19840701_kawasaki_2.html
19840701_kawasaki_3,1984-07-01,kawasaki,3,https://www.keiba.go.jp/KeibaWeb/TodayRaceInfo/RaceMarkTable?k_raceDate=1984%2F07%2F01&k_raceNo=3&k_babaCode=21,data/cache/html/19840701_kawasaki_3.html
19840701_kawasaki_4,1984-07-01,kawasaki,4,https://www.keiba.go.jp/KeibaWeb/TodayRaceInfo/RaceMarkTable?k_raceDate=1984%2F07%2F01&k_raceNo=4&k_babaCode=21,data/cache/html/19840701_kawasaki_4.html
19840701_kawasaki_5,1984-07-01,kawasaki,5,https://www.keiba.go.jp/KeibaWeb/TodayRaceInfo/RaceMarkTable?k_raceDate=1984%2F07%2F01&k_raceNo=5&k_babaCode=21,data/cache/html/19840701_kawasaki_5.html
19840701_kawasaki_6,1984-07-01,kawasaki,6,https://www.keiba.go.jp/KeibaWeb/TodayRaceInfo/RaceMarkTable?k_raceDate=1984%2F07%2F01&k_raceNo=6&k_babaCode=21,data/cache/html/19840701_kawasaki_6.html
19840701_kawasaki_7,1984-07-01,kawasaki,7,https://www.keiba.go.jp/KeibaWeb/TodayRaceInfo/RaceMarkTable?k_raceDate=1984%2F07%2F01&k_raceNo=7&k_babaCode=21,data/cache/html/19840701_kawasaki_7.html
19840701_kawasaki_8,1984-07-01,kawasaki,8,https://www.keiba.go.jp/KeibaWeb/TodayRaceInfo/RaceMarkTable?k_raceDate=1984%2F07%2F01&k_raceNo=8&k_babaCode=21,data/cache/html/19840701_kawasaki_8.html
19840701_kawasaki_9,1984-07-01,kawasaki,9,https://www.keiba.go.jp/KeibaWeb/TodayRaceInfo/RaceMarkTable?k_raceDate=1984%2F07%2F01&k_raceNo=9&k_babaCode=21,data/cache/html/19840701_kawasaki_9.html
19840701_kawasaki_10,1984-07-01,kawasaki,10,https://www.keiba.go.jp/KeibaWeb/TodayRaceInfo/RaceMarkTable?k_raceDate=1984%2F07%2F01&k_raceNo=10&k_babaCode=21,data/cache/html/19840701_kawasaki_10.html
19840701_kawasaki_11,1984-07-01,kawasaki,11,https://www.keiba.go.jp/KeibaWeb/TodayRaceInfo/RaceMarkTable?k_raceDate=1984%2F07%2F01&k_raceNo=11&k_babaCode=21,data/cache/html/19840701_kawasaki_11.html
19840701_kawasaki_12,1984-07-01,kawasaki,12,https://www.keiba.go.jp/KeibaWeb/TodayRaceInfo/RaceMarkTable?k_raceDate=1984%2F07%2F01&k_raceNo=12&k_babaCode=21,data/cache/html/19840701_kawasaki_12.html
19840630_kawasaki_1,1984-06-30,kawasaki,1,https://www.keiba.go.jp/KeibaWeb/TodayRaceInfo/RaceMarkTable?k_raceDate=1984%2F06%2F30&k_raceNo=1&k_babaCode=21,data/cache/html/19840630_kawasaki_1.html
19840630_kawasaki_2,1984-06-30,kawasaki,2,https://www.keiba.go.jp/KeibaWeb/TodayRaceInfo/RaceMarkTable?k_raceDate=1984%2F06%2F30&k_raceNo=2&k_babaCode=21,data/cache/html/19840630_kawasaki_2.html
19840630_kawasaki_3,1984-06-30,kawasaki,3,https://www.keiba.go.jp/KeibaWeb/TodayRaceInfo/RaceMarkTable?k_raceDate=1984%2F06%2F30&k_raceNo=3&k_babaCode=21,data/cache/html/19840630_kawasaki_3.html
19840630_kawasaki_4,1984-06-30,kawasaki,4,https://www.keiba.go.jp/KeibaWeb/TodayRaceInfo/RaceMarkTable?k_raceDate=1984%2F06%2F30&k_raceNo=4&k_babaCode=21,data/cache/html/19840630_kawasaki_4.html
19840630_kawasaki_5,1984-06-30,kawasaki,5,https://www.keiba.go.jp/KeibaWeb/TodayRaceInfo/RaceMarkTable?k_raceDate=1984%2F06%2F30&k_raceNo=5&k_babaCode=21,data/cache/html/19840630_kawasaki_5.html
19840630_kawasaki_6,1984-06-30,kawasaki,6,https://www.keiba.go.jp/KeibaWeb/TodayRaceInfo/RaceMarkTable?k_raceDate=1984%2F06%2F30&k_raceNo=6&k_babaCode=21,data/cache/html/19840630_kawasaki_6.html
19840630_kawasaki_7,1984-06-30,kawasaki,7,https://www.keiba.go.jp/KeibaWeb/TodayRaceInfo/RaceMarkTable?k_raceDate=1984%2F06%2F30&k_raceNo=7&k_babaCode=21,data/cache/html/19840630_kawasaki_7.html
19840630_kawasaki_8,1984-06-30,kawasaki,8,https://www.keiba.go.jp/KeibaWeb/TodayRaceInfo/RaceMarkTable?k_raceDate=1984%2F06%2F30&k_raceNo=8&k_babaCode=21,data/cache/html/19840630_kawasaki_8.html
19840630_kawasaki_9,1984-06-30,kawasaki,9,https://www.keiba.go.jp/KeibaWeb/TodayRaceInfo/RaceMarkTable?k_raceDate=1984%2F06%2F30&k_raceNo=9&k_babaCode=21,data/cache/html/19840630_kawasaki_9.html
19840630_kawasaki_10,1984-06-30,kawasaki,10,https://www.keiba.go.jp/KeibaWeb/TodayRaceInfo/RaceMarkTable?k_raceDate=1984%2F06%2F30&k_raceNo=10&k_babaCode=21,data/cache/html/19840630_kawasaki_10.html
19840630_kawasaki_11,1984-06-30,kawasaki,11,https://www.keiba.go.jp/KeibaWeb/TodayRaceInfo/RaceMarkTable?k_raceDate=1984%2F06%2F30&k_raceNo=11&k_babaCode=21,data/cache/html/19840630_kawasaki_11.html
19840630_kawasaki_12,1984-06-30,kawasaki,12,https://www.keiba.go.jp/KeibaWeb/TodayRaceInfo/RaceMarkTable?k_raceDate=1984%2F06%2F30&k_raceNo=12&k_babaCode=21,data/cache/html/19840630_kawasaki_12.html
19840629_kawasaki_1,1984-06-29,kawasaki,1,https://www.keiba.go.jp/KeibaWeb/TodayRaceInfo/RaceMarkTable?k_raceDate=1984%2F06%2F29&k_raceNo=1&k_babaCode=21,data/cache/html/19840629_kawasaki_1.html
19840629_kawasaki_2,1984-06-29,kawasaki,2,https://www.keiba.go.jp/KeibaWeb/TodayRaceInfo/RaceMarkTable?k_raceDate=1984%2F06%2F29&k_raceNo=2&k_babaCode=21,data/cache/html/19840629_kawasaki_2.html
19840629_kawasaki_3,1984-06-29,kawasaki,3,https://www.keiba.go.jp/KeibaWeb/TodayRaceInfo/RaceMarkTable?k_raceDate=1984%2F06%2F29&k_raceNo=3&k_babaCode=21,data/cache/html/19840629_kawasaki_3.html
19840629_kawasaki_4,1984-06-29,kawasaki,4,https://www.keiba.go.jp/KeibaWeb/TodayRaceInfo/RaceMarkTable?k_raceDate=1984%2F06%2F29&k_raceNo=4&k_babaCode=21,data/cache/html/19840629_kawasaki_4.html
19840629_kawasaki_5,1984-06-29,kawasaki,5,https://www.keiba.go.jp/KeibaWeb/TodayRaceInfo/RaceMarkTable?k_raceDate=1984%2F06%2F29&k_raceNo=5&k_babaCode=21,data/cache/html/19840629_kawasaki_5.html
19840629_kawasaki_6,1984-06-29,kawasaki,6,https://www.keiba.go.jp/KeibaWeb/TodayRaceInfo/RaceMarkTable?k_raceDate=1984%2F06%2F29&k_raceNo=6&k_babaCode=21,data/cache/html/19840629_kawasaki_6.html
19840629_kawasaki_7,1984-06-29,kawasaki,7,https://www.keiba.go.jp/KeibaWeb/TodayRaceInfo/RaceMarkTable?k_raceDate=1984%2F06%2F29&k_raceNo=7&k_babaCode=21,data/cache/html/19840629_kawasaki_7.html
19840629_kawasaki_8,1984-06-29,kawasaki,8,https://www.keiba.go.jp/KeibaWeb/TodayRaceInfo/RaceMarkTable?k_raceDate=1984%2F06%2F29&k_raceNo=8&k_babaCode=21,data/cache/html/19840629_kawasaki_8.html
19840629_kawasaki_9,1984-06-29,kawasaki,9,https://www.keiba.go.jp/KeibaWeb/TodayRaceInfo/RaceMarkTable?k_raceDate=1984%2F06%2F29&k_raceNo=9&k_babaCode=21,data/cache/html/19840629_kawasaki_9.html
19840629_kawasaki_10,1984-06-29,kawasaki,10,https://www.keiba.go.jp/KeibaWeb/TodayRaceInfo/RaceMarkTable?k_raceDate=1984%2F06%2F29&k_raceNo=10&k_babaCode=21,data/cache/html/19840629_kawasaki_10.html
19840629_kawasaki_11,1984-06-29,kawasaki,11,https://www.keiba.go.jp/KeibaWeb/TodayRaceInfo/RaceMarkTable?k_raceDate=1984%2F06%2F29&k_raceNo=11&k_babaCode=21,data/cache/html/19840629_kawasaki_11.html
19840629_kawasaki_12,1984-06-29,kawasaki,12,https://www.keiba.go.jp/KeibaWeb/TodayRaceInfo/RaceMarkTable?k_raceDate=1984%2F06%2F29&k_raceNo=12&k_babaCode=21,data/cache/html/19840629_kawasaki_12.html
19840628_kawasaki_1,1984-06-28,kawasaki,1,https://www.keiba.go.jp/KeibaWeb/TodayRaceInfo/RaceMarkTable?k_raceDate=1984%2F06%2F28&k_raceNo=1&k_babaCode=21,data/cache/html/19840628_kawasaki_1.html
19840628_kawasaki_2,1984-06-28,kawasaki,2,https://www.keiba.go.jp/KeibaWeb/TodayRaceInfo/RaceMarkTable?k_raceDate=1984%2F06%2F28&k_raceNo=2&k_babaCode=21,data/cache/html/19840628_kawasaki_2.html
19840628_kawasaki_3,1984-06-28,kawasaki,3,https://www.keiba.go.jp/KeibaWeb/TodayRaceInfo/RaceMarkTable?k_raceDate=1984%2F06%2F28&k_raceNo=3&k_babaCode=21,data/cache/html/19840628_kawasaki_3.html
19840628_kawasaki_4,1984-06-28,kawasaki,4,https://www.keiba.go.jp/KeibaWeb/TodayRaceInfo/RaceMarkTable?k_raceDate=1984%2F06%2F28&k_raceNo=4&k_babaCode=21,data/cache/html/19840628_kawasaki_4.html
19840628_kawasaki_5,1984-06-28,kawasaki,5,https://www.keiba.go.jp/KeibaWeb/TodayRaceInfo/RaceMarkTable?k_raceDate=1984%2F06%2F28&k_raceNo=5&k_babaCode=21,data/cache/html/19840628_kawasaki_5.html
19840628_kawasaki_6,1984-06-28,kawasaki,6,https://www.keiba.go.jp/KeibaWeb/TodayRaceInfo/RaceMarkTable?k_raceDate=1984%2F06%2F28&k_raceNo=6&k_babaCode=21,data/cache/html/19840628_kawasaki_6.html
19840628_kawasaki_7,1984-06-28,kawasaki,7,https://www.keiba.go.jp/KeibaWeb/TodayRaceInfo/RaceMarkTable?k_raceDate=1984%2F06%2F28&k_raceNo=7&k_babaCode=21,data/cache/html/19840628_kawasaki_7.html
19840628_kawasaki_8,1984-06-28,kawasaki,8,https://www.keiba.go.jp/KeibaWeb/TodayRaceInfo/RaceMarkTable?k_raceDate=1984%2F06%2F28&k_raceNo=8&k_babaCode=21,data/cache/html/19840628_kawasaki_8.html
19840628_kawasaki_9,1984-06-28,kawasaki,9,https://www.keiba.go.jp/KeibaWeb/TodayRaceInfo/RaceMarkTable?k_raceDate=1984%2F06%2F28&k_raceNo=9&k_babaCode=21,data/cache/html/19840628_kawasaki_9.html
19840628_kawasaki_10,1984-06-28,kawasaki,10,https://www.keiba.go.jp/KeibaWeb/TodayRaceInfo/RaceMarkTable?k_raceDate=1984%2F06%2F28&k_raceNo=10&k_babaCode=21,data/cache/html/19840628_kawasaki_10.html
19840628_kawasaki_11,1984-06-28,kawasaki,11,https://www.keiba.go.jp/KeibaWeb/TodayRaceInfo/RaceMarkTable?k_raceDate=1984%2F06%2F28&k_raceNo=11&k_babaCode=21,data/cache/html/19840628_kawasaki_11.html
19840628_kawasaki_12,1984-06-28,kawasaki,12,https://www.keiba.go.jp/KeibaWeb/TodayRaceInfo/RaceMarkTable?k_raceDate=1984%2F06%2F28&k_raceNo=12&k_babaCode=21,data/cache/html/19840628_kawasaki_12.html
19840627_kawasaki_1,1984-06-27,kawasaki,1,https://www.keiba.go.jp/KeibaWeb/TodayRaceInfo/RaceMarkTable?k_raceDate=1984%2F06%2F27&k_raceNo=1&k_babaCode=21,data/cache/html/19840627_kawasaki_1.html
19840627_kawasaki_2,1984-06-27,kawasaki,2,https://www.keiba.go.jp/KeibaWeb/TodayRaceInfo/RaceMarkTable?k_raceDate=1984%2F06%2F27&k_raceNo=2&k_babaCode=21,data/cache/html/19840627_kawasaki_2.html
19840627_kawasaki_3,1984-06-27,kawasaki,3,https://www.keiba.go.jp/KeibaWeb/TodayRaceInfo/RaceMarkTable?k_raceDate=1984%2F06%2F27&k_raceNo=3&k_babaCode=21,data/cache/html/19840627_kawasaki_3.html
19840627_kawasaki_4,1984-06-27,kawasaki,4,https://www.keiba.go.jp/KeibaWeb/TodayRaceInfo/RaceMarkTable?k_raceDate=1984%2F06%2F27&k_raceNo=4&k_babaCode=21,data/cache/html/19840627_kawasaki_4.html
19840627_kawasaki_5,1984-06-27,kawasaki,5,https://www.keiba.go.jp/KeibaWeb/TodayRaceInfo/RaceMarkTable?k_raceDate=1984%2F06%2F27&k_raceNo=5&k_babaCode=21,data/cache/html/19840627_kawasaki_5.html
19840627_kawasaki_6,1984-06-27,kawasaki,6,https://www.keiba.go.jp/KeibaWeb/TodayRaceInfo/RaceMarkTable?k_raceDate=1984%2F06%2F27&k_raceNo=6&k_babaCode=21,data/cache/html/19840627_kawasaki_6.html
19840627_kawasaki_7,1984-06-27,kawasaki,7,https://www.keiba.go.jp/KeibaWeb/TodayRaceInfo/RaceMarkTable?k_raceDate=1984%2F06%2F27&k_raceNo=7&k_babaCode=21,data/cache/html/19840627_kawasaki_7.html
19840627_kawasaki_8,1984-06-27,kawasaki,8,https://www.keiba.go.jp/KeibaWeb/TodayRaceInfo/RaceMarkTable?k_raceDate=1984%2F06%2F27&k_raceNo=8&k_babaCode=21,data/cache/html/19840627_kawasaki_8.html
19840627_kawasaki_9,1984-06-27,kawasaki,9,https://www.keiba.go.jp/KeibaWeb/TodayRaceInfo/RaceMarkTable?k_raceDate=1984%2F06%2F27&k_raceNo=9&k_babaCode=21,data/cache/html/19840627_kawasaki_9.html
19840627_kawasaki_10,1984-06-27,kawasaki,10,https://www.keiba.go.jp/KeibaWeb/TodayRaceInfo/RaceMarkTable?k_raceDate=1984%2F06%2F27&k_raceNo=10&k_babaCode=21,data/cache/html/19840627_kawasaki_10.html
19840627_kawasaki_11,1984-06-27,kawasaki,11,https://www.keiba.go.jp/KeibaWeb/TodayRaceInfo/RaceMarkTable?k_raceDate=1984%2F06%2F27&k_raceNo=11&k_babaCode=21,data/cache/html/19840627_kawasaki_11.html
19840627_kawasaki_12,1984-06-27,kawasaki,12,https://www.keiba.go.jp/KeibaWeb/TodayRaceInfo/RaceMarkTable?k_raceDate=1984%2F06%2F27&k_raceNo=12&k_babaCode=21,data/cache/html/19840627_kawasaki_12.html
19840626_kawasaki_1,1984-06-26,kawasaki,1,https://www.keiba.go.jp/KeibaWeb/TodayRaceInfo/RaceMarkTable?k_raceDate=1984%2F06%2F26&k_raceNo=1&k_babaCode=21,data/cache/html/19840626_kawasaki_1.html
19840626_kawasaki_2,1984-06-26,kawasaki,2,https://www.keiba.go.jp/KeibaWeb/TodayRaceInfo/RaceMarkTable?k_raceDate=1984%2F06%2F26&k_raceNo=2&k_babaCode=21,data/cache/html/19840626_kawasaki_2.html
19840626_kawasaki_3,1984-06-26,kawasaki,3,https://www.keiba.go.jp/KeibaWeb/TodayRaceInfo/RaceMarkTable?k_raceDate=1984%2F06%2F26&k_raceNo=3&k_babaCode=21,data/cache/html/19840626_kawasaki_3.html
19840626_kawasaki_4,1984-06-26,kawasaki,4,https://www.keiba.go.jp/KeibaWeb/TodayRaceInfo/RaceMarkTable?k_raceDate=1984%2F06%2F26&k_raceNo=4&k_babaCode=21,data/cache/html/19840626_kawasaki_4.html
19840626_kawasaki_5,1984-06-26,kawasaki,5,https://www.keiba.go.jp/KeibaWeb/TodayRaceInfo/RaceMarkTable?k_raceDate=1984%2F06%2F26&k_raceNo=5&k_babaCode=21,data/cache/html/19840626_kawasaki_5.html
19840626_kawasaki_6,1984-06-26,kawasaki,6,https://www.keiba.go.jp/KeibaWeb/TodayRaceInfo/RaceMarkTable?k_raceDate=1984%2F06%2F26&k_raceNo=6&k_babaCode=21,data/cache/html/19840626_kawasaki_6.html
19840626_kawasaki_7,1984-06-26,kawasaki,7,https://www.keiba.go.jp/KeibaWeb/TodayRaceInfo/RaceMarkTable?k_raceDate=1984%2F06%2F26&k_raceNo=7&k_babaCode=21,data/cache/html/19840626_kawasaki_7.html
19840626_kawasaki_8,1984-06-26,kawasaki,8,https://www.keiba.go.jp/KeibaWeb/TodayRaceInfo/RaceMarkTable?k_raceDate=1984%2F06%2F26&k_raceNo=8&k_babaCode=21,data/cache/html/19840626_kawasaki_8.html
19840626_kawasaki_9,1984-06-26,kawasaki,9,https://www.keiba.go.jp/KeibaWeb/TodayRaceInfo/RaceMarkTable?k_raceDate=1984%2F06%2F26&k_raceNo=9&k_babaCode=21,data/cache/html/19840626_kawasaki_9.html
19840626_kawasaki_10,1984-06-26,kawasaki,10,https://www.keiba.go.jp/KeibaWeb/TodayRaceInfo/RaceMarkTable?k_raceDate=1984%2F06%2F26&k_raceNo=10&k_babaCode=21,data/cache/html/19840626_kawasaki_10.html
19840626_kawasaki_11,1984-06-26,kawasaki,11,https://www.keiba.go.jp/KeibaWeb/TodayRaceInfo/RaceMarkTable?k_raceDate=1984%2F06%2F26&k_raceNo=11&k_babaCode=21,data/cache/html/19840626_kawasaki_11.html
19840626_kawasaki_12,1984-06-26,kawasaki,12,https://www.keiba.go.jp/KeibaWeb/TodayRaceInfo/RaceMarkTable?k_raceDate=1984%2F06%2F26&k_raceNo=12&k_babaCode=21,data/cache/html/19840626_kawasaki_12.html
19840625_kawasaki_1,1984-06-25,kawasaki,1,https://www.keiba.go.jp/KeibaWeb/TodayRaceInfo/RaceMarkTable?k_raceDate=1984%2F06%2F25&k_raceNo=1&k_babaCode=21,data/cache/html/19840625_kawasaki_1.html
19840625_kawasaki_2,1984-06-25,kawasaki,2,https://www.keiba.go.jp/KeibaWeb/TodayRaceInfo/RaceMarkTable?k_raceDate=1984%2F06%2F25&k_raceNo=2&k_babaCode=21,data/cache/html/19840625_kawasaki_2.html
19840625_kawasaki_3,1984-06-25,kawasaki,3,https://www.keiba.go.jp/KeibaWeb/TodayRaceInfo/RaceMarkTable?k_raceDate=1984%2F06%2F25&k_raceNo=3&k_babaCode=21,data/cache/html/19840625_kawasaki_3.html
19840625_kawasaki_4,1984-06-25,kawasaki,4,https://www.keiba.go.jp/KeibaWeb/TodayRaceInfo/RaceMarkTable?k_raceDate=1984%2F06%2F25&k_raceNo=4&k_babaCode=21,data/cache/html/19840625_kawasaki_4.html
19840625_kawasaki_5,1984-06-25,kawasaki,5,https://www.keiba.go.jp/KeibaWeb/TodayRaceInfo/RaceMarkTable?k_raceDate=1984%2F06%2F25&k_raceNo=5&k_babaCode=21,data/cache/html/19840625_kawasaki_5.html
19840625_kawasaki_6,1984-06-25,kawasaki,6,https://www.keiba.go.jp/KeibaWeb/TodayRaceInfo/RaceMarkTable?k_raceDate=1984%2F06%2F25&k_raceNo=6&k_babaCode=21,data/cache/html/19840625_kawasaki_6.html
19840625_kawasaki_7,1984-06-25,kawasaki,7,https://www.keiba.go.jp/KeibaWeb/TodayRaceInfo/RaceMarkTable?k_raceDate=1984%2F06%2F25&k_raceNo=7&k_babaCode=21,data/cache/html/19840625_kawasaki_7.html
19840625_kawasaki_8,1984-06-25,kawasaki,8,https://www.keiba.go.jp/KeibaWeb/TodayRaceInfo/RaceMarkTable?k_raceDate=1984%2F06%2F25&k_raceNo=8&k_babaCode=21,data/cache/html/19840625_kawasaki_8.html
19840625_kawasaki_9,1984-06-25,kawasaki,9,https://www.keiba.go.jp/KeibaWeb/TodayRaceInfo/RaceMarkTable?k_raceDate=1984%2F06%2F25&k_raceNo=9&k_babaCode=21,data/cache/html/19840625_kawasaki_9.html
19840625_kawasaki_10,1984-06-25,kawasaki,10,https://www.keiba.go.jp/KeibaWeb/TodayRaceInfo/RaceMarkTable?k_raceDate=1984%2F06%2F25&k_raceNo=10&k_babaCode=21,data/cache/html/19840625_kawasaki_10.html
19840625_kawasaki_11,1984-06-25,kawasaki,11,https://www.keiba.go.jp/KeibaWeb/TodayRaceInfo/RaceMarkTable?k_raceDate=1984%2F06%2F25&k_raceNo=11&k_babaCode=21,data/cache/html/19840625_kawasaki_11.html
19840625_kawasaki_12,1984-06-25,kawasaki,12,https://www.keiba.go.jp/KeibaWeb/TodayRaceInfo/RaceMarkTable?k_raceDate=1984%2F06%2F25&k_raceNo=12&k_babaCode=21,data/cache/html/19840625_kawasaki_12.html
19840624_kawasaki_1,1984-06-24,kawasaki,1,https://www.keiba.go.jp/KeibaWeb/TodayRaceInfo/RaceMarkTable?k_raceDate=1984%2F06%2F24&k_raceNo=1&k_babaCode=21,data/cache/html/19840624_kawasaki_1.html
19840624_kawasaki_2,1984-06-24,kawasaki,2,https://www.keiba.go.jp/KeibaWeb/TodayRaceInfo/RaceMarkTable?k_raceDate=1984%2F06%2F24&k_raceNo=2&k_babaCode=21,data/cache/html/19840624_kawasaki_2.html
19840624_kawasaki_3,1984-06-24,kawasaki,3,https://www.keiba.go.jp/KeibaWeb/TodayRaceInfo/RaceMarkTable?k_raceDate=1984%2F06%2F24&k_raceNo=3&k_babaCode=21,data/cache/html/19840624_kawasaki_3.html
19840624_kawasaki_4,1984-06-24,kawasaki,4,https://www.keiba.go.jp/KeibaWeb/TodayRaceInfo/RaceMarkTable?k_raceDate=1984%2F06%2F24&k_raceNo=4&k_babaCode=21,data/cache/html/19840624_kawasaki_4.html
19840624_kawasaki_5,1984-06-24,kawasaki,5,https://www.keiba.go.jp/KeibaWeb/TodayRaceInfo/RaceMarkTable?k_raceDate=1984%2F06%2F24&k_raceNo=5&k_babaCode=21,data/cache/html/19840624_kawasaki_5.html
19840624_kawasaki_6,1984-06-24,kawasaki,6,https://www.keiba.go.jp/KeibaWeb/TodayRaceInfo/RaceMarkTable?k_raceDate=1984%2F06%2F24&k_raceNo=6&k_babaCode=21,data/cache/html/19840624_kawasaki_6.html
19840624_kawasaki_7,1984-06-24,kawasaki,7,https://www.keiba.go.jp/KeibaWeb/TodayRaceInfo/RaceMarkTable?k_raceDate=1984%2F06%2F24&k_raceNo=7&k_babaCode=21,data/cache/html/19840624_kawasaki_7.html
19840624_kawasaki_8,1984-06-24,kawasaki,8,https://www.keiba.go.jp/KeibaWeb/TodayRaceInfo/RaceMarkTable?k_raceDate=1984%2F06%2F24&k_raceNo=8&k_babaCode=21,data/cache/html/19840624_kawasaki_8.html
19840624_kawasaki_9,1984-06-24,kawasaki,9,https://www.keiba.go.jp/KeibaWeb/TodayRaceInfo/RaceMarkTable?k_raceDate=1984%2F06%2F24&k_raceNo=9&k_babaCode=21,data/cache/html/19840624_kawasaki_9.html
19840624_kawasaki_10,1984-06-24,kawasaki,10,https://www.keiba.go.jp/KeibaWeb/TodayRaceInfo/RaceMarkTable?k_raceDate=1984%2F06%2F24&k_raceNo=10&k_babaCode=21,data/cache/html/19840624_kawasaki_10.html
19840624_kawasaki_11,1984-06-24,kawasaki,11,https://www.keiba.go.jp/KeibaWeb/TodayRaceInfo/RaceMarkTable?k_raceDate=1984%2F06%2F24&k_raceNo=11&k_babaCode=21,data/cache/html/19840624_kawasaki_11.html
19840624_kawasaki_12,1984-06-24,kawasaki,12,https://www.keiba.go.jp/KeibaWeb/TodayRaceInfo/RaceMarkTable?k_raceDate=1984%2F06%2F24&k_raceNo=12&k_babaCode=21,data/cache/html/19840624_kawasaki_12.html
19840623_kawasaki_1,1984-06-23,kawasaki,1,https://www.keiba.go.jp/KeibaWeb/TodayRaceInfo/RaceMarkTable?k_raceDate=1984%2F06%2F23&k_raceNo=1&k_babaCode=21,data/cache/html/19840623_kawasaki_1.html
19840623_kawasaki_2,1984-06-23,kawasaki,2,https://www.keiba.go.jp/KeibaWeb/TodayRaceInfo/RaceMarkTable?k_raceDate=1984%2F06%2F23&k_raceNo=2&k_babaCode=21,data/cache/html/19840623_kawasaki_2.html
19840623_kawasaki_3,1984-06-23,kawasaki,3,https://www.keiba.go.jp/KeibaWeb/TodayRaceInfo/RaceMarkTable?k_raceDate=1984%2F06%2F23&k_raceNo=3&k_babaCode=21,data/cache/html/19840623_kawasaki_3.html
19840623_kawasaki_4,1984-06-23,kawasaki,4,https://www.keiba.go.jp/KeibaWeb/TodayRaceInfo/RaceMarkTable?k_raceDate=1984%2F06%2F23&k_raceNo=4&k_babaCode=21,data/cache/html/19840623_kawasaki_4.html
19840623_kawasaki_5,1984-06-23,kawasaki,5,https://www.keiba.go.jp/KeibaWeb/TodayRaceInfo/RaceMarkTable?k_raceDate=1984%2F06%2F23&k_raceNo=5&k_babaCode=21,data/cache/html/19840623_kawasaki_5.html
19840623_kawasaki_6,1984-06-23,kawasaki,6,https://www.keiba.go.jp/KeibaWeb/TodayRaceInfo/RaceMarkTable?k_raceDate=1984%2F06%2F23&k_raceNo=6&k_babaCode=21,data/cache/html/19840623_kawasaki_6.html
19840623_kawasaki_7,1984-06-23,kawasaki,7,https://www.keiba.go.jp/KeibaWeb/TodayRaceInfo/RaceMarkTable?k_raceDate=1984%2F06%2F23&k_raceNo=7&k_babaCode=21,data/cache/html/19840623_kawasaki_7.html
19840623_kawasaki_8,1984-06-23,kawasaki,8,https://www.keiba.go.jp/KeibaWeb/TodayRaceInfo/RaceMarkTable?k_raceDate=1984%2F06%2F23&k_raceNo=8&k_babaCode=21,data/cache/html/19840623_kawasaki_8.html
19840623_kawasaki_9,1984-06-23,kawasaki,9,https://www.keiba.go.jp/KeibaWeb/TodayRaceInfo/RaceMarkTable?k_raceDate=1984%2F06%2F23&k_raceNo=9&k_babaCode=21,data/cache/html/19840623_kawasaki_9.html
19840623_kawasaki_10,1984-06-23,kawasaki,10,https://www.keiba.go.jp/KeibaWeb/TodayRaceInfo/RaceMarkTable?k_raceDate=1984%2F06%2F23&k_raceNo=10&k_babaCode=21,data/cache/html/19840623_kawasaki_10.html
19840623_kawasaki_11,1984-06-23,kawasaki,11,https://www.keiba.go.jp/KeibaWeb/TodayRaceInfo/RaceMarkTable?k_raceDate=1984%2F06%2F23&k_raceNo=11&k_babaCode=21,data/cache/html/19840623_kawasaki_11.html
19840623_kawasaki_12,1984-06-23,kawasaki,12,https://www.keiba.go.jp/KeibaWeb/TodayRaceInfo/RaceMarkTable?k_raceDate=1984%2F06%2F23&k_raceNo=12&k_babaCode=21,data/cache/html/19840623_kawasaki_12.html
19840622_kawasaki_1,1984-06-22,kawasaki,1,https://www.keiba.go.jp/KeibaWeb/TodayRaceInfo/RaceMarkTable?k_raceDate=1984%2F06%2F22&k_raceNo=1&k_babaCode=21,data/cache/html/19840622_kawasaki_1.html
19840622_kawasaki_2,1984-06-22,kawasaki,2,https://www.keiba.go.jp/KeibaWeb/TodayRaceInfo/RaceMarkTable?k_raceDate=1984%2F06%2F22&k_raceNo=2&k_babaCode=21,data/cache/html/19840622_kawasaki_2.html
19840622_kawasaki_3,1984-06-22,kawasaki,3,https://www.keiba.go.jp/KeibaWeb/TodayRaceInfo/RaceMarkTable?k_raceDate=1984%2F06%2F22&k_raceNo=3&k_babaCode=21,data/cache/html/19840622_kawasaki_3.html
19840622_kawasaki_4,1984-06-22,kawasaki,4,https://www.keiba.go.jp/KeibaWeb/TodayRaceInfo/RaceMarkTable?k_raceDate=1984%2F06%2F22&k_raceNo=4&k_babaCode=21,data/cache/html/19840622_kawasaki_4.html
19840622_kawasaki_5,1984-06-22,kawasaki,5,https://www.keiba.go.jp/KeibaWeb/TodayRaceInfo/RaceMarkTable?k_raceDate=1984%2F06%2F22&k_raceNo=5&k_babaCode=21,data/cache/html/19840622_kawasaki_5.html
19840622_kawasaki_6,1984-06-22,kawasaki,6,https://www.keiba.go.jp/KeibaWeb/TodayRaceInfo/RaceMarkTable?k_raceDate=1984%2F06%2F22&k_raceNo=6&k_babaCode=21,data/cache/html/19840622_kawasaki_6.html
19840622_kawasaki_7,1984-06-22,kawasaki,7,https://www.keiba.go.jp/KeibaWeb/TodayRaceInfo/RaceMarkTable?k_raceDate=1984%2F06%2F22&k_raceNo=7&k_babaCode=21,data/cache/html/19840622_kawasaki_7.html
19840622_kawasaki_8,1984-06-22,kawasaki,8,https://www.keiba.go.jp/KeibaWeb/TodayRaceInfo/RaceMarkTable?k_raceDate=1984%2F06%2F22&k_raceNo=8&k_babaCode=21,data/cache/html/19840622_kawasaki_8.html
19840622_kawasaki_9,1984-06-22,kawasaki,9,https://www.keiba.go.jp/KeibaWeb/TodayRaceInfo/RaceMarkTable?k_raceDate=1984%2F06%2F22&k_raceNo=9&k_babaCode=21,data/cache/html/19840622_kawasaki_9.html
19840622_kawasaki_10,1984-06-22,kawasaki,10,https://www.keiba.go.jp/KeibaWeb/TodayRaceInfo/RaceMarkTable?k_raceDate=1984%2F06%2F22&k_raceNo=10&k_babaCode=21,data/cache/html/19840622_kawasaki_10.html
19840622_kawasaki_11,1984-06-22,kawasaki,11,https://www.keiba.go.jp/KeibaWeb/TodayRaceInfo/RaceMarkTable?k_raceDate=1984%2F06%2F22&k_raceNo=11&k_babaCode=21,data/cache/html/19840622_kawasaki_11.html
19840622_kawasaki_12,1984-06-22,kawasaki,12,https://www.keiba.go.jp/KeibaWeb/TodayRaceInfo/RaceMarkTable?k_raceDate=1984%2F06%2F22&k_raceNo=12&k_babaCode=21,data/cache/html/19840622_kawasaki_12.html
19840621_kawasaki_1,1984-06-21,kawasaki,1,https://www.keiba.go.jp/KeibaWeb/TodayRaceInfo/RaceMarkTable?k_raceDate=1984%2F06%2F21&k_raceNo=1&k_babaCode=21,data/cache/html/19840621_kawasaki_1.html
19840621_kawasaki_2,1984-06-21,kawasaki,2,https://www.keiba.go.jp/KeibaWeb/TodayRaceInfo/RaceMarkTable?k_raceDate=1984%2F06%2F21&k_raceNo=2&k_babaCode=21,data/cache/html/19840621_kawasaki_2.html
19840621_kawasaki_3,1984-06-21,kawasaki,3,https://www.keiba.go.jp/KeibaWeb/TodayRaceInfo/RaceMarkTable?k_raceDate=1984%2F06%2F21&k_raceNo=3&k_babaCode=21,data/cache/html/19840621_kawasaki_3.html
19840621_kawasaki_4,1984-06-21,kawasaki,4,https://www.keiba.go.jp/KeibaWeb/TodayRaceInfo/RaceMarkTable?k_raceDate=1984%2F06%2F21&k_raceNo=4&k_babaCode=21,data/cache/html/19840621_kawasaki_4.html
19840621_kawasaki_5,1984-06-21,kawasaki,5,https://www.keiba.go.jp/KeibaWeb/TodayRaceInfo/RaceMarkTable?k_raceDate=1984%2F06%2F21&k_raceNo=5&k_babaCode=21,data/cache/html/19840621_kawasaki_5.html
19840621_kawasaki_6,1984-06-21,kawasaki,6,https://www.keiba.go.jp/KeibaWeb/TodayRaceInfo/RaceMarkTable?k_raceDate=1984%2F06%2F21&k_raceNo=6&k_babaCode=21,data/cache/html/19840621_kawasaki_6.html
19840621_kawasaki_7,1984-06-21,kawasaki,7,https://www.keiba.go.jp/KeibaWeb/TodayRaceInfo/RaceMarkTable?k_raceDate=1984%2F06%2F21&k_raceNo=7&k_babaCode=21,data/cache/html/19840621_kawasaki_7.html
19840621_kawasaki_8,1984-06-21,kawasaki,8,https://www.keiba.go.jp/KeibaWeb/TodayRaceInfo/RaceMarkTable?k_raceDate=1984%2F06%2F21&k_raceNo=8&k_babaCode=21,data/cache/html/19840621_kawasaki_8.html
19840621_kawasaki_9,1984-06-21,kawasaki,9,https://www.keiba.go.jp/KeibaWeb/TodayRaceInfo/RaceMarkTable?k_raceDate=1984%2F06%2F21&k_raceNo=9&k_babaCode=21,data/cache/html/19840621_kawasaki_9.html
19840621_kawasaki_10,1984-06-21,kawasaki,10,https://www.keiba.go.jp/KeibaWeb/TodayRaceInfo/RaceMarkTable?k_raceDate=1984%2F06%2F21&k_raceNo=10&k_babaCode=21,data/cache/html/19840621_kawasaki_10.html
19840621_kawasaki_11,1984-06-21,kawasaki,11,https://www.keiba.go.jp/KeibaWeb/TodayRaceInfo/RaceMarkTable?k_raceDate=1984%2F06%2F21&k_raceNo=11&k_babaCode=21,data/cache/html/19840621_kawasaki_11.html
19840621_kawasaki_12,1984-06-21,kawasaki,12,https://www.keiba.go.jp/KeibaWeb/TodayRaceInfo/RaceMarkTable?k_raceDate=1984%2F06%2F21&k_raceNo=12&k_babaCode=21,data/cache/html/19840621_kawasaki_12.html
19840620_kawasaki_1,1984-06-20,kawasaki,1,https://www.keiba.go.jp/KeibaWeb/TodayRaceInfo/RaceMarkTable?k_raceDate=1984%2F06%2F20&k_raceNo=1&k_babaCode=21,data/cache/html/19840620_kawasaki_1.html
19840620_kawasaki_2,1984-06-20,kawasaki,2,https://www.keiba.go.jp/KeibaWeb/TodayRaceInfo/RaceMarkTable?k_raceDate=1984%2F06%2F20&k_raceNo=2&k_babaCode=21,data/cache/html/19840620_kawasaki_2.html
19840620_kawasaki_3,1984-06-20,kawasaki,3,https://www.keiba.go.jp/KeibaWeb/TodayRaceInfo/RaceMarkTable?k_raceDate=1984%2F06%2F20&k_raceNo=3&k_babaCode=21,data/cache/html/19840620_kawasaki_3.html
19840620_kawasaki_4,1984-06-20,kawasaki,4,https://www.keiba.go.jp/KeibaWeb/TodayRaceInfo/RaceMarkTable?k_raceDate=1984%2F06%2F20&k_raceNo=4&k_babaCode=21,data/cache/html/19840620_kawasaki_4.html
19840620_kawasaki_5,1984-06-20,kawasaki,5,https://www.keiba.go.jp/KeibaWeb/TodayRaceInfo/RaceMarkTable?k_raceDate=1984%2F06%2F20&k_raceNo=5&k_babaCode=21,data/cache/html/19840620_kawasaki_5.html
19840620_kawasaki_6,1984-06-20,kawasaki,6,https://www.keiba.go.jp/KeibaWeb/TodayRaceInfo/RaceMarkTable?k_raceDate=1984%2F06%2F20&k_raceNo=6&k_babaCode=21,data/cache/html/19840620_kawasaki_6.html
19840620_kawasaki_7,1984-06-20,kawasaki,7,https://www.keiba.go.jp/KeibaWeb/TodayRaceInfo/RaceMarkTable?k_raceDate=1984%2F06%2F20&k_raceNo=7&k_babaCode=21,data/cache/html/19840620_kawasaki_7.html
19840620_kawasaki_8,1984-06-20,kawasaki,8,https://www.keiba.go.jp/KeibaWeb/TodayRaceInfo/RaceMarkTable?k_raceDate=1984%2F06%2F20&k_raceNo=8&k_babaCode=21,data/cache/html/19840620_kawasaki_8.html
19840620_kawasaki_9,1984-06-20,kawasaki,9,https://www.keiba.go.jp/KeibaWeb/TodayRaceInfo/RaceMarkTable?k_raceDate=1984%2F06%2F20&k_raceNo=9&k_babaCode=21,data/cache/html/19840620_kawasaki_9.html
19840620_kawasaki_10,1984-06-20,kawasaki,10,https://www.keiba.go.jp/KeibaWeb/TodayRaceInfo/RaceMarkTable?k_raceDate=1984%2F06%2F20&k_raceNo=10&k_babaCode=21,data/cache/html/19840620_kawasaki_10.html
19840620_kawasaki_11,1984-06-20,kawasaki,11,https://www.keiba.go.jp/KeibaWeb/TodayRaceInfo/RaceMarkTable?k_raceDate=1984%2F06%2F20&k_raceNo=11&k_babaCode=21,data/cache/html/19840620_kawasaki_11.html
19840620_kawasaki_12,1984-06-20,kawasaki,12,https://www.keiba.go.jp/KeibaWeb/TodayRaceInfo/RaceMarkTable?k_raceDate=1984%2F06%2F20&k_raceNo=12&k_babaCode=21,data/cache/html/19840620_kawasaki_12.html
19840619_kawasaki_1,1984-06-19,kawasaki,1,https://www.keiba.go.jp/KeibaWeb/TodayRaceInfo/RaceMarkTable?k_raceDate=1984%2F06%2F19&k_raceNo=1&k_babaCode=21,data/cache/html/19840619_kawasaki_1.html
19840619_kawasaki_2,1984-06-19,kawasaki,2,https://www.keiba.go.jp/KeibaWeb/TodayRaceInfo/RaceMarkTable?k_raceDate=1984%2F06%2F19&k_raceNo=2&k_babaCode=21,data/cache/html/19840619_kawasaki_2.html
19840619_kawasaki_3,1984-06-19,kawasaki,3,https://www.keiba.go.jp/KeibaWeb/TodayRaceInfo/RaceMarkTable?k_raceDate=1984%2F06%2F19&k_raceNo=3&k_babaCode=21,data/cache/html/19840619_kawasaki_3.html
19840619_kawasaki_4,1984-06-19,kawasaki,4,https://www.keiba.go.jp/KeibaWeb/TodayRaceInfo/RaceMarkTable?k_raceDate=1984%2F06%2F19&k_raceNo=4&k_babaCode=21,data/cache/html/19840619_kawasaki_4.html
19840619_kawasaki_5,1984-06-19,kawasaki,5,https://www.keiba.go.jp/KeibaWeb/TodayRaceInfo/RaceMarkTable?k_raceDate=1984%2F06%2F19&k_raceNo=5&k_babaCode=21,data/cache/html/19840619_kawasaki_5.html
19840619_kawasaki_6,1984-06-19,kawasaki,6,https://www.keiba.go.jp/KeibaWeb/TodayRaceInfo/RaceMarkTable?k_raceDate=1984%2F06%2F19&k_raceNo=6&k_babaCode=21,data/cache/html/19840619_kawasaki_6.html
19840619_kawasaki_7,1984-06-19,kawasaki,7,https://www.keiba.go.jp/KeibaWeb/TodayRaceInfo/RaceMarkTable?k_raceDate=1984%2F06%2F19&k_raceNo=7&k_babaCode=21,data/cache/html/19840619_kawasaki_7.html
19840619_kawasaki_8,1984-06-19,kawasaki,8,https://www.keiba.go.jp/KeibaWeb/TodayRaceInfo/RaceMarkTable?k_raceDate=1984%2F06%2F19&k_raceNo=8&k_babaCode=21,data/cache/html/19840619_kawasaki_8.html
19840619_kawasaki_9,1984-06-19,kawasaki,9,https://www.keiba.go.jp/KeibaWeb/TodayRaceInfo/RaceMarkTable?k_raceDate=1984%2F06%2F19&k_raceNo=9&k_babaCode=21,data/cache/html/19840619_kawasaki_9.html
19840619_kawasaki_10,1984-06-19,kawasaki,10,https://www.keiba.go.jp/KeibaWeb/TodayRaceInfo/RaceMarkTable?k_raceDate=1984%2F06%2F19&k_raceNo=10&k_babaCode=21,data/cache/html/19840619_kawasaki_10.html
19840619_kawasaki_11,1984-06-19,kawasaki,11,https://www.keiba.go.jp/KeibaWeb/TodayRaceInfo/RaceMarkTable?k_raceDate=1984%2F06%2F19&k_raceNo=11&k_babaCode=21,data/cache/html/19840619_kawasaki_11.html
19840619_kawasaki_12,1984-06-19,kawasaki,12,https://www.keiba.go.jp/KeibaWeb/TodayRaceInfo/RaceMarkTable?k_raceDate=1984%2F06%2F19&k_raceNo=12&k_babaCode=21,data/cache/html/19840619_kawasaki_12.html
19840618_kawasaki_1,1984-06-18,kawasaki,1,https://www.keiba.go.jp/KeibaWeb/TodayRaceInfo/RaceMarkTable?k_raceDate=1984%2F06%2F18&k_raceNo=1&k_babaCode=21,data/cache/html/19840618_kawasaki_1.html
19840618_kawasaki_2,1984-06-18,kawasaki,2,https://www.keiba.go.jp/KeibaWeb/TodayRaceInfo/RaceMarkTable?k_raceDate=1984%2F06%2F18&k_raceNo=2&k_babaCode=21,data/cache/html/19840618_kawasaki_2.html
19840618_kawasaki_3,1984-06-18,kawasaki,3,https://www.keiba.go.jp/KeibaWeb/TodayRaceInfo/RaceMarkTable?k_raceDate=1984%2F06%2F18&k_raceNo=3&k_babaCode=21,data/cache/html/19840618_kawasaki_3.html
19840618_kawasaki_4,1984-06-18,kawasaki,4,https://www.keiba.go.jp/KeibaWeb/TodayRaceInfo/RaceMarkTable?k_raceDate=1984%2F06%2F18&k_raceNo=4&k_babaCode=21,data/cache/html/19840618_kawasaki_4.html
19840618_kawasaki_5,1984-06-18,kawasaki,5,https://www.keiba.go.jp/KeibaWeb/TodayRaceInfo/RaceMarkTable?k_raceDate=1984%2F06%2F18&k_raceNo=5&k_babaCode=21,data/cache/html/19840618_kawasaki_5.html
19840618_kawasaki_6,1984-06-18,kawasaki,6,https://www.keiba.go.jp/KeibaWeb/TodayRaceInfo/RaceMarkTable?k_raceDate=1984%2F06%2F18&k_raceNo=6&k_babaCode=21,data/cache/html/19840618_kawasaki_6.html
19840618_kawasaki_7,1984-06-18,kawasaki,7,https://www.keiba.go.jp/KeibaWeb/TodayRaceInfo/RaceMarkTable?k_raceDate=1984%2F06%2F18&k_raceNo=7&k_babaCode=21,data/cache/html/19840618_kawasaki_7.html
19840618_kawasaki_8,1984-06-18,kawasaki,8,https://www.keiba.go.jp/KeibaWeb/TodayRaceInfo/RaceMarkTable?k_raceDate=1984%2F06%2F18&k_raceNo=8&k_babaCode=21,data/cache/html/19840618_kawasaki_8.html
19840618_kawasaki_9,1984-06-18,kawasaki,9,https://www.keiba.go.jp/KeibaWeb/TodayRaceInfo/RaceMarkTable?k_raceDate=1984%2F06%2F18&k_raceNo=9&k_babaCode=21,data/cache/html/19840618_kawasaki_9.html
19840618_kawasaki_10,1984-06-18,kawasaki,10,https://www.keiba.go.jp/KeibaWeb/TodayRaceInfo/RaceMarkTable?k_raceDate=1984%2F06%2F18&k_raceNo=10&k_babaCode=21,data/cache/html/19840618_kawasaki_10.html
19840618_kawasaki_11,1984-06-18,kawasaki,11,https://www.keiba.go.jp/KeibaWeb/TodayRaceInfo/RaceMarkTable?k_raceDate=1984%2F06%2F18&k_raceNo=11&k_babaCode=21,data/cache/html/19840618_kawasaki_11.html
19840618_kawasaki_12,1984-06-18,kawasaki,12,https://www.keiba.go.jp/KeibaWeb/TodayRaceInfo/RaceMarkTable?k_raceDate=1984%2F06%2F18&k_raceNo=12&k_babaCode=21,data/cache/html/19840618_kawasaki_12.html
19840617_kawasaki_1,1984-06-17,kawasaki,1,https://www.keiba.go.jp/KeibaWeb/TodayRaceInfo/RaceMarkTable?k_raceDate=1984%2F06%2F17&k_raceNo=1&k_babaCode=21,data/cache/html/19840617_kawasaki_1.html
19840617_kawasaki_2,1984-06-17,kawasaki,2,https://www.keiba.go.jp/KeibaWeb/TodayRaceInfo/RaceMarkTable?k_raceDate=1984%2F06%2F17&k_raceNo=2&k_babaCode=21,data/cache/html/19840617_kawasaki_2.html
19840617_kawasaki_3,1984-06-17,kawasaki,3,https://www.keiba.go.jp/KeibaWeb/TodayRaceInfo/RaceMarkTable?k_raceDate=1984%2F06%2F17&k_raceNo=3&k_babaCode=21,data/cache/html/19840617_kawasaki_3.html
19840617_kawasaki_4,1984-06-17,kawasaki,4,https://www.keiba.go.jp/KeibaWeb/TodayRaceInfo/RaceMarkTable?k_raceDate=1984%2F06%2F17&k_raceNo=4&k_babaCode=21,data/cache/html/19840617_kawasaki_4.html
19840617_kawasaki_5,1984-06-17,kawasaki,5,https://www.keiba.go.jp/KeibaWeb/TodayRaceInfo/RaceMarkTable?k_raceDate=1984%2F06%2F17&k_raceNo=5&k_babaCode=21,data/cache/html/19840617_kawasaki_5.html
19840617_kawasaki_6,1984-06-17,kawasaki,6,https://www.keiba.go.jp/KeibaWeb/TodayRaceInfo/RaceMarkTable?k_raceDate=1984%2F06%2F17&k_raceNo=6&k_babaCode=21,data/cache/html/19840617_kawasaki_6.html
19840617_kawasaki_7,1984-06-17,kawasaki,7,https://www.keiba.go.jp/KeibaWeb/TodayRaceInfo/RaceMarkTable?k_raceDate=1984%2F06%2F17&k_raceNo=7&k_babaCode=21,data/cache/html/19840617_kawasaki_7.html
19840617_kawasaki_8,1984-06-17,kawasaki,8,https://www.keiba.go.jp/KeibaWeb/TodayRaceInfo/RaceMarkTable?k_raceDate=1984%2F06%2F17&k_raceNo=8&k_babaCode=21,data/cache/html/19840617_kawasaki_8.html
19840617_kawasaki_9,1984-06-17,kawasaki,9,https://www.keiba.go.jp/KeibaWeb/TodayRaceInfo/RaceMarkTable?k_raceDate=1984%2F06%2F17&k_raceNo=9&k_babaCode=21,data/cache/html/19840617_kawasaki_9.html
19840617_kawasaki_10,1984-06-17,kawasaki,10,https://www.keiba.go.jp/KeibaWeb/TodayRaceInfo/RaceMarkTable?k_raceDate=1984%2F06%2F17&k_raceNo=10&k_babaCode=21,data/cache/html/19840617_kawasaki_10.html
19840617_kawasaki_11,1984-06-17,kawasaki,11,https://www.keiba.go.jp/KeibaWeb/TodayRaceInfo/RaceMarkTable?k_raceDate=1984%2F06%2F17&k_raceNo=11&k_babaCode=21,data/cache/html/19840617_kawasaki_11.html
19840617_kawasaki_12,1984-06-17,kawasaki,12,https://www.keiba.go.jp/KeibaWeb/TodayRaceInfo/RaceMarkTable?k_raceDate=1984%2F06%2F17&k_raceNo=12&k_babaCode=21,data/cache/html/19840617_kawasaki_12.html
19840616_kawasaki_1,1984-06-16,kawasaki,1,https://www.keiba.go.jp/KeibaWeb/TodayRaceInfo/RaceMarkTable?k_raceDate=1984%2F06%2F16&k_raceNo=1&k_babaCode=21,data/cache/html/19840616_kawasaki_1.html
19840616_kawasaki_2,1984-06-16,kawasaki,2,https://www.keiba.go.jp/KeibaWeb/TodayRaceInfo/RaceMarkTable?k_raceDate=1984%2F06%2F16&k_raceNo=2&k_babaCode=21,data/cache/html/19840616_kawasaki_2.html
19840616_kawasaki_3,1984-06-16,kawasaki,3,https://www.keiba.go.jp/KeibaWeb/TodayRaceInfo/RaceMarkTable?k_raceDate=1984%2F06%2F16&k_raceNo=3&k_babaCode=21,data/cache/html/19840616_kawasaki_3.html
19840616_kawasaki_4,1984-06-16,kawasaki,4,https://www.keiba.go.jp/KeibaWeb/TodayRaceInfo/RaceMarkTable?k_raceDate=1984%2F06%2F16&k_raceNo=4&k_babaCode=21,data/cache/html/19840616_kawasaki_4.html
19840616_kawasaki_5,1984-06-16,kawasaki,5,https://www.keiba.go.jp/KeibaWeb/TodayRaceInfo/RaceMarkTable?k_raceDate=1984%2F06%2F16&k_raceNo=5&k_babaCode=21,data/cache/html/19840616_kawasaki_5.html
19840616_kawasaki_6,1984-06-16,kawasaki,6,https://www.keiba.go.jp/KeibaWeb/TodayRaceInfo/RaceMarkTable?k_raceDate=1984%2F06%2F16&k_raceNo=6&k_babaCode=21,data/cache/html/19840616_kawasaki_6.html
19840616_kawasaki_7,1984-06-16,kawasaki,7,https://www.keiba.go.jp/KeibaWeb/TodayRaceInfo/RaceMarkTable?k_raceDate=1984%2F06%2F16&k_raceNo=7&k_babaCode=21,data/cache/html/19840616_kawasaki_7.html
19840616_kawasaki_8,1984-06-16,kawasaki,8,https://www.keiba.go.jp/KeibaWeb/TodayRaceInfo/RaceMarkTable?k_raceDate=1984%2F06%2F16&k_raceNo=8&k_babaCode=21,data/cache/html/19840616_kawasaki_8.html
19840616_kawasaki_9,1984-06-16,kawasaki,9,https://www.keiba.go.jp/KeibaWeb/TodayRaceInfo/RaceMarkTable?k_raceDate=1984%2F06%2F16&k_raceNo=9&k_babaCode=21,data/cache/html/19840616_kawasaki_9.html
19840616_kawasaki_10,1984-06-16,kawasaki,10,https://www.keiba.go.jp/KeibaWeb/TodayRaceInfo/RaceMarkTable?k_raceDate=1984%2F06%2F16&k_raceNo=10&k_babaCode=21,data/cache/html/19840616_kawasaki_10.html
19840616_kawasaki_11,1984-06-16,kawasaki,11,https://www.keiba.go.jp/KeibaWeb/TodayRaceInfo/RaceMarkTable?k_raceDate=1984%2F06%2F16&k_raceNo=11&k_babaCode=21,data/cache/html/19840616_kawasaki_11.html
19840616_kawasaki_12,1984-06-16,kawasaki,12,https://www.keiba.go.jp/KeibaWeb/TodayRaceInfo/RaceMarkTable?k_raceDate=1984%2F06%2F16&k_raceNo=12&k_babaCode=21,data/cache/html/19840616_kawasaki_12.html
19840615_kawasaki_1,1984-06-15,kawasaki,1,https://www.keiba.go.jp/KeibaWeb/TodayRaceInfo/RaceMarkTable?k_raceDate=1984%2F06%2F15&k_raceNo=1&k_babaCode=21,data/cache/html/19840615_kawasaki_1.html
19840615_kawasaki_2,1984-06-15,kawasaki,2,https://www.keiba.go.jp/KeibaWeb/TodayRaceInfo/RaceMarkTable?k_raceDate=1984%2F06%2F15&k_raceNo=2&k_babaCode=21,data/cache/html/19840615_kawasaki_2.html
19840615_kawasaki_3,1984-06-15,kawasaki,3,https://www.keiba.go.jp/KeibaWeb/TodayRaceInfo/RaceMarkTable?k_raceDate=1984%2F06%2F15&k_raceNo=3&k_babaCode=21,data/cache/html/19840615_kawasaki_3.html
19840615_kawasaki_4,1984-06-15,kawasaki,4,https://www.keiba.go.jp/KeibaWeb/TodayRaceInfo/RaceMarkTable?k_raceDate=1984%2F06%2F15&k_raceNo=4&k_babaCode=21,data/cache/html/19840615_kawasaki_4.html
19840615_kawasaki_5,1984-06-15,kawasaki,5,https://www.keiba.go.jp/KeibaWeb/TodayRaceInfo/RaceMarkTable?k_raceDate=1984%2F06%2F15&k_raceNo=5&k_babaCode=21,data/cache/html/19840615_kawasaki_5.html
19840615_kawasaki_6,1984-06-15,kawasaki,6,https://www.keiba.go.jp/KeibaWeb/TodayRaceInfo/RaceMarkTable?k_raceDate=1984%2F06%2F15&k_raceNo=6&k_babaCode=21,data/cache/html/19840615_kawasaki_6.html
19840615_kawasaki_7,1984-06-15,kawasaki,7,https://www.keiba.go.jp/KeibaWeb/TodayRaceInfo/RaceMarkTable?k_raceDate=1984%2F06%2F15&k_raceNo=7&k_babaCode=21,data/cache/html/19840615_kawasaki_7.html
19840615_kawasaki_8,1984-06-15,kawasaki,8,https://www.keiba.go.jp/KeibaWeb/TodayRaceInfo/RaceMarkTable?k_raceDate=1984%2F06%2F15&k_raceNo=8&k_babaCode=21,data/cache/html/19840615_kawasaki_8.html
19840615_kawasaki_9,1984-06-15,kawasaki,9,https://www.keiba.go.jp/KeibaWeb/TodayRaceInfo/RaceMarkTable?k_raceDate=1984%2F06%2F15&k_raceNo=9&k_babaCode=21,data/cache/html/19840615_kawasaki_9.html
19840615_kawasaki_10,1984-06-15,kawasaki,10,https://www.keiba.go.jp/KeibaWeb/TodayRaceInfo/RaceMarkTable?k_raceDate=1984%2F06%2F15&k_raceNo=10&k_babaCode=21,data/cache/html/19840615_kawasaki_10.html
19840615_kawasaki_11,1984-06-15,kawasaki,11,https://www.keiba.go.jp/KeibaWeb/TodayRaceInfo/RaceMarkTable?k_raceDate=1984%2F06%2F15&k_raceNo=11&k_babaCode=21,data/cache/html/19840615_kawasaki_11.html
19840615_kawasaki_12,1984-06-15,kawasaki,12,https://www.keiba.go.jp/KeibaWeb/TodayRaceInfo/RaceMarkTable?k_raceDate=1984%2F06%2F15&k_raceNo=12&k_babaCode=21,data/cache/html/19840615_kawasaki_12.html
19840614_kawasaki_1,1984-06-14,kawasaki,1,https://www.keiba.go.jp/KeibaWeb/TodayRaceInfo/RaceMarkTable?k_raceDate=1984%2F06%2F14&k_raceNo=1&k_babaCode=21,data/cache/html/19840614_kawasaki_1.html
19840614_kawasaki_2,1984-06-14,kawasaki,2,https://www.keiba.go.jp/KeibaWeb/TodayRaceInfo/RaceMarkTable?k_raceDate=1984%2F06%2F14&k_raceNo=2&k_babaCode=21,data/cache/html/19840614_kawasaki_2.html
19840614_kawasaki_3,1984-06-14,kawasaki,3,https://www.keiba.go.jp/KeibaWeb/TodayRaceInfo/RaceMarkTable?k_raceDate=1984%2F06%2F14&k_raceNo=3&k_babaCode=21,data/cache/html/19840614_kawasaki_3.html
19840614_kawasaki_4,1984-06-14,kawasaki,4,https://www.keiba.go.jp/KeibaWeb/TodayRaceInfo/RaceMarkTable?k_raceDate=1984%2F06%2F14&k_raceNo=4&k_babaCode=21,data/cache/html/19840614_kawasaki_4.html
19840614_kawasaki_5,1984-06-14,kawasaki,5,https://www.keiba.go.jp/KeibaWeb/TodayRaceInfo/RaceMarkTable?k_raceDate=1984%2F06%2F14&k_raceNo=5&k_babaCode=21,data/cache/html/19840614_kawasaki_5.html
19840614_kawasaki_6,1984-06-14,kawasaki,6,https://www.keiba.go.jp/KeibaWeb/TodayRaceInfo/RaceMarkTable?k_raceDate=1984%2F06%2F14&k_raceNo=6&k_babaCode=21,data/cache/html/19840614_kawasaki_6.html
19840614_kawasaki_7,1984-06-14,kawasaki,7,https://www.keiba.go.jp/KeibaWeb/TodayRaceInfo/RaceMarkTable?k_raceDate=1984%2F06%2F14&k_raceNo=7&k_babaCode=21,data/cache/html/19840614_kawasaki_7.html
19840614_kawasaki_8,1984-06-14,kawasaki,8,https://www.keiba.go.jp/KeibaWeb/TodayRaceInfo/RaceMarkTable?k_raceDate=1984%2F06%2F14&k_raceNo=8&k_babaCode=21,data/cache/html/19840614_kawasaki_8.html
19840614_kawasaki_9,1984-06-14,kawasaki,9,https://www.keiba.go.jp/KeibaWeb/TodayRaceInfo/RaceMarkTable?k_raceDate=1984%2F06%2F14&k_raceNo=9&k_babaCode=21,data/cache/html/19840614_kawasaki_9.html
19840614_kawasaki_10,1984-06-14,kawasaki,10,https://www.keiba.go.jp/KeibaWeb/TodayRaceInfo/RaceMarkTable?k_raceDate=1984%2F06%2F14&k_raceNo=10&k_babaCode=21,data/cache/html/19840614_kawasaki_10.html
19840614_kawasaki_11,1984-06-14,kawasaki,11,https://www.keiba.go.jp/KeibaWeb/TodayRaceInfo/RaceMarkTable?k_raceDate=1984%2F06%2F14&k_raceNo=11&k_babaCode=21,data/cache/html/19840614_kawasaki_11.html
19840614_kawasaki_12,1984-06-14,kawasaki,12,https://www.keiba.go.jp/KeibaWeb/TodayRaceInfo/RaceMarkTable?k_raceDate=1984%2F06%2F14&k_raceNo=12&k_babaCode=21,data/cache/html/19840614_kawasaki_12.html
19840613_kawasaki_1,1984-06-13,kawasaki,1,https://www.keiba.go.jp/KeibaWeb/TodayRaceInfo/RaceMarkTable?k_raceDate=1984%2F06%2F13&k_raceNo=1&k_babaCode=21,data/cache/html/19840613_kawasaki_1.html
19840613_kawasaki_2,1984-06-13,kawasaki,2,https://www.keiba.go.jp/KeibaWeb/TodayRaceInfo/RaceMarkTable?k_raceDate=1984%2F06%2F13&k_raceNo=2&k_babaCode=21,data/cache/html/19840613_kawasaki_2.html
19840613_kawasaki_3,1984-06-13,kawasaki,3,https://www.keiba.go.jp/KeibaWeb/TodayRaceInfo/RaceMarkTable?k_raceDate=1984%2F06%2F13&k_raceNo=3&k_babaCode=21,data/cache/html/19840613_kawasaki_3.html
19840613_kawasaki_4,1984-06-13,kawasaki,4,https://www.keiba.go.jp/KeibaWeb/TodayRaceInfo/RaceMarkTable?k_raceDate=1984%2F06%2F13&k_raceNo=4&k_babaCode=21,data/cache/html/19840613_kawasaki_4.html
19840613_kawasaki_5,1984-06-13,kawasaki,5,https://www.keiba.go.jp/KeibaWeb/TodayRaceInfo/RaceMarkTable?k_raceDate=1984%2F06%2F13&k_raceNo=5&k_babaCode=21,data/cache/html/19840613_kawasaki_5.html
19840613_kawasaki_6,1984-06-13,kawasaki,6,https://www.keiba.go.jp/KeibaWeb/TodayRaceInfo/RaceMarkTable?k_raceDate=1984%2F06%2F13&k_raceNo=6&k_babaCode=21,data/cache/html/19840613_kawasaki_6.html
19840613_kawasaki_7,1984-06-13,kawasaki,7,https://www.keiba.go.jp/KeibaWeb/TodayRaceInfo/RaceMarkTable?k_raceDate=1984%2F06%2F13&k_raceNo=7&k_babaCode=21,data/cache/html/19840613_kawasaki_7.html
19840613_kawasaki_8,1984-06-13,kawasaki,8,https://www.keiba.go.jp/KeibaWeb/TodayRaceInfo/RaceMarkTable?k_raceDate=1984%2F06%2F13&k_raceNo=8&k_babaCode=21,data/cache/html/19840613_kawasaki_8.html
19840613_kawasaki_9,1984-06-13,kawasaki,9,https://www.keiba.go.jp/KeibaWeb/TodayRaceInfo/RaceMarkTable?k_raceDate=1984%2F06%2F13&k_raceNo=9&k_babaCode=21,data/cache/html/19840613_kawasaki_9.html
19840613_kawasaki_10,1984-06-13,kawasaki,10,https://www.keiba.go.jp/KeibaWeb/TodayRaceInfo/RaceMarkTable?k_raceDate=1984%2F06%2F13&k_raceNo=10&k_babaCode=21,data/cache/html/19840613_kawasaki_10.html
19840613_kawasaki_11,1984-06-13,kawasaki,11,https://www.keiba.go.jp/KeibaWeb/TodayRaceInfo/RaceMarkTable?k_raceDate=1984%2F06%2F13&k_raceNo=11&k_babaCode=21,data/cache/html/19840613_kawasaki_11.html
19840613_kawasaki_12,1984-06-13,kawasaki,12,https://www.keiba.go.jp/KeibaWeb/TodayRaceInfo/RaceMarkTable?k_raceDate=1984%2F06%2F13&k_raceNo=12&k_babaCode=21,data/cache/html/19840613_kawasaki_12.html
19840612_kawasaki_1,1984-06-12,kawasaki,1,https://www.keiba.go.jp/KeibaWeb/TodayRaceInfo/RaceMarkTable?k_raceDate=1984%2F06%2F12&k_raceNo=1&k_babaCode=21,data/cache/html/19840612_kawasaki_1.html
19840612_kawasaki_2,1984-06-12,kawasaki,2,https://www.keiba.go.jp/KeibaWeb/TodayRaceInfo/RaceMarkTable?k_raceDate=1984%2F06%2F12&k_raceNo=2&k_babaCode=21,data/cache/html/19840612_kawasaki_2.html
19840612_kawasaki_3,1984-06-12,kawasaki,3,https://www.keiba.go.jp/KeibaWeb/TodayRaceInfo/RaceMarkTable?k_raceDate=1984%2F06%2F12&k_raceNo=3&k_babaCode=21,data/cache/html/19840612_kawasaki_3.html
19840612_kawasaki_4,1984-06-12,kawasaki,4,https://www.keiba.go.jp/KeibaWeb/TodayRaceInfo/RaceMarkTable?k_raceDate=1984%2F06%2F12&k_raceNo=4&k_babaCode=21,data/cache/html/19840612_kawasaki_4.html
19840612_kawasaki_5,1984-06-12,kawasaki,5,https://www.keiba.go.jp/KeibaWeb/TodayRaceInfo/RaceMarkTable?k_raceDate=1984%2F06%2F12&k_raceNo=5&k_babaCode=21,data/cache/html/19840612_kawasaki_5.html
19840612_kawasaki_6,1984-06-12,kawasaki,6,https://www.keiba.go.jp/KeibaWeb/TodayRaceInfo/RaceMarkTable?k_raceDate=1984%2F06%2F12&k_raceNo=6&k_babaCode=21,data/cache/html/19840612_kawasaki_6.html
19840612_kawasaki_7,1984-06-12,kawasaki,7,https://www.keiba.go.jp/KeibaWeb/TodayRaceInfo/RaceMarkTable?k_raceDate=1984%2F06%2F12&k_raceNo=7&k_babaCode=21,data/cache/html/19840612_kawasaki_7.html
19840612_kawasaki_8,1984-06-12,kawasaki,8,https://www.keiba.go.jp/KeibaWeb/TodayRaceInfo/RaceMarkTable?k_raceDate=1984%2F06%2F12&k_raceNo=8&k_babaCode=21,data/cache/html/19840612_kawasaki_8.html
19840612_kawasaki_9,1984-06-12,kawasaki,9,https://www.keiba.go.jp/KeibaWeb/TodayRaceInfo/RaceMarkTable?k_raceDate=1984%2F06%2F12&k_raceNo=9&k_babaCode=21,data/cache/html/19840612_kawasaki_9.html
19840612_kawasaki_10,1984-06-12,kawasaki,10,https://www.keiba.go.jp/KeibaWeb/TodayRaceInfo/RaceMarkTable?k_raceDate=1984%2F06%2F12&k_raceNo=10&k_babaCode=21,data/cache/html/19840612_kawasaki_10.html
19840612_kawasaki_11,1984-06-12,kawasaki,11,https://www.keiba.go.jp/KeibaWeb/TodayRaceInfo/RaceMarkTable?k_raceDate=1984%2F06%2F12&k_raceNo=11&k_babaCode=21,data/cache/html/19840612_kawasaki_11.html
19840612_kawasaki_12,1984-06-12,kawasaki,12,https://www.keiba.go.jp/KeibaWeb/TodayRaceInfo/RaceMarkTable?k_raceDate=1984%2F06%2F12&k_raceNo=12&k_babaCode=21,data/cache/html/19840612_kawasaki_12.html
19840611_kawasaki_1,1984-06-11,kawasaki,1,https://www.keiba.go.jp/KeibaWeb/TodayRaceInfo/RaceMarkTable?k_raceDate=1984%2F06%2F11&k_raceNo=1&k_babaCode=21,data/cache/html/19840611_kawasaki_1.html
19840611_kawasaki_2,1984-06-11,kawasaki,2,https://www.keiba.go.jp/KeibaWeb/TodayRaceInfo/RaceMarkTable?k_raceDate=1984%2F06%2F11&k_raceNo=2&k_babaCode=21,data/cache/html/19840611_kawasaki_2.html
19840611_kawasaki_3,1984-06-11,kawasaki,3,https://www.keiba.go.jp/KeibaWeb/TodayRaceInfo/RaceMarkTable?k_raceDate=1984%2F06%2F11&k_raceNo=3&k_babaCode=21,data/cache/html/19840611_kawasaki_3.html
19840611_kawasaki_4,1984-06-11,kawasaki,4,https://www.keiba.go.jp/KeibaWeb/TodayRaceInfo/RaceMarkTable?k_raceDate=1984%2F06%2F11&k_raceNo=4&k_babaCode=21,data/cache/html/19840611_kawasaki_4.html
19840611_kawasaki_5,1984-06-11,kawasaki,5,https://www.keiba.go.jp/KeibaWeb/TodayRaceInfo/RaceMarkTable?k_raceDate=1984%2F06%2F11&k_raceNo=5&k_babaCode=21,data/cache/html/19840611_kawasaki_5.html
19840611_kawasaki_6,1984-06-11,kawasaki,6,https://www.keiba.go.jp/KeibaWeb/TodayRaceInfo/RaceMarkTable?k_raceDate=1984%2F06%2F11&k_raceNo=6&k_babaCode=21,data/cache/html/19840611_kawasaki_6.html
19840611_kawasaki_7,1984-06-11,kawasaki,7,https://www.keiba.go.jp/KeibaWeb/TodayRaceInfo/RaceMarkTable?k_raceDate=1984%2F06%2F11&k_raceNo=7&k_babaCode=21,data/cache/html/19840611_kawasaki_7.html
19840611_kawasaki_8,1984-06-11,kawasaki,8,https://www.keiba.go.jp/KeibaWeb/TodayRaceInfo/RaceMarkTable?k_raceDate=1984%2F06%2F11&k_raceNo=8&k_babaCode=21,data/cache/html/19840611_kawasaki_8.html
19840611_kawasaki_9,1984-06-11,kawasaki,9,https://www.keiba.go.jp/KeibaWeb/TodayRaceInfo/RaceMarkTable?k_raceDate=1984%2F06%2F11&k_raceNo=9&k_babaCode=21,data/cache/html/19840611_kawasaki_9.html
19840611_kawasaki_10,1984-06-11,kawasaki,10,https://www.keiba.go.jp/KeibaWeb/TodayRaceInfo/RaceMarkTable?k_raceDate=1984%2F06%2F11&k_raceNo=10&k_babaCode=21,data/cache/html/19840611_kawasaki_10.html
19840611_kawasaki_11,1984-06-11,kawasaki,11,https://www.keiba.go.jp/KeibaWeb/TodayRaceInfo/RaceMarkTable?k_raceDate=1984%2F06%2F11&k_raceNo=11&k_babaCode=21,data/cache/html/19840611_kawasaki_11.html
19840611_kawasaki_12,1984-06-11,kawasaki,12,https://www.keiba.go.jp/KeibaWeb/TodayRaceInfo/RaceMarkTable?k_raceDate=1984%2F06%2F11&k_raceNo=12&k_babaCode=21,data/cache/html/19840611_kawasaki_12.html
19840610_kawasaki_1,1984-06-10,kawasaki,1,https://www.keiba.go.jp/KeibaWeb/TodayRaceInfo/RaceMarkTable?k_raceDate=1984%2F06%2F10&k_raceNo=1&k_babaCode=21,data/cache/html/19840610_kawasaki_1.html
19840610_kawasaki_2,1984-06-10,kawasaki,2,https://www.keiba.go.jp/KeibaWeb/TodayRaceInfo/RaceMarkTable?k_raceDate=1984%2F06%2F10&k_raceNo=2&k_babaCode=21,data/cache/html/19840610_kawasaki_2.html
19840610_kawasaki_3,1984-06-10,kawasaki,3,https://www.keiba.go.jp/KeibaWeb/TodayRaceInfo/RaceMarkTable?k_raceDate=1984%2F06%2F10&k_raceNo=3&k_babaCode=21,data/cache/html/19840610_kawasaki_3.html
19840610_kawasaki_4,1984-06-10,kawasaki,4,https://www.keiba.go.jp/KeibaWeb/TodayRaceInfo/RaceMarkTable?k_raceDate=1984%2F06%2F10&k_raceNo=4&k_babaCode=21,data/cache/html/19840610_kawasaki_4.html
19840610_kawasaki_5,1984-06-10,kawasaki,5,https://www.keiba.go.jp/KeibaWeb/TodayRaceInfo/RaceMarkTable?k_raceDate=1984%2F06%2F10&k_raceNo=5&k_babaCode=21,data/cache/html/19840610_kawasaki_5.html
19840610_kawasaki_6,1984-06-10,kawasaki,6,https://www.keiba.go.jp/KeibaWeb/TodayRaceInfo/RaceMarkTable?k_raceDate=1984%2F06%2F10&k_raceNo=6&k_babaCode=21,data/cache/html/19840610_kawasaki_6.html
19840610_kawasaki_7,1984-06-10,kawasaki,7,https://www.keiba.go.jp/KeibaWeb/TodayRaceInfo/RaceMarkTable?k_raceDate=1984%2F06%2F10&k_raceNo=7&k_babaCode=21,data/cache/html/19840610_kawasaki_7.html
19840610_kawasaki_8,1984-06-10,kawasaki,8,https://www.keiba.go.jp/KeibaWeb/TodayRaceInfo/RaceMarkTable?k_raceDate=1984%2F06%2F10&k_raceNo=8&k_babaCode=21,data/cache/html/19840610_kawasaki_8.html
19840610_kawasaki_9,1984-06-10,kawasaki,9,https://www.keiba.go.jp/KeibaWeb/TodayRaceInfo/RaceMarkTable?k_raceDate=1984%2F06%2F10&k_raceNo=9&k_babaCode=21,data/cache/html/19840610_kawasaki_9.html
19840610_kawasaki_10,1984-06-10,kawasaki,10,https://www.keiba.go.jp/KeibaWeb/TodayRaceInfo/RaceMarkTable?k_raceDate=1984%2F06%2F10&k_raceNo=10&k_babaCode=21,data/cache/html/19840610_kawasaki_10.html
19840610_kawasaki_11,1984-06-10,kawasaki,11,https://www.keiba.go.jp/KeibaWeb/TodayRaceInfo/RaceMarkTable?k_raceDate=1984%2F06%2F10&k_raceNo=11&k_babaCode=21,data/cache/html/19840610_kawasaki_11.html
19840610_kawasaki_12,1984-06-10,kawasaki,12,https://www.keiba.go.jp/KeibaWeb/TodayRaceInfo/RaceMarkTable?k_raceDate=1984%2F06%2F10&k_raceNo=12&k_babaCode=21,data/cache/html/19840610_kawasaki_12.html
19840609_kawasaki_1,1984-06-09,kawasaki,1,https://www.keiba.go.jp/KeibaWeb/TodayRaceInfo/RaceMarkTable?k_raceDate=1984%2F06%2F09&k_raceNo=1&k_babaCode=21,data/cache/html/19840609_kawasaki_1.html
19840609_kawasaki_2,1984-06-09,kawasaki,2,https://www.keiba.go.jp/KeibaWeb/TodayRaceInfo/RaceMarkTable?k_raceDate=1984%2F06%2F09&k_raceNo=2&k_babaCode=21,data/cache/html/19840609_kawasaki_2.html
19840609_kawasaki_3,1984-06-09,kawasaki,3,https://www.keiba.go.jp/KeibaWeb/TodayRaceInfo/RaceMarkTable?k_raceDate=1984%2F06%2F09&k_raceNo=3&k_babaCode=21,data/cache/html/19840609_kawasaki_3.html
19840609_kawasaki_4,1984-06-09,kawasaki,4,https://www.keiba.go.jp/KeibaWeb/TodayRaceInfo/RaceMarkTable?k_raceDate=1984%2F06%2F09&k_raceNo=4&k_babaCode=21,data/cache/html/19840609_kawasaki_4.html
19840609_kawasaki_5,1984-06-09,kawasaki,5,https://www.keiba.go.jp/KeibaWeb/TodayRaceInfo/RaceMarkTable?k_raceDate=1984%2F06%2F09&k_raceNo=5&k_babaCode=21,data/cache/html/19840609_kawasaki_5.html
19840609_kawasaki_6,1984-06-09,kawasaki,6,https://www.keiba.go.jp/KeibaWeb/TodayRaceInfo/RaceMarkTable?k_raceDate=1984%2F06%2F09&k_raceNo=6&k_babaCode=21,data/cache/html/19840609_kawasaki_6.html
19840609_kawasaki_7,1984-06-09,kawasaki,7,https://www.keiba.go.jp/KeibaWeb/TodayRaceInfo/RaceMarkTable?k_raceDate=1984%2F06%2F09&k_raceNo=7&k_babaCode=21,data/cache/html/19840609_kawasaki_7.html
19840609_kawasaki_8,1984-06-09,kawasaki,8,https://www.keiba.go.jp/KeibaWeb/TodayRaceInfo/RaceMarkTable?k_raceDate=1984%2F06%2F09&k_raceNo=8&k_babaCode=21,data/cache/html/19840609_kawasaki_8.html
19840609_kawasaki_9,1984-06-09,kawasaki,9,https://www.keiba.go.jp/KeibaWeb/TodayRaceInfo/RaceMarkTable?k_raceDate=1984%2F06%2F09&k_raceNo=9&k_babaCode=21,data/cache/html/19840609_kawasaki_9.html
19840609_kawasaki_10,1984-06-09,kawasaki,10,https://www.keiba.go.jp/KeibaWeb/TodayRaceInfo/RaceMarkTable?k_raceDate=1984%2F06%2F09&k_raceNo=10&k_babaCode=21,data/cache/html/19840609_kawasaki_10.html
19840609_kawasaki_11,1984-06-09,kawasaki,11,https://www.keiba.go.jp/KeibaWeb/TodayRaceInfo/RaceMarkTable?k_raceDate=1984%2F06%2F09&k_raceNo=11&k_babaCode=21,data/cache/html/19840609_kawasaki_11.html
19840609_kawasaki_12,1984-06-09,kawasaki,12,https://www.keiba.go.jp/KeibaWeb/TodayRaceInfo/RaceMarkTable?k_raceDate=1984%2F06%2F09&k_raceNo=12&k_babaCode=21,data/cache/html/19840609_kawasaki_12.html
19840608_kawasaki_1,1984-06-08,kawasaki,1,https://www.keiba.go.jp/KeibaWeb/TodayRaceInfo/RaceMarkTable?k_raceDate=1984%2F06%2F08&k_raceNo=1&k_babaCode=21,data/cache/html/19840608_kawasaki_1.html
19840608_kawasaki_2,1984-06-08,kawasaki,2,https://www.keiba.go.jp/KeibaWeb/TodayRaceInfo/RaceMarkTable?k_raceDate=1984%2F06%2F08&k_raceNo=2&k_babaCode=21,data/cache/html/19840608_kawasaki_2.html
19840608_kawasaki_3,1984-06-08,kawasaki,3,https://www.keiba.go.jp/KeibaWeb/TodayRaceInfo/RaceMarkTable?k_raceDate=1984%2F06%2F08&k_raceNo=3&k_babaCode=21,data/cache/html/19840608_kawasaki_3.html
19840608_kawasaki_4,1984-06-08,kawasaki,4,https://www.keiba.go.jp/KeibaWeb/TodayRaceInfo/RaceMarkTable?k_raceDate=1984%2F06%2F08&k_raceNo=4&k_babaCode=21,data/cache/html/19840608_kawasaki_4.html
19840608_kawasaki_5,1984-06-08,kawasaki,5,https://www.keiba.go.jp/KeibaWeb/TodayRaceInfo/RaceMarkTable?k_raceDate=1984%2F06%2F08&k_raceNo=5&k_babaCode=21,data/cache/html/19840608_kawasaki_5.html
19840608_kawasaki_6,1984-06-08,kawasaki,6,https://www.keiba.go.jp/KeibaWeb/TodayRaceInfo/RaceMarkTable?k_raceDate=1984%2F06%2F08&k_raceNo=6&k_babaCode=21,data/cache/html/19840608_kawasaki_6.html
19840608_kawasaki_7,1984-06-08,kawasaki,7,https://www.keiba.go.jp/KeibaWeb/TodayRaceInfo/RaceMarkTable?k_raceDate=1984%2F06%2F08&k_raceNo=7&k_babaCode=21,data/cache/html/19840608_kawasaki_7.html
19840608_kawasaki_8,1984-06-08,kawasaki,8,https://www.keiba.go.jp/KeibaWeb/TodayRaceInfo/RaceMarkTable?k_raceDate=1984%2F06%2F08&k_raceNo=8&k_babaCode=21,data/cache/html/19840608_kawasaki_8.html
19840608_kawasaki_9,1984-06-08,kawasaki,9,https://www.keiba.go.jp/KeibaWeb/TodayRaceInfo/RaceMarkTable?k_raceDate=1984%2F06%2F08&k_raceNo=9&k_babaCode=21,data/cache/html/19840608_kawasaki_9.html
19840608_kawasaki_10,1984-06-08,kawasaki,10,https://www.keiba.go.jp/KeibaWeb/TodayRaceInfo/RaceMarkTable?k_raceDate=1984%2F06%2F08&k_raceNo=10&k_babaCode=21,data/cache/html/19840608_kawasaki_10.html
19840608_kawasaki_11,1984-06-08,kawasaki,11,https://www.keiba.go.jp/KeibaWeb/TodayRaceInfo/RaceMarkTable?k_raceDate=1984%2F06%2F08&k_raceNo=11&k_babaCode=21,data/cache/html/19840608_kawasaki_11.html
19840608_kawasaki_12,1984-06-08,kawasaki,12,https://www.keiba.go.jp/KeibaWeb/TodayRaceInfo/RaceMarkTable?k_raceDate=1984%2F06%2F08&k_raceNo=12&k_babaCode=21,data/cache/html/19840608_kawasaki_12.html
19840607_kawasaki_1,1984-06-07,kawasaki,1,https://www.keiba.go.jp/KeibaWeb/TodayRaceInfo/RaceMarkTable?k_raceDate=1984%2F06%2F07&k_raceNo=1&k_babaCode=21,data/cache/html/19840607_kawasaki_1.html
19840607_kawasaki_2,1984-06-07,kawasaki,2,https://www.keiba.go.jp/KeibaWeb/TodayRaceInfo/RaceMarkTable?k_raceDate=1984%2F06%2F07&k_raceNo=2&k_babaCode=21,data/cache/html/19840607_kawasaki_2.html
19840607_kawasaki_3,1984-06-07,kawasaki,3,https://www.keiba.go.jp/KeibaWeb/TodayRaceInfo/RaceMarkTable?k_raceDate=1984%2F06%2F07&k_raceNo=3&k_babaCode=21,data/cache/html/19840607_kawasaki_3.html
19840607_kawasaki_4,1984-06-07,kawasaki,4,https://www.keiba.go.jp/KeibaWeb/TodayRaceInfo/RaceMarkTable?k_raceDate=1984%2F06%2F07&k_raceNo=4&k_babaCode=21,data/cache/html/19840607_kawasaki_4.html
19840607_kawasaki_5,1984-06-07,kawasaki,5,https://www.keiba.go.jp/KeibaWeb/TodayRaceInfo/RaceMarkTable?k_raceDate=1984%2F06%2F07&k_raceNo=5&k_babaCode=21,data/cache/html/19840607_kawasaki_5.html
19840607_kawasaki_6,1984-06-07,kawasaki,6,https://www.keiba.go.jp/KeibaWeb/TodayRaceInfo/RaceMarkTable?k_raceDate=1984%2F06%2F07&k_raceNo=6&k_babaCode=21,data/cache/html/19840607_kawasaki_6.html
19840607_kawasaki_7,1984-06-07,kawasaki,7,https://www.keiba.go.jp/KeibaWeb/TodayRaceInfo/RaceMarkTable?k_raceDate=1984%2F06%2F07&k_raceNo=7&k_babaCode=21,data/cache/html/19840607_kawasaki_7.html
19840607_kawasaki_8,1984-06-07,kawasaki,8,https://www.keiba.go.jp/KeibaWeb/TodayRaceInfo/RaceMarkTable?k_raceDate=1984%2F06%2F07&k_raceNo=8&k_babaCode=21,data/cache/html/19840607_kawasaki_8.html
19840607_kawasaki_9,1984-06-07,kawasaki,9,https://www.keiba.go.jp/KeibaWeb/TodayRaceInfo/RaceMarkTable?k_raceDate=1984%2F06%2F07&k_raceNo=9&k_babaCode=21,data/cache/html/19840607_kawasaki_9.html
19840607_kawasaki_10,1984-06-07,kawasaki,10,https://www.keiba.go.jp/KeibaWeb/TodayRaceInfo/RaceMarkTable?k_raceDate=1984%2F06%2F07&k_raceNo=10&k_babaCode=21,data/cache/html/19840607_kawasaki_10.html
19840607_kawasaki_11,1984-06-07,kawasaki,11,https://www.keiba.go.jp/KeibaWeb/TodayRaceInfo/RaceMarkTable?k_raceDate=1984%2F06%2F07&k_raceNo=11&k_babaCode=21,data/cache/html/19840607_kawasaki_11.html
19840607_kawasaki_12,1984-06-07,kawasaki,12,https://www.keiba.go.jp/KeibaWeb/TodayRaceInfo/RaceMarkTable?k_raceDate=1984%2F06%2F07&k_raceNo=12&k_babaCode=21,data/cache/html/19840607_kawasaki_12.html
19840606_kawasaki_1,1984-06-06,kawasaki,1,https://www.keiba.go.jp/KeibaWeb/TodayRaceInfo/RaceMarkTable?k_raceDate=1984%2F06%2F06&k_raceNo=1&k_babaCode=21,data/cache/html/19840606_kawasaki_1.html
19840606_kawasaki_2,1984-06-06,kawasaki,2,https://www.keiba.go.jp/KeibaWeb/TodayRaceInfo/RaceMarkTable?k_raceDate=1984%2F06%2F06&k_raceNo=2&k_babaCode=21,data/cache/html/19840606_kawasaki_2.html
19840606_kawasaki_3,1984-06-06,kawasaki,3,https://www.keiba.go.jp/KeibaWeb/TodayRaceInfo/RaceMarkTable?k_raceDate=1984%2F06%2F06&k_raceNo=3&k_babaCode=21,data/cache/html/19840606_kawasaki_3.html
19840606_kawasaki_4,1984-06-06,kawasaki,4,https://www.keiba.go.jp/KeibaWeb/TodayRaceInfo/RaceMarkTable?k_raceDate=1984%2F06%2F06&k_raceNo=4&k_babaCode=21,data/cache/html/19840606_kawasaki_4.html
19840606_kawasaki_5,1984-06-06,kawasaki,5,https://www.keiba.go.jp/KeibaWeb/TodayRaceInfo/RaceMarkTable?k_raceDate=1984%2F06%2F06&k_raceNo=5&k_babaCode=21,data/cache/html/19840606_kawasaki_5.html
19840606_kawasaki_6,1984-06-06,kawasaki,6,https://www.keiba.go.jp/KeibaWeb/TodayRaceInfo/RaceMarkTable?k_raceDate=1984%2F06%2F06&k_raceNo=6&k_babaCode=21,data/cache/html/19840606_kawasaki_6.html
19840606_kawasaki_7,1984-06-06,kawasaki,7,https://www.keiba.go.jp/KeibaWeb/TodayRaceInfo/RaceMarkTable?k_raceDate=1984%2F06%2F06&k_raceNo=7&k_babaCode=21,data/cache/html/19840606_kawasaki_7.html
19840606_kawasaki_8,1984-06-06,kawasaki,8,https://www.keiba.go.jp/KeibaWeb/TodayRaceInfo/RaceMarkTable?k_raceDate=1984%2F06%2F06&k_raceNo=8&k_babaCode=21,data/cache/html/19840606_kawasaki_8.html
19840606_kawasaki_9,1984-06-06,kawasaki,9,https://www.keiba.go.jp/KeibaWeb/TodayRaceInfo/RaceMarkTable?k_raceDate=1984%2F06%2F06&k_raceNo=9&k_babaCode=21,data/cache/html/19840606_kawasaki_9.html
19840606_kawasaki_10,1984-06-06,kawasaki,10,https://www.keiba.go.jp/KeibaWeb/TodayRaceInfo/RaceMarkTable?k_raceDate=1984%2F06%2F06&k_raceNo=10&k_babaCode=21,data/cache/html/19840606_kawasaki_10.html
19840606_kawasaki_11,1984-06-06,kawasaki,11,https://www.keiba.go.jp/KeibaWeb/TodayRaceInfo/RaceMarkTable?k_raceDate=1984%2F06%2F06&k_raceNo=11&k_babaCode=21,data/cache/html/19840606_kawasaki_11.html
19840606_kawasaki_12,1984-06-06,kawasaki,12,https://www.keiba.go.jp/KeibaWeb/TodayRaceInfo/RaceMarkTable?k_raceDate=1984%2F06%2F06&k_raceNo=12&k_babaCode=21,data/cache/html/19840606_kawasaki_12.html
19840605_kawasaki_1,1984-06-05,kawasaki,1,https://www.keiba.go.jp/KeibaWeb/TodayRaceInfo/RaceMarkTable?k_raceDate=1984%2F06%2F05&k_raceNo=1&k_babaCode=21,data/cache/html/19840605_kawasaki_1.html
19840605_kawasaki_2,1984-06-05,kawasaki,2,https://www.keiba.go.jp/KeibaWeb/TodayRaceInfo/RaceMarkTable?k_raceDate=1984%2F06%2F05&k_raceNo=2&k_babaCode=21,data/cache/html/19840605_kawasaki_2.html
19840605_kawasaki_3,1984-06-05,kawasaki,3,https://www.keiba.go.jp/KeibaWeb/TodayRaceInfo/RaceMarkTable?k_raceDate=1984%2F06%2F05&k_raceNo=3&k_babaCode=21,data/cache/html/19840605_kawasaki_3.html
19840605_kawasaki_4,1984-06-05,kawasaki,4,https://www.keiba.go.jp/KeibaWeb/TodayRaceInfo/RaceMarkTable?k_raceDate=1984%2F06%2F05&k_raceNo=4&k_babaCode=21,data/cache/html/19840605_kawasaki_4.html
19840605_kawasaki_5,1984-06-05,kawasaki,5,https://www.keiba.go.jp/KeibaWeb/TodayRaceInfo/RaceMarkTable?k_raceDate=1984%2F06%2F05&k_raceNo=5&k_babaCode=21,data/cache/html/19840605_kawasaki_5.html
19840605_kawasaki_6,1984-06-05,kawasaki,6,https://www.keiba.go.jp/KeibaWeb/TodayRaceInfo/RaceMarkTable?k_raceDate=1984%2F06%2F05&k_raceNo=6&k_babaCode=21,data/cache/html/19840605_kawasaki_6.html
19840605_kawasaki_7,1984-06-05,kawasaki,7,https://www.keiba.go.jp/KeibaWeb/TodayRaceInfo/RaceMarkTable?k_raceDate=1984%2F06%2F05&k_raceNo=7&k_babaCode=21,data/cache/html/19840605_kawasaki_7.html
19840605_kawasaki_8,1984-06-05,kawasaki,8,https://www.keiba.go.jp/KeibaWeb/TodayRaceInfo/RaceMarkTable?k_raceDate=1984%2F06%2F05&k_raceNo=8&k_babaCode=21,data/cache/html/19840605_kawasaki_8.html
19840605_kawasaki_9,1984-06-05,kawasaki,9,https://www.keiba.go.jp/KeibaWeb/TodayRaceInfo/RaceMarkTable?k_raceDate=1984%2F06%2F05&k_raceNo=9&k_babaCode=21,data/cache/html/19840605_kawasaki_9.html
19840605_kawasaki_10,1984-06-05,kawasaki,10,https://www.keiba.go.jp/KeibaWeb/TodayRaceInfo/RaceMarkTable?k_raceDate=1984%2F06%2F05&k_raceNo=10&k_babaCode=21,data/cache/html/19840605_kawasaki_10.html
19840605_kawasaki_11,1984-06-05,kawasaki,11,https://www.keiba.go.jp/KeibaWeb/TodayRaceInfo/RaceMarkTable?k_raceDate=1984%2F06%2F05&k_raceNo=11&k_babaCode=21,data/cache/html/19840605_kawasaki_11.html
19840605_kawasaki_12,1984-06-05,kawasaki,12,https://www.keiba.go.jp/KeibaWeb/TodayRaceInfo/RaceMarkTable?k_raceDate=1984%2F06%2F05&k_raceNo=12&k_babaCode=21,data/cache/html/19840605_kawasaki_12.html
19840604_kawasaki_1,1984-06-04,kawasaki,1,https://www.keiba.go.jp/KeibaWeb/TodayRaceInfo/RaceMarkTable?k_raceDate=1984%2F06%2F04&k_raceNo=1&k_babaCode=21,data/cache/html/19840604_kawasaki_1.html
19840604_kawasaki_2,1984-06-04,kawasaki,2,https://www.keiba.go.jp/KeibaWeb/TodayRaceInfo/RaceMarkTable?k_raceDate=1984%2F06%2F04&k_raceNo=2&k_babaCode=21,data/cache/html/19840604_kawasaki_2.html
19840604_kawasaki_3,1984-06-04,kawasaki,3,https://www.keiba.go.jp/KeibaWeb/TodayRaceInfo/RaceMarkTable?k_raceDate=1984%2F06%2F04&k_raceNo=3&k_babaCode=21,data/cache/html/19840604_kawasaki_3.html
19840604_kawasaki_4,1984-06-04,kawasaki,4,https://www.keiba.go.jp/KeibaWeb/TodayRaceInfo/RaceMarkTable?k_raceDate=1984%2F06%2F04&k_raceNo=4&k_babaCode=21,data/cache/html/19840604_kawasaki_4.html
19840604_kawasaki_5,1984-06-04,kawasaki,5,https://www.keiba.go.jp/KeibaWeb/TodayRaceInfo/RaceMarkTable?k_raceDate=1984%2F06%2F04&k_raceNo=5&k_babaCode=21,data/cache/html/19840604_kawasaki_5.html
19840604_kawasaki_6,1984-06-04,kawasaki,6,https://www.keiba.go.jp/KeibaWeb/TodayRaceInfo/RaceMarkTable?k_raceDate=1984%2F06%2F04&k_raceNo=6&k_babaCode=21,data/cache/html/19840604_kawasaki_6.html
19840604_kawasaki_7,1984-06-04,kawasaki,7,https://www.keiba.go.jp/KeibaWeb/TodayRaceInfo/RaceMarkTable?k_raceDate=1984%2F06%2F04&k_raceNo=7&k_babaCode=21,data/cache/html/19840604_kawasaki_7.html
19840604_kawasaki_8,1984-06-04,kawasaki,8,https://www.keiba.go.jp/KeibaWeb/TodayRaceInfo/RaceMarkTable?k_raceDate=1984%2F06%2F04&k_raceNo=8&k_babaCode=21,data/cache/html/19840604_kawasaki_8.html
19840604_kawasaki_9,1984-06-04,kawasaki,9,https://www.keiba.go.jp/KeibaWeb/TodayRaceInfo/RaceMarkTable?k_raceDate=1984%2F06%2F04&k_raceNo=9&k_babaCode=21,data/cache/html/19840604_kawasaki_9.html
19840604_kawasaki_10,1984-06-04,kawasaki,10,https://www.keiba.go.jp/KeibaWeb/TodayRaceInfo/RaceMarkTable?k_raceDate=1984%2F06%2F04&k_raceNo=10&k_babaCode=21,data/cache/html/19840604_kawasaki_10.html
19840604_kawasaki_11,1984-06-04,kawasaki,11,https://www.keiba.go.jp/KeibaWeb/TodayRaceInfo/RaceMarkTable?k_raceDate=1984%2F06%2F04&k_raceNo=11&k_babaCode=21,data/cache/html/19840604_kawasaki_11.html
19840604_kawasaki_12,1984-06-04,kawasaki,12,https://www.keiba.go.jp/KeibaWeb/TodayRaceInfo/RaceMarkTable?k_raceDate=1984%2F06%2F04&k_raceNo=12&k_babaCode=21,data/cache/html/19840604_kawasaki_12.html
19840603_kawasaki_1,1984-06-03,kawasaki,1,https://www.keiba.go.jp/KeibaWeb/TodayRaceInfo/RaceMarkTable?k_raceDate=1984%2F06%2F03&k_raceNo=1&k_babaCode=21,data/cache/html/19840603_kawasaki_1.html
19840603_kawasaki_2,1984-06-03,kawasaki,2,https://www.keiba.go.jp/KeibaWeb/TodayRaceInfo/RaceMarkTable?k_raceDate=1984%2F06%2F03&k_raceNo=2&k_babaCode=21,data/cache/html/19840603_kawasaki_2.html
19840603_kawasaki_3,1984-06-03,kawasaki,3,https://www.keiba.go.jp/KeibaWeb/TodayRaceInfo/RaceMarkTable?k_raceDate=1984%2F06%2F03&k_raceNo=3&k_babaCode=21,data/cache/html/19840603_kawasaki_3.html
19840603_kawasaki_4,1984-06-03,kawasaki,4,https://www.keiba.go.jp/KeibaWeb/TodayRaceInfo/RaceMarkTable?k_raceDate=1984%2F06%2F03&k_raceNo=4&k_babaCode=21,data/cache/html/19840603_kawasaki_4.html
19840603_kawasaki_5,1984-06-03,kawasaki,5,https://www.keiba.go.jp/KeibaWeb/TodayRaceInfo/RaceMarkTable?k_raceDate=1984%2F06%2F03&k_raceNo=5&k_babaCode=21,data/cache/html/19840603_kawasaki_5.html
19840603_kawasaki_6,1984-06-03,kawasaki,6,https://www.keiba.go.jp/KeibaWeb/TodayRaceInfo/RaceMarkTable?k_raceDate=1984%2F06%2F03&k_raceNo=6&k_babaCode=21,data/cache/html/19840603_kawasaki_6.html
19840603_kawasaki_7,1984-06-03,kawasaki,7,https://www.keiba.go.jp/KeibaWeb/TodayRaceInfo/RaceMarkTable?k_raceDate=1984%2F06%2F03&k_raceNo=7&k_babaCode=21,data/cache/html/19840603_kawasaki_7.html
19840603_kawasaki_8,1984-06-03,kawasaki,8,https://www.keiba.go.jp/KeibaWeb/TodayRaceInfo/RaceMarkTable?k_raceDate=1984%2F06%2F03&k_raceNo=8&k_babaCode=21,data/cache/html/19840603_kawasaki_8.html
19840603_kawasaki_9,1984-06-03,kawasaki,9,https://www.keiba.go.jp/KeibaWeb/TodayRaceInfo/RaceMarkTable?k_raceDate=1984%2F06%2F03&k_raceNo=9&k_babaCode=21,data/cache/html/19840603_kawasaki_9.html
19840603_kawasaki_10,1984-06-03,kawasaki,10,https://www.keiba.go.jp/KeibaWeb/TodayRaceInfo/RaceMarkTable?k_raceDate=1984%2F06%2F03&k_raceNo=10&k_babaCode=21,data/cache/html/19840603_kawasaki_10.html
19840603_kawasaki_11,1984-06-03,kawasaki,11,https://www.keiba.go.jp/KeibaWeb/TodayRaceInfo/RaceMarkTable?k_raceDate=1984%2F06%2F03&k_raceNo=11&k_babaCode=21,data/cache/html/19840603_kawasaki_11.html
19840603_kawasaki_12,1984-06-03,kawasaki,12,https://www.keiba.go.jp/KeibaWeb/TodayRaceInfo/RaceMarkTable?k_raceDate=1984%2F06%2F03&k_raceNo=12&k_babaCode=21,data/cache/html/19840603_kawasaki_12.html
19840602_kawasaki_1,1984-06-02,kawasaki,1,https://www.keiba.go.jp/KeibaWeb/TodayRaceInfo/RaceMarkTable?k_raceDate=1984%2F06%2F02&k_raceNo=1&k_babaCode=21,data/cache/html/19840602_kawasaki_1.html
19840602_kawasaki_2,1984-06-02,kawasaki,2,https://www.keiba.go.jp/KeibaWeb/TodayRaceInfo/RaceMarkTable?k_raceDate=1984%2F06%2F02&k_raceNo=2&k_babaCode=21,data/cache/html/19840602_kawasaki_2.html
19840602_kawasaki_3,1984-06-02,kawasaki,3,https://www.keiba.go.jp/KeibaWeb/TodayRaceInfo/RaceMarkTable?k_raceDate=1984%2F06%2F02&k_raceNo=3&k_babaCode=21,data/cache/html/19840602_kawasaki_3.html
19840602_kawasaki_4,1984-06-02,kawasaki,4,https://www.keiba.go.jp/KeibaWeb/TodayRaceInfo/RaceMarkTable?k_raceDate=1984%2F06%2F02&k_raceNo=4&k_babaCode=21,data/cache/html/19840602_kawasaki_4.html
19840602_kawasaki_5,1984-06-02,kawasaki,5,https://www.keiba.go.jp/KeibaWeb/TodayRaceInfo/RaceMarkTable?k_raceDate=1984%2F06%2F02&k_raceNo=5&k_babaCode=21,data/cache/html/19840602_kawasaki_5.html
19840602_kawasaki_6,1984-06-02,kawasaki,6,https://www.keiba.go.jp/KeibaWeb/TodayRaceInfo/RaceMarkTable?k_raceDate=1984%2F06%2F02&k_raceNo=6&k_babaCode=21,data/cache/html/19840602_kawasaki_6.html
19840602_kawasaki_7,1984-06-02,kawasaki,7,https://www.keiba.go.jp/KeibaWeb/TodayRaceInfo/RaceMarkTable?k_raceDate=1984%2F06%2F02&k_raceNo=7&k_babaCode=21,data/cache/html/19840602_kawasaki_7.html
19840602_kawasaki_8,1984-06-02,kawasaki,8,https://www.keiba.go.jp/KeibaWeb/TodayRaceInfo/RaceMarkTable?k_raceDate=1984%2F06%2F02&k_raceNo=8&k_babaCode=21,data/cache/html/19840602_kawasaki_8.html
19840602_kawasaki_9,1984-06-02,kawasaki,9,https://www.keiba.go.jp/KeibaWeb/TodayRaceInfo/RaceMarkTable?k_raceDate=1984%2F06%2F02&k_raceNo=9&k_babaCode=21,data/cache/html/19840602_kawasaki_9.html
19840602_kawasaki_10,1984-06-02,kawasaki,10,https://www.keiba.go.jp/KeibaWeb/TodayRaceInfo/RaceMarkTable?k_raceDate=1984%2F06%2F02&k_raceNo=10&k_babaCode=21,data/cache/html/19840602_kawasaki_10.html
19840602_kawasaki_11,1984-06-02,kawasaki,11,https://www.keiba.go.jp/KeibaWeb/TodayRaceInfo/RaceMarkTable?k_raceDate=1984%2F06%2F02&k_raceNo=11&k_babaCode=21,data/cache/html/19840602_kawasaki_11.html
19840602_kawasaki_12,1984-06-02,kawasaki,12,https://www.keiba.go.jp/KeibaWeb/TodayRaceInfo/RaceMarkTable?k_raceDate=1984%2F06%2F02&k_raceNo=12&k_babaCode=21,data/cache/html/19840602_kawasaki_12.html
19840601_kawasaki_1,1984-06-01,kawasaki,1,https://www.keiba.go.jp/KeibaWeb/TodayRaceInfo/RaceMarkTable?k_raceDate=1984%2F06%2F01&k_raceNo=1&k_babaCode=21,data/cache/html/19840601_kawasaki_1.html
19840601_kawasaki_2,1984-06-01,kawasaki,2,https://www.keiba.go.jp/KeibaWeb/TodayRaceInfo/RaceMarkTable?k_raceDate=1984%2F06%2F01&k_raceNo=2&k_babaCode=21,data/cache/html/19840601_kawasaki_2.html
19840601_kawasaki_3,1984-06-01,kawasaki,3,https://www.keiba.go.jp/KeibaWeb/TodayRaceInfo/RaceMarkTable?k_raceDate=1984%2F06%2F01&k_raceNo=3&k_babaCode=21,data/cache/html/19840601_kawasaki_3.html
19840601_kawasaki_4,1984-06-01,kawasaki,4,https://www.keiba.go.jp/KeibaWeb/TodayRaceInfo/RaceMarkTable?k_raceDate=1984%2F06%2F01&k_raceNo=4&k_babaCode=21,data/cache/html/19840601_kawasaki_4.html
19840601_kawasaki_5,1984-06-01,kawasaki,5,https://www.keiba.go.jp/KeibaWeb/TodayRaceInfo/RaceMarkTable?k_raceDate=1984%2F06%2F01&k_raceNo=5&k_babaCode=21,data/cache/html/19840601_kawasaki_5.html
19840601_kawasaki_6,1984-06-01,kawasaki,6,https://www.keiba.go.jp/KeibaWeb/TodayRaceInfo/RaceMarkTable?k_raceDate=1984%2F06%2F01&k_raceNo=6&k_babaCode=21,data/cache/html/19840601_kawasaki_6.html
19840601_kawasaki_7,1984-06-01,kawasaki,7,https://www.keiba.go.jp/KeibaWeb/TodayRaceInfo/RaceMarkTable?k_raceDate=1984%2F06%2F01&k_raceNo=7&k_babaCode=21,data/cache/html/19840601_kawasaki_7.html
19840601_kawasaki_8,1984-06-01,kawasaki,8,https://www.keiba.go.jp/KeibaWeb/TodayRaceInfo/RaceMarkTable?k_raceDate=1984%2F06%2F01&k_raceNo=8&k_babaCode=21,data/cache/html/19840601_kawasaki_8.html
19840601_kawasaki_9,1984-06-01,kawasaki,9,https://www.keiba.go.jp/KeibaWeb/TodayRaceInfo/RaceMarkTable?k_raceDate=1984%2F06%2F01&k_raceNo=9&k_babaCode=21,data/cache/html/19840601_kawasaki_9.html
19840601_kawasaki_10,1984-06-01,kawasaki,10,https://www.keiba.go.jp/KeibaWeb/TodayRaceInfo/RaceMarkTable?k_raceDate=1984%2F06%2F01&k_raceNo=10&k_babaCode=21,data/cache/html/19840601_kawasaki_10.html
19840601_kawasaki_11,1984-06-01,kawasaki,11,https://www.keiba.go.jp/KeibaWeb/TodayRaceInfo/RaceMarkTable?k_raceDate=1984%2F06%2F01&k_raceNo=11&k_babaCode=21,data/cache/html/19840601_kawasaki_11.html
19840601_kawasaki_12,1984-06-01,kawasaki,12,https://www.keiba.go.jp/KeibaWeb/TodayRaceInfo/RaceMarkTable?k_raceDate=1984%2F06%2F01&k_raceNo=12&k_babaCode=21,data/cache/html/19840601_kawasaki_12.html
19840531_kawasaki_1,1984-05-31,kawasaki,1,https://www.keiba.go.jp/KeibaWeb/TodayRaceInfo/RaceMarkTable?k_raceDate=1984%2F05%2F31&k_raceNo=1&k_babaCode=21,data/cache/html/19840531_kawasaki_1.html
19840531_kawasaki_2,1984-05-31,kawasaki,2,https://www.keiba.go.jp/KeibaWeb/TodayRaceInfo/RaceMarkTable?k_raceDate=1984%2F05%2F31&k_raceNo=2&k_babaCode=21,data/cache/html/19840531_kawasaki_2.html
19840531_kawasaki_3,1984-05-31,kawasaki,3,https://www.keiba.go.jp/KeibaWeb/TodayRaceInfo/RaceMarkTable?k_raceDate=1984%2F05%2F31&k_raceNo=3&k_babaCode=21,data/cache/html/19840531_kawasaki_3.html
19840531_kawasaki_4,1984-05-31,kawasaki,4,https://www.keiba.go.jp/KeibaWeb/TodayRaceInfo/RaceMarkTable?k_raceDate=1984%2F05%2F31&k_raceNo=4&k_babaCode=21,data/cache/html/19840531_kawasaki_4.html
19840531_kawasaki_5,1984-05-31,kawasaki,5,https://www.keiba.go.jp/KeibaWeb/TodayRaceInfo/RaceMarkTable?k_raceDate=1984%2F05%2F31&k_raceNo=5&k_babaCode=21,data/cache/html/19840531_kawasaki_5.html
19840531_kawasaki_6,1984-05-31,kawasaki,6,https://www.keiba.go.jp/KeibaWeb/TodayRaceInfo/RaceMarkTable?k_raceDate=1984%2F05%2F31&k_raceNo=6&k_babaCode=21,data/cache/html/19840531_kawasaki_6.html
19840531_kawasaki_7,1984-05-31,kawasaki,7,https://www.keiba.go.jp/KeibaWeb/TodayRaceInfo/RaceMarkTable?k_raceDate=1984%2F05%2F31&k_raceNo=7&k_babaCode=21,data/cache/html/19840531_kawasaki_7.html
19840531_kawasaki_8,1984-05-31,kawasaki,8,https://www.keiba.go.jp/KeibaWeb/TodayRaceInfo/RaceMarkTable?k_raceDate=1984%2F05%2F31&k_raceNo=8&k_babaCode=21,data/cache/html/19840531_kawasaki_8.html
19840531_kawasaki_9,1984-05-31,kawasaki,9,https://www.keiba.go.jp/KeibaWeb/TodayRaceInfo/RaceMarkTable?k_raceDate=1984%2F05%2F31&k_raceNo=9&k_babaCode=21,data/cache/html/19840531_kawasaki_9.html
19840531_kawasaki_10,1984-05-31,kawasaki,10,https://www.keiba.go.jp/KeibaWeb/TodayRaceInfo/RaceMarkTable?k_raceDate=1984%2F05%2F31&k_raceNo=10&k_babaCode=21,data/cache/html/19840531_kawasaki_10.html
19840531_kawasaki_11,1984-05-31,kawasaki,11,https://www.keiba.go.jp/KeibaWeb/TodayRaceInfo/RaceMarkTable?k_raceDate=1984%2F05%2F31&k_raceNo=11&k_babaCode=21,data/cache/html/19840531_kawasaki_11.html
19840531_kawasaki_12,1984-05-31,kawasaki,12,https://www.keiba.go.jp/KeibaWeb/TodayRaceInfo/RaceMarkTable?k_raceDate=1984%2F05%2F31&k_raceNo=12&k_babaCode=21,data/cache/html/19840531_kawasaki_12.html
19840530_kawasaki_1,1984-05-30,kawasaki,1,https://www.keiba.go.jp/KeibaWeb/TodayRaceInfo/RaceMarkTable?k_raceDate=1984%2F05%2F30&k_raceNo=1&k_babaCode=21,data/cache/html/19840530_kawasaki_1.html
19840530_kawasaki_2,1984-05-30,kawasaki,2,https://www.keiba.go.jp/KeibaWeb/TodayRaceInfo/RaceMarkTable?k_raceDate=1984%2F05%2F30&k_raceNo=2&k_babaCode=21,data/cache/html/19840530_kawasaki_2.html
19840530_kawasaki_3,1984-05-30,kawasaki,3,https://www.keiba.go.jp/KeibaWeb/TodayRaceInfo/RaceMarkTable?k_raceDate=1984%2F05%2F30&k_raceNo=3&k_babaCode=21,data/cache/html/19840530_kawasaki_3.html
19840530_kawasaki_4,1984-05-30,kawasaki,4,https://www.keiba.go.jp/KeibaWeb/TodayRaceInfo/RaceMarkTable?k_raceDate=1984%2F05%2F30&k_raceNo=4&k_babaCode=21,data/cache/html/19840530_kawasaki_4.html
19840530_kawasaki_5,1984-05-30,kawasaki,5,https://www.keiba.go.jp/KeibaWeb/TodayRaceInfo/RaceMarkTable?k_raceDate=1984%2F05%2F30&k_raceNo=5&k_babaCode=21,data/cache/html/19840530_kawasaki_5.html
19840530_kawasaki_6,1984-05-30,kawasaki,6,https://www.keiba.go.jp/KeibaWeb/TodayRaceInfo/RaceMarkTable?k_raceDate=1984%2F05%2F30&k_raceNo=6&k_babaCode=21,data/cache/html/19840530_kawasaki_6.html
19840530_kawasaki_7,1984-05-30,kawasaki,7,https://www.keiba.go.jp/KeibaWeb/TodayRaceInfo/RaceMarkTable?k_raceDate=1984%2F05%2F30&k_raceNo=7&k_babaCode=21,data/cache/html/19840530_kawasaki_7.html
19840530_kawasaki_8,1984-05-30,kawasaki,8,https://www.keiba.go.jp/KeibaWeb/TodayRaceInfo/RaceMarkTable?k_raceDate=1984%2F05%2F30&k_raceNo=8&k_babaCode=21,data/cache/html/19840530_kawasaki_8.html
19840530_kawasaki_9,1984-05-30,kawasaki,9,https://www.keiba.go.jp/KeibaWeb/TodayRaceInfo/RaceMarkTable?k_raceDate=1984%2F05%2F30&k_raceNo=9&k_babaCode=21,data/cache/html/19840530_kawasaki_9.html
19840530_kawasaki_10,1984-05-30,kawasaki,10,https://www.keiba.go.jp/KeibaWeb/TodayRaceInfo/RaceMarkTable?k_raceDate=1984%2F05%2F30&k_raceNo=10&k_babaCode=21,data/cache/html/19840530_kawasaki_10.html
19840530_kawasaki_11,1984-05-30,kawasaki,11,https://www.keiba.go.jp/KeibaWeb/TodayRaceInfo/RaceMarkTable?k_raceDate=1984%2F05%2F30&k_raceNo=11&k_babaCode=21,data/cache/html/19840530_kawasaki_11.html
19840530_kawasaki_12,1984-05-30,kawasaki,12,https://www.keiba.go.jp/KeibaWeb/TodayRaceInfo/RaceMarkTable?k_raceDate=1984%2F05%2F30&k_raceNo=12&k_babaCode=21,data/cache/html/19840530_kawasaki_12.html
19840529_kawasaki_1,1984-05-29,kawasaki,1,https://www.keiba.go.jp/KeibaWeb/TodayRaceInfo/RaceMarkTable?k_raceDate=1984%2F05%2F29&k_raceNo=1&k_babaCode=21,data/cache/html/19840529_kawasaki_1.html
19840529_kawasaki_2,1984-05-29,kawasaki,2,https://www.keiba.go.jp/KeibaWeb/TodayRaceInfo/RaceMarkTable?k_raceDate=1984%2F05%2F29&k_raceNo=2&k_babaCode=21,data/cache/html/19840529_kawasaki_2.html
19840529_kawasaki_3,1984-05-29,kawasaki,3,https://www.keiba.go.jp/KeibaWeb/TodayRaceInfo/RaceMarkTable?k_raceDate=1984%2F05%2F29&k_raceNo=3&k_babaCode=21,data/cache/html/19840529_kawasaki_3.html
19840529_kawasaki_4,1984-05-29,kawasaki,4,https://www.keiba.go.jp/KeibaWeb/TodayRaceInfo/RaceMarkTable?k_raceDate=1984%2F05%2F29&k_raceNo=4&k_babaCode=21,data/cache/html/19840529_kawasaki_4.html
19840529_kawasaki_5,1984-05-29,kawasaki,5,https://www.keiba.go.jp/KeibaWeb/TodayRaceInfo/RaceMarkTable?k_raceDate=1984%2F05%2F29&k_raceNo=5&k_babaCode=21,data/cache/html/19840529_kawasaki_5.html
19840529_kawasaki_6,1984-05-29,kawasaki,6,https://www.keiba.go.jp/KeibaWeb/TodayRaceInfo/RaceMarkTable?k_raceDate=1984%2F05%2F29&k_raceNo=6&k_babaCode=21,data/cache/html/19840529_kawasaki_6.html
19840529_kawasaki_7,1984-05-29,kawasaki,7,https://www.keiba.go.jp/KeibaWeb/TodayRaceInfo/RaceMarkTable?k_raceDate=1984%2F05%2F29&k_raceNo=7&k_babaCode=21,data/cache/html/19840529_kawasaki_7.html
19840529_kawasaki_8,1984-05-29,kawasaki,8,https://www.keiba.go.jp/KeibaWeb/TodayRaceInfo/RaceMarkTable?k_raceDate=1984%2F05%2F29&k_raceNo=8&k_babaCode=21,data/cache/html/19840529_kawasaki_8.html
19840529_kawasaki_9,1984-05-29,kawasaki,9,https://www.keiba.go.jp/KeibaWeb/TodayRaceInfo/RaceMarkTable?k_raceDate=1984%2F05%2F29&k_raceNo=9&k_babaCode=21,data/cache/html/19840529_kawasaki_9.html
19840529_kawasaki_10,1984-05-29,kawasaki,10,https://www.keiba.go.jp/KeibaWeb/TodayRaceInfo/RaceMarkTable?k_raceDate=1984%2F05%2F29&k_raceNo=10&k_babaCode=21,data/cache/html/19840529_kawasaki_10.html
19840529_kawasaki_11,1984-05-29,kawasaki,11,https://www.keiba.go.jp/KeibaWeb/TodayRaceInfo/RaceMarkTable?k_raceDate=1984%2F05%2F29&k_raceNo=11&k_babaCode=21,data/cache/html/19840529_kawasaki_11.html
19840529_kawasaki_12,1984-05-29,kawasaki,12,https://www.keiba.go.jp/KeibaWeb/TodayRaceInfo/RaceMarkTable?k_raceDate=1984%2F05%2F29&k_raceNo=12&k_babaCode=21,data/cache/html/19840529_kawasaki_12.html
19840528_kawasaki_1,1984-05-28,kawasaki,1,https://www.keiba.go.jp/KeibaWeb/TodayRaceInfo/RaceMarkTable?k_raceDate=1984%2F05%2F28&k_raceNo=1&k_babaCode=21,data/cache/html/19840528_kawasaki_1.html
19840528_kawasaki_2,1984-05-28,kawasaki,2,https://www.keiba.go.jp/KeibaWeb/TodayRaceInfo/RaceMarkTable?k_raceDate=1984%2F05%2F28&k_raceNo=2&k_babaCode=21,data/cache/html/19840528_kawasaki_2.html
19840528_kawasaki_3,1984-05-28,kawasaki,3,https://www.keiba.go.jp/KeibaWeb/TodayRaceInfo/RaceMarkTable?k_raceDate=1984%2F05%2F28&k_raceNo=3&k_babaCode=21,data/cache/html/19840528_kawasaki_3.html
19840528_kawasaki_4,1984-05-28,kawasaki,4,https://www.keiba.go.jp/KeibaWeb/TodayRaceInfo/RaceMarkTable?k_raceDate=1984%2F05%2F28&k_raceNo=4&k_babaCode=21,data/cache/html/19840528_kawasaki_4.html
19840528_kawasaki_5,1984-05-28,kawasaki,5,https://www.keiba.go.jp/KeibaWeb/TodayRaceInfo/RaceMarkTable?k_raceDate=1984%2F05%2F28&k_raceNo=5&k_babaCode=21,data/cache/html/19840528_kawasaki_5.html
19840528_kawasaki_6,1984-05-28,kawasaki,6,https://www.keiba.go.jp/KeibaWeb/TodayRaceInfo/RaceMarkTable?k_raceDate=1984%2F05%2F28&k_raceNo=6&k_babaCode=21,data/cache/html/19840528_kawasaki_6.html
19840528_kawasaki_7,1984-05-28,kawasaki,7,https://www.keiba.go.jp/KeibaWeb/TodayRaceInfo/RaceMarkTable?k_raceDate=1984%2F05%2F28&k_raceNo=7&k_babaCode=21,data/cache/html/19840528_kawasaki_7.html
19840528_kawasaki_8,1984-05-28,kawasaki,8,https://www.keiba.go.jp/KeibaWeb/TodayRaceInfo/RaceMarkTable?k_raceDate=1984%2F05%2F28&k_raceNo=8&k_babaCode=21,data/cache/html/19840528_kawasaki_8.html
19840528_kawasaki_9,1984-05-28,kawasaki,9,https://www.keiba.go.jp/KeibaWeb/TodayRaceInfo/RaceMarkTable?k_raceDate=1984%2F05%2F28&k_raceNo=9&k_babaCode=21,data/cache/html/19840528_kawasaki_9.html
19840528_kawasaki_10,1984-05-28,kawasaki,10,https://www.keiba.go.jp/KeibaWeb/TodayRaceInfo/RaceMarkTable?k_raceDate=1984%2F05%2F28&k_raceNo=10&k_babaCode=21,data/cache/html/19840528_kawasaki_10.html
19840528_kawasaki_11,1984-05-28,kawasaki,11,https://www.keiba.go.jp/KeibaWeb/TodayRaceInfo/RaceMarkTable?k_raceDate=1984%2F05%2F28&k_raceNo=11&k_babaCode=21,data/cache/html/19840528_kawasaki_11.html
19840528_kawasaki_12,1984-05-28,kawasaki,12,https://www.keiba.go.jp/KeibaWeb/TodayRaceInfo/RaceMarkTable?k_raceDate=1984%2F05%2F28&k_raceNo=12&k_babaCode=21,data/cache/html/19840528_kawasaki_12.html
19840527_kawasaki_1,1984-05-27,kawasaki,1,https://www.keiba.go.jp/KeibaWeb/TodayRaceInfo/RaceMarkTable?k_raceDate=1984%2F05%2F27&k_raceNo=1&k_babaCode=21,data/cache/html/19840527_kawasaki_1.html
19840527_kawasaki_2,1984-05-27,kawasaki,2,https://www.keiba.go.jp/KeibaWeb/TodayRaceInfo/RaceMarkTable?k_raceDate=1984%2F05%2F27&k_raceNo=2&k_babaCode=21,data/cache/html/19840527_kawasaki_2.html
19840527_kawasaki_3,1984-05-27,kawasaki,3,https://www.keiba.go.jp/KeibaWeb/TodayRaceInfo/RaceMarkTable?k_raceDate=1984%2F05%2F27&k_raceNo=3&k_babaCode=21,data/cache/html/19840527_kawasaki_3.html
19840527_kawasaki_4,1984-05-27,kawasaki,4,https://www.keiba.go.jp/KeibaWeb/TodayRaceInfo/RaceMarkTable?k_raceDate=1984%2F05%2F27&k_raceNo=4&k_babaCode=21,data/cache/html/19840527_kawasaki_4.html
19840527_kawasaki_5,1984-05-27,kawasaki,5,https://www.keiba.go.jp/KeibaWeb/TodayRaceInfo/RaceMarkTable?k_raceDate=1984%2F05%2F27&k_raceNo=5&k_babaCode=21,data/cache/html/19840527_kawasaki_5.html
19840527_kawasaki_6,1984-05-27,kawasaki,6,https://www.keiba.go.jp/KeibaWeb/TodayRaceInfo/RaceMarkTable?k_raceDate=1984%2F05%2F27&k_raceNo=6&k_babaCode=21,data/cache/html/19840527_kawasaki_6.html
19840527_kawasaki_7,1984-05-27,kawasaki,7,https://www.keiba.go.jp/KeibaWeb/TodayRaceInfo/RaceMarkTable?k_raceDate=1984%2F05%2F27&k_raceNo=7&k_babaCode=21,data/cache/html/19840527_kawasaki_7.html
19840527_kawasaki_8,1984-05-27,kawasaki,8,https://www.keiba.go.jp/KeibaWeb/TodayRaceInfo/RaceMarkTable?k_raceDate=1984%2F05%2F27&k_raceNo=8&k_babaCode=21,data/cache/html/19840527_kawasaki_8.html
19840527_kawasaki_9,1984-05-27,kawasaki,9,https://www.keiba.go.jp/KeibaWeb/TodayRaceInfo/RaceMarkTable?k_raceDate=1984%2F05%2F27&k_raceNo=9&k_babaCode=21,data/cache/html/19840527_kawasaki_9.html
19840527_kawasaki_10,1984-05-27,kawasaki,10,https://www.keiba.go.jp/KeibaWeb/TodayRaceInfo/RaceMarkTable?k_raceDate=1984%2F05%2F27&k_raceNo=10&k_babaCode=21,data/cache/html/19840527_kawasaki_10.html
19840527_kawasaki_11,1984-05-27,kawasaki,11,https://www.keiba.go.jp/KeibaWeb/TodayRaceInfo/RaceMarkTable?k_raceDate=1984%2F05%2F27&k_raceNo=11&k_babaCode=21,data/cache/html/19840527_kawasaki_11.html
19840527_kawasaki_12,1984-05-27,kawasaki,12,https://www.keiba.go.jp/KeibaWeb/TodayRaceInfo/RaceMarkTable?k_raceDate=1984%2F05%2F27&k_raceNo=12&k_babaCode=21,data/cache/html/19840527_kawasaki_12.html
19840526_kawasaki_1,1984-05-26,kawasaki,1,https://www.keiba.go.jp/KeibaWeb/TodayRaceInfo/RaceMarkTable?k_raceDate=1984%2F05%2F26&k_raceNo=1&k_babaCode=21,data/cache/html/19840526_kawasaki_1.html
19840526_kawasaki_2,1984-05-26,kawasaki,2,https://www.keiba.go.jp/KeibaWeb/TodayRaceInfo/RaceMarkTable?k_raceDate=1984%2F05%2F26&k_raceNo=2&k_babaCode=21,data/cache/html/19840526_kawasaki_2.html
19840526_kawasaki_3,1984-05-26,kawasaki,3,https://www.keiba.go.jp/KeibaWeb/TodayRaceInfo/RaceMarkTable?k_raceDate=1984%2F05%2F26&k_raceNo=3&k_babaCode=21,data/cache/html/19840526_kawasaki_3.html
19840526_kawasaki_4,1984-05-26,kawasaki,4,https://www.keiba.go.jp/KeibaWeb/TodayRaceInfo/RaceMarkTable?k_raceDate=1984%2F05%2F26&k_raceNo=4&k_babaCode=21,data/cache/html/19840526_kawasaki_4.html
19840526_kawasaki_5,1984-05-26,kawasaki,5,https://www.keiba.go.jp/KeibaWeb/TodayRaceInfo/RaceMarkTable?k_raceDate=1984%2F05%2F26&k_raceNo=5&k_babaCode=21,data/cache/html/19840526_kawasaki_5.html
19840526_kawasaki_6,1984-05-26,kawasaki,6,https://www.keiba.go.jp/KeibaWeb/TodayRaceInfo/RaceMarkTable?k_raceDate=1984%2F05%2F26&k_raceNo=6&k_babaCode=21,data/cache/html/19840526_kawasaki_6.html
19840526_kawasaki_7,1984-05-26,kawasaki,7,https://www.keiba.go.jp/KeibaWeb/TodayRaceInfo/RaceMarkTable?k_raceDate=1984%2F05%2F26&k_raceNo=7&k_babaCode=21,data/cache/html/19840526_kawasaki_7.html
19840526_kawasaki_8,1984-05-26,kawasaki,8,https://www.keiba.go.jp/KeibaWeb/TodayRaceInfo/RaceMarkTable?k_raceDate=1984%2F05%2F26&k_raceNo=8&k_babaCode=21,data/cache/html/19840526_kawasaki_8.html
19840526_kawasaki_9,1984-05-26,kawasaki,9,https://www.keiba.go.jp/KeibaWeb/TodayRaceInfo/RaceMarkTable?k_raceDate=1984%2F05%2F26&k_raceNo=9&k_babaCode=21,data/cache/html/19840526_kawasaki_9.html
19840526_kawasaki_10,1984-05-26,kawasaki,10,https://www.keiba.go.jp/KeibaWeb/TodayRaceInfo/RaceMarkTable?k_raceDate=1984%2F05%2F26&k_raceNo=10&k_babaCode=21,data/cache/html/19840526_kawasaki_10.html
19840526_kawasaki_11,1984-05-26,kawasaki,11,https://www.keiba.go.jp/KeibaWeb/TodayRaceInfo/RaceMarkTable?k_raceDate=1984%2F05%2F26&k_raceNo=11&k_babaCode=21,data/cache/html/19840526_kawasaki_11.html
19840526_kawasaki_12,1984-05-26,kawasaki,12,https://www.keiba.go.jp/KeibaWeb/TodayRaceInfo/RaceMarkTable?k_raceDate=1984%2F05%2F26&k_raceNo=12&k_babaCode=21,data/cache/html/19840526_kawasaki_12.html
19840525_kawasaki_1,1984-05-25,kawasaki,1,https://www.keiba.go.jp/KeibaWeb/TodayRaceInfo/RaceMarkTable?k_raceDate=1984%2F05%2F25&k_raceNo=1&k_babaCode=21,data/cache/html/19840525_kawasaki_1.html
19840525_kawasaki_2,1984-05-25,kawasaki,2,https://www.keiba.go.jp/KeibaWeb/TodayRaceInfo/RaceMarkTable?k_raceDate=1984%2F05%2F25&k_raceNo=2&k_babaCode=21,data/cache/html/19840525_kawasaki_2.html
19840525_kawasaki_3,1984-05-25,kawasaki,3,https://www.keiba.go.jp/KeibaWeb/TodayRaceInfo/RaceMarkTable?k_raceDate=1984%2F05%2F25&k_raceNo=3&k_babaCode=21,data/cache/html/19840525_kawasaki_3.html
19840525_kawasaki_4,1984-05-25,kawasaki,4,https://www.keiba.go.jp/KeibaWeb/TodayRaceInfo/RaceMarkTable?k_raceDate=1984%2F05%2F25&k_raceNo=4&k_babaCode=21,data/cache/html/19840525_kawasaki_4.html
19840525_kawasaki_5,1984-05-25,kawasaki,5,https://www.keiba.go.jp/KeibaWeb/TodayRaceInfo/RaceMarkTable?k_raceDate=1984%2F05%2F25&k_raceNo=5&k_babaCode=21,data/cache/html/19840525_kawasaki_5.html
19840525_kawasaki_6,1984-05-25,kawasaki,6,https://www.keiba.go.jp/KeibaWeb/TodayRaceInfo/RaceMarkTable?k_raceDate=1984%2F05%2F25&k_raceNo=6&k_babaCode=21,data/cache/html/19840525_kawasaki_6.html
19840525_kawasaki_7,1984-05-25,kawasaki,7,https://www.keiba.go.jp/KeibaWeb/TodayRaceInfo/RaceMarkTable?k_raceDate=1984%2F05%2F25&k_raceNo=7&k_babaCode=21,data/cache/html/19840525_kawasaki_7.html
19840525_kawasaki_8,1984-05-25,kawasaki,8,https://www.keiba.go.jp/KeibaWeb/TodayRaceInfo/RaceMarkTable?k_raceDate=1984%2F05%2F25&k_raceNo=8&k_babaCode=21,data/cache/html/19840525_kawasaki_8.html
19840525_kawasaki_9,1984-05-25,kawasaki,9,https://www.keiba.go.jp/KeibaWeb/TodayRaceInfo/RaceMarkTable?k_raceDate=1984%2F05%2F25&k_raceNo=9&k_babaCode=21,data/cache/html/19840525_kawasaki_9.html
19840525_kawasaki_10,1984-05-25,kawasaki,10,https://www.keiba.go.jp/KeibaWeb/TodayRaceInfo/RaceMarkTable?k_raceDate=1984%2F05%2F25&k_raceNo=10&k_babaCode=21,data/cache/html/19840525_kawasaki_10.html
19840525_kawasaki_11,1984-05-25,kawasaki,11,https://www.keiba.go.jp/KeibaWeb/TodayRaceInfo/RaceMarkTable?k_raceDate=1984%2F05%2F25&k_raceNo=11&k_babaCode=21,data/cache/html/19840525_kawasaki_11.html
19840525_kawasaki_12,1984-05-25,kawasaki,12,https://www.keiba.go.jp/KeibaWeb/TodayRaceInfo/RaceMarkTable?k_raceDate=1984%2F05%2F25&k_raceNo=12&k_babaCode=21,data/cache/html/19840525_kawasaki_12.html
19840524_kawasaki_1,1984-05-24,kawasaki,1,https://www.keiba.go.jp/KeibaWeb/TodayRaceInfo/RaceMarkTable?k_raceDate=1984%2F05%2F24&k_raceNo=1&k_babaCode=21,data/cache/html/19840524_kawasaki_1.html
19840524_kawasaki_2,1984-05-24,kawasaki,2,https://www.keiba.go.jp/KeibaWeb/TodayRaceInfo/RaceMarkTable?k_raceDate=1984%2F05%2F24&k_raceNo=2&k_babaCode=21,data/cache/html/19840524_kawasaki_2.html
19840524_kawasaki_3,1984-05-24,kawasaki,3,https://www.keiba.go.jp/KeibaWeb/TodayRaceInfo/RaceMarkTable?k_raceDate=1984%2F05%2F24&k_raceNo=3&k_babaCode=21,data/cache/html/19840524_kawasaki_3.html
19840524_kawasaki_4,1984-05-24,kawasaki,4,https://www.keiba.go.jp/KeibaWeb/TodayRaceInfo/RaceMarkTable?k_raceDate=1984%2F05%2F24&k_raceNo=4&k_babaCode=21,data/cache/html/19840524_kawasaki_4.html
19840524_kawasaki_5,1984-05-24,kawasaki,5,https://www.keiba.go.jp/KeibaWeb/TodayRaceInfo/RaceMarkTable?k_raceDate=1984%2F05%2F24&k_raceNo=5&k_babaCode=21,data/cache/html/19840524_kawasaki_5.html
19840524_kawasaki_6,1984-05-24,kawasaki,6,https://www.keiba.go.jp/KeibaWeb/TodayRaceInfo/RaceMarkTable?k_raceDate=1984%2F05%2F24&k_raceNo=6&k_babaCode=21,data/cache/html/19840524_kawasaki_6.html
19840524_kawasaki_7,1984-05-24,kawasaki,7,https://www.keiba.go.jp/KeibaWeb/TodayRaceInfo/RaceMarkTable?k_raceDate=1984%2F05%2F24&k_raceNo=7&k_babaCode=21,data/cache/html/19840524_kawasaki_7.html
19840524_kawasaki_8,1984-05-24,kawasaki,8,https://www.keiba.go.jp/KeibaWeb/TodayRaceInfo/RaceMarkTable?k_raceDate=1984%2F05%2F24&k_raceNo=8&k_babaCode=21,data/cache/html/19840524_kawasaki_8.html
19840524_kawasaki_9,1984-05-24,kawasaki,9,https://www.keiba.go.jp/KeibaWeb/TodayRaceInfo/RaceMarkTable?k_raceDate=1984%2F05%2F24&k_raceNo=9&k_babaCode=21,data/cache/html/19840524_kawasaki_9.html
19840524_kawasaki_10,1984-05-24,kawasaki,10,https://www.keiba.go.jp/KeibaWeb/TodayRaceInfo/RaceMarkTable?k_raceDate=1984%2F05%2F24&k_raceNo=10&k_babaCode=21,data/cache/html/19840524_kawasaki_10.html
19840524_kawasaki_11,1984-05-24,kawasaki,11,https://www.keiba.go.jp/KeibaWeb/TodayRaceInfo/RaceMarkTable?k_raceDate=1984%2F05%2F24&k_raceNo=11&k_babaCode=21,data/cache/html/19840524_kawasaki_11.html
19840524_kawasaki_12,1984-05-24,kawasaki,12,https://www.keiba.go.jp/KeibaWeb/TodayRaceInfo/RaceMarkTable?k_raceDate=1984%2F05%2F24&k_raceNo=12&k_babaCode=21,data/cache/html/19840524_kawasaki_12.html
19840523_kawasaki_1,1984-05-23,kawasaki,1,https://www.keiba.go.jp/KeibaWeb/TodayRaceInfo/RaceMarkTable?k_raceDate=1984%2F05%2F23&k_raceNo=1&k_babaCode=21,data/cache/html/19840523_kawasaki_1.html
19840523_kawasaki_2,1984-05-23,kawasaki,2,https://www.keiba.go.jp/KeibaWeb/TodayRaceInfo/RaceMarkTable?k_raceDate=1984%2F05%2F23&k_raceNo=2&k_babaCode=21,data/cache/html/19840523_kawasaki_2.html
19840523_kawasaki_3,1984-05-23,kawasaki,3,https://www.keiba.go.jp/KeibaWeb/TodayRaceInfo/RaceMarkTable?k_raceDate=1984%2F05%2F23&k_raceNo=3&k_babaCode=21,data/cache/html/19840523_kawasaki_3.html
19840523_kawasaki_4,1984-05-23,kawasaki,4,https://www.keiba.go.jp/KeibaWeb/TodayRaceInfo/RaceMarkTable?k_raceDate=1984%2F05%2F23&k_raceNo=4&k_babaCode=21,data/cache/html/19840523_kawasaki_4.html
19840523_kawasaki_5,1984-05-23,kawasaki,5,https://www.keiba.go.jp/KeibaWeb/TodayRaceInfo/RaceMarkTable?k_raceDate=1984%2F05%2F23&k_raceNo=5&k_babaCode=21,data/cache/html/19840523_kawasaki_5.html
19840523_kawasaki_6,1984-05-23,kawasaki,6,https://www.keiba.go.jp/KeibaWeb/TodayRaceInfo/RaceMarkTable?k_raceDate=1984%2F05%2F23&k_raceNo=6&k_babaCode=21,data/cache/html/19840523_kawasaki_6.html
19840523_kawasaki_7,1984-05-23,kawasaki,7,https://www.keiba.go.jp/KeibaWeb/TodayRaceInfo/RaceMarkTable?k_raceDate=1984%2F05%2F23&k_raceNo=7&k_babaCode=21,data/cache/html/19840523_kawasaki_7.html
19840523_kawasaki_8,1984-05-23,kawasaki,8,https://www.keiba.go.jp/KeibaWeb/TodayRaceInfo/RaceMarkTable?k_raceDate=1984%2F05%2F23&k_raceNo=8&k_babaCode=21,data/cache/html/19840523_kawasaki_8.html
19840523_kawasaki_9,1984-05-23,kawasaki,9,https://www.keiba.go.jp/KeibaWeb/TodayRaceInfo/RaceMarkTable?k_raceDate=1984%2F05%2F23&k_raceNo=9&k_babaCode=21,data/cache/html/19840523_kawasaki_9.html
19840523_kawasaki_10,1984-05-23,kawasaki,10,https://www.keiba.go.jp/KeibaWeb/TodayRaceInfo/RaceMarkTable?k_raceDate=1984%2F05%2F23&k_raceNo=10&k_babaCode=21,data/cache/html/19840523_kawasaki_10.html
19840523_kawasaki_11,1984-05-23,kawasaki,11,https://www.keiba.go.jp/KeibaWeb/TodayRaceInfo/RaceMarkTable?k_raceDate=1984%2F05%2F23&k_raceNo=11&k_babaCode=21,data/cache/html/19840523_kawasaki_11.html
19840523_kawasaki_12,1984-05-23,kawasaki,12,https://www.keiba.go.jp/KeibaWeb/TodayRaceInfo/RaceMarkTable?k_raceDate=1984%2F05%2F23&k_raceNo=12&k_babaCode=21,data/cache/html/19840523_kawasaki_12.html
19840522_kawasaki_1,1984-05-22,kawasaki,1,https://www.keiba.go.jp/KeibaWeb/TodayRaceInfo/RaceMarkTable?k_raceDate=1984%2F05%2F22&k_raceNo=1&k_babaCode=21,data/cache/html/19840522_kawasaki_1.html
19840522_kawasaki_2,1984-05-22,kawasaki,2,https://www.keiba.go.jp/KeibaWeb/TodayRaceInfo/RaceMarkTable?k_raceDate=1984%2F05%2F22&k_raceNo=2&k_babaCode=21,data/cache/html/19840522_kawasaki_2.html
19840522_kawasaki_3,1984-05-22,kawasaki,3,https://www.keiba.go.jp/KeibaWeb/TodayRaceInfo/RaceMarkTable?k_raceDate=1984%2F05%2F22&k_raceNo=3&k_babaCode=21,data/cache/html/19840522_kawasaki_3.html
19840522_kawasaki_4,1984-05-22,kawasaki,4,https://www.keiba.go.jp/KeibaWeb/TodayRaceInfo/RaceMarkTable?k_raceDate=1984%2F05%2F22&k_raceNo=4&k_babaCode=21,data/cache/html/19840522_kawasaki_4.html
19840522_kawasaki_5,1984-05-22,kawasaki,5,https://www.keiba.go.jp/KeibaWeb/TodayRaceInfo/RaceMarkTable?k_raceDate=1984%2F05%2F22&k_raceNo=5&k_babaCode=21,data/cache/html/19840522_kawasaki_5.html
19840522_kawasaki_6,1984-05-22,kawasaki,6,https://www.keiba.go.jp/KeibaWeb/TodayRaceInfo/RaceMarkTable?k_raceDate=1984%2F05%2F22&k_raceNo=6&k_babaCode=21,data/cache/html/19840522_kawasaki_6.html
19840522_kawasaki_7,1984-05-22,kawasaki,7,https://www.keiba.go.jp/KeibaWeb/TodayRaceInfo/RaceMarkTable?k_raceDate=1984%2F05%2F22&k_raceNo=7&k_babaCode=21,data/cache/html/19840522_kawasaki_7.html
19840522_kawasaki_8,1984-05-22,kawasaki,8,https://www.keiba.go.jp/KeibaWeb/TodayRaceInfo/RaceMarkTable?k_raceDate=1984%2F05%2F22&k_raceNo=8&k_babaCode=21,data/cache/html/19840522_kawasaki_8.html
19840522_kawasaki_9,1984-05-22,kawasaki,9,https://www.keiba.go.jp/KeibaWeb/TodayRaceInfo/RaceMarkTable?k_raceDate=1984%2F05%2F22&k_raceNo=9&k_babaCode=21,data/cache/html/19840522_kawasaki_9.html
19840522_kawasaki_10,1984-05-22,kawasaki,10,https://www.keiba.go.jp/KeibaWeb/TodayRaceInfo/RaceMarkTable?k_raceDate=1984%2F05%2F22&k_raceNo=10&k_babaCode=21,data/cache/html/19840522_kawasaki_10.html
19840522_kawasaki_11,1984-05-22,kawasaki,11,https://www.keiba.go.jp/KeibaWeb/TodayRaceInfo/RaceMarkTable?k_raceDate=1984%2F05%2F22&k_raceNo=11&k_babaCode=21,data/cache/html/19840522_kawasaki_11.html
19840522_kawasaki_12,1984-05-22,kawasaki,12,https://www.keiba.go.jp/KeibaWeb/TodayRaceInfo/RaceMarkTable?k_raceDate=1984%2F05%2F22&k_raceNo=12&k_babaCode=21,data/cache/html/19840522_kawasaki_12.html
