race_key,v0_1_main_evaluation_eligible,final_candidate_present,final_strict_complete_member,final_prediction_feature_eligible,final_base_role,migration_status,reason_codes
20230901_02_03,True,True,False,False,not_research_eligible,no_longer_eligible_with_reason,outcome_target_source_missing|program_six_boat_invalid|raw_hash_invalid_or_unavailable|source_identity_invalid
20230901_06_03,True,True,False,False,not_research_eligible,no_longer_eligible_with_reason,outcome_target_source_missing|program_six_boat_invalid|raw_hash_invalid_or_unavailable|source_identity_invalid
20230901_07_08,True,True,False,False,not_research_eligible,no_longer_eligible_with_reason,outcome_target_source_missing|program_six_boat_invalid|raw_hash_invalid_or_unavailable|source_identity_invalid
20230901_08_10,True,True,False,False,not_research_eligible,no_longer_eligible_with_reason,outcome_target_source_missing|program_six_boat_invalid|raw_hash_invalid_or_unavailable|source_identity_invalid
20230901_16_08,True,True,False,False,not_research_eligible,no_longer_eligible_with_reason,outcome_target_source_missing|program_six_boat_invalid|raw_hash_invalid_or_unavailable|source_identity_invalid
20230901_22_05,True,True,False,False,not_research_eligible,no_longer_eligible_with_reason,outcome_target_source_missing|program_six_boat_invalid|raw_hash_invalid_or_unavailable|source_identity_invalid
20230901_23_01,True,True,False,False,not_research_eligible,no_longer_eligible_with_reason,outcome_target_source_missing|program_six_boat_invalid|raw_hash_invalid_or_unavailable|source_identity_invalid
20230901_24_03,True,True,False,False,not_research_eligible,no_longer_eligible_with_reason,outcome_target_source_missing|program_six_boat_invalid|raw_hash_invalid_or_unavailable|source_identity_invalid
20230902_02_04,True,True,False,True,auxiliary_pretraining_candidate,remains_non_strict_U2,
20230902_02_10,True,True,False,True,auxiliary_pretraining_candidate,remains_non_strict_U2,
20230902_03_06,True,True,False,True,auxiliary_pretraining_candidate,remains_non_strict_U2,
20230902_03_12,True,True,False,True,auxiliary_pretraining_candidate,remains_non_strict_U2,
20230902_06_10,True,True,False,True,auxiliary_pretraining_candidate,remains_non_strict_U2,
20230902_07_08,True,True,False,True,auxiliary_pretraining_candidate,remains_non_strict_U2,
20230902_07_11,True,True,False,True,auxiliary_pretraining_candidate,remains_non_strict_U2,
20230902_08_11,True,True,False,True,auxiliary_pretraining_candidate,remains_non_strict_U2,
20230902_10_08,True,True,False,True,auxiliary_pretraining_candidate,remains_non_strict_U2,
20230902_16_01,True,True,False,True,auxiliary_pretraining_candidate,remains_non_strict_U2,
20230902_16_05,True,True,False,True,auxiliary_pretraining_candidate,remains_non_strict_U2,
20230902_18_04,True,True,False,True,auxiliary_pretraining_candidate,remains_non_strict_U2,
20230902_18_08,True,True,False,True,auxiliary_pretraining_candidate,remains_non_strict_U2,
20230902_20_11,True,True,False,True,auxiliary_pretraining_candidate,remains_non_strict_U2,
20230902_23_12,True,True,False,True,auxiliary_pretraining_candidate,remains_non_strict_U2,
20230902_24_03,True,True,False,True,auxiliary_pretraining_candidate,remains_non_strict_U2,
20230903_02_05,True,True,False,True,auxiliary_pretraining_candidate,remains_non_strict_U2,
20230903_03_02,True,True,False,True,auxiliary_pretraining_candidate,remains_non_strict_U2,
20230903_11_05,True,True,False,True,auxiliary_pretraining_candidate,remains_non_strict_U2,
20230903_11_12,True,True,False,True,auxiliary_pretraining_candidate,remains_non_strict_U2,
20230903_14_09,True,True,False,True,auxiliary_pretraining_candidate,remains_non_strict_U2,
20230903_16_08,True,True,False,True,auxiliary_pretraining_candidate,remains_non_strict_U2,
20230903_17_08,True,True,False,True,auxiliary_pretraining_candidate,remains_non_strict_U2,
20230903_18_05,True,True,False,True,auxiliary_pretraining_candidate,remains_non_strict_U2,
20230903_22_06,True,True,False,True,auxiliary_pretraining_candidate,remains_non_strict_U2,
20230903_22_09,True,True,False,True,auxiliary_pretraining_candidate,remains_non_strict_U2,
20230904_08_09,True,True,False,True,auxiliary_pretraining_candidate,remains_non_strict_U2,
20230904_12_03,True,True,False,True,auxiliary_pretraining_candidate,remains_non_strict_U2,
20230904_14_07,True,True,False,True,auxiliary_pretraining_candidate,remains_non_strict_U2,
20230904_22_08,True,True,False,True,auxiliary_pretraining_candidate,remains_non_strict_U2,
20230904_22_09,True,True,False,True,auxiliary_pretraining_candidate,remains_non_strict_U2,
20230905_08_10,True,True,False,True,auxiliary_pretraining_candidate,remains_non_strict_U2,
20230905_08_11,True,True,False,True,auxiliary_pretraining_candidate,remains_non_strict_U2,
20230905_14_07,True,True,False,True,auxiliary_pretraining_candidate,remains_non_strict_U2,
20230905_17_11,True,True,False,True,auxiliary_pretraining_candidate,remains_non_strict_U2,
20230905_19_04,True,True,False,True,auxiliary_pretraining_candidate,remains_non_strict_U2,
20230905_22_07,True,True,False,True,auxiliary_pretraining_candidate,remains_non_strict_U2,
20230906_01_04,True,True,False,True,auxiliary_pretraining_candidate,remains_non_strict_U2,
20230906_06_02,True,True,False,True,auxiliary_pretraining_candidate,remains_non_strict_U2,
20230906_06_07,True,True,False,True,auxiliary_pretraining_candidate,remains_non_strict_U2,
20230906_06_10,True,True,False,True,auxiliary_pretraining_candidate,remains_non_strict_U2,
20230906_11_04,True,True,False,True,auxiliary_pretraining_candidate,remains_non_strict_U2,
20230906_11_07,True,True,False,True,auxiliary_pretraining_candidate,remains_non_strict_U2,
20230906_12_02,True,True,False,True,auxiliary_pretraining_candidate,remains_non_strict_U2,
20230906_14_05,True,True,False,True,auxiliary_pretraining_candidate,remains_non_strict_U2,
20230906_23_08,True,True,False,True,auxiliary_pretraining_candidate,remains_non_strict_U2,
20230907_03_06,True,True,False,True,auxiliary_pretraining_candidate,remains_non_strict_U2,
20230907_03_11,True,True,False,True,auxiliary_pretraining_candidate,remains_non_strict_U2,
20230907_06_09,True,True,False,True,auxiliary_pretraining_candidate,remains_non_strict_U2,
20230907_14_07,True,True,False,True,auxiliary_pretraining_candidate,remains_non_strict_U2,
20230907_17_09,True,True,False,True,auxiliary_pretraining_candidate,remains_non_strict_U2,
20230907_21_01,True,True,False,True,auxiliary_pretraining_candidate,remains_non_strict_U2,
20230907_24_09,True,True,False,True,auxiliary_pretraining_candidate,remains_non_strict_U2,
20230908_04_08,True,True,False,True,auxiliary_pretraining_candidate,remains_non_strict_U2,
20230908_11_06,True,True,False,True,auxiliary_pretraining_candidate,remains_non_strict_U2,
20230908_11_07,True,True,False,True,auxiliary_pretraining_candidate,remains_non_strict_U2,
20230908_12_07,True,True,False,True,auxiliary_pretraining_candidate,remains_non_strict_U2,
20230908_17_05,True,True,False,True,auxiliary_pretraining_candidate,remains_non_strict_U2,
20230908_21_07,True,True,False,True,auxiliary_pretraining_candidate,remains_non_strict_U2,
20230908_21_12,True,True,False,True,auxiliary_pretraining_candidate,remains_non_strict_U2,
20230909_04_10,True,True,False,True,auxiliary_pretraining_candidate,remains_non_strict_U2,
20230909_05_11,True,True,False,True,auxiliary_pretraining_candidate,remains_non_strict_U2,
20230909_10_09,True,True,False,True,auxiliary_pretraining_candidate,remains_non_strict_U2,
20230909_10_12,True,True,False,True,auxiliary_pretraining_candidate,remains_non_strict_U2,
20230909_18_01,True,True,False,True,auxiliary_pretraining_candidate,remains_non_strict_U2,
20230909_18_05,True,True,False,True,auxiliary_pretraining_candidate,remains_non_strict_U2,
20230909_21_09,True,True,False,True,auxiliary_pretraining_candidate,remains_non_strict_U2,
20230909_22_04,True,True,False,True,auxiliary_pretraining_candidate,remains_non_strict_U2,
20230909_24_02,True,True,False,True,auxiliary_pretraining_candidate,remains_non_strict_U2,
20230909_24_12,True,True,False,True,auxiliary_pretraining_candidate,remains_non_strict_U2,
20230910_03_07,True,True,False,True,auxiliary_pretraining_candidate,remains_non_strict_U2,
20230910_05_12,True,True,False,True,auxiliary_pretraining_candidate,remains_non_strict_U2,
20230910_07_11,True,True,False,True,auxiliary_pretraining_candidate,remains_non_strict_U2,
20230910_08_12,True,True,False,True,auxiliary_pretraining_candidate,remains_non_strict_U2,
20230910_10_05,True,True,False,True,auxiliary_pretraining_candidate,remains_non_strict_U2,
20230910_10_08,True,True,False,True,auxiliary_pretraining_candidate,remains_non_strict_U2,
20230910_21_03,True,True,False,True,auxiliary_pretraining_candidate,remains_non_strict_U2,
20230910_21_07,True,True,False,True,auxiliary_pretraining_candidate,remains_non_strict_U2,
20230910_24_01,True,True,False,True,auxiliary_pretraining_candidate,remains_non_strict_U2,
20230911_03_10,True,True,False,True,auxiliary_pretraining_candidate,remains_non_strict_U2,
20230911_04_06,True,True,False,True,auxiliary_pretraining_candidate,remains_non_strict_U2,
20230911_04_11,True,True,False,True,auxiliary_pretraining_candidate,remains_non_strict_U2,
20230911_10_02,True,True,False,True,auxiliary_pretraining_candidate,remains_non_strict_U2,
20230911_10_08,True,True,False,True,auxiliary_pretraining_candidate,remains_non_strict_U2,
20230911_21_07,True,True,False,True,auxiliary_pretraining_candidate,remains_non_strict_U2,
20230911_22_03,True,True,False,True,auxiliary_pretraining_candidate,remains_non_strict_U2,
20230911_22_04,True,True,False,True,auxiliary_pretraining_candidate,remains_non_strict_U2,
20230911_24_07,True,True,False,True,auxiliary_pretraining_candidate,remains_non_strict_U2,
20230912_03_11,True,True,False,True,auxiliary_pretraining_candidate,remains_non_strict_U2,
20230912_08_09,True,True,False,True,auxiliary_pretraining_candidate,remains_non_strict_U2,
20230912_16_04,True,True,False,True,auxiliary_pretraining_candidate,remains_non_strict_U2,
20230912_20_01,True,True,False,True,auxiliary_pretraining_candidate,remains_non_strict_U2,
20230912_20_04,True,True,False,True,auxiliary_pretraining_candidate,remains_non_strict_U2,
20230912_23_07,True,True,False,True,auxiliary_pretraining_candidate,remains_non_strict_U2,
20230912_23_09,True,True,False,True,auxiliary_pretraining_candidate,remains_non_strict_U2,
20230913_03_01,True,True,False,True,auxiliary_pretraining_candidate,remains_non_strict_U2,
20230913_07_06,True,True,False,True,auxiliary_pretraining_candidate,remains_non_strict_U2,
20230913_07_09,True,True,False,True,auxiliary_pretraining_candidate,remains_non_strict_U2,
20230913_11_03,True,True,False,True,auxiliary_pretraining_candidate,remains_non_strict_U2,
20230913_14_01,True,True,False,True,auxiliary_pretraining_candidate,remains_non_strict_U2,
20230913_16_05,True,True,False,True,auxiliary_pretraining_candidate,remains_non_strict_U2,
20230913_16_12,True,True,False,True,auxiliary_pretraining_candidate,remains_non_strict_U2,
20230913_22_02,True,True,False,True,auxiliary_pretraining_candidate,remains_non_strict_U2,
20230913_23_01,True,True,False,True,auxiliary_pretraining_candidate,remains_non_strict_U2,
20230913_23_06,True,True,False,True,auxiliary_pretraining_candidate,remains_non_strict_U2,
20230914_03_02,True,True,False,True,auxiliary_pretraining_candidate,remains_non_strict_U2,
20230914_05_01,True,True,False,True,auxiliary_pretraining_candidate,remains_non_strict_U2,
20230914_07_05,True,True,False,True,auxiliary_pretraining_candidate,remains_non_strict_U2,
20230914_10_01,True,True,False,True,auxiliary_pretraining_candidate,remains_non_strict_U2,
20230914_16_10,True,True,False,True,auxiliary_pretraining_candidate,remains_non_strict_U2,
20230914_22_10,True,True,False,True,auxiliary_pretraining_candidate,remains_non_strict_U2,
20230915_03_02,True,True,False,True,auxiliary_pretraining_candidate,remains_non_strict_U2,
20230915_16_11,True,True,False,True,auxiliary_pretraining_candidate,remains_non_strict_U2,
20230915_17_11,True,True,False,True,auxiliary_pretraining_candidate,remains_non_strict_U2,
20230916_01_04,True,True,False,True,auxiliary_pretraining_candidate,remains_non_strict_U2,
20230916_01_11,True,True,False,True,auxiliary_pretraining_candidate,remains_non_strict_U2,
20230916_02_02,True,True,False,True,auxiliary_pretraining_candidate,remains_non_strict_U2,
20230916_05_01,True,True,False,True,auxiliary_pretraining_candidate,remains_non_strict_U2,
20230916_05_09,True,True,False,True,auxiliary_pretraining_candidate,remains_non_strict_U2,
20230916_16_02,True,True,False,True,auxiliary_pretraining_candidate,remains_non_strict_U2,
20230916_20_06,True,True,False,True,auxiliary_pretraining_candidate,remains_non_strict_U2,
20230916_23_05,True,True,False,True,auxiliary_pretraining_candidate,remains_non_strict_U2,
20230917_03_03,True,True,False,True,auxiliary_pretraining_candidate,remains_non_strict_U2,
20230917_03_12,True,True,False,True,auxiliary_pretraining_candidate,remains_non_strict_U2,
20230917_05_02,True,True,False,True,auxiliary_pretraining_candidate,remains_non_strict_U2,
20230917_05_05,True,True,False,True,auxiliary_pretraining_candidate,remains_non_strict_U2,
20230917_11_02,True,True,False,True,auxiliary_pretraining_candidate,remains_non_strict_U2,
20230917_11_12,True,True,False,True,auxiliary_pretraining_candidate,remains_non_strict_U2,
20230917_13_09,True,True,False,True,auxiliary_pretraining_candidate,remains_non_strict_U2,
20230917_18_06,True,True,False,True,auxiliary_pretraining_candidate,remains_non_strict_U2,
20230917_20_03,True,True,False,True,auxiliary_pretraining_candidate,remains_non_strict_U2,
20230917_20_05,True,True,False,True,auxiliary_pretraining_candidate,remains_non_strict_U2,
20230917_23_08,True,True,False,True,auxiliary_pretraining_candidate,remains_non_strict_U2,
20230918_13_01,True,True,False,True,auxiliary_pretraining_candidate,remains_non_strict_U2,
20230918_13_10,True,True,False,True,auxiliary_pretraining_candidate,remains_non_strict_U2,
20230918_17_04,True,True,False,True,auxiliary_pretraining_candidate,remains_non_strict_U2,
20230918_17_11,True,True,False,True,auxiliary_pretraining_candidate,remains_non_strict_U2,
20230918_20_08,True,True,False,True,auxiliary_pretraining_candidate,remains_non_strict_U2,
20230919_17_07,True,True,False,True,auxiliary_pretraining_candidate,remains_non_strict_U2,
20230920_05_05,True,True,False,True,auxiliary_pretraining_candidate,remains_non_strict_U2,
20230920_05_07,True,True,False,True,auxiliary_pretraining_candidate,remains_non_strict_U2,
20230920_10_10,True,True,False,True,auxiliary_pretraining_candidate,remains_non_strict_U2,
20230920_13_05,True,True,False,True,auxiliary_pretraining_candidate,remains_non_strict_U2,
20230920_20_04,True,True,False,True,auxiliary_pretraining_candidate,remains_non_strict_U2,
20230920_22_06,True,True,False,True,auxiliary_pretraining_candidate,remains_non_strict_U2,
20230920_24_06,True,True,False,True,auxiliary_pretraining_candidate,remains_non_strict_U2,
20230920_24_08,True,True,False,True,auxiliary_pretraining_candidate,remains_non_strict_U2,
20230921_05_05,True,True,False,True,auxiliary_pretraining_candidate,remains_non_strict_U2,
20230921_12_06,True,True,False,True,auxiliary_pretraining_candidate,remains_non_strict_U2,
20230921_13_09,True,True,False,True,auxiliary_pretraining_candidate,remains_non_strict_U2,
20230921_17_03,True,True,False,True,auxiliary_pretraining_candidate,remains_non_strict_U2,
20230921_17_12,True,True,False,True,auxiliary_pretraining_candidate,remains_non_strict_U2,
20230921_19_02,True,True,False,True,auxiliary_pretraining_candidate,remains_non_strict_U2,
20230921_19_04,True,True,False,True,auxiliary_pretraining_candidate,remains_non_strict_U2,
20230921_19_06,True,True,False,True,auxiliary_pretraining_candidate,remains_non_strict_U2,
20230921_21_11,True,True,False,True,auxiliary_pretraining_candidate,remains_non_strict_U2,
20230921_22_02,True,True,False,True,auxiliary_pretraining_candidate,remains_non_strict_U2,
20230922_02_03,True,True,False,True,auxiliary_pretraining_candidate,remains_non_strict_U2,
20230922_02_10,True,True,False,True,auxiliary_pretraining_candidate,remains_non_strict_U2,
20230922_21_06,True,True,False,True,auxiliary_pretraining_candidate,remains_non_strict_U2,
20230922_21_09,True,True,False,True,auxiliary_pretraining_candidate,remains_non_strict_U2,
20230922_22_07,True,True,False,True,auxiliary_pretraining_candidate,remains_non_strict_U2,
20230923_02_06,True,True,False,True,auxiliary_pretraining_candidate,remains_non_strict_U2,
20230923_05_11,True,True,False,True,auxiliary_pretraining_candidate,remains_non_strict_U2,
20230923_06_08,True,True,False,True,auxiliary_pretraining_candidate,remains_non_strict_U2,
20230923_10_04,True,True,False,True,auxiliary_pretraining_candidate,remains_non_strict_U2,
20230923_10_05,True,True,False,True,auxiliary_pretraining_candidate,remains_non_strict_U2,
20230923_10_08,True,True,False,True,auxiliary_pretraining_candidate,remains_non_strict_U2,
20230923_10_12,True,True,False,True,auxiliary_pretraining_candidate,remains_non_strict_U2,
20230923_11_07,True,True,False,True,auxiliary_pretraining_candidate,remains_non_strict_U2,
20230923_11_12,True,True,False,True,auxiliary_pretraining_candidate,remains_non_strict_U2,
20230923_12_02,True,True,False,True,auxiliary_pretraining_candidate,remains_non_strict_U2,
20230923_16_12,True,True,False,True,auxiliary_pretraining_candidate,remains_non_strict_U2,
20230923_17_09,True,True,False,True,auxiliary_pretraining_candidate,remains_non_strict_U2,
20230923_22_03,True,True,False,True,auxiliary_pretraining_candidate,remains_non_strict_U2,
20230924_03_08,True,True,False,True,auxiliary_pretraining_candidate,remains_non_strict_U2,
20230924_06_01,True,True,False,True,auxiliary_pretraining_candidate,remains_non_strict_U2,
20230924_07_03,True,True,False,True,auxiliary_pretraining_candidate,remains_non_strict_U2,
20230924_07_07,True,True,False,True,auxiliary_pretraining_candidate,remains_non_strict_U2,
20230924_12_01,True,True,False,True,auxiliary_pretraining_candidate,remains_non_strict_U2,
20230924_19_06,True,True,False,True,auxiliary_pretraining_candidate,remains_non_strict_U2,
20230924_21_12,True,True,False,True,auxiliary_pretraining_candidate,remains_non_strict_U2,
20230924_22_11,True,True,False,True,auxiliary_pretraining_candidate,remains_non_strict_U2,
20230925_03_03,True,True,False,True,auxiliary_pretraining_candidate,remains_non_strict_U2,
20230925_07_11,True,True,False,True,auxiliary_pretraining_candidate,remains_non_strict_U2,
20230925_12_02,True,True,False,True,auxiliary_pretraining_candidate,remains_non_strict_U2,
20230925_14_06,True,True,False,True,auxiliary_pretraining_candidate,remains_non_strict_U2,
20230925_15_11,True,True,False,True,auxiliary_pretraining_candidate,remains_non_strict_U2,
20230925_23_04,True,True,False,True,auxiliary_pretraining_candidate,remains_non_strict_U2,
20230925_23_07,True,True,False,True,auxiliary_pretraining_candidate,remains_non_strict_U2,
20230926_03_06,True,True,False,True,auxiliary_pretraining_candidate,remains_non_strict_U2,
20230926_04_10,True,True,False,True,auxiliary_pretraining_candidate,remains_non_strict_U2,
20230926_11_01,True,True,False,True,auxiliary_pretraining_candidate,remains_non_strict_U2,
20230926_15_03,True,True,False,True,auxiliary_pretraining_candidate,remains_non_strict_U2,
20230926_18_11,True,True,False,True,auxiliary_pretraining_candidate,remains_non_strict_U2,
20230926_23_06,True,True,False,True,auxiliary_pretraining_candidate,remains_non_strict_U2,
20230926_23_11,True,True,False,True,auxiliary_pretraining_candidate,remains_non_strict_U2,
20230926_24_06,True,True,False,True,auxiliary_pretraining_candidate,remains_non_strict_U2,
20230927_03_03,True,True,False,True,auxiliary_pretraining_candidate,remains_non_strict_U2,
20230927_03_05,True,True,False,True,auxiliary_pretraining_candidate,remains_non_strict_U2,
20230927_07_12,True,True,False,True,auxiliary_pretraining_candidate,remains_non_strict_U2,
20230927_24_07,True,True,False,True,auxiliary_pretraining_candidate,remains_non_strict_U2,
20230928_03_05,True,True,False,True,auxiliary_pretraining_candidate,remains_non_strict_U2,
20230928_03_12,True,True,False,True,auxiliary_pretraining_candidate,remains_non_strict_U2,
20230928_13_06,True,True,False,True,auxiliary_pretraining_candidate,remains_non_strict_U2,
20230928_13_08,True,True,False,True,auxiliary_pretraining_candidate,remains_non_strict_U2,
20230928_14_12,True,True,False,True,auxiliary_pretraining_candidate,remains_non_strict_U2,
20230928_20_11,True,True,False,True,auxiliary_pretraining_candidate,remains_non_strict_U2,
20230928_21_09,True,True,False,True,auxiliary_pretraining_candidate,remains_non_strict_U2,
20230929_01_06,True,True,False,True,auxiliary_pretraining_candidate,remains_non_strict_U2,
20230929_02_04,True,True,False,True,auxiliary_pretraining_candidate,remains_non_strict_U2,
20230929_03_07,True,True,False,True,auxiliary_pretraining_candidate,remains_non_strict_U2,
20230929_03_11,True,True,False,True,auxiliary_pretraining_candidate,remains_non_strict_U2,
20230929_20_02,True,True,False,True,auxiliary_pretraining_candidate,remains_non_strict_U2,
20230929_20_10,True,True,False,True,auxiliary_pretraining_candidate,remains_non_strict_U2,
20230929_21_01,True,True,False,True,auxiliary_pretraining_candidate,remains_non_strict_U2,
20230929_24_07,True,True,False,True,auxiliary_pretraining_candidate,remains_non_strict_U2,
20230930_01_06,True,True,False,True,auxiliary_pretraining_candidate,remains_non_strict_U2,
20230930_01_11,True,True,False,True,auxiliary_pretraining_candidate,remains_non_strict_U2,
20230930_02_08,True,True,False,True,auxiliary_pretraining_candidate,remains_non_strict_U2,
20230930_12_02,True,True,False,True,auxiliary_pretraining_candidate,remains_non_strict_U2,
20230930_12_05,True,True,False,True,auxiliary_pretraining_candidate,remains_non_strict_U2,
20230930_13_05,True,True,False,True,auxiliary_pretraining_candidate,remains_non_strict_U2,
20230930_13_08,True,True,False,True,auxiliary_pretraining_candidate,remains_non_strict_U2,
20230930_14_01,True,True,False,True,auxiliary_pretraining_candidate,remains_non_strict_U2,
20230930_14_09,True,True,False,True,auxiliary_pretraining_candidate,remains_non_strict_U2,
20230930_15_04,True,True,False,True,auxiliary_pretraining_candidate,remains_non_strict_U2,
20230930_15_11,True,True,False,True,auxiliary_pretraining_candidate,remains_non_strict_U2,
20230930_20_01,True,True,False,True,auxiliary_pretraining_candidate,remains_non_strict_U2,
20230930_21_03,True,True,False,True,auxiliary_pretraining_candidate,remains_non_strict_U2,
20230930_22_02,True,True,False,True,auxiliary_pretraining_candidate,remains_non_strict_U2,
20230930_23_12,True,True,False,True,auxiliary_pretraining_candidate,remains_non_strict_U2,
20231001_08_01,True,True,False,True,auxiliary_pretraining_candidate,remains_non_strict_U2,
20231001_12_01,True,True,False,True,auxiliary_pretraining_candidate,remains_non_strict_U2,
20231001_12_12,True,True,False,True,auxiliary_pretraining_candidate,remains_non_strict_U2,
20231001_13_01,True,True,False,True,auxiliary_pretraining_candidate,remains_non_strict_U2,
20231001_13_07,True,True,False,True,auxiliary_pretraining_candidate,remains_non_strict_U2,
20231001_18_05,True,True,False,True,auxiliary_pretraining_candidate,remains_non_strict_U2,
20231001_21_08,True,True,False,True,auxiliary_pretraining_candidate,remains_non_strict_U2,
20231001_22_03,True,True,False,True,auxiliary_pretraining_candidate,remains_non_strict_U2,
20231001_22_05,True,True,False,True,auxiliary_pretraining_candidate,remains_non_strict_U2,
20231001_22_07,True,True,False,True,auxiliary_pretraining_candidate,remains_non_strict_U2,
20231002_11_12,True,True,False,True,auxiliary_pretraining_candidate,remains_non_strict_U2,
20231002_12_05,True,True,False,True,auxiliary_pretraining_candidate,remains_non_strict_U2,
20231002_16_03,True,True,False,True,auxiliary_pretraining_candidate,remains_non_strict_U2,
20231002_18_10,True,True,False,True,auxiliary_pretraining_candidate,remains_non_strict_U2,
20231002_21_04,True,True,False,True,auxiliary_pretraining_candidate,remains_non_strict_U2,
20231002_21_09,True,True,False,True,auxiliary_pretraining_candidate,remains_non_strict_U2,
20231002_22_08,True,True,False,True,auxiliary_pretraining_candidate,remains_non_strict_U2,
20231003_07_01,True,True,False,True,auxiliary_pretraining_candidate,remains_non_strict_U2,
20231003_07_07,True,True,False,True,auxiliary_pretraining_candidate,remains_non_strict_U2,
20231003_08_05,True,True,False,True,auxiliary_pretraining_candidate,remains_non_strict_U2,
20231003_11_01,True,True,False,True,auxiliary_pretraining_candidate,remains_non_strict_U2,
20231003_13_01,True,True,False,True,auxiliary_pretraining_candidate,remains_non_strict_U2,
20231003_13_03,True,True,False,True,auxiliary_pretraining_candidate,remains_non_strict_U2,
20231003_16_10,True,True,False,True,auxiliary_pretraining_candidate,remains_non_strict_U2,
20231003_20_05,True,True,False,True,auxiliary_pretraining_candidate,remains_non_strict_U2,
20231003_20_12,True,True,False,True,auxiliary_pretraining_candidate,remains_non_strict_U2,
20231003_21_07,True,True,False,True,auxiliary_pretraining_candidate,remains_non_strict_U2,
20231003_22_08,True,True,False,True,auxiliary_pretraining_candidate,remains_non_strict_U2,
20231003_22_11,True,True,False,True,auxiliary_pretraining_candidate,remains_non_strict_U2,
20231004_05_06,True,True,False,True,auxiliary_pretraining_candidate,remains_non_strict_U2,
20231004_05_11,True,True,False,True,auxiliary_pretraining_candidate,remains_non_strict_U2,
20231004_08_08,True,True,False,True,auxiliary_pretraining_candidate,remains_non_strict_U2,
20231004_11_05,True,True,False,True,auxiliary_pretraining_candidate,remains_non_strict_U2,
20231004_18_02,True,True,False,True,auxiliary_pretraining_candidate,remains_non_strict_U2,
20231004_18_05,True,True,False,True,auxiliary_pretraining_candidate,remains_non_strict_U2,
20231004_19_10,True,True,False,True,auxiliary_pretraining_candidate,remains_non_strict_U2,
20231004_20_03,True,True,False,True,auxiliary_pretraining_candidate,remains_non_strict_U2,
20231004_22_06,True,True,False,True,auxiliary_pretraining_candidate,remains_non_strict_U2,
20231004_24_10,True,True,False,True,auxiliary_pretraining_candidate,remains_non_strict_U2,
20231005_05_12,True,True,False,True,auxiliary_pretraining_candidate,remains_non_strict_U2,
20231005_11_03,True,True,False,True,auxiliary_pretraining_candidate,remains_non_strict_U2,
20231005_11_12,True,True,False,True,auxiliary_pretraining_candidate,remains_non_strict_U2,
20231005_18_05,True,True,False,True,auxiliary_pretraining_candidate,remains_non_strict_U2,
20231005_20_02,True,True,False,True,auxiliary_pretraining_candidate,remains_non_strict_U2,
20231005_20_05,True,True,False,True,auxiliary_pretraining_candidate,remains_non_strict_U2,
20231005_20_09,True,True,False,True,auxiliary_pretraining_candidate,remains_non_strict_U2,
20231005_22_10,True,True,False,True,auxiliary_pretraining_candidate,remains_non_strict_U2,
20231005_23_04,True,True,False,True,auxiliary_pretraining_candidate,remains_non_strict_U2,
20231006_11_08,True,True,False,True,auxiliary_pretraining_candidate,remains_non_strict_U2,
20231006_13_08,True,True,False,True,auxiliary_pretraining_candidate,remains_non_strict_U2,
20231006_14_02,True,True,False,True,auxiliary_pretraining_candidate,remains_non_strict_U2,
20231006_15_11,True,True,False,True,auxiliary_pretraining_candidate,remains_non_strict_U2,
20231007_02_03,True,True,False,True,auxiliary_pretraining_candidate,remains_non_strict_U2,
20231007_02_04,True,True,False,True,auxiliary_pretraining_candidate,remains_non_strict_U2,
20231007_02_05,True,True,False,True,auxiliary_pretraining_candidate,remains_non_strict_U2,
20231007_02_12,True,True,False,True,auxiliary_pretraining_candidate,remains_non_strict_U2,
20231007_03_09,True,True,False,True,auxiliary_pretraining_candidate,remains_non_strict_U2,
20231007_03_11,True,True,False,True,auxiliary_pretraining_candidate,remains_non_strict_U2,
20231007_06_02,True,True,False,True,auxiliary_pretraining_candidate,remains_non_strict_U2,
20231007_06_04,True,True,False,True,auxiliary_pretraining_candidate,remains_non_strict_U2,
20231007_12_05,True,True,False,True,auxiliary_pretraining_candidate,remains_non_strict_U2,
20231007_14_05,True,True,False,True,auxiliary_pretraining_candidate,remains_non_strict_U2,
20231007_19_03,True,True,False,True,auxiliary_pretraining_candidate,remains_non_strict_U2,
20231007_19_08,True,True,False,True,auxiliary_pretraining_candidate,remains_non_strict_U2,
20231007_24_10,True,True,False,True,auxiliary_pretraining_candidate,remains_non_strict_U2,
20231007_24_12,True,True,False,True,auxiliary_pretraining_candidate,remains_non_strict_U2,
20231008_02_02,True,True,False,True,auxiliary_pretraining_candidate,remains_non_strict_U2,
20231008_02_06,True,True,False,True,auxiliary_pretraining_candidate,remains_non_strict_U2,
20231008_03_12,True,True,False,True,auxiliary_pretraining_candidate,remains_non_strict_U2,
20231008_04_12,True,True,False,True,auxiliary_pretraining_candidate,remains_non_strict_U2,
20231008_06_11,True,True,False,True,auxiliary_pretraining_candidate,remains_non_strict_U2,
20231008_10_07,True,True,False,True,auxiliary_pretraining_candidate,remains_non_strict_U2,
20231008_12_12,True,True,False,True,auxiliary_pretraining_candidate,remains_non_strict_U2,
20231008_15_05,True,True,False,True,auxiliary_pretraining_candidate,remains_non_strict_U2,
20231008_19_06,True,True,False,True,auxiliary_pretraining_candidate,remains_non_strict_U2,
20231008_24_03,True,True,False,True,auxiliary_pretraining_candidate,remains_non_strict_U2,
20231009_02_01,True,True,False,True,auxiliary_pretraining_candidate,remains_non_strict_U2,
20231009_03_03,True,True,False,True,auxiliary_pretraining_candidate,remains_non_strict_U2,
20231009_06_03,True,True,False,True,auxiliary_pretraining_candidate,remains_non_strict_U2,
20231009_06_12,True,True,False,True,auxiliary_pretraining_candidate,remains_non_strict_U2,
20231009_18_03,True,True,False,True,auxiliary_pretraining_candidate,remains_non_strict_U2,
20231009_18_06,True,True,False,True,auxiliary_pretraining_candidate,remains_non_strict_U2,
20231009_19_11,True,True,False,True,auxiliary_pretraining_candidate,remains_non_strict_U2,
20231009_21_10,True,True,False,True,auxiliary_pretraining_candidate,remains_non_strict_U2,
20231010_01_05,True,True,False,True,auxiliary_pretraining_candidate,remains_non_strict_U2,
20231010_04_02,True,True,False,True,auxiliary_pretraining_candidate,remains_non_strict_U2,
20231010_04_07,True,True,False,True,auxiliary_pretraining_candidate,remains_non_strict_U2,
20231010_07_11,True,True,False,True,auxiliary_pretraining_candidate,remains_non_strict_U2,
20231010_10_01,True,True,False,True,auxiliary_pretraining_candidate,remains_non_strict_U2,
20231010_10_05,True,True,False,True,auxiliary_pretraining_candidate,remains_non_strict_U2,
20231010_18_08,True,True,False,True,auxiliary_pretraining_candidate,remains_non_strict_U2,
20231010_22_11,True,True,False,True,auxiliary_pretraining_candidate,remains_non_strict_U2,
20231010_24_09,True,True,False,True,auxiliary_pretraining_candidate,remains_non_strict_U2,
20231011_04_02,True,True,False,True,auxiliary_pretraining_candidate,remains_non_strict_U2,
20231011_04_04,True,True,False,True,auxiliary_pretraining_candidate,remains_non_strict_U2,
20231011_04_06,True,True,False,True,auxiliary_pretraining_candidate,remains_non_strict_U2,
20231011_04_10,True,True,False,True,auxiliary_pretraining_candidate,remains_non_strict_U2,
20231011_06_04,True,True,False,True,auxiliary_pretraining_candidate,remains_non_strict_U2,
20231011_11_04,True,True,False,True,auxiliary_pretraining_candidate,remains_non_strict_U2,
20231011_16_02,True,True,False,True,auxiliary_pretraining_candidate,remains_non_strict_U2,
20231011_16_04,True,True,False,True,auxiliary_pretraining_candidate,remains_non_strict_U2,
20231011_22_04,True,True,False,True,auxiliary_pretraining_candidate,remains_non_strict_U2,
20231011_24_05,True,True,False,True,auxiliary_pretraining_candidate,remains_non_strict_U2,
20231011_24_12,True,True,False,True,auxiliary_pretraining_candidate,remains_non_strict_U2,
20231012_01_08,True,True,False,True,auxiliary_pretraining_candidate,remains_non_strict_U2,
20231012_04_03,True,True,False,True,auxiliary_pretraining_candidate,remains_non_strict_U2,
20231012_04_04,True,True,False,True,auxiliary_pretraining_candidate,remains_non_strict_U2,
20231012_07_06,True,True,False,True,auxiliary_pretraining_candidate,remains_non_strict_U2,
20231012_10_04,True,True,False,True,auxiliary_pretraining_candidate,remains_non_strict_U2,
20231012_10_08,True,True,False,True,auxiliary_pretraining_candidate,remains_non_strict_U2,
20231012_11_02,True,True,False,True,auxiliary_pretraining_candidate,remains_non_strict_U2,
20231012_16_02,True,True,False,True,auxiliary_pretraining_candidate,remains_non_strict_U2,
20231012_21_06,True,True,False,True,auxiliary_pretraining_candidate,remains_non_strict_U2,
20231012_22_05,True,True,False,True,auxiliary_pretraining_candidate,remains_non_strict_U2,
20231013_01_01,True,True,False,True,auxiliary_pretraining_candidate,remains_non_strict_U2,
20231013_01_11,True,True,False,True,auxiliary_pretraining_candidate,remains_non_strict_U2,
20231013_03_07,True,True,False,True,auxiliary_pretraining_candidate,remains_non_strict_U2,
20231013_11_10,True,True,False,True,auxiliary_pretraining_candidate,remains_non_strict_U2,
20231013_14_08,True,True,False,True,auxiliary_pretraining_candidate,remains_non_strict_U2,
20231013_16_08,True,True,False,True,auxiliary_pretraining_candidate,remains_non_strict_U2,
20231013_18_09,True,True,False,True,auxiliary_pretraining_candidate,remains_non_strict_U2,
20231013_21_03,True,True,False,True,auxiliary_pretraining_candidate,remains_non_strict_U2,
20231013_22_08,True,True,False,True,auxiliary_pretraining_candidate,remains_non_strict_U2,
20231013_24_04,True,True,False,True,auxiliary_pretraining_candidate,remains_non_strict_U2,
20231013_24_11,True,True,False,True,auxiliary_pretraining_candidate,remains_non_strict_U2,
20231014_03_10,True,True,False,True,auxiliary_pretraining_candidate,remains_non_strict_U2,
20231014_16_02,True,True,False,True,auxiliary_pretraining_candidate,remains_non_strict_U2,
20231014_19_05,True,True,False,True,auxiliary_pretraining_candidate,remains_non_strict_U2,
20231014_21_03,True,True,False,True,auxiliary_pretraining_candidate,remains_non_strict_U2,
20231014_24_05,True,True,False,True,auxiliary_pretraining_candidate,remains_non_strict_U2,
20231015_08_06,True,True,False,True,auxiliary_pretraining_candidate,remains_non_strict_U2,
20231015_12_06,True,True,False,True,auxiliary_pretraining_candidate,remains_non_strict_U2,
20231015_16_06,True,True,False,True,auxiliary_pretraining_candidate,remains_non_strict_U2,
20231015_23_12,True,True,False,True,auxiliary_pretraining_candidate,remains_non_strict_U2,
20231015_24_09,True,True,False,True,auxiliary_pretraining_candidate,remains_non_strict_U2,
20231016_03_12,True,True,False,True,auxiliary_pretraining_candidate,remains_non_strict_U2,
20231016_04_05,True,True,False,True,auxiliary_pretraining_candidate,remains_non_strict_U2,
20231016_05_08,True,True,False,True,auxiliary_pretraining_candidate,remains_non_strict_U2,
20231016_07_01,True,True,False,True,auxiliary_pretraining_candidate,remains_non_strict_U2,
20231016_08_09,True,True,False,True,auxiliary_pretraining_candidate,remains_non_strict_U2,
20231016_16_12,True,True,False,True,auxiliary_pretraining_candidate,remains_non_strict_U2,
20231016_23_02,True,True,False,True,auxiliary_pretraining_candidate,remains_non_strict_U2,
20231016_23_08,True,True,False,True,auxiliary_pretraining_candidate,remains_non_strict_U2,
20231017_04_04,True,True,False,True,auxiliary_pretraining_candidate,remains_non_strict_U2,
20231017_04_07,True,True,False,True,auxiliary_pretraining_candidate,remains_non_strict_U2,
20231017_04_09,True,True,False,True,auxiliary_pretraining_candidate,remains_non_strict_U2,
20231017_05_06,True,True,False,True,auxiliary_pretraining_candidate,remains_non_strict_U2,
20231017_05_10,True,True,False,True,auxiliary_pretraining_candidate,remains_non_strict_U2,
20231017_12_05,True,True,False,True,auxiliary_pretraining_candidate,remains_non_strict_U2,
20231017_19_09,True,True,False,True,auxiliary_pretraining_candidate,remains_non_strict_U2,
20231017_19_12,True,True,False,True,auxiliary_pretraining_candidate,remains_non_strict_U2,
20231018_01_05,True,True,False,True,auxiliary_pretraining_candidate,remains_non_strict_U2,
20231018_04_04,True,True,False,True,auxiliary_pretraining_candidate,remains_non_strict_U2,
20231018_07_03,True,True,False,True,auxiliary_pretraining_candidate,remains_non_strict_U2,
20231018_10_02,True,True,False,True,auxiliary_pretraining_candidate,remains_non_strict_U2,
20231018_11_07,True,True,False,True,auxiliary_pretraining_candidate,remains_non_strict_U2,
20231018_12_05,True,True,False,True,auxiliary_pretraining_candidate,remains_non_strict_U2,
20231018_15_05,True,True,False,True,auxiliary_pretraining_candidate,remains_non_strict_U2,
20231018_15_12,True,True,False,True,auxiliary_pretraining_candidate,remains_non_strict_U2,
20231018_17_02,True,True,False,True,auxiliary_pretraining_candidate,remains_non_strict_U2,
20231019_05_10,True,True,False,True,auxiliary_pretraining_candidate,remains_non_strict_U2,
20231019_07_04,True,True,False,True,auxiliary_pretraining_candidate,remains_non_strict_U2,
20231019_10_12,True,True,False,True,auxiliary_pretraining_candidate,remains_non_strict_U2,
20231019_11_07,True,True,False,True,auxiliary_pretraining_candidate,remains_non_strict_U2,
20231019_15_06,True,True,False,True,auxiliary_pretraining_candidate,remains_non_strict_U2,
20231019_15_10,True,True,False,True,auxiliary_pretraining_candidate,remains_non_strict_U2,
20231019_23_11,True,True,False,True,auxiliary_pretraining_candidate,remains_non_strict_U2,
20231019_24_01,True,True,False,True,auxiliary_pretraining_candidate,remains_non_strict_U2,
20231020_02_05,True,True,False,True,auxiliary_pretraining_candidate,remains_non_strict_U2,
20231020_04_10,True,True,False,True,auxiliary_pretraining_candidate,remains_non_strict_U2,
20231020_05_01,True,True,False,True,auxiliary_pretraining_candidate,remains_non_strict_U2,
20231020_10_11,True,True,False,True,auxiliary_pretraining_candidate,remains_non_strict_U2,
20231020_15_07,True,True,False,True,auxiliary_pretraining_candidate,remains_non_strict_U2,
20231020_17_11,True,True,False,True,auxiliary_pretraining_candidate,remains_non_strict_U2,
20231021_01_03,True,True,False,True,auxiliary_pretraining_candidate,remains_non_strict_U2,
20231021_02_12,True,True,False,True,auxiliary_pretraining_candidate,remains_non_strict_U2,
20231021_03_02,True,True,False,True,auxiliary_pretraining_candidate,remains_non_strict_U2,
20231021_08_04,True,True,False,True,auxiliary_pretraining_candidate,remains_non_strict_U2,
20231021_08_10,True,True,False,True,auxiliary_pretraining_candidate,remains_non_strict_U2,
20231021_14_01,True,True,False,True,auxiliary_pretraining_candidate,remains_non_strict_U2,
20231021_14_09,True,True,False,True,auxiliary_pretraining_candidate,remains_non_strict_U2,
20231021_15_10,True,True,False,True,auxiliary_pretraining_candidate,remains_non_strict_U2,
20231021_15_11,True,True,False,True,auxiliary_pretraining_candidate,remains_non_strict_U2,
20231021_15_12,True,True,False,True,auxiliary_pretraining_candidate,remains_non_strict_U2,
20231021_19_01,True,True,False,True,auxiliary_pretraining_candidate,remains_non_strict_U2,
20231021_24_01,True,True,False,True,auxiliary_pretraining_candidate,remains_non_strict_U2,
20231021_24_07,True,True,False,True,auxiliary_pretraining_candidate,remains_non_strict_U2,
20231021_24_08,True,True,False,True,auxiliary_pretraining_candidate,remains_non_strict_U2,
20231022_02_03,True,True,False,True,auxiliary_pretraining_candidate,remains_non_strict_U2,
20231022_03_02,True,True,False,True,auxiliary_pretraining_candidate,remains_non_strict_U2,
20231022_03_05,True,True,False,True,auxiliary_pretraining_candidate,remains_non_strict_U2,
20231022_03_12,True,True,False,True,auxiliary_pretraining_candidate,remains_non_strict_U2,
20231022_08_02,True,True,False,True,auxiliary_pretraining_candidate,remains_non_strict_U2,
20231022_21_09,True,True,False,True,auxiliary_pretraining_candidate,remains_non_strict_U2,
20231022_24_01,True,True,False,True,auxiliary_pretraining_candidate,remains_non_strict_U2,
20231023_03_03,True,True,False,True,auxiliary_pretraining_candidate,remains_non_strict_U2,
20231023_14_04,True,True,False,True,auxiliary_pretraining_candidate,remains_non_strict_U2,
20231023_15_06,True,True,False,True,auxiliary_pretraining_candidate,remains_non_strict_U2,
20231023_15_07,True,True,False,True,auxiliary_pretraining_candidate,remains_non_strict_U2,
20231023_15_11,True,True,False,True,auxiliary_pretraining_candidate,remains_non_strict_U2,
20231023_16_03,True,True,False,True,auxiliary_pretraining_candidate,remains_non_strict_U2,
20231023_16_10,True,True,False,True,auxiliary_pretraining_candidate,remains_non_strict_U2,
20231023_21_05,True,True,False,True,auxiliary_pretraining_candidate,remains_non_strict_U2,
20231023_22_08,True,True,False,True,auxiliary_pretraining_candidate,remains_non_strict_U2,
20231024_03_01,True,True,False,True,auxiliary_pretraining_candidate,remains_non_strict_U2,
20231024_03_08,True,True,False,True,auxiliary_pretraining_candidate,remains_non_strict_U2,
20231024_08_04,True,True,False,True,auxiliary_pretraining_candidate,remains_non_strict_U2,
20231024_21_01,True,True,False,True,auxiliary_pretraining_candidate,remains_non_strict_U2,
20231024_21_03,True,True,False,True,auxiliary_pretraining_candidate,remains_non_strict_U2,
20231024_21_05,True,True,False,True,auxiliary_pretraining_candidate,remains_non_strict_U2,
20231025_05_02,True,True,False,True,auxiliary_pretraining_candidate,remains_non_strict_U2,
20231025_11_12,True,True,False,True,auxiliary_pretraining_candidate,remains_non_strict_U2,
20231025_16_07,True,True,False,True,auxiliary_pretraining_candidate,remains_non_strict_U2,
20231025_18_05,True,True,False,True,auxiliary_pretraining_candidate,remains_non_strict_U2,
20231025_19_09,True,True,False,True,auxiliary_pretraining_candidate,remains_non_strict_U2,
20231025_20_01,True,True,False,True,auxiliary_pretraining_candidate,remains_non_strict_U2,
20231025_20_10,True,True,False,True,auxiliary_pretraining_candidate,remains_non_strict_U2,
20231025_21_12,True,True,False,True,auxiliary_pretraining_candidate,remains_non_strict_U2,
20231025_22_04,True,True,False,True,auxiliary_pretraining_candidate,remains_non_strict_U2,
20231025_22_05,True,True,False,True,auxiliary_pretraining_candidate,remains_non_strict_U2,
20231026_05_06,True,True,False,True,auxiliary_pretraining_candidate,remains_non_strict_U2,
20231026_07_04,True,True,False,True,auxiliary_pretraining_candidate,remains_non_strict_U2,
20231027_07_01,True,True,False,True,auxiliary_pretraining_candidate,remains_non_strict_U2,
20231027_15_01,True,True,False,True,auxiliary_pretraining_candidate,remains_non_strict_U2,
20231027_15_04,True,True,False,True,auxiliary_pretraining_candidate,remains_non_strict_U2,
20231027_15_12,True,True,False,True,auxiliary_pretraining_candidate,remains_non_strict_U2,
20231027_16_01,True,True,False,True,auxiliary_pretraining_candidate,remains_non_strict_U2,
20231027_22_03,True,True,False,True,auxiliary_pretraining_candidate,remains_non_strict_U2,
20231027_22_08,True,True,False,True,auxiliary_pretraining_candidate,remains_non_strict_U2,
20231028_05_03,True,True,False,True,auxiliary_pretraining_candidate,remains_non_strict_U2,
20231028_07_07,True,True,False,True,auxiliary_pretraining_candidate,remains_non_strict_U2,
20231028_08_01,True,True,False,True,auxiliary_pretraining_candidate,remains_non_strict_U2,
20231028_11_06,True,True,False,True,auxiliary_pretraining_candidate,remains_non_strict_U2,
20231028_15_02,True,True,False,True,auxiliary_pretraining_candidate,remains_non_strict_U2,
20231028_15_04,True,True,False,True,auxiliary_pretraining_candidate,remains_non_strict_U2,
20231028_15_11,True,True,False,True,auxiliary_pretraining_candidate,remains_non_strict_U2,
20231028_16_01,True,True,False,True,auxiliary_pretraining_candidate,remains_non_strict_U2,
20231028_16_09,True,True,False,True,auxiliary_pretraining_candidate,remains_non_strict_U2,
20231028_17_11,True,True,False,True,auxiliary_pretraining_candidate,remains_non_strict_U2,
20231029_02_06,True,True,False,True,auxiliary_pretraining_candidate,remains_non_strict_U2,
20231029_05_11,True,True,False,True,auxiliary_pretraining_candidate,remains_non_strict_U2,
20231029_11_02,True,True,False,True,auxiliary_pretraining_candidate,remains_non_strict_U2,
20231029_15_05,True,True,False,True,auxiliary_pretraining_candidate,remains_non_strict_U2,
20231029_17_12,True,True,False,True,auxiliary_pretraining_candidate,remains_non_strict_U2,
20231029_23_05,True,True,False,True,auxiliary_pretraining_candidate,remains_non_strict_U2,
20231030_10_04,True,True,False,True,auxiliary_pretraining_candidate,remains_non_strict_U2,
20231030_14_01,True,True,False,True,auxiliary_pretraining_candidate,remains_non_strict_U2,
20231030_14_12,True,True,False,True,auxiliary_pretraining_candidate,remains_non_strict_U2,
20231030_17_02,True,True,False,True,auxiliary_pretraining_candidate,remains_non_strict_U2,
20231031_14_02,True,True,False,True,auxiliary_pretraining_candidate,remains_non_strict_U2,
20231031_22_12,True,True,False,True,auxiliary_pretraining_candidate,remains_non_strict_U2,
20231031_24_04,True,True,False,True,auxiliary_pretraining_candidate,remains_non_strict_U2,
20231101_01_10,True,True,False,True,auxiliary_pretraining_candidate,remains_non_strict_U2,
20231101_03_05,True,True,False,True,auxiliary_pretraining_candidate,remains_non_strict_U2,
20231101_13_09,True,True,False,True,auxiliary_pretraining_candidate,remains_non_strict_U2,
20231101_13_12,True,True,False,True,auxiliary_pretraining_candidate,remains_non_strict_U2,
20231101_21_08,True,True,False,True,auxiliary_pretraining_candidate,remains_non_strict_U2,
20231101_22_12,True,True,False,True,auxiliary_pretraining_candidate,remains_non_strict_U2,
20231102_03_01,True,True,False,True,auxiliary_pretraining_candidate,remains_non_strict_U2,
20231102_14_01,True,True,False,True,auxiliary_pretraining_candidate,remains_non_strict_U2,
20231102_14_04,True,True,False,True,auxiliary_pretraining_candidate,remains_non_strict_U2,
20231102_14_07,True,True,False,True,auxiliary_pretraining_candidate,remains_non_strict_U2,
20231102_21_05,True,True,False,True,auxiliary_pretraining_candidate,remains_non_strict_U2,
20231103_01_02,True,True,False,True,auxiliary_pretraining_candidate,remains_non_strict_U2,
20231103_01_08,True,True,False,True,auxiliary_pretraining_candidate,remains_non_strict_U2,
20231103_03_06,True,True,False,True,auxiliary_pretraining_candidate,remains_non_strict_U2,
20231103_08_06,True,True,False,True,auxiliary_pretraining_candidate,remains_non_strict_U2,
20231103_10_10,True,True,False,True,auxiliary_pretraining_candidate,remains_non_strict_U2,
20231103_13_08,True,True,False,True,auxiliary_pretraining_candidate,remains_non_strict_U2,
20231103_20_12,True,True,False,True,auxiliary_pretraining_candidate,remains_non_strict_U2,
20231103_21_01,True,True,False,True,auxiliary_pretraining_candidate,remains_non_strict_U2,
20231103_21_07,True,True,False,True,auxiliary_pretraining_candidate,remains_non_strict_U2,
20231104_03_02,True,True,False,True,auxiliary_pretraining_candidate,remains_non_strict_U2,
20231104_03_04,True,True,False,True,auxiliary_pretraining_candidate,remains_non_strict_U2,
20231104_12_04,True,True,False,True,auxiliary_pretraining_candidate,remains_non_strict_U2,
20231104_16_03,True,True,False,True,auxiliary_pretraining_candidate,remains_non_strict_U2,
20231104_16_10,True,True,False,True,auxiliary_pretraining_candidate,remains_non_strict_U2,
20231104_21_12,True,True,False,True,auxiliary_pretraining_candidate,remains_non_strict_U2,
20231104_22_06,True,True,False,True,auxiliary_pretraining_candidate,remains_non_strict_U2,
20231105_03_03,True,True,False,True,auxiliary_pretraining_candidate,remains_non_strict_U2,
20231105_08_03,True,True,False,True,auxiliary_pretraining_candidate,remains_non_strict_U2,
20231105_10_06,True,True,False,True,auxiliary_pretraining_candidate,remains_non_strict_U2,
20231105_10_07,True,True,False,True,auxiliary_pretraining_candidate,remains_non_strict_U2,
20231105_11_10,True,True,False,True,auxiliary_pretraining_candidate,remains_non_strict_U2,
20231105_13_11,True,True,False,True,auxiliary_pretraining_candidate,remains_non_strict_U2,
20231105_21_05,True,True,False,True,auxiliary_pretraining_candidate,remains_non_strict_U2,
20231106_03_07,True,True,False,True,auxiliary_pretraining_candidate,remains_non_strict_U2,
20231106_03_08,True,True,False,True,auxiliary_pretraining_candidate,remains_non_strict_U2,
20231106_13_04,True,True,False,True,auxiliary_pretraining_candidate,remains_non_strict_U2,
20231106_14_10,True,True,False,True,auxiliary_pretraining_candidate,remains_non_strict_U2,
20231106_14_12,True,True,False,True,auxiliary_pretraining_candidate,remains_non_strict_U2,
20231106_16_03,True,True,False,True,auxiliary_pretraining_candidate,remains_non_strict_U2,
20231107_07_02,True,True,False,True,auxiliary_pretraining_candidate,remains_non_strict_U2,
20231107_07_06,True,True,False,True,auxiliary_pretraining_candidate,remains_non_strict_U2,
20231107_10_02,True,True,False,True,auxiliary_pretraining_candidate,remains_non_strict_U2,
20231107_10_03,True,True,False,True,auxiliary_pretraining_candidate,remains_non_strict_U2,
20231107_11_10,True,True,False,True,auxiliary_pretraining_candidate,remains_non_strict_U2,
20231107_14_07,True,True,False,True,auxiliary_pretraining_candidate,remains_non_strict_U2,
20231107_14_10,True,True,False,True,auxiliary_pretraining_candidate,remains_non_strict_U2,
20231107_15_09,True,True,False,True,auxiliary_pretraining_candidate,remains_non_strict_U2,
20231107_20_08,True,True,False,True,auxiliary_pretraining_candidate,remains_non_strict_U2,
20231108_02_03,True,True,False,True,auxiliary_pretraining_candidate,remains_non_strict_U2,
20231108_02_08,True,True,False,True,auxiliary_pretraining_candidate,remains_non_strict_U2,
20231108_05_01,True,True,False,True,auxiliary_pretraining_candidate,remains_non_strict_U2,
20231108_07_08,True,True,False,True,auxiliary_pretraining_candidate,remains_non_strict_U2,
20231108_07_12,True,True,False,True,auxiliary_pretraining_candidate,remains_non_strict_U2,
20231108_10_09,True,True,False,True,auxiliary_pretraining_candidate,remains_non_strict_U2,
20231108_11_11,True,True,False,True,auxiliary_pretraining_candidate,remains_non_strict_U2,
20231108_11_12,True,True,False,True,auxiliary_pretraining_candidate,remains_non_strict_U2,
20231108_15_09,True,True,False,True,auxiliary_pretraining_candidate,remains_non_strict_U2,
20231108_17_03,True,True,False,True,auxiliary_pretraining_candidate,remains_non_strict_U2,
20231108_17_09,True,True,False,True,auxiliary_pretraining_candidate,remains_non_strict_U2,
20231109_02_08,True,True,False,True,auxiliary_pretraining_candidate,remains_non_strict_U2,
20231109_04_09,True,True,False,True,auxiliary_pretraining_candidate,remains_non_strict_U2,
20231109_05_06,True,True,False,True,auxiliary_pretraining_candidate,remains_non_strict_U2,
20231109_07_07,True,True,False,True,auxiliary_pretraining_candidate,remains_non_strict_U2,
20231109_14_02,True,True,False,True,auxiliary_pretraining_candidate,remains_non_strict_U2,
20231109_15_09,True,True,False,True,auxiliary_pretraining_candidate,remains_non_strict_U2,
20231109_17_11,True,True,False,True,auxiliary_pretraining_candidate,remains_non_strict_U2,
20231109_19_05,True,True,False,True,auxiliary_pretraining_candidate,remains_non_strict_U2,
20231109_21_02,True,True,False,True,auxiliary_pretraining_candidate,remains_non_strict_U2,
20231110_05_05,True,True,False,True,auxiliary_pretraining_candidate,remains_non_strict_U2,
20231110_13_09,True,True,False,True,auxiliary_pretraining_candidate,remains_non_strict_U2,
20231110_15_02,True,True,False,True,auxiliary_pretraining_candidate,remains_non_strict_U2,
20231110_19_05,True,True,False,True,auxiliary_pretraining_candidate,remains_non_strict_U2,
20231111_02_04,True,True,False,True,auxiliary_pretraining_candidate,remains_non_strict_U2,
20231111_02_10,True,True,False,True,auxiliary_pretraining_candidate,remains_non_strict_U2,
20231111_04_02,True,True,False,True,auxiliary_pretraining_candidate,remains_non_strict_U2,
20231111_04_04,True,True,False,True,auxiliary_pretraining_candidate,remains_non_strict_U2,
20231111_04_05,True,True,False,True,auxiliary_pretraining_candidate,remains_non_strict_U2,
20231111_05_02,True,True,False,True,auxiliary_pretraining_candidate,remains_non_strict_U2,
20231111_07_12,True,True,False,True,auxiliary_pretraining_candidate,remains_non_strict_U2,
20231111_13_08,True,True,False,True,auxiliary_pretraining_candidate,remains_non_strict_U2,
20231111_14_10,True,True,False,True,auxiliary_pretraining_candidate,remains_non_strict_U2,
20231111_17_08,True,True,False,True,auxiliary_pretraining_candidate,remains_non_strict_U2,
20231111_19_05,True,True,False,True,auxiliary_pretraining_candidate,remains_non_strict_U2,
20231111_21_03,True,True,False,True,auxiliary_pretraining_candidate,remains_non_strict_U2,
20231112_02_05,True,True,False,True,auxiliary_pretraining_candidate,remains_non_strict_U2,
20231112_05_01,True,True,False,True,auxiliary_pretraining_candidate,remains_non_strict_U2,
20231112_17_02,True,True,False,True,auxiliary_pretraining_candidate,remains_non_strict_U2,
20231112_21_12,True,True,False,True,auxiliary_pretraining_candidate,remains_non_strict_U2,
20231112_22_05,True,True,False,True,auxiliary_pretraining_candidate,remains_non_strict_U2,
20231112_22_11,True,True,False,True,auxiliary_pretraining_candidate,remains_non_strict_U2,
20231113_04_08,True,True,False,True,auxiliary_pretraining_candidate,remains_non_strict_U2,
20231113_08_01,True,True,False,True,auxiliary_pretraining_candidate,remains_non_strict_U2,
20231113_10_01,True,True,False,True,auxiliary_pretraining_candidate,remains_non_strict_U2,
20231113_10_05,True,True,False,True,auxiliary_pretraining_candidate,remains_non_strict_U2,
20231113_10_10,True,True,False,True,auxiliary_pretraining_candidate,remains_non_strict_U2,
20231113_13_01,True,True,False,True,auxiliary_pretraining_candidate,remains_non_strict_U2,
20231113_15_02,True,True,False,True,auxiliary_pretraining_candidate,remains_non_strict_U2,
20231113_18_01,True,True,False,True,auxiliary_pretraining_candidate,remains_non_strict_U2,
20231113_18_05,True,True,False,True,auxiliary_pretraining_candidate,remains_non_strict_U2,
20231113_19_07,True,True,False,True,auxiliary_pretraining_candidate,remains_non_strict_U2,
20231113_19_11,True,True,False,True,auxiliary_pretraining_candidate,remains_non_strict_U2,
20231113_24_01,True,True,False,True,auxiliary_pretraining_candidate,remains_non_strict_U2,
20231113_24_11,True,True,False,True,auxiliary_pretraining_candidate,remains_non_strict_U2,
20231114_08_10,True,True,False,True,auxiliary_pretraining_candidate,remains_non_strict_U2,
20231114_10_01,True,True,False,True,auxiliary_pretraining_candidate,remains_non_strict_U2,
20231114_15_11,True,True,False,True,auxiliary_pretraining_candidate,remains_non_strict_U2,
20231114_18_04,True,True,False,True,auxiliary_pretraining_candidate,remains_non_strict_U2,
20231114_18_05,True,True,False,True,auxiliary_pretraining_candidate,remains_non_strict_U2,
20231114_19_03,True,True,False,True,auxiliary_pretraining_candidate,remains_non_strict_U2,
20231114_22_08,True,True,False,True,auxiliary_pretraining_candidate,remains_non_strict_U2,
20231114_22_10,True,True,False,True,auxiliary_pretraining_candidate,remains_non_strict_U2,
20231114_24_01,True,True,False,True,auxiliary_pretraining_candidate,remains_non_strict_U2,
20231115_03_04,True,True,False,True,auxiliary_pretraining_candidate,remains_non_strict_U2,
20231115_11_05,True,True,False,True,auxiliary_pretraining_candidate,remains_non_strict_U2,
20231115_13_04,True,True,False,True,auxiliary_pretraining_candidate,remains_non_strict_U2,
20231115_13_06,True,True,False,True,auxiliary_pretraining_candidate,remains_non_strict_U2,
20231115_15_01,True,True,False,True,auxiliary_pretraining_candidate,remains_non_strict_U2,
20231115_15_10,True,True,False,True,auxiliary_pretraining_candidate,remains_non_strict_U2,
20231115_18_10,True,True,False,True,auxiliary_pretraining_candidate,remains_non_strict_U2,
20231116_02_02,True,True,False,True,auxiliary_pretraining_candidate,remains_non_strict_U2,
20231116_02_06,True,True,False,True,auxiliary_pretraining_candidate,remains_non_strict_U2,
20231116_02_11,True,True,False,True,auxiliary_pretraining_candidate,remains_non_strict_U2,
20231116_03_10,True,True,False,True,auxiliary_pretraining_candidate,remains_non_strict_U2,
20231116_15_02,True,True,False,True,auxiliary_pretraining_candidate,remains_non_strict_U2,
20231117_03_08,True,True,False,True,auxiliary_pretraining_candidate,remains_non_strict_U2,
20231117_03_11,True,True,False,True,auxiliary_pretraining_candidate,remains_non_strict_U2,
20231117_07_12,True,True,False,True,auxiliary_pretraining_candidate,remains_non_strict_U2,
20231117_08_07,True,True,False,True,auxiliary_pretraining_candidate,remains_non_strict_U2,
20231117_11_03,True,True,False,True,auxiliary_pretraining_candidate,remains_non_strict_U2,
20231117_14_11,True,True,False,True,auxiliary_pretraining_candidate,remains_non_strict_U2,
20231117_15_09,True,True,False,True,auxiliary_pretraining_candidate,remains_non_strict_U2,
20231117_18_01,True,True,False,True,auxiliary_pretraining_candidate,remains_non_strict_U2,
20231117_18_02,True,True,False,True,auxiliary_pretraining_candidate,remains_non_strict_U2,
20231118_01_10,True,True,False,True,auxiliary_pretraining_candidate,remains_non_strict_U2,
20231118_02_06,True,True,False,True,auxiliary_pretraining_candidate,remains_non_strict_U2,
20231118_02_12,True,True,False,True,auxiliary_pretraining_candidate,remains_non_strict_U2,
20231118_07_05,True,True,False,True,auxiliary_pretraining_candidate,remains_non_strict_U2,
20231118_14_01,True,True,False,True,auxiliary_pretraining_candidate,remains_non_strict_U2,
20231118_14_10,True,True,False,True,auxiliary_pretraining_candidate,remains_non_strict_U2,
20231118_14_12,True,True,False,True,auxiliary_pretraining_candidate,remains_non_strict_U2,
20231118_21_05,True,True,False,True,auxiliary_pretraining_candidate,remains_non_strict_U2,
20231119_01_01,True,True,False,True,auxiliary_pretraining_candidate,remains_non_strict_U2,
20231119_01_04,True,True,False,True,auxiliary_pretraining_candidate,remains_non_strict_U2,
20231119_02_03,True,True,False,True,auxiliary_pretraining_candidate,remains_non_strict_U2,
20231119_04_08,True,True,False,True,auxiliary_pretraining_candidate,remains_non_strict_U2,
20231119_14_10,True,True,False,True,auxiliary_pretraining_candidate,remains_non_strict_U2,
20231119_21_04,True,True,False,True,auxiliary_pretraining_candidate,remains_non_strict_U2,
20231119_24_08,True,True,False,True,auxiliary_pretraining_candidate,remains_non_strict_U2,
20231120_02_01,True,True,False,True,auxiliary_pretraining_candidate,remains_non_strict_U2,
20231120_02_12,True,True,False,True,auxiliary_pretraining_candidate,remains_non_strict_U2,
20231120_03_02,True,True,False,True,auxiliary_pretraining_candidate,remains_non_strict_U2,
20231120_04_10,True,True,False,True,auxiliary_pretraining_candidate,remains_non_strict_U2,
20231120_07_06,True,True,False,True,auxiliary_pretraining_candidate,remains_non_strict_U2,
20231120_11_07,True,True,False,True,auxiliary_pretraining_candidate,remains_non_strict_U2,
20231120_20_06,True,True,False,True,auxiliary_pretraining_candidate,remains_non_strict_U2,
20231120_24_05,True,True,False,True,auxiliary_pretraining_candidate,remains_non_strict_U2,
20231121_02_01,True,True,False,True,auxiliary_pretraining_candidate,remains_non_strict_U2,
20231121_03_03,True,True,False,True,auxiliary_pretraining_candidate,remains_non_strict_U2,
20231121_08_03,True,True,False,True,auxiliary_pretraining_candidate,remains_non_strict_U2,
20231121_10_10,True,True,False,True,auxiliary_pretraining_candidate,remains_non_strict_U2,
20231121_10_12,True,True,False,True,auxiliary_pretraining_candidate,remains_non_strict_U2,
20231121_15_02,True,True,False,True,auxiliary_pretraining_candidate,remains_non_strict_U2,
20231121_23_05,True,True,False,True,auxiliary_pretraining_candidate,remains_non_strict_U2,
20231121_23_08,True,True,False,True,auxiliary_pretraining_candidate,remains_non_strict_U2,
20231122_10_07,True,True,False,True,auxiliary_pretraining_candidate,remains_non_strict_U2,
20231122_17_03,True,True,False,True,auxiliary_pretraining_candidate,remains_non_strict_U2,
20231122_17_07,True,True,False,True,auxiliary_pretraining_candidate,remains_non_strict_U2,
20231122_20_01,True,True,False,True,auxiliary_pretraining_candidate,remains_non_strict_U2,
20231122_22_08,True,True,False,True,auxiliary_pretraining_candidate,remains_non_strict_U2,
20231122_23_09,True,True,False,True,auxiliary_pretraining_candidate,remains_non_strict_U2,
20231123_01_10,True,True,False,True,auxiliary_pretraining_candidate,remains_non_strict_U2,
20231123_04_10,True,True,False,True,auxiliary_pretraining_candidate,remains_non_strict_U2,
20231123_06_04,True,True,False,True,auxiliary_pretraining_candidate,remains_non_strict_U2,
20231123_06_11,True,True,False,True,auxiliary_pretraining_candidate,remains_non_strict_U2,
20231123_08_01,True,True,False,True,auxiliary_pretraining_candidate,remains_non_strict_U2,
20231123_10_05,True,True,False,True,auxiliary_pretraining_candidate,remains_non_strict_U2,
20231123_22_02,True,True,False,True,auxiliary_pretraining_candidate,remains_non_strict_U2,
20231123_22_08,True,True,False,True,auxiliary_pretraining_candidate,remains_non_strict_U2,
20231123_23_02,True,True,False,True,auxiliary_pretraining_candidate,remains_non_strict_U2,
20231123_24_02,True,True,False,True,auxiliary_pretraining_candidate,remains_non_strict_U2,
20231124_08_04,True,True,False,True,auxiliary_pretraining_candidate,remains_non_strict_U2,
20231124_08_09,True,True,False,True,auxiliary_pretraining_candidate,remains_non_strict_U2,
20231124_10_11,True,True,False,True,auxiliary_pretraining_candidate,remains_non_strict_U2,
20231124_18_10,True,True,False,True,auxiliary_pretraining_candidate,remains_non_strict_U2,
20231124_24_08,True,True,False,True,auxiliary_pretraining_candidate,remains_non_strict_U2,
20231125_01_11,True,True,False,True,auxiliary_pretraining_candidate,remains_non_strict_U2,
20231125_06_09,True,True,False,True,auxiliary_pretraining_candidate,remains_non_strict_U2,
20231125_06_11,True,True,False,True,auxiliary_pretraining_candidate,remains_non_strict_U2,
20231125_15_12,True,True,False,True,auxiliary_pretraining_candidate,remains_non_strict_U2,
20231125_17_09,True,True,False,True,auxiliary_pretraining_candidate,remains_non_strict_U2,
20231125_21_04,True,True,False,True,auxiliary_pretraining_candidate,remains_non_strict_U2,
20231125_21_10,True,True,False,True,auxiliary_pretraining_candidate,remains_non_strict_U2,
20231126_01_07,True,True,False,True,auxiliary_pretraining_candidate,remains_non_strict_U2,
20231126_02_01,True,True,False,True,auxiliary_pretraining_candidate,remains_non_strict_U2,
20231126_05_01,True,True,False,True,auxiliary_pretraining_candidate,remains_non_strict_U2,
20231126_06_03,True,True,False,True,auxiliary_pretraining_candidate,remains_non_strict_U2,
20231126_07_08,True,True,False,True,auxiliary_pretraining_candidate,remains_non_strict_U2,
20231126_15_03,True,True,False,True,auxiliary_pretraining_candidate,remains_non_strict_U2,
20231126_19_06,True,True,False,True,auxiliary_pretraining_candidate,remains_non_strict_U2,
20231126_21_01,True,True,False,True,auxiliary_pretraining_candidate,remains_non_strict_U2,
20231127_04_03,True,True,False,True,auxiliary_pretraining_candidate,remains_non_strict_U2,
20231127_05_01,True,True,False,True,auxiliary_pretraining_candidate,remains_non_strict_U2,
20231127_06_06,True,True,False,True,auxiliary_pretraining_candidate,remains_non_strict_U2,
20231127_06_12,True,True,False,True,auxiliary_pretraining_candidate,remains_non_strict_U2,
20231127_12_01,True,True,False,True,auxiliary_pretraining_candidate,remains_non_strict_U2,
20231127_18_03,True,True,False,True,auxiliary_pretraining_candidate,remains_non_strict_U2,
20231127_18_04,True,True,False,True,auxiliary_pretraining_candidate,remains_non_strict_U2,
20231128_04_05,True,True,False,True,auxiliary_pretraining_candidate,remains_non_strict_U2,
20231128_05_02,True,True,False,True,auxiliary_pretraining_candidate,remains_non_strict_U2,
20231128_06_01,True,True,False,True,auxiliary_pretraining_candidate,remains_non_strict_U2,
20231128_07_01,True,True,False,True,auxiliary_pretraining_candidate,remains_non_strict_U2,
20231128_12_01,True,True,False,True,auxiliary_pretraining_candidate,remains_non_strict_U2,
20231128_18_06,True,True,False,True,auxiliary_pretraining_candidate,remains_non_strict_U2,
20231128_19_05,True,True,False,True,auxiliary_pretraining_candidate,remains_non_strict_U2,
20231128_19_07,True,True,False,True,auxiliary_pretraining_candidate,remains_non_strict_U2,
20231129_02_08,True,True,False,True,auxiliary_pretraining_candidate,remains_non_strict_U2,
20231129_07_11,True,True,False,True,auxiliary_pretraining_candidate,remains_non_strict_U2,
20231129_21_01,True,True,False,True,auxiliary_pretraining_candidate,remains_non_strict_U2,
20231129_23_05,True,True,False,True,auxiliary_pretraining_candidate,remains_non_strict_U2,
20231130_03_01,True,True,False,True,auxiliary_pretraining_candidate,remains_non_strict_U2,
20231130_03_06,True,True,False,True,auxiliary_pretraining_candidate,remains_non_strict_U2,
20231130_08_04,True,True,False,True,auxiliary_pretraining_candidate,remains_non_strict_U2,
20231130_08_08,True,True,False,True,auxiliary_pretraining_candidate,remains_non_strict_U2,
20231130_08_12,True,True,False,True,auxiliary_pretraining_candidate,remains_non_strict_U2,
20231130_12_01,True,True,False,True,auxiliary_pretraining_candidate,remains_non_strict_U2,
20231130_15_06,True,True,False,True,auxiliary_pretraining_candidate,remains_non_strict_U2,
20231130_17_07,True,True,False,True,auxiliary_pretraining_candidate,remains_non_strict_U2,
20231130_17_09,True,True,False,True,auxiliary_pretraining_candidate,remains_non_strict_U2,
20231130_17_12,True,True,False,True,auxiliary_pretraining_candidate,remains_non_strict_U2,
20231130_19_10,True,True,False,True,auxiliary_pretraining_candidate,remains_non_strict_U2,
20231130_21_07,True,True,False,True,auxiliary_pretraining_candidate,remains_non_strict_U2,
20231130_21_08,True,True,False,True,auxiliary_pretraining_candidate,remains_non_strict_U2,
20231130_23_05,True,True,False,True,auxiliary_pretraining_candidate,remains_non_strict_U2,
20231201_03_06,True,True,False,True,auxiliary_pretraining_candidate,remains_non_strict_U2,
20231201_10_10,True,True,False,True,auxiliary_pretraining_candidate,remains_non_strict_U2,
20231201_14_10,True,True,False,True,auxiliary_pretraining_candidate,remains_non_strict_U2,
20231201_15_04,True,True,False,True,auxiliary_pretraining_candidate,remains_non_strict_U2,
20231201_17_07,True,True,False,True,auxiliary_pretraining_candidate,remains_non_strict_U2,
20231201_18_12,True,True,False,True,auxiliary_pretraining_candidate,remains_non_strict_U2,
20231201_19_03,True,True,False,True,auxiliary_pretraining_candidate,remains_non_strict_U2,
20231201_24_06,True,True,False,True,auxiliary_pretraining_candidate,remains_non_strict_U2,
20231202_02_05,True,True,False,True,auxiliary_pretraining_candidate,remains_non_strict_U2,
20231202_03_07,True,True,False,True,auxiliary_pretraining_candidate,remains_non_strict_U2,
20231202_08_12,True,True,False,True,auxiliary_pretraining_candidate,remains_non_strict_U2,
20231202_10_04,True,True,False,True,auxiliary_pretraining_candidate,remains_non_strict_U2,
20231202_10_10,True,True,False,True,auxiliary_pretraining_candidate,remains_non_strict_U2,
20231202_14_02,True,True,False,True,auxiliary_pretraining_candidate,remains_non_strict_U2,
20231202_15_04,True,True,False,True,auxiliary_pretraining_candidate,remains_non_strict_U2,
20231202_16_11,True,True,False,True,auxiliary_pretraining_candidate,remains_non_strict_U2,
20231202_17_01,True,True,False,True,auxiliary_pretraining_candidate,remains_non_strict_U2,
20231202_24_04,True,True,False,True,auxiliary_pretraining_candidate,remains_non_strict_U2,
20231203_07_05,True,True,False,True,auxiliary_pretraining_candidate,remains_non_strict_U2,
20231203_08_11,True,True,False,True,auxiliary_pretraining_candidate,remains_non_strict_U2,
20231203_10_01,True,True,False,True,auxiliary_pretraining_candidate,remains_non_strict_U2,
20231203_16_07,True,True,False,True,auxiliary_pretraining_candidate,remains_non_strict_U2,
20231203_20_10,True,True,False,True,auxiliary_pretraining_candidate,remains_non_strict_U2,
20231204_02_07,True,True,False,True,auxiliary_pretraining_candidate,remains_non_strict_U2,
20231204_03_06,True,True,False,True,auxiliary_pretraining_candidate,remains_non_strict_U2,
20231204_03_09,True,True,False,True,auxiliary_pretraining_candidate,remains_non_strict_U2,
20231204_04_01,True,True,False,True,auxiliary_pretraining_candidate,remains_non_strict_U2,
20231204_04_08,True,True,False,True,auxiliary_pretraining_candidate,remains_non_strict_U2,
20231204_08_10,True,True,False,True,auxiliary_pretraining_candidate,remains_non_strict_U2,
20231204_16_01,True,True,False,True,auxiliary_pretraining_candidate,remains_non_strict_U2,
20231204_16_05,True,True,False,True,auxiliary_pretraining_candidate,remains_non_strict_U2,
20231204_18_06,True,True,False,True,auxiliary_pretraining_candidate,remains_non_strict_U2,
20231204_18_12,True,True,False,True,auxiliary_pretraining_candidate,remains_non_strict_U2,
20231204_19_04,True,True,False,True,auxiliary_pretraining_candidate,remains_non_strict_U2,
20231204_23_10,True,True,False,True,auxiliary_pretraining_candidate,remains_non_strict_U2,
20231205_02_02,True,True,False,True,auxiliary_pretraining_candidate,remains_non_strict_U2,
20231205_02_09,True,True,False,True,auxiliary_pretraining_candidate,remains_non_strict_U2,
20231205_03_10,True,True,False,True,auxiliary_pretraining_candidate,remains_non_strict_U2,
20231205_07_12,True,True,False,True,auxiliary_pretraining_candidate,remains_non_strict_U2,
20231205_13_07,True,True,False,True,auxiliary_pretraining_candidate,remains_non_strict_U2,
20231205_14_07,True,True,False,True,auxiliary_pretraining_candidate,remains_non_strict_U2,
20231205_19_03,True,True,False,True,auxiliary_pretraining_candidate,remains_non_strict_U2,
20231205_19_06,True,True,False,True,auxiliary_pretraining_candidate,remains_non_strict_U2,
20231205_23_06,True,True,False,True,auxiliary_pretraining_candidate,remains_non_strict_U2,
20231206_04_10,True,True,False,True,auxiliary_pretraining_candidate,remains_non_strict_U2,
20231206_06_07,True,True,False,True,auxiliary_pretraining_candidate,remains_non_strict_U2,
20231206_07_01,True,True,False,True,auxiliary_pretraining_candidate,remains_non_strict_U2,
20231206_13_11,True,True,False,True,auxiliary_pretraining_candidate,remains_non_strict_U2,
20231206_20_08,True,True,False,True,auxiliary_pretraining_candidate,remains_non_strict_U2,
20231206_22_01,True,True,False,True,auxiliary_pretraining_candidate,remains_non_strict_U2,
20231206_22_07,True,True,False,True,auxiliary_pretraining_candidate,remains_non_strict_U2,
20231207_04_01,True,True,False,True,auxiliary_pretraining_candidate,remains_non_strict_U2,
20231207_05_11,True,True,False,True,auxiliary_pretraining_candidate,remains_non_strict_U2,
20231207_06_04,True,True,False,True,auxiliary_pretraining_candidate,remains_non_strict_U2,
20231207_06_10,True,True,False,True,auxiliary_pretraining_candidate,remains_non_strict_U2,
20231207_07_01,True,True,False,True,auxiliary_pretraining_candidate,remains_non_strict_U2,
20231207_07_11,True,True,False,True,auxiliary_pretraining_candidate,remains_non_strict_U2,
20231207_10_05,True,True,False,True,auxiliary_pretraining_candidate,remains_non_strict_U2,
20231207_13_08,True,True,False,True,auxiliary_pretraining_candidate,remains_non_strict_U2,
20231207_15_03,True,True,False,True,auxiliary_pretraining_candidate,remains_non_strict_U2,
20231207_15_09,True,True,False,True,auxiliary_pretraining_candidate,remains_non_strict_U2,
20231207_19_10,True,True,False,True,auxiliary_pretraining_candidate,remains_non_strict_U2,
20231207_24_03,True,True,False,True,auxiliary_pretraining_candidate,remains_non_strict_U2,
20231207_24_09,True,True,False,True,auxiliary_pretraining_candidate,remains_non_strict_U2,
20231208_04_06,True,True,False,True,auxiliary_pretraining_candidate,remains_non_strict_U2,
20231208_04_09,True,True,False,True,auxiliary_pretraining_candidate,remains_non_strict_U2,
20231208_10_06,True,True,False,True,auxiliary_pretraining_candidate,remains_non_strict_U2,
20231208_10_07,True,True,False,True,auxiliary_pretraining_candidate,remains_non_strict_U2,
20231208_13_05,True,True,False,True,auxiliary_pretraining_candidate,remains_non_strict_U2,
20231208_15_02,True,True,False,True,auxiliary_pretraining_candidate,remains_non_strict_U2,
20231208_17_12,True,True,False,True,auxiliary_pretraining_candidate,remains_non_strict_U2,
20231208_19_03,True,True,False,True,auxiliary_pretraining_candidate,remains_non_strict_U2,
20231208_20_08,True,True,False,True,auxiliary_pretraining_candidate,remains_non_strict_U2,
20231208_20_12,True,True,False,True,auxiliary_pretraining_candidate,remains_non_strict_U2,
20231208_21_11,True,True,False,True,auxiliary_pretraining_candidate,remains_non_strict_U2,
20231209_01_01,True,True,False,True,auxiliary_pretraining_candidate,remains_non_strict_U2,
20231209_03_10,True,True,False,True,auxiliary_pretraining_candidate,remains_non_strict_U2,
20231209_04_03,True,True,False,True,auxiliary_pretraining_candidate,remains_non_strict_U2,
20231209_05_01,True,True,False,True,auxiliary_pretraining_candidate,remains_non_strict_U2,
20231209_05_08,True,True,False,True,auxiliary_pretraining_candidate,remains_non_strict_U2,
20231209_19_02,True,True,False,True,auxiliary_pretraining_candidate,remains_non_strict_U2,
20231209_19_10,True,True,False,True,auxiliary_pretraining_candidate,remains_non_strict_U2,
20231209_21_04,True,True,False,True,auxiliary_pretraining_candidate,remains_non_strict_U2,
20231209_24_04,True,True,False,True,auxiliary_pretraining_candidate,remains_non_strict_U2,
20231210_01_03,True,True,False,True,auxiliary_pretraining_candidate,remains_non_strict_U2,
20231210_01_10,True,True,False,True,auxiliary_pretraining_candidate,remains_non_strict_U2,
20231210_02_05,True,True,False,True,auxiliary_pretraining_candidate,remains_non_strict_U2,
20231210_02_06,True,True,False,True,auxiliary_pretraining_candidate,remains_non_strict_U2,
20231210_03_01,True,True,False,True,auxiliary_pretraining_candidate,remains_non_strict_U2,
20231210_06_09,True,True,False,True,auxiliary_pretraining_candidate,remains_non_strict_U2,
20231210_10_12,True,True,False,True,auxiliary_pretraining_candidate,remains_non_strict_U2,
20231210_15_02,True,True,False,True,auxiliary_pretraining_candidate,remains_non_strict_U2,
20231210_16_09,True,True,False,True,auxiliary_pretraining_candidate,remains_non_strict_U2,
20231210_17_11,True,True,False,True,auxiliary_pretraining_candidate,remains_non_strict_U2,
20231210_17_12,True,True,False,True,auxiliary_pretraining_candidate,remains_non_strict_U2,
20231210_18_01,True,True,False,True,auxiliary_pretraining_candidate,remains_non_strict_U2,
20231210_18_06,True,True,False,True,auxiliary_pretraining_candidate,remains_non_strict_U2,
20231210_21_07,True,True,False,True,auxiliary_pretraining_candidate,remains_non_strict_U2,
20231210_21_11,True,True,False,True,auxiliary_pretraining_candidate,remains_non_strict_U2,
20231211_01_01,True,True,False,True,auxiliary_pretraining_candidate,remains_non_strict_U2,
20231211_01_02,True,True,False,True,auxiliary_pretraining_candidate,remains_non_strict_U2,
20231211_03_07,True,True,False,True,auxiliary_pretraining_candidate,remains_non_strict_U2,
20231211_12_10,True,True,False,True,auxiliary_pretraining_candidate,remains_non_strict_U2,
20231211_22_01,True,True,False,True,auxiliary_pretraining_candidate,remains_non_strict_U2,
20231211_22_12,True,True,False,True,auxiliary_pretraining_candidate,remains_non_strict_U2,
20231212_01_02,True,True,False,True,auxiliary_pretraining_candidate,remains_non_strict_U2,
20231212_01_04,True,True,False,True,auxiliary_pretraining_candidate,remains_non_strict_U2,
20231212_01_05,True,True,False,True,auxiliary_pretraining_candidate,remains_non_strict_U2,
20231212_03_09,True,True,False,True,auxiliary_pretraining_candidate,remains_non_strict_U2,
20231212_10_05,True,True,False,True,auxiliary_pretraining_candidate,remains_non_strict_U2,
20231212_10_12,True,True,False,True,auxiliary_pretraining_candidate,remains_non_strict_U2,
20231212_16_08,True,True,False,True,auxiliary_pretraining_candidate,remains_non_strict_U2,
20231212_18_02,True,True,False,True,auxiliary_pretraining_candidate,remains_non_strict_U2,
20231212_18_09,True,True,False,True,auxiliary_pretraining_candidate,remains_non_strict_U2,
20231212_19_04,True,True,False,True,auxiliary_pretraining_candidate,remains_non_strict_U2,
20231212_22_04,True,True,False,True,auxiliary_pretraining_candidate,remains_non_strict_U2,
20231212_23_05,True,True,False,True,auxiliary_pretraining_candidate,remains_non_strict_U2,
20231212_23_09,True,True,False,True,auxiliary_pretraining_candidate,remains_non_strict_U2,
20231213_01_04,True,True,False,True,auxiliary_pretraining_candidate,remains_non_strict_U2,
20231213_02_07,True,True,False,True,auxiliary_pretraining_candidate,remains_non_strict_U2,
20231213_13_12,True,True,False,True,auxiliary_pretraining_candidate,remains_non_strict_U2,
20231213_14_11,True,True,False,True,auxiliary_pretraining_candidate,remains_non_strict_U2,
20231213_15_02,True,True,False,True,auxiliary_pretraining_candidate,remains_non_strict_U2,
20231213_16_02,True,True,False,True,auxiliary_pretraining_candidate,remains_non_strict_U2,
20231213_18_10,True,True,False,True,auxiliary_pretraining_candidate,remains_non_strict_U2,
20231214_06_07,True,True,False,True,auxiliary_pretraining_candidate,remains_non_strict_U2,
20231214_13_09,True,True,False,True,auxiliary_pretraining_candidate,remains_non_strict_U2,
20231214_14_10,True,True,False,True,auxiliary_pretraining_candidate,remains_non_strict_U2,
20231214_16_07,True,True,False,True,auxiliary_pretraining_candidate,remains_non_strict_U2,
20231214_18_04,True,True,False,True,auxiliary_pretraining_candidate,remains_non_strict_U2,
20231214_18_08,True,True,False,True,auxiliary_pretraining_candidate,remains_non_strict_U2,
20231214_19_09,True,True,False,True,auxiliary_pretraining_candidate,remains_non_strict_U2,
20231215_07_08,True,True,False,True,auxiliary_pretraining_candidate,remains_non_strict_U2,
20231215_07_12,True,True,False,True,auxiliary_pretraining_candidate,remains_non_strict_U2,
20231215_14_04,True,True,False,True,auxiliary_pretraining_candidate,remains_non_strict_U2,
20231215_14_12,True,True,False,True,auxiliary_pretraining_candidate,remains_non_strict_U2,
20231215_15_10,True,True,False,True,auxiliary_pretraining_candidate,remains_non_strict_U2,
20231215_16_02,True,True,False,True,auxiliary_pretraining_candidate,remains_non_strict_U2,
20231215_18_02,True,True,False,True,auxiliary_pretraining_candidate,remains_non_strict_U2,
20231215_22_10,True,True,False,True,auxiliary_pretraining_candidate,remains_non_strict_U2,
20231215_23_07,True,True,False,True,auxiliary_pretraining_candidate,remains_non_strict_U2,
20231216_03_03,True,True,False,True,auxiliary_pretraining_candidate,remains_non_strict_U2,
20231216_03_05,True,True,False,True,auxiliary_pretraining_candidate,remains_non_strict_U2,
20231216_14_04,True,True,False,True,auxiliary_pretraining_candidate,remains_non_strict_U2,
20231216_14_10,True,True,False,True,auxiliary_pretraining_candidate,remains_non_strict_U2,
20231216_21_09,True,True,False,True,auxiliary_pretraining_candidate,remains_non_strict_U2,
20231216_21_10,True,True,False,True,auxiliary_pretraining_candidate,remains_non_strict_U2,
20231216_23_05,True,True,False,True,auxiliary_pretraining_candidate,remains_non_strict_U2,
20231216_24_03,True,True,False,True,auxiliary_pretraining_candidate,remains_non_strict_U2,
20231217_03_01,True,True,False,True,auxiliary_pretraining_candidate,remains_non_strict_U2,
20231217_03_03,True,True,False,True,auxiliary_pretraining_candidate,remains_non_strict_U2,
20231217_03_07,True,True,False,True,auxiliary_pretraining_candidate,remains_non_strict_U2,
20231217_03_08,True,True,False,True,auxiliary_pretraining_candidate,remains_non_strict_U2,
20231217_06_01,True,True,False,True,auxiliary_pretraining_candidate,remains_non_strict_U2,
20231217_06_09,True,True,False,True,auxiliary_pretraining_candidate,remains_non_strict_U2,
20231217_08_05,True,True,False,True,auxiliary_pretraining_candidate,remains_non_strict_U2,
20231217_13_11,True,True,False,True,auxiliary_pretraining_candidate,remains_non_strict_U2,
20231217_17_10,True,True,False,True,auxiliary_pretraining_candidate,remains_non_strict_U2,
20231217_20_01,True,True,False,True,auxiliary_pretraining_candidate,remains_non_strict_U2,
20231218_03_03,True,True,False,True,auxiliary_pretraining_candidate,remains_non_strict_U2,
20231218_04_12,True,True,False,True,auxiliary_pretraining_candidate,remains_non_strict_U2,
20231218_08_01,True,True,False,True,auxiliary_pretraining_candidate,remains_non_strict_U2,
20231218_08_03,True,True,False,True,auxiliary_pretraining_candidate,remains_non_strict_U2,
20231218_09_05,True,True,False,True,auxiliary_pretraining_candidate,remains_non_strict_U2,
20231218_09_07,True,True,False,True,auxiliary_pretraining_candidate,remains_non_strict_U2,
20231218_13_04,True,True,False,True,auxiliary_pretraining_candidate,remains_non_strict_U2,
20231218_13_12,True,True,False,True,auxiliary_pretraining_candidate,remains_non_strict_U2,
20231218_14_01,True,True,False,True,auxiliary_pretraining_candidate,remains_non_strict_U2,
20231218_17_03,True,True,False,True,auxiliary_pretraining_candidate,remains_non_strict_U2,
20231218_18_02,True,True,False,True,auxiliary_pretraining_candidate,remains_non_strict_U2,
20231218_19_05,True,True,False,True,auxiliary_pretraining_candidate,remains_non_strict_U2,
20231218_20_03,True,True,False,True,auxiliary_pretraining_candidate,remains_non_strict_U2,
20231218_20_05,True,True,False,True,auxiliary_pretraining_candidate,remains_non_strict_U2,
20231218_24_01,True,True,False,True,auxiliary_pretraining_candidate,remains_non_strict_U2,
20231218_24_03,True,True,False,True,auxiliary_pretraining_candidate,remains_non_strict_U2,
20231219_02_12,True,True,False,True,auxiliary_pretraining_candidate,remains_non_strict_U2,
20231219_03_01,True,True,False,True,auxiliary_pretraining_candidate,remains_non_strict_U2,
20231219_05_06,True,True,False,True,auxiliary_pretraining_candidate,remains_non_strict_U2,
20231219_05_09,True,True,False,True,auxiliary_pretraining_candidate,remains_non_strict_U2,
20231219_09_02,True,True,False,True,auxiliary_pretraining_candidate,remains_non_strict_U2,
20231219_12_04,True,True,False,True,auxiliary_pretraining_candidate,remains_non_strict_U2,
20231219_12_12,True,True,False,True,auxiliary_pretraining_candidate,remains_non_strict_U2,
20231219_16_08,True,True,False,True,auxiliary_pretraining_candidate,remains_non_strict_U2,
20231219_17_07,True,True,False,True,auxiliary_pretraining_candidate,remains_non_strict_U2,
20231219_20_05,True,True,False,True,auxiliary_pretraining_candidate,remains_non_strict_U2,
20231219_22_01,True,True,False,True,auxiliary_pretraining_candidate,remains_non_strict_U2,
20231219_22_10,True,True,False,True,auxiliary_pretraining_candidate,remains_non_strict_U2,
20231219_24_03,True,True,False,True,auxiliary_pretraining_candidate,remains_non_strict_U2,
20231219_24_04,True,True,False,True,auxiliary_pretraining_candidate,remains_non_strict_U2,
20231220_03_05,True,True,False,True,auxiliary_pretraining_candidate,remains_non_strict_U2,
20231220_03_10,True,True,False,True,auxiliary_pretraining_candidate,remains_non_strict_U2,
20231220_03_12,True,True,False,True,auxiliary_pretraining_candidate,remains_non_strict_U2,
20231220_05_03,True,True,False,True,auxiliary_pretraining_candidate,remains_non_strict_U2,
20231220_05_09,True,True,False,True,auxiliary_pretraining_candidate,remains_non_strict_U2,
20231220_20_07,True,True,False,True,auxiliary_pretraining_candidate,remains_non_strict_U2,
20231220_22_12,True,True,False,True,auxiliary_pretraining_candidate,remains_non_strict_U2,
20231220_24_12,True,True,False,True,auxiliary_pretraining_candidate,remains_non_strict_U2,
20231221_12_01,True,True,False,True,auxiliary_pretraining_candidate,remains_non_strict_U2,
20231221_12_07,True,True,False,True,auxiliary_pretraining_candidate,remains_non_strict_U2,
20231221_12_11,True,True,False,True,auxiliary_pretraining_candidate,remains_non_strict_U2,
20231221_17_12,True,True,False,True,auxiliary_pretraining_candidate,remains_non_strict_U2,
20231221_18_07,True,True,False,True,auxiliary_pretraining_candidate,remains_non_strict_U2,
20231221_18_09,True,True,False,True,auxiliary_pretraining_candidate,remains_non_strict_U2,
20231221_20_06,True,True,False,True,auxiliary_pretraining_candidate,remains_non_strict_U2,
20231222_05_03,True,True,False,True,auxiliary_pretraining_candidate,remains_non_strict_U2,
20231222_05_06,True,True,False,True,auxiliary_pretraining_candidate,remains_non_strict_U2,
20231222_05_08,True,True,False,True,auxiliary_pretraining_candidate,remains_non_strict_U2,
20231222_05_10,True,True,False,True,auxiliary_pretraining_candidate,remains_non_strict_U2,
20231222_06_06,True,True,False,True,auxiliary_pretraining_candidate,remains_non_strict_U2,
20231222_08_05,True,True,False,True,auxiliary_pretraining_candidate,remains_non_strict_U2,
20231222_11_07,True,True,False,True,auxiliary_pretraining_candidate,remains_non_strict_U2,
20231222_12_10,True,True,False,True,auxiliary_pretraining_candidate,remains_non_strict_U2,
20231222_14_06,True,True,False,True,auxiliary_pretraining_candidate,remains_non_strict_U2,
20231222_16_01,True,True,False,True,auxiliary_pretraining_candidate,remains_non_strict_U2,
20231222_16_02,True,True,False,True,auxiliary_pretraining_candidate,remains_non_strict_U2,
20231222_16_07,True,True,False,True,auxiliary_pretraining_candidate,remains_non_strict_U2,
20231222_22_01,True,True,False,True,auxiliary_pretraining_candidate,remains_non_strict_U2,
20231222_22_10,True,True,False,True,auxiliary_pretraining_candidate,remains_non_strict_U2,
20231223_05_09,True,True,False,True,auxiliary_pretraining_candidate,remains_non_strict_U2,
20231223_06_05,True,True,False,True,auxiliary_pretraining_candidate,remains_non_strict_U2,
20231223_09_03,True,True,False,True,auxiliary_pretraining_candidate,remains_non_strict_U2,
20231223_10_09,True,True,False,True,auxiliary_pretraining_candidate,remains_non_strict_U2,
20231223_14_02,True,True,False,True,auxiliary_pretraining_candidate,remains_non_strict_U2,
20231223_14_09,True,True,False,True,auxiliary_pretraining_candidate,remains_non_strict_U2,
20231223_15_06,True,True,False,True,auxiliary_pretraining_candidate,remains_non_strict_U2,
20231223_16_10,True,True,False,True,auxiliary_pretraining_candidate,remains_non_strict_U2,
20231224_06_05,True,True,False,True,auxiliary_pretraining_candidate,remains_non_strict_U2,
20231224_06_12,True,True,False,True,auxiliary_pretraining_candidate,remains_non_strict_U2,
20231224_08_09,True,True,False,True,auxiliary_pretraining_candidate,remains_non_strict_U2,
20231224_09_06,True,True,False,True,auxiliary_pretraining_candidate,remains_non_strict_U2,
20231224_09_07,True,True,False,True,auxiliary_pretraining_candidate,remains_non_strict_U2,
20231224_09_09,True,True,False,True,auxiliary_pretraining_candidate,remains_non_strict_U2,
20231224_12_12,True,True,False,True,auxiliary_pretraining_candidate,remains_non_strict_U2,
20231224_14_02,True,True,False,True,auxiliary_pretraining_candidate,remains_non_strict_U2,
20231224_14_08,True,True,False,True,auxiliary_pretraining_candidate,remains_non_strict_U2,
20231224_15_07,True,True,False,True,auxiliary_pretraining_candidate,remains_non_strict_U2,
20231224_16_04,True,True,False,True,auxiliary_pretraining_candidate,remains_non_strict_U2,
20231224_23_04,True,True,False,True,auxiliary_pretraining_candidate,remains_non_strict_U2,
20231225_08_08,True,True,False,True,auxiliary_pretraining_candidate,remains_non_strict_U2,
20231225_10_01,True,True,False,True,auxiliary_pretraining_candidate,remains_non_strict_U2,
20231225_10_06,True,True,False,True,auxiliary_pretraining_candidate,remains_non_strict_U2,
20231225_11_05,True,True,False,True,auxiliary_pretraining_candidate,remains_non_strict_U2,
20231225_11_07,True,True,False,True,auxiliary_pretraining_candidate,remains_non_strict_U2,
20231225_11_09,True,True,False,True,auxiliary_pretraining_candidate,remains_non_strict_U2,
20231225_11_10,True,True,False,True,auxiliary_pretraining_candidate,remains_non_strict_U2,
20231225_14_08,True,True,False,True,auxiliary_pretraining_candidate,remains_non_strict_U2,
20231226_03_01,True,True,False,True,auxiliary_pretraining_candidate,remains_non_strict_U2,
20231226_03_04,True,True,False,True,auxiliary_pretraining_candidate,remains_non_strict_U2,
20231226_03_10,True,True,False,True,auxiliary_pretraining_candidate,remains_non_strict_U2,
20231226_04_02,True,True,False,True,auxiliary_pretraining_candidate,remains_non_strict_U2,
20231226_07_01,True,True,False,True,auxiliary_pretraining_candidate,remains_non_strict_U2,
20231226_09_02,True,True,False,True,auxiliary_pretraining_candidate,remains_non_strict_U2,
20231226_10_04,True,True,False,True,auxiliary_pretraining_candidate,remains_non_strict_U2,
20231226_10_10,True,True,False,True,auxiliary_pretraining_candidate,remains_non_strict_U2,
20231226_10_12,True,True,False,True,auxiliary_pretraining_candidate,remains_non_strict_U2,
20231226_11_05,True,True,False,True,auxiliary_pretraining_candidate,remains_non_strict_U2,
20231226_14_10,True,True,False,True,auxiliary_pretraining_candidate,remains_non_strict_U2,
20231226_17_06,True,True,False,True,auxiliary_pretraining_candidate,remains_non_strict_U2,
20231226_22_03,True,True,False,True,auxiliary_pretraining_candidate,remains_non_strict_U2,
20231227_04_03,True,True,False,True,auxiliary_pretraining_candidate,remains_non_strict_U2,
20231227_05_05,True,True,False,True,auxiliary_pretraining_candidate,remains_non_strict_U2,
20231227_11_06,True,True,False,True,auxiliary_pretraining_candidate,remains_non_strict_U2,
20231227_13_03,True,True,False,True,auxiliary_pretraining_candidate,remains_non_strict_U2,
20231227_13_04,True,True,False,True,auxiliary_pretraining_candidate,remains_non_strict_U2,
20231227_13_08,True,True,False,True,auxiliary_pretraining_candidate,remains_non_strict_U2,
20231227_22_02,True,True,False,True,auxiliary_pretraining_candidate,remains_non_strict_U2,
20231227_23_07,True,True,False,True,auxiliary_pretraining_candidate,remains_non_strict_U2,
20231228_03_01,True,True,False,True,auxiliary_pretraining_candidate,remains_non_strict_U2,
20231228_03_12,True,True,False,True,auxiliary_pretraining_candidate,remains_non_strict_U2,
20231228_04_07,True,True,False,True,auxiliary_pretraining_candidate,remains_non_strict_U2,
20231228_05_04,True,True,False,True,auxiliary_pretraining_candidate,remains_non_strict_U2,
20231228_05_05,True,True,False,True,auxiliary_pretraining_candidate,remains_non_strict_U2,
20231228_10_01,True,True,False,True,auxiliary_pretraining_candidate,remains_non_strict_U2,
20231228_12_06,True,True,False,True,auxiliary_pretraining_candidate,remains_non_strict_U2,
20231228_15_02,True,True,False,True,auxiliary_pretraining_candidate,remains_non_strict_U2,
20231228_15_06,True,True,False,True,auxiliary_pretraining_candidate,remains_non_strict_U2,
20231228_15_08,True,True,False,True,auxiliary_pretraining_candidate,remains_non_strict_U2,
20231228_19_11,True,True,False,True,auxiliary_pretraining_candidate,remains_non_strict_U2,
20231228_22_04,True,True,False,True,auxiliary_pretraining_candidate,remains_non_strict_U2,
20231228_22_09,True,True,False,True,auxiliary_pretraining_candidate,remains_non_strict_U2,
20231228_23_02,True,True,False,True,auxiliary_pretraining_candidate,remains_non_strict_U2,
20231229_01_08,True,True,False,True,auxiliary_pretraining_candidate,remains_non_strict_U2,
20231229_01_11,True,True,False,True,auxiliary_pretraining_candidate,remains_non_strict_U2,
20231229_02_04,True,True,False,True,auxiliary_pretraining_candidate,remains_non_strict_U2,
20231229_02_09,True,True,False,True,auxiliary_pretraining_candidate,remains_non_strict_U2,
20231229_04_02,True,True,False,True,auxiliary_pretraining_candidate,remains_non_strict_U2,
20231229_06_09,True,True,False,True,auxiliary_pretraining_candidate,remains_non_strict_U2,
20231229_13_02,True,True,False,True,auxiliary_pretraining_candidate,remains_non_strict_U2,
20231229_16_01,True,True,False,True,auxiliary_pretraining_candidate,remains_non_strict_U2,
20231229_16_08,True,True,False,True,auxiliary_pretraining_candidate,remains_non_strict_U2,
20231229_20_01,True,True,False,True,auxiliary_pretraining_candidate,remains_non_strict_U2,
20231229_20_08,True,True,False,True,auxiliary_pretraining_candidate,remains_non_strict_U2,
20231229_21_07,True,True,False,True,auxiliary_pretraining_candidate,remains_non_strict_U2,
20231229_22_01,True,True,False,True,auxiliary_pretraining_candidate,remains_non_strict_U2,
20231229_23_07,True,True,False,True,auxiliary_pretraining_candidate,remains_non_strict_U2,
20231229_24_01,True,True,False,True,auxiliary_pretraining_candidate,remains_non_strict_U2,
20231230_02_12,True,True,False,True,auxiliary_pretraining_candidate,remains_non_strict_U2,
20231230_05_06,True,True,False,True,auxiliary_pretraining_candidate,remains_non_strict_U2,
20231230_08_01,True,True,False,True,auxiliary_pretraining_candidate,remains_non_strict_U2,
20231230_12_08,True,True,False,True,auxiliary_pretraining_candidate,remains_non_strict_U2,
20231230_12_12,True,True,False,True,auxiliary_pretraining_candidate,remains_non_strict_U2,
20231230_13_12,True,True,False,True,auxiliary_pretraining_candidate,remains_non_strict_U2,
20231230_14_03,True,True,False,True,auxiliary_pretraining_candidate,remains_non_strict_U2,
20231230_16_11,True,True,False,True,auxiliary_pretraining_candidate,remains_non_strict_U2,
20231230_18_03,True,True,False,True,auxiliary_pretraining_candidate,remains_non_strict_U2,
20231230_18_06,True,True,False,True,auxiliary_pretraining_candidate,remains_non_strict_U2,
20231231_01_03,True,True,False,True,auxiliary_pretraining_candidate,remains_non_strict_U2,
20231231_02_06,True,True,False,True,auxiliary_pretraining_candidate,remains_non_strict_U2,
20231231_05_09,True,True,False,True,auxiliary_pretraining_candidate,remains_non_strict_U2,
20231231_06_06,True,True,False,True,auxiliary_pretraining_candidate,remains_non_strict_U2,
20231231_07_05,True,True,False,True,auxiliary_pretraining_candidate,remains_non_strict_U2,
20231231_07_08,True,True,False,True,auxiliary_pretraining_candidate,remains_non_strict_U2,
20231231_07_09,True,True,False,True,auxiliary_pretraining_candidate,remains_non_strict_U2,
20231231_08_04,True,True,False,True,auxiliary_pretraining_candidate,remains_non_strict_U2,
20231231_14_11,True,True,False,True,auxiliary_pretraining_candidate,remains_non_strict_U2,
20231231_14_12,True,True,False,True,auxiliary_pretraining_candidate,remains_non_strict_U2,
20231231_16_06,True,True,False,True,auxiliary_pretraining_candidate,remains_non_strict_U2,
20231231_17_05,True,True,False,True,auxiliary_pretraining_candidate,remains_non_strict_U2,
20231231_17_08,True,True,False,True,auxiliary_pretraining_candidate,remains_non_strict_U2,
20231231_18_01,True,True,False,True,auxiliary_pretraining_candidate,remains_non_strict_U2,
20231231_18_09,True,True,False,True,auxiliary_pretraining_candidate,remains_non_strict_U2,
20231231_19_07,True,True,False,True,auxiliary_pretraining_candidate,remains_non_strict_U2,
20231231_20_05,True,True,False,True,auxiliary_pretraining_candidate,remains_non_strict_U2,
20231231_20_08,True,True,False,True,auxiliary_pretraining_candidate,remains_non_strict_U2,
20240101_07_01,True,True,False,True,auxiliary_pretraining_candidate,remains_non_strict_U2,
20240101_07_05,True,True,False,True,auxiliary_pretraining_candidate,remains_non_strict_U2,
20240101_07_08,True,True,False,True,auxiliary_pretraining_candidate,remains_non_strict_U2,
20240101_07_12,True,True,False,True,auxiliary_pretraining_candidate,remains_non_strict_U2,
20240101_09_08,True,True,False,True,auxiliary_pretraining_candidate,remains_non_strict_U2,
20240101_14_09,True,True,False,True,auxiliary_pretraining_candidate,remains_non_strict_U2,
20240101_16_04,True,True,False,True,auxiliary_pretraining_candidate,remains_non_strict_U2,
20240101_17_03,True,True,False,True,auxiliary_pretraining_candidate,remains_non_strict_U2,
20240101_17_04,True,True,False,True,auxiliary_pretraining_candidate,remains_non_strict_U2,
20240101_17_08,True,True,False,True,auxiliary_pretraining_candidate,remains_non_strict_U2,
20240101_18_07,True,True,False,True,auxiliary_pretraining_candidate,remains_non_strict_U2,
20240101_19_11,True,True,False,True,auxiliary_pretraining_candidate,remains_non_strict_U2,
20240101_20_08,True,True,False,True,auxiliary_pretraining_candidate,remains_non_strict_U2,
20240101_20_09,True,True,False,True,auxiliary_pretraining_candidate,remains_non_strict_U2,
20240102_01_04,True,True,False,True,auxiliary_pretraining_candidate,remains_non_strict_U2,
20240102_01_10,True,True,False,True,auxiliary_pretraining_candidate,remains_non_strict_U2,
20240102_03_07,True,True,False,True,auxiliary_pretraining_candidate,remains_non_strict_U2,
20240102_09_05,True,True,False,True,auxiliary_pretraining_candidate,remains_non_strict_U2,
20240102_09_07,True,True,False,True,auxiliary_pretraining_candidate,remains_non_strict_U2,
20240102_14_08,True,True,False,True,auxiliary_pretraining_candidate,remains_non_strict_U2,
20240102_15_03,True,True,False,True,auxiliary_pretraining_candidate,remains_non_strict_U2,
20240102_17_01,True,True,False,True,auxiliary_pretraining_candidate,remains_non_strict_U2,
20240102_20_10,True,True,False,True,auxiliary_pretraining_candidate,remains_non_strict_U2,
20240102_23_12,True,True,False,True,auxiliary_pretraining_candidate,remains_non_strict_U2,
20240103_03_02,True,True,False,True,auxiliary_pretraining_candidate,remains_non_strict_U2,
20240103_03_03,True,True,False,True,auxiliary_pretraining_candidate,remains_non_strict_U2,
20240103_05_10,True,True,False,True,auxiliary_pretraining_candidate,remains_non_strict_U2,
20240103_07_01,True,True,False,True,auxiliary_pretraining_candidate,remains_non_strict_U2,
20240103_09_02,True,True,False,True,auxiliary_pretraining_candidate,remains_non_strict_U2,
20240103_09_11,True,True,False,True,auxiliary_pretraining_candidate,remains_non_strict_U2,
20240103_11_05,True,True,False,True,auxiliary_pretraining_candidate,remains_non_strict_U2,
20240103_12_01,True,True,False,True,auxiliary_pretraining_candidate,remains_non_strict_U2,
20240103_12_07,True,True,False,True,auxiliary_pretraining_candidate,remains_non_strict_U2,
20240103_12_10,True,True,False,True,auxiliary_pretraining_candidate,remains_non_strict_U2,
20240103_12_12,True,True,False,True,auxiliary_pretraining_candidate,remains_non_strict_U2,
20240103_15_07,True,True,False,True,auxiliary_pretraining_candidate,remains_non_strict_U2,
20240103_21_02,True,True,False,True,auxiliary_pretraining_candidate,remains_non_strict_U2,
20240103_21_06,True,True,False,True,auxiliary_pretraining_candidate,remains_non_strict_U2,
20240103_22_02,True,True,False,True,auxiliary_pretraining_candidate,remains_non_strict_U2,
20240103_23_10,True,True,False,True,auxiliary_pretraining_candidate,remains_non_strict_U2,
20240103_24_07,True,True,False,True,auxiliary_pretraining_candidate,remains_non_strict_U2,
20240103_24_11,True,True,False,True,auxiliary_pretraining_candidate,remains_non_strict_U2,
20240104_02_09,True,True,False,True,auxiliary_pretraining_candidate,remains_non_strict_U2,
20240104_03_09,True,True,False,True,auxiliary_pretraining_candidate,remains_non_strict_U2,
20240104_04_01,True,True,False,True,auxiliary_pretraining_candidate,remains_non_strict_U2,
20240104_04_12,True,True,False,True,auxiliary_pretraining_candidate,remains_non_strict_U2,
20240104_07_05,True,True,False,True,auxiliary_pretraining_candidate,remains_non_strict_U2,
20240104_09_02,True,True,False,True,auxiliary_pretraining_candidate,remains_non_strict_U2,
20240104_09_05,True,True,False,True,auxiliary_pretraining_candidate,remains_non_strict_U2,
20240104_11_01,True,True,False,True,auxiliary_pretraining_candidate,remains_non_strict_U2,
20240104_19_09,True,True,False,True,auxiliary_pretraining_candidate,remains_non_strict_U2,
20240104_19_12,True,True,False,True,auxiliary_pretraining_candidate,remains_non_strict_U2,
20240104_22_11,True,True,False,True,auxiliary_pretraining_candidate,remains_non_strict_U2,
20240104_23_04,True,True,False,True,auxiliary_pretraining_candidate,remains_non_strict_U2,
20240104_23_05,True,True,False,True,auxiliary_pretraining_candidate,remains_non_strict_U2,
20240105_01_05,True,True,False,True,auxiliary_pretraining_candidate,remains_non_strict_U2,
20240105_01_09,True,True,False,True,auxiliary_pretraining_candidate,remains_non_strict_U2,
20240105_03_01,True,True,False,True,auxiliary_pretraining_candidate,remains_non_strict_U2,
20240105_03_06,True,True,False,True,auxiliary_pretraining_candidate,remains_non_strict_U2,
20240105_03_08,True,True,False,True,auxiliary_pretraining_candidate,remains_non_strict_U2,
20240105_04_03,True,True,False,True,auxiliary_pretraining_candidate,remains_non_strict_U2,
20240105_04_04,True,True,False,True,auxiliary_pretraining_candidate,remains_non_strict_U2,
20240105_11_08,True,True,False,True,auxiliary_pretraining_candidate,remains_non_strict_U2,
20240105_12_07,True,True,False,True,auxiliary_pretraining_candidate,remains_non_strict_U2,
20240106_02_05,True,True,False,True,auxiliary_pretraining_candidate,remains_non_strict_U2,
20240106_02_10,True,True,False,True,auxiliary_pretraining_candidate,remains_non_strict_U2,
20240106_02_11,True,True,False,True,auxiliary_pretraining_candidate,remains_non_strict_U2,
20240106_03_02,True,True,False,True,auxiliary_pretraining_candidate,remains_non_strict_U2,
20240106_11_02,True,True,False,True,auxiliary_pretraining_candidate,remains_non_strict_U2,
20240106_13_04,True,True,False,True,auxiliary_pretraining_candidate,remains_non_strict_U2,
20240106_13_11,True,True,False,True,auxiliary_pretraining_candidate,remains_non_strict_U2,
20240106_15_03,True,True,False,True,auxiliary_pretraining_candidate,remains_non_strict_U2,
20240106_23_11,True,True,False,True,auxiliary_pretraining_candidate,remains_non_strict_U2,
20240106_24_10,True,True,False,True,auxiliary_pretraining_candidate,remains_non_strict_U2,
20240107_01_02,True,True,False,True,auxiliary_pretraining_candidate,remains_non_strict_U2,
20240107_01_04,True,True,False,True,auxiliary_pretraining_candidate,remains_non_strict_U2,
20240107_04_07,True,True,False,True,auxiliary_pretraining_candidate,remains_non_strict_U2,
20240107_04_09,True,True,False,True,auxiliary_pretraining_candidate,remains_non_strict_U2,
20240107_07_06,True,True,False,True,auxiliary_pretraining_candidate,remains_non_strict_U2,
20240107_11_07,True,True,False,True,auxiliary_pretraining_candidate,remains_non_strict_U2,
20240107_12_07,True,True,False,True,auxiliary_pretraining_candidate,remains_non_strict_U2,
20240107_13_09,True,True,False,True,auxiliary_pretraining_candidate,remains_non_strict_U2,
20240107_19_07,True,True,False,True,auxiliary_pretraining_candidate,remains_non_strict_U2,
20240107_19_09,True,True,False,True,auxiliary_pretraining_candidate,remains_non_strict_U2,
20240107_23_05,True,True,False,True,auxiliary_pretraining_candidate,remains_non_strict_U2,
20240108_04_01,True,True,False,True,auxiliary_pretraining_candidate,remains_non_strict_U2,
20240108_06_04,True,True,False,True,auxiliary_pretraining_candidate,remains_non_strict_U2,
20240108_07_03,True,True,False,True,auxiliary_pretraining_candidate,remains_non_strict_U2,
20240108_09_02,True,True,False,True,auxiliary_pretraining_candidate,remains_non_strict_U2,
20240108_11_03,True,True,False,True,auxiliary_pretraining_candidate,remains_non_strict_U2,
20240108_15_01,True,True,False,True,auxiliary_pretraining_candidate,remains_non_strict_U2,
20240108_15_10,True,True,False,True,auxiliary_pretraining_candidate,remains_non_strict_U2,
20240108_15_12,True,True,False,True,auxiliary_pretraining_candidate,remains_non_strict_U2,
20240108_16_04,True,True,False,True,auxiliary_pretraining_candidate,remains_non_strict_U2,
20240108_16_05,True,True,False,True,auxiliary_pretraining_candidate,remains_non_strict_U2,
20240108_19_05,True,True,False,True,auxiliary_pretraining_candidate,remains_non_strict_U2,
20240108_20_10,True,True,False,True,auxiliary_pretraining_candidate,remains_non_strict_U2,
20240108_22_06,True,True,False,True,auxiliary_pretraining_candidate,remains_non_strict_U2,
20240109_06_06,True,True,False,True,auxiliary_pretraining_candidate,remains_non_strict_U2,
20240109_09_04,True,True,False,True,auxiliary_pretraining_candidate,remains_non_strict_U2,
20240109_09_11,True,True,False,True,auxiliary_pretraining_candidate,remains_non_strict_U2,
20240109_15_05,True,True,False,True,auxiliary_pretraining_candidate,remains_non_strict_U2,
20240109_16_10,True,True,False,True,auxiliary_pretraining_candidate,remains_non_strict_U2,
20240109_20_09,True,True,False,True,auxiliary_pretraining_candidate,remains_non_strict_U2,
20240109_20_12,True,True,False,True,auxiliary_pretraining_candidate,remains_non_strict_U2,
20240110_06_04,True,True,False,True,auxiliary_pretraining_candidate,remains_non_strict_U2,
20240110_07_02,True,True,False,True,auxiliary_pretraining_candidate,remains_non_strict_U2,
20240110_08_11,True,True,False,True,auxiliary_pretraining_candidate,remains_non_strict_U2,
20240110_20_05,True,True,False,True,auxiliary_pretraining_candidate,remains_non_strict_U2,
20240110_20_06,True,True,False,True,auxiliary_pretraining_candidate,remains_non_strict_U2,
20240110_20_07,True,True,False,True,auxiliary_pretraining_candidate,remains_non_strict_U2,
20240110_21_01,True,True,False,True,auxiliary_pretraining_candidate,remains_non_strict_U2,
20240111_08_04,True,True,False,True,auxiliary_pretraining_candidate,remains_non_strict_U2,
20240111_09_04,True,True,False,True,auxiliary_pretraining_candidate,remains_non_strict_U2,
20240111_14_03,True,True,False,True,auxiliary_pretraining_candidate,remains_non_strict_U2,
20240111_18_04,True,True,False,True,auxiliary_pretraining_candidate,remains_non_strict_U2,
20240111_19_04,True,True,False,True,auxiliary_pretraining_candidate,remains_non_strict_U2,
20240111_21_03,True,True,False,True,auxiliary_pretraining_candidate,remains_non_strict_U2,
20240111_21_10,True,True,False,True,auxiliary_pretraining_candidate,remains_non_strict_U2,
20240111_21_12,True,True,False,True,auxiliary_pretraining_candidate,remains_non_strict_U2,
20240111_24_02,True,True,False,True,auxiliary_pretraining_candidate,remains_non_strict_U2,
20240111_24_12,True,True,False,True,auxiliary_pretraining_candidate,remains_non_strict_U2,
20240112_02_02,True,True,False,True,auxiliary_pretraining_candidate,remains_non_strict_U2,
20240112_09_11,True,True,False,True,auxiliary_pretraining_candidate,remains_non_strict_U2,
20240112_14_02,True,True,False,True,auxiliary_pretraining_candidate,remains_non_strict_U2,
20240112_16_09,True,True,False,True,auxiliary_pretraining_candidate,remains_non_strict_U2,
20240112_21_03,True,True,False,True,auxiliary_pretraining_candidate,remains_non_strict_U2,
20240113_02_07,True,True,False,True,auxiliary_pretraining_candidate,remains_non_strict_U2,
20240113_05_03,True,True,False,True,auxiliary_pretraining_candidate,remains_non_strict_U2,
20240113_05_04,True,True,False,True,auxiliary_pretraining_candidate,remains_non_strict_U2,
20240113_05_11,True,True,False,True,auxiliary_pretraining_candidate,remains_non_strict_U2,
20240113_07_07,True,True,False,True,auxiliary_pretraining_candidate,remains_non_strict_U2,
20240113_08_06,True,True,False,True,auxiliary_pretraining_candidate,remains_non_strict_U2,
20240113_16_01,True,True,False,True,auxiliary_pretraining_candidate,remains_non_strict_U2,
20240113_21_07,True,True,False,True,auxiliary_pretraining_candidate,remains_non_strict_U2,
20240113_22_12,True,True,False,True,auxiliary_pretraining_candidate,remains_non_strict_U2,
20240113_24_02,True,True,False,True,auxiliary_pretraining_candidate,remains_non_strict_U2,
20240114_04_03,True,True,False,True,auxiliary_pretraining_candidate,remains_non_strict_U2,
20240114_04_05,True,True,False,True,auxiliary_pretraining_candidate,remains_non_strict_U2,
20240114_05_03,True,True,False,True,auxiliary_pretraining_candidate,remains_non_strict_U2,
20240114_07_01,True,True,False,True,auxiliary_pretraining_candidate,remains_non_strict_U2,
20240114_13_09,True,True,False,True,auxiliary_pretraining_candidate,remains_non_strict_U2,
20240114_19_01,True,True,False,True,auxiliary_pretraining_candidate,remains_non_strict_U2,
20240114_21_02,True,True,False,True,auxiliary_pretraining_candidate,remains_non_strict_U2,
20240114_21_04,True,True,False,True,auxiliary_pretraining_candidate,remains_non_strict_U2,
20240114_21_08,True,True,False,True,auxiliary_pretraining_candidate,remains_non_strict_U2,
20240114_22_03,True,True,False,True,auxiliary_pretraining_candidate,remains_non_strict_U2,
20240114_22_09,True,True,False,True,auxiliary_pretraining_candidate,remains_non_strict_U2,
20240115_03_05,True,True,False,True,auxiliary_pretraining_candidate,remains_non_strict_U2,
20240115_07_03,True,True,False,True,auxiliary_pretraining_candidate,remains_non_strict_U2,
20240115_12_08,True,True,False,True,auxiliary_pretraining_candidate,remains_non_strict_U2,
20240115_13_05,True,True,False,True,auxiliary_pretraining_candidate,remains_non_strict_U2,
20240115_13_08,True,True,False,True,auxiliary_pretraining_candidate,remains_non_strict_U2,
20240115_15_05,True,True,False,True,auxiliary_pretraining_candidate,remains_non_strict_U2,
20240115_18_08,True,True,False,True,auxiliary_pretraining_candidate,remains_non_strict_U2,
20240115_19_12,True,True,False,True,auxiliary_pretraining_candidate,remains_non_strict_U2,
20240115_22_07,True,True,False,True,auxiliary_pretraining_candidate,remains_non_strict_U2,
20240116_03_08,True,True,False,True,auxiliary_pretraining_candidate,remains_non_strict_U2,
20240116_07_03,True,True,False,True,auxiliary_pretraining_candidate,remains_non_strict_U2,
20240116_11_07,True,True,False,True,auxiliary_pretraining_candidate,remains_non_strict_U2,
20240116_11_12,True,True,False,True,auxiliary_pretraining_candidate,remains_non_strict_U2,
20240116_12_09,True,True,False,True,auxiliary_pretraining_candidate,remains_non_strict_U2,
20240116_15_04,True,True,False,True,auxiliary_pretraining_candidate,remains_non_strict_U2,
20240116_18_01,True,True,False,True,auxiliary_pretraining_candidate,remains_non_strict_U2,
20240116_23_07,True,True,False,True,auxiliary_pretraining_candidate,remains_non_strict_U2,
20240116_23_11,True,True,False,True,auxiliary_pretraining_candidate,remains_non_strict_U2,
20240117_03_07,True,True,False,True,auxiliary_pretraining_candidate,remains_non_strict_U2,
20240117_03_11,True,True,False,True,auxiliary_pretraining_candidate,remains_non_strict_U2,
20240117_07_01,True,True,False,True,auxiliary_pretraining_candidate,remains_non_strict_U2,
20240117_09_12,True,True,False,True,auxiliary_pretraining_candidate,remains_non_strict_U2,
20240117_12_01,True,True,False,True,auxiliary_pretraining_candidate,remains_non_strict_U2,
20240117_12_05,True,True,False,True,auxiliary_pretraining_candidate,remains_non_strict_U2,
20240117_12_07,True,True,False,True,auxiliary_pretraining_candidate,remains_non_strict_U2,
20240117_16_04,True,True,False,True,auxiliary_pretraining_candidate,remains_non_strict_U2,
20240118_01_06,True,True,False,True,auxiliary_pretraining_candidate,remains_non_strict_U2,
20240118_03_09,True,True,False,True,auxiliary_pretraining_candidate,remains_non_strict_U2,
20240118_10_07,True,True,False,True,auxiliary_pretraining_candidate,remains_non_strict_U2,
20240118_11_11,True,True,False,True,auxiliary_pretraining_candidate,remains_non_strict_U2,
20240118_12_08,True,True,False,True,auxiliary_pretraining_candidate,remains_non_strict_U2,
20240118_16_09,True,True,False,True,auxiliary_pretraining_candidate,remains_non_strict_U2,
20240118_18_06,True,True,False,True,auxiliary_pretraining_candidate,remains_non_strict_U2,
20240118_22_04,True,True,False,True,auxiliary_pretraining_candidate,remains_non_strict_U2,
20240119_02_01,True,True,False,True,auxiliary_pretraining_candidate,remains_non_strict_U2,
20240119_02_05,True,True,False,True,auxiliary_pretraining_candidate,remains_non_strict_U2,
20240119_04_01,True,True,False,True,auxiliary_pretraining_candidate,remains_non_strict_U2,
20240119_04_04,True,True,False,True,auxiliary_pretraining_candidate,remains_non_strict_U2,
20240119_06_03,True,True,False,True,auxiliary_pretraining_candidate,remains_non_strict_U2,
20240119_09_01,True,True,False,True,auxiliary_pretraining_candidate,remains_non_strict_U2,
20240119_09_05,True,True,False,True,auxiliary_pretraining_candidate,remains_non_strict_U2,
20240119_14_08,True,True,False,True,auxiliary_pretraining_candidate,remains_non_strict_U2,
20240119_15_06,True,True,False,True,auxiliary_pretraining_candidate,remains_non_strict_U2,
20240120_01_08,True,True,False,True,auxiliary_pretraining_candidate,remains_non_strict_U2,
20240120_04_08,True,True,False,True,auxiliary_pretraining_candidate,remains_non_strict_U2,
20240120_10_02,True,True,False,True,auxiliary_pretraining_candidate,remains_non_strict_U2,
20240120_10_03,True,True,False,True,auxiliary_pretraining_candidate,remains_non_strict_U2,
20240120_10_06,True,True,False,True,auxiliary_pretraining_candidate,remains_non_strict_U2,
20240120_14_05,True,True,False,True,auxiliary_pretraining_candidate,remains_non_strict_U2,
20240121_02_03,True,True,False,True,auxiliary_pretraining_candidate,remains_non_strict_U2,
20240121_04_06,True,True,False,True,auxiliary_pretraining_candidate,remains_non_strict_U2,
20240121_05_12,True,True,False,True,auxiliary_pretraining_candidate,remains_non_strict_U2,
20240121_06_07,True,True,False,True,auxiliary_pretraining_candidate,remains_non_strict_U2,
20240121_10_08,True,True,False,True,auxiliary_pretraining_candidate,remains_non_strict_U2,
20240121_11_01,True,True,False,True,auxiliary_pretraining_candidate,remains_non_strict_U2,
20240121_11_04,True,True,False,True,auxiliary_pretraining_candidate,remains_non_strict_U2,
20240121_13_08,True,True,False,True,auxiliary_pretraining_candidate,remains_non_strict_U2,
20240121_13_10,True,True,False,True,auxiliary_pretraining_candidate,remains_non_strict_U2,
20240121_16_04,True,True,False,True,auxiliary_pretraining_candidate,remains_non_strict_U2,
20240121_19_01,True,True,False,True,auxiliary_pretraining_candidate,remains_non_strict_U2,
20240121_21_05,True,True,False,True,auxiliary_pretraining_candidate,remains_non_strict_U2,
20240122_04_02,True,True,False,True,auxiliary_pretraining_candidate,remains_non_strict_U2,
20240122_08_12,True,True,False,True,auxiliary_pretraining_candidate,remains_non_strict_U2,
20240122_13_07,True,True,False,True,auxiliary_pretraining_candidate,remains_non_strict_U2,
20240123_08_02,True,True,False,True,auxiliary_pretraining_candidate,remains_non_strict_U2,
20240123_15_01,True,True,False,True,auxiliary_pretraining_candidate,remains_non_strict_U2,
20240123_17_10,True,True,False,True,auxiliary_pretraining_candidate,remains_non_strict_U2,
20240123_18_04,True,True,False,True,auxiliary_pretraining_candidate,remains_non_strict_U2,
20240123_18_11,True,True,False,True,auxiliary_pretraining_candidate,remains_non_strict_U2,
20240123_23_03,True,True,False,True,auxiliary_pretraining_candidate,remains_non_strict_U2,
20240123_23_06,True,True,False,True,auxiliary_pretraining_candidate,remains_non_strict_U2,
20240123_24_12,True,True,False,True,auxiliary_pretraining_candidate,remains_non_strict_U2,
20240124_04_10,True,True,False,True,auxiliary_pretraining_candidate,remains_non_strict_U2,
20240124_05_07,True,True,False,True,auxiliary_pretraining_candidate,remains_non_strict_U2,
20240124_13_11,True,True,False,True,auxiliary_pretraining_candidate,remains_non_strict_U2,
20240124_17_02,True,True,False,True,auxiliary_pretraining_candidate,remains_non_strict_U2,
20240124_17_12,True,True,False,True,auxiliary_pretraining_candidate,remains_non_strict_U2,
20240124_18_06,True,True,False,True,auxiliary_pretraining_candidate,remains_non_strict_U2,
20240124_18_07,True,True,False,True,auxiliary_pretraining_candidate,remains_non_strict_U2,
20240124_18_09,True,True,False,True,auxiliary_pretraining_candidate,remains_non_strict_U2,
20240124_19_07,True,True,False,True,auxiliary_pretraining_candidate,remains_non_strict_U2,
20240124_21_03,True,True,False,True,auxiliary_pretraining_candidate,remains_non_strict_U2,
20240124_24_10,True,True,False,True,auxiliary_pretraining_candidate,remains_non_strict_U2,
20240125_02_11,True,True,False,True,auxiliary_pretraining_candidate,remains_non_strict_U2,
20240125_05_10,True,True,False,True,auxiliary_pretraining_candidate,remains_non_strict_U2,
20240125_05_11,True,True,False,True,auxiliary_pretraining_candidate,remains_non_strict_U2,
20240125_07_05,True,True,False,True,auxiliary_pretraining_candidate,remains_non_strict_U2,
20240125_09_04,True,True,False,True,auxiliary_pretraining_candidate,remains_non_strict_U2,
20240125_11_04,True,True,False,True,auxiliary_pretraining_candidate,remains_non_strict_U2,
20240125_13_06,True,True,False,True,auxiliary_pretraining_candidate,remains_non_strict_U2,
20240125_23_06,True,True,False,True,auxiliary_pretraining_candidate,remains_non_strict_U2,
20240125_23_08,True,True,False,True,auxiliary_pretraining_candidate,remains_non_strict_U2,
20240126_05_01,True,True,False,True,auxiliary_pretraining_candidate,remains_non_strict_U2,
20240126_08_04,True,True,False,True,auxiliary_pretraining_candidate,remains_non_strict_U2,
20240126_10_06,True,True,False,True,auxiliary_pretraining_candidate,remains_non_strict_U2,
20240126_12_04,True,True,False,True,auxiliary_pretraining_candidate,remains_non_strict_U2,
20240126_12_12,True,True,False,True,auxiliary_pretraining_candidate,remains_non_strict_U2,
20240126_13_08,True,True,False,True,auxiliary_pretraining_candidate,remains_non_strict_U2,
20240126_15_01,True,True,False,True,auxiliary_pretraining_candidate,remains_non_strict_U2,
20240126_15_04,True,True,False,True,auxiliary_pretraining_candidate,remains_non_strict_U2,
20240126_16_03,True,True,False,True,auxiliary_pretraining_candidate,remains_non_strict_U2,
20240127_02_05,True,True,False,True,auxiliary_pretraining_candidate,remains_non_strict_U2,
20240127_07_03,True,True,False,True,auxiliary_pretraining_candidate,remains_non_strict_U2,
20240127_07_06,True,True,False,True,auxiliary_pretraining_candidate,remains_non_strict_U2,
20240127_09_09,True,True,False,True,auxiliary_pretraining_candidate,remains_non_strict_U2,
20240127_11_07,True,True,False,True,auxiliary_pretraining_candidate,remains_non_strict_U2,
20240127_12_01,True,True,False,True,auxiliary_pretraining_candidate,remains_non_strict_U2,
20240127_12_08,True,True,False,True,auxiliary_pretraining_candidate,remains_non_strict_U2,
20240127_12_09,True,True,False,True,auxiliary_pretraining_candidate,remains_non_strict_U2,
20240127_14_08,True,True,False,True,auxiliary_pretraining_candidate,remains_non_strict_U2,
20240127_14_11,True,True,False,True,auxiliary_pretraining_candidate,remains_non_strict_U2,
20240127_15_07,True,True,False,True,auxiliary_pretraining_candidate,remains_non_strict_U2,
20240127_16_07,True,True,False,True,auxiliary_pretraining_candidate,remains_non_strict_U2,
20240128_01_07,True,True,False,True,auxiliary_pretraining_candidate,remains_non_strict_U2,
20240128_03_02,True,True,False,True,auxiliary_pretraining_candidate,remains_non_strict_U2,
20240128_03_04,True,True,False,True,auxiliary_pretraining_candidate,remains_non_strict_U2,
20240128_03_06,True,True,False,True,auxiliary_pretraining_candidate,remains_non_strict_U2,
20240128_06_03,True,True,False,True,auxiliary_pretraining_candidate,remains_non_strict_U2,
20240128_08_05,True,True,False,True,auxiliary_pretraining_candidate,remains_non_strict_U2,
20240128_12_01,True,True,False,True,auxiliary_pretraining_candidate,remains_non_strict_U2,
20240128_14_05,True,True,False,True,auxiliary_pretraining_candidate,remains_non_strict_U2,
20240128_15_01,True,True,False,True,auxiliary_pretraining_candidate,remains_non_strict_U2,
20240128_17_06,True,True,False,True,auxiliary_pretraining_candidate,remains_non_strict_U2,
20240129_03_03,True,True,False,True,auxiliary_pretraining_candidate,remains_non_strict_U2,
20240129_03_06,True,True,False,True,auxiliary_pretraining_candidate,remains_non_strict_U2,
20240129_06_07,True,True,False,True,auxiliary_pretraining_candidate,remains_non_strict_U2,
20240129_08_07,True,True,False,True,auxiliary_pretraining_candidate,remains_non_strict_U2,
20240129_10_01,True,True,False,True,auxiliary_pretraining_candidate,remains_non_strict_U2,
20240129_10_02,True,True,False,True,auxiliary_pretraining_candidate,remains_non_strict_U2,
20240129_11_02,True,True,False,True,auxiliary_pretraining_candidate,remains_non_strict_U2,
20240129_11_12,True,True,False,True,auxiliary_pretraining_candidate,remains_non_strict_U2,
20240129_12_09,True,True,False,True,auxiliary_pretraining_candidate,remains_non_strict_U2,
20240129_14_02,True,True,False,True,auxiliary_pretraining_candidate,remains_non_strict_U2,
20240129_14_10,True,True,False,True,auxiliary_pretraining_candidate,remains_non_strict_U2,
20240129_15_03,True,True,False,True,auxiliary_pretraining_candidate,remains_non_strict_U2,
20240130_06_09,True,True,False,True,auxiliary_pretraining_candidate,remains_non_strict_U2,
20240130_09_04,True,True,False,True,auxiliary_pretraining_candidate,remains_non_strict_U2,
20240130_09_08,True,True,False,True,auxiliary_pretraining_candidate,remains_non_strict_U2,
20240130_09_09,True,True,False,True,auxiliary_pretraining_candidate,remains_non_strict_U2,
20240130_10_07,True,True,False,True,auxiliary_pretraining_candidate,remains_non_strict_U2,
20240130_12_08,True,True,False,True,auxiliary_pretraining_candidate,remains_non_strict_U2,
20240130_13_04,True,True,False,True,auxiliary_pretraining_candidate,remains_non_strict_U2,
20240130_14_10,True,True,False,True,auxiliary_pretraining_candidate,remains_non_strict_U2,
20240130_20_01,True,True,False,True,auxiliary_pretraining_candidate,remains_non_strict_U2,
20240131_01_01,True,True,False,True,auxiliary_pretraining_candidate,remains_non_strict_U2,
20240131_05_11,True,True,False,True,auxiliary_pretraining_candidate,remains_non_strict_U2,
20240131_14_05,True,True,False,True,auxiliary_pretraining_candidate,remains_non_strict_U2,
20240131_14_08,True,True,False,True,auxiliary_pretraining_candidate,remains_non_strict_U2,
20240131_14_10,True,True,False,True,auxiliary_pretraining_candidate,remains_non_strict_U2,
20240131_14_11,True,True,False,True,auxiliary_pretraining_candidate,remains_non_strict_U2,
20240131_15_10,True,True,False,True,auxiliary_pretraining_candidate,remains_non_strict_U2,
20240131_19_09,True,True,False,True,auxiliary_pretraining_candidate,remains_non_strict_U2,
20240131_20_05,True,True,False,True,auxiliary_pretraining_candidate,remains_non_strict_U2,
20240131_23_01,True,True,False,True,auxiliary_pretraining_candidate,remains_non_strict_U2,
20240201_02_08,True,True,False,True,auxiliary_pretraining_candidate,remains_non_strict_U2,
20240201_05_03,True,True,False,True,auxiliary_pretraining_candidate,remains_non_strict_U2,
20240201_13_11,True,True,False,True,auxiliary_pretraining_candidate,remains_non_strict_U2,
20240201_19_03,True,True,False,True,auxiliary_pretraining_candidate,remains_non_strict_U2,
20240201_20_04,True,True,False,True,auxiliary_pretraining_candidate,remains_non_strict_U2,
20240201_23_11,True,True,False,True,auxiliary_pretraining_candidate,remains_non_strict_U2,
20240202_02_02,True,True,False,True,auxiliary_pretraining_candidate,remains_non_strict_U2,
20240202_02_04,True,True,False,True,auxiliary_pretraining_candidate,remains_non_strict_U2,
20240202_02_08,True,True,False,True,auxiliary_pretraining_candidate,remains_non_strict_U2,
20240202_05_08,True,True,False,True,auxiliary_pretraining_candidate,remains_non_strict_U2,
20240202_08_11,True,True,False,True,auxiliary_pretraining_candidate,remains_non_strict_U2,
20240202_13_02,True,True,False,True,auxiliary_pretraining_candidate,remains_non_strict_U2,
20240202_13_10,True,True,False,True,auxiliary_pretraining_candidate,remains_non_strict_U2,
20240202_15_01,True,True,False,True,auxiliary_pretraining_candidate,remains_non_strict_U2,
20240202_18_06,True,True,False,True,auxiliary_pretraining_candidate,remains_non_strict_U2,
20240202_18_07,True,True,False,True,auxiliary_pretraining_candidate,remains_non_strict_U2,
20240202_24_01,True,True,False,True,auxiliary_pretraining_candidate,remains_non_strict_U2,
20240202_24_08,True,True,False,True,auxiliary_pretraining_candidate,remains_non_strict_U2,
20240203_02_03,True,True,False,True,auxiliary_pretraining_candidate,remains_non_strict_U2,
20240203_02_08,True,True,False,True,auxiliary_pretraining_candidate,remains_non_strict_U2,
20240203_12_12,True,True,False,True,auxiliary_pretraining_candidate,remains_non_strict_U2,
20240203_16_07,True,True,False,True,auxiliary_pretraining_candidate,remains_non_strict_U2,
20240203_23_08,True,True,False,True,auxiliary_pretraining_candidate,remains_non_strict_U2,
20240203_23_11,True,True,False,True,auxiliary_pretraining_candidate,remains_non_strict_U2,
20240204_04_01,True,True,False,True,auxiliary_pretraining_candidate,remains_non_strict_U2,
20240204_09_09,True,True,False,True,auxiliary_pretraining_candidate,remains_non_strict_U2,
20240204_12_09,True,True,False,True,auxiliary_pretraining_candidate,remains_non_strict_U2,
20240204_21_02,True,True,False,True,auxiliary_pretraining_candidate,remains_non_strict_U2,
20240204_21_04,True,True,False,True,auxiliary_pretraining_candidate,remains_non_strict_U2,
20240204_21_11,True,True,False,True,auxiliary_pretraining_candidate,remains_non_strict_U2,
20240204_23_02,True,True,False,True,auxiliary_pretraining_candidate,remains_non_strict_U2,
20240204_23_04,True,True,False,True,auxiliary_pretraining_candidate,remains_non_strict_U2,
20240205_07_05,True,True,False,True,auxiliary_pretraining_candidate,remains_non_strict_U2,
20240205_07_08,True,True,False,True,auxiliary_pretraining_candidate,remains_non_strict_U2,
20240205_08_12,True,True,False,True,auxiliary_pretraining_candidate,remains_non_strict_U2,
20240205_21_01,True,True,False,True,auxiliary_pretraining_candidate,remains_non_strict_U2,
20240205_21_08,True,True,False,True,auxiliary_pretraining_candidate,remains_non_strict_U2,
20240206_03_09,True,True,False,True,auxiliary_pretraining_candidate,remains_non_strict_U2,
20240206_11_01,True,True,False,True,auxiliary_pretraining_candidate,remains_non_strict_U2,
20240206_12_12,True,True,False,True,auxiliary_pretraining_candidate,remains_non_strict_U2,
20240206_14_05,True,True,False,True,auxiliary_pretraining_candidate,remains_non_strict_U2,
20240206_15_01,True,True,False,True,auxiliary_pretraining_candidate,remains_non_strict_U2,
20240206_15_11,True,True,False,True,auxiliary_pretraining_candidate,remains_non_strict_U2,
20240206_16_11,True,True,False,True,auxiliary_pretraining_candidate,remains_non_strict_U2,
20240206_18_07,True,True,False,True,auxiliary_pretraining_candidate,remains_non_strict_U2,
20240207_01_12,True,True,False,True,auxiliary_pretraining_candidate,remains_non_strict_U2,
20240207_03_01,True,True,False,True,auxiliary_pretraining_candidate,remains_non_strict_U2,
20240207_04_01,True,True,False,True,auxiliary_pretraining_candidate,remains_non_strict_U2,
20240207_04_07,True,True,False,True,auxiliary_pretraining_candidate,remains_non_strict_U2,
20240207_06_12,True,True,False,True,auxiliary_pretraining_candidate,remains_non_strict_U2,
20240207_07_02,True,True,False,True,auxiliary_pretraining_candidate,remains_non_strict_U2,
20240207_07_03,True,True,False,True,auxiliary_pretraining_candidate,remains_non_strict_U2,
20240207_11_08,True,True,False,True,auxiliary_pretraining_candidate,remains_non_strict_U2,
20240207_12_04,True,True,False,True,auxiliary_pretraining_candidate,remains_non_strict_U2,
20240207_12_10,True,True,False,True,auxiliary_pretraining_candidate,remains_non_strict_U2,
20240207_14_04,True,True,False,True,auxiliary_pretraining_candidate,remains_non_strict_U2,
20240207_16_02,True,True,False,True,auxiliary_pretraining_candidate,remains_non_strict_U2,
20240207_18_07,True,True,False,True,auxiliary_pretraining_candidate,remains_non_strict_U2,
20240208_01_09,True,True,False,True,auxiliary_pretraining_candidate,remains_non_strict_U2,
20240208_01_11,True,True,False,True,auxiliary_pretraining_candidate,remains_non_strict_U2,
20240208_02_01,True,True,False,True,auxiliary_pretraining_candidate,remains_non_strict_U2,
20240208_06_03,True,True,False,True,auxiliary_pretraining_candidate,remains_non_strict_U2,
20240208_06_12,True,True,False,True,auxiliary_pretraining_candidate,remains_non_strict_U2,
20240208_07_08,True,True,False,True,auxiliary_pretraining_candidate,remains_non_strict_U2,
20240208_14_12,True,True,False,True,auxiliary_pretraining_candidate,remains_non_strict_U2,
20240208_23_02,True,True,False,True,auxiliary_pretraining_candidate,remains_non_strict_U2,
20240209_02_06,True,True,False,True,auxiliary_pretraining_candidate,remains_non_strict_U2,
20240209_06_03,True,True,False,True,auxiliary_pretraining_candidate,remains_non_strict_U2,
20240209_07_09,True,True,False,True,auxiliary_pretraining_candidate,remains_non_strict_U2,
20240209_07_10,True,True,False,True,auxiliary_pretraining_candidate,remains_non_strict_U2,
20240209_10_06,True,True,False,True,auxiliary_pretraining_candidate,remains_non_strict_U2,
20240209_13_04,True,True,False,True,auxiliary_pretraining_candidate,remains_non_strict_U2,
20240209_21_04,True,True,False,True,auxiliary_pretraining_candidate,remains_non_strict_U2,
20240209_23_12,True,True,False,True,auxiliary_pretraining_candidate,remains_non_strict_U2,
20240210_02_08,True,True,False,True,auxiliary_pretraining_candidate,remains_non_strict_U2,
20240210_02_10,True,True,False,True,auxiliary_pretraining_candidate,remains_non_strict_U2,
20240210_06_07,True,True,False,True,auxiliary_pretraining_candidate,remains_non_strict_U2,
20240210_10_08,True,True,False,True,auxiliary_pretraining_candidate,remains_non_strict_U2,
20240210_13_02,True,True,False,True,auxiliary_pretraining_candidate,remains_non_strict_U2,
20240210_13_05,True,True,False,True,auxiliary_pretraining_candidate,remains_non_strict_U2,
20240210_13_12,True,True,False,True,auxiliary_pretraining_candidate,remains_non_strict_U2,
20240211_01_02,True,True,False,True,auxiliary_pretraining_candidate,remains_non_strict_U2,
20240211_02_02,True,True,False,True,auxiliary_pretraining_candidate,remains_non_strict_U2,
20240211_02_04,True,True,False,True,auxiliary_pretraining_candidate,remains_non_strict_U2,
20240211_06_05,True,True,False,True,auxiliary_pretraining_candidate,remains_non_strict_U2,
20240211_06_10,True,True,False,True,auxiliary_pretraining_candidate,remains_non_strict_U2,
20240211_10_03,True,True,False,True,auxiliary_pretraining_candidate,remains_non_strict_U2,
20240211_10_09,True,True,False,True,auxiliary_pretraining_candidate,remains_non_strict_U2,
20240211_13_06,True,True,False,True,auxiliary_pretraining_candidate,remains_non_strict_U2,
20240211_14_12,True,True,False,True,auxiliary_pretraining_candidate,remains_non_strict_U2,
20240211_15_07,True,True,False,True,auxiliary_pretraining_candidate,remains_non_strict_U2,
20240211_17_06,True,True,False,True,auxiliary_pretraining_candidate,remains_non_strict_U2,
20240211_19_08,True,True,False,True,auxiliary_pretraining_candidate,remains_non_strict_U2,
20240211_19_11,True,True,False,True,auxiliary_pretraining_candidate,remains_non_strict_U2,
20240211_20_09,True,True,False,True,auxiliary_pretraining_candidate,remains_non_strict_U2,
20240212_02_07,True,True,False,True,auxiliary_pretraining_candidate,remains_non_strict_U2,
20240212_02_09,True,True,False,True,auxiliary_pretraining_candidate,remains_non_strict_U2,
20240212_03_02,True,True,False,True,auxiliary_pretraining_candidate,remains_non_strict_U2,
20240212_06_11,True,True,False,True,auxiliary_pretraining_candidate,remains_non_strict_U2,
20240212_10_03,True,True,False,True,auxiliary_pretraining_candidate,remains_non_strict_U2,
20240212_13_02,True,True,False,True,auxiliary_pretraining_candidate,remains_non_strict_U2,
20240212_15_08,True,True,False,True,auxiliary_pretraining_candidate,remains_non_strict_U2,
20240212_15_09,True,True,False,True,auxiliary_pretraining_candidate,remains_non_strict_U2,
20240212_17_01,True,True,False,True,auxiliary_pretraining_candidate,remains_non_strict_U2,
20240212_17_08,True,True,False,True,auxiliary_pretraining_candidate,remains_non_strict_U2,
20240212_17_10,True,True,False,True,auxiliary_pretraining_candidate,remains_non_strict_U2,
20240213_09_06,True,True,False,True,auxiliary_pretraining_candidate,remains_non_strict_U2,
20240213_10_02,True,True,False,True,auxiliary_pretraining_candidate,remains_non_strict_U2,
20240213_11_05,True,True,False,True,auxiliary_pretraining_candidate,remains_non_strict_U2,
20240213_11_11,True,True,False,True,auxiliary_pretraining_candidate,remains_non_strict_U2,
20240213_13_07,True,True,False,True,auxiliary_pretraining_candidate,remains_non_strict_U2,
20240213_14_03,True,True,False,True,auxiliary_pretraining_candidate,remains_non_strict_U2,
20240213_16_04,True,True,False,True,auxiliary_pretraining_candidate,remains_non_strict_U2,
20240213_16_09,True,True,False,True,auxiliary_pretraining_candidate,remains_non_strict_U2,
20240213_17_01,True,True,False,True,auxiliary_pretraining_candidate,remains_non_strict_U2,
20240213_17_06,True,True,False,True,auxiliary_pretraining_candidate,remains_non_strict_U2,
20240213_17_09,True,True,False,True,auxiliary_pretraining_candidate,remains_non_strict_U2,
20240213_19_03,True,True,False,True,auxiliary_pretraining_candidate,remains_non_strict_U2,
20240214_04_03,True,True,False,True,auxiliary_pretraining_candidate,remains_non_strict_U2,
20240214_09_01,True,True,False,True,auxiliary_pretraining_candidate,remains_non_strict_U2,
20240214_09_02,True,True,False,True,auxiliary_pretraining_candidate,remains_non_strict_U2,
20240214_14_02,True,True,False,True,auxiliary_pretraining_candidate,remains_non_strict_U2,
20240214_14_07,True,True,False,True,auxiliary_pretraining_candidate,remains_non_strict_U2,
20240214_14_10,True,True,False,True,auxiliary_pretraining_candidate,remains_non_strict_U2,
20240214_17_05,True,True,False,True,auxiliary_pretraining_candidate,remains_non_strict_U2,
20240214_19_04,True,True,False,True,auxiliary_pretraining_candidate,remains_non_strict_U2,
20240214_23_12,True,True,False,True,auxiliary_pretraining_candidate,remains_non_strict_U2,
20240214_24_12,True,True,False,True,auxiliary_pretraining_candidate,remains_non_strict_U2,
20240215_04_01,True,True,False,True,auxiliary_pretraining_candidate,remains_non_strict_U2,
20240215_04_05,True,True,False,True,auxiliary_pretraining_candidate,remains_non_strict_U2,
20240215_15_06,True,True,False,True,auxiliary_pretraining_candidate,remains_non_strict_U2,
20240215_16_09,True,True,False,True,auxiliary_pretraining_candidate,remains_non_strict_U2,
20240215_17_03,True,True,False,True,auxiliary_pretraining_candidate,remains_non_strict_U2,
20240215_21_12,True,True,False,True,auxiliary_pretraining_candidate,remains_non_strict_U2,
20240215_23_04,True,True,False,True,auxiliary_pretraining_candidate,remains_non_strict_U2,
20240215_23_11,True,True,False,True,auxiliary_pretraining_candidate,remains_non_strict_U2,
20240215_23_12,True,True,False,True,auxiliary_pretraining_candidate,remains_non_strict_U2,
20240215_24_05,True,True,False,True,auxiliary_pretraining_candidate,remains_non_strict_U2,
20240215_24_09,True,True,False,True,auxiliary_pretraining_candidate,remains_non_strict_U2,
20240216_03_08,True,True,False,True,auxiliary_pretraining_candidate,remains_non_strict_U2,
20240216_03_12,True,True,False,True,auxiliary_pretraining_candidate,remains_non_strict_U2,
20240216_04_01,True,True,False,True,auxiliary_pretraining_candidate,remains_non_strict_U2,
20240216_04_02,True,True,False,True,auxiliary_pretraining_candidate,remains_non_strict_U2,
20240216_05_08,True,True,False,True,auxiliary_pretraining_candidate,remains_non_strict_U2,
20240216_06_01,True,True,False,True,auxiliary_pretraining_candidate,remains_non_strict_U2,
20240216_09_04,True,True,False,True,auxiliary_pretraining_candidate,remains_non_strict_U2,
20240216_09_08,True,True,False,True,auxiliary_pretraining_candidate,remains_non_strict_U2,
20240216_11_04,True,True,False,True,auxiliary_pretraining_candidate,remains_non_strict_U2,
20240216_12_11,True,True,False,True,auxiliary_pretraining_candidate,remains_non_strict_U2,
20240216_21_01,True,True,False,True,auxiliary_pretraining_candidate,remains_non_strict_U2,
20240216_21_02,True,True,False,True,auxiliary_pretraining_candidate,remains_non_strict_U2,
20240216_24_02,True,True,False,True,auxiliary_pretraining_candidate,remains_non_strict_U2,
20240217_04_11,True,True,False,True,auxiliary_pretraining_candidate,remains_non_strict_U2,
20240217_06_01,True,True,False,True,auxiliary_pretraining_candidate,remains_non_strict_U2,
20240217_06_12,True,True,False,True,auxiliary_pretraining_candidate,remains_non_strict_U2,
20240217_07_08,True,True,False,True,auxiliary_pretraining_candidate,remains_non_strict_U2,
20240217_12_02,True,True,False,True,auxiliary_pretraining_candidate,remains_non_strict_U2,
20240217_21_04,True,True,False,True,auxiliary_pretraining_candidate,remains_non_strict_U2,
20240217_23_07,True,True,False,True,auxiliary_pretraining_candidate,remains_non_strict_U2,
20240218_03_01,True,True,False,True,auxiliary_pretraining_candidate,remains_non_strict_U2,
20240218_05_10,True,True,False,True,auxiliary_pretraining_candidate,remains_non_strict_U2,
20240218_06_08,True,True,False,True,auxiliary_pretraining_candidate,remains_non_strict_U2,
20240218_08_10,True,True,False,True,auxiliary_pretraining_candidate,remains_non_strict_U2,
20240218_09_07,True,True,False,True,auxiliary_pretraining_candidate,remains_non_strict_U2,
20240218_12_03,True,True,False,True,auxiliary_pretraining_candidate,remains_non_strict_U2,
20240218_12_11,True,True,False,True,auxiliary_pretraining_candidate,remains_non_strict_U2,
20240218_23_06,True,True,False,True,auxiliary_pretraining_candidate,remains_non_strict_U2,
20240218_23_08,True,True,False,True,auxiliary_pretraining_candidate,remains_non_strict_U2,
20240219_04_01,True,True,False,True,auxiliary_pretraining_candidate,remains_non_strict_U2,
20240219_05_04,True,True,False,True,auxiliary_pretraining_candidate,remains_non_strict_U2,
20240219_08_02,True,True,False,True,auxiliary_pretraining_candidate,remains_non_strict_U2,
20240219_14_04,True,True,False,True,auxiliary_pretraining_candidate,remains_non_strict_U2,
20240219_19_09,True,True,False,True,auxiliary_pretraining_candidate,remains_non_strict_U2,
20240219_19_12,True,True,False,True,auxiliary_pretraining_candidate,remains_non_strict_U2,
20240219_24_10,True,True,False,True,auxiliary_pretraining_candidate,remains_non_strict_U2,
20240220_03_05,True,True,False,True,auxiliary_pretraining_candidate,remains_non_strict_U2,
20240220_06_12,True,True,False,True,auxiliary_pretraining_candidate,remains_non_strict_U2,
20240220_07_10,True,True,False,True,auxiliary_pretraining_candidate,remains_non_strict_U2,
20240220_10_10,True,True,False,True,auxiliary_pretraining_candidate,remains_non_strict_U2,
20240220_13_03,True,True,False,True,auxiliary_pretraining_candidate,remains_non_strict_U2,
20240220_14_02,True,True,False,True,auxiliary_pretraining_candidate,remains_non_strict_U2,
20240220_15_06,True,True,False,True,auxiliary_pretraining_candidate,remains_non_strict_U2,
20240220_16_02,True,True,False,True,auxiliary_pretraining_candidate,remains_non_strict_U2,
20240220_16_07,True,True,False,True,auxiliary_pretraining_candidate,remains_non_strict_U2,
20240220_19_08,True,True,False,True,auxiliary_pretraining_candidate,remains_non_strict_U2,
20240221_03_05,True,True,False,True,auxiliary_pretraining_candidate,remains_non_strict_U2,
20240221_07_01,True,True,False,True,auxiliary_pretraining_candidate,remains_non_strict_U2,
20240221_09_10,True,True,False,True,auxiliary_pretraining_candidate,remains_non_strict_U2,
20240221_12_03,True,True,False,True,auxiliary_pretraining_candidate,remains_non_strict_U2,
20240221_15_03,True,True,False,True,auxiliary_pretraining_candidate,remains_non_strict_U2,
20240221_15_04,True,True,False,True,auxiliary_pretraining_candidate,remains_non_strict_U2,
20240221_15_05,True,True,False,True,auxiliary_pretraining_candidate,remains_non_strict_U2,
20240221_16_12,True,True,False,True,auxiliary_pretraining_candidate,remains_non_strict_U2,
20240221_17_08,True,True,False,True,auxiliary_pretraining_candidate,remains_non_strict_U2,
20240221_22_04,True,True,False,True,auxiliary_pretraining_candidate,remains_non_strict_U2,
20240222_02_09,True,True,False,True,auxiliary_pretraining_candidate,remains_non_strict_U2,
20240222_03_10,True,True,False,True,auxiliary_pretraining_candidate,remains_non_strict_U2,
20240222_07_05,True,True,False,True,auxiliary_pretraining_candidate,remains_non_strict_U2,
20240222_09_10,True,True,False,True,auxiliary_pretraining_candidate,remains_non_strict_U2,
20240222_09_12,True,True,False,True,auxiliary_pretraining_candidate,remains_non_strict_U2,
20240222_13_03,True,True,False,True,auxiliary_pretraining_candidate,remains_non_strict_U2,
20240222_17_08,True,True,False,True,auxiliary_pretraining_candidate,remains_non_strict_U2,
20240222_21_01,True,True,False,True,auxiliary_pretraining_candidate,remains_non_strict_U2,
20240223_02_03,True,True,False,True,auxiliary_pretraining_candidate,remains_non_strict_U2,
20240223_03_04,True,True,False,True,auxiliary_pretraining_candidate,remains_non_strict_U2,
20240223_04_03,True,True,False,True,auxiliary_pretraining_candidate,remains_non_strict_U2,
20240223_04_09,True,True,False,True,auxiliary_pretraining_candidate,remains_non_strict_U2,
20240223_04_10,True,True,False,True,auxiliary_pretraining_candidate,remains_non_strict_U2,
20240223_10_06,True,True,False,True,auxiliary_pretraining_candidate,remains_non_strict_U2,
20240223_11_08,True,True,False,True,auxiliary_pretraining_candidate,remains_non_strict_U2,
20240223_12_12,True,True,False,True,auxiliary_pretraining_candidate,remains_non_strict_U2,
20240223_17_05,True,True,False,True,auxiliary_pretraining_candidate,remains_non_strict_U2,
20240224_01_01,True,True,False,True,auxiliary_pretraining_candidate,remains_non_strict_U2,
20240224_01_08,True,True,False,True,auxiliary_pretraining_candidate,remains_non_strict_U2,
20240224_01_11,True,True,False,True,auxiliary_pretraining_candidate,remains_non_strict_U2,
20240224_05_02,True,True,False,True,auxiliary_pretraining_candidate,remains_non_strict_U2,
20240224_06_01,True,True,False,True,auxiliary_pretraining_candidate,remains_non_strict_U2,
20240224_10_02,True,True,False,True,auxiliary_pretraining_candidate,remains_non_strict_U2,
20240224_15_09,True,True,False,True,auxiliary_pretraining_candidate,remains_non_strict_U2,
20240224_17_07,True,True,False,True,auxiliary_pretraining_candidate,remains_non_strict_U2,
20240224_20_01,True,True,False,True,auxiliary_pretraining_candidate,remains_non_strict_U2,
20240224_21_05,True,True,False,True,auxiliary_pretraining_candidate,remains_non_strict_U2,
20240224_22_11,True,True,False,True,auxiliary_pretraining_candidate,remains_non_strict_U2,
20240225_01_05,True,True,False,True,auxiliary_pretraining_candidate,remains_non_strict_U2,
20240225_04_05,True,True,False,True,auxiliary_pretraining_candidate,remains_non_strict_U2,
20240225_04_08,True,True,False,True,auxiliary_pretraining_candidate,remains_non_strict_U2,
20240225_05_07,True,True,False,True,auxiliary_pretraining_candidate,remains_non_strict_U2,
20240225_06_12,True,True,False,True,auxiliary_pretraining_candidate,remains_non_strict_U2,
20240225_07_06,True,True,False,True,auxiliary_pretraining_candidate,remains_non_strict_U2,
20240225_14_08,True,True,False,True,auxiliary_pretraining_candidate,remains_non_strict_U2,
20240225_15_01,True,True,False,True,auxiliary_pretraining_candidate,remains_non_strict_U2,
20240225_16_11,True,True,False,True,auxiliary_pretraining_candidate,remains_non_strict_U2,
20240225_20_12,True,True,False,True,auxiliary_pretraining_candidate,remains_non_strict_U2,
20240225_21_01,True,True,False,True,auxiliary_pretraining_candidate,remains_non_strict_U2,
20240225_22_07,True,True,False,True,auxiliary_pretraining_candidate,remains_non_strict_U2,
20240225_22_12,True,True,False,True,auxiliary_pretraining_candidate,remains_non_strict_U2,
20240226_01_09,True,True,False,True,auxiliary_pretraining_candidate,remains_non_strict_U2,
20240226_05_02,True,True,False,True,auxiliary_pretraining_candidate,remains_non_strict_U2,
20240226_05_08,True,True,False,True,auxiliary_pretraining_candidate,remains_non_strict_U2,
20240226_07_10,True,True,False,True,auxiliary_pretraining_candidate,remains_non_strict_U2,
20240226_19_03,True,True,False,True,auxiliary_pretraining_candidate,remains_non_strict_U2,
20240226_19_06,True,True,False,True,auxiliary_pretraining_candidate,remains_non_strict_U2,
20240226_19_10,True,True,False,True,auxiliary_pretraining_candidate,remains_non_strict_U2,
20240226_20_03,True,True,False,True,auxiliary_pretraining_candidate,remains_non_strict_U2,
20240226_20_10,True,True,False,True,auxiliary_pretraining_candidate,remains_non_strict_U2,
20240226_21_08,True,True,False,True,auxiliary_pretraining_candidate,remains_non_strict_U2,
20240227_07_02,True,True,False,True,auxiliary_pretraining_candidate,remains_non_strict_U2,
20240227_08_08,True,True,False,True,auxiliary_pretraining_candidate,remains_non_strict_U2,
20240227_08_10,True,True,False,True,auxiliary_pretraining_candidate,remains_non_strict_U2,
20240227_13_07,True,True,False,True,auxiliary_pretraining_candidate,remains_non_strict_U2,
20240227_14_06,True,True,False,True,auxiliary_pretraining_candidate,remains_non_strict_U2,
20240227_14_10,True,True,False,True,auxiliary_pretraining_candidate,remains_non_strict_U2,
20240227_19_03,True,True,False,True,auxiliary_pretraining_candidate,remains_non_strict_U2,
20240227_23_10,True,True,False,True,auxiliary_pretraining_candidate,remains_non_strict_U2,
20240228_03_01,True,True,False,True,auxiliary_pretraining_candidate,remains_non_strict_U2,
20240228_07_07,True,True,False,True,auxiliary_pretraining_candidate,remains_non_strict_U2,
20240228_13_10,True,True,False,True,auxiliary_pretraining_candidate,remains_non_strict_U2,
20240228_15_03,True,True,False,True,auxiliary_pretraining_candidate,remains_non_strict_U2,
20240228_15_07,True,True,False,True,auxiliary_pretraining_candidate,remains_non_strict_U2,
20240228_23_07,True,True,False,True,auxiliary_pretraining_candidate,remains_non_strict_U2,
20240228_24_05,True,True,False,True,auxiliary_pretraining_candidate,remains_non_strict_U2,
20240229_03_06,True,True,False,True,auxiliary_pretraining_candidate,remains_non_strict_U2,
20240229_05_01,True,True,False,True,auxiliary_pretraining_candidate,remains_non_strict_U2,
20240229_10_07,True,True,False,True,auxiliary_pretraining_candidate,remains_non_strict_U2,
20240229_10_11,True,True,False,True,auxiliary_pretraining_candidate,remains_non_strict_U2,
20240229_19_01,True,True,False,True,auxiliary_pretraining_candidate,remains_non_strict_U2,
20240229_19_12,True,True,False,True,auxiliary_pretraining_candidate,remains_non_strict_U2,
20240229_23_08,True,True,False,True,auxiliary_pretraining_candidate,remains_non_strict_U2,
20240229_24_11,True,True,False,True,auxiliary_pretraining_candidate,remains_non_strict_U2,
20240301_10_09,True,True,False,True,auxiliary_pretraining_candidate,remains_non_strict_U2,
20240301_10_11,True,True,False,True,auxiliary_pretraining_candidate,remains_non_strict_U2,
20240301_10_12,True,True,False,True,auxiliary_pretraining_candidate,remains_non_strict_U2,
20240301_19_04,True,True,False,True,auxiliary_pretraining_candidate,remains_non_strict_U2,
20240301_22_06,True,True,False,True,auxiliary_pretraining_candidate,remains_non_strict_U2,
20240301_22_11,True,True,False,True,auxiliary_pretraining_candidate,remains_non_strict_U2,
20240302_03_03,True,True,False,True,auxiliary_pretraining_candidate,remains_non_strict_U2,
20240302_07_07,True,True,False,True,auxiliary_pretraining_candidate,remains_non_strict_U2,
20240302_07_09,True,True,False,True,auxiliary_pretraining_candidate,remains_non_strict_U2,
20240302_11_12,True,True,False,True,auxiliary_pretraining_candidate,remains_non_strict_U2,
20240302_15_09,True,True,False,True,auxiliary_pretraining_candidate,remains_non_strict_U2,
20240302_17_11,True,True,False,True,auxiliary_pretraining_candidate,remains_non_strict_U2,
20240302_22_03,True,True,False,True,auxiliary_pretraining_candidate,remains_non_strict_U2,
20240302_23_04,True,True,False,True,auxiliary_pretraining_candidate,remains_non_strict_U2,
20240302_23_06,True,True,False,True,auxiliary_pretraining_candidate,remains_non_strict_U2,
20240302_23_10,True,True,False,True,auxiliary_pretraining_candidate,remains_non_strict_U2,
20240303_02_01,True,True,False,True,auxiliary_pretraining_candidate,remains_non_strict_U2,
20240303_04_03,True,True,False,True,auxiliary_pretraining_candidate,remains_non_strict_U2,
20240303_04_12,True,True,False,True,auxiliary_pretraining_candidate,remains_non_strict_U2,
20240303_06_01,True,True,False,True,auxiliary_pretraining_candidate,remains_non_strict_U2,
20240303_07_01,True,True,False,True,auxiliary_pretraining_candidate,remains_non_strict_U2,
20240303_11_06,True,True,False,True,auxiliary_pretraining_candidate,remains_non_strict_U2,
20240303_11_07,True,True,False,True,auxiliary_pretraining_candidate,remains_non_strict_U2,
20240303_20_12,True,True,False,True,auxiliary_pretraining_candidate,remains_non_strict_U2,
20240303_21_08,True,True,False,True,auxiliary_pretraining_candidate,remains_non_strict_U2,
20240303_23_02,True,True,False,True,auxiliary_pretraining_candidate,remains_non_strict_U2,
20240304_03_03,True,True,False,True,auxiliary_pretraining_candidate,remains_non_strict_U2,
20240304_04_10,True,True,False,True,auxiliary_pretraining_candidate,remains_non_strict_U2,
20240304_07_02,True,True,False,True,auxiliary_pretraining_candidate,remains_non_strict_U2,
20240304_09_03,True,True,False,True,auxiliary_pretraining_candidate,remains_non_strict_U2,
20240304_09_10,True,True,False,True,auxiliary_pretraining_candidate,remains_non_strict_U2,
20240304_11_01,True,True,False,True,auxiliary_pretraining_candidate,remains_non_strict_U2,
20240304_13_10,True,True,False,True,auxiliary_pretraining_candidate,remains_non_strict_U2,
20240304_16_04,True,True,False,True,auxiliary_pretraining_candidate,remains_non_strict_U2,
20240304_20_05,True,True,False,True,auxiliary_pretraining_candidate,remains_non_strict_U2,
20240304_21_12,True,True,False,True,auxiliary_pretraining_candidate,remains_non_strict_U2,
20240305_01_06,True,True,False,True,auxiliary_pretraining_candidate,remains_non_strict_U2,
20240305_01_10,True,True,False,True,auxiliary_pretraining_candidate,remains_non_strict_U2,
20240305_06_03,True,True,False,True,auxiliary_pretraining_candidate,remains_non_strict_U2,
20240305_07_03,True,True,False,True,auxiliary_pretraining_candidate,remains_non_strict_U2,
20240305_07_09,True,True,False,True,auxiliary_pretraining_candidate,remains_non_strict_U2,
20240305_08_11,True,True,False,True,auxiliary_pretraining_candidate,remains_non_strict_U2,
20240305_11_10,True,True,False,True,auxiliary_pretraining_candidate,remains_non_strict_U2,
20240305_16_03,True,True,False,True,auxiliary_pretraining_candidate,remains_non_strict_U2,
20240305_24_09,True,True,False,True,auxiliary_pretraining_candidate,remains_non_strict_U2,
20240306_01_03,True,True,False,True,auxiliary_pretraining_candidate,remains_non_strict_U2,
20240306_05_04,True,True,False,True,auxiliary_pretraining_candidate,remains_non_strict_U2,
20240306_05_06,True,True,False,True,auxiliary_pretraining_candidate,remains_non_strict_U2,
20240306_05_07,True,True,False,True,auxiliary_pretraining_candidate,remains_non_strict_U2,
20240306_07_07,True,True,False,True,auxiliary_pretraining_candidate,remains_non_strict_U2,
20240306_07_09,True,True,False,True,auxiliary_pretraining_candidate,remains_non_strict_U2,
20240306_08_11,True,True,False,True,auxiliary_pretraining_candidate,remains_non_strict_U2,
20240306_16_03,True,True,False,True,auxiliary_pretraining_candidate,remains_non_strict_U2,
20240306_16_06,True,True,False,True,auxiliary_pretraining_candidate,remains_non_strict_U2,
20240306_16_07,True,True,False,True,auxiliary_pretraining_candidate,remains_non_strict_U2,
20240306_20_05,True,True,False,True,auxiliary_pretraining_candidate,remains_non_strict_U2,
20240307_03_03,True,True,False,True,auxiliary_pretraining_candidate,remains_non_strict_U2,
20240307_05_09,True,True,False,True,auxiliary_pretraining_candidate,remains_non_strict_U2,
20240307_07_02,True,True,False,True,auxiliary_pretraining_candidate,remains_non_strict_U2,
20240307_07_04,True,True,False,True,auxiliary_pretraining_candidate,remains_non_strict_U2,
20240307_07_09,True,True,False,True,auxiliary_pretraining_candidate,remains_non_strict_U2,
20240307_10_05,True,True,False,True,auxiliary_pretraining_candidate,remains_non_strict_U2,
20240307_15_05,True,True,False,True,auxiliary_pretraining_candidate,remains_non_strict_U2,
20240307_15_10,True,True,False,True,auxiliary_pretraining_candidate,remains_non_strict_U2,
20240307_15_12,True,True,False,True,auxiliary_pretraining_candidate,remains_non_strict_U2,
20240307_23_01,True,True,False,True,auxiliary_pretraining_candidate,remains_non_strict_U2,
20240307_23_07,True,True,False,True,auxiliary_pretraining_candidate,remains_non_strict_U2,
20240307_23_08,True,True,False,True,auxiliary_pretraining_candidate,remains_non_strict_U2,
20240308_03_03,True,True,False,True,auxiliary_pretraining_candidate,remains_non_strict_U2,
20240308_05_02,True,True,False,True,auxiliary_pretraining_candidate,remains_non_strict_U2,
20240308_08_02,True,True,False,True,auxiliary_pretraining_candidate,remains_non_strict_U2,
20240308_09_05,True,True,False,True,auxiliary_pretraining_candidate,remains_non_strict_U2,
20240308_13_11,True,True,False,True,auxiliary_pretraining_candidate,remains_non_strict_U2,
20240308_15_06,True,True,False,True,auxiliary_pretraining_candidate,remains_non_strict_U2,
20240308_24_04,True,True,False,True,auxiliary_pretraining_candidate,remains_non_strict_U2,
20240308_24_10,True,True,False,True,auxiliary_pretraining_candidate,remains_non_strict_U2,
20240309_01_05,True,True,False,True,auxiliary_pretraining_candidate,remains_non_strict_U2,
20240309_01_08,True,True,False,True,auxiliary_pretraining_candidate,remains_non_strict_U2,
20240309_02_01,True,True,False,True,auxiliary_pretraining_candidate,remains_non_strict_U2,
20240309_08_10,True,True,False,True,auxiliary_pretraining_candidate,remains_non_strict_U2,
20240309_08_11,True,True,False,True,auxiliary_pretraining_candidate,remains_non_strict_U2,
20240309_09_04,True,True,False,True,auxiliary_pretraining_candidate,remains_non_strict_U2,
20240309_09_06,True,True,False,True,auxiliary_pretraining_candidate,remains_non_strict_U2,
20240309_13_12,True,True,False,True,auxiliary_pretraining_candidate,remains_non_strict_U2,
20240309_22_09,True,True,False,True,auxiliary_pretraining_candidate,remains_non_strict_U2,
20240309_22_12,True,True,False,True,auxiliary_pretraining_candidate,remains_non_strict_U2,
20240309_24_12,True,True,False,True,auxiliary_pretraining_candidate,remains_non_strict_U2,
20240310_01_08,True,True,False,True,auxiliary_pretraining_candidate,remains_non_strict_U2,
20240310_01_11,True,True,False,True,auxiliary_pretraining_candidate,remains_non_strict_U2,
20240310_02_12,True,True,False,True,auxiliary_pretraining_candidate,remains_non_strict_U2,
20240310_03_07,True,True,False,True,auxiliary_pretraining_candidate,remains_non_strict_U2,
20240310_07_06,True,True,False,True,auxiliary_pretraining_candidate,remains_non_strict_U2,
20240310_08_12,True,True,False,True,auxiliary_pretraining_candidate,remains_non_strict_U2,
20240310_09_01,True,True,False,True,auxiliary_pretraining_candidate,remains_non_strict_U2,
20240310_09_12,True,True,False,True,auxiliary_pretraining_candidate,remains_non_strict_U2,
20240310_23_04,True,True,False,True,auxiliary_pretraining_candidate,remains_non_strict_U2,
20240310_24_04,True,True,False,True,auxiliary_pretraining_candidate,remains_non_strict_U2,
20240311_04_05,True,True,False,True,auxiliary_pretraining_candidate,remains_non_strict_U2,
20240311_04_09,True,True,False,True,auxiliary_pretraining_candidate,remains_non_strict_U2,
20240311_09_01,True,True,False,True,auxiliary_pretraining_candidate,remains_non_strict_U2,
20240311_20_03,True,True,False,True,auxiliary_pretraining_candidate,remains_non_strict_U2,
20240311_20_05,True,True,False,True,auxiliary_pretraining_candidate,remains_non_strict_U2,
20240311_21_04,True,True,False,True,auxiliary_pretraining_candidate,remains_non_strict_U2,
20240311_21_09,True,True,False,True,auxiliary_pretraining_candidate,remains_non_strict_U2,
20240311_22_04,True,True,False,True,auxiliary_pretraining_candidate,remains_non_strict_U2,
20240311_22_11,True,True,False,True,auxiliary_pretraining_candidate,remains_non_strict_U2,
20240312_04_08,True,True,False,True,auxiliary_pretraining_candidate,remains_non_strict_U2,
20240312_06_02,True,True,False,True,auxiliary_pretraining_candidate,remains_non_strict_U2,
20240312_06_04,True,True,False,True,auxiliary_pretraining_candidate,remains_non_strict_U2,
20240312_06_05,True,True,False,True,auxiliary_pretraining_candidate,remains_non_strict_U2,
20240312_06_06,True,True,False,True,auxiliary_pretraining_candidate,remains_non_strict_U2,
20240312_09_11,True,True,False,True,auxiliary_pretraining_candidate,remains_non_strict_U2,
20240312_16_08,True,True,False,True,auxiliary_pretraining_candidate,remains_non_strict_U2,
20240312_17_08,True,True,False,True,auxiliary_pretraining_candidate,remains_non_strict_U2,
20240312_21_09,True,True,False,True,auxiliary_pretraining_candidate,remains_non_strict_U2,
20240312_22_02,True,True,False,True,auxiliary_pretraining_candidate,remains_non_strict_U2,
20240313_06_01,True,True,False,True,auxiliary_pretraining_candidate,remains_non_strict_U2,
20240313_06_10,True,True,False,True,auxiliary_pretraining_candidate,remains_non_strict_U2,
20240313_16_02,True,True,False,True,auxiliary_pretraining_candidate,remains_non_strict_U2,
20240313_16_03,True,True,False,True,auxiliary_pretraining_candidate,remains_non_strict_U2,
20240313_17_07,True,True,False,True,auxiliary_pretraining_candidate,remains_non_strict_U2,
20240313_17_10,True,True,False,True,auxiliary_pretraining_candidate,remains_non_strict_U2,
20240313_19_03,True,True,False,True,auxiliary_pretraining_candidate,remains_non_strict_U2,
20240313_19_08,True,True,False,True,auxiliary_pretraining_candidate,remains_non_strict_U2,
20240313_20_09,True,True,False,True,auxiliary_pretraining_candidate,remains_non_strict_U2,
20240313_21_12,True,True,False,True,auxiliary_pretraining_candidate,remains_non_strict_U2,
20240313_22_01,True,True,False,True,auxiliary_pretraining_candidate,remains_non_strict_U2,
20240313_22_06,True,True,False,True,auxiliary_pretraining_candidate,remains_non_strict_U2,
20240314_03_07,True,True,False,True,auxiliary_pretraining_candidate,remains_non_strict_U2,
20240314_06_02,True,True,False,True,auxiliary_pretraining_candidate,remains_non_strict_U2,
20240314_06_06,True,True,False,True,auxiliary_pretraining_candidate,remains_non_strict_U2,
20240314_07_09,True,True,False,True,auxiliary_pretraining_candidate,remains_non_strict_U2,
20240314_10_07,True,True,False,True,auxiliary_pretraining_candidate,remains_non_strict_U2,
20240314_11_02,True,True,False,True,auxiliary_pretraining_candidate,remains_non_strict_U2,
20240314_11_03,True,True,False,True,auxiliary_pretraining_candidate,remains_non_strict_U2,
20240314_11_10,True,True,False,True,auxiliary_pretraining_candidate,remains_non_strict_U2,
20240314_13_05,True,True,False,True,auxiliary_pretraining_candidate,remains_non_strict_U2,
20240314_16_11,True,True,False,True,auxiliary_pretraining_candidate,remains_non_strict_U2,
20240314_19_05,True,True,False,True,auxiliary_pretraining_candidate,remains_non_strict_U2,
20240314_20_11,True,True,False,True,auxiliary_pretraining_candidate,remains_non_strict_U2,
20240315_02_11,True,True,False,True,auxiliary_pretraining_candidate,remains_non_strict_U2,
20240315_06_03,True,True,False,True,auxiliary_pretraining_candidate,remains_non_strict_U2,
20240315_06_05,True,True,False,True,auxiliary_pretraining_candidate,remains_non_strict_U2,
20240315_06_06,True,True,False,True,auxiliary_pretraining_candidate,remains_non_strict_U2,
20240315_06_11,True,True,False,True,auxiliary_pretraining_candidate,remains_non_strict_U2,
20240315_06_12,True,True,False,True,auxiliary_pretraining_candidate,remains_non_strict_U2,
20240315_07_12,True,True,False,True,auxiliary_pretraining_candidate,remains_non_strict_U2,
20240315_19_02,True,True,False,True,auxiliary_pretraining_candidate,remains_non_strict_U2,
20240316_10_04,True,True,False,True,auxiliary_pretraining_candidate,remains_non_strict_U2,
20240316_11_07,True,True,False,True,auxiliary_pretraining_candidate,remains_non_strict_U2,
20240316_12_07,True,True,False,True,auxiliary_pretraining_candidate,remains_non_strict_U2,
20240316_13_04,True,True,False,True,auxiliary_pretraining_candidate,remains_non_strict_U2,
20240316_15_01,True,True,False,True,auxiliary_pretraining_candidate,remains_non_strict_U2,
20240316_21_02,True,True,False,True,auxiliary_pretraining_candidate,remains_non_strict_U2,
20240317_01_05,True,True,False,True,auxiliary_pretraining_candidate,remains_non_strict_U2,
20240317_06_08,True,True,False,True,auxiliary_pretraining_candidate,remains_non_strict_U2,
20240317_09_02,True,True,False,True,auxiliary_pretraining_candidate,remains_non_strict_U2,
20240317_09_03,True,True,False,True,auxiliary_pretraining_candidate,remains_non_strict_U2,
20240317_09_08,True,True,False,True,auxiliary_pretraining_candidate,remains_non_strict_U2,
20240317_12_09,True,True,False,True,auxiliary_pretraining_candidate,remains_non_strict_U2,
20240317_19_07,True,True,False,True,auxiliary_pretraining_candidate,remains_non_strict_U2,
20240317_21_01,True,True,False,True,auxiliary_pretraining_candidate,remains_non_strict_U2,
20240317_24_12,True,True,False,True,auxiliary_pretraining_candidate,remains_non_strict_U2,
20240318_02_05,True,True,False,True,auxiliary_pretraining_candidate,remains_non_strict_U2,
20240318_08_12,True,True,False,True,auxiliary_pretraining_candidate,remains_non_strict_U2,
20240318_12_07,True,True,False,True,auxiliary_pretraining_candidate,remains_non_strict_U2,
20240318_12_08,True,True,False,True,auxiliary_pretraining_candidate,remains_non_strict_U2,
20240318_12_09,True,True,False,True,auxiliary_pretraining_candidate,remains_non_strict_U2,
20240318_15_03,True,True,False,True,auxiliary_pretraining_candidate,remains_non_strict_U2,
20240318_17_08,True,True,False,True,auxiliary_pretraining_candidate,remains_non_strict_U2,
20240318_23_01,True,True,False,True,auxiliary_pretraining_candidate,remains_non_strict_U2,
20240318_24_08,True,True,False,True,auxiliary_pretraining_candidate,remains_non_strict_U2,
20240319_02_06,True,True,False,True,auxiliary_pretraining_candidate,remains_non_strict_U2,
20240319_03_02,True,True,False,True,auxiliary_pretraining_candidate,remains_non_strict_U2,
20240319_11_09,True,True,False,True,auxiliary_pretraining_candidate,remains_non_strict_U2,
20240319_12_01,True,True,False,True,auxiliary_pretraining_candidate,remains_non_strict_U2,
20240319_17_02,True,True,False,True,auxiliary_pretraining_candidate,remains_non_strict_U2,
20240319_17_10,True,True,False,True,auxiliary_pretraining_candidate,remains_non_strict_U2,
20240320_02_12,True,True,False,True,auxiliary_pretraining_candidate,remains_non_strict_U2,
20240320_05_04,True,True,False,True,auxiliary_pretraining_candidate,remains_non_strict_U2,
20240320_17_01,True,True,False,True,auxiliary_pretraining_candidate,remains_non_strict_U2,
20240320_17_02,True,True,False,True,auxiliary_pretraining_candidate,remains_non_strict_U2,
20240320_22_03,True,True,False,True,auxiliary_pretraining_candidate,remains_non_strict_U2,
20240320_23_11,True,True,False,True,auxiliary_pretraining_candidate,remains_non_strict_U2,
20240320_24_05,True,True,False,True,auxiliary_pretraining_candidate,remains_non_strict_U2,
20240321_01_07,True,True,False,True,auxiliary_pretraining_candidate,remains_non_strict_U2,
20240321_06_03,True,True,False,True,auxiliary_pretraining_candidate,remains_non_strict_U2,
20240321_06_08,True,True,False,True,auxiliary_pretraining_candidate,remains_non_strict_U2,
20240321_08_06,True,True,False,True,auxiliary_pretraining_candidate,remains_non_strict_U2,
20240321_10_06,True,True,False,True,auxiliary_pretraining_candidate,remains_non_strict_U2,
20240321_17_04,True,True,False,True,auxiliary_pretraining_candidate,remains_non_strict_U2,
20240321_23_09,True,True,False,True,auxiliary_pretraining_candidate,remains_non_strict_U2,
20240321_24_04,True,True,False,True,auxiliary_pretraining_candidate,remains_non_strict_U2,
20240322_05_02,True,True,False,True,auxiliary_pretraining_candidate,remains_non_strict_U2,
20240322_06_04,True,True,False,True,auxiliary_pretraining_candidate,remains_non_strict_U2,
20240322_09_08,True,True,False,True,auxiliary_pretraining_candidate,remains_non_strict_U2,
20240322_09_11,True,True,False,True,auxiliary_pretraining_candidate,remains_non_strict_U2,
20240322_13_11,True,True,False,True,auxiliary_pretraining_candidate,remains_non_strict_U2,
20240322_22_10,True,True,False,True,auxiliary_pretraining_candidate,remains_non_strict_U2,
20240322_22_12,True,True,False,True,auxiliary_pretraining_candidate,remains_non_strict_U2,
20240323_04_04,True,True,False,True,auxiliary_pretraining_candidate,remains_non_strict_U2,
20240323_04_06,True,True,False,True,auxiliary_pretraining_candidate,remains_non_strict_U2,
20240323_04_10,True,True,False,True,auxiliary_pretraining_candidate,remains_non_strict_U2,
20240323_05_12,True,True,False,True,auxiliary_pretraining_candidate,remains_non_strict_U2,
20240323_10_04,True,True,False,True,auxiliary_pretraining_candidate,remains_non_strict_U2,
20240323_10_12,True,True,False,True,auxiliary_pretraining_candidate,remains_non_strict_U2,
20240323_21_01,True,True,False,True,auxiliary_pretraining_candidate,remains_non_strict_U2,
20240323_21_12,True,True,False,True,auxiliary_pretraining_candidate,remains_non_strict_U2,
20240323_24_02,True,True,False,True,auxiliary_pretraining_candidate,remains_non_strict_U2,
20240324_03_03,True,True,False,True,auxiliary_pretraining_candidate,remains_non_strict_U2,
20240324_03_06,True,True,False,True,auxiliary_pretraining_candidate,remains_non_strict_U2,
20240324_04_10,True,True,False,True,auxiliary_pretraining_candidate,remains_non_strict_U2,
20240324_04_12,True,True,False,True,auxiliary_pretraining_candidate,remains_non_strict_U2,
20240324_06_05,True,True,False,True,auxiliary_pretraining_candidate,remains_non_strict_U2,
20240324_10_06,True,True,False,True,auxiliary_pretraining_candidate,remains_non_strict_U2,
20240324_10_10,True,True,False,True,auxiliary_pretraining_candidate,remains_non_strict_U2,
20240324_11_09,True,True,False,True,auxiliary_pretraining_candidate,remains_non_strict_U2,
20240324_12_10,True,True,False,True,auxiliary_pretraining_candidate,remains_non_strict_U2,
20240324_19_07,True,True,False,True,auxiliary_pretraining_candidate,remains_non_strict_U2,
20240324_21_05,True,True,False,True,auxiliary_pretraining_candidate,remains_non_strict_U2,
20240325_03_03,True,True,False,True,auxiliary_pretraining_candidate,remains_non_strict_U2,
20240325_10_04,True,True,False,True,auxiliary_pretraining_candidate,remains_non_strict_U2,
20240325_12_02,True,True,False,True,auxiliary_pretraining_candidate,remains_non_strict_U2,
20240326_03_01,True,True,False,True,auxiliary_pretraining_candidate,remains_non_strict_U2,
20240326_03_03,True,True,False,True,auxiliary_pretraining_candidate,remains_non_strict_U2,
20240326_03_08,True,True,False,True,auxiliary_pretraining_candidate,remains_non_strict_U2,
20240326_03_09,True,True,False,True,auxiliary_pretraining_candidate,remains_non_strict_U2,
20240326_08_10,True,True,False,True,auxiliary_pretraining_candidate,remains_non_strict_U2,
20240326_09_10,True,True,False,True,auxiliary_pretraining_candidate,remains_non_strict_U2,
20240326_11_08,True,True,False,True,auxiliary_pretraining_candidate,remains_non_strict_U2,
20240326_11_12,True,True,False,True,auxiliary_pretraining_candidate,remains_non_strict_U2,
20240326_12_05,True,True,False,True,auxiliary_pretraining_candidate,remains_non_strict_U2,
20240326_17_06,True,True,False,True,auxiliary_pretraining_candidate,remains_non_strict_U2,
20240327_03_11,True,True,False,True,auxiliary_pretraining_candidate,remains_non_strict_U2,
20240327_04_01,True,True,False,True,auxiliary_pretraining_candidate,remains_non_strict_U2,
20240327_04_05,True,True,False,True,auxiliary_pretraining_candidate,remains_non_strict_U2,
20240327_11_02,True,True,False,True,auxiliary_pretraining_candidate,remains_non_strict_U2,
20240327_22_05,True,True,False,True,auxiliary_pretraining_candidate,remains_non_strict_U2,
20240328_04_08,True,True,False,True,auxiliary_pretraining_candidate,remains_non_strict_U2,
20240328_04_09,True,True,False,True,auxiliary_pretraining_candidate,remains_non_strict_U2,
20240328_08_05,True,True,False,True,auxiliary_pretraining_candidate,remains_non_strict_U2,
20240328_11_09,True,True,False,True,auxiliary_pretraining_candidate,remains_non_strict_U2,
20240328_11_12,True,True,False,True,auxiliary_pretraining_candidate,remains_non_strict_U2,
20240328_22_08,True,True,False,True,auxiliary_pretraining_candidate,remains_non_strict_U2,
20240329_06_05,True,True,False,True,auxiliary_pretraining_candidate,remains_non_strict_U2,
20240329_06_09,True,True,False,True,auxiliary_pretraining_candidate,remains_non_strict_U2,
20240329_17_05,True,True,False,True,auxiliary_pretraining_candidate,remains_non_strict_U2,
20240330_07_06,True,True,False,True,auxiliary_pretraining_candidate,remains_non_strict_U2,
20240330_19_10,True,True,False,True,auxiliary_pretraining_candidate,remains_non_strict_U2,
20240331_06_04,True,True,False,True,auxiliary_pretraining_candidate,remains_non_strict_U2,
20240331_07_01,True,True,False,True,auxiliary_pretraining_candidate,remains_non_strict_U2,
20240331_07_05,True,True,False,True,auxiliary_pretraining_candidate,remains_non_strict_U2,
20240331_10_08,True,True,False,True,auxiliary_pretraining_candidate,remains_non_strict_U2,
20240331_10_11,True,True,False,True,auxiliary_pretraining_candidate,remains_non_strict_U2,
20240331_17_02,True,True,False,True,auxiliary_pretraining_candidate,remains_non_strict_U2,
20240331_19_01,True,True,False,True,auxiliary_pretraining_candidate,remains_non_strict_U2,
20240331_19_09,True,True,False,True,auxiliary_pretraining_candidate,remains_non_strict_U2,
20240331_21_02,True,True,False,True,auxiliary_pretraining_candidate,remains_non_strict_U2,
20240401_07_01,True,True,False,True,auxiliary_pretraining_candidate,remains_non_strict_U2,
20240401_07_08,True,True,False,True,auxiliary_pretraining_candidate,remains_non_strict_U2,
20240401_08_10,True,True,False,True,auxiliary_pretraining_candidate,remains_non_strict_U2,
20240401_10_03,True,True,False,True,auxiliary_pretraining_candidate,remains_non_strict_U2,
20240401_21_06,True,True,False,True,auxiliary_pretraining_candidate,remains_non_strict_U2,
20240401_24_07,True,True,False,True,auxiliary_pretraining_candidate,remains_non_strict_U2,
20240402_02_09,True,True,False,True,auxiliary_pretraining_candidate,remains_non_strict_U2,
20240402_04_03,True,True,False,True,auxiliary_pretraining_candidate,remains_non_strict_U2,
20240402_05_03,True,True,False,True,auxiliary_pretraining_candidate,remains_non_strict_U2,
20240402_06_01,True,True,False,True,auxiliary_pretraining_candidate,remains_non_strict_U2,
20240402_06_04,True,True,False,True,auxiliary_pretraining_candidate,remains_non_strict_U2,
20240402_06_08,True,True,False,True,auxiliary_pretraining_candidate,remains_non_strict_U2,
20240402_07_05,True,True,False,True,auxiliary_pretraining_candidate,remains_non_strict_U2,
20240402_12_08,True,True,False,True,auxiliary_pretraining_candidate,remains_non_strict_U2,
20240402_20_06,True,True,False,True,auxiliary_pretraining_candidate,remains_non_strict_U2,
20240402_21_06,True,True,False,True,auxiliary_pretraining_candidate,remains_non_strict_U2,
20240403_02_01,True,True,False,True,auxiliary_pretraining_candidate,remains_non_strict_U2,
20240403_02_09,True,True,False,True,auxiliary_pretraining_candidate,remains_non_strict_U2,
20240403_04_02,True,True,False,True,auxiliary_pretraining_candidate,remains_non_strict_U2,
20240403_12_04,True,True,False,True,auxiliary_pretraining_candidate,remains_non_strict_U2,
20240403_20_04,True,True,False,True,auxiliary_pretraining_candidate,remains_non_strict_U2,
20240404_08_02,True,True,False,True,auxiliary_pretraining_candidate,remains_non_strict_U2,
20240404_08_05,True,True,False,True,auxiliary_pretraining_candidate,remains_non_strict_U2,
20240404_09_10,True,True,False,True,auxiliary_pretraining_candidate,remains_non_strict_U2,
20240404_14_02,True,True,False,True,auxiliary_pretraining_candidate,remains_non_strict_U2,
20240404_20_07,True,True,False,True,auxiliary_pretraining_candidate,remains_non_strict_U2,
20240404_22_01,True,True,False,True,auxiliary_pretraining_candidate,remains_non_strict_U2,
20240405_03_02,True,True,False,True,auxiliary_pretraining_candidate,remains_non_strict_U2,
20240405_05_06,True,True,False,True,auxiliary_pretraining_candidate,remains_non_strict_U2,
20240405_09_10,True,True,False,True,auxiliary_pretraining_candidate,remains_non_strict_U2,
20240405_12_10,True,True,False,True,auxiliary_pretraining_candidate,remains_non_strict_U2,
20240405_16_04,True,True,False,True,auxiliary_pretraining_candidate,remains_non_strict_U2,
20240405_19_03,True,True,False,True,auxiliary_pretraining_candidate,remains_non_strict_U2,
20240405_23_11,True,True,False,True,auxiliary_pretraining_candidate,remains_non_strict_U2,
20240406_03_03,True,True,False,True,auxiliary_pretraining_candidate,remains_non_strict_U2,
20240406_03_12,True,True,False,True,auxiliary_pretraining_candidate,remains_non_strict_U2,
20240406_04_07,True,True,False,True,auxiliary_pretraining_candidate,remains_non_strict_U2,
20240406_17_06,True,True,False,True,auxiliary_pretraining_candidate,remains_non_strict_U2,
20240406_22_05,True,True,False,True,auxiliary_pretraining_candidate,remains_non_strict_U2,
20240406_23_12,True,True,False,True,auxiliary_pretraining_candidate,remains_non_strict_U2,
20240407_04_04,True,True,False,True,auxiliary_pretraining_candidate,remains_non_strict_U2,
20240407_04_08,True,True,False,True,auxiliary_pretraining_candidate,remains_non_strict_U2,
20240407_06_05,True,True,False,True,auxiliary_pretraining_candidate,remains_non_strict_U2,
20240407_06_06,True,True,False,True,auxiliary_pretraining_candidate,remains_non_strict_U2,
20240407_06_10,True,True,False,True,auxiliary_pretraining_candidate,remains_non_strict_U2,
20240407_08_05,True,True,False,True,auxiliary_pretraining_candidate,remains_non_strict_U2,
20240407_08_11,True,True,False,True,auxiliary_pretraining_candidate,remains_non_strict_U2,
20240407_10_10,True,True,False,True,auxiliary_pretraining_candidate,remains_non_strict_U2,
20240407_16_03,True,True,False,True,auxiliary_pretraining_candidate,remains_non_strict_U2,
20240407_16_06,True,True,False,True,auxiliary_pretraining_candidate,remains_non_strict_U2,
20240407_23_02,True,True,False,True,auxiliary_pretraining_candidate,remains_non_strict_U2,
20240407_23_06,True,True,False,True,auxiliary_pretraining_candidate,remains_non_strict_U2,
20240407_23_09,True,True,False,True,auxiliary_pretraining_candidate,remains_non_strict_U2,
20240408_02_07,True,True,False,True,auxiliary_pretraining_candidate,remains_non_strict_U2,
20240408_03_01,True,True,False,True,auxiliary_pretraining_candidate,remains_non_strict_U2,
20240408_03_07,True,True,False,True,auxiliary_pretraining_candidate,remains_non_strict_U2,
20240408_06_04,True,True,False,True,auxiliary_pretraining_candidate,remains_non_strict_U2,
20240408_06_08,True,True,False,True,auxiliary_pretraining_candidate,remains_non_strict_U2,
20240408_08_02,True,True,False,True,auxiliary_pretraining_candidate,remains_non_strict_U2,
20240408_08_04,True,True,False,True,auxiliary_pretraining_candidate,remains_non_strict_U2,
20240408_10_09,True,True,False,True,auxiliary_pretraining_candidate,remains_non_strict_U2,
20240408_16_12,True,True,False,True,auxiliary_pretraining_candidate,remains_non_strict_U2,
20240408_19_03,True,True,False,True,auxiliary_pretraining_candidate,remains_non_strict_U2,
20240408_24_09,True,True,False,True,auxiliary_pretraining_candidate,remains_non_strict_U2,
20240409_01_11,True,True,False,True,auxiliary_pretraining_candidate,remains_non_strict_U2,
20240409_02_03,True,True,False,True,auxiliary_pretraining_candidate,remains_non_strict_U2,
20240409_02_12,True,True,False,True,auxiliary_pretraining_candidate,remains_non_strict_U2,
20240409_06_05,True,True,False,True,auxiliary_pretraining_candidate,remains_non_strict_U2,
20240409_06_06,True,True,False,True,auxiliary_pretraining_candidate,remains_non_strict_U2,
20240409_20_01,True,True,False,True,auxiliary_pretraining_candidate,remains_non_strict_U2,
20240409_24_07,True,True,False,True,auxiliary_pretraining_candidate,remains_non_strict_U2,
20240410_03_01,True,True,False,True,auxiliary_pretraining_candidate,remains_non_strict_U2,
20240410_03_12,True,True,False,True,auxiliary_pretraining_candidate,remains_non_strict_U2,
20240410_06_10,True,True,False,True,auxiliary_pretraining_candidate,remains_non_strict_U2,
20240410_08_02,True,True,False,True,auxiliary_pretraining_candidate,remains_non_strict_U2,
20240410_08_09,True,True,False,True,auxiliary_pretraining_candidate,remains_non_strict_U2,
20240410_08_11,True,True,False,True,auxiliary_pretraining_candidate,remains_non_strict_U2,
20240410_14_11,True,True,False,True,auxiliary_pretraining_candidate,remains_non_strict_U2,
20240410_17_12,True,True,False,True,auxiliary_pretraining_candidate,remains_non_strict_U2,
20240410_24_11,True,True,False,True,auxiliary_pretraining_candidate,remains_non_strict_U2,
20240411_02_03,True,True,False,True,auxiliary_pretraining_candidate,remains_non_strict_U2,
20240411_02_09,True,True,False,True,auxiliary_pretraining_candidate,remains_non_strict_U2,
20240411_12_10,True,True,False,True,auxiliary_pretraining_candidate,remains_non_strict_U2,
20240411_14_06,True,True,False,True,auxiliary_pretraining_candidate,remains_non_strict_U2,
20240411_20_02,True,True,False,True,auxiliary_pretraining_candidate,remains_non_strict_U2,
20240411_20_08,True,True,False,True,auxiliary_pretraining_candidate,remains_non_strict_U2,
20240412_09_06,True,True,False,True,auxiliary_pretraining_candidate,remains_non_strict_U2,
20240412_12_07,True,True,False,True,auxiliary_pretraining_candidate,remains_non_strict_U2,
20240412_14_01,True,True,False,True,auxiliary_pretraining_candidate,remains_non_strict_U2,
20240412_14_03,True,True,False,True,auxiliary_pretraining_candidate,remains_non_strict_U2,
20240412_21_10,True,True,False,True,auxiliary_pretraining_candidate,remains_non_strict_U2,
20240413_04_02,True,True,False,True,auxiliary_pretraining_candidate,remains_non_strict_U2,
20240413_04_11,True,True,False,True,auxiliary_pretraining_candidate,remains_non_strict_U2,
20240413_16_04,True,True,False,True,auxiliary_pretraining_candidate,remains_non_strict_U2,
20240413_17_04,True,True,False,True,auxiliary_pretraining_candidate,remains_non_strict_U2,
20240413_20_05,True,True,False,True,auxiliary_pretraining_candidate,remains_non_strict_U2,
20240414_01_04,True,True,False,True,auxiliary_pretraining_candidate,remains_non_strict_U2,
20240414_04_02,True,True,False,True,auxiliary_pretraining_candidate,remains_non_strict_U2,
20240414_07_07,True,True,False,True,auxiliary_pretraining_candidate,remains_non_strict_U2,
20240414_09_01,True,True,False,True,auxiliary_pretraining_candidate,remains_non_strict_U2,
20240414_10_06,True,True,False,True,auxiliary_pretraining_candidate,remains_non_strict_U2,
20240414_10_12,True,True,False,True,auxiliary_pretraining_candidate,remains_non_strict_U2,
20240414_16_02,True,True,False,True,auxiliary_pretraining_candidate,remains_non_strict_U2,
20240414_17_12,True,True,False,True,auxiliary_pretraining_candidate,remains_non_strict_U2,
20240414_20_02,True,True,False,True,auxiliary_pretraining_candidate,remains_non_strict_U2,
20240414_22_02,True,True,False,True,auxiliary_pretraining_candidate,remains_non_strict_U2,
20240414_22_05,True,True,False,True,auxiliary_pretraining_candidate,remains_non_strict_U2,
20240415_04_06,True,True,False,True,auxiliary_pretraining_candidate,remains_non_strict_U2,
20240415_04_07,True,True,False,True,auxiliary_pretraining_candidate,remains_non_strict_U2,
20240415_04_11,True,True,False,True,auxiliary_pretraining_candidate,remains_non_strict_U2,
20240415_07_02,True,True,False,True,auxiliary_pretraining_candidate,remains_non_strict_U2,
20240415_07_07,True,True,False,True,auxiliary_pretraining_candidate,remains_non_strict_U2,
20240415_09_08,True,True,False,True,auxiliary_pretraining_candidate,remains_non_strict_U2,
20240415_09_10,True,True,False,True,auxiliary_pretraining_candidate,remains_non_strict_U2,
20240415_09_11,True,True,False,True,auxiliary_pretraining_candidate,remains_non_strict_U2,
20240415_10_07,True,True,False,True,auxiliary_pretraining_candidate,remains_non_strict_U2,
20240415_10_09,True,True,False,True,auxiliary_pretraining_candidate,remains_non_strict_U2,
20240415_10_10,True,True,False,True,auxiliary_pretraining_candidate,remains_non_strict_U2,
20240415_12_02,True,True,False,True,auxiliary_pretraining_candidate,remains_non_strict_U2,
20240415_17_02,True,True,False,True,auxiliary_pretraining_candidate,remains_non_strict_U2,
20240415_17_12,True,True,False,True,auxiliary_pretraining_candidate,remains_non_strict_U2,
20240415_21_02,True,True,False,True,auxiliary_pretraining_candidate,remains_non_strict_U2,
20240415_21_05,True,True,False,True,auxiliary_pretraining_candidate,remains_non_strict_U2,
20240415_22_02,True,True,False,True,auxiliary_pretraining_candidate,remains_non_strict_U2,
20240416_01_12,True,True,False,True,auxiliary_pretraining_candidate,remains_non_strict_U2,
20240416_06_10,True,True,False,True,auxiliary_pretraining_candidate,remains_non_strict_U2,
20240416_07_02,True,True,False,True,auxiliary_pretraining_candidate,remains_non_strict_U2,
20240416_07_12,True,True,False,True,auxiliary_pretraining_candidate,remains_non_strict_U2,
20240416_10_06,True,True,False,True,auxiliary_pretraining_candidate,remains_non_strict_U2,
20240416_10_07,True,True,False,True,auxiliary_pretraining_candidate,remains_non_strict_U2,
20240416_10_09,True,True,False,True,auxiliary_pretraining_candidate,remains_non_strict_U2,
20240416_16_10,True,True,False,True,auxiliary_pretraining_candidate,remains_non_strict_U2,
20240416_21_08,True,True,False,True,auxiliary_pretraining_candidate,remains_non_strict_U2,
20240416_22_07,True,True,False,True,auxiliary_pretraining_candidate,remains_non_strict_U2,
20240417_06_05,True,True,False,True,auxiliary_pretraining_candidate,remains_non_strict_U2,
20240417_07_07,True,True,False,True,auxiliary_pretraining_candidate,remains_non_strict_U2,
20240417_16_11,True,True,False,True,auxiliary_pretraining_candidate,remains_non_strict_U2,
20240417_22_11,True,True,False,True,auxiliary_pretraining_candidate,remains_non_strict_U2,
20240417_22_12,True,True,False,True,auxiliary_pretraining_candidate,remains_non_strict_U2,
20240418_04_05,True,True,False,True,auxiliary_pretraining_candidate,remains_non_strict_U2,
20240418_04_12,True,True,False,True,auxiliary_pretraining_candidate,remains_non_strict_U2,
20240418_14_03,True,True,False,True,auxiliary_pretraining_candidate,remains_non_strict_U2,
20240418_16_01,True,True,False,True,auxiliary_pretraining_candidate,remains_non_strict_U2,
20240418_22_01,True,True,False,True,auxiliary_pretraining_candidate,remains_non_strict_U2,
20240419_06_07,True,True,False,True,auxiliary_pretraining_candidate,remains_non_strict_U2,
20240419_06_11,True,True,False,True,auxiliary_pretraining_candidate,remains_non_strict_U2,
20240419_17_09,True,True,False,True,auxiliary_pretraining_candidate,remains_non_strict_U2,
20240419_19_07,True,True,False,True,auxiliary_pretraining_candidate,remains_non_strict_U2,
20240419_19_08,True,True,False,True,auxiliary_pretraining_candidate,remains_non_strict_U2,
20240419_20_11,True,True,False,True,auxiliary_pretraining_candidate,remains_non_strict_U2,
20240419_21_05,True,True,False,True,auxiliary_pretraining_candidate,remains_non_strict_U2,
20240419_23_04,True,True,False,True,auxiliary_pretraining_candidate,remains_non_strict_U2,
20240420_02_03,True,True,False,True,auxiliary_pretraining_candidate,remains_non_strict_U2,
20240420_02_06,True,True,False,True,auxiliary_pretraining_candidate,remains_non_strict_U2,
20240420_12_03,True,True,False,True,auxiliary_pretraining_candidate,remains_non_strict_U2,
20240420_14_11,True,True,False,True,auxiliary_pretraining_candidate,remains_non_strict_U2,
20240420_17_04,True,True,False,True,auxiliary_pretraining_candidate,remains_non_strict_U2,
20240420_19_02,True,True,False,True,auxiliary_pretraining_candidate,remains_non_strict_U2,
20240420_19_03,True,True,False,True,auxiliary_pretraining_candidate,remains_non_strict_U2,
20240420_19_08,True,True,False,True,auxiliary_pretraining_candidate,remains_non_strict_U2,
20240421_03_05,True,True,False,True,auxiliary_pretraining_candidate,remains_non_strict_U2,
20240421_03_07,True,True,False,True,auxiliary_pretraining_candidate,remains_non_strict_U2,
20240421_12_08,True,True,False,True,auxiliary_pretraining_candidate,remains_non_strict_U2,
20240421_14_08,True,True,False,True,auxiliary_pretraining_candidate,remains_non_strict_U2,
20240421_19_07,True,True,False,True,auxiliary_pretraining_candidate,remains_non_strict_U2,
20240421_24_05,True,True,False,True,auxiliary_pretraining_candidate,remains_non_strict_U2,
20240422_02_09,True,True,False,True,auxiliary_pretraining_candidate,remains_non_strict_U2,
20240422_05_02,True,True,False,True,auxiliary_pretraining_candidate,remains_non_strict_U2,
20240422_10_06,True,True,False,True,auxiliary_pretraining_candidate,remains_non_strict_U2,
20240422_10_10,True,True,False,True,auxiliary_pretraining_candidate,remains_non_strict_U2,
20240422_19_06,True,True,False,True,auxiliary_pretraining_candidate,remains_non_strict_U2,
20240422_21_06,True,True,False,True,auxiliary_pretraining_candidate,remains_non_strict_U2,
20240423_03_01,True,True,False,True,auxiliary_pretraining_candidate,remains_non_strict_U2,
20240423_10_05,True,True,False,True,auxiliary_pretraining_candidate,remains_non_strict_U2,
20240423_11_12,True,True,False,True,auxiliary_pretraining_candidate,remains_non_strict_U2,
20240423_12_01,True,True,False,True,auxiliary_pretraining_candidate,remains_non_strict_U2,
20240423_12_09,True,True,False,True,auxiliary_pretraining_candidate,remains_non_strict_U2,
20240423_13_09,True,True,False,True,auxiliary_pretraining_candidate,remains_non_strict_U2,
20240423_16_08,True,True,False,True,auxiliary_pretraining_candidate,remains_non_strict_U2,
20240423_21_07,True,True,False,True,auxiliary_pretraining_candidate,remains_non_strict_U2,
20240423_24_02,True,True,False,True,auxiliary_pretraining_candidate,remains_non_strict_U2,
20240424_01_10,True,True,False,True,auxiliary_pretraining_candidate,remains_non_strict_U2,
20240424_02_09,True,True,False,True,auxiliary_pretraining_candidate,remains_non_strict_U2,
20240424_03_10,True,True,False,True,auxiliary_pretraining_candidate,remains_non_strict_U2,
20240424_05_07,True,True,False,True,auxiliary_pretraining_candidate,remains_non_strict_U2,
20240424_12_06,True,True,False,True,auxiliary_pretraining_candidate,remains_non_strict_U2,
20240424_21_10,True,True,False,True,auxiliary_pretraining_candidate,remains_non_strict_U2,
20240425_01_06,True,True,False,True,auxiliary_pretraining_candidate,remains_non_strict_U2,
20240425_04_02,True,True,False,True,auxiliary_pretraining_candidate,remains_non_strict_U2,
20240425_06_01,True,True,False,True,auxiliary_pretraining_candidate,remains_non_strict_U2,
20240425_06_06,True,True,False,True,auxiliary_pretraining_candidate,remains_non_strict_U2,
20240425_10_07,True,True,False,True,auxiliary_pretraining_candidate,remains_non_strict_U2,
20240425_10_09,True,True,False,True,auxiliary_pretraining_candidate,remains_non_strict_U2,
20240425_11_02,True,True,False,True,auxiliary_pretraining_candidate,remains_non_strict_U2,
20240425_13_11,True,True,False,True,auxiliary_pretraining_candidate,remains_non_strict_U2,
20240425_14_06,True,True,False,True,auxiliary_pretraining_candidate,remains_non_strict_U2,
20240425_16_04,True,True,False,True,auxiliary_pretraining_candidate,remains_non_strict_U2,
20240425_20_07,True,True,False,True,auxiliary_pretraining_candidate,remains_non_strict_U2,
20240425_22_05,True,True,False,True,auxiliary_pretraining_candidate,remains_non_strict_U2,
20240425_23_02,True,True,False,True,auxiliary_pretraining_candidate,remains_non_strict_U2,
20240425_24_10,True,True,False,True,auxiliary_pretraining_candidate,remains_non_strict_U2,
20240426_01_06,True,True,False,True,auxiliary_pretraining_candidate,remains_non_strict_U2,
20240426_07_09,True,True,False,True,auxiliary_pretraining_candidate,remains_non_strict_U2,
20240426_10_01,True,True,False,True,auxiliary_pretraining_candidate,remains_non_strict_U2,
20240426_10_03,True,True,False,True,auxiliary_pretraining_candidate,remains_non_strict_U2,
20240426_11_05,True,True,False,True,auxiliary_pretraining_candidate,remains_non_strict_U2,
20240426_13_06,True,True,False,True,auxiliary_pretraining_candidate,remains_non_strict_U2,
20240426_16_10,True,True,False,True,auxiliary_pretraining_candidate,remains_non_strict_U2,
20240426_19_07,True,True,False,True,auxiliary_pretraining_candidate,remains_non_strict_U2,
20240426_22_05,True,True,False,True,auxiliary_pretraining_candidate,remains_non_strict_U2,
20240426_23_11,True,True,False,True,auxiliary_pretraining_candidate,remains_non_strict_U2,
20240427_01_07,True,True,False,True,auxiliary_pretraining_candidate,remains_non_strict_U2,
20240427_04_03,True,True,False,True,auxiliary_pretraining_candidate,remains_non_strict_U2,
20240427_06_02,True,True,False,True,auxiliary_pretraining_candidate,remains_non_strict_U2,
20240427_08_09,True,True,False,True,auxiliary_pretraining_candidate,remains_non_strict_U2,
20240427_10_01,True,True,False,True,auxiliary_pretraining_candidate,remains_non_strict_U2,
20240427_10_07,True,True,False,True,auxiliary_pretraining_candidate,remains_non_strict_U2,
20240427_11_10,True,True,False,True,auxiliary_pretraining_candidate,remains_non_strict_U2,
20240427_12_03,True,True,False,True,auxiliary_pretraining_candidate,remains_non_strict_U2,
20240427_19_02,True,True,False,True,auxiliary_pretraining_candidate,remains_non_strict_U2,
20240427_20_06,True,True,False,True,auxiliary_pretraining_candidate,remains_non_strict_U2,
20240427_22_05,True,True,False,True,auxiliary_pretraining_candidate,remains_non_strict_U2,
20240428_04_12,True,True,False,True,auxiliary_pretraining_candidate,remains_non_strict_U2,
20240428_05_09,True,True,False,True,auxiliary_pretraining_candidate,remains_non_strict_U2,
20240428_06_09,True,True,False,True,auxiliary_pretraining_candidate,remains_non_strict_U2,
20240428_08_05,True,True,False,True,auxiliary_pretraining_candidate,remains_non_strict_U2,
20240428_12_05,True,True,False,True,auxiliary_pretraining_candidate,remains_non_strict_U2,
20240428_12_07,True,True,False,True,auxiliary_pretraining_candidate,remains_non_strict_U2,
20240428_12_11,True,True,False,True,auxiliary_pretraining_candidate,remains_non_strict_U2,
20240428_20_09,True,True,False,True,auxiliary_pretraining_candidate,remains_non_strict_U2,
20240428_22_08,True,True,False,True,auxiliary_pretraining_candidate,remains_non_strict_U2,
20240428_22_10,True,True,False,True,auxiliary_pretraining_candidate,remains_non_strict_U2,
20240428_23_03,True,True,False,True,auxiliary_pretraining_candidate,remains_non_strict_U2,
20240429_05_09,True,True,False,True,auxiliary_pretraining_candidate,remains_non_strict_U2,
20240429_06_02,True,True,False,True,auxiliary_pretraining_candidate,remains_non_strict_U2,
20240429_08_10,True,True,False,True,auxiliary_pretraining_candidate,remains_non_strict_U2,
20240429_08_11,True,True,False,True,auxiliary_pretraining_candidate,remains_non_strict_U2,
20240429_14_03,True,True,False,True,auxiliary_pretraining_candidate,remains_non_strict_U2,
20240429_17_03,True,True,False,True,auxiliary_pretraining_candidate,remains_non_strict_U2,
20240429_19_12,True,True,False,True,auxiliary_pretraining_candidate,remains_non_strict_U2,
20240429_20_01,True,True,False,True,auxiliary_pretraining_candidate,remains_non_strict_U2,
20240429_20_12,True,True,False,True,auxiliary_pretraining_candidate,remains_non_strict_U2,
20240429_22_08,True,True,False,True,auxiliary_pretraining_candidate,remains_non_strict_U2,
20240430_05_04,True,True,False,True,auxiliary_pretraining_candidate,remains_non_strict_U2,
20240430_06_11,True,True,False,True,auxiliary_pretraining_candidate,remains_non_strict_U2,
20240430_08_11,True,True,False,True,auxiliary_pretraining_candidate,remains_non_strict_U2,
20240430_09_01,True,True,False,True,auxiliary_pretraining_candidate,remains_non_strict_U2,
20240430_09_05,True,True,False,True,auxiliary_pretraining_candidate,remains_non_strict_U2,
20240430_12_05,True,True,False,True,auxiliary_pretraining_candidate,remains_non_strict_U2,
20240430_20_02,True,True,False,True,auxiliary_pretraining_candidate,remains_non_strict_U2,
20240430_21_02,True,True,False,True,auxiliary_pretraining_candidate,remains_non_strict_U2,
20240430_21_07,True,True,False,True,auxiliary_pretraining_candidate,remains_non_strict_U2,
20240501_01_09,True,True,False,True,auxiliary_pretraining_candidate,remains_non_strict_U2,
20240501_01_11,True,True,False,True,auxiliary_pretraining_candidate,remains_non_strict_U2,
20240501_07_11,True,True,False,True,auxiliary_pretraining_candidate,remains_non_strict_U2,
20240501_09_10,True,True,False,True,auxiliary_pretraining_candidate,remains_non_strict_U2,
20240501_10_03,True,True,False,True,auxiliary_pretraining_candidate,remains_non_strict_U2,
20240501_21_06,True,True,False,True,auxiliary_pretraining_candidate,remains_non_strict_U2,
20240502_01_08,True,True,False,True,auxiliary_pretraining_candidate,remains_non_strict_U2,
20240502_02_02,True,True,False,True,auxiliary_pretraining_candidate,remains_non_strict_U2,
20240502_02_09,True,True,False,True,auxiliary_pretraining_candidate,remains_non_strict_U2,
20240502_09_02,True,True,False,True,auxiliary_pretraining_candidate,remains_non_strict_U2,
20240502_11_12,True,True,False,True,auxiliary_pretraining_candidate,remains_non_strict_U2,
20240502_12_04,True,True,False,True,auxiliary_pretraining_candidate,remains_non_strict_U2,
20240502_15_03,True,True,False,True,auxiliary_pretraining_candidate,remains_non_strict_U2,
20240502_15_11,True,True,False,True,auxiliary_pretraining_candidate,remains_non_strict_U2,
20240502_17_11,True,True,False,True,auxiliary_pretraining_candidate,remains_non_strict_U2,
20240503_01_07,True,True,False,True,auxiliary_pretraining_candidate,remains_non_strict_U2,
20240503_04_03,True,True,False,True,auxiliary_pretraining_candidate,remains_non_strict_U2,
20240503_04_06,True,True,False,True,auxiliary_pretraining_candidate,remains_non_strict_U2,
20240503_07_09,True,True,False,True,auxiliary_pretraining_candidate,remains_non_strict_U2,
20240503_09_06,True,True,False,True,auxiliary_pretraining_candidate,remains_non_strict_U2,
20240503_10_02,True,True,False,True,auxiliary_pretraining_candidate,remains_non_strict_U2,
20240503_10_03,True,True,False,True,auxiliary_pretraining_candidate,remains_non_strict_U2,
20240503_17_07,True,True,False,True,auxiliary_pretraining_candidate,remains_non_strict_U2,
20240503_21_03,True,True,False,True,auxiliary_pretraining_candidate,remains_non_strict_U2,
20240503_23_06,True,True,False,True,auxiliary_pretraining_candidate,remains_non_strict_U2,
20240504_01_06,True,True,False,True,auxiliary_pretraining_candidate,remains_non_strict_U2,
20240504_02_02,True,True,False,True,auxiliary_pretraining_candidate,remains_non_strict_U2,
20240504_03_01,True,True,False,True,auxiliary_pretraining_candidate,remains_non_strict_U2,
20240504_03_05,True,True,False,True,auxiliary_pretraining_candidate,remains_non_strict_U2,
20240504_04_12,True,True,False,True,auxiliary_pretraining_candidate,remains_non_strict_U2,
20240504_06_09,True,True,False,True,auxiliary_pretraining_candidate,remains_non_strict_U2,
20240504_07_02,True,True,False,True,auxiliary_pretraining_candidate,remains_non_strict_U2,
20240504_07_04,True,True,False,True,auxiliary_pretraining_candidate,remains_non_strict_U2,
20240504_07_07,True,True,False,True,auxiliary_pretraining_candidate,remains_non_strict_U2,
20240504_09_09,True,True,False,True,auxiliary_pretraining_candidate,remains_non_strict_U2,
20240504_10_06,True,True,False,True,auxiliary_pretraining_candidate,remains_non_strict_U2,
20240504_10_07,True,True,False,True,auxiliary_pretraining_candidate,remains_non_strict_U2,
20240504_10_10,True,True,False,True,auxiliary_pretraining_candidate,remains_non_strict_U2,
20240504_13_12,True,True,False,True,auxiliary_pretraining_candidate,remains_non_strict_U2,
20240504_15_04,True,True,False,True,auxiliary_pretraining_candidate,remains_non_strict_U2,
20240504_15_10,True,True,False,True,auxiliary_pretraining_candidate,remains_non_strict_U2,
20240504_16_02,True,True,False,True,auxiliary_pretraining_candidate,remains_non_strict_U2,
20240504_16_04,True,True,False,True,auxiliary_pretraining_candidate,remains_non_strict_U2,
20240504_19_02,True,True,False,True,auxiliary_pretraining_candidate,remains_non_strict_U2,
20240505_01_02,True,True,False,True,auxiliary_pretraining_candidate,remains_non_strict_U2,
20240505_02_01,True,True,False,True,auxiliary_pretraining_candidate,remains_non_strict_U2,
20240505_03_02,True,True,False,True,auxiliary_pretraining_candidate,remains_non_strict_U2,
20240505_05_09,True,True,False,True,auxiliary_pretraining_candidate,remains_non_strict_U2,
20240505_07_02,True,True,False,True,auxiliary_pretraining_candidate,remains_non_strict_U2,
20240505_08_03,True,True,False,True,auxiliary_pretraining_candidate,remains_non_strict_U2,
20240505_10_08,True,True,False,True,auxiliary_pretraining_candidate,remains_non_strict_U2,
20240505_11_01,True,True,False,True,auxiliary_pretraining_candidate,remains_non_strict_U2,
20240505_11_12,True,True,False,True,auxiliary_pretraining_candidate,remains_non_strict_U2,
20240505_12_02,True,True,False,True,auxiliary_pretraining_candidate,remains_non_strict_U2,
20240505_12_04,True,True,False,True,auxiliary_pretraining_candidate,remains_non_strict_U2,
20240505_14_11,True,True,False,True,auxiliary_pretraining_candidate,remains_non_strict_U2,
20240505_15_07,True,True,False,True,auxiliary_pretraining_candidate,remains_non_strict_U2,
20240506_02_06,True,True,False,True,auxiliary_pretraining_candidate,remains_non_strict_U2,
20240506_02_10,True,True,False,True,auxiliary_pretraining_candidate,remains_non_strict_U2,
20240506_08_01,True,True,False,True,auxiliary_pretraining_candidate,remains_non_strict_U2,
20240506_11_06,True,True,False,True,auxiliary_pretraining_candidate,remains_non_strict_U2,
20240506_15_03,True,True,False,True,auxiliary_pretraining_candidate,remains_non_strict_U2,
20240507_03_02,True,True,False,True,auxiliary_pretraining_candidate,remains_non_strict_U2,
20240507_04_07,True,True,False,True,auxiliary_pretraining_candidate,remains_non_strict_U2,
20240507_04_11,True,True,False,True,auxiliary_pretraining_candidate,remains_non_strict_U2,
20240507_06_04,True,True,False,True,auxiliary_pretraining_candidate,remains_non_strict_U2,
20240507_10_02,True,True,False,True,auxiliary_pretraining_candidate,remains_non_strict_U2,
20240507_10_11,True,True,False,True,auxiliary_pretraining_candidate,remains_non_strict_U2,
20240507_12_01,True,True,False,True,auxiliary_pretraining_candidate,remains_non_strict_U2,
20240508_04_01,True,True,False,True,auxiliary_pretraining_candidate,remains_non_strict_U2,
20240508_04_02,True,True,False,True,auxiliary_pretraining_candidate,remains_non_strict_U2,
20240508_04_05,True,True,False,True,auxiliary_pretraining_candidate,remains_non_strict_U2,
20240508_05_03,True,True,False,True,auxiliary_pretraining_candidate,remains_non_strict_U2,
20240508_14_03,True,True,False,True,auxiliary_pretraining_candidate,remains_non_strict_U2,
20240508_23_08,True,True,False,True,auxiliary_pretraining_candidate,remains_non_strict_U2,
20240508_23_11,True,True,False,True,auxiliary_pretraining_candidate,remains_non_strict_U2,
20240509_05_08,True,True,False,True,auxiliary_pretraining_candidate,remains_non_strict_U2,
20240509_12_07,True,True,False,True,auxiliary_pretraining_candidate,remains_non_strict_U2,
20240509_24_10,True,True,False,True,auxiliary_pretraining_candidate,remains_non_strict_U2,
20240510_02_05,True,True,False,True,auxiliary_pretraining_candidate,remains_non_strict_U2,
20240510_09_08,True,True,False,True,auxiliary_pretraining_candidate,remains_non_strict_U2,
20240510_09_10,True,True,False,True,auxiliary_pretraining_candidate,remains_non_strict_U2,
20240510_10_04,True,True,False,True,auxiliary_pretraining_candidate,remains_non_strict_U2,
20240510_10_07,True,True,False,True,auxiliary_pretraining_candidate,remains_non_strict_U2,
20240510_17_01,True,True,False,True,auxiliary_pretraining_candidate,remains_non_strict_U2,
20240510_20_04,True,True,False,True,auxiliary_pretraining_candidate,remains_non_strict_U2,
20240510_22_01,True,True,False,True,auxiliary_pretraining_candidate,remains_non_strict_U2,
20240511_01_10,True,True,False,True,auxiliary_pretraining_candidate,remains_non_strict_U2,
20240511_08_09,True,True,False,True,auxiliary_pretraining_candidate,remains_non_strict_U2,
20240511_09_05,True,True,False,True,auxiliary_pretraining_candidate,remains_non_strict_U2,
20240511_10_06,True,True,False,True,auxiliary_pretraining_candidate,remains_non_strict_U2,
20240511_16_04,True,True,False,True,auxiliary_pretraining_candidate,remains_non_strict_U2,
20240511_20_11,True,True,False,True,auxiliary_pretraining_candidate,remains_non_strict_U2,
20240511_21_05,True,True,False,True,auxiliary_pretraining_candidate,remains_non_strict_U2,
20240511_21_06,True,True,False,True,auxiliary_pretraining_candidate,remains_non_strict_U2,
20240512_01_01,True,True,False,True,auxiliary_pretraining_candidate,remains_non_strict_U2,
20240512_05_02,True,True,False,True,auxiliary_pretraining_candidate,remains_non_strict_U2,
20240512_08_09,True,True,False,True,auxiliary_pretraining_candidate,remains_non_strict_U2,
20240512_10_02,True,True,False,True,auxiliary_pretraining_candidate,remains_non_strict_U2,
20240512_10_06,True,True,False,True,auxiliary_pretraining_candidate,remains_non_strict_U2,
20240512_20_10,True,True,False,True,auxiliary_pretraining_candidate,remains_non_strict_U2,
20240513_01_02,True,True,False,True,auxiliary_pretraining_candidate,remains_non_strict_U2,
20240513_01_07,True,True,False,True,auxiliary_pretraining_candidate,remains_non_strict_U2,
20240513_14_11,True,True,False,True,auxiliary_pretraining_candidate,remains_non_strict_U2,
20240514_01_04,True,True,False,True,auxiliary_pretraining_candidate,remains_non_strict_U2,
20240514_01_08,True,True,False,True,auxiliary_pretraining_candidate,remains_non_strict_U2,
20240514_01_11,True,True,False,True,auxiliary_pretraining_candidate,remains_non_strict_U2,
20240514_08_12,True,True,False,True,auxiliary_pretraining_candidate,remains_non_strict_U2,
20240514_09_04,True,True,False,True,auxiliary_pretraining_candidate,remains_non_strict_U2,
20240514_14_03,True,True,False,True,auxiliary_pretraining_candidate,remains_non_strict_U2,
20240514_24_09,True,True,False,True,auxiliary_pretraining_candidate,remains_non_strict_U2,
20240515_05_02,True,True,False,True,auxiliary_pretraining_candidate,remains_non_strict_U2,
20240515_10_10,True,True,False,True,auxiliary_pretraining_candidate,remains_non_strict_U2,
20240515_11_04,True,True,False,True,auxiliary_pretraining_candidate,remains_non_strict_U2,
20240515_11_08,True,True,False,True,auxiliary_pretraining_candidate,remains_non_strict_U2,
20240515_15_03,True,True,False,True,auxiliary_pretraining_candidate,remains_non_strict_U2,
20240515_16_06,True,True,False,True,auxiliary_pretraining_candidate,remains_non_strict_U2,
20240515_22_08,True,True,False,True,auxiliary_pretraining_candidate,remains_non_strict_U2,
20240516_01_12,True,True,False,True,auxiliary_pretraining_candidate,remains_non_strict_U2,
20240516_04_08,True,True,False,True,auxiliary_pretraining_candidate,remains_non_strict_U2,
20240516_06_04,True,True,False,True,auxiliary_pretraining_candidate,remains_non_strict_U2,
20240516_06_11,True,True,False,True,auxiliary_pretraining_candidate,remains_non_strict_U2,
20240516_10_12,True,True,False,True,auxiliary_pretraining_candidate,remains_non_strict_U2,
20240516_12_04,True,True,False,True,auxiliary_pretraining_candidate,remains_non_strict_U2,
20240516_12_08,True,True,False,True,auxiliary_pretraining_candidate,remains_non_strict_U2,
20240516_14_03,True,True,False,True,auxiliary_pretraining_candidate,remains_non_strict_U2,
20240516_14_06,True,True,False,True,auxiliary_pretraining_candidate,remains_non_strict_U2,
20240516_14_10,True,True,False,True,auxiliary_pretraining_candidate,remains_non_strict_U2,
20240516_24_03,True,True,False,True,auxiliary_pretraining_candidate,remains_non_strict_U2,
20240516_24_06,True,True,False,True,auxiliary_pretraining_candidate,remains_non_strict_U2,
20240517_04_10,True,True,False,True,auxiliary_pretraining_candidate,remains_non_strict_U2,
20240517_06_02,True,True,False,True,auxiliary_pretraining_candidate,remains_non_strict_U2,
20240517_06_09,True,True,False,True,auxiliary_pretraining_candidate,remains_non_strict_U2,
20240517_07_05,True,True,False,True,auxiliary_pretraining_candidate,remains_non_strict_U2,
20240517_07_07,True,True,False,True,auxiliary_pretraining_candidate,remains_non_strict_U2,
20240517_07_09,True,True,False,True,auxiliary_pretraining_candidate,remains_non_strict_U2,
20240517_11_06,True,True,False,True,auxiliary_pretraining_candidate,remains_non_strict_U2,
20240517_12_02,True,True,False,True,auxiliary_pretraining_candidate,remains_non_strict_U2,
20240517_12_05,True,True,False,True,auxiliary_pretraining_candidate,remains_non_strict_U2,
20240517_12_08,True,True,False,True,auxiliary_pretraining_candidate,remains_non_strict_U2,
20240517_13_05,True,True,False,True,auxiliary_pretraining_candidate,remains_non_strict_U2,
20240517_14_11,True,True,False,True,auxiliary_pretraining_candidate,remains_non_strict_U2,
20240517_19_07,True,True,False,True,auxiliary_pretraining_candidate,remains_non_strict_U2,
20240517_22_03,True,True,False,True,auxiliary_pretraining_candidate,remains_non_strict_U2,
20240517_23_04,True,True,False,True,auxiliary_pretraining_candidate,remains_non_strict_U2,
20240517_24_03,True,True,False,True,auxiliary_pretraining_candidate,remains_non_strict_U2,
20240517_24_07,True,True,False,True,auxiliary_pretraining_candidate,remains_non_strict_U2,
20240517_24_09,True,True,False,True,auxiliary_pretraining_candidate,remains_non_strict_U2,
20240518_04_12,True,True,False,True,auxiliary_pretraining_candidate,remains_non_strict_U2,
20240518_07_11,True,True,False,True,auxiliary_pretraining_candidate,remains_non_strict_U2,
20240518_08_08,True,True,False,True,auxiliary_pretraining_candidate,remains_non_strict_U2,
20240518_09_10,True,True,False,True,auxiliary_pretraining_candidate,remains_non_strict_U2,
20240518_12_10,True,True,False,True,auxiliary_pretraining_candidate,remains_non_strict_U2,
20240518_13_07,True,True,False,True,auxiliary_pretraining_candidate,remains_non_strict_U2,
20240518_14_08,True,True,False,True,auxiliary_pretraining_candidate,remains_non_strict_U2,
20240518_17_07,True,True,False,True,auxiliary_pretraining_candidate,remains_non_strict_U2,
20240518_19_11,True,True,False,True,auxiliary_pretraining_candidate,remains_non_strict_U2,
20240518_24_12,True,True,False,True,auxiliary_pretraining_candidate,remains_non_strict_U2,
20240519_03_04,True,True,False,True,auxiliary_pretraining_candidate,remains_non_strict_U2,
20240519_06_04,True,True,False,True,auxiliary_pretraining_candidate,remains_non_strict_U2,
20240519_06_05,True,True,False,True,auxiliary_pretraining_candidate,remains_non_strict_U2,
20240519_07_07,True,True,False,True,auxiliary_pretraining_candidate,remains_non_strict_U2,
20240519_09_08,True,True,False,True,auxiliary_pretraining_candidate,remains_non_strict_U2,
20240519_12_03,True,True,False,True,auxiliary_pretraining_candidate,remains_non_strict_U2,
20240519_13_01,True,True,False,True,auxiliary_pretraining_candidate,remains_non_strict_U2,
20240519_21_09,True,True,False,True,auxiliary_pretraining_candidate,remains_non_strict_U2,
20240519_22_05,True,True,False,True,auxiliary_pretraining_candidate,remains_non_strict_U2,
20240519_23_04,True,True,False,True,auxiliary_pretraining_candidate,remains_non_strict_U2,
20240519_23_11,True,True,False,True,auxiliary_pretraining_candidate,remains_non_strict_U2,
20240519_24_06,True,True,False,True,auxiliary_pretraining_candidate,remains_non_strict_U2,
20240520_03_03,True,True,False,True,auxiliary_pretraining_candidate,remains_non_strict_U2,
20240520_03_12,True,True,False,True,auxiliary_pretraining_candidate,remains_non_strict_U2,
20240520_06_10,True,True,False,True,auxiliary_pretraining_candidate,remains_non_strict_U2,
20240520_13_01,True,True,False,True,auxiliary_pretraining_candidate,remains_non_strict_U2,
20240520_15_04,True,True,False,True,auxiliary_pretraining_candidate,remains_non_strict_U2,
20240520_16_03,True,True,False,True,auxiliary_pretraining_candidate,remains_non_strict_U2,
20240521_03_12,True,True,False,True,auxiliary_pretraining_candidate,remains_non_strict_U2,
20240521_05_05,True,True,False,True,auxiliary_pretraining_candidate,remains_non_strict_U2,
20240521_05_07,True,True,False,True,auxiliary_pretraining_candidate,remains_non_strict_U2,
20240521_07_09,True,True,False,True,auxiliary_pretraining_candidate,remains_non_strict_U2,
20240521_13_01,True,True,False,True,auxiliary_pretraining_candidate,remains_non_strict_U2,
20240521_13_06,True,True,False,True,auxiliary_pretraining_candidate,remains_non_strict_U2,
20240521_15_06,True,True,False,True,auxiliary_pretraining_candidate,remains_non_strict_U2,
20240521_17_04,True,True,False,True,auxiliary_pretraining_candidate,remains_non_strict_U2,
20240521_17_12,True,True,False,True,auxiliary_pretraining_candidate,remains_non_strict_U2,
20240521_21_09,True,True,False,True,auxiliary_pretraining_candidate,remains_non_strict_U2,
20240521_23_06,True,True,False,True,auxiliary_pretraining_candidate,remains_non_strict_U2,
20240521_23_08,True,True,False,True,auxiliary_pretraining_candidate,remains_non_strict_U2,
20240522_03_04,True,True,False,True,auxiliary_pretraining_candidate,remains_non_strict_U2,
20240522_03_11,True,True,False,True,auxiliary_pretraining_candidate,remains_non_strict_U2,
20240522_05_03,True,True,False,True,auxiliary_pretraining_candidate,remains_non_strict_U2,
20240522_05_09,True,True,False,True,auxiliary_pretraining_candidate,remains_non_strict_U2,
20240522_07_03,True,True,False,True,auxiliary_pretraining_candidate,remains_non_strict_U2,
20240522_07_10,True,True,False,True,auxiliary_pretraining_candidate,remains_non_strict_U2,
20240522_15_08,True,True,False,True,auxiliary_pretraining_candidate,remains_non_strict_U2,
20240522_15_11,True,True,False,True,auxiliary_pretraining_candidate,remains_non_strict_U2,
20240522_16_01,True,True,False,True,auxiliary_pretraining_candidate,remains_non_strict_U2,
20240522_16_05,True,True,False,True,auxiliary_pretraining_candidate,remains_non_strict_U2,
20240522_17_02,True,True,False,True,auxiliary_pretraining_candidate,remains_non_strict_U2,
20240522_20_06,True,True,False,True,auxiliary_pretraining_candidate,remains_non_strict_U2,
20240522_21_12,True,True,False,True,auxiliary_pretraining_candidate,remains_non_strict_U2,
20240523_03_01,True,True,False,True,auxiliary_pretraining_candidate,remains_non_strict_U2,
20240523_03_03,True,True,False,True,auxiliary_pretraining_candidate,remains_non_strict_U2,
20240523_03_05,True,True,False,True,auxiliary_pretraining_candidate,remains_non_strict_U2,
20240523_05_09,True,True,False,True,auxiliary_pretraining_candidate,remains_non_strict_U2,
20240523_09_05,True,True,False,True,auxiliary_pretraining_candidate,remains_non_strict_U2,
20240523_11_04,True,True,False,True,auxiliary_pretraining_candidate,remains_non_strict_U2,
20240523_11_05,True,True,False,True,auxiliary_pretraining_candidate,remains_non_strict_U2,
20240523_15_04,True,True,False,True,auxiliary_pretraining_candidate,remains_non_strict_U2,
20240523_16_04,True,True,False,True,auxiliary_pretraining_candidate,remains_non_strict_U2,
20240523_21_02,True,True,False,True,auxiliary_pretraining_candidate,remains_non_strict_U2,
20240523_22_03,True,True,False,True,auxiliary_pretraining_candidate,remains_non_strict_U2,
20240524_05_10,True,True,False,True,auxiliary_pretraining_candidate,remains_non_strict_U2,
20240524_08_12,True,True,False,True,auxiliary_pretraining_candidate,remains_non_strict_U2,
20240524_13_09,True,True,False,True,auxiliary_pretraining_candidate,remains_non_strict_U2,
20240524_14_10,True,True,False,True,auxiliary_pretraining_candidate,remains_non_strict_U2,
20240524_20_01,True,True,False,True,auxiliary_pretraining_candidate,remains_non_strict_U2,
20240524_22_04,True,True,False,True,auxiliary_pretraining_candidate,remains_non_strict_U2,
20240524_22_06,True,True,False,True,auxiliary_pretraining_candidate,remains_non_strict_U2,
20240525_05_01,True,True,False,True,auxiliary_pretraining_candidate,remains_non_strict_U2,
20240525_05_10,True,True,False,True,auxiliary_pretraining_candidate,remains_non_strict_U2,
20240525_07_12,True,True,False,True,auxiliary_pretraining_candidate,remains_non_strict_U2,
20240525_08_10,True,True,False,True,auxiliary_pretraining_candidate,remains_non_strict_U2,
20240525_08_12,True,True,False,True,auxiliary_pretraining_candidate,remains_non_strict_U2,
20240525_11_03,True,True,False,True,auxiliary_pretraining_candidate,remains_non_strict_U2,
20240525_14_05,True,True,False,True,auxiliary_pretraining_candidate,remains_non_strict_U2,
20240525_15_01,True,True,False,True,auxiliary_pretraining_candidate,remains_non_strict_U2,
20240525_24_03,True,True,False,True,auxiliary_pretraining_candidate,remains_non_strict_U2,
20240526_01_01,True,True,False,True,auxiliary_pretraining_candidate,remains_non_strict_U2,
20240526_01_03,True,True,False,True,auxiliary_pretraining_candidate,remains_non_strict_U2,
20240526_10_05,True,True,False,True,auxiliary_pretraining_candidate,remains_non_strict_U2,
20240526_11_08,True,True,False,True,auxiliary_pretraining_candidate,remains_non_strict_U2,
20240526_21_01,True,True,False,True,auxiliary_pretraining_candidate,remains_non_strict_U2,
20240526_24_05,True,True,False,True,auxiliary_pretraining_candidate,remains_non_strict_U2,
20240527_08_01,True,True,False,True,auxiliary_pretraining_candidate,remains_non_strict_U2,
20240527_13_02,True,True,False,True,auxiliary_pretraining_candidate,remains_non_strict_U2,
20240527_22_02,True,True,False,True,auxiliary_pretraining_candidate,remains_non_strict_U2,
20240527_23_01,True,True,False,True,auxiliary_pretraining_candidate,remains_non_strict_U2,
20240527_23_08,True,True,False,True,auxiliary_pretraining_candidate,remains_non_strict_U2,
20240527_24_03,True,True,False,True,auxiliary_pretraining_candidate,remains_non_strict_U2,
20240527_24_05,True,True,False,True,auxiliary_pretraining_candidate,remains_non_strict_U2,
20240527_24_10,True,True,False,True,auxiliary_pretraining_candidate,remains_non_strict_U2,
20240528_01_05,True,True,False,True,auxiliary_pretraining_candidate,remains_non_strict_U2,
20240528_17_03,True,True,False,True,auxiliary_pretraining_candidate,remains_non_strict_U2,
20240528_17_11,True,True,False,True,auxiliary_pretraining_candidate,remains_non_strict_U2,
20240528_24_03,True,True,False,True,auxiliary_pretraining_candidate,remains_non_strict_U2,
20240529_06_02,True,True,False,True,auxiliary_pretraining_candidate,remains_non_strict_U2,
20240529_06_10,True,True,False,True,auxiliary_pretraining_candidate,remains_non_strict_U2,
20240529_10_03,True,True,False,True,auxiliary_pretraining_candidate,remains_non_strict_U2,
20240529_13_01,True,True,False,True,auxiliary_pretraining_candidate,remains_non_strict_U2,
20240529_16_02,True,True,False,True,auxiliary_pretraining_candidate,remains_non_strict_U2,
20240529_17_04,True,True,False,True,auxiliary_pretraining_candidate,remains_non_strict_U2,
20240529_19_02,True,True,False,True,auxiliary_pretraining_candidate,remains_non_strict_U2,
20240529_21_11,True,True,False,True,auxiliary_pretraining_candidate,remains_non_strict_U2,
20240530_02_02,True,True,False,True,auxiliary_pretraining_candidate,remains_non_strict_U2,
20240530_02_04,True,True,False,True,auxiliary_pretraining_candidate,remains_non_strict_U2,
20240530_02_11,True,True,False,True,auxiliary_pretraining_candidate,remains_non_strict_U2,
20240530_09_02,True,True,False,True,auxiliary_pretraining_candidate,remains_non_strict_U2,
20240530_11_12,True,True,False,True,auxiliary_pretraining_candidate,remains_non_strict_U2,
20240530_14_02,True,True,False,True,auxiliary_pretraining_candidate,remains_non_strict_U2,
20240530_15_02,True,True,False,True,auxiliary_pretraining_candidate,remains_non_strict_U2,
20240530_15_11,True,True,False,True,auxiliary_pretraining_candidate,remains_non_strict_U2,
20240530_16_07,True,True,False,True,auxiliary_pretraining_candidate,remains_non_strict_U2,
20240530_17_06,True,True,False,True,auxiliary_pretraining_candidate,remains_non_strict_U2,
20240530_24_01,True,True,False,True,auxiliary_pretraining_candidate,remains_non_strict_U2,
20240531_02_01,True,True,False,True,auxiliary_pretraining_candidate,remains_non_strict_U2,
20240531_02_02,True,True,False,True,auxiliary_pretraining_candidate,remains_non_strict_U2,
20240531_14_02,True,True,False,True,auxiliary_pretraining_candidate,remains_non_strict_U2,
20240531_15_12,True,True,False,True,auxiliary_pretraining_candidate,remains_non_strict_U2,
20240531_17_04,True,True,False,True,auxiliary_pretraining_candidate,remains_non_strict_U2,
20240531_17_06,True,True,False,True,auxiliary_pretraining_candidate,remains_non_strict_U2,
20240531_21_05,True,True,False,True,auxiliary_pretraining_candidate,remains_non_strict_U2,
20240601_02_02,True,True,False,True,auxiliary_pretraining_candidate,remains_non_strict_U2,
20240601_02_06,True,True,False,True,auxiliary_pretraining_candidate,remains_non_strict_U2,
20240601_06_01,True,True,False,True,auxiliary_pretraining_candidate,remains_non_strict_U2,
20240601_06_04,True,True,False,True,auxiliary_pretraining_candidate,remains_non_strict_U2,
20240601_11_03,True,True,False,True,auxiliary_pretraining_candidate,remains_non_strict_U2,
20240601_15_08,True,True,False,True,auxiliary_pretraining_candidate,remains_non_strict_U2,
20240601_16_03,True,True,False,True,auxiliary_pretraining_candidate,remains_non_strict_U2,
20240601_18_11,True,True,False,True,auxiliary_pretraining_candidate,remains_non_strict_U2,
20240601_23_10,True,True,False,True,auxiliary_pretraining_candidate,remains_non_strict_U2,
20240602_03_06,True,True,False,True,auxiliary_pretraining_candidate,remains_non_strict_U2,
20240602_08_06,True,True,False,True,auxiliary_pretraining_candidate,remains_non_strict_U2,
20240602_09_11,True,True,False,True,auxiliary_pretraining_candidate,remains_non_strict_U2,
20240602_11_03,True,True,False,True,auxiliary_pretraining_candidate,remains_non_strict_U2,
20240602_11_06,True,True,False,True,auxiliary_pretraining_candidate,remains_non_strict_U2,
20240602_11_11,True,True,False,True,auxiliary_pretraining_candidate,remains_non_strict_U2,
20240602_12_02,True,True,False,True,auxiliary_pretraining_candidate,remains_non_strict_U2,
20240602_12_05,True,True,False,True,auxiliary_pretraining_candidate,remains_non_strict_U2,
20240602_12_06,True,True,False,True,auxiliary_pretraining_candidate,remains_non_strict_U2,
20240602_12_11,True,True,False,True,auxiliary_pretraining_candidate,remains_non_strict_U2,
20240602_16_11,True,True,False,True,auxiliary_pretraining_candidate,remains_non_strict_U2,
20240602_18_11,True,True,False,True,auxiliary_pretraining_candidate,remains_non_strict_U2,
20240602_18_12,True,True,False,True,auxiliary_pretraining_candidate,remains_non_strict_U2,
20240602_19_04,True,True,False,True,auxiliary_pretraining_candidate,remains_non_strict_U2,
20240602_19_07,True,True,False,True,auxiliary_pretraining_candidate,remains_non_strict_U2,
20240602_22_02,True,True,False,True,auxiliary_pretraining_candidate,remains_non_strict_U2,
20240602_23_01,True,True,False,True,auxiliary_pretraining_candidate,remains_non_strict_U2,
20240602_23_07,True,True,False,True,auxiliary_pretraining_candidate,remains_non_strict_U2,
20240603_03_01,True,True,False,True,auxiliary_pretraining_candidate,remains_non_strict_U2,
20240603_03_07,True,True,False,True,auxiliary_pretraining_candidate,remains_non_strict_U2,
20240603_11_09,True,True,False,True,auxiliary_pretraining_candidate,remains_non_strict_U2,
20240603_12_12,True,True,False,True,auxiliary_pretraining_candidate,remains_non_strict_U2,
20240603_14_12,True,True,False,True,auxiliary_pretraining_candidate,remains_non_strict_U2,
20240603_22_02,True,True,False,True,auxiliary_pretraining_candidate,remains_non_strict_U2,
20240603_23_05,True,True,False,True,auxiliary_pretraining_candidate,remains_non_strict_U2,
20240604_02_04,True,True,False,True,auxiliary_pretraining_candidate,remains_non_strict_U2,
20240604_08_11,True,True,False,True,auxiliary_pretraining_candidate,remains_non_strict_U2,
20240604_18_07,True,True,False,True,auxiliary_pretraining_candidate,remains_non_strict_U2,
20240604_20_11,True,True,False,True,auxiliary_pretraining_candidate,remains_non_strict_U2,
20240604_22_08,True,True,False,True,auxiliary_pretraining_candidate,remains_non_strict_U2,
20240604_24_01,True,True,False,True,auxiliary_pretraining_candidate,remains_non_strict_U2,
20240604_24_05,True,True,False,True,auxiliary_pretraining_candidate,remains_non_strict_U2,
20240604_24_07,True,True,False,True,auxiliary_pretraining_candidate,remains_non_strict_U2,
20240604_24_11,True,True,False,True,auxiliary_pretraining_candidate,remains_non_strict_U2,
20240605_03_02,True,True,False,True,auxiliary_pretraining_candidate,remains_non_strict_U2,
20240605_05_03,True,True,False,True,auxiliary_pretraining_candidate,remains_non_strict_U2,
20240605_05_12,True,True,False,True,auxiliary_pretraining_candidate,remains_non_strict_U2,
20240605_09_02,True,True,False,True,auxiliary_pretraining_candidate,remains_non_strict_U2,
20240605_09_07,True,True,False,True,auxiliary_pretraining_candidate,remains_non_strict_U2,
20240605_09_08,True,True,False,True,auxiliary_pretraining_candidate,remains_non_strict_U2,
20240605_18_03,True,True,False,True,auxiliary_pretraining_candidate,remains_non_strict_U2,
20240605_20_08,True,True,False,True,auxiliary_pretraining_candidate,remains_non_strict_U2,
20240605_23_04,True,True,False,True,auxiliary_pretraining_candidate,remains_non_strict_U2,
20240605_23_10,True,True,False,True,auxiliary_pretraining_candidate,remains_non_strict_U2,
20240606_01_02,True,True,False,True,auxiliary_pretraining_candidate,remains_non_strict_U2,
20240606_01_06,True,True,False,True,auxiliary_pretraining_candidate,remains_non_strict_U2,
20240606_01_10,True,True,False,True,auxiliary_pretraining_candidate,remains_non_strict_U2,
20240606_03_04,True,True,False,True,auxiliary_pretraining_candidate,remains_non_strict_U2,
20240606_03_09,True,True,False,True,auxiliary_pretraining_candidate,remains_non_strict_U2,
20240606_03_10,True,True,False,True,auxiliary_pretraining_candidate,remains_non_strict_U2,
20240606_09_10,True,True,False,True,auxiliary_pretraining_candidate,remains_non_strict_U2,
20240606_13_10,True,True,False,True,auxiliary_pretraining_candidate,remains_non_strict_U2,
20240606_16_11,True,True,False,True,auxiliary_pretraining_candidate,remains_non_strict_U2,
20240606_18_03,True,True,False,True,auxiliary_pretraining_candidate,remains_non_strict_U2,
20240606_20_05,True,True,False,True,auxiliary_pretraining_candidate,remains_non_strict_U2,
20240606_22_03,True,True,False,True,auxiliary_pretraining_candidate,remains_non_strict_U2,
20240606_22_05,True,True,False,True,auxiliary_pretraining_candidate,remains_non_strict_U2,
20240606_22_12,True,True,False,True,auxiliary_pretraining_candidate,remains_non_strict_U2,
20240606_23_06,True,True,False,True,auxiliary_pretraining_candidate,remains_non_strict_U2,
20240607_01_02,True,True,False,True,auxiliary_pretraining_candidate,remains_non_strict_U2,
20240607_01_09,True,True,False,True,auxiliary_pretraining_candidate,remains_non_strict_U2,
20240607_03_10,True,True,False,True,auxiliary_pretraining_candidate,remains_non_strict_U2,
20240607_05_04,True,True,False,True,auxiliary_pretraining_candidate,remains_non_strict_U2,
20240607_05_10,True,True,False,True,auxiliary_pretraining_candidate,remains_non_strict_U2,
20240607_06_06,True,True,False,True,auxiliary_pretraining_candidate,remains_non_strict_U2,
20240607_06_07,True,True,False,True,auxiliary_pretraining_candidate,remains_non_strict_U2,
20240607_09_08,True,True,False,True,auxiliary_pretraining_candidate,remains_non_strict_U2,
20240607_13_04,True,True,False,True,auxiliary_pretraining_candidate,remains_non_strict_U2,
20240607_13_08,True,True,False,True,auxiliary_pretraining_candidate,remains_non_strict_U2,
20240607_13_09,True,True,False,True,auxiliary_pretraining_candidate,remains_non_strict_U2,
20240607_24_02,True,True,False,True,auxiliary_pretraining_candidate,remains_non_strict_U2,
20240607_24_12,True,True,False,True,auxiliary_pretraining_candidate,remains_non_strict_U2,
20240608_05_09,True,True,False,True,auxiliary_pretraining_candidate,remains_non_strict_U2,
20240608_06_07,True,True,False,True,auxiliary_pretraining_candidate,remains_non_strict_U2,
20240608_07_09,True,True,False,True,auxiliary_pretraining_candidate,remains_non_strict_U2,
20240608_07_11,True,True,False,True,auxiliary_pretraining_candidate,remains_non_strict_U2,
20240608_10_01,True,True,False,True,auxiliary_pretraining_candidate,remains_non_strict_U2,
20240608_13_03,True,True,False,True,auxiliary_pretraining_candidate,remains_non_strict_U2,
20240608_24_06,True,True,False,True,auxiliary_pretraining_candidate,remains_non_strict_U2,
20240609_01_09,True,True,False,True,auxiliary_pretraining_candidate,remains_non_strict_U2,
20240609_02_05,True,True,False,True,auxiliary_pretraining_candidate,remains_non_strict_U2,
20240609_07_08,True,True,False,True,auxiliary_pretraining_candidate,remains_non_strict_U2,
20240609_07_12,True,True,False,True,auxiliary_pretraining_candidate,remains_non_strict_U2,
20240609_08_08,True,True,False,True,auxiliary_pretraining_candidate,remains_non_strict_U2,
20240609_10_12,True,True,False,True,auxiliary_pretraining_candidate,remains_non_strict_U2,
20240610_06_01,True,True,False,True,auxiliary_pretraining_candidate,remains_non_strict_U2,
20240610_07_08,True,True,False,True,auxiliary_pretraining_candidate,remains_non_strict_U2,
20240610_12_03,True,True,False,True,auxiliary_pretraining_candidate,remains_non_strict_U2,
20240610_12_10,True,True,False,True,auxiliary_pretraining_candidate,remains_non_strict_U2,
20240610_13_09,True,True,False,True,auxiliary_pretraining_candidate,remains_non_strict_U2,
20240611_01_03,True,True,False,True,auxiliary_pretraining_candidate,remains_non_strict_U2,
20240611_02_02,True,True,False,True,auxiliary_pretraining_candidate,remains_non_strict_U2,
20240611_06_12,True,True,False,True,auxiliary_pretraining_candidate,remains_non_strict_U2,
20240611_07_02,True,True,False,True,auxiliary_pretraining_candidate,remains_non_strict_U2,
20240611_08_05,True,True,False,True,auxiliary_pretraining_candidate,remains_non_strict_U2,
20240611_10_08,True,True,False,True,auxiliary_pretraining_candidate,remains_non_strict_U2,
20240611_16_01,True,True,False,True,auxiliary_pretraining_candidate,remains_non_strict_U2,
20240611_16_05,True,True,False,True,auxiliary_pretraining_candidate,remains_non_strict_U2,
20240611_18_02,True,True,False,True,auxiliary_pretraining_candidate,remains_non_strict_U2,
20240611_22_10,True,True,False,True,auxiliary_pretraining_candidate,remains_non_strict_U2,
20240612_05_12,True,True,False,True,auxiliary_pretraining_candidate,remains_non_strict_U2,
20240612_07_06,True,True,False,True,auxiliary_pretraining_candidate,remains_non_strict_U2,
20240612_10_07,True,True,False,True,auxiliary_pretraining_candidate,remains_non_strict_U2,
20240613_04_11,True,True,False,True,auxiliary_pretraining_candidate,remains_non_strict_U2,
20240613_05_05,True,True,False,True,auxiliary_pretraining_candidate,remains_non_strict_U2,
20240613_22_02,True,True,False,True,auxiliary_pretraining_candidate,remains_non_strict_U2,
20240613_22_04,True,True,False,True,auxiliary_pretraining_candidate,remains_non_strict_U2,
20240613_22_08,True,True,False,True,auxiliary_pretraining_candidate,remains_non_strict_U2,
20240613_22_11,True,True,False,True,auxiliary_pretraining_candidate,remains_non_strict_U2,
20240614_02_03,True,True,False,True,auxiliary_pretraining_candidate,remains_non_strict_U2,
20240614_02_11,True,True,False,True,auxiliary_pretraining_candidate,remains_non_strict_U2,
20240614_05_02,True,True,False,True,auxiliary_pretraining_candidate,remains_non_strict_U2,
20240614_12_04,True,True,False,True,auxiliary_pretraining_candidate,remains_non_strict_U2,
20240614_12_07,True,True,False,True,auxiliary_pretraining_candidate,remains_non_strict_U2,
20240614_14_01,True,True,False,True,auxiliary_pretraining_candidate,remains_non_strict_U2,
20240614_15_03,True,True,False,True,auxiliary_pretraining_candidate,remains_non_strict_U2,
20240614_22_01,True,True,False,True,auxiliary_pretraining_candidate,remains_non_strict_U2,
20240615_02_04,True,True,False,True,auxiliary_pretraining_candidate,remains_non_strict_U2,
20240615_02_06,True,True,False,True,auxiliary_pretraining_candidate,remains_non_strict_U2,
20240615_04_12,True,True,False,True,auxiliary_pretraining_candidate,remains_non_strict_U2,
20240615_08_10,True,True,False,True,auxiliary_pretraining_candidate,remains_non_strict_U2,
20240615_12_10,True,True,False,True,auxiliary_pretraining_candidate,remains_non_strict_U2,
20240615_15_08,True,True,False,True,auxiliary_pretraining_candidate,remains_non_strict_U2,
20240616_02_07,True,True,False,True,auxiliary_pretraining_candidate,remains_non_strict_U2,
20240616_14_05,True,True,False,True,auxiliary_pretraining_candidate,remains_non_strict_U2,
20240616_14_06,True,True,False,True,auxiliary_pretraining_candidate,remains_non_strict_U2,
20240616_14_11,True,True,False,True,auxiliary_pretraining_candidate,remains_non_strict_U2,
20240616_22_10,True,True,False,True,auxiliary_pretraining_candidate,remains_non_strict_U2,
20240616_22_11,True,True,False,True,auxiliary_pretraining_candidate,remains_non_strict_U2,
20240616_23_02,True,True,False,True,auxiliary_pretraining_candidate,remains_non_strict_U2,
20240617_03_12,True,True,False,True,auxiliary_pretraining_candidate,remains_non_strict_U2,
20240617_10_10,True,True,False,True,auxiliary_pretraining_candidate,remains_non_strict_U2,
20240617_11_03,True,True,False,True,auxiliary_pretraining_candidate,remains_non_strict_U2,
20240617_11_08,True,True,False,True,auxiliary_pretraining_candidate,remains_non_strict_U2,
20240617_13_06,True,True,False,True,auxiliary_pretraining_candidate,remains_non_strict_U2,
20240617_14_11,True,True,False,True,auxiliary_pretraining_candidate,remains_non_strict_U2,
20240617_15_09,True,True,False,True,auxiliary_pretraining_candidate,remains_non_strict_U2,
20240617_16_03,True,True,False,True,auxiliary_pretraining_candidate,remains_non_strict_U2,
20240617_16_04,True,True,False,True,auxiliary_pretraining_candidate,remains_non_strict_U2,
20240617_20_02,True,True,False,True,auxiliary_pretraining_candidate,remains_non_strict_U2,
20240617_23_07,True,True,False,True,auxiliary_pretraining_candidate,remains_non_strict_U2,
20240618_01_12,True,True,False,True,auxiliary_pretraining_candidate,remains_non_strict_U2,
20240618_03_01,True,True,False,True,auxiliary_pretraining_candidate,remains_non_strict_U2,
20240618_03_05,True,True,False,True,auxiliary_pretraining_candidate,remains_non_strict_U2,
20240618_06_08,True,True,False,True,auxiliary_pretraining_candidate,remains_non_strict_U2,
20240618_06_11,True,True,False,True,auxiliary_pretraining_candidate,remains_non_strict_U2,
20240618_11_02,True,True,False,True,auxiliary_pretraining_candidate,remains_non_strict_U2,
20240618_13_03,True,True,False,True,auxiliary_pretraining_candidate,remains_non_strict_U2,
20240618_14_07,True,True,False,True,auxiliary_pretraining_candidate,remains_non_strict_U2,
20240618_16_12,True,True,False,True,auxiliary_pretraining_candidate,remains_non_strict_U2,
20240618_23_09,True,True,False,True,auxiliary_pretraining_candidate,remains_non_strict_U2,
20240619_03_02,True,True,False,True,auxiliary_pretraining_candidate,remains_non_strict_U2,
20240619_06_09,True,True,False,True,auxiliary_pretraining_candidate,remains_non_strict_U2,
20240619_09_02,True,True,False,True,auxiliary_pretraining_candidate,remains_non_strict_U2,
20240619_09_03,True,True,False,True,auxiliary_pretraining_candidate,remains_non_strict_U2,
20240619_09_11,True,True,False,True,auxiliary_pretraining_candidate,remains_non_strict_U2,
20240619_11_03,True,True,False,True,auxiliary_pretraining_candidate,remains_non_strict_U2,
20240619_11_09,True,True,False,True,auxiliary_pretraining_candidate,remains_non_strict_U2,
20240619_12_12,True,True,False,True,auxiliary_pretraining_candidate,remains_non_strict_U2,
20240619_18_06,True,True,False,True,auxiliary_pretraining_candidate,remains_non_strict_U2,
20240619_18_10,True,True,False,True,auxiliary_pretraining_candidate,remains_non_strict_U2,
20240619_20_01,True,True,False,True,auxiliary_pretraining_candidate,remains_non_strict_U2,
20240620_01_10,True,True,False,True,auxiliary_pretraining_candidate,remains_non_strict_U2,
20240620_03_01,True,True,False,True,auxiliary_pretraining_candidate,remains_non_strict_U2,
20240620_03_06,True,True,False,True,auxiliary_pretraining_candidate,remains_non_strict_U2,
20240620_06_01,True,True,False,True,auxiliary_pretraining_candidate,remains_non_strict_U2,
20240620_06_12,True,True,False,True,auxiliary_pretraining_candidate,remains_non_strict_U2,
20240620_09_02,True,True,False,True,auxiliary_pretraining_candidate,remains_non_strict_U2,
20240620_11_04,True,True,False,True,auxiliary_pretraining_candidate,remains_non_strict_U2,
20240620_12_12,True,True,False,True,auxiliary_pretraining_candidate,remains_non_strict_U2,
20240620_20_04,True,True,False,True,auxiliary_pretraining_candidate,remains_non_strict_U2,
20240620_24_02,True,True,False,True,auxiliary_pretraining_candidate,remains_non_strict_U2,
20240621_02_10,True,True,False,True,auxiliary_pretraining_candidate,remains_non_strict_U2,
20240621_07_02,True,True,False,True,auxiliary_pretraining_candidate,remains_non_strict_U2,
20240621_09_07,True,True,False,True,auxiliary_pretraining_candidate,remains_non_strict_U2,
20240621_11_08,True,True,False,True,auxiliary_pretraining_candidate,remains_non_strict_U2,
20240621_18_02,True,True,False,True,auxiliary_pretraining_candidate,remains_non_strict_U2,
20240621_19_01,True,True,False,True,auxiliary_pretraining_candidate,remains_non_strict_U2,
20240621_22_04,True,True,False,True,auxiliary_pretraining_candidate,remains_non_strict_U2,
20240622_02_01,True,True,False,True,auxiliary_pretraining_candidate,remains_non_strict_U2,
20240622_02_04,True,True,False,True,auxiliary_pretraining_candidate,remains_non_strict_U2,
20240622_02_11,True,True,False,True,auxiliary_pretraining_candidate,remains_non_strict_U2,
20240622_12_12,True,True,False,True,auxiliary_pretraining_candidate,remains_non_strict_U2,
20240622_21_04,True,True,False,True,auxiliary_pretraining_candidate,remains_non_strict_U2,
20240622_21_06,True,True,False,True,auxiliary_pretraining_candidate,remains_non_strict_U2,
20240623_09_01,True,True,False,True,auxiliary_pretraining_candidate,remains_non_strict_U2,
20240623_09_11,True,True,False,True,auxiliary_pretraining_candidate,remains_non_strict_U2,
20240623_12_07,True,True,False,True,auxiliary_pretraining_candidate,remains_non_strict_U2,
20240623_16_02,True,True,False,True,auxiliary_pretraining_candidate,remains_non_strict_U2,
20240623_17_06,True,True,False,True,auxiliary_pretraining_candidate,remains_non_strict_U2,
20240623_18_02,True,True,False,True,auxiliary_pretraining_candidate,remains_non_strict_U2,
20240623_18_03,True,True,False,True,auxiliary_pretraining_candidate,remains_non_strict_U2,
20240623_18_10,True,True,False,True,auxiliary_pretraining_candidate,remains_non_strict_U2,
20240623_19_09,True,True,False,True,auxiliary_pretraining_candidate,remains_non_strict_U2,
20240623_19_10,True,True,False,True,auxiliary_pretraining_candidate,remains_non_strict_U2,
20240623_22_02,True,True,False,True,auxiliary_pretraining_candidate,remains_non_strict_U2,
20240624_07_02,True,True,False,True,auxiliary_pretraining_candidate,remains_non_strict_U2,
20240624_12_01,True,True,False,True,auxiliary_pretraining_candidate,remains_non_strict_U2,
20240624_14_02,True,True,False,True,auxiliary_pretraining_candidate,remains_non_strict_U2,
20240624_14_10,True,True,False,True,auxiliary_pretraining_candidate,remains_non_strict_U2,
20240624_16_01,True,True,False,True,auxiliary_pretraining_candidate,remains_non_strict_U2,
20240624_16_04,True,True,False,True,auxiliary_pretraining_candidate,remains_non_strict_U2,
20240624_18_03,True,True,False,True,auxiliary_pretraining_candidate,remains_non_strict_U2,
20240625_07_01,True,True,False,True,auxiliary_pretraining_candidate,remains_non_strict_U2,
20240625_07_08,True,True,False,True,auxiliary_pretraining_candidate,remains_non_strict_U2,
20240625_08_07,True,True,False,True,auxiliary_pretraining_candidate,remains_non_strict_U2,
20240625_13_09,True,True,False,True,auxiliary_pretraining_candidate,remains_non_strict_U2,
20240625_17_04,True,True,False,True,auxiliary_pretraining_candidate,remains_non_strict_U2,
20240625_17_06,True,True,False,True,auxiliary_pretraining_candidate,remains_non_strict_U2,
20240625_22_11,True,True,False,True,auxiliary_pretraining_candidate,remains_non_strict_U2,
20240626_01_03,True,True,False,True,auxiliary_pretraining_candidate,remains_non_strict_U2,
20240626_01_12,True,True,False,True,auxiliary_pretraining_candidate,remains_non_strict_U2,
20240626_02_05,True,True,False,True,auxiliary_pretraining_candidate,remains_non_strict_U2,
20240626_08_09,True,True,False,True,auxiliary_pretraining_candidate,remains_non_strict_U2,
20240626_13_08,True,True,False,True,auxiliary_pretraining_candidate,remains_non_strict_U2,
20240626_21_04,True,True,False,True,auxiliary_pretraining_candidate,remains_non_strict_U2,
20240626_22_03,True,True,False,True,auxiliary_pretraining_candidate,remains_non_strict_U2,
20240626_22_05,True,True,False,True,auxiliary_pretraining_candidate,remains_non_strict_U2,
20240626_23_03,True,True,False,True,auxiliary_pretraining_candidate,remains_non_strict_U2,
20240626_24_01,True,True,False,True,auxiliary_pretraining_candidate,remains_non_strict_U2,
20240627_02_10,True,True,False,True,auxiliary_pretraining_candidate,remains_non_strict_U2,
20240627_03_03,True,True,False,True,auxiliary_pretraining_candidate,remains_non_strict_U2,
20240627_03_07,True,True,False,True,auxiliary_pretraining_candidate,remains_non_strict_U2,
20240627_03_09,True,True,False,True,auxiliary_pretraining_candidate,remains_non_strict_U2,
20240627_09_08,True,True,False,True,auxiliary_pretraining_candidate,remains_non_strict_U2,
20240627_11_03,True,True,False,True,auxiliary_pretraining_candidate,remains_non_strict_U2,
20240627_16_08,True,True,False,True,auxiliary_pretraining_candidate,remains_non_strict_U2,
20240627_23_06,True,True,False,True,auxiliary_pretraining_candidate,remains_non_strict_U2,
20240627_23_10,True,True,False,True,auxiliary_pretraining_candidate,remains_non_strict_U2,
20240628_02_01,True,True,False,True,auxiliary_pretraining_candidate,remains_non_strict_U2,
20240628_02_09,True,True,False,True,auxiliary_pretraining_candidate,remains_non_strict_U2,
20240628_10_02,True,True,False,True,auxiliary_pretraining_candidate,remains_non_strict_U2,
20240628_10_07,True,True,False,True,auxiliary_pretraining_candidate,remains_non_strict_U2,
20240629_02_02,True,True,False,True,auxiliary_pretraining_candidate,remains_non_strict_U2,
20240629_02_07,True,True,False,True,auxiliary_pretraining_candidate,remains_non_strict_U2,
20240629_05_11,True,True,False,True,auxiliary_pretraining_candidate,remains_non_strict_U2,
20240629_13_04,True,True,False,True,auxiliary_pretraining_candidate,remains_non_strict_U2,
20240629_18_05,True,True,False,True,auxiliary_pretraining_candidate,remains_non_strict_U2,
20240629_20_03,True,True,False,True,auxiliary_pretraining_candidate,remains_non_strict_U2,
20240629_23_06,True,True,False,True,auxiliary_pretraining_candidate,remains_non_strict_U2,
20240629_23_10,True,True,False,True,auxiliary_pretraining_candidate,remains_non_strict_U2,
20240630_02_04,True,True,False,True,auxiliary_pretraining_candidate,remains_non_strict_U2,
20240630_06_01,True,True,False,True,auxiliary_pretraining_candidate,remains_non_strict_U2,
20240630_08_05,True,True,False,True,auxiliary_pretraining_candidate,remains_non_strict_U2,
20240630_15_09,True,True,False,True,auxiliary_pretraining_candidate,remains_non_strict_U2,
20240701_06_06,True,True,False,True,auxiliary_pretraining_candidate,remains_non_strict_U2,
20240701_10_12,True,True,False,True,auxiliary_pretraining_candidate,remains_non_strict_U2,
20240701_12_04,True,True,False,True,auxiliary_pretraining_candidate,remains_non_strict_U2,
20240701_14_07,True,True,False,True,auxiliary_pretraining_candidate,remains_non_strict_U2,
20240701_14_09,True,True,False,True,auxiliary_pretraining_candidate,remains_non_strict_U2,
20240701_18_06,True,True,False,True,auxiliary_pretraining_candidate,remains_non_strict_U2,
20240701_24_03,True,True,False,True,auxiliary_pretraining_candidate,remains_non_strict_U2,
20240701_24_04,True,True,False,True,auxiliary_pretraining_candidate,remains_non_strict_U2,
20240702_03_06,True,True,False,True,auxiliary_pretraining_candidate,remains_non_strict_U2,
20240702_06_01,True,True,False,True,auxiliary_pretraining_candidate,remains_non_strict_U2,
20240702_06_06,True,True,False,True,auxiliary_pretraining_candidate,remains_non_strict_U2,
20240702_07_01,True,True,False,True,auxiliary_pretraining_candidate,remains_non_strict_U2,
20240702_15_05,True,True,False,True,auxiliary_pretraining_candidate,remains_non_strict_U2,
20240702_17_04,True,True,False,True,auxiliary_pretraining_candidate,remains_non_strict_U2,
20240702_17_09,True,True,False,True,auxiliary_pretraining_candidate,remains_non_strict_U2,
20240702_18_06,True,True,False,True,auxiliary_pretraining_candidate,remains_non_strict_U2,
20240702_22_08,True,True,False,True,auxiliary_pretraining_candidate,remains_non_strict_U2,
20240703_05_09,True,True,False,True,auxiliary_pretraining_candidate,remains_non_strict_U2,
20240703_06_04,True,True,False,True,auxiliary_pretraining_candidate,remains_non_strict_U2,
20240703_06_11,True,True,False,True,auxiliary_pretraining_candidate,remains_non_strict_U2,
20240703_12_12,True,True,False,True,auxiliary_pretraining_candidate,remains_non_strict_U2,
20240703_16_11,True,True,False,True,auxiliary_pretraining_candidate,remains_non_strict_U2,
20240703_17_02,True,True,False,True,auxiliary_pretraining_candidate,remains_non_strict_U2,
20240703_18_08,True,True,False,True,auxiliary_pretraining_candidate,remains_non_strict_U2,
20240703_19_04,True,True,False,True,auxiliary_pretraining_candidate,remains_non_strict_U2,
20240703_22_01,True,True,False,True,auxiliary_pretraining_candidate,remains_non_strict_U2,
20240703_22_05,True,True,False,True,auxiliary_pretraining_candidate,remains_non_strict_U2,
20240703_22_09,True,True,False,True,auxiliary_pretraining_candidate,remains_non_strict_U2,
20240703_24_01,True,True,False,True,auxiliary_pretraining_candidate,remains_non_strict_U2,
20240703_24_08,True,True,False,True,auxiliary_pretraining_candidate,remains_non_strict_U2,
20240704_03_01,True,True,False,True,auxiliary_pretraining_candidate,remains_non_strict_U2,
20240704_03_04,True,True,False,True,auxiliary_pretraining_candidate,remains_non_strict_U2,
20240704_03_08,True,True,False,True,auxiliary_pretraining_candidate,remains_non_strict_U2,
20240704_11_04,True,True,False,True,auxiliary_pretraining_candidate,remains_non_strict_U2,
20240704_14_03,True,True,False,True,auxiliary_pretraining_candidate,remains_non_strict_U2,
20240704_16_05,True,True,False,True,auxiliary_pretraining_candidate,remains_non_strict_U2,
20240704_19_02,True,True,False,True,auxiliary_pretraining_candidate,remains_non_strict_U2,
20240704_21_04,True,True,False,True,auxiliary_pretraining_candidate,remains_non_strict_U2,
20240705_01_09,True,True,False,True,auxiliary_pretraining_candidate,remains_non_strict_U2,
20240705_03_01,True,True,False,True,auxiliary_pretraining_candidate,remains_non_strict_U2,
20240705_04_10,True,True,False,True,auxiliary_pretraining_candidate,remains_non_strict_U2,
20240705_07_08,True,True,False,True,auxiliary_pretraining_candidate,remains_non_strict_U2,
20240705_07_11,True,True,False,True,auxiliary_pretraining_candidate,remains_non_strict_U2,
20240705_12_06,True,True,False,True,auxiliary_pretraining_candidate,remains_non_strict_U2,
20240705_12_11,True,True,False,True,auxiliary_pretraining_candidate,remains_non_strict_U2,
20240705_16_01,True,True,False,True,auxiliary_pretraining_candidate,remains_non_strict_U2,
20240705_19_06,True,True,False,True,auxiliary_pretraining_candidate,remains_non_strict_U2,
20240705_19_10,True,True,False,True,auxiliary_pretraining_candidate,remains_non_strict_U2,
20240705_21_10,True,True,False,True,auxiliary_pretraining_candidate,remains_non_strict_U2,
20240706_01_07,True,True,False,True,auxiliary_pretraining_candidate,remains_non_strict_U2,
20240706_01_12,True,True,False,True,auxiliary_pretraining_candidate,remains_non_strict_U2,
20240706_04_09,True,True,False,True,auxiliary_pretraining_candidate,remains_non_strict_U2,
20240706_04_10,True,True,False,True,auxiliary_pretraining_candidate,remains_non_strict_U2,
20240706_13_05,True,True,False,True,auxiliary_pretraining_candidate,remains_non_strict_U2,
20240706_13_12,True,True,False,True,auxiliary_pretraining_candidate,remains_non_strict_U2,
20240706_19_07,True,True,False,True,auxiliary_pretraining_candidate,remains_non_strict_U2,
20240706_23_07,True,True,False,True,auxiliary_pretraining_candidate,remains_non_strict_U2,
20240706_24_03,True,True,False,True,auxiliary_pretraining_candidate,remains_non_strict_U2,
20240707_04_04,True,True,False,True,auxiliary_pretraining_candidate,remains_non_strict_U2,
20240707_08_07,True,True,False,True,auxiliary_pretraining_candidate,remains_non_strict_U2,
20240707_13_11,True,True,False,True,auxiliary_pretraining_candidate,remains_non_strict_U2,
20240707_13_12,True,True,False,True,auxiliary_pretraining_candidate,remains_non_strict_U2,
20240707_16_05,True,True,False,True,auxiliary_pretraining_candidate,remains_non_strict_U2,
20240707_16_11,True,True,False,True,auxiliary_pretraining_candidate,remains_non_strict_U2,
20240707_20_10,True,True,False,True,auxiliary_pretraining_candidate,remains_non_strict_U2,
20240708_01_12,True,True,False,True,auxiliary_pretraining_candidate,remains_non_strict_U2,
20240708_02_03,True,True,False,True,auxiliary_pretraining_candidate,remains_non_strict_U2,
20240708_08_07,True,True,False,True,auxiliary_pretraining_candidate,remains_non_strict_U2,
20240708_11_10,True,True,False,True,auxiliary_pretraining_candidate,remains_non_strict_U2,
20240708_20_09,True,True,False,True,auxiliary_pretraining_candidate,remains_non_strict_U2,
20240708_20_11,True,True,False,True,auxiliary_pretraining_candidate,remains_non_strict_U2,
20240708_24_08,True,True,False,True,auxiliary_pretraining_candidate,remains_non_strict_U2,
20240709_01_08,True,True,False,True,auxiliary_pretraining_candidate,remains_non_strict_U2,
20240709_01_11,True,True,False,True,auxiliary_pretraining_candidate,remains_non_strict_U2,
20240709_02_06,True,True,False,True,auxiliary_pretraining_candidate,remains_non_strict_U2,
20240709_05_04,True,True,False,True,auxiliary_pretraining_candidate,remains_non_strict_U2,
20240709_06_04,True,True,False,True,auxiliary_pretraining_candidate,remains_non_strict_U2,
20240709_15_05,True,True,False,True,auxiliary_pretraining_candidate,remains_non_strict_U2,
20240709_18_09,True,True,False,True,auxiliary_pretraining_candidate,remains_non_strict_U2,
20240709_23_06,True,True,False,True,auxiliary_pretraining_candidate,remains_non_strict_U2,
20240710_01_06,True,True,False,True,auxiliary_pretraining_candidate,remains_non_strict_U2,
20240710_02_06,True,True,False,True,auxiliary_pretraining_candidate,remains_non_strict_U2,
20240710_10_11,True,True,False,True,auxiliary_pretraining_candidate,remains_non_strict_U2,
20240710_14_12,True,True,False,True,auxiliary_pretraining_candidate,remains_non_strict_U2,
20240710_18_06,True,True,False,True,auxiliary_pretraining_candidate,remains_non_strict_U2,
20240710_24_05,True,True,False,True,auxiliary_pretraining_candidate,remains_non_strict_U2,
20240710_24_12,True,True,False,True,auxiliary_pretraining_candidate,remains_non_strict_U2,
20240711_02_09,True,True,False,True,auxiliary_pretraining_candidate,remains_non_strict_U2,
20240711_02_12,True,True,False,True,auxiliary_pretraining_candidate,remains_non_strict_U2,
20240711_09_07,True,True,False,True,auxiliary_pretraining_candidate,remains_non_strict_U2,
20240711_09_08,True,True,False,True,auxiliary_pretraining_candidate,remains_non_strict_U2,
20240711_12_02,True,True,False,True,auxiliary_pretraining_candidate,remains_non_strict_U2,
20240711_14_06,True,True,False,True,auxiliary_pretraining_candidate,remains_non_strict_U2,
20240711_15_06,True,True,False,True,auxiliary_pretraining_candidate,remains_non_strict_U2,
20240711_16_01,True,True,False,True,auxiliary_pretraining_candidate,remains_non_strict_U2,
20240711_20_04,True,True,False,True,auxiliary_pretraining_candidate,remains_non_strict_U2,
20240711_24_05,True,True,False,True,auxiliary_pretraining_candidate,remains_non_strict_U2,
20240712_10_06,True,True,False,True,auxiliary_pretraining_candidate,remains_non_strict_U2,
20240712_12_09,True,True,False,True,auxiliary_pretraining_candidate,remains_non_strict_U2,
20240712_15_03,True,True,False,True,auxiliary_pretraining_candidate,remains_non_strict_U2,
20240712_16_06,True,True,False,True,auxiliary_pretraining_candidate,remains_non_strict_U2,
20240712_20_06,True,True,False,True,auxiliary_pretraining_candidate,remains_non_strict_U2,
20240713_05_05,True,True,False,True,auxiliary_pretraining_candidate,remains_non_strict_U2,
20240713_05_11,True,True,False,True,auxiliary_pretraining_candidate,remains_non_strict_U2,
20240713_06_07,True,True,False,True,auxiliary_pretraining_candidate,remains_non_strict_U2,
20240713_06_11,True,True,False,True,auxiliary_pretraining_candidate,remains_non_strict_U2,
20240713_10_04,True,True,False,True,auxiliary_pretraining_candidate,remains_non_strict_U2,
20240713_14_10,True,True,False,True,auxiliary_pretraining_candidate,remains_non_strict_U2,
20240713_15_02,True,True,False,True,auxiliary_pretraining_candidate,remains_non_strict_U2,
20240713_15_08,True,True,False,True,auxiliary_pretraining_candidate,remains_non_strict_U2,
20240713_17_01,True,True,False,True,auxiliary_pretraining_candidate,remains_non_strict_U2,
20240713_24_06,True,True,False,True,auxiliary_pretraining_candidate,remains_non_strict_U2,
20240713_24_12,True,True,False,True,auxiliary_pretraining_candidate,remains_non_strict_U2,
20240714_01_05,True,True,False,True,auxiliary_pretraining_candidate,remains_non_strict_U2,
20240714_08_01,True,True,False,True,auxiliary_pretraining_candidate,remains_non_strict_U2,
20240714_09_01,True,True,False,True,auxiliary_pretraining_candidate,remains_non_strict_U2,
20240714_12_02,True,True,False,True,auxiliary_pretraining_candidate,remains_non_strict_U2,
20240714_12_08,True,True,False,True,auxiliary_pretraining_candidate,remains_non_strict_U2,
20240714_14_05,True,True,False,True,auxiliary_pretraining_candidate,remains_non_strict_U2,
20240714_17_05,True,True,False,True,auxiliary_pretraining_candidate,remains_non_strict_U2,
20240714_20_03,True,True,False,True,auxiliary_pretraining_candidate,remains_non_strict_U2,
20240714_20_06,True,True,False,True,auxiliary_pretraining_candidate,remains_non_strict_U2,
20240714_21_08,True,True,False,True,auxiliary_pretraining_candidate,remains_non_strict_U2,
20240714_23_08,True,True,False,True,auxiliary_pretraining_candidate,remains_non_strict_U2,
20240715_01_06,True,True,False,True,auxiliary_pretraining_candidate,remains_non_strict_U2,
20240715_04_07,True,True,False,True,auxiliary_pretraining_candidate,remains_non_strict_U2,
20240715_14_10,True,True,False,True,auxiliary_pretraining_candidate,remains_non_strict_U2,
20240715_17_01,True,True,False,True,auxiliary_pretraining_candidate,remains_non_strict_U2,
20240715_17_10,True,True,False,True,auxiliary_pretraining_candidate,remains_non_strict_U2,
20240715_19_07,True,True,False,True,auxiliary_pretraining_candidate,remains_non_strict_U2,
20240715_20_10,True,True,False,True,auxiliary_pretraining_candidate,remains_non_strict_U2,
20240716_01_01,True,True,False,True,auxiliary_pretraining_candidate,remains_non_strict_U2,
20240716_01_02,True,True,False,True,auxiliary_pretraining_candidate,remains_non_strict_U2,
20240716_01_09,True,True,False,True,auxiliary_pretraining_candidate,remains_non_strict_U2,
20240716_02_05,True,True,False,True,auxiliary_pretraining_candidate,remains_non_strict_U2,
20240716_04_01,True,True,False,True,auxiliary_pretraining_candidate,remains_non_strict_U2,
20240716_04_08,True,True,False,True,auxiliary_pretraining_candidate,remains_non_strict_U2,
20240716_04_10,True,True,False,True,auxiliary_pretraining_candidate,remains_non_strict_U2,
20240716_20_01,True,True,False,True,auxiliary_pretraining_candidate,remains_non_strict_U2,
20240717_03_12,True,True,False,True,auxiliary_pretraining_candidate,remains_non_strict_U2,
20240717_04_01,True,True,False,True,auxiliary_pretraining_candidate,remains_non_strict_U2,
20240717_06_02,True,True,False,True,auxiliary_pretraining_candidate,remains_non_strict_U2,
20240717_07_07,True,True,False,True,auxiliary_pretraining_candidate,remains_non_strict_U2,
20240717_08_04,True,True,False,True,auxiliary_pretraining_candidate,remains_non_strict_U2,
20240717_21_03,True,True,False,True,auxiliary_pretraining_candidate,remains_non_strict_U2,
20240718_01_05,True,True,False,True,auxiliary_pretraining_candidate,remains_non_strict_U2,
20240718_01_07,True,True,False,True,auxiliary_pretraining_candidate,remains_non_strict_U2,
20240718_03_12,True,True,False,True,auxiliary_pretraining_candidate,remains_non_strict_U2,
20240718_04_06,True,True,False,True,auxiliary_pretraining_candidate,remains_non_strict_U2,
20240718_06_11,True,True,False,True,auxiliary_pretraining_candidate,remains_non_strict_U2,
20240718_11_07,True,True,False,True,auxiliary_pretraining_candidate,remains_non_strict_U2,
20240718_15_10,True,True,False,True,auxiliary_pretraining_candidate,remains_non_strict_U2,
20240719_04_01,True,True,False,True,auxiliary_pretraining_candidate,remains_non_strict_U2,
20240719_07_06,True,True,False,True,auxiliary_pretraining_candidate,remains_non_strict_U2,
20240719_12_07,True,True,False,True,auxiliary_pretraining_candidate,remains_non_strict_U2,
20240719_12_09,True,True,False,True,auxiliary_pretraining_candidate,remains_non_strict_U2,
20240720_07_07,True,True,False,True,auxiliary_pretraining_candidate,remains_non_strict_U2,
20240720_09_07,True,True,False,True,auxiliary_pretraining_candidate,remains_non_strict_U2,
20240720_10_03,True,True,False,True,auxiliary_pretraining_candidate,remains_non_strict_U2,
20240720_12_05,True,True,False,True,auxiliary_pretraining_candidate,remains_non_strict_U2,
20240720_13_04,True,True,False,True,auxiliary_pretraining_candidate,remains_non_strict_U2,
20240721_02_01,True,True,False,True,auxiliary_pretraining_candidate,remains_non_strict_U2,
20240721_03_12,True,True,False,True,auxiliary_pretraining_candidate,remains_non_strict_U2,
20240721_09_12,True,True,False,True,auxiliary_pretraining_candidate,remains_non_strict_U2,
20240721_10_01,True,True,False,True,auxiliary_pretraining_candidate,remains_non_strict_U2,
20240721_13_12,True,True,False,True,auxiliary_pretraining_candidate,remains_non_strict_U2,
20240721_16_04,True,True,False,True,auxiliary_pretraining_candidate,remains_non_strict_U2,
20240721_16_05,True,True,False,True,auxiliary_pretraining_candidate,remains_non_strict_U2,
20240722_02_02,True,True,False,True,auxiliary_pretraining_candidate,remains_non_strict_U2,
20240722_10_04,True,True,False,True,auxiliary_pretraining_candidate,remains_non_strict_U2,
20240722_10_10,True,True,False,True,auxiliary_pretraining_candidate,remains_non_strict_U2,
20240722_10_12,True,True,False,True,auxiliary_pretraining_candidate,remains_non_strict_U2,
20240722_12_05,True,True,False,True,auxiliary_pretraining_candidate,remains_non_strict_U2,
20240722_13_03,True,True,False,True,auxiliary_pretraining_candidate,remains_non_strict_U2,
20240722_13_04,True,True,False,True,auxiliary_pretraining_candidate,remains_non_strict_U2,
20240722_15_02,True,True,False,True,auxiliary_pretraining_candidate,remains_non_strict_U2,
20240722_15_04,True,True,False,True,auxiliary_pretraining_candidate,remains_non_strict_U2,
20240722_20_07,True,True,False,True,auxiliary_pretraining_candidate,remains_non_strict_U2,
20240722_23_01,True,True,False,True,auxiliary_pretraining_candidate,remains_non_strict_U2,
20240723_02_06,True,True,False,True,auxiliary_pretraining_candidate,remains_non_strict_U2,
20240723_04_03,True,True,False,True,auxiliary_pretraining_candidate,remains_non_strict_U2,
20240723_08_02,True,True,False,True,auxiliary_pretraining_candidate,remains_non_strict_U2,
20240723_12_03,True,True,False,True,auxiliary_pretraining_candidate,remains_non_strict_U2,
20240723_13_02,True,True,False,True,auxiliary_pretraining_candidate,remains_non_strict_U2,
20240723_13_12,True,True,False,True,auxiliary_pretraining_candidate,remains_non_strict_U2,
20240723_16_11,True,True,False,True,auxiliary_pretraining_candidate,remains_non_strict_U2,
20240723_18_01,True,True,False,True,auxiliary_pretraining_candidate,remains_non_strict_U2,
20240723_23_02,True,True,False,True,auxiliary_pretraining_candidate,remains_non_strict_U2,
20240723_23_07,True,True,False,True,auxiliary_pretraining_candidate,remains_non_strict_U2,
20240723_23_09,True,True,False,True,auxiliary_pretraining_candidate,remains_non_strict_U2,
20240723_24_01,True,True,False,True,auxiliary_pretraining_candidate,remains_non_strict_U2,
20240724_02_01,True,True,False,True,auxiliary_pretraining_candidate,remains_non_strict_U2,
20240724_02_07,True,True,False,True,auxiliary_pretraining_candidate,remains_non_strict_U2,
20240724_08_05,True,True,False,True,auxiliary_pretraining_candidate,remains_non_strict_U2,
20240724_13_05,True,True,False,True,auxiliary_pretraining_candidate,remains_non_strict_U2,
20240724_18_06,True,True,False,True,auxiliary_pretraining_candidate,remains_non_strict_U2,
20240724_18_07,True,True,False,True,auxiliary_pretraining_candidate,remains_non_strict_U2,
20240725_02_01,True,True,False,True,auxiliary_pretraining_candidate,remains_non_strict_U2,
20240725_04_12,True,True,False,True,auxiliary_pretraining_candidate,remains_non_strict_U2,
20240725_11_08,True,True,False,True,auxiliary_pretraining_candidate,remains_non_strict_U2,
20240725_14_03,True,True,False,True,auxiliary_pretraining_candidate,remains_non_strict_U2,
20240725_17_05,True,True,False,True,auxiliary_pretraining_candidate,remains_non_strict_U2,
20240725_17_06,True,True,False,True,auxiliary_pretraining_candidate,remains_non_strict_U2,
20240725_18_05,True,True,False,True,auxiliary_pretraining_candidate,remains_non_strict_U2,
20240726_05_09,True,True,False,True,auxiliary_pretraining_candidate,remains_non_strict_U2,
20240726_17_07,True,True,False,True,auxiliary_pretraining_candidate,remains_non_strict_U2,
20240726_24_03,True,True,False,True,auxiliary_pretraining_candidate,remains_non_strict_U2,
20240727_01_03,True,True,False,True,auxiliary_pretraining_candidate,remains_non_strict_U2,
20240727_01_08,True,True,False,True,auxiliary_pretraining_candidate,remains_non_strict_U2,
20240727_05_06,True,True,False,True,auxiliary_pretraining_candidate,remains_non_strict_U2,
20240727_05_11,True,True,False,True,auxiliary_pretraining_candidate,remains_non_strict_U2,
20240727_09_07,True,True,False,True,auxiliary_pretraining_candidate,remains_non_strict_U2,
20240727_11_11,True,True,False,True,auxiliary_pretraining_candidate,remains_non_strict_U2,
20240727_14_09,True,True,False,True,auxiliary_pretraining_candidate,remains_non_strict_U2,
20240727_18_04,True,True,False,True,auxiliary_pretraining_candidate,remains_non_strict_U2,
20240727_22_04,True,True,False,True,auxiliary_pretraining_candidate,remains_non_strict_U2,
20240728_06_02,True,True,False,True,auxiliary_pretraining_candidate,remains_non_strict_U2,
20240728_09_01,True,True,False,True,auxiliary_pretraining_candidate,remains_non_strict_U2,
20240728_09_11,True,True,False,True,auxiliary_pretraining_candidate,remains_non_strict_U2,
20240728_17_10,True,True,False,True,auxiliary_pretraining_candidate,remains_non_strict_U2,
20240728_19_04,True,True,False,True,auxiliary_pretraining_candidate,remains_non_strict_U2,
20240728_19_10,True,True,False,True,auxiliary_pretraining_candidate,remains_non_strict_U2,
20240728_22_04,True,True,False,True,auxiliary_pretraining_candidate,remains_non_strict_U2,
20240729_09_06,True,True,False,True,auxiliary_pretraining_candidate,remains_non_strict_U2,
20240729_10_10,True,True,False,True,auxiliary_pretraining_candidate,remains_non_strict_U2,
20240729_19_02,True,True,False,True,auxiliary_pretraining_candidate,remains_non_strict_U2,
20240730_03_02,True,True,False,True,auxiliary_pretraining_candidate,remains_non_strict_U2,
20240730_08_09,True,True,False,True,auxiliary_pretraining_candidate,remains_non_strict_U2,
20240730_09_12,True,True,False,True,auxiliary_pretraining_candidate,remains_non_strict_U2,
20240730_12_03,True,True,False,True,auxiliary_pretraining_candidate,remains_non_strict_U2,
20240730_12_08,True,True,False,True,auxiliary_pretraining_candidate,remains_non_strict_U2,
20240730_16_09,True,True,False,True,auxiliary_pretraining_candidate,remains_non_strict_U2,
20240730_16_10,True,True,False,True,auxiliary_pretraining_candidate,remains_non_strict_U2,
20240730_20_07,True,True,False,True,auxiliary_pretraining_candidate,remains_non_strict_U2,
20240731_12_03,True,True,False,True,auxiliary_pretraining_candidate,remains_non_strict_U2,
20240731_16_09,True,True,False,True,auxiliary_pretraining_candidate,remains_non_strict_U2,
20240731_23_02,True,True,False,True,auxiliary_pretraining_candidate,remains_non_strict_U2,
20240801_10_07,True,True,False,True,auxiliary_pretraining_candidate,remains_non_strict_U2,
20240801_11_10,True,True,False,True,auxiliary_pretraining_candidate,remains_non_strict_U2,
20240801_12_04,True,True,False,True,auxiliary_pretraining_candidate,remains_non_strict_U2,
20240801_16_01,True,True,False,True,auxiliary_pretraining_candidate,remains_non_strict_U2,
20240801_16_12,True,True,False,True,auxiliary_pretraining_candidate,remains_non_strict_U2,
20240801_20_05,True,True,False,True,auxiliary_pretraining_candidate,remains_non_strict_U2,
20240801_23_01,True,True,False,True,auxiliary_pretraining_candidate,remains_non_strict_U2,
20240802_03_03,True,True,False,True,auxiliary_pretraining_candidate,remains_non_strict_U2,
20240802_03_04,True,True,False,True,auxiliary_pretraining_candidate,remains_non_strict_U2,
20240802_15_07,True,True,False,True,auxiliary_pretraining_candidate,remains_non_strict_U2,
20240802_20_12,True,True,False,True,auxiliary_pretraining_candidate,remains_non_strict_U2,
20240802_21_08,True,True,False,True,auxiliary_pretraining_candidate,remains_non_strict_U2,
20240802_21_11,True,True,False,True,auxiliary_pretraining_candidate,remains_non_strict_U2,
20240803_01_05,True,True,False,True,auxiliary_pretraining_candidate,remains_non_strict_U2,
20240803_15_06,True,True,False,True,auxiliary_pretraining_candidate,remains_non_strict_U2,
20240803_15_12,True,True,False,True,auxiliary_pretraining_candidate,remains_non_strict_U2,
20240803_16_08,True,True,False,True,auxiliary_pretraining_candidate,remains_non_strict_U2,
20240803_16_10,True,True,False,True,auxiliary_pretraining_candidate,remains_non_strict_U2,
20240803_20_11,True,True,False,True,auxiliary_pretraining_candidate,remains_non_strict_U2,
20240803_21_12,True,True,False,True,auxiliary_pretraining_candidate,remains_non_strict_U2,
20240804_01_08,True,True,False,True,auxiliary_pretraining_candidate,remains_non_strict_U2,
20240804_06_02,True,True,False,True,auxiliary_pretraining_candidate,remains_non_strict_U2,
20240804_12_05,True,True,False,True,auxiliary_pretraining_candidate,remains_non_strict_U2,
20240804_12_11,True,True,False,True,auxiliary_pretraining_candidate,remains_non_strict_U2,
20240804_15_07,True,True,False,True,auxiliary_pretraining_candidate,remains_non_strict_U2,
20240804_17_05,True,True,False,True,auxiliary_pretraining_candidate,remains_non_strict_U2,
20240804_18_01,True,True,False,True,auxiliary_pretraining_candidate,remains_non_strict_U2,
20240804_20_01,True,True,False,True,auxiliary_pretraining_candidate,remains_non_strict_U2,
20240804_21_04,True,True,False,True,auxiliary_pretraining_candidate,remains_non_strict_U2,
20240805_01_10,True,True,False,True,auxiliary_pretraining_candidate,remains_non_strict_U2,
20240805_09_01,True,True,False,True,auxiliary_pretraining_candidate,remains_non_strict_U2,
20240805_15_01,True,True,False,True,auxiliary_pretraining_candidate,remains_non_strict_U2,
20240806_02_12,True,True,False,True,auxiliary_pretraining_candidate,remains_non_strict_U2,
20240806_11_09,True,True,False,True,auxiliary_pretraining_candidate,remains_non_strict_U2,
20240806_14_04,True,True,False,True,auxiliary_pretraining_candidate,remains_non_strict_U2,
20240806_14_11,True,True,False,True,auxiliary_pretraining_candidate,remains_non_strict_U2,
20240806_15_02,True,True,False,True,auxiliary_pretraining_candidate,remains_non_strict_U2,
20240806_15_05,True,True,False,True,auxiliary_pretraining_candidate,remains_non_strict_U2,
20240806_17_01,True,True,False,True,auxiliary_pretraining_candidate,remains_non_strict_U2,
20240806_18_04,True,True,False,True,auxiliary_pretraining_candidate,remains_non_strict_U2,
20240806_19_01,True,True,False,True,auxiliary_pretraining_candidate,remains_non_strict_U2,
20240806_20_02,True,True,False,True,auxiliary_pretraining_candidate,remains_non_strict_U2,
20240806_20_03,True,True,False,True,auxiliary_pretraining_candidate,remains_non_strict_U2,
20240806_20_05,True,True,False,True,auxiliary_pretraining_candidate,remains_non_strict_U2,
20240806_21_02,True,True,False,True,auxiliary_pretraining_candidate,remains_non_strict_U2,
20240806_24_03,True,True,False,True,auxiliary_pretraining_candidate,remains_non_strict_U2,
20240807_10_09,True,True,False,True,auxiliary_pretraining_candidate,remains_non_strict_U2,
20240807_22_01,True,True,False,True,auxiliary_pretraining_candidate,remains_non_strict_U2,
20240807_24_10,True,True,False,True,auxiliary_pretraining_candidate,remains_non_strict_U2,
20240808_09_01,True,True,False,True,auxiliary_pretraining_candidate,remains_non_strict_U2,
20240808_09_12,True,True,False,True,auxiliary_pretraining_candidate,remains_non_strict_U2,
20240808_10_03,True,True,False,True,auxiliary_pretraining_candidate,remains_non_strict_U2,
20240808_16_02,True,True,False,True,auxiliary_pretraining_candidate,remains_non_strict_U2,
20240808_17_12,True,True,False,True,auxiliary_pretraining_candidate,remains_non_strict_U2,
20240808_22_01,True,True,False,True,auxiliary_pretraining_candidate,remains_non_strict_U2,
20240808_22_07,True,True,False,True,auxiliary_pretraining_candidate,remains_non_strict_U2,
20240808_22_10,True,True,False,True,auxiliary_pretraining_candidate,remains_non_strict_U2,
20240808_24_02,True,True,False,True,auxiliary_pretraining_candidate,remains_non_strict_U2,
20241027_01_04,True,True,False,True,auxiliary_pretraining_candidate,remains_non_strict_U2,
20241027_01_12,True,True,False,True,auxiliary_pretraining_candidate,remains_non_strict_U2,
20241027_04_02,True,True,False,True,auxiliary_pretraining_candidate,remains_non_strict_U2,
20241027_12_03,True,True,False,True,auxiliary_pretraining_candidate,remains_non_strict_U2,
20241027_13_01,True,True,False,True,auxiliary_pretraining_candidate,remains_non_strict_U2,
20241027_16_06,True,True,False,True,auxiliary_pretraining_candidate,remains_non_strict_U2,
20241027_21_06,True,True,False,True,auxiliary_pretraining_candidate,remains_non_strict_U2,
20241027_21_07,True,True,False,True,auxiliary_pretraining_candidate,remains_non_strict_U2,
20241027_22_07,True,True,False,True,auxiliary_pretraining_candidate,remains_non_strict_U2,
20241027_24_04,True,True,False,True,auxiliary_pretraining_candidate,remains_non_strict_U2,
20241027_24_05,True,True,False,True,auxiliary_pretraining_candidate,remains_non_strict_U2,
20241028_04_03,True,True,False,True,auxiliary_pretraining_candidate,remains_non_strict_U2,
20241028_07_06,True,True,False,True,auxiliary_pretraining_candidate,remains_non_strict_U2,
20241028_12_02,True,True,False,True,auxiliary_pretraining_candidate,remains_non_strict_U2,
20241028_12_05,True,True,False,True,auxiliary_pretraining_candidate,remains_non_strict_U2,
20241028_18_04,True,True,False,True,auxiliary_pretraining_candidate,remains_non_strict_U2,
20241028_18_05,True,True,False,True,auxiliary_pretraining_candidate,remains_non_strict_U2,
20241028_21_02,True,True,False,True,auxiliary_pretraining_candidate,remains_non_strict_U2,
20241028_22_09,True,True,False,True,auxiliary_pretraining_candidate,remains_non_strict_U2,
20241028_24_09,True,True,False,True,auxiliary_pretraining_candidate,remains_non_strict_U2,
20241029_01_03,True,True,False,True,auxiliary_pretraining_candidate,remains_non_strict_U2,
20241029_04_01,True,True,False,True,auxiliary_pretraining_candidate,remains_non_strict_U2,
20241029_07_04,True,True,False,True,auxiliary_pretraining_candidate,remains_non_strict_U2,
20241029_12_12,True,True,False,True,auxiliary_pretraining_candidate,remains_non_strict_U2,
20241029_21_11,True,True,False,True,auxiliary_pretraining_candidate,remains_non_strict_U2,
20241029_22_04,True,True,False,True,auxiliary_pretraining_candidate,remains_non_strict_U2,
20241029_22_05,True,True,False,True,auxiliary_pretraining_candidate,remains_non_strict_U2,
20241029_24_03,True,True,False,True,auxiliary_pretraining_candidate,remains_non_strict_U2,
20241029_24_07,True,True,False,True,auxiliary_pretraining_candidate,remains_non_strict_U2,
20241029_24_09,True,True,False,True,auxiliary_pretraining_candidate,remains_non_strict_U2,
20241030_07_06,True,True,False,True,auxiliary_pretraining_candidate,remains_non_strict_U2,
20241030_07_10,True,True,False,True,auxiliary_pretraining_candidate,remains_non_strict_U2,
20241030_09_04,True,True,False,True,auxiliary_pretraining_candidate,remains_non_strict_U2,
20241030_13_11,True,True,False,True,auxiliary_pretraining_candidate,remains_non_strict_U2,
20241030_18_06,True,True,False,True,auxiliary_pretraining_candidate,remains_non_strict_U2,
20241030_20_07,True,True,False,True,auxiliary_pretraining_candidate,remains_non_strict_U2,
20241030_23_02,True,True,False,True,auxiliary_pretraining_candidate,remains_non_strict_U2,
20241030_24_08,True,True,False,True,auxiliary_pretraining_candidate,remains_non_strict_U2,
20241031_05_01,True,True,False,True,auxiliary_pretraining_candidate,remains_non_strict_U2,
20241031_06_02,True,True,False,True,auxiliary_pretraining_candidate,remains_non_strict_U2,
20241031_07_06,True,True,False,True,auxiliary_pretraining_candidate,remains_non_strict_U2,
20241031_13_04,True,True,False,True,auxiliary_pretraining_candidate,remains_non_strict_U2,
20241031_15_01,True,True,False,True,auxiliary_pretraining_candidate,remains_non_strict_U2,
20241031_23_10,True,True,False,True,auxiliary_pretraining_candidate,remains_non_strict_U2,
20241101_02_08,True,True,False,True,auxiliary_pretraining_candidate,remains_non_strict_U2,
20241101_05_11,True,True,False,True,auxiliary_pretraining_candidate,remains_non_strict_U2,
20241101_14_08,True,True,False,True,auxiliary_pretraining_candidate,remains_non_strict_U2,
20241101_16_01,True,True,False,True,auxiliary_pretraining_candidate,remains_non_strict_U2,
20241101_16_06,True,True,False,True,auxiliary_pretraining_candidate,remains_non_strict_U2,
20241101_16_12,True,True,False,True,auxiliary_pretraining_candidate,remains_non_strict_U2,
20241101_19_01,True,True,False,True,auxiliary_pretraining_candidate,remains_non_strict_U2,
20241101_19_04,True,True,False,True,auxiliary_pretraining_candidate,remains_non_strict_U2,
20241102_02_10,True,True,False,True,auxiliary_pretraining_candidate,remains_non_strict_U2,
20241102_12_04,True,True,False,True,auxiliary_pretraining_candidate,remains_non_strict_U2,
20241102_12_05,True,True,False,True,auxiliary_pretraining_candidate,remains_non_strict_U2,
20241103_02_01,True,True,False,True,auxiliary_pretraining_candidate,remains_non_strict_U2,
20241103_06_06,True,True,False,True,auxiliary_pretraining_candidate,remains_non_strict_U2,
20241103_06_09,True,True,False,True,auxiliary_pretraining_candidate,remains_non_strict_U2,
20241103_06_11,True,True,False,True,auxiliary_pretraining_candidate,remains_non_strict_U2,
20241103_10_05,True,True,False,True,auxiliary_pretraining_candidate,remains_non_strict_U2,
20241103_10_09,True,True,False,True,auxiliary_pretraining_candidate,remains_non_strict_U2,
20241103_12_04,True,True,False,True,auxiliary_pretraining_candidate,remains_non_strict_U2,
20241103_12_08,True,True,False,True,auxiliary_pretraining_candidate,remains_non_strict_U2,
20241103_14_12,True,True,False,True,auxiliary_pretraining_candidate,remains_non_strict_U2,
20241103_15_02,True,True,False,True,auxiliary_pretraining_candidate,remains_non_strict_U2,
20241103_15_08,True,True,False,True,auxiliary_pretraining_candidate,remains_non_strict_U2,
20241104_02_03,True,True,False,True,auxiliary_pretraining_candidate,remains_non_strict_U2,
20241104_02_07,True,True,False,True,auxiliary_pretraining_candidate,remains_non_strict_U2,
20241104_06_09,True,True,False,True,auxiliary_pretraining_candidate,remains_non_strict_U2,
20241104_09_02,True,True,False,True,auxiliary_pretraining_candidate,remains_non_strict_U2,
20241104_09_04,True,True,False,True,auxiliary_pretraining_candidate,remains_non_strict_U2,
20241104_12_10,True,True,False,True,auxiliary_pretraining_candidate,remains_non_strict_U2,
20241104_14_06,True,True,False,True,auxiliary_pretraining_candidate,remains_non_strict_U2,
20241104_16_12,True,True,False,True,auxiliary_pretraining_candidate,remains_non_strict_U2,
20241105_10_02,True,True,False,True,auxiliary_pretraining_candidate,remains_non_strict_U2,
20241105_16_05,True,True,False,True,auxiliary_pretraining_candidate,remains_non_strict_U2,
20241105_17_05,True,True,False,True,auxiliary_pretraining_candidate,remains_non_strict_U2,
20241105_20_05,True,True,False,True,auxiliary_pretraining_candidate,remains_non_strict_U2,
20241105_24_12,True,True,False,True,auxiliary_pretraining_candidate,remains_non_strict_U2,
20241106_04_04,True,True,False,True,auxiliary_pretraining_candidate,remains_non_strict_U2,
20241106_04_11,True,True,False,True,auxiliary_pretraining_candidate,remains_non_strict_U2,
20241106_08_05,True,True,False,True,auxiliary_pretraining_candidate,remains_non_strict_U2,
20241106_08_08,True,True,False,True,auxiliary_pretraining_candidate,remains_non_strict_U2,
20241106_10_05,True,True,False,True,auxiliary_pretraining_candidate,remains_non_strict_U2,
20241106_10_08,True,True,False,True,auxiliary_pretraining_candidate,remains_non_strict_U2,
20241106_20_09,True,True,False,True,auxiliary_pretraining_candidate,remains_non_strict_U2,
20241106_21_06,True,True,False,True,auxiliary_pretraining_candidate,remains_non_strict_U2,
20241106_22_05,True,True,False,True,auxiliary_pretraining_candidate,remains_non_strict_U2,
20241106_22_06,True,True,False,True,auxiliary_pretraining_candidate,remains_non_strict_U2,
20241106_22_10,True,True,False,True,auxiliary_pretraining_candidate,remains_non_strict_U2,
20241106_22_11,True,True,False,True,auxiliary_pretraining_candidate,remains_non_strict_U2,
20241107_04_02,True,True,False,True,auxiliary_pretraining_candidate,remains_non_strict_U2,
20241107_04_12,True,True,False,True,auxiliary_pretraining_candidate,remains_non_strict_U2,
20241107_08_01,True,True,False,True,auxiliary_pretraining_candidate,remains_non_strict_U2,
20241107_08_02,True,True,False,True,auxiliary_pretraining_candidate,remains_non_strict_U2,
20241107_08_08,True,True,False,True,auxiliary_pretraining_candidate,remains_non_strict_U2,
20241107_09_06,True,True,False,True,auxiliary_pretraining_candidate,remains_non_strict_U2,
20241107_18_01,True,True,False,True,auxiliary_pretraining_candidate,remains_non_strict_U2,
20241107_18_10,True,True,False,True,auxiliary_pretraining_candidate,remains_non_strict_U2,
20241107_22_02,True,True,False,True,auxiliary_pretraining_candidate,remains_non_strict_U2,
20241107_22_08,True,True,False,True,auxiliary_pretraining_candidate,remains_non_strict_U2,
20241108_04_09,True,True,False,True,auxiliary_pretraining_candidate,remains_non_strict_U2,
20241108_17_07,True,True,False,True,auxiliary_pretraining_candidate,remains_non_strict_U2,
20241108_20_03,True,True,False,True,auxiliary_pretraining_candidate,remains_non_strict_U2,
20241108_20_08,True,True,False,True,auxiliary_pretraining_candidate,remains_non_strict_U2,
20241108_22_07,True,True,False,True,auxiliary_pretraining_candidate,remains_non_strict_U2,
20241108_22_12,True,True,False,True,auxiliary_pretraining_candidate,remains_non_strict_U2,
20241108_24_05,True,True,False,True,auxiliary_pretraining_candidate,remains_non_strict_U2,
20241108_24_12,True,True,False,True,auxiliary_pretraining_candidate,remains_non_strict_U2,
20241109_01_05,True,True,False,True,auxiliary_pretraining_candidate,remains_non_strict_U2,
20241109_02_07,True,True,False,True,auxiliary_pretraining_candidate,remains_non_strict_U2,
20241109_02_12,True,True,False,True,auxiliary_pretraining_candidate,remains_non_strict_U2,
20241109_04_10,True,True,False,True,auxiliary_pretraining_candidate,remains_non_strict_U2,
20241109_08_11,True,True,False,True,auxiliary_pretraining_candidate,remains_non_strict_U2,
20241109_15_02,True,True,False,True,auxiliary_pretraining_candidate,remains_non_strict_U2,
20241109_20_01,True,True,False,True,auxiliary_pretraining_candidate,remains_non_strict_U2,
20241110_04_06,True,True,False,True,auxiliary_pretraining_candidate,remains_non_strict_U2,
20241110_14_02,True,True,False,True,auxiliary_pretraining_candidate,remains_non_strict_U2,
20241110_14_07,True,True,False,True,auxiliary_pretraining_candidate,remains_non_strict_U2,
20241110_14_12,True,True,False,True,auxiliary_pretraining_candidate,remains_non_strict_U2,
20241110_15_04,True,True,False,True,auxiliary_pretraining_candidate,remains_non_strict_U2,
20241110_17_01,True,True,False,True,auxiliary_pretraining_candidate,remains_non_strict_U2,
20241110_20_08,True,True,False,True,auxiliary_pretraining_candidate,remains_non_strict_U2,
20241110_22_02,True,True,False,True,auxiliary_pretraining_candidate,remains_non_strict_U2,
20241111_01_06,True,True,False,True,auxiliary_pretraining_candidate,remains_non_strict_U2,
20241111_02_05,True,True,False,True,auxiliary_pretraining_candidate,remains_non_strict_U2,
20241111_02_08,True,True,False,True,auxiliary_pretraining_candidate,remains_non_strict_U2,
20241111_09_01,True,True,False,True,auxiliary_pretraining_candidate,remains_non_strict_U2,
20241111_10_08,True,True,False,True,auxiliary_pretraining_candidate,remains_non_strict_U2,
20241111_15_06,True,True,False,True,auxiliary_pretraining_candidate,remains_non_strict_U2,
20241112_01_08,True,True,False,True,auxiliary_pretraining_candidate,remains_non_strict_U2,
20241112_02_11,True,True,False,True,auxiliary_pretraining_candidate,remains_non_strict_U2,
20241112_15_01,True,True,False,True,auxiliary_pretraining_candidate,remains_non_strict_U2,
20241112_15_02,True,True,False,True,auxiliary_pretraining_candidate,remains_non_strict_U2,
20241113_07_11,True,True,False,True,auxiliary_pretraining_candidate,remains_non_strict_U2,
20241113_09_05,True,True,False,True,auxiliary_pretraining_candidate,remains_non_strict_U2,
20241113_13_01,True,True,False,True,auxiliary_pretraining_candidate,remains_non_strict_U2,
20241113_15_11,True,True,False,True,auxiliary_pretraining_candidate,remains_non_strict_U2,
20241114_05_04,True,True,False,True,auxiliary_pretraining_candidate,remains_non_strict_U2,
20241114_09_12,True,True,False,True,auxiliary_pretraining_candidate,remains_non_strict_U2,
20241114_10_07,True,True,False,True,auxiliary_pretraining_candidate,remains_non_strict_U2,
20241114_13_12,True,True,False,True,auxiliary_pretraining_candidate,remains_non_strict_U2,
20241114_17_08,True,True,False,True,auxiliary_pretraining_candidate,remains_non_strict_U2,
20241114_18_08,True,True,False,True,auxiliary_pretraining_candidate,remains_non_strict_U2,
20241114_23_05,True,True,False,True,auxiliary_pretraining_candidate,remains_non_strict_U2,
20241115_07_07,True,True,False,True,auxiliary_pretraining_candidate,remains_non_strict_U2,
20241115_07_12,True,True,False,True,auxiliary_pretraining_candidate,remains_non_strict_U2,
20241115_13_11,True,True,False,True,auxiliary_pretraining_candidate,remains_non_strict_U2,
20241115_17_05,True,True,False,True,auxiliary_pretraining_candidate,remains_non_strict_U2,
20241115_20_09,True,True,False,True,auxiliary_pretraining_candidate,remains_non_strict_U2,
20241116_01_07,True,True,False,True,auxiliary_pretraining_candidate,remains_non_strict_U2,
20241116_02_07,True,True,False,True,auxiliary_pretraining_candidate,remains_non_strict_U2,
20241116_06_09,True,True,False,True,auxiliary_pretraining_candidate,remains_non_strict_U2,
20241116_07_03,True,True,False,True,auxiliary_pretraining_candidate,remains_non_strict_U2,
20241116_09_08,True,True,False,True,auxiliary_pretraining_candidate,remains_non_strict_U2,
20241116_09_11,True,True,False,True,auxiliary_pretraining_candidate,remains_non_strict_U2,
20241116_17_02,True,True,False,True,auxiliary_pretraining_candidate,remains_non_strict_U2,
20241116_17_03,True,True,False,True,auxiliary_pretraining_candidate,remains_non_strict_U2,
20241116_18_05,True,True,False,True,auxiliary_pretraining_candidate,remains_non_strict_U2,
20241116_23_05,True,True,False,True,auxiliary_pretraining_candidate,remains_non_strict_U2,
20241116_24_09,True,True,False,True,auxiliary_pretraining_candidate,remains_non_strict_U2,
20241117_01_01,True,True,False,True,auxiliary_pretraining_candidate,remains_non_strict_U2,
20241117_01_05,True,True,False,True,auxiliary_pretraining_candidate,remains_non_strict_U2,
20241117_01_10,True,True,False,True,auxiliary_pretraining_candidate,remains_non_strict_U2,
20241117_04_04,True,True,False,True,auxiliary_pretraining_candidate,remains_non_strict_U2,
20241117_05_09,True,True,False,True,auxiliary_pretraining_candidate,remains_non_strict_U2,
20241117_06_04,True,True,False,True,auxiliary_pretraining_candidate,remains_non_strict_U2,
20241117_12_04,True,True,False,True,auxiliary_pretraining_candidate,remains_non_strict_U2,
20241117_17_06,True,True,False,True,auxiliary_pretraining_candidate,remains_non_strict_U2,
20241117_17_08,True,True,False,True,auxiliary_pretraining_candidate,remains_non_strict_U2,
20241117_20_04,True,True,False,True,auxiliary_pretraining_candidate,remains_non_strict_U2,
20241117_24_03,True,True,False,True,auxiliary_pretraining_candidate,remains_non_strict_U2,
20241118_01_02,True,True,False,True,auxiliary_pretraining_candidate,remains_non_strict_U2,
20241118_01_04,True,True,False,True,auxiliary_pretraining_candidate,remains_non_strict_U2,
20241118_02_10,True,True,False,True,auxiliary_pretraining_candidate,remains_non_strict_U2,
20241118_04_06,True,True,False,True,auxiliary_pretraining_candidate,remains_non_strict_U2,
20241118_05_05,True,True,False,True,auxiliary_pretraining_candidate,remains_non_strict_U2,
20241118_11_07,True,True,False,True,auxiliary_pretraining_candidate,remains_non_strict_U2,
20241118_14_08,True,True,False,True,auxiliary_pretraining_candidate,remains_non_strict_U2,
20241118_17_06,True,True,False,True,auxiliary_pretraining_candidate,remains_non_strict_U2,
20241118_21_02,True,True,False,True,auxiliary_pretraining_candidate,remains_non_strict_U2,
20241118_21_11,True,True,False,True,auxiliary_pretraining_candidate,remains_non_strict_U2,
20241118_24_04,True,True,False,True,auxiliary_pretraining_candidate,remains_non_strict_U2,
20241119_01_11,True,True,False,True,auxiliary_pretraining_candidate,remains_non_strict_U2,
20241119_04_01,True,True,False,True,auxiliary_pretraining_candidate,remains_non_strict_U2,
20241119_04_10,True,True,False,True,auxiliary_pretraining_candidate,remains_non_strict_U2,
20241119_11_09,True,True,False,True,auxiliary_pretraining_candidate,remains_non_strict_U2,
20241119_12_01,True,True,False,True,auxiliary_pretraining_candidate,remains_non_strict_U2,
20241119_12_08,True,True,False,True,auxiliary_pretraining_candidate,remains_non_strict_U2,
20241119_13_11,True,True,False,True,auxiliary_pretraining_candidate,remains_non_strict_U2,
20241119_17_03,True,True,False,True,auxiliary_pretraining_candidate,remains_non_strict_U2,
20241119_17_04,True,True,False,True,auxiliary_pretraining_candidate,remains_non_strict_U2,
20241119_17_10,True,True,False,True,auxiliary_pretraining_candidate,remains_non_strict_U2,
20241119_19_01,True,True,False,True,auxiliary_pretraining_candidate,remains_non_strict_U2,
20241120_01_02,True,True,False,True,auxiliary_pretraining_candidate,remains_non_strict_U2,
20241120_01_05,True,True,False,True,auxiliary_pretraining_candidate,remains_non_strict_U2,
20241120_03_02,True,True,False,True,auxiliary_pretraining_candidate,remains_non_strict_U2,
20241120_03_04,True,True,False,True,auxiliary_pretraining_candidate,remains_non_strict_U2,
20241120_03_11,True,True,False,True,auxiliary_pretraining_candidate,remains_non_strict_U2,
20241120_04_01,True,True,False,True,auxiliary_pretraining_candidate,remains_non_strict_U2,
20241120_04_02,True,True,False,True,auxiliary_pretraining_candidate,remains_non_strict_U2,
20241120_11_03,True,True,False,True,auxiliary_pretraining_candidate,remains_non_strict_U2,
20241120_14_01,True,True,False,True,auxiliary_pretraining_candidate,remains_non_strict_U2,
20241120_19_03,True,True,False,True,auxiliary_pretraining_candidate,remains_non_strict_U2,
20241120_21_05,True,True,False,True,auxiliary_pretraining_candidate,remains_non_strict_U2,
20241120_21_12,True,True,False,True,auxiliary_pretraining_candidate,remains_non_strict_U2,
20241120_22_04,True,True,False,True,auxiliary_pretraining_candidate,remains_non_strict_U2,
20241120_22_08,True,True,False,True,auxiliary_pretraining_candidate,remains_non_strict_U2,
20241120_23_02,True,True,False,True,auxiliary_pretraining_candidate,remains_non_strict_U2,
20241121_03_01,True,True,False,True,auxiliary_pretraining_candidate,remains_non_strict_U2,
20241121_03_06,True,True,False,True,auxiliary_pretraining_candidate,remains_non_strict_U2,
20241121_03_08,True,True,False,True,auxiliary_pretraining_candidate,remains_non_strict_U2,
20241121_04_02,True,True,False,True,auxiliary_pretraining_candidate,remains_non_strict_U2,
20241121_11_07,True,True,False,True,auxiliary_pretraining_candidate,remains_non_strict_U2,
20241121_11_11,True,True,False,True,auxiliary_pretraining_candidate,remains_non_strict_U2,
20241121_13_03,True,True,False,True,auxiliary_pretraining_candidate,remains_non_strict_U2,
20241121_14_09,True,True,False,True,auxiliary_pretraining_candidate,remains_non_strict_U2,
20241121_19_05,True,True,False,True,auxiliary_pretraining_candidate,remains_non_strict_U2,
20241121_22_11,True,True,False,True,auxiliary_pretraining_candidate,remains_non_strict_U2,
20241121_23_12,True,True,False,True,auxiliary_pretraining_candidate,remains_non_strict_U2,
20241122_02_05,True,True,False,True,auxiliary_pretraining_candidate,remains_non_strict_U2,
20241122_07_08,True,True,False,True,auxiliary_pretraining_candidate,remains_non_strict_U2,
20241122_12_02,True,True,False,True,auxiliary_pretraining_candidate,remains_non_strict_U2,
20241122_12_05,True,True,False,True,auxiliary_pretraining_candidate,remains_non_strict_U2,
20241122_12_07,True,True,False,True,auxiliary_pretraining_candidate,remains_non_strict_U2,
20241122_12_12,True,True,False,True,auxiliary_pretraining_candidate,remains_non_strict_U2,
20241122_14_01,True,True,False,True,auxiliary_pretraining_candidate,remains_non_strict_U2,
20241122_14_03,True,True,False,True,auxiliary_pretraining_candidate,remains_non_strict_U2,
20241122_14_09,True,True,False,True,auxiliary_pretraining_candidate,remains_non_strict_U2,
20241122_18_01,True,True,False,True,auxiliary_pretraining_candidate,remains_non_strict_U2,
20241122_19_06,True,True,False,True,auxiliary_pretraining_candidate,remains_non_strict_U2,
20241122_23_04,True,True,False,True,auxiliary_pretraining_candidate,remains_non_strict_U2,
20241122_23_05,True,True,False,True,auxiliary_pretraining_candidate,remains_non_strict_U2,
20241123_05_03,True,True,False,True,auxiliary_pretraining_candidate,remains_non_strict_U2,
20241123_05_06,True,True,False,True,auxiliary_pretraining_candidate,remains_non_strict_U2,
20241123_07_01,True,True,False,True,auxiliary_pretraining_candidate,remains_non_strict_U2,
20241123_07_05,True,True,False,True,auxiliary_pretraining_candidate,remains_non_strict_U2,
20241123_13_03,True,True,False,True,auxiliary_pretraining_candidate,remains_non_strict_U2,
20241123_13_10,True,True,False,True,auxiliary_pretraining_candidate,remains_non_strict_U2,
20241123_15_02,True,True,False,True,auxiliary_pretraining_candidate,remains_non_strict_U2,
20241123_15_11,True,True,False,True,auxiliary_pretraining_candidate,remains_non_strict_U2,
20241123_18_05,True,True,False,True,auxiliary_pretraining_candidate,remains_non_strict_U2,
20241123_18_11,True,True,False,True,auxiliary_pretraining_candidate,remains_non_strict_U2,
20241123_18_12,True,True,False,True,auxiliary_pretraining_candidate,remains_non_strict_U2,
20241123_21_04,True,True,False,True,auxiliary_pretraining_candidate,remains_non_strict_U2,
20241123_22_06,True,True,False,True,auxiliary_pretraining_candidate,remains_non_strict_U2,
20241124_02_05,True,True,False,True,auxiliary_pretraining_candidate,remains_non_strict_U2,
20241124_06_01,True,True,False,True,auxiliary_pretraining_candidate,remains_non_strict_U2,
20241124_06_05,True,True,False,True,auxiliary_pretraining_candidate,remains_non_strict_U2,
20241124_08_05,True,True,False,True,auxiliary_pretraining_candidate,remains_non_strict_U2,
20241124_13_01,True,True,False,True,auxiliary_pretraining_candidate,remains_non_strict_U2,
20241124_13_05,True,True,False,True,auxiliary_pretraining_candidate,remains_non_strict_U2,
20241124_15_03,True,True,False,True,auxiliary_pretraining_candidate,remains_non_strict_U2,
20241124_17_01,True,True,False,True,auxiliary_pretraining_candidate,remains_non_strict_U2,
20241124_19_12,True,True,False,True,auxiliary_pretraining_candidate,remains_non_strict_U2,
20241124_21_06,True,True,False,True,auxiliary_pretraining_candidate,remains_non_strict_U2,
20241124_21_12,True,True,False,True,auxiliary_pretraining_candidate,remains_non_strict_U2,
20241124_23_07,True,True,False,True,auxiliary_pretraining_candidate,remains_non_strict_U2,
20241125_04_05,True,True,False,True,auxiliary_pretraining_candidate,remains_non_strict_U2,
20241125_04_10,True,True,False,True,auxiliary_pretraining_candidate,remains_non_strict_U2,
20241125_06_04,True,True,False,True,auxiliary_pretraining_candidate,remains_non_strict_U2,
20241125_06_05,True,True,False,True,auxiliary_pretraining_candidate,remains_non_strict_U2,
20241125_11_10,True,True,False,True,auxiliary_pretraining_candidate,remains_non_strict_U2,
20241125_15_03,True,True,False,True,auxiliary_pretraining_candidate,remains_non_strict_U2,
20241125_17_12,True,True,False,True,auxiliary_pretraining_candidate,remains_non_strict_U2,
20241125_23_03,True,True,False,True,auxiliary_pretraining_candidate,remains_non_strict_U2,
20241126_04_11,True,True,False,True,auxiliary_pretraining_candidate,remains_non_strict_U2,
20241126_06_11,True,True,False,True,auxiliary_pretraining_candidate,remains_non_strict_U2,
20241127_03_04,True,True,False,True,auxiliary_pretraining_candidate,remains_non_strict_U2,
20241127_04_08,True,True,False,True,auxiliary_pretraining_candidate,remains_non_strict_U2,
20241127_14_01,True,True,False,True,auxiliary_pretraining_candidate,remains_non_strict_U2,
20241127_15_03,True,True,False,True,auxiliary_pretraining_candidate,remains_non_strict_U2,
20241127_15_10,True,True,False,True,auxiliary_pretraining_candidate,remains_non_strict_U2,
20241127_21_01,True,True,False,True,auxiliary_pretraining_candidate,remains_non_strict_U2,
20241127_21_07,True,True,False,True,auxiliary_pretraining_candidate,remains_non_strict_U2,
20241128_04_02,True,True,False,True,auxiliary_pretraining_candidate,remains_non_strict_U2,
20241128_04_11,True,True,False,True,auxiliary_pretraining_candidate,remains_non_strict_U2,
20241128_08_04,True,True,False,True,auxiliary_pretraining_candidate,remains_non_strict_U2,
20241128_11_01,True,True,False,True,auxiliary_pretraining_candidate,remains_non_strict_U2,
20241128_14_11,True,True,False,True,auxiliary_pretraining_candidate,remains_non_strict_U2,
20241128_14_12,True,True,False,True,auxiliary_pretraining_candidate,remains_non_strict_U2,
20241128_15_06,True,True,False,True,auxiliary_pretraining_candidate,remains_non_strict_U2,
20241128_15_09,True,True,False,True,auxiliary_pretraining_candidate,remains_non_strict_U2,
20241128_17_11,True,True,False,True,auxiliary_pretraining_candidate,remains_non_strict_U2,
20241128_21_06,True,True,False,True,auxiliary_pretraining_candidate,remains_non_strict_U2,
20241129_03_10,True,True,False,True,auxiliary_pretraining_candidate,remains_non_strict_U2,
20241129_04_02,True,True,False,True,auxiliary_pretraining_candidate,remains_non_strict_U2,
20241129_04_06,True,True,False,True,auxiliary_pretraining_candidate,remains_non_strict_U2,
20241129_07_01,True,True,False,True,auxiliary_pretraining_candidate,remains_non_strict_U2,
20241129_08_10,True,True,False,True,auxiliary_pretraining_candidate,remains_non_strict_U2,
20241129_10_03,True,True,False,True,auxiliary_pretraining_candidate,remains_non_strict_U2,
20241129_12_06,True,True,False,True,auxiliary_pretraining_candidate,remains_non_strict_U2,
20241129_12_12,True,True,False,True,auxiliary_pretraining_candidate,remains_non_strict_U2,
20241129_13_05,True,True,False,True,auxiliary_pretraining_candidate,remains_non_strict_U2,
20241129_13_12,True,True,False,True,auxiliary_pretraining_candidate,remains_non_strict_U2,
20241129_14_08,True,True,False,True,auxiliary_pretraining_candidate,remains_non_strict_U2,
20241129_14_12,True,True,False,True,auxiliary_pretraining_candidate,remains_non_strict_U2,
20241129_15_02,True,True,False,True,auxiliary_pretraining_candidate,remains_non_strict_U2,
20241129_18_06,True,True,False,True,auxiliary_pretraining_candidate,remains_non_strict_U2,
20241130_03_06,True,True,False,True,auxiliary_pretraining_candidate,remains_non_strict_U2,
20241130_03_11,True,True,False,True,auxiliary_pretraining_candidate,remains_non_strict_U2,
20241130_04_04,True,True,False,True,auxiliary_pretraining_candidate,remains_non_strict_U2,
20241130_04_12,True,True,False,True,auxiliary_pretraining_candidate,remains_non_strict_U2,
20241130_10_05,True,True,False,True,auxiliary_pretraining_candidate,remains_non_strict_U2,
20241130_12_01,True,True,False,True,auxiliary_pretraining_candidate,remains_non_strict_U2,
20241130_22_09,True,True,False,True,auxiliary_pretraining_candidate,remains_non_strict_U2,
20241130_23_02,True,True,False,True,auxiliary_pretraining_candidate,remains_non_strict_U2,
20241130_23_05,True,True,False,True,auxiliary_pretraining_candidate,remains_non_strict_U2,
20241201_07_01,True,True,False,True,auxiliary_pretraining_candidate,remains_non_strict_U2,
20241201_13_12,True,True,False,True,auxiliary_pretraining_candidate,remains_non_strict_U2,
20241201_17_03,True,True,False,True,auxiliary_pretraining_candidate,remains_non_strict_U2,
20241201_22_01,True,True,False,True,auxiliary_pretraining_candidate,remains_non_strict_U2,
20241201_23_07,True,True,False,True,auxiliary_pretraining_candidate,remains_non_strict_U2,
20241202_01_01,True,True,False,True,auxiliary_pretraining_candidate,remains_non_strict_U2,
20241202_07_06,True,True,False,True,auxiliary_pretraining_candidate,remains_non_strict_U2,
20241202_17_04,True,True,False,True,auxiliary_pretraining_candidate,remains_non_strict_U2,
20241202_18_03,True,True,False,True,auxiliary_pretraining_candidate,remains_non_strict_U2,
20241203_02_09,True,True,False,True,auxiliary_pretraining_candidate,remains_non_strict_U2,
20241203_10_01,True,True,False,True,auxiliary_pretraining_candidate,remains_non_strict_U2,
20241203_10_08,True,True,False,True,auxiliary_pretraining_candidate,remains_non_strict_U2,
20241203_10_12,True,True,False,True,auxiliary_pretraining_candidate,remains_non_strict_U2,
20241203_14_01,True,True,False,True,auxiliary_pretraining_candidate,remains_non_strict_U2,
20241203_15_01,True,True,False,True,auxiliary_pretraining_candidate,remains_non_strict_U2,
20241203_15_08,True,True,False,True,auxiliary_pretraining_candidate,remains_non_strict_U2,
20241203_17_03,True,True,False,True,auxiliary_pretraining_candidate,remains_non_strict_U2,
20241204_01_01,True,True,False,True,auxiliary_pretraining_candidate,remains_non_strict_U2,
20241204_02_02,True,True,False,True,auxiliary_pretraining_candidate,remains_non_strict_U2,
20241204_03_01,True,True,False,True,auxiliary_pretraining_candidate,remains_non_strict_U2,
20241204_03_06,True,True,False,True,auxiliary_pretraining_candidate,remains_non_strict_U2,
20241204_03_10,True,True,False,True,auxiliary_pretraining_candidate,remains_non_strict_U2,
20241204_08_09,True,True,False,True,auxiliary_pretraining_candidate,remains_non_strict_U2,
20241204_11_11,True,True,False,True,auxiliary_pretraining_candidate,remains_non_strict_U2,
20241204_14_04,True,True,False,True,auxiliary_pretraining_candidate,remains_non_strict_U2,
20241204_15_05,True,True,False,True,auxiliary_pretraining_candidate,remains_non_strict_U2,
20241204_17_03,True,True,False,True,auxiliary_pretraining_candidate,remains_non_strict_U2,
20241204_18_04,True,True,False,True,auxiliary_pretraining_candidate,remains_non_strict_U2,
20241204_18_07,True,True,False,True,auxiliary_pretraining_candidate,remains_non_strict_U2,
20241204_20_01,True,True,False,True,auxiliary_pretraining_candidate,remains_non_strict_U2,
20241204_23_03,True,True,False,True,auxiliary_pretraining_candidate,remains_non_strict_U2,
20241205_01_08,True,True,False,True,auxiliary_pretraining_candidate,remains_non_strict_U2,
20241205_03_02,True,True,False,True,auxiliary_pretraining_candidate,remains_non_strict_U2,
20241205_03_07,True,True,False,True,auxiliary_pretraining_candidate,remains_non_strict_U2,
20241205_04_10,True,True,False,True,auxiliary_pretraining_candidate,remains_non_strict_U2,
20241205_08_03,True,True,False,True,auxiliary_pretraining_candidate,remains_non_strict_U2,
20241205_08_05,True,True,False,True,auxiliary_pretraining_candidate,remains_non_strict_U2,
20241205_14_02,True,True,False,True,auxiliary_pretraining_candidate,remains_non_strict_U2,
20241205_14_08,True,True,False,True,auxiliary_pretraining_candidate,remains_non_strict_U2,
20241205_17_03,True,True,False,True,auxiliary_pretraining_candidate,remains_non_strict_U2,
20241205_20_12,True,True,False,True,auxiliary_pretraining_candidate,remains_non_strict_U2,
20241206_03_09,True,True,False,True,auxiliary_pretraining_candidate,remains_non_strict_U2,
20241206_04_09,True,True,False,True,auxiliary_pretraining_candidate,remains_non_strict_U2,
20241206_07_03,True,True,False,True,auxiliary_pretraining_candidate,remains_non_strict_U2,
20241206_07_04,True,True,False,True,auxiliary_pretraining_candidate,remains_non_strict_U2,
20241206_08_03,True,True,False,True,auxiliary_pretraining_candidate,remains_non_strict_U2,
20241206_08_04,True,True,False,True,auxiliary_pretraining_candidate,remains_non_strict_U2,
20241206_11_03,True,True,False,True,auxiliary_pretraining_candidate,remains_non_strict_U2,
20241206_11_10,True,True,False,True,auxiliary_pretraining_candidate,remains_non_strict_U2,
20241206_13_02,True,True,False,True,auxiliary_pretraining_candidate,remains_non_strict_U2,
20241206_14_09,True,True,False,True,auxiliary_pretraining_candidate,remains_non_strict_U2,
20241206_21_04,True,True,False,True,auxiliary_pretraining_candidate,remains_non_strict_U2,
20241206_23_03,True,True,False,True,auxiliary_pretraining_candidate,remains_non_strict_U2,
20241207_01_04,True,True,False,True,auxiliary_pretraining_candidate,remains_non_strict_U2,
20241207_04_06,True,True,False,True,auxiliary_pretraining_candidate,remains_non_strict_U2,
20241207_04_12,True,True,False,True,auxiliary_pretraining_candidate,remains_non_strict_U2,
20241207_12_12,True,True,False,True,auxiliary_pretraining_candidate,remains_non_strict_U2,
20241207_14_11,True,True,False,True,auxiliary_pretraining_candidate,remains_non_strict_U2,
20241207_20_03,True,True,False,True,auxiliary_pretraining_candidate,remains_non_strict_U2,
20241207_20_06,True,True,False,True,auxiliary_pretraining_candidate,remains_non_strict_U2,
20241208_02_07,True,True,False,True,auxiliary_pretraining_candidate,remains_non_strict_U2,
20241208_03_01,True,True,False,True,auxiliary_pretraining_candidate,remains_non_strict_U2,
20241208_03_12,True,True,False,True,auxiliary_pretraining_candidate,remains_non_strict_U2,
20241208_04_09,True,True,False,True,auxiliary_pretraining_candidate,remains_non_strict_U2,
20241208_04_12,True,True,False,True,auxiliary_pretraining_candidate,remains_non_strict_U2,
20241208_06_03,True,True,False,True,auxiliary_pretraining_candidate,remains_non_strict_U2,
20241208_07_10,True,True,False,True,auxiliary_pretraining_candidate,remains_non_strict_U2,
20241208_12_04,True,True,False,True,auxiliary_pretraining_candidate,remains_non_strict_U2,
20241208_12_12,True,True,False,True,auxiliary_pretraining_candidate,remains_non_strict_U2,
20241208_14_01,True,True,False,True,auxiliary_pretraining_candidate,remains_non_strict_U2,
20241208_14_10,True,True,False,True,auxiliary_pretraining_candidate,remains_non_strict_U2,
20241208_16_03,True,True,False,True,auxiliary_pretraining_candidate,remains_non_strict_U2,
20241208_18_05,True,True,False,True,auxiliary_pretraining_candidate,remains_non_strict_U2,
20241208_19_04,True,True,False,True,auxiliary_pretraining_candidate,remains_non_strict_U2,
20241208_19_07,True,True,False,True,auxiliary_pretraining_candidate,remains_non_strict_U2,
20241209_07_05,True,True,False,True,auxiliary_pretraining_candidate,remains_non_strict_U2,
20241209_07_10,True,True,False,True,auxiliary_pretraining_candidate,remains_non_strict_U2,
20241209_12_05,True,True,False,True,auxiliary_pretraining_candidate,remains_non_strict_U2,
20241209_18_03,True,True,False,True,auxiliary_pretraining_candidate,remains_non_strict_U2,
20241209_18_12,True,True,False,True,auxiliary_pretraining_candidate,remains_non_strict_U2,
20241209_19_02,True,True,False,True,auxiliary_pretraining_candidate,remains_non_strict_U2,
20241209_22_03,True,True,False,True,auxiliary_pretraining_candidate,remains_non_strict_U2,
20241210_02_07,True,True,False,True,auxiliary_pretraining_candidate,remains_non_strict_U2,
20241210_05_01,True,True,False,True,auxiliary_pretraining_candidate,remains_non_strict_U2,
20241210_05_06,True,True,False,True,auxiliary_pretraining_candidate,remains_non_strict_U2,
20241210_06_08,True,True,False,True,auxiliary_pretraining_candidate,remains_non_strict_U2,
20241210_10_09,True,True,False,True,auxiliary_pretraining_candidate,remains_non_strict_U2,
20241210_16_05,True,True,False,True,auxiliary_pretraining_candidate,remains_non_strict_U2,
20241210_17_04,True,True,False,True,auxiliary_pretraining_candidate,remains_non_strict_U2,
20241210_18_04,True,True,False,True,auxiliary_pretraining_candidate,remains_non_strict_U2,
20241210_19_07,True,True,False,True,auxiliary_pretraining_candidate,remains_non_strict_U2,
20241210_19_08,True,True,False,True,auxiliary_pretraining_candidate,remains_non_strict_U2,
20241210_22_07,True,True,False,True,auxiliary_pretraining_candidate,remains_non_strict_U2,
20241211_07_06,True,True,False,True,auxiliary_pretraining_candidate,remains_non_strict_U2,
20241211_10_02,True,True,False,True,auxiliary_pretraining_candidate,remains_non_strict_U2,
20241211_10_06,True,True,False,True,auxiliary_pretraining_candidate,remains_non_strict_U2,
20241211_10_10,True,True,False,True,auxiliary_pretraining_candidate,remains_non_strict_U2,
20241211_10_12,True,True,False,True,auxiliary_pretraining_candidate,remains_non_strict_U2,
20241211_11_06,True,True,False,True,auxiliary_pretraining_candidate,remains_non_strict_U2,
20241211_11_08,True,True,False,True,auxiliary_pretraining_candidate,remains_non_strict_U2,
20241211_19_04,True,True,False,True,auxiliary_pretraining_candidate,remains_non_strict_U2,
20241211_22_08,True,True,False,True,auxiliary_pretraining_candidate,remains_non_strict_U2,
20241212_05_01,True,True,False,True,auxiliary_pretraining_candidate,remains_non_strict_U2,
20241212_05_04,True,True,False,True,auxiliary_pretraining_candidate,remains_non_strict_U2,
20241212_05_08,True,True,False,True,auxiliary_pretraining_candidate,remains_non_strict_U2,
20241212_08_08,True,True,False,True,auxiliary_pretraining_candidate,remains_non_strict_U2,
20241212_08_12,True,True,False,True,auxiliary_pretraining_candidate,remains_non_strict_U2,
20241212_10_01,True,True,False,True,auxiliary_pretraining_candidate,remains_non_strict_U2,
20241212_10_12,True,True,False,True,auxiliary_pretraining_candidate,remains_non_strict_U2,
20241212_11_04,True,True,False,True,auxiliary_pretraining_candidate,remains_non_strict_U2,
20241212_11_11,True,True,False,True,auxiliary_pretraining_candidate,remains_non_strict_U2,
20241212_11_12,True,True,False,True,auxiliary_pretraining_candidate,remains_non_strict_U2,
20241212_12_05,True,True,False,True,auxiliary_pretraining_candidate,remains_non_strict_U2,
20241212_22_08,True,True,False,True,auxiliary_pretraining_candidate,remains_non_strict_U2,
20241213_05_01,True,True,False,True,auxiliary_pretraining_candidate,remains_non_strict_U2,
20241213_05_03,True,True,False,True,auxiliary_pretraining_candidate,remains_non_strict_U2,
20241213_05_11,True,True,False,True,auxiliary_pretraining_candidate,remains_non_strict_U2,
20241213_11_02,True,True,False,True,auxiliary_pretraining_candidate,remains_non_strict_U2,
20241213_11_09,True,True,False,True,auxiliary_pretraining_candidate,remains_non_strict_U2,
20241213_15_11,True,True,False,True,auxiliary_pretraining_candidate,remains_non_strict_U2,
20241213_18_01,True,True,False,True,auxiliary_pretraining_candidate,remains_non_strict_U2,
20241213_19_05,True,True,False,True,auxiliary_pretraining_candidate,remains_non_strict_U2,
20241213_22_04,True,True,False,True,auxiliary_pretraining_candidate,remains_non_strict_U2,
20241213_23_02,True,True,False,True,auxiliary_pretraining_candidate,remains_non_strict_U2,
20241213_24_06,True,True,False,True,auxiliary_pretraining_candidate,remains_non_strict_U2,
20241214_02_06,True,True,False,True,auxiliary_pretraining_candidate,remains_non_strict_U2,
20241214_02_12,True,True,False,True,auxiliary_pretraining_candidate,remains_non_strict_U2,
20241214_07_04,True,True,False,True,auxiliary_pretraining_candidate,remains_non_strict_U2,
20241214_11_02,True,True,False,True,auxiliary_pretraining_candidate,remains_non_strict_U2,
20241214_11_04,True,True,False,True,auxiliary_pretraining_candidate,remains_non_strict_U2,
20241214_11_05,True,True,False,True,auxiliary_pretraining_candidate,remains_non_strict_U2,
20241214_13_08,True,True,False,True,auxiliary_pretraining_candidate,remains_non_strict_U2,
20241214_13_09,True,True,False,True,auxiliary_pretraining_candidate,remains_non_strict_U2,
20241214_15_02,True,True,False,True,auxiliary_pretraining_candidate,remains_non_strict_U2,
20241214_20_01,True,True,False,True,auxiliary_pretraining_candidate,remains_non_strict_U2,
20241214_20_08,True,True,False,True,auxiliary_pretraining_candidate,remains_non_strict_U2,
20241214_20_11,True,True,False,True,auxiliary_pretraining_candidate,remains_non_strict_U2,
20241214_21_05,True,True,False,True,auxiliary_pretraining_candidate,remains_non_strict_U2,
20241215_04_03,True,True,False,True,auxiliary_pretraining_candidate,remains_non_strict_U2,
20241215_04_06,True,True,False,True,auxiliary_pretraining_candidate,remains_non_strict_U2,
20241215_04_08,True,True,False,True,auxiliary_pretraining_candidate,remains_non_strict_U2,
20241215_08_02,True,True,False,True,auxiliary_pretraining_candidate,remains_non_strict_U2,
20241215_11_03,True,True,False,True,auxiliary_pretraining_candidate,remains_non_strict_U2,
20241215_11_10,True,True,False,True,auxiliary_pretraining_candidate,remains_non_strict_U2,
20241215_13_04,True,True,False,True,auxiliary_pretraining_candidate,remains_non_strict_U2,
20241215_17_01,True,True,False,True,auxiliary_pretraining_candidate,remains_non_strict_U2,
20241215_24_02,True,True,False,True,auxiliary_pretraining_candidate,remains_non_strict_U2,
20241216_01_01,True,True,False,True,auxiliary_pretraining_candidate,remains_non_strict_U2,
20241216_01_03,True,True,False,True,auxiliary_pretraining_candidate,remains_non_strict_U2,
20241216_02_01,True,True,False,True,auxiliary_pretraining_candidate,remains_non_strict_U2,
20241216_04_06,True,True,False,True,auxiliary_pretraining_candidate,remains_non_strict_U2,
20241216_06_03,True,True,False,True,auxiliary_pretraining_candidate,remains_non_strict_U2,
20241216_06_11,True,True,False,True,auxiliary_pretraining_candidate,remains_non_strict_U2,
20241216_07_03,True,True,False,True,auxiliary_pretraining_candidate,remains_non_strict_U2,
20241216_13_05,True,True,False,True,auxiliary_pretraining_candidate,remains_non_strict_U2,
20241216_14_12,True,True,False,True,auxiliary_pretraining_candidate,remains_non_strict_U2,
20241216_21_01,True,True,False,True,auxiliary_pretraining_candidate,remains_non_strict_U2,
20241216_21_02,True,True,False,True,auxiliary_pretraining_candidate,remains_non_strict_U2,
20241216_21_08,True,True,False,True,auxiliary_pretraining_candidate,remains_non_strict_U2,
20241217_01_04,True,True,False,True,auxiliary_pretraining_candidate,remains_non_strict_U2,
20241217_03_05,True,True,False,True,auxiliary_pretraining_candidate,remains_non_strict_U2,
20241217_12_07,True,True,False,True,auxiliary_pretraining_candidate,remains_non_strict_U2,
20241217_14_09,True,True,False,True,auxiliary_pretraining_candidate,remains_non_strict_U2,
20241217_18_03,True,True,False,True,auxiliary_pretraining_candidate,remains_non_strict_U2,
20241218_03_02,True,True,False,True,auxiliary_pretraining_candidate,remains_non_strict_U2,
20241218_04_11,True,True,False,True,auxiliary_pretraining_candidate,remains_non_strict_U2,
20241218_04_12,True,True,False,True,auxiliary_pretraining_candidate,remains_non_strict_U2,
20241218_07_02,True,True,False,True,auxiliary_pretraining_candidate,remains_non_strict_U2,
20241218_12_12,True,True,False,True,auxiliary_pretraining_candidate,remains_non_strict_U2,
20241218_16_07,True,True,False,True,auxiliary_pretraining_candidate,remains_non_strict_U2,
20241218_17_08,True,True,False,True,auxiliary_pretraining_candidate,remains_non_strict_U2,
20241218_18_03,True,True,False,True,auxiliary_pretraining_candidate,remains_non_strict_U2,
20241219_03_04,True,True,False,True,auxiliary_pretraining_candidate,remains_non_strict_U2,
20241219_04_05,True,True,False,True,auxiliary_pretraining_candidate,remains_non_strict_U2,
20241219_04_12,True,True,False,True,auxiliary_pretraining_candidate,remains_non_strict_U2,
20241219_07_01,True,True,False,True,auxiliary_pretraining_candidate,remains_non_strict_U2,
20241219_07_10,True,True,False,True,auxiliary_pretraining_candidate,remains_non_strict_U2,
20241219_12_11,True,True,False,True,auxiliary_pretraining_candidate,remains_non_strict_U2,
20241219_14_06,True,True,False,True,auxiliary_pretraining_candidate,remains_non_strict_U2,
20241219_14_12,True,True,False,True,auxiliary_pretraining_candidate,remains_non_strict_U2,
20241219_16_05,True,True,False,True,auxiliary_pretraining_candidate,remains_non_strict_U2,
20241219_21_12,True,True,False,True,auxiliary_pretraining_candidate,remains_non_strict_U2,
20241220_03_02,True,True,False,True,auxiliary_pretraining_candidate,remains_non_strict_U2,
20241220_05_04,True,True,False,True,auxiliary_pretraining_candidate,remains_non_strict_U2,
20241220_05_05,True,True,False,True,auxiliary_pretraining_candidate,remains_non_strict_U2,
20241220_06_10,True,True,False,True,auxiliary_pretraining_candidate,remains_non_strict_U2,
20241220_12_05,True,True,False,True,auxiliary_pretraining_candidate,remains_non_strict_U2,
20241220_17_08,True,True,False,True,auxiliary_pretraining_candidate,remains_non_strict_U2,
20241220_18_10,True,True,False,True,auxiliary_pretraining_candidate,remains_non_strict_U2,
20241220_18_12,True,True,False,True,auxiliary_pretraining_candidate,remains_non_strict_U2,
20241220_19_07,True,True,False,True,auxiliary_pretraining_candidate,remains_non_strict_U2,
20241220_19_11,True,True,False,True,auxiliary_pretraining_candidate,remains_non_strict_U2,
20241220_23_01,True,True,False,True,auxiliary_pretraining_candidate,remains_non_strict_U2,
20241220_23_12,True,True,False,True,auxiliary_pretraining_candidate,remains_non_strict_U2,
20241221_05_12,True,True,False,True,auxiliary_pretraining_candidate,remains_non_strict_U2,
20241221_17_08,True,True,False,True,auxiliary_pretraining_candidate,remains_non_strict_U2,
20241221_18_02,True,True,False,True,auxiliary_pretraining_candidate,remains_non_strict_U2,
20241221_18_06,True,True,False,True,auxiliary_pretraining_candidate,remains_non_strict_U2,
20241221_23_02,True,True,False,True,auxiliary_pretraining_candidate,remains_non_strict_U2,
20241221_23_03,True,True,False,True,auxiliary_pretraining_candidate,remains_non_strict_U2,
20241222_02_06,True,True,False,True,auxiliary_pretraining_candidate,remains_non_strict_U2,
20241222_06_07,True,True,False,True,auxiliary_pretraining_candidate,remains_non_strict_U2,
20241222_06_10,True,True,False,True,auxiliary_pretraining_candidate,remains_non_strict_U2,
20241222_15_03,True,True,False,True,auxiliary_pretraining_candidate,remains_non_strict_U2,
20241222_16_03,True,True,False,True,auxiliary_pretraining_candidate,remains_non_strict_U2,
20241222_18_08,True,True,False,True,auxiliary_pretraining_candidate,remains_non_strict_U2,
20241223_01_01,True,True,False,True,auxiliary_pretraining_candidate,remains_non_strict_U2,
20241223_01_03,True,True,False,True,auxiliary_pretraining_candidate,remains_non_strict_U2,
20241223_06_03,True,True,False,True,auxiliary_pretraining_candidate,remains_non_strict_U2,
20241223_06_05,True,True,False,True,auxiliary_pretraining_candidate,remains_non_strict_U2,
20241223_08_12,True,True,False,True,auxiliary_pretraining_candidate,remains_non_strict_U2,
20241223_09_06,True,True,False,True,auxiliary_pretraining_candidate,remains_non_strict_U2,
20241223_14_03,True,True,False,True,auxiliary_pretraining_candidate,remains_non_strict_U2,
20241223_14_07,True,True,False,True,auxiliary_pretraining_candidate,remains_non_strict_U2,
20241223_23_05,True,True,False,True,auxiliary_pretraining_candidate,remains_non_strict_U2,
20241223_23_08,True,True,False,True,auxiliary_pretraining_candidate,remains_non_strict_U2,
20241224_02_12,True,True,False,True,auxiliary_pretraining_candidate,remains_non_strict_U2,
20241224_06_11,True,True,False,True,auxiliary_pretraining_candidate,remains_non_strict_U2,
20241224_08_04,True,True,False,True,auxiliary_pretraining_candidate,remains_non_strict_U2,
20241224_08_08,True,True,False,True,auxiliary_pretraining_candidate,remains_non_strict_U2,
20241224_09_05,True,True,False,True,auxiliary_pretraining_candidate,remains_non_strict_U2,
20241224_10_03,True,True,False,True,auxiliary_pretraining_candidate,remains_non_strict_U2,
20241224_10_04,True,True,False,True,auxiliary_pretraining_candidate,remains_non_strict_U2,
20241224_13_07,True,True,False,True,auxiliary_pretraining_candidate,remains_non_strict_U2,
20241224_13_09,True,True,False,True,auxiliary_pretraining_candidate,remains_non_strict_U2,
20241224_14_05,True,True,False,True,auxiliary_pretraining_candidate,remains_non_strict_U2,
20241224_19_01,True,True,False,True,auxiliary_pretraining_candidate,remains_non_strict_U2,
20241224_19_03,True,True,False,True,auxiliary_pretraining_candidate,remains_non_strict_U2,
20241224_19_08,True,True,False,True,auxiliary_pretraining_candidate,remains_non_strict_U2,
20241224_23_08,True,True,False,True,auxiliary_pretraining_candidate,remains_non_strict_U2,
20241224_23_09,True,True,False,True,auxiliary_pretraining_candidate,remains_non_strict_U2,
20241224_23_11,True,True,False,True,auxiliary_pretraining_candidate,remains_non_strict_U2,
20241224_24_07,True,True,False,True,auxiliary_pretraining_candidate,remains_non_strict_U2,
20241225_02_02,True,True,False,True,auxiliary_pretraining_candidate,remains_non_strict_U2,
20241225_02_03,True,True,False,True,auxiliary_pretraining_candidate,remains_non_strict_U2,
20241225_02_07,True,True,False,True,auxiliary_pretraining_candidate,remains_non_strict_U2,
20241225_03_08,True,True,False,True,auxiliary_pretraining_candidate,remains_non_strict_U2,
20241225_06_03,True,True,False,True,auxiliary_pretraining_candidate,remains_non_strict_U2,
20241225_09_04,True,True,False,True,auxiliary_pretraining_candidate,remains_non_strict_U2,
20241225_09_05,True,True,False,True,auxiliary_pretraining_candidate,remains_non_strict_U2,
20241225_09_11,True,True,False,True,auxiliary_pretraining_candidate,remains_non_strict_U2,
20241225_09_12,True,True,False,True,auxiliary_pretraining_candidate,remains_non_strict_U2,
20241225_10_07,True,True,False,True,auxiliary_pretraining_candidate,remains_non_strict_U2,
20241225_14_10,True,True,False,True,auxiliary_pretraining_candidate,remains_non_strict_U2,
20241225_15_12,True,True,False,True,auxiliary_pretraining_candidate,remains_non_strict_U2,
20241225_22_10,True,True,False,True,auxiliary_pretraining_candidate,remains_non_strict_U2,
20241225_23_05,True,True,False,True,auxiliary_pretraining_candidate,remains_non_strict_U2,
20241225_24_04,True,True,False,True,auxiliary_pretraining_candidate,remains_non_strict_U2,
20241226_03_09,True,True,False,True,auxiliary_pretraining_candidate,remains_non_strict_U2,
20241226_04_01,True,True,False,True,auxiliary_pretraining_candidate,remains_non_strict_U2,
20241226_04_10,True,True,False,True,auxiliary_pretraining_candidate,remains_non_strict_U2,
20241226_05_05,True,True,False,True,auxiliary_pretraining_candidate,remains_non_strict_U2,
20241226_09_12,True,True,False,True,auxiliary_pretraining_candidate,remains_non_strict_U2,
20241226_12_11,True,True,False,True,auxiliary_pretraining_candidate,remains_non_strict_U2,
20241226_15_04,True,True,False,True,auxiliary_pretraining_candidate,remains_non_strict_U2,
20241226_22_01,True,True,False,True,auxiliary_pretraining_candidate,remains_non_strict_U2,
20241226_22_11,True,True,False,True,auxiliary_pretraining_candidate,remains_non_strict_U2,
20241227_04_02,True,True,False,True,auxiliary_pretraining_candidate,remains_non_strict_U2,
20241227_05_06,True,True,False,True,auxiliary_pretraining_candidate,remains_non_strict_U2,
20241227_07_01,True,True,False,True,auxiliary_pretraining_candidate,remains_non_strict_U2,
20241227_09_01,True,True,False,True,auxiliary_pretraining_candidate,remains_non_strict_U2,
20241227_09_02,True,True,False,True,auxiliary_pretraining_candidate,remains_non_strict_U2,
20241227_10_09,True,True,False,True,auxiliary_pretraining_candidate,remains_non_strict_U2,
20241227_11_08,True,True,False,True,auxiliary_pretraining_candidate,remains_non_strict_U2,
20241227_11_09,True,True,False,True,auxiliary_pretraining_candidate,remains_non_strict_U2,
20241227_11_11,True,True,False,True,auxiliary_pretraining_candidate,remains_non_strict_U2,
20241227_12_05,True,True,False,True,auxiliary_pretraining_candidate,remains_non_strict_U2,
20241227_18_02,True,True,False,True,auxiliary_pretraining_candidate,remains_non_strict_U2,
20241227_18_05,True,True,False,True,auxiliary_pretraining_candidate,remains_non_strict_U2,
20241227_18_12,True,True,False,True,auxiliary_pretraining_candidate,remains_non_strict_U2,
20241227_24_03,True,True,False,True,auxiliary_pretraining_candidate,remains_non_strict_U2,
20241228_02_07,True,True,False,True,auxiliary_pretraining_candidate,remains_non_strict_U2,
20241228_04_06,True,True,False,True,auxiliary_pretraining_candidate,remains_non_strict_U2,
20241228_05_08,True,True,False,True,auxiliary_pretraining_candidate,remains_non_strict_U2,
20241228_07_08,True,True,False,True,auxiliary_pretraining_candidate,remains_non_strict_U2,
20241228_11_02,True,True,False,True,auxiliary_pretraining_candidate,remains_non_strict_U2,
20241228_11_07,True,True,False,True,auxiliary_pretraining_candidate,remains_non_strict_U2,
20241228_12_04,True,True,False,True,auxiliary_pretraining_candidate,remains_non_strict_U2,
20241228_14_12,True,True,False,True,auxiliary_pretraining_candidate,remains_non_strict_U2,
20241228_18_10,True,True,False,True,auxiliary_pretraining_candidate,remains_non_strict_U2,
20241228_22_10,True,True,False,True,auxiliary_pretraining_candidate,remains_non_strict_U2,
20241228_24_03,True,True,False,True,auxiliary_pretraining_candidate,remains_non_strict_U2,
20241229_05_06,True,True,False,True,auxiliary_pretraining_candidate,remains_non_strict_U2,
20241229_06_08,True,True,False,True,auxiliary_pretraining_candidate,remains_non_strict_U2,
20241229_07_11,True,True,False,True,auxiliary_pretraining_candidate,remains_non_strict_U2,
20241229_18_03,True,True,False,True,auxiliary_pretraining_candidate,remains_non_strict_U2,
20241229_19_10,True,True,False,True,auxiliary_pretraining_candidate,remains_non_strict_U2,
20241229_22_08,True,True,False,True,auxiliary_pretraining_candidate,remains_non_strict_U2,
20241229_24_10,True,True,False,True,auxiliary_pretraining_candidate,remains_non_strict_U2,
20241230_02_06,True,True,False,True,auxiliary_pretraining_candidate,remains_non_strict_U2,
20241230_05_03,True,True,False,True,auxiliary_pretraining_candidate,remains_non_strict_U2,
20241230_06_06,True,True,False,True,auxiliary_pretraining_candidate,remains_non_strict_U2,
20241230_08_05,True,True,False,True,auxiliary_pretraining_candidate,remains_non_strict_U2,
20241230_08_07,True,True,False,True,auxiliary_pretraining_candidate,remains_non_strict_U2,
20241230_11_01,True,True,False,True,auxiliary_pretraining_candidate,remains_non_strict_U2,
20241230_19_01,True,True,False,True,auxiliary_pretraining_candidate,remains_non_strict_U2,
20241230_19_07,True,True,False,True,auxiliary_pretraining_candidate,remains_non_strict_U2,
20241230_21_06,True,True,False,True,auxiliary_pretraining_candidate,remains_non_strict_U2,
20241230_21_12,True,True,False,True,auxiliary_pretraining_candidate,remains_non_strict_U2,
20241230_22_02,True,True,False,True,auxiliary_pretraining_candidate,remains_non_strict_U2,
20241230_22_10,True,True,False,True,auxiliary_pretraining_candidate,remains_non_strict_U2,
20241230_23_04,True,True,False,True,auxiliary_pretraining_candidate,remains_non_strict_U2,
20241230_23_07,True,True,False,True,auxiliary_pretraining_candidate,remains_non_strict_U2,
20241231_02_08,True,True,False,True,auxiliary_pretraining_candidate,remains_non_strict_U2,
20241231_05_06,True,True,False,True,auxiliary_pretraining_candidate,remains_non_strict_U2,
20241231_09_10,True,True,False,True,auxiliary_pretraining_candidate,remains_non_strict_U2,
20241231_11_04,True,True,False,True,auxiliary_pretraining_candidate,remains_non_strict_U2,
20241231_11_09,True,True,False,True,auxiliary_pretraining_candidate,remains_non_strict_U2,
20241231_14_02,True,True,False,True,auxiliary_pretraining_candidate,remains_non_strict_U2,
20241231_14_03,True,True,False,True,auxiliary_pretraining_candidate,remains_non_strict_U2,
20241231_15_01,True,True,False,True,auxiliary_pretraining_candidate,remains_non_strict_U2,
20241231_16_01,True,True,False,True,auxiliary_pretraining_candidate,remains_non_strict_U2,
20241231_16_03,True,True,False,True,auxiliary_pretraining_candidate,remains_non_strict_U2,
20241231_17_01,True,True,False,True,auxiliary_pretraining_candidate,remains_non_strict_U2,
20241231_17_06,True,True,False,True,auxiliary_pretraining_candidate,remains_non_strict_U2,
20241231_18_10,True,True,False,True,auxiliary_pretraining_candidate,remains_non_strict_U2,
20241231_20_03,True,True,False,True,auxiliary_pretraining_candidate,remains_non_strict_U2,
20241231_20_06,True,True,False,True,auxiliary_pretraining_candidate,remains_non_strict_U2,
20241231_20_07,True,True,False,True,auxiliary_pretraining_candidate,remains_non_strict_U2,
20241231_20_12,True,True,False,True,auxiliary_pretraining_candidate,remains_non_strict_U2,
20241231_23_12,True,True,False,True,auxiliary_pretraining_candidate,remains_non_strict_U2,
20250101_08_07,True,True,False,True,auxiliary_pretraining_candidate,remains_non_strict_U2,
20250101_09_05,True,True,False,True,auxiliary_pretraining_candidate,remains_non_strict_U2,
20250101_09_07,True,True,False,True,auxiliary_pretraining_candidate,remains_non_strict_U2,
20250101_09_08,True,True,False,True,auxiliary_pretraining_candidate,remains_non_strict_U2,
20250101_09_09,True,True,False,True,auxiliary_pretraining_candidate,remains_non_strict_U2,
20250101_14_05,True,True,False,True,auxiliary_pretraining_candidate,remains_non_strict_U2,
20250101_15_02,True,True,False,True,auxiliary_pretraining_candidate,remains_non_strict_U2,
20250101_16_09,True,True,False,True,auxiliary_pretraining_candidate,remains_non_strict_U2,
20250101_17_03,True,True,False,True,auxiliary_pretraining_candidate,remains_non_strict_U2,
20250101_18_06,True,True,False,True,auxiliary_pretraining_candidate,remains_non_strict_U2,
20250101_18_08,True,True,False,True,auxiliary_pretraining_candidate,remains_non_strict_U2,
20250101_19_12,True,True,False,True,auxiliary_pretraining_candidate,remains_non_strict_U2,
20250101_20_05,True,True,False,True,auxiliary_pretraining_candidate,remains_non_strict_U2,
20250101_21_03,True,True,False,True,auxiliary_pretraining_candidate,remains_non_strict_U2,
20250101_23_03,True,True,False,True,auxiliary_pretraining_candidate,remains_non_strict_U2,
20250102_09_12,True,True,False,True,auxiliary_pretraining_candidate,remains_non_strict_U2,
20250102_10_10,True,True,False,True,auxiliary_pretraining_candidate,remains_non_strict_U2,
20250102_14_04,True,True,False,True,auxiliary_pretraining_candidate,remains_non_strict_U2,
20250102_15_04,True,True,False,True,auxiliary_pretraining_candidate,remains_non_strict_U2,
20250102_15_08,True,True,False,True,auxiliary_pretraining_candidate,remains_non_strict_U2,
20250102_17_01,True,True,False,True,auxiliary_pretraining_candidate,remains_non_strict_U2,
20250102_17_10,True,True,False,True,auxiliary_pretraining_candidate,remains_non_strict_U2,
20250102_19_08,True,True,False,True,auxiliary_pretraining_candidate,remains_non_strict_U2,
20250102_19_10,True,True,False,True,auxiliary_pretraining_candidate,remains_non_strict_U2,
20250102_21_10,True,True,False,True,auxiliary_pretraining_candidate,remains_non_strict_U2,
20250103_03_02,True,True,False,True,auxiliary_pretraining_candidate,remains_non_strict_U2,
20250103_03_07,True,True,False,True,auxiliary_pretraining_candidate,remains_non_strict_U2,
20250103_08_09,True,True,False,True,auxiliary_pretraining_candidate,remains_non_strict_U2,
20250103_09_03,True,True,False,True,auxiliary_pretraining_candidate,remains_non_strict_U2,
20250103_12_05,True,True,False,True,auxiliary_pretraining_candidate,remains_non_strict_U2,
20250103_12_08,True,True,False,True,auxiliary_pretraining_candidate,remains_non_strict_U2,
20250103_12_12,True,True,False,True,auxiliary_pretraining_candidate,remains_non_strict_U2,
20250103_14_08,True,True,False,True,auxiliary_pretraining_candidate,remains_non_strict_U2,
20250103_14_12,True,True,False,True,auxiliary_pretraining_candidate,remains_non_strict_U2,
20250103_15_04,True,True,False,True,auxiliary_pretraining_candidate,remains_non_strict_U2,
20250103_15_09,True,True,False,True,auxiliary_pretraining_candidate,remains_non_strict_U2,
20250103_19_04,True,True,False,True,auxiliary_pretraining_candidate,remains_non_strict_U2,
20250103_22_03,True,True,False,True,auxiliary_pretraining_candidate,remains_non_strict_U2,
20250103_23_01,True,True,False,True,auxiliary_pretraining_candidate,remains_non_strict_U2,
20250103_23_02,True,True,False,True,auxiliary_pretraining_candidate,remains_non_strict_U2,
20250103_24_09,True,True,False,True,auxiliary_pretraining_candidate,remains_non_strict_U2,
20250104_02_03,True,True,False,True,auxiliary_pretraining_candidate,remains_non_strict_U2,
20250104_02_09,True,True,False,True,auxiliary_pretraining_candidate,remains_non_strict_U2,
20250104_03_03,True,True,False,True,auxiliary_pretraining_candidate,remains_non_strict_U2,
20250104_03_05,True,True,False,True,auxiliary_pretraining_candidate,remains_non_strict_U2,
20250104_03_07,True,True,False,True,auxiliary_pretraining_candidate,remains_non_strict_U2,
20250104_04_02,True,True,False,True,auxiliary_pretraining_candidate,remains_non_strict_U2,
20250104_04_12,True,True,False,True,auxiliary_pretraining_candidate,remains_non_strict_U2,
20250104_05_06,True,True,False,True,auxiliary_pretraining_candidate,remains_non_strict_U2,
20250104_07_03,True,True,False,True,auxiliary_pretraining_candidate,remains_non_strict_U2,
20250104_08_08,True,True,False,True,auxiliary_pretraining_candidate,remains_non_strict_U2,
20250104_08_12,True,True,False,True,auxiliary_pretraining_candidate,remains_non_strict_U2,
20250104_09_07,True,True,False,True,auxiliary_pretraining_candidate,remains_non_strict_U2,
20250104_11_06,True,True,False,True,auxiliary_pretraining_candidate,remains_non_strict_U2,
20250104_12_07,True,True,False,True,auxiliary_pretraining_candidate,remains_non_strict_U2,
20250104_12_10,True,True,False,True,auxiliary_pretraining_candidate,remains_non_strict_U2,
20250104_14_03,True,True,False,True,auxiliary_pretraining_candidate,remains_non_strict_U2,
20250104_17_04,True,True,False,True,auxiliary_pretraining_candidate,remains_non_strict_U2,
20250104_17_07,True,True,False,True,auxiliary_pretraining_candidate,remains_non_strict_U2,
20250104_18_03,True,True,False,True,auxiliary_pretraining_candidate,remains_non_strict_U2,
20250104_20_06,True,True,False,True,auxiliary_pretraining_candidate,remains_non_strict_U2,
20250104_24_06,True,True,False,True,auxiliary_pretraining_candidate,remains_non_strict_U2,
20250105_01_06,True,True,False,True,auxiliary_pretraining_candidate,remains_non_strict_U2,
20250105_01_09,True,True,False,True,auxiliary_pretraining_candidate,remains_non_strict_U2,
20250105_02_05,True,True,False,True,auxiliary_pretraining_candidate,remains_non_strict_U2,
20250105_02_07,True,True,False,True,auxiliary_pretraining_candidate,remains_non_strict_U2,
20250105_03_06,True,True,False,True,auxiliary_pretraining_candidate,remains_non_strict_U2,
20250105_04_03,True,True,False,True,auxiliary_pretraining_candidate,remains_non_strict_U2,
20250105_04_04,True,True,False,True,auxiliary_pretraining_candidate,remains_non_strict_U2,
20250105_05_12,True,True,False,True,auxiliary_pretraining_candidate,remains_non_strict_U2,
20250105_07_09,True,True,False,True,auxiliary_pretraining_candidate,remains_non_strict_U2,
20250105_09_06,True,True,False,True,auxiliary_pretraining_candidate,remains_non_strict_U2,
20250105_10_02,True,True,False,True,auxiliary_pretraining_candidate,remains_non_strict_U2,
20250105_18_09,True,True,False,True,auxiliary_pretraining_candidate,remains_non_strict_U2,
20250105_20_02,True,True,False,True,auxiliary_pretraining_candidate,remains_non_strict_U2,
20250105_20_11,True,True,False,True,auxiliary_pretraining_candidate,remains_non_strict_U2,
20250106_02_09,True,True,False,True,auxiliary_pretraining_candidate,remains_non_strict_U2,
20250106_07_04,True,True,False,True,auxiliary_pretraining_candidate,remains_non_strict_U2,
20250106_07_10,True,True,False,True,auxiliary_pretraining_candidate,remains_non_strict_U2,
20250106_12_07,True,True,False,True,auxiliary_pretraining_candidate,remains_non_strict_U2,
20250106_15_04,True,True,False,True,auxiliary_pretraining_candidate,remains_non_strict_U2,
20250106_18_03,True,True,False,True,auxiliary_pretraining_candidate,remains_non_strict_U2,
20250106_19_08,True,True,False,True,auxiliary_pretraining_candidate,remains_non_strict_U2,
20250106_20_03,True,True,False,True,auxiliary_pretraining_candidate,remains_non_strict_U2,
20250106_20_05,True,True,False,True,auxiliary_pretraining_candidate,remains_non_strict_U2,
20250106_20_12,True,True,False,True,auxiliary_pretraining_candidate,remains_non_strict_U2,
20250106_22_03,True,True,False,True,auxiliary_pretraining_candidate,remains_non_strict_U2,
20250106_22_11,True,True,False,True,auxiliary_pretraining_candidate,remains_non_strict_U2,
20250107_03_01,True,True,False,True,auxiliary_pretraining_candidate,remains_non_strict_U2,
20250107_03_02,True,True,False,True,auxiliary_pretraining_candidate,remains_non_strict_U2,
20250107_03_08,True,True,False,True,auxiliary_pretraining_candidate,remains_non_strict_U2,
20250107_04_09,True,True,False,True,auxiliary_pretraining_candidate,remains_non_strict_U2,
20250107_05_08,True,True,False,True,auxiliary_pretraining_candidate,remains_non_strict_U2,
20250107_12_01,True,True,False,True,auxiliary_pretraining_candidate,remains_non_strict_U2,
20250107_13_04,True,True,False,True,auxiliary_pretraining_candidate,remains_non_strict_U2,
20250107_13_09,True,True,False,True,auxiliary_pretraining_candidate,remains_non_strict_U2,
20250107_18_12,True,True,False,True,auxiliary_pretraining_candidate,remains_non_strict_U2,
20250107_19_02,True,True,False,True,auxiliary_pretraining_candidate,remains_non_strict_U2,
20250108_02_09,True,True,False,True,auxiliary_pretraining_candidate,remains_non_strict_U2,
20250108_02_11,True,True,False,True,auxiliary_pretraining_candidate,remains_non_strict_U2,
20250108_04_04,True,True,False,True,auxiliary_pretraining_candidate,remains_non_strict_U2,
20250108_11_06,True,True,False,True,auxiliary_pretraining_candidate,remains_non_strict_U2,
20250108_13_04,True,True,False,True,auxiliary_pretraining_candidate,remains_non_strict_U2,
20250108_16_09,True,True,False,True,auxiliary_pretraining_candidate,remains_non_strict_U2,
20250108_23_08,True,True,False,True,auxiliary_pretraining_candidate,remains_non_strict_U2,
20250109_04_03,True,True,False,True,auxiliary_pretraining_candidate,remains_non_strict_U2,
20250109_04_10,True,True,False,True,auxiliary_pretraining_candidate,remains_non_strict_U2,
20250109_06_01,True,True,False,True,auxiliary_pretraining_candidate,remains_non_strict_U2,
20250109_06_11,True,True,False,True,auxiliary_pretraining_candidate,remains_non_strict_U2,
20250109_07_06,True,True,False,True,auxiliary_pretraining_candidate,remains_non_strict_U2,
20250109_07_12,True,True,False,True,auxiliary_pretraining_candidate,remains_non_strict_U2,
20250109_09_03,True,True,False,True,auxiliary_pretraining_candidate,remains_non_strict_U2,
20250109_11_06,True,True,False,True,auxiliary_pretraining_candidate,remains_non_strict_U2,
20250109_16_05,True,True,False,True,auxiliary_pretraining_candidate,remains_non_strict_U2,
20250109_19_04,True,True,False,True,auxiliary_pretraining_candidate,remains_non_strict_U2,
20250109_19_11,True,True,False,True,auxiliary_pretraining_candidate,remains_non_strict_U2,
20250109_19_12,True,True,False,True,auxiliary_pretraining_candidate,remains_non_strict_U2,
20250109_22_04,True,True,False,True,auxiliary_pretraining_candidate,remains_non_strict_U2,
20250109_22_07,True,True,False,True,auxiliary_pretraining_candidate,remains_non_strict_U2,
20250109_23_04,True,True,False,True,auxiliary_pretraining_candidate,remains_non_strict_U2,
20250110_06_07,True,True,False,True,auxiliary_pretraining_candidate,remains_non_strict_U2,
20250110_12_03,True,True,False,True,auxiliary_pretraining_candidate,remains_non_strict_U2,
20250110_12_05,True,True,False,True,auxiliary_pretraining_candidate,remains_non_strict_U2,
20250110_12_08,True,True,False,True,auxiliary_pretraining_candidate,remains_non_strict_U2,
20250110_13_10,True,True,False,True,auxiliary_pretraining_candidate,remains_non_strict_U2,
20250110_14_04,True,True,False,True,auxiliary_pretraining_candidate,remains_non_strict_U2,
20250110_15_04,True,True,False,True,auxiliary_pretraining_candidate,remains_non_strict_U2,
20250110_15_05,True,True,False,True,auxiliary_pretraining_candidate,remains_non_strict_U2,
20250110_16_03,True,True,False,True,auxiliary_pretraining_candidate,remains_non_strict_U2,
20250110_18_04,True,True,False,True,auxiliary_pretraining_candidate,remains_non_strict_U2,
20250111_02_03,True,True,False,True,auxiliary_pretraining_candidate,remains_non_strict_U2,
20250111_02_12,True,True,False,True,auxiliary_pretraining_candidate,remains_non_strict_U2,
20250111_05_05,True,True,False,True,auxiliary_pretraining_candidate,remains_non_strict_U2,
20250111_05_09,True,True,False,True,auxiliary_pretraining_candidate,remains_non_strict_U2,
20250111_05_10,True,True,False,True,auxiliary_pretraining_candidate,remains_non_strict_U2,
20250111_06_03,True,True,False,True,auxiliary_pretraining_candidate,remains_non_strict_U2,
20250111_08_11,True,True,False,True,auxiliary_pretraining_candidate,remains_non_strict_U2,
20250111_12_07,True,True,False,True,auxiliary_pretraining_candidate,remains_non_strict_U2,
20250111_12_08,True,True,False,True,auxiliary_pretraining_candidate,remains_non_strict_U2,
20250111_12_11,True,True,False,True,auxiliary_pretraining_candidate,remains_non_strict_U2,
20250111_16_01,True,True,False,True,auxiliary_pretraining_candidate,remains_non_strict_U2,
20250111_16_04,True,True,False,True,auxiliary_pretraining_candidate,remains_non_strict_U2,
20250111_16_05,True,True,False,True,auxiliary_pretraining_candidate,remains_non_strict_U2,
20250111_16_06,True,True,False,True,auxiliary_pretraining_candidate,remains_non_strict_U2,
20250111_17_08,True,True,False,True,auxiliary_pretraining_candidate,remains_non_strict_U2,
20250111_17_11,True,True,False,True,auxiliary_pretraining_candidate,remains_non_strict_U2,
20250112_02_11,True,True,False,True,auxiliary_pretraining_candidate,remains_non_strict_U2,
20250112_05_05,True,True,False,True,auxiliary_pretraining_candidate,remains_non_strict_U2,
20250112_06_01,True,True,False,True,auxiliary_pretraining_candidate,remains_non_strict_U2,
20250112_12_10,True,True,False,True,auxiliary_pretraining_candidate,remains_non_strict_U2,
20250112_14_03,True,True,False,True,auxiliary_pretraining_candidate,remains_non_strict_U2,
20250112_15_04,True,True,False,True,auxiliary_pretraining_candidate,remains_non_strict_U2,
20250112_18_09,True,True,False,True,auxiliary_pretraining_candidate,remains_non_strict_U2,
20250113_02_05,True,True,False,True,auxiliary_pretraining_candidate,remains_non_strict_U2,
20250113_05_04,True,True,False,True,auxiliary_pretraining_candidate,remains_non_strict_U2,
20250113_05_08,True,True,False,True,auxiliary_pretraining_candidate,remains_non_strict_U2,
20250113_05_10,True,True,False,True,auxiliary_pretraining_candidate,remains_non_strict_U2,
20250113_06_01,True,True,False,True,auxiliary_pretraining_candidate,remains_non_strict_U2,
20250113_06_06,True,True,False,True,auxiliary_pretraining_candidate,remains_non_strict_U2,
20250113_06_08,True,True,False,True,auxiliary_pretraining_candidate,remains_non_strict_U2,
20250113_11_07,True,True,False,True,auxiliary_pretraining_candidate,remains_non_strict_U2,
20250113_11_11,True,True,False,True,auxiliary_pretraining_candidate,remains_non_strict_U2,
20250113_14_10,True,True,False,True,auxiliary_pretraining_candidate,remains_non_strict_U2,
20250113_14_12,True,True,False,True,auxiliary_pretraining_candidate,remains_non_strict_U2,
20250113_15_02,True,True,False,True,auxiliary_pretraining_candidate,remains_non_strict_U2,
20250113_15_04,True,True,False,True,auxiliary_pretraining_candidate,remains_non_strict_U2,
20250113_20_05,True,True,False,True,auxiliary_pretraining_candidate,remains_non_strict_U2,
20250113_20_07,True,True,False,True,auxiliary_pretraining_candidate,remains_non_strict_U2,
20250113_21_04,True,True,False,True,auxiliary_pretraining_candidate,remains_non_strict_U2,
20250114_02_01,True,True,False,True,auxiliary_pretraining_candidate,remains_non_strict_U2,
20250114_03_02,True,True,False,True,auxiliary_pretraining_candidate,remains_non_strict_U2,
20250114_03_07,True,True,False,True,auxiliary_pretraining_candidate,remains_non_strict_U2,
20250114_09_05,True,True,False,True,auxiliary_pretraining_candidate,remains_non_strict_U2,
20250114_10_01,True,True,False,True,auxiliary_pretraining_candidate,remains_non_strict_U2,
20250114_10_04,True,True,False,True,auxiliary_pretraining_candidate,remains_non_strict_U2,
20250114_11_06,True,True,False,True,auxiliary_pretraining_candidate,remains_non_strict_U2,
20250114_11_09,True,True,False,True,auxiliary_pretraining_candidate,remains_non_strict_U2,
20250114_12_12,True,True,False,True,auxiliary_pretraining_candidate,remains_non_strict_U2,
20250114_13_11,True,True,False,True,auxiliary_pretraining_candidate,remains_non_strict_U2,
20250114_17_12,True,True,False,True,auxiliary_pretraining_candidate,remains_non_strict_U2,
20250114_21_06,True,True,False,True,auxiliary_pretraining_candidate,remains_non_strict_U2,
20250114_22_09,True,True,False,True,auxiliary_pretraining_candidate,remains_non_strict_U2,
20250115_03_03,True,True,False,True,auxiliary_pretraining_candidate,remains_non_strict_U2,
20250115_03_04,True,True,False,True,auxiliary_pretraining_candidate,remains_non_strict_U2,
20250115_03_12,True,True,False,True,auxiliary_pretraining_candidate,remains_non_strict_U2,
20250115_05_01,True,True,False,True,auxiliary_pretraining_candidate,remains_non_strict_U2,
20250115_05_04,True,True,False,True,auxiliary_pretraining_candidate,remains_non_strict_U2,
20250115_05_05,True,True,False,True,auxiliary_pretraining_candidate,remains_non_strict_U2,
20250115_05_07,True,True,False,True,auxiliary_pretraining_candidate,remains_non_strict_U2,
20250115_13_03,True,True,False,True,auxiliary_pretraining_candidate,remains_non_strict_U2,
20250115_13_09,True,True,False,True,auxiliary_pretraining_candidate,remains_non_strict_U2,
20250115_17_05,True,True,False,True,auxiliary_pretraining_candidate,remains_non_strict_U2,
20250115_19_05,True,True,False,True,auxiliary_pretraining_candidate,remains_non_strict_U2,
20250115_21_01,True,True,False,True,auxiliary_pretraining_candidate,remains_non_strict_U2,
20250115_22_05,True,True,False,True,auxiliary_pretraining_candidate,remains_non_strict_U2,
20250116_06_05,True,True,False,True,auxiliary_pretraining_candidate,remains_non_strict_U2,
20250116_06_07,True,True,False,True,auxiliary_pretraining_candidate,remains_non_strict_U2,
20250116_06_11,True,True,False,True,auxiliary_pretraining_candidate,remains_non_strict_U2,
20250116_11_08,True,True,False,True,auxiliary_pretraining_candidate,remains_non_strict_U2,
20250116_13_03,True,True,False,True,auxiliary_pretraining_candidate,remains_non_strict_U2,
20250116_20_02,True,True,False,True,auxiliary_pretraining_candidate,remains_non_strict_U2,
20250116_20_09,True,True,False,True,auxiliary_pretraining_candidate,remains_non_strict_U2,
20250116_20_11,True,True,False,True,auxiliary_pretraining_candidate,remains_non_strict_U2,
20250116_22_02,True,True,False,True,auxiliary_pretraining_candidate,remains_non_strict_U2,
20250117_03_03,True,True,False,True,auxiliary_pretraining_candidate,remains_non_strict_U2,
20250117_06_03,True,True,False,True,auxiliary_pretraining_candidate,remains_non_strict_U2,
20250117_06_04,True,True,False,True,auxiliary_pretraining_candidate,remains_non_strict_U2,
20250117_07_01,True,True,False,True,auxiliary_pretraining_candidate,remains_non_strict_U2,
20250117_07_10,True,True,False,True,auxiliary_pretraining_candidate,remains_non_strict_U2,
20250117_08_06,True,True,False,True,auxiliary_pretraining_candidate,remains_non_strict_U2,
20250117_08_12,True,True,False,True,auxiliary_pretraining_candidate,remains_non_strict_U2,
20250117_10_07,True,True,False,True,auxiliary_pretraining_candidate,remains_non_strict_U2,
20250117_10_09,True,True,False,True,auxiliary_pretraining_candidate,remains_non_strict_U2,
20250117_11_01,True,True,False,True,auxiliary_pretraining_candidate,remains_non_strict_U2,
20250117_11_12,True,True,False,True,auxiliary_pretraining_candidate,remains_non_strict_U2,
20250117_14_10,True,True,False,True,auxiliary_pretraining_candidate,remains_non_strict_U2,
20250117_16_10,True,True,False,True,auxiliary_pretraining_candidate,remains_non_strict_U2,
20250117_18_09,True,True,False,True,auxiliary_pretraining_candidate,remains_non_strict_U2,
20250117_20_07,True,True,False,True,auxiliary_pretraining_candidate,remains_non_strict_U2,
20250118_03_04,True,True,False,True,auxiliary_pretraining_candidate,remains_non_strict_U2,
20250118_06_02,True,True,False,True,auxiliary_pretraining_candidate,remains_non_strict_U2,
20250118_07_09,True,True,False,True,auxiliary_pretraining_candidate,remains_non_strict_U2,
20250118_08_08,True,True,False,True,auxiliary_pretraining_candidate,remains_non_strict_U2,
20250118_08_10,True,True,False,True,auxiliary_pretraining_candidate,remains_non_strict_U2,
20250118_10_11,True,True,False,True,auxiliary_pretraining_candidate,remains_non_strict_U2,
20250118_15_08,True,True,False,True,auxiliary_pretraining_candidate,remains_non_strict_U2,
20250118_16_01,True,True,False,True,auxiliary_pretraining_candidate,remains_non_strict_U2,
20250118_16_03,True,True,False,True,auxiliary_pretraining_candidate,remains_non_strict_U2,
20250118_16_05,True,True,False,True,auxiliary_pretraining_candidate,remains_non_strict_U2,
20250118_18_03,True,True,False,True,auxiliary_pretraining_candidate,remains_non_strict_U2,
20250118_20_02,True,True,False,True,auxiliary_pretraining_candidate,remains_non_strict_U2,
20250119_05_12,True,True,False,True,auxiliary_pretraining_candidate,remains_non_strict_U2,
20250119_14_04,True,True,False,True,auxiliary_pretraining_candidate,remains_non_strict_U2,
20250119_14_09,True,True,False,True,auxiliary_pretraining_candidate,remains_non_strict_U2,
20250119_15_03,True,True,False,True,auxiliary_pretraining_candidate,remains_non_strict_U2,
20250119_16_05,True,True,False,True,auxiliary_pretraining_candidate,remains_non_strict_U2,
20250119_22_03,True,True,False,True,auxiliary_pretraining_candidate,remains_non_strict_U2,
20250120_04_10,True,True,False,True,auxiliary_pretraining_candidate,remains_non_strict_U2,
20250120_05_01,True,True,False,True,auxiliary_pretraining_candidate,remains_non_strict_U2,
20250120_05_07,True,True,False,True,auxiliary_pretraining_candidate,remains_non_strict_U2,
20250120_06_06,True,True,False,True,auxiliary_pretraining_candidate,remains_non_strict_U2,
20250120_07_02,True,True,False,True,auxiliary_pretraining_candidate,remains_non_strict_U2,
20250120_07_09,True,True,False,True,auxiliary_pretraining_candidate,remains_non_strict_U2,
20250120_18_04,True,True,False,True,auxiliary_pretraining_candidate,remains_non_strict_U2,
20250120_23_06,True,True,False,True,auxiliary_pretraining_candidate,remains_non_strict_U2,
20250120_23_10,True,True,False,True,auxiliary_pretraining_candidate,remains_non_strict_U2,
20250121_01_08,True,True,False,True,auxiliary_pretraining_candidate,remains_non_strict_U2,
20250121_04_05,True,True,False,True,auxiliary_pretraining_candidate,remains_non_strict_U2,
20250121_04_11,True,True,False,True,auxiliary_pretraining_candidate,remains_non_strict_U2,
20250121_06_01,True,True,False,True,auxiliary_pretraining_candidate,remains_non_strict_U2,
20250121_06_10,True,True,False,True,auxiliary_pretraining_candidate,remains_non_strict_U2,
20250121_09_07,True,True,False,True,auxiliary_pretraining_candidate,remains_non_strict_U2,
20250121_13_03,True,True,False,True,auxiliary_pretraining_candidate,remains_non_strict_U2,
20250121_16_08,True,True,False,True,auxiliary_pretraining_candidate,remains_non_strict_U2,
20250121_24_08,True,True,False,True,auxiliary_pretraining_candidate,remains_non_strict_U2,
20250122_01_01,True,True,False,True,auxiliary_pretraining_candidate,remains_non_strict_U2,
20250122_01_05,True,True,False,True,auxiliary_pretraining_candidate,remains_non_strict_U2,
20250122_05_05,True,True,False,True,auxiliary_pretraining_candidate,remains_non_strict_U2,
20250122_11_07,True,True,False,True,auxiliary_pretraining_candidate,remains_non_strict_U2,
20250122_11_10,True,True,False,True,auxiliary_pretraining_candidate,remains_non_strict_U2,
20250122_13_11,True,True,False,True,auxiliary_pretraining_candidate,remains_non_strict_U2,
20250122_16_01,True,True,False,True,auxiliary_pretraining_candidate,remains_non_strict_U2,
20250122_19_07,True,True,False,True,auxiliary_pretraining_candidate,remains_non_strict_U2,
20250122_23_07,True,True,False,True,auxiliary_pretraining_candidate,remains_non_strict_U2,
20250122_23_12,True,True,False,True,auxiliary_pretraining_candidate,remains_non_strict_U2,
20250123_03_02,True,True,False,True,auxiliary_pretraining_candidate,remains_non_strict_U2,
20250123_04_01,True,True,False,True,auxiliary_pretraining_candidate,remains_non_strict_U2,
20250123_04_07,True,True,False,True,auxiliary_pretraining_candidate,remains_non_strict_U2,
20250123_08_09,True,True,False,True,auxiliary_pretraining_candidate,remains_non_strict_U2,
20250123_08_11,True,True,False,True,auxiliary_pretraining_candidate,remains_non_strict_U2,
20250123_08_12,True,True,False,True,auxiliary_pretraining_candidate,remains_non_strict_U2,
20250123_11_03,True,True,False,True,auxiliary_pretraining_candidate,remains_non_strict_U2,
20250123_11_09,True,True,False,True,auxiliary_pretraining_candidate,remains_non_strict_U2,
20250123_12_11,True,True,False,True,auxiliary_pretraining_candidate,remains_non_strict_U2,
20250123_13_03,True,True,False,True,auxiliary_pretraining_candidate,remains_non_strict_U2,
20250123_17_07,True,True,False,True,auxiliary_pretraining_candidate,remains_non_strict_U2,
20250123_21_11,True,True,False,True,auxiliary_pretraining_candidate,remains_non_strict_U2,
20250124_03_08,True,True,False,True,auxiliary_pretraining_candidate,remains_non_strict_U2,
20250124_03_10,True,True,False,True,auxiliary_pretraining_candidate,remains_non_strict_U2,
20250124_08_09,True,True,False,True,auxiliary_pretraining_candidate,remains_non_strict_U2,
20250124_12_12,True,True,False,True,auxiliary_pretraining_candidate,remains_non_strict_U2,
20250124_19_01,True,True,False,True,auxiliary_pretraining_candidate,remains_non_strict_U2,
20250124_23_02,True,True,False,True,auxiliary_pretraining_candidate,remains_non_strict_U2,
20250125_07_05,True,True,False,True,auxiliary_pretraining_candidate,remains_non_strict_U2,
20250125_10_02,True,True,False,True,auxiliary_pretraining_candidate,remains_non_strict_U2,
20250125_10_05,True,True,False,True,auxiliary_pretraining_candidate,remains_non_strict_U2,
20250125_11_12,True,True,False,True,auxiliary_pretraining_candidate,remains_non_strict_U2,
20250125_12_12,True,True,False,True,auxiliary_pretraining_candidate,remains_non_strict_U2,
20250125_13_05,True,True,False,True,auxiliary_pretraining_candidate,remains_non_strict_U2,
20250125_15_09,True,True,False,True,auxiliary_pretraining_candidate,remains_non_strict_U2,
20250125_17_08,True,True,False,True,auxiliary_pretraining_candidate,remains_non_strict_U2,
20250125_19_12,True,True,False,True,auxiliary_pretraining_candidate,remains_non_strict_U2,
20250125_21_10,True,True,False,True,auxiliary_pretraining_candidate,remains_non_strict_U2,
20250126_02_05,True,True,False,True,auxiliary_pretraining_candidate,remains_non_strict_U2,
20250126_03_11,True,True,False,True,auxiliary_pretraining_candidate,remains_non_strict_U2,
20250126_09_07,True,True,False,True,auxiliary_pretraining_candidate,remains_non_strict_U2,
20250126_12_12,True,True,False,True,auxiliary_pretraining_candidate,remains_non_strict_U2,
20250126_14_09,True,True,False,True,auxiliary_pretraining_candidate,remains_non_strict_U2,
20250126_17_12,True,True,False,True,auxiliary_pretraining_candidate,remains_non_strict_U2,
20250126_20_07,True,True,False,True,auxiliary_pretraining_candidate,remains_non_strict_U2,
20250126_21_07,True,True,False,True,auxiliary_pretraining_candidate,remains_non_strict_U2,
20250126_21_12,True,True,False,True,auxiliary_pretraining_candidate,remains_non_strict_U2,
20250127_03_05,True,True,False,True,auxiliary_pretraining_candidate,remains_non_strict_U2,
20250127_03_06,True,True,False,True,auxiliary_pretraining_candidate,remains_non_strict_U2,
20250127_09_05,True,True,False,True,auxiliary_pretraining_candidate,remains_non_strict_U2,
20250127_10_08,True,True,False,True,auxiliary_pretraining_candidate,remains_non_strict_U2,
20250127_14_08,True,True,False,True,auxiliary_pretraining_candidate,remains_non_strict_U2,
20250127_15_02,True,True,False,True,auxiliary_pretraining_candidate,remains_non_strict_U2,
20250127_21_03,True,True,False,True,auxiliary_pretraining_candidate,remains_non_strict_U2,
20250127_21_06,True,True,False,True,auxiliary_pretraining_candidate,remains_non_strict_U2,
20250128_03_02,True,True,False,True,auxiliary_pretraining_candidate,remains_non_strict_U2,
20250128_03_10,True,True,False,True,auxiliary_pretraining_candidate,remains_non_strict_U2,
20250128_05_03,True,True,False,True,auxiliary_pretraining_candidate,remains_non_strict_U2,
20250128_05_12,True,True,False,True,auxiliary_pretraining_candidate,remains_non_strict_U2,
20250128_11_05,True,True,False,True,auxiliary_pretraining_candidate,remains_non_strict_U2,
20250128_15_07,True,True,False,True,auxiliary_pretraining_candidate,remains_non_strict_U2,
20250128_16_07,True,True,False,True,auxiliary_pretraining_candidate,remains_non_strict_U2,
20250128_16_12,True,True,False,True,auxiliary_pretraining_candidate,remains_non_strict_U2,
20250128_17_04,True,True,False,True,auxiliary_pretraining_candidate,remains_non_strict_U2,
20250128_17_11,True,True,False,True,auxiliary_pretraining_candidate,remains_non_strict_U2,
20250128_18_03,True,True,False,True,auxiliary_pretraining_candidate,remains_non_strict_U2,
20250128_18_08,True,True,False,True,auxiliary_pretraining_candidate,remains_non_strict_U2,
20250129_04_02,True,True,False,True,auxiliary_pretraining_candidate,remains_non_strict_U2,
20250129_10_03,True,True,False,True,auxiliary_pretraining_candidate,remains_non_strict_U2,
20250129_13_03,True,True,False,True,auxiliary_pretraining_candidate,remains_non_strict_U2,
20250129_13_11,True,True,False,True,auxiliary_pretraining_candidate,remains_non_strict_U2,
20250129_15_08,True,True,False,True,auxiliary_pretraining_candidate,remains_non_strict_U2,
20250129_15_09,True,True,False,True,auxiliary_pretraining_candidate,remains_non_strict_U2,
20250129_16_07,True,True,False,True,auxiliary_pretraining_candidate,remains_non_strict_U2,
20250129_16_09,True,True,False,True,auxiliary_pretraining_candidate,remains_non_strict_U2,
20250129_18_11,True,True,False,True,auxiliary_pretraining_candidate,remains_non_strict_U2,
20250130_02_02,True,True,False,True,auxiliary_pretraining_candidate,remains_non_strict_U2,
20250130_02_12,True,True,False,True,auxiliary_pretraining_candidate,remains_non_strict_U2,
20250130_05_04,True,True,False,True,auxiliary_pretraining_candidate,remains_non_strict_U2,
20250130_05_08,True,True,False,True,auxiliary_pretraining_candidate,remains_non_strict_U2,
20250130_06_02,True,True,False,True,auxiliary_pretraining_candidate,remains_non_strict_U2,
20250130_12_01,True,True,False,True,auxiliary_pretraining_candidate,remains_non_strict_U2,
20250130_13_01,True,True,False,True,auxiliary_pretraining_candidate,remains_non_strict_U2,
20250130_13_06,True,True,False,True,auxiliary_pretraining_candidate,remains_non_strict_U2,
20250130_16_04,True,True,False,True,auxiliary_pretraining_candidate,remains_non_strict_U2,
20250130_18_12,True,True,False,True,auxiliary_pretraining_candidate,remains_non_strict_U2,
20250130_20_02,True,True,False,True,auxiliary_pretraining_candidate,remains_non_strict_U2,
20250130_24_02,True,True,False,True,auxiliary_pretraining_candidate,remains_non_strict_U2,
20250131_01_06,True,True,False,True,auxiliary_pretraining_candidate,remains_non_strict_U2,
20250131_02_02,True,True,False,True,auxiliary_pretraining_candidate,remains_non_strict_U2,
20250131_04_03,True,True,False,True,auxiliary_pretraining_candidate,remains_non_strict_U2,
20250131_06_03,True,True,False,True,auxiliary_pretraining_candidate,remains_non_strict_U2,
20250131_07_06,True,True,False,True,auxiliary_pretraining_candidate,remains_non_strict_U2,
20250131_11_10,True,True,False,True,auxiliary_pretraining_candidate,remains_non_strict_U2,
20250131_12_06,True,True,False,True,auxiliary_pretraining_candidate,remains_non_strict_U2,
20250131_16_03,True,True,False,True,auxiliary_pretraining_candidate,remains_non_strict_U2,
20250131_18_08,True,True,False,True,auxiliary_pretraining_candidate,remains_non_strict_U2,
20250131_18_10,True,True,False,True,auxiliary_pretraining_candidate,remains_non_strict_U2,
20250131_24_12,True,True,False,True,auxiliary_pretraining_candidate,remains_non_strict_U2,
20250201_01_08,True,True,False,True,auxiliary_pretraining_candidate,remains_non_strict_U2,
20250201_04_09,True,True,False,True,auxiliary_pretraining_candidate,remains_non_strict_U2,
20250201_08_10,True,True,False,True,auxiliary_pretraining_candidate,remains_non_strict_U2,
20250201_12_06,True,True,False,True,auxiliary_pretraining_candidate,remains_non_strict_U2,
20250201_14_03,True,True,False,True,auxiliary_pretraining_candidate,remains_non_strict_U2,
20250201_14_06,True,True,False,True,auxiliary_pretraining_candidate,remains_non_strict_U2,
20250201_19_05,True,True,False,True,auxiliary_pretraining_candidate,remains_non_strict_U2,
20250201_19_09,True,True,False,True,auxiliary_pretraining_candidate,remains_non_strict_U2,
20250201_20_06,True,True,False,True,auxiliary_pretraining_candidate,remains_non_strict_U2,
20250201_24_10,True,True,False,True,auxiliary_pretraining_candidate,remains_non_strict_U2,
20250202_01_05,True,True,False,True,auxiliary_pretraining_candidate,remains_non_strict_U2,
20250202_05_01,True,True,False,True,auxiliary_pretraining_candidate,remains_non_strict_U2,
20250202_06_03,True,True,False,True,auxiliary_pretraining_candidate,remains_non_strict_U2,
20250202_06_06,True,True,False,True,auxiliary_pretraining_candidate,remains_non_strict_U2,
20250202_08_01,True,True,False,True,auxiliary_pretraining_candidate,remains_non_strict_U2,
20250202_08_05,True,True,False,True,auxiliary_pretraining_candidate,remains_non_strict_U2,
20250202_18_05,True,True,False,True,auxiliary_pretraining_candidate,remains_non_strict_U2,
20250202_20_01,True,True,False,True,auxiliary_pretraining_candidate,remains_non_strict_U2,
20250203_06_05,True,True,False,True,auxiliary_pretraining_candidate,remains_non_strict_U2,
20250203_08_09,True,True,False,True,auxiliary_pretraining_candidate,remains_non_strict_U2,
20250203_14_01,True,True,False,True,auxiliary_pretraining_candidate,remains_non_strict_U2,
20250203_19_01,True,True,False,True,auxiliary_pretraining_candidate,remains_non_strict_U2,
20250203_20_06,True,True,False,True,auxiliary_pretraining_candidate,remains_non_strict_U2,
20250203_23_09,True,True,False,True,auxiliary_pretraining_candidate,remains_non_strict_U2,
20250204_01_08,True,True,False,True,auxiliary_pretraining_candidate,remains_non_strict_U2,
20250204_02_07,True,True,False,True,auxiliary_pretraining_candidate,remains_non_strict_U2,
20250204_03_03,True,True,False,True,auxiliary_pretraining_candidate,remains_non_strict_U2,
20250204_03_11,True,True,False,True,auxiliary_pretraining_candidate,remains_non_strict_U2,
20250204_06_06,True,True,False,True,auxiliary_pretraining_candidate,remains_non_strict_U2,
20250204_15_07,True,True,False,True,auxiliary_pretraining_candidate,remains_non_strict_U2,
20250204_15_09,True,True,False,True,auxiliary_pretraining_candidate,remains_non_strict_U2,
20250204_15_10,True,True,False,True,auxiliary_pretraining_candidate,remains_non_strict_U2,
20250204_16_08,True,True,False,True,auxiliary_pretraining_candidate,remains_non_strict_U2,
20250204_20_01,True,True,False,True,auxiliary_pretraining_candidate,remains_non_strict_U2,
20250204_21_05,True,True,False,True,auxiliary_pretraining_candidate,remains_non_strict_U2,
20250204_21_06,True,True,False,True,auxiliary_pretraining_candidate,remains_non_strict_U2,
20250204_21_07,True,True,False,True,auxiliary_pretraining_candidate,remains_non_strict_U2,
20250205_02_01,True,True,False,True,auxiliary_pretraining_candidate,remains_non_strict_U2,
20250205_11_01,True,True,False,True,auxiliary_pretraining_candidate,remains_non_strict_U2,
20250205_16_01,True,True,False,True,auxiliary_pretraining_candidate,remains_non_strict_U2,
20250205_16_02,True,True,False,True,auxiliary_pretraining_candidate,remains_non_strict_U2,
20250205_16_03,True,True,False,True,auxiliary_pretraining_candidate,remains_non_strict_U2,
20250205_21_02,True,True,False,True,auxiliary_pretraining_candidate,remains_non_strict_U2,
20250205_23_12,True,True,False,True,auxiliary_pretraining_candidate,remains_non_strict_U2,
20250206_03_07,True,True,False,True,auxiliary_pretraining_candidate,remains_non_strict_U2,
20250206_10_12,True,True,False,True,auxiliary_pretraining_candidate,remains_non_strict_U2,
20250206_12_05,True,True,False,True,auxiliary_pretraining_candidate,remains_non_strict_U2,
20250206_12_12,True,True,False,True,auxiliary_pretraining_candidate,remains_non_strict_U2,
20250206_15_09,True,True,False,True,auxiliary_pretraining_candidate,remains_non_strict_U2,
20250206_16_07,True,True,False,True,auxiliary_pretraining_candidate,remains_non_strict_U2,
20250206_17_04,True,True,False,True,auxiliary_pretraining_candidate,remains_non_strict_U2,
20250206_17_06,True,True,False,True,auxiliary_pretraining_candidate,remains_non_strict_U2,
20250206_20_09,True,True,False,True,auxiliary_pretraining_candidate,remains_non_strict_U2,
20250206_20_12,True,True,False,True,auxiliary_pretraining_candidate,remains_non_strict_U2,
20250206_23_01,True,True,False,True,auxiliary_pretraining_candidate,remains_non_strict_U2,
20250207_03_06,True,True,False,True,auxiliary_pretraining_candidate,remains_non_strict_U2,
20250207_09_07,True,True,False,True,auxiliary_pretraining_candidate,remains_non_strict_U2,
20250207_10_06,True,True,False,True,auxiliary_pretraining_candidate,remains_non_strict_U2,
20250207_17_09,True,True,False,True,auxiliary_pretraining_candidate,remains_non_strict_U2,
20250208_03_01,True,True,False,True,auxiliary_pretraining_candidate,remains_non_strict_U2,
20250208_03_05,True,True,False,True,auxiliary_pretraining_candidate,remains_non_strict_U2,
20250208_03_07,True,True,False,True,auxiliary_pretraining_candidate,remains_non_strict_U2,
20250208_07_03,True,True,False,True,auxiliary_pretraining_candidate,remains_non_strict_U2,
20250208_10_03,True,True,False,True,auxiliary_pretraining_candidate,remains_non_strict_U2,
20250208_10_06,True,True,False,True,auxiliary_pretraining_candidate,remains_non_strict_U2,
20250208_10_08,True,True,False,True,auxiliary_pretraining_candidate,remains_non_strict_U2,
20250208_14_04,True,True,False,True,auxiliary_pretraining_candidate,remains_non_strict_U2,
20250208_15_12,True,True,False,True,auxiliary_pretraining_candidate,remains_non_strict_U2,
20250208_18_03,True,True,False,True,auxiliary_pretraining_candidate,remains_non_strict_U2,
20250208_21_04,True,True,False,True,auxiliary_pretraining_candidate,remains_non_strict_U2,
20250209_02_01,True,True,False,True,auxiliary_pretraining_candidate,remains_non_strict_U2,
20250209_08_01,True,True,False,True,auxiliary_pretraining_candidate,remains_non_strict_U2,
20250209_08_05,True,True,False,True,auxiliary_pretraining_candidate,remains_non_strict_U2,
20250209_08_06,True,True,False,True,auxiliary_pretraining_candidate,remains_non_strict_U2,
20250209_11_06,True,True,False,True,auxiliary_pretraining_candidate,remains_non_strict_U2,
20250209_12_09,True,True,False,True,auxiliary_pretraining_candidate,remains_non_strict_U2,
20250209_14_07,True,True,False,True,auxiliary_pretraining_candidate,remains_non_strict_U2,
20250209_15_01,True,True,False,True,auxiliary_pretraining_candidate,remains_non_strict_U2,
20250209_15_12,True,True,False,True,auxiliary_pretraining_candidate,remains_non_strict_U2,
20250209_20_05,True,True,False,True,auxiliary_pretraining_candidate,remains_non_strict_U2,
20250210_02_07,True,True,False,True,auxiliary_pretraining_candidate,remains_non_strict_U2,
20250210_06_04,True,True,False,True,auxiliary_pretraining_candidate,remains_non_strict_U2,
20250210_06_11,True,True,False,True,auxiliary_pretraining_candidate,remains_non_strict_U2,
20250210_12_10,True,True,False,True,auxiliary_pretraining_candidate,remains_non_strict_U2,
20250210_14_07,True,True,False,True,auxiliary_pretraining_candidate,remains_non_strict_U2,
20250210_15_01,True,True,False,True,auxiliary_pretraining_candidate,remains_non_strict_U2,
20250210_18_02,True,True,False,True,auxiliary_pretraining_candidate,remains_non_strict_U2,
20250210_19_05,True,True,False,True,auxiliary_pretraining_candidate,remains_non_strict_U2,
20250210_23_11,True,True,False,True,auxiliary_pretraining_candidate,remains_non_strict_U2,
20250211_02_10,True,True,False,True,auxiliary_pretraining_candidate,remains_non_strict_U2,
20250211_02_11,True,True,False,True,auxiliary_pretraining_candidate,remains_non_strict_U2,
20250211_08_01,True,True,False,True,auxiliary_pretraining_candidate,remains_non_strict_U2,
20250211_08_03,True,True,False,True,auxiliary_pretraining_candidate,remains_non_strict_U2,
20250211_08_04,True,True,False,True,auxiliary_pretraining_candidate,remains_non_strict_U2,
20250211_11_11,True,True,False,True,auxiliary_pretraining_candidate,remains_non_strict_U2,
20250211_14_10,True,True,False,True,auxiliary_pretraining_candidate,remains_non_strict_U2,
20250211_14_12,True,True,False,True,auxiliary_pretraining_candidate,remains_non_strict_U2,
20250211_19_04,True,True,False,True,auxiliary_pretraining_candidate,remains_non_strict_U2,
20250211_19_05,True,True,False,True,auxiliary_pretraining_candidate,remains_non_strict_U2,
20250211_19_07,True,True,False,True,auxiliary_pretraining_candidate,remains_non_strict_U2,
20250211_20_06,True,True,False,True,auxiliary_pretraining_candidate,remains_non_strict_U2,
20250211_23_01,True,True,False,True,auxiliary_pretraining_candidate,remains_non_strict_U2,
20250211_23_04,True,True,False,True,auxiliary_pretraining_candidate,remains_non_strict_U2,
20250212_06_06,True,True,False,True,auxiliary_pretraining_candidate,remains_non_strict_U2,
20250212_14_06,True,True,False,True,auxiliary_pretraining_candidate,remains_non_strict_U2,
20250212_16_03,True,True,False,True,auxiliary_pretraining_candidate,remains_non_strict_U2,
20250212_16_04,True,True,False,True,auxiliary_pretraining_candidate,remains_non_strict_U2,
20250212_18_10,True,True,False,True,auxiliary_pretraining_candidate,remains_non_strict_U2,
20250212_18_12,True,True,False,True,auxiliary_pretraining_candidate,remains_non_strict_U2,
20250212_19_08,True,True,False,True,auxiliary_pretraining_candidate,remains_non_strict_U2,
20250212_20_02,True,True,False,True,auxiliary_pretraining_candidate,remains_non_strict_U2,
20250212_23_03,True,True,False,True,auxiliary_pretraining_candidate,remains_non_strict_U2,
20250213_06_04,True,True,False,True,auxiliary_pretraining_candidate,remains_non_strict_U2,
20250213_15_01,True,True,False,True,auxiliary_pretraining_candidate,remains_non_strict_U2,
20250214_01_03,True,True,False,True,auxiliary_pretraining_candidate,remains_non_strict_U2,
20250214_06_06,True,True,False,True,auxiliary_pretraining_candidate,remains_non_strict_U2,
20250214_06_11,True,True,False,True,auxiliary_pretraining_candidate,remains_non_strict_U2,
20250214_12_05,True,True,False,True,auxiliary_pretraining_candidate,remains_non_strict_U2,
20250214_13_02,True,True,False,True,auxiliary_pretraining_candidate,remains_non_strict_U2,
20250214_13_12,True,True,False,True,auxiliary_pretraining_candidate,remains_non_strict_U2,
20250214_15_01,True,True,False,True,auxiliary_pretraining_candidate,remains_non_strict_U2,
20250214_16_03,True,True,False,True,auxiliary_pretraining_candidate,remains_non_strict_U2,
20250214_19_03,True,True,False,True,auxiliary_pretraining_candidate,remains_non_strict_U2,
20250214_21_08,True,True,False,True,auxiliary_pretraining_candidate,remains_non_strict_U2,
20250214_21_12,True,True,False,True,auxiliary_pretraining_candidate,remains_non_strict_U2,
20250214_24_09,True,True,False,True,auxiliary_pretraining_candidate,remains_non_strict_U2,
20250215_01_02,True,True,False,True,auxiliary_pretraining_candidate,remains_non_strict_U2,
20250215_02_12,True,True,False,True,auxiliary_pretraining_candidate,remains_non_strict_U2,
20250215_03_03,True,True,False,True,auxiliary_pretraining_candidate,remains_non_strict_U2,
20250215_05_08,True,True,False,True,auxiliary_pretraining_candidate,remains_non_strict_U2,
20250215_05_12,True,True,False,True,auxiliary_pretraining_candidate,remains_non_strict_U2,
20250215_08_03,True,True,False,True,auxiliary_pretraining_candidate,remains_non_strict_U2,
20250215_10_04,True,True,False,True,auxiliary_pretraining_candidate,remains_non_strict_U2,
20250215_12_08,True,True,False,True,auxiliary_pretraining_candidate,remains_non_strict_U2,
20250215_21_05,True,True,False,True,auxiliary_pretraining_candidate,remains_non_strict_U2,
20250215_24_12,True,True,False,True,auxiliary_pretraining_candidate,remains_non_strict_U2,
20250216_03_06,True,True,False,True,auxiliary_pretraining_candidate,remains_non_strict_U2,
20250216_08_08,True,True,False,True,auxiliary_pretraining_candidate,remains_non_strict_U2,
20250216_10_07,True,True,False,True,auxiliary_pretraining_candidate,remains_non_strict_U2,
20250216_11_02,True,True,False,True,auxiliary_pretraining_candidate,remains_non_strict_U2,
20250216_12_02,True,True,False,True,auxiliary_pretraining_candidate,remains_non_strict_U2,
20250216_12_12,True,True,False,True,auxiliary_pretraining_candidate,remains_non_strict_U2,
20250216_13_01,True,True,False,True,auxiliary_pretraining_candidate,remains_non_strict_U2,
20250216_15_01,True,True,False,True,auxiliary_pretraining_candidate,remains_non_strict_U2,
20250216_20_10,True,True,False,True,auxiliary_pretraining_candidate,remains_non_strict_U2,
20250216_20_12,True,True,False,True,auxiliary_pretraining_candidate,remains_non_strict_U2,
20250217_01_06,True,True,False,True,auxiliary_pretraining_candidate,remains_non_strict_U2,
20250217_04_06,True,True,False,True,auxiliary_pretraining_candidate,remains_non_strict_U2,
20250217_04_09,True,True,False,True,auxiliary_pretraining_candidate,remains_non_strict_U2,
20250217_05_02,True,True,False,True,auxiliary_pretraining_candidate,remains_non_strict_U2,
20250217_05_08,True,True,False,True,auxiliary_pretraining_candidate,remains_non_strict_U2,
20250217_07_11,True,True,False,True,auxiliary_pretraining_candidate,remains_non_strict_U2,
20250217_11_04,True,True,False,True,auxiliary_pretraining_candidate,remains_non_strict_U2,
20250217_12_04,True,True,False,True,auxiliary_pretraining_candidate,remains_non_strict_U2,
20250217_18_04,True,True,False,True,auxiliary_pretraining_candidate,remains_non_strict_U2,
20250217_20_11,True,True,False,True,auxiliary_pretraining_candidate,remains_non_strict_U2,
20250217_21_07,True,True,False,True,auxiliary_pretraining_candidate,remains_non_strict_U2,
20250217_21_11,True,True,False,True,auxiliary_pretraining_candidate,remains_non_strict_U2,
20250218_02_03,True,True,False,True,auxiliary_pretraining_candidate,remains_non_strict_U2,
20250218_03_02,True,True,False,True,auxiliary_pretraining_candidate,remains_non_strict_U2,
20250218_03_07,True,True,False,True,auxiliary_pretraining_candidate,remains_non_strict_U2,
20250218_04_01,True,True,False,True,auxiliary_pretraining_candidate,remains_non_strict_U2,
20250218_08_12,True,True,False,True,auxiliary_pretraining_candidate,remains_non_strict_U2,
20250218_11_08,True,True,False,True,auxiliary_pretraining_candidate,remains_non_strict_U2,
20250218_11_09,True,True,False,True,auxiliary_pretraining_candidate,remains_non_strict_U2,
20250218_14_08,True,True,False,True,auxiliary_pretraining_candidate,remains_non_strict_U2,
20250218_18_06,True,True,False,True,auxiliary_pretraining_candidate,remains_non_strict_U2,
20250218_18_10,True,True,False,True,auxiliary_pretraining_candidate,remains_non_strict_U2,
20250219_01_03,True,True,False,True,auxiliary_pretraining_candidate,remains_non_strict_U2,
20250219_02_05,True,True,False,True,auxiliary_pretraining_candidate,remains_non_strict_U2,
20250219_02_10,True,True,False,True,auxiliary_pretraining_candidate,remains_non_strict_U2,
20250219_03_02,True,True,False,True,auxiliary_pretraining_candidate,remains_non_strict_U2,
20250219_04_03,True,True,False,True,auxiliary_pretraining_candidate,remains_non_strict_U2,
20250219_04_06,True,True,False,True,auxiliary_pretraining_candidate,remains_non_strict_U2,
20250219_04_11,True,True,False,True,auxiliary_pretraining_candidate,remains_non_strict_U2,
20250219_05_02,True,True,False,True,auxiliary_pretraining_candidate,remains_non_strict_U2,
20250219_05_10,True,True,False,True,auxiliary_pretraining_candidate,remains_non_strict_U2,
20250219_06_05,True,True,False,True,auxiliary_pretraining_candidate,remains_non_strict_U2,
20250219_06_10,True,True,False,True,auxiliary_pretraining_candidate,remains_non_strict_U2,
20250219_07_01,True,True,False,True,auxiliary_pretraining_candidate,remains_non_strict_U2,
20250219_07_04,True,True,False,True,auxiliary_pretraining_candidate,remains_non_strict_U2,
20250219_07_10,True,True,False,True,auxiliary_pretraining_candidate,remains_non_strict_U2,
20250219_11_08,True,True,False,True,auxiliary_pretraining_candidate,remains_non_strict_U2,
20250219_18_08,True,True,False,True,auxiliary_pretraining_candidate,remains_non_strict_U2,
20250219_22_03,True,True,False,True,auxiliary_pretraining_candidate,remains_non_strict_U2,
20250219_23_06,True,True,False,True,auxiliary_pretraining_candidate,remains_non_strict_U2,
20250220_04_07,True,True,False,True,auxiliary_pretraining_candidate,remains_non_strict_U2,
20250220_04_11,True,True,False,True,auxiliary_pretraining_candidate,remains_non_strict_U2,
20250220_06_11,True,True,False,True,auxiliary_pretraining_candidate,remains_non_strict_U2,
20250220_07_03,True,True,False,True,auxiliary_pretraining_candidate,remains_non_strict_U2,
20250220_07_06,True,True,False,True,auxiliary_pretraining_candidate,remains_non_strict_U2,
20250220_07_08,True,True,False,True,auxiliary_pretraining_candidate,remains_non_strict_U2,
20250220_11_01,True,True,False,True,auxiliary_pretraining_candidate,remains_non_strict_U2,
20250220_11_02,True,True,False,True,auxiliary_pretraining_candidate,remains_non_strict_U2,
20250220_12_03,True,True,False,True,auxiliary_pretraining_candidate,remains_non_strict_U2,
20250220_20_02,True,True,False,True,auxiliary_pretraining_candidate,remains_non_strict_U2,
20250221_02_05,True,True,False,True,auxiliary_pretraining_candidate,remains_non_strict_U2,
20250221_03_09,True,True,False,True,auxiliary_pretraining_candidate,remains_non_strict_U2,
20250221_04_05,True,True,False,True,auxiliary_pretraining_candidate,remains_non_strict_U2,
20250221_06_08,True,True,False,True,auxiliary_pretraining_candidate,remains_non_strict_U2,
20250221_12_03,True,True,False,True,auxiliary_pretraining_candidate,remains_non_strict_U2,
20250221_18_10,True,True,False,True,auxiliary_pretraining_candidate,remains_non_strict_U2,
20250221_19_06,True,True,False,True,auxiliary_pretraining_candidate,remains_non_strict_U2,
20250221_22_04,True,True,False,True,auxiliary_pretraining_candidate,remains_non_strict_U2,
20250221_22_12,True,True,False,True,auxiliary_pretraining_candidate,remains_non_strict_U2,
20250221_24_01,True,True,False,True,auxiliary_pretraining_candidate,remains_non_strict_U2,
20250222_02_04,True,True,False,True,auxiliary_pretraining_candidate,remains_non_strict_U2,
20250222_02_07,True,True,False,True,auxiliary_pretraining_candidate,remains_non_strict_U2,
20250222_03_06,True,True,False,True,auxiliary_pretraining_candidate,remains_non_strict_U2,
20250222_03_12,True,True,False,True,auxiliary_pretraining_candidate,remains_non_strict_U2,
20250222_06_05,True,True,False,True,auxiliary_pretraining_candidate,remains_non_strict_U2,
20250222_12_02,True,True,False,True,auxiliary_pretraining_candidate,remains_non_strict_U2,
20250222_12_06,True,True,False,True,auxiliary_pretraining_candidate,remains_non_strict_U2,
20250222_14_08,True,True,False,True,auxiliary_pretraining_candidate,remains_non_strict_U2,
20250222_16_03,True,True,False,True,auxiliary_pretraining_candidate,remains_non_strict_U2,
20250222_19_01,True,True,False,True,auxiliary_pretraining_candidate,remains_non_strict_U2,
20250222_21_02,True,True,False,True,auxiliary_pretraining_candidate,remains_non_strict_U2,
20250222_22_12,True,True,False,True,auxiliary_pretraining_candidate,remains_non_strict_U2,
20250223_01_03,True,True,False,True,auxiliary_pretraining_candidate,remains_non_strict_U2,
20250223_02_01,True,True,False,True,auxiliary_pretraining_candidate,remains_non_strict_U2,
20250223_02_08,True,True,False,True,auxiliary_pretraining_candidate,remains_non_strict_U2,
20250223_02_11,True,True,False,True,auxiliary_pretraining_candidate,remains_non_strict_U2,
20250223_06_12,True,True,False,True,auxiliary_pretraining_candidate,remains_non_strict_U2,
20250223_13_06,True,True,False,True,auxiliary_pretraining_candidate,remains_non_strict_U2,
20250223_13_08,True,True,False,True,auxiliary_pretraining_candidate,remains_non_strict_U2,
20250223_14_04,True,True,False,True,auxiliary_pretraining_candidate,remains_non_strict_U2,
20250223_14_11,True,True,False,True,auxiliary_pretraining_candidate,remains_non_strict_U2,
20250223_22_01,True,True,False,True,auxiliary_pretraining_candidate,remains_non_strict_U2,
20250223_22_03,True,True,False,True,auxiliary_pretraining_candidate,remains_non_strict_U2,
20250223_22_04,True,True,False,True,auxiliary_pretraining_candidate,remains_non_strict_U2,
20250223_22_06,True,True,False,True,auxiliary_pretraining_candidate,remains_non_strict_U2,
20250224_03_05,True,True,False,True,auxiliary_pretraining_candidate,remains_non_strict_U2,
20250224_06_01,True,True,False,True,auxiliary_pretraining_candidate,remains_non_strict_U2,
20250224_06_12,True,True,False,True,auxiliary_pretraining_candidate,remains_non_strict_U2,
20250224_08_04,True,True,False,True,auxiliary_pretraining_candidate,remains_non_strict_U2,
20250224_08_05,True,True,False,True,auxiliary_pretraining_candidate,remains_non_strict_U2,
20250224_08_08,True,True,False,True,auxiliary_pretraining_candidate,remains_non_strict_U2,
20250224_12_04,True,True,False,True,auxiliary_pretraining_candidate,remains_non_strict_U2,
20250224_13_01,True,True,False,True,auxiliary_pretraining_candidate,remains_non_strict_U2,
20250224_21_02,True,True,False,True,auxiliary_pretraining_candidate,remains_non_strict_U2,
20250224_24_02,True,True,False,True,auxiliary_pretraining_candidate,remains_non_strict_U2,
20250225_01_08,True,True,False,True,auxiliary_pretraining_candidate,remains_non_strict_U2,
20250225_03_05,True,True,False,True,auxiliary_pretraining_candidate,remains_non_strict_U2,
20250225_05_05,True,True,False,True,auxiliary_pretraining_candidate,remains_non_strict_U2,
20250225_07_03,True,True,False,True,auxiliary_pretraining_candidate,remains_non_strict_U2,
20250225_07_06,True,True,False,True,auxiliary_pretraining_candidate,remains_non_strict_U2,
20250225_14_08,True,True,False,True,auxiliary_pretraining_candidate,remains_non_strict_U2,
20250225_15_09,True,True,False,True,auxiliary_pretraining_candidate,remains_non_strict_U2,
20250225_19_06,True,True,False,True,auxiliary_pretraining_candidate,remains_non_strict_U2,
20250225_23_12,True,True,False,True,auxiliary_pretraining_candidate,remains_non_strict_U2,
20250226_05_11,True,True,False,True,auxiliary_pretraining_candidate,remains_non_strict_U2,
20250226_11_04,True,True,False,True,auxiliary_pretraining_candidate,remains_non_strict_U2,
20250226_11_06,True,True,False,True,auxiliary_pretraining_candidate,remains_non_strict_U2,
20250226_14_12,True,True,False,True,auxiliary_pretraining_candidate,remains_non_strict_U2,
20250226_21_01,True,True,False,True,auxiliary_pretraining_candidate,remains_non_strict_U2,
20250226_21_07,True,True,False,True,auxiliary_pretraining_candidate,remains_non_strict_U2,
20250227_07_10,True,True,False,True,auxiliary_pretraining_candidate,remains_non_strict_U2,
20250227_12_05,True,True,False,True,auxiliary_pretraining_candidate,remains_non_strict_U2,
20250227_18_03,True,True,False,True,auxiliary_pretraining_candidate,remains_non_strict_U2,
20250227_18_12,True,True,False,True,auxiliary_pretraining_candidate,remains_non_strict_U2,
20250227_20_02,True,True,False,True,auxiliary_pretraining_candidate,remains_non_strict_U2,
20250227_20_12,True,True,False,True,auxiliary_pretraining_candidate,remains_non_strict_U2,
20250227_21_03,True,True,False,True,auxiliary_pretraining_candidate,remains_non_strict_U2,
20250227_23_01,True,True,False,True,auxiliary_pretraining_candidate,remains_non_strict_U2,
20250227_23_02,True,True,False,True,auxiliary_pretraining_candidate,remains_non_strict_U2,
20250227_23_03,True,True,False,True,auxiliary_pretraining_candidate,remains_non_strict_U2,
20250227_23_04,True,True,False,True,auxiliary_pretraining_candidate,remains_non_strict_U2,
20250227_23_12,True,True,False,True,auxiliary_pretraining_candidate,remains_non_strict_U2,
20250228_02_01,True,True,False,True,auxiliary_pretraining_candidate,remains_non_strict_U2,
20250228_02_08,True,True,False,True,auxiliary_pretraining_candidate,remains_non_strict_U2,
20250228_04_01,True,True,False,True,auxiliary_pretraining_candidate,remains_non_strict_U2,
20250228_04_12,True,True,False,True,auxiliary_pretraining_candidate,remains_non_strict_U2,
20250228_07_08,True,True,False,True,auxiliary_pretraining_candidate,remains_non_strict_U2,
20250228_12_02,True,True,False,True,auxiliary_pretraining_candidate,remains_non_strict_U2,
20250228_16_05,True,True,False,True,auxiliary_pretraining_candidate,remains_non_strict_U2,
20250228_18_03,True,True,False,True,auxiliary_pretraining_candidate,remains_non_strict_U2,
20250228_24_11,True,True,False,True,auxiliary_pretraining_candidate,remains_non_strict_U2,
20250301_02_02,True,True,False,True,auxiliary_pretraining_candidate,remains_non_strict_U2,
20250301_02_04,True,True,False,True,auxiliary_pretraining_candidate,remains_non_strict_U2,
20250301_03_03,True,True,False,True,auxiliary_pretraining_candidate,remains_non_strict_U2,
20250301_04_07,True,True,False,True,auxiliary_pretraining_candidate,remains_non_strict_U2,
20250301_04_08,True,True,False,True,auxiliary_pretraining_candidate,remains_non_strict_U2,
20250301_07_09,True,True,False,True,auxiliary_pretraining_candidate,remains_non_strict_U2,
20250301_07_11,True,True,False,True,auxiliary_pretraining_candidate,remains_non_strict_U2,
20250301_08_11,True,True,False,True,auxiliary_pretraining_candidate,remains_non_strict_U2,
20250301_16_05,True,True,False,True,auxiliary_pretraining_candidate,remains_non_strict_U2,
20250301_18_02,True,True,False,True,auxiliary_pretraining_candidate,remains_non_strict_U2,
20250301_20_01,True,True,False,True,auxiliary_pretraining_candidate,remains_non_strict_U2,
20250301_23_06,True,True,False,True,auxiliary_pretraining_candidate,remains_non_strict_U2,
20250301_23_07,True,True,False,True,auxiliary_pretraining_candidate,remains_non_strict_U2,
20250302_03_07,True,True,False,True,auxiliary_pretraining_candidate,remains_non_strict_U2,
20250302_04_10,True,True,False,True,auxiliary_pretraining_candidate,remains_non_strict_U2,
20250302_07_08,True,True,False,True,auxiliary_pretraining_candidate,remains_non_strict_U2,
20250302_20_06,True,True,False,True,auxiliary_pretraining_candidate,remains_non_strict_U2,
20250302_24_07,True,True,False,True,auxiliary_pretraining_candidate,remains_non_strict_U2,
20250303_03_02,True,True,False,True,auxiliary_pretraining_candidate,remains_non_strict_U2,
20250303_03_04,True,True,False,True,auxiliary_pretraining_candidate,remains_non_strict_U2,
20250303_03_05,True,True,False,True,auxiliary_pretraining_candidate,remains_non_strict_U2,
20250303_13_05,True,True,False,True,auxiliary_pretraining_candidate,remains_non_strict_U2,
20250303_18_02,True,True,False,True,auxiliary_pretraining_candidate,remains_non_strict_U2,
20250303_18_10,True,True,False,True,auxiliary_pretraining_candidate,remains_non_strict_U2,
20250303_20_09,True,True,False,True,auxiliary_pretraining_candidate,remains_non_strict_U2,
20250303_21_03,True,True,False,True,auxiliary_pretraining_candidate,remains_non_strict_U2,
20250303_21_09,True,True,False,True,auxiliary_pretraining_candidate,remains_non_strict_U2,
20250303_22_01,True,True,False,True,auxiliary_pretraining_candidate,remains_non_strict_U2,
20250303_22_11,True,True,False,True,auxiliary_pretraining_candidate,remains_non_strict_U2,
20250304_03_06,True,True,False,True,auxiliary_pretraining_candidate,remains_non_strict_U2,
20250304_08_03,True,True,False,True,auxiliary_pretraining_candidate,remains_non_strict_U2,
20250304_13_10,True,True,False,True,auxiliary_pretraining_candidate,remains_non_strict_U2,
20250304_16_11,True,True,False,True,auxiliary_pretraining_candidate,remains_non_strict_U2,
20250304_17_05,True,True,False,True,auxiliary_pretraining_candidate,remains_non_strict_U2,
20250304_19_06,True,True,False,True,auxiliary_pretraining_candidate,remains_non_strict_U2,
20250304_19_09,True,True,False,True,auxiliary_pretraining_candidate,remains_non_strict_U2,
20250304_19_10,True,True,False,True,auxiliary_pretraining_candidate,remains_non_strict_U2,
20250305_01_04,True,True,False,True,auxiliary_pretraining_candidate,remains_non_strict_U2,
20250305_03_04,True,True,False,True,auxiliary_pretraining_candidate,remains_non_strict_U2,
20250305_07_11,True,True,False,True,auxiliary_pretraining_candidate,remains_non_strict_U2,
20250305_13_01,True,True,False,True,auxiliary_pretraining_candidate,remains_non_strict_U2,
20250305_13_03,True,True,False,True,auxiliary_pretraining_candidate,remains_non_strict_U2,
20250305_19_04,True,True,False,True,auxiliary_pretraining_candidate,remains_non_strict_U2,
20250306_01_09,True,True,False,True,auxiliary_pretraining_candidate,remains_non_strict_U2,
20250306_06_09,True,True,False,True,auxiliary_pretraining_candidate,remains_non_strict_U2,
20250306_15_03,True,True,False,True,auxiliary_pretraining_candidate,remains_non_strict_U2,
20250306_15_10,True,True,False,True,auxiliary_pretraining_candidate,remains_non_strict_U2,
20250306_21_07,True,True,False,True,auxiliary_pretraining_candidate,remains_non_strict_U2,
20250306_22_09,True,True,False,True,auxiliary_pretraining_candidate,remains_non_strict_U2,
20250307_01_12,True,True,False,True,auxiliary_pretraining_candidate,remains_non_strict_U2,
20250307_04_04,True,True,False,True,auxiliary_pretraining_candidate,remains_non_strict_U2,
20250307_04_05,True,True,False,True,auxiliary_pretraining_candidate,remains_non_strict_U2,
20250307_06_12,True,True,False,True,auxiliary_pretraining_candidate,remains_non_strict_U2,
20250307_13_03,True,True,False,True,auxiliary_pretraining_candidate,remains_non_strict_U2,
20250307_15_01,True,True,False,True,auxiliary_pretraining_candidate,remains_non_strict_U2,
20250307_17_10,True,True,False,True,auxiliary_pretraining_candidate,remains_non_strict_U2,
20250307_19_04,True,True,False,True,auxiliary_pretraining_candidate,remains_non_strict_U2,
20250307_21_08,True,True,False,True,auxiliary_pretraining_candidate,remains_non_strict_U2,
20250307_22_06,True,True,False,True,auxiliary_pretraining_candidate,remains_non_strict_U2,
20250307_22_12,True,True,False,True,auxiliary_pretraining_candidate,remains_non_strict_U2,
20250308_01_01,True,True,False,True,auxiliary_pretraining_candidate,remains_non_strict_U2,
20250308_05_08,True,True,False,True,auxiliary_pretraining_candidate,remains_non_strict_U2,
20250308_13_02,True,True,False,True,auxiliary_pretraining_candidate,remains_non_strict_U2,
20250308_13_06,True,True,False,True,auxiliary_pretraining_candidate,remains_non_strict_U2,
20250308_15_04,True,True,False,True,auxiliary_pretraining_candidate,remains_non_strict_U2,
20250308_15_08,True,True,False,True,auxiliary_pretraining_candidate,remains_non_strict_U2,
20250309_04_08,True,True,False,True,auxiliary_pretraining_candidate,remains_non_strict_U2,
20250309_05_11,True,True,False,True,auxiliary_pretraining_candidate,remains_non_strict_U2,
20250309_06_12,True,True,False,True,auxiliary_pretraining_candidate,remains_non_strict_U2,
20250309_07_10,True,True,False,True,auxiliary_pretraining_candidate,remains_non_strict_U2,
20250309_12_01,True,True,False,True,auxiliary_pretraining_candidate,remains_non_strict_U2,
20250309_16_08,True,True,False,True,auxiliary_pretraining_candidate,remains_non_strict_U2,
20250309_17_02,True,True,False,True,auxiliary_pretraining_candidate,remains_non_strict_U2,
20250309_17_12,True,True,False,True,auxiliary_pretraining_candidate,remains_non_strict_U2,
20250309_19_07,True,True,False,True,auxiliary_pretraining_candidate,remains_non_strict_U2,
20250310_02_12,True,True,False,True,auxiliary_pretraining_candidate,remains_non_strict_U2,
20250310_04_05,True,True,False,True,auxiliary_pretraining_candidate,remains_non_strict_U2,
20250310_04_06,True,True,False,True,auxiliary_pretraining_candidate,remains_non_strict_U2,
20250310_05_10,True,True,False,True,auxiliary_pretraining_candidate,remains_non_strict_U2,
20250310_07_10,True,True,False,True,auxiliary_pretraining_candidate,remains_non_strict_U2,
20250310_15_07,True,True,False,True,auxiliary_pretraining_candidate,remains_non_strict_U2,
20250310_16_06,True,True,False,True,auxiliary_pretraining_candidate,remains_non_strict_U2,
20250310_19_01,True,True,False,True,auxiliary_pretraining_candidate,remains_non_strict_U2,
20250310_19_05,True,True,False,True,auxiliary_pretraining_candidate,remains_non_strict_U2,
20250311_03_06,True,True,False,True,auxiliary_pretraining_candidate,remains_non_strict_U2,
20250311_08_03,True,True,False,True,auxiliary_pretraining_candidate,remains_non_strict_U2,
20250311_08_09,True,True,False,True,auxiliary_pretraining_candidate,remains_non_strict_U2,
20250311_15_02,True,True,False,True,auxiliary_pretraining_candidate,remains_non_strict_U2,
20250311_15_04,True,True,False,True,auxiliary_pretraining_candidate,remains_non_strict_U2,
20250311_24_10,True,True,False,True,auxiliary_pretraining_candidate,remains_non_strict_U2,
20250311_24_12,True,True,False,True,auxiliary_pretraining_candidate,remains_non_strict_U2,
20250312_03_03,True,True,False,True,auxiliary_pretraining_candidate,remains_non_strict_U2,
20250312_03_06,True,True,False,True,auxiliary_pretraining_candidate,remains_non_strict_U2,
20250312_10_08,True,True,False,True,auxiliary_pretraining_candidate,remains_non_strict_U2,
20250312_11_09,True,True,False,True,auxiliary_pretraining_candidate,remains_non_strict_U2,
20250312_16_10,True,True,False,True,auxiliary_pretraining_candidate,remains_non_strict_U2,
20250312_17_06,True,True,False,True,auxiliary_pretraining_candidate,remains_non_strict_U2,
20250312_20_02,True,True,False,True,auxiliary_pretraining_candidate,remains_non_strict_U2,
20250312_24_04,True,True,False,True,auxiliary_pretraining_candidate,remains_non_strict_U2,
20250312_24_06,True,True,False,True,auxiliary_pretraining_candidate,remains_non_strict_U2,
20250313_03_01,True,True,False,True,auxiliary_pretraining_candidate,remains_non_strict_U2,
20250313_03_02,True,True,False,True,auxiliary_pretraining_candidate,remains_non_strict_U2,
20250313_03_04,True,True,False,True,auxiliary_pretraining_candidate,remains_non_strict_U2,
20250313_03_10,True,True,False,True,auxiliary_pretraining_candidate,remains_non_strict_U2,
20250313_06_03,True,True,False,True,auxiliary_pretraining_candidate,remains_non_strict_U2,
20250313_10_06,True,True,False,True,auxiliary_pretraining_candidate,remains_non_strict_U2,
20250313_11_02,True,True,False,True,auxiliary_pretraining_candidate,remains_non_strict_U2,
20250313_16_04,True,True,False,True,auxiliary_pretraining_candidate,remains_non_strict_U2,
20250313_22_05,True,True,False,True,auxiliary_pretraining_candidate,remains_non_strict_U2,
20250314_02_09,True,True,False,True,auxiliary_pretraining_candidate,remains_non_strict_U2,
20250314_03_05,True,True,False,True,auxiliary_pretraining_candidate,remains_non_strict_U2,
20250314_03_08,True,True,False,True,auxiliary_pretraining_candidate,remains_non_strict_U2,
20250314_03_12,True,True,False,True,auxiliary_pretraining_candidate,remains_non_strict_U2,
20250314_08_01,True,True,False,True,auxiliary_pretraining_candidate,remains_non_strict_U2,
20250314_10_04,True,True,False,True,auxiliary_pretraining_candidate,remains_non_strict_U2,
20250314_11_03,True,True,False,True,auxiliary_pretraining_candidate,remains_non_strict_U2,
20250314_13_09,True,True,False,True,auxiliary_pretraining_candidate,remains_non_strict_U2,
20250314_17_07,True,True,False,True,auxiliary_pretraining_candidate,remains_non_strict_U2,
20250314_17_10,True,True,False,True,auxiliary_pretraining_candidate,remains_non_strict_U2,
20250314_18_07,True,True,False,True,auxiliary_pretraining_candidate,remains_non_strict_U2,
20250314_20_05,True,True,False,True,auxiliary_pretraining_candidate,remains_non_strict_U2,
20250314_21_01,True,True,False,True,auxiliary_pretraining_candidate,remains_non_strict_U2,
20250314_22_07,True,True,False,True,auxiliary_pretraining_candidate,remains_non_strict_U2,
20250314_24_02,True,True,False,True,auxiliary_pretraining_candidate,remains_non_strict_U2,
20250314_24_10,True,True,False,True,auxiliary_pretraining_candidate,remains_non_strict_U2,
20250315_01_10,True,True,False,True,auxiliary_pretraining_candidate,remains_non_strict_U2,
20250315_02_04,True,True,False,True,auxiliary_pretraining_candidate,remains_non_strict_U2,
20250315_03_12,True,True,False,True,auxiliary_pretraining_candidate,remains_non_strict_U2,
20250315_06_11,True,True,False,True,auxiliary_pretraining_candidate,remains_non_strict_U2,
20250315_10_12,True,True,False,True,auxiliary_pretraining_candidate,remains_non_strict_U2,
20250315_12_01,True,True,False,True,auxiliary_pretraining_candidate,remains_non_strict_U2,
20250315_12_10,True,True,False,True,auxiliary_pretraining_candidate,remains_non_strict_U2,
20250315_12_11,True,True,False,True,auxiliary_pretraining_candidate,remains_non_strict_U2,
20250315_15_01,True,True,False,True,auxiliary_pretraining_candidate,remains_non_strict_U2,
20250315_15_12,True,True,False,True,auxiliary_pretraining_candidate,remains_non_strict_U2,
20250315_22_06,True,True,False,True,auxiliary_pretraining_candidate,remains_non_strict_U2,
20250315_22_12,True,True,False,True,auxiliary_pretraining_candidate,remains_non_strict_U2,
20250316_01_08,True,True,False,True,auxiliary_pretraining_candidate,remains_non_strict_U2,
20250316_04_09,True,True,False,True,auxiliary_pretraining_candidate,remains_non_strict_U2,
20250316_04_10,True,True,False,True,auxiliary_pretraining_candidate,remains_non_strict_U2,
20250316_06_03,True,True,False,True,auxiliary_pretraining_candidate,remains_non_strict_U2,
20250316_07_04,True,True,False,True,auxiliary_pretraining_candidate,remains_non_strict_U2,
20250316_11_01,True,True,False,True,auxiliary_pretraining_candidate,remains_non_strict_U2,
20250316_12_08,True,True,False,True,auxiliary_pretraining_candidate,remains_non_strict_U2,
20250316_12_11,True,True,False,True,auxiliary_pretraining_candidate,remains_non_strict_U2,
20250316_12_12,True,True,False,True,auxiliary_pretraining_candidate,remains_non_strict_U2,
20250316_15_12,True,True,False,True,auxiliary_pretraining_candidate,remains_non_strict_U2,
20250316_21_03,True,True,False,True,auxiliary_pretraining_candidate,remains_non_strict_U2,
20250316_21_05,True,True,False,True,auxiliary_pretraining_candidate,remains_non_strict_U2,
20250316_23_03,True,True,False,True,auxiliary_pretraining_candidate,remains_non_strict_U2,
20250317_12_02,True,True,False,True,auxiliary_pretraining_candidate,remains_non_strict_U2,
20250317_17_07,True,True,False,True,auxiliary_pretraining_candidate,remains_non_strict_U2,
20250317_20_07,True,True,False,True,auxiliary_pretraining_candidate,remains_non_strict_U2,
20250317_22_05,True,True,False,True,auxiliary_pretraining_candidate,remains_non_strict_U2,
20250318_04_11,True,True,False,True,auxiliary_pretraining_candidate,remains_non_strict_U2,
20250318_07_11,True,True,False,True,auxiliary_pretraining_candidate,remains_non_strict_U2,
20250318_09_02,True,True,False,True,auxiliary_pretraining_candidate,remains_non_strict_U2,
20250318_12_01,True,True,False,True,auxiliary_pretraining_candidate,remains_non_strict_U2,
20250318_13_12,True,True,False,True,auxiliary_pretraining_candidate,remains_non_strict_U2,
20250318_22_03,True,True,False,True,auxiliary_pretraining_candidate,remains_non_strict_U2,
20250318_23_03,True,True,False,True,auxiliary_pretraining_candidate,remains_non_strict_U2,
20250319_07_05,True,True,False,True,auxiliary_pretraining_candidate,remains_non_strict_U2,
20250319_12_06,True,True,False,True,auxiliary_pretraining_candidate,remains_non_strict_U2,
20250319_18_03,True,True,False,True,auxiliary_pretraining_candidate,remains_non_strict_U2,
20250319_20_04,True,True,False,True,auxiliary_pretraining_candidate,remains_non_strict_U2,
20250319_23_12,True,True,False,True,auxiliary_pretraining_candidate,remains_non_strict_U2,
20250320_04_05,True,True,False,True,auxiliary_pretraining_candidate,remains_non_strict_U2,
20250320_04_11,True,True,False,True,auxiliary_pretraining_candidate,remains_non_strict_U2,
20250320_05_12,True,True,False,True,auxiliary_pretraining_candidate,remains_non_strict_U2,
20250320_06_07,True,True,False,True,auxiliary_pretraining_candidate,remains_non_strict_U2,
20250320_09_01,True,True,False,True,auxiliary_pretraining_candidate,remains_non_strict_U2,
20250320_10_04,True,True,False,True,auxiliary_pretraining_candidate,remains_non_strict_U2,
20250320_10_09,True,True,False,True,auxiliary_pretraining_candidate,remains_non_strict_U2,
20250320_12_03,True,True,False,True,auxiliary_pretraining_candidate,remains_non_strict_U2,
20250320_13_05,True,True,False,True,auxiliary_pretraining_candidate,remains_non_strict_U2,
20250320_24_04,True,True,False,True,auxiliary_pretraining_candidate,remains_non_strict_U2,
20250321_09_08,True,True,False,True,auxiliary_pretraining_candidate,remains_non_strict_U2,
20250321_10_11,True,True,False,True,auxiliary_pretraining_candidate,remains_non_strict_U2,
20250321_13_05,True,True,False,True,auxiliary_pretraining_candidate,remains_non_strict_U2,
20250321_18_02,True,True,False,True,auxiliary_pretraining_candidate,remains_non_strict_U2,
20250321_20_06,True,True,False,True,auxiliary_pretraining_candidate,remains_non_strict_U2,
20250321_23_08,True,True,False,True,auxiliary_pretraining_candidate,remains_non_strict_U2,
20250322_02_07,True,True,False,True,auxiliary_pretraining_candidate,remains_non_strict_U2,
20250322_02_10,True,True,False,True,auxiliary_pretraining_candidate,remains_non_strict_U2,
20250322_02_12,True,True,False,True,auxiliary_pretraining_candidate,remains_non_strict_U2,
20250322_05_11,True,True,False,True,auxiliary_pretraining_candidate,remains_non_strict_U2,
20250322_08_09,True,True,False,True,auxiliary_pretraining_candidate,remains_non_strict_U2,
20250322_18_02,True,True,False,True,auxiliary_pretraining_candidate,remains_non_strict_U2,
20250322_18_08,True,True,False,True,auxiliary_pretraining_candidate,remains_non_strict_U2,
20250322_21_04,True,True,False,True,auxiliary_pretraining_candidate,remains_non_strict_U2,
20250322_24_04,True,True,False,True,auxiliary_pretraining_candidate,remains_non_strict_U2,
20250323_06_09,True,True,False,True,auxiliary_pretraining_candidate,remains_non_strict_U2,
20250323_22_05,True,True,False,True,auxiliary_pretraining_candidate,remains_non_strict_U2,
20250323_24_08,True,True,False,True,auxiliary_pretraining_candidate,remains_non_strict_U2,
20250324_22_04,True,True,False,True,auxiliary_pretraining_candidate,remains_non_strict_U2,
20250325_01_05,True,True,False,True,auxiliary_pretraining_candidate,remains_non_strict_U2,
20250325_02_01,True,True,False,True,auxiliary_pretraining_candidate,remains_non_strict_U2,
20250325_02_04,True,True,False,True,auxiliary_pretraining_candidate,remains_non_strict_U2,
20250325_02_10,True,True,False,True,auxiliary_pretraining_candidate,remains_non_strict_U2,
20250325_07_03,True,True,False,True,auxiliary_pretraining_candidate,remains_non_strict_U2,
20250325_08_11,True,True,False,True,auxiliary_pretraining_candidate,remains_non_strict_U2,
20250325_10_05,True,True,False,True,auxiliary_pretraining_candidate,remains_non_strict_U2,
20250325_10_09,True,True,False,True,auxiliary_pretraining_candidate,remains_non_strict_U2,
20250325_23_11,True,True,False,True,auxiliary_pretraining_candidate,remains_non_strict_U2,
20250326_07_12,True,True,False,True,auxiliary_pretraining_candidate,remains_non_strict_U2,
20250326_08_01,True,True,False,True,auxiliary_pretraining_candidate,remains_non_strict_U2,
20250326_09_05,True,True,False,True,auxiliary_pretraining_candidate,remains_non_strict_U2,
20250326_20_09,True,True,False,True,auxiliary_pretraining_candidate,remains_non_strict_U2,
20250326_20_11,True,True,False,True,auxiliary_pretraining_candidate,remains_non_strict_U2,
20250326_23_03,True,True,False,True,auxiliary_pretraining_candidate,remains_non_strict_U2,
20250326_23_08,True,True,False,True,auxiliary_pretraining_candidate,remains_non_strict_U2,
20250327_03_04,True,True,False,True,auxiliary_pretraining_candidate,remains_non_strict_U2,
20250327_04_08,True,True,False,True,auxiliary_pretraining_candidate,remains_non_strict_U2,
20250327_08_02,True,True,False,True,auxiliary_pretraining_candidate,remains_non_strict_U2,
20250327_09_07,True,True,False,True,auxiliary_pretraining_candidate,remains_non_strict_U2,
20250327_20_05,True,True,False,True,auxiliary_pretraining_candidate,remains_non_strict_U2,
20250327_22_04,True,True,False,True,auxiliary_pretraining_candidate,remains_non_strict_U2,
20250328_03_01,True,True,False,True,auxiliary_pretraining_candidate,remains_non_strict_U2,
20250328_04_01,True,True,False,True,auxiliary_pretraining_candidate,remains_non_strict_U2,
20250328_04_11,True,True,False,True,auxiliary_pretraining_candidate,remains_non_strict_U2,
20250328_07_07,True,True,False,True,auxiliary_pretraining_candidate,remains_non_strict_U2,
20250328_07_12,True,True,False,True,auxiliary_pretraining_candidate,remains_non_strict_U2,
20250328_09_03,True,True,False,True,auxiliary_pretraining_candidate,remains_non_strict_U2,
20250328_20_05,True,True,False,True,auxiliary_pretraining_candidate,remains_non_strict_U2,
20250328_23_12,True,True,False,True,auxiliary_pretraining_candidate,remains_non_strict_U2,
20250328_24_03,True,True,False,True,auxiliary_pretraining_candidate,remains_non_strict_U2,
20250329_04_12,True,True,False,True,auxiliary_pretraining_candidate,remains_non_strict_U2,
20250329_05_09,True,True,False,True,auxiliary_pretraining_candidate,remains_non_strict_U2,
20250329_06_09,True,True,False,True,auxiliary_pretraining_candidate,remains_non_strict_U2,
20250329_18_05,True,True,False,True,auxiliary_pretraining_candidate,remains_non_strict_U2,
20250329_18_09,True,True,False,True,auxiliary_pretraining_candidate,remains_non_strict_U2,
20250329_19_02,True,True,False,True,auxiliary_pretraining_candidate,remains_non_strict_U2,
20250329_20_11,True,True,False,True,auxiliary_pretraining_candidate,remains_non_strict_U2,
20250330_04_04,True,True,False,True,auxiliary_pretraining_candidate,remains_non_strict_U2,
20250330_04_06,True,True,False,True,auxiliary_pretraining_candidate,remains_non_strict_U2,
20250330_04_12,True,True,False,True,auxiliary_pretraining_candidate,remains_non_strict_U2,
20250330_05_08,True,True,False,True,auxiliary_pretraining_candidate,remains_non_strict_U2,
20250330_06_06,True,True,False,True,auxiliary_pretraining_candidate,remains_non_strict_U2,
20250330_08_08,True,True,False,True,auxiliary_pretraining_candidate,remains_non_strict_U2,
20250330_08_09,True,True,False,True,auxiliary_pretraining_candidate,remains_non_strict_U2,
20250330_17_11,True,True,False,True,auxiliary_pretraining_candidate,remains_non_strict_U2,
20250330_18_06,True,True,False,True,auxiliary_pretraining_candidate,remains_non_strict_U2,
20250330_18_07,True,True,False,True,auxiliary_pretraining_candidate,remains_non_strict_U2,
20250330_19_08,True,True,False,True,auxiliary_pretraining_candidate,remains_non_strict_U2,
20250330_20_02,True,True,False,True,auxiliary_pretraining_candidate,remains_non_strict_U2,
20250330_23_05,True,True,False,True,auxiliary_pretraining_candidate,remains_non_strict_U2,
20250331_02_04,True,True,False,True,auxiliary_pretraining_candidate,remains_non_strict_U2,
20250331_06_10,True,True,False,True,auxiliary_pretraining_candidate,remains_non_strict_U2,
20250331_15_04,True,True,False,True,auxiliary_pretraining_candidate,remains_non_strict_U2,
20250331_15_07,True,True,False,True,auxiliary_pretraining_candidate,remains_non_strict_U2,
20250331_15_10,True,True,False,True,auxiliary_pretraining_candidate,remains_non_strict_U2,
20250331_21_05,True,True,False,True,auxiliary_pretraining_candidate,remains_non_strict_U2,
20250331_21_07,True,True,False,True,auxiliary_pretraining_candidate,remains_non_strict_U2,
20250331_24_01,True,True,False,True,auxiliary_pretraining_candidate,remains_non_strict_U2,
20250331_24_09,True,True,False,True,auxiliary_pretraining_candidate,remains_non_strict_U2,
20250401_02_11,True,True,False,True,auxiliary_pretraining_candidate,remains_non_strict_U2,
20250401_10_02,True,True,False,True,auxiliary_pretraining_candidate,remains_non_strict_U2,
20250401_10_09,True,True,False,True,auxiliary_pretraining_candidate,remains_non_strict_U2,
20250401_12_09,True,True,False,True,auxiliary_pretraining_candidate,remains_non_strict_U2,
20250401_19_05,True,True,False,True,auxiliary_pretraining_candidate,remains_non_strict_U2,
20250401_19_08,True,True,False,True,auxiliary_pretraining_candidate,remains_non_strict_U2,
20250402_01_10,True,True,False,True,auxiliary_pretraining_candidate,remains_non_strict_U2,
20250402_06_11,True,True,False,True,auxiliary_pretraining_candidate,remains_non_strict_U2,
20250402_10_04,True,True,False,True,auxiliary_pretraining_candidate,remains_non_strict_U2,
20250402_18_06,True,True,False,True,auxiliary_pretraining_candidate,remains_non_strict_U2,
20250403_01_06,True,True,False,True,auxiliary_pretraining_candidate,remains_non_strict_U2,
20250403_01_12,True,True,False,True,auxiliary_pretraining_candidate,remains_non_strict_U2,
20250403_10_07,True,True,False,True,auxiliary_pretraining_candidate,remains_non_strict_U2,
20250403_13_08,True,True,False,True,auxiliary_pretraining_candidate,remains_non_strict_U2,
20250403_15_09,True,True,False,True,auxiliary_pretraining_candidate,remains_non_strict_U2,
20250403_17_10,True,True,False,True,auxiliary_pretraining_candidate,remains_non_strict_U2,
20250403_21_07,True,True,False,True,auxiliary_pretraining_candidate,remains_non_strict_U2,
20250404_01_01,True,True,False,True,auxiliary_pretraining_candidate,remains_non_strict_U2,
20250404_01_05,True,True,False,True,auxiliary_pretraining_candidate,remains_non_strict_U2,
20250404_02_08,True,True,False,True,auxiliary_pretraining_candidate,remains_non_strict_U2,
20250404_07_10,True,True,False,True,auxiliary_pretraining_candidate,remains_non_strict_U2,
20250404_09_10,True,True,False,True,auxiliary_pretraining_candidate,remains_non_strict_U2,
20250404_12_01,True,True,False,True,auxiliary_pretraining_candidate,remains_non_strict_U2,
20250404_17_11,True,True,False,True,auxiliary_pretraining_candidate,remains_non_strict_U2,
20250404_22_02,True,True,False,True,auxiliary_pretraining_candidate,remains_non_strict_U2,
20250404_22_04,True,True,False,True,auxiliary_pretraining_candidate,remains_non_strict_U2,
20250404_23_11,True,True,False,True,auxiliary_pretraining_candidate,remains_non_strict_U2,
20250405_04_02,True,True,False,True,auxiliary_pretraining_candidate,remains_non_strict_U2,
20250405_07_09,True,True,False,True,auxiliary_pretraining_candidate,remains_non_strict_U2,
20250405_13_11,True,True,False,True,auxiliary_pretraining_candidate,remains_non_strict_U2,
20250405_17_10,True,True,False,True,auxiliary_pretraining_candidate,remains_non_strict_U2,
20250406_01_01,True,True,False,True,auxiliary_pretraining_candidate,remains_non_strict_U2,
20250406_01_06,True,True,False,True,auxiliary_pretraining_candidate,remains_non_strict_U2,
20250406_04_08,True,True,False,True,auxiliary_pretraining_candidate,remains_non_strict_U2,
20250406_09_02,True,True,False,True,auxiliary_pretraining_candidate,remains_non_strict_U2,
20250406_20_10,True,True,False,True,auxiliary_pretraining_candidate,remains_non_strict_U2,
20250406_23_05,True,True,False,True,auxiliary_pretraining_candidate,remains_non_strict_U2,
20250406_23_11,True,True,False,True,auxiliary_pretraining_candidate,remains_non_strict_U2,
20250407_07_07,True,True,False,True,auxiliary_pretraining_candidate,remains_non_strict_U2,
20250407_08_02,True,True,False,True,auxiliary_pretraining_candidate,remains_non_strict_U2,
20250407_08_07,True,True,False,True,auxiliary_pretraining_candidate,remains_non_strict_U2,
20250407_15_08,True,True,False,True,auxiliary_pretraining_candidate,remains_non_strict_U2,
20250407_17_04,True,True,False,True,auxiliary_pretraining_candidate,remains_non_strict_U2,
20250407_19_01,True,True,False,True,auxiliary_pretraining_candidate,remains_non_strict_U2,
20250407_19_07,True,True,False,True,auxiliary_pretraining_candidate,remains_non_strict_U2,
20250407_22_06,True,True,False,True,auxiliary_pretraining_candidate,remains_non_strict_U2,
20250407_23_11,True,True,False,True,auxiliary_pretraining_candidate,remains_non_strict_U2,
20250407_23_12,True,True,False,True,auxiliary_pretraining_candidate,remains_non_strict_U2,
20250408_03_01,True,True,False,True,auxiliary_pretraining_candidate,remains_non_strict_U2,
20250408_08_02,True,True,False,True,auxiliary_pretraining_candidate,remains_non_strict_U2,
20250408_08_04,True,True,False,True,auxiliary_pretraining_candidate,remains_non_strict_U2,
20250408_14_06,True,True,False,True,auxiliary_pretraining_candidate,remains_non_strict_U2,
20250408_14_08,True,True,False,True,auxiliary_pretraining_candidate,remains_non_strict_U2,
20250408_14_12,True,True,False,True,auxiliary_pretraining_candidate,remains_non_strict_U2,
20250408_17_02,True,True,False,True,auxiliary_pretraining_candidate,remains_non_strict_U2,
20250408_17_05,True,True,False,True,auxiliary_pretraining_candidate,remains_non_strict_U2,
20250408_19_01,True,True,False,True,auxiliary_pretraining_candidate,remains_non_strict_U2,
20250408_19_11,True,True,False,True,auxiliary_pretraining_candidate,remains_non_strict_U2,
20250409_03_06,True,True,False,True,auxiliary_pretraining_candidate,remains_non_strict_U2,
20250409_03_08,True,True,False,True,auxiliary_pretraining_candidate,remains_non_strict_U2,
20250409_08_12,True,True,False,True,auxiliary_pretraining_candidate,remains_non_strict_U2,
20250409_13_04,True,True,False,True,auxiliary_pretraining_candidate,remains_non_strict_U2,
20250409_15_02,True,True,False,True,auxiliary_pretraining_candidate,remains_non_strict_U2,
20250409_19_09,True,True,False,True,auxiliary_pretraining_candidate,remains_non_strict_U2,
20250409_20_01,True,True,False,True,auxiliary_pretraining_candidate,remains_non_strict_U2,
20250409_24_05,True,True,False,True,auxiliary_pretraining_candidate,remains_non_strict_U2,
20250410_15_05,True,True,False,True,auxiliary_pretraining_candidate,remains_non_strict_U2,
20250410_15_07,True,True,False,True,auxiliary_pretraining_candidate,remains_non_strict_U2,
20250410_19_05,True,True,False,True,auxiliary_pretraining_candidate,remains_non_strict_U2,
20250410_19_10,True,True,False,True,auxiliary_pretraining_candidate,remains_non_strict_U2,
20250410_23_01,True,True,False,True,auxiliary_pretraining_candidate,remains_non_strict_U2,
20250410_24_04,True,True,False,True,auxiliary_pretraining_candidate,remains_non_strict_U2,
20250411_05_06,True,True,False,True,auxiliary_pretraining_candidate,remains_non_strict_U2,
20250411_08_12,True,True,False,True,auxiliary_pretraining_candidate,remains_non_strict_U2,
20250411_13_05,True,True,False,True,auxiliary_pretraining_candidate,remains_non_strict_U2,
20250411_21_08,True,True,False,True,auxiliary_pretraining_candidate,remains_non_strict_U2,
20250411_23_12,True,True,False,True,auxiliary_pretraining_candidate,remains_non_strict_U2,
20250411_24_10,True,True,False,True,auxiliary_pretraining_candidate,remains_non_strict_U2,
20250412_07_07,True,True,False,True,auxiliary_pretraining_candidate,remains_non_strict_U2,
20250412_08_02,True,True,False,True,auxiliary_pretraining_candidate,remains_non_strict_U2,
20250412_08_12,True,True,False,True,auxiliary_pretraining_candidate,remains_non_strict_U2,
20250412_15_04,True,True,False,True,auxiliary_pretraining_candidate,remains_non_strict_U2,
20250412_20_02,True,True,False,True,auxiliary_pretraining_candidate,remains_non_strict_U2,
20250412_20_12,True,True,False,True,auxiliary_pretraining_candidate,remains_non_strict_U2,
20250412_21_04,True,True,False,True,auxiliary_pretraining_candidate,remains_non_strict_U2,
20250413_02_03,True,True,False,True,auxiliary_pretraining_candidate,remains_non_strict_U2,
20250413_15_10,True,True,False,True,auxiliary_pretraining_candidate,remains_non_strict_U2,
20250413_22_10,True,True,False,True,auxiliary_pretraining_candidate,remains_non_strict_U2,
20250413_23_09,True,True,False,True,auxiliary_pretraining_candidate,remains_non_strict_U2,
20250414_02_12,True,True,False,True,auxiliary_pretraining_candidate,remains_non_strict_U2,
20250414_04_03,True,True,False,True,auxiliary_pretraining_candidate,remains_non_strict_U2,
20250414_07_08,True,True,False,True,auxiliary_pretraining_candidate,remains_non_strict_U2,
20250414_09_02,True,True,False,True,auxiliary_pretraining_candidate,remains_non_strict_U2,
20250414_12_06,True,True,False,True,auxiliary_pretraining_candidate,remains_non_strict_U2,
20250414_22_04,True,True,False,True,auxiliary_pretraining_candidate,remains_non_strict_U2,
20250414_24_02,True,True,False,True,auxiliary_pretraining_candidate,remains_non_strict_U2,
20250415_04_06,True,True,False,True,auxiliary_pretraining_candidate,remains_non_strict_U2,
20250415_09_05,True,True,False,True,auxiliary_pretraining_candidate,remains_non_strict_U2,
20250415_09_10,True,True,False,True,auxiliary_pretraining_candidate,remains_non_strict_U2,
20250415_09_12,True,True,False,True,auxiliary_pretraining_candidate,remains_non_strict_U2,
20250415_10_09,True,True,False,True,auxiliary_pretraining_candidate,remains_non_strict_U2,
20250415_22_01,True,True,False,True,auxiliary_pretraining_candidate,remains_non_strict_U2,
20250415_22_08,True,True,False,True,auxiliary_pretraining_candidate,remains_non_strict_U2,
20250416_04_01,True,True,False,True,auxiliary_pretraining_candidate,remains_non_strict_U2,
20250416_04_08,True,True,False,True,auxiliary_pretraining_candidate,remains_non_strict_U2,
20250416_04_11,True,True,False,True,auxiliary_pretraining_candidate,remains_non_strict_U2,
20250416_06_01,True,True,False,True,auxiliary_pretraining_candidate,remains_non_strict_U2,
20250416_06_10,True,True,False,True,auxiliary_pretraining_candidate,remains_non_strict_U2,
20250416_10_08,True,True,False,True,auxiliary_pretraining_candidate,remains_non_strict_U2,
20250416_12_01,True,True,False,True,auxiliary_pretraining_candidate,remains_non_strict_U2,
20250416_12_04,True,True,False,True,auxiliary_pretraining_candidate,remains_non_strict_U2,
20250416_15_11,True,True,False,True,auxiliary_pretraining_candidate,remains_non_strict_U2,
20250416_17_08,True,True,False,True,auxiliary_pretraining_candidate,remains_non_strict_U2,
20250416_18_03,True,True,False,True,auxiliary_pretraining_candidate,remains_non_strict_U2,
20250416_18_04,True,True,False,True,auxiliary_pretraining_candidate,remains_non_strict_U2,
20250417_04_07,True,True,False,True,auxiliary_pretraining_candidate,remains_non_strict_U2,
20250417_06_04,True,True,False,True,auxiliary_pretraining_candidate,remains_non_strict_U2,
20250417_15_12,True,True,False,True,auxiliary_pretraining_candidate,remains_non_strict_U2,
20250417_24_10,True,True,False,True,auxiliary_pretraining_candidate,remains_non_strict_U2,
20250418_05_04,True,True,False,True,auxiliary_pretraining_candidate,remains_non_strict_U2,
20250418_06_12,True,True,False,True,auxiliary_pretraining_candidate,remains_non_strict_U2,
20250418_07_06,True,True,False,True,auxiliary_pretraining_candidate,remains_non_strict_U2,
20250418_10_05,True,True,False,True,auxiliary_pretraining_candidate,remains_non_strict_U2,
20250418_10_08,True,True,False,True,auxiliary_pretraining_candidate,remains_non_strict_U2,
20250418_18_06,True,True,False,True,auxiliary_pretraining_candidate,remains_non_strict_U2,
20250418_20_02,True,True,False,True,auxiliary_pretraining_candidate,remains_non_strict_U2,
20250418_22_12,True,True,False,True,auxiliary_pretraining_candidate,remains_non_strict_U2,
20250418_24_02,True,True,False,True,auxiliary_pretraining_candidate,remains_non_strict_U2,
20250419_02_12,True,True,False,True,auxiliary_pretraining_candidate,remains_non_strict_U2,
20250419_05_06,True,True,False,True,auxiliary_pretraining_candidate,remains_non_strict_U2,
20250419_06_03,True,True,False,True,auxiliary_pretraining_candidate,remains_non_strict_U2,
20250419_07_02,True,True,False,True,auxiliary_pretraining_candidate,remains_non_strict_U2,
20250419_08_02,True,True,False,True,auxiliary_pretraining_candidate,remains_non_strict_U2,
20250419_13_09,True,True,False,True,auxiliary_pretraining_candidate,remains_non_strict_U2,
20250419_13_11,True,True,False,True,auxiliary_pretraining_candidate,remains_non_strict_U2,
20250419_20_06,True,True,False,True,auxiliary_pretraining_candidate,remains_non_strict_U2,
20250419_23_05,True,True,False,True,auxiliary_pretraining_candidate,remains_non_strict_U2,
20250420_02_06,True,True,False,True,auxiliary_pretraining_candidate,remains_non_strict_U2,
20250420_05_10,True,True,False,True,auxiliary_pretraining_candidate,remains_non_strict_U2,
20250420_06_12,True,True,False,True,auxiliary_pretraining_candidate,remains_non_strict_U2,
20250420_07_05,True,True,False,True,auxiliary_pretraining_candidate,remains_non_strict_U2,
20250420_08_04,True,True,False,True,auxiliary_pretraining_candidate,remains_non_strict_U2,
20250420_15_04,True,True,False,True,auxiliary_pretraining_candidate,remains_non_strict_U2,
20250420_15_10,True,True,False,True,auxiliary_pretraining_candidate,remains_non_strict_U2,
20250420_18_06,True,True,False,True,auxiliary_pretraining_candidate,remains_non_strict_U2,
20250420_20_06,True,True,False,True,auxiliary_pretraining_candidate,remains_non_strict_U2,
20250421_04_03,True,True,False,True,auxiliary_pretraining_candidate,remains_non_strict_U2,
20250421_04_08,True,True,False,True,auxiliary_pretraining_candidate,remains_non_strict_U2,
20250421_05_12,True,True,False,True,auxiliary_pretraining_candidate,remains_non_strict_U2,
20250421_08_05,True,True,False,True,auxiliary_pretraining_candidate,remains_non_strict_U2,
20250421_08_11,True,True,False,True,auxiliary_pretraining_candidate,remains_non_strict_U2,
20250421_09_12,True,True,False,True,auxiliary_pretraining_candidate,remains_non_strict_U2,
20250421_10_01,True,True,False,True,auxiliary_pretraining_candidate,remains_non_strict_U2,
20250421_13_08,True,True,False,True,auxiliary_pretraining_candidate,remains_non_strict_U2,
20250421_13_12,True,True,False,True,auxiliary_pretraining_candidate,remains_non_strict_U2,
20250421_15_04,True,True,False,True,auxiliary_pretraining_candidate,remains_non_strict_U2,
20250421_15_09,True,True,False,True,auxiliary_pretraining_candidate,remains_non_strict_U2,
20250421_15_11,True,True,False,True,auxiliary_pretraining_candidate,remains_non_strict_U2,
20250421_20_03,True,True,False,True,auxiliary_pretraining_candidate,remains_non_strict_U2,
20250422_23_05,True,True,False,True,auxiliary_pretraining_candidate,remains_non_strict_U2,
20250422_23_11,True,True,False,True,auxiliary_pretraining_candidate,remains_non_strict_U2,
20250423_01_02,True,True,False,True,auxiliary_pretraining_candidate,remains_non_strict_U2,
20250423_04_03,True,True,False,True,auxiliary_pretraining_candidate,remains_non_strict_U2,
20250423_09_10,True,True,False,True,auxiliary_pretraining_candidate,remains_non_strict_U2,
20250423_17_02,True,True,False,True,auxiliary_pretraining_candidate,remains_non_strict_U2,
20250423_24_05,True,True,False,True,auxiliary_pretraining_candidate,remains_non_strict_U2,
20250424_02_01,True,True,False,True,auxiliary_pretraining_candidate,remains_non_strict_U2,
20250424_03_05,True,True,False,True,auxiliary_pretraining_candidate,remains_non_strict_U2,
20250424_03_11,True,True,False,True,auxiliary_pretraining_candidate,remains_non_strict_U2,
20250424_04_02,True,True,False,True,auxiliary_pretraining_candidate,remains_non_strict_U2,
20250424_04_10,True,True,False,True,auxiliary_pretraining_candidate,remains_non_strict_U2,
20250424_06_12,True,True,False,True,auxiliary_pretraining_candidate,remains_non_strict_U2,
20250425_03_05,True,True,False,True,auxiliary_pretraining_candidate,remains_non_strict_U2,
20250425_06_01,True,True,False,True,auxiliary_pretraining_candidate,remains_non_strict_U2,
20250425_10_09,True,True,False,True,auxiliary_pretraining_candidate,remains_non_strict_U2,
20250425_13_12,True,True,False,True,auxiliary_pretraining_candidate,remains_non_strict_U2,
20250425_17_04,True,True,False,True,auxiliary_pretraining_candidate,remains_non_strict_U2,
20250425_20_01,True,True,False,True,auxiliary_pretraining_candidate,remains_non_strict_U2,
20250425_20_06,True,True,False,True,auxiliary_pretraining_candidate,remains_non_strict_U2,
20250425_22_06,True,True,False,True,auxiliary_pretraining_candidate,remains_non_strict_U2,
20250425_22_07,True,True,False,True,auxiliary_pretraining_candidate,remains_non_strict_U2,
20250426_03_06,True,True,False,True,auxiliary_pretraining_candidate,remains_non_strict_U2,
20250426_06_02,True,True,False,True,auxiliary_pretraining_candidate,remains_non_strict_U2,
20250426_13_02,True,True,False,True,auxiliary_pretraining_candidate,remains_non_strict_U2,
20250426_14_04,True,True,False,True,auxiliary_pretraining_candidate,remains_non_strict_U2,
20250426_18_10,True,True,False,True,auxiliary_pretraining_candidate,remains_non_strict_U2,
20250426_20_01,True,True,False,True,auxiliary_pretraining_candidate,remains_non_strict_U2,
20250426_21_02,True,True,False,True,auxiliary_pretraining_candidate,remains_non_strict_U2,
20250426_21_11,True,True,False,True,auxiliary_pretraining_candidate,remains_non_strict_U2,
20250426_22_02,True,True,False,True,auxiliary_pretraining_candidate,remains_non_strict_U2,
20250427_04_10,True,True,False,True,auxiliary_pretraining_candidate,remains_non_strict_U2,
20250427_05_04,True,True,False,True,auxiliary_pretraining_candidate,remains_non_strict_U2,
20250427_08_07,True,True,False,True,auxiliary_pretraining_candidate,remains_non_strict_U2,
20250427_13_02,True,True,False,True,auxiliary_pretraining_candidate,remains_non_strict_U2,
20250427_14_08,True,True,False,True,auxiliary_pretraining_candidate,remains_non_strict_U2,
20250427_17_02,True,True,False,True,auxiliary_pretraining_candidate,remains_non_strict_U2,
20250427_18_09,True,True,False,True,auxiliary_pretraining_candidate,remains_non_strict_U2,
20250427_19_06,True,True,False,True,auxiliary_pretraining_candidate,remains_non_strict_U2,
20250427_20_05,True,True,False,True,auxiliary_pretraining_candidate,remains_non_strict_U2,
20250427_21_04,True,True,False,True,auxiliary_pretraining_candidate,remains_non_strict_U2,
20250428_03_01,True,True,False,True,auxiliary_pretraining_candidate,remains_non_strict_U2,
20250428_18_09,True,True,False,True,auxiliary_pretraining_candidate,remains_non_strict_U2,
20250428_20_02,True,True,False,True,auxiliary_pretraining_candidate,remains_non_strict_U2,
20250428_20_08,True,True,False,True,auxiliary_pretraining_candidate,remains_non_strict_U2,
20250428_22_12,True,True,False,True,auxiliary_pretraining_candidate,remains_non_strict_U2,
20250429_03_05,True,True,False,True,auxiliary_pretraining_candidate,remains_non_strict_U2,
20250429_03_12,True,True,False,True,auxiliary_pretraining_candidate,remains_non_strict_U2,
20250429_04_04,True,True,False,True,auxiliary_pretraining_candidate,remains_non_strict_U2,
20250429_06_08,True,True,False,True,auxiliary_pretraining_candidate,remains_non_strict_U2,
20250429_06_09,True,True,False,True,auxiliary_pretraining_candidate,remains_non_strict_U2,
20250429_07_02,True,True,False,True,auxiliary_pretraining_candidate,remains_non_strict_U2,
20250429_14_01,True,True,False,True,auxiliary_pretraining_candidate,remains_non_strict_U2,
20250429_14_12,True,True,False,True,auxiliary_pretraining_candidate,remains_non_strict_U2,
20250429_18_06,True,True,False,True,auxiliary_pretraining_candidate,remains_non_strict_U2,
20250430_05_10,True,True,False,True,auxiliary_pretraining_candidate,remains_non_strict_U2,
20250430_07_12,True,True,False,True,auxiliary_pretraining_candidate,remains_non_strict_U2,
20250430_17_02,True,True,False,True,auxiliary_pretraining_candidate,remains_non_strict_U2,
20250430_17_05,True,True,False,True,auxiliary_pretraining_candidate,remains_non_strict_U2,
20250430_18_06,True,True,False,True,auxiliary_pretraining_candidate,remains_non_strict_U2,
20250430_23_03,True,True,False,True,auxiliary_pretraining_candidate,remains_non_strict_U2,
20250430_23_11,True,True,False,True,auxiliary_pretraining_candidate,remains_non_strict_U2,
20250430_24_03,True,True,False,True,auxiliary_pretraining_candidate,remains_non_strict_U2,
20250501_01_07,True,True,False,True,auxiliary_pretraining_candidate,remains_non_strict_U2,
20250501_05_08,True,True,False,True,auxiliary_pretraining_candidate,remains_non_strict_U2,
20250501_07_10,True,True,False,True,auxiliary_pretraining_candidate,remains_non_strict_U2,
20250501_11_11,True,True,False,True,auxiliary_pretraining_candidate,remains_non_strict_U2,
20250501_15_07,True,True,False,True,auxiliary_pretraining_candidate,remains_non_strict_U2,
20250501_15_08,True,True,False,True,auxiliary_pretraining_candidate,remains_non_strict_U2,
20250501_23_06,True,True,False,True,auxiliary_pretraining_candidate,remains_non_strict_U2,
20250501_23_09,True,True,False,True,auxiliary_pretraining_candidate,remains_non_strict_U2,
20250501_24_12,True,True,False,True,auxiliary_pretraining_candidate,remains_non_strict_U2,
20250502_06_08,True,True,False,True,auxiliary_pretraining_candidate,remains_non_strict_U2,
20250502_06_09,True,True,False,True,auxiliary_pretraining_candidate,remains_non_strict_U2,
20250502_09_09,True,True,False,True,auxiliary_pretraining_candidate,remains_non_strict_U2,
20250502_12_03,True,True,False,True,auxiliary_pretraining_candidate,remains_non_strict_U2,
20250502_12_04,True,True,False,True,auxiliary_pretraining_candidate,remains_non_strict_U2,
20250502_12_11,True,True,False,True,auxiliary_pretraining_candidate,remains_non_strict_U2,
20250502_23_07,True,True,False,True,auxiliary_pretraining_candidate,remains_non_strict_U2,
20250502_23_11,True,True,False,True,auxiliary_pretraining_candidate,remains_non_strict_U2,
20250503_01_07,True,True,False,True,auxiliary_pretraining_candidate,remains_non_strict_U2,
20250503_04_03,True,True,False,True,auxiliary_pretraining_candidate,remains_non_strict_U2,
20250503_06_02,True,True,False,True,auxiliary_pretraining_candidate,remains_non_strict_U2,
20250503_13_05,True,True,False,True,auxiliary_pretraining_candidate,remains_non_strict_U2,
20250503_17_08,True,True,False,True,auxiliary_pretraining_candidate,remains_non_strict_U2,
20250503_21_05,True,True,False,True,auxiliary_pretraining_candidate,remains_non_strict_U2,
20250503_23_05,True,True,False,True,auxiliary_pretraining_candidate,remains_non_strict_U2,
20250503_23_11,True,True,False,True,auxiliary_pretraining_candidate,remains_non_strict_U2,
20250504_01_07,True,True,False,True,auxiliary_pretraining_candidate,remains_non_strict_U2,
20250504_02_03,True,True,False,True,auxiliary_pretraining_candidate,remains_non_strict_U2,
20250504_02_04,True,True,False,True,auxiliary_pretraining_candidate,remains_non_strict_U2,
20250504_04_08,True,True,False,True,auxiliary_pretraining_candidate,remains_non_strict_U2,
20250504_06_09,True,True,False,True,auxiliary_pretraining_candidate,remains_non_strict_U2,
20250504_06_10,True,True,False,True,auxiliary_pretraining_candidate,remains_non_strict_U2,
20250504_07_01,True,True,False,True,auxiliary_pretraining_candidate,remains_non_strict_U2,
20250504_08_05,True,True,False,True,auxiliary_pretraining_candidate,remains_non_strict_U2,
20250504_11_02,True,True,False,True,auxiliary_pretraining_candidate,remains_non_strict_U2,
20250504_12_03,True,True,False,True,auxiliary_pretraining_candidate,remains_non_strict_U2,
20250504_15_01,True,True,False,True,auxiliary_pretraining_candidate,remains_non_strict_U2,
20250504_15_12,True,True,False,True,auxiliary_pretraining_candidate,remains_non_strict_U2,
20250504_17_04,True,True,False,True,auxiliary_pretraining_candidate,remains_non_strict_U2,
20250504_22_01,True,True,False,True,auxiliary_pretraining_candidate,remains_non_strict_U2,
20250504_22_08,True,True,False,True,auxiliary_pretraining_candidate,remains_non_strict_U2,
20250504_23_01,True,True,False,True,auxiliary_pretraining_candidate,remains_non_strict_U2,
20250504_23_07,True,True,False,True,auxiliary_pretraining_candidate,remains_non_strict_U2,
20250505_01_09,True,True,False,True,auxiliary_pretraining_candidate,remains_non_strict_U2,
20250505_01_11,True,True,False,True,auxiliary_pretraining_candidate,remains_non_strict_U2,
20250505_02_01,True,True,False,True,auxiliary_pretraining_candidate,remains_non_strict_U2,
20250505_02_02,True,True,False,True,auxiliary_pretraining_candidate,remains_non_strict_U2,
20250505_04_02,True,True,False,True,auxiliary_pretraining_candidate,remains_non_strict_U2,
20250505_04_08,True,True,False,True,auxiliary_pretraining_candidate,remains_non_strict_U2,
20250505_06_07,True,True,False,True,auxiliary_pretraining_candidate,remains_non_strict_U2,
20250505_09_04,True,True,False,True,auxiliary_pretraining_candidate,remains_non_strict_U2,
20250505_09_08,True,True,False,True,auxiliary_pretraining_candidate,remains_non_strict_U2,
20250505_10_01,True,True,False,True,auxiliary_pretraining_candidate,remains_non_strict_U2,
20250505_10_04,True,True,False,True,auxiliary_pretraining_candidate,remains_non_strict_U2,
20250505_11_07,True,True,False,True,auxiliary_pretraining_candidate,remains_non_strict_U2,
20250505_12_08,True,True,False,True,auxiliary_pretraining_candidate,remains_non_strict_U2,
20250505_15_05,True,True,False,True,auxiliary_pretraining_candidate,remains_non_strict_U2,
20250505_17_11,True,True,False,True,auxiliary_pretraining_candidate,remains_non_strict_U2,
20250505_22_06,True,True,False,True,auxiliary_pretraining_candidate,remains_non_strict_U2,
20250506_01_12,True,True,False,True,auxiliary_pretraining_candidate,remains_non_strict_U2,
20250506_02_06,True,True,False,True,auxiliary_pretraining_candidate,remains_non_strict_U2,
20250506_06_04,True,True,False,True,auxiliary_pretraining_candidate,remains_non_strict_U2,
20250506_08_03,True,True,False,True,auxiliary_pretraining_candidate,remains_non_strict_U2,
20250506_08_06,True,True,False,True,auxiliary_pretraining_candidate,remains_non_strict_U2,
20250506_09_03,True,True,False,True,auxiliary_pretraining_candidate,remains_non_strict_U2,
20250506_12_11,True,True,False,True,auxiliary_pretraining_candidate,remains_non_strict_U2,
20250506_13_02,True,True,False,True,auxiliary_pretraining_candidate,remains_non_strict_U2,
20250506_13_05,True,True,False,True,auxiliary_pretraining_candidate,remains_non_strict_U2,
20250506_14_06,True,True,False,True,auxiliary_pretraining_candidate,remains_non_strict_U2,
20250506_14_08,True,True,False,True,auxiliary_pretraining_candidate,remains_non_strict_U2,
20250506_15_01,True,True,False,True,auxiliary_pretraining_candidate,remains_non_strict_U2,
20250506_22_03,True,True,False,True,auxiliary_pretraining_candidate,remains_non_strict_U2,
20250507_03_08,True,True,False,True,auxiliary_pretraining_candidate,remains_non_strict_U2,
20250507_03_11,True,True,False,True,auxiliary_pretraining_candidate,remains_non_strict_U2,
20250507_08_10,True,True,False,True,auxiliary_pretraining_candidate,remains_non_strict_U2,
20250507_12_03,True,True,False,True,auxiliary_pretraining_candidate,remains_non_strict_U2,
20250507_13_08,True,True,False,True,auxiliary_pretraining_candidate,remains_non_strict_U2,
20250507_14_07,True,True,False,True,auxiliary_pretraining_candidate,remains_non_strict_U2,
20250507_16_10,True,True,False,True,auxiliary_pretraining_candidate,remains_non_strict_U2,
20250507_18_12,True,True,False,True,auxiliary_pretraining_candidate,remains_non_strict_U2,
20250507_22_01,True,True,False,True,auxiliary_pretraining_candidate,remains_non_strict_U2,
20250507_22_08,True,True,False,True,auxiliary_pretraining_candidate,remains_non_strict_U2,
20250508_03_10,True,True,False,True,auxiliary_pretraining_candidate,remains_non_strict_U2,
20250508_04_06,True,True,False,True,auxiliary_pretraining_candidate,remains_non_strict_U2,
20250508_05_07,True,True,False,True,auxiliary_pretraining_candidate,remains_non_strict_U2,
20250508_05_12,True,True,False,True,auxiliary_pretraining_candidate,remains_non_strict_U2,
20250508_07_11,True,True,False,True,auxiliary_pretraining_candidate,remains_non_strict_U2,
20250508_19_03,True,True,False,True,auxiliary_pretraining_candidate,remains_non_strict_U2,
20250508_19_08,True,True,False,True,auxiliary_pretraining_candidate,remains_non_strict_U2,
20250508_19_10,True,True,False,True,auxiliary_pretraining_candidate,remains_non_strict_U2,
20250508_20_10,True,True,False,True,auxiliary_pretraining_candidate,remains_non_strict_U2,
20250508_23_12,True,True,False,True,auxiliary_pretraining_candidate,remains_non_strict_U2,
20250509_02_09,True,True,False,True,auxiliary_pretraining_candidate,remains_non_strict_U2,
20250509_02_12,True,True,False,True,auxiliary_pretraining_candidate,remains_non_strict_U2,
20250509_05_03,True,True,False,True,auxiliary_pretraining_candidate,remains_non_strict_U2,
20250509_09_01,True,True,False,True,auxiliary_pretraining_candidate,remains_non_strict_U2,
20250509_11_02,True,True,False,True,auxiliary_pretraining_candidate,remains_non_strict_U2,
20250509_11_09,True,True,False,True,auxiliary_pretraining_candidate,remains_non_strict_U2,
20250509_14_02,True,True,False,True,auxiliary_pretraining_candidate,remains_non_strict_U2,
20250510_02_01,True,True,False,True,auxiliary_pretraining_candidate,remains_non_strict_U2,
20250510_03_04,True,True,False,True,auxiliary_pretraining_candidate,remains_non_strict_U2,
20250510_07_12,True,True,False,True,auxiliary_pretraining_candidate,remains_non_strict_U2,
20250510_16_05,True,True,False,True,auxiliary_pretraining_candidate,remains_non_strict_U2,
20250510_16_11,True,True,False,True,auxiliary_pretraining_candidate,remains_non_strict_U2,
20250510_18_08,True,True,False,True,auxiliary_pretraining_candidate,remains_non_strict_U2,
20250510_18_09,True,True,False,True,auxiliary_pretraining_candidate,remains_non_strict_U2,
20250510_24_12,True,True,False,True,auxiliary_pretraining_candidate,remains_non_strict_U2,
20250511_02_04,True,True,False,True,auxiliary_pretraining_candidate,remains_non_strict_U2,
20250511_03_01,True,True,False,True,auxiliary_pretraining_candidate,remains_non_strict_U2,
20250511_03_12,True,True,False,True,auxiliary_pretraining_candidate,remains_non_strict_U2,
20250511_09_11,True,True,False,True,auxiliary_pretraining_candidate,remains_non_strict_U2,
20250511_11_06,True,True,False,True,auxiliary_pretraining_candidate,remains_non_strict_U2,
20250511_11_11,True,True,False,True,auxiliary_pretraining_candidate,remains_non_strict_U2,
20250511_13_08,True,True,False,True,auxiliary_pretraining_candidate,remains_non_strict_U2,
20250511_18_06,True,True,False,True,auxiliary_pretraining_candidate,remains_non_strict_U2,
20250511_23_07,True,True,False,True,auxiliary_pretraining_candidate,remains_non_strict_U2,
20250512_04_08,True,True,False,True,auxiliary_pretraining_candidate,remains_non_strict_U2,
20250512_04_11,True,True,False,True,auxiliary_pretraining_candidate,remains_non_strict_U2,
20250512_11_06,True,True,False,True,auxiliary_pretraining_candidate,remains_non_strict_U2,
20250512_17_08,True,True,False,True,auxiliary_pretraining_candidate,remains_non_strict_U2,
20250512_18_05,True,True,False,True,auxiliary_pretraining_candidate,remains_non_strict_U2,
20250513_04_04,True,True,False,True,auxiliary_pretraining_candidate,remains_non_strict_U2,
20250513_08_11,True,True,False,True,auxiliary_pretraining_candidate,remains_non_strict_U2,
20250513_09_03,True,True,False,True,auxiliary_pretraining_candidate,remains_non_strict_U2,
20250513_09_08,True,True,False,True,auxiliary_pretraining_candidate,remains_non_strict_U2,
20250513_10_06,True,True,False,True,auxiliary_pretraining_candidate,remains_non_strict_U2,
20250513_11_04,True,True,False,True,auxiliary_pretraining_candidate,remains_non_strict_U2,
20250513_11_07,True,True,False,True,auxiliary_pretraining_candidate,remains_non_strict_U2,
20250513_12_03,True,True,False,True,auxiliary_pretraining_candidate,remains_non_strict_U2,
20250513_12_06,True,True,False,True,auxiliary_pretraining_candidate,remains_non_strict_U2,
20250513_17_10,True,True,False,True,auxiliary_pretraining_candidate,remains_non_strict_U2,
20250513_20_03,True,True,False,True,auxiliary_pretraining_candidate,remains_non_strict_U2,
20250514_04_09,True,True,False,True,auxiliary_pretraining_candidate,remains_non_strict_U2,
20250514_10_06,True,True,False,True,auxiliary_pretraining_candidate,remains_non_strict_U2,
20250514_11_08,True,True,False,True,auxiliary_pretraining_candidate,remains_non_strict_U2,
20250514_12_12,True,True,False,True,auxiliary_pretraining_candidate,remains_non_strict_U2,
20250514_16_07,True,True,False,True,auxiliary_pretraining_candidate,remains_non_strict_U2,
20250514_21_05,True,True,False,True,auxiliary_pretraining_candidate,remains_non_strict_U2,
20250514_24_01,True,True,False,True,auxiliary_pretraining_candidate,remains_non_strict_U2,
20250515_06_02,True,True,False,True,auxiliary_pretraining_candidate,remains_non_strict_U2,
20250515_08_12,True,True,False,True,auxiliary_pretraining_candidate,remains_non_strict_U2,
20250515_10_07,True,True,False,True,auxiliary_pretraining_candidate,remains_non_strict_U2,
20250515_20_03,True,True,False,True,auxiliary_pretraining_candidate,remains_non_strict_U2,
20250515_21_07,True,True,False,True,auxiliary_pretraining_candidate,remains_non_strict_U2,
20250516_04_08,True,True,False,True,auxiliary_pretraining_candidate,remains_non_strict_U2,
20250516_17_01,True,True,False,True,auxiliary_pretraining_candidate,remains_non_strict_U2,
20250516_17_10,True,True,False,True,auxiliary_pretraining_candidate,remains_non_strict_U2,
20250516_21_08,True,True,False,True,auxiliary_pretraining_candidate,remains_non_strict_U2,
20250517_01_02,True,True,False,True,auxiliary_pretraining_candidate,remains_non_strict_U2,
20250517_02_02,True,True,False,True,auxiliary_pretraining_candidate,remains_non_strict_U2,
20250517_06_06,True,True,False,True,auxiliary_pretraining_candidate,remains_non_strict_U2,
20250517_07_03,True,True,False,True,auxiliary_pretraining_candidate,remains_non_strict_U2,
20250517_08_01,True,True,False,True,auxiliary_pretraining_candidate,remains_non_strict_U2,
20250517_08_03,True,True,False,True,auxiliary_pretraining_candidate,remains_non_strict_U2,
20250517_09_02,True,True,False,True,auxiliary_pretraining_candidate,remains_non_strict_U2,
20250517_10_01,True,True,False,True,auxiliary_pretraining_candidate,remains_non_strict_U2,
20250517_10_02,True,True,False,True,auxiliary_pretraining_candidate,remains_non_strict_U2,
20250517_10_04,True,True,False,True,auxiliary_pretraining_candidate,remains_non_strict_U2,
20250517_12_06,True,True,False,True,auxiliary_pretraining_candidate,remains_non_strict_U2,
20250518_01_08,True,True,False,True,auxiliary_pretraining_candidate,remains_non_strict_U2,
20250518_06_08,True,True,False,True,auxiliary_pretraining_candidate,remains_non_strict_U2,
20250518_09_04,True,True,False,True,auxiliary_pretraining_candidate,remains_non_strict_U2,
20250518_10_07,True,True,False,True,auxiliary_pretraining_candidate,remains_non_strict_U2,
20250518_12_08,True,True,False,True,auxiliary_pretraining_candidate,remains_non_strict_U2,
20250518_16_05,True,True,False,True,auxiliary_pretraining_candidate,remains_non_strict_U2,
20250519_03_03,True,True,False,True,auxiliary_pretraining_candidate,remains_non_strict_U2,
20250519_03_05,True,True,False,True,auxiliary_pretraining_candidate,remains_non_strict_U2,
20250519_05_05,True,True,False,True,auxiliary_pretraining_candidate,remains_non_strict_U2,
20250519_09_09,True,True,False,True,auxiliary_pretraining_candidate,remains_non_strict_U2,
20250519_14_12,True,True,False,True,auxiliary_pretraining_candidate,remains_non_strict_U2,
20250519_15_06,True,True,False,True,auxiliary_pretraining_candidate,remains_non_strict_U2,
20250519_16_06,True,True,False,True,auxiliary_pretraining_candidate,remains_non_strict_U2,
20250519_18_01,True,True,False,True,auxiliary_pretraining_candidate,remains_non_strict_U2,
20250519_19_11,True,True,False,True,auxiliary_pretraining_candidate,remains_non_strict_U2,
20250519_23_03,True,True,False,True,auxiliary_pretraining_candidate,remains_non_strict_U2,
20250519_24_03,True,True,False,True,auxiliary_pretraining_candidate,remains_non_strict_U2,
20250520_01_11,True,True,False,True,auxiliary_pretraining_candidate,remains_non_strict_U2,
20250520_04_07,True,True,False,True,auxiliary_pretraining_candidate,remains_non_strict_U2,
20250520_06_06,True,True,False,True,auxiliary_pretraining_candidate,remains_non_strict_U2,
20250520_16_01,True,True,False,True,auxiliary_pretraining_candidate,remains_non_strict_U2,
20250520_16_06,True,True,False,True,auxiliary_pretraining_candidate,remains_non_strict_U2,
20250520_18_09,True,True,False,True,auxiliary_pretraining_candidate,remains_non_strict_U2,
20250521_01_07,True,True,False,True,auxiliary_pretraining_candidate,remains_non_strict_U2,
20250521_09_04,True,True,False,True,auxiliary_pretraining_candidate,remains_non_strict_U2,
20250521_09_11,True,True,False,True,auxiliary_pretraining_candidate,remains_non_strict_U2,
20250521_11_12,True,True,False,True,auxiliary_pretraining_candidate,remains_non_strict_U2,
20250521_13_05,True,True,False,True,auxiliary_pretraining_candidate,remains_non_strict_U2,
20250521_15_02,True,True,False,True,auxiliary_pretraining_candidate,remains_non_strict_U2,
20250521_17_03,True,True,False,True,auxiliary_pretraining_candidate,remains_non_strict_U2,
20250521_18_02,True,True,False,True,auxiliary_pretraining_candidate,remains_non_strict_U2,
20250521_18_10,True,True,False,True,auxiliary_pretraining_candidate,remains_non_strict_U2,
20250521_19_04,True,True,False,True,auxiliary_pretraining_candidate,remains_non_strict_U2,
20250521_19_06,True,True,False,True,auxiliary_pretraining_candidate,remains_non_strict_U2,
20250521_24_02,True,True,False,True,auxiliary_pretraining_candidate,remains_non_strict_U2,
20250521_24_08,True,True,False,True,auxiliary_pretraining_candidate,remains_non_strict_U2,
20250522_07_02,True,True,False,True,auxiliary_pretraining_candidate,remains_non_strict_U2,
20250522_08_11,True,True,False,True,auxiliary_pretraining_candidate,remains_non_strict_U2,
20250522_13_05,True,True,False,True,auxiliary_pretraining_candidate,remains_non_strict_U2,
20250522_19_01,True,True,False,True,auxiliary_pretraining_candidate,remains_non_strict_U2,
20250522_23_10,True,True,False,True,auxiliary_pretraining_candidate,remains_non_strict_U2,
20250522_23_12,True,True,False,True,auxiliary_pretraining_candidate,remains_non_strict_U2,
20250523_03_09,True,True,False,True,auxiliary_pretraining_candidate,remains_non_strict_U2,
20250523_04_11,True,True,False,True,auxiliary_pretraining_candidate,remains_non_strict_U2,
20250523_07_01,True,True,False,True,auxiliary_pretraining_candidate,remains_non_strict_U2,
20250523_07_05,True,True,False,True,auxiliary_pretraining_candidate,remains_non_strict_U2,
20250523_07_07,True,True,False,True,auxiliary_pretraining_candidate,remains_non_strict_U2,
20250523_08_06,True,True,False,True,auxiliary_pretraining_candidate,remains_non_strict_U2,
20250523_10_03,True,True,False,True,auxiliary_pretraining_candidate,remains_non_strict_U2,
20250523_17_10,True,True,False,True,auxiliary_pretraining_candidate,remains_non_strict_U2,
20250523_19_07,True,True,False,True,auxiliary_pretraining_candidate,remains_non_strict_U2,
20250523_19_08,True,True,False,True,auxiliary_pretraining_candidate,remains_non_strict_U2,
20250523_23_02,True,True,False,True,auxiliary_pretraining_candidate,remains_non_strict_U2,
20250523_23_03,True,True,False,True,auxiliary_pretraining_candidate,remains_non_strict_U2,
20250523_23_08,True,True,False,True,auxiliary_pretraining_candidate,remains_non_strict_U2,
20250523_23_09,True,True,False,True,auxiliary_pretraining_candidate,remains_non_strict_U2,
20250524_03_12,True,True,False,True,auxiliary_pretraining_candidate,remains_non_strict_U2,
20250524_04_05,True,True,False,True,auxiliary_pretraining_candidate,remains_non_strict_U2,
20250524_04_10,True,True,False,True,auxiliary_pretraining_candidate,remains_non_strict_U2,
20250524_07_03,True,True,False,True,auxiliary_pretraining_candidate,remains_non_strict_U2,
20250524_08_04,True,True,False,True,auxiliary_pretraining_candidate,remains_non_strict_U2,
20250524_10_02,True,True,False,True,auxiliary_pretraining_candidate,remains_non_strict_U2,
20250524_13_02,True,True,False,True,auxiliary_pretraining_candidate,remains_non_strict_U2,
20250524_13_12,True,True,False,True,auxiliary_pretraining_candidate,remains_non_strict_U2,
20250524_17_09,True,True,False,True,auxiliary_pretraining_candidate,remains_non_strict_U2,
20250524_18_04,True,True,False,True,auxiliary_pretraining_candidate,remains_non_strict_U2,
20250524_19_11,True,True,False,True,auxiliary_pretraining_candidate,remains_non_strict_U2,
20250524_20_10,True,True,False,True,auxiliary_pretraining_candidate,remains_non_strict_U2,
20250524_24_05,True,True,False,True,auxiliary_pretraining_candidate,remains_non_strict_U2,
20250525_01_08,True,True,False,True,auxiliary_pretraining_candidate,remains_non_strict_U2,
20250525_03_06,True,True,False,True,auxiliary_pretraining_candidate,remains_non_strict_U2,
20250525_07_03,True,True,False,True,auxiliary_pretraining_candidate,remains_non_strict_U2,
20250525_08_03,True,True,False,True,auxiliary_pretraining_candidate,remains_non_strict_U2,
20250525_12_01,True,True,False,True,auxiliary_pretraining_candidate,remains_non_strict_U2,
20250525_12_09,True,True,False,True,auxiliary_pretraining_candidate,remains_non_strict_U2,
20250525_13_05,True,True,False,True,auxiliary_pretraining_candidate,remains_non_strict_U2,
20250525_19_11,True,True,False,True,auxiliary_pretraining_candidate,remains_non_strict_U2,
20250525_20_06,True,True,False,True,auxiliary_pretraining_candidate,remains_non_strict_U2,
20250525_20_08,True,True,False,True,auxiliary_pretraining_candidate,remains_non_strict_U2,
20250526_01_08,True,True,False,True,auxiliary_pretraining_candidate,remains_non_strict_U2,
20250526_03_10,True,True,False,True,auxiliary_pretraining_candidate,remains_non_strict_U2,
20250526_05_03,True,True,False,True,auxiliary_pretraining_candidate,remains_non_strict_U2,
20250526_07_02,True,True,False,True,auxiliary_pretraining_candidate,remains_non_strict_U2,
20250526_08_08,True,True,False,True,auxiliary_pretraining_candidate,remains_non_strict_U2,
20250526_10_08,True,True,False,True,auxiliary_pretraining_candidate,remains_non_strict_U2,
20250526_10_12,True,True,False,True,auxiliary_pretraining_candidate,remains_non_strict_U2,
20250526_12_06,True,True,False,True,auxiliary_pretraining_candidate,remains_non_strict_U2,
20250526_13_07,True,True,False,True,auxiliary_pretraining_candidate,remains_non_strict_U2,
20250526_13_09,True,True,False,True,auxiliary_pretraining_candidate,remains_non_strict_U2,
20250526_20_01,True,True,False,True,auxiliary_pretraining_candidate,remains_non_strict_U2,
20250526_21_10,True,True,False,True,auxiliary_pretraining_candidate,remains_non_strict_U2,
20250527_01_06,True,True,False,True,auxiliary_pretraining_candidate,remains_non_strict_U2,
20250527_05_08,True,True,False,True,auxiliary_pretraining_candidate,remains_non_strict_U2,
20250527_12_09,True,True,False,True,auxiliary_pretraining_candidate,remains_non_strict_U2,
20250527_21_09,True,True,False,True,auxiliary_pretraining_candidate,remains_non_strict_U2,
20250528_05_10,True,True,False,True,auxiliary_pretraining_candidate,remains_non_strict_U2,
20250528_09_06,True,True,False,True,auxiliary_pretraining_candidate,remains_non_strict_U2,
20250528_15_11,True,True,False,True,auxiliary_pretraining_candidate,remains_non_strict_U2,
20250528_17_10,True,True,False,True,auxiliary_pretraining_candidate,remains_non_strict_U2,
20250528_17_12,True,True,False,True,auxiliary_pretraining_candidate,remains_non_strict_U2,
20250528_21_02,True,True,False,True,auxiliary_pretraining_candidate,remains_non_strict_U2,
20250528_21_05,True,True,False,True,auxiliary_pretraining_candidate,remains_non_strict_U2,
20250529_05_07,True,True,False,True,auxiliary_pretraining_candidate,remains_non_strict_U2,
20250529_11_08,True,True,False,True,auxiliary_pretraining_candidate,remains_non_strict_U2,
20250529_15_11,True,True,False,True,auxiliary_pretraining_candidate,remains_non_strict_U2,
20250529_16_07,True,True,False,True,auxiliary_pretraining_candidate,remains_non_strict_U2,
20250529_17_05,True,True,False,True,auxiliary_pretraining_candidate,remains_non_strict_U2,
20250529_19_06,True,True,False,True,auxiliary_pretraining_candidate,remains_non_strict_U2,
20250529_21_09,True,True,False,True,auxiliary_pretraining_candidate,remains_non_strict_U2,
20250529_23_01,True,True,False,True,auxiliary_pretraining_candidate,remains_non_strict_U2,
20250529_23_06,True,True,False,True,auxiliary_pretraining_candidate,remains_non_strict_U2,
20250529_23_10,True,True,False,True,auxiliary_pretraining_candidate,remains_non_strict_U2,
20250530_01_03,True,True,False,True,auxiliary_pretraining_candidate,remains_non_strict_U2,
20250530_02_04,True,True,False,True,auxiliary_pretraining_candidate,remains_non_strict_U2,
20250530_02_09,True,True,False,True,auxiliary_pretraining_candidate,remains_non_strict_U2,
20250530_19_01,True,True,False,True,auxiliary_pretraining_candidate,remains_non_strict_U2,
20250530_21_11,True,True,False,True,auxiliary_pretraining_candidate,remains_non_strict_U2,
20250530_23_05,True,True,False,True,auxiliary_pretraining_candidate,remains_non_strict_U2,
20250531_08_10,True,True,False,True,auxiliary_pretraining_candidate,remains_non_strict_U2,
20250531_15_10,True,True,False,True,auxiliary_pretraining_candidate,remains_non_strict_U2,
20250531_17_05,True,True,False,True,auxiliary_pretraining_candidate,remains_non_strict_U2,
20250531_19_08,True,True,False,True,auxiliary_pretraining_candidate,remains_non_strict_U2,
20250601_07_06,True,True,False,True,auxiliary_pretraining_candidate,remains_non_strict_U2,
20250601_08_09,True,True,False,True,auxiliary_pretraining_candidate,remains_non_strict_U2,
20250601_11_01,True,True,False,True,auxiliary_pretraining_candidate,remains_non_strict_U2,
20250601_11_03,True,True,False,True,auxiliary_pretraining_candidate,remains_non_strict_U2,
20250601_14_05,True,True,False,True,auxiliary_pretraining_candidate,remains_non_strict_U2,
20250601_14_06,True,True,False,True,auxiliary_pretraining_candidate,remains_non_strict_U2,
20250601_19_09,True,True,False,True,auxiliary_pretraining_candidate,remains_non_strict_U2,
20250602_06_02,True,True,False,True,auxiliary_pretraining_candidate,remains_non_strict_U2,
20250602_14_01,True,True,False,True,auxiliary_pretraining_candidate,remains_non_strict_U2,
20250603_02_01,True,True,False,True,auxiliary_pretraining_candidate,remains_non_strict_U2,
20250603_02_06,True,True,False,True,auxiliary_pretraining_candidate,remains_non_strict_U2,
20250603_07_09,True,True,False,True,auxiliary_pretraining_candidate,remains_non_strict_U2,
20250603_08_02,True,True,False,True,auxiliary_pretraining_candidate,remains_non_strict_U2,
20250603_10_04,True,True,False,True,auxiliary_pretraining_candidate,remains_non_strict_U2,
20250603_12_10,True,True,False,True,auxiliary_pretraining_candidate,remains_non_strict_U2,
20250603_13_11,True,True,False,True,auxiliary_pretraining_candidate,remains_non_strict_U2,
20250603_14_02,True,True,False,True,auxiliary_pretraining_candidate,remains_non_strict_U2,
20250603_16_04,True,True,False,True,auxiliary_pretraining_candidate,remains_non_strict_U2,
20250603_18_08,True,True,False,True,auxiliary_pretraining_candidate,remains_non_strict_U2,
20250603_18_09,True,True,False,True,auxiliary_pretraining_candidate,remains_non_strict_U2,
20250603_20_08,True,True,False,True,auxiliary_pretraining_candidate,remains_non_strict_U2,
20250603_24_06,True,True,False,True,auxiliary_pretraining_candidate,remains_non_strict_U2,
20250604_05_02,True,True,False,True,auxiliary_pretraining_candidate,remains_non_strict_U2,
20250604_07_07,True,True,False,True,auxiliary_pretraining_candidate,remains_non_strict_U2,
20250604_09_03,True,True,False,True,auxiliary_pretraining_candidate,remains_non_strict_U2,
20250604_10_02,True,True,False,True,auxiliary_pretraining_candidate,remains_non_strict_U2,
20250604_10_06,True,True,False,True,auxiliary_pretraining_candidate,remains_non_strict_U2,
20250604_11_04,True,True,False,True,auxiliary_pretraining_candidate,remains_non_strict_U2,
20250604_13_05,True,True,False,True,auxiliary_pretraining_candidate,remains_non_strict_U2,
20250604_18_10,True,True,False,True,auxiliary_pretraining_candidate,remains_non_strict_U2,
20250604_24_10,True,True,False,True,auxiliary_pretraining_candidate,remains_non_strict_U2,
20250605_05_08,True,True,False,True,auxiliary_pretraining_candidate,remains_non_strict_U2,
20250605_10_01,True,True,False,True,auxiliary_pretraining_candidate,remains_non_strict_U2,
20250605_13_07,True,True,False,True,auxiliary_pretraining_candidate,remains_non_strict_U2,
20250606_06_08,True,True,False,True,auxiliary_pretraining_candidate,remains_non_strict_U2,
20250606_07_04,True,True,False,True,auxiliary_pretraining_candidate,remains_non_strict_U2,
20250606_07_07,True,True,False,True,auxiliary_pretraining_candidate,remains_non_strict_U2,
20250606_10_05,True,True,False,True,auxiliary_pretraining_candidate,remains_non_strict_U2,
20250606_12_11,True,True,False,True,auxiliary_pretraining_candidate,remains_non_strict_U2,
20250606_12_12,True,True,False,True,auxiliary_pretraining_candidate,remains_non_strict_U2,
20250606_21_01,True,True,False,True,auxiliary_pretraining_candidate,remains_non_strict_U2,
20250606_21_11,True,True,False,True,auxiliary_pretraining_candidate,remains_non_strict_U2,
20250607_01_11,True,True,False,True,auxiliary_pretraining_candidate,remains_non_strict_U2,
20250607_03_06,True,True,False,True,auxiliary_pretraining_candidate,remains_non_strict_U2,
20250607_06_10,True,True,False,True,auxiliary_pretraining_candidate,remains_non_strict_U2,
20250607_13_02,True,True,False,True,auxiliary_pretraining_candidate,remains_non_strict_U2,
20250607_16_05,True,True,False,True,auxiliary_pretraining_candidate,remains_non_strict_U2,
20250607_20_01,True,True,False,True,auxiliary_pretraining_candidate,remains_non_strict_U2,
20250607_21_01,True,True,False,True,auxiliary_pretraining_candidate,remains_non_strict_U2,
20250607_23_12,True,True,False,True,auxiliary_pretraining_candidate,remains_non_strict_U2,
20250608_01_07,True,True,False,True,auxiliary_pretraining_candidate,remains_non_strict_U2,
20250608_02_05,True,True,False,True,auxiliary_pretraining_candidate,remains_non_strict_U2,
20250608_02_09,True,True,False,True,auxiliary_pretraining_candidate,remains_non_strict_U2,
20250608_06_07,True,True,False,True,auxiliary_pretraining_candidate,remains_non_strict_U2,
20250608_06_11,True,True,False,True,auxiliary_pretraining_candidate,remains_non_strict_U2,
20250608_09_02,True,True,False,True,auxiliary_pretraining_candidate,remains_non_strict_U2,
20250608_11_01,True,True,False,True,auxiliary_pretraining_candidate,remains_non_strict_U2,
20250608_11_07,True,True,False,True,auxiliary_pretraining_candidate,remains_non_strict_U2,
20250608_14_03,True,True,False,True,auxiliary_pretraining_candidate,remains_non_strict_U2,
20250608_22_05,True,True,False,True,auxiliary_pretraining_candidate,remains_non_strict_U2,
20250608_23_07,True,True,False,True,auxiliary_pretraining_candidate,remains_non_strict_U2,
20250608_23_12,True,True,False,True,auxiliary_pretraining_candidate,remains_non_strict_U2,
20250609_01_03,True,True,False,True,auxiliary_pretraining_candidate,remains_non_strict_U2,
20250609_03_03,True,True,False,True,auxiliary_pretraining_candidate,remains_non_strict_U2,
20250609_03_12,True,True,False,True,auxiliary_pretraining_candidate,remains_non_strict_U2,
20250609_04_12,True,True,False,True,auxiliary_pretraining_candidate,remains_non_strict_U2,
20250609_14_04,True,True,False,True,auxiliary_pretraining_candidate,remains_non_strict_U2,
20250609_14_09,True,True,False,True,auxiliary_pretraining_candidate,remains_non_strict_U2,
20250609_18_08,True,True,False,True,auxiliary_pretraining_candidate,remains_non_strict_U2,
20250609_18_12,True,True,False,True,auxiliary_pretraining_candidate,remains_non_strict_U2,
20250609_22_05,True,True,False,True,auxiliary_pretraining_candidate,remains_non_strict_U2,
20250609_24_10,True,True,False,True,auxiliary_pretraining_candidate,remains_non_strict_U2,
20250610_08_03,True,True,False,True,auxiliary_pretraining_candidate,remains_non_strict_U2,
20250610_09_05,True,True,False,True,auxiliary_pretraining_candidate,remains_non_strict_U2,
20250610_14_08,True,True,False,True,auxiliary_pretraining_candidate,remains_non_strict_U2,
20250610_15_08,True,True,False,True,auxiliary_pretraining_candidate,remains_non_strict_U2,
20250610_16_02,True,True,False,True,auxiliary_pretraining_candidate,remains_non_strict_U2,
20250610_16_04,True,True,False,True,auxiliary_pretraining_candidate,remains_non_strict_U2,
20250611_04_06,True,True,False,True,auxiliary_pretraining_candidate,remains_non_strict_U2,
20250611_04_10,True,True,False,True,auxiliary_pretraining_candidate,remains_non_strict_U2,
20250611_07_09,True,True,False,True,auxiliary_pretraining_candidate,remains_non_strict_U2,
20250611_09_01,True,True,False,True,auxiliary_pretraining_candidate,remains_non_strict_U2,
20250611_10_05,True,True,False,True,auxiliary_pretraining_candidate,remains_non_strict_U2,
20250611_15_10,True,True,False,True,auxiliary_pretraining_candidate,remains_non_strict_U2,
20250611_16_06,True,True,False,True,auxiliary_pretraining_candidate,remains_non_strict_U2,
20250611_22_01,True,True,False,True,auxiliary_pretraining_candidate,remains_non_strict_U2,
20250612_01_06,True,True,False,True,auxiliary_pretraining_candidate,remains_non_strict_U2,
20250612_04_05,True,True,False,True,auxiliary_pretraining_candidate,remains_non_strict_U2,
20250612_04_06,True,True,False,True,auxiliary_pretraining_candidate,remains_non_strict_U2,
20250612_07_01,True,True,False,True,auxiliary_pretraining_candidate,remains_non_strict_U2,
20250612_07_03,True,True,False,True,auxiliary_pretraining_candidate,remains_non_strict_U2,
20250612_09_01,True,True,False,True,auxiliary_pretraining_candidate,remains_non_strict_U2,
20250612_09_09,True,True,False,True,auxiliary_pretraining_candidate,remains_non_strict_U2,
20250612_18_04,True,True,False,True,auxiliary_pretraining_candidate,remains_non_strict_U2,
20250612_18_10,True,True,False,True,auxiliary_pretraining_candidate,remains_non_strict_U2,
20250612_22_03,True,True,False,True,auxiliary_pretraining_candidate,remains_non_strict_U2,
20250613_06_03,True,True,False,True,auxiliary_pretraining_candidate,remains_non_strict_U2,
20250613_08_06,True,True,False,True,auxiliary_pretraining_candidate,remains_non_strict_U2,
20250613_13_01,True,True,False,True,auxiliary_pretraining_candidate,remains_non_strict_U2,
20250613_20_01,True,True,False,True,auxiliary_pretraining_candidate,remains_non_strict_U2,
20250613_20_12,True,True,False,True,auxiliary_pretraining_candidate,remains_non_strict_U2,
20250614_19_09,True,True,False,True,auxiliary_pretraining_candidate,remains_non_strict_U2,
20250615_02_08,True,True,False,True,auxiliary_pretraining_candidate,remains_non_strict_U2,
20250615_11_09,True,True,False,True,auxiliary_pretraining_candidate,remains_non_strict_U2,
20250615_12_04,True,True,False,True,auxiliary_pretraining_candidate,remains_non_strict_U2,
20250615_14_09,True,True,False,True,auxiliary_pretraining_candidate,remains_non_strict_U2,
20250615_15_04,True,True,False,True,auxiliary_pretraining_candidate,remains_non_strict_U2,
20250615_17_02,True,True,False,True,auxiliary_pretraining_candidate,remains_non_strict_U2,
20250615_19_04,True,True,False,True,auxiliary_pretraining_candidate,remains_non_strict_U2,
20250615_19_05,True,True,False,True,auxiliary_pretraining_candidate,remains_non_strict_U2,
20250615_20_07,True,True,False,True,auxiliary_pretraining_candidate,remains_non_strict_U2,
20250615_20_09,True,True,False,True,auxiliary_pretraining_candidate,remains_non_strict_U2,
20250615_23_09,True,True,False,True,auxiliary_pretraining_candidate,remains_non_strict_U2,
20250616_03_03,True,True,False,True,auxiliary_pretraining_candidate,remains_non_strict_U2,
20250616_03_05,True,True,False,True,auxiliary_pretraining_candidate,remains_non_strict_U2,
20250616_05_09,True,True,False,True,auxiliary_pretraining_candidate,remains_non_strict_U2,
20250616_05_10,True,True,False,True,auxiliary_pretraining_candidate,remains_non_strict_U2,
20250616_07_05,True,True,False,True,auxiliary_pretraining_candidate,remains_non_strict_U2,
20250616_12_10,True,True,False,True,auxiliary_pretraining_candidate,remains_non_strict_U2,
20250616_19_01,True,True,False,True,auxiliary_pretraining_candidate,remains_non_strict_U2,
20250617_03_12,True,True,False,True,auxiliary_pretraining_candidate,remains_non_strict_U2,
20250617_06_05,True,True,False,True,auxiliary_pretraining_candidate,remains_non_strict_U2,
20250617_21_02,True,True,False,True,auxiliary_pretraining_candidate,remains_non_strict_U2,
20250617_21_03,True,True,False,True,auxiliary_pretraining_candidate,remains_non_strict_U2,
20250617_21_11,True,True,False,True,auxiliary_pretraining_candidate,remains_non_strict_U2,
20250618_04_03,True,True,False,True,auxiliary_pretraining_candidate,remains_non_strict_U2,
20250618_16_12,True,True,False,True,auxiliary_pretraining_candidate,remains_non_strict_U2,
20250618_21_01,True,True,False,True,auxiliary_pretraining_candidate,remains_non_strict_U2,
20250618_21_08,True,True,False,True,auxiliary_pretraining_candidate,remains_non_strict_U2,
20250619_01_06,True,True,False,True,auxiliary_pretraining_candidate,remains_non_strict_U2,
20250619_01_08,True,True,False,True,auxiliary_pretraining_candidate,remains_non_strict_U2,
20250619_10_02,True,True,False,True,auxiliary_pretraining_candidate,remains_non_strict_U2,
20250619_16_09,True,True,False,True,auxiliary_pretraining_candidate,remains_non_strict_U2,
20250619_21_03,True,True,False,True,auxiliary_pretraining_candidate,remains_non_strict_U2,
20250619_22_06,True,True,False,True,auxiliary_pretraining_candidate,remains_non_strict_U2,
20250620_04_08,True,True,False,True,auxiliary_pretraining_candidate,remains_non_strict_U2,
20250620_13_03,True,True,False,True,auxiliary_pretraining_candidate,remains_non_strict_U2,
20250620_14_08,True,True,False,True,auxiliary_pretraining_candidate,remains_non_strict_U2,
20250620_14_10,True,True,False,True,auxiliary_pretraining_candidate,remains_non_strict_U2,
20250620_17_04,True,True,False,True,auxiliary_pretraining_candidate,remains_non_strict_U2,
20250620_20_03,True,True,False,True,auxiliary_pretraining_candidate,remains_non_strict_U2,
20250620_21_06,True,True,False,True,auxiliary_pretraining_candidate,remains_non_strict_U2,
20250621_07_09,True,True,False,True,auxiliary_pretraining_candidate,remains_non_strict_U2,
20250621_07_12,True,True,False,True,auxiliary_pretraining_candidate,remains_non_strict_U2,
20250621_10_04,True,True,False,True,auxiliary_pretraining_candidate,remains_non_strict_U2,
20250621_13_11,True,True,False,True,auxiliary_pretraining_candidate,remains_non_strict_U2,
20250621_15_06,True,True,False,True,auxiliary_pretraining_candidate,remains_non_strict_U2,
20250621_15_11,True,True,False,True,auxiliary_pretraining_candidate,remains_non_strict_U2,
20250621_17_07,True,True,False,True,auxiliary_pretraining_candidate,remains_non_strict_U2,
20250621_18_07,True,True,False,True,auxiliary_pretraining_candidate,remains_non_strict_U2,
20250622_09_03,True,True,False,True,auxiliary_pretraining_candidate,remains_non_strict_U2,
20250622_18_04,True,True,False,True,auxiliary_pretraining_candidate,remains_non_strict_U2,
20250622_22_02,True,True,False,True,auxiliary_pretraining_candidate,remains_non_strict_U2,
20250622_22_07,True,True,False,True,auxiliary_pretraining_candidate,remains_non_strict_U2,
20250622_23_10,True,True,False,True,auxiliary_pretraining_candidate,remains_non_strict_U2,
20250622_24_07,True,True,False,True,auxiliary_pretraining_candidate,remains_non_strict_U2,
20250623_04_01,True,True,False,True,auxiliary_pretraining_candidate,remains_non_strict_U2,
20250623_07_01,True,True,False,True,auxiliary_pretraining_candidate,remains_non_strict_U2,
20250623_16_12,True,True,False,True,auxiliary_pretraining_candidate,remains_non_strict_U2,
20250623_23_03,True,True,False,True,auxiliary_pretraining_candidate,remains_non_strict_U2,
20250624_18_07,True,True,False,True,auxiliary_pretraining_candidate,remains_non_strict_U2,
20250624_19_08,True,True,False,True,auxiliary_pretraining_candidate,remains_non_strict_U2,
20250624_20_10,True,True,False,True,auxiliary_pretraining_candidate,remains_non_strict_U2,
20250624_22_04,True,True,False,True,auxiliary_pretraining_candidate,remains_non_strict_U2,
20250624_22_10,True,True,False,True,auxiliary_pretraining_candidate,remains_non_strict_U2,
20250624_24_03,True,True,False,True,auxiliary_pretraining_candidate,remains_non_strict_U2,
20250625_03_04,True,True,False,True,auxiliary_pretraining_candidate,remains_non_strict_U2,
20250625_09_02,True,True,False,True,auxiliary_pretraining_candidate,remains_non_strict_U2,
20250625_11_06,True,True,False,True,auxiliary_pretraining_candidate,remains_non_strict_U2,
20250625_13_04,True,True,False,True,auxiliary_pretraining_candidate,remains_non_strict_U2,
20250625_15_04,True,True,False,True,auxiliary_pretraining_candidate,remains_non_strict_U2,
20250626_01_02,True,True,False,True,auxiliary_pretraining_candidate,remains_non_strict_U2,
20250626_02_02,True,True,False,True,auxiliary_pretraining_candidate,remains_non_strict_U2,
20250626_09_07,True,True,False,True,auxiliary_pretraining_candidate,remains_non_strict_U2,
20250626_09_09,True,True,False,True,auxiliary_pretraining_candidate,remains_non_strict_U2,
20250626_12_11,True,True,False,True,auxiliary_pretraining_candidate,remains_non_strict_U2,
20250626_13_12,True,True,False,True,auxiliary_pretraining_candidate,remains_non_strict_U2,
20250626_15_06,True,True,False,True,auxiliary_pretraining_candidate,remains_non_strict_U2,
20250626_16_10,True,True,False,True,auxiliary_pretraining_candidate,remains_non_strict_U2,
20250626_19_02,True,True,False,True,auxiliary_pretraining_candidate,remains_non_strict_U2,
20250627_01_10,True,True,False,True,auxiliary_pretraining_candidate,remains_non_strict_U2,
20250627_03_07,True,True,False,True,auxiliary_pretraining_candidate,remains_non_strict_U2,
20250627_12_08,True,True,False,True,auxiliary_pretraining_candidate,remains_non_strict_U2,
20250627_19_12,True,True,False,True,auxiliary_pretraining_candidate,remains_non_strict_U2,
20250628_06_08,True,True,False,True,auxiliary_pretraining_candidate,remains_non_strict_U2,
20250628_08_07,True,True,False,True,auxiliary_pretraining_candidate,remains_non_strict_U2,
20250628_12_02,True,True,False,True,auxiliary_pretraining_candidate,remains_non_strict_U2,
20250628_13_04,True,True,False,True,auxiliary_pretraining_candidate,remains_non_strict_U2,
20250628_14_12,True,True,False,True,auxiliary_pretraining_candidate,remains_non_strict_U2,
20250628_16_06,True,True,False,True,auxiliary_pretraining_candidate,remains_non_strict_U2,
20250629_01_01,True,True,False,True,auxiliary_pretraining_candidate,remains_non_strict_U2,
20250629_01_03,True,True,False,True,auxiliary_pretraining_candidate,remains_non_strict_U2,
20250629_05_01,True,True,False,True,auxiliary_pretraining_candidate,remains_non_strict_U2,
20250629_09_04,True,True,False,True,auxiliary_pretraining_candidate,remains_non_strict_U2,
20250629_09_06,True,True,False,True,auxiliary_pretraining_candidate,remains_non_strict_U2,
20250629_12_11,True,True,False,True,auxiliary_pretraining_candidate,remains_non_strict_U2,
20250629_13_08,True,True,False,True,auxiliary_pretraining_candidate,remains_non_strict_U2,
20250629_15_05,True,True,False,True,auxiliary_pretraining_candidate,remains_non_strict_U2,
20250629_15_08,True,True,False,True,auxiliary_pretraining_candidate,remains_non_strict_U2,
20250629_15_12,True,True,False,True,auxiliary_pretraining_candidate,remains_non_strict_U2,
20250629_23_11,True,True,False,True,auxiliary_pretraining_candidate,remains_non_strict_U2,
20250630_09_05,True,True,False,True,auxiliary_pretraining_candidate,remains_non_strict_U2,
20250630_11_03,True,True,False,True,auxiliary_pretraining_candidate,remains_non_strict_U2,
20250630_23_10,True,True,False,True,auxiliary_pretraining_candidate,remains_non_strict_U2,
20250630_24_04,True,True,False,True,auxiliary_pretraining_candidate,remains_non_strict_U2,
20250630_24_12,True,True,False,True,auxiliary_pretraining_candidate,remains_non_strict_U2,
20250701_06_06,True,True,False,True,auxiliary_pretraining_candidate,remains_non_strict_U2,
20250701_08_08,True,True,False,True,auxiliary_pretraining_candidate,remains_non_strict_U2,
20250701_11_04,True,True,False,True,auxiliary_pretraining_candidate,remains_non_strict_U2,
20250701_16_08,True,True,False,True,auxiliary_pretraining_candidate,remains_non_strict_U2,
20250701_19_01,True,True,False,True,auxiliary_pretraining_candidate,remains_non_strict_U2,
20250701_20_04,True,True,False,True,auxiliary_pretraining_candidate,remains_non_strict_U2,
20250701_21_05,True,True,False,True,auxiliary_pretraining_candidate,remains_non_strict_U2,
20250702_16_11,True,True,False,True,auxiliary_pretraining_candidate,remains_non_strict_U2,
20250702_18_05,True,True,False,True,auxiliary_pretraining_candidate,remains_non_strict_U2,
20250702_19_05,True,True,False,True,auxiliary_pretraining_candidate,remains_non_strict_U2,
20250702_20_08,True,True,False,True,auxiliary_pretraining_candidate,remains_non_strict_U2,
20250702_21_07,True,True,False,True,auxiliary_pretraining_candidate,remains_non_strict_U2,
20250702_22_08,True,True,False,True,auxiliary_pretraining_candidate,remains_non_strict_U2,
20250702_23_06,True,True,False,True,auxiliary_pretraining_candidate,remains_non_strict_U2,
20250702_23_10,True,True,False,True,auxiliary_pretraining_candidate,remains_non_strict_U2,
20250702_24_01,True,True,False,True,auxiliary_pretraining_candidate,remains_non_strict_U2,
20250702_24_06,True,True,False,True,auxiliary_pretraining_candidate,remains_non_strict_U2,
20250703_04_03,True,True,False,True,auxiliary_pretraining_candidate,remains_non_strict_U2,
20250703_05_02,True,True,False,True,auxiliary_pretraining_candidate,remains_non_strict_U2,
20250703_05_03,True,True,False,True,auxiliary_pretraining_candidate,remains_non_strict_U2,
20250703_05_08,True,True,False,True,auxiliary_pretraining_candidate,remains_non_strict_U2,
20250703_07_08,True,True,False,True,auxiliary_pretraining_candidate,remains_non_strict_U2,
20250703_09_09,True,True,False,True,auxiliary_pretraining_candidate,remains_non_strict_U2,
20250703_11_04,True,True,False,True,auxiliary_pretraining_candidate,remains_non_strict_U2,
20250703_11_11,True,True,False,True,auxiliary_pretraining_candidate,remains_non_strict_U2,
20250703_12_11,True,True,False,True,auxiliary_pretraining_candidate,remains_non_strict_U2,
20250703_13_07,True,True,False,True,auxiliary_pretraining_candidate,remains_non_strict_U2,
20250703_19_03,True,True,False,True,auxiliary_pretraining_candidate,remains_non_strict_U2,
20250703_19_06,True,True,False,True,auxiliary_pretraining_candidate,remains_non_strict_U2,
20250703_19_10,True,True,False,True,auxiliary_pretraining_candidate,remains_non_strict_U2,
20250703_20_10,True,True,False,True,auxiliary_pretraining_candidate,remains_non_strict_U2,
20250704_07_01,True,True,False,True,auxiliary_pretraining_candidate,remains_non_strict_U2,
20250704_09_06,True,True,False,True,auxiliary_pretraining_candidate,remains_non_strict_U2,
20250704_09_11,True,True,False,True,auxiliary_pretraining_candidate,remains_non_strict_U2,
20250704_11_08,True,True,False,True,auxiliary_pretraining_candidate,remains_non_strict_U2,
20250704_12_03,True,True,False,True,auxiliary_pretraining_candidate,remains_non_strict_U2,
20250704_13_09,True,True,False,True,auxiliary_pretraining_candidate,remains_non_strict_U2,
20250704_16_01,True,True,False,True,auxiliary_pretraining_candidate,remains_non_strict_U2,
20250704_16_02,True,True,False,True,auxiliary_pretraining_candidate,remains_non_strict_U2,
20250704_19_02,True,True,False,True,auxiliary_pretraining_candidate,remains_non_strict_U2,
20250704_22_03,True,True,False,True,auxiliary_pretraining_candidate,remains_non_strict_U2,
20250704_22_12,True,True,False,True,auxiliary_pretraining_candidate,remains_non_strict_U2,
20250705_01_07,True,True,False,True,auxiliary_pretraining_candidate,remains_non_strict_U2,
20250705_01_10,True,True,False,True,auxiliary_pretraining_candidate,remains_non_strict_U2,
20250705_03_05,True,True,False,True,auxiliary_pretraining_candidate,remains_non_strict_U2,
20250705_03_09,True,True,False,True,auxiliary_pretraining_candidate,remains_non_strict_U2,
20250705_03_10,True,True,False,True,auxiliary_pretraining_candidate,remains_non_strict_U2,
20250705_04_08,True,True,False,True,auxiliary_pretraining_candidate,remains_non_strict_U2,
20250705_16_11,True,True,False,True,auxiliary_pretraining_candidate,remains_non_strict_U2,
20250705_19_04,True,True,False,True,auxiliary_pretraining_candidate,remains_non_strict_U2,
20250705_22_09,True,True,False,True,auxiliary_pretraining_candidate,remains_non_strict_U2,
20250705_22_10,True,True,False,True,auxiliary_pretraining_candidate,remains_non_strict_U2,
20250705_24_05,True,True,False,True,auxiliary_pretraining_candidate,remains_non_strict_U2,
20250706_02_05,True,True,False,True,auxiliary_pretraining_candidate,remains_non_strict_U2,
20250706_04_01,True,True,False,True,auxiliary_pretraining_candidate,remains_non_strict_U2,
20250706_07_02,True,True,False,True,auxiliary_pretraining_candidate,remains_non_strict_U2,
20250706_08_06,True,True,False,True,auxiliary_pretraining_candidate,remains_non_strict_U2,
20250706_09_11,True,True,False,True,auxiliary_pretraining_candidate,remains_non_strict_U2,
20250706_10_11,True,True,False,True,auxiliary_pretraining_candidate,remains_non_strict_U2,
20250706_12_11,True,True,False,True,auxiliary_pretraining_candidate,remains_non_strict_U2,
20250706_16_05,True,True,False,True,auxiliary_pretraining_candidate,remains_non_strict_U2,
20250706_22_04,True,True,False,True,auxiliary_pretraining_candidate,remains_non_strict_U2,
20250706_22_10,True,True,False,True,auxiliary_pretraining_candidate,remains_non_strict_U2,
20250707_01_08,True,True,False,True,auxiliary_pretraining_candidate,remains_non_strict_U2,
20250707_09_04,True,True,False,True,auxiliary_pretraining_candidate,remains_non_strict_U2,
20250707_10_03,True,True,False,True,auxiliary_pretraining_candidate,remains_non_strict_U2,
20250707_17_03,True,True,False,True,auxiliary_pretraining_candidate,remains_non_strict_U2,
20250707_22_12,True,True,False,True,auxiliary_pretraining_candidate,remains_non_strict_U2,
20250707_23_08,True,True,False,True,auxiliary_pretraining_candidate,remains_non_strict_U2,
20250708_01_04,True,True,False,True,auxiliary_pretraining_candidate,remains_non_strict_U2,
20250708_01_07,True,True,False,True,auxiliary_pretraining_candidate,remains_non_strict_U2,
20250708_10_08,True,True,False,True,auxiliary_pretraining_candidate,remains_non_strict_U2,
20250709_01_04,True,True,False,True,auxiliary_pretraining_candidate,remains_non_strict_U2,
20250709_03_07,True,True,False,True,auxiliary_pretraining_candidate,remains_non_strict_U2,
20250709_03_11,True,True,False,True,auxiliary_pretraining_candidate,remains_non_strict_U2,
20250709_05_07,True,True,False,True,auxiliary_pretraining_candidate,remains_non_strict_U2,
20250709_13_11,True,True,False,True,auxiliary_pretraining_candidate,remains_non_strict_U2,
20250709_17_01,True,True,False,True,auxiliary_pretraining_candidate,remains_non_strict_U2,
20250710_03_01,True,True,False,True,auxiliary_pretraining_candidate,remains_non_strict_U2,
20250710_05_01,True,True,False,True,auxiliary_pretraining_candidate,remains_non_strict_U2,
20250710_05_07,True,True,False,True,auxiliary_pretraining_candidate,remains_non_strict_U2,
20250710_07_05,True,True,False,True,auxiliary_pretraining_candidate,remains_non_strict_U2,
20250710_08_08,True,True,False,True,auxiliary_pretraining_candidate,remains_non_strict_U2,
20250710_11_01,True,True,False,True,auxiliary_pretraining_candidate,remains_non_strict_U2,
20250710_11_08,True,True,False,True,auxiliary_pretraining_candidate,remains_non_strict_U2,
20250710_13_04,True,True,False,True,auxiliary_pretraining_candidate,remains_non_strict_U2,
20250710_16_08,True,True,False,True,auxiliary_pretraining_candidate,remains_non_strict_U2,
20250710_20_04,True,True,False,True,auxiliary_pretraining_candidate,remains_non_strict_U2,
20250711_04_01,True,True,False,True,auxiliary_pretraining_candidate,remains_non_strict_U2,
20250711_08_06,True,True,False,True,auxiliary_pretraining_candidate,remains_non_strict_U2,
20250711_14_04,True,True,False,True,auxiliary_pretraining_candidate,remains_non_strict_U2,
20250711_20_09,True,True,False,True,auxiliary_pretraining_candidate,remains_non_strict_U2,
20250712_02_02,True,True,False,True,auxiliary_pretraining_candidate,remains_non_strict_U2,
20250712_02_10,True,True,False,True,auxiliary_pretraining_candidate,remains_non_strict_U2,
20250712_02_11,True,True,False,True,auxiliary_pretraining_candidate,remains_non_strict_U2,
20250712_09_03,True,True,False,True,auxiliary_pretraining_candidate,remains_non_strict_U2,
20250712_11_07,True,True,False,True,auxiliary_pretraining_candidate,remains_non_strict_U2,
20250712_12_01,True,True,False,True,auxiliary_pretraining_candidate,remains_non_strict_U2,
20250713_02_07,True,True,False,True,auxiliary_pretraining_candidate,remains_non_strict_U2,
20250713_04_04,True,True,False,True,auxiliary_pretraining_candidate,remains_non_strict_U2,
20250713_05_03,True,True,False,True,auxiliary_pretraining_candidate,remains_non_strict_U2,
20250713_12_08,True,True,False,True,auxiliary_pretraining_candidate,remains_non_strict_U2,
20250713_13_09,True,True,False,True,auxiliary_pretraining_candidate,remains_non_strict_U2,
20250713_15_02,True,True,False,True,auxiliary_pretraining_candidate,remains_non_strict_U2,
20250713_16_01,True,True,False,True,auxiliary_pretraining_candidate,remains_non_strict_U2,
20250713_16_03,True,True,False,True,auxiliary_pretraining_candidate,remains_non_strict_U2,
20250713_16_11,True,True,False,True,auxiliary_pretraining_candidate,remains_non_strict_U2,
20250713_19_03,True,True,False,True,auxiliary_pretraining_candidate,remains_non_strict_U2,
20250713_22_08,True,True,False,True,auxiliary_pretraining_candidate,remains_non_strict_U2,
20250714_04_07,True,True,False,True,auxiliary_pretraining_candidate,remains_non_strict_U2,
20250714_04_09,True,True,False,True,auxiliary_pretraining_candidate,remains_non_strict_U2,
20250714_09_01,True,True,False,True,auxiliary_pretraining_candidate,remains_non_strict_U2,
20250714_10_03,True,True,False,True,auxiliary_pretraining_candidate,remains_non_strict_U2,
20250714_12_03,True,True,False,True,auxiliary_pretraining_candidate,remains_non_strict_U2,
20250714_12_11,True,True,False,True,auxiliary_pretraining_candidate,remains_non_strict_U2,
20250714_13_07,True,True,False,True,auxiliary_pretraining_candidate,remains_non_strict_U2,
20250714_15_11,True,True,False,True,auxiliary_pretraining_candidate,remains_non_strict_U2,
20250714_16_09,True,True,False,True,auxiliary_pretraining_candidate,remains_non_strict_U2,
20250715_01_05,True,True,False,True,auxiliary_pretraining_candidate,remains_non_strict_U2,
20250715_02_02,True,True,False,True,auxiliary_pretraining_candidate,remains_non_strict_U2,
20250715_02_09,True,True,False,True,auxiliary_pretraining_candidate,remains_non_strict_U2,
20250715_04_08,True,True,False,True,auxiliary_pretraining_candidate,remains_non_strict_U2,
20250715_09_05,True,True,False,True,auxiliary_pretraining_candidate,remains_non_strict_U2,
20250715_16_06,True,True,False,True,auxiliary_pretraining_candidate,remains_non_strict_U2,
20250716_04_02,True,True,False,True,auxiliary_pretraining_candidate,remains_non_strict_U2,
20250716_12_05,True,True,False,True,auxiliary_pretraining_candidate,remains_non_strict_U2,
20250716_18_01,True,True,False,True,auxiliary_pretraining_candidate,remains_non_strict_U2,
20250716_18_10,True,True,False,True,auxiliary_pretraining_candidate,remains_non_strict_U2,
20250716_20_05,True,True,False,True,auxiliary_pretraining_candidate,remains_non_strict_U2,
20250716_23_04,True,True,False,True,auxiliary_pretraining_candidate,remains_non_strict_U2,
20250716_23_09,True,True,False,True,auxiliary_pretraining_candidate,remains_non_strict_U2,
20250717_05_04,True,True,False,True,auxiliary_pretraining_candidate,remains_non_strict_U2,
20250717_05_12,True,True,False,True,auxiliary_pretraining_candidate,remains_non_strict_U2,
20250717_18_11,True,True,False,True,auxiliary_pretraining_candidate,remains_non_strict_U2,
20250717_22_04,True,True,False,True,auxiliary_pretraining_candidate,remains_non_strict_U2,
20250717_22_05,True,True,False,True,auxiliary_pretraining_candidate,remains_non_strict_U2,
20250717_22_11,True,True,False,True,auxiliary_pretraining_candidate,remains_non_strict_U2,
20250718_05_04,True,True,False,True,auxiliary_pretraining_candidate,remains_non_strict_U2,
20250718_08_07,True,True,False,True,auxiliary_pretraining_candidate,remains_non_strict_U2,
20250718_10_12,True,True,False,True,auxiliary_pretraining_candidate,remains_non_strict_U2,
20250718_21_09,True,True,False,True,auxiliary_pretraining_candidate,remains_non_strict_U2,
20250718_22_04,True,True,False,True,auxiliary_pretraining_candidate,remains_non_strict_U2,
20250718_22_07,True,True,False,True,auxiliary_pretraining_candidate,remains_non_strict_U2,
20250718_22_12,True,True,False,True,auxiliary_pretraining_candidate,remains_non_strict_U2,
20250718_23_02,True,True,False,True,auxiliary_pretraining_candidate,remains_non_strict_U2,
20250718_24_04,True,True,False,True,auxiliary_pretraining_candidate,remains_non_strict_U2,
20250719_06_03,True,True,False,True,auxiliary_pretraining_candidate,remains_non_strict_U2,
20250719_08_10,True,True,False,True,auxiliary_pretraining_candidate,remains_non_strict_U2,
20250719_13_02,True,True,False,True,auxiliary_pretraining_candidate,remains_non_strict_U2,
20250719_14_07,True,True,False,True,auxiliary_pretraining_candidate,remains_non_strict_U2,
20250719_14_12,True,True,False,True,auxiliary_pretraining_candidate,remains_non_strict_U2,
20250719_16_02,True,True,False,True,auxiliary_pretraining_candidate,remains_non_strict_U2,
20250719_17_10,True,True,False,True,auxiliary_pretraining_candidate,remains_non_strict_U2,
20250719_19_07,True,True,False,True,auxiliary_pretraining_candidate,remains_non_strict_U2,
20250719_19_12,True,True,False,True,auxiliary_pretraining_candidate,remains_non_strict_U2,
20250719_23_02,True,True,False,True,auxiliary_pretraining_candidate,remains_non_strict_U2,
20250719_23_07,True,True,False,True,auxiliary_pretraining_candidate,remains_non_strict_U2,
20250720_01_06,True,True,False,True,auxiliary_pretraining_candidate,remains_non_strict_U2,
20250720_06_01,True,True,False,True,auxiliary_pretraining_candidate,remains_non_strict_U2,
20250720_07_06,True,True,False,True,auxiliary_pretraining_candidate,remains_non_strict_U2,
20250720_13_04,True,True,False,True,auxiliary_pretraining_candidate,remains_non_strict_U2,
20250720_14_07,True,True,False,True,auxiliary_pretraining_candidate,remains_non_strict_U2,
20250720_15_05,True,True,False,True,auxiliary_pretraining_candidate,remains_non_strict_U2,
20250720_17_01,True,True,False,True,auxiliary_pretraining_candidate,remains_non_strict_U2,
20250720_23_01,True,True,False,True,auxiliary_pretraining_candidate,remains_non_strict_U2,
20250720_23_04,True,True,False,True,auxiliary_pretraining_candidate,remains_non_strict_U2,
20250721_02_04,True,True,False,True,auxiliary_pretraining_candidate,remains_non_strict_U2,
20250721_04_07,True,True,False,True,auxiliary_pretraining_candidate,remains_non_strict_U2,
20250721_06_03,True,True,False,True,auxiliary_pretraining_candidate,remains_non_strict_U2,
20250721_07_02,True,True,False,True,auxiliary_pretraining_candidate,remains_non_strict_U2,
20250721_15_03,True,True,False,True,auxiliary_pretraining_candidate,remains_non_strict_U2,
20250721_15_05,True,True,False,True,auxiliary_pretraining_candidate,remains_non_strict_U2,
20250721_17_02,True,True,False,True,auxiliary_pretraining_candidate,remains_non_strict_U2,
20250721_21_07,True,True,False,True,auxiliary_pretraining_candidate,remains_non_strict_U2,
20250721_21_11,True,True,False,True,auxiliary_pretraining_candidate,remains_non_strict_U2,
20250722_02_03,True,True,False,True,auxiliary_pretraining_candidate,remains_non_strict_U2,
20250722_02_06,True,True,False,True,auxiliary_pretraining_candidate,remains_non_strict_U2,
20250722_03_02,True,True,False,True,auxiliary_pretraining_candidate,remains_non_strict_U2,
20250722_03_03,True,True,False,True,auxiliary_pretraining_candidate,remains_non_strict_U2,
20250722_06_01,True,True,False,True,auxiliary_pretraining_candidate,remains_non_strict_U2,
20250722_06_02,True,True,False,True,auxiliary_pretraining_candidate,remains_non_strict_U2,
20250722_06_06,True,True,False,True,auxiliary_pretraining_candidate,remains_non_strict_U2,
20250722_06_08,True,True,False,True,auxiliary_pretraining_candidate,remains_non_strict_U2,
20250722_07_01,True,True,False,True,auxiliary_pretraining_candidate,remains_non_strict_U2,
20250722_07_07,True,True,False,True,auxiliary_pretraining_candidate,remains_non_strict_U2,
20250722_10_02,True,True,False,True,auxiliary_pretraining_candidate,remains_non_strict_U2,
20250722_12_10,True,True,False,True,auxiliary_pretraining_candidate,remains_non_strict_U2,
20250723_02_10,True,True,False,True,auxiliary_pretraining_candidate,remains_non_strict_U2,
20250723_07_04,True,True,False,True,auxiliary_pretraining_candidate,remains_non_strict_U2,
20250723_14_07,True,True,False,True,auxiliary_pretraining_candidate,remains_non_strict_U2,
20250723_18_02,True,True,False,True,auxiliary_pretraining_candidate,remains_non_strict_U2,
20250723_18_08,True,True,False,True,auxiliary_pretraining_candidate,remains_non_strict_U2,
20250723_21_01,True,True,False,True,auxiliary_pretraining_candidate,remains_non_strict_U2,
20250723_21_10,True,True,False,True,auxiliary_pretraining_candidate,remains_non_strict_U2,
20250723_22_04,True,True,False,True,auxiliary_pretraining_candidate,remains_non_strict_U2,
20250724_03_02,True,True,False,True,auxiliary_pretraining_candidate,remains_non_strict_U2,
20250724_07_10,True,True,False,True,auxiliary_pretraining_candidate,remains_non_strict_U2,
20250724_10_03,True,True,False,True,auxiliary_pretraining_candidate,remains_non_strict_U2,
20250724_10_08,True,True,False,True,auxiliary_pretraining_candidate,remains_non_strict_U2,
20250724_12_05,True,True,False,True,auxiliary_pretraining_candidate,remains_non_strict_U2,
20250724_22_11,True,True,False,True,auxiliary_pretraining_candidate,remains_non_strict_U2,
20250725_03_02,True,True,False,True,auxiliary_pretraining_candidate,remains_non_strict_U2,
20250725_04_08,True,True,False,True,auxiliary_pretraining_candidate,remains_non_strict_U2,
20250725_05_10,True,True,False,True,auxiliary_pretraining_candidate,remains_non_strict_U2,
20250725_13_07,True,True,False,True,auxiliary_pretraining_candidate,remains_non_strict_U2,
20250725_18_03,True,True,False,True,auxiliary_pretraining_candidate,remains_non_strict_U2,
20250726_01_04,True,True,False,True,auxiliary_pretraining_candidate,remains_non_strict_U2,
20250726_04_04,True,True,False,True,auxiliary_pretraining_candidate,remains_non_strict_U2,
20250726_04_11,True,True,False,True,auxiliary_pretraining_candidate,remains_non_strict_U2,
20250726_05_03,True,True,False,True,auxiliary_pretraining_candidate,remains_non_strict_U2,
20250726_10_03,True,True,False,True,auxiliary_pretraining_candidate,remains_non_strict_U2,
20250726_13_11,True,True,False,True,auxiliary_pretraining_candidate,remains_non_strict_U2,
20250726_16_02,True,True,False,True,auxiliary_pretraining_candidate,remains_non_strict_U2,
20250726_17_10,True,True,False,True,auxiliary_pretraining_candidate,remains_non_strict_U2,
20250726_18_05,True,True,False,True,auxiliary_pretraining_candidate,remains_non_strict_U2,
20250727_10_01,True,True,False,True,auxiliary_pretraining_candidate,remains_non_strict_U2,
20250727_22_04,True,True,False,True,auxiliary_pretraining_candidate,remains_non_strict_U2,
20250727_23_10,True,True,False,True,auxiliary_pretraining_candidate,remains_non_strict_U2,
20250728_01_03,True,True,False,True,auxiliary_pretraining_candidate,remains_non_strict_U2,
20250728_01_10,True,True,False,True,auxiliary_pretraining_candidate,remains_non_strict_U2,
20250728_08_09,True,True,False,True,auxiliary_pretraining_candidate,remains_non_strict_U2,
20250728_15_01,True,True,False,True,auxiliary_pretraining_candidate,remains_non_strict_U2,
20250728_15_04,True,True,False,True,auxiliary_pretraining_candidate,remains_non_strict_U2,
20250728_15_08,True,True,False,True,auxiliary_pretraining_candidate,remains_non_strict_U2,
20250728_17_07,True,True,False,True,auxiliary_pretraining_candidate,remains_non_strict_U2,
20250728_17_08,True,True,False,True,auxiliary_pretraining_candidate,remains_non_strict_U2,
20250728_20_02,True,True,False,True,auxiliary_pretraining_candidate,remains_non_strict_U2,
20250728_20_03,True,True,False,True,auxiliary_pretraining_candidate,remains_non_strict_U2,
20250728_20_06,True,True,False,True,auxiliary_pretraining_candidate,remains_non_strict_U2,
20250728_22_12,True,True,False,True,auxiliary_pretraining_candidate,remains_non_strict_U2,
20250729_01_04,True,True,False,True,auxiliary_pretraining_candidate,remains_non_strict_U2,
20250729_04_03,True,True,False,True,auxiliary_pretraining_candidate,remains_non_strict_U2,
20250729_05_07,True,True,False,True,auxiliary_pretraining_candidate,remains_non_strict_U2,
20250729_05_12,True,True,False,True,auxiliary_pretraining_candidate,remains_non_strict_U2,
20250729_09_05,True,True,False,True,auxiliary_pretraining_candidate,remains_non_strict_U2,
20250729_15_01,True,True,False,True,auxiliary_pretraining_candidate,remains_non_strict_U2,
20250729_15_10,True,True,False,True,auxiliary_pretraining_candidate,remains_non_strict_U2,
20250729_17_12,True,True,False,True,auxiliary_pretraining_candidate,remains_non_strict_U2,
20250729_21_07,True,True,False,True,auxiliary_pretraining_candidate,remains_non_strict_U2,
20250729_23_03,True,True,False,True,auxiliary_pretraining_candidate,remains_non_strict_U2,
20250729_24_02,True,True,False,True,auxiliary_pretraining_candidate,remains_non_strict_U2,
20250729_24_11,True,True,False,True,auxiliary_pretraining_candidate,remains_non_strict_U2,
20250730_08_05,True,True,False,True,auxiliary_pretraining_candidate,remains_non_strict_U2,
20250730_08_07,True,True,False,True,auxiliary_pretraining_candidate,remains_non_strict_U2,
20250730_08_10,True,True,False,True,auxiliary_pretraining_candidate,remains_non_strict_U2,
20250730_11_04,True,True,False,True,auxiliary_pretraining_candidate,remains_non_strict_U2,
20250730_12_03,True,True,False,True,auxiliary_pretraining_candidate,remains_non_strict_U2,
20250730_12_07,True,True,False,True,auxiliary_pretraining_candidate,remains_non_strict_U2,
20250730_12_12,True,True,False,True,auxiliary_pretraining_candidate,remains_non_strict_U2,
20250730_15_09,True,True,False,True,auxiliary_pretraining_candidate,remains_non_strict_U2,
20250730_19_02,True,True,False,True,auxiliary_pretraining_candidate,remains_non_strict_U2,
20250730_21_09,True,True,False,True,auxiliary_pretraining_candidate,remains_non_strict_U2,
20250730_24_03,True,True,False,True,auxiliary_pretraining_candidate,remains_non_strict_U2,
20250731_06_11,True,True,False,True,auxiliary_pretraining_candidate,remains_non_strict_U2,
20250731_10_07,True,True,False,True,auxiliary_pretraining_candidate,remains_non_strict_U2,
20250731_12_11,True,True,False,True,auxiliary_pretraining_candidate,remains_non_strict_U2,
20250731_21_01,True,True,False,True,auxiliary_pretraining_candidate,remains_non_strict_U2,
20250801_04_05,True,True,False,True,auxiliary_pretraining_candidate,remains_non_strict_U2,
20250801_07_05,True,True,False,True,auxiliary_pretraining_candidate,remains_non_strict_U2,
20250801_07_06,True,True,False,True,auxiliary_pretraining_candidate,remains_non_strict_U2,
20250801_08_11,True,True,False,True,auxiliary_pretraining_candidate,remains_non_strict_U2,
20250801_12_11,True,True,False,True,auxiliary_pretraining_candidate,remains_non_strict_U2,
20250801_13_02,True,True,False,True,auxiliary_pretraining_candidate,remains_non_strict_U2,
20250801_16_06,True,True,False,True,auxiliary_pretraining_candidate,remains_non_strict_U2,
20250801_18_03,True,True,False,True,auxiliary_pretraining_candidate,remains_non_strict_U2,
20250801_22_08,True,True,False,True,auxiliary_pretraining_candidate,remains_non_strict_U2,
20250801_24_12,True,True,False,True,auxiliary_pretraining_candidate,remains_non_strict_U2,
20250802_01_01,True,True,False,True,auxiliary_pretraining_candidate,remains_non_strict_U2,
20250802_11_07,True,True,False,True,auxiliary_pretraining_candidate,remains_non_strict_U2,
20250802_18_09,True,True,False,True,auxiliary_pretraining_candidate,remains_non_strict_U2,
20250802_21_07,True,True,False,True,auxiliary_pretraining_candidate,remains_non_strict_U2,
20250802_23_07,True,True,False,True,auxiliary_pretraining_candidate,remains_non_strict_U2,
20250802_24_07,True,True,False,True,auxiliary_pretraining_candidate,remains_non_strict_U2,
20250802_24_10,True,True,False,True,auxiliary_pretraining_candidate,remains_non_strict_U2,
20250803_13_04,True,True,False,True,auxiliary_pretraining_candidate,remains_non_strict_U2,
20250803_18_11,True,True,False,True,auxiliary_pretraining_candidate,remains_non_strict_U2,
20250803_18_12,True,True,False,True,auxiliary_pretraining_candidate,remains_non_strict_U2,
20250803_23_07,True,True,False,True,auxiliary_pretraining_candidate,remains_non_strict_U2,
20250803_24_03,True,True,False,True,auxiliary_pretraining_candidate,remains_non_strict_U2,
20250804_01_08,True,True,False,True,auxiliary_pretraining_candidate,remains_non_strict_U2,
20250804_03_09,True,True,False,True,auxiliary_pretraining_candidate,remains_non_strict_U2,
20250804_09_02,True,True,False,True,auxiliary_pretraining_candidate,remains_non_strict_U2,
20250804_11_04,True,True,False,True,auxiliary_pretraining_candidate,remains_non_strict_U2,
20250804_13_09,True,True,False,True,auxiliary_pretraining_candidate,remains_non_strict_U2,
20250804_15_07,True,True,False,True,auxiliary_pretraining_candidate,remains_non_strict_U2,
20250804_16_07,True,True,False,True,auxiliary_pretraining_candidate,remains_non_strict_U2,
20250804_20_06,True,True,False,True,auxiliary_pretraining_candidate,remains_non_strict_U2,
20250804_22_09,True,True,False,True,auxiliary_pretraining_candidate,remains_non_strict_U2,
20250805_07_04,True,True,False,True,auxiliary_pretraining_candidate,remains_non_strict_U2,
20250805_14_01,True,True,False,True,auxiliary_pretraining_candidate,remains_non_strict_U2,
20250805_15_04,True,True,False,True,auxiliary_pretraining_candidate,remains_non_strict_U2,
20250805_18_04,True,True,False,True,auxiliary_pretraining_candidate,remains_non_strict_U2,
20250806_01_01,True,True,False,True,auxiliary_pretraining_candidate,remains_non_strict_U2,
20250806_01_12,True,True,False,True,auxiliary_pretraining_candidate,remains_non_strict_U2,
20250806_03_08,True,True,False,True,auxiliary_pretraining_candidate,remains_non_strict_U2,
20250806_06_03,True,True,False,True,auxiliary_pretraining_candidate,remains_non_strict_U2,
20250806_14_08,True,True,False,True,auxiliary_pretraining_candidate,remains_non_strict_U2,
20250806_16_04,True,True,False,True,auxiliary_pretraining_candidate,remains_non_strict_U2,
20250806_17_11,True,True,False,True,auxiliary_pretraining_candidate,remains_non_strict_U2,
20250806_22_03,True,True,False,True,auxiliary_pretraining_candidate,remains_non_strict_U2,
20250806_23_01,True,True,False,True,auxiliary_pretraining_candidate,remains_non_strict_U2,
20250807_01_02,True,True,False,True,auxiliary_pretraining_candidate,remains_non_strict_U2,
20250807_03_01,True,True,False,True,auxiliary_pretraining_candidate,remains_non_strict_U2,
20250807_03_07,True,True,False,True,auxiliary_pretraining_candidate,remains_non_strict_U2,
20250807_06_07,True,True,False,True,auxiliary_pretraining_candidate,remains_non_strict_U2,
20250807_09_09,True,True,False,True,auxiliary_pretraining_candidate,remains_non_strict_U2,
20250807_14_07,True,True,False,True,auxiliary_pretraining_candidate,remains_non_strict_U2,
20250807_17_08,True,True,False,True,auxiliary_pretraining_candidate,remains_non_strict_U2,
20250807_24_04,True,True,False,True,auxiliary_pretraining_candidate,remains_non_strict_U2,
20250807_24_07,True,True,False,True,auxiliary_pretraining_candidate,remains_non_strict_U2,
20250807_24_09,True,True,False,True,auxiliary_pretraining_candidate,remains_non_strict_U2,
20250808_02_04,True,True,False,True,auxiliary_pretraining_candidate,remains_non_strict_U2,
20250808_04_02,True,True,False,True,auxiliary_pretraining_candidate,remains_non_strict_U2,
20250808_06_11,True,True,False,True,auxiliary_pretraining_candidate,remains_non_strict_U2,
20250808_15_02,True,True,False,True,auxiliary_pretraining_candidate,remains_non_strict_U2,
20250808_17_12,True,True,False,True,auxiliary_pretraining_candidate,remains_non_strict_U2,
20250808_24_11,True,True,False,True,auxiliary_pretraining_candidate,remains_non_strict_U2,
20250809_02_03,True,True,False,True,auxiliary_pretraining_candidate,remains_non_strict_U2,
20250809_02_10,True,True,False,True,auxiliary_pretraining_candidate,remains_non_strict_U2,
20250809_02_11,True,True,False,True,auxiliary_pretraining_candidate,remains_non_strict_U2,
20250809_04_07,True,True,False,True,auxiliary_pretraining_candidate,remains_non_strict_U2,
20250809_04_10,True,True,False,True,auxiliary_pretraining_candidate,remains_non_strict_U2,
20250809_04_11,True,True,False,True,auxiliary_pretraining_candidate,remains_non_strict_U2,
20250809_07_12,True,True,False,True,auxiliary_pretraining_candidate,remains_non_strict_U2,
20250809_09_02,True,True,False,True,auxiliary_pretraining_candidate,remains_non_strict_U2,
20250809_09_09,True,True,False,True,auxiliary_pretraining_candidate,remains_non_strict_U2,
20250809_09_12,True,True,False,True,auxiliary_pretraining_candidate,remains_non_strict_U2,
20250809_13_01,True,True,False,True,auxiliary_pretraining_candidate,remains_non_strict_U2,
20250809_16_07,True,True,False,True,auxiliary_pretraining_candidate,remains_non_strict_U2,
20250809_20_07,True,True,False,True,auxiliary_pretraining_candidate,remains_non_strict_U2,
20250810_11_08,True,True,False,True,auxiliary_pretraining_candidate,remains_non_strict_U2,
20250810_19_01,True,True,False,True,auxiliary_pretraining_candidate,remains_non_strict_U2,
20250810_23_03,True,True,False,True,auxiliary_pretraining_candidate,remains_non_strict_U2,
20250811_02_08,True,True,False,True,auxiliary_pretraining_candidate,remains_non_strict_U2,
20250811_07_08,True,True,False,True,auxiliary_pretraining_candidate,remains_non_strict_U2,
20250811_08_12,True,True,False,True,auxiliary_pretraining_candidate,remains_non_strict_U2,
20250811_16_07,True,True,False,True,auxiliary_pretraining_candidate,remains_non_strict_U2,
20250811_22_01,True,True,False,True,auxiliary_pretraining_candidate,remains_non_strict_U2,
20250811_23_09,True,True,False,True,auxiliary_pretraining_candidate,remains_non_strict_U2,
20250812_05_01,True,True,False,True,auxiliary_pretraining_candidate,remains_non_strict_U2,
20250812_08_04,True,True,False,True,auxiliary_pretraining_candidate,remains_non_strict_U2,
20250812_08_07,True,True,False,True,auxiliary_pretraining_candidate,remains_non_strict_U2,
20250812_11_04,True,True,False,True,auxiliary_pretraining_candidate,remains_non_strict_U2,
20250812_11_06,True,True,False,True,auxiliary_pretraining_candidate,remains_non_strict_U2,
20250812_11_10,True,True,False,True,auxiliary_pretraining_candidate,remains_non_strict_U2,
20250812_13_10,True,True,False,True,auxiliary_pretraining_candidate,remains_non_strict_U2,
20250812_20_03,True,True,False,True,auxiliary_pretraining_candidate,remains_non_strict_U2,
20250812_20_12,True,True,False,True,auxiliary_pretraining_candidate,remains_non_strict_U2,
20250813_01_02,True,True,False,True,auxiliary_pretraining_candidate,remains_non_strict_U2,
20250813_01_04,True,True,False,True,auxiliary_pretraining_candidate,remains_non_strict_U2,
20250813_05_09,True,True,False,True,auxiliary_pretraining_candidate,remains_non_strict_U2,
20250813_09_01,True,True,False,True,auxiliary_pretraining_candidate,remains_non_strict_U2,
20250813_11_08,True,True,False,True,auxiliary_pretraining_candidate,remains_non_strict_U2,
20250813_14_06,True,True,False,True,auxiliary_pretraining_candidate,remains_non_strict_U2,
20250813_15_04,True,True,False,True,auxiliary_pretraining_candidate,remains_non_strict_U2,
20250813_17_04,True,True,False,True,auxiliary_pretraining_candidate,remains_non_strict_U2,
20250814_07_03,True,True,False,True,auxiliary_pretraining_candidate,remains_non_strict_U2,
20250814_07_04,True,True,False,True,auxiliary_pretraining_candidate,remains_non_strict_U2,
20250814_07_08,True,True,False,True,auxiliary_pretraining_candidate,remains_non_strict_U2,
20250814_09_09,True,True,False,True,auxiliary_pretraining_candidate,remains_non_strict_U2,
20250814_12_05,True,True,False,True,auxiliary_pretraining_candidate,remains_non_strict_U2,
20250814_13_06,True,True,False,True,auxiliary_pretraining_candidate,remains_non_strict_U2,
20250814_14_01,True,True,False,True,auxiliary_pretraining_candidate,remains_non_strict_U2,
20250814_17_10,True,True,False,True,auxiliary_pretraining_candidate,remains_non_strict_U2,
20250814_19_06,True,True,False,True,auxiliary_pretraining_candidate,remains_non_strict_U2,
20250814_22_10,True,True,False,True,auxiliary_pretraining_candidate,remains_non_strict_U2,
20250814_23_03,True,True,False,True,auxiliary_pretraining_candidate,remains_non_strict_U2,
20250815_09_03,True,True,False,True,auxiliary_pretraining_candidate,remains_non_strict_U2,
20250815_12_01,True,True,False,True,auxiliary_pretraining_candidate,remains_non_strict_U2,
20250815_14_07,True,True,False,True,auxiliary_pretraining_candidate,remains_non_strict_U2,
20250815_14_09,True,True,False,True,auxiliary_pretraining_candidate,remains_non_strict_U2,
20250815_14_10,True,True,False,True,auxiliary_pretraining_candidate,remains_non_strict_U2,
20250815_19_02,True,True,False,True,auxiliary_pretraining_candidate,remains_non_strict_U2,
20250815_20_03,True,True,False,True,auxiliary_pretraining_candidate,remains_non_strict_U2,
20250815_20_06,True,True,False,True,auxiliary_pretraining_candidate,remains_non_strict_U2,
20250816_04_01,True,True,False,True,auxiliary_pretraining_candidate,remains_non_strict_U2,
20250816_04_04,True,True,False,True,auxiliary_pretraining_candidate,remains_non_strict_U2,
20250816_10_03,True,True,False,True,auxiliary_pretraining_candidate,remains_non_strict_U2,
20250816_13_03,True,True,False,True,auxiliary_pretraining_candidate,remains_non_strict_U2,
20250816_20_10,True,True,False,True,auxiliary_pretraining_candidate,remains_non_strict_U2,
20250816_22_09,True,True,False,True,auxiliary_pretraining_candidate,remains_non_strict_U2,
20250816_24_09,True,True,False,True,auxiliary_pretraining_candidate,remains_non_strict_U2,
20250816_24_12,True,True,False,True,auxiliary_pretraining_candidate,remains_non_strict_U2,
20250817_04_01,True,True,False,True,auxiliary_pretraining_candidate,remains_non_strict_U2,
20250817_06_05,True,True,False,True,auxiliary_pretraining_candidate,remains_non_strict_U2,
20250817_06_12,True,True,False,True,auxiliary_pretraining_candidate,remains_non_strict_U2,
20250817_10_10,True,True,False,True,auxiliary_pretraining_candidate,remains_non_strict_U2,
20250817_13_02,True,True,False,True,auxiliary_pretraining_candidate,remains_non_strict_U2,
20250817_14_03,True,True,False,True,auxiliary_pretraining_candidate,remains_non_strict_U2,
20250817_14_12,True,True,False,True,auxiliary_pretraining_candidate,remains_non_strict_U2,
20250817_16_01,True,True,False,True,auxiliary_pretraining_candidate,remains_non_strict_U2,
20250818_04_06,True,True,False,True,auxiliary_pretraining_candidate,remains_non_strict_U2,
20250818_09_05,True,True,False,True,auxiliary_pretraining_candidate,remains_non_strict_U2,
20250818_12_03,True,True,False,True,auxiliary_pretraining_candidate,remains_non_strict_U2,
20250818_12_08,True,True,False,True,auxiliary_pretraining_candidate,remains_non_strict_U2,
20250818_14_01,True,True,False,True,auxiliary_pretraining_candidate,remains_non_strict_U2,
20250818_14_02,True,True,False,True,auxiliary_pretraining_candidate,remains_non_strict_U2,
20250818_21_09,True,True,False,True,auxiliary_pretraining_candidate,remains_non_strict_U2,
20250818_24_09,True,True,False,True,auxiliary_pretraining_candidate,remains_non_strict_U2,
20250819_02_09,True,True,False,True,auxiliary_pretraining_candidate,remains_non_strict_U2,
20250819_03_05,True,True,False,True,auxiliary_pretraining_candidate,remains_non_strict_U2,
20250819_04_10,True,True,False,True,auxiliary_pretraining_candidate,remains_non_strict_U2,
20250819_08_05,True,True,False,True,auxiliary_pretraining_candidate,remains_non_strict_U2,
20250819_10_07,True,True,False,True,auxiliary_pretraining_candidate,remains_non_strict_U2,
20250819_10_12,True,True,False,True,auxiliary_pretraining_candidate,remains_non_strict_U2,
20250820_11_05,True,True,False,True,auxiliary_pretraining_candidate,remains_non_strict_U2,
20250820_11_10,True,True,False,True,auxiliary_pretraining_candidate,remains_non_strict_U2,
20250820_15_02,True,True,False,True,auxiliary_pretraining_candidate,remains_non_strict_U2,
20250820_15_03,True,True,False,True,auxiliary_pretraining_candidate,remains_non_strict_U2,
20250820_16_07,True,True,False,True,auxiliary_pretraining_candidate,remains_non_strict_U2,
20250820_20_08,True,True,False,True,auxiliary_pretraining_candidate,remains_non_strict_U2,
20250820_24_10,True,True,False,True,auxiliary_pretraining_candidate,remains_non_strict_U2,
20250821_04_10,True,True,False,True,auxiliary_pretraining_candidate,remains_non_strict_U2,
20250821_08_04,True,True,False,True,auxiliary_pretraining_candidate,remains_non_strict_U2,
20250821_11_12,True,True,False,True,auxiliary_pretraining_candidate,remains_non_strict_U2,
20250821_15_08,True,True,False,True,auxiliary_pretraining_candidate,remains_non_strict_U2,
20250821_15_11,True,True,False,True,auxiliary_pretraining_candidate,remains_non_strict_U2,
20250821_15_12,True,True,False,True,auxiliary_pretraining_candidate,remains_non_strict_U2,
20250821_22_04,True,True,False,True,auxiliary_pretraining_candidate,remains_non_strict_U2,
20250821_23_04,True,True,False,True,auxiliary_pretraining_candidate,remains_non_strict_U2,
20250821_24_01,True,True,False,True,auxiliary_pretraining_candidate,remains_non_strict_U2,
20250821_24_07,True,True,False,True,auxiliary_pretraining_candidate,remains_non_strict_U2,
20250822_03_02,True,True,False,True,auxiliary_pretraining_candidate,remains_non_strict_U2,
20250822_03_11,True,True,False,True,auxiliary_pretraining_candidate,remains_non_strict_U2,
20250822_08_05,True,True,False,True,auxiliary_pretraining_candidate,remains_non_strict_U2,
20250822_09_04,True,True,False,True,auxiliary_pretraining_candidate,remains_non_strict_U2,
20250822_11_06,True,True,False,True,auxiliary_pretraining_candidate,remains_non_strict_U2,
20250822_11_10,True,True,False,True,auxiliary_pretraining_candidate,remains_non_strict_U2,
20250822_12_03,True,True,False,True,auxiliary_pretraining_candidate,remains_non_strict_U2,
20250822_12_07,True,True,False,True,auxiliary_pretraining_candidate,remains_non_strict_U2,
20250822_15_07,True,True,False,True,auxiliary_pretraining_candidate,remains_non_strict_U2,
20250822_22_03,True,True,False,True,auxiliary_pretraining_candidate,remains_non_strict_U2,
20250822_22_08,True,True,False,True,auxiliary_pretraining_candidate,remains_non_strict_U2,
20250822_23_11,True,True,False,True,auxiliary_pretraining_candidate,remains_non_strict_U2,
20250823_08_04,True,True,False,True,auxiliary_pretraining_candidate,remains_non_strict_U2,
20250823_08_06,True,True,False,True,auxiliary_pretraining_candidate,remains_non_strict_U2,
20250823_12_03,True,True,False,True,auxiliary_pretraining_candidate,remains_non_strict_U2,
20250823_23_01,True,True,False,True,auxiliary_pretraining_candidate,remains_non_strict_U2,
20250824_01_03,True,True,False,True,auxiliary_pretraining_candidate,remains_non_strict_U2,
20250824_05_04,True,True,False,True,auxiliary_pretraining_candidate,remains_non_strict_U2,
20250824_08_12,True,True,False,True,auxiliary_pretraining_candidate,remains_non_strict_U2,
20250824_14_01,True,True,False,True,auxiliary_pretraining_candidate,remains_non_strict_U2,
20250824_16_07,True,True,False,True,auxiliary_pretraining_candidate,remains_non_strict_U2,
20250824_22_05,True,True,False,True,auxiliary_pretraining_candidate,remains_non_strict_U2,
20250824_23_06,True,True,False,True,auxiliary_pretraining_candidate,remains_non_strict_U2,
20250825_06_02,True,True,False,True,auxiliary_pretraining_candidate,remains_non_strict_U2,
20250825_22_07,True,True,False,True,auxiliary_pretraining_candidate,remains_non_strict_U2,
20250826_04_08,True,True,False,True,auxiliary_pretraining_candidate,remains_non_strict_U2,
20250826_10_07,True,True,False,True,auxiliary_pretraining_candidate,remains_non_strict_U2,
20250826_11_07,True,True,False,True,auxiliary_pretraining_candidate,remains_non_strict_U2,
20250826_11_09,True,True,False,True,auxiliary_pretraining_candidate,remains_non_strict_U2,
20250826_12_01,True,True,False,True,auxiliary_pretraining_candidate,remains_non_strict_U2,
20250826_16_03,True,True,False,True,auxiliary_pretraining_candidate,remains_non_strict_U2,
20250826_17_04,True,True,False,True,auxiliary_pretraining_candidate,remains_non_strict_U2,
20250826_17_05,True,True,False,True,auxiliary_pretraining_candidate,remains_non_strict_U2,
20250826_20_08,True,True,False,True,auxiliary_pretraining_candidate,remains_non_strict_U2,
20250827_01_06,True,True,False,True,auxiliary_pretraining_candidate,remains_non_strict_U2,
20250827_05_07,True,True,False,True,auxiliary_pretraining_candidate,remains_non_strict_U2,
20250827_05_10,True,True,False,True,auxiliary_pretraining_candidate,remains_non_strict_U2,
20250827_05_12,True,True,False,True,auxiliary_pretraining_candidate,remains_non_strict_U2,
20250827_12_06,True,True,False,True,auxiliary_pretraining_candidate,remains_non_strict_U2,
20250827_17_10,True,True,False,True,auxiliary_pretraining_candidate,remains_non_strict_U2,
20250827_20_05,True,True,False,True,auxiliary_pretraining_candidate,remains_non_strict_U2,
20250827_20_09,True,True,False,True,auxiliary_pretraining_candidate,remains_non_strict_U2,
20250828_01_06,True,True,False,True,auxiliary_pretraining_candidate,remains_non_strict_U2,
20250828_01_08,True,True,False,True,auxiliary_pretraining_candidate,remains_non_strict_U2,
20250828_02_08,True,True,False,True,auxiliary_pretraining_candidate,remains_non_strict_U2,
20250828_04_09,True,True,False,True,auxiliary_pretraining_candidate,remains_non_strict_U2,
20250828_05_03,True,True,False,True,auxiliary_pretraining_candidate,remains_non_strict_U2,
20250828_08_08,True,True,False,True,auxiliary_pretraining_candidate,remains_non_strict_U2,
20250828_10_08,True,True,False,True,auxiliary_pretraining_candidate,remains_non_strict_U2,
20250828_18_01,True,True,False,True,auxiliary_pretraining_candidate,remains_non_strict_U2,
20250829_02_10,True,True,False,True,auxiliary_pretraining_candidate,remains_non_strict_U2,
20250829_04_09,True,True,False,True,auxiliary_pretraining_candidate,remains_non_strict_U2,
20250829_05_02,True,True,False,True,auxiliary_pretraining_candidate,remains_non_strict_U2,
20250829_08_06,True,True,False,True,auxiliary_pretraining_candidate,remains_non_strict_U2,
20250829_11_10,True,True,False,True,auxiliary_pretraining_candidate,remains_non_strict_U2,
20250829_18_02,True,True,False,True,auxiliary_pretraining_candidate,remains_non_strict_U2,
20250829_18_12,True,True,False,True,auxiliary_pretraining_candidate,remains_non_strict_U2,
20250829_20_10,True,True,False,True,auxiliary_pretraining_candidate,remains_non_strict_U2,
20250829_24_01,True,True,False,True,auxiliary_pretraining_candidate,remains_non_strict_U2,
20250830_04_07,True,True,False,True,auxiliary_pretraining_candidate,remains_non_strict_U2,
20250830_05_10,True,True,False,True,auxiliary_pretraining_candidate,remains_non_strict_U2,
20250830_06_12,True,True,False,True,auxiliary_pretraining_candidate,remains_non_strict_U2,
20250830_08_01,True,True,False,True,auxiliary_pretraining_candidate,remains_non_strict_U2,
20250830_11_12,True,True,False,True,auxiliary_pretraining_candidate,remains_non_strict_U2,
20250830_16_06,True,True,False,True,auxiliary_pretraining_candidate,remains_non_strict_U2,
20250830_19_03,True,True,False,True,auxiliary_pretraining_candidate,remains_non_strict_U2,
20250830_19_12,True,True,False,True,auxiliary_pretraining_candidate,remains_non_strict_U2,
20250830_21_01,True,True,False,True,auxiliary_pretraining_candidate,remains_non_strict_U2,
20250830_21_09,True,True,False,True,auxiliary_pretraining_candidate,remains_non_strict_U2,
20250830_24_09,True,True,False,True,auxiliary_pretraining_candidate,remains_non_strict_U2,
20250831_02_08,True,True,False,True,auxiliary_pretraining_candidate,remains_non_strict_U2,
20250831_05_03,True,True,False,True,auxiliary_pretraining_candidate,remains_non_strict_U2,
20250831_09_02,True,True,False,True,auxiliary_pretraining_candidate,remains_non_strict_U2,
20250831_14_07,True,True,False,True,auxiliary_pretraining_candidate,remains_non_strict_U2,
20250831_17_03,True,True,False,True,auxiliary_pretraining_candidate,remains_non_strict_U2,
20250831_21_05,True,True,False,True,auxiliary_pretraining_candidate,remains_non_strict_U2,
20250831_21_09,True,True,False,True,auxiliary_pretraining_candidate,remains_non_strict_U2,
20250831_24_04,True,True,False,True,auxiliary_pretraining_candidate,remains_non_strict_U2,
20250901_06_12,True,True,False,True,auxiliary_pretraining_candidate,remains_non_strict_U2,
20250901_09_08,True,True,False,True,auxiliary_pretraining_candidate,remains_non_strict_U2,
20250901_12_02,True,True,False,True,auxiliary_pretraining_candidate,remains_non_strict_U2,
20250901_12_04,True,True,False,True,auxiliary_pretraining_candidate,remains_non_strict_U2,
20250901_21_04,True,True,False,True,auxiliary_pretraining_candidate,remains_non_strict_U2,
20250901_22_05,True,True,False,True,auxiliary_pretraining_candidate,remains_non_strict_U2,
20250902_03_02,True,True,False,True,auxiliary_pretraining_candidate,remains_non_strict_U2,
20250902_09_04,True,True,False,True,auxiliary_pretraining_candidate,remains_non_strict_U2,
20250902_12_10,True,True,False,True,auxiliary_pretraining_candidate,remains_non_strict_U2,
20250902_21_01,True,True,False,True,auxiliary_pretraining_candidate,remains_non_strict_U2,
20250902_21_02,True,True,False,True,auxiliary_pretraining_candidate,remains_non_strict_U2,
20250903_03_10,True,True,False,True,auxiliary_pretraining_candidate,remains_non_strict_U2,
20250903_03_11,True,True,False,True,auxiliary_pretraining_candidate,remains_non_strict_U2,
20250903_14_02,True,True,False,True,auxiliary_pretraining_candidate,remains_non_strict_U2,
20250903_14_12,True,True,False,True,auxiliary_pretraining_candidate,remains_non_strict_U2,
20250903_24_12,True,True,False,True,auxiliary_pretraining_candidate,remains_non_strict_U2,
20250904_12_11,True,True,False,True,auxiliary_pretraining_candidate,remains_non_strict_U2,
20250904_16_02,True,True,False,True,auxiliary_pretraining_candidate,remains_non_strict_U2,
20250904_19_07,True,True,False,True,auxiliary_pretraining_candidate,remains_non_strict_U2,
20250904_20_06,True,True,False,True,auxiliary_pretraining_candidate,remains_non_strict_U2,
20250905_12_04,True,True,False,True,auxiliary_pretraining_candidate,remains_non_strict_U2,
20250905_15_06,True,True,False,True,auxiliary_pretraining_candidate,remains_non_strict_U2,
20250905_15_12,True,True,False,True,auxiliary_pretraining_candidate,remains_non_strict_U2,
20250905_19_10,True,True,False,True,auxiliary_pretraining_candidate,remains_non_strict_U2,
20250905_20_11,True,True,False,True,auxiliary_pretraining_candidate,remains_non_strict_U2,
20250905_22_11,True,True,False,True,auxiliary_pretraining_candidate,remains_non_strict_U2,
20250905_22_12,True,True,False,True,auxiliary_pretraining_candidate,remains_non_strict_U2,
20250906_03_04,True,True,False,True,auxiliary_pretraining_candidate,remains_non_strict_U2,
20250906_03_09,True,True,False,True,auxiliary_pretraining_candidate,remains_non_strict_U2,
20250906_04_04,True,True,False,True,auxiliary_pretraining_candidate,remains_non_strict_U2,
20250906_11_08,True,True,False,True,auxiliary_pretraining_candidate,remains_non_strict_U2,
20250906_19_02,True,True,False,True,auxiliary_pretraining_candidate,remains_non_strict_U2,
20250906_19_08,True,True,False,True,auxiliary_pretraining_candidate,remains_non_strict_U2,
20250906_22_09,True,True,False,True,auxiliary_pretraining_candidate,remains_non_strict_U2,
20250906_23_07,True,True,False,True,auxiliary_pretraining_candidate,remains_non_strict_U2,
20250906_23_09,True,True,False,True,auxiliary_pretraining_candidate,remains_non_strict_U2,
20250907_01_04,True,True,False,True,auxiliary_pretraining_candidate,remains_non_strict_U2,
20250907_03_12,True,True,False,True,auxiliary_pretraining_candidate,remains_non_strict_U2,
20250907_10_03,True,True,False,True,auxiliary_pretraining_candidate,remains_non_strict_U2,
20250907_19_10,True,True,False,True,auxiliary_pretraining_candidate,remains_non_strict_U2,
20250907_20_04,True,True,False,True,auxiliary_pretraining_candidate,remains_non_strict_U2,
20250907_23_01,True,True,False,True,auxiliary_pretraining_candidate,remains_non_strict_U2,
20250907_23_03,True,True,False,True,auxiliary_pretraining_candidate,remains_non_strict_U2,
20250907_23_08,True,True,False,True,auxiliary_pretraining_candidate,remains_non_strict_U2,
20250908_01_04,True,True,False,True,auxiliary_pretraining_candidate,remains_non_strict_U2,
20250908_04_11,True,True,False,True,auxiliary_pretraining_candidate,remains_non_strict_U2,
20250908_09_01,True,True,False,True,auxiliary_pretraining_candidate,remains_non_strict_U2,
20250908_12_07,True,True,False,True,auxiliary_pretraining_candidate,remains_non_strict_U2,
20250908_17_04,True,True,False,True,auxiliary_pretraining_candidate,remains_non_strict_U2,
20250908_17_05,True,True,False,True,auxiliary_pretraining_candidate,remains_non_strict_U2,
20250908_23_02,True,True,False,True,auxiliary_pretraining_candidate,remains_non_strict_U2,
20250909_01_03,True,True,False,True,auxiliary_pretraining_candidate,remains_non_strict_U2,
20250909_04_12,True,True,False,True,auxiliary_pretraining_candidate,remains_non_strict_U2,
20250909_09_07,True,True,False,True,auxiliary_pretraining_candidate,remains_non_strict_U2,
20250909_09_12,True,True,False,True,auxiliary_pretraining_candidate,remains_non_strict_U2,
20250909_10_08,True,True,False,True,auxiliary_pretraining_candidate,remains_non_strict_U2,
20250909_12_01,True,True,False,True,auxiliary_pretraining_candidate,remains_non_strict_U2,
20250909_12_04,True,True,False,True,auxiliary_pretraining_candidate,remains_non_strict_U2,
20250909_18_04,True,True,False,True,auxiliary_pretraining_candidate,remains_non_strict_U2,
20250909_18_09,True,True,False,True,auxiliary_pretraining_candidate,remains_non_strict_U2,
20250909_20_05,True,True,False,True,auxiliary_pretraining_candidate,remains_non_strict_U2,
20250909_23_11,True,True,False,True,auxiliary_pretraining_candidate,remains_non_strict_U2,
20250910_01_05,True,True,False,True,auxiliary_pretraining_candidate,remains_non_strict_U2,
20250910_01_06,True,True,False,True,auxiliary_pretraining_candidate,remains_non_strict_U2,
20250910_02_08,True,True,False,True,auxiliary_pretraining_candidate,remains_non_strict_U2,
20250910_09_10,True,True,False,True,auxiliary_pretraining_candidate,remains_non_strict_U2,
20250910_12_02,True,True,False,True,auxiliary_pretraining_candidate,remains_non_strict_U2,
20250910_12_06,True,True,False,True,auxiliary_pretraining_candidate,remains_non_strict_U2,
20250910_16_07,True,True,False,True,auxiliary_pretraining_candidate,remains_non_strict_U2,
20250910_17_02,True,True,False,True,auxiliary_pretraining_candidate,remains_non_strict_U2,
20250910_17_04,True,True,False,True,auxiliary_pretraining_candidate,remains_non_strict_U2,
20250910_18_08,True,True,False,True,auxiliary_pretraining_candidate,remains_non_strict_U2,
20250910_23_04,True,True,False,True,auxiliary_pretraining_candidate,remains_non_strict_U2,
20250911_01_12,True,True,False,True,auxiliary_pretraining_candidate,remains_non_strict_U2,
20250911_02_08,True,True,False,True,auxiliary_pretraining_candidate,remains_non_strict_U2,
20250911_09_01,True,True,False,True,auxiliary_pretraining_candidate,remains_non_strict_U2,
20250911_11_06,True,True,False,True,auxiliary_pretraining_candidate,remains_non_strict_U2,
20250911_19_02,True,True,False,True,auxiliary_pretraining_candidate,remains_non_strict_U2,
20250911_19_06,True,True,False,True,auxiliary_pretraining_candidate,remains_non_strict_U2,
20250911_22_02,True,True,False,True,auxiliary_pretraining_candidate,remains_non_strict_U2,
20250912_02_03,True,True,False,True,auxiliary_pretraining_candidate,remains_non_strict_U2,
20250912_06_09,True,True,False,True,auxiliary_pretraining_candidate,remains_non_strict_U2,
20250912_09_09,True,True,False,True,auxiliary_pretraining_candidate,remains_non_strict_U2,
20250912_11_08,True,True,False,True,auxiliary_pretraining_candidate,remains_non_strict_U2,
20250912_11_12,True,True,False,True,auxiliary_pretraining_candidate,remains_non_strict_U2,
20250912_16_03,True,True,False,True,auxiliary_pretraining_candidate,remains_non_strict_U2,
20250912_19_01,True,True,False,True,auxiliary_pretraining_candidate,remains_non_strict_U2,
20250912_19_05,True,True,False,True,auxiliary_pretraining_candidate,remains_non_strict_U2,
20250913_02_01,True,True,False,True,auxiliary_pretraining_candidate,remains_non_strict_U2,
20250913_02_09,True,True,False,True,auxiliary_pretraining_candidate,remains_non_strict_U2,
20250913_11_02,True,True,False,True,auxiliary_pretraining_candidate,remains_non_strict_U2,
20250913_14_04,True,True,False,True,auxiliary_pretraining_candidate,remains_non_strict_U2,
20250913_15_11,True,True,False,True,auxiliary_pretraining_candidate,remains_non_strict_U2,
20250913_18_10,True,True,False,True,auxiliary_pretraining_candidate,remains_non_strict_U2,
20250913_21_02,True,True,False,True,auxiliary_pretraining_candidate,remains_non_strict_U2,
20250913_22_01,True,True,False,True,auxiliary_pretraining_candidate,remains_non_strict_U2,
20250913_22_08,True,True,False,True,auxiliary_pretraining_candidate,remains_non_strict_U2,
20250914_06_11,True,True,False,True,auxiliary_pretraining_candidate,remains_non_strict_U2,
20250914_14_07,True,True,False,True,auxiliary_pretraining_candidate,remains_non_strict_U2,
20250914_22_04,True,True,False,True,auxiliary_pretraining_candidate,remains_non_strict_U2,
20250914_23_01,True,True,False,True,auxiliary_pretraining_candidate,remains_non_strict_U2,
20250914_23_12,True,True,False,True,auxiliary_pretraining_candidate,remains_non_strict_U2,
20250914_24_07,True,True,False,True,auxiliary_pretraining_candidate,remains_non_strict_U2,
20250915_06_04,True,True,False,True,auxiliary_pretraining_candidate,remains_non_strict_U2,
20250915_06_10,True,True,False,True,auxiliary_pretraining_candidate,remains_non_strict_U2,
20250915_14_05,True,True,False,True,auxiliary_pretraining_candidate,remains_non_strict_U2,
20250915_17_08,True,True,False,True,auxiliary_pretraining_candidate,remains_non_strict_U2,
20250915_19_07,True,True,False,True,auxiliary_pretraining_candidate,remains_non_strict_U2,
20250915_20_09,True,True,False,True,auxiliary_pretraining_candidate,remains_non_strict_U2,
20250915_21_05,True,True,False,True,auxiliary_pretraining_candidate,remains_non_strict_U2,
20250915_23_12,True,True,False,True,auxiliary_pretraining_candidate,remains_non_strict_U2,
20250915_24_12,True,True,False,True,auxiliary_pretraining_candidate,remains_non_strict_U2,
20250916_03_07,True,True,False,True,auxiliary_pretraining_candidate,remains_non_strict_U2,
20250916_04_01,True,True,False,True,auxiliary_pretraining_candidate,remains_non_strict_U2,
20250916_14_01,True,True,False,True,auxiliary_pretraining_candidate,remains_non_strict_U2,
20250916_20_04,True,True,False,True,auxiliary_pretraining_candidate,remains_non_strict_U2,
20250916_22_05,True,True,False,True,auxiliary_pretraining_candidate,remains_non_strict_U2,
20250916_23_02,True,True,False,True,auxiliary_pretraining_candidate,remains_non_strict_U2,
20250916_24_07,True,True,False,True,auxiliary_pretraining_candidate,remains_non_strict_U2,
20250917_03_07,True,True,False,True,auxiliary_pretraining_candidate,remains_non_strict_U2,
20250917_09_12,True,True,False,True,auxiliary_pretraining_candidate,remains_non_strict_U2,
20250917_11_04,True,True,False,True,auxiliary_pretraining_candidate,remains_non_strict_U2,
20250917_12_05,True,True,False,True,auxiliary_pretraining_candidate,remains_non_strict_U2,
20250917_12_07,True,True,False,True,auxiliary_pretraining_candidate,remains_non_strict_U2,
20250917_14_08,True,True,False,True,auxiliary_pretraining_candidate,remains_non_strict_U2,
20250917_15_04,True,True,False,True,auxiliary_pretraining_candidate,remains_non_strict_U2,
20250917_15_12,True,True,False,True,auxiliary_pretraining_candidate,remains_non_strict_U2,
20250917_17_09,True,True,False,True,auxiliary_pretraining_candidate,remains_non_strict_U2,
20250918_03_05,True,True,False,True,auxiliary_pretraining_candidate,remains_non_strict_U2,
20250918_03_12,True,True,False,True,auxiliary_pretraining_candidate,remains_non_strict_U2,
20250918_04_07,True,True,False,True,auxiliary_pretraining_candidate,remains_non_strict_U2,
20250918_08_08,True,True,False,True,auxiliary_pretraining_candidate,remains_non_strict_U2,
20250918_10_08,True,True,False,True,auxiliary_pretraining_candidate,remains_non_strict_U2,
20250918_11_04,True,True,False,True,auxiliary_pretraining_candidate,remains_non_strict_U2,
20250918_12_12,True,True,False,True,auxiliary_pretraining_candidate,remains_non_strict_U2,
20250918_17_04,True,True,False,True,auxiliary_pretraining_candidate,remains_non_strict_U2,
20250918_17_05,True,True,False,True,auxiliary_pretraining_candidate,remains_non_strict_U2,
20250919_02_02,True,True,False,True,auxiliary_pretraining_candidate,remains_non_strict_U2,
20250919_11_01,True,True,False,True,auxiliary_pretraining_candidate,remains_non_strict_U2,
20250919_11_03,True,True,False,True,auxiliary_pretraining_candidate,remains_non_strict_U2,
20250919_11_04,True,True,False,True,auxiliary_pretraining_candidate,remains_non_strict_U2,
20250919_12_03,True,True,False,True,auxiliary_pretraining_candidate,remains_non_strict_U2,
20250919_17_11,True,True,False,True,auxiliary_pretraining_candidate,remains_non_strict_U2,
20250919_20_06,True,True,False,True,auxiliary_pretraining_candidate,remains_non_strict_U2,
20250920_02_12,True,True,False,True,auxiliary_pretraining_candidate,remains_non_strict_U2,
20250920_06_01,True,True,False,True,auxiliary_pretraining_candidate,remains_non_strict_U2,
20250920_06_04,True,True,False,True,auxiliary_pretraining_candidate,remains_non_strict_U2,
20250920_08_05,True,True,False,True,auxiliary_pretraining_candidate,remains_non_strict_U2,
20250920_10_02,True,True,False,True,auxiliary_pretraining_candidate,remains_non_strict_U2,
20250920_10_09,True,True,False,True,auxiliary_pretraining_candidate,remains_non_strict_U2,
20250920_10_10,True,True,False,True,auxiliary_pretraining_candidate,remains_non_strict_U2,
20250920_11_08,True,True,False,True,auxiliary_pretraining_candidate,remains_non_strict_U2,
20250920_11_11,True,True,False,True,auxiliary_pretraining_candidate,remains_non_strict_U2,
20250920_12_08,True,True,False,True,auxiliary_pretraining_candidate,remains_non_strict_U2,
20250920_19_04,True,True,False,True,auxiliary_pretraining_candidate,remains_non_strict_U2,
20250920_21_07,True,True,False,True,auxiliary_pretraining_candidate,remains_non_strict_U2,
20250920_21_10,True,True,False,True,auxiliary_pretraining_candidate,remains_non_strict_U2,
20250920_24_08,True,True,False,True,auxiliary_pretraining_candidate,remains_non_strict_U2,
20250920_24_12,True,True,False,True,auxiliary_pretraining_candidate,remains_non_strict_U2,
20250921_03_02,True,True,False,True,auxiliary_pretraining_candidate,remains_non_strict_U2,
20250921_03_08,True,True,False,True,auxiliary_pretraining_candidate,remains_non_strict_U2,
20250921_05_10,True,True,False,True,auxiliary_pretraining_candidate,remains_non_strict_U2,
20250921_09_01,True,True,False,True,auxiliary_pretraining_candidate,remains_non_strict_U2,
20250921_11_11,True,True,False,True,auxiliary_pretraining_candidate,remains_non_strict_U2,
20250921_12_04,True,True,False,True,auxiliary_pretraining_candidate,remains_non_strict_U2,
20250921_19_08,True,True,False,True,auxiliary_pretraining_candidate,remains_non_strict_U2,
20250921_21_09,True,True,False,True,auxiliary_pretraining_candidate,remains_non_strict_U2,
20250921_24_12,True,True,False,True,auxiliary_pretraining_candidate,remains_non_strict_U2,
20250922_03_08,True,True,False,True,auxiliary_pretraining_candidate,remains_non_strict_U2,
20250922_14_01,True,True,False,True,auxiliary_pretraining_candidate,remains_non_strict_U2,
20250922_20_05,True,True,False,True,auxiliary_pretraining_candidate,remains_non_strict_U2,
20250922_21_08,True,True,False,True,auxiliary_pretraining_candidate,remains_non_strict_U2,
20250922_21_09,True,True,False,True,auxiliary_pretraining_candidate,remains_non_strict_U2,
20250923_03_02,True,True,False,True,auxiliary_pretraining_candidate,remains_non_strict_U2,
20250923_04_03,True,True,False,True,auxiliary_pretraining_candidate,remains_non_strict_U2,
20250923_04_07,True,True,False,True,auxiliary_pretraining_candidate,remains_non_strict_U2,
20250923_04_10,True,True,False,True,auxiliary_pretraining_candidate,remains_non_strict_U2,
20250923_17_04,True,True,False,True,auxiliary_pretraining_candidate,remains_non_strict_U2,
20250923_17_07,True,True,False,True,auxiliary_pretraining_candidate,remains_non_strict_U2,
20250923_19_04,True,True,False,True,auxiliary_pretraining_candidate,remains_non_strict_U2,
20250923_23_05,True,True,False,True,auxiliary_pretraining_candidate,remains_non_strict_U2,
20250924_01_07,True,True,False,True,auxiliary_pretraining_candidate,remains_non_strict_U2,
20250924_03_01,True,True,False,True,auxiliary_pretraining_candidate,remains_non_strict_U2,
20250924_03_05,True,True,False,True,auxiliary_pretraining_candidate,remains_non_strict_U2,
20250924_05_12,True,True,False,True,auxiliary_pretraining_candidate,remains_non_strict_U2,
20250924_06_11,True,True,False,True,auxiliary_pretraining_candidate,remains_non_strict_U2,
20250924_06_12,True,True,False,True,auxiliary_pretraining_candidate,remains_non_strict_U2,
20250924_14_03,True,True,False,True,auxiliary_pretraining_candidate,remains_non_strict_U2,
20250924_17_04,True,True,False,True,auxiliary_pretraining_candidate,remains_non_strict_U2,
20250924_23_11,True,True,False,True,auxiliary_pretraining_candidate,remains_non_strict_U2,
20250924_24_01,True,True,False,True,auxiliary_pretraining_candidate,remains_non_strict_U2,
20250924_24_06,True,True,False,True,auxiliary_pretraining_candidate,remains_non_strict_U2,
20250925_01_03,True,True,False,True,auxiliary_pretraining_candidate,remains_non_strict_U2,
20250925_01_09,True,True,False,True,auxiliary_pretraining_candidate,remains_non_strict_U2,
20250925_04_02,True,True,False,True,auxiliary_pretraining_candidate,remains_non_strict_U2,
20250925_04_08,True,True,False,True,auxiliary_pretraining_candidate,remains_non_strict_U2,
20250925_08_06,True,True,False,True,auxiliary_pretraining_candidate,remains_non_strict_U2,
20250925_08_09,True,True,False,True,auxiliary_pretraining_candidate,remains_non_strict_U2,
20250925_08_12,True,True,False,True,auxiliary_pretraining_candidate,remains_non_strict_U2,
20250925_14_05,True,True,False,True,auxiliary_pretraining_candidate,remains_non_strict_U2,
20250925_14_06,True,True,False,True,auxiliary_pretraining_candidate,remains_non_strict_U2,
20250925_20_02,True,True,False,True,auxiliary_pretraining_candidate,remains_non_strict_U2,
20250925_23_04,True,True,False,True,auxiliary_pretraining_candidate,remains_non_strict_U2,
20250925_23_10,True,True,False,True,auxiliary_pretraining_candidate,remains_non_strict_U2,
20250926_11_09,True,True,False,True,auxiliary_pretraining_candidate,remains_non_strict_U2,
20250926_12_05,True,True,False,True,auxiliary_pretraining_candidate,remains_non_strict_U2,
20250926_21_02,True,True,False,True,auxiliary_pretraining_candidate,remains_non_strict_U2,
20250927_02_06,True,True,False,True,auxiliary_pretraining_candidate,remains_non_strict_U2,
20250927_04_09,True,True,False,True,auxiliary_pretraining_candidate,remains_non_strict_U2,
20250927_08_04,True,True,False,True,auxiliary_pretraining_candidate,remains_non_strict_U2,
20250927_10_06,True,True,False,True,auxiliary_pretraining_candidate,remains_non_strict_U2,
20250927_11_11,True,True,False,True,auxiliary_pretraining_candidate,remains_non_strict_U2,
20250927_12_01,True,True,False,True,auxiliary_pretraining_candidate,remains_non_strict_U2,
20250927_12_11,True,True,False,True,auxiliary_pretraining_candidate,remains_non_strict_U2,
20250927_21_07,True,True,False,True,auxiliary_pretraining_candidate,remains_non_strict_U2,
20250927_24_01,True,True,False,True,auxiliary_pretraining_candidate,remains_non_strict_U2,
20250927_24_02,True,True,False,True,auxiliary_pretraining_candidate,remains_non_strict_U2,
20250928_02_02,True,True,False,True,auxiliary_pretraining_candidate,remains_non_strict_U2,
20250928_02_04,True,True,False,True,auxiliary_pretraining_candidate,remains_non_strict_U2,
20250928_03_03,True,True,False,True,auxiliary_pretraining_candidate,remains_non_strict_U2,
20250928_03_07,True,True,False,True,auxiliary_pretraining_candidate,remains_non_strict_U2,
20250928_03_10,True,True,False,True,auxiliary_pretraining_candidate,remains_non_strict_U2,
20250928_10_05,True,True,False,True,auxiliary_pretraining_candidate,remains_non_strict_U2,
20250928_15_02,True,True,False,True,auxiliary_pretraining_candidate,remains_non_strict_U2,
20250928_15_07,True,True,False,True,auxiliary_pretraining_candidate,remains_non_strict_U2,
20250928_17_12,True,True,False,True,auxiliary_pretraining_candidate,remains_non_strict_U2,
20250929_03_02,True,True,False,True,auxiliary_pretraining_candidate,remains_non_strict_U2,
20250930_03_05,True,True,False,True,auxiliary_pretraining_candidate,remains_non_strict_U2,
20250930_03_06,True,True,False,True,auxiliary_pretraining_candidate,remains_non_strict_U2,
20250930_05_01,True,True,False,True,auxiliary_pretraining_candidate,remains_non_strict_U2,
20250930_05_03,True,True,False,True,auxiliary_pretraining_candidate,remains_non_strict_U2,
20250930_05_06,True,True,False,True,auxiliary_pretraining_candidate,remains_non_strict_U2,
20250930_06_07,True,True,False,True,auxiliary_pretraining_candidate,remains_non_strict_U2,
20250930_19_05,True,True,False,True,auxiliary_pretraining_candidate,remains_non_strict_U2,
20250930_20_03,True,True,False,True,auxiliary_pretraining_candidate,remains_non_strict_U2,
20250930_24_08,True,True,False,True,auxiliary_pretraining_candidate,remains_non_strict_U2,
20250930_24_10,True,True,False,True,auxiliary_pretraining_candidate,remains_non_strict_U2,
20251001_05_03,True,True,False,True,auxiliary_pretraining_candidate,remains_non_strict_U2,
20251001_06_08,True,True,False,True,auxiliary_pretraining_candidate,remains_non_strict_U2,
20251001_22_07,True,True,False,True,auxiliary_pretraining_candidate,remains_non_strict_U2,
20251001_24_05,True,True,False,True,auxiliary_pretraining_candidate,remains_non_strict_U2,
20251001_24_11,True,True,False,True,auxiliary_pretraining_candidate,remains_non_strict_U2,
20251002_03_03,True,True,False,True,auxiliary_pretraining_candidate,remains_non_strict_U2,
20251002_03_07,True,True,False,True,auxiliary_pretraining_candidate,remains_non_strict_U2,
20251002_11_01,True,True,False,True,auxiliary_pretraining_candidate,remains_non_strict_U2,
20251002_14_02,True,True,False,True,auxiliary_pretraining_candidate,remains_non_strict_U2,
20251002_19_05,True,True,False,True,auxiliary_pretraining_candidate,remains_non_strict_U2,
20251002_23_08,True,True,False,True,auxiliary_pretraining_candidate,remains_non_strict_U2,
20251002_23_12,True,True,False,True,auxiliary_pretraining_candidate,remains_non_strict_U2,
20251002_24_07,True,True,False,True,auxiliary_pretraining_candidate,remains_non_strict_U2,
20251003_04_04,True,True,False,True,auxiliary_pretraining_candidate,remains_non_strict_U2,
20251003_06_01,True,True,False,True,auxiliary_pretraining_candidate,remains_non_strict_U2,
20251003_14_03,True,True,False,True,auxiliary_pretraining_candidate,remains_non_strict_U2,
20251003_20_03,True,True,False,True,auxiliary_pretraining_candidate,remains_non_strict_U2,
20251003_23_08,True,True,False,True,auxiliary_pretraining_candidate,remains_non_strict_U2,
20251004_04_04,True,True,False,True,auxiliary_pretraining_candidate,remains_non_strict_U2,
20251004_09_09,True,True,False,True,auxiliary_pretraining_candidate,remains_non_strict_U2,
20251004_09_12,True,True,False,True,auxiliary_pretraining_candidate,remains_non_strict_U2,
20251004_20_07,True,True,False,True,auxiliary_pretraining_candidate,remains_non_strict_U2,
20251004_22_05,True,True,False,True,auxiliary_pretraining_candidate,remains_non_strict_U2,
20251005_02_03,True,True,False,True,auxiliary_pretraining_candidate,remains_non_strict_U2,
20251005_03_08,True,True,False,True,auxiliary_pretraining_candidate,remains_non_strict_U2,
20251005_04_08,True,True,False,True,auxiliary_pretraining_candidate,remains_non_strict_U2,
20251005_04_12,True,True,False,True,auxiliary_pretraining_candidate,remains_non_strict_U2,
20251005_07_02,True,True,False,True,auxiliary_pretraining_candidate,remains_non_strict_U2,
20251005_07_08,True,True,False,True,auxiliary_pretraining_candidate,remains_non_strict_U2,
20251005_10_02,True,True,False,True,auxiliary_pretraining_candidate,remains_non_strict_U2,
20251005_11_02,True,True,False,True,auxiliary_pretraining_candidate,remains_non_strict_U2,
20251005_11_11,True,True,False,True,auxiliary_pretraining_candidate,remains_non_strict_U2,
20251005_22_07,True,True,False,True,auxiliary_pretraining_candidate,remains_non_strict_U2,
20251005_22_09,True,True,False,True,auxiliary_pretraining_candidate,remains_non_strict_U2,
20251006_10_08,True,True,False,True,auxiliary_pretraining_candidate,remains_non_strict_U2,
20251006_11_09,True,True,False,True,auxiliary_pretraining_candidate,remains_non_strict_U2,
20251007_02_10,True,True,False,True,auxiliary_pretraining_candidate,remains_non_strict_U2,
20251007_03_04,True,True,False,True,auxiliary_pretraining_candidate,remains_non_strict_U2,
20251007_03_12,True,True,False,True,auxiliary_pretraining_candidate,remains_non_strict_U2,
20251007_09_04,True,True,False,True,auxiliary_pretraining_candidate,remains_non_strict_U2,
20251007_10_11,True,True,False,True,auxiliary_pretraining_candidate,remains_non_strict_U2,
20251007_14_04,True,True,False,True,auxiliary_pretraining_candidate,remains_non_strict_U2,
20251008_01_02,True,True,False,True,auxiliary_pretraining_candidate,remains_non_strict_U2,
20251008_07_05,True,True,False,True,auxiliary_pretraining_candidate,remains_non_strict_U2,
20251008_14_05,True,True,False,True,auxiliary_pretraining_candidate,remains_non_strict_U2,
20251008_18_03,True,True,False,True,auxiliary_pretraining_candidate,remains_non_strict_U2,
20251008_24_02,True,True,False,True,auxiliary_pretraining_candidate,remains_non_strict_U2,
20251008_24_09,True,True,False,True,auxiliary_pretraining_candidate,remains_non_strict_U2,
20251009_02_06,True,True,False,True,auxiliary_pretraining_candidate,remains_non_strict_U2,
20251009_06_07,True,True,False,True,auxiliary_pretraining_candidate,remains_non_strict_U2,
20251009_07_08,True,True,False,True,auxiliary_pretraining_candidate,remains_non_strict_U2,
20251009_08_06,True,True,False,True,auxiliary_pretraining_candidate,remains_non_strict_U2,
20251009_12_04,True,True,False,True,auxiliary_pretraining_candidate,remains_non_strict_U2,
20251009_12_11,True,True,False,True,auxiliary_pretraining_candidate,remains_non_strict_U2,
20251009_14_10,True,True,False,True,auxiliary_pretraining_candidate,remains_non_strict_U2,
20251010_01_05,True,True,False,True,auxiliary_pretraining_candidate,remains_non_strict_U2,
20251010_08_11,True,True,False,True,auxiliary_pretraining_candidate,remains_non_strict_U2,
20251010_12_11,True,True,False,True,auxiliary_pretraining_candidate,remains_non_strict_U2,
20251010_14_02,True,True,False,True,auxiliary_pretraining_candidate,remains_non_strict_U2,
20251010_21_04,True,True,False,True,auxiliary_pretraining_candidate,remains_non_strict_U2,
20251010_22_04,True,True,False,True,auxiliary_pretraining_candidate,remains_non_strict_U2,
20251011_01_11,True,True,False,True,auxiliary_pretraining_candidate,remains_non_strict_U2,
20251011_05_02,True,True,False,True,auxiliary_pretraining_candidate,remains_non_strict_U2,
20251011_08_07,True,True,False,True,auxiliary_pretraining_candidate,remains_non_strict_U2,
20251011_09_01,True,True,False,True,auxiliary_pretraining_candidate,remains_non_strict_U2,
20251011_09_03,True,True,False,True,auxiliary_pretraining_candidate,remains_non_strict_U2,
20251011_10_06,True,True,False,True,auxiliary_pretraining_candidate,remains_non_strict_U2,
20251011_15_10,True,True,False,True,auxiliary_pretraining_candidate,remains_non_strict_U2,
20251012_01_11,True,True,False,True,auxiliary_pretraining_candidate,remains_non_strict_U2,
20251012_01_12,True,True,False,True,auxiliary_pretraining_candidate,remains_non_strict_U2,
20251012_05_09,True,True,False,True,auxiliary_pretraining_candidate,remains_non_strict_U2,
20251012_09_02,True,True,False,True,auxiliary_pretraining_candidate,remains_non_strict_U2,
20251012_12_06,True,True,False,True,auxiliary_pretraining_candidate,remains_non_strict_U2,
20251012_22_10,True,True,False,True,auxiliary_pretraining_candidate,remains_non_strict_U2,
20251013_01_05,True,True,False,True,auxiliary_pretraining_candidate,remains_non_strict_U2,
20251013_06_01,True,True,False,True,auxiliary_pretraining_candidate,remains_non_strict_U2,
20251013_10_12,True,True,False,True,auxiliary_pretraining_candidate,remains_non_strict_U2,
20251013_15_02,True,True,False,True,auxiliary_pretraining_candidate,remains_non_strict_U2,
20251013_15_05,True,True,False,True,auxiliary_pretraining_candidate,remains_non_strict_U2,
20251013_18_08,True,True,False,True,auxiliary_pretraining_candidate,remains_non_strict_U2,
20251013_19_06,True,True,False,True,auxiliary_pretraining_candidate,remains_non_strict_U2,
20251014_03_04,True,True,False,True,auxiliary_pretraining_candidate,remains_non_strict_U2,
20251014_09_11,True,True,False,True,auxiliary_pretraining_candidate,remains_non_strict_U2,
20251014_15_03,True,True,False,True,auxiliary_pretraining_candidate,remains_non_strict_U2,
20251014_15_08,True,True,False,True,auxiliary_pretraining_candidate,remains_non_strict_U2,
20251014_21_07,True,True,False,True,auxiliary_pretraining_candidate,remains_non_strict_U2,
20251014_24_01,True,True,False,True,auxiliary_pretraining_candidate,remains_non_strict_U2,
20251014_24_05,True,True,False,True,auxiliary_pretraining_candidate,remains_non_strict_U2,
20251015_02_08,True,True,False,True,auxiliary_pretraining_candidate,remains_non_strict_U2,
20251015_03_01,True,True,False,True,auxiliary_pretraining_candidate,remains_non_strict_U2,
20251015_03_07,True,True,False,True,auxiliary_pretraining_candidate,remains_non_strict_U2,
20251015_03_11,True,True,False,True,auxiliary_pretraining_candidate,remains_non_strict_U2,
20251015_14_04,True,True,False,True,auxiliary_pretraining_candidate,remains_non_strict_U2,
20251015_14_10,True,True,False,True,auxiliary_pretraining_candidate,remains_non_strict_U2,
20251015_18_05,True,True,False,True,auxiliary_pretraining_candidate,remains_non_strict_U2,
20251015_21_02,True,True,False,True,auxiliary_pretraining_candidate,remains_non_strict_U2,
20251015_22_02,True,True,False,True,auxiliary_pretraining_candidate,remains_non_strict_U2,
20251016_03_03,True,True,False,True,auxiliary_pretraining_candidate,remains_non_strict_U2,
20251016_03_04,True,True,False,True,auxiliary_pretraining_candidate,remains_non_strict_U2,
20251016_07_11,True,True,False,True,auxiliary_pretraining_candidate,remains_non_strict_U2,
20251016_08_08,True,True,False,True,auxiliary_pretraining_candidate,remains_non_strict_U2,
20251016_14_08,True,True,False,True,auxiliary_pretraining_candidate,remains_non_strict_U2,
20251016_15_03,True,True,False,True,auxiliary_pretraining_candidate,remains_non_strict_U2,
20251016_15_04,True,True,False,True,auxiliary_pretraining_candidate,remains_non_strict_U2,
20251016_18_01,True,True,False,True,auxiliary_pretraining_candidate,remains_non_strict_U2,
20251016_24_02,True,True,False,True,auxiliary_pretraining_candidate,remains_non_strict_U2,
20251017_02_02,True,True,False,True,auxiliary_pretraining_candidate,remains_non_strict_U2,
20251017_02_09,True,True,False,True,auxiliary_pretraining_candidate,remains_non_strict_U2,
20251017_03_08,True,True,False,True,auxiliary_pretraining_candidate,remains_non_strict_U2,
20251017_07_01,True,True,False,True,auxiliary_pretraining_candidate,remains_non_strict_U2,
20251017_10_03,True,True,False,True,auxiliary_pretraining_candidate,remains_non_strict_U2,
20251017_11_03,True,True,False,True,auxiliary_pretraining_candidate,remains_non_strict_U2,
20251017_11_05,True,True,False,True,auxiliary_pretraining_candidate,remains_non_strict_U2,
20251017_11_10,True,True,False,True,auxiliary_pretraining_candidate,remains_non_strict_U2,
20251017_12_04,True,True,False,True,auxiliary_pretraining_candidate,remains_non_strict_U2,
20251017_14_04,True,True,False,True,auxiliary_pretraining_candidate,remains_non_strict_U2,
20251018_02_03,True,True,False,True,auxiliary_pretraining_candidate,remains_non_strict_U2,
20251018_06_09,True,True,False,True,auxiliary_pretraining_candidate,remains_non_strict_U2,
20251018_11_09,True,True,False,True,auxiliary_pretraining_candidate,remains_non_strict_U2,
20251018_24_02,True,True,False,True,auxiliary_pretraining_candidate,remains_non_strict_U2,
20251019_02_10,True,True,False,True,auxiliary_pretraining_candidate,remains_non_strict_U2,
20251019_03_07,True,True,False,True,auxiliary_pretraining_candidate,remains_non_strict_U2,
20251019_08_03,True,True,False,True,auxiliary_pretraining_candidate,remains_non_strict_U2,
20251019_10_02,True,True,False,True,auxiliary_pretraining_candidate,remains_non_strict_U2,
20251019_10_05,True,True,False,True,auxiliary_pretraining_candidate,remains_non_strict_U2,
20251019_12_06,True,True,False,True,auxiliary_pretraining_candidate,remains_non_strict_U2,
20251019_14_08,True,True,False,True,auxiliary_pretraining_candidate,remains_non_strict_U2,
20251019_14_09,True,True,False,True,auxiliary_pretraining_candidate,remains_non_strict_U2,
20251019_17_05,True,True,False,True,auxiliary_pretraining_candidate,remains_non_strict_U2,
20251019_22_06,True,True,False,True,auxiliary_pretraining_candidate,remains_non_strict_U2,
20251019_22_07,True,True,False,True,auxiliary_pretraining_candidate,remains_non_strict_U2,
20251019_22_08,True,True,False,True,auxiliary_pretraining_candidate,remains_non_strict_U2,
20251020_05_05,True,True,False,True,auxiliary_pretraining_candidate,remains_non_strict_U2,
20251020_10_06,True,True,False,True,auxiliary_pretraining_candidate,remains_non_strict_U2,
20251020_14_12,True,True,False,True,auxiliary_pretraining_candidate,remains_non_strict_U2,
20251020_17_08,True,True,False,True,auxiliary_pretraining_candidate,remains_non_strict_U2,
20251020_22_01,True,True,False,True,auxiliary_pretraining_candidate,remains_non_strict_U2,
20251020_22_04,True,True,False,True,auxiliary_pretraining_candidate,remains_non_strict_U2,
20251020_22_06,True,True,False,True,auxiliary_pretraining_candidate,remains_non_strict_U2,
20251020_22_10,True,True,False,True,auxiliary_pretraining_candidate,remains_non_strict_U2,
20251020_22_12,True,True,False,True,auxiliary_pretraining_candidate,remains_non_strict_U2,
20251021_01_01,True,True,False,True,auxiliary_pretraining_candidate,remains_non_strict_U2,
20251021_05_06,True,True,False,True,auxiliary_pretraining_candidate,remains_non_strict_U2,
20251021_09_09,True,True,False,True,auxiliary_pretraining_candidate,remains_non_strict_U2,
20251021_17_11,True,True,False,True,auxiliary_pretraining_candidate,remains_non_strict_U2,
20251021_22_09,True,True,False,True,auxiliary_pretraining_candidate,remains_non_strict_U2,
20251021_22_10,True,True,False,True,auxiliary_pretraining_candidate,remains_non_strict_U2,
20251022_05_01,True,True,False,True,auxiliary_pretraining_candidate,remains_non_strict_U2,
20251022_05_06,True,True,False,True,auxiliary_pretraining_candidate,remains_non_strict_U2,
20251022_07_01,True,True,False,True,auxiliary_pretraining_candidate,remains_non_strict_U2,
20251022_09_11,True,True,False,True,auxiliary_pretraining_candidate,remains_non_strict_U2,
20251022_17_07,True,True,False,True,auxiliary_pretraining_candidate,remains_non_strict_U2,
20251022_18_01,True,True,False,True,auxiliary_pretraining_candidate,remains_non_strict_U2,
20251022_18_10,True,True,False,True,auxiliary_pretraining_candidate,remains_non_strict_U2,
20251022_22_10,True,True,False,True,auxiliary_pretraining_candidate,remains_non_strict_U2,
20251023_05_07,True,True,False,True,auxiliary_pretraining_candidate,remains_non_strict_U2,
20251023_17_09,True,True,False,True,auxiliary_pretraining_candidate,remains_non_strict_U2,
20251023_18_03,True,True,False,True,auxiliary_pretraining_candidate,remains_non_strict_U2,
20251023_22_01,True,True,False,True,auxiliary_pretraining_candidate,remains_non_strict_U2,
20251023_24_03,True,True,False,True,auxiliary_pretraining_candidate,remains_non_strict_U2,
20251024_01_01,True,True,False,True,auxiliary_pretraining_candidate,remains_non_strict_U2,
20251024_02_12,True,True,False,True,auxiliary_pretraining_candidate,remains_non_strict_U2,
20251024_07_01,True,True,False,True,auxiliary_pretraining_candidate,remains_non_strict_U2,
20251024_07_09,True,True,False,True,auxiliary_pretraining_candidate,remains_non_strict_U2,
20251024_09_02,True,True,False,True,auxiliary_pretraining_candidate,remains_non_strict_U2,
20251024_09_05,True,True,False,True,auxiliary_pretraining_candidate,remains_non_strict_U2,
20251024_17_05,True,True,False,True,auxiliary_pretraining_candidate,remains_non_strict_U2,
20251024_18_04,True,True,False,True,auxiliary_pretraining_candidate,remains_non_strict_U2,
20251024_21_04,True,True,False,True,auxiliary_pretraining_candidate,remains_non_strict_U2,
20251024_21_07,True,True,False,True,auxiliary_pretraining_candidate,remains_non_strict_U2,
20251024_22_04,True,True,False,True,auxiliary_pretraining_candidate,remains_non_strict_U2,
20251024_22_09,True,True,False,True,auxiliary_pretraining_candidate,remains_non_strict_U2,
20251024_24_10,True,True,False,True,auxiliary_pretraining_candidate,remains_non_strict_U2,
20251025_01_01,True,True,False,True,auxiliary_pretraining_candidate,remains_non_strict_U2,
20251025_01_03,True,True,False,True,auxiliary_pretraining_candidate,remains_non_strict_U2,
20251025_06_09,True,True,False,True,auxiliary_pretraining_candidate,remains_non_strict_U2,
20251025_07_12,True,True,False,True,auxiliary_pretraining_candidate,remains_non_strict_U2,
20251025_09_12,True,True,False,True,auxiliary_pretraining_candidate,remains_non_strict_U2,
20251025_12_08,True,True,False,True,auxiliary_pretraining_candidate,remains_non_strict_U2,
20251025_21_11,True,True,False,True,auxiliary_pretraining_candidate,remains_non_strict_U2,
20251026_03_01,True,True,False,True,auxiliary_pretraining_candidate,remains_non_strict_U2,
20251026_06_10,True,True,False,True,auxiliary_pretraining_candidate,remains_non_strict_U2,
20251026_07_04,True,True,False,True,auxiliary_pretraining_candidate,remains_non_strict_U2,
20251026_14_04,True,True,False,True,auxiliary_pretraining_candidate,remains_non_strict_U2,
20251026_14_09,True,True,False,True,auxiliary_pretraining_candidate,remains_non_strict_U2,
20251026_14_11,True,True,False,True,auxiliary_pretraining_candidate,remains_non_strict_U2,
20251026_21_08,True,True,False,True,auxiliary_pretraining_candidate,remains_non_strict_U2,
20251026_24_10,True,True,False,True,auxiliary_pretraining_candidate,remains_non_strict_U2,
20251027_06_10,True,True,False,True,auxiliary_pretraining_candidate,remains_non_strict_U2,
20251027_07_03,True,True,False,True,auxiliary_pretraining_candidate,remains_non_strict_U2,
20251027_07_06,True,True,False,True,auxiliary_pretraining_candidate,remains_non_strict_U2,
20251027_08_10,True,True,False,True,auxiliary_pretraining_candidate,remains_non_strict_U2,
20251027_24_01,True,True,False,True,auxiliary_pretraining_candidate,remains_non_strict_U2,
20251027_24_10,True,True,False,True,auxiliary_pretraining_candidate,remains_non_strict_U2,
20251028_06_06,True,True,False,True,auxiliary_pretraining_candidate,remains_non_strict_U2,
20251028_06_10,True,True,False,True,auxiliary_pretraining_candidate,remains_non_strict_U2,
20251028_12_09,True,True,False,True,auxiliary_pretraining_candidate,remains_non_strict_U2,
20251028_12_12,True,True,False,True,auxiliary_pretraining_candidate,remains_non_strict_U2,
20251028_14_06,True,True,False,True,auxiliary_pretraining_candidate,remains_non_strict_U2,
20251028_14_12,True,True,False,True,auxiliary_pretraining_candidate,remains_non_strict_U2,
20251028_21_11,True,True,False,True,auxiliary_pretraining_candidate,remains_non_strict_U2,
20251028_22_11,True,True,False,True,auxiliary_pretraining_candidate,remains_non_strict_U2,
20251028_22_12,True,True,False,True,auxiliary_pretraining_candidate,remains_non_strict_U2,
20251029_03_02,True,True,False,True,auxiliary_pretraining_candidate,remains_non_strict_U2,
20251029_05_03,True,True,False,True,auxiliary_pretraining_candidate,remains_non_strict_U2,
20251029_05_07,True,True,False,True,auxiliary_pretraining_candidate,remains_non_strict_U2,
20251029_14_02,True,True,False,True,auxiliary_pretraining_candidate,remains_non_strict_U2,
20251029_19_05,True,True,False,True,auxiliary_pretraining_candidate,remains_non_strict_U2,
20251030_09_03,True,True,False,True,auxiliary_pretraining_candidate,remains_non_strict_U2,
20251030_22_02,True,True,False,True,auxiliary_pretraining_candidate,remains_non_strict_U2,
20251031_09_07,True,True,False,True,auxiliary_pretraining_candidate,remains_non_strict_U2,
20251031_14_09,True,True,False,True,auxiliary_pretraining_candidate,remains_non_strict_U2,
20251031_14_10,True,True,False,True,auxiliary_pretraining_candidate,remains_non_strict_U2,
20251031_15_05,True,True,False,True,auxiliary_pretraining_candidate,remains_non_strict_U2,
20251031_17_07,True,True,False,True,auxiliary_pretraining_candidate,remains_non_strict_U2,
20251031_19_05,True,True,False,True,auxiliary_pretraining_candidate,remains_non_strict_U2,
20251101_11_06,True,True,False,True,auxiliary_pretraining_candidate,remains_non_strict_U2,
20251101_11_09,True,True,False,True,auxiliary_pretraining_candidate,remains_non_strict_U2,
20251101_22_04,True,True,False,True,auxiliary_pretraining_candidate,remains_non_strict_U2,
20251102_05_01,True,True,False,True,auxiliary_pretraining_candidate,remains_non_strict_U2,
20251102_05_10,True,True,False,True,auxiliary_pretraining_candidate,remains_non_strict_U2,
20251102_10_08,True,True,False,True,auxiliary_pretraining_candidate,remains_non_strict_U2,
20251102_15_02,True,True,False,True,auxiliary_pretraining_candidate,remains_non_strict_U2,
20251102_19_05,True,True,False,True,auxiliary_pretraining_candidate,remains_non_strict_U2,
20251102_20_04,True,True,False,True,auxiliary_pretraining_candidate,remains_non_strict_U2,
20251102_22_08,True,True,False,True,auxiliary_pretraining_candidate,remains_non_strict_U2,
20251103_05_02,True,True,False,True,auxiliary_pretraining_candidate,remains_non_strict_U2,
20251103_05_07,True,True,False,True,auxiliary_pretraining_candidate,remains_non_strict_U2,
20251103_05_09,True,True,False,True,auxiliary_pretraining_candidate,remains_non_strict_U2,
20251103_05_12,True,True,False,True,auxiliary_pretraining_candidate,remains_non_strict_U2,
20251103_08_07,True,True,False,True,auxiliary_pretraining_candidate,remains_non_strict_U2,
20251103_10_08,True,True,False,True,auxiliary_pretraining_candidate,remains_non_strict_U2,
20251103_12_05,True,True,False,True,auxiliary_pretraining_candidate,remains_non_strict_U2,
20251103_20_02,True,True,False,True,auxiliary_pretraining_candidate,remains_non_strict_U2,
20251103_21_10,True,True,False,True,auxiliary_pretraining_candidate,remains_non_strict_U2,
20251104_01_05,True,True,False,True,auxiliary_pretraining_candidate,remains_non_strict_U2,
20251104_01_06,True,True,False,True,auxiliary_pretraining_candidate,remains_non_strict_U2,
20251104_02_04,True,True,False,True,auxiliary_pretraining_candidate,remains_non_strict_U2,
20251104_02_05,True,True,False,True,auxiliary_pretraining_candidate,remains_non_strict_U2,
20251104_02_09,True,True,False,True,auxiliary_pretraining_candidate,remains_non_strict_U2,
20251104_06_05,True,True,False,True,auxiliary_pretraining_candidate,remains_non_strict_U2,
20251104_08_04,True,True,False,True,auxiliary_pretraining_candidate,remains_non_strict_U2,
20251104_08_09,True,True,False,True,auxiliary_pretraining_candidate,remains_non_strict_U2,
20251104_20_10,True,True,False,True,auxiliary_pretraining_candidate,remains_non_strict_U2,
20251104_21_06,True,True,False,True,auxiliary_pretraining_candidate,remains_non_strict_U2,
20251104_21_07,True,True,False,True,auxiliary_pretraining_candidate,remains_non_strict_U2,
20251105_02_01,True,True,False,True,auxiliary_pretraining_candidate,remains_non_strict_U2,
20251105_02_03,True,True,False,True,auxiliary_pretraining_candidate,remains_non_strict_U2,
20251105_06_01,True,True,False,True,auxiliary_pretraining_candidate,remains_non_strict_U2,
20251105_17_05,True,True,False,True,auxiliary_pretraining_candidate,remains_non_strict_U2,
20251105_20_12,True,True,False,True,auxiliary_pretraining_candidate,remains_non_strict_U2,
20251106_06_02,True,True,False,True,auxiliary_pretraining_candidate,remains_non_strict_U2,
20251106_07_09,True,True,False,True,auxiliary_pretraining_candidate,remains_non_strict_U2,
20251106_09_08,True,True,False,True,auxiliary_pretraining_candidate,remains_non_strict_U2,
20251106_12_04,True,True,False,True,auxiliary_pretraining_candidate,remains_non_strict_U2,
20251107_02_01,True,True,False,True,auxiliary_pretraining_candidate,remains_non_strict_U2,
20251107_03_07,True,True,False,True,auxiliary_pretraining_candidate,remains_non_strict_U2,
20251107_20_12,True,True,False,True,auxiliary_pretraining_candidate,remains_non_strict_U2,
20251108_02_09,True,True,False,True,auxiliary_pretraining_candidate,remains_non_strict_U2,
20251108_03_02,True,True,False,True,auxiliary_pretraining_candidate,remains_non_strict_U2,
20251108_06_10,True,True,False,True,auxiliary_pretraining_candidate,remains_non_strict_U2,
20251108_06_12,True,True,False,True,auxiliary_pretraining_candidate,remains_non_strict_U2,
20251108_07_06,True,True,False,True,auxiliary_pretraining_candidate,remains_non_strict_U2,
20251108_07_09,True,True,False,True,auxiliary_pretraining_candidate,remains_non_strict_U2,
20251108_09_03,True,True,False,True,auxiliary_pretraining_candidate,remains_non_strict_U2,
20251108_09_11,True,True,False,True,auxiliary_pretraining_candidate,remains_non_strict_U2,
20251108_14_02,True,True,False,True,auxiliary_pretraining_candidate,remains_non_strict_U2,
20251108_17_07,True,True,False,True,auxiliary_pretraining_candidate,remains_non_strict_U2,
20251108_18_02,True,True,False,True,auxiliary_pretraining_candidate,remains_non_strict_U2,
20251108_22_07,True,True,False,True,auxiliary_pretraining_candidate,remains_non_strict_U2,
20251108_22_11,True,True,False,True,auxiliary_pretraining_candidate,remains_non_strict_U2,
20251108_22_12,True,True,False,True,auxiliary_pretraining_candidate,remains_non_strict_U2,
20251109_03_06,True,True,False,True,auxiliary_pretraining_candidate,remains_non_strict_U2,
20251109_14_07,True,True,False,True,auxiliary_pretraining_candidate,remains_non_strict_U2,
20251109_19_05,True,True,False,True,auxiliary_pretraining_candidate,remains_non_strict_U2,
20251109_20_09,True,True,False,True,auxiliary_pretraining_candidate,remains_non_strict_U2,
20251109_21_08,True,True,False,True,auxiliary_pretraining_candidate,remains_non_strict_U2,
20251110_03_01,True,True,False,True,auxiliary_pretraining_candidate,remains_non_strict_U2,
20251110_03_08,True,True,False,True,auxiliary_pretraining_candidate,remains_non_strict_U2,
20251110_03_10,True,True,False,True,auxiliary_pretraining_candidate,remains_non_strict_U2,
20251110_05_12,True,True,False,True,auxiliary_pretraining_candidate,remains_non_strict_U2,
20251110_15_01,True,True,False,True,auxiliary_pretraining_candidate,remains_non_strict_U2,
20251110_19_08,True,True,False,True,auxiliary_pretraining_candidate,remains_non_strict_U2,
20251110_20_04,True,True,False,True,auxiliary_pretraining_candidate,remains_non_strict_U2,
20251110_22_06,True,True,False,True,auxiliary_pretraining_candidate,remains_non_strict_U2,
20251110_22_09,True,True,False,True,auxiliary_pretraining_candidate,remains_non_strict_U2,
20251111_05_04,True,True,False,True,auxiliary_pretraining_candidate,remains_non_strict_U2,
20251111_08_08,True,True,False,True,auxiliary_pretraining_candidate,remains_non_strict_U2,
20251111_08_09,True,True,False,True,auxiliary_pretraining_candidate,remains_non_strict_U2,
20251111_14_05,True,True,False,True,auxiliary_pretraining_candidate,remains_non_strict_U2,
20251111_21_10,True,True,False,True,auxiliary_pretraining_candidate,remains_non_strict_U2,
20251111_22_02,True,True,False,True,auxiliary_pretraining_candidate,remains_non_strict_U2,
20251112_01_06,True,True,False,True,auxiliary_pretraining_candidate,remains_non_strict_U2,
20251112_02_09,True,True,False,True,auxiliary_pretraining_candidate,remains_non_strict_U2,
20251112_03_06,True,True,False,True,auxiliary_pretraining_candidate,remains_non_strict_U2,
20251112_03_08,True,True,False,True,auxiliary_pretraining_candidate,remains_non_strict_U2,
20251112_03_12,True,True,False,True,auxiliary_pretraining_candidate,remains_non_strict_U2,
20251112_10_02,True,True,False,True,auxiliary_pretraining_candidate,remains_non_strict_U2,
20251112_10_12,True,True,False,True,auxiliary_pretraining_candidate,remains_non_strict_U2,
20251112_15_04,True,True,False,True,auxiliary_pretraining_candidate,remains_non_strict_U2,
20251112_21_02,True,True,False,True,auxiliary_pretraining_candidate,remains_non_strict_U2,
20251113_02_07,True,True,False,True,auxiliary_pretraining_candidate,remains_non_strict_U2,
20251113_02_12,True,True,False,True,auxiliary_pretraining_candidate,remains_non_strict_U2,
20251113_05_11,True,True,False,True,auxiliary_pretraining_candidate,remains_non_strict_U2,
20251113_10_03,True,True,False,True,auxiliary_pretraining_candidate,remains_non_strict_U2,
20251113_12_05,True,True,False,True,auxiliary_pretraining_candidate,remains_non_strict_U2,
20251113_12_06,True,True,False,True,auxiliary_pretraining_candidate,remains_non_strict_U2,
20251113_21_01,True,True,False,True,auxiliary_pretraining_candidate,remains_non_strict_U2,
20251114_01_07,True,True,False,True,auxiliary_pretraining_candidate,remains_non_strict_U2,
20251114_12_11,True,True,False,True,auxiliary_pretraining_candidate,remains_non_strict_U2,
20251114_19_05,True,True,False,True,auxiliary_pretraining_candidate,remains_non_strict_U2,
20251115_01_02,True,True,False,True,auxiliary_pretraining_candidate,remains_non_strict_U2,
20251115_01_12,True,True,False,True,auxiliary_pretraining_candidate,remains_non_strict_U2,
20251115_07_06,True,True,False,True,auxiliary_pretraining_candidate,remains_non_strict_U2,
20251115_08_12,True,True,False,True,auxiliary_pretraining_candidate,remains_non_strict_U2,
20251115_12_07,True,True,False,True,auxiliary_pretraining_candidate,remains_non_strict_U2,
20251115_14_08,True,True,False,True,auxiliary_pretraining_candidate,remains_non_strict_U2,
20251115_20_05,True,True,False,True,auxiliary_pretraining_candidate,remains_non_strict_U2,
20251115_20_07,True,True,False,True,auxiliary_pretraining_candidate,remains_non_strict_U2,
20251116_01_05,True,True,False,True,auxiliary_pretraining_candidate,remains_non_strict_U2,
20251116_02_10,True,True,False,True,auxiliary_pretraining_candidate,remains_non_strict_U2,
20251116_03_03,True,True,False,True,auxiliary_pretraining_candidate,remains_non_strict_U2,
20251116_03_07,True,True,False,True,auxiliary_pretraining_candidate,remains_non_strict_U2,
20251116_03_08,True,True,False,True,auxiliary_pretraining_candidate,remains_non_strict_U2,
20251116_03_10,True,True,False,True,auxiliary_pretraining_candidate,remains_non_strict_U2,
20251116_07_02,True,True,False,True,auxiliary_pretraining_candidate,remains_non_strict_U2,
20251116_07_12,True,True,False,True,auxiliary_pretraining_candidate,remains_non_strict_U2,
20251116_14_03,True,True,False,True,auxiliary_pretraining_candidate,remains_non_strict_U2,
20251116_14_09,True,True,False,True,auxiliary_pretraining_candidate,remains_non_strict_U2,
20251116_15_06,True,True,False,True,auxiliary_pretraining_candidate,remains_non_strict_U2,
20251116_15_12,True,True,False,True,auxiliary_pretraining_candidate,remains_non_strict_U2,
20251117_02_04,True,True,False,True,auxiliary_pretraining_candidate,remains_non_strict_U2,
20251117_14_01,True,True,False,True,auxiliary_pretraining_candidate,remains_non_strict_U2,
20251117_18_06,True,True,False,True,auxiliary_pretraining_candidate,remains_non_strict_U2,
20251117_18_07,True,True,False,True,auxiliary_pretraining_candidate,remains_non_strict_U2,
20251117_18_09,True,True,False,True,auxiliary_pretraining_candidate,remains_non_strict_U2,
20251118_03_03,True,True,False,True,auxiliary_pretraining_candidate,remains_non_strict_U2,
20251118_03_11,True,True,False,True,auxiliary_pretraining_candidate,remains_non_strict_U2,
20251118_07_11,True,True,False,True,auxiliary_pretraining_candidate,remains_non_strict_U2,
20251118_09_11,True,True,False,True,auxiliary_pretraining_candidate,remains_non_strict_U2,
20251118_15_08,True,True,False,True,auxiliary_pretraining_candidate,remains_non_strict_U2,
20251118_18_11,True,True,False,True,auxiliary_pretraining_candidate,remains_non_strict_U2,
20251118_20_01,True,True,False,True,auxiliary_pretraining_candidate,remains_non_strict_U2,
20251118_20_05,True,True,False,True,auxiliary_pretraining_candidate,remains_non_strict_U2,
20251118_21_08,True,True,False,True,auxiliary_pretraining_candidate,remains_non_strict_U2,
20251119_03_06,True,True,False,True,auxiliary_pretraining_candidate,remains_non_strict_U2,
20251119_08_04,True,True,False,True,auxiliary_pretraining_candidate,remains_non_strict_U2,
20251119_08_06,True,True,False,True,auxiliary_pretraining_candidate,remains_non_strict_U2,
20251119_15_05,True,True,False,True,auxiliary_pretraining_candidate,remains_non_strict_U2,
20251119_18_01,True,True,False,True,auxiliary_pretraining_candidate,remains_non_strict_U2,
20251119_18_07,True,True,False,True,auxiliary_pretraining_candidate,remains_non_strict_U2,
20251119_19_05,True,True,False,True,auxiliary_pretraining_candidate,remains_non_strict_U2,
20251119_19_08,True,True,False,True,auxiliary_pretraining_candidate,remains_non_strict_U2,
20251119_22_02,True,True,False,True,auxiliary_pretraining_candidate,remains_non_strict_U2,
20251119_22_06,True,True,False,True,auxiliary_pretraining_candidate,remains_non_strict_U2,
20251119_24_05,True,True,False,True,auxiliary_pretraining_candidate,remains_non_strict_U2,
20251119_24_08,True,True,False,True,auxiliary_pretraining_candidate,remains_non_strict_U2,
20251120_08_11,True,True,False,True,auxiliary_pretraining_candidate,remains_non_strict_U2,
20251120_09_04,True,True,False,True,auxiliary_pretraining_candidate,remains_non_strict_U2,
20251120_14_04,True,True,False,True,auxiliary_pretraining_candidate,remains_non_strict_U2,
20251120_15_03,True,True,False,True,auxiliary_pretraining_candidate,remains_non_strict_U2,
20251120_15_08,True,True,False,True,auxiliary_pretraining_candidate,remains_non_strict_U2,
20251120_18_06,True,True,False,True,auxiliary_pretraining_candidate,remains_non_strict_U2,
20251120_21_03,True,True,False,True,auxiliary_pretraining_candidate,remains_non_strict_U2,
20251120_21_05,True,True,False,True,auxiliary_pretraining_candidate,remains_non_strict_U2,
20251120_21_06,True,True,False,True,auxiliary_pretraining_candidate,remains_non_strict_U2,
20251121_01_04,True,True,False,True,auxiliary_pretraining_candidate,remains_non_strict_U2,
20251121_09_05,True,True,False,True,auxiliary_pretraining_candidate,remains_non_strict_U2,
20251121_18_07,True,True,False,True,auxiliary_pretraining_candidate,remains_non_strict_U2,
20251121_19_03,True,True,False,True,auxiliary_pretraining_candidate,remains_non_strict_U2,
20251122_01_08,True,True,False,True,auxiliary_pretraining_candidate,remains_non_strict_U2,
20251122_02_09,True,True,False,True,auxiliary_pretraining_candidate,remains_non_strict_U2,
20251122_05_10,True,True,False,True,auxiliary_pretraining_candidate,remains_non_strict_U2,
20251122_07_12,True,True,False,True,auxiliary_pretraining_candidate,remains_non_strict_U2,
20251122_08_01,True,True,False,True,auxiliary_pretraining_candidate,remains_non_strict_U2,
20251122_09_03,True,True,False,True,auxiliary_pretraining_candidate,remains_non_strict_U2,
20251122_12_09,True,True,False,True,auxiliary_pretraining_candidate,remains_non_strict_U2,
20251122_21_01,True,True,False,True,auxiliary_pretraining_candidate,remains_non_strict_U2,
20251122_21_12,True,True,False,True,auxiliary_pretraining_candidate,remains_non_strict_U2,
20251122_24_03,True,True,False,True,auxiliary_pretraining_candidate,remains_non_strict_U2,
20251122_24_04,True,True,False,True,auxiliary_pretraining_candidate,remains_non_strict_U2,
20251123_03_04,True,True,False,True,auxiliary_pretraining_candidate,remains_non_strict_U2,
20251123_07_07,True,True,False,True,auxiliary_pretraining_candidate,remains_non_strict_U2,
20251123_09_03,True,True,False,True,auxiliary_pretraining_candidate,remains_non_strict_U2,
20251123_09_11,True,True,False,True,auxiliary_pretraining_candidate,remains_non_strict_U2,
20251123_12_05,True,True,False,True,auxiliary_pretraining_candidate,remains_non_strict_U2,
20251123_17_02,True,True,False,True,auxiliary_pretraining_candidate,remains_non_strict_U2,
20251123_21_01,True,True,False,True,auxiliary_pretraining_candidate,remains_non_strict_U2,
20251124_03_10,True,True,False,True,auxiliary_pretraining_candidate,remains_non_strict_U2,
20251124_07_03,True,True,False,True,auxiliary_pretraining_candidate,remains_non_strict_U2,
20251124_07_10,True,True,False,True,auxiliary_pretraining_candidate,remains_non_strict_U2,
20251124_14_10,True,True,False,True,auxiliary_pretraining_candidate,remains_non_strict_U2,
20251124_17_06,True,True,False,True,auxiliary_pretraining_candidate,remains_non_strict_U2,
20251124_17_10,True,True,False,True,auxiliary_pretraining_candidate,remains_non_strict_U2,
20251124_21_05,True,True,False,True,auxiliary_pretraining_candidate,remains_non_strict_U2,
20251125_02_03,True,True,False,True,auxiliary_pretraining_candidate,remains_non_strict_U2,
20251125_03_04,True,True,False,True,auxiliary_pretraining_candidate,remains_non_strict_U2,
20251125_15_02,True,True,False,True,auxiliary_pretraining_candidate,remains_non_strict_U2,
20251125_17_08,True,True,False,True,auxiliary_pretraining_candidate,remains_non_strict_U2,
20251125_22_09,True,True,False,True,auxiliary_pretraining_candidate,remains_non_strict_U2,
20251125_24_07,True,True,False,True,auxiliary_pretraining_candidate,remains_non_strict_U2,
20251125_24_12,True,True,False,True,auxiliary_pretraining_candidate,remains_non_strict_U2,
20251126_07_04,True,True,False,True,auxiliary_pretraining_candidate,remains_non_strict_U2,
20251126_08_09,True,True,False,True,auxiliary_pretraining_candidate,remains_non_strict_U2,
20251126_10_01,True,True,False,True,auxiliary_pretraining_candidate,remains_non_strict_U2,
20251126_10_07,True,True,False,True,auxiliary_pretraining_candidate,remains_non_strict_U2,
20251126_10_08,True,True,False,True,auxiliary_pretraining_candidate,remains_non_strict_U2,
20251126_14_02,True,True,False,True,auxiliary_pretraining_candidate,remains_non_strict_U2,
20251126_14_06,True,True,False,True,auxiliary_pretraining_candidate,remains_non_strict_U2,
20251126_17_04,True,True,False,True,auxiliary_pretraining_candidate,remains_non_strict_U2,
20251126_20_12,True,True,False,True,auxiliary_pretraining_candidate,remains_non_strict_U2,
20251126_22_06,True,True,False,True,auxiliary_pretraining_candidate,remains_non_strict_U2,
20251127_03_11,True,True,False,True,auxiliary_pretraining_candidate,remains_non_strict_U2,
20251127_06_01,True,True,False,True,auxiliary_pretraining_candidate,remains_non_strict_U2,
20251127_08_06,True,True,False,True,auxiliary_pretraining_candidate,remains_non_strict_U2,
20251127_08_08,True,True,False,True,auxiliary_pretraining_candidate,remains_non_strict_U2,
20251127_09_03,True,True,False,True,auxiliary_pretraining_candidate,remains_non_strict_U2,
20251127_14_12,True,True,False,True,auxiliary_pretraining_candidate,remains_non_strict_U2,
20251127_15_09,True,True,False,True,auxiliary_pretraining_candidate,remains_non_strict_U2,
20251127_15_12,True,True,False,True,auxiliary_pretraining_candidate,remains_non_strict_U2,
20251127_18_03,True,True,False,True,auxiliary_pretraining_candidate,remains_non_strict_U2,
20251127_24_11,True,True,False,True,auxiliary_pretraining_candidate,remains_non_strict_U2,
20251128_09_04,True,True,False,True,auxiliary_pretraining_candidate,remains_non_strict_U2,
20251128_12_10,True,True,False,True,auxiliary_pretraining_candidate,remains_non_strict_U2,
20251128_14_04,True,True,False,True,auxiliary_pretraining_candidate,remains_non_strict_U2,
20251128_15_01,True,True,False,True,auxiliary_pretraining_candidate,remains_non_strict_U2,
20251128_15_12,True,True,False,True,auxiliary_pretraining_candidate,remains_non_strict_U2,
20251128_18_01,True,True,False,True,auxiliary_pretraining_candidate,remains_non_strict_U2,
20251128_20_06,True,True,False,True,auxiliary_pretraining_candidate,remains_non_strict_U2,
20251128_22_06,True,True,False,True,auxiliary_pretraining_candidate,remains_non_strict_U2,
20251129_12_04,True,True,False,True,auxiliary_pretraining_candidate,remains_non_strict_U2,
20251129_15_11,True,True,False,True,auxiliary_pretraining_candidate,remains_non_strict_U2,
20251129_15_12,True,True,False,True,auxiliary_pretraining_candidate,remains_non_strict_U2,
20251129_18_07,True,True,False,True,auxiliary_pretraining_candidate,remains_non_strict_U2,
20251129_21_02,True,True,False,True,auxiliary_pretraining_candidate,remains_non_strict_U2,
20251130_05_01,True,True,False,True,auxiliary_pretraining_candidate,remains_non_strict_U2,
20251130_05_04,True,True,False,True,auxiliary_pretraining_candidate,remains_non_strict_U2,
20251130_08_09,True,True,False,True,auxiliary_pretraining_candidate,remains_non_strict_U2,
20251130_09_04,True,True,False,True,auxiliary_pretraining_candidate,remains_non_strict_U2,
20251130_09_06,True,True,False,True,auxiliary_pretraining_candidate,remains_non_strict_U2,
20251130_12_03,True,True,False,True,auxiliary_pretraining_candidate,remains_non_strict_U2,
20251130_15_10,True,True,False,True,auxiliary_pretraining_candidate,remains_non_strict_U2,
20251130_20_09,True,True,False,True,auxiliary_pretraining_candidate,remains_non_strict_U2,
20251130_21_10,True,True,False,True,auxiliary_pretraining_candidate,remains_non_strict_U2,
20251201_07_12,True,True,False,True,auxiliary_pretraining_candidate,remains_non_strict_U2,
20251201_12_01,True,True,False,True,auxiliary_pretraining_candidate,remains_non_strict_U2,
20251201_14_01,True,True,False,True,auxiliary_pretraining_candidate,remains_non_strict_U2,
20251201_14_07,True,True,False,True,auxiliary_pretraining_candidate,remains_non_strict_U2,
20251201_21_01,True,True,False,True,auxiliary_pretraining_candidate,remains_non_strict_U2,
20251202_01_03,True,True,False,True,auxiliary_pretraining_candidate,remains_non_strict_U2,
20251202_01_12,True,True,False,True,auxiliary_pretraining_candidate,remains_non_strict_U2,
20251202_09_07,True,True,False,True,auxiliary_pretraining_candidate,remains_non_strict_U2,
20251202_12_03,True,True,False,True,auxiliary_pretraining_candidate,remains_non_strict_U2,
20251202_12_04,True,True,False,True,auxiliary_pretraining_candidate,remains_non_strict_U2,
20251202_12_11,True,True,False,True,auxiliary_pretraining_candidate,remains_non_strict_U2,
20251202_14_01,True,True,False,True,auxiliary_pretraining_candidate,remains_non_strict_U2,
20251202_14_03,True,True,False,True,auxiliary_pretraining_candidate,remains_non_strict_U2,
20251202_14_09,True,True,False,True,auxiliary_pretraining_candidate,remains_non_strict_U2,
20251202_17_04,True,True,False,True,auxiliary_pretraining_candidate,remains_non_strict_U2,
20251202_17_08,True,True,False,True,auxiliary_pretraining_candidate,remains_non_strict_U2,
20251202_17_09,True,True,False,True,auxiliary_pretraining_candidate,remains_non_strict_U2,
20251202_17_11,True,True,False,True,auxiliary_pretraining_candidate,remains_non_strict_U2,
20251203_07_05,True,True,False,True,auxiliary_pretraining_candidate,remains_non_strict_U2,
20251203_07_11,True,True,False,True,auxiliary_pretraining_candidate,remains_non_strict_U2,
20251203_12_04,True,True,False,True,auxiliary_pretraining_candidate,remains_non_strict_U2,
20251203_17_01,True,True,False,True,auxiliary_pretraining_candidate,remains_non_strict_U2,
20251203_17_10,True,True,False,True,auxiliary_pretraining_candidate,remains_non_strict_U2,
20251203_21_10,True,True,False,True,auxiliary_pretraining_candidate,remains_non_strict_U2,
20251203_24_10,True,True,False,True,auxiliary_pretraining_candidate,remains_non_strict_U2,
20251204_01_03,True,True,False,True,auxiliary_pretraining_candidate,remains_non_strict_U2,
20251204_02_08,True,True,False,True,auxiliary_pretraining_candidate,remains_non_strict_U2,
20251204_07_07,True,True,False,True,auxiliary_pretraining_candidate,remains_non_strict_U2,
20251204_08_06,True,True,False,True,auxiliary_pretraining_candidate,remains_non_strict_U2,
20251204_08_08,True,True,False,True,auxiliary_pretraining_candidate,remains_non_strict_U2,
20251204_11_02,True,True,False,True,auxiliary_pretraining_candidate,remains_non_strict_U2,
20251204_11_03,True,True,False,True,auxiliary_pretraining_candidate,remains_non_strict_U2,
20251204_11_08,True,True,False,True,auxiliary_pretraining_candidate,remains_non_strict_U2,
20251204_13_01,True,True,False,True,auxiliary_pretraining_candidate,remains_non_strict_U2,
20251204_13_05,True,True,False,True,auxiliary_pretraining_candidate,remains_non_strict_U2,
20251204_14_09,True,True,False,True,auxiliary_pretraining_candidate,remains_non_strict_U2,
20251204_14_11,True,True,False,True,auxiliary_pretraining_candidate,remains_non_strict_U2,
20251204_15_05,True,True,False,True,auxiliary_pretraining_candidate,remains_non_strict_U2,
20251204_21_04,True,True,False,True,auxiliary_pretraining_candidate,remains_non_strict_U2,
20251204_21_06,True,True,False,True,auxiliary_pretraining_candidate,remains_non_strict_U2,
20251204_24_07,True,True,False,True,auxiliary_pretraining_candidate,remains_non_strict_U2,
20251205_02_03,True,True,False,True,auxiliary_pretraining_candidate,remains_non_strict_U2,
20251205_10_08,True,True,False,True,auxiliary_pretraining_candidate,remains_non_strict_U2,
20251205_11_02,True,True,False,True,auxiliary_pretraining_candidate,remains_non_strict_U2,
20251205_13_07,True,True,False,True,auxiliary_pretraining_candidate,remains_non_strict_U2,
20251205_13_12,True,True,False,True,auxiliary_pretraining_candidate,remains_non_strict_U2,
20251205_14_01,True,True,False,True,auxiliary_pretraining_candidate,remains_non_strict_U2,
20251205_14_05,True,True,False,True,auxiliary_pretraining_candidate,remains_non_strict_U2,
20251205_15_08,True,True,False,True,auxiliary_pretraining_candidate,remains_non_strict_U2,
20251205_18_11,True,True,False,True,auxiliary_pretraining_candidate,remains_non_strict_U2,
20251205_20_12,True,True,False,True,auxiliary_pretraining_candidate,remains_non_strict_U2,
20251206_17_03,True,True,False,True,auxiliary_pretraining_candidate,remains_non_strict_U2,
20251206_18_02,True,True,False,True,auxiliary_pretraining_candidate,remains_non_strict_U2,
20251206_18_08,True,True,False,True,auxiliary_pretraining_candidate,remains_non_strict_U2,
20251206_20_01,True,True,False,True,auxiliary_pretraining_candidate,remains_non_strict_U2,
20251206_24_07,True,True,False,True,auxiliary_pretraining_candidate,remains_non_strict_U2,
20251207_11_12,True,True,False,True,auxiliary_pretraining_candidate,remains_non_strict_U2,
20251207_15_01,True,True,False,True,auxiliary_pretraining_candidate,remains_non_strict_U2,
20251207_15_03,True,True,False,True,auxiliary_pretraining_candidate,remains_non_strict_U2,
20251207_20_04,True,True,False,True,auxiliary_pretraining_candidate,remains_non_strict_U2,
20251207_20_06,True,True,False,True,auxiliary_pretraining_candidate,remains_non_strict_U2,
20251208_03_06,True,True,False,True,auxiliary_pretraining_candidate,remains_non_strict_U2,
20251208_08_11,True,True,False,True,auxiliary_pretraining_candidate,remains_non_strict_U2,
20251208_09_08,True,True,False,True,auxiliary_pretraining_candidate,remains_non_strict_U2,
20251208_18_03,True,True,False,True,auxiliary_pretraining_candidate,remains_non_strict_U2,
20251208_18_04,True,True,False,True,auxiliary_pretraining_candidate,remains_non_strict_U2,
20251208_18_06,True,True,False,True,auxiliary_pretraining_candidate,remains_non_strict_U2,
20251208_19_11,True,True,False,True,auxiliary_pretraining_candidate,remains_non_strict_U2,
20251208_22_10,True,True,False,True,auxiliary_pretraining_candidate,remains_non_strict_U2,
20251208_22_11,True,True,False,True,auxiliary_pretraining_candidate,remains_non_strict_U2,
20251209_07_09,True,True,False,True,auxiliary_pretraining_candidate,remains_non_strict_U2,
20251209_08_05,True,True,False,True,auxiliary_pretraining_candidate,remains_non_strict_U2,
20251209_11_08,True,True,False,True,auxiliary_pretraining_candidate,remains_non_strict_U2,
20251209_13_08,True,True,False,True,auxiliary_pretraining_candidate,remains_non_strict_U2,
20251209_14_02,True,True,False,True,auxiliary_pretraining_candidate,remains_non_strict_U2,
20251209_14_05,True,True,False,True,auxiliary_pretraining_candidate,remains_non_strict_U2,
20251209_21_01,True,True,False,True,auxiliary_pretraining_candidate,remains_non_strict_U2,
20251210_03_04,True,True,False,True,auxiliary_pretraining_candidate,remains_non_strict_U2,
20251210_03_09,True,True,False,True,auxiliary_pretraining_candidate,remains_non_strict_U2,
20251210_05_02,True,True,False,True,auxiliary_pretraining_candidate,remains_non_strict_U2,
20251210_05_03,True,True,False,True,auxiliary_pretraining_candidate,remains_non_strict_U2,
20251210_05_07,True,True,False,True,auxiliary_pretraining_candidate,remains_non_strict_U2,
20251210_06_10,True,True,False,True,auxiliary_pretraining_candidate,remains_non_strict_U2,
20251210_07_08,True,True,False,True,auxiliary_pretraining_candidate,remains_non_strict_U2,
20251210_09_01,True,True,False,True,auxiliary_pretraining_candidate,remains_non_strict_U2,
20251210_13_09,True,True,False,True,auxiliary_pretraining_candidate,remains_non_strict_U2,
20251210_14_01,True,True,False,True,auxiliary_pretraining_candidate,remains_non_strict_U2,
20251210_21_07,True,True,False,True,auxiliary_pretraining_candidate,remains_non_strict_U2,
20251210_21_09,True,True,False,True,auxiliary_pretraining_candidate,remains_non_strict_U2,
20251211_03_03,True,True,False,True,auxiliary_pretraining_candidate,remains_non_strict_U2,
20251211_03_05,True,True,False,True,auxiliary_pretraining_candidate,remains_non_strict_U2,
20251211_03_07,True,True,False,True,auxiliary_pretraining_candidate,remains_non_strict_U2,
20251211_03_10,True,True,False,True,auxiliary_pretraining_candidate,remains_non_strict_U2,
20251211_06_12,True,True,False,True,auxiliary_pretraining_candidate,remains_non_strict_U2,
20251211_09_11,True,True,False,True,auxiliary_pretraining_candidate,remains_non_strict_U2,
20251211_13_07,True,True,False,True,auxiliary_pretraining_candidate,remains_non_strict_U2,
20251211_14_01,True,True,False,True,auxiliary_pretraining_candidate,remains_non_strict_U2,
20251211_14_09,True,True,False,True,auxiliary_pretraining_candidate,remains_non_strict_U2,
20251211_14_11,True,True,False,True,auxiliary_pretraining_candidate,remains_non_strict_U2,
20251211_15_05,True,True,False,True,auxiliary_pretraining_candidate,remains_non_strict_U2,
20251211_19_07,True,True,False,True,auxiliary_pretraining_candidate,remains_non_strict_U2,
20251212_05_05,True,True,False,True,auxiliary_pretraining_candidate,remains_non_strict_U2,
20251212_06_08,True,True,False,True,auxiliary_pretraining_candidate,remains_non_strict_U2,
20251212_06_10,True,True,False,True,auxiliary_pretraining_candidate,remains_non_strict_U2,
20251212_07_11,True,True,False,True,auxiliary_pretraining_candidate,remains_non_strict_U2,
20251212_10_03,True,True,False,True,auxiliary_pretraining_candidate,remains_non_strict_U2,
20251212_15_01,True,True,False,True,auxiliary_pretraining_candidate,remains_non_strict_U2,
20251212_17_06,True,True,False,True,auxiliary_pretraining_candidate,remains_non_strict_U2,
20251212_17_09,True,True,False,True,auxiliary_pretraining_candidate,remains_non_strict_U2,
20251212_21_05,True,True,False,True,auxiliary_pretraining_candidate,remains_non_strict_U2,
20251212_21_07,True,True,False,True,auxiliary_pretraining_candidate,remains_non_strict_U2,
20251213_01_06,True,True,False,True,auxiliary_pretraining_candidate,remains_non_strict_U2,
20251213_03_03,True,True,False,True,auxiliary_pretraining_candidate,remains_non_strict_U2,
20251213_06_12,True,True,False,True,auxiliary_pretraining_candidate,remains_non_strict_U2,
20251213_07_01,True,True,False,True,auxiliary_pretraining_candidate,remains_non_strict_U2,
20251213_08_11,True,True,False,True,auxiliary_pretraining_candidate,remains_non_strict_U2,
20251213_15_08,True,True,False,True,auxiliary_pretraining_candidate,remains_non_strict_U2,
20251213_17_02,True,True,False,True,auxiliary_pretraining_candidate,remains_non_strict_U2,
20251213_17_04,True,True,False,True,auxiliary_pretraining_candidate,remains_non_strict_U2,
20251213_17_05,True,True,False,True,auxiliary_pretraining_candidate,remains_non_strict_U2,
20251213_17_07,True,True,False,True,auxiliary_pretraining_candidate,remains_non_strict_U2,
20251213_18_08,True,True,False,True,auxiliary_pretraining_candidate,remains_non_strict_U2,
20251213_21_12,True,True,False,True,auxiliary_pretraining_candidate,remains_non_strict_U2,
20251213_24_04,True,True,False,True,auxiliary_pretraining_candidate,remains_non_strict_U2,
20251214_01_04,True,True,False,True,auxiliary_pretraining_candidate,remains_non_strict_U2,
20251214_02_02,True,True,False,True,auxiliary_pretraining_candidate,remains_non_strict_U2,
20251214_02_12,True,True,False,True,auxiliary_pretraining_candidate,remains_non_strict_U2,
20251214_03_02,True,True,False,True,auxiliary_pretraining_candidate,remains_non_strict_U2,
20251214_03_06,True,True,False,True,auxiliary_pretraining_candidate,remains_non_strict_U2,
20251214_08_11,True,True,False,True,auxiliary_pretraining_candidate,remains_non_strict_U2,
20251214_15_07,True,True,False,True,auxiliary_pretraining_candidate,remains_non_strict_U2,
20251214_18_04,True,True,False,True,auxiliary_pretraining_candidate,remains_non_strict_U2,
20251214_18_08,True,True,False,True,auxiliary_pretraining_candidate,remains_non_strict_U2,
20251214_24_01,True,True,False,True,auxiliary_pretraining_candidate,remains_non_strict_U2,
20251214_24_08,True,True,False,True,auxiliary_pretraining_candidate,remains_non_strict_U2,
20251215_02_07,True,True,False,True,auxiliary_pretraining_candidate,remains_non_strict_U2,
20251215_08_02,True,True,False,True,auxiliary_pretraining_candidate,remains_non_strict_U2,
20251215_10_01,True,True,False,True,auxiliary_pretraining_candidate,remains_non_strict_U2,
20251215_18_01,True,True,False,True,auxiliary_pretraining_candidate,remains_non_strict_U2,
20251215_18_02,True,True,False,True,auxiliary_pretraining_candidate,remains_non_strict_U2,
20251215_18_03,True,True,False,True,auxiliary_pretraining_candidate,remains_non_strict_U2,
20251215_18_11,True,True,False,True,auxiliary_pretraining_candidate,remains_non_strict_U2,
20251215_22_06,True,True,False,True,auxiliary_pretraining_candidate,remains_non_strict_U2,
20251215_23_09,True,True,False,True,auxiliary_pretraining_candidate,remains_non_strict_U2,
20251215_24_08,True,True,False,True,auxiliary_pretraining_candidate,remains_non_strict_U2,
20251216_02_06,True,True,False,True,auxiliary_pretraining_candidate,remains_non_strict_U2,
20251216_09_10,True,True,False,True,auxiliary_pretraining_candidate,remains_non_strict_U2,
20251216_11_09,True,True,False,True,auxiliary_pretraining_candidate,remains_non_strict_U2,
20251216_18_10,True,True,False,True,auxiliary_pretraining_candidate,remains_non_strict_U2,
20251216_22_09,True,True,False,True,auxiliary_pretraining_candidate,remains_non_strict_U2,
20251216_24_04,True,True,False,True,auxiliary_pretraining_candidate,remains_non_strict_U2,
20251217_01_10,True,True,False,True,auxiliary_pretraining_candidate,remains_non_strict_U2,
20251217_03_09,True,True,False,True,auxiliary_pretraining_candidate,remains_non_strict_U2,
20251217_11_06,True,True,False,True,auxiliary_pretraining_candidate,remains_non_strict_U2,
20251217_12_04,True,True,False,True,auxiliary_pretraining_candidate,remains_non_strict_U2,
20251217_18_03,True,True,False,True,auxiliary_pretraining_candidate,remains_non_strict_U2,
20251217_22_05,True,True,False,True,auxiliary_pretraining_candidate,remains_non_strict_U2,
20251217_24_03,True,True,False,True,auxiliary_pretraining_candidate,remains_non_strict_U2,
20251217_24_10,True,True,False,True,auxiliary_pretraining_candidate,remains_non_strict_U2,
20251217_24_12,True,True,False,True,auxiliary_pretraining_candidate,remains_non_strict_U2,
20251218_03_12,True,True,False,True,auxiliary_pretraining_candidate,remains_non_strict_U2,
20251218_05_01,True,True,False,True,auxiliary_pretraining_candidate,remains_non_strict_U2,
20251218_05_02,True,True,False,True,auxiliary_pretraining_candidate,remains_non_strict_U2,
20251218_11_01,True,True,False,True,auxiliary_pretraining_candidate,remains_non_strict_U2,
20251218_12_04,True,True,False,True,auxiliary_pretraining_candidate,remains_non_strict_U2,
20251218_16_02,True,True,False,True,auxiliary_pretraining_candidate,remains_non_strict_U2,
20251218_18_01,True,True,False,True,auxiliary_pretraining_candidate,remains_non_strict_U2,
20251218_18_12,True,True,False,True,auxiliary_pretraining_candidate,remains_non_strict_U2,
20251218_21_09,True,True,False,True,auxiliary_pretraining_candidate,remains_non_strict_U2,
20251218_22_03,True,True,False,True,auxiliary_pretraining_candidate,remains_non_strict_U2,
20251218_24_01,True,True,False,True,auxiliary_pretraining_candidate,remains_non_strict_U2,
20251218_24_05,True,True,False,True,auxiliary_pretraining_candidate,remains_non_strict_U2,
20251218_24_12,True,True,False,True,auxiliary_pretraining_candidate,remains_non_strict_U2,
20251219_02_10,True,True,False,True,auxiliary_pretraining_candidate,remains_non_strict_U2,
20251219_03_10,True,True,False,True,auxiliary_pretraining_candidate,remains_non_strict_U2,
20251219_03_12,True,True,False,True,auxiliary_pretraining_candidate,remains_non_strict_U2,
20251219_11_02,True,True,False,True,auxiliary_pretraining_candidate,remains_non_strict_U2,
20251219_11_08,True,True,False,True,auxiliary_pretraining_candidate,remains_non_strict_U2,
20251219_12_12,True,True,False,True,auxiliary_pretraining_candidate,remains_non_strict_U2,
20251219_19_07,True,True,False,True,auxiliary_pretraining_candidate,remains_non_strict_U2,
20251220_02_06,True,True,False,True,auxiliary_pretraining_candidate,remains_non_strict_U2,
20251220_02_11,True,True,False,True,auxiliary_pretraining_candidate,remains_non_strict_U2,
20251220_14_05,True,True,False,True,auxiliary_pretraining_candidate,remains_non_strict_U2,
20251220_14_07,True,True,False,True,auxiliary_pretraining_candidate,remains_non_strict_U2,
20251220_14_11,True,True,False,True,auxiliary_pretraining_candidate,remains_non_strict_U2,
20251220_16_09,True,True,False,True,auxiliary_pretraining_candidate,remains_non_strict_U2,
20251220_16_11,True,True,False,True,auxiliary_pretraining_candidate,remains_non_strict_U2,
20251220_17_03,True,True,False,True,auxiliary_pretraining_candidate,remains_non_strict_U2,
20251220_21_09,True,True,False,True,auxiliary_pretraining_candidate,remains_non_strict_U2,
20251220_22_09,True,True,False,True,auxiliary_pretraining_candidate,remains_non_strict_U2,
20251221_02_09,True,True,False,True,auxiliary_pretraining_candidate,remains_non_strict_U2,
20251221_03_09,True,True,False,True,auxiliary_pretraining_candidate,remains_non_strict_U2,
20251221_08_04,True,True,False,True,auxiliary_pretraining_candidate,remains_non_strict_U2,
20251221_08_09,True,True,False,True,auxiliary_pretraining_candidate,remains_non_strict_U2,
20251221_17_07,True,True,False,True,auxiliary_pretraining_candidate,remains_non_strict_U2,
20251221_17_08,True,True,False,True,auxiliary_pretraining_candidate,remains_non_strict_U2,
20251221_20_06,True,True,False,True,auxiliary_pretraining_candidate,remains_non_strict_U2,
20251221_21_07,True,True,False,True,auxiliary_pretraining_candidate,remains_non_strict_U2,
20251221_21_08,True,True,False,True,auxiliary_pretraining_candidate,remains_non_strict_U2,
20251221_21_12,True,True,False,True,auxiliary_pretraining_candidate,remains_non_strict_U2,
20251222_06_06,True,True,False,True,auxiliary_pretraining_candidate,remains_non_strict_U2,
20251222_06_10,True,True,False,True,auxiliary_pretraining_candidate,remains_non_strict_U2,
20251222_07_11,True,True,False,True,auxiliary_pretraining_candidate,remains_non_strict_U2,
20251222_08_02,True,True,False,True,auxiliary_pretraining_candidate,remains_non_strict_U2,
20251222_09_06,True,True,False,True,auxiliary_pretraining_candidate,remains_non_strict_U2,
20251222_16_08,True,True,False,True,auxiliary_pretraining_candidate,remains_non_strict_U2,
20251222_17_06,True,True,False,True,auxiliary_pretraining_candidate,remains_non_strict_U2,
20251222_21_02,True,True,False,True,auxiliary_pretraining_candidate,remains_non_strict_U2,
20251222_21_12,True,True,False,True,auxiliary_pretraining_candidate,remains_non_strict_U2,
20251222_23_02,True,True,False,True,auxiliary_pretraining_candidate,remains_non_strict_U2,
20251223_02_11,True,True,False,True,auxiliary_pretraining_candidate,remains_non_strict_U2,
20251223_07_06,True,True,False,True,auxiliary_pretraining_candidate,remains_non_strict_U2,
20251223_08_09,True,True,False,True,auxiliary_pretraining_candidate,remains_non_strict_U2,
20251223_14_05,True,True,False,True,auxiliary_pretraining_candidate,remains_non_strict_U2,
20251223_15_02,True,True,False,True,auxiliary_pretraining_candidate,remains_non_strict_U2,
20251223_15_08,True,True,False,True,auxiliary_pretraining_candidate,remains_non_strict_U2,
20251223_17_07,True,True,False,True,auxiliary_pretraining_candidate,remains_non_strict_U2,
20251223_17_09,True,True,False,True,auxiliary_pretraining_candidate,remains_non_strict_U2,
20251223_21_01,True,True,False,True,auxiliary_pretraining_candidate,remains_non_strict_U2,
20251223_21_02,True,True,False,True,auxiliary_pretraining_candidate,remains_non_strict_U2,
20251223_21_09,True,True,False,True,auxiliary_pretraining_candidate,remains_non_strict_U2,
20251224_02_08,True,True,False,True,auxiliary_pretraining_candidate,remains_non_strict_U2,
20251224_07_05,True,True,False,True,auxiliary_pretraining_candidate,remains_non_strict_U2,
20251224_07_06,True,True,False,True,auxiliary_pretraining_candidate,remains_non_strict_U2,
20251224_08_08,True,True,False,True,auxiliary_pretraining_candidate,remains_non_strict_U2,
20251224_10_11,True,True,False,True,auxiliary_pretraining_candidate,remains_non_strict_U2,
20251224_11_05,True,True,False,True,auxiliary_pretraining_candidate,remains_non_strict_U2,
20251224_11_10,True,True,False,True,auxiliary_pretraining_candidate,remains_non_strict_U2,
20251224_13_03,True,True,False,True,auxiliary_pretraining_candidate,remains_non_strict_U2,
20251224_16_10,True,True,False,True,auxiliary_pretraining_candidate,remains_non_strict_U2,
20251224_16_12,True,True,False,True,auxiliary_pretraining_candidate,remains_non_strict_U2,
20251224_17_02,True,True,False,True,auxiliary_pretraining_candidate,remains_non_strict_U2,
20251224_18_06,True,True,False,True,auxiliary_pretraining_candidate,remains_non_strict_U2,
20251225_03_09,True,True,False,True,auxiliary_pretraining_candidate,remains_non_strict_U2,
20251225_07_01,True,True,False,True,auxiliary_pretraining_candidate,remains_non_strict_U2,
20251225_12_01,True,True,False,True,auxiliary_pretraining_candidate,remains_non_strict_U2,
20251225_12_09,True,True,False,True,auxiliary_pretraining_candidate,remains_non_strict_U2,
20251225_18_06,True,True,False,True,auxiliary_pretraining_candidate,remains_non_strict_U2,
20251225_22_07,True,True,False,True,auxiliary_pretraining_candidate,remains_non_strict_U2,
20251226_03_02,True,True,False,True,auxiliary_pretraining_candidate,remains_non_strict_U2,
20251226_03_03,True,True,False,True,auxiliary_pretraining_candidate,remains_non_strict_U2,
20251226_03_07,True,True,False,True,auxiliary_pretraining_candidate,remains_non_strict_U2,
20251226_03_12,True,True,False,True,auxiliary_pretraining_candidate,remains_non_strict_U2,
20251226_04_04,True,True,False,True,auxiliary_pretraining_candidate,remains_non_strict_U2,
20251226_04_06,True,True,False,True,auxiliary_pretraining_candidate,remains_non_strict_U2,
20251226_07_01,True,True,False,True,auxiliary_pretraining_candidate,remains_non_strict_U2,
20251226_07_11,True,True,False,True,auxiliary_pretraining_candidate,remains_non_strict_U2,
20251226_08_01,True,True,False,True,auxiliary_pretraining_candidate,remains_non_strict_U2,
20251226_08_02,True,True,False,True,auxiliary_pretraining_candidate,remains_non_strict_U2,
20251226_09_03,True,True,False,True,auxiliary_pretraining_candidate,remains_non_strict_U2,
20251226_09_06,True,True,False,True,auxiliary_pretraining_candidate,remains_non_strict_U2,
20251226_09_08,True,True,False,True,auxiliary_pretraining_candidate,remains_non_strict_U2,
20251226_10_04,True,True,False,True,auxiliary_pretraining_candidate,remains_non_strict_U2,
20251226_13_04,True,True,False,True,auxiliary_pretraining_candidate,remains_non_strict_U2,
20251226_18_08,True,True,False,True,auxiliary_pretraining_candidate,remains_non_strict_U2,
20251226_18_12,True,True,False,True,auxiliary_pretraining_candidate,remains_non_strict_U2,
20251226_24_04,True,True,False,True,auxiliary_pretraining_candidate,remains_non_strict_U2,
20251226_24_12,True,True,False,True,auxiliary_pretraining_candidate,remains_non_strict_U2,
20251227_01_06,True,True,False,True,auxiliary_pretraining_candidate,remains_non_strict_U2,
20251227_01_08,True,True,False,True,auxiliary_pretraining_candidate,remains_non_strict_U2,
20251227_03_01,True,True,False,True,auxiliary_pretraining_candidate,remains_non_strict_U2,
20251227_03_10,True,True,False,True,auxiliary_pretraining_candidate,remains_non_strict_U2,
20251227_07_11,True,True,False,True,auxiliary_pretraining_candidate,remains_non_strict_U2,
20251227_11_05,True,True,False,True,auxiliary_pretraining_candidate,remains_non_strict_U2,
20251227_12_11,True,True,False,True,auxiliary_pretraining_candidate,remains_non_strict_U2,
20251227_18_06,True,True,False,True,auxiliary_pretraining_candidate,remains_non_strict_U2,
20251228_01_08,True,True,False,True,auxiliary_pretraining_candidate,remains_non_strict_U2,
20251228_02_05,True,True,False,True,auxiliary_pretraining_candidate,remains_non_strict_U2,
20251228_02_12,True,True,False,True,auxiliary_pretraining_candidate,remains_non_strict_U2,
20251228_04_01,True,True,False,True,auxiliary_pretraining_candidate,remains_non_strict_U2,
20251228_05_01,True,True,False,True,auxiliary_pretraining_candidate,remains_non_strict_U2,
20251228_05_09,True,True,False,True,auxiliary_pretraining_candidate,remains_non_strict_U2,
20251228_13_07,True,True,False,True,auxiliary_pretraining_candidate,remains_non_strict_U2,
20251228_19_02,True,True,False,True,auxiliary_pretraining_candidate,remains_non_strict_U2,
20251228_19_05,True,True,False,True,auxiliary_pretraining_candidate,remains_non_strict_U2,
20251228_22_01,True,True,False,True,auxiliary_pretraining_candidate,remains_non_strict_U2,
20251228_22_09,True,True,False,True,auxiliary_pretraining_candidate,remains_non_strict_U2,
20251229_01_07,True,True,False,True,auxiliary_pretraining_candidate,remains_non_strict_U2,
20251229_03_02,True,True,False,True,auxiliary_pretraining_candidate,remains_non_strict_U2,
20251229_04_05,True,True,False,True,auxiliary_pretraining_candidate,remains_non_strict_U2,
20251229_05_01,True,True,False,True,auxiliary_pretraining_candidate,remains_non_strict_U2,
20251229_08_06,True,True,False,True,auxiliary_pretraining_candidate,remains_non_strict_U2,
20251229_12_06,True,True,False,True,auxiliary_pretraining_candidate,remains_non_strict_U2,
20251229_12_07,True,True,False,True,auxiliary_pretraining_candidate,remains_non_strict_U2,
20251229_13_04,True,True,False,True,auxiliary_pretraining_candidate,remains_non_strict_U2,
20251229_13_07,True,True,False,True,auxiliary_pretraining_candidate,remains_non_strict_U2,
20251229_16_12,True,True,False,True,auxiliary_pretraining_candidate,remains_non_strict_U2,
20251229_19_04,True,True,False,True,auxiliary_pretraining_candidate,remains_non_strict_U2,
20251229_21_07,True,True,False,True,auxiliary_pretraining_candidate,remains_non_strict_U2,
20251229_22_08,True,True,False,True,auxiliary_pretraining_candidate,remains_non_strict_U2,
20251229_24_10,True,True,False,True,auxiliary_pretraining_candidate,remains_non_strict_U2,
20251230_01_09,True,True,False,True,auxiliary_pretraining_candidate,remains_non_strict_U2,
20251230_01_10,True,True,False,True,auxiliary_pretraining_candidate,remains_non_strict_U2,
20251230_01_12,True,True,False,True,auxiliary_pretraining_candidate,remains_non_strict_U2,
20251230_04_03,True,True,False,True,auxiliary_pretraining_candidate,remains_non_strict_U2,
20251230_05_07,True,True,False,True,auxiliary_pretraining_candidate,remains_non_strict_U2,
20251230_05_11,True,True,False,True,auxiliary_pretraining_candidate,remains_non_strict_U2,
20251230_08_11,True,True,False,True,auxiliary_pretraining_candidate,remains_non_strict_U2,
20251230_10_08,True,True,False,True,auxiliary_pretraining_candidate,remains_non_strict_U2,
20251230_12_02,True,True,False,True,auxiliary_pretraining_candidate,remains_non_strict_U2,
20251230_12_10,True,True,False,True,auxiliary_pretraining_candidate,remains_non_strict_U2,
20251230_13_02,True,True,False,True,auxiliary_pretraining_candidate,remains_non_strict_U2,
20251230_13_07,True,True,False,True,auxiliary_pretraining_candidate,remains_non_strict_U2,
20251230_16_05,True,True,False,True,auxiliary_pretraining_candidate,remains_non_strict_U2,
20251230_17_01,True,True,False,True,auxiliary_pretraining_candidate,remains_non_strict_U2,
20251230_17_05,True,True,False,True,auxiliary_pretraining_candidate,remains_non_strict_U2,
20251230_17_08,True,True,False,True,auxiliary_pretraining_candidate,remains_non_strict_U2,
20251230_17_10,True,True,False,True,auxiliary_pretraining_candidate,remains_non_strict_U2,
20251230_19_02,True,True,False,True,auxiliary_pretraining_candidate,remains_non_strict_U2,
20251230_21_06,True,True,False,True,auxiliary_pretraining_candidate,remains_non_strict_U2,
20251230_21_08,True,True,False,True,auxiliary_pretraining_candidate,remains_non_strict_U2,
20251230_22_01,True,True,False,True,auxiliary_pretraining_candidate,remains_non_strict_U2,
20251230_22_10,True,True,False,True,auxiliary_pretraining_candidate,remains_non_strict_U2,
20251230_24_08,True,True,False,True,auxiliary_pretraining_candidate,remains_non_strict_U2,
20251231_01_10,True,True,False,True,auxiliary_pretraining_candidate,remains_non_strict_U2,
20251231_04_06,True,True,False,True,auxiliary_pretraining_candidate,remains_non_strict_U2,
20251231_05_11,True,True,False,True,auxiliary_pretraining_candidate,remains_non_strict_U2,
20251231_06_03,True,True,False,True,auxiliary_pretraining_candidate,remains_non_strict_U2,
20251231_07_02,True,True,False,True,auxiliary_pretraining_candidate,remains_non_strict_U2,
20251231_08_08,True,True,False,True,auxiliary_pretraining_candidate,remains_non_strict_U2,
20251231_09_08,True,True,False,True,auxiliary_pretraining_candidate,remains_non_strict_U2,
20251231_10_03,True,True,False,True,auxiliary_pretraining_candidate,remains_non_strict_U2,
20251231_10_05,True,True,False,True,auxiliary_pretraining_candidate,remains_non_strict_U2,
20251231_15_05,True,True,False,True,auxiliary_pretraining_candidate,remains_non_strict_U2,
20251231_16_04,True,True,False,True,auxiliary_pretraining_candidate,remains_non_strict_U2,
20251231_16_12,True,True,False,True,auxiliary_pretraining_candidate,remains_non_strict_U2,
20251231_19_02,True,True,False,True,auxiliary_pretraining_candidate,remains_non_strict_U2,
20251231_23_12,True,True,False,True,auxiliary_pretraining_candidate,remains_non_strict_U2,
20260101_06_04,True,True,False,True,auxiliary_pretraining_candidate,remains_non_strict_U2,
20260101_06_07,True,True,False,True,auxiliary_pretraining_candidate,remains_non_strict_U2,
20260101_07_09,True,True,False,True,auxiliary_pretraining_candidate,remains_non_strict_U2,
20260101_08_11,True,True,False,True,auxiliary_pretraining_candidate,remains_non_strict_U2,
20260101_10_07,True,True,False,True,auxiliary_pretraining_candidate,remains_non_strict_U2,
20260101_10_12,True,True,False,True,auxiliary_pretraining_candidate,remains_non_strict_U2,
20260101_14_10,True,True,False,True,auxiliary_pretraining_candidate,remains_non_strict_U2,
20260101_16_02,True,True,False,True,auxiliary_pretraining_candidate,remains_non_strict_U2,
20260101_20_02,True,True,False,True,auxiliary_pretraining_candidate,remains_non_strict_U2,
20260101_23_05,True,True,False,True,auxiliary_pretraining_candidate,remains_non_strict_U2,
20260101_23_10,True,True,False,True,auxiliary_pretraining_candidate,remains_non_strict_U2,
20260102_03_07,True,True,False,True,auxiliary_pretraining_candidate,remains_non_strict_U2,
20260102_03_12,True,True,False,True,auxiliary_pretraining_candidate,remains_non_strict_U2,
20260102_06_06,True,True,False,True,auxiliary_pretraining_candidate,remains_non_strict_U2,
20260102_09_03,True,True,False,True,auxiliary_pretraining_candidate,remains_non_strict_U2,
20260102_10_04,True,True,False,True,auxiliary_pretraining_candidate,remains_non_strict_U2,
20260102_10_12,True,True,False,True,auxiliary_pretraining_candidate,remains_non_strict_U2,
20260102_12_04,True,True,False,True,auxiliary_pretraining_candidate,remains_non_strict_U2,
20260102_12_05,True,True,False,True,auxiliary_pretraining_candidate,remains_non_strict_U2,
20260102_14_11,True,True,False,True,auxiliary_pretraining_candidate,remains_non_strict_U2,
20260102_15_09,True,True,False,True,auxiliary_pretraining_candidate,remains_non_strict_U2,
20260102_17_05,True,True,False,True,auxiliary_pretraining_candidate,remains_non_strict_U2,
20260102_17_06,True,True,False,True,auxiliary_pretraining_candidate,remains_non_strict_U2,
20260102_18_06,True,True,False,True,auxiliary_pretraining_candidate,remains_non_strict_U2,
20260102_18_09,True,True,False,True,auxiliary_pretraining_candidate,remains_non_strict_U2,
20260102_19_03,True,True,False,True,auxiliary_pretraining_candidate,remains_non_strict_U2,
20260102_20_03,True,True,False,True,auxiliary_pretraining_candidate,remains_non_strict_U2,
20260102_20_06,True,True,False,True,auxiliary_pretraining_candidate,remains_non_strict_U2,
20260102_20_10,True,True,False,True,auxiliary_pretraining_candidate,remains_non_strict_U2,
20260102_21_07,True,True,False,True,auxiliary_pretraining_candidate,remains_non_strict_U2,
20260102_21_09,True,True,False,True,auxiliary_pretraining_candidate,remains_non_strict_U2,
20260102_21_12,True,True,False,True,auxiliary_pretraining_candidate,remains_non_strict_U2,
20260103_01_03,True,True,False,True,auxiliary_pretraining_candidate,remains_non_strict_U2,
20260103_01_10,True,True,False,True,auxiliary_pretraining_candidate,remains_non_strict_U2,
20260103_02_06,True,True,False,True,auxiliary_pretraining_candidate,remains_non_strict_U2,
20260103_06_03,True,True,False,True,auxiliary_pretraining_candidate,remains_non_strict_U2,
20260103_07_02,True,True,False,True,auxiliary_pretraining_candidate,remains_non_strict_U2,
20260103_08_11,True,True,False,True,auxiliary_pretraining_candidate,remains_non_strict_U2,
20260103_09_06,True,True,False,True,auxiliary_pretraining_candidate,remains_non_strict_U2,
20260103_09_11,True,True,False,True,auxiliary_pretraining_candidate,remains_non_strict_U2,
20260103_11_07,True,True,False,True,auxiliary_pretraining_candidate,remains_non_strict_U2,
20260103_12_09,True,True,False,True,auxiliary_pretraining_candidate,remains_non_strict_U2,
20260103_14_02,True,True,False,True,auxiliary_pretraining_candidate,remains_non_strict_U2,
20260103_17_01,True,True,False,True,auxiliary_pretraining_candidate,remains_non_strict_U2,
20260103_17_08,True,True,False,True,auxiliary_pretraining_candidate,remains_non_strict_U2,
20260103_17_12,True,True,False,True,auxiliary_pretraining_candidate,remains_non_strict_U2,
20260103_20_09,True,True,False,True,auxiliary_pretraining_candidate,remains_non_strict_U2,
20260103_21_06,True,True,False,True,auxiliary_pretraining_candidate,remains_non_strict_U2,
20260103_22_09,True,True,False,True,auxiliary_pretraining_candidate,remains_non_strict_U2,
20260104_02_03,True,True,False,True,auxiliary_pretraining_candidate,remains_non_strict_U2,
20260104_02_08,True,True,False,True,auxiliary_pretraining_candidate,remains_non_strict_U2,
20260104_05_06,True,True,False,True,auxiliary_pretraining_candidate,remains_non_strict_U2,
20260104_09_07,True,True,False,True,auxiliary_pretraining_candidate,remains_non_strict_U2,
20260104_10_03,True,True,False,True,auxiliary_pretraining_candidate,remains_non_strict_U2,
20260104_10_05,True,True,False,True,auxiliary_pretraining_candidate,remains_non_strict_U2,
20260104_10_11,True,True,False,True,auxiliary_pretraining_candidate,remains_non_strict_U2,
20260104_11_07,True,True,False,True,auxiliary_pretraining_candidate,remains_non_strict_U2,
20260104_13_08,True,True,False,True,auxiliary_pretraining_candidate,remains_non_strict_U2,
20260104_14_09,True,True,False,True,auxiliary_pretraining_candidate,remains_non_strict_U2,
20260104_14_12,True,True,False,True,auxiliary_pretraining_candidate,remains_non_strict_U2,
20260104_15_06,True,True,False,True,auxiliary_pretraining_candidate,remains_non_strict_U2,
20260104_17_05,True,True,False,True,auxiliary_pretraining_candidate,remains_non_strict_U2,
20260104_17_12,True,True,False,True,auxiliary_pretraining_candidate,remains_non_strict_U2,
20260104_20_03,True,True,False,True,auxiliary_pretraining_candidate,remains_non_strict_U2,
20260104_20_06,True,True,False,True,auxiliary_pretraining_candidate,remains_non_strict_U2,
20260104_22_05,True,True,False,True,auxiliary_pretraining_candidate,remains_non_strict_U2,
20260104_23_12,True,True,False,True,auxiliary_pretraining_candidate,remains_non_strict_U2,
20260105_03_04,True,True,False,True,auxiliary_pretraining_candidate,remains_non_strict_U2,
20260105_03_12,True,True,False,True,auxiliary_pretraining_candidate,remains_non_strict_U2,
20260105_11_06,True,True,False,True,auxiliary_pretraining_candidate,remains_non_strict_U2,
20260105_12_07,True,True,False,True,auxiliary_pretraining_candidate,remains_non_strict_U2,
20260105_19_05,True,True,False,True,auxiliary_pretraining_candidate,remains_non_strict_U2,
20260105_19_08,True,True,False,True,auxiliary_pretraining_candidate,remains_non_strict_U2,
20260105_20_02,True,True,False,True,auxiliary_pretraining_candidate,remains_non_strict_U2,
20260105_22_06,True,True,False,True,auxiliary_pretraining_candidate,remains_non_strict_U2,
20260105_22_07,True,True,False,True,auxiliary_pretraining_candidate,remains_non_strict_U2,
20260105_23_09,True,True,False,True,auxiliary_pretraining_candidate,remains_non_strict_U2,
20260105_24_02,True,True,False,True,auxiliary_pretraining_candidate,remains_non_strict_U2,
20260105_24_03,True,True,False,True,auxiliary_pretraining_candidate,remains_non_strict_U2,
20260106_04_07,True,True,False,True,auxiliary_pretraining_candidate,remains_non_strict_U2,
20260106_11_07,True,True,False,True,auxiliary_pretraining_candidate,remains_non_strict_U2,
20260106_11_10,True,True,False,True,auxiliary_pretraining_candidate,remains_non_strict_U2,
20260106_13_07,True,True,False,True,auxiliary_pretraining_candidate,remains_non_strict_U2,
20260106_14_04,True,True,False,True,auxiliary_pretraining_candidate,remains_non_strict_U2,
20260106_22_06,True,True,False,True,auxiliary_pretraining_candidate,remains_non_strict_U2,
20260106_23_10,True,True,False,True,auxiliary_pretraining_candidate,remains_non_strict_U2,
20260106_24_03,True,True,False,True,auxiliary_pretraining_candidate,remains_non_strict_U2,
20260107_02_01,True,True,False,True,auxiliary_pretraining_candidate,remains_non_strict_U2,
20260107_03_01,True,True,False,True,auxiliary_pretraining_candidate,remains_non_strict_U2,
20260107_04_03,True,True,False,True,auxiliary_pretraining_candidate,remains_non_strict_U2,
20260107_07_05,True,True,False,True,auxiliary_pretraining_candidate,remains_non_strict_U2,
20260107_11_02,True,True,False,True,auxiliary_pretraining_candidate,remains_non_strict_U2,
20260107_13_02,True,True,False,True,auxiliary_pretraining_candidate,remains_non_strict_U2,
20260107_18_06,True,True,False,True,auxiliary_pretraining_candidate,remains_non_strict_U2,
20260107_22_04,True,True,False,True,auxiliary_pretraining_candidate,remains_non_strict_U2,
20260107_22_12,True,True,False,True,auxiliary_pretraining_candidate,remains_non_strict_U2,
20260107_24_10,True,True,False,True,auxiliary_pretraining_candidate,remains_non_strict_U2,
20260108_02_09,True,True,False,True,auxiliary_pretraining_candidate,remains_non_strict_U2,
20260108_04_02,True,True,False,True,auxiliary_pretraining_candidate,remains_non_strict_U2,
20260108_10_06,True,True,False,True,auxiliary_pretraining_candidate,remains_non_strict_U2,
20260108_11_01,True,True,False,True,auxiliary_pretraining_candidate,remains_non_strict_U2,
20260108_13_12,True,True,False,True,auxiliary_pretraining_candidate,remains_non_strict_U2,
20260108_22_01,True,True,False,True,auxiliary_pretraining_candidate,remains_non_strict_U2,
20260108_22_03,True,True,False,True,auxiliary_pretraining_candidate,remains_non_strict_U2,
20260108_24_01,True,True,False,True,auxiliary_pretraining_candidate,remains_non_strict_U2,
20260109_04_09,True,True,False,True,auxiliary_pretraining_candidate,remains_non_strict_U2,
20260109_06_04,True,True,False,True,auxiliary_pretraining_candidate,remains_non_strict_U2,
20260109_09_01,True,True,False,True,auxiliary_pretraining_candidate,remains_non_strict_U2,
20260109_10_07,True,True,False,True,auxiliary_pretraining_candidate,remains_non_strict_U2,
20260109_10_10,True,True,False,True,auxiliary_pretraining_candidate,remains_non_strict_U2,
20260110_05_03,True,True,False,True,auxiliary_pretraining_candidate,remains_non_strict_U2,
20260110_05_08,True,True,False,True,auxiliary_pretraining_candidate,remains_non_strict_U2,
20260110_05_10,True,True,False,True,auxiliary_pretraining_candidate,remains_non_strict_U2,
20260110_07_10,True,True,False,True,auxiliary_pretraining_candidate,remains_non_strict_U2,
20260110_15_06,True,True,False,True,auxiliary_pretraining_candidate,remains_non_strict_U2,
20260110_17_05,True,True,False,True,auxiliary_pretraining_candidate,remains_non_strict_U2,
20260111_02_09,True,True,False,True,auxiliary_pretraining_candidate,remains_non_strict_U2,
20260111_02_10,True,True,False,True,auxiliary_pretraining_candidate,remains_non_strict_U2,
20260111_14_02,True,True,False,True,auxiliary_pretraining_candidate,remains_non_strict_U2,
20260111_14_03,True,True,False,True,auxiliary_pretraining_candidate,remains_non_strict_U2,
20260111_16_06,True,True,False,True,auxiliary_pretraining_candidate,remains_non_strict_U2,
20260111_17_05,True,True,False,True,auxiliary_pretraining_candidate,remains_non_strict_U2,
20260111_17_07,True,True,False,True,auxiliary_pretraining_candidate,remains_non_strict_U2,
20260111_17_11,True,True,False,True,auxiliary_pretraining_candidate,remains_non_strict_U2,
20260111_18_12,True,True,False,True,auxiliary_pretraining_candidate,remains_non_strict_U2,
20260111_20_09,True,True,False,True,auxiliary_pretraining_candidate,remains_non_strict_U2,
20260111_20_11,True,True,False,True,auxiliary_pretraining_candidate,remains_non_strict_U2,
20260112_05_02,True,True,False,True,auxiliary_pretraining_candidate,remains_non_strict_U2,
20260112_05_03,True,True,False,True,auxiliary_pretraining_candidate,remains_non_strict_U2,
20260112_13_07,True,True,False,True,auxiliary_pretraining_candidate,remains_non_strict_U2,
20260112_14_02,True,True,False,True,auxiliary_pretraining_candidate,remains_non_strict_U2,
20260112_14_08,True,True,False,True,auxiliary_pretraining_candidate,remains_non_strict_U2,
20260112_14_11,True,True,False,True,auxiliary_pretraining_candidate,remains_non_strict_U2,
20260112_15_02,True,True,False,True,auxiliary_pretraining_candidate,remains_non_strict_U2,
20260112_17_08,True,True,False,True,auxiliary_pretraining_candidate,remains_non_strict_U2,
20260112_17_11,True,True,False,True,auxiliary_pretraining_candidate,remains_non_strict_U2,
20260113_05_09,True,True,False,True,auxiliary_pretraining_candidate,remains_non_strict_U2,
20260113_12_04,True,True,False,True,auxiliary_pretraining_candidate,remains_non_strict_U2,
20260113_12_12,True,True,False,True,auxiliary_pretraining_candidate,remains_non_strict_U2,
20260113_13_08,True,True,False,True,auxiliary_pretraining_candidate,remains_non_strict_U2,
20260113_14_07,True,True,False,True,auxiliary_pretraining_candidate,remains_non_strict_U2,
20260113_14_10,True,True,False,True,auxiliary_pretraining_candidate,remains_non_strict_U2,
20260113_15_02,True,True,False,True,auxiliary_pretraining_candidate,remains_non_strict_U2,
20260113_17_03,True,True,False,True,auxiliary_pretraining_candidate,remains_non_strict_U2,
20260113_17_12,True,True,False,True,auxiliary_pretraining_candidate,remains_non_strict_U2,
20260113_19_09,True,True,False,True,auxiliary_pretraining_candidate,remains_non_strict_U2,
20260113_20_02,True,True,False,True,auxiliary_pretraining_candidate,remains_non_strict_U2,
20260113_20_05,True,True,False,True,auxiliary_pretraining_candidate,remains_non_strict_U2,
20260113_21_06,True,True,False,True,auxiliary_pretraining_candidate,remains_non_strict_U2,
20260114_03_02,True,True,False,True,auxiliary_pretraining_candidate,remains_non_strict_U2,
20260114_03_12,True,True,False,True,auxiliary_pretraining_candidate,remains_non_strict_U2,
20260114_07_02,True,True,False,True,auxiliary_pretraining_candidate,remains_non_strict_U2,
20260114_07_08,True,True,False,True,auxiliary_pretraining_candidate,remains_non_strict_U2,
20260114_07_10,True,True,False,True,auxiliary_pretraining_candidate,remains_non_strict_U2,
20260114_13_02,True,True,False,True,auxiliary_pretraining_candidate,remains_non_strict_U2,
20260114_13_11,True,True,False,True,auxiliary_pretraining_candidate,remains_non_strict_U2,
20260114_14_03,True,True,False,True,auxiliary_pretraining_candidate,remains_non_strict_U2,
20260114_14_08,True,True,False,True,auxiliary_pretraining_candidate,remains_non_strict_U2,
20260114_14_10,True,True,False,True,auxiliary_pretraining_candidate,remains_non_strict_U2,
20260114_14_12,True,True,False,True,auxiliary_pretraining_candidate,remains_non_strict_U2,
20260114_15_02,True,True,False,True,auxiliary_pretraining_candidate,remains_non_strict_U2,
20260114_15_07,True,True,False,True,auxiliary_pretraining_candidate,remains_non_strict_U2,
20260114_22_04,True,True,False,True,auxiliary_pretraining_candidate,remains_non_strict_U2,
20260115_01_01,True,True,False,True,auxiliary_pretraining_candidate,remains_non_strict_U2,
20260115_03_03,True,True,False,True,auxiliary_pretraining_candidate,remains_non_strict_U2,
20260115_03_09,True,True,False,True,auxiliary_pretraining_candidate,remains_non_strict_U2,
20260115_03_10,True,True,False,True,auxiliary_pretraining_candidate,remains_non_strict_U2,
20260115_05_03,True,True,False,True,auxiliary_pretraining_candidate,remains_non_strict_U2,
20260115_05_06,True,True,False,True,auxiliary_pretraining_candidate,remains_non_strict_U2,
20260115_06_03,True,True,False,True,auxiliary_pretraining_candidate,remains_non_strict_U2,
20260115_07_11,True,True,False,True,auxiliary_pretraining_candidate,remains_non_strict_U2,
20260115_09_10,True,True,False,True,auxiliary_pretraining_candidate,remains_non_strict_U2,
20260115_12_07,True,True,False,True,auxiliary_pretraining_candidate,remains_non_strict_U2,
20260115_22_12,True,True,False,True,auxiliary_pretraining_candidate,remains_non_strict_U2,
20260115_23_08,True,True,False,True,auxiliary_pretraining_candidate,remains_non_strict_U2,
20260115_24_09,True,True,False,True,auxiliary_pretraining_candidate,remains_non_strict_U2,
20260116_04_04,True,True,False,True,auxiliary_pretraining_candidate,remains_non_strict_U2,
20260116_07_08,True,True,False,True,auxiliary_pretraining_candidate,remains_non_strict_U2,
20260116_12_11,True,True,False,True,auxiliary_pretraining_candidate,remains_non_strict_U2,
20260116_21_10,True,True,False,True,auxiliary_pretraining_candidate,remains_non_strict_U2,
20260116_22_04,True,True,False,True,auxiliary_pretraining_candidate,remains_non_strict_U2,
20260116_23_01,True,True,False,True,auxiliary_pretraining_candidate,remains_non_strict_U2,
20260116_24_01,True,True,False,True,auxiliary_pretraining_candidate,remains_non_strict_U2,
20260117_02_02,True,True,False,True,auxiliary_pretraining_candidate,remains_non_strict_U2,
20260117_02_12,True,True,False,True,auxiliary_pretraining_candidate,remains_non_strict_U2,
20260117_04_03,True,True,False,True,auxiliary_pretraining_candidate,remains_non_strict_U2,
20260117_16_09,True,True,False,True,auxiliary_pretraining_candidate,remains_non_strict_U2,
20260117_18_09,True,True,False,True,auxiliary_pretraining_candidate,remains_non_strict_U2,
20260117_21_01,True,True,False,True,auxiliary_pretraining_candidate,remains_non_strict_U2,
20260117_23_12,True,True,False,True,auxiliary_pretraining_candidate,remains_non_strict_U2,
20260117_24_12,True,True,False,True,auxiliary_pretraining_candidate,remains_non_strict_U2,
20260118_02_06,True,True,False,True,auxiliary_pretraining_candidate,remains_non_strict_U2,
20260118_04_10,True,True,False,True,auxiliary_pretraining_candidate,remains_non_strict_U2,
20260118_04_11,True,True,False,True,auxiliary_pretraining_candidate,remains_non_strict_U2,
20260118_06_01,True,True,False,True,auxiliary_pretraining_candidate,remains_non_strict_U2,
20260118_06_03,True,True,False,True,auxiliary_pretraining_candidate,remains_non_strict_U2,
20260118_06_12,True,True,False,True,auxiliary_pretraining_candidate,remains_non_strict_U2,
20260118_08_07,True,True,False,True,auxiliary_pretraining_candidate,remains_non_strict_U2,
20260118_09_02,True,True,False,True,auxiliary_pretraining_candidate,remains_non_strict_U2,
20260118_09_10,True,True,False,True,auxiliary_pretraining_candidate,remains_non_strict_U2,
20260118_15_08,True,True,False,True,auxiliary_pretraining_candidate,remains_non_strict_U2,
20260118_15_10,True,True,False,True,auxiliary_pretraining_candidate,remains_non_strict_U2,
20260118_15_11,True,True,False,True,auxiliary_pretraining_candidate,remains_non_strict_U2,
20260118_19_06,True,True,False,True,auxiliary_pretraining_candidate,remains_non_strict_U2,
20260118_20_04,True,True,False,True,auxiliary_pretraining_candidate,remains_non_strict_U2,
20260118_20_06,True,True,False,True,auxiliary_pretraining_candidate,remains_non_strict_U2,
20260118_22_02,True,True,False,True,auxiliary_pretraining_candidate,remains_non_strict_U2,
20260118_24_03,True,True,False,True,auxiliary_pretraining_candidate,remains_non_strict_U2,
20260119_06_07,True,True,False,True,auxiliary_pretraining_candidate,remains_non_strict_U2,
20260119_06_10,True,True,False,True,auxiliary_pretraining_candidate,remains_non_strict_U2,
20260119_09_01,True,True,False,True,auxiliary_pretraining_candidate,remains_non_strict_U2,
20260119_09_06,True,True,False,True,auxiliary_pretraining_candidate,remains_non_strict_U2,
20260119_09_11,True,True,False,True,auxiliary_pretraining_candidate,remains_non_strict_U2,
20260119_15_09,True,True,False,True,auxiliary_pretraining_candidate,remains_non_strict_U2,
20260119_16_02,True,True,False,True,auxiliary_pretraining_candidate,remains_non_strict_U2,
20260119_18_11,True,True,False,True,auxiliary_pretraining_candidate,remains_non_strict_U2,
20260119_24_11,True,True,False,True,auxiliary_pretraining_candidate,remains_non_strict_U2,
20260120_02_11,True,True,False,True,auxiliary_pretraining_candidate,remains_non_strict_U2,
20260120_15_06,True,True,False,True,auxiliary_pretraining_candidate,remains_non_strict_U2,
20260120_17_08,True,True,False,True,auxiliary_pretraining_candidate,remains_non_strict_U2,
20260120_18_03,True,True,False,True,auxiliary_pretraining_candidate,remains_non_strict_U2,
20260121_01_01,True,True,False,True,auxiliary_pretraining_candidate,remains_non_strict_U2,
20260121_01_12,True,True,False,True,auxiliary_pretraining_candidate,remains_non_strict_U2,
20260121_02_04,True,True,False,True,auxiliary_pretraining_candidate,remains_non_strict_U2,
20260121_04_07,True,True,False,True,auxiliary_pretraining_candidate,remains_non_strict_U2,
20260121_08_06,True,True,False,True,auxiliary_pretraining_candidate,remains_non_strict_U2,
20260121_10_06,True,True,False,True,auxiliary_pretraining_candidate,remains_non_strict_U2,
20260121_11_11,True,True,False,True,auxiliary_pretraining_candidate,remains_non_strict_U2,
20260121_15_06,True,True,False,True,auxiliary_pretraining_candidate,remains_non_strict_U2,
20260121_16_05,True,True,False,True,auxiliary_pretraining_candidate,remains_non_strict_U2,
20260121_16_10,True,True,False,True,auxiliary_pretraining_candidate,remains_non_strict_U2,
20260121_18_10,True,True,False,True,auxiliary_pretraining_candidate,remains_non_strict_U2,
20260122_01_12,True,True,False,True,auxiliary_pretraining_candidate,remains_non_strict_U2,
20260122_10_12,True,True,False,True,auxiliary_pretraining_candidate,remains_non_strict_U2,
20260122_13_10,True,True,False,True,auxiliary_pretraining_candidate,remains_non_strict_U2,
20260122_16_01,True,True,False,True,auxiliary_pretraining_candidate,remains_non_strict_U2,
20260122_20_01,True,True,False,True,auxiliary_pretraining_candidate,remains_non_strict_U2,
20260122_20_06,True,True,False,True,auxiliary_pretraining_candidate,remains_non_strict_U2,
20260122_20_10,True,True,False,True,auxiliary_pretraining_candidate,remains_non_strict_U2,
20260122_23_09,True,True,False,True,auxiliary_pretraining_candidate,remains_non_strict_U2,
20260123_04_02,True,True,False,True,auxiliary_pretraining_candidate,remains_non_strict_U2,
20260123_04_11,True,True,False,True,auxiliary_pretraining_candidate,remains_non_strict_U2,
20260123_10_09,True,True,False,True,auxiliary_pretraining_candidate,remains_non_strict_U2,
20260123_10_10,True,True,False,True,auxiliary_pretraining_candidate,remains_non_strict_U2,
20260123_13_06,True,True,False,True,auxiliary_pretraining_candidate,remains_non_strict_U2,
20260123_13_07,True,True,False,True,auxiliary_pretraining_candidate,remains_non_strict_U2,
20260123_14_07,True,True,False,True,auxiliary_pretraining_candidate,remains_non_strict_U2,
20260123_14_09,True,True,False,True,auxiliary_pretraining_candidate,remains_non_strict_U2,
20260123_15_10,True,True,False,True,auxiliary_pretraining_candidate,remains_non_strict_U2,
20260123_15_11,True,True,False,True,auxiliary_pretraining_candidate,remains_non_strict_U2,
20260123_16_04,True,True,False,True,auxiliary_pretraining_candidate,remains_non_strict_U2,
20260123_19_05,True,True,False,True,auxiliary_pretraining_candidate,remains_non_strict_U2,
20260123_24_07,True,True,False,True,auxiliary_pretraining_candidate,remains_non_strict_U2,
20260124_04_07,True,True,False,True,auxiliary_pretraining_candidate,remains_non_strict_U2,
20260124_07_07,True,True,False,True,auxiliary_pretraining_candidate,remains_non_strict_U2,
20260124_10_11,True,True,False,True,auxiliary_pretraining_candidate,remains_non_strict_U2,
20260124_10_12,True,True,False,True,auxiliary_pretraining_candidate,remains_non_strict_U2,
20260124_17_03,True,True,False,True,auxiliary_pretraining_candidate,remains_non_strict_U2,
20260124_17_10,True,True,False,True,auxiliary_pretraining_candidate,remains_non_strict_U2,
20260124_19_02,True,True,False,True,auxiliary_pretraining_candidate,remains_non_strict_U2,
20260124_23_01,True,True,False,True,auxiliary_pretraining_candidate,remains_non_strict_U2,
20260124_24_01,True,True,False,True,auxiliary_pretraining_candidate,remains_non_strict_U2,
20260124_24_05,True,True,False,True,auxiliary_pretraining_candidate,remains_non_strict_U2,
20260125_07_07,True,True,False,True,auxiliary_pretraining_candidate,remains_non_strict_U2,
20260125_13_08,True,True,False,True,auxiliary_pretraining_candidate,remains_non_strict_U2,
20260125_19_05,True,True,False,True,auxiliary_pretraining_candidate,remains_non_strict_U2,
20260125_19_09,True,True,False,True,auxiliary_pretraining_candidate,remains_non_strict_U2,
20260125_20_03,True,True,False,True,auxiliary_pretraining_candidate,remains_non_strict_U2,
20260125_23_02,True,True,False,True,auxiliary_pretraining_candidate,remains_non_strict_U2,
20260126_03_06,True,True,False,True,auxiliary_pretraining_candidate,remains_non_strict_U2,
20260126_05_11,True,True,False,True,auxiliary_pretraining_candidate,remains_non_strict_U2,
20260126_06_02,True,True,False,True,auxiliary_pretraining_candidate,remains_non_strict_U2,
20260126_07_02,True,True,False,True,auxiliary_pretraining_candidate,remains_non_strict_U2,
20260126_07_05,True,True,False,True,auxiliary_pretraining_candidate,remains_non_strict_U2,
20260126_07_06,True,True,False,True,auxiliary_pretraining_candidate,remains_non_strict_U2,
20260126_09_01,True,True,False,True,auxiliary_pretraining_candidate,remains_non_strict_U2,
20260126_19_03,True,True,False,True,auxiliary_pretraining_candidate,remains_non_strict_U2,
20260126_19_09,True,True,False,True,auxiliary_pretraining_candidate,remains_non_strict_U2,
20260126_20_01,True,True,False,True,auxiliary_pretraining_candidate,remains_non_strict_U2,
20260126_20_02,True,True,False,True,auxiliary_pretraining_candidate,remains_non_strict_U2,
20260126_23_01,True,True,False,True,auxiliary_pretraining_candidate,remains_non_strict_U2,
20260127_05_08,True,True,False,True,auxiliary_pretraining_candidate,remains_non_strict_U2,
20260127_09_02,True,True,False,True,auxiliary_pretraining_candidate,remains_non_strict_U2,
20260127_11_11,True,True,False,True,auxiliary_pretraining_candidate,remains_non_strict_U2,
20260127_20_02,True,True,False,True,auxiliary_pretraining_candidate,remains_non_strict_U2,
20260127_22_05,True,True,False,True,auxiliary_pretraining_candidate,remains_non_strict_U2,
20260127_24_09,True,True,False,True,auxiliary_pretraining_candidate,remains_non_strict_U2,
20260128_03_03,True,True,False,True,auxiliary_pretraining_candidate,remains_non_strict_U2,
20260128_05_04,True,True,False,True,auxiliary_pretraining_candidate,remains_non_strict_U2,
20260128_05_05,True,True,False,True,auxiliary_pretraining_candidate,remains_non_strict_U2,
20260128_05_11,True,True,False,True,auxiliary_pretraining_candidate,remains_non_strict_U2,
20260128_12_08,True,True,False,True,auxiliary_pretraining_candidate,remains_non_strict_U2,
20260128_20_01,True,True,False,True,auxiliary_pretraining_candidate,remains_non_strict_U2,
20260128_21_01,True,True,False,True,auxiliary_pretraining_candidate,remains_non_strict_U2,
20260128_24_06,True,True,False,True,auxiliary_pretraining_candidate,remains_non_strict_U2,
20260129_05_08,True,True,False,True,auxiliary_pretraining_candidate,remains_non_strict_U2,
20260129_09_04,True,True,False,True,auxiliary_pretraining_candidate,remains_non_strict_U2,
20260129_09_09,True,True,False,True,auxiliary_pretraining_candidate,remains_non_strict_U2,
20260129_11_05,True,True,False,True,auxiliary_pretraining_candidate,remains_non_strict_U2,
20260129_11_07,True,True,False,True,auxiliary_pretraining_candidate,remains_non_strict_U2,
20260129_12_05,True,True,False,True,auxiliary_pretraining_candidate,remains_non_strict_U2,
20260129_12_07,True,True,False,True,auxiliary_pretraining_candidate,remains_non_strict_U2,
20260129_12_11,True,True,False,True,auxiliary_pretraining_candidate,remains_non_strict_U2,
20260129_16_05,True,True,False,True,auxiliary_pretraining_candidate,remains_non_strict_U2,
20260129_19_06,True,True,False,True,auxiliary_pretraining_candidate,remains_non_strict_U2,
20260129_19_09,True,True,False,True,auxiliary_pretraining_candidate,remains_non_strict_U2,
20260129_22_02,True,True,False,True,auxiliary_pretraining_candidate,remains_non_strict_U2,
20260129_22_03,True,True,False,True,auxiliary_pretraining_candidate,remains_non_strict_U2,
20260130_02_01,True,True,False,True,auxiliary_pretraining_candidate,remains_non_strict_U2,
20260130_11_07,True,True,False,True,auxiliary_pretraining_candidate,remains_non_strict_U2,
20260130_12_02,True,True,False,True,auxiliary_pretraining_candidate,remains_non_strict_U2,
20260130_13_05,True,True,False,True,auxiliary_pretraining_candidate,remains_non_strict_U2,
20260130_16_02,True,True,False,True,auxiliary_pretraining_candidate,remains_non_strict_U2,
20260130_21_05,True,True,False,True,auxiliary_pretraining_candidate,remains_non_strict_U2,
20260130_22_10,True,True,False,True,auxiliary_pretraining_candidate,remains_non_strict_U2,
20260130_23_02,True,True,False,True,auxiliary_pretraining_candidate,remains_non_strict_U2,
20260130_23_06,True,True,False,True,auxiliary_pretraining_candidate,remains_non_strict_U2,
20260131_01_04,True,True,False,True,auxiliary_pretraining_candidate,remains_non_strict_U2,
20260131_01_08,True,True,False,True,auxiliary_pretraining_candidate,remains_non_strict_U2,
20260131_01_10,True,True,False,True,auxiliary_pretraining_candidate,remains_non_strict_U2,
20260131_01_11,True,True,False,True,auxiliary_pretraining_candidate,remains_non_strict_U2,
20260131_02_08,True,True,False,True,auxiliary_pretraining_candidate,remains_non_strict_U2,
20260131_04_06,True,True,False,True,auxiliary_pretraining_candidate,remains_non_strict_U2,
20260131_04_07,True,True,False,True,auxiliary_pretraining_candidate,remains_non_strict_U2,
20260131_04_11,True,True,False,True,auxiliary_pretraining_candidate,remains_non_strict_U2,
20260131_12_05,True,True,False,True,auxiliary_pretraining_candidate,remains_non_strict_U2,
20260131_22_08,True,True,False,True,auxiliary_pretraining_candidate,remains_non_strict_U2,
20260131_23_05,True,True,False,True,auxiliary_pretraining_candidate,remains_non_strict_U2,
20260201_02_05,True,True,False,True,auxiliary_pretraining_candidate,remains_non_strict_U2,
20260201_03_03,True,True,False,True,auxiliary_pretraining_candidate,remains_non_strict_U2,
20260201_03_06,True,True,False,True,auxiliary_pretraining_candidate,remains_non_strict_U2,
20260201_06_01,True,True,False,True,auxiliary_pretraining_candidate,remains_non_strict_U2,
20260201_07_02,True,True,False,True,auxiliary_pretraining_candidate,remains_non_strict_U2,
20260201_10_03,True,True,False,True,auxiliary_pretraining_candidate,remains_non_strict_U2,
20260201_21_10,True,True,False,True,auxiliary_pretraining_candidate,remains_non_strict_U2,
20260201_23_09,True,True,False,True,auxiliary_pretraining_candidate,remains_non_strict_U2,
20260202_02_06,True,True,False,True,auxiliary_pretraining_candidate,remains_non_strict_U2,
20260202_03_05,True,True,False,True,auxiliary_pretraining_candidate,remains_non_strict_U2,
20260202_03_06,True,True,False,True,auxiliary_pretraining_candidate,remains_non_strict_U2,
20260202_03_11,True,True,False,True,auxiliary_pretraining_candidate,remains_non_strict_U2,
20260202_06_02,True,True,False,True,auxiliary_pretraining_candidate,remains_non_strict_U2,
20260202_07_02,True,True,False,True,auxiliary_pretraining_candidate,remains_non_strict_U2,
20260202_13_05,True,True,False,True,auxiliary_pretraining_candidate,remains_non_strict_U2,
20260202_15_08,True,True,False,True,auxiliary_pretraining_candidate,remains_non_strict_U2,
20260202_19_03,True,True,False,True,auxiliary_pretraining_candidate,remains_non_strict_U2,
20260202_19_04,True,True,False,True,auxiliary_pretraining_candidate,remains_non_strict_U2,
20260202_23_04,True,True,False,True,auxiliary_pretraining_candidate,remains_non_strict_U2,
20260203_03_01,True,True,False,True,auxiliary_pretraining_candidate,remains_non_strict_U2,
20260203_03_08,True,True,False,True,auxiliary_pretraining_candidate,remains_non_strict_U2,
20260203_03_09,True,True,False,True,auxiliary_pretraining_candidate,remains_non_strict_U2,
20260203_06_09,True,True,False,True,auxiliary_pretraining_candidate,remains_non_strict_U2,
20260203_06_11,True,True,False,True,auxiliary_pretraining_candidate,remains_non_strict_U2,
20260203_07_09,True,True,False,True,auxiliary_pretraining_candidate,remains_non_strict_U2,
20260203_10_05,True,True,False,True,auxiliary_pretraining_candidate,remains_non_strict_U2,
20260203_14_03,True,True,False,True,auxiliary_pretraining_candidate,remains_non_strict_U2,
20260203_19_04,True,True,False,True,auxiliary_pretraining_candidate,remains_non_strict_U2,
20260203_23_07,True,True,False,True,auxiliary_pretraining_candidate,remains_non_strict_U2,
20260203_23_08,True,True,False,True,auxiliary_pretraining_candidate,remains_non_strict_U2,
20260204_03_08,True,True,False,True,auxiliary_pretraining_candidate,remains_non_strict_U2,
20260204_03_10,True,True,False,True,auxiliary_pretraining_candidate,remains_non_strict_U2,
20260204_04_06,True,True,False,True,auxiliary_pretraining_candidate,remains_non_strict_U2,
20260204_06_06,True,True,False,True,auxiliary_pretraining_candidate,remains_non_strict_U2,
20260204_14_11,True,True,False,True,auxiliary_pretraining_candidate,remains_non_strict_U2,
20260204_15_06,True,True,False,True,auxiliary_pretraining_candidate,remains_non_strict_U2,
20260204_18_05,True,True,False,True,auxiliary_pretraining_candidate,remains_non_strict_U2,
20260204_23_01,True,True,False,True,auxiliary_pretraining_candidate,remains_non_strict_U2,
20260205_01_07,True,True,False,True,auxiliary_pretraining_candidate,remains_non_strict_U2,
20260205_01_09,True,True,False,True,auxiliary_pretraining_candidate,remains_non_strict_U2,
20260205_07_09,True,True,False,True,auxiliary_pretraining_candidate,remains_non_strict_U2,
20260205_14_08,True,True,False,True,auxiliary_pretraining_candidate,remains_non_strict_U2,
20260205_15_09,True,True,False,True,auxiliary_pretraining_candidate,remains_non_strict_U2,
20260205_17_06,True,True,False,True,auxiliary_pretraining_candidate,remains_non_strict_U2,
20260205_17_10,True,True,False,True,auxiliary_pretraining_candidate,remains_non_strict_U2,
20260205_18_02,True,True,False,True,auxiliary_pretraining_candidate,remains_non_strict_U2,
20260206_01_04,True,True,False,True,auxiliary_pretraining_candidate,remains_non_strict_U2,
20260206_02_01,True,True,False,True,auxiliary_pretraining_candidate,remains_non_strict_U2,
20260206_04_10,True,True,False,True,auxiliary_pretraining_candidate,remains_non_strict_U2,
20260206_04_11,True,True,False,True,auxiliary_pretraining_candidate,remains_non_strict_U2,
20260206_10_07,True,True,False,True,auxiliary_pretraining_candidate,remains_non_strict_U2,
20260206_11_08,True,True,False,True,auxiliary_pretraining_candidate,remains_non_strict_U2,
20260207_01_04,True,True,False,True,auxiliary_pretraining_candidate,remains_non_strict_U2,
20260207_01_08,True,True,False,True,auxiliary_pretraining_candidate,remains_non_strict_U2,
20260207_01_10,True,True,False,True,auxiliary_pretraining_candidate,remains_non_strict_U2,
20260207_02_06,True,True,False,True,auxiliary_pretraining_candidate,remains_non_strict_U2,
20260207_02_12,True,True,False,True,auxiliary_pretraining_candidate,remains_non_strict_U2,
20260207_04_01,True,True,False,True,auxiliary_pretraining_candidate,remains_non_strict_U2,
20260207_04_09,True,True,False,True,auxiliary_pretraining_candidate,remains_non_strict_U2,
20260207_05_06,True,True,False,True,auxiliary_pretraining_candidate,remains_non_strict_U2,
20260207_08_09,True,True,False,True,auxiliary_pretraining_candidate,remains_non_strict_U2,
20260207_10_05,True,True,False,True,auxiliary_pretraining_candidate,remains_non_strict_U2,
20260207_11_04,True,True,False,True,auxiliary_pretraining_candidate,remains_non_strict_U2,
20260207_11_12,True,True,False,True,auxiliary_pretraining_candidate,remains_non_strict_U2,
20260207_12_04,True,True,False,True,auxiliary_pretraining_candidate,remains_non_strict_U2,
20260207_16_02,True,True,False,True,auxiliary_pretraining_candidate,remains_non_strict_U2,
20260207_17_05,True,True,False,True,auxiliary_pretraining_candidate,remains_non_strict_U2,
20260207_17_10,True,True,False,True,auxiliary_pretraining_candidate,remains_non_strict_U2,
20260207_18_04,True,True,False,True,auxiliary_pretraining_candidate,remains_non_strict_U2,
20260208_01_04,True,True,False,True,auxiliary_pretraining_candidate,remains_non_strict_U2,
20260208_03_09,True,True,False,True,auxiliary_pretraining_candidate,remains_non_strict_U2,
20260208_05_09,True,True,False,True,auxiliary_pretraining_candidate,remains_non_strict_U2,
20260208_12_03,True,True,False,True,auxiliary_pretraining_candidate,remains_non_strict_U2,
20260208_20_01,True,True,False,True,auxiliary_pretraining_candidate,remains_non_strict_U2,
20260209_03_02,True,True,False,True,auxiliary_pretraining_candidate,remains_non_strict_U2,
20260209_16_04,True,True,False,True,auxiliary_pretraining_candidate,remains_non_strict_U2,
20260209_16_05,True,True,False,True,auxiliary_pretraining_candidate,remains_non_strict_U2,
20260209_23_01,True,True,False,True,auxiliary_pretraining_candidate,remains_non_strict_U2,
20260210_03_02,True,True,False,True,auxiliary_pretraining_candidate,remains_non_strict_U2,
20260210_03_05,True,True,False,True,auxiliary_pretraining_candidate,remains_non_strict_U2,
20260210_07_10,True,True,False,True,auxiliary_pretraining_candidate,remains_non_strict_U2,
20260210_08_06,True,True,False,True,auxiliary_pretraining_candidate,remains_non_strict_U2,
20260210_08_12,True,True,False,True,auxiliary_pretraining_candidate,remains_non_strict_U2,
20260210_13_06,True,True,False,True,auxiliary_pretraining_candidate,remains_non_strict_U2,
20260210_15_04,True,True,False,True,auxiliary_pretraining_candidate,remains_non_strict_U2,
20260210_20_11,True,True,False,True,auxiliary_pretraining_candidate,remains_non_strict_U2,
20260211_05_08,True,True,False,True,auxiliary_pretraining_candidate,remains_non_strict_U2,
20260211_05_09,True,True,False,True,auxiliary_pretraining_candidate,remains_non_strict_U2,
20260211_07_06,True,True,False,True,auxiliary_pretraining_candidate,remains_non_strict_U2,
20260211_15_05,True,True,False,True,auxiliary_pretraining_candidate,remains_non_strict_U2,
20260211_21_02,True,True,False,True,auxiliary_pretraining_candidate,remains_non_strict_U2,
20260211_21_05,True,True,False,True,auxiliary_pretraining_candidate,remains_non_strict_U2,
20260212_03_02,True,True,False,True,auxiliary_pretraining_candidate,remains_non_strict_U2,
20260212_04_02,True,True,False,True,auxiliary_pretraining_candidate,remains_non_strict_U2,
20260212_04_09,True,True,False,True,auxiliary_pretraining_candidate,remains_non_strict_U2,
20260212_07_01,True,True,False,True,auxiliary_pretraining_candidate,remains_non_strict_U2,
20260212_15_06,True,True,False,True,auxiliary_pretraining_candidate,remains_non_strict_U2,
20260212_18_06,True,True,False,True,auxiliary_pretraining_candidate,remains_non_strict_U2,
20260213_04_12,True,True,False,True,auxiliary_pretraining_candidate,remains_non_strict_U2,
20260213_06_07,True,True,False,True,auxiliary_pretraining_candidate,remains_non_strict_U2,
20260213_07_01,True,True,False,True,auxiliary_pretraining_candidate,remains_non_strict_U2,
20260213_07_05,True,True,False,True,auxiliary_pretraining_candidate,remains_non_strict_U2,
20260213_14_02,True,True,False,True,auxiliary_pretraining_candidate,remains_non_strict_U2,
20260213_14_09,True,True,False,True,auxiliary_pretraining_candidate,remains_non_strict_U2,
20260213_15_09,True,True,False,True,auxiliary_pretraining_candidate,remains_non_strict_U2,
20260213_17_08,True,True,False,True,auxiliary_pretraining_candidate,remains_non_strict_U2,
20260213_19_12,True,True,False,True,auxiliary_pretraining_candidate,remains_non_strict_U2,
20260213_21_12,True,True,False,True,auxiliary_pretraining_candidate,remains_non_strict_U2,
20260214_01_10,True,True,False,True,auxiliary_pretraining_candidate,remains_non_strict_U2,
20260214_01_11,True,True,False,True,auxiliary_pretraining_candidate,remains_non_strict_U2,
20260214_04_04,True,True,False,True,auxiliary_pretraining_candidate,remains_non_strict_U2,
20260214_13_07,True,True,False,True,auxiliary_pretraining_candidate,remains_non_strict_U2,
20260214_18_01,True,True,False,True,auxiliary_pretraining_candidate,remains_non_strict_U2,
20260214_19_02,True,True,False,True,auxiliary_pretraining_candidate,remains_non_strict_U2,
20260214_21_04,True,True,False,True,auxiliary_pretraining_candidate,remains_non_strict_U2,
20260215_01_08,True,True,False,True,auxiliary_pretraining_candidate,remains_non_strict_U2,
20260215_06_02,True,True,False,True,auxiliary_pretraining_candidate,remains_non_strict_U2,
20260215_08_07,True,True,False,True,auxiliary_pretraining_candidate,remains_non_strict_U2,
20260215_13_11,True,True,False,True,auxiliary_pretraining_candidate,remains_non_strict_U2,
20260215_16_04,True,True,False,True,auxiliary_pretraining_candidate,remains_non_strict_U2,
20260215_17_02,True,True,False,True,auxiliary_pretraining_candidate,remains_non_strict_U2,
20260215_20_12,True,True,False,True,auxiliary_pretraining_candidate,remains_non_strict_U2,
20260215_21_08,True,True,False,True,auxiliary_pretraining_candidate,remains_non_strict_U2,
20260215_21_10,True,True,False,True,auxiliary_pretraining_candidate,remains_non_strict_U2,
20260216_01_03,True,True,False,True,auxiliary_pretraining_candidate,remains_non_strict_U2,
20260216_01_10,True,True,False,True,auxiliary_pretraining_candidate,remains_non_strict_U2,
20260216_04_12,True,True,False,True,auxiliary_pretraining_candidate,remains_non_strict_U2,
20260216_07_04,True,True,False,True,auxiliary_pretraining_candidate,remains_non_strict_U2,
20260216_07_06,True,True,False,True,auxiliary_pretraining_candidate,remains_non_strict_U2,
20260216_08_10,True,True,False,True,auxiliary_pretraining_candidate,remains_non_strict_U2,
20260216_11_06,True,True,False,True,auxiliary_pretraining_candidate,remains_non_strict_U2,
20260216_16_05,True,True,False,True,auxiliary_pretraining_candidate,remains_non_strict_U2,
20260216_16_11,True,True,False,True,auxiliary_pretraining_candidate,remains_non_strict_U2,
20260216_17_09,True,True,False,True,auxiliary_pretraining_candidate,remains_non_strict_U2,
20260216_21_02,True,True,False,True,auxiliary_pretraining_candidate,remains_non_strict_U2,
20260216_21_12,True,True,False,True,auxiliary_pretraining_candidate,remains_non_strict_U2,
20260217_04_02,True,True,False,True,auxiliary_pretraining_candidate,remains_non_strict_U2,
20260217_11_02,True,True,False,True,auxiliary_pretraining_candidate,remains_non_strict_U2,
20260217_13_07,True,True,False,True,auxiliary_pretraining_candidate,remains_non_strict_U2,
20260217_16_05,True,True,False,True,auxiliary_pretraining_candidate,remains_non_strict_U2,
20260217_17_06,True,True,False,True,auxiliary_pretraining_candidate,remains_non_strict_U2,
20260217_23_06,True,True,False,True,auxiliary_pretraining_candidate,remains_non_strict_U2,
20260218_01_12,True,True,False,True,auxiliary_pretraining_candidate,remains_non_strict_U2,
20260218_03_04,True,True,False,True,auxiliary_pretraining_candidate,remains_non_strict_U2,
20260218_03_11,True,True,False,True,auxiliary_pretraining_candidate,remains_non_strict_U2,
20260218_03_12,True,True,False,True,auxiliary_pretraining_candidate,remains_non_strict_U2,
20260218_13_03,True,True,False,True,auxiliary_pretraining_candidate,remains_non_strict_U2,
20260218_13_05,True,True,False,True,auxiliary_pretraining_candidate,remains_non_strict_U2,
20260218_13_07,True,True,False,True,auxiliary_pretraining_candidate,remains_non_strict_U2,
20260218_13_08,True,True,False,True,auxiliary_pretraining_candidate,remains_non_strict_U2,
20260218_16_09,True,True,False,True,auxiliary_pretraining_candidate,remains_non_strict_U2,
20260218_16_12,True,True,False,True,auxiliary_pretraining_candidate,remains_non_strict_U2,
20260218_19_02,True,True,False,True,auxiliary_pretraining_candidate,remains_non_strict_U2,
20260218_20_06,True,True,False,True,auxiliary_pretraining_candidate,remains_non_strict_U2,
20260219_06_02,True,True,False,True,auxiliary_pretraining_candidate,remains_non_strict_U2,
20260219_06_07,True,True,False,True,auxiliary_pretraining_candidate,remains_non_strict_U2,
20260219_10_07,True,True,False,True,auxiliary_pretraining_candidate,remains_non_strict_U2,
20260219_13_02,True,True,False,True,auxiliary_pretraining_candidate,remains_non_strict_U2,
20260219_13_05,True,True,False,True,auxiliary_pretraining_candidate,remains_non_strict_U2,
20260219_20_10,True,True,False,True,auxiliary_pretraining_candidate,remains_non_strict_U2,
20260219_24_01,True,True,False,True,auxiliary_pretraining_candidate,remains_non_strict_U2,
20260220_03_02,True,True,False,True,auxiliary_pretraining_candidate,remains_non_strict_U2,
20260220_03_05,True,True,False,True,auxiliary_pretraining_candidate,remains_non_strict_U2,
20260220_06_02,True,True,False,True,auxiliary_pretraining_candidate,remains_non_strict_U2,
20260220_06_07,True,True,False,True,auxiliary_pretraining_candidate,remains_non_strict_U2,
20260220_10_02,True,True,False,True,auxiliary_pretraining_candidate,remains_non_strict_U2,
20260220_10_03,True,True,False,True,auxiliary_pretraining_candidate,remains_non_strict_U2,
20260220_13_04,True,True,False,True,auxiliary_pretraining_candidate,remains_non_strict_U2,
20260220_24_01,True,True,False,True,auxiliary_pretraining_candidate,remains_non_strict_U2,
20260221_03_03,True,True,False,True,auxiliary_pretraining_candidate,remains_non_strict_U2,
20260221_06_04,True,True,False,True,auxiliary_pretraining_candidate,remains_non_strict_U2,
20260221_10_09,True,True,False,True,auxiliary_pretraining_candidate,remains_non_strict_U2,
20260221_13_08,True,True,False,True,auxiliary_pretraining_candidate,remains_non_strict_U2,
20260221_13_12,True,True,False,True,auxiliary_pretraining_candidate,remains_non_strict_U2,
20260221_15_08,True,True,False,True,auxiliary_pretraining_candidate,remains_non_strict_U2,
20260221_18_08,True,True,False,True,auxiliary_pretraining_candidate,remains_non_strict_U2,
20260221_19_05,True,True,False,True,auxiliary_pretraining_candidate,remains_non_strict_U2,
20260221_21_12,True,True,False,True,auxiliary_pretraining_candidate,remains_non_strict_U2,
20260221_24_07,True,True,False,True,auxiliary_pretraining_candidate,remains_non_strict_U2,
20260222_03_12,True,True,False,True,auxiliary_pretraining_candidate,remains_non_strict_U2,
20260222_05_01,True,True,False,True,auxiliary_pretraining_candidate,remains_non_strict_U2,
20260222_06_01,True,True,False,True,auxiliary_pretraining_candidate,remains_non_strict_U2,
20260222_07_11,True,True,False,True,auxiliary_pretraining_candidate,remains_non_strict_U2,
20260222_13_04,True,True,False,True,auxiliary_pretraining_candidate,remains_non_strict_U2,
20260222_13_11,True,True,False,True,auxiliary_pretraining_candidate,remains_non_strict_U2,
20260222_13_12,True,True,False,True,auxiliary_pretraining_candidate,remains_non_strict_U2,
20260222_15_04,True,True,False,True,auxiliary_pretraining_candidate,remains_non_strict_U2,
20260222_17_11,True,True,False,True,auxiliary_pretraining_candidate,remains_non_strict_U2,
20260222_18_04,True,True,False,True,auxiliary_pretraining_candidate,remains_non_strict_U2,
20260222_19_02,True,True,False,True,auxiliary_pretraining_candidate,remains_non_strict_U2,
20260222_19_06,True,True,False,True,auxiliary_pretraining_candidate,remains_non_strict_U2,
20260222_22_12,True,True,False,True,auxiliary_pretraining_candidate,remains_non_strict_U2,
20260223_05_03,True,True,False,True,auxiliary_pretraining_candidate,remains_non_strict_U2,
20260223_06_12,True,True,False,True,auxiliary_pretraining_candidate,remains_non_strict_U2,
20260223_07_08,True,True,False,True,auxiliary_pretraining_candidate,remains_non_strict_U2,
20260223_11_09,True,True,False,True,auxiliary_pretraining_candidate,remains_non_strict_U2,
20260223_15_08,True,True,False,True,auxiliary_pretraining_candidate,remains_non_strict_U2,
20260223_17_07,True,True,False,True,auxiliary_pretraining_candidate,remains_non_strict_U2,
20260223_17_11,True,True,False,True,auxiliary_pretraining_candidate,remains_non_strict_U2,
20260223_18_05,True,True,False,True,auxiliary_pretraining_candidate,remains_non_strict_U2,
20260223_21_04,True,True,False,True,auxiliary_pretraining_candidate,remains_non_strict_U2,
20260223_21_07,True,True,False,True,auxiliary_pretraining_candidate,remains_non_strict_U2,
20260223_22_06,True,True,False,True,auxiliary_pretraining_candidate,remains_non_strict_U2,
20260223_24_01,True,True,False,True,auxiliary_pretraining_candidate,remains_non_strict_U2,
20260224_04_12,True,True,False,True,auxiliary_pretraining_candidate,remains_non_strict_U2,
20260224_15_07,True,True,False,True,auxiliary_pretraining_candidate,remains_non_strict_U2,
20260224_23_09,True,True,False,True,auxiliary_pretraining_candidate,remains_non_strict_U2,
20260224_23_11,True,True,False,True,auxiliary_pretraining_candidate,remains_non_strict_U2,
20260225_01_01,True,True,False,True,auxiliary_pretraining_candidate,remains_non_strict_U2,
20260225_01_02,True,True,False,True,auxiliary_pretraining_candidate,remains_non_strict_U2,
20260225_01_05,True,True,False,True,auxiliary_pretraining_candidate,remains_non_strict_U2,
20260225_11_10,True,True,False,True,auxiliary_pretraining_candidate,remains_non_strict_U2,
20260225_14_08,True,True,False,True,auxiliary_pretraining_candidate,remains_non_strict_U2,
20260225_15_06,True,True,False,True,auxiliary_pretraining_candidate,remains_non_strict_U2,
20260225_16_05,True,True,False,True,auxiliary_pretraining_candidate,remains_non_strict_U2,
20260225_17_03,True,True,False,True,auxiliary_pretraining_candidate,remains_non_strict_U2,
20260225_21_07,True,True,False,True,auxiliary_pretraining_candidate,remains_non_strict_U2,
20260225_23_07,True,True,False,True,auxiliary_pretraining_candidate,remains_non_strict_U2,
20260226_01_01,True,True,False,True,auxiliary_pretraining_candidate,remains_non_strict_U2,
20260226_01_06,True,True,False,True,auxiliary_pretraining_candidate,remains_non_strict_U2,
20260226_02_03,True,True,False,True,auxiliary_pretraining_candidate,remains_non_strict_U2,
20260226_08_05,True,True,False,True,auxiliary_pretraining_candidate,remains_non_strict_U2,
20260226_11_01,True,True,False,True,auxiliary_pretraining_candidate,remains_non_strict_U2,
20260226_13_04,True,True,False,True,auxiliary_pretraining_candidate,remains_non_strict_U2,
20260226_13_07,True,True,False,True,auxiliary_pretraining_candidate,remains_non_strict_U2,
20260226_14_01,True,True,False,True,auxiliary_pretraining_candidate,remains_non_strict_U2,
20260226_15_08,True,True,False,True,auxiliary_pretraining_candidate,remains_non_strict_U2,
20260226_21_12,True,True,False,True,auxiliary_pretraining_candidate,remains_non_strict_U2,
20260226_23_07,True,True,False,True,auxiliary_pretraining_candidate,remains_non_strict_U2,
20260226_24_03,True,True,False,True,auxiliary_pretraining_candidate,remains_non_strict_U2,
20260227_05_07,True,True,False,True,auxiliary_pretraining_candidate,remains_non_strict_U2,
20260227_12_08,True,True,False,True,auxiliary_pretraining_candidate,remains_non_strict_U2,
20260227_14_03,True,True,False,True,auxiliary_pretraining_candidate,remains_non_strict_U2,
20260227_16_12,True,True,False,True,auxiliary_pretraining_candidate,remains_non_strict_U2,
20260227_18_06,True,True,False,True,auxiliary_pretraining_candidate,remains_non_strict_U2,
20260227_19_03,True,True,False,True,auxiliary_pretraining_candidate,remains_non_strict_U2,
20260228_01_05,True,True,False,True,auxiliary_pretraining_candidate,remains_non_strict_U2,
20260228_01_07,True,True,False,True,auxiliary_pretraining_candidate,remains_non_strict_U2,
20260228_02_05,True,True,False,True,auxiliary_pretraining_candidate,remains_non_strict_U2,
20260228_02_12,True,True,False,True,auxiliary_pretraining_candidate,remains_non_strict_U2,
20260228_03_01,True,True,False,True,auxiliary_pretraining_candidate,remains_non_strict_U2,
20260228_08_01,True,True,False,True,auxiliary_pretraining_candidate,remains_non_strict_U2,
20260228_14_02,True,True,False,True,auxiliary_pretraining_candidate,remains_non_strict_U2,
20260228_14_07,True,True,False,True,auxiliary_pretraining_candidate,remains_non_strict_U2,
20260301_07_03,True,True,False,True,auxiliary_pretraining_candidate,remains_non_strict_U2,
20260301_07_04,True,True,False,True,auxiliary_pretraining_candidate,remains_non_strict_U2,
20260301_18_05,True,True,False,True,auxiliary_pretraining_candidate,remains_non_strict_U2,
20260301_18_09,True,True,False,True,auxiliary_pretraining_candidate,remains_non_strict_U2,
20260301_22_02,True,True,False,True,auxiliary_pretraining_candidate,remains_non_strict_U2,
20260301_22_10,True,True,False,True,auxiliary_pretraining_candidate,remains_non_strict_U2,
20260301_24_03,True,True,False,True,auxiliary_pretraining_candidate,remains_non_strict_U2,
20260301_24_05,True,True,False,True,auxiliary_pretraining_candidate,remains_non_strict_U2,
20260301_24_06,True,True,False,True,auxiliary_pretraining_candidate,remains_non_strict_U2,
20260302_03_06,True,True,False,True,auxiliary_pretraining_candidate,remains_non_strict_U2,
20260302_03_10,True,True,False,True,auxiliary_pretraining_candidate,remains_non_strict_U2,
20260302_04_04,True,True,False,True,auxiliary_pretraining_candidate,remains_non_strict_U2,
20260302_04_07,True,True,False,True,auxiliary_pretraining_candidate,remains_non_strict_U2,
20260302_06_02,True,True,False,True,auxiliary_pretraining_candidate,remains_non_strict_U2,
20260302_13_11,True,True,False,True,auxiliary_pretraining_candidate,remains_non_strict_U2,
20260302_16_05,True,True,False,True,auxiliary_pretraining_candidate,remains_non_strict_U2,
20260302_20_03,True,True,False,True,auxiliary_pretraining_candidate,remains_non_strict_U2,
20260302_21_01,True,True,False,True,auxiliary_pretraining_candidate,remains_non_strict_U2,
20260302_21_10,True,True,False,True,auxiliary_pretraining_candidate,remains_non_strict_U2,
20260303_03_03,True,True,False,True,auxiliary_pretraining_candidate,remains_non_strict_U2,
20260303_04_02,True,True,False,True,auxiliary_pretraining_candidate,remains_non_strict_U2,
20260303_06_06,True,True,False,True,auxiliary_pretraining_candidate,remains_non_strict_U2,
20260303_07_11,True,True,False,True,auxiliary_pretraining_candidate,remains_non_strict_U2,
20260303_13_10,True,True,False,True,auxiliary_pretraining_candidate,remains_non_strict_U2,
20260303_15_06,True,True,False,True,auxiliary_pretraining_candidate,remains_non_strict_U2,
20260303_18_12,True,True,False,True,auxiliary_pretraining_candidate,remains_non_strict_U2,
20260303_21_02,True,True,False,True,auxiliary_pretraining_candidate,remains_non_strict_U2,
20260303_21_11,True,True,False,True,auxiliary_pretraining_candidate,remains_non_strict_U2,
20260303_22_06,True,True,False,True,auxiliary_pretraining_candidate,remains_non_strict_U2,
20260303_22_07,True,True,False,True,auxiliary_pretraining_candidate,remains_non_strict_U2,
20260303_22_09,True,True,False,True,auxiliary_pretraining_candidate,remains_non_strict_U2,
20260303_24_01,True,True,False,True,auxiliary_pretraining_candidate,remains_non_strict_U2,
20260303_24_05,True,True,False,True,auxiliary_pretraining_candidate,remains_non_strict_U2,
20260304_11_06,True,True,False,True,auxiliary_pretraining_candidate,remains_non_strict_U2,
20260304_13_01,True,True,False,True,auxiliary_pretraining_candidate,remains_non_strict_U2,
20260304_15_09,True,True,False,True,auxiliary_pretraining_candidate,remains_non_strict_U2,
20260304_18_05,True,True,False,True,auxiliary_pretraining_candidate,remains_non_strict_U2,
20260304_21_01,True,True,False,True,auxiliary_pretraining_candidate,remains_non_strict_U2,
20260305_04_02,True,True,False,True,auxiliary_pretraining_candidate,remains_non_strict_U2,
20260305_07_08,True,True,False,True,auxiliary_pretraining_candidate,remains_non_strict_U2,
20260305_07_09,True,True,False,True,auxiliary_pretraining_candidate,remains_non_strict_U2,
20260305_07_10,True,True,False,True,auxiliary_pretraining_candidate,remains_non_strict_U2,
20260305_11_01,True,True,False,True,auxiliary_pretraining_candidate,remains_non_strict_U2,
20260305_11_02,True,True,False,True,auxiliary_pretraining_candidate,remains_non_strict_U2,
20260305_13_05,True,True,False,True,auxiliary_pretraining_candidate,remains_non_strict_U2,
20260305_20_03,True,True,False,True,auxiliary_pretraining_candidate,remains_non_strict_U2,
20260305_20_08,True,True,False,True,auxiliary_pretraining_candidate,remains_non_strict_U2,
20260305_21_02,True,True,False,True,auxiliary_pretraining_candidate,remains_non_strict_U2,
20260305_21_03,True,True,False,True,auxiliary_pretraining_candidate,remains_non_strict_U2,
20260305_22_04,True,True,False,True,auxiliary_pretraining_candidate,remains_non_strict_U2,
20260305_22_10,True,True,False,True,auxiliary_pretraining_candidate,remains_non_strict_U2,
20260306_06_11,True,True,False,True,auxiliary_pretraining_candidate,remains_non_strict_U2,
20260306_07_03,True,True,False,True,auxiliary_pretraining_candidate,remains_non_strict_U2,
20260306_12_06,True,True,False,True,auxiliary_pretraining_candidate,remains_non_strict_U2,
20260306_17_09,True,True,False,True,auxiliary_pretraining_candidate,remains_non_strict_U2,
20260306_23_11,True,True,False,True,auxiliary_pretraining_candidate,remains_non_strict_U2,
20260307_02_11,True,True,False,True,auxiliary_pretraining_candidate,remains_non_strict_U2,
20260307_03_09,True,True,False,True,auxiliary_pretraining_candidate,remains_non_strict_U2,
20260307_11_03,True,True,False,True,auxiliary_pretraining_candidate,remains_non_strict_U2,
20260307_12_10,True,True,False,True,auxiliary_pretraining_candidate,remains_non_strict_U2,
20260308_03_12,True,True,False,True,auxiliary_pretraining_candidate,remains_non_strict_U2,
20260308_12_05,True,True,False,True,auxiliary_pretraining_candidate,remains_non_strict_U2,
20260308_12_11,True,True,False,True,auxiliary_pretraining_candidate,remains_non_strict_U2,
20260308_17_07,True,True,False,True,auxiliary_pretraining_candidate,remains_non_strict_U2,
20260308_23_01,True,True,False,True,auxiliary_pretraining_candidate,remains_non_strict_U2,
20260308_23_11,True,True,False,True,auxiliary_pretraining_candidate,remains_non_strict_U2,
20260309_01_03,True,True,False,True,auxiliary_pretraining_candidate,remains_non_strict_U2,
20260309_02_09,True,True,False,True,auxiliary_pretraining_candidate,remains_non_strict_U2,
20260309_10_09,True,True,False,True,auxiliary_pretraining_candidate,remains_non_strict_U2,
20260309_17_02,True,True,False,True,auxiliary_pretraining_candidate,remains_non_strict_U2,
20260309_23_04,True,True,False,True,auxiliary_pretraining_candidate,remains_non_strict_U2,
20260309_24_03,True,True,False,True,auxiliary_pretraining_candidate,remains_non_strict_U2,
20260309_24_04,True,True,False,True,auxiliary_pretraining_candidate,remains_non_strict_U2,
20260310_04_04,True,True,False,True,auxiliary_pretraining_candidate,remains_non_strict_U2,
20260310_08_05,True,True,False,True,auxiliary_pretraining_candidate,remains_non_strict_U2,
20260310_17_01,True,True,False,True,auxiliary_pretraining_candidate,remains_non_strict_U2,
20260310_17_10,True,True,False,True,auxiliary_pretraining_candidate,remains_non_strict_U2,
20260310_18_07,True,True,False,True,auxiliary_pretraining_candidate,remains_non_strict_U2,
20260311_01_06,True,True,False,True,auxiliary_pretraining_candidate,remains_non_strict_U2,
20260311_04_07,True,True,False,True,auxiliary_pretraining_candidate,remains_non_strict_U2,
20260311_16_08,True,True,False,True,auxiliary_pretraining_candidate,remains_non_strict_U2,
20260311_17_04,True,True,False,True,auxiliary_pretraining_candidate,remains_non_strict_U2,
20260311_17_09,True,True,False,True,auxiliary_pretraining_candidate,remains_non_strict_U2,
20260311_20_11,True,True,False,True,auxiliary_pretraining_candidate,remains_non_strict_U2,
20260311_24_10,True,True,False,True,auxiliary_pretraining_candidate,remains_non_strict_U2,
20260312_01_07,True,True,False,True,auxiliary_pretraining_candidate,remains_non_strict_U2,
20260312_02_04,True,True,False,True,auxiliary_pretraining_candidate,remains_non_strict_U2,
20260312_02_09,True,True,False,True,auxiliary_pretraining_candidate,remains_non_strict_U2,
20260312_05_06,True,True,False,True,auxiliary_pretraining_candidate,remains_non_strict_U2,
20260312_06_11,True,True,False,True,auxiliary_pretraining_candidate,remains_non_strict_U2,
20260312_07_12,True,True,False,True,auxiliary_pretraining_candidate,remains_non_strict_U2,
20260312_11_03,True,True,False,True,auxiliary_pretraining_candidate,remains_non_strict_U2,
20260312_18_10,True,True,False,True,auxiliary_pretraining_candidate,remains_non_strict_U2,
20260312_21_11,True,True,False,True,auxiliary_pretraining_candidate,remains_non_strict_U2,
20260312_24_06,True,True,False,True,auxiliary_pretraining_candidate,remains_non_strict_U2,
20260312_24_10,True,True,False,True,auxiliary_pretraining_candidate,remains_non_strict_U2,
20260313_06_01,True,True,False,True,auxiliary_pretraining_candidate,remains_non_strict_U2,
20260313_07_01,True,True,False,True,auxiliary_pretraining_candidate,remains_non_strict_U2,
20260313_07_06,True,True,False,True,auxiliary_pretraining_candidate,remains_non_strict_U2,
20260313_08_03,True,True,False,True,auxiliary_pretraining_candidate,remains_non_strict_U2,
20260313_11_11,True,True,False,True,auxiliary_pretraining_candidate,remains_non_strict_U2,
20260313_14_05,True,True,False,True,auxiliary_pretraining_candidate,remains_non_strict_U2,
20260313_16_09,True,True,False,True,auxiliary_pretraining_candidate,remains_non_strict_U2,
20260313_21_06,True,True,False,True,auxiliary_pretraining_candidate,remains_non_strict_U2,
20260313_22_08,True,True,False,True,auxiliary_pretraining_candidate,remains_non_strict_U2,
20260314_04_11,True,True,False,True,auxiliary_pretraining_candidate,remains_non_strict_U2,
20260314_13_04,True,True,False,True,auxiliary_pretraining_candidate,remains_non_strict_U2,
20260314_14_02,True,True,False,True,auxiliary_pretraining_candidate,remains_non_strict_U2,
20260314_16_08,True,True,False,True,auxiliary_pretraining_candidate,remains_non_strict_U2,
20260314_18_11,True,True,False,True,auxiliary_pretraining_candidate,remains_non_strict_U2,
20260314_22_09,True,True,False,True,auxiliary_pretraining_candidate,remains_non_strict_U2,
20260314_22_12,True,True,False,True,auxiliary_pretraining_candidate,remains_non_strict_U2,
20260315_06_05,True,True,False,True,auxiliary_pretraining_candidate,remains_non_strict_U2,
20260315_06_12,True,True,False,True,auxiliary_pretraining_candidate,remains_non_strict_U2,
20260315_07_05,True,True,False,True,auxiliary_pretraining_candidate,remains_non_strict_U2,
20260315_07_07,True,True,False,True,auxiliary_pretraining_candidate,remains_non_strict_U2,
20260315_14_11,True,True,False,True,auxiliary_pretraining_candidate,remains_non_strict_U2,
20260315_16_11,True,True,False,True,auxiliary_pretraining_candidate,remains_non_strict_U2,
20260315_18_12,True,True,False,True,auxiliary_pretraining_candidate,remains_non_strict_U2,
20260315_22_02,True,True,False,True,auxiliary_pretraining_candidate,remains_non_strict_U2,
20260315_22_05,True,True,False,True,auxiliary_pretraining_candidate,remains_non_strict_U2,
20260316_01_01,True,True,False,True,auxiliary_pretraining_candidate,remains_non_strict_U2,
20260316_01_03,True,True,False,True,auxiliary_pretraining_candidate,remains_non_strict_U2,
20260316_01_04,True,True,False,True,auxiliary_pretraining_candidate,remains_non_strict_U2,
20260316_05_06,True,True,False,True,auxiliary_pretraining_candidate,remains_non_strict_U2,
20260316_06_05,True,True,False,True,auxiliary_pretraining_candidate,remains_non_strict_U2,
20260316_07_01,True,True,False,True,auxiliary_pretraining_candidate,remains_non_strict_U2,
20260316_10_04,True,True,False,True,auxiliary_pretraining_candidate,remains_non_strict_U2,
20260316_10_06,True,True,False,True,auxiliary_pretraining_candidate,remains_non_strict_U2,
20260316_10_11,True,True,False,True,auxiliary_pretraining_candidate,remains_non_strict_U2,
20260316_11_09,True,True,False,True,auxiliary_pretraining_candidate,remains_non_strict_U2,
20260316_13_08,True,True,False,True,auxiliary_pretraining_candidate,remains_non_strict_U2,
20260316_13_09,True,True,False,True,auxiliary_pretraining_candidate,remains_non_strict_U2,
20260316_16_01,True,True,False,True,auxiliary_pretraining_candidate,remains_non_strict_U2,
20260316_16_12,True,True,False,True,auxiliary_pretraining_candidate,remains_non_strict_U2,
20260316_21_01,True,True,False,True,auxiliary_pretraining_candidate,remains_non_strict_U2,
20260316_21_04,True,True,False,True,auxiliary_pretraining_candidate,remains_non_strict_U2,
20260317_01_08,True,True,False,True,auxiliary_pretraining_candidate,remains_non_strict_U2,
20260317_06_08,True,True,False,True,auxiliary_pretraining_candidate,remains_non_strict_U2,
20260317_06_12,True,True,False,True,auxiliary_pretraining_candidate,remains_non_strict_U2,
20260317_10_09,True,True,False,True,auxiliary_pretraining_candidate,remains_non_strict_U2,
20260317_10_10,True,True,False,True,auxiliary_pretraining_candidate,remains_non_strict_U2,
20260317_10_11,True,True,False,True,auxiliary_pretraining_candidate,remains_non_strict_U2,
20260317_13_02,True,True,False,True,auxiliary_pretraining_candidate,remains_non_strict_U2,
20260317_17_07,True,True,False,True,auxiliary_pretraining_candidate,remains_non_strict_U2,
20260317_17_09,True,True,False,True,auxiliary_pretraining_candidate,remains_non_strict_U2,
20260317_21_06,True,True,False,True,auxiliary_pretraining_candidate,remains_non_strict_U2,
20260317_21_07,True,True,False,True,auxiliary_pretraining_candidate,remains_non_strict_U2,
20260318_01_07,True,True,False,True,auxiliary_pretraining_candidate,remains_non_strict_U2,
20260318_10_09,True,True,False,True,auxiliary_pretraining_candidate,remains_non_strict_U2,
20260318_13_03,True,True,False,True,auxiliary_pretraining_candidate,remains_non_strict_U2,
20260318_13_04,True,True,False,True,auxiliary_pretraining_candidate,remains_non_strict_U2,
20260318_14_03,True,True,False,True,auxiliary_pretraining_candidate,remains_non_strict_U2,
20260318_20_01,True,True,False,True,auxiliary_pretraining_candidate,remains_non_strict_U2,
20260318_23_04,True,True,False,True,auxiliary_pretraining_candidate,remains_non_strict_U2,
20260318_24_07,True,True,False,True,auxiliary_pretraining_candidate,remains_non_strict_U2,
20260319_04_05,True,True,False,True,auxiliary_pretraining_candidate,remains_non_strict_U2,
20260319_08_10,True,True,False,True,auxiliary_pretraining_candidate,remains_non_strict_U2,
20260319_14_12,True,True,False,True,auxiliary_pretraining_candidate,remains_non_strict_U2,
20260319_15_07,True,True,False,True,auxiliary_pretraining_candidate,remains_non_strict_U2,
20260319_16_11,True,True,False,True,auxiliary_pretraining_candidate,remains_non_strict_U2,
20260319_20_05,True,True,False,True,auxiliary_pretraining_candidate,remains_non_strict_U2,
20260319_23_03,True,True,False,True,auxiliary_pretraining_candidate,remains_non_strict_U2,
20260319_23_08,True,True,False,True,auxiliary_pretraining_candidate,remains_non_strict_U2,
20260320_01_09,True,True,False,True,auxiliary_pretraining_candidate,remains_non_strict_U2,
20260320_03_12,True,True,False,True,auxiliary_pretraining_candidate,remains_non_strict_U2,
20260320_04_04,True,True,False,True,auxiliary_pretraining_candidate,remains_non_strict_U2,
20260320_14_01,True,True,False,True,auxiliary_pretraining_candidate,remains_non_strict_U2,
20260320_15_01,True,True,False,True,auxiliary_pretraining_candidate,remains_non_strict_U2,
20260320_15_02,True,True,False,True,auxiliary_pretraining_candidate,remains_non_strict_U2,
20260320_15_04,True,True,False,True,auxiliary_pretraining_candidate,remains_non_strict_U2,
20260320_19_08,True,True,False,True,auxiliary_pretraining_candidate,remains_non_strict_U2,
20260320_24_02,True,True,False,True,auxiliary_pretraining_candidate,remains_non_strict_U2,
20260321_02_01,True,True,False,True,auxiliary_pretraining_candidate,remains_non_strict_U2,
20260321_05_07,True,True,False,True,auxiliary_pretraining_candidate,remains_non_strict_U2,
20260321_14_03,True,True,False,True,auxiliary_pretraining_candidate,remains_non_strict_U2,
20260321_17_02,True,True,False,True,auxiliary_pretraining_candidate,remains_non_strict_U2,
20260321_17_11,True,True,False,True,auxiliary_pretraining_candidate,remains_non_strict_U2,
20260321_19_01,True,True,False,True,auxiliary_pretraining_candidate,remains_non_strict_U2,
20260321_19_11,True,True,False,True,auxiliary_pretraining_candidate,remains_non_strict_U2,
20260321_23_08,True,True,False,True,auxiliary_pretraining_candidate,remains_non_strict_U2,
20260322_05_05,True,True,False,True,auxiliary_pretraining_candidate,remains_non_strict_U2,
20260322_06_07,True,True,False,True,auxiliary_pretraining_candidate,remains_non_strict_U2,
20260322_08_06,True,True,False,True,auxiliary_pretraining_candidate,remains_non_strict_U2,
20260322_16_05,True,True,False,True,auxiliary_pretraining_candidate,remains_non_strict_U2,
20260322_16_07,True,True,False,True,auxiliary_pretraining_candidate,remains_non_strict_U2,
20260322_17_03,True,True,False,True,auxiliary_pretraining_candidate,remains_non_strict_U2,
20260322_17_04,True,True,False,True,auxiliary_pretraining_candidate,remains_non_strict_U2,
20260322_18_07,True,True,False,True,auxiliary_pretraining_candidate,remains_non_strict_U2,
20260322_19_10,True,True,False,True,auxiliary_pretraining_candidate,remains_non_strict_U2,
20260322_20_11,True,True,False,True,auxiliary_pretraining_candidate,remains_non_strict_U2,
20260322_24_02,True,True,False,True,auxiliary_pretraining_candidate,remains_non_strict_U2,
20260322_24_08,True,True,False,True,auxiliary_pretraining_candidate,remains_non_strict_U2,
20260323_05_10,True,True,False,True,auxiliary_pretraining_candidate,remains_non_strict_U2,
20260323_12_06,True,True,False,True,auxiliary_pretraining_candidate,remains_non_strict_U2,
20260323_13_12,True,True,False,True,auxiliary_pretraining_candidate,remains_non_strict_U2,
20260323_16_07,True,True,False,True,auxiliary_pretraining_candidate,remains_non_strict_U2,
20260323_18_04,True,True,False,True,auxiliary_pretraining_candidate,remains_non_strict_U2,
20260323_20_10,True,True,False,True,auxiliary_pretraining_candidate,remains_non_strict_U2,
20260323_22_10,True,True,False,True,auxiliary_pretraining_candidate,remains_non_strict_U2,
20260324_02_12,True,True,False,True,auxiliary_pretraining_candidate,remains_non_strict_U2,
20260324_05_02,True,True,False,True,auxiliary_pretraining_candidate,remains_non_strict_U2,
20260324_05_11,True,True,False,True,auxiliary_pretraining_candidate,remains_non_strict_U2,
20260324_10_12,True,True,False,True,auxiliary_pretraining_candidate,remains_non_strict_U2,
20260324_16_05,True,True,False,True,auxiliary_pretraining_candidate,remains_non_strict_U2,
20260324_16_12,True,True,False,True,auxiliary_pretraining_candidate,remains_non_strict_U2,
20260324_22_03,True,True,False,True,auxiliary_pretraining_candidate,remains_non_strict_U2,
20260325_04_05,True,True,False,True,auxiliary_pretraining_candidate,remains_non_strict_U2,
20260325_05_07,True,True,False,True,auxiliary_pretraining_candidate,remains_non_strict_U2,
20260325_05_11,True,True,False,True,auxiliary_pretraining_candidate,remains_non_strict_U2,
20260325_07_07,True,True,False,True,auxiliary_pretraining_candidate,remains_non_strict_U2,
20260325_10_01,True,True,False,True,auxiliary_pretraining_candidate,remains_non_strict_U2,
20260325_10_10,True,True,False,True,auxiliary_pretraining_candidate,remains_non_strict_U2,
20260325_13_04,True,True,False,True,auxiliary_pretraining_candidate,remains_non_strict_U2,
20260325_15_03,True,True,False,True,auxiliary_pretraining_candidate,remains_non_strict_U2,
20260326_04_02,True,True,False,True,auxiliary_pretraining_candidate,remains_non_strict_U2,
20260326_04_04,True,True,False,True,auxiliary_pretraining_candidate,remains_non_strict_U2,
20260326_17_02,True,True,False,True,auxiliary_pretraining_candidate,remains_non_strict_U2,
20260326_21_11,True,True,False,True,auxiliary_pretraining_candidate,remains_non_strict_U2,
20260327_07_08,True,True,False,True,auxiliary_pretraining_candidate,remains_non_strict_U2,
20260327_09_07,True,True,False,True,auxiliary_pretraining_candidate,remains_non_strict_U2,
20260327_13_07,True,True,False,True,auxiliary_pretraining_candidate,remains_non_strict_U2,
20260327_13_09,True,True,False,True,auxiliary_pretraining_candidate,remains_non_strict_U2,
20260327_16_05,True,True,False,True,auxiliary_pretraining_candidate,remains_non_strict_U2,
20260328_04_01,True,True,False,True,auxiliary_pretraining_candidate,remains_non_strict_U2,
20260328_04_06,True,True,False,True,auxiliary_pretraining_candidate,remains_non_strict_U2,
20260328_04_08,True,True,False,True,auxiliary_pretraining_candidate,remains_non_strict_U2,
20260328_07_07,True,True,False,True,auxiliary_pretraining_candidate,remains_non_strict_U2,
20260328_07_09,True,True,False,True,auxiliary_pretraining_candidate,remains_non_strict_U2,
20260328_09_12,True,True,False,True,auxiliary_pretraining_candidate,remains_non_strict_U2,
20260328_10_03,True,True,False,True,auxiliary_pretraining_candidate,remains_non_strict_U2,
20260328_10_09,True,True,False,True,auxiliary_pretraining_candidate,remains_non_strict_U2,
20260328_10_12,True,True,False,True,auxiliary_pretraining_candidate,remains_non_strict_U2,
20260328_13_05,True,True,False,True,auxiliary_pretraining_candidate,remains_non_strict_U2,
20260328_17_05,True,True,False,True,auxiliary_pretraining_candidate,remains_non_strict_U2,
20260328_17_11,True,True,False,True,auxiliary_pretraining_candidate,remains_non_strict_U2,
20260328_21_06,True,True,False,True,auxiliary_pretraining_candidate,remains_non_strict_U2,
20260328_23_02,True,True,False,True,auxiliary_pretraining_candidate,remains_non_strict_U2,
20260328_23_05,True,True,False,True,auxiliary_pretraining_candidate,remains_non_strict_U2,
20260328_23_11,True,True,False,True,auxiliary_pretraining_candidate,remains_non_strict_U2,
20260328_24_04,True,True,False,True,auxiliary_pretraining_candidate,remains_non_strict_U2,
20260329_02_06,True,True,False,True,auxiliary_pretraining_candidate,remains_non_strict_U2,
20260329_04_06,True,True,False,True,auxiliary_pretraining_candidate,remains_non_strict_U2,
20260329_04_07,True,True,False,True,auxiliary_pretraining_candidate,remains_non_strict_U2,
20260329_10_02,True,True,False,True,auxiliary_pretraining_candidate,remains_non_strict_U2,
20260329_10_10,True,True,False,True,auxiliary_pretraining_candidate,remains_non_strict_U2,
20260329_13_10,True,True,False,True,auxiliary_pretraining_candidate,remains_non_strict_U2,
20260329_16_02,True,True,False,True,auxiliary_pretraining_candidate,remains_non_strict_U2,
20260329_16_03,True,True,False,True,auxiliary_pretraining_candidate,remains_non_strict_U2,
20260329_17_03,True,True,False,True,auxiliary_pretraining_candidate,remains_non_strict_U2,
20260329_17_06,True,True,False,True,auxiliary_pretraining_candidate,remains_non_strict_U2,
20260329_19_03,True,True,False,True,auxiliary_pretraining_candidate,remains_non_strict_U2,
20260330_04_02,True,True,False,True,auxiliary_pretraining_candidate,remains_non_strict_U2,
20260330_04_09,True,True,False,True,auxiliary_pretraining_candidate,remains_non_strict_U2,
20260330_16_10,True,True,False,True,auxiliary_pretraining_candidate,remains_non_strict_U2,
20260330_17_11,True,True,False,True,auxiliary_pretraining_candidate,remains_non_strict_U2,
20260330_21_05,True,True,False,True,auxiliary_pretraining_candidate,remains_non_strict_U2,
20260331_02_10,True,True,False,True,auxiliary_pretraining_candidate,remains_non_strict_U2,
20260331_05_01,True,True,False,True,auxiliary_pretraining_candidate,remains_non_strict_U2,
20260331_06_08,True,True,False,True,auxiliary_pretraining_candidate,remains_non_strict_U2,
20260331_06_09,True,True,False,True,auxiliary_pretraining_candidate,remains_non_strict_U2,
20260331_13_02,True,True,False,True,auxiliary_pretraining_candidate,remains_non_strict_U2,
20260331_16_04,True,True,False,True,auxiliary_pretraining_candidate,remains_non_strict_U2,
20260331_16_12,True,True,False,True,auxiliary_pretraining_candidate,remains_non_strict_U2,
20260331_17_04,True,True,False,True,auxiliary_pretraining_candidate,remains_non_strict_U2,
20260331_19_08,True,True,False,True,auxiliary_pretraining_candidate,remains_non_strict_U2,
20260331_21_03,True,True,False,True,auxiliary_pretraining_candidate,remains_non_strict_U2,
20260331_23_10,True,True,False,True,auxiliary_pretraining_candidate,remains_non_strict_U2,
20260331_24_01,True,True,False,True,auxiliary_pretraining_candidate,remains_non_strict_U2,
20260331_24_05,True,True,False,True,auxiliary_pretraining_candidate,remains_non_strict_U2,
20260331_24_12,True,True,False,True,auxiliary_pretraining_candidate,remains_non_strict_U2,
20260401_01_06,True,True,False,True,auxiliary_pretraining_candidate,remains_non_strict_U2,
20260401_01_07,True,True,False,True,auxiliary_pretraining_candidate,remains_non_strict_U2,
20260401_02_12,True,True,False,True,auxiliary_pretraining_candidate,remains_non_strict_U2,
20260401_06_03,True,True,False,True,auxiliary_pretraining_candidate,remains_non_strict_U2,
20260401_08_01,True,True,False,True,auxiliary_pretraining_candidate,remains_non_strict_U2,
20260401_23_02,True,True,False,True,auxiliary_pretraining_candidate,remains_non_strict_U2,
20260402_06_03,True,True,False,True,auxiliary_pretraining_candidate,remains_non_strict_U2,
20260402_09_08,True,True,False,True,auxiliary_pretraining_candidate,remains_non_strict_U2,
20260402_23_11,True,True,False,True,auxiliary_pretraining_candidate,remains_non_strict_U2,
20260402_24_02,True,True,False,True,auxiliary_pretraining_candidate,remains_non_strict_U2,
20260402_24_12,True,True,False,True,auxiliary_pretraining_candidate,remains_non_strict_U2,
20260403_08_10,True,True,False,True,auxiliary_pretraining_candidate,remains_non_strict_U2,
20260403_12_06,True,True,False,True,auxiliary_pretraining_candidate,remains_non_strict_U2,
20260403_17_05,True,True,False,True,auxiliary_pretraining_candidate,remains_non_strict_U2,
20260403_21_02,True,True,False,True,auxiliary_pretraining_candidate,remains_non_strict_U2,
20260403_21_07,True,True,False,True,auxiliary_pretraining_candidate,remains_non_strict_U2,
20260403_21_08,True,True,False,True,auxiliary_pretraining_candidate,remains_non_strict_U2,
20260404_01_01,True,True,False,True,auxiliary_pretraining_candidate,remains_non_strict_U2,
20260404_16_05,True,True,False,True,auxiliary_pretraining_candidate,remains_non_strict_U2,
20260404_16_11,True,True,False,True,auxiliary_pretraining_candidate,remains_non_strict_U2,
20260404_17_11,True,True,False,True,auxiliary_pretraining_candidate,remains_non_strict_U2,
20260405_02_01,True,True,False,True,auxiliary_pretraining_candidate,remains_non_strict_U2,
20260405_02_10,True,True,False,True,auxiliary_pretraining_candidate,remains_non_strict_U2,
20260405_02_12,True,True,False,True,auxiliary_pretraining_candidate,remains_non_strict_U2,
20260405_07_10,True,True,False,True,auxiliary_pretraining_candidate,remains_non_strict_U2,
20260405_10_03,True,True,False,True,auxiliary_pretraining_candidate,remains_non_strict_U2,
20260405_12_12,True,True,False,True,auxiliary_pretraining_candidate,remains_non_strict_U2,
20260405_17_05,True,True,False,True,auxiliary_pretraining_candidate,remains_non_strict_U2,
20260405_17_10,True,True,False,True,auxiliary_pretraining_candidate,remains_non_strict_U2,
20260405_21_06,True,True,False,True,auxiliary_pretraining_candidate,remains_non_strict_U2,
20260406_01_02,True,True,False,True,auxiliary_pretraining_candidate,remains_non_strict_U2,
20260406_04_09,True,True,False,True,auxiliary_pretraining_candidate,remains_non_strict_U2,
20260406_09_02,True,True,False,True,auxiliary_pretraining_candidate,remains_non_strict_U2,
20260406_10_10,True,True,False,True,auxiliary_pretraining_candidate,remains_non_strict_U2,
20260406_12_02,True,True,False,True,auxiliary_pretraining_candidate,remains_non_strict_U2,
20260406_12_08,True,True,False,True,auxiliary_pretraining_candidate,remains_non_strict_U2,
20260406_12_11,True,True,False,True,auxiliary_pretraining_candidate,remains_non_strict_U2,
20260406_17_06,True,True,False,True,auxiliary_pretraining_candidate,remains_non_strict_U2,
20260406_17_12,True,True,False,True,auxiliary_pretraining_candidate,remains_non_strict_U2,
20260406_21_11,True,True,False,True,auxiliary_pretraining_candidate,remains_non_strict_U2,
20260406_22_03,True,True,False,True,auxiliary_pretraining_candidate,remains_non_strict_U2,
20260406_22_05,True,True,False,True,auxiliary_pretraining_candidate,remains_non_strict_U2,
20260407_02_06,True,True,False,True,auxiliary_pretraining_candidate,remains_non_strict_U2,
20260407_08_11,True,True,False,True,auxiliary_pretraining_candidate,remains_non_strict_U2,
20260407_10_10,True,True,False,True,auxiliary_pretraining_candidate,remains_non_strict_U2,
20260407_17_04,True,True,False,True,auxiliary_pretraining_candidate,remains_non_strict_U2,
20260407_21_12,True,True,False,True,auxiliary_pretraining_candidate,remains_non_strict_U2,
20260408_02_02,True,True,False,True,auxiliary_pretraining_candidate,remains_non_strict_U2,
20260408_02_04,True,True,False,True,auxiliary_pretraining_candidate,remains_non_strict_U2,
20260408_02_09,True,True,False,True,auxiliary_pretraining_candidate,remains_non_strict_U2,
20260408_02_10,True,True,False,True,auxiliary_pretraining_candidate,remains_non_strict_U2,
20260408_04_02,True,True,False,True,auxiliary_pretraining_candidate,remains_non_strict_U2,
20260408_04_04,True,True,False,True,auxiliary_pretraining_candidate,remains_non_strict_U2,
20260408_04_07,True,True,False,True,auxiliary_pretraining_candidate,remains_non_strict_U2,
20260408_07_06,True,True,False,True,auxiliary_pretraining_candidate,remains_non_strict_U2,
20260408_07_11,True,True,False,True,auxiliary_pretraining_candidate,remains_non_strict_U2,
20260408_08_01,True,True,False,True,auxiliary_pretraining_candidate,remains_non_strict_U2,
20260408_10_04,True,True,False,True,auxiliary_pretraining_candidate,remains_non_strict_U2,
20260408_10_05,True,True,False,True,auxiliary_pretraining_candidate,remains_non_strict_U2,
20260408_11_02,True,True,False,True,auxiliary_pretraining_candidate,remains_non_strict_U2,
20260408_23_02,True,True,False,True,auxiliary_pretraining_candidate,remains_non_strict_U2,
20260408_24_11,True,True,False,True,auxiliary_pretraining_candidate,remains_non_strict_U2,
20260409_02_05,True,True,False,True,auxiliary_pretraining_candidate,remains_non_strict_U2,
20260409_02_06,True,True,False,True,auxiliary_pretraining_candidate,remains_non_strict_U2,
20260409_02_10,True,True,False,True,auxiliary_pretraining_candidate,remains_non_strict_U2,
20260409_06_04,True,True,False,True,auxiliary_pretraining_candidate,remains_non_strict_U2,
20260409_06_08,True,True,False,True,auxiliary_pretraining_candidate,remains_non_strict_U2,
20260409_06_10,True,True,False,True,auxiliary_pretraining_candidate,remains_non_strict_U2,
20260409_07_04,True,True,False,True,auxiliary_pretraining_candidate,remains_non_strict_U2,
20260409_24_04,True,True,False,True,auxiliary_pretraining_candidate,remains_non_strict_U2,
20260410_02_09,True,True,False,True,auxiliary_pretraining_candidate,remains_non_strict_U2,
20260410_06_04,True,True,False,True,auxiliary_pretraining_candidate,remains_non_strict_U2,
20260410_06_06,True,True,False,True,auxiliary_pretraining_candidate,remains_non_strict_U2,
20260410_08_07,True,True,False,True,auxiliary_pretraining_candidate,remains_non_strict_U2,
20260410_11_07,True,True,False,True,auxiliary_pretraining_candidate,remains_non_strict_U2,
20260410_15_08,True,True,False,True,auxiliary_pretraining_candidate,remains_non_strict_U2,
20260410_17_01,True,True,False,True,auxiliary_pretraining_candidate,remains_non_strict_U2,
20260410_17_02,True,True,False,True,auxiliary_pretraining_candidate,remains_non_strict_U2,
20260410_23_09,True,True,False,True,auxiliary_pretraining_candidate,remains_non_strict_U2,
20260411_04_10,True,True,False,True,auxiliary_pretraining_candidate,remains_non_strict_U2,
20260411_06_02,True,True,False,True,auxiliary_pretraining_candidate,remains_non_strict_U2,
20260411_06_04,True,True,False,True,auxiliary_pretraining_candidate,remains_non_strict_U2,
20260411_07_05,True,True,False,True,auxiliary_pretraining_candidate,remains_non_strict_U2,
20260411_17_06,True,True,False,True,auxiliary_pretraining_candidate,remains_non_strict_U2,
20260411_22_12,True,True,False,True,auxiliary_pretraining_candidate,remains_non_strict_U2,
20260411_24_02,True,True,False,True,auxiliary_pretraining_candidate,remains_non_strict_U2,
20260411_24_07,True,True,False,True,auxiliary_pretraining_candidate,remains_non_strict_U2,
20260412_04_06,True,True,False,True,auxiliary_pretraining_candidate,remains_non_strict_U2,
20260412_04_07,True,True,False,True,auxiliary_pretraining_candidate,remains_non_strict_U2,
20260412_06_07,True,True,False,True,auxiliary_pretraining_candidate,remains_non_strict_U2,
20260412_14_09,True,True,False,True,auxiliary_pretraining_candidate,remains_non_strict_U2,
20260412_15_07,True,True,False,True,auxiliary_pretraining_candidate,remains_non_strict_U2,
20260412_17_07,True,True,False,True,auxiliary_pretraining_candidate,remains_non_strict_U2,
20260412_22_01,True,True,False,True,auxiliary_pretraining_candidate,remains_non_strict_U2,
20260412_22_02,True,True,False,True,auxiliary_pretraining_candidate,remains_non_strict_U2,
20260412_24_01,True,True,False,True,auxiliary_pretraining_candidate,remains_non_strict_U2,
20260412_24_08,True,True,False,True,auxiliary_pretraining_candidate,remains_non_strict_U2,
20260413_01_02,True,True,False,True,auxiliary_pretraining_candidate,remains_non_strict_U2,
20260413_01_06,True,True,False,True,auxiliary_pretraining_candidate,remains_non_strict_U2,
20260413_01_09,True,True,False,True,auxiliary_pretraining_candidate,remains_non_strict_U2,
20260413_06_08,True,True,False,True,auxiliary_pretraining_candidate,remains_non_strict_U2,
20260413_06_12,True,True,False,True,auxiliary_pretraining_candidate,remains_non_strict_U2,
20260413_17_08,True,True,False,True,auxiliary_pretraining_candidate,remains_non_strict_U2,
20260413_22_09,True,True,False,True,auxiliary_pretraining_candidate,remains_non_strict_U2,
20260413_24_03,True,True,False,True,auxiliary_pretraining_candidate,remains_non_strict_U2,
20260413_24_08,True,True,False,True,auxiliary_pretraining_candidate,remains_non_strict_U2,
20260414_03_07,True,True,False,True,auxiliary_pretraining_candidate,remains_non_strict_U2,
20260414_04_10,True,True,False,True,auxiliary_pretraining_candidate,remains_non_strict_U2,
20260414_10_05,True,True,False,True,auxiliary_pretraining_candidate,remains_non_strict_U2,
20260414_16_01,True,True,False,True,auxiliary_pretraining_candidate,remains_non_strict_U2,
20260414_16_09,True,True,False,True,auxiliary_pretraining_candidate,remains_non_strict_U2,
20260414_20_05,True,True,False,True,auxiliary_pretraining_candidate,remains_non_strict_U2,
20260414_20_09,True,True,False,True,auxiliary_pretraining_candidate,remains_non_strict_U2,
20260414_22_05,True,True,False,True,auxiliary_pretraining_candidate,remains_non_strict_U2,
20260415_01_01,True,True,False,True,auxiliary_pretraining_candidate,remains_non_strict_U2,
20260415_03_04,True,True,False,True,auxiliary_pretraining_candidate,remains_non_strict_U2,
20260415_09_09,True,True,False,True,auxiliary_pretraining_candidate,remains_non_strict_U2,
20260415_09_10,True,True,False,True,auxiliary_pretraining_candidate,remains_non_strict_U2,
20260415_10_05,True,True,False,True,auxiliary_pretraining_candidate,remains_non_strict_U2,
20260415_14_03,True,True,False,True,auxiliary_pretraining_candidate,remains_non_strict_U2,
20260415_16_03,True,True,False,True,auxiliary_pretraining_candidate,remains_non_strict_U2,
20260416_02_04,True,True,False,True,auxiliary_pretraining_candidate,remains_non_strict_U2,
20260416_03_06,True,True,False,True,auxiliary_pretraining_candidate,remains_non_strict_U2,
20260416_03_09,True,True,False,True,auxiliary_pretraining_candidate,remains_non_strict_U2,
20260416_10_04,True,True,False,True,auxiliary_pretraining_candidate,remains_non_strict_U2,
20260416_12_07,True,True,False,True,auxiliary_pretraining_candidate,remains_non_strict_U2,
20260416_16_09,True,True,False,True,auxiliary_pretraining_candidate,remains_non_strict_U2,
20260416_16_10,True,True,False,True,auxiliary_pretraining_candidate,remains_non_strict_U2,
20260416_20_01,True,True,False,True,auxiliary_pretraining_candidate,remains_non_strict_U2,
20260416_20_02,True,True,False,True,auxiliary_pretraining_candidate,remains_non_strict_U2,
20260416_20_09,True,True,False,True,auxiliary_pretraining_candidate,remains_non_strict_U2,
20260417_02_07,True,True,False,True,auxiliary_pretraining_candidate,remains_non_strict_U2,
20260417_03_02,True,True,False,True,auxiliary_pretraining_candidate,remains_non_strict_U2,
20260417_08_12,True,True,False,True,auxiliary_pretraining_candidate,remains_non_strict_U2,
20260417_09_05,True,True,False,True,auxiliary_pretraining_candidate,remains_non_strict_U2,
20260417_09_11,True,True,False,True,auxiliary_pretraining_candidate,remains_non_strict_U2,
20260417_12_06,True,True,False,True,auxiliary_pretraining_candidate,remains_non_strict_U2,
20260417_12_07,True,True,False,True,auxiliary_pretraining_candidate,remains_non_strict_U2,
20260417_21_08,True,True,False,True,auxiliary_pretraining_candidate,remains_non_strict_U2,
20260418_02_08,True,True,False,True,auxiliary_pretraining_candidate,remains_non_strict_U2,
20260418_03_08,True,True,False,True,auxiliary_pretraining_candidate,remains_non_strict_U2,
20260418_08_08,True,True,False,True,auxiliary_pretraining_candidate,remains_non_strict_U2,
20260418_08_12,True,True,False,True,auxiliary_pretraining_candidate,remains_non_strict_U2,
20260418_09_01,True,True,False,True,auxiliary_pretraining_candidate,remains_non_strict_U2,
20260418_10_04,True,True,False,True,auxiliary_pretraining_candidate,remains_non_strict_U2,
20260418_10_05,True,True,False,True,auxiliary_pretraining_candidate,remains_non_strict_U2,
20260418_20_02,True,True,False,True,auxiliary_pretraining_candidate,remains_non_strict_U2,
20260418_20_11,True,True,False,True,auxiliary_pretraining_candidate,remains_non_strict_U2,
20260418_23_07,True,True,False,True,auxiliary_pretraining_candidate,remains_non_strict_U2,
20260419_09_02,True,True,False,True,auxiliary_pretraining_candidate,remains_non_strict_U2,
20260419_10_02,True,True,False,True,auxiliary_pretraining_candidate,remains_non_strict_U2,
20260419_20_05,True,True,False,True,auxiliary_pretraining_candidate,remains_non_strict_U2,
20260419_24_04,True,True,False,True,auxiliary_pretraining_candidate,remains_non_strict_U2,
20260419_24_06,True,True,False,True,auxiliary_pretraining_candidate,remains_non_strict_U2,
20260420_05_11,True,True,False,True,auxiliary_pretraining_candidate,remains_non_strict_U2,
20260420_08_04,True,True,False,True,auxiliary_pretraining_candidate,remains_non_strict_U2,
20260420_11_10,True,True,False,True,auxiliary_pretraining_candidate,remains_non_strict_U2,
20260420_11_12,True,True,False,True,auxiliary_pretraining_candidate,remains_non_strict_U2,
20260420_22_09,True,True,False,True,auxiliary_pretraining_candidate,remains_non_strict_U2,
20260420_23_06,True,True,False,True,auxiliary_pretraining_candidate,remains_non_strict_U2,
20260420_23_10,True,True,False,True,auxiliary_pretraining_candidate,remains_non_strict_U2,
20260420_24_06,True,True,False,True,auxiliary_pretraining_candidate,remains_non_strict_U2,
20260421_07_03,True,True,False,True,auxiliary_pretraining_candidate,remains_non_strict_U2,
20260421_08_01,True,True,False,True,auxiliary_pretraining_candidate,remains_non_strict_U2,
20260421_11_05,True,True,False,True,auxiliary_pretraining_candidate,remains_non_strict_U2,
20260421_13_09,True,True,False,True,auxiliary_pretraining_candidate,remains_non_strict_U2,
20260421_15_08,True,True,False,True,auxiliary_pretraining_candidate,remains_non_strict_U2,
20260421_15_09,True,True,False,True,auxiliary_pretraining_candidate,remains_non_strict_U2,
20260421_21_07,True,True,False,True,auxiliary_pretraining_candidate,remains_non_strict_U2,
20260421_21_10,True,True,False,True,auxiliary_pretraining_candidate,remains_non_strict_U2,
20260421_22_01,True,True,False,True,auxiliary_pretraining_candidate,remains_non_strict_U2,
20260421_22_07,True,True,False,True,auxiliary_pretraining_candidate,remains_non_strict_U2,
20260421_24_04,True,True,False,True,auxiliary_pretraining_candidate,remains_non_strict_U2,
20260422_05_08,True,True,False,True,auxiliary_pretraining_candidate,remains_non_strict_U2,
20260422_11_05,True,True,False,True,auxiliary_pretraining_candidate,remains_non_strict_U2,
20260422_14_04,True,True,False,True,auxiliary_pretraining_candidate,remains_non_strict_U2,
20260422_15_07,True,True,False,True,auxiliary_pretraining_candidate,remains_non_strict_U2,
20260422_17_08,True,True,False,True,auxiliary_pretraining_candidate,remains_non_strict_U2,
20260422_17_10,True,True,False,True,auxiliary_pretraining_candidate,remains_non_strict_U2,
20260422_18_08,True,True,False,True,auxiliary_pretraining_candidate,remains_non_strict_U2,
20260423_11_02,True,True,False,True,auxiliary_pretraining_candidate,remains_non_strict_U2,
20260423_11_09,True,True,False,True,auxiliary_pretraining_candidate,remains_non_strict_U2,
20260423_14_03,True,True,False,True,auxiliary_pretraining_candidate,remains_non_strict_U2,
20260423_14_11,True,True,False,True,auxiliary_pretraining_candidate,remains_non_strict_U2,
20260423_16_04,True,True,False,True,auxiliary_pretraining_candidate,remains_non_strict_U2,
20260423_16_07,True,True,False,True,auxiliary_pretraining_candidate,remains_non_strict_U2,
20260423_17_12,True,True,False,True,auxiliary_pretraining_candidate,remains_non_strict_U2,
20260423_23_06,True,True,False,True,auxiliary_pretraining_candidate,remains_non_strict_U2,
20260423_23_09,True,True,False,True,auxiliary_pretraining_candidate,remains_non_strict_U2,
20260424_04_06,True,True,False,True,auxiliary_pretraining_candidate,remains_non_strict_U2,
20260424_04_11,True,True,False,True,auxiliary_pretraining_candidate,remains_non_strict_U2,
20260424_07_01,True,True,False,True,auxiliary_pretraining_candidate,remains_non_strict_U2,
20260424_16_09,True,True,False,True,auxiliary_pretraining_candidate,remains_non_strict_U2,
20260424_23_07,True,True,False,True,auxiliary_pretraining_candidate,remains_non_strict_U2,
20260425_01_09,True,True,False,True,auxiliary_pretraining_candidate,remains_non_strict_U2,
20260425_07_05,True,True,False,True,auxiliary_pretraining_candidate,remains_non_strict_U2,
20260425_08_02,True,True,False,True,auxiliary_pretraining_candidate,remains_non_strict_U2,
20260425_08_10,True,True,False,True,auxiliary_pretraining_candidate,remains_non_strict_U2,
20260425_12_02,True,True,False,True,auxiliary_pretraining_candidate,remains_non_strict_U2,
20260425_14_01,True,True,False,True,auxiliary_pretraining_candidate,remains_non_strict_U2,
20260425_14_09,True,True,False,True,auxiliary_pretraining_candidate,remains_non_strict_U2,
20260425_15_05,True,True,False,True,auxiliary_pretraining_candidate,remains_non_strict_U2,
20260425_21_07,True,True,False,True,auxiliary_pretraining_candidate,remains_non_strict_U2,
20260425_22_04,True,True,False,True,auxiliary_pretraining_candidate,remains_non_strict_U2,
20260425_23_07,True,True,False,True,auxiliary_pretraining_candidate,remains_non_strict_U2,
20260426_04_09,True,True,False,True,auxiliary_pretraining_candidate,remains_non_strict_U2,
20260426_08_03,True,True,False,True,auxiliary_pretraining_candidate,remains_non_strict_U2,
20260426_08_07,True,True,False,True,auxiliary_pretraining_candidate,remains_non_strict_U2,
20260426_09_04,True,True,False,True,auxiliary_pretraining_candidate,remains_non_strict_U2,
20260426_12_07,True,True,False,True,auxiliary_pretraining_candidate,remains_non_strict_U2,
20260426_12_08,True,True,False,True,auxiliary_pretraining_candidate,remains_non_strict_U2,
20260426_16_01,True,True,False,True,auxiliary_pretraining_candidate,remains_non_strict_U2,
20260426_17_02,True,True,False,True,auxiliary_pretraining_candidate,remains_non_strict_U2,
20260426_20_11,True,True,False,True,auxiliary_pretraining_candidate,remains_non_strict_U2,
20260426_21_05,True,True,False,True,auxiliary_pretraining_candidate,remains_non_strict_U2,
20260426_23_06,True,True,False,True,auxiliary_pretraining_candidate,remains_non_strict_U2,
20260426_24_07,True,True,False,True,auxiliary_pretraining_candidate,remains_non_strict_U2,
20260427_03_03,True,True,False,True,auxiliary_pretraining_candidate,remains_non_strict_U2,
20260427_04_10,True,True,False,True,auxiliary_pretraining_candidate,remains_non_strict_U2,
20260427_05_11,True,True,False,True,auxiliary_pretraining_candidate,remains_non_strict_U2,
20260427_06_07,True,True,False,True,auxiliary_pretraining_candidate,remains_non_strict_U2,
20260427_09_09,True,True,False,True,auxiliary_pretraining_candidate,remains_non_strict_U2,
20260427_20_08,True,True,False,True,auxiliary_pretraining_candidate,remains_non_strict_U2,
20260427_24_08,True,True,False,True,auxiliary_pretraining_candidate,remains_non_strict_U2,
20260428_04_04,True,True,False,True,auxiliary_pretraining_candidate,remains_non_strict_U2,
20260428_12_08,True,True,False,True,auxiliary_pretraining_candidate,remains_non_strict_U2,
20260428_13_09,True,True,False,True,auxiliary_pretraining_candidate,remains_non_strict_U2,
20260428_15_02,True,True,False,True,auxiliary_pretraining_candidate,remains_non_strict_U2,
20260428_16_08,True,True,False,True,auxiliary_pretraining_candidate,remains_non_strict_U2,
20260428_24_05,True,True,False,True,auxiliary_pretraining_candidate,remains_non_strict_U2,
20260428_24_08,True,True,False,True,auxiliary_pretraining_candidate,remains_non_strict_U2,
20260429_04_10,True,True,False,True,auxiliary_pretraining_candidate,remains_non_strict_U2,
20260429_06_05,True,True,False,True,auxiliary_pretraining_candidate,remains_non_strict_U2,
20260429_06_08,True,True,False,True,auxiliary_pretraining_candidate,remains_non_strict_U2,
20260429_08_04,True,True,False,True,auxiliary_pretraining_candidate,remains_non_strict_U2,
20260429_12_06,True,True,False,True,auxiliary_pretraining_candidate,remains_non_strict_U2,
20260429_19_04,True,True,False,True,auxiliary_pretraining_candidate,remains_non_strict_U2,
20260429_22_01,True,True,False,True,auxiliary_pretraining_candidate,remains_non_strict_U2,
20260429_22_02,True,True,False,True,auxiliary_pretraining_candidate,remains_non_strict_U2,
20260429_22_07,True,True,False,True,auxiliary_pretraining_candidate,remains_non_strict_U2,
20260430_03_02,True,True,False,True,auxiliary_pretraining_candidate,remains_non_strict_U2,
20260430_03_07,True,True,False,True,auxiliary_pretraining_candidate,remains_non_strict_U2,
20260430_05_10,True,True,False,True,auxiliary_pretraining_candidate,remains_non_strict_U2,
20260430_06_05,True,True,False,True,auxiliary_pretraining_candidate,remains_non_strict_U2,
20260430_06_08,True,True,False,True,auxiliary_pretraining_candidate,remains_non_strict_U2,
20260430_11_06,True,True,False,True,auxiliary_pretraining_candidate,remains_non_strict_U2,
20260430_13_01,True,True,False,True,auxiliary_pretraining_candidate,remains_non_strict_U2,
20260430_13_02,True,True,False,True,auxiliary_pretraining_candidate,remains_non_strict_U2,
20260430_14_03,True,True,False,True,auxiliary_pretraining_candidate,remains_non_strict_U2,
20260430_14_12,True,True,False,True,auxiliary_pretraining_candidate,remains_non_strict_U2,
20260430_15_03,True,True,False,True,auxiliary_pretraining_candidate,remains_non_strict_U2,
20260430_17_08,True,True,False,True,auxiliary_pretraining_candidate,remains_non_strict_U2,
20260430_18_05,True,True,False,True,auxiliary_pretraining_candidate,remains_non_strict_U2,
20260430_19_05,True,True,False,True,auxiliary_pretraining_candidate,remains_non_strict_U2,
20260430_19_12,True,True,False,True,auxiliary_pretraining_candidate,remains_non_strict_U2,
20260430_21_08,True,True,False,True,auxiliary_pretraining_candidate,remains_non_strict_U2,
20260430_24_10,True,True,False,True,auxiliary_pretraining_candidate,remains_non_strict_U2,
20260501_02_03,True,True,False,True,auxiliary_pretraining_candidate,remains_non_strict_U2,
20260501_07_05,True,True,False,True,auxiliary_pretraining_candidate,remains_non_strict_U2,
20260501_14_12,True,True,False,True,auxiliary_pretraining_candidate,remains_non_strict_U2,
20260501_17_07,True,True,False,True,auxiliary_pretraining_candidate,remains_non_strict_U2,
20260501_20_01,True,True,False,True,auxiliary_pretraining_candidate,remains_non_strict_U2,
20260501_22_01,True,True,False,True,auxiliary_pretraining_candidate,remains_non_strict_U2,
20260501_23_10,True,True,False,True,auxiliary_pretraining_candidate,remains_non_strict_U2,
20260501_24_04,True,True,False,True,auxiliary_pretraining_candidate,remains_non_strict_U2,
20260502_02_08,True,True,False,True,auxiliary_pretraining_candidate,remains_non_strict_U2,
20260502_05_07,True,True,False,True,auxiliary_pretraining_candidate,remains_non_strict_U2,
20260502_07_10,True,True,False,True,auxiliary_pretraining_candidate,remains_non_strict_U2,
20260502_14_05,True,True,False,True,auxiliary_pretraining_candidate,remains_non_strict_U2,
20260502_17_05,True,True,False,True,auxiliary_pretraining_candidate,remains_non_strict_U2,
20260502_17_09,True,True,False,True,auxiliary_pretraining_candidate,remains_non_strict_U2,
20260502_18_04,True,True,False,True,auxiliary_pretraining_candidate,remains_non_strict_U2,
20260502_20_11,True,True,False,True,auxiliary_pretraining_candidate,remains_non_strict_U2,
20260502_22_03,True,True,False,True,auxiliary_pretraining_candidate,remains_non_strict_U2,
20260502_22_10,True,True,False,True,auxiliary_pretraining_candidate,remains_non_strict_U2,
20260502_23_01,True,True,False,True,auxiliary_pretraining_candidate,remains_non_strict_U2,
20260503_01_03,True,True,False,True,auxiliary_pretraining_candidate,remains_non_strict_U2,
20260503_04_10,True,True,False,True,auxiliary_pretraining_candidate,remains_non_strict_U2,
20260503_07_07,True,True,False,True,auxiliary_pretraining_candidate,remains_non_strict_U2,
20260503_08_03,True,True,False,True,auxiliary_pretraining_candidate,remains_non_strict_U2,
20260503_11_01,True,True,False,True,auxiliary_pretraining_candidate,remains_non_strict_U2,
20260503_11_03,True,True,False,True,auxiliary_pretraining_candidate,remains_non_strict_U2,
20260503_16_04,True,True,False,True,auxiliary_pretraining_candidate,remains_non_strict_U2,
20260503_16_11,True,True,False,True,auxiliary_pretraining_candidate,remains_non_strict_U2,
20260503_17_08,True,True,False,True,auxiliary_pretraining_candidate,remains_non_strict_U2,
20260503_23_01,True,True,False,True,auxiliary_pretraining_candidate,remains_non_strict_U2,
20260504_02_12,True,True,False,True,auxiliary_pretraining_candidate,remains_non_strict_U2,
20260504_06_01,True,True,False,True,auxiliary_pretraining_candidate,remains_non_strict_U2,
20260504_06_06,True,True,False,True,auxiliary_pretraining_candidate,remains_non_strict_U2,
20260504_10_10,True,True,False,True,auxiliary_pretraining_candidate,remains_non_strict_U2,
20260504_12_01,True,True,False,True,auxiliary_pretraining_candidate,remains_non_strict_U2,
20260504_16_04,True,True,False,True,auxiliary_pretraining_candidate,remains_non_strict_U2,
20260504_16_07,True,True,False,True,auxiliary_pretraining_candidate,remains_non_strict_U2,
20260504_19_11,True,True,False,True,auxiliary_pretraining_candidate,remains_non_strict_U2,
20260504_22_04,True,True,False,True,auxiliary_pretraining_candidate,remains_non_strict_U2,
20260504_23_01,True,True,False,True,auxiliary_pretraining_candidate,remains_non_strict_U2,
20260505_02_05,True,True,False,True,auxiliary_pretraining_candidate,remains_non_strict_U2,
20260505_02_08,True,True,False,True,auxiliary_pretraining_candidate,remains_non_strict_U2,
20260505_04_02,True,True,False,True,auxiliary_pretraining_candidate,remains_non_strict_U2,
20260505_04_06,True,True,False,True,auxiliary_pretraining_candidate,remains_non_strict_U2,
20260505_06_11,True,True,False,True,auxiliary_pretraining_candidate,remains_non_strict_U2,
20260505_06_12,True,True,False,True,auxiliary_pretraining_candidate,remains_non_strict_U2,
20260505_08_02,True,True,False,True,auxiliary_pretraining_candidate,remains_non_strict_U2,
20260505_10_10,True,True,False,True,auxiliary_pretraining_candidate,remains_non_strict_U2,
20260505_11_07,True,True,False,True,auxiliary_pretraining_candidate,remains_non_strict_U2,
20260505_13_09,True,True,False,True,auxiliary_pretraining_candidate,remains_non_strict_U2,
20260505_15_02,True,True,False,True,auxiliary_pretraining_candidate,remains_non_strict_U2,
20260505_17_11,True,True,False,True,auxiliary_pretraining_candidate,remains_non_strict_U2,
20260505_20_01,True,True,False,True,auxiliary_pretraining_candidate,remains_non_strict_U2,
20260505_23_03,True,True,False,True,auxiliary_pretraining_candidate,remains_non_strict_U2,
20260505_23_04,True,True,False,True,auxiliary_pretraining_candidate,remains_non_strict_U2,
20260505_23_11,True,True,False,True,auxiliary_pretraining_candidate,remains_non_strict_U2,
20260506_05_06,True,True,False,True,auxiliary_pretraining_candidate,remains_non_strict_U2,
20260506_05_11,True,True,False,True,auxiliary_pretraining_candidate,remains_non_strict_U2,
20260506_06_04,True,True,False,True,auxiliary_pretraining_candidate,remains_non_strict_U2,
20260506_09_05,True,True,False,True,auxiliary_pretraining_candidate,remains_non_strict_U2,
20260506_10_02,True,True,False,True,auxiliary_pretraining_candidate,remains_non_strict_U2,
20260506_10_04,True,True,False,True,auxiliary_pretraining_candidate,remains_non_strict_U2,
20260506_13_01,True,True,False,True,auxiliary_pretraining_candidate,remains_non_strict_U2,
20260506_15_01,True,True,False,True,auxiliary_pretraining_candidate,remains_non_strict_U2,
20260506_15_02,True,True,False,True,auxiliary_pretraining_candidate,remains_non_strict_U2,
20260506_15_05,True,True,False,True,auxiliary_pretraining_candidate,remains_non_strict_U2,
20260506_16_12,True,True,False,True,auxiliary_pretraining_candidate,remains_non_strict_U2,
20260506_23_01,True,True,False,True,auxiliary_pretraining_candidate,remains_non_strict_U2,
20260506_23_05,True,True,False,True,auxiliary_pretraining_candidate,remains_non_strict_U2,
20260507_04_06,True,True,False,True,auxiliary_pretraining_candidate,remains_non_strict_U2,
20260507_04_07,True,True,False,True,auxiliary_pretraining_candidate,remains_non_strict_U2,
20260507_04_08,True,True,False,True,auxiliary_pretraining_candidate,remains_non_strict_U2,
20260507_04_10,True,True,False,True,auxiliary_pretraining_candidate,remains_non_strict_U2,
20260507_05_09,True,True,False,True,auxiliary_pretraining_candidate,remains_non_strict_U2,
20260507_06_01,True,True,False,True,auxiliary_pretraining_candidate,remains_non_strict_U2,
20260507_06_12,True,True,False,True,auxiliary_pretraining_candidate,remains_non_strict_U2,
20260507_10_06,True,True,False,True,auxiliary_pretraining_candidate,remains_non_strict_U2,
20260507_10_12,True,True,False,True,auxiliary_pretraining_candidate,remains_non_strict_U2,
20260507_15_06,True,True,False,True,auxiliary_pretraining_candidate,remains_non_strict_U2,
20260507_16_05,True,True,False,True,auxiliary_pretraining_candidate,remains_non_strict_U2,
20260507_21_01,True,True,False,True,auxiliary_pretraining_candidate,remains_non_strict_U2,
20260507_24_11,True,True,False,True,auxiliary_pretraining_candidate,remains_non_strict_U2,
20260508_04_08,True,True,False,True,auxiliary_pretraining_candidate,remains_non_strict_U2,
20260508_05_11,True,True,False,True,auxiliary_pretraining_candidate,remains_non_strict_U2,
20260508_05_12,True,True,False,True,auxiliary_pretraining_candidate,remains_non_strict_U2,
20260508_14_02,True,True,False,True,auxiliary_pretraining_candidate,remains_non_strict_U2,
20260508_14_07,True,True,False,True,auxiliary_pretraining_candidate,remains_non_strict_U2,
20260508_14_12,True,True,False,True,auxiliary_pretraining_candidate,remains_non_strict_U2,
20260508_15_12,True,True,False,True,auxiliary_pretraining_candidate,remains_non_strict_U2,
20260508_21_05,True,True,False,True,auxiliary_pretraining_candidate,remains_non_strict_U2,
20260508_21_08,True,True,False,True,auxiliary_pretraining_candidate,remains_non_strict_U2,
20260508_21_09,True,True,False,True,auxiliary_pretraining_candidate,remains_non_strict_U2,
20260509_05_02,True,True,False,True,auxiliary_pretraining_candidate,remains_non_strict_U2,
20260509_13_04,True,True,False,True,auxiliary_pretraining_candidate,remains_non_strict_U2,
20260509_14_05,True,True,False,True,auxiliary_pretraining_candidate,remains_non_strict_U2,
20260509_22_06,True,True,False,True,auxiliary_pretraining_candidate,remains_non_strict_U2,
20260509_22_12,True,True,False,True,auxiliary_pretraining_candidate,remains_non_strict_U2,
20260509_24_02,True,True,False,True,auxiliary_pretraining_candidate,remains_non_strict_U2,
20260509_24_05,True,True,False,True,auxiliary_pretraining_candidate,remains_non_strict_U2,
20260510_05_03,True,True,False,True,auxiliary_pretraining_candidate,remains_non_strict_U2,
20260510_11_11,True,True,False,True,auxiliary_pretraining_candidate,remains_non_strict_U2,
20260510_16_05,True,True,False,True,auxiliary_pretraining_candidate,remains_non_strict_U2,
20260510_21_05,True,True,False,True,auxiliary_pretraining_candidate,remains_non_strict_U2,
20260510_23_07,True,True,False,True,auxiliary_pretraining_candidate,remains_non_strict_U2,
20260510_23_08,True,True,False,True,auxiliary_pretraining_candidate,remains_non_strict_U2,
20260510_23_11,True,True,False,True,auxiliary_pretraining_candidate,remains_non_strict_U2,
20260510_24_11,True,True,False,True,auxiliary_pretraining_candidate,remains_non_strict_U2,
20260512_01_09,True,True,False,True,auxiliary_pretraining_candidate,remains_non_strict_U2,
20260512_04_04,True,True,False,True,auxiliary_pretraining_candidate,remains_non_strict_U2,
20260512_12_07,True,True,False,True,auxiliary_pretraining_candidate,remains_non_strict_U2,
20260512_20_06,True,True,False,True,auxiliary_pretraining_candidate,remains_non_strict_U2,
20260512_22_12,True,True,False,True,auxiliary_pretraining_candidate,remains_non_strict_U2,
20260513_01_04,True,True,False,True,auxiliary_pretraining_candidate,remains_non_strict_U2,
20260513_01_07,True,True,False,True,auxiliary_pretraining_candidate,remains_non_strict_U2,
20260513_03_07,True,True,False,True,auxiliary_pretraining_candidate,remains_non_strict_U2,
20260513_03_08,True,True,False,True,auxiliary_pretraining_candidate,remains_non_strict_U2,
20260513_19_02,True,True,False,True,auxiliary_pretraining_candidate,remains_non_strict_U2,
20260513_19_06,True,True,False,True,auxiliary_pretraining_candidate,remains_non_strict_U2,
20260513_23_10,True,True,False,True,auxiliary_pretraining_candidate,remains_non_strict_U2,
20260514_01_06,True,True,False,True,auxiliary_pretraining_candidate,remains_non_strict_U2,
20260514_01_07,True,True,False,True,auxiliary_pretraining_candidate,remains_non_strict_U2,
20260514_02_02,True,True,False,True,auxiliary_pretraining_candidate,remains_non_strict_U2,
20260514_03_07,True,True,False,True,auxiliary_pretraining_candidate,remains_non_strict_U2,
20260514_08_04,True,True,False,True,auxiliary_pretraining_candidate,remains_non_strict_U2,
20260514_12_06,True,True,False,True,auxiliary_pretraining_candidate,remains_non_strict_U2,
20260514_18_11,True,True,False,True,auxiliary_pretraining_candidate,remains_non_strict_U2,
20260514_19_01,True,True,False,True,auxiliary_pretraining_candidate,remains_non_strict_U2,
20260515_01_09,True,True,False,True,auxiliary_pretraining_candidate,remains_non_strict_U2,
20260515_02_02,True,True,False,True,auxiliary_pretraining_candidate,remains_non_strict_U2,
20260515_03_12,True,True,False,True,auxiliary_pretraining_candidate,remains_non_strict_U2,
20260515_04_04,True,True,False,True,auxiliary_pretraining_candidate,remains_non_strict_U2,
20260515_04_07,True,True,False,True,auxiliary_pretraining_candidate,remains_non_strict_U2,
20260515_07_06,True,True,False,True,auxiliary_pretraining_candidate,remains_non_strict_U2,
20260515_07_08,True,True,False,True,auxiliary_pretraining_candidate,remains_non_strict_U2,
20260515_10_09,True,True,False,True,auxiliary_pretraining_candidate,remains_non_strict_U2,
20260515_13_05,True,True,False,True,auxiliary_pretraining_candidate,remains_non_strict_U2,
20260515_13_06,True,True,False,True,auxiliary_pretraining_candidate,remains_non_strict_U2,
20260515_18_04,True,True,False,True,auxiliary_pretraining_candidate,remains_non_strict_U2,
20260515_19_06,True,True,False,True,auxiliary_pretraining_candidate,remains_non_strict_U2,
20260515_19_10,True,True,False,True,auxiliary_pretraining_candidate,remains_non_strict_U2,
20260516_02_04,True,True,False,True,auxiliary_pretraining_candidate,remains_non_strict_U2,
20260516_06_01,True,True,False,True,auxiliary_pretraining_candidate,remains_non_strict_U2,
20260516_06_03,True,True,False,True,auxiliary_pretraining_candidate,remains_non_strict_U2,
20260516_14_12,True,True,False,True,auxiliary_pretraining_candidate,remains_non_strict_U2,
20260516_19_04,True,True,False,True,auxiliary_pretraining_candidate,remains_non_strict_U2,
20260516_20_12,True,True,False,True,auxiliary_pretraining_candidate,remains_non_strict_U2,
20260516_21_01,True,True,False,True,auxiliary_pretraining_candidate,remains_non_strict_U2,
20260516_21_08,True,True,False,True,auxiliary_pretraining_candidate,remains_non_strict_U2,
20260517_02_05,True,True,False,True,auxiliary_pretraining_candidate,remains_non_strict_U2,
20260517_02_09,True,True,False,True,auxiliary_pretraining_candidate,remains_non_strict_U2,
20260517_02_11,True,True,False,True,auxiliary_pretraining_candidate,remains_non_strict_U2,
20260517_10_07,True,True,False,True,auxiliary_pretraining_candidate,remains_non_strict_U2,
20260517_10_09,True,True,False,True,auxiliary_pretraining_candidate,remains_non_strict_U2,
20260517_14_02,True,True,False,True,auxiliary_pretraining_candidate,remains_non_strict_U2,
20260517_17_12,True,True,False,True,auxiliary_pretraining_candidate,remains_non_strict_U2,
20260517_21_06,True,True,False,True,auxiliary_pretraining_candidate,remains_non_strict_U2,
20260518_06_08,True,True,False,True,auxiliary_pretraining_candidate,remains_non_strict_U2,
20260518_10_11,True,True,False,True,auxiliary_pretraining_candidate,remains_non_strict_U2,
20260518_14_12,True,True,False,True,auxiliary_pretraining_candidate,remains_non_strict_U2,
20260518_15_01,True,True,False,True,auxiliary_pretraining_candidate,remains_non_strict_U2,
20260518_19_05,True,True,False,True,auxiliary_pretraining_candidate,remains_non_strict_U2,
20260518_19_12,True,True,False,True,auxiliary_pretraining_candidate,remains_non_strict_U2,
20260518_20_07,True,True,False,True,auxiliary_pretraining_candidate,remains_non_strict_U2,
20260519_06_02,True,True,False,True,auxiliary_pretraining_candidate,remains_non_strict_U2,
20260519_16_08,True,True,False,True,auxiliary_pretraining_candidate,remains_non_strict_U2,
20260519_18_10,True,True,False,True,auxiliary_pretraining_candidate,remains_non_strict_U2,
20260519_21_03,True,True,False,True,auxiliary_pretraining_candidate,remains_non_strict_U2,
20260520_01_03,True,True,False,True,auxiliary_pretraining_candidate,remains_non_strict_U2,
20260520_08_01,True,True,False,True,auxiliary_pretraining_candidate,remains_non_strict_U2,
20260520_09_05,True,True,False,True,auxiliary_pretraining_candidate,remains_non_strict_U2,
20260520_09_06,True,True,False,True,auxiliary_pretraining_candidate,remains_non_strict_U2,
20260520_16_05,True,True,False,True,auxiliary_pretraining_candidate,remains_non_strict_U2,
20260520_17_01,True,True,False,True,auxiliary_pretraining_candidate,remains_non_strict_U2,
20260520_17_03,True,True,False,True,auxiliary_pretraining_candidate,remains_non_strict_U2,
20260520_17_05,True,True,False,True,auxiliary_pretraining_candidate,remains_non_strict_U2,
20260520_21_09,True,True,False,True,auxiliary_pretraining_candidate,remains_non_strict_U2,
20260521_01_08,True,True,False,True,auxiliary_pretraining_candidate,remains_non_strict_U2,
20260521_09_11,True,True,False,True,auxiliary_pretraining_candidate,remains_non_strict_U2,
20260521_18_10,True,True,False,True,auxiliary_pretraining_candidate,remains_non_strict_U2,
20260521_19_06,True,True,False,True,auxiliary_pretraining_candidate,remains_non_strict_U2,
20260521_19_09,True,True,False,True,auxiliary_pretraining_candidate,remains_non_strict_U2,
20260522_09_07,True,True,False,True,auxiliary_pretraining_candidate,remains_non_strict_U2,
20260522_09_10,True,True,False,True,auxiliary_pretraining_candidate,remains_non_strict_U2,
20260522_11_05,True,True,False,True,auxiliary_pretraining_candidate,remains_non_strict_U2,
20260522_11_10,True,True,False,True,auxiliary_pretraining_candidate,remains_non_strict_U2,
20260522_16_02,True,True,False,True,auxiliary_pretraining_candidate,remains_non_strict_U2,
20260522_18_08,True,True,False,True,auxiliary_pretraining_candidate,remains_non_strict_U2,
20260522_19_02,True,True,False,True,auxiliary_pretraining_candidate,remains_non_strict_U2,
20260522_19_08,True,True,False,True,auxiliary_pretraining_candidate,remains_non_strict_U2,
20260523_01_03,True,True,False,True,auxiliary_pretraining_candidate,remains_non_strict_U2,
20260523_01_11,True,True,False,True,auxiliary_pretraining_candidate,remains_non_strict_U2,
20260523_05_03,True,True,False,True,auxiliary_pretraining_candidate,remains_non_strict_U2,
20260523_11_04,True,True,False,True,auxiliary_pretraining_candidate,remains_non_strict_U2,
20260523_12_07,True,True,False,True,auxiliary_pretraining_candidate,remains_non_strict_U2,
20260523_15_02,True,True,False,True,auxiliary_pretraining_candidate,remains_non_strict_U2,
20260523_18_02,True,True,False,True,auxiliary_pretraining_candidate,remains_non_strict_U2,
20260523_23_08,True,True,False,True,auxiliary_pretraining_candidate,remains_non_strict_U2,
20260524_01_01,True,True,False,True,auxiliary_pretraining_candidate,remains_non_strict_U2,
20260524_01_11,True,True,False,True,auxiliary_pretraining_candidate,remains_non_strict_U2,
20260524_09_12,True,True,False,True,auxiliary_pretraining_candidate,remains_non_strict_U2,
20260524_12_10,True,True,False,True,auxiliary_pretraining_candidate,remains_non_strict_U2,
20260524_13_11,True,True,False,True,auxiliary_pretraining_candidate,remains_non_strict_U2,
20260524_23_03,True,True,False,True,auxiliary_pretraining_candidate,remains_non_strict_U2,
20260525_03_06,True,True,False,True,auxiliary_pretraining_candidate,remains_non_strict_U2,
20260525_07_05,True,True,False,True,auxiliary_pretraining_candidate,remains_non_strict_U2,
20260525_07_11,True,True,False,True,auxiliary_pretraining_candidate,remains_non_strict_U2,
20260525_09_08,True,True,False,True,auxiliary_pretraining_candidate,remains_non_strict_U2,
20260525_10_06,True,True,False,True,auxiliary_pretraining_candidate,remains_non_strict_U2,
20260525_11_12,True,True,False,True,auxiliary_pretraining_candidate,remains_non_strict_U2,
20260525_13_04,True,True,False,True,auxiliary_pretraining_candidate,remains_non_strict_U2,
20260525_21_11,True,True,False,True,auxiliary_pretraining_candidate,remains_non_strict_U2,
20260525_23_06,True,True,False,True,auxiliary_pretraining_candidate,remains_non_strict_U2,
20260525_23_12,True,True,False,True,auxiliary_pretraining_candidate,remains_non_strict_U2,
20260526_07_09,True,True,False,True,auxiliary_pretraining_candidate,remains_non_strict_U2,
20260526_10_03,True,True,False,True,auxiliary_pretraining_candidate,remains_non_strict_U2,
20260526_12_12,True,True,False,True,auxiliary_pretraining_candidate,remains_non_strict_U2,
20260526_13_01,True,True,False,True,auxiliary_pretraining_candidate,remains_non_strict_U2,
20260526_13_12,True,True,False,True,auxiliary_pretraining_candidate,remains_non_strict_U2,
20260526_17_10,True,True,False,True,auxiliary_pretraining_candidate,remains_non_strict_U2,
20260526_17_11,True,True,False,True,auxiliary_pretraining_candidate,remains_non_strict_U2,
20260526_21_05,True,True,False,True,auxiliary_pretraining_candidate,remains_non_strict_U2,
20260526_24_08,True,True,False,True,auxiliary_pretraining_candidate,remains_non_strict_U2,
20260527_03_02,True,True,False,True,auxiliary_pretraining_candidate,remains_non_strict_U2,
20260527_06_11,True,True,False,True,auxiliary_pretraining_candidate,remains_non_strict_U2,
20260527_07_01,True,True,False,True,auxiliary_pretraining_candidate,remains_non_strict_U2,
20260527_08_11,True,True,False,True,auxiliary_pretraining_candidate,remains_non_strict_U2,
20260527_10_02,True,True,False,True,auxiliary_pretraining_candidate,remains_non_strict_U2,
20260527_13_03,True,True,False,True,auxiliary_pretraining_candidate,remains_non_strict_U2,
20260527_13_07,True,True,False,True,auxiliary_pretraining_candidate,remains_non_strict_U2,
20260527_13_12,True,True,False,True,auxiliary_pretraining_candidate,remains_non_strict_U2,
20260527_15_03,True,True,False,True,auxiliary_pretraining_candidate,remains_non_strict_U2,
20260527_17_08,True,True,False,True,auxiliary_pretraining_candidate,remains_non_strict_U2,
20260527_21_10,True,True,False,True,auxiliary_pretraining_candidate,remains_non_strict_U2,
20260527_24_04,True,True,False,True,auxiliary_pretraining_candidate,remains_non_strict_U2,
20260528_02_01,True,True,False,True,auxiliary_pretraining_candidate,remains_non_strict_U2,
20260528_03_08,True,True,False,True,auxiliary_pretraining_candidate,remains_non_strict_U2,
20260528_07_03,True,True,False,True,auxiliary_pretraining_candidate,remains_non_strict_U2,
20260528_08_05,True,True,False,True,auxiliary_pretraining_candidate,remains_non_strict_U2,
20260528_15_12,True,True,False,True,auxiliary_pretraining_candidate,remains_non_strict_U2,
20260528_21_04,True,True,False,True,auxiliary_pretraining_candidate,remains_non_strict_U2,
20260528_24_02,True,True,False,True,auxiliary_pretraining_candidate,remains_non_strict_U2,
20260529_02_10,True,True,False,True,auxiliary_pretraining_candidate,remains_non_strict_U2,
20260529_06_05,True,True,False,True,auxiliary_pretraining_candidate,remains_non_strict_U2,
20260529_07_02,True,True,False,True,auxiliary_pretraining_candidate,remains_non_strict_U2,
20260529_07_09,True,True,False,True,auxiliary_pretraining_candidate,remains_non_strict_U2,
20260529_08_11,True,True,False,True,auxiliary_pretraining_candidate,remains_non_strict_U2,
20260529_09_06,True,True,False,True,auxiliary_pretraining_candidate,remains_non_strict_U2,
20260529_09_12,True,True,False,True,auxiliary_pretraining_candidate,remains_non_strict_U2,
20260529_11_01,True,True,False,True,auxiliary_pretraining_candidate,remains_non_strict_U2,
20260529_14_12,True,True,False,True,auxiliary_pretraining_candidate,remains_non_strict_U2,
20260529_15_07,True,True,False,True,auxiliary_pretraining_candidate,remains_non_strict_U2,
20260529_17_08,True,True,False,True,auxiliary_pretraining_candidate,remains_non_strict_U2,
20260529_23_12,True,True,False,True,auxiliary_pretraining_candidate,remains_non_strict_U2,
20260530_01_08,True,True,False,True,auxiliary_pretraining_candidate,remains_non_strict_U2,
20260530_02_06,True,True,False,True,auxiliary_pretraining_candidate,remains_non_strict_U2,
20260530_02_09,True,True,False,True,auxiliary_pretraining_candidate,remains_non_strict_U2,
20260530_03_04,True,True,False,True,auxiliary_pretraining_candidate,remains_non_strict_U2,
20260530_03_07,True,True,False,True,auxiliary_pretraining_candidate,remains_non_strict_U2,
20260530_03_12,True,True,False,True,auxiliary_pretraining_candidate,remains_non_strict_U2,
20260530_07_01,True,True,False,True,auxiliary_pretraining_candidate,remains_non_strict_U2,
20260530_07_06,True,True,False,True,auxiliary_pretraining_candidate,remains_non_strict_U2,
20260530_07_11,True,True,False,True,auxiliary_pretraining_candidate,remains_non_strict_U2,
20260530_11_03,True,True,False,True,auxiliary_pretraining_candidate,remains_non_strict_U2,
20260530_11_09,True,True,False,True,auxiliary_pretraining_candidate,remains_non_strict_U2,
20260530_12_01,True,True,False,True,auxiliary_pretraining_candidate,remains_non_strict_U2,
20260530_14_07,True,True,False,True,auxiliary_pretraining_candidate,remains_non_strict_U2,
20260530_17_02,True,True,False,True,auxiliary_pretraining_candidate,remains_non_strict_U2,
20260530_18_01,True,True,False,True,auxiliary_pretraining_candidate,remains_non_strict_U2,
20260530_18_09,True,True,False,True,auxiliary_pretraining_candidate,remains_non_strict_U2,
20260530_23_05,True,True,False,True,auxiliary_pretraining_candidate,remains_non_strict_U2,
20260531_02_04,True,True,False,True,auxiliary_pretraining_candidate,remains_non_strict_U2,
20260531_03_08,True,True,False,True,auxiliary_pretraining_candidate,remains_non_strict_U2,
20260531_03_10,True,True,False,True,auxiliary_pretraining_candidate,remains_non_strict_U2,
20260531_06_08,True,True,False,True,auxiliary_pretraining_candidate,remains_non_strict_U2,
20260531_08_04,True,True,False,True,auxiliary_pretraining_candidate,remains_non_strict_U2,
20260531_14_10,True,True,False,True,auxiliary_pretraining_candidate,remains_non_strict_U2,
20260531_15_06,True,True,False,True,auxiliary_pretraining_candidate,remains_non_strict_U2,
20260531_15_07,True,True,False,True,auxiliary_pretraining_candidate,remains_non_strict_U2,
20260601_05_04,True,True,False,True,auxiliary_pretraining_candidate,remains_non_strict_U2,
20260601_05_05,True,True,False,True,auxiliary_pretraining_candidate,remains_non_strict_U2,
20260601_09_02,True,True,False,True,auxiliary_pretraining_candidate,remains_non_strict_U2,
20260601_11_10,True,True,False,True,auxiliary_pretraining_candidate,remains_non_strict_U2,
20260601_13_11,True,True,False,True,auxiliary_pretraining_candidate,remains_non_strict_U2,
20260601_20_10,True,True,False,True,auxiliary_pretraining_candidate,remains_non_strict_U2,
20260601_23_07,True,True,False,True,auxiliary_pretraining_candidate,remains_non_strict_U2,
20260601_24_10,True,True,False,True,auxiliary_pretraining_candidate,remains_non_strict_U2,
20260602_01_11,True,True,False,True,auxiliary_pretraining_candidate,remains_non_strict_U2,
20260602_11_01,True,True,False,True,auxiliary_pretraining_candidate,remains_non_strict_U2,
20260602_11_09,True,True,False,True,auxiliary_pretraining_candidate,remains_non_strict_U2,
20260602_11_11,True,True,False,True,auxiliary_pretraining_candidate,remains_non_strict_U2,
20260602_12_04,True,True,False,True,auxiliary_pretraining_candidate,remains_non_strict_U2,
20260602_13_04,True,True,False,True,auxiliary_pretraining_candidate,remains_non_strict_U2,
20260602_14_12,True,True,False,True,auxiliary_pretraining_candidate,remains_non_strict_U2,
20260602_20_07,True,True,False,True,auxiliary_pretraining_candidate,remains_non_strict_U2,
20260603_11_11,True,True,False,True,auxiliary_pretraining_candidate,remains_non_strict_U2,
20260604_08_04,True,True,False,True,auxiliary_pretraining_candidate,remains_non_strict_U2,
20260604_08_05,True,True,False,True,auxiliary_pretraining_candidate,remains_non_strict_U2,
20260604_10_02,True,True,False,True,auxiliary_pretraining_candidate,remains_non_strict_U2,
20260604_13_04,True,True,False,True,auxiliary_pretraining_candidate,remains_non_strict_U2,
20260604_13_05,True,True,False,True,auxiliary_pretraining_candidate,remains_non_strict_U2,
20260604_20_03,True,True,False,True,auxiliary_pretraining_candidate,remains_non_strict_U2,
20260604_20_09,True,True,False,True,auxiliary_pretraining_candidate,remains_non_strict_U2,
20260605_03_10,True,True,False,True,auxiliary_pretraining_candidate,remains_non_strict_U2,
20260605_07_02,True,True,False,True,auxiliary_pretraining_candidate,remains_non_strict_U2,
20260605_18_12,True,True,False,True,auxiliary_pretraining_candidate,remains_non_strict_U2,
20260606_01_10,True,True,False,True,auxiliary_pretraining_candidate,remains_non_strict_U2,
20260606_03_09,True,True,False,True,auxiliary_pretraining_candidate,remains_non_strict_U2,
20260606_03_11,True,True,False,True,auxiliary_pretraining_candidate,remains_non_strict_U2,
20260606_07_07,True,True,False,True,auxiliary_pretraining_candidate,remains_non_strict_U2,
20260606_08_10,True,True,False,True,auxiliary_pretraining_candidate,remains_non_strict_U2,
20260606_17_03,True,True,False,True,auxiliary_pretraining_candidate,remains_non_strict_U2,
20260606_17_10,True,True,False,True,auxiliary_pretraining_candidate,remains_non_strict_U2,
20260607_01_03,True,True,False,True,auxiliary_pretraining_candidate,remains_non_strict_U2,
20260607_03_03,True,True,False,True,auxiliary_pretraining_candidate,remains_non_strict_U2,
20260607_03_05,True,True,False,True,auxiliary_pretraining_candidate,remains_non_strict_U2,
20260607_08_01,True,True,False,True,auxiliary_pretraining_candidate,remains_non_strict_U2,
20260607_08_11,True,True,False,True,auxiliary_pretraining_candidate,remains_non_strict_U2,
20260607_10_06,True,True,False,True,auxiliary_pretraining_candidate,remains_non_strict_U2,
20260607_10_08,True,True,False,True,auxiliary_pretraining_candidate,remains_non_strict_U2,
20260607_10_10,True,True,False,True,auxiliary_pretraining_candidate,remains_non_strict_U2,
20260607_21_09,True,True,False,True,auxiliary_pretraining_candidate,remains_non_strict_U2,
20260608_09_03,True,True,False,True,auxiliary_pretraining_candidate,remains_non_strict_U2,
20260608_17_11,True,True,False,True,auxiliary_pretraining_candidate,remains_non_strict_U2,
20260608_18_07,True,True,False,True,auxiliary_pretraining_candidate,remains_non_strict_U2,
20260608_21_03,True,True,False,True,auxiliary_pretraining_candidate,remains_non_strict_U2,
20260608_21_04,True,True,False,True,auxiliary_pretraining_candidate,remains_non_strict_U2,
20260608_21_05,True,True,False,True,auxiliary_pretraining_candidate,remains_non_strict_U2,
20260608_21_12,True,True,False,True,auxiliary_pretraining_candidate,remains_non_strict_U2,
20260608_24_04,True,True,False,True,auxiliary_pretraining_candidate,remains_non_strict_U2,
20260609_05_04,True,True,False,True,auxiliary_pretraining_candidate,remains_non_strict_U2,
20260609_06_09,True,True,False,True,auxiliary_pretraining_candidate,remains_non_strict_U2,
20260609_06_12,True,True,False,True,auxiliary_pretraining_candidate,remains_non_strict_U2,
20260609_18_03,True,True,False,True,auxiliary_pretraining_candidate,remains_non_strict_U2,
20260609_18_04,True,True,False,True,auxiliary_pretraining_candidate,remains_non_strict_U2,
20260609_23_09,True,True,False,True,auxiliary_pretraining_candidate,remains_non_strict_U2,
20260609_24_03,True,True,False,True,auxiliary_pretraining_candidate,remains_non_strict_U2,
20260609_24_04,True,True,False,True,auxiliary_pretraining_candidate,remains_non_strict_U2,
20260610_01_02,True,True,False,True,auxiliary_pretraining_candidate,remains_non_strict_U2,
20260610_05_09,True,True,False,True,auxiliary_pretraining_candidate,remains_non_strict_U2,
20260610_05_11,True,True,False,True,auxiliary_pretraining_candidate,remains_non_strict_U2,
20260610_06_09,True,True,False,True,auxiliary_pretraining_candidate,remains_non_strict_U2,
20260610_07_04,True,True,False,True,auxiliary_pretraining_candidate,remains_non_strict_U2,
20260610_07_07,True,True,False,True,auxiliary_pretraining_candidate,remains_non_strict_U2,
20260610_14_02,True,True,False,True,auxiliary_pretraining_candidate,remains_non_strict_U2,
20260610_14_03,True,True,False,True,auxiliary_pretraining_candidate,remains_non_strict_U2,
20260610_14_06,True,True,False,True,auxiliary_pretraining_candidate,remains_non_strict_U2,
20260610_15_06,True,True,False,True,auxiliary_pretraining_candidate,remains_non_strict_U2,
20260611_03_10,True,True,False,True,auxiliary_pretraining_candidate,remains_non_strict_U2,
20260611_05_01,True,True,False,True,auxiliary_pretraining_candidate,remains_non_strict_U2,
20260611_05_03,True,True,False,True,auxiliary_pretraining_candidate,remains_non_strict_U2,
20260611_05_06,True,True,False,True,auxiliary_pretraining_candidate,remains_non_strict_U2,
20260611_09_10,True,True,False,True,auxiliary_pretraining_candidate,remains_non_strict_U2,
20260611_10_05,True,True,False,True,auxiliary_pretraining_candidate,remains_non_strict_U2,
20260611_11_08,True,True,False,True,auxiliary_pretraining_candidate,remains_non_strict_U2,
20260611_14_04,True,True,False,True,auxiliary_pretraining_candidate,remains_non_strict_U2,
20260611_15_04,True,True,False,True,auxiliary_pretraining_candidate,remains_non_strict_U2,
20260611_15_09,True,True,False,True,auxiliary_pretraining_candidate,remains_non_strict_U2,
20260611_23_03,True,True,False,True,auxiliary_pretraining_candidate,remains_non_strict_U2,
20260611_23_08,True,True,False,True,auxiliary_pretraining_candidate,remains_non_strict_U2,
20260612_07_02,True,True,False,True,auxiliary_pretraining_candidate,remains_non_strict_U2,
20260612_07_11,True,True,False,True,auxiliary_pretraining_candidate,remains_non_strict_U2,
20260612_09_02,True,True,False,True,auxiliary_pretraining_candidate,remains_non_strict_U2,
20260612_09_05,True,True,False,True,auxiliary_pretraining_candidate,remains_non_strict_U2,
20260612_11_08,True,True,False,True,auxiliary_pretraining_candidate,remains_non_strict_U2,
20260612_14_12,True,True,False,True,auxiliary_pretraining_candidate,remains_non_strict_U2,
20260612_20_08,True,True,False,True,auxiliary_pretraining_candidate,remains_non_strict_U2,
20260612_22_05,True,True,False,True,auxiliary_pretraining_candidate,remains_non_strict_U2,
20260612_23_01,True,True,False,True,auxiliary_pretraining_candidate,remains_non_strict_U2,
20260613_03_02,True,True,False,True,auxiliary_pretraining_candidate,remains_non_strict_U2,
20260613_03_08,True,True,False,True,auxiliary_pretraining_candidate,remains_non_strict_U2,
20260613_07_07,True,True,False,True,auxiliary_pretraining_candidate,remains_non_strict_U2,
20260613_16_03,True,True,False,True,auxiliary_pretraining_candidate,remains_non_strict_U2,
20260613_20_03,True,True,False,True,auxiliary_pretraining_candidate,remains_non_strict_U2,
20260613_22_02,True,True,False,True,auxiliary_pretraining_candidate,remains_non_strict_U2,
20260613_23_01,True,True,False,True,auxiliary_pretraining_candidate,remains_non_strict_U2,
20260614_01_01,True,True,False,True,auxiliary_pretraining_candidate,remains_non_strict_U2,
20260614_03_11,True,True,False,True,auxiliary_pretraining_candidate,remains_non_strict_U2,
20260614_06_01,True,True,False,True,auxiliary_pretraining_candidate,remains_non_strict_U2,
20260614_06_07,True,True,False,True,auxiliary_pretraining_candidate,remains_non_strict_U2,
20260614_08_11,True,True,False,True,auxiliary_pretraining_candidate,remains_non_strict_U2,
20260614_11_01,True,True,False,True,auxiliary_pretraining_candidate,remains_non_strict_U2,
20260614_11_02,True,True,False,True,auxiliary_pretraining_candidate,remains_non_strict_U2,
20260614_12_01,True,True,False,True,auxiliary_pretraining_candidate,remains_non_strict_U2,
20260614_12_10,True,True,False,True,auxiliary_pretraining_candidate,remains_non_strict_U2,
20260614_19_03,True,True,False,True,auxiliary_pretraining_candidate,remains_non_strict_U2,
20260615_03_11,True,True,False,True,auxiliary_pretraining_candidate,remains_non_strict_U2,
20260615_10_07,True,True,False,True,auxiliary_pretraining_candidate,remains_non_strict_U2,
20260615_12_05,True,True,False,True,auxiliary_pretraining_candidate,remains_non_strict_U2,
20260615_16_04,True,True,False,True,auxiliary_pretraining_candidate,remains_non_strict_U2,
20260615_22_02,True,True,False,True,auxiliary_pretraining_candidate,remains_non_strict_U2,
20260616_03_03,True,True,False,True,auxiliary_pretraining_candidate,remains_non_strict_U2,
20260616_08_12,True,True,False,True,auxiliary_pretraining_candidate,remains_non_strict_U2,
20260616_09_08,True,True,False,True,auxiliary_pretraining_candidate,remains_non_strict_U2,
20260616_09_12,True,True,False,True,auxiliary_pretraining_candidate,remains_non_strict_U2,
20260616_12_01,True,True,False,True,auxiliary_pretraining_candidate,remains_non_strict_U2,
20260616_18_05,True,True,False,True,auxiliary_pretraining_candidate,remains_non_strict_U2,
20260616_19_04,True,True,False,True,auxiliary_pretraining_candidate,remains_non_strict_U2,
20260616_21_01,True,True,False,True,auxiliary_pretraining_candidate,remains_non_strict_U2,
20260616_21_12,True,True,False,True,auxiliary_pretraining_candidate,remains_non_strict_U2,
20260616_22_01,True,True,False,True,auxiliary_pretraining_candidate,remains_non_strict_U2,
20260617_07_03,True,True,False,True,auxiliary_pretraining_candidate,remains_non_strict_U2,
20260617_13_09,True,True,False,True,auxiliary_pretraining_candidate,remains_non_strict_U2,
20260617_17_05,True,True,False,True,auxiliary_pretraining_candidate,remains_non_strict_U2,
20260617_18_11,True,True,False,True,auxiliary_pretraining_candidate,remains_non_strict_U2,
20260617_19_01,True,True,False,True,auxiliary_pretraining_candidate,remains_non_strict_U2,
20260617_24_12,True,True,False,True,auxiliary_pretraining_candidate,remains_non_strict_U2,
20260618_02_07,True,True,False,True,auxiliary_pretraining_candidate,remains_non_strict_U2,
20260618_05_04,True,True,False,True,auxiliary_pretraining_candidate,remains_non_strict_U2,
20260618_07_05,True,True,False,True,auxiliary_pretraining_candidate,remains_non_strict_U2,
20260618_17_04,True,True,False,True,auxiliary_pretraining_candidate,remains_non_strict_U2,
20260618_24_07,True,True,False,True,auxiliary_pretraining_candidate,remains_non_strict_U2,
20260619_04_02,True,True,False,True,auxiliary_pretraining_candidate,remains_non_strict_U2,
20260619_04_11,True,True,False,True,auxiliary_pretraining_candidate,remains_non_strict_U2,
20260619_07_12,True,True,False,True,auxiliary_pretraining_candidate,remains_non_strict_U2,
20260619_13_03,True,True,False,True,auxiliary_pretraining_candidate,remains_non_strict_U2,
20260619_13_10,True,True,False,True,auxiliary_pretraining_candidate,remains_non_strict_U2,
20260619_18_01,True,True,False,True,auxiliary_pretraining_candidate,remains_non_strict_U2,
20260619_20_06,True,True,False,True,auxiliary_pretraining_candidate,remains_non_strict_U2,
20260619_21_01,True,True,False,True,auxiliary_pretraining_candidate,remains_non_strict_U2,
20260619_24_10,True,True,False,True,auxiliary_pretraining_candidate,remains_non_strict_U2,
20260620_02_01,True,True,False,True,auxiliary_pretraining_candidate,remains_non_strict_U2,
20260620_02_04,True,True,False,True,auxiliary_pretraining_candidate,remains_non_strict_U2,
20260620_02_06,True,True,False,True,auxiliary_pretraining_candidate,remains_non_strict_U2,
20260620_04_03,True,True,False,True,auxiliary_pretraining_candidate,remains_non_strict_U2,
20260620_09_03,True,True,False,True,auxiliary_pretraining_candidate,remains_non_strict_U2,
20260620_11_12,True,True,False,True,auxiliary_pretraining_candidate,remains_non_strict_U2,
20260620_13_08,True,True,False,True,auxiliary_pretraining_candidate,remains_non_strict_U2,
20260620_15_12,True,True,False,True,auxiliary_pretraining_candidate,remains_non_strict_U2,
20260620_24_03,True,True,False,True,auxiliary_pretraining_candidate,remains_non_strict_U2,
20260621_04_09,True,True,False,True,auxiliary_pretraining_candidate,remains_non_strict_U2,
20260621_09_02,True,True,False,True,auxiliary_pretraining_candidate,remains_non_strict_U2,
20260621_10_07,True,True,False,True,auxiliary_pretraining_candidate,remains_non_strict_U2,
20260621_13_03,True,True,False,True,auxiliary_pretraining_candidate,remains_non_strict_U2,
20260621_15_04,True,True,False,True,auxiliary_pretraining_candidate,remains_non_strict_U2,
20260621_16_02,True,True,False,True,auxiliary_pretraining_candidate,remains_non_strict_U2,
20260622_02_06,True,True,False,True,auxiliary_pretraining_candidate,remains_non_strict_U2,
20260622_13_08,True,True,False,True,auxiliary_pretraining_candidate,remains_non_strict_U2,
20260622_13_09,True,True,False,True,auxiliary_pretraining_candidate,remains_non_strict_U2,
20260622_13_11,True,True,False,True,auxiliary_pretraining_candidate,remains_non_strict_U2,
20260622_16_04,True,True,False,True,auxiliary_pretraining_candidate,remains_non_strict_U2,
20260622_22_10,True,True,False,True,auxiliary_pretraining_candidate,remains_non_strict_U2,
20260622_24_10,True,True,False,True,auxiliary_pretraining_candidate,remains_non_strict_U2,
20260623_02_03,True,True,False,True,auxiliary_pretraining_candidate,remains_non_strict_U2,
20260623_06_08,True,True,False,True,auxiliary_pretraining_candidate,remains_non_strict_U2,
20260623_07_03,True,True,False,True,auxiliary_pretraining_candidate,remains_non_strict_U2,
20260623_07_10,True,True,False,True,auxiliary_pretraining_candidate,remains_non_strict_U2,
20260623_11_12,True,True,False,True,auxiliary_pretraining_candidate,remains_non_strict_U2,
20260623_15_04,True,True,False,True,auxiliary_pretraining_candidate,remains_non_strict_U2,
20260623_15_06,True,True,False,True,auxiliary_pretraining_candidate,remains_non_strict_U2,
20260623_15_08,True,True,False,True,auxiliary_pretraining_candidate,remains_non_strict_U2,
20260623_23_12,True,True,False,True,auxiliary_pretraining_candidate,remains_non_strict_U2,
20260624_03_02,True,True,False,True,auxiliary_pretraining_candidate,remains_non_strict_U2,
20260624_03_06,True,True,False,True,auxiliary_pretraining_candidate,remains_non_strict_U2,
20260624_06_10,True,True,False,True,auxiliary_pretraining_candidate,remains_non_strict_U2,
20260624_08_03,True,True,False,True,auxiliary_pretraining_candidate,remains_non_strict_U2,
20260624_10_04,True,True,False,True,auxiliary_pretraining_candidate,remains_non_strict_U2,
20260624_12_12,True,True,False,True,auxiliary_pretraining_candidate,remains_non_strict_U2,
20260624_14_04,True,True,False,True,auxiliary_pretraining_candidate,remains_non_strict_U2,
20260624_15_03,True,True,False,True,auxiliary_pretraining_candidate,remains_non_strict_U2,
20260624_16_06,True,True,False,True,auxiliary_pretraining_candidate,remains_non_strict_U2,
20260624_22_01,True,True,False,True,auxiliary_pretraining_candidate,remains_non_strict_U2,
20260625_03_09,True,True,False,True,auxiliary_pretraining_candidate,remains_non_strict_U2,
20260625_06_03,True,True,False,True,auxiliary_pretraining_candidate,remains_non_strict_U2,
20260625_07_12,True,True,False,True,auxiliary_pretraining_candidate,remains_non_strict_U2,
20260625_08_10,True,True,False,True,auxiliary_pretraining_candidate,remains_non_strict_U2,
20260625_09_10,True,True,False,True,auxiliary_pretraining_candidate,remains_non_strict_U2,
20260625_09_11,True,True,False,True,auxiliary_pretraining_candidate,remains_non_strict_U2,
20260625_12_01,True,True,False,True,auxiliary_pretraining_candidate,remains_non_strict_U2,
20260625_12_08,True,True,False,True,auxiliary_pretraining_candidate,remains_non_strict_U2,
20260625_14_07,True,True,False,True,auxiliary_pretraining_candidate,remains_non_strict_U2,
20260625_15_02,True,True,False,True,auxiliary_pretraining_candidate,remains_non_strict_U2,
20260625_22_01,True,True,False,True,auxiliary_pretraining_candidate,remains_non_strict_U2,
20260625_23_05,True,True,False,True,auxiliary_pretraining_candidate,remains_non_strict_U2,
20260626_03_02,True,True,False,True,auxiliary_pretraining_candidate,remains_non_strict_U2,
20260626_09_02,True,True,False,True,auxiliary_pretraining_candidate,remains_non_strict_U2,
20260626_14_02,True,True,False,True,auxiliary_pretraining_candidate,remains_non_strict_U2,
20260626_14_04,True,True,False,True,auxiliary_pretraining_candidate,remains_non_strict_U2,
20260626_14_09,True,True,False,True,auxiliary_pretraining_candidate,remains_non_strict_U2,
20260626_14_10,True,True,False,True,auxiliary_pretraining_candidate,remains_non_strict_U2,
20260626_18_02,True,True,False,True,auxiliary_pretraining_candidate,remains_non_strict_U2,
20260626_18_03,True,True,False,True,auxiliary_pretraining_candidate,remains_non_strict_U2,
20260626_21_05,True,True,False,True,auxiliary_pretraining_candidate,remains_non_strict_U2,
20260626_22_10,True,True,False,True,auxiliary_pretraining_candidate,remains_non_strict_U2,
20260626_22_11,True,True,False,True,auxiliary_pretraining_candidate,remains_non_strict_U2,
20260627_03_08,True,True,False,True,auxiliary_pretraining_candidate,remains_non_strict_U2,
20260627_03_11,True,True,False,True,auxiliary_pretraining_candidate,remains_non_strict_U2,
20260627_12_05,True,True,False,True,auxiliary_pretraining_candidate,remains_non_strict_U2,
20260627_13_01,True,True,False,True,auxiliary_pretraining_candidate,remains_non_strict_U2,
20260627_14_10,True,True,False,True,auxiliary_pretraining_candidate,remains_non_strict_U2,
20260627_17_04,True,True,False,True,auxiliary_pretraining_candidate,remains_non_strict_U2,
20260627_17_06,True,True,False,True,auxiliary_pretraining_candidate,remains_non_strict_U2,
20260627_18_02,True,True,False,True,auxiliary_pretraining_candidate,remains_non_strict_U2,
20260627_18_09,True,True,False,True,auxiliary_pretraining_candidate,remains_non_strict_U2,
20260627_21_01,True,True,False,True,auxiliary_pretraining_candidate,remains_non_strict_U2,
20260627_22_03,True,True,False,True,auxiliary_pretraining_candidate,remains_non_strict_U2,
20260627_22_07,True,True,False,True,auxiliary_pretraining_candidate,remains_non_strict_U2,
20260627_22_12,True,True,False,True,auxiliary_pretraining_candidate,remains_non_strict_U2,
20260627_24_07,True,True,False,True,auxiliary_pretraining_candidate,remains_non_strict_U2,
20260628_02_10,True,True,False,True,auxiliary_pretraining_candidate,remains_non_strict_U2,
20260628_03_02,True,True,False,True,auxiliary_pretraining_candidate,remains_non_strict_U2,
20260628_10_12,True,True,False,True,auxiliary_pretraining_candidate,remains_non_strict_U2,
20260628_12_09,True,True,False,True,auxiliary_pretraining_candidate,remains_non_strict_U2,
20260628_17_02,True,True,False,True,auxiliary_pretraining_candidate,remains_non_strict_U2,
20260629_01_01,True,True,False,True,auxiliary_pretraining_candidate,remains_non_strict_U2,
20260629_02_04,True,True,False,True,auxiliary_pretraining_candidate,remains_non_strict_U2,
20260629_10_09,True,True,False,True,auxiliary_pretraining_candidate,remains_non_strict_U2,
20260629_20_08,True,True,False,True,auxiliary_pretraining_candidate,remains_non_strict_U2,
20260630_06_10,True,True,False,True,auxiliary_pretraining_candidate,remains_non_strict_U2,
20260630_16_12,True,True,False,True,auxiliary_pretraining_candidate,remains_non_strict_U2,
20260630_23_03,True,True,False,True,auxiliary_pretraining_candidate,remains_non_strict_U2,
20260630_24_06,True,True,False,True,auxiliary_pretraining_candidate,remains_non_strict_U2,
20260630_24_10,True,True,False,True,auxiliary_pretraining_candidate,remains_non_strict_U2,
20260701_02_09,True,True,False,True,auxiliary_pretraining_candidate,remains_non_strict_U2,
20260701_06_10,True,True,False,True,auxiliary_pretraining_candidate,remains_non_strict_U2,
20260701_10_02,True,True,False,True,auxiliary_pretraining_candidate,remains_non_strict_U2,
20260701_10_12,True,True,False,True,auxiliary_pretraining_candidate,remains_non_strict_U2,
20260701_11_03,True,True,False,True,auxiliary_pretraining_candidate,remains_non_strict_U2,
20260701_11_04,True,True,False,True,auxiliary_pretraining_candidate,remains_non_strict_U2,
20260701_19_07,True,True,False,True,auxiliary_pretraining_candidate,remains_non_strict_U2,
20260701_22_02,True,True,False,True,auxiliary_pretraining_candidate,remains_non_strict_U2,
20260701_23_02,True,True,False,True,auxiliary_pretraining_candidate,remains_non_strict_U2,
20260701_23_10,True,True,False,True,auxiliary_pretraining_candidate,remains_non_strict_U2,
20260701_24_06,True,True,False,True,auxiliary_pretraining_candidate,remains_non_strict_U2,
20260702_06_03,True,True,False,True,auxiliary_pretraining_candidate,remains_non_strict_U2,
20260702_07_05,True,True,False,True,auxiliary_pretraining_candidate,remains_non_strict_U2,
20260702_11_07,True,True,False,True,auxiliary_pretraining_candidate,remains_non_strict_U2,
20260702_19_08,True,True,False,True,auxiliary_pretraining_candidate,remains_non_strict_U2,
20260702_19_11,True,True,False,True,auxiliary_pretraining_candidate,remains_non_strict_U2,
20260702_22_05,True,True,False,True,auxiliary_pretraining_candidate,remains_non_strict_U2,
20260702_23_06,True,True,False,True,auxiliary_pretraining_candidate,remains_non_strict_U2,
20260702_24_06,True,True,False,True,auxiliary_pretraining_candidate,remains_non_strict_U2,
20260703_09_07,True,True,False,True,auxiliary_pretraining_candidate,remains_non_strict_U2,
20260703_11_12,True,True,False,True,auxiliary_pretraining_candidate,remains_non_strict_U2,
20260703_16_10,True,True,False,True,auxiliary_pretraining_candidate,remains_non_strict_U2,
20260703_19_04,True,True,False,True,auxiliary_pretraining_candidate,remains_non_strict_U2,
20260703_21_02,True,True,False,True,auxiliary_pretraining_candidate,remains_non_strict_U2,
20260703_23_04,True,True,False,True,auxiliary_pretraining_candidate,remains_non_strict_U2,
20260703_23_09,True,True,False,True,auxiliary_pretraining_candidate,remains_non_strict_U2,
20260704_06_03,True,True,False,True,auxiliary_pretraining_candidate,remains_non_strict_U2,
20260704_06_12,True,True,False,True,auxiliary_pretraining_candidate,remains_non_strict_U2,
20260704_07_02,True,True,False,True,auxiliary_pretraining_candidate,remains_non_strict_U2,
20260704_07_09,True,True,False,True,auxiliary_pretraining_candidate,remains_non_strict_U2,
20260704_12_02,True,True,False,True,auxiliary_pretraining_candidate,remains_non_strict_U2,
20260704_13_03,True,True,False,True,auxiliary_pretraining_candidate,remains_non_strict_U2,
20260704_16_06,True,True,False,True,auxiliary_pretraining_candidate,remains_non_strict_U2,
20260704_16_11,True,True,False,True,auxiliary_pretraining_candidate,remains_non_strict_U2,
20260704_22_04,True,True,False,True,auxiliary_pretraining_candidate,remains_non_strict_U2,
20260704_23_01,True,True,False,True,auxiliary_pretraining_candidate,remains_non_strict_U2,
20260705_01_03,True,True,False,True,auxiliary_pretraining_candidate,remains_non_strict_U2,
20260705_01_05,True,True,False,True,auxiliary_pretraining_candidate,remains_non_strict_U2,
20260705_06_02,True,True,False,True,auxiliary_pretraining_candidate,remains_non_strict_U2,
20260705_06_10,True,True,False,True,auxiliary_pretraining_candidate,remains_non_strict_U2,
20260705_09_08,True,True,False,True,auxiliary_pretraining_candidate,remains_non_strict_U2,
20260705_09_10,True,True,False,True,auxiliary_pretraining_candidate,remains_non_strict_U2,
20260705_21_03,True,True,False,True,auxiliary_pretraining_candidate,remains_non_strict_U2,
20260705_22_04,True,True,False,True,auxiliary_pretraining_candidate,remains_non_strict_U2,
20260705_23_02,True,True,False,True,auxiliary_pretraining_candidate,remains_non_strict_U2,
20260705_24_12,True,True,False,True,auxiliary_pretraining_candidate,remains_non_strict_U2,
20260706_07_01,True,True,False,True,auxiliary_pretraining_candidate,remains_non_strict_U2,
20260706_07_05,True,True,False,True,auxiliary_pretraining_candidate,remains_non_strict_U2,
20260706_07_06,True,True,False,True,auxiliary_pretraining_candidate,remains_non_strict_U2,
20260706_12_12,True,True,False,True,auxiliary_pretraining_candidate,remains_non_strict_U2,
20260706_13_08,True,True,False,True,auxiliary_pretraining_candidate,remains_non_strict_U2,
20260706_21_01,True,True,False,True,auxiliary_pretraining_candidate,remains_non_strict_U2,
20260706_21_02,True,True,False,True,auxiliary_pretraining_candidate,remains_non_strict_U2,
20260706_21_10,True,True,False,True,auxiliary_pretraining_candidate,remains_non_strict_U2,
20260707_01_02,True,True,False,True,auxiliary_pretraining_candidate,remains_non_strict_U2,
20260707_02_03,True,True,False,True,auxiliary_pretraining_candidate,remains_non_strict_U2,
20260707_04_02,True,True,False,True,auxiliary_pretraining_candidate,remains_non_strict_U2,
20260707_05_04,True,True,False,True,auxiliary_pretraining_candidate,remains_non_strict_U2,
20260707_08_08,True,True,False,True,auxiliary_pretraining_candidate,remains_non_strict_U2,
20260707_11_09,True,True,False,True,auxiliary_pretraining_candidate,remains_non_strict_U2,
20260707_12_11,True,True,False,True,auxiliary_pretraining_candidate,remains_non_strict_U2,
20260708_01_02,True,True,False,True,auxiliary_pretraining_candidate,remains_non_strict_U2,
20260708_12_02,True,True,False,True,auxiliary_pretraining_candidate,remains_non_strict_U2,
20260708_20_01,True,True,False,True,auxiliary_pretraining_candidate,remains_non_strict_U2,
20260708_20_04,True,True,False,True,auxiliary_pretraining_candidate,remains_non_strict_U2,
20260709_02_12,True,True,False,True,auxiliary_pretraining_candidate,remains_non_strict_U2,
20260709_11_07,True,True,False,True,auxiliary_pretraining_candidate,remains_non_strict_U2,
20260710_02_02,True,True,False,True,auxiliary_pretraining_candidate,remains_non_strict_U2,
20260710_06_06,True,True,False,True,auxiliary_pretraining_candidate,remains_non_strict_U2,
20260710_08_01,True,True,False,True,auxiliary_pretraining_candidate,remains_non_strict_U2,
20260710_08_05,True,True,False,True,auxiliary_pretraining_candidate,remains_non_strict_U2,
20260710_08_10,True,True,False,True,auxiliary_pretraining_candidate,remains_non_strict_U2,
20260710_09_08,True,True,False,True,auxiliary_pretraining_candidate,remains_non_strict_U2,
20260710_15_03,True,True,False,True,auxiliary_pretraining_candidate,remains_non_strict_U2,
20260710_16_04,True,True,False,True,auxiliary_pretraining_candidate,remains_non_strict_U2,
20260710_23_01,True,True,False,True,auxiliary_pretraining_candidate,remains_non_strict_U2,
20260711_03_07,True,True,False,True,auxiliary_pretraining_candidate,remains_non_strict_U2,
20260711_06_09,True,True,False,True,auxiliary_pretraining_candidate,remains_non_strict_U2,
20260711_09_03,True,True,False,True,auxiliary_pretraining_candidate,remains_non_strict_U2,
20260711_14_03,True,True,False,True,auxiliary_pretraining_candidate,remains_non_strict_U2,
20260711_14_05,True,True,False,True,auxiliary_pretraining_candidate,remains_non_strict_U2,
20260711_15_03,True,True,False,True,auxiliary_pretraining_candidate,remains_non_strict_U2,
20260711_15_11,True,True,False,True,auxiliary_pretraining_candidate,remains_non_strict_U2,
20260711_16_03,True,True,False,True,auxiliary_pretraining_candidate,remains_non_strict_U2,
20260711_20_07,True,True,False,True,auxiliary_pretraining_candidate,remains_non_strict_U2,
20260711_23_04,True,True,False,True,auxiliary_pretraining_candidate,remains_non_strict_U2,
20260711_23_05,True,True,False,True,auxiliary_pretraining_candidate,remains_non_strict_U2,
20260712_05_11,True,True,False,True,auxiliary_pretraining_candidate,remains_non_strict_U2,
20260712_08_02,True,True,False,True,auxiliary_pretraining_candidate,remains_non_strict_U2,
20260712_09_02,True,True,False,True,auxiliary_pretraining_candidate,remains_non_strict_U2,
20260712_16_09,True,True,False,True,auxiliary_pretraining_candidate,remains_non_strict_U2,
20260712_16_12,True,True,False,True,auxiliary_pretraining_candidate,remains_non_strict_U2,
20260713_04_03,True,True,False,True,auxiliary_pretraining_candidate,remains_non_strict_U2,
20260713_05_10,True,True,False,True,auxiliary_pretraining_candidate,remains_non_strict_U2,
20260713_07_02,True,True,False,True,auxiliary_pretraining_candidate,remains_non_strict_U2,
20260713_09_09,True,True,False,True,auxiliary_pretraining_candidate,remains_non_strict_U2,
20260713_09_11,True,True,False,True,auxiliary_pretraining_candidate,remains_non_strict_U2,
20260713_13_10,True,True,False,True,auxiliary_pretraining_candidate,remains_non_strict_U2,
20260713_22_01,True,True,False,True,auxiliary_pretraining_candidate,remains_non_strict_U2,
20260714_01_02,True,True,False,True,auxiliary_pretraining_candidate,remains_non_strict_U2,
20260714_03_10,True,True,False,True,auxiliary_pretraining_candidate,remains_non_strict_U2,
20260714_05_12,True,True,False,True,auxiliary_pretraining_candidate,remains_non_strict_U2,
20260714_13_12,True,True,False,True,auxiliary_pretraining_candidate,remains_non_strict_U2,
20260714_15_09,True,True,False,True,auxiliary_pretraining_candidate,remains_non_strict_U2,
20260714_21_08,True,True,False,True,auxiliary_pretraining_candidate,remains_non_strict_U2,
20260714_22_03,True,True,False,True,auxiliary_pretraining_candidate,remains_non_strict_U2,
20260714_22_05,True,True,False,True,auxiliary_pretraining_candidate,remains_non_strict_U2,
20260714_23_08,True,True,False,True,auxiliary_pretraining_candidate,remains_non_strict_U2,
20260715_03_01,True,True,False,True,auxiliary_pretraining_candidate,remains_non_strict_U2,
20260715_05_05,True,True,False,True,auxiliary_pretraining_candidate,remains_non_strict_U2,
20260715_06_04,True,True,False,True,auxiliary_pretraining_candidate,remains_non_strict_U2,
20260715_12_04,True,True,False,True,auxiliary_pretraining_candidate,remains_non_strict_U2,
20260715_12_11,True,True,False,True,auxiliary_pretraining_candidate,remains_non_strict_U2,
20260715_13_10,True,True,False,True,auxiliary_pretraining_candidate,remains_non_strict_U2,
20260715_17_03,True,True,False,True,auxiliary_pretraining_candidate,remains_non_strict_U2,
20260715_18_02,True,True,False,True,auxiliary_pretraining_candidate,remains_non_strict_U2,
20260716_01_01,True,True,False,True,auxiliary_pretraining_candidate,remains_non_strict_U2,
20260716_03_12,True,True,False,True,auxiliary_pretraining_candidate,remains_non_strict_U2,
20260716_07_12,True,True,False,True,auxiliary_pretraining_candidate,remains_non_strict_U2,
20260716_11_07,True,True,False,True,auxiliary_pretraining_candidate,remains_non_strict_U2,
20260716_18_02,True,True,False,True,auxiliary_pretraining_candidate,remains_non_strict_U2,
20260716_24_10,True,True,False,True,auxiliary_pretraining_candidate,remains_non_strict_U2,
20260717_11_11,True,True,False,True,auxiliary_pretraining_candidate,remains_non_strict_U2,
20260717_13_04,True,True,False,True,auxiliary_pretraining_candidate,remains_non_strict_U2,
20260717_18_11,True,True,False,True,auxiliary_pretraining_candidate,remains_non_strict_U2,
20260718_01_09,True,True,False,True,auxiliary_pretraining_candidate,remains_non_strict_U2,
20260718_02_11,True,True,False,True,auxiliary_pretraining_candidate,remains_non_strict_U2,
20260718_09_09,True,True,False,True,auxiliary_pretraining_candidate,remains_non_strict_U2,
20260718_11_12,True,True,False,True,auxiliary_pretraining_candidate,remains_non_strict_U2,
20260718_13_02,True,True,False,True,auxiliary_pretraining_candidate,remains_non_strict_U2,
20260718_16_02,True,True,False,True,auxiliary_pretraining_candidate,remains_non_strict_U2,
20260718_17_11,True,True,False,True,auxiliary_pretraining_candidate,remains_non_strict_U2,
20260718_18_04,True,True,False,True,auxiliary_pretraining_candidate,remains_non_strict_U2,
